860.5268735,2252.115971,32.54966099
869.6644342,2269.763151,33.26694686
869.6812916,2269.883858,33.32177729
869.1314095,2269.66562,33.32177729
870.0776135,2269.721455,33.32177729
870.053953,2269.883858,33.32177729
870.1262807,2267.883858,33.32177729
869.5240982,2268.883858,33.32177729
869.9936004,2266.883858,33.32177729
870.1262807,2267.883858,33.32177729
870.1262807,2266.5096,33.32177729
869.7712128,2269.883858,33.32177729
870.1262807,2269.763151,33.32177729
870.0946444,2269.883858,33.32177729
869.9391961,2268.82755,33.32177729
870.1069474,2269.883858,33.32177729
870.1262807,2269.883858,33.32177729
870.1262807,2268.883858,33.32177729
869.9701623,2269.883858,33.32177729
870.1120393,2264.883858,33.32177729
869.9170337,2268.883858,33.32177729
869.597308,2269.883858,33.32177729
870.0900463,2269.883858,33.32177729
869.9761467,2268.738608,33.32177729
870.0319126,2269.883858,33.32177729
870.1262807,2268.883858,33.32177729
870.1262807,2269.883858,33.32177729
870.1262807,2268.883858,33.32177729
870.0300905,2266.883858,33.32177729
870.1219877,2262.883858,33.32177729
870.1079548,2266.883858,33.32177729
869.8952248,2268.883858,33.32177729
870.1262807,2269.735865,33.32177729
870.0115537,2269.687331,33.32177729
870.1262807,2269.838197,33.32177729
870.1262807,2269.883858,33.32177729
870.1262807,2269.883858,33.32177729
870.1262807,2269.883858,33.16892502
870.1262807,2268.883858,33.32177729
870.1262807,2268.883858,33.32177729
868.9718552,2267.763151,33.32177729
869.979746,2268.700355,33.32177729
869.8537379,2269.821062,33.32177729
870.1262807,2268.883858,33.32177729
869.9709899,2268.787744,33.32177729
870.1262807,2268.883858,33.32177729
870.0852991,2268.584504,33.32177729
870.1262807,2268.883858,33.32177729
870.1262807,2267.883858,33.32177729
870.1036791,2264.734553,33.32177729
869.5563129,2263.946707,33.32177729
869.4325366,2266.883858,33.32177729
870.1118897,2269.883858,33.32177729
870.1262807,2269.883858,33.32177729
870.1262807,2269.883858,33.32177729
870.0864891,2269.735865,33.32177729
870.1262807,2269.883858,33.32177729
870.1262807,2269.883858,33.32177729
870.1262807,2269.883858,33.32177729
870.1262807,2269.883858,33.32177729
870.1262807,2269.883858,33.32177729
870.0842181,2266.883858,33.27187558
870.1262807,2269.883858,33.32177729
870.1262807,2269.85313,33.32177729
870.1262807,2269.883858,33.32177729
870.0381451,2269.883858,33.32177729
870.1262807,2269.883858,33.32177729
870.1262807,2269.883858,33.32177729
870.1262807,2269.883858,33.32177729
870.1262807,2268.883858,33.32177729
870.1262807,2268.883858,33.32177729
870.1262807,2269.883858,33.32177729
870.1262807,2268.883858,33.32177729
869.9212354,2269.883858,33.32177729
869.777369,2269.883858,33.32177729
870.1262807,2269.883858,33.32177729
870.1262807,2269.883858,33.32177729
870.1262807,2268.883858,33.32177729
870.1262807,2269.883858,33.32177729
870.1262807,2269.883858,33.32177729
870.1262807,2266.883858,33.32177729
869.1262807,2267.883858,33.32177729
870.1189419,2265.883858,33.32177729
870.1262807,2266.50929,33.32177729
870.1131165,2269.883858,33.32177729
870.0278124,2267.883858,33.32177729
870.0372091,2269.883858,33.32177729
870.0974853,2269.883858,33.32177729
870.1262807,2264.883858,33.32177729
870.1169838,2252.883858,33.10625414
870.0612949,2264.883858,33.32177729
870.1262807,2247.034467,33.32177729
870.0737438,2256.266619,33.32177729
868.6801082,2225.180836,33.31535533
870.1262807,2268.883858,33.32177729
870.1262807,2268.883858,33.32177729
870.1262807,2267.883858,33.32177729
870.0166058,2267.167874,33.32177729
870.1262807,2264.737772,33.32177729
869.9383933,2259.885579,33.32177729
870.1262807,2245.883858,33.10625414
870.1262807,2228.883858,33.32177729
870.1262807,2182.845524,33.32177729
870.0279008,2192.151393,33.10625414
868.695351,2175.538945,33.10625414
870.1121656,2264.883858,33.32177729
869.4463325,2238.560115,33.32177729
870.0962923,2250.883858,33.32177729
869.9775865,2206.1545,33.32177729
870.1262807,2188.624371,33.10625414
866.336206,2092.555192,32.32177729
869.6965016,2124.535659,32.66174684
865.807574,1988.22195,32.79493961
866.9070656,2022.545095,33.27969108
867.8816786,2259.827361,33.17298104
870.1262807,2269.883858,33.32177729
870.1262807,2269.825726,33.32177729
870.1262807,2269.883858,33.32177729
870.1016855,2269.883858,33.32177729
870.1262807,2269.883858,33.32177729
870.1262807,2269.883858,33.32177729
870.1262807,2268.883858,33.32177729
870.1262807,2268.883858,33.32177729
870.1197062,2264.552069,33.32177729
870.1262807,2267.814935,33.32177729
870.1262807,2269.883858,33.32177729
870.1262807,2269.883858,33.32177729
870.0952867,2269.883858,33.32177729
870.1262807,2269.883858,33.32177729
870.1122355,2269.883858,33.32177729
870.1262807,2269.883858,33.32177729
870.1262807,2267.242592,33.32177729
870.1262807,2269.883858,33.32177729
870.1262807,2269.883858,33.32177729
870.1262807,2269.864047,33.32177729
870.1262807,2269.883858,33.32177729
870.1262807,2269.883858,33.32177729
870.1262807,2269.883858,33.32177729
870.1262807,2269.883858,33.32177729
870.0524325,2269.843129,33.32177729
870.1262807,2269.883858,33.32177729
870.1262807,2269.883858,33.32177729
870.1262807,2269.883858,33.32177729
870.1262807,2269.883858,33.32177729
870.1003316,2269.883858,33.32177729
870.0985269,2269.883858,33.32177729
870.1030584,2269.883858,33.32177729
870.1262807,2269.883858,33.32177729
870.1262807,2269.883858,33.32177729
870.1102337,2269.883858,33.32177729
870.1262807,2269.883858,33.32177729
870.1198226,2269.84815,33.32177729
870.0776936,2269.883858,33.32177729
870.0776936,2269.883858,33.32177729
869.4763189,2269.883858,33.32177729
870.1084496,2269.883858,33.32177729
870.0493479,2269.883858,33.32177729
870.0591674,2269.883858,33.32177729
870.0909847,2269.777479,33.32177729
869.9914208,2269.883858,33.32177729
870.1262807,2269.883858,33.32177729
870.1262807,2269.242592,33.32177729
870.1262807,2269.850464,33.32177729
870.0770731,2269.421284,33.32177729
869.930055,2269.883858,33.32177729
869.610193,2268.777398,33.32177729
870.0248325,2265.587909,33.31511671
869.5517979,2269.801934,33.32177729
870.1262807,2269.883858,33.32177729
870.0090529,2269.883858,33.32177729
870.1262807,2269.883858,33.32177729
870.1262807,2269.883858,33.32177729
870.1262807,2267.883858,33.32177729
870.1262807,2266.815003,33.32177729
870.1262807,2268.883858,33.32177729
869.3080905,2267.883858,33.32177729
870.0066393,2264.883858,33.32177729
870.0020041,2269.883256,33.32177729
870.1262807,2269.883858,33.32177729
870.1262807,2269.831808,33.32177729
870.1262807,2269.883858,33.32177729
870.1262807,2269.883858,33.32177729
870.1262807,2269.883858,33.32177729
870.1262807,2269.883858,33.32177729
870.1262807,2269.883858,33.32177729
870.1262807,2269.883858,33.32177729
870.1262807,2269.883858,33.32177729
870.0604049,2269.883858,33.32177729
870.1262807,2269.883858,33.32177729
870.1262807,2269.883858,33.32177729
870.072469,2269.883858,33.32177729
870.1262807,2269.883858,33.32177729
870.1262807,2269.883858,33.32177729
870.1262807,2269.883858,33.32177729
870.1262807,2269.883858,33.32177729
870.1262807,2269.883858,33.32177729
870.1188767,2268.302894,33.32177729
870.1262807,2263.883858,33.32177729
870.1262807,2267.883858,33.32177729
869.9663891,2268.499939,33.32177729
870.1262807,2269.787494,33.32177729
870.0782795,2267.883858,33.32177729
870.1262807,2262.883858,33.32177729
870.1262807,2238.07882,33.32177729
870.1262807,2224.883858,33.32177729
868.5240982,2191.242592,33.32177729
867.823807,2187.883858,33.32177729
869.4138703,2158.132367,33.32177729
870.094365,2195.627827,33.24426144
867.6347846,2194.889542,32.80346031
870.0493492,2252.99161,33.32177729
870.1031945,2247.99161,33.32177729
870.1262807,2254.883858,33.32177729
870.1262807,2221.678544,33.32177729
869.8455099,2228.883858,33.32177729
868.923355,2213.057973,33.32177729
867.9263243,2211.883858,33.32177729
869.6489191,2198.040851,33.32177729
868.8584371,2220.880816,33.32177729
869.749222,2257.883858,32.59244545
870.1054398,2267.883858,33.32177729
870.0874794,2269.883858,33.32177729
870.0795989,2264.77359,33.32177729
869.8315534,2266.883858,33.32177729
868.5117246,2252.883858,33.32177729
870.1262807,2252.883858,33.32177729
869.0977526,2235.869694,33.32177729
869.8711838,2246.883858,33.32177729
867.8781426,2232.187437,33.32177729
869.8972303,2259.883858,33.32177729
869.7053334,2265.727433,33.32177729
870.1113536,2268.883858,33.32177729
869.9955747,2266.883858,33.32177729
870.1262807,2266.883858,33.32177729
1775.039286,2645.356019,63.65895089
1775.039286,2649.515217,63.65895089
1775.039286,2643.123752,63.64106513
1775.039286,2646.974948,63.65895089
1774.962083,2646.99555,63.65895089
1774.505481,2649.515217,63.63097895
1775.039286,2649.515217,63.65895089
1774.994898,2649.515217,63.65895089
1775.024663,2649.515217,63.65895089
1775.039286,2649.515217,63.65895089
1774.763859,2649.515217,63.65895089
1774.951393,2649.515217,63.65895089
1775.039286,2648.46923,63.65895089
1775.039286,2648.387042,63.65895089
1775.039286,2649.515217,63.65895089
1774.919486,2646.997364,63.64747661
1775.039286,2649.515217,63.65895089
1775.039286,2649.30091,63.65895089
1775.039286,2648.834545,63.64836917
1773.603742,2649.515217,63.65895089
1775.039286,2649.515217,63.65895089
1774.883168,2649.515217,63.61686468
1775.039286,2649.515217,63.65895089
1775.039286,2648.390323,63.65895089
1775.039286,2648.390323,63.65895089
1775.039286,2644.950134,63.61686468
1775.039286,2649.515217,63.65895089
1774.951223,2649.287669,63.65895089
1775.039286,2649.515217,63.65895089
1775.039286,2648.374755,63.65895089
1775.039286,2649.515217,63.65895089
1775.039286,2647.401416,63.65895089
1775.039286,2649.515217,63.65895089
1775.039286,2649.515217,63.65895089
1775.039286,2646.358087,63.65895089
1774.913768,2648.48342,63.65895089
1775.039286,2648.361977,63.65895089
1775.028129,2649.515217,63.65895089
1775.000878,2649.515217,63.65895089
1775.039286,2649.515217,63.65895089
1775.039286,2649.515217,63.65895089
1775.039286,2648.40948,63.65895089
1775.039286,2647.378875,63.65895089
1774.9714,2649.515217,63.65895089
1775.039286,2646.338784,63.65895089
1775.039286,2646.204329,63.65895089
1774.995306,2643.522891,63.65895089
1775.037454,2648.296889,63.65895089
1774.823935,2649.515217,63.65047236
1775.039286,2649.515217,63.65895089
1775.039286,2649.484237,63.65895089
1775.039286,2649.515217,63.65895089
1775.039286,2649.515217,63.65895089
1775.039286,2649.515217,63.65895089
1774.996584,2648.45288,63.65895089
1775.039286,2649.515217,63.65895089
1775.039286,2643.171645,63.65895089
1775.039286,2645.31433,63.65895089
1774.988609,2648.479589,63.65895089
1774.636549,2649.515217,63.65895089
1775.039286,2649.515217,63.65895089
1774.947663,2649.515217,63.65895089
1775.009347,2649.515217,63.65895089
1775.039286,2647.445604,63.65895089
1775.039286,2647.465955,63.65895089
1773.710427,2642.352794,63.65895089
1774.755682,2645.212392,63.65895089
1774.852382,2643.137423,63.65895089
1774.969094,2649.515217,63.65895089
1775.018469,2649.515217,63.65895089
1775.039286,2649.515217,63.65895089
1775.039286,2649.515217,63.65895089
1775.039286,2648.446634,63.65895089
1774.88036,2644.949932,63.65895089
1774.986959,2649.515217,63.65895089
1775.039286,2643.983309,63.61599944
1775.039286,2646.310427,63.65895089
1774.861084,2640.502251,63.65895089
1775.039286,2649.088685,63.65895089
1774.982102,2649.39802,63.65895089
1774.426513,2649.515217,63.65895089
1775.034016,2649.515217,63.65895089
1775.031926,2649.515217,63.65895089
1774.888516,2641.503469,63.65895089
1774.779791,2640.046261,63.65895089
1775.039286,2636.271971,63.65895089
1774.994567,2637.356068,63.65895089
1774.711187,2627.441534,63.65895089
1774.703494,2643.109775,63.65467393
1774.927927,2649.409823,63.58014256
1775.039286,2649.515217,63.65895089
1775.039286,2649.162251,63.65895089
1774.464562,2649.484611,63.65895089
1775.039286,2645.30598,63.65895089
1775.039286,2649.515217,63.65895089
1775.039286,2648.376016,63.65895089
1775.039286,2646.293495,63.65895089
1775.039286,2649.515217,63.65895089
1774.906112,2645.166377,63.65895089
1774.99582,2649.515217,63.65895089
1774.819705,2649.515217,63.65895089
1775.039286,2649.515217,63.65895089
1775.039286,2649.515217,63.65895089
1775.039286,2649.515217,63.65895089
1775.039286,2648.422896,63.65895089
1775.039286,2647.35767,63.65895089
1775.039286,2649.515217,63.65895089
1775.039286,2648.465962,63.65895089
1775.039286,2646.33091,63.65895089
1775.039286,2647.358358,63.65895089
1774.97237,2649.515217,63.65895089
1775.039286,2649.515217,63.65895089
1775.039286,2649.515217,63.65895089
1775.039286,2649.515217,63.65895089
1775.039286,2649.515217,63.65895089
1775.039286,2649.515217,63.65895089
1775.039286,2649.515217,63.65895089
1775.039286,2649.515217,63.65895089
1775.039286,2649.515217,63.61599944
1775.039286,2648.429607,63.65895089
1774.825243,2649.515217,63.65895089
1774.533906,2649.515217,63.65895089
1775.002191,2649.515217,63.65895089
1775.039286,2649.515217,63.65895089
1775.039286,2649.515217,63.65895089
1775.039286,2649.515217,63.65895089
1775.039286,2648.453733,63.65895089
1775.039286,2646.380039,63.65895089
1775.039286,2642.043724,63.61610737
1775.039286,2647.282058,63.65895089
1774.960884,2649.088685,63.65895089
1775.039286,2649.515217,63.65895089
1775.039286,2649.515217,63.65895089
1774.98829,2649.515217,63.65895089
1775.039286,2649.515217,63.65895089
1775.039286,2649.515217,63.65895089
1775.039286,2649.515217,63.65895089
1775.039286,2649.515217,63.65895089
1775.039286,2649.515217,63.65895089
1775.009032,2647.29328,63.65895089
1774.978533,2649.515217,63.65895089
1774.927247,2649.515217,63.65895089
1775.039286,2649.515217,63.65895089
1773.253064,2649.515217,63.65895089
1774.939077,2649.515217,63.65895089
1775.039286,2649.515217,63.65895089
1775.039286,2649.515217,63.65895089
1775.039286,2648.465962,63.65895089
1775.039286,2648.376016,63.65895089
1775.039286,2649.515217,63.65895089
1775.039286,2647.314645,63.65466375
1775.030816,2648.035348,63.65895089
1775.039286,2649.515217,63.65895089
1774.972482,2649.32624,63.65895089
1775.039286,2649.515217,63.65895089
1775.039286,2649.515217,63.65895089
1775.039286,2649.515217,63.65895089
1775.039286,2649.515217,63.65895089
1775.039286,2649.515217,63.65895089
1775.039286,2649.515217,63.65895089
1775.039286,2649.515217,63.65895089
1775.035117,2648.7278,63.65895089
1775.039286,2649.515217,63.65895089
1774.900385,2649.515217,63.65895089
1775.039286,2649.515217,63.65895089
1775.039286,2649.515217,63.61566227
1775.039286,2649.484611,63.65895089
1775.039286,2649.515217,63.65895089
1774.678509,2648.932662,63.65895089
1775.039286,2649.515217,63.65895089
1775.039286,2649.515217,63.65895089
1775.039286,2649.474586,63.65895089
1775.007332,2649.515217,63.65895089
1774.971946,2649.515217,63.65895089
1774.670571,2649.515217,63.65895089
1775.039286,2649.515217,63.65895089
1775.039286,2649.515217,63.65895089
1775.039286,2649.515217,63.65895089
1775.039286,2648.402609,63.65895089
1775.039286,2648.448974,63.65895089
1775.039286,2649.515217,63.65895089
1775.039286,2649.515217,63.65895089
1774.950865,2647.410334,63.65895089
1775.020148,2649.410622,63.65895089
1775.039286,2648.452207,63.65895089
1775.039286,2649.515217,63.65895089
1774.383177,2649.515217,63.65895089
1774.95871,2649.515217,63.65895089
1775.001634,2649.515217,63.65895089
1775.039286,2647.371474,63.65895089
1775.039286,2645.212433,63.65895089
1775.039286,2644.154252,63.65895089
1774.763161,2638.94668,63.65300675
1775.00083,2648.420392,63.60770851
1774.987328,2645.972208,63.65895089
1774.663528,2648.481613,63.65895089
1775.006229,2648.490651,63.65895089
1775.039286,2644.251279,63.65895089
1774.947243,2646.434076,63.65895089
1775.039286,2646.306843,63.65895089
1775.039286,2633.661848,63.65895089
1775.039286,2643.162323,63.65895089
1775.039286,2635.633841,63.65895089
1774.934795,2639.892476,63.65895089
1774.989472,2636.197873,63.65895089
1774.927491,2648.464206,63.65895089
1775.039286,2648.426595,63.65895089
1774.953871,2644.292681,63.65895089
1775.039286,2643.10721,63.65895089
1775.039286,2645.235941,63.65895089
1775.039286,2641.067078,63.65895089
1775.039286,2643.147302,63.65895089
1775.039286,2637.792325,63.65895089
1774.422996,2642.150842,63.65895089
1774.92476,2646.934097,63.65895089
1775.039286,2649.515217,63.65895089
1775.039286,2649.515217,63.65895089
1774.858768,2649.445205,63.65895089
1775.039286,2647.334276,63.65895089
1774.830519,2648.305036,63.65895089
1775.039286,2646.31105,63.65895089
1775.039286,2640.928766,63.65895089
1774.791833,2646.227169,63.65895089
1775.039286,2635.293614,63.65895089
1774.983607,2648.402626,63.65895089
1774.983015,2648.484554,63.65509754
1775.039286,2649.515217,63.65895089
1774.982235,2648.490682,63.65895089
1775.039286,2649.515217,63.65895089
1775.039286,2648.497889,63.65895089
1775.039286,2649.515217,63.65895089
1775.039286,2649.515217,63.65895089
1775.039286,2649.515217,63.65895089
1775.021921,2648.478449,63.65895089
1775.039286,2649.370493,63.65895089
1775.039286,2649.211938,63.65895089
1775.039286,2649.445205,63.65895089
1774.84151,2649.445205,63.65895089
1775.039286,2649.515217,63.65895089
1775.039286,2649.515217,63.65895089
1775.039286,2647.640343,63.65895089
1775.039286,2649.515217,63.65895089
1775.039286,2649.515217,63.65895089
1775.039286,2647.344062,63.65895089
1775.037536,2648.448626,63.65895089
1775.039286,2644.998324,63.65895089
1775.039286,2649.515217,63.65895089
1774.895865,2649.515217,63.65895089
1775.039286,2649.515217,63.65895089
1775.039286,2649.515217,63.65895089
1775.039286,2646.28346,63.65895089
1775.039286,2649.515217,63.65895089
1775.039286,2649.515217,63.65895089
1775.039286,2648.435326,63.65895089
1775.039286,2647.257039,63.65895089
1774.732841,2649.515217,63.65895089
1775.039286,2649.515217,63.65895089
1775.039286,2649.515217,63.65137808
1774.962701,2649.515217,63.65895089
1774.956315,2649.515217,63.65895089
1775.039286,2649.515217,63.62821649
1775.039286,2648.438809,63.65895089
1775.039286,2649.515217,63.65895089
1775.039286,2649.515217,63.65895089
1774.633397,2645.27318,63.65895089
1774.901241,2649.515217,63.65895089
1774.633397,2649.515217,63.65116172
1775.039286,2649.412291,63.65895089
1775.039286,2649.515217,63.65895089
1775.039286,2649.515217,63.65895089
1775.039286,2649.515217,63.65895089
1775.039286,2649.515217,63.65895089
1775.039286,2649.515217,63.65895089
1775.039286,2649.515217,63.65895089
1775.039286,2649.515217,63.65895089
1775.039286,2649.515217,63.65895089
1775.017377,2649.515217,63.65137055
1775.039286,2649.515217,63.65895089
1774.684127,2649.515217,63.65895089
1774.987398,2649.515217,63.65895089
1775.039286,2649.515217,63.65895089
1775.039286,2649.515217,63.65895089
1775.039286,2649.515217,63.65895089
1775.039286,2649.303009,63.65895089
1775.039286,2649.515217,63.65895089
1775.039286,2648.490834,63.65895089
1775.039286,2647.438618,63.65895089
1775.039286,2649.515217,63.65895089
1775.039286,2648.899226,63.65895089
1775.039286,2649.515217,63.65895089
1775.039286,2649.515217,63.65895089
1775.039286,2649.515217,63.65895089
1775.039286,2649.515217,63.65895089
1775.039286,2648.417351,63.65895089
1775.039286,2647.41608,63.65895089
1775.039286,2647.315737,63.65895089
1775.039286,2645.13948,63.65895089
1774.898569,2649.40898,63.6580465
1775.039286,2649.292343,63.65895089
1775.039286,2649.515217,63.65895089
1775.039286,2649.515217,63.65895089
1775.039286,2649.515217,63.65895089
1775.000235,2648.026315,63.65895089
1775.039286,2648.413527,63.65895089
1775.039286,2648.459244,63.65895089
1775.039286,2648.473667,63.65895089
1775.039286,2645.14552,63.65895089
1775.039286,2646.338318,63.65895089
1774.851548,2649.515217,63.65895089
1775.039286,2648.475717,63.65895089
1774.751433,2649.515217,63.65895089
1775.039286,2649.515217,63.65895089
1775.039286,2645.190167,63.65895089
1775.039286,2648.45615,63.65895089
1775.039286,2645.336049,63.65895089
1775.039286,2649.515217,63.65895089
1775.039286,2647.386105,63.65895089
1775.039286,2647.318095,63.65895089
1775.038434,2649.34352,63.64161596
1775.039286,2649.515217,63.65895089
1774.963629,2649.390861,63.65895089
1774.97592,2649.515217,63.65895089
1774.864373,2648.468688,63.65895089
1775.039286,2649.515217,63.65895089
1775.039286,2649.515217,63.65895089
1775.039286,2649.515217,63.65895089
1775.039286,2649.515217,63.65895089
1775.039286,2649.515217,63.65895089
1774.905895,2647.370449,63.65895089
1775.039286,2649.515217,63.65895089
1774.82466,2649.515217,63.64916464
1775.039286,2649.515217,63.65895089
1775.039286,2649.515217,63.65895089
1775.039286,2649.515217,63.65895089
1775.039286,2648.459569,63.65895089
1775.039286,2649.515217,63.65895089
1775.039286,2649.515217,63.65895089
1774.982229,2647.340325,63.65895089
1774.805856,2648.43749,63.64161596
1774.976579,2649.515217,63.65895089
1775.031801,2649.291526,63.65895089
1775.039286,2649.515217,63.65895089
1773.728368,2649.515217,63.65895089
1774.946869,2649.515217,63.65895089
1775.039286,2648.375211,63.65895089
1775.039286,2649.515217,63.65895089
1775.039286,2648.435905,63.65895089
1775.039286,2648.376328,63.65895089
1775.039286,2647.411472,63.64591999
1775.002869,2648.470853,63.65895089
1774.565537,2649.515217,63.65895089
1775.039286,2649.515217,63.65895089
1774.81307,2649.515217,63.65895089
1775.039286,2649.515217,63.65895089
1775.039286,2649.515217,63.65895089
1775.039286,2649.515217,63.65895089
1775.039286,2648.495244,63.65895089
1775.018389,2649.515217,63.65895089
1775.033336,2647.274541,63.65895089
1775.021894,2649.515217,63.65895089
1775.039286,2649.515217,63.65895089
1774.96621,2649.515217,63.65895089
1774.969541,2649.515217,63.65895089
1774.935252,2649.515217,63.65895089
1774.966095,2649.515217,63.65895089
1775.039286,2647.283317,63.65895089
1775.039286,2648.408003,63.65895089
1775.039286,2649.515217,63.65895089
1775.039286,2643.648927,63.65895089
1775.039286,2649.515217,63.65895089
1775.030485,2649.515217,63.65895089
1775.039286,2649.515217,63.65895089
1775.039286,2649.002018,63.65895089
1775.039286,2649.515217,63.65895089
1775.039286,2649.515217,63.65895089
1775.039286,2649.515217,63.65895089
1775.039286,2649.515217,63.65895089
1775.039286,2649.515217,63.65895089
1775.039286,2649.118704,63.65895089
1775.039286,2648.434213,63.65151015
1774.994632,2649.515217,63.65895089
1775.039286,2649.515217,63.65895089
1775.039286,2649.292829,63.65895089
1774.982229,2649.515217,63.65895089
1774.674375,2649.515217,63.65895089
1775.039286,2649.515217,63.65895089
1775.039286,2649.515217,63.65895089
1775.039286,2648.468524,63.65895089
1775.039286,2649.515217,63.65895089
1775.039286,2648.49202,63.65895089
1775.01187,2647.826985,63.65895089
1775.039286,2649.515217,63.65895089
1774.704291,2649.515217,63.65895089
1775.039286,2649.515217,63.65895089
1775.039286,2649.515217,63.65895089
1775.039286,2649.515217,63.65895089
1775.039286,2649.515217,63.65895089
1775.039286,2649.515217,63.65895089
1775.039286,2649.515217,63.65895089
1775.039286,2649.515217,63.65895089
1774.873388,2649.515217,63.65895089
1775.011773,2649.515217,63.65895089
1775.003696,2649.515217,63.65895089
1774.834986,2649.515217,63.65895089
1775.039286,2649.515217,63.65895089
1775.039286,2649.515217,63.65895089
1775.039286,2649.515217,63.65895089
1775.039286,2649.515217,63.65895089
1774.926478,2649.515217,63.65895089
1775.039286,2648.490956,63.65895089
1774.638369,2647.348446,63.65895089
1775.027979,2648.474329,63.65895089
1774.990547,2648.427578,63.65895089
1775.039286,2649.515217,63.65895089
1775.039286,2649.515217,63.65895089
1775.039286,2649.515217,63.65895089
1775.039286,2648.4677,63.65895089
1774.894192,2648.435089,63.65895089
1775.039286,2647.430079,63.65895089
1775.039286,2649.515217,63.65895089
1775.039286,2641.22698,63.65895089
1775.039286,2646.196249,63.65895089
1774.253328,2644.183079,63.65895089
1774.976579,2649.515217,63.65895089
1775.039286,2649.515217,63.65895089
1774.994993,2649.515217,63.65895089
1775.019827,2647.37431,63.65895089
1774.895925,2646.295402,63.65895089
1775.018625,2647.314601,63.65895089
1775.039286,2647.381271,63.65895089
1773.446347,2641.214237,63.65895089
1773.0558,2643.964905,63.65895089
1772.729371,2627.707711,63.65895089
1774.383816,2641.249402,63.65895089
1774.901298,2646.434566,63.65895089
1775.039286,2647.381899,63.65895089
1774.584125,2646.252349,63.65895089
1775.039286,2644.264705,63.65409408
1775.039286,2640.931437,63.65895089
1775.039286,2642.123657,63.65895089
1774.754661,2632.529598,63.65895089
1773.932523,2639.018944,63.65895089
1774.836341,2624.890282,63.65895089
1775.011887,2649.515217,63.65895089
1775.030259,2649.515217,63.65895089
1774.765986,2649.515217,63.65895089
1775.039286,2649.515217,63.65895089
1775.039286,2648.434842,63.65895089
1775.039286,2645.307115,63.65895089
1775.039286,2647.277885,63.65895089
1773.941877,2627.635673,63.65895089
1774.996584,2641.225634,63.65895089
1774.15011,2628.015947,63.65895089
1774.785088,2644.631765,63.65895089
1775.039286,2648.498802,63.65895089
1775.039286,2649.515217,63.65895089
1775.039286,2649.515217,63.65895089
1775.039286,2649.515217,63.65895089
1775.039286,2649.515217,63.65895089
1775.039286,2649.515217,63.65895089
1775.039286,2649.515217,63.65895089
1775.039286,2649.515217,63.65895089
1774.875094,2649.515217,63.65895089
1775.039286,2649.515217,63.65895089
1774.786489,2649.515217,63.65895089
1775.030734,2649.515217,63.65895089
1775.039286,2649.515217,63.65895089
1775.039286,2649.515217,63.65895089
1775.039286,2649.515217,63.65895089
1775.039286,2649.515217,63.65895089
1775.039286,2649.515217,63.65895089
1775.039286,2649.515217,63.65895089
1775.039286,2649.515217,63.65895089
1775.039286,2649.515217,63.65895089
1775.039286,2649.515217,63.65895089
1775.039286,2649.515217,63.65895089
1775.039286,2649.515217,63.65895089
1775.039286,2649.515217,63.65895089
1775.039286,2649.515217,63.65895089
1775.039286,2649.515217,63.65895089
1775.039286,2649.515217,63.65895089
1775.039286,2649.515217,63.65895089
1775.039286,2649.515217,63.65895089
1775.039286,2649.515217,63.65895089
1775.026686,2649.515217,63.65895089
1775.001126,2649.515217,63.65895089
1775.039286,2649.515217,63.6335061
1775.039286,2649.515217,63.65895089
1774.423785,2649.515217,63.65895089
1775.039286,2649.515217,63.65895089
1774.792078,2649.515217,63.65895089
1775.039286,2649.515217,63.65895089
1775.015756,2649.515217,63.65895089
1775.039286,2649.515217,63.65895089
1774.999575,2649.515217,62.62231407
1775.039286,2649.515217,63.65895089
1775.039286,2649.515217,63.65895089
1775.039286,2649.515217,63.65895089
1774.822069,2649.515217,63.65895089
1775.039286,2649.515217,63.65895089
1774.987488,2649.515217,63.65895089
1775.039286,2649.515217,63.65895089
1775.039286,2649.515217,63.65895089
1775.039286,2648.506183,63.65895089
1775.039286,2649.515217,63.65895089
1775.039286,2649.515217,63.65895089
1775.039286,2649.515217,63.65895089
1775.039286,2649.515217,63.65895089
1775.039286,2649.515217,63.65895089
1775.039286,2649.515217,63.65895089
1775.039286,2649.246283,63.65895089
1775.039286,2649.515217,63.65895089
2527.026436,3137.189977,91.53985599
2527.026436,3138.341543,91.53985599
2526.69575,3135.264798,91.53985599
2526.936148,3138.341543,90.91019781
2527.026436,3138.341543,91.53985599
2527.026436,3137.672243,91.53985599
2526.539403,3138.183083,91.53985599
2527.026436,3138.341543,91.53985599
2527.026436,3138.341543,91.53985599
2527.026436,3137.060098,91.53985599
2527.026436,3136.128208,91.53985599
2527.026436,3134.690463,91.53985599
2526.983285,3134.2491,91.53985599
2527.021806,3137.101017,91.53985599
2527.026436,3138.341543,91.53985599
2526.842875,3138.341543,91.53985599
2526.98932,3138.341543,91.53985599
2526.730951,3138.341543,91.53985599
2527.026436,3138.221332,91.53985599
2527.026436,3138.341543,91.53985599
2526.391965,3134.904198,91.53985599
2527.026436,3127.021311,91.53985599
2526.992354,3132.076643,91.53985599
2526.933323,3124.38513,91.53985599
2526.908782,3137.23494,91.53985599
2527.026436,3138.341543,91.53985599
2526.944161,3138.341543,91.53269621
2525.159491,3138.341543,91.53985599
2526.564888,3138.341543,91.53985599
2527.026436,3135.987476,91.53985599
2527.026436,3134.781577,91.53985599
2527.026436,3132.967229,91.53985599
2527.026436,3134.833453,91.53985599
2527.026436,3128.735264,91.53985599
2526.953358,3136.188364,91.53985599
2526.681658,3136.457671,91.47050364
2527.026436,3138.341543,91.53985599
2527.026436,3137.153375,91.53985599
2527.026436,3138.341543,91.53985599
2527.026436,3138.341543,91.53985599
2527.026436,3136.110814,91.53985599
2527.026436,3134.877757,91.53985599
2527.026436,3135.816069,91.53985599
2527.026436,3132.405068,91.53985599
2527.026436,3137.251634,91.53985599
2527.017801,3134.0569,91.53985599
2527.025274,3138.341543,91.53985599
2527.026436,3138.341543,91.53985599
2527.026436,3138.341543,91.53985599
2527.026436,3137.915125,91.53985599
2527.026436,3137.292006,91.53985599
2527.026436,3137.305936,91.53985599
2527.026436,3134.82928,91.53985599
2527.026436,3127.055164,91.53985599
2526.953358,3137.239325,91.53985599
2526.859923,3135.801888,91.53985599
2526.968073,3138.233244,91.53985599
2526.98977,3137.047719,91.53985599
2526.94065,3137.305936,91.53985599
2526.990708,3138.341543,91.53985599
2527.006406,3138.341543,91.53985599
2527.026436,3136.865003,91.53985599
2527.026436,3138.341543,91.53985599
2527.026436,3137.285568,91.53985599
2527.026436,3134.872497,91.53985599
2527.012447,3134.686763,91.53985599
2526.777568,3136.149813,91.53985599
2527.026436,3138.178823,91.53985599
2527.026436,3138.341543,91.53985599
2527.026436,3138.341543,91.53985599
2527.026436,3138.341543,91.53985599
2527.026436,3138.172283,91.53985599
2527.026436,3137.207986,91.53985599
2527.026436,3138.341543,91.53985599
2526.282872,3136.109283,91.53985599
2526.741353,3138.341543,91.53985599
2526.95896,3137.280528,91.53985599
2526.872859,3138.341543,91.53985599
2527.026436,3138.341543,91.53985599
2527.026436,3138.341543,91.53985599
2527.026436,3138.341543,91.53985599
2527.026436,3138.341543,91.53985599
2527.026436,3138.341543,91.53985599
2527.026436,3137.054691,91.53985599
2527.026436,3137.175324,91.53985599
2527.026436,3134.981153,91.53985599
2525.807435,3136.021648,91.53985599
2527.02616,3136.994442,91.53985599
2525.774938,3136.713492,91.53661512
2526.769103,3138.341543,91.53985599
2526.530516,3137.271545,91.53985599
2526.878411,3137.840381,91.53985599
2526.986623,3137.141244,91.53985599
2526.951093,3137.05443,91.53985599
2527.026436,3135.758602,91.53985599
2527.026436,3138.341543,91.53985599
2525.73406,3134.144494,91.53985599
2527.026436,3138.341543,91.53985599
2526.755663,3138.341543,91.53985599
2527.026436,3138.341543,91.53505468
2526.57767,3138.341543,91.53985599
2526.968856,3138.341543,91.37697674
2527.026436,3137.464843,91.53985599
2526.981247,3138.12695,91.53985599
2527.026436,3138.341543,91.53985599
2527.026436,3137.214081,91.53985599
2527.026436,3134.254112,91.53985599
2527.026436,3137.290668,91.53985599
2526.938742,3138.341543,91.53985599
2527.026436,3138.341543,91.53829347
2526.838153,3138.341543,91.37697674
2526.882011,3138.341543,91.53985599
2526.789455,3138.341543,91.53985599
2527.026436,3138.341543,91.53985599
2527.026436,3138.341543,91.53985599
2527.026436,3138.341543,91.53985599
2527.026436,3138.341543,91.53985599
2527.026436,3138.341543,91.53985599
2526.007283,3138.341543,91.53985599
2527.026436,3138.341543,91.53985599
2527.026436,3138.341543,91.53985599
2527.026436,3138.341543,91.53985599
2526.951093,3138.341543,91.53985599
2527.026436,3138.341543,91.53985599
2527.026436,3138.341543,91.53985599
2527.026436,3138.341543,91.53985599
2527.026436,3138.341543,91.53985599
2527.026436,3138.341543,91.53985599
2527.026436,3137.341543,91.44972616
2527.026436,3138.341543,91.53985599
2526.300394,3138.341543,91.53985599
2526.959606,3138.341543,91.53985599
2527.026436,3138.341543,91.53985599
2526.829676,3138.256531,91.53985599
2527.026436,3138.341543,91.53985599
2527.026436,3138.341543,91.53985599
2527.026436,3138.341543,91.53985599
2527.026436,3138.341543,91.53985599
2527.026436,3138.341543,91.53985599
2527.026436,3138.341543,91.53985599
2527.026436,3138.341543,91.53985599
2526.567265,3138.155588,91.05573381
2527.026436,3138.341543,91.53985599
2527.026436,3138.341543,91.53985599
2527.026436,3138.341543,91.53985599
2527.026436,3138.341543,91.53985599
2527.026436,3138.341543,91.53985599
2527.026436,3135.994005,91.53985599
2526.447304,3134.815689,91.53985599
2526.962173,3137.151743,91.53985599
2527.026436,3138.341543,91.53985599
2526.926699,3137.234532,91.51268947
2527.026436,3138.341543,91.53985599
2527.026436,3138.341543,91.53985599
2527.026436,3137.166077,91.53985599
2527.026436,3136.203153,91.53985599
2527.026436,3136.021873,91.53985599
2526.721123,3134.930167,91.53985599
2527.026436,3133.427621,91.52483948
2526.95896,3134.886726,91.53985599
2525.955445,3137.171509,91.53985599
2526.824501,3137.465991,91.53985599
2526.500229,3138.341543,91.53985599
2527.026436,3138.341543,91.53985599
2525.886942,3138.341543,91.53985599
2527.026436,3134.701469,91.53985599
2527.026436,3131.457064,91.53985599
2525.849167,3132.858732,91.53985599
2526.647518,3133.638166,91.42497664
2526.711406,3136.103049,91.53985599
2526.017671,3136.764732,91.53985599
2526.636733,3137.75285,91.53985599
2527.026436,3138.066466,91.53985599
2527.026436,3138.341543,91.53985599
2527.026436,3138.341543,91.53985599
2526.788436,3138.341543,91.53985599
2527.026436,3134.741674,91.53985599
2527.026436,3137.180728,91.53985599
2527.026436,3132.541462,91.53985599
2527.026436,3135.885871,91.53985599
2525.683793,3130.946852,91.53985599
2526.95701,3138.341543,91.53985599
2527.026436,3138.317975,91.53985599
2527.026436,3138.341543,91.53985599
2526.603436,3138.341543,91.53985599
2527.026436,3138.341543,91.53985599
2526.821526,3133.448091,91.53985599
2527.026436,3137.117076,91.53985599
2527.026436,3128.839934,91.53985599
2527.026436,3136.078737,91.53985599
2526.944607,3125.478321,91.53985599
2526.653154,3134.802984,91.53983807
2527.026436,3138.341543,91.53985599
2527.026436,3138.045182,91.53985599
2527.026436,3138.341543,91.53985599
2527.026436,3138.341543,91.53985599
2526.765215,3133.674464,91.53505984
2527.026436,3137.01829,91.53985599
2527.026436,3138.341543,91.53985599
2526.642188,3134.541943,91.53985599
2526.968407,3128.946559,91.53985599
2526.98885,3133.682097,91.53985599
2526.694991,3137.117076,91.53985599
2526.834636,3138.214608,91.53985599
2527.026436,3138.341543,91.53985599
2527.026436,3137.140689,91.53985599
2526.981397,3134.691679,91.53985599
2526.267425,3134.847435,91.53985599
2527.026436,3137.072893,91.53985599
2527.026436,3133.372863,91.53985599
2527.026436,3137.166077,91.53985599
2526.41935,3134.70432,91.53985599
2527.026436,3138.341543,91.53985599
2526.860902,3138.341543,91.53985599
2527.026436,3138.341543,91.53985599
2527.026436,3138.341543,91.53985599
2527.026436,3138.341543,91.53985599
2527.023492,3138.341543,91.53985599
2527.026436,3138.341543,91.53985599
2527.026436,3138.341543,91.53985599
2527.026436,3138.341543,91.53985599
2526.931575,3138.03027,91.53985599
2527.026436,3138.341543,91.53985599
2526.962188,3138.341543,91.53985599
2527.026436,3138.341543,91.53985599
2526.970056,3138.341543,91.53985599
2527.026436,3138.341543,91.53985599
2527.026436,3138.341543,91.53985599
2527.026436,3138.341543,91.53985599
2527.026436,3138.341543,91.53985599
2527.026436,3138.341543,91.53985599
2527.026436,3138.341543,91.53985599
2527.026436,3138.341543,91.53985599
2527.026436,3138.341543,91.52745147
2527.026436,3138.341543,91.53985599
2527.026436,3138.341543,91.53985599
2527.026436,3138.341543,91.53985599
2526.082099,3138.341543,91.53985599
2526.749528,3138.341543,91.53985599
2527.026436,3138.341543,91.53985599
2527.026436,3138.341543,91.53985599
2527.026436,3138.341543,91.53985599
2526.642188,3138.341543,91.53985599
2526.959079,3138.341543,91.53985599
2526.954473,3138.341543,91.53778593
2527.026436,3138.341543,91.41437934
2527.026436,3138.341543,91.53985599
2527.026436,3138.341543,91.53985599
2526.90519,3136.131202,91.53985599
2527.026436,3138.341543,91.53985599
2527.026436,3137.188071,91.53985599
2527.026436,3137.140689,91.53985599
2527.026436,3136.179304,91.53985599
2526.667131,3137.039,91.53985599
2526.921616,3137.216505,91.53985599
2527.026436,3138.341543,91.53985599
2526.989466,3138.341543,91.53985599
2526.389846,3138.341543,91.53985599
2527.026436,3138.341543,91.53985599
2527.026436,3138.341543,91.53985599
2527.026436,3138.341543,91.53985599
2527.026436,3136.037947,91.53985599
2527.026436,3135.911879,91.53985599
2526.642188,3137.20924,91.53985599
2526.851567,3137.034868,91.53985599
2527.026436,3138.341543,91.53985599
2527.026436,3138.341543,91.53985599
2526.956052,3138.341543,91.53985599
2527.026436,3138.341543,91.53985599
2527.026436,3137.108812,91.53985599
2527.026436,3138.341543,91.53985599
2527.026436,3137.236658,91.53985599
2527.026436,3138.341543,91.53985599
2527.026436,3138.341543,91.53985599
2527.026436,3134.705349,91.53985599
2526.759481,3138.265315,91.53985599
2527.026436,3138.341543,91.53985599
2527.026436,3138.341543,91.53985599
2527.026436,3138.341543,91.53985599
2526.562913,3138.341543,91.53985599
2527.026436,3137.158925,91.53985599
2527.026436,3137.203603,91.53985599
2527.026436,3137.246795,91.53985599
2527.026436,3137.144526,91.53985599
2526.976407,3138.341543,91.53985599
2526.608452,3138.341543,91.50037115
2526.979794,3138.341543,91.53985599
2527.026436,3138.341543,91.53985599
2526.979776,3138.341543,91.53985599
2527.026436,3138.341543,91.53985599
2527.026436,3138.341543,91.53985599
2527.026436,3137.188071,91.53985599
2527.026436,3137.25889,91.53985599
2527.026436,3138.341543,91.53985599
2527.026436,3138.341543,91.53985599
2526.389846,3138.341543,91.51876643
2526.899333,3138.341543,91.53985599
2527.026436,3138.341543,91.53985599
2527.026436,3138.341543,91.53985599
2526.985178,3138.341543,91.53985599
2527.026436,3138.341543,91.53985599
2527.026436,3138.341543,91.53985599
2527.026436,3137.252246,91.53985599
2527.026436,3138.341543,91.53985599
2527.026436,3134.90798,91.53985599
2526.982225,3138.341543,91.53985599
2526.616198,3137.288406,91.53985599
2526.675072,3138.002938,91.53985599
2527.026436,3138.341543,91.53985599
2526.947644,3138.341543,91.50717636
2527.026436,3138.341543,91.53985599
2527.026436,3138.341543,91.53985599
2527.026436,3137.149186,91.53985599
2527.026436,3136.027782,91.53985599
2527.008477,3137.117145,91.53985599
2525.683793,3135.833136,91.53985599
2527.026436,3138.338765,91.53985599
2527.026436,3137.643335,91.53985599
2526.632114,3138.341543,91.53985599
2526.990075,3138.341543,91.53985599
2527.026436,3137.158155,91.53985599
2526.221967,3137.118821,91.53985599
2527.026436,3138.341543,91.53985599
2527.026436,3135.922255,91.53985599
2527.026436,3138.341543,91.53985599
2527.026436,3134.890171,91.53985599
2526.923048,3136.082055,91.53985599
2526.337741,3138.341543,91.53985599
2527.026436,3138.026371,91.53985599
2526.573989,3138.308886,91.53985599
2527.003569,3138.341543,91.53985599
2527.026436,3137.801102,91.53985599
2527.026436,3138.341543,91.53985599
2527.026436,3137.31585,91.53985599
2527.026436,3137.227538,91.53985599
2527.026436,3137.31585,91.53985599
2527.026436,3135.032802,91.53287174
2527.026436,3137.000257,91.53985599
2526.888504,3138.341543,91.53985599
2527.026436,3138.341543,91.53985599
2527.026436,3138.341543,91.53985599
2526.904219,3138.341543,91.53985599
2526.613799,3138.341543,91.53985599
2527.026436,3138.341543,91.53985599
2527.026436,3138.341543,91.53985599
2527.026436,3138.341543,91.53985599
2526.956463,3138.078107,91.53985599
2526.912539,3138.171438,91.53985599
2526.785341,3138.341543,91.52238522
2526.607838,3138.341543,91.53985599
2526.364706,3138.341543,91.53985599
2527.026436,3138.341543,91.53985599
2527.026436,3138.341543,91.53985599
2527.026436,3138.341543,91.53985599
2527.026436,3138.341543,91.53985599
2527.026436,3138.341543,91.53985599
2527.026436,3134.739447,91.53985599
2527.026436,3138.171438,91.53985599
2526.754618,3136.077633,91.36682509
2527.026436,3138.341543,91.49309614
2526.902617,3138.341543,91.53554034
2527.002155,3138.341543,91.53985599
2527.026436,3138.341543,91.53985599
2526.967403,3137.148499,91.53554034
2527.026436,3138.341543,91.53985599
2527.026436,3137.060098,91.53985599
2527.026436,3137.559164,91.53985599
2527.026436,3135.785359,91.53985599
2527.026436,3136.022068,91.53985599
2526.974311,3136.053423,91.53985599
2526.562913,3138.341543,91.53985599
2527.026436,3138.341543,91.53985599
2526.780198,3138.341543,91.53985599
2526.999465,3135.33087,91.53985599
2527.026436,3138.341543,91.53985599
2527.026436,3133.558184,91.53985599
2527.026436,3138.341543,91.53985599
2527.026436,3136.995505,91.53985599
2527.026436,3138.341543,91.53985599
2526.988357,3138.341543,91.53985599
2526.973379,3138.341543,91.53985599
2527.026436,3138.341543,91.53985599
2526.99374,3138.341543,91.53985599
2526.92308,3136.006978,91.53985599
2527.026436,3137.174629,91.53985599
2527.026436,3136.119708,91.53985599
2527.026436,3135.028148,91.53985599
2527.026436,3137.209884,91.53985599
2526.144691,3136.07401,91.53985599
2526.97508,3138.341543,91.47956223
2526.985178,3138.341543,91.53985599
2527.026436,3138.341543,91.53985599
2526.715454,3138.341543,91.53985599
2526.948025,3138.341543,91.53985599
2524.999545,3138.341543,91.53985599
2527.026436,3138.341543,91.53985599
2527.026436,3136.956129,91.53985599
2527.026436,3138.341543,91.53985599
2527.026436,3135.96002,91.53985599
2527.026436,3138.341543,91.53985599
2527.026436,3138.341543,91.53985599
2526.928103,3138.341543,91.53985599
2527.026436,3138.341543,91.53985599
2526.937902,3138.341543,91.53985599
2527.026436,3138.341543,91.53985599
2526.976248,3136.956129,91.53985599
2527.026436,3138.341543,91.53985599
2527.026436,3138.341543,91.53985599
2527.026436,3137.235919,91.53985599
2527.026436,3138.0911,91.51684478
2527.026436,3138.341543,91.53985599
2526.961508,3138.341543,90.88876695
2527.026436,3138.341543,91.53985599
2526.98086,3138.341543,91.53491478
2527.026436,3138.341543,91.53985599
2527.026436,3137.104,91.53985599
2527.026436,3138.341543,91.53985599
2526.933777,3138.341543,91.53985599
2526.889964,3137.103165,91.53985599
2527.026436,3132.124206,91.53985599
2527.026436,3134.995576,91.53985599
2526.67002,3138.341543,91.53985599
2527.026436,3138.341543,91.53985599
2526.82635,3138.341543,91.53985599
2526.9337,3138.341543,91.53985599
2527.020578,3138.341543,91.05573381
2526.142649,3138.341543,91.53985599
2527.026436,3137.238832,91.53985599
2527.00793,3134.918903,91.53985599
2527.026436,3138.341543,91.53985599
2525.847442,3131.076985,91.53985599
2527.026436,3137.238563,91.53516646
2526.922622,3138.341543,91.25008664
2526.371124,3137.840606,91.53985599
2527.026436,3138.181055,91.53985599
2527.026436,3138.341543,91.53985599
2527.026436,3134.890007,91.53985599
2527.026436,3137.310822,91.53985599
2527.026436,3136.116354,91.53985599
2527.026436,3138.341543,90.89117086
2527.026436,3137.200802,91.53985599
2526.757943,3137.310822,91.53985599
2527.026436,3138.341543,91.53985599
2527.026436,3138.150954,91.53985599
2527.026436,3138.341543,91.53985599
2527.026436,3138.341543,91.53985599
2527.026436,3138.341543,91.53985599
2527.026436,3138.341543,91.53985599
2527.026436,3138.341543,91.53985599
2527.026436,3138.341543,91.53985599
2527.026436,3138.341543,91.53985599
2527.026436,3136.992101,91.53973912
2526.944205,3138.341543,91.53985599
2527.026436,3138.061316,91.53985599
2527.026436,3138.341543,91.53985599
2527.026436,3138.341543,91.53985599
2527.026436,3138.341543,91.53985599
2527.026436,3138.341543,91.53985599
2527.026436,3138.341543,91.53985599
2527.026436,3138.341543,91.53985599
2527.026436,3138.341543,91.53985599
2527.026436,3138.341543,91.53985599
2526.942873,3138.341543,91.53985599
2527.026436,3138.341543,91.26403346
2527.026436,3138.341543,91.53985599
2527.026436,3138.341543,91.53985599
2526.964279,3138.341543,91.53985599
2527.026436,3138.341543,91.53985599
2527.026436,3138.341543,91.53985599
2527.026436,3138.341543,91.53985599
2527.026436,3138.341543,91.53985599
2527.026436,3138.341543,91.53985599
2526.404854,3137.678886,91.53985599
2527.026436,3138.117501,91.53985599
2526.404854,3138.341543,91.53985599
2526.82984,3138.341543,91.53985599
2527.026436,3138.341543,91.53985599
2527.026436,3138.341543,91.53985599
2527.026436,3138.341543,91.53985599
2527.026436,3137.181886,91.53985599
2527.026436,3138.341543,91.53985599
2527.026436,3137.030311,91.53985599
2526.7792,3137.245054,91.53985599
2526.791856,3136.462192,90.89117086
2526.44852,3138.341543,91.53985599
2526.73713,3137.817428,91.53985599
2527.026436,3138.341543,91.53985599
2527.026436,3137.053111,91.53745208
2526.795137,3138.341543,91.53985599
2527.026436,3138.341543,91.53985599
2527.026436,3138.341543,91.53985599
2527.026436,3134.869605,91.53985599
2526.911909,3138.341543,91.53985599
2526.952613,3136.146213,91.53985599
2526.886078,3137.058537,91.53985599
2526.599026,3138.341543,91.50295888
2526.790455,3138.341543,91.53985599
2526.835004,3138.341543,91.53985599
2526.855102,3137.191728,91.53985599
2527.026436,3138.341543,91.53985599
2527.026436,3135.1785,91.53985599
2527.026436,3138.341543,91.53985599
2526.964274,3138.341543,91.53985599
2527.026436,3136.011185,91.53985599
2526.588117,3138.282038,91.53985599
2527.004519,3138.341543,91.53985599
2527.026436,3138.106003,91.53985599
2527.026436,3138.341543,91.53985599
2527.026436,3138.341543,91.51938473
2524.778192,3138.341543,91.53985599
2527.026436,3137.177106,91.53985599
2527.026436,3137.093255,91.53985599
3192.945724,3459.769248,104.4530399
3192.924146,3460.91568,104.4530399
3191.927038,3460.91568,104.4530399
3193.087895,3459.63651,104.4530399
3193.002151,3460.91568,104.4530399
3193.131875,3460.91568,104.4530399
3193.022656,3460.91568,104.4530399
3193.131875,3460.91568,104.4530399
3193.131875,3459.722529,104.4530399
3193.131875,3460.484834,104.4530399
3193.131875,3460.91568,104.4530399
3193.131875,3460.91568,104.4530399
3193.131875,3460.91568,104.4530399
3193.131875,3460.91568,104.4530399
3193.131875,3460.91568,104.4530399
3193.131875,3460.91568,104.4530399
3193.131875,3460.91568,104.4530399
3193.131875,3460.91568,104.4530399
3193.131875,3459.831194,104.4530399
3193.131875,3459.86928,104.4530399
3193.131875,3458.681253,104.4530399
3193.131875,3459.739809,104.4530399
3193.131875,3458.659044,104.4530399
3193.131875,3460.91568,104.4530399
3193.131875,3460.91568,104.4530399
3193.069784,3460.91568,104.4530399
3193.131875,3460.91568,104.4530399
3193.131875,3460.91568,104.4530399
3193.131875,3459.814727,104.4530399
3193.131875,3460.91568,104.4530399
3193.131875,3458.654185,104.4530399
3193.131875,3460.740773,104.4530399
3192.963264,3456.145113,104.4530399
3192.529445,3458.645642,104.4530399
3192.892899,3458.622891,104.4530399
3191.861415,3460.91568,104.4530399
3193.131875,3460.91568,104.4530399
3193.048081,3459.831194,104.4530399
3193.081181,3460.91568,104.4530399
3192.32681,3459.815034,104.4530399
3193.131875,3459.809004,104.4530399
3192.885036,3454.892386,104.4530399
3193.131875,3458.555446,104.4530399
3193.131875,3460.91568,104.4530399
3193.131875,3460.91568,104.4530399
3192.997666,3460.91568,104.4530399
3193.096395,3460.91568,104.4530399
3193.01893,3460.91568,104.4530399
3193.131875,3460.894012,104.4530399
3192.904044,3460.91568,104.4530399
3193.009472,3460.91568,104.4530399
3192.737103,3458.59736,104.4530399
3193.131875,3460.91568,104.4530399
3193.131875,3459.300103,104.4530399
3192.886486,3458.687467,104.4530399
3193.131875,3460.91568,104.3219856
3192.946616,3460.91568,104.4477795
3193.042787,3460.91568,104.4530399
3193.131875,3460.91568,104.4530399
3192.317074,3460.91568,104.4530399
3193.131875,3460.91568,104.4530399
3193.131875,3460.91568,104.4530399
3193.131875,3460.670995,104.4530399
3193.131875,3460.91568,104.4530399
3193.131875,3460.613215,104.4530399
3192.857324,3460.91568,104.011799
3192.794151,3460.757235,104.3792537
3193.108476,3460.91568,104.4530399
3193.114299,3460.91568,104.4435589
3193.034053,3460.746972,104.4530399
3193.131875,3460.91568,104.4530399
3193.131875,3459.647897,104.4530399
3193.131875,3460.91568,104.4530399
3192.329286,3457.194128,103.9965912
3193.131875,3460.91568,104.4530399
3193.131875,3459.674159,104.4530399
3193.131875,3460.91568,104.4530399
3193.131875,3460.91568,104.4530399
3193.131875,3460.91568,104.4530399
3191.938672,3460.91568,104.4530399
3193.131875,3460.91568,104.4530399
3193.131875,3459.756833,104.4530399
3193.131875,3459.672265,104.4530399
3193.131875,3460.91568,104.4530399
3192.593723,3457.262355,104.4518274
3193.131875,3460.655479,104.4530399
3189.690405,3460.792312,104.4530399
3193.104714,3460.91568,104.4530399
3193.131875,3460.91568,104.4530399
3193.131875,3460.91568,104.4530399
3193.083288,3459.756064,104.4479447
3192.912397,3459.709349,104.4530399
3193.131875,3457.130625,104.4530399
3193.131875,3459.810789,104.4530399
3193.061404,3458.670321,104.4530399
3193.131875,3459.346241,104.4530399
3192.636317,3460.859909,104.011799
3193.060969,3460.91568,104.011799
3193.131875,3460.91568,104.4530399
3193.131875,3460.91568,104.4530399
3193.131875,3460.91568,104.4530399
3193.131875,3459.659927,104.4530399
3193.131875,3460.91568,104.4530399
3193.131875,3457.486358,104.4530399
3193.131875,3458.377105,104.4530399
3192.877952,3458.397422,104.4530399
3193.131875,3460.91568,104.4530399
3192.99798,3460.91568,104.4530399
3193.131875,3460.91568,104.4530399
3193.131875,3460.91568,104.4530399
3193.131875,3459.65289,104.4530399
3193.098561,3459.797243,104.4530399
3193.131875,3457.460781,104.4530399
3193.131875,3460.91568,104.4530399
3193.091429,3460.491281,104.4530399
3193.091439,3460.91568,104.4530399
3191.105997,3459.712416,104.4530399
3193.131875,3460.91568,104.4530399
3193.106937,3460.91568,104.4530399
3193.131875,3460.91568,104.4530399
3193.131875,3460.91568,104.4530399
3193.131875,3460.91568,104.4530399
3193.131875,3458.569956,104.4530399
3193.131875,3460.91568,104.4530399
3193.131875,3457.112079,104.4530399
3193.131875,3458.632266,104.4530399
3193.114375,3460.91568,104.4530399
3192.292352,3460.91568,104.4444571
3193.082776,3460.642671,104.4530399
3192.884555,3460.91568,104.4530399
3193.131875,3460.91568,104.44292
3193.088776,3459.722941,104.4530399
3193.131875,3460.91568,104.1618517
3193.131875,3459.423741,104.4530399
3193.131875,3458.584383,104.4530399
3193.005603,3459.790693,104.4530399
3193.131875,3459.607433,104.4530399
3193.008574,3459.731461,104.4520571
3193.103032,3460.464798,104.4530399
3193.131875,3460.91568,104.011799
3193.131875,3460.91568,104.4530399
3192.834594,3460.91568,104.4530399
3193.131875,3460.91568,104.4530399
3192.618782,3460.91568,104.4530399
3193.131875,3459.845131,104.4530399
3193.131875,3459.645737,104.4530399
3193.131875,3459.577391,104.4530399
3193.123024,3460.91568,104.4530399
3191.455878,3460.182109,104.4393602
3192.489329,3460.91568,104.4530399
3192.982616,3460.91568,104.4530399
3193.086739,3460.342514,104.4530399
3192.969583,3460.91568,104.4530399
3193.131875,3459.65289,104.4530399
3193.131875,3460.91568,104.4530399
3193.131875,3460.91568,104.4530399
3193.131875,3459.797388,104.4530399
3193.077026,3460.91568,104.4530399
3193.131875,3460.91568,104.4530399
3192.903807,3460.91568,104.4530399
3193.131875,3460.665511,104.4530399
3193.131875,3460.91568,104.4530399
3193.131875,3460.91568,104.4530399
3193.131875,3460.91568,104.4530399
3193.131875,3460.91568,104.4530399
3193.131875,3460.91568,104.4530399
3193.131875,3460.91568,104.4530399
3193.131875,3460.91568,104.4530399
3193.131875,3460.91568,104.4530399
3192.933843,3460.91568,104.4530399
3192.933843,3460.380892,104.4530399
3193.131875,3460.91568,104.4530399
3193.131875,3460.91568,104.4530399
3193.131875,3460.91568,104.4530399
3193.131875,3460.91568,104.4530399
3193.131875,3460.91568,104.4530399
3193.131875,3460.91568,104.4530399
3193.131875,3460.710228,104.4530399
3193.131875,3459.792813,104.0747768
3193.131875,3460.91568,104.4530399
3192.866741,3460.91568,104.4530399
3192.262162,3460.91568,104.4530399
3193.131875,3460.91568,104.4530399
3192.943593,3460.91568,104.4530399
3193.131875,3460.91568,104.4530399
3193.131875,3460.91568,104.4530399
3193.131875,3459.721869,104.4530399
3193.131875,3459.590803,104.4530399
3193.131875,3460.91568,104.4530399
3192.646406,3455.654137,104.4530399
3193.131875,3460.91568,104.4473433
3192.738779,3460.91568,104.4530399
3192.932185,3460.91568,104.4530399
3193.131875,3460.91568,104.4530399
3193.131875,3460.91568,104.4530399
3193.131875,3460.91568,104.4530399
3192.69426,3460.91568,104.4530399
3193.131875,3459.86928,104.4530399
3193.131875,3457.528361,104.4530399
3193.131875,3460.91568,104.4530399
3193.079075,3459.63088,104.4493299
3193.131875,3460.91568,104.4530399
3192.458154,3460.91568,104.4530399
3193.131875,3460.91568,104.4530399
3193.11518,3460.91568,104.4513785
3193.131875,3460.91568,104.4530399
3193.131875,3459.7098,104.4530399
3193.131875,3459.7148,104.4530399
3193.131875,3458.616238,104.4530399
3193.077026,3455.191566,104.4530399
3193.077026,3459.658012,104.3595851
3192.953713,3459.134809,104.4530399
3193.105591,3460.91568,104.4530399
3193.079882,3459.366055,104.0660044
3193.131875,3459.88865,104.4530399
3190.353829,3460.91568,104.4530399
3193.131875,3460.91568,104.4530399
3193.131875,3458.354197,104.4530399
3193.131875,3460.91568,104.4530399
3192.892453,3460.91568,104.4530399
3193.131875,3460.54603,104.4530399
3193.131875,3460.91568,104.3509636
3193.105767,3460.91568,104.4530399
3193.131875,3460.91568,104.4530399
3192.805781,3460.91568,104.4530399
3193.131875,3460.91568,104.4530399
3192.151293,3460.91568,104.4530399
3193.131875,3460.91568,104.4530399
3193.131875,3458.609594,104.4530399
3193.131875,3460.381632,104.4530399
3193.114705,3460.91568,103.8042336
3193.131875,3460.91568,104.4530399
3192.798228,3460.548059,104.4530399
3193.016337,3460.91568,104.4530399
3193.131875,3460.91568,104.4530399
3193.131875,3460.91568,104.4530399
3193.131875,3460.91568,104.4530399
3192.166256,3459.678336,104.4530399
3193.131875,3460.91568,104.4530399
3193.099366,3459.631311,104.4530399
3193.077026,3460.91568,104.4530399
3193.045264,3460.638429,104.4530399
3193.131875,3460.91568,104.4530399
3193.131875,3460.91568,104.4530399
3192.069552,3460.91568,104.4530399
3191.664521,3460.91568,104.4530399
3193.131875,3460.91568,104.4530399
3193.131875,3460.668387,104.4530399
3193.131875,3460.91568,104.4530399
3193.131875,3460.91568,104.4530399
3192.914121,3458.584754,104.4530399
3193.131875,3460.91568,104.4530399
3193.131875,3460.91568,104.4530399
3193.131875,3460.91568,104.4530399
3192.891405,3460.91568,104.4530399
3193.131875,3460.91568,104.4530399
3191.007923,3459.815034,104.4530399
3193.084381,3460.91568,104.4530399
3193.131875,3460.91568,104.4530399
3193.131875,3459.773038,104.4530399
3193.131875,3460.91568,104.4530399
3193.100978,3460.91568,104.4530399
3193.106475,3460.91568,104.4530399
3193.131875,3460.818237,104.4530399
3193.131875,3460.701711,104.4530399
3192.957232,3460.91568,104.4530399
3193.131875,3460.91568,104.4530399
3193.131875,3460.91568,104.4530399
3193.131875,3459.764608,104.4530399
3193.047964,3459.720302,104.4530399
3193.131875,3460.91568,104.4530399
3193.131875,3460.91568,104.4530399
3193.131875,3459.261171,104.4530399
3193.048044,3460.49097,104.4530399
3193.041594,3460.91568,104.4530399
3193.131875,3460.91568,104.4530399
3193.083871,3460.91568,104.4530399
3193.031569,3459.681299,104.4530399
3193.131875,3459.79869,104.4530399
3193.131875,3460.91568,104.446021
3193.131875,3459.703046,104.4530399
3193.131875,3458.83641,104.4530399
3193.131875,3459.74852,104.4530399
3193.131875,3459.635005,104.4530399
3192.487619,3460.428732,104.4530399
3193.131875,3460.91568,104.4530399
3193.131875,3460.91568,104.4530399
3193.065373,3460.91568,104.4530399
3193.131875,3459.728448,104.4530399
3193.107219,3458.715967,104.4530399
3193.131875,3460.91568,104.4530399
3193.131875,3456.303578,104.4530399
3193.131875,3456.200348,104.4530399
3193.064819,3453.742024,104.4530399
3193.131875,3460.91568,104.4530399
3192.932076,3458.31894,104.4530399
3192.113502,3459.707295,104.3155935
3192.905454,3459.817201,104.4530399
3193.131875,3459.864983,104.4530399
3192.98409,3458.509159,104.4530399
3193.131875,3456.262615,104.4530399
3193.131875,3458.701442,104.4530399
3193.131875,3457.444588,104.4530399
3193.131875,3459.787614,104.4530399
3192.988561,3460.91568,104.2182878
3193.131875,3460.91568,104.4530399
3193.131875,3460.91568,104.4530399
3193.131875,3460.91568,104.4530399
3193.131875,3460.91568,104.4530399
3193.131875,3460.91568,104.4530399
3193.131875,3460.91568,104.4530399
3193.131875,3459.668951,104.4530399
3193.131875,3459.803876,104.4530399
3192.884109,3458.563197,104.4530399
3193.131875,3459.589553,104.4530399
3193.131875,3459.288527,104.4530399
3193.112552,3460.91568,104.4530399
3193.131875,3460.91568,104.4530399
3193.131875,3460.91568,104.4530399
3193.131875,3459.869405,104.4530399
3193.131875,3460.391554,104.4530399
3193.131875,3460.91568,104.4530399
3193.131875,3453.836757,104.4530399
3193.131875,3460.91568,104.4530399
3193.131875,3457.404194,104.4530399
3193.131875,3458.534471,104.4530399
3192.832781,3460.91568,104.4530399
3193.131875,3460.91568,104.4530399
3193.131875,3460.91568,104.4530399
3192.417351,3460.91568,104.4530399
3193.131875,3460.91568,104.4530399
3193.131875,3457.460553,104.4530399
3193.131875,3453.73715,104.4530399
3193.131875,3460.91568,104.4530399
3193.131875,3458.564765,104.4530399
3193.131875,3459.732963,104.4530399
3193.045989,3460.91568,104.440009
3192.946406,3460.488,104.4530399
3193.131875,3460.91568,104.4530399
3193.115767,3460.91568,104.4469626
3192.89694,3459.690255,104.4530399
3193.131875,3460.91568,104.4530399
3193.131875,3460.91568,104.4530399
3193.131875,3460.91568,104.4530399
3193.131875,3460.91568,104.4530399
3193.131875,3460.823686,104.4530399
3192.927526,3460.616187,104.4530399
3193.131875,3460.91568,104.4530399
3193.131875,3460.91568,104.4530399
3192.926779,3460.91568,104.4530399
3193.036846,3460.91568,104.4530399
3193.131875,3459.799715,104.4335611
3193.131875,3459.732963,104.4530399
3193.131875,3456.272797,104.4530399
3193.131875,3459.795664,104.4530399
3193.131875,3460.91568,104.4530399
3193.131875,3460.669186,104.4530399
3192.608954,3460.91568,104.4530399
3193.131875,3460.91568,104.4530399
3192.125384,3460.91568,104.4530399
3193.131875,3460.91568,104.4530399
3193.131875,3459.7496,104.4530399
3193.131875,3460.912568,104.4530399
3193.131875,3458.823041,104.4530399
3193.131875,3459.787614,104.4530399
3193.131875,3459.646976,104.4530399
3193.072068,3457.147869,104.4530399
3193.131875,3460.91568,104.4530399
3193.131875,3460.91568,104.4530399
3192.710973,3460.91568,104.4530399
3193.131875,3460.91568,104.4530399
3193.131875,3460.91568,104.4530399
3193.131875,3458.376213,104.4530399
3193.131875,3459.672329,104.4530399
3193.131875,3458.503516,104.4530399
3193.131875,3460.91568,104.4530399
3193.131875,3460.91568,104.4530399
3193.131875,3460.91568,104.4530399
3193.131875,3460.806572,104.4530399
3193.131875,3460.91568,104.4530399
3193.131875,3460.91568,104.4530399
3193.131875,3460.516193,104.4530399
3193.041441,3460.91568,104.4530399
3193.131875,3459.403156,104.4530399
3193.131875,3460.91568,104.4530399
3193.131875,3460.91568,104.4530399
3193.131875,3458.426434,104.4530399
3193.131875,3460.91568,104.4530399
3193.131875,3460.91568,104.4530399
3193.131875,3460.91568,104.4530399
3193.131875,3460.91568,104.4530399
3192.966632,3460.91568,104.4530399
3193.130239,3460.616233,104.4530399
3193.131875,3460.91568,104.4530399
3193.131875,3460.91568,104.4530399
3193.131875,3460.91568,104.4530399
3193.131875,3459.720289,104.4530399
3193.131875,3460.828439,104.4530399
3193.131875,3460.744791,104.4462862
3192.947944,3460.91568,104.4530399
3190.50138,3460.91568,104.4530399
3191.903607,3460.91568,104.4530399
3193.131875,3460.91568,104.4530399
3193.131875,3460.91568,104.4530399
3193.131875,3460.91568,104.4530399
3193.131875,3460.91568,104.4530399
3193.131875,3459.779811,104.4530399
3193.131875,3458.408838,104.4462469
3193.131875,3460.91568,104.4530399
3193.131875,3460.91568,104.4530399
3192.86112,3460.91568,104.4530399
3192.872329,3460.91568,104.4530399
3193.063532,3460.91568,104.4443451
3193.131875,3460.91568,104.4530399
3192.052937,3459.807838,104.4530399
3193.131875,3460.91568,104.4530399
3193.084995,3460.91568,104.4530399
3192.688149,3459.845223,104.4530399
3193.131875,3460.91568,104.4530399
3192.700458,3459.728384,104.4530399
3193.131875,3460.91568,104.4530399
3193.131875,3460.212893,104.4530399
3193.131875,3460.91568,104.4530399
3191.965906,3460.086055,104.4530399
3193.131875,3460.91568,104.4530399
3193.131875,3460.91568,104.4530399
3193.131875,3460.91568,104.4530399
3193.131875,3459.661715,104.4530399
3193.024012,3460.91568,104.4530399
3193.131875,3459.76576,104.4530399
3193.131875,3459.632141,104.4530399
3193.131875,3460.91568,104.4530399
3192.883726,3460.91568,104.4530399
3193.131875,3460.91568,104.4530399
3193.131875,3459.779811,104.4530399
3193.131875,3460.91568,104.4530399
3193.115767,3460.91568,104.4530399
3193.131875,3460.682101,104.4530399
3193.131875,3459.779962,104.4530399
3193.131875,3458.950337,104.4530399
3189.983414,3460.91568,104.4530399
3192.929316,3460.91568,104.4530399
3193.131875,3460.91568,104.4530399
3193.077698,3460.91568,104.4530399
3192.776599,3459.608836,104.4530399
3192.78885,3459.066829,104.4530399
3193.131875,3460.91568,104.4530399
3192.745125,3460.667634,104.4530399
3193.131875,3460.91568,104.4530399
3193.131875,3459.151952,104.4530399
3192.358584,3460.91568,104.4530399
3193.062122,3460.91568,104.4530399
3192.998482,3460.91568,104.4530399
3193.131875,3460.91568,104.4530399
3192.82278,3460.687154,104.4530399
3193.131875,3459.764566,104.4530399
3193.131875,3458.486988,104.4530399
3192.78885,3460.91568,104.4530399
3193.131875,3458.756923,104.4530399
3192.939063,3459.680402,104.4530399
3193.131875,3460.55099,104.4530399
3193.131875,3456.328433,104.4530399
3192.9672,3460.91568,104.4530399
3192.967919,3460.91568,104.4530399
3193.131875,3459.878587,104.4530399
3193.010248,3460.91568,104.4530399
3193.131875,3457.274608,104.4530399
3193.131875,3458.612405,104.4530399
3193.131875,3460.91568,104.4530399
3193.131875,3460.91568,104.4530399
3193.131875,3460.91568,104.4530399
3193.045832,3460.91568,104.4458516
3193.131875,3460.91568,104.4530399
3193.131875,3460.91568,104.4530399
3193.131875,3460.91568,104.4530399
3193.131875,3460.91568,104.4530399
3193.075711,3460.91568,104.4530399
3193.131875,3460.91568,104.4530399
3193.131875,3460.116056,104.4530399
3193.131875,3460.91568,104.4530399
3193.131875,3459.591879,104.4530399
3193.131875,3459.655336,104.4355691
3192.999302,3460.91568,104.4530399
3193.131875,3460.91568,104.4530399
3193.131875,3460.91568,104.4530399
3193.131875,3459.642156,104.4530399
3193.131875,3458.324292,104.4530399
3193.131875,3457.211601,104.4530399
3193.131875,3460.91568,104.4530399
3193.131875,3456.081488,104.4530399
3193.131875,3459.744446,104.4530399
3192.610116,3460.322205,104.4530399
3192.671335,3460.91568,104.4152958
3193.131875,3460.91568,104.4530399
3193.013688,3460.386637,104.4530399
3193.131875,3460.91568,104.4530399
3189.270719,3460.91568,104.4424092
3193.131875,3459.539885,104.4530399
3193.131875,3459.491289,104.4530399
3193.113527,3457.487109,104.4530399
3193.131875,3457.175944,104.4530399
3192.254738,3456.071745,104.4530399
3193.131875,3460.880263,104.4530399
3193.131875,3460.91568,104.4530399
3193.131875,3459.731461,104.4530399
3193.087889,3460.91568,104.4530399
3192.964253,3460.91568,104.4530399
3193.131875,3459.606025,104.4530399
3193.131875,3460.91568,104.4530399
3193.131875,3460.91568,104.4530399
3193.131875,3457.318257,104.4530399
3193.110978,3459.590854,104.4530399
3440.064341,3634.333334,129.9673662
3440.19414,3635.55591,130.0992881
3439.921777,3635.55591,130.0976151
3440.161018,3634.27744,130.0881323
3439.229842,3630.334317,130.0992881
3440.150948,3635.55591,130.0992881
3440.106046,3632.04962,130.0992881
3438.376446,3629.579579,130.0992881
3439.540021,3622.54373,130.0992881
3438.66477,3631.509665,130.0992881
3438.047711,3632.312423,130.0992881
3439.772111,3622.000799,130.0992881
3440.05229,3634.70235,129.9869096
3439.143514,3633.164483,130.0979139
3439.570153,3633.281958,130.0818995
3440.038985,3628.364669,130.0946477
3440.19414,3632.147621,130.0992881
3439.258701,3619.391543,130.0992881
3438.792903,3630.285825,130.0992881
3439.37111,3630.958434,130.0992881
3440.117071,3635.55591,130.0967861
3440.19414,3635.55591,130.0992881
3440.064176,3635.55591,130.0961203
3440.19414,3635.55591,130.0992881
3440.05565,3635.55591,130.0992881
3440.19414,3635.55591,130.0992881
3439.487053,3635.55591,130.0992881
3440.19414,3635.55591,130.0992881
3440.19414,3634.303119,130.0992881
3440.19414,3633.275826,130.0992881
3440.19414,3635.55591,129.8924935
3440.19414,3635.55591,130.0992881
3440.19414,3635.55591,130.0992881
3440.043145,3635.55591,130.0845566
3440.19414,3635.55591,130.0992881
3440.19414,3635.55591,130.0992881
3439.906183,3635.55591,130.0992881
3440.00978,3634.149682,130.0875307
3440.19414,3635.55591,130.0992881
3440.19414,3635.55591,130.0992881
3440.19414,3633.050749,130.0992881
3440.19414,3635.55591,130.0992881
3439.575376,3631.599396,130.0924413
3440.119728,3635.55591,130.0992881
3440.19414,3635.55591,130.088342
3438.558774,3635.55591,130.0992881
3440.157728,3635.55591,130.0767812
3439.771948,3634.290081,130.0992881
3440.19414,3634.375765,130.0992881
3440.19414,3631.968192,130.0992881
3440.19414,3634.317327,130.0992881
3440.054746,3633.121606,130.0992881
3439.298863,3633.242406,130.0992881
3439.59492,3635.036007,130.0992881
3439.823886,3635.55591,130.0979048
3439.973935,3635.55591,129.9318512
3440.162725,3634.290081,130.0992881
3440.19414,3635.55591,130.0992881
2570.017794,1364.688127,96.75898487
2570.063826,1365.352459,96.77751082
2570.067859,1363.484285,96.77751082
2570.067859,1365.672052,96.77751082
2569.993303,1365.371416,96.77751082
2569.976115,1365.24883,96.77751082
2569.885445,1365.472133,96.7560375
2570.067859,1365.672052,96.77469988
2570.067859,1365.485426,96.77751082
2569.928252,1365.47881,96.77751082
2570.067859,1365.374511,96.77751082
2570.067859,1364.518287,96.77751082
2570.067859,1365.517402,96.77751082
2570.067859,1364.619453,96.77751082
2569.46694,1365.410758,96.77751082
2569.805959,1365.232132,96.77751082
2569.386176,1364.746858,96.7629532
2570.047049,1365.672052,96.77751082
2570.067859,1365.672052,96.75898487
2568.643659,1364.96715,96.77751082
2570.067859,1365.672052,96.77751082
2570.067859,1365.672052,96.77751082
2570.067859,1365.239703,96.77751082
2570.067859,1365.504711,96.77751082
2570.067859,1365.241332,96.77751082
2569.803816,1365.672052,96.77751082
2569.969368,1365.672052,96.77751082
2570.016772,1365.672052,96.77294202
2570.067859,1365.672052,96.77751082
2570.067859,1365.672052,96.77751082
2570.067859,1365.672052,96.77751082
2570.067859,1365.672052,96.77751082
2570.067859,1365.672052,96.77751082
2568.421389,1365.672052,96.77751082
2570.067859,1365.672052,96.77751082
2570.067859,1365.672052,96.77751082
2569.97275,1365.672052,96.77751082
2570.02208,1365.672052,96.77751082
2570.067859,1365.672052,96.77751082
2570.067859,1365.672052,96.77367687
2570.067859,1365.672052,96.77751082
2570.067859,1365.672052,96.77751082
2570.067859,1365.672052,96.77751082
2570.067859,1365.672052,96.77751082
2570.067859,1365.672052,96.77751082
2570.067859,1365.672052,96.77751082
2570.067859,1365.652208,96.77751082
2570.049328,1365.672052,96.77751082
2570.04446,1365.672052,96.77751082
2568.183413,1365.672052,96.77751082
2570.067859,1365.672052,96.77751082
2570.067859,1365.672052,96.77751082
2570.067859,1365.672052,96.77751082
2570.067859,1365.672052,96.77751082
2570.067859,1365.672052,96.77751082
2570.067859,1365.672052,96.77751082
2570.067859,1365.672052,96.77751082
2570.067859,1365.672052,96.77751082
2570.067859,1365.672052,96.77751082
2569.973165,1365.659655,96.77751082
2568.141283,1365.672052,96.77751082
2569.836048,1365.672052,96.77751082
2570.067859,1365.672052,96.77751082
2570.067859,1365.672052,96.77751082
2570.067859,1365.672052,96.77751082
2570.067859,1365.672052,96.77751082
2570.067859,1365.672052,96.77751082
2570.006775,1365.672052,96.77751082
2570.067859,1365.672052,96.77751082
2570.067859,1365.672052,96.77751082
2570.067859,1365.672052,96.77751082
2570.067859,1365.672052,96.77751082
2570.067859,1365.672052,96.77751082
2570.067859,1365.672052,96.77751082
2570.067859,1365.672052,96.77751082
2570.067859,1365.672052,96.77751082
2569.97183,1365.672052,96.77751082
2570.031929,1365.672052,96.77751082
2570.067859,1365.468692,96.77751082
2569.99341,1365.672052,96.76573989
2570.067859,1365.672052,96.77751082
2569.912601,1365.672052,96.77751082
2569.9897,1365.35655,96.77751082
2570.067859,1365.672052,96.77751082
2570.044259,1365.672052,96.77751082
2570.067859,1365.186215,96.77751082
2570.067859,1365.672052,96.77751082
2569.925246,1365.672052,96.77183925
2569.954781,1365.108139,96.77666839
2569.983295,1365.672052,96.50947929
2569.983712,1365.672052,96.77751082
2569.985049,1365.654747,96.77751082
2569.867718,1365.368546,96.77751082
2570.067859,1365.540815,96.77751082
2570.067859,1364.934188,96.77751082
2570.067859,1365.485099,96.77751082
2570.067859,1365.541327,96.77751082
2570.067859,1365.119345,96.77751082
2570.015265,1365.081537,96.77751082
2569.453805,1365.186875,96.77751082
2570.000907,1365.672052,96.77751082
2569.980129,1365.579639,96.77751082
2570.056772,1365.672052,96.77751082
2569.805035,1365.281713,96.77654707
2570.067859,1364.907822,96.68738099
2570.067859,1365.414371,96.77751082
2570.067859,1364.959019,96.77751082
2570.067859,1365.527089,96.77751082
2569.736271,1365.075874,96.77751082
2569.89066,1365.171339,96.52773879
2569.981712,1365.456654,96.77751082
2570.067859,1365.672052,96.77751082
2569.707701,1365.33755,96.77751082
2570.067859,1365.406223,96.77751082
2569.920351,1364.904034,96.77751082
2569.938743,1364.661072,96.77751082
2569.627581,1364.523462,96.77751082
2569.687664,1364.543735,96.77751082
2570.067859,1364.868657,96.77751082
2568.925293,1364.46154,96.77751082
2570.067859,1365.375575,96.77751082
2570.050646,1365.320399,96.77751082
2570.034971,1363.956595,96.77751082
2570.000683,1364.909667,96.77751082
2570.067859,1364.658066,96.77751082
2570.067859,1364.573395,96.77751082
2567.803075,1364.32749,96.77751082
2570.067859,1365.40552,96.77751082
2570.067859,1365.672052,96.77751082
2570.067859,1365.672052,96.77751082
2569.779175,1365.564779,96.77751082
2570.008693,1365.672052,96.77751082
2569.984738,1365.672052,96.77751082
2570.043628,1365.529586,96.77751082
2569.848444,1365.458434,96.77751082
2569.946356,1364.997227,96.77751082
2570.067859,1365.672052,96.77751082
2570.067859,1365.51454,96.77751082
2570.067859,1365.515855,96.77751082
2570.067859,1365.672052,96.77751082
2570.063826,1365.672052,96.77751082
2570.03621,1365.672052,96.77751082
2570.067859,1365.672052,96.77751082
2570.067859,1365.672052,96.77751082
2570.052523,1365.170299,96.77751082
2570.067859,1365.672052,96.77751082
2569.70364,1365.540304,96.77751082
2570.067859,1365.672052,96.77751082
2570.067859,1365.535221,96.77751082
2570.066321,1365.058949,96.77751082
2570.067859,1365.672052,96.77751082
2569.994904,1365.672052,96.76627694
2570.00784,1365.672052,96.77751082
2570.067859,1365.672052,96.77751082
2570.032637,1365.672052,96.77751082
2570.067859,1365.46234,96.77751082
2568.686095,1365.672052,96.77751082
2570.067859,1365.407359,96.77751082
2570.067859,1365.34953,96.77751082
2570.067859,1365.672052,96.77751082
2570.051934,1365.044489,96.71918764
2570.04704,1365.17748,96.75993341
2569.687083,1365.584628,96.7190433
2570.067859,1365.672052,96.77751082
2569.917663,1365.485746,96.77751082
2569.676105,1365.672052,96.77751082
2568.693389,1365.15872,96.77751082
2569.97778,1364.425964,96.69991036
2570.067859,1365.496234,96.77751082
2569.565063,1364.871681,96.77751082
2569.54134,1365.197089,96.77751082
2569.930873,1365.049568,96.77751082
2570.067859,1365.219802,96.77751082
2570.034056,1365.672052,96.77723958
2568.44191,1365.594879,96.77751082
2570.067859,1365.575671,96.72127088
2569.954676,1365.672052,96.77751082
2570.067859,1365.464625,96.77751082
2570.067859,1365.250169,96.7190433
2570.067859,1365.489365,96.77751082
2570.067859,1364.690379,96.77751082
2569.135429,1364.677574,96.77751082
2569.976779,1364.656392,96.77751082
2569.722287,1365.570475,96.77751082
2569.90922,1365.349464,96.77751082
2569.244214,1365.672052,96.77751082
2569.818621,1365.425444,96.77751082
2570.067859,1364.906731,96.77751082
2570.067859,1365.506355,96.77751082
2570.067859,1364.499574,96.77751082
2569.931883,1365.1194,96.77751082
2570.058888,1364.956127,96.77751082
2569.971374,1364.386804,96.77420388
2569.811587,1365.672052,96.77751082
2569.711582,1365.672052,96.77751082
2570.067859,1365.349464,96.77751082
2570.067859,1365.672052,96.77751082
2570.067859,1365.672052,96.77751082
2570.067859,1365.672052,96.77751082
2570.067859,1365.233154,96.77751082
2570.067859,1365.486099,96.77751082
2570.01698,1364.243654,96.77751082
2570.067859,1365.533892,96.77751082
2569.983842,1364.941054,96.77751082
2569.381066,1365.672052,96.77751082
2569.637269,1365.486378,96.77751082
2570.061879,1365.672052,96.77751082
2570.067859,1365.672052,96.77751082
2570.067859,1365.672052,96.77751082
2570.067859,1365.672052,96.77751082
2570.067859,1365.090518,96.77751082
2570.067859,1365.342794,96.77751082
2569.980588,1364.400804,96.77751082
2570.060926,1365.672052,96.73600576
2570.036912,1365.672052,96.77751082
2569.03909,1365.457338,96.77751082
2570.067859,1365.672052,96.77751082
2567.517175,1365.672052,96.77751082
2570.067859,1365.672052,96.77751082
2570.067859,1365.5246,96.77751082
2570.067859,1365.672052,96.77751082
2570.067859,1364.99548,96.77751082
2569.658811,1365.672052,96.77751082
2569.731384,1364.693743,96.77751082
2569.865479,1365.672052,96.77751082
2569.177474,1365.672052,96.77751082
2570.014673,1365.359546,96.77751082
2570.067859,1365.566434,96.77751082
2570.030233,1365.672052,96.77751082
2570.067859,1365.672052,96.77751082
2570.067859,1365.513581,96.77751082
2570.067859,1365.080186,96.77751082
2570.067859,1365.568242,96.77751082
2570.067859,1365.611434,96.77751082
2570.067859,1365.672052,96.77751082
2569.99087,1365.394229,96.67367443
2569.924359,1365.672052,96.77638959
2569.76735,1365.672052,96.77751082
2570.04704,1365.672052,96.77751082
2570.067859,1365.672052,96.77751082
2570.067859,1365.553615,96.77751082
2570.067859,1365.542321,96.77751082
2570.067859,1365.067741,96.77751082
2570.067859,1365.672052,96.77751082
2570.067859,1365.566434,96.62479599
2569.826845,1365.5246,96.77751082
2570.042503,1365.634863,96.77751082
2570.047369,1365.5246,96.77751082
2569.987324,1365.672052,96.77751082
2570.067859,1365.244887,96.77751082
2570.067859,1365.672052,96.77751082
2570.067859,1364.68437,96.77751082
2570.067859,1365.5246,96.77751082
2569.222691,1364.782488,96.77751082
2570.067859,1365.369061,96.77751082
2570.067859,1364.973146,96.77635713
2569.804622,1365.590514,96.77751082
2570.067859,1365.672052,96.74353857
2570.067859,1365.672052,96.77751082
2570.038421,1365.672052,96.77751082
2570.067859,1365.672052,96.77751082
2569.706717,1365.672052,96.77751082
2570.049775,1365.672052,96.77751082
2570.067859,1365.5246,96.77751082
2569.904582,1365.347165,96.77751082
2570.067859,1365.414681,96.77751082
2569.953377,1365.672052,96.77751082
2570.030109,1365.672052,96.77142187
2570.067859,1365.321481,96.77751082
2566.896443,1365.672052,96.77638959
2570.067859,1365.672052,96.77751082
2570.067859,1365.672052,96.77751082
2570.067859,1365.672052,96.77751082
2570.067859,1365.49863,96.77751082
2570.067859,1365.672052,96.77751082
2570.067859,1365.672052,96.77751082
2569.741641,1365.672052,96.77751082
2570.067859,1365.672052,96.77751082
2570.015552,1365.672052,96.77751082
2569.911657,1365.672052,96.77751082
2569.707342,1365.672052,96.77751082
2570.067859,1365.672052,96.77751082
2570.067859,1365.672052,96.77751082
2570.067859,1365.672052,96.77751082
2570.067859,1365.672052,96.77751082
2570.067859,1365.672052,96.77751082
2570.002296,1365.645062,96.77751082
2570.067859,1365.645062,96.77751082
2569.927946,1365.672052,96.77751082
2570.067859,1365.672052,96.77751082
2570.067859,1365.672052,96.77751082
2570.067859,1365.672052,96.77751082
2570.067859,1365.672052,96.77751082
2570.067859,1365.672052,96.77751082
2570.067859,1365.672052,96.77751082
2570.067859,1365.672052,96.77751082
2570.067478,1365.672052,96.77751082
2570.013745,1365.672052,96.77751082
2570.067859,1365.672052,96.77751082
2569.826389,1365.672052,96.77751082
2570.067859,1365.672052,96.67367443
2569.965979,1365.672052,96.77751082
2570.067859,1365.672052,96.77751082
2570.067859,1365.672052,96.77751082
2570.067859,1365.547216,96.77751082
2570.067859,1365.672052,96.77751082
2570.043443,1365.371455,96.77751082
2569.866381,1365.399343,96.77751082
2570.067859,1365.672052,96.77751082
2570.067859,1365.672052,96.7648182
2570.023732,1365.222263,96.77751082
2569.999257,1365.672052,96.77751082
2570.067859,1365.672052,96.50125748
2570.067859,1365.672052,96.77751082
2570.067859,1365.672052,96.77751082
2570.067859,1365.474191,96.77751082
2570.067859,1365.672052,96.77751082
2570.002066,1365.166024,96.77751082
2569.780472,1365.672052,96.77751082
2570.028279,1365.672052,96.77751082
2570.067859,1365.49001,96.77751082
2570.067859,1365.672052,96.77751082
2570.067859,1365.672052,96.77099121
2570.067859,1365.672052,96.77751082
2570.067859,1365.672052,96.77751082
2570.067859,1365.415295,96.77751082
2570.067859,1365.575671,96.77751082
2569.545613,1365.385903,96.7757892
2570.067859,1365.368867,96.77751082
2569.878577,1365.641505,96.77751082
2570.067859,1365.288743,96.77751082
2569.45635,1365.562794,96.77751082
2570.067859,1365.414681,96.77751082
2570.067859,1365.672052,96.77751082
2570.067859,1365.285174,96.77751082
2570.067859,1365.672052,96.77751082
2570.067859,1365.396807,96.77751082
2570.067859,1365.491906,96.77751082
2569.889393,1365.09542,96.77751082
2570.023119,1365.429485,96.77751082
2570.067859,1365.672052,96.77751082
2567.24282,1365.439253,96.77751082
2570.067859,1365.672052,96.77751082
2567.486506,1365.482319,96.77751082
2570.067859,1365.672052,96.77751082
2570.067859,1365.053813,96.77751082
2570.067859,1365.542467,96.77751082
2570.052972,1365.672052,96.77751082
2569.969428,1364.955023,96.77751082
2569.860449,1365.489551,96.77751082
2570.067859,1364.892035,96.7652046
2570.067859,1365.423333,96.77751082
2569.581643,1365.672052,96.23011873
2570.028468,1365.489119,96.77751082
2569.923257,1365.616077,96.77751082
2569.901326,1365.361941,96.77751082
2570.067859,1365.672052,96.77751082
2570.067859,1365.004986,96.77751082
2570.067859,1365.672052,96.77751082
2569.492608,1365.672052,96.71872743
2570.067859,1365.672052,96.77751082
2570.035235,1365.672052,96.77751082
2570.067859,1365.672052,96.77751082
2570.067859,1365.672052,96.77751082
2570.055502,1365.197485,96.77751082
2570.067859,1365.542321,96.77751082
2569.412719,1365.153721,96.77751082
2570.067859,1365.451708,96.77751082
2570.067859,1365.672052,96.77751082
2566.780615,1365.324248,96.77751082
2570.065135,1365.265758,96.77751082
2569.948528,1365.672052,96.77751082
2570.067859,1365.535265,96.77751082
2570.051893,1365.672052,96.77751082
2570.067859,1365.672052,96.77751082
2570.067859,1365.672052,96.77751082
2570.067859,1365.672052,96.77751082
2570.067859,1365.672052,96.77751082
2570.062824,1365.672052,96.77751082
2570.067859,1365.672052,96.77751082
2569.743757,1365.672052,96.77751082
2570.067859,1365.672052,96.77751082
2570.067859,1365.672052,96.77751082
2570.067859,1365.473,96.77751082
2569.721588,1365.672052,96.73455859
2570.067859,1365.426168,96.77751082
2570.067859,1365.672052,96.77751082
2570.067859,1365.672052,96.77751082
2570.067859,1365.672052,96.77751082
2570.05975,1364.63304,96.77751082
2570.017615,1365.672052,96.77751082
2570.067859,1365.484722,96.77364748
2569.745071,1365.456948,96.77751082
2570.009659,1365.672052,96.77751082
2570.005546,1365.581493,96.77751082
2570.067859,1365.672052,96.77751082
2570.067859,1364.926709,96.77751082
2570.067859,1365.343251,96.77751082
2570.067859,1365.352144,96.77751082
2570.067859,1365.407395,96.77751082
2568.554421,1365.672052,96.77751082
2568.6899,1365.339386,96.77751082
2570.016778,1365.455978,96.77751082
2569.880482,1365.672052,96.23011873
2569.860546,1365.672052,96.77751082
2569.582707,1365.455978,96.77597696
2570.067859,1365.311907,96.77751082
2570.067859,1364.760004,96.77751082
2570.067859,1365.183794,96.77751082
2570.067859,1365.344981,96.77751082
2569.673199,1365.033555,96.77751082
2570.015947,1365.305289,96.77751082
2570.019525,1363.772409,96.77751082
2569.096606,1365.110517,96.72906533
2570.067859,1365.224139,96.77751082
2569.56664,1365.009162,96.77751082
2570.067859,1365.569573,96.77751082
2570.040418,1364.416238,96.77751082
2570.002381,1365.234652,96.77751082
2569.826847,1363.324543,96.77751082
2570.067859,1363.628745,96.77751082
2570.066507,1364.01054,96.77751082
2570.010406,1365.574044,96.77751082
2570.067859,1365.672052,96.77038649
2567.840739,1365.672052,96.77751082
2570.067859,1365.672052,96.77751082
2570.062824,1365.537273,96.77751082
2570.010481,1365.672052,96.77054593
2570.067859,1365.672052,96.77751082
2570.067859,1365.328532,96.77751082
2570.067859,1365.464646,96.77751082
2569.817667,1365.443118,96.77751082
2569.989804,1365.071005,96.77228989
2569.967735,1365.568823,96.77751082
2569.973059,1365.672052,96.77539646
2569.830935,1365.599738,96.77231195
2569.879574,1365.432713,96.77751082
2570.067859,1365.641938,96.77751082
2570.067859,1365.441166,96.77751082
2570.067859,1365.672052,96.77751082
2569.701811,1365.206019,96.77751082
2570.067859,1365.46913,96.77751082
2570.060627,1365.128329,96.7698146
2570.067859,1365.672052,96.77751082
2569.943836,1365.672052,96.77751082
2570.067859,1365.284031,96.77751082
2569.958129,1365.616705,96.77751082
2570.067859,1365.672052,96.77751082
2570.067859,1365.672052,96.77751082
2570.067859,1365.246393,96.77751082
2570.067859,1365.373568,96.77583222
2570.067859,1365.672052,96.77751082
2570.067859,1365.273462,96.77751082
2570.067859,1365.672052,96.77751082
2931.091953,1778.379999,162.6561613
2931.599121,1778.379999,162.6561613
2931.549789,1778.379999,162.6561613
2931.599121,1778.379999,162.6561613
2931.599121,1778.379999,162.6561613
2931.599121,1778.379999,162.6561613
2931.599121,1778.379999,162.6561613
2931.525991,1778.256763,162.6561613
2931.599121,1778.379999,162.6561613
2931.466715,1777.766328,162.6561613
2930.985559,1778.214027,162.6561613
2931.599121,1778.379999,162.6561613
2931.36886,1778.259058,162.6561613
2931.580677,1777.900681,162.6561613
2931.599121,1778.270427,162.6561613
2931.599121,1778.379999,162.6561613
2931.599121,1778.379999,162.6561613
2931.391772,1778.379999,162.6561613
2931.466715,1778.091584,162.6561613
2931.148469,1776.156078,162.6271089
2931.596106,1778.26673,162.6403143
2930.747838,1778.184187,162.6561613
2931.532393,1778.204304,162.4563479
2931.493615,1775.158766,162.6561613
2931.599121,1778.071409,162.6561613
2931.599121,1778.142699,162.6561613
2931.393405,1776.848963,162.6561613
2931.599121,1778.250093,162.6561613
2931.403819,1776.721532,162.6561613
2931.448872,1777.128159,162.6561613
2931.077674,1778.345862,162.6561613
2931.599121,1777.637952,162.6280535
2931.599121,1778.379999,162.6561613
2931.558284,1778.379999,162.6561613
2931.599121,1778.379999,162.6561613
2931.599121,1778.270489,162.6561613
2931.599121,1778.216932,162.6336986
2931.284516,1778.379999,162.6561613
2931.599121,1778.379999,162.6561613
2931.599121,1778.379999,162.6561613
2931.599121,1777.808548,162.6561613
2931.599121,1778.267528,162.6561613
2931.46937,1778.255427,162.6255482
2931.599121,1777.540099,162.6561613
2930.976947,1778.014867,162.6561613
2931.510499,1778.379999,162.6561613
2931.599121,1778.379999,162.6561613
2931.423834,1778.379999,162.6561613
2931.599121,1778.379999,162.6561613
2931.284516,1778.379999,162.6561613
2931.599121,1778.379999,162.6561613
2931.090339,1778.379999,162.6561613
2931.556383,1778.379999,162.6455161
2931.599121,1778.379999,162.6561613
2931.538118,1778.379999,162.6561613
2931.553643,1778.266375,162.6561613
2931.599121,1778.379999,162.6561613
2931.599121,1778.379999,162.6561613
2026.646232,1398.74864,132.3189877
2026.686116,1398.74864,132.3189877
2026.686116,1398.74864,132.3189877
2026.686116,1398.74864,132.3189877
2026.686116,1398.74864,132.3189877
2026.628431,1398.74864,132.3189877
2026.619996,1398.74864,132.3189877
2026.686116,1398.74864,132.2912829
2026.686116,1398.74864,132.3189877
2026.686116,1398.74864,132.3189877
2026.686116,1398.74864,132.3189877
2026.686116,1398.74864,132.3189877
2026.686116,1398.74864,132.3189877
2026.424696,1398.74864,132.3189877
2026.686116,1398.74864,132.3033155
2026.537275,1398.74864,132.3189877
2026.686116,1398.74864,132.3189877
2026.686116,1398.74864,132.3075837
2026.686116,1398.74864,132.3189877
2026.686116,1398.74864,132.3189877
2026.686116,1398.74864,132.3189877
2026.686116,1398.74864,132.3189877
2026.686116,1398.74864,132.3189877
2026.686116,1398.74864,132.3189877
2026.676785,1398.706628,132.3189877
2026.540115,1398.74864,132.3189877
2026.686116,1398.74864,132.307795
2026.503123,1398.618409,132.3189877
2026.646173,1398.74864,132.3189877
2026.686116,1398.74864,132.3189877
2026.686116,1398.74864,132.3189877
2026.686116,1398.74864,132.3189877
2026.686116,1398.521622,132.3189877
2026.686116,1398.74864,132.3189877
2026.686116,1398.74864,132.2888526
2026.453563,1398.29472,132.3189877
2026.686116,1398.74864,132.3189877
2026.681515,1398.74864,132.3189877
2026.686116,1398.659893,132.3189877
2026.686116,1398.211976,132.3189877
2026.527733,1398.26825,132.3189877
2026.55647,1398.176828,132.3189877
2026.686116,1398.27615,132.3189877
2026.686116,1398.174891,132.3189877
2026.686116,1398.347536,132.3189877
2026.454545,1397.26904,132.3172888
2026.39953,1398.256799,132.3189877
2026.430777,1398.218745,132.2898811
2026.413501,1398.017255,132.3002601
2026.386053,1398.395502,132.3189877
2026.136829,1397.36386,132.3189877
2026.262362,1398.053146,132.3189877
2026.616745,1398.140805,132.3189877
2026.531387,1397.977716,132.2899353
2026.117586,1398.161488,132.3189877
2026.561617,1397.248137,132.3189877
2026.551558,1398.518138,132.3189877
2025.767822,1398.073158,132.3189877
2026.521922,1397.947078,132.3189877
2026.562219,1397.957171,132.1545202
2026.627599,1398.330647,132.3189877
2026.686116,1398.702257,132.2947905
2026.686116,1398.346988,132.3189877
2026.686116,1398.74864,132.3189877
2026.686116,1398.74864,132.3189877
2026.686116,1398.74864,132.3189877
2026.359877,1398.654626,132.3189877
2026.35788,1398.74864,132.3189877
2026.686116,1398.369619,132.3189877
2026.686116,1398.74864,132.3189877
2026.686116,1398.74864,132.3189877
2025.85243,1398.74864,132.3189877
2026.686116,1398.74864,132.3189877
2026.686116,1398.74864,132.3189877
2026.686116,1398.74864,132.3189877
2026.686116,1398.610527,132.3189877
2026.686116,1398.74864,132.2267198
2026.637151,1398.74864,132.3189877
2026.6828,1398.714544,132.3189877
2026.632683,1398.74864,132.3189877
2026.56452,1398.130372,132.3189877
2025.442135,1398.352174,132.2645742
2026.686116,1398.74864,132.3189877
2026.686116,1398.74864,132.3189877
2026.686116,1398.74864,132.3189877
2026.681798,1398.74864,132.3189877
2026.629373,1398.74864,132.3189877
2026.606033,1398.74864,132.3189877
2026.369793,1398.74864,132.3125924
2026.686116,1398.74864,132.3189877
2026.679159,1398.601169,132.3189877
2026.686116,1398.643261,132.3189877
2026.606126,1398.606538,132.3189877
2026.686116,1398.74864,132.3189877
2026.686116,1398.74864,132.3189877
2026.686116,1398.74864,132.3189877
2026.686116,1398.74864,132.3189877
2026.635081,1398.74864,132.3189877
2026.686116,1398.598295,132.3189877
2026.534722,1398.74864,132.3189877
2026.413333,1398.74864,132.3189877
2026.686116,1398.74864,132.3189877
2026.686116,1398.537078,132.3189877
2026.686116,1398.552324,132.3189877
2026.348106,1398.74864,132.3189877
2026.686116,1398.632488,132.3189877
2026.686116,1398.450211,132.3189877
2026.262698,1398.328672,132.3189877
2026.686116,1398.644794,132.3189877
2026.672162,1398.40444,132.3189877
2026.565882,1398.472861,132.2957344
2026.686116,1398.369619,132.3189877
2026.686116,1398.620017,132.3189877
2026.686116,1398.74864,132.3189877
2026.686116,1398.643444,132.3189877
2026.686116,1398.74864,132.3189877
2026.686116,1398.689409,132.3189877
2026.567092,1398.74864,132.3189877
2026.160908,1398.271951,132.3189877
2026.652252,1398.359725,132.3189877
2026.686116,1398.74864,132.3189877
2025.902149,1398.74864,132.2844912
2026.597733,1398.74864,132.3189877
2026.686116,1398.74864,132.3189877
2026.686116,1398.74864,132.3189877
2026.686116,1398.257596,132.3189877
2026.686116,1398.213153,132.3189877
2026.686116,1397.359479,132.3189877
2026.686116,1397.929875,132.3189877
2026.686116,1398.478205,132.3189877
2026.335946,1398.018954,132.2700978
2026.686116,1398.334171,132.3189877
2026.686116,1398.249181,132.2765797
2026.686116,1398.74864,132.3189877
2026.686116,1398.74864,132.3189877
2026.686116,1398.523729,132.3189877
2026.686116,1398.28338,132.3189877
2026.686116,1398.034392,132.3189877
2026.686116,1397.498286,132.3189877
2026.686116,1398.02324,132.3189877
2026.434595,1398.687276,132.3189877
2026.562757,1398.74864,132.3189877
2026.577728,1398.544951,132.3189877
2026.686116,1398.74864,132.3189877
2026.686116,1398.66321,132.3189877
2026.686116,1398.473956,132.3189877
2026.686116,1398.397591,132.3189877
2026.686116,1397.816861,132.3189877
2026.686116,1398.683925,132.317086
2026.686116,1398.093911,132.3189877
2026.180239,1398.614113,132.3189877
2026.685418,1398.488045,132.3189877
2026.348106,1398.493101,132.3189877
2026.686116,1398.74864,132.3189877
2026.686116,1398.74864,132.3189877
2026.686116,1398.74864,132.3189877
2026.686116,1398.74864,132.3189877
2026.686116,1398.74864,132.3189877
2026.686116,1398.620017,132.3189877
2026.686116,1398.613509,132.3189877
2026.686116,1398.74864,132.2615156
2026.686116,1398.74864,132.3189877
2026.385138,1398.74864,132.3057634
2026.598386,1398.74864,132.2551203
2026.686116,1398.580538,132.3189877
2026.686116,1398.74864,132.3189877
2026.686116,1398.74864,132.3189877
2026.686116,1398.74864,132.3189877
2026.686116,1398.74864,132.3189877
2026.686116,1398.615736,132.3189877
2026.233706,1398.603057,132.3189877
2026.44468,1398.74864,132.3189877
2026.686116,1398.74864,132.3011293
2026.637549,1398.74864,132.3189877
2026.686116,1398.74864,132.3189877
2026.664863,1398.74864,132.3189877
2026.686116,1398.74864,132.3189877
2026.458072,1398.66321,132.3189877
2026.686116,1398.461384,132.3189877
2026.686116,1398.74864,132.3189877
2026.578762,1398.145358,132.3189877
2026.686116,1398.74864,132.3189877
2026.644385,1398.74864,132.3189877
2026.686116,1398.74864,132.2921555
2026.665509,1398.625466,132.3189877
2026.500376,1398.535323,132.3189877
2026.686116,1398.526068,132.3189877
2026.659378,1398.74864,132.3189877
2026.686116,1398.684201,132.3189877
2026.686116,1398.292912,132.2671851
2026.655652,1398.596008,132.3189877
2026.686116,1398.585676,132.3189877
2026.445056,1398.101345,132.3189877
2026.323224,1398.74864,132.3189877
2026.53687,1398.46792,132.3189877
2026.66905,1397.933439,132.2940281
2026.686116,1398.74864,132.3189877
2026.349979,1398.468194,132.3189877
2026.271814,1398.74864,132.3189877
2026.678192,1398.147969,132.3189877
2026.56448,1398.672872,132.3189877
2026.524413,1397.998533,132.3189877
2026.433514,1398.615736,132.3189877
2026.52981,1398.74864,132.3189877
2026.608814,1398.74864,132.3103126
2026.640797,1398.559022,132.3189877
2026.686116,1398.67269,132.3189877
2026.490958,1398.74864,132.3189877
2026.686116,1398.74864,132.3189877
2026.671519,1398.74864,132.3189877
2026.686116,1398.615736,132.3189877
2026.686116,1398.74864,132.3189877
2026.686116,1398.74864,132.3189877
2026.571651,1398.74864,132.2853954
2026.686116,1398.74864,132.3189877
2026.610338,1398.74864,132.3189877
2026.686116,1398.74864,132.3189877
2026.686116,1398.74864,132.3189877
2026.686116,1398.74864,132.3189877
2026.686116,1398.74864,132.3189877
2026.686116,1398.74864,132.3189877
2026.686116,1398.74864,132.3189877
2026.423443,1398.74864,132.3189877
2026.64476,1398.74864,132.3189877
2026.686116,1398.74864,132.3189877
2026.211006,1398.74864,132.3189877
2026.686116,1398.74864,132.3103126
2026.686116,1398.74864,132.3189877
2026.686116,1398.74864,132.3189877
2026.686116,1398.74864,132.3189877
2026.686116,1398.74864,132.3189877
2026.686116,1398.74864,132.3189877
2026.520195,1398.74864,132.2934962
2026.686116,1398.74864,132.3189877
2026.686116,1398.74864,132.3189877
2026.686116,1398.294983,132.3189877
2026.679119,1398.74864,132.3089315
2026.686116,1398.74864,132.3189877
2026.686116,1398.74864,132.3189877
2026.686116,1398.74864,132.3189877
2026.686116,1398.74864,132.3189877
2026.686116,1398.74864,132.3189877
2026.686116,1398.74864,132.3189877
2026.686116,1398.74864,132.3189877
2026.634088,1398.74864,132.3189877
2026.644057,1398.74864,132.3189877
2026.686116,1398.511031,132.3189877
2026.288654,1398.683375,132.28606
2026.686116,1398.74864,132.3189877
2026.658003,1398.74864,132.3189877
2026.686116,1398.74864,132.3189877
2026.686116,1398.74864,132.3189877
2026.686116,1398.51293,132.3189877
2026.686116,1398.74864,132.3189877
2026.651909,1398.516717,132.3189877
2026.674857,1398.74864,132.3189877
2026.575467,1398.74864,132.3189877
2026.054706,1398.74864,132.3189877
2026.585015,1398.422174,132.3189877
2026.686116,1398.74864,132.3189877
2026.686116,1398.74864,132.3189877
2026.686116,1398.74864,132.3189877
2026.658808,1398.74864,132.3189877
2026.586753,1398.156043,132.3189877
2026.64427,1398.487029,132.3189877
2026.643091,1398.74864,132.3189877
2026.656627,1398.74864,132.3133314
2026.686116,1398.478303,132.3189877
2026.686116,1398.62197,132.3189877
2026.629072,1398.74864,132.3189877
2026.686116,1398.516343,132.3189877
2026.686116,1398.660704,132.3189877
2026.686116,1398.563523,132.3189877
2026.686116,1398.201885,132.3189877
2026.584678,1398.294914,132.3189877
2026.598974,1398.74864,132.3189877
2026.435272,1398.528929,132.3189877
2026.686116,1398.693298,132.3189877
2026.45977,1398.399309,132.2582405
2026.686116,1398.74864,132.3189877
2026.663168,1398.63892,132.3189877
2026.686116,1398.615736,132.3189877
2026.686116,1398.452779,132.3189877
2026.494733,1398.438942,132.3189877
2026.686116,1398.579343,132.3189877
2026.681558,1398.640377,132.3189877
2026.683164,1398.74864,132.3189877
2026.639837,1398.421675,132.3189877
2026.686116,1398.578125,132.3189877
2026.686116,1398.645417,132.3189877
2026.418619,1398.630118,132.3189877
2026.658808,1398.499585,132.3189877
2026.359844,1398.661056,132.3189877
2026.686116,1398.74864,132.3189877
2026.686116,1398.74864,132.3189877
2026.601987,1398.607144,132.3189877
2026.657774,1398.74864,132.3189877
2026.537804,1398.67269,132.3189877
2026.686116,1398.74864,132.28606
2026.686116,1398.74864,132.3189877
2026.686116,1398.67269,132.3189877
2026.686116,1398.549797,132.3189877
2026.686116,1398.508426,132.3189877
2026.686116,1398.74864,132.3189877
2026.686116,1398.111931,132.3189877
2026.680604,1398.294751,132.3189877
2026.686116,1398.596008,132.3189877
2026.616755,1398.74864,132.3189877
2026.596841,1398.74864,132.1160204
2026.686116,1398.74864,132.3189877
2026.653848,1398.74864,132.3189877
2026.686116,1398.631168,132.3189877
2026.686116,1398.495299,132.3189877
2026.686116,1398.238212,132.3189877
2026.191746,1398.407194,132.3189877
2026.281122,1398.677986,132.3189877
2026.598965,1398.513806,132.3189877
2026.423609,1398.677986,132.3189877
2026.51117,1398.74864,132.2366587
2026.281122,1398.74864,132.3189877
2026.683327,1398.74864,132.3189877
2026.686116,1398.74864,132.3043496
2026.686116,1398.506979,132.3091742
2026.686116,1398.74864,132.3189877
2026.686116,1398.74864,132.3189877
2026.686116,1398.542549,132.3189877
2026.686116,1398.242552,132.3187304
2026.604267,1398.416206,131.8533072
2026.623711,1398.74864,132.2799731
2026.686116,1398.74864,132.317086
2026.686116,1398.74864,132.3189877
2026.686116,1398.74864,132.3189877
2026.686116,1398.639796,132.3189877
2026.686116,1398.478368,132.3189877
2026.686116,1398.674958,132.3189877
2026.648453,1398.672621,132.3189877
2026.686116,1398.308443,132.3189877
2026.686116,1398.74864,132.3189877
2026.686116,1398.352044,132.2609865
2026.686116,1398.74864,132.3189877
2026.676887,1398.74864,132.2738359
2026.686116,1398.664787,132.3189877
2026.686116,1398.74864,132.3189877
2026.611734,1398.74864,132.3189877
2026.686116,1398.74864,132.3189877
2026.686116,1398.505363,132.3189877
2026.686116,1398.74864,132.3189877
2026.634868,1398.509524,131.4751447
2026.583156,1398.42358,132.2930892
2026.686116,1398.74864,132.3189877
2026.686116,1398.74864,132.3189877
2026.686116,1398.74864,132.3189877
2026.686116,1398.668127,132.3189877
2026.686116,1398.29245,132.3189877
2026.686116,1398.74864,132.3189877
2026.686116,1398.74864,132.3189877
2026.686116,1398.74864,132.3189877
2026.312798,1398.480905,132.3046266
2026.676647,1398.74864,132.3189877
2026.072254,1398.517383,132.3189877
2026.686116,1398.183443,132.2850796
2026.686116,1398.74864,132.3189877
2026.473035,1398.698717,132.3189877
2026.686116,1398.74864,132.3189877
2026.686116,1398.501667,132.3189877
2026.686116,1397.718367,132.3189877
2026.686116,1398.543525,132.3189877
2026.686116,1398.465772,132.2934748
2026.522892,1398.466095,132.3044442
2026.686116,1398.74864,132.3189877
2026.686116,1398.74864,132.3189877
2026.686116,1398.712629,132.3189877
2026.681263,1398.335516,132.3189877
2026.59508,1398.74864,132.3189877
2026.686116,1398.713324,132.3189877
2026.686116,1398.488387,132.3189877
2026.686116,1398.579963,132.3189877
2026.301722,1398.677431,132.3189877
2026.686116,1398.74864,132.3189877
2026.333528,1398.4147,132.2493579
2026.666758,1398.74864,132.3189877
2025.813971,1398.74864,132.3189877
2026.503721,1398.740186,132.3189877
2026.686116,1398.74864,132.2799654
2026.686116,1398.74864,132.3189877
2026.686116,1398.74864,132.3189877
2026.686116,1398.74864,132.3189877
2026.434876,1398.74864,132.3189877
2026.225284,1398.74864,132.3189877
2026.672095,1398.74864,132.3187304
2026.479299,1398.74864,132.2910915
2026.686116,1398.74864,132.3189877
2026.686116,1398.74864,132.3189877
2026.663906,1398.74864,132.2898072
2026.686116,1398.74864,132.3189877
2026.686116,1398.74864,132.3189877
2026.686116,1398.74864,132.3189877
2026.686116,1398.74864,132.3189877
2026.686116,1398.59282,132.3189877
2026.686116,1398.536437,132.3189877
2026.260715,1398.74864,132.2234001
2026.208378,1398.525971,132.3189877
2026.640197,1398.550239,132.3189877
2026.352137,1398.74864,132.3189877
2026.686116,1398.74864,132.1168478
2026.686116,1398.74864,132.3189877
2026.686116,1398.74864,132.3189877
2026.686116,1398.632393,132.3189877
2026.686116,1398.475178,132.3189877
2026.686116,1398.74864,132.3189877
2026.555979,1398.74864,132.3132053
2026.653848,1398.74864,132.3189877
2026.658018,1398.74864,132.3189877
2026.686116,1398.468031,132.2048764
2026.686116,1398.74864,132.3189877
2026.648453,1398.497872,132.3189877
2026.686116,1398.652902,132.3189877
2026.686116,1398.662184,132.3189877
2026.558875,1398.150961,132.3189877
2026.686116,1398.744573,132.3189877
2026.629452,1398.522233,132.3189877
2026.62793,1398.640596,132.3189877
2026.344821,1398.652902,132.3147379
2026.290186,1398.038232,132.3189877
2026.686116,1398.593078,132.3189877
2026.587829,1398.570648,132.2764528
2026.686116,1398.71318,132.3189877
2026.686116,1398.323311,132.3189877
2026.686116,1398.534222,132.3189877
2026.653838,1398.402453,132.3189877
2026.686116,1398.440147,132.2878462
2026.434876,1398.74864,132.3189877
2026.295907,1397.745474,132.3189877
2026.547756,1398.525971,132.2681703
2026.275946,1398.075583,132.3189877
2026.685146,1398.74864,132.3189877
2026.686116,1398.580031,132.3189877
2026.686116,1398.703509,132.3189877
2026.686116,1398.569883,132.3189877
2026.686116,1398.74864,132.3189877
2026.682479,1398.4085,132.3189877
2026.575112,1398.553242,132.3189877
2026.578376,1398.303638,132.2708563
2026.645332,1398.74864,132.3189877
2026.686116,1397.873373,132.3189877
2026.614863,1398.65947,132.3187304
2026.686116,1398.74864,132.3189877
2026.686116,1398.74864,132.3070029
2026.642364,1398.546998,132.3189877
2026.686116,1398.74864,132.3189877
2026.686116,1398.74864,132.3189877
2026.364242,1398.33231,132.3189877
2026.428633,1398.74864,132.3189877
2026.434876,1398.74864,132.3189877
3088.163484,1596.189343,234.0094395
3088.44587,1596.189343,234.1459019
3088.40727,1596.189343,234.1459019
3088.212002,1596.189343,234.1459019
3088.44587,1596.189343,234.1459019
3088.44587,1596.189343,234.1459019
3088.44587,1596.189343,234.1459019
3087.971015,1596.189343,234.1459019
3088.44587,1596.189343,234.1459019
3088.277392,1596.189343,234.1459019
3088.44587,1596.189343,234.1459019
3088.44587,1596.189343,234.1459019
3088.44587,1596.189343,234.1459019
3088.149003,1596.189343,233.8903874
3088.332805,1596.189343,234.1459019
3088.44587,1596.189343,234.1459019
3088.44587,1596.189343,234.1459019
3088.44587,1596.189343,234.1459019
3088.44587,1596.189343,234.1014342
3088.009257,1595.643133,234.1459019
3088.44587,1596.189343,234.1459019
3088.435403,1596.189343,234.1459019
3088.292096,1596.189343,233.7939884
3088.44587,1596.189343,234.1459019
3088.212002,1596.189343,234.1459019
3088.44587,1596.189343,234.1459019
3088.44587,1596.189343,234.1459019
3088.397383,1596.189343,234.1459019
3088.44587,1596.189343,234.1459019
3088.083627,1596.10337,234.079898
3088.185009,1596.063965,234.0733549
3088.268779,1596.189343,234.1217887
3088.348402,1596.189343,234.1459019
3088.370036,1596.189343,234.1459019
3087.968093,1595.983341,234.0818493
3088.44587,1596.189343,234.0733549
3088.44587,1596.189343,234.1459019
3088.44587,1596.189343,234.1459019
3088.44587,1596.189343,234.1459019
3088.215498,1596.052482,234.1459019
3088.366503,1596.160524,234.1459019
3088.233433,1596.189343,234.1267429
3087.522877,1596.189343,234.1459019
3088.44587,1595.85077,234.1459019
3088.27495,1596.023739,234.1459019
3088.44587,1596.069663,234.0178164
3088.44587,1595.698944,234.1459019
3088.44587,1596.057789,234.1459019
3088.394835,1596.065736,234.1459019
3088.366885,1594.554472,234.1459019
3088.44587,1596.047085,234.1459019
3087.891308,1596.067046,234.1459019
3088.44587,1595.951471,234.1459019
3087.9393,1595.749825,234.1459019
3088.204036,1595.349267,233.4585109
3088.284557,1596.189343,234.1459019
3087.74485,1596.189343,234.1459019
3088.44587,1596.189343,234.1459019
2336.45872,1107.204795,206.2649968
2336.001855,1107.345152,206.2649968
2336.425513,1106.990024,206.2412785
2336.45872,1107.280405,206.1387104
2336.45872,1107.363017,206.2649968
2333.626829,1107.172494,206.0906717
2336.011761,1107.043374,206.2649968
2336.45872,1107.363017,206.2649968
2336.45872,1107.363017,206.2649968
2336.45872,1107.363017,206.2649968
2336.45872,1107.363017,206.2649968
2336.45872,1107.150681,206.2649968
2336.45872,1107.303726,206.2649968
2336.457659,1107.17778,206.2649968
2336.45872,1107.363017,206.2649968
2336.45872,1107.2928,206.2649968
2336.45872,1107.363017,206.2649968
2336.45872,1107.363017,206.2649968
2336.45872,1107.363017,206.1197445
2336.45872,1107.363017,206.2649968
2336.45872,1107.237447,206.2649968
2336.45872,1107.363017,206.2649968
2336.45872,1107.363017,206.2649968
2336.45872,1107.363017,206.2649968
2336.45872,1107.363017,206.2649968
2336.433785,1107.363017,206.2649968
2335.80206,1107.363017,206.2649968
2336.45872,1107.363017,206.2649968
2336.45872,1107.363017,206.2649968
2336.45872,1107.363017,206.2649968
2336.45872,1107.363017,206.2649968
2336.45872,1107.363017,206.2649968
2336.45872,1107.363017,206.2649968
2336.279809,1107.363017,206.2649968
2336.45872,1107.363017,206.2649968
2336.263426,1107.363017,206.2649968
2336.45872,1107.363017,206.2649968
2336.378959,1106.952977,206.2649968
2336.45872,1107.363017,206.2649968
2336.45872,1106.912014,206.2649968
2336.45872,1107.363017,206.2649968
2336.45872,1107.354758,206.2649968
2336.331535,1107.267635,206.2649968
2336.305798,1107.344195,206.2649968
2336.45872,1107.363017,206.2649968
2336.45872,1107.363017,206.2649968
2336.20429,1107.363017,206.2649968
2336.305798,1107.326557,206.2649968
2336.45872,1107.363017,206.2649968
2336.45872,1107.363017,206.2649968
2336.45872,1107.363017,206.2649968
2336.45872,1107.363017,206.2649968
2335.665773,1107.354476,206.2649968
2336.45872,1107.300525,206.2649968
2336.45872,1107.363017,206.2649968
2336.359539,1107.344195,206.1723532
2336.45872,1107.340944,206.2649968
2336.228348,1107.363017,206.1968241
2336.45872,1107.363017,206.2649968
2336.45872,1107.363017,206.2649968
2336.383527,1107.363017,206.2360582
2336.45872,1107.2803,206.2649968
2336.414077,1107.277307,206.2649968
2336.45872,1107.363017,206.2649968
2336.274416,1107.096637,206.2649968
2336.45872,1107.193083,206.2649968
2336.416879,1107.011701,206.2260713
2336.383527,1107.351209,206.2649968
2336.45872,1107.334989,206.2649968
2335.991184,1107.354689,206.141062
2336.45872,1107.286379,206.2649968
2336.45872,1107.338583,206.2649968
2336.45872,1107.353238,206.2649968
2336.399752,1107.280039,206.2649968
2336.45872,1107.189394,206.2603685
2336.397191,1107.297571,206.2083928
2335.844436,1107.079093,206.2649968
2335.1426,1107.319946,206.2649968
2336.399365,1106.89506,206.2649968
2336.45872,1107.160904,206.2649968
2336.45872,1107.363017,206.2649968
2335.198236,1107.278505,206.2649968
2336.45872,1107.32919,206.2649968
2336.45872,1107.353791,206.2649968
2336.122257,1107.206376,206.2649968
2336.45872,1107.363017,206.2649968
2336.17798,1107.363017,206.1303362
2336.184481,1107.363017,206.2649968
2336.438552,1107.346685,206.2649968
2336.101743,1107.298974,206.2649968
2336.45872,1107.358104,206.2649968
2336.45872,1107.280368,206.2649968
2336.45872,1107.217268,206.2649968
2336.45872,1107.325249,206.2649968
2336.45872,1107.329314,206.2649968
2336.45872,1107.353238,206.2649968
2336.0591,1106.982923,206.2649968
2336.370962,1107.351239,206.2649968
2336.45872,1107.141282,206.2649968
2336.399783,1107.363017,206.2649968
2336.427376,1107.363017,206.2649968
2336.45872,1107.363017,206.1197445
2336.45872,1107.33486,206.2649968
2336.45872,1107.363017,206.2649968
2336.45872,1107.363017,206.2649968
2336.45872,1107.358089,206.2649968
2336.409956,1107.094144,206.2649968
2336.45872,1107.363017,206.1378263
2336.433877,1107.363017,206.2521141
2336.45872,1106.734001,206.2649968
2336.370751,1107.363017,206.2649968
2336.45872,1107.363017,206.2649968
2336.45872,1107.363017,206.2649968
2335.842964,1107.363017,206.2649968
2336.45872,1107.321809,206.2649968
2336.45872,1107.363017,206.2649968
2336.387923,1106.950613,205.6079681
2336.45872,1107.363017,206.2649968
2336.219853,1107.256996,206.1158291
2336.45872,1107.363017,206.2649968
2336.45872,1107.363017,206.2649968
2336.45872,1107.363017,206.1879961
2336.45872,1107.363017,206.2649968
2336.307493,1107.363017,206.2649968
2336.45872,1107.363017,206.2649968
2336.45872,1107.363017,206.2649968
2336.452448,1107.363017,206.2649968
2336.45872,1107.363017,206.2649968
2336.45872,1106.915411,206.2649968
2336.45872,1107.268294,206.2649968
2336.45872,1107.363017,206.2649968
2334.936906,1107.363017,206.2649968
2336.45872,1107.363017,206.2649968
2336.45872,1107.119221,206.2649968
2336.45872,1107.315046,206.2649968
2336.45872,1107.363017,206.2649968
2334.722547,1107.309764,206.2649968
2336.45872,1107.363017,206.2649968
2336.347687,1107.363017,206.2649968
2336.45872,1107.363017,206.2649968
2336.45872,1107.363017,206.172293
2336.366328,1107.348347,206.0994906
2336.45872,1106.984762,206.2649968
2336.45872,1107.299469,206.2649968
2336.45872,1107.363017,206.2649968
2336.45872,1107.143294,206.2649968
2336.45872,1107.211868,206.2649968
2336.45872,1107.207509,206.2649968
2336.409877,1107.363017,206.2649968
2336.45872,1107.363017,206.2362587
2336.425142,1107.363017,206.2649968
2336.332029,1107.363017,206.1762149
2336.45872,1107.355033,206.2649968
2336.00243,1107.022443,206.2180027
2336.45872,1107.363017,206.2649968
2336.45872,1107.353468,206.2649968
2336.45872,1107.363017,206.2649968
2336.45872,1107.363017,206.2649968
2336.340658,1107.363017,206.2470551
2336.266639,1107.363017,206.2649968
2336.22206,1107.363017,206.2649968
2336.265017,1107.109042,206.2649968
2336.45872,1107.363017,206.2649968
2336.195913,1107.363017,206.2649968
2336.45872,1107.363017,206.2649968
2336.45872,1107.348347,206.2649968
2336.45872,1107.363017,206.2649968
2336.45872,1107.363017,206.2649968
2335.770791,1107.166641,206.2649968
2336.398304,1107.363017,206.2649968
2336.114886,1107.363017,206.2266611
2336.326752,1107.363017,206.2649968
2336.45872,1107.363017,206.2649968
2336.45872,1107.363017,206.2649968
2336.45872,1107.363017,206.2649968
2336.45872,1107.363017,206.2649968
2336.45872,1107.363017,206.2649968
2336.45872,1107.363017,206.2649968
2336.45872,1107.363017,206.2649968
2336.441627,1107.363017,206.2649968
2336.251985,1107.143818,206.2649968
2336.339156,1107.363017,206.2649968
2336.299131,1107.338107,206.2649968
2336.26463,1107.363017,206.2649968
2336.45872,1107.0614,206.2649968
2336.391124,1107.363017,206.2649968
2336.45872,1107.363017,206.2649968
2336.45872,1107.363017,206.2649968
2336.45872,1107.12106,206.2649968
2336.45872,1107.152113,206.2542513
2335.569864,1107.363017,206.2371456
2336.45872,1107.363017,206.210565
2336.319974,1107.258636,206.2649968
2336.45872,1107.223743,206.2555109
2336.45872,1107.363017,206.2649968
2336.45872,1107.324887,206.2649968
2336.45872,1107.357854,206.2649968
2336.45872,1107.254032,206.2649968
2336.410425,1106.512118,206.2649968
2336.45872,1107.322558,206.2649968
2335.749448,1107.363017,206.1916874
2336.251698,1107.363017,206.2132051
2336.45872,1107.254032,206.2649968
2336.45872,1107.36277,206.2163192
2336.30659,1107.350128,206.2544865
2336.320521,1107.293378,206.2110018
2336.45872,1107.363017,206.2649968
2336.45872,1107.363017,206.2649968
2336.219537,1107.199269,206.2649968
2336.45872,1107.363017,206.2649968
2336.300273,1107.363017,206.2431121
2336.45872,1107.35374,206.2649968
2336.439328,1107.30212,206.2649968
2336.449725,1107.172817,206.2132051
2336.45872,1107.226027,206.2649968
2336.45872,1107.218531,206.2649968
2336.45872,1107.363017,206.2649968
2336.45872,1106.881603,206.2649968
2336.45872,1107.315881,206.2649968
2336.45872,1107.255498,206.2649968
2335.814012,1107.242957,206.2649968
2336.45872,1107.338739,206.2649968
2336.45872,1107.337805,206.2649968
2336.45872,1107.363017,206.2649968
2336.371079,1107.297372,206.2649968
2336.45872,1107.363017,206.2649968
2336.45872,1107.35608,206.2649968
2336.45872,1107.321311,206.2649968
2336.45872,1107.245698,206.2649968
2336.45872,1107.363017,206.2649968
2336.193547,1107.152113,206.2649968
2336.325063,1107.263182,206.2649968
2335.702244,1107.092293,206.2492031
2336.322972,1107.363017,206.2649968
2336.393244,1107.363017,206.2649968
2335.649972,1107.293003,206.2649968
2336.45872,1107.363017,206.2649968
2335.812256,1107.363017,206.2649968
2336.45872,1107.182559,206.2649968
2336.45872,1107.363017,206.2649968
2336.261379,1107.345576,206.2649968
2336.382771,1107.363017,206.2649968
2336.046567,1107.280544,206.2649968
2335.976083,1107.363017,206.1886279
2336.45872,1107.362781,206.2521969
2335.918878,1107.363017,206.2649968
2336.45872,1107.363017,206.2649968
2336.450129,1107.015763,206.2649968
2336.45872,1107.35799,206.2649968
2336.45872,1107.363017,206.2649968
2335.258263,1107.363017,206.2649968
2336.402379,1107.271696,206.2567646
2336.377472,1107.356326,206.1410383
2336.250889,1107.363017,206.2649968
2336.320617,1107.363017,206.2148112
2335.543614,1107.229932,206.2649968
2336.45872,1107.363017,206.1228921
2336.45872,1107.1823,206.2649968
2336.45872,1107.340077,206.2649968
2336.45872,1107.363017,206.2649968
2336.45872,1107.363017,206.2649968
2336.45872,1107.363017,206.2649968
2336.219143,1107.281876,206.2649968
2336.096292,1107.363017,206.2649968
2336.325705,1107.363017,206.2649968
2336.184535,1107.363017,206.2649968
2336.45872,1107.363017,206.2649968
2336.45872,1107.363017,206.2649968
2336.45872,1107.327454,206.2649968
2336.45872,1107.363017,206.2649968
2336.327117,1107.363017,206.2649968
2336.45872,1107.363017,206.2649968
2335.77911,1107.363017,206.2649968
2336.186511,1107.147653,206.2169228
2336.45872,1107.204137,206.2649968
2336.102174,1107.363017,206.2649968
2336.209611,1107.363017,206.2649968
2336.45872,1107.363017,206.2649968
2336.45872,1107.363017,206.2649968
2336.45872,1107.363017,206.2649968
2336.45872,1107.363017,206.2649968
2336.45872,1107.363017,206.2649968
2336.287801,1107.355938,206.2649968
2336.299374,1107.353481,206.2649968
2336.435111,1107.363017,206.2132051
2336.034751,1107.363017,206.2476504
2336.45872,1107.363017,206.2649968
2336.45872,1107.363017,206.2649968
2336.45872,1107.352018,206.2649968
2336.45872,1107.363017,206.2649968
2336.45872,1107.317233,206.2649968
2336.45872,1107.346542,206.2649968
2336.45872,1107.355535,206.2649968
2336.425533,1107.315859,206.2649968
2336.45872,1107.363017,206.2649968
2336.45872,1107.357854,206.2649968
2336.303212,1107.313321,206.2550901
2336.45872,1107.363017,206.2649968
2336.448297,1107.363017,206.2649968
2336.45872,1107.363017,206.2649968
2336.45872,1107.342302,206.2649968
2336.45872,1107.297549,206.2649968
2336.45872,1107.359501,206.2649968
2336.45872,1107.112328,206.2649968
2336.45872,1107.019158,206.2649968
2336.30696,1107.363017,206.2649968
2336.45872,1107.363017,206.2649968
2336.241298,1107.363017,206.2649968
2336.45872,1107.1823,206.2649968
2336.378058,1107.363017,206.2649968
2336.45872,1107.363017,206.2649968
2336.45872,1107.363017,206.2649968
2335.237725,1107.363017,206.2649968
2335.715133,1107.363017,206.2649968
2336.45872,1107.067867,206.2649968
2336.181215,1107.363017,206.2649968
2336.070175,1107.13245,206.2649968
2336.389175,1107.363017,206.1759177
2336.370271,1107.363017,206.2649968
2336.45872,1107.363017,206.2649968
2336.45872,1107.25471,206.2649968
2336.45872,1107.363017,206.2649968
2336.45872,1107.363017,206.2649968
2336.45872,1107.363017,206.2649968
2336.45872,1107.363017,206.2649968
2336.260926,1107.363017,206.2649968
2336.45872,1107.363017,206.2649968
2336.439534,1107.363017,206.2649968
2336.398816,1107.363017,206.2649968
2336.45872,1107.363017,206.2649968
2336.45872,1107.363017,206.2649968
2336.323281,1107.363017,206.2649968
2336.45872,1107.363017,206.2649968
2336.45872,1107.363017,206.2649968
2336.294964,1107.363017,206.2649968
2336.45872,1107.363017,206.2649968
2336.208298,1107.363017,206.2649968
2336.417406,1107.363017,206.2649968
2336.45872,1107.363017,206.2649968
2336.232711,1107.363017,206.2649968
2336.323367,1107.353425,206.2649968
2336.45872,1107.353481,206.2649968
2336.45872,1107.363017,206.2649968
2336.45872,1107.363017,206.2649968
2336.45872,1107.363017,206.2649968
2336.45872,1107.363017,206.2649968
2336.172734,1107.363017,206.2649968
2336.358848,1107.363017,206.0745824
2336.45872,1107.363017,206.1928729
2336.45872,1107.363017,206.2649968
2334.958721,1107.363017,206.1896008
2336.45872,1107.363017,206.2649968
2336.45872,1107.363017,206.2649968
2336.428434,1107.363017,206.2367873
2336.157417,1107.363017,206.2649968
2335.55942,1107.277709,206.2649968
2336.45872,1107.363017,206.2649968
2336.45872,1107.363017,206.2649968
2335.914062,1107.182567,206.2649968
2336.45872,1107.353425,206.2649968
2336.360823,1107.363017,206.1551187
2336.325705,1107.35599,206.2649968
2336.45872,1107.363017,206.2649968
2336.45872,1107.363017,206.2649968
2336.45872,1107.363017,206.2649968
2336.45872,1107.209636,206.2649968
2334.550687,1107.078213,206.2649968
2336.45872,1107.345038,206.2649968
2335.964733,1107.061592,206.1687822
2336.45872,1107.363017,206.2649968
2335.964752,1107.363017,206.1883612
2335.051418,1107.344784,206.2194572
2336.45872,1107.363017,206.2649968
2336.302152,1107.363017,206.2649968
2336.45872,1107.363017,206.2649968
2336.45872,1107.27679,206.2649968
2336.45872,1107.26823,206.2649968
2336.45872,1107.265439,206.2649968
2336.058961,1107.274435,206.2649968
2336.45872,1107.363017,206.2408863
2335.703669,1107.363017,206.2649968
2336.041022,1107.292102,206.1719657
2336.45872,1107.363017,206.2649968
2336.45872,1107.363017,206.2649968
2336.45872,1107.363017,206.2649968
2336.45872,1107.363017,206.2649968
2336.45872,1107.363017,206.2649968
2336.45872,1107.363017,206.2649968
2336.019232,1107.095143,206.1721357
2335.943755,1107.363017,206.2649968
2336.400517,1107.363017,206.0633343
2336.314861,1106.943038,206.1393869
2336.434815,1107.363017,206.2649968
2335.55681,1107.354532,206.2649968
2336.422873,1107.363017,206.2649968
2336.451835,1107.363017,206.2649968
2336.45872,1107.363017,206.2649968
2336.45872,1107.363017,206.2649968
2336.026368,1105.837524,206.2649968
2336.295114,1107.363017,206.2649968
2336.326481,1107.062613,206.2649968
2335.999509,1107.363017,206.2649968
2336.45872,1107.363017,206.2649968
2336.371041,1107.18233,206.2649968
2336.45872,1107.363017,206.2649968
2336.45872,1107.363017,206.2649968
2336.45872,1107.363017,206.2649968
2336.45872,1105.837524,206.2649968
2336.102864,1107.363017,206.2649968
2336.261399,1107.18233,206.2649968
2336.054662,1107.363017,206.2649968
2336.244885,1107.208483,206.2649968
2336.45872,1107.363017,206.2649968
2335.916678,1107.363017,206.2649968
2336.36163,1107.363017,206.2649968
2336.45872,1107.363017,206.2649968
2336.207859,1107.363017,206.2649968
2336.45872,1107.363017,206.2649968
2336.333885,1107.348344,206.2649968
2336.45872,1107.363017,206.2649968
2336.451835,1107.363017,206.264934
2336.45872,1107.363017,206.2649968
2336.45872,1107.363017,206.2649968
2336.450871,1107.363017,206.2649968
2336.437528,1107.363017,206.2649968
2336.45872,1107.363017,206.2649968
2336.38214,1107.34258,206.2649968
2336.45872,1107.355634,206.2649968
2336.45872,1107.363017,206.2649968
2336.336992,1107.060053,206.2649968
2336.45872,1107.363017,206.1762149
2336.45872,1107.363017,206.2649968
2336.45872,1107.363017,206.2649968
2336.127901,1107.344941,206.2003867
2336.368516,1107.363017,206.2649968
2336.45872,1107.349968,206.2649968
2336.45872,1106.775725,206.2649968
2336.45872,1107.363017,206.2649968
2336.45872,1107.265403,206.2649968
2336.249117,1107.345474,206.0745824
2336.240427,1107.353363,206.2649968
2336.400321,1107.244479,206.2454308
2336.45872,1107.363017,206.2216272
2336.45872,1107.347165,206.2027589
2336.45872,1107.363017,206.1582129
2336.45872,1107.363017,206.2649968
2336.45872,1107.345038,206.2649968
2336.45872,1107.363017,206.2649968
2336.45872,1107.201536,206.2649968
2336.242642,1106.251957,206.2649968
2336.45872,1107.363017,206.2649968
2336.132294,1107.198362,205.8985832
2336.45872,1107.363017,206.2365616
2336.45872,1107.363017,206.2649968
7683.190076,1432.191066,252.5669201
7683.190076,1432.204115,252.5669201
7683.190076,1432.172756,252.5669201
7683.190076,1432.204115,252.5669201
7683.190076,1432.204115,252.5669201
7681.299909,1432.204115,252.5669201
7683.190076,1432.195441,252.5669201
7680.269241,1432.204115,252.5167162
7682.562315,1432.08519,252.0900607
7680.989364,1432.204115,252.5150382
7682.590768,1432.204115,252.5669201
7683.190076,1432.204115,252.5669201
7682.32298,1432.204115,252.5669201
7683.190076,1432.189641,252.5669201
7683.190076,1432.204115,252.5669201
7683.190076,1432.204115,252.5669201
7683.11878,1432.204115,252.5669201
7683.022817,1431.042315,252.5515717
7682.160507,1432.204115,252.5250425
7683.190076,1432.204115,252.5669201
7682.334623,1431.769913,252.5669201
7683.129465,1432.204115,252.5669201
7682.711005,1431.985839,252.5669201
7683.190076,1432.204115,252.5669201
7683.190076,1432.204115,252.5669201
7683.190076,1432.204115,252.5669201
7683.190076,1432.199608,252.5669201
7683.190076,1432.204115,252.5669201
7683.127305,1432.204115,252.4540538
7683.190076,1432.204115,252.5669201
7681.545188,1432.197325,252.3652575
7682.312848,1431.853686,252.5513742
7682.666289,1432.204115,252.5669201
7683.027603,1432.204115,252.5669201
7683.190076,1432.132819,252.5669201
7683.190076,1432.007629,252.5669201
7683.190076,1432.176032,252.5669201
7681.82564,1432.113245,252.5669201
7682.030553,1432.204115,252.5515717
7682.044702,1432.204115,252.5157586
7681.682804,1432.204115,252.5669201
7683.190076,1432.204115,252.5669201
7683.190076,1432.204115,252.5669201
7683.188876,1432.204115,252.5669201
7683.190076,1432.204115,252.5669201
7683.190076,1432.204115,252.5669201
7683.190076,1432.099118,252.5669201
7683.190076,1432.204115,252.5669201
7683.190076,1432.154227,252.5669201
7683.190076,1430.415115,252.4099561
7682.847456,1432.191066,252.4861469
7683.190076,1432.187634,252.5669201
7683.190076,1432.182458,252.5669201
7682.821286,1432.204115,252.5669201
7683.190076,1432.204115,252.5669201
7683.190076,1432.191066,252.5669201
7683.190076,1432.204115,252.5669201
7683.190076,1432.204115,252.5669201
7017.084636,1109.548935,239.6537362
7015.889638,1109.629978,239.6537362
7016.0127,1109.629978,239.6537362
7016.967685,1109.629978,239.6537362
7016.169096,1109.629978,239.6537362
7017.084636,1109.627788,239.6537362
7016.543786,1109.629978,239.6537362
7017.084636,1109.607547,239.6537362
7017.084636,1109.629978,239.6537362
7017.084636,1109.629978,239.6537362
7017.084636,1109.598289,239.6537362
7015.576145,1109.629506,239.6535662
7017.084636,1109.629978,239.6537362
7016.476584,1109.629978,239.6537362
7017.084636,1109.238567,239.6537362
7017.084636,1109.629978,239.6537362
7017.084636,1109.629978,239.6537362
7017.084636,1109.547791,239.6537362
7016.932512,1109.629978,239.6537362
7017.084636,1109.629978,239.6537362
7016.436642,1109.629978,239.6537362
7015.301641,1109.629978,239.5564636
7017.084636,1109.629978,239.6537362
7016.497622,1109.629978,239.6537362
7017.084636,1109.629978,239.5652101
7017.084636,1109.609535,239.6537362
7017.084636,1109.629978,239.6353851
7017.084636,1109.629978,239.6537362
7017.084636,1109.625911,239.6537362
7017.084636,1109.629978,239.6537362
7017.084636,1109.629978,239.6537362
7017.084636,1109.316188,239.6537362
7017.084636,1109.611902,239.6537362
7016.341119,1109.629978,239.6537362
7016.036483,1109.19896,239.395622
7016.543786,1109.629978,239.6537362
7016.91436,1109.629978,239.6175581
7017.084636,1109.629978,239.6537362
7017.084636,1109.591026,239.6537362
7017.084636,1109.629978,239.6537362
7017.084636,1109.629978,239.6537362
7016.91436,1109.096277,239.6537362
7017.084636,1109.629978,239.4798346
7015.433735,1109.629978,239.64541
7016.978077,1109.546569,239.6537362
7017.084636,1109.629978,239.6537362
7015.32471,1109.629978,239.6537362
7016.591044,1109.629978,239.6537362
7016.948393,1109.343862,239.4992942
7017.084636,1109.586878,239.6537362
7017.084636,1109.629978,239.6537362
7017.084636,1109.629978,239.6537362
7017.084636,1109.608306,239.6537362
7017.084636,1109.629978,239.6537362
7016.565496,1109.629978,239.4324268
7017.084636,1109.629978,239.6537362
7016.421059,1109.607547,239.5861051
7017.076452,1109.629978,239.5345017
7016.41744,1109.556008,239.6378262
7016.483417,1109.629978,239.6537362
7017.084636,1109.629978,239.6537362
7015.910529,1109.629608,239.6537362
7016.153366,1109.593173,239.6537362
7017.084636,1109.625288,239.6537362
7015.10089,1109.629978,239.6537362
7017.084636,1109.629978,239.6537362
7013.625298,1109.532029,239.6537362
7016.876592,1109.629978,239.6537362
7017.084636,1109.629978,239.6537362
7017.084636,1109.606178,239.6537362
7017.084636,1109.629978,239.6537362
7017.084636,1109.629978,239.6537362
7017.084636,1109.629978,239.6537362
7017.084636,1109.629978,239.567192
7017.084636,1109.629978,239.6537362
7015.554537,1109.629978,239.6537362
7016.363575,1109.624955,239.6537362
7017.084636,1109.593774,239.6537362
7015.792682,1109.629978,239.6537362
7016.308618,1109.553419,239.6537362
7017.084636,1109.629978,239.6537362
7017.084636,1109.629978,239.6537362
7017.084636,1109.629978,239.6537362
7017.084636,1109.629978,239.6537362
7016.906052,1109.629978,239.6537362
7016.879254,1109.431412,239.6537362
7015.881721,1109.629978,239.6537362
7014.960931,1109.629978,239.6537362
7017.084636,1109.629978,239.5764867
7017.084636,1109.629978,239.6537362
7017.084636,1109.629978,239.6537362
7017.084636,1109.629978,239.6537362
7017.084636,1109.629978,239.6537362
7017.084636,1109.629978,239.6537362
7017.084636,1109.629978,239.6353691
7016.252511,1109.629978,239.6537362
7016.463801,1109.318519,239.5864778
7016.44062,1109.596314,239.6537362
7016.461696,1108.809058,239.6537362
7016.820872,1109.629978,239.6331684
7017.084636,1109.627788,239.6537362
7017.084636,1109.629978,239.6537362
7017.084636,1109.629978,239.6537362
7017.084636,1109.629978,239.6537362
7016.886406,1109.629978,239.6537362
7017.084636,1109.629978,239.6537362
7017.084636,1109.629978,239.596904
7017.084636,1109.629978,239.6537362
7017.084636,1109.629978,239.6537362
7017.084636,1109.629978,239.6537362
7017.084636,1109.629978,239.6537362
7017.084636,1109.629978,239.6537362
7017.084636,1109.629978,239.6537362
7017.084636,1109.629978,239.6537362
7017.084636,1109.629978,239.6537362
7017.084636,1109.629978,239.6537362
7015.485565,1109.528222,239.6537362
7016.995595,1109.629978,239.6537362
7015.096774,1109.624818,239.6537362
7017.084636,1109.532029,239.6537362
7017.084636,1109.629978,239.5667058
7016.489113,1109.629978,239.6537362
7017.084636,1109.629978,239.6537362
7017.084636,1109.624955,239.6537362
7017.084636,1109.615188,239.6537362
7017.084636,1109.629978,239.6537362
7015.171979,1109.627733,239.6537362
7017.084636,1109.511428,239.6537362
7015.444778,1109.629978,239.6537362
7017.084636,1109.629978,239.6537362
7015.833293,1109.421583,239.6537362
7015.567634,1109.629978,239.4748984
7017.084636,1109.629978,239.6537362
7017.084636,1109.629978,239.6537362
7017.084636,1109.629978,239.6537362
7016.583468,1109.629978,239.6537362
7017.084636,1109.629978,239.567192
7017.084636,1109.629978,239.6537362
7017.007902,1109.629978,239.6537362
7015.564131,1109.2714,239.6227068
7016.489113,1109.558917,239.6537362
7017.084636,1109.629978,239.5955704
7016.122636,1109.629978,239.6537362
7017.084636,1109.629978,239.6537362
7016.523389,1109.629978,239.6537362
7016.524884,1109.629978,239.6537362
7017.084636,1109.629978,239.6537362
7013.152665,1109.629978,239.6537362
7017.084636,1109.629978,239.6537362
7014.699585,1109.585589,239.5667058
7016.851253,1109.629978,239.6537362
7016.629191,1109.05874,239.6537362
7016.551549,1109.200554,239.6537362
7017.084636,1109.629978,239.6537362
7017.084636,1109.629978,239.6537362
7017.084636,1109.629978,239.6537362
7017.084636,1109.267923,239.6537362
7016.120233,1109.473617,239.6175581
7016.330807,1109.629978,239.6537362
7016.98546,1109.594876,239.6537362
7015.698528,1109.629978,239.6537362
7017.023916,1109.629978,239.6537362
7017.084636,1109.629978,239.6537362
7017.084636,1109.629978,239.6537362
7017.084636,1109.629508,239.6537362
7014.901729,1109.624955,239.6537362
7015.814228,1109.629608,239.6537362
7015.199545,1109.629978,239.6537362
7016.569075,1109.629978,239.6537362
7016.079823,1109.629978,239.5216726
7016.683134,1109.629978,239.6537362
7017.084636,1109.629978,239.6537362
7016.750393,1109.629978,239.6537362
7017.084636,1109.629978,239.6537362
7017.084636,1109.627841,239.6537362
7017.084636,1109.629978,239.6537362
7017.084636,1109.629978,239.6478736
7017.084636,1109.629978,239.6537362
7016.12855,1109.629978,239.6537362
7016.572914,1109.629978,239.6537362
7017.084636,1109.629978,239.6537362
7016.723543,1109.629978,239.6522978
7017.084636,1109.629978,239.6537362
7017.084636,1109.629978,239.6537362
7017.084636,1109.432367,239.6537362
7017.084636,1109.629978,239.6537362
7017.084636,1109.629978,239.6537362
7015.907469,1109.627233,239.6537362
7014.97077,1109.22129,239.6537362
7016.941505,1109.629978,239.6537362
7016.706369,1109.629978,239.6537362
7016.264502,1109.629978,239.6537362
7017.084636,1109.629978,239.4265316
7017.084636,1109.629978,239.6537362
7017.084636,1109.629978,239.6537362
7017.084636,1109.51518,239.6537362
7017.084636,1109.629978,239.6537362
7017.084636,1109.629978,239.6537362
7017.084636,1109.629978,239.6237359
7017.084636,1109.629978,239.569624
7017.084636,1109.629978,239.6331684
7017.01094,1109.629978,239.6537362
7017.084636,1109.629978,239.6537362
7017.084636,1109.629978,239.6537362
7017.084636,1109.629978,239.6537362
7017.084636,1109.629978,239.6537362
7017.084636,1109.629978,239.6537362
7017.084636,1109.629978,239.6537362
7017.084636,1109.629978,239.6537362
7017.084636,1109.629978,239.6537362
7017.084636,1109.629978,239.6537362
7016.125352,1109.629978,239.5776076
7017.084636,1109.629978,239.6537362
7016.884562,1109.629978,239.6537362
7017.082747,1109.629978,239.6537362
7017.084636,1109.629978,239.6537362
7017.084636,1109.629506,239.6278441
7017.084636,1109.552053,239.6537362
7016.259999,1109.62438,239.6537362
7017.084636,1109.621377,239.6537362
7017.084636,1109.629978,239.6237359
7016.324886,1109.629978,239.5539565
7017.084636,1109.629978,239.6396018
7016.973308,1109.629978,239.6537362
7017.066951,1109.629978,239.6010376
7016.491173,1109.627233,239.6537362
7016.987987,1109.629978,239.6537362
7017.084636,1109.626221,239.6537362
7017.084636,1109.533277,239.6537362
7016.421237,1109.629978,239.6537362
7017.084636,1109.629978,239.6537362
7016.017652,1109.629978,239.6125028
7015.705881,1109.629978,239.6375264
7016.338738,1109.629978,239.6537362
7016.651762,1109.536023,239.4744202
7017.084636,1109.629978,239.6537362
7015.163552,1109.46653,239.6537362
7017.084636,1109.627233,239.6537362
7017.084636,1109.629978,239.6537362
7017.084636,1109.629978,239.6537362
7017.084636,1109.492417,239.6537362
7017.084636,1109.430269,239.6537362
7015.901689,1109.629978,239.6537362
7017.084636,1109.629978,239.6537362
7017.084636,1109.629978,239.6537362
7017.084636,1109.486547,239.6537362
7017.008569,1109.627564,239.6537362
7015.406649,1109.629978,239.6537362
7017.084636,1109.629978,239.6537362
7017.084636,1109.485859,239.6537362
7017.084636,1109.131911,239.6537362
7017.084636,1109.629978,239.6537362
7014.000747,1109.629978,239.6331181
7015.973145,1109.629978,239.6537362
7015.490963,1109.629978,239.6537362
7016.551549,1109.629978,239.6537362
7017.084636,1109.629978,239.6537362
7017.084636,1109.629978,239.6537362
7017.084636,1109.629978,239.6537362
7017.084636,1109.629978,239.6537362
7017.084636,1109.629978,239.6537362
7015.240971,1109.629978,239.478197
7014.804616,1109.629978,239.564163
7016.255995,1109.629978,239.6537362
7016.552435,1109.444715,239.6537362
7017.059413,1109.629978,239.6319954
7015.831093,1109.629978,239.6457386
7016.927583,1109.629862,239.6537362
7017.084636,1109.629978,239.6537362
7017.084636,1109.629978,239.6537362
7015.885035,1109.629978,239.6537362
7014.964794,1109.629978,239.6537362
7015.048852,1109.581261,239.6537362
7016.381909,1109.629978,239.6537362
7014.527277,1109.629978,239.6185754
7017.084636,1109.629978,239.6537362
7015.214795,1109.629978,239.6537362
7017.084636,1109.629978,239.5739214
7017.084636,1109.629978,239.6537362
7017.084636,1109.629978,239.6537362
7017.084636,1109.629978,239.6537362
7015.146639,1109.618269,239.6537362
7017.013987,1109.553102,239.6319954
7016.525611,1109.544768,239.09764
7016.98289,1109.629978,239.6537362
7017.084636,1109.629978,239.6537362
7014.00472,1109.629978,239.6116431
7015.869512,1109.629978,239.6537362
7017.084636,1109.629349,239.6537362
7017.027744,1108.625053,239.6537362
7017.084636,1109.629978,239.6537362
7014.535148,1109.629978,239.6537362
7016.729808,1109.629978,239.6537362
7016.173995,1109.409272,239.6140634
7014.029367,1109.586578,239.5266109
7017.084636,1109.571853,239.6537362
7015.491786,1108.985768,239.6185754
7016.750741,1109.629978,239.6537362
7017.084636,1109.629978,239.6537362
7016.937387,1109.582516,239.6537362
7017.084636,1109.629978,239.6537362
7016.433688,1109.605552,239.6537362
7015.618272,1109.620326,239.6224048
7017.084636,1109.629978,239.6250961
7014.85644,1109.116439,239.6537362
7015.969791,1109.629978,239.5532231
7016.940652,1109.571853,239.5688582
7015.745021,1109.596765,239.6537362
7016.699862,1109.629978,239.6537362
7015.479805,1109.62781,239.6263936
7017.084636,1109.629978,239.6537362
7017.084636,1109.629978,239.6537362
7017.084636,1109.629978,239.6537362
7017.084636,1109.629978,239.6537362
7017.084636,1109.629978,239.6537362
7016.589049,1109.361581,239.5987063
7016.972453,1109.459926,239.6537362
7014.959497,1109.629978,239.6537362
7017.084636,1109.629978,239.6537362
7016.884346,1109.353077,239.6505513
7017.067971,1109.629978,239.6537362
7017.010177,1109.512584,239.6537362
7015.766476,1109.533242,239.6537362
7015.725905,1109.629978,239.6537362
7015.396926,1109.365471,239.4403057
7015.113074,1109.441308,239.5833782
7015.21059,1109.629978,239.5481704
7015.628557,1109.629978,239.5117202
7017.084636,1108.950111,239.6537362
7017.008551,1109.61867,239.6537362
7017.069675,1109.629978,239.4185043
7016.612522,1109.533242,239.6537362
7017.084636,1109.629978,239.6537362
7015.421,1109.51062,239.6537362
7017.026812,1109.629978,239.6198415
7016.565227,1109.562304,239.6537362
7015.538402,1109.548507,239.478197
7014.105932,1109.629978,239.6537362
7017.084636,1109.629978,239.6537362
7017.084636,1109.629978,239.6537362
7017.084636,1109.629978,239.6537362
7017.084636,1109.627841,239.6537362
7016.669019,1109.629978,239.6537362
7017.084636,1109.596314,239.6537362
7015.123043,1109.000098,239.6537362
7017.084636,1109.417888,239.6537362
7015.945908,1109.496239,239.5208721
7016.885434,1109.592974,239.6053521
7015.143552,1109.629978,239.6537362
7017.084636,1109.629978,239.6537362
7017.084636,1109.629978,239.6537362
7017.084636,1109.629978,239.6537362
7017.084636,1109.629978,239.6537362
7017.084636,1109.609593,239.6537362
7017.084636,1109.624633,239.6537362
7015.75081,1109.372824,239.6537362
7017.084636,1109.037683,239.5404005
7016.896314,1109.629978,239.6537362
7017.084636,1109.629978,239.6537362
7017.084636,1109.629978,239.6537362
7017.084636,1109.629978,239.6537362
7017.084636,1109.629978,239.6537362
7017.084636,1109.629978,239.6537362
7017.084636,1109.629978,239.6537362
7017.084636,1109.622699,239.6537362
7017.084636,1109.629978,239.6537362
7015.933713,1109.629978,239.6537362
7017.084636,1109.259378,239.6537362
7017.084636,1109.629978,239.6537362
7017.084636,1109.629978,239.6537362
7017.084636,1109.629978,239.6537362
7017.084636,1109.629978,239.6537362
7017.084636,1109.629978,239.6537362
7017.084636,1109.605552,239.6537362
7017.084636,1109.629978,239.6537362
7017.084636,1108.892808,239.6537362
7015.933713,1109.629978,239.6537362
7016.71232,1109.629978,239.6537362
7017.084636,1109.627648,239.6537362
7016.955755,1109.629978,239.6537362
7017.084636,1109.629978,239.6537362
7017.084636,1109.629978,239.6537362
7017.084636,1109.629857,239.6537362
7017.084636,1109.629978,239.6537362
7017.084636,1109.629978,239.6537362
7017.084636,1109.629978,239.6537362
7017.084636,1109.60371,239.6537362
7017.084636,1109.610248,239.6537362
7016.001585,1109.629978,239.6537362
7015.552407,1109.629978,239.5938949
7016.677965,1109.629978,239.6139948
7017.084636,1109.629978,239.6537362
7017.084636,1109.629978,239.6537362
7017.084636,1109.629978,239.6537362
7017.084636,1109.629978,239.6537362
7017.084636,1109.598694,239.6537362
7015.933713,1109.598694,239.6537362
7016.514159,1109.558231,239.6537362
7016.887497,1109.629978,239.6508599
7015.570862,1109.629978,239.6537362
7016.259112,1109.629978,239.6537362
7016.802319,1109.629978,239.578149
7017.084636,1109.629978,239.6537362
7017.084636,1109.629978,239.6537362
7017.084636,1109.59682,239.6537362
7017.084636,1109.629978,239.6537362
7016.377871,1109.629978,239.6537362
7016.313435,1109.629978,239.6537362
7017.084636,1109.629978,239.6537362
7016.54056,1109.629978,239.578149
7015.508893,1109.629978,239.3238196
7017.084636,1109.629978,239.6537362
7016.818665,1109.628667,239.6184801
7017.084636,1109.629978,239.6537362
7017.084636,1109.629978,239.6537362
7017.084636,1109.611823,239.6537362
7017.084636,1109.629978,239.6537362
7013.501181,1109.404071,239.6537362
7015.766233,1109.629978,239.6537362
7015.212667,1109.525301,239.5092484
7015.801213,1108.512313,239.5846949
7016.286938,1109.629978,239.6537362
7015.766233,1109.15512,239.5548285
7017.084636,1109.629978,239.5927619
7017.084636,1109.629978,239.6537362
7017.084636,1109.629978,239.6537362
7017.084636,1109.629978,239.6537362
7016.571209,1109.6209,239.5825594
7014.417093,1109.620121,239.6185113
7014.506515,1109.555082,239.6537362
7013.928361,1109.543764,239.6537362
7016.216598,1109.629978,239.5907685
7016.973308,1109.629978,239.5923307
7016.849152,1109.629978,239.6537362
7017.084636,1109.629978,239.6537362
7017.084636,1109.629978,239.6537362
7017.084636,1109.629978,239.6537362
7014.711602,1109.629978,239.6537362
7015.958593,1108.937979,239.5517643
7014.452001,1109.629978,239.6537362
7015.933713,1109.629978,239.6537362
7015.645751,1109.586138,239.5532231
7015.479961,1109.629978,239.5907685
7017.084636,1109.176411,239.6537362
7017.084636,1109.629931,239.6537362
7017.084636,1109.629978,239.6537362
7017.084636,1109.629978,239.6537362
7017.084636,1109.629978,239.6537362
7016.588273,1109.629978,239.6537362
7015.530025,1109.629978,239.6537362
7016.807133,1109.629978,239.6537362
7012.936177,1109.629978,239.4493691
7017.084636,1109.629978,239.6537362
7017.084636,1109.293459,239.6537362
11388.81672,1207.699649,246.977857
11389.67565,1207.699649,246.977857
11389.67565,1207.699649,246.977857
11389.67565,1207.11452,246.977857
11389.67565,1207.699649,246.977857
11387.61868,1207.284748,246.6177618
11387.55757,1207.699649,246.977857
11389.52819,1207.699649,246.977857
11386.22395,1207.699649,246.977857
11389.48368,1207.699649,246.977857
11388.09492,1207.699649,246.9581373
11389.67565,1207.699649,246.977857
11388.39503,1207.699649,246.977857
11387.40311,1207.657851,246.977857
11389.67565,1207.699649,246.977857
11384.63307,1206.907645,246.977857
11387.70435,1207.699649,246.977857
11389.67565,1207.699649,246.977857
11387.96672,1207.699649,246.9715269
11389.67565,1207.699649,246.977857
11389.44403,1207.699649,246.977857
11389.65627,1207.699649,246.977857
11389.67565,1207.699649,246.977857
11386.94667,1207.699649,246.977857
11389.46041,1207.414841,246.977857
11389.67565,1207.690571,246.977857
11387.93287,1207.579932,246.9214555
11386.17605,1207.699649,246.977857
11388.30274,1207.699649,246.834091
11387.50713,1207.699649,246.977857
11389.08943,1207.174631,246.977857
11389.67565,1207.699649,246.977857
11387.62682,1207.699649,246.977857
11389.67565,1207.699649,246.977857
11389.67565,1207.699649,246.977857
11389.67565,1207.699649,246.977857
11389.67565,1207.309657,246.977857
11385.39325,1207.214233,246.977857
11388.79493,1207.699649,246.977857
11389.53609,1207.673848,246.9760682
11389.1094,1207.699649,246.977857
11389.32863,1207.699649,246.977857
11389.61346,1207.556357,246.977857
11389.62933,1207.681486,246.977857
11389.67565,1207.699649,246.977857
11387.71911,1207.699649,246.977857
11389.48717,1207.699649,246.977857
11387.57687,1207.699649,246.977857
11387.34322,1207.699649,246.872592
11389.52181,1207.699649,246.977857
11385.31826,1207.699649,246.9397378
11389.67565,1207.699649,246.977857
11389.25831,1207.68933,246.977857
11389.67565,1207.500028,246.977857
11389.67565,1207.699649,246.977857
11389.4685,1207.699649,246.977857
11386.84845,1207.699649,246.977857
11388.80575,1207.699649,246.977857
11136.81001,1033.012715,221.2260499
11142.61338,1033.059419,221.067058
11135.81559,1032.889793,221.3316088
11138.78804,1033.059419,221.3316088
11140.81013,1033.059419,221.3316088
11140.65341,1032.933256,221.3208632
11142.61338,1033.059419,221.3316088
11142.61338,1033.059419,221.3316088
11142.61338,1033.059419,221.3316088
11139.56258,1033.059419,221.3316088
11136.83788,1033.059419,221.1910189
11141.3497,1033.059419,221.3316088
11141.20139,1033.006663,221.3316088
11140.73234,1033.059419,221.3316088
11142.61338,1033.059419,221.3316088
11142.61338,1033.058636,221.3316088
11142.61338,1032.267517,221.3316088
11142.61338,1033.059419,221.3316088
11142.61338,1033.036269,221.3316088
11140.28057,1032.755975,221.3316088
11139.86849,1033.059419,221.3316088
11139.33449,1033.059419,221.3081574
11142.61338,1033.059419,221.3070967
11142.3464,1032.844032,221.3316088
11138.28268,1033.050956,221.3316088
11142.61338,1033.059419,221.3316088
11142.61338,1033.059419,221.3316088
11142.61338,1033.059419,221.3316088
11142.61338,1033.059419,221.3316088
11141.57372,1032.773728,221.3316088
11142.61338,1032.593674,221.3316088
11139.30836,1032.655534,221.3316088
11138.003,1032.958993,221.3000451
11140.2882,1032.383749,221.3316088
11131.60293,1033.024652,221.3316088
11142.61338,1033.058062,221.2317059
11142.61338,1033.059419,221.3316088
11141.78611,1033.059419,221.3316088
11142.61338,1033.059419,221.3316088
11142.61338,1032.823702,221.3316088
11140.8127,1032.866626,221.3316088
11138.978,1033.059419,221.3316088
11133.10339,1033.059419,221.3216678
11139.40891,1033.01063,221.3046704
11139.74022,1033.059419,221.3082269
11138.96558,1033.059419,221.3081574
11142.61338,1033.059419,221.3316088
11138.67099,1033.059419,221.3316088
11142.61338,1033.058319,221.3316088
11141.14458,1033.059165,221.3316088
11140.55771,1032.978678,221.3316088
11135.96263,1032.988539,221.3316088
11142.13538,1032.865844,221.3316088
11141.82505,1033.059419,221.3316088
11141.72455,1033.059419,221.3316088
11139.4133,1032.609642,221.3316088
11140.58409,1033.059419,221.3316088
11142.47171,1033.059419,221.3316088
11141.92902,1033.059419,221.3316088
11142.61338,1033.059419,221.3316088
11142.61338,1033.059419,221.3316088
11142.61338,1032.93783,221.3316088
11141.89675,1033.016411,221.3316088
11141.31231,1033.059419,221.3316088
11140.18789,1033.059419,221.2896901
11140.28732,1032.993447,221.3316088
11142.61338,1033.059152,221.2715806
11141.47644,1033.029989,221.3316088
11142.61338,1033.059419,221.3316088
11142.61338,1033.059419,221.3316088
11142.61338,1033.059419,221.3316088
11138.88955,1032.656317,221.3316088
11137.80952,1032.638871,221.3316088
11140.50385,1033.059419,221.3316088
11138.82849,1033.059419,221.3316088
11137.57481,1033.059419,221.1171688
11137.99958,1033.059419,221.3316088
11140.84683,1032.89585,221.2787187
11140.67017,1033.059294,221.3316088
11141.43871,1033.054332,221.3316088
11140.05352,1033.059165,221.3316088
11141.6768,1033.059419,221.3316088
11128.2926,1033.03634,221.3205982
11133.80643,1033.059419,221.3316088
11142.11037,1033.059419,221.3265255
11135.34934,1032.827663,221.3081574
11141.16696,1033.059419,221.3316088
11142.61338,1033.059419,221.3316088
11142.61338,1033.059419,221.3316088
11142.61338,1033.059419,221.3316088
11140.77958,1033.05835,221.3316088
11142.09677,1033.059419,221.3316088
11142.61338,1032.969813,221.3316088
11139.07109,1032.977729,221.3316088
11142.61338,1033.059419,221.2990801
11136.42151,1033.059419,221.2969876
11139.14406,1033.048729,221.3316088
11142.61338,1033.059419,221.3316088
11142.61338,1033.059419,221.3316088
11142.61338,1033.058731,221.3316088
11142.61338,1033.057928,221.3316088
11140.77958,1033.059419,221.3316088
11141.40019,1033.058529,221.3316088
11140.0183,1032.423932,221.3316088
11140.65316,1033.058856,221.3316088
11142.61338,1033.059419,221.3316088
11141.14464,1032.919829,221.2510948
11142.61338,1033.059419,221.3316088
11142.61338,1033.059419,221.3316088
11142.61338,1033.059419,221.3316088
11142.61338,1033.058685,221.3316088
11142.61338,1033.059419,221.3316088
11142.61338,1033.059419,221.3316088
11140.77958,1033.059419,221.3316088
11142.61338,1033.059419,221.3316088
11142.61338,1033.059419,221.3316088
11142.50111,1033.059419,221.3316088
11142.61338,1033.059419,221.3316088
11142.61338,1033.059419,221.3316088
11142.61338,1033.059419,221.3316088
11142.61338,1033.059419,221.3316088
11142.61338,1033.059419,221.3316088
11142.61338,1032.97888,221.3316088
11142.61338,1033.059419,221.3316088
11141.31957,1033.048985,221.3316088
11142.61338,1032.926193,221.3316088
11142.61338,1033.059419,221.3316088
11141.99856,1032.926539,221.3316088
11142.61338,1033.059419,221.3316088
11142.61338,1033.059419,221.3316088
11142.61338,1032.983003,221.3316088
11142.61338,1033.059419,221.3316088
11142.61338,1032.264,221.3316088
11142.61338,1033.059419,221.3316088
11140.57308,1033.053193,221.2166999
11138.7424,1033.039255,221.3316088
11142.60635,1033.059419,221.3316088
11142.61338,1033.059419,221.3316088
11140.81013,1033.059419,221.3316088
11142.32184,1033.059419,221.3316088
11142.61338,1033.059419,221.3316088
11142.61338,1033.059419,221.3316088
11142.61338,1033.059419,221.3316088
11142.61338,1033.059419,221.3316088
11139.78117,1032.474183,221.3316088
11142.61338,1033.059419,221.240228
11140.725,1033.059419,221.3316088
11141.58393,1032.87735,221.3271391
11141.45484,1033.059419,221.3316088
11139.63221,1032.767409,221.210157
11142.47219,1033.036051,221.3316088
11142.61338,1033.059419,221.3316088
11140.26807,1033.058062,221.3316088
11140.77958,1033.059419,221.3316088
11141.55987,1033.036766,221.3316088
11137.29507,1032.821547,221.3316088
11141.97484,1032.554931,221.3316088
11141.00848,1033.059419,221.2887555
11142.37346,1033.059419,221.2779939
11142.5721,1033.049679,220.9548656
11140.28194,1032.578364,221.3316088
11142.61338,1033.059419,221.3316088
11140.32837,1032.766478,221.3316088
11142.61338,1033.050262,221.3316088
11142.61338,1033.059419,221.3316088
11141.67746,1032.674536,221.3271391
11141.62728,1032.67535,221.2502671
11139.26272,1032.854324,221.3316088
11140.93062,1033.059419,221.3316088
11135.68446,1033.059419,221.3316088
11140.11636,1033.0594,221.3042661
11139.03388,1032.853933,221.3316088
11142.61338,1032.67535,221.3316088
11139.6589,1032.826679,221.3316088
11142.61338,1033.046523,221.3316088
11142.61338,1033.034801,221.3316088
11142.55569,1033.059419,221.3316088
11141.8752,1033.059419,221.2262492
11142.61338,1033.059419,221.3316088
11142.20937,1033.059419,221.3316088
11141.7883,1033.059419,221.3316088
11141.45484,1033.059419,221.3316088
11141.62728,1033.059419,221.2717917
11142.61338,1033.059419,221.3316088
11142.61338,1030.839095,221.3316088
11142.61338,1033.059419,221.3316088
11140.77958,1033.059419,221.3316088
11140.23803,1033.059419,221.3316088
11142.61338,1033.059419,221.3316088
11142.61338,1033.059419,221.3316088
11142.56287,1033.059419,221.3133504
11142.61338,1033.059419,221.3316088
11142.61338,1032.807536,221.3316088
11141.61497,1033.059419,221.3316088
11142.61338,1033.059419,221.3316088
11142.61338,1033.057953,221.3316088
11141.56193,1033.059419,221.3316088
11136.70565,1032.656711,221.2510948
11138.64214,1033.059419,221.3028706
11142.61338,1033.059419,221.3316088
11138.7599,1032.657762,221.3316088
11142.11064,1033.059419,221.3316088
11142.61338,1033.059419,221.3316088
11137.70765,1032.555163,221.3021601
11142.61338,1033.059419,221.3316088
11140.61452,1033.059419,221.3316088
11142.11333,1033.059419,221.2166999
11141.90246,1033.059419,221.3316088
11136.88943,1033.059419,221.3316088
11139.2301,1033.059419,221.3316088
11142.61338,1033.059419,221.3316088
11140.6338,1033.059419,221.2626419
11140.65188,1033.059419,221.3316088
11139.02123,1033.059419,221.2675003
11142.61338,1033.059419,221.2166999
11142.61338,1033.059419,221.3316088
11142.61338,1033.059419,221.3316088
11139.67673,1032.995534,221.3316088
11140.87741,1033.059419,221.3316088
11139.6787,1033.059419,221.2654675
11140.1846,1033.059419,221.3316088
11142.10079,1033.059419,221.3316088
11137.1787,1033.059419,221.3316088
11139.93333,1033.059419,221.3316088
11137.66916,1032.483036,221.3316088
11140.77958,1033.047995,221.3316088
11140.62194,1033.059419,221.3316088
11140.90287,1033.059419,221.3316088
11142.19901,1033.059419,221.3316088
11138.16469,1033.003784,221.3316088
11139.97227,1033.059294,221.3316088
11142.20338,1032.579035,221.3316088
11133.97797,1032.846967,221.3316088
11142.28028,1032.865994,221.3316088
11142.61338,1032.854324,221.3316088
11139.58519,1033.052931,221.3316088
11142.08592,1033.0594,221.3316088
11142.61338,1033.0594,221.3316088
11140.20884,1033.054854,221.3316088
11140.6775,1033.059419,221.3316088
11141.99237,1032.62092,221.0186792
11136.02942,1032.859405,221.3316088
11141.21374,1033.059419,221.3316088
11137.01204,1032.934051,221.3071508
11141.23615,1033.0594,221.3316088
11142.61338,1033.059419,221.3316088
11142.61338,1033.058465,221.3316088
11142.61338,1033.059419,221.3316088
11139.94829,1033.049685,221.3316088
11139.72938,1033.04709,221.3316088
11141.54528,1033.059419,221.3316088
11138.113,1032.862857,221.3062451
11131.25577,1033.032506,221.1551124
11142.61338,1033.059419,221.3316088
11142.61338,1033.017858,221.3316088
11142.61338,1032.854324,221.3316088
11141.97413,1033.059419,221.3316088
11142.61338,1033.059419,221.3316088
11141.12563,1033.059419,221.3316088
11137.28294,1033.018087,221.3316088
11138.64165,1033.059419,221.3316088
11141.54602,1033.059419,221.3316088
11140.12391,1032.840267,221.3316088
11141.30739,1033.024536,221.2671103
11139.53496,1033.059419,221.3316088
11142.61338,1033.059419,221.3316088
11142.61338,1033.059419,221.3316088
11142.61338,1033.059419,221.3316088
11140.59319,1032.719235,221.3316088
11141.17694,1033.005598,221.3311495
11140.69696,1032.98753,221.3130585
11139.74584,1032.910405,221.3316088
11141.78677,1033.059419,221.3316088
11141.28396,1033.059419,221.2671103
11142.61338,1033.059419,221.3316088
11142.61338,1033.059419,221.3316088
11142.61338,1033.059165,221.3316088
11142.4127,1033.059419,221.3316088
11142.61338,1033.059419,221.3316088
11142.61338,1033.059419,221.3316088
11142.61338,1033.059419,221.3316088
11142.61338,1033.059419,221.3316088
11142.61338,1033.059419,221.3316088
11142.61338,1033.059419,221.3316088
11142.61338,1033.059419,221.3277443
11142.61338,1033.059419,221.3316088
11142.61338,1033.059419,221.3316088
11142.61338,1033.059419,221.3316088
11142.61338,1033.059419,221.3316088
11142.61338,1033.059419,221.3316088
11142.61338,1033.059419,221.3316088
11142.61338,1033.059419,221.3316088
11141.72328,1033.059419,221.3316088
11142.61338,1033.059419,221.3316088
11140.7752,1033.059419,221.3316088
11142.40153,1032.858562,221.2998195
11142.61338,1033.059419,221.3316088
11142.61338,1033.059419,221.3316088
11142.61338,1033.059419,221.3316088
11142.61338,1033.059419,221.3316088
11139.30722,1032.96342,221.3316088
11142.61338,1033.059419,221.1592136
11138.33822,1033.059419,221.2212536
11138.41516,1032.80422,221.2959443
11142.61338,1032.909226,221.3316088
11141.9825,1033.0505,221.3316088
11142.61338,1033.059419,221.3316088
11142.4762,1033.059419,221.3316088
11142.50438,1033.059419,221.3316088
11142.61338,1033.059419,221.3316088
11142.61338,1033.059419,221.3316088
11142.61338,1032.846967,221.3316088
11142.13078,1033.059419,221.2865784
11140.95903,1033.059419,221.3316088
11142.48773,1033.058985,221.3316088
11140.93014,1032.789874,221.2827361
11142.12213,1033.053981,221.3316088
11142.61338,1033.059419,221.3316088
11142.61338,1033.059419,221.3316088
11140.1404,1033.05937,221.3316088
11142.61338,1033.050685,221.3316088
11140.59319,1032.774779,221.3316088
11138.97728,1032.623388,221.3316088
11142.61338,1033.059419,221.3316088
11142.41833,1032.948356,221.3316088
11141.74719,1033.050114,221.2526865
11142.61338,1033.059419,221.3316088
11141.85462,1033.059176,221.3316088
11142.61338,1033.05884,221.3316088
11142.61338,1033.059046,221.3316088
11141.7402,1033.059419,221.3316088
11142.61338,1033.057686,221.3316088
11139.60985,1033.059419,221.3316088
11142.61338,1033.059419,221.3213101
11142.61338,1033.059419,221.3316088
11139.54937,1033.002136,221.3316088
11142.61338,1032.688452,221.3316088
11139.74682,1033.057402,221.3316088
11142.61338,1033.058593,221.3316088
11142.61338,1033.059419,221.3316088
11142.61338,1033.059419,221.3316088
11142.61338,1033.041787,221.3316088
11141.45333,1033.059419,221.3316088
11139.81104,1032.257277,221.3316088
11140.86099,1033.059419,221.3316088
11141.81214,1033.059419,221.3316088
11142.61338,1033.059278,221.3130585
11140.76104,1033.059419,221.3316088
11142.61338,1033.059419,221.3316088
11142.61338,1033.059419,221.3316088
11142.61338,1033.059419,221.3316088
11142.61338,1033.059419,221.3316088
11142.61338,1033.059419,221.3316088
11141.6479,1033.059419,221.3316088
11138.11438,1033.059419,221.3316088
11142.61338,1033.059419,221.3316088
11142.61338,1033.059419,221.3316088
11142.61338,1033.053218,221.2085256
11142.61338,1033.059419,221.3316088
11141.45333,1033.037434,221.3316088
11141.75116,1033.059419,221.3130585
11142.61338,1033.035785,221.3316088
11142.61338,1033.057553,221.3090543
11142.61338,1033.059419,221.3316088
11142.61338,1033.059419,221.3316088
11141.75116,1033.035785,221.3316088
11142.61338,1033.059419,221.3316088
11139.80976,1033.059419,221.3316088
11142.5368,1033.059419,221.3316088
11142.61338,1033.059419,221.3316088
11140.84817,1033.059419,221.3316088
11142.61338,1033.059419,221.3316088
11142.61338,1033.059419,221.3316088
11142.61338,1033.059419,221.3316088
11142.03321,1033.010535,221.3316088
11141.57195,1033.059419,221.295388
11141.38422,1033.059419,221.3316088
11141.78561,1033.047995,221.269757
11142.61338,1033.059419,221.3316088
11140.70881,1033.059419,221.3316088
11142.61338,1033.059419,221.3316088
11142.61338,1033.059419,221.3316088
11142.61338,1033.059419,221.3316088
11142.61338,1033.059419,221.3316088
11142.61338,1033.059419,221.3316088
11142.33926,1032.675065,221.3316088
11141.34802,1033.059419,221.3181443
11142.30086,1033.055088,221.271251
11142.61338,1033.058593,221.3316088
11142.61338,1033.059419,221.3316088
11142.61338,1033.059419,221.269757
11142.61338,1033.059419,221.3316088
11140.87742,1032.962128,221.3316088
11142.61338,1033.059419,221.3316088
11142.61338,1033.059419,221.3316088
11139.3437,1033.038545,221.3316088
11142.27056,1032.60219,221.3316088
11139.80263,1033.059419,221.2279317
11140.07941,1032.729652,221.3316088
11142.61338,1033.056266,221.3316088
11142.61338,1033.045362,221.3316088
11140.71906,1033.059419,221.3316088
11142.61338,1033.058645,221.3316088
11142.61338,1033.058954,221.3316088
11141.60139,1033.046486,221.3316088
11142.50444,1032.848304,221.3316088
11141.13845,1033.008386,221.3316088
11141.68566,1033.059419,221.3316088
11142.61338,1033.059419,221.3316088
11141.43568,1033.059419,221.1366766
11142.58702,1033.059419,221.3316088
11142.61338,1033.059419,221.3316088
11142.13488,1033.059419,221.2166999
11142.61338,1033.059419,221.3316088
11142.61338,1033.059419,221.3316088
11141.8449,1033.059419,221.3316088
11141.60139,1032.91684,221.3316088
11140.58376,1032.812836,221.3316088
11142.61338,1033.059419,221.3316088
11142.40941,1033.059419,221.3316088
11141.53685,1033.059419,221.2519033
11142.42514,1033.059419,221.3316088
11142.61338,1033.059419,221.3316088
11142.61338,1033.059419,221.3316088
11142.61338,1033.059419,221.3316088
11141.93838,1033.059419,221.3316088
11142.61338,1032.612622,221.3316088
11142.53911,1033.059419,221.3316088
11141.75059,1033.059419,221.3168474
11142.61338,1032.267517,221.3316088
11142.61338,1033.059419,221.3316088
11142.61338,1033.059419,221.3316088
11142.61338,1033.059419,221.3316088
11142.61338,1033.059419,221.3316088
11142.61338,1033.059419,221.3316088
11142.61338,1033.059419,221.3316088
11142.61338,1033.059419,221.3316088
11142.61338,1033.059419,221.3316088
11142.61338,1033.059419,221.1494529
11141.02948,1033.059419,221.2789417
11141.2558,1033.059419,221.3245443
11142.53189,1033.059419,221.3316088
11142.61338,1033.059419,221.3316088
11142.61338,1033.059419,221.3316088
11142.61338,1033.059419,221.3316088
11142.61338,1033.059419,221.3316088
11142.61338,1033.059419,221.3316088
11142.61338,1033.059419,221.3316088
11142.61338,1033.059419,221.3316088
11141.61904,1033.059419,221.3316088
11141.29839,1032.817478,221.3316088
11142.61338,1033.059419,221.3316088
11141.17383,1033.059419,221.3316088
11142.61338,1033.059419,221.3316088
12994.41087,1093.029112,413.0554431
12994.41087,1093.029112,413.0554431
12994.41087,1093.029112,413.0554431
12994.41087,1093.022254,413.0554431
12994.41087,1092.5325,413.0554431
12991.53887,1093.029112,413.0554431
12994.41087,1092.975397,413.0554431
12991.5246,1093.029112,413.0554431
12988.33324,1093.029112,413.0375309
12994.41087,1093.029112,412.9517815
12994.41087,1093.029112,413.0554431
12994.41087,1093.029112,413.0554431
12994.41087,1093.029112,413.0554431
12994.41087,1093.026569,412.9596102
12994.41087,1093.029112,413.0554431
12994.19002,1093.029112,412.7764928
12993.58068,1093.008159,413.0554431
12994.41087,1093.029112,412.8635424
12990.66794,1093.029112,412.9809498
12994.41087,1093.029112,413.0554431
12992.53159,1092.274802,413.0554431
12992.29355,1093.029112,413.0554431
12994.41087,1093.029112,413.0554431
12992.49926,1092.83369,413.0554431
12993.01742,1093.029112,413.0554431
12994.41087,1092.923701,413.0144294
12987.38158,1093.029112,412.9181228
12993.25992,1093.029112,413.0554431
12990.77467,1092.796173,413.0554431
12994.20874,1093.029112,412.9927668
12994.41087,1093.029112,413.0554431
12994.41087,1093.029112,413.0554431
12994.41087,1093.029112,413.0554431
12994.41087,1093.029112,413.0554431
12992.42239,1093.029112,413.0554431
12993.53613,1093.015849,413.0554431
12994.25843,1092.850932,412.942086
12994.41087,1093.029107,413.0554431
12993.82657,1093.029112,413.0554431
12994.41087,1093.029112,413.0002451
12994.41087,1093.029112,413.0554431
12994.41087,1093.029112,413.0554431
12994.41087,1092.734617,413.0554431
12994.41087,1093.029112,413.0554431
12994.41087,1093.029112,413.0554431
12986.37934,1092.793317,413.0554431
12991.7587,1093.022198,412.9622971
12991.87144,1093.029112,413.0554431
12994.41087,1093.026753,413.0554431
12993.57689,1093.029112,413.0554431
12994.41087,1093.029112,413.0554431
12994.23913,1092.954446,413.0554431
12994.41087,1093.029112,413.0554431
12994.41087,1093.029112,413.0554431
12993.27102,1093.029112,413.0554431
12994.41087,1093.029112,413.0554431
12990.15582,1093.025053,412.8796854
12994.41087,1093.029112,413.0554431
12632.72149,680.3208265,347.1154286
12632.87961,680.321165,347.1767926
12632.79309,680.321165,347.1767926
12632.87961,680.3211208,347.1767926
12632.87961,680.321165,347.1767926
12632.68421,680.321165,347.1767926
12632.87961,680.321165,347.1767926
12632.59446,680.301742,347.1767926
12632.87961,680.321165,347.1767926
12632.54095,680.321165,347.1767926
12631.16724,680.3173711,347.0145011
12632.87961,680.321165,347.1767926
12628.32743,680.321165,347.1767926
12632.87961,680.321165,347.1767926
12632.87961,680.321165,347.1767926
12630.45749,680.321165,347.1767926
12632.87961,680.321165,347.1767926
12632.87961,680.321165,347.1767926
12632.70724,680.1467818,347.1767926
12630.45687,680.3147079,346.9608122
12629.65826,680.3155376,347.1217415
12628.48644,680.3196753,347.1248298
12632.69638,679.9842071,347.1767926
12632.08709,680.321165,347.0701408
12632.87961,680.321165,347.1767926
12632.76974,680.3140988,347.1767926
12632.59694,680.3187282,347.1767926
12632.87961,680.321165,347.1767926
12630.96265,680.2679116,347.0954063
12629.43815,680.3016982,347.1767926
12632.70353,680.1269293,347.1767926
12629.38559,680.1468108,347.1641795
12632.87961,680.321165,347.1767926
12632.49091,680.3183159,347.0445328
12632.87961,680.321165,347.1767926
12632.87961,680.321165,347.1767926
12632.87961,680.2308503,347.1767926
12632.87961,680.3210876,347.1767926
12631.68859,680.3208243,347.1767926
12630.17884,680.0415829,347.1767926
12626.42185,680.224541,347.0171022
12630.02253,680.321165,347.130191
12631.75859,680.3073658,347.1767926
12631.91953,680.321165,347.1767926
12632.87787,680.3069217,347.1767926
12632.87961,680.321165,346.9130841
12632.3016,680.3210501,347.0620045
12630.80024,680.3208243,347.1767926
12632.87961,680.321165,347.1767926
12632.87961,680.2503592,347.1767926
12632.73448,680.2928277,347.1445832
12631.73483,680.2414486,346.7992185
12631.11678,680.321165,347.1767926
12624.23716,680.3206379,347.1767926
12632.63186,680.321165,347.1767926
12631.15874,680.321165,347.1767926
12632.87961,680.321165,347.1767926
12632.87961,680.321165,347.0171022
12632.87961,680.321165,347.1767926
12631.38814,680.3115148,347.1767926
12632.40738,680.3208314,347.1767926
12628.27255,680.321165,347.1051351
12632.73448,680.321165,347.1767926
12632.64642,680.321165,347.1767926
12631.88026,680.251805,346.8971148
12630.11167,680.321165,347.1767926
12630.40444,680.321165,347.1767926
12632.45997,680.321165,347.1767926
12632.87961,680.321165,347.1767926
12632.87961,680.321165,347.1767926
12632.07715,680.321165,347.1767926
12631.8303,680.2755132,347.1162677
12632.31353,680.3076083,347.1731924
12628.95478,680.0906097,347.1767926
12632.74722,680.321165,347.1767926
12629.10025,680.321165,347.1767926
12632.87961,680.3077476,347.1767926
12631.68367,680.321165,347.1767926
12632.87961,680.321165,347.1767926
12632.87961,680.3060918,347.1767926
12632.87961,680.289527,347.1767926
12628.67026,679.6794821,347.1464791
12631.77017,680.321165,347.1767926
12630.0776,680.321165,347.1767926
12629.98863,680.2996118,347.1767926
12627.83676,680.2799018,347.1767926
12632.55915,680.2811654,347.0778744
12632.87961,680.321165,347.1767926
12630.76037,680.2967467,347.1767926
12632.87961,680.321165,347.1767926
12632.87961,680.2602724,347.1767926
12631.35525,680.321165,347.1767926
12630.63578,680.321165,347.1767926
12632.784,680.321165,347.1767926
12632.87961,680.321165,347.1767926
12631.23092,680.2204506,347.1767926
12632.70647,680.321165,347.1767926
12632.87961,680.3064957,347.1767926
12632.74152,680.321165,347.1767926
12632.87961,680.321165,347.1767926
12632.87961,680.3157722,347.1767926
12632.87961,680.0860735,347.1767926
12632.87961,680.321165,347.1767926
12632.87961,680.321165,347.0374022
12631.81824,680.321165,347.1767926
12631.96833,680.3114564,347.1767926
12631.79639,680.3192233,347.1767926
12629.387,680.2503592,347.1767926
12631.8303,680.321165,347.1767926
12632.87961,680.3157722,347.1767926
12632.87961,680.321165,347.1767926
12632.87961,680.3183941,347.1767926
12630.78955,680.0600507,347.1767926
12630.05688,680.321165,347.1767926
12631.21712,680.321165,347.0841439
12630.89726,680.3186254,347.1767926
12628.63623,680.321165,347.1767926
12630.9503,680.31973,347.1767926
12632.42561,680.321165,347.0464334
12631.89556,680.2426739,347.1767926
12630.25406,680.321165,347.1767926
12632.87961,679.6550638,347.1767926
12630.20335,680.0604642,346.9497329
12631.50717,680.310825,347.0211518
12632.87961,680.1914847,347.1767926
12628.74552,680.1966058,347.1767926
12630.74243,679.8851359,347.0079993
12631.88063,680.321165,347.1021155
12626.77031,680.1941573,347.1767926
12632.87961,680.3209179,347.1767926
12632.75116,680.321165,347.1767926
12632.87961,680.321165,347.1767926
12631.81486,680.321165,347.1767926
12628.66352,680.2503592,347.1767926
12630.65793,680.321165,347.1767926
12632.87961,680.321165,347.1767926
12628.16142,680.321165,347.1178217
12628.81668,680.0715181,347.1767926
12630.94208,680.321165,347.1767926
12631.44313,680.321165,347.1767926
12632.87961,680.321165,347.1767926
12632.87961,680.321165,347.1767926
12630.82674,680.1702299,347.1767926
12632.76806,680.1772391,347.1767926
12631.22317,680.127437,346.9972631
12631.87249,680.2179287,347.1767926
12630.46454,680.321165,347.1767926
12629.79645,680.321165,347.1767926
12632.87961,680.321165,347.1767926
12632.29649,680.321165,347.1767926
12631.60483,680.1683081,347.1767926
12632.87961,680.321165,347.1767926
12632.87961,680.3044819,347.1767926
12631.54265,680.3192233,346.9497329
12632.87961,680.321165,347.1767926
12624.93406,680.1448706,347.0951598
12631.93288,680.3138551,347.1767926
12628.56932,680.321165,347.1767926
12628.62033,680.321165,346.9849216
12632.87961,680.321165,347.0449108
12632.42882,680.2967467,347.1767926
12632.20397,680.321165,347.0061704
12632.87961,680.321165,347.1767926
12630.50342,680.321165,347.1767926
12628.31968,680.321165,347.1767926
12623.51519,679.7518305,346.8503305
12627.14575,680.0016964,347.1573234
12627.0454,680.3193618,346.9620084
12632.35645,680.321165,347.1248561
12632.87961,680.321165,347.1767926
12632.87961,680.3151976,347.1767926
12632.87961,680.321165,347.1767926
12632.87961,680.321165,347.1767926
12632.4504,680.321165,347.1767926
12632.87961,680.321165,347.1767926
12632.87961,680.321165,347.1767926
12632.87961,680.1293967,347.1767926
12630.85207,679.9827517,347.1767926
12631.20429,680.321165,347.1767926
12632.87961,680.321165,347.1767926
12632.87961,680.321165,347.1767926
12632.87961,680.3188987,347.1767926
12632.87961,680.321165,347.1767926
12632.87961,680.321165,347.1767926
12632.87961,680.321165,347.1767926
12632.87961,680.321165,347.1767926
12632.87961,680.321165,347.1767926
12632.70321,680.321165,347.1767926
12632.87961,680.321165,347.1767926
12632.87961,680.321165,347.1767926
12632.87961,680.321165,347.1767926
12632.87961,680.321165,347.1767926
12632.87961,680.321165,347.1767926
12632.87961,680.321165,347.1767926
12632.87961,680.321165,347.1767926
12632.76385,680.321165,347.1767926
12630.85207,680.321165,347.0374022
12632.87961,680.3150482,347.1767926
12632.87961,680.154128,347.1767926
12632.87961,680.321165,347.1767926
12632.87961,680.321165,347.1767926
12632.87961,680.321165,347.1767926
12632.87961,680.321165,347.1767926
12632.87961,680.321165,347.1767926
12632.87961,680.321165,347.1767926
12632.87961,678.2962847,347.1767926
12632.87961,679.9827517,347.0736352
12632.76193,680.2815658,347.0657769
12632.87961,679.7666328,347.1767926
12632.87961,680.1417568,347.1724628
12632.87961,680.321165,347.1767926
12632.87961,680.321165,347.1767926
12632.87961,680.321165,347.1767926
12632.06685,680.321165,347.1767926
12632.87961,680.321165,347.1767926
12630.83964,680.3022518,347.1767926
12632.87961,680.321165,347.1767926
12632.87961,680.321165,347.0820046
12632.78581,680.321165,347.1767926
12632.87961,680.3188987,347.1767926
12631.40273,680.319699,347.0461709
12632.87961,680.321165,347.1767926
12632.87961,680.321165,347.1767926
12632.87961,680.321165,347.1767926
12632.87961,680.3205068,347.1767926
12632.87961,680.3156091,347.1767926
12632.18314,680.3180815,347.1767926
12632.87961,680.321165,347.1767926
12628.39591,680.321165,347.0841439
12628.67674,680.321165,347.0225907
12630.76153,680.2585236,347.1767926
12631.92595,680.3080743,347.0576938
12632.87961,680.321165,347.1767926
12632.87961,680.321165,347.1767926
12632.65825,680.3164658,347.1767926
12632.87961,680.321165,347.1767926
12632.87961,680.3172797,347.1767926
12625.73432,680.0911435,347.1767926
12630.12627,680.0045298,347.1497085
12630.96106,680.2960436,347.1767926
12626.32431,680.2877078,347.0468907
12632.2596,680.3118443,347.1767926
12630.62724,680.2972897,347.1767926
12632.87961,680.321165,347.1767926
12632.87961,680.321165,347.1767926
12632.87961,680.3118443,347.1767926
12631.02018,680.294727,347.1767926
12632.87961,680.3193618,347.1767926
12628.42918,679.8888232,347.1767926
12627.8155,680.1048704,347.1767926
12629.248,680.3191153,347.1767926
12629.84233,680.2412651,346.9619271
12632.87961,680.3033694,346.9679393
12631.83496,680.1170364,347.1767926
12632.73104,680.321165,347.1767926
12632.87961,680.321165,347.1767926
12631.44944,680.321165,347.1767926
12629.25852,680.2439588,347.1767926
12630.9506,680.3172561,347.1767926
12625.06316,680.3206146,347.0074143
12627.81272,680.2004037,347.0828876
12629.62117,680.1507404,347.0853751
12628.57644,680.0311081,347.0994844
12631.53748,680.3152756,347.1767926
12629.17991,680.3177034,347.1767926
12632.87961,680.3146334,347.1767926
12632.87961,680.321165,347.1767926
12632.87961,680.3191323,347.1767926
12630.65951,680.3199834,347.1767926
12632.09369,680.321165,347.1681119
12628.62403,680.321165,347.1258309
12624.73148,680.2904698,346.9782857
12630.91843,680.321165,347.1767926
12632.28114,680.2319162,347.0373263
12630.86212,680.3211337,347.1124816
12632.87961,680.321165,347.1767926
12632.21199,680.2857448,347.1767926
12632.87961,680.321165,347.1767926
12632.87961,680.321165,347.1767926
12628.03937,680.321165,347.1767926
12630.98335,679.9546663,347.1767926
12628.20785,680.1615079,347.176742
12631.24425,680.3046193,347.1767926
12631.6394,680.3200951,346.7627342
12632.64225,680.3083792,347.0668085
12631.92955,680.321165,347.1767926
12630.23104,680.321165,347.1767926
12632.87961,680.321165,347.1767926
12630.65887,680.2098454,347.1767926
12632.87961,680.321165,347.1767926
12626.45938,680.1522441,347.1767926
12631.24722,680.0457335,347.1767926
12630.61443,680.3120875,346.8273515
12629.73785,680.3099139,347.1117638
12632.49234,680.321165,347.1767926
12632.7895,680.3099139,347.1767926
12629.29111,680.3109665,347.1767926
12632.87961,680.3185663,347.1767926
12632.56903,680.3210541,347.1767926
12630.65924,680.321165,347.1767926
12632.71881,680.321165,347.1767926
12632.87961,680.321165,347.0522622
12629.80113,680.297159,347.1124816
12628.83739,680.31474,347.1767926
12630.83936,680.321165,347.1767926
12629.2365,680.3210541,347.1336797
12631.97676,680.321165,347.1767926
12632.87961,680.3209333,347.1767926
12630.50058,680.1728667,347.1767926
12627.39458,680.321165,347.1767926
12632.87961,680.321165,347.1767926
12630.11842,680.321165,347.1277971
12632.87961,680.183024,347.0867886
12629.75778,679.6184082,347.1767926
12630.59249,680.321165,347.1028908
12631.30941,680.321165,347.1767926
12632.53516,680.3159511,347.1767926
12632.87961,680.321165,347.1767926
12632.87961,680.321165,347.1767926
12632.87961,680.321165,347.1767926
12631.20083,680.321165,347.1767926
12626.912,679.9842071,347.0930929
12631.6862,680.321165,347.1767926
12629.93698,680.3124527,347.1767926
12627.23443,680.2472739,347.1767926
12631.29176,680.321165,347.0444194
12631.85948,680.321165,346.9081784
12631.8654,680.321165,347.0829483
12631.55617,680.3117337,347.1767926
12632.87961,680.321165,347.1767926
12629.78636,680.2126963,347.1767926
12632.87961,680.321165,347.1767926
12632.54425,680.321165,347.1767926
12631.98887,680.321165,347.1141404
12630.06726,680.3111301,347.1767926
12632.7895,680.321165,347.1767926
12630.79158,680.1100389,347.1767926
12632.87961,680.321165,347.1767926
12630.57298,680.321165,347.1767926
12632.87961,680.321165,347.1767926
12632.87961,680.321165,347.1767926
12632.87961,680.3037923,347.0633304
12630.50523,680.3184492,347.1767926
12632.87961,680.321165,347.1767926
12629.8232,680.321165,347.1767926
12632.87961,680.321165,347.0644585
12630.65924,680.321165,347.0867886
12632.67586,680.321165,347.1767926
12632.87961,680.321165,347.1767926
12632.87961,680.321165,347.1767926
12632.87961,680.2792904,347.1767926
12632.87961,680.321165,347.1767926
12631.71602,680.321165,347.1767926
12632.87961,680.321165,347.1767926
12632.87961,680.321165,347.1767926
12630.5827,680.2271649,347.1082849
12632.73432,680.321165,347.093186
12632.87961,680.321165,347.1767926
12632.87961,680.321165,347.1767926
12632.87961,680.321165,347.1767926
12632.39209,680.321165,347.1767926
12632.87961,680.321165,347.1767926
12631.30173,680.321165,347.1767926
12629.69622,680.321165,347.1767926
12632.87961,680.2469619,347.1379762
12630.89865,680.321165,347.1379762
12631.49179,680.321165,347.0867886
12632.87961,680.321165,347.0867886
12632.87961,680.321165,347.1767926
12632.87961,680.321165,347.1388667
12632.87961,680.321165,347.1150903
12630.78252,680.3083792,347.1767926
12632.87961,680.321165,347.1767926
12632.51137,680.1359276,347.0695655
12632.75955,680.321165,347.0644011
12630.46809,680.2870516,347.0348221
12628.78462,680.321165,347.1767926
12632.35034,680.321165,347.1767926
12632.68774,680.2798564,347.017833
12632.87961,680.321165,347.1767926
12632.42376,680.2203504,347.1259053
12632.87961,680.321165,347.1767926
12632.87961,680.321165,347.1767926
12630.42306,680.1768302,346.9980225
12632.28941,680.321165,347.1767926
12627.82776,680.321165,347.1767926
12630.31555,680.321165,346.9734784
12632.87961,680.321165,346.9684963
12632.87961,680.321165,347.1767926
12632.87961,680.321165,347.1767926
12632.87961,680.2536311,347.1767926
12632.87961,680.321165,347.1767926
12632.87961,680.321165,347.1767926
12632.87961,680.1867634,347.1767926
12632.87961,680.321165,347.1767926
12632.49436,680.321165,347.111281
12632.87961,680.321165,347.1767926
12629.72294,680.321165,346.8161841
12632.42693,680.321165,346.8670714
12632.87961,680.321165,347.0867886
12632.87961,680.321165,347.1767926
12632.87961,680.321165,347.1767926
12632.87961,680.3191323,347.1767926
12630.9999,680.321165,347.1767926
12630.9223,680.321165,346.9851578
12632.87961,680.321165,347.004146
12629.64631,680.2325535,346.7162047
12629.32127,680.3152526,347.1767926
12631.26871,680.321165,347.1767926
12632.87961,680.321165,347.1767926
12632.87961,680.321165,347.1767926
12632.87961,680.315798,347.1767926
12632.87961,680.321165,347.1767926
12632.87961,680.321165,347.1767926
12631.82782,680.321165,347.1767926
12631.57006,680.321165,347.1767926
12632.87961,680.321165,347.1451485
12631.67668,679.944159,347.1347748
12630.32903,680.1359276,347.0846287
12631.73352,680.321165,347.1767926
12632.87961,680.321165,347.1767926
12632.87961,680.321165,347.1767926
12632.87961,680.321165,347.1767926
12632.87961,680.321165,347.1767926
12632.87961,680.321165,347.1767926
12630.9084,680.1300501,347.1767926
12632.76814,679.8727532,346.7935636
12632.87961,680.321165,347.1767926
12630.54259,680.2752949,347.1767926
12632.87961,680.321165,346.968206
12632.87961,680.321165,347.1767926
12632.87961,680.321165,347.1767926
12632.87961,680.321165,347.1767926
12632.87961,680.321165,347.1767926
12632.87961,680.321165,347.1767926
12632.87961,680.2831602,347.1194606
12631.87168,680.2140919,347.1767926
12626.40792,680.321165,347.1767926
12631.86284,680.321165,347.1767926
12632.48727,680.2501176,347.0077046
12632.23287,680.3184311,347.1767926
12632.61641,680.3195404,347.1453911
12632.87961,680.321165,347.1767926
12632.87961,680.3211337,347.1767926
12632.87961,680.321165,347.1767926
12632.45997,680.2777419,346.9278508
12632.87961,679.5726932,347.1767926
12631.67937,680.2508518,347.1767926
12624.77578,680.321165,347.0715243
12629.61806,680.321165,347.1767926
12632.87961,680.321165,347.1767926
12632.87961,680.315798,347.1767926
12632.87961,680.321165,347.0829483
12632.87961,680.3180933,347.1767926
14523.66926,831.152408,394.4472822
14522.83978,831.410586,394.4472822
14525.81367,831.4110821,394.4272453
14523.46304,831.3987612,394.4472822
14525.43276,831.4110821,394.4472822
14524.13955,831.3176326,394.4472822
14525.81367,831.3751211,394.4472822
14525.81367,831.4110821,394.4472822
14525.81367,831.3255032,394.4472822
14525.81367,831.408163,394.4472822
14525.81367,831.4110821,394.4472822
14525.0576,831.4110821,394.4472822
14523.48374,831.3803546,394.4472822
14525.81367,831.4110821,394.4472822
14525.81367,831.4110821,394.4472822
14525.11464,831.4110821,394.4472822
14525.81367,831.4110821,394.4472822
14525.81367,831.4110821,394.4472822
14525.81367,831.4110821,394.4472822
14525.81367,831.4110821,394.4472822
14525.81367,831.4110821,394.4472822
14525.23283,831.4110821,394.4472822
14525.81367,831.4110821,394.4472822
14523.59838,831.4099005,394.4472822
14525.81367,831.4110821,394.4472822
14525.45502,831.4110821,394.4472822
14520.85379,831.3641416,394.4472822
14523.6715,831.4110821,394.4472822
14525.81367,831.4110821,394.4472822
14524.37725,831.2577582,394.4472822
14525.81367,831.4110821,394.4472822
14521.825,831.4107124,394.4472822
14519.68547,831.3955556,394.4472822
14523.09295,831.3255032,394.4472822
14522.9184,831.3288843,394.3401781
14522.92797,831.3274395,394.4472822
14522.75966,831.4000356,394.4472822
14518.73793,831.4061432,394.4472822
14525.81367,831.3802723,394.4472822
14525.80066,831.3365548,394.4472822
14525.81367,831.4110821,394.4472822
14525.81367,831.4018727,394.4472822
14525.81367,830.979717,394.4472822
14524.13518,831.4110821,394.4472822
14522.82543,831.3325772,394.4472822
14523.73301,831.4033309,394.3983826
14519.75408,829.7907855,394.4120477
14524.70639,831.4110821,394.4472822
14522.85007,831.4110821,394.4472822
14525.81367,831.2863098,394.3069791
14524.57755,831.4110821,394.4472822
14525.81367,831.4110821,394.4472822
14525.81367,831.3528704,394.4472822
14525.81367,831.4110821,394.4472822
14523.23196,831.4110821,394.3502632
14522.45744,831.312638,394.4472822
14521.26467,831.3656042,394.4472822
14525.81367,831.3899348,394.4472822
13459.6363,633.9684138,292.620368
13461.7318,633.970379,292.620368
13464.05391,633.970379,292.620368
13464.05391,633.970379,292.620368
13464.05391,633.9694642,292.620368
13464.05391,633.970379,292.620368
13464.05391,633.970379,292.620368
13461.9498,633.970379,292.620368
13463.86916,633.970379,292.620368
13464.05391,633.970379,292.620368
13463.51694,633.970379,292.620368
13463.24462,633.969397,292.5687181
13464.05391,633.970379,292.620368
13463.81706,633.970379,292.620368
13464.05391,633.970379,292.620368
13464.05391,633.9443543,292.620368
13464.05391,633.970379,292.620368
13461.89981,633.970379,292.620368
13464.05391,633.8304006,292.620368
13463.87355,633.970379,292.620368
13463.51432,633.970379,292.620368
13464.05391,633.8943767,292.620368
13460.52958,633.970379,292.620368
13464.05391,633.970379,292.620368
13463.54236,633.9329225,292.620368
13464.05391,633.970379,292.620368
13464.05391,633.8809172,292.620368
13464.05391,633.970379,292.620368
13461.67676,633.970379,292.620368
13464.05391,633.9646058,292.5895187
13464.05391,633.970379,292.620368
13463.51735,633.9646058,292.3381919
13464.05391,633.970379,292.620368
13464.05391,633.970379,292.5600027
13462.72582,633.969931,292.620368
13464.05391,633.970379,292.620368
13463.79188,633.9665906,292.620368
13463.5389,633.970379,292.620368
13463.27505,633.970379,292.5858006
13462.7202,633.970379,292.620368
13462.67194,633.970379,292.620368
13464.05391,633.7323812,292.620368
13462.64214,633.798111,292.620368
13464.05391,633.927972,292.4239477
13463.04898,633.970379,292.620368
13463.19826,633.8917727,292.620368
13464.05391,633.970379,292.620368
13464.05391,633.970379,292.620368
13460.56763,633.970379,292.620368
13463.75595,633.7834213,292.620368
13463.72341,633.4920969,292.620368
13460.43062,633.9440563,292.4744815
13463.67621,633.4641368,292.620368
13461.61278,633.970379,292.5713251
13460.83634,633.970379,292.4417034
13464.05391,633.970379,292.620368
13464.05391,633.970379,292.620368
13464.05391,633.970379,292.620368
13464.05391,633.970379,292.620368
13461.8113,633.970379,292.620368
13463.8392,633.970379,292.6001962
13463.17831,633.8880025,292.620368
13460.74157,633.970379,292.3381919
13464.05391,633.970379,292.5894239
13464.05391,633.970379,292.620368
13464.05391,633.970379,292.620368
13464.05391,633.970379,292.620368
13464.05391,633.970379,292.620368
13462.78892,633.7391835,292.620368
13463.78909,633.970379,292.580277
13464.05391,633.970379,292.5212851
13460.94777,633.970379,292.6119206
13460.61088,633.970379,292.5038386
13464.05391,633.9027012,292.3780914
13461.33129,633.970379,292.5858006
13463.57709,633.9533469,292.563036
13460.99168,633.970379,292.620368
13464.05391,633.970379,292.620368
13464.05391,633.970379,292.620368
13464.05391,633.970379,292.2717927
13464.05391,633.970379,292.2717927
13459.68151,633.970379,292.6166558
13462.42355,633.8805116,292.620368
13458.42006,633.7391835,292.620368
13462.02004,633.8504033,292.620368
13464.05391,633.970379,292.620368
13464.05391,633.970379,292.620368
13464.05391,633.7391835,292.620368
13464.05391,633.970379,292.620368
13464.05391,633.970379,292.620368
13460.79558,633.970379,292.620368
13461.53077,633.9297659,292.0253794
13461.93592,633.970379,292.5503246
13458.1843,633.970379,292.3381919
13463.89993,633.852379,292.4305326
13464.05391,633.970379,292.620368
13464.05391,633.970379,292.620368
13464.05391,633.970379,292.620368
13464.05391,633.970379,292.620368
13463.79307,633.970379,292.620368
13464.05391,633.970379,292.574643
13464.05391,633.970379,292.5110985
13461.59841,633.970379,292.6012903
13461.13315,633.9440876,292.620368
13461.05492,633.970379,292.5685702
13463.11984,633.970379,292.620368
13464.05391,633.8816224,292.620368
13464.05391,633.9072638,292.620368
13461.88971,633.8884429,292.620368
13462.42921,633.9539649,292.620368
13463.80874,633.970379,292.620368
13459.9773,633.9640738,292.5691369
13464.05391,633.970379,292.620368
13459.07747,633.970379,292.6187409
13461.24516,633.970379,292.2647648
13462.60776,633.970379,292.620368
13464.05391,633.888299,292.620368
13464.05391,633.970379,292.620368
13464.05391,633.970379,292.620368
13461.59804,633.7149211,292.620368
13464.05391,633.970379,292.620368
13464.05391,633.970379,292.3854383
13461.76498,633.970379,292.620368
13463.13923,633.8702029,292.620368
13464.05391,633.970379,292.620368
13464.05391,633.970379,292.620368
13462.696,633.970379,292.6076695
13464.05391,633.970379,292.620368
13464.05391,633.970379,292.202283
13464.05391,633.9699754,292.620368
13464.05391,633.970379,292.620368
13464.05391,633.8892944,292.620368
13464.05391,633.8951826,292.620368
13460.89916,633.970379,292.620368
13461.67888,633.2802474,292.5527212
13463.10727,633.970379,292.620368
13460.74157,633.970379,292.5149846
13463.03269,633.970379,292.5734788
13463.58428,633.970379,292.620368
13463.8105,633.7358399,292.620368
13464.05391,633.970379,292.620368
13462.71057,633.970379,292.620368
13461.94599,633.9470394,292.620368
13461.48039,633.897722,292.620368
13462.28852,633.970379,292.620368
13463.42248,633.7395535,292.620368
13463.46393,633.970379,292.5963566
13464.05391,633.970379,292.620368
13464.05391,633.970379,292.620368
13464.05391,633.9703477,292.620368
13464.05391,633.970379,292.620368
13464.05391,633.9697368,292.620368
13464.05391,633.8070897,292.620368
13462.92401,633.970379,292.620368
13464.05391,633.8817608,292.5010855
13463.90856,633.9470394,292.620368
13464.05391,633.8980185,292.620368
13462.69131,633.970379,292.620368
13464.05391,633.9683778,292.620368
13464.05391,633.970379,292.620368
13464.05391,633.8227772,292.620368
13464.05391,633.9694375,292.620368
13464.05391,633.9685899,292.620368
13461.95934,633.970379,292.5934302
13464.05391,633.970379,292.620368
13464.05391,633.8964375,292.5934302
13461.68718,633.970379,292.620368
13464.05391,633.970379,292.620368
13461.76666,633.970379,292.620368
13464.05391,633.970379,292.620368
13464.05391,633.970379,292.620368
13464.05391,633.9229637,292.620368
13464.05391,633.967439,292.620368
13464.05391,633.970379,292.620368
13464.05391,633.8297093,292.620368
13464.05391,633.970379,292.620368
13464.05391,633.970379,292.620368
13463.56852,633.970379,292.620368
13464.05391,633.970379,292.620368
13463.75667,633.970379,292.620368
13462.97694,633.970379,292.620368
13464.05391,633.970379,292.620368
13464.05391,633.970379,292.620368
13464.05391,633.964331,292.3167191
13464.05391,633.970379,292.620368
13464.05391,633.9700161,292.620368
13462.22384,633.970379,292.5649733
13464.05391,633.8564286,292.6109301
13464.05391,633.9137934,292.620368
13463.87981,633.970379,292.3728752
13464.05391,633.970379,292.620368
13464.05391,633.970379,292.620368
13464.05391,633.970379,292.620368
13464.05391,633.9400905,292.620368
13464.05391,633.970379,292.620368
13463.65557,633.8103362,292.5002605
13464.05391,633.970379,292.620368
13463.9756,633.9538409,292.4181807
13464.05391,633.9186339,292.620368
13462.72801,633.6416877,292.620368
13463.41604,633.96864,292.620368
13464.05391,633.9664669,292.620368
13464.05391,633.9643077,292.620368
13464.05391,633.970379,292.620368
13461.30699,633.9225939,292.620368
13464.05391,633.970379,292.620368
13462.50432,633.970379,292.3908824
13463.30974,633.7518627,292.620368
13462.97793,633.970379,292.5860804
13461.48222,633.970379,292.5934302
13464.05391,633.831941,292.5982603
13459.79558,633.970379,292.620368
13464.05391,633.9048993,292.620368
13464.05391,633.970379,292.620368
13462.19648,633.9702019,292.620368
13462.53245,633.7970566,292.4181807
13461.66424,633.9252612,292.620368
13464.05391,633.9401664,291.8686704
13460.31969,633.9024463,292.620368
13462.62978,633.970379,292.620368
13461.7693,633.970379,292.620368
13463.78818,633.8738487,292.563495
13464.05391,633.970379,292.620368
13463.34223,633.9276774,292.620368
13462.32682,633.970379,292.620368
13464.05391,633.970379,292.620368
13463.19232,633.9260367,292.5176024
13461.79705,633.970379,292.620368
13462.51868,633.970379,292.620368
13461.42725,633.9676709,292.3887009
13463.38963,633.970379,292.2824061
13461.95662,633.9663279,292.5764019
13463.07493,633.970379,292.620368
13464.05391,633.970379,292.620368
13464.05391,633.970379,292.620368
13461.87109,633.970379,292.620368
13462.02493,633.970379,292.620368
13463.62846,633.9700454,292.620368
13458.04562,633.970379,292.620368
13461.49722,633.970379,292.5144391
13463.5973,633.970379,292.620368
13458.43036,633.970379,292.5934302
13462.66173,633.8554587,292.620368
13464.05391,633.970379,292.620368
13464.05391,633.970379,292.620368
13464.05391,633.970379,292.620368
13461.81383,633.970379,292.5002605
13464.05391,633.970379,292.620368
13464.05391,633.6232219,292.620368
13463.13247,633.811817,292.2227351
13459.42669,633.9289091,292.620368
13464.05391,633.970379,292.620368
13459.7823,633.9654761,292.620368
13461.49218,633.970379,292.620368
13464.05391,633.970379,292.620368
13464.05391,633.970379,292.620368
13463.3142,633.8213665,292.5187583
13462.80197,633.970379,292.620368
13463.0086,633.970379,292.3802397
13459.99795,633.970379,292.5934302
13464.05391,633.970379,292.5934302
13462.05364,633.970379,292.563495
13463.65777,633.9640879,292.620368
13464.05391,633.970379,292.620368
13464.05391,633.970379,292.620368
13464.05391,633.8706028,292.620368
13464.05391,633.970379,292.620368
13462.67069,633.970379,292.620368
13462.31511,633.970379,292.5399906
13461.57267,633.970379,292.3661827
13457.25305,633.970379,292.3745703
13463.40765,633.902104,292.4510946
13463.60178,633.970379,292.620368
13464.05391,633.970379,292.5898308
13461.89863,633.8497502,292.620368
13463.3757,633.8497502,292.620368
13463.34783,633.9400905,292.620368
13462.10632,633.5664073,292.620368
13460.62774,633.8624431,292.3976063
13458.01928,633.970379,292.620368
13460.79844,633.970379,292.620368
13459.53412,633.970379,292.5627575
13464.05391,633.970379,292.620368
13464.05391,633.8497502,292.620368
13464.05391,633.970379,292.4511952
13464.05391,633.970379,292.620368
13464.05391,633.970379,292.620368
13464.05391,633.970379,292.620368
13463.54171,633.4422687,292.5055129
13464.05391,633.970379,292.620368
13459.91928,633.8497502,292.620368
13463.24883,633.9622618,292.5673451
13462.84575,633.970379,292.5137079
13464.05391,633.7494479,292.620368
13462.92441,633.8726741,292.5934302
13464.05391,633.970379,292.620368
13464.05391,633.970379,292.620368
13462.77217,633.970379,292.620368
13463.40349,633.970379,292.620368
13456.32655,633.970379,292.620368
13464.05391,633.970379,292.620368
13463.29285,633.970379,292.620368
13461.15024,633.8765594,292.620368
13464.05391,633.970379,292.620368
13464.05391,633.970379,292.5168481
13463.54536,633.970379,292.620368
13464.05391,633.6124273,292.620368
13464.05391,633.970379,292.620368
13464.05391,633.970379,292.620368
13460.73927,633.970379,292.5430079
13461.9918,633.970379,292.5430079
13458.66233,633.6881881,292.4925641
13461.66742,633.970379,292.620368
13464.05391,633.970379,292.5684763
13464.05391,633.970379,292.5191715
13464.05391,633.9641237,292.620368
13464.05391,633.6911882,292.620368
13464.05391,633.9468084,292.620368
13464.05391,633.970379,292.620368
13462.16627,633.7564188,292.620368
13462.66173,633.970379,292.620368
13463.26568,633.9344191,292.620368
13458.47246,633.970379,292.563495
13463.31997,633.970379,292.4648985
13464.05391,633.970379,292.620368
13464.05391,633.9099412,292.620368
13461.6502,633.970379,292.620368
13464.05391,633.970379,292.620368
13464.05391,633.8497502,292.5745207
13460.98847,633.970379,292.620368
13462.66888,633.970379,292.620368
13463.50584,633.776941,292.6187409
13464.05391,633.970379,292.5739037
13461.08977,633.8889065,292.620368
13462.5826,633.970379,292.620368
13464.05391,633.970379,292.620368
13464.05391,633.970379,292.620368
13464.05391,633.970379,292.620368
13464.05391,633.970379,292.620368
13459.50129,633.970379,292.620368
13463.48268,633.7901128,292.5419316
13461.49833,633.4641368,292.620368
13464.05391,633.970379,292.620368
13461.7914,633.970379,292.620368
13464.05391,633.970379,292.620368
13464.05391,633.970379,292.620368
13464.05391,633.970379,292.620368
13464.05391,633.970379,292.620368
13464.05391,633.970379,292.620368
13464.05391,633.970379,292.620368
13464.05391,633.970379,292.620368
13464.05391,633.970379,292.5487386
13464.05391,633.970379,292.620368
13464.05391,633.970379,292.620368
13464.05391,633.970379,292.620368
13464.05391,633.970379,292.620368
13464.05391,633.970379,292.620368
13464.05391,633.970379,292.620368
13464.05391,633.970379,292.620368
13464.05391,633.970379,292.620368
13464.05391,633.970379,292.620368
13464.05391,633.7948883,292.620368
13464.05391,633.970379,292.620368
13464.05391,633.970379,292.620368
13464.05391,633.970379,292.620368
13464.05391,633.970379,292.620368
13464.05391,633.970379,292.620368
13464.05391,633.970379,292.5637582
13464.05391,633.970379,292.620368
13464.05391,633.970379,292.620368
13464.05391,633.970379,292.620368
13463.51166,633.970379,292.620368
13462.6684,633.7135432,292.620368
13461.64495,633.970379,292.620368
13460.86318,633.9445451,292.620368
13464.05391,633.970379,292.620368
13460.74157,633.970379,292.620368
13462.94759,633.970379,292.5895187
13464.05391,633.9664937,292.620368
13464.05391,633.9400905,292.620368
13464.05391,633.970379,292.620368
13464.05391,633.6762587,292.5507088
13464.05391,633.970379,292.620368
13463.30977,633.970379,292.620368
13464.05391,633.7597518,292.620368
13464.05391,633.970379,292.620368
13461.73187,633.970379,292.5126438
13464.05391,633.970379,292.620368
13464.05391,633.970379,292.620368
13464.05391,633.970379,292.5177868
13464.05391,633.9636943,292.620368
13463.67027,633.970379,292.620368
13460.26562,633.7261401,292.620368
13460.60017,633.970379,292.620368
13458.48404,633.8876187,292.620368
13461.82652,633.8091051,292.620368
13460.58909,633.970379,292.620368
13462.83014,633.970379,292.620368
13463.7156,633.970379,292.620368
13461.98738,633.8678676,292.5915304
13464.05391,633.970379,292.620368
13463.86505,633.970379,292.620368
13463.26884,633.970379,292.620368
13463.62332,633.970379,292.620368
13459.01511,633.970379,292.5454282
13462.76489,633.8458649,292.584113
13464.05391,633.8301241,292.5864475
13457.61397,633.9682444,292.620368
13464.05391,633.970379,292.4996398
13462.26164,633.970379,292.620368
13463.54094,633.970379,292.620368
13463.26884,633.970379,292.620368
13462.10251,633.968581,292.620368
13460.16922,633.8481525,292.5321475
13457.8849,633.8452177,292.620368
13464.05391,633.970379,292.620368
13459.60953,633.6676017,292.5847199
13462.40242,633.970379,292.620368
13464.05391,633.970379,292.620368
13463.34426,633.970379,292.620368
13463.66257,633.970379,292.620368
13461.43329,633.970379,292.620368
13462.45241,633.970379,292.620368
13462.72966,633.8956186,292.620368
13461.79,633.8934835,292.6033909
13461.36865,633.843715,292.620368
13461.03376,633.970379,292.5058192
13460.16318,633.7628319,292.5692528
13461.49627,633.7120755,292.620368
13464.05391,633.9701438,292.620368
13464.05391,633.9551454,292.620368
13464.05391,633.9315689,292.620368
13463.51967,633.9077399,292.620368
13463.08997,633.970379,292.620368
13461.24876,633.9157996,292.620368
13464.05391,633.970379,292.620368
13454.98084,633.5795266,292.4992569
13453.9655,633.7073259,292.579754
13463.7065,633.9400604,292.620368
13463.79643,633.970379,292.620368
13463.3412,633.8709666,292.490961
13464.05391,633.952119,292.620368
13464.05391,633.8359132,292.1833642
13463.09812,633.9680221,292.620368
13462.06416,633.970379,292.620368
13460.55529,633.9223965,292.620368
13460.52978,633.6440013,292.5900039
13464.05391,633.9383968,292.620368
13461.28369,633.9383968,292.620368
13460.57964,633.970379,292.5287828
13461.88064,633.9607677,292.546638
13461.96059,633.970379,292.620368
13463.77664,633.970379,292.620368
13464.05391,633.970379,292.620368
15826.0437,864.2544485,316.3754699
15821.33911,864.2580694,316.3754699
15823.27666,864.2035095,316.2290761
15821.35,864.088817,316.3754699
15819.74957,864.2580224,316.3754699
15823.50558,864.254982,316.3038406
15821.28048,864.2580694,316.3038406
15817.93258,864.2580694,316.1107138
15826.0437,864.2558305,316.3754699
15826.0437,864.2580694,316.3754699
15826.0437,863.9793889,316.3754699
15820.73905,864.1853993,316.3754699
15822.75568,864.170817,316.3141152
15818.71467,864.0070678,316.3364653
15818.1403,863.8366999,316.3754699
15816.43741,864.2192395,316.3754699
15822.22375,864.2580694,316.3754699
15820.10067,864.2580694,316.1573272
15823.77682,864.2580694,316.3754699
15824.72983,864.2580694,316.3754699
15825.45094,864.2580694,316.3754699
15824.27754,863.4671346,316.3754699
15825.4008,863.945074,316.1390975
15820.51245,863.8131081,316.3716311
15818.34838,863.5938561,316.3525579
15818.16361,864.0792854,316.3754699
15824.43492,864.2580694,316.2183566
15823.72753,864.2580694,316.3754699
15824.12872,864.2580694,316.3754699
15824.30931,864.2580694,316.3754699
15824.12673,864.2580694,316.3754699
15826.0437,864.2580694,316.3754699
15823.14671,863.9730569,316.2643575
15816.35804,863.9843167,316.3754699
15826.0437,864.0283472,316.3030672
15813.50112,863.6799335,316.2012497
15822.44563,864.2021055,316.3115552
15826.0437,864.2580694,316.3754699
15826.0437,864.1137453,316.3754699
15824.30931,864.1615512,316.3754699
15826.0437,864.2580694,316.3754699
15822.94408,864.0986298,316.3754699
15818.82293,864.2245042,316.2766659
15824.83572,864.0107674,316.3575502
15817.95573,864.0335888,316.255745
15823.45953,864.1847181,316.1936836
15822.36236,864.2580694,316.3754699
15826.0437,864.2580694,316.3754699
15826.0437,864.2580694,316.3754699
15826.0437,864.2580694,316.3754699
15826.0437,864.2580694,316.3754699
15825.95638,864.2580694,316.3754699
15825.8064,864.2580694,316.3754699
15826.0437,864.2580694,316.246063
15822.83137,864.2580694,316.3754699
15823.9745,864.2580694,316.3754699
15825.79636,864.2580694,316.3754699
15826.0437,864.2580694,316.3754699
10479.31234,539.4169718,270.0735467
10479.31234,539.4169718,270.0735467
10479.31234,539.4169718,270.0735467
10479.31234,539.4169718,270.0735467
10479.31234,539.4169718,270.0735467
10479.31234,539.4169718,270.0735467
10479.31234,539.4169718,270.0735467
10479.31234,539.4169718,270.0735467
10479.31234,539.4169718,270.0735467
10479.31234,539.4169718,270.0735467
10479.31234,539.4169718,270.0735467
10479.31234,539.4169718,270.0735467
10479.31234,539.4169718,270.0735467
10479.31234,539.4169718,270.0735467
10479.31234,539.4169718,270.0735467
10479.31234,539.4169718,270.0735467
10479.31234,539.4169718,270.0735467
10479.31234,539.4169718,270.0735467
10479.31234,539.4169718,270.0735467
10478.74459,539.4169718,270.0735467
10479.31234,539.4169718,270.0735467
10479.31234,539.4169718,270.0735467
10479.31234,539.4169718,270.0735467
10479.31234,539.4169718,270.0735467
10479.31234,539.4169718,270.0735467
10479.31234,539.4169718,270.0735467
10479.31234,539.4169718,270.0735467
10479.31234,539.4169718,270.0735467
10479.20101,539.4169718,270.0735467
10474.87096,539.4169718,269.4163276
10479.31234,539.4169718,270.0735467
10479.31234,539.4169718,270.0735467
10479.31234,539.4169718,270.0735467
10479.31234,539.4169718,270.0735467
10479.31234,539.4169718,270.0735467
10479.31234,539.4169718,270.0735467
10479.31234,539.4169718,269.9825264
10478.12537,539.4169718,269.9313412
10479.31234,539.4169718,270.0735467
10477.63278,539.3228155,270.0395496
10479.26191,539.2606811,270.0735467
10479.31234,539.4169718,270.0735467
10479.31234,539.4169718,270.0735467
10479.31234,539.3057861,270.0735467
10479.31234,539.4169718,270.0735467
10479.31234,539.4169718,270.0735467
10476.26741,539.1954131,270.0735467
10477.1718,539.3780267,269.9063083
10479.31234,539.4169718,269.9499447
10476.8716,539.3362247,269.9238082
10478.27618,539.4169718,270.0735467
10475.84947,539.4169718,270.0287256
10479.29339,539.4169718,270.0735467
10479.31234,539.351834,270.0735467
10478.17563,539.2431818,270.0735467
10479.31234,539.4169718,270.0336619
10479.03845,539.4169718,270.0735467
10473.70606,539.4169718,269.9811424
10476.31824,539.3925689,269.7864629
10476.70694,539.3125927,270.0096732
10473.8287,539.1641092,269.9646054
10475.2715,539.3314564,269.8208852
10477.3571,539.4169718,270.0735467
10478.43207,539.4143369,270.0735467
10478.9885,539.4104662,270.0735467
10477.95054,539.4169718,270.0735467
10479.31234,539.4169718,269.9779576
10478.42225,538.9174213,270.0735467
10475.08023,539.4169718,270.0735467
10472.48028,539.3160005,269.9818971
10473.1174,539.3364231,270.0531235
10479.31234,539.3780267,270.0735467
10475.38881,539.4169718,269.9677265
10479.27244,539.4169718,270.0735467
10479.31234,539.4169718,270.0735467
10478.13318,539.4169718,270.0735467
10479.31234,539.0783491,270.0735467
10479.31234,539.1324694,270.0735467
10479.31234,539.3706407,269.7864807
10471.91142,539.4142067,270.0395496
10475.53697,539.4169718,270.0735467
10477.71279,539.2348016,270.0735467
10477.04227,539.4169718,269.8224492
10479.31234,539.4169718,269.9378261
10479.31234,539.4169718,270.0735467
10478.32397,539.4169718,270.0735467
10478.66773,539.4169718,270.0735467
10479.31234,539.3743858,270.0735467
10478.67145,539.2417667,270.0735467
10477.89987,539.4169718,269.8855532
10472.77406,539.3509537,269.7082524
10476.64331,539.0695769,269.8946838
10478.81024,539.4169718,270.0156236
10473.9823,539.4169718,270.0735467
10479.31234,539.4169718,270.0735467
10479.31234,539.4169718,270.0735467
10478.63623,539.3977901,270.0735467
10477.75563,539.246245,270.0735467
10478.56933,539.4169718,270.0735467
10477.19157,539.378262,270.0735467
10478.35182,539.2843507,269.7960942
10478.43952,539.4169718,270.0735467
10472.31938,539.0928136,270.0057436
10473.80033,539.4169718,270.0735467
10478.62083,539.4169718,270.0735467
10479.12176,539.4169718,270.0735467
10479.31234,539.4169718,270.0735467
10478.6855,539.4169718,270.0735467
10477.26252,539.2200595,270.0735467
10474.90512,539.2364801,270.0735467
10478.61735,539.4169718,270.0593019
10478.30465,539.2173128,269.962732
10477.49552,539.0012743,270.0735467
10479.31234,539.3917359,270.0513822
10478.53229,539.4163114,270.0349609
10479.31234,539.4169718,270.0735467
10479.31234,539.3488791,270.0735467
10477.03874,539.4169718,270.0735467
10479.2938,539.4169718,270.0735467
10479.31234,539.3488617,270.0735467
10479.31234,539.4169718,270.0735467
10479.31234,539.4169718,270.0735467
10479.10245,539.4169718,270.0735467
10478.83389,539.4169718,270.0735467
10479.31234,539.4169718,270.0735467
10478.98181,539.4169718,270.0735467
10479.31234,539.4085626,270.0735467
10478.86004,539.4169718,270.0735467
10479.31234,539.4169718,270.0735467
10479.31234,539.4169718,270.0735467
10479.31234,539.4169718,270.0735467
10479.31234,539.3255772,270.0735467
10478.52299,539.4169718,270.0735467
10479.31234,539.3022828,270.0735467
10477.99286,539.3475604,270.0735467
10479.31234,539.3178562,270.0735467
10479.31234,539.4169718,270.0735467
10479.31234,539.4169718,270.0735467
10479.31234,539.3980408,270.0735467
10479.31234,539.3539033,270.0735467
10479.31234,539.3186255,270.0735467
10479.31234,539.4169718,270.0735467
10479.31234,539.4169718,270.0735467
10478.20386,539.4169718,270.0735467
10478.43287,539.4046861,270.0735467
10479.06328,539.1641092,270.0735467
10479.31234,539.4169718,270.0735467
10478.73327,539.4163114,270.0735467
10479.31234,539.4169718,270.0735467
10479.31234,539.4169718,270.0735467
10478.86043,539.1359031,270.0735467
10478.01107,539.4169718,270.0735467
10477.35227,539.4169718,270.0735467
10476.02949,539.2970975,270.0735467
10477.02456,539.1628936,270.0735467
10479.0003,539.4169718,269.9837538
10479.31234,539.4169718,270.0735467
10479.31234,539.4169718,270.0735467
10478.1657,539.4169718,270.0735467
10479.31234,539.4056322,270.0735467
10479.31234,539.0445085,270.0735467
10479.31234,538.809238,270.0735467
10472.79005,539.4169718,270.0735467
10477.17794,539.2350283,270.0073827
10475.13917,539.3743858,270.0605214
10477.73073,539.4142067,269.5188722
10479.31234,539.4169718,270.0735467
10479.31234,539.4169718,270.0735467
10479.31234,539.4169718,270.0735467
10479.31234,539.4169718,269.9563982
10479.12545,539.4056322,270.0735467
10479.04254,539.4169718,270.0735467
10478.69857,539.4169718,270.0156677
10478.77637,539.4169718,270.0735467
10476.30195,539.3934588,269.9905563
10476.50495,539.4169718,270.0735467
10479.31234,539.4169718,269.9882158
10479.31234,539.4169718,270.0735467
10479.31234,539.4169718,270.0735467
10478.69418,539.4169718,270.0735467
10479.31234,539.4169718,270.0735467
10479.31234,539.3706407,270.0735467
10477.76463,539.2100168,269.5462204
10475.67528,539.4169718,270.0230503
10477.17662,539.4169718,270.0303844
10476.5707,539.4169718,270.0669059
10478.37449,539.4169718,270.0735467
10479.31234,539.4169718,270.0735467
10479.31234,539.4169718,270.0735467
10479.31234,539.4164436,270.0735467
10477.864,539.4169718,270.0735467
10477.75416,539.4169718,270.0735467
10478.88702,539.4169718,270.0735467
10478.21342,539.3900266,270.0735467
10475.61536,539.4169718,270.0467952
10474.33415,539.2875734,270.0735467
10479.31234,539.4169718,270.0735467
10478.51119,539.2520951,269.9402275
10478.13523,539.4169718,270.0735467
10478.01107,539.4169718,270.0735467
10478.82663,539.4169718,270.0735467
10479.07047,539.4136081,270.0735467
10479.31234,539.4169718,270.0735467
10476.09305,539.3207913,270.034916
10476.40307,539.4169718,269.9444152
10477.49816,539.4169718,270.0735467
10478.24109,539.3662425,269.8986775
10473.76429,539.3309676,269.9026707
10479.31234,539.4169718,270.0735467
10478.52705,539.4169718,269.9159077
10478.77604,539.0842185,269.990651
10478.70994,539.4169718,270.0735467
10474.76396,539.4169718,269.895037
10479.31234,539.3210268,270.0150146
10475.64598,539.262365,270.0735467
10477.21475,539.4169718,269.6213025
10476.39633,539.4169718,269.960286
10476.60903,539.0098842,269.8699388
10479.31234,539.4169718,270.0735467
10478.4577,539.3903523,270.0735467
10479.31234,539.1544338,270.0735467
10477.9625,539.4169718,270.0735467
10477.97345,539.2745255,269.7458183
10479.31234,539.349577,270.0735467
10476.35815,539.4057211,270.0735467
10476.74282,539.1496685,269.7750559
10479.31234,539.2787146,269.8198523
10474.16578,539.4136081,269.5653911
10476.5855,539.1758485,270.0735467
10479.31234,539.4169718,270.0735467
10479.31234,539.2671156,270.0735467
10478.63882,539.4169718,270.0735467
10479.31234,539.4169718,270.0735467
10478.06583,539.4169718,270.0735467
10478.44141,539.0559378,270.0246749
10478.43897,539.4169718,269.8534146
10479.31234,539.4169718,270.0238734
10476.79842,539.4169718,270.0735467
10479.22755,539.4169718,270.0735467
10479.31234,539.4169718,270.0735467
10479.31234,539.4169718,270.0735467
10479.31234,539.4169718,270.0735467
10479.31234,539.4169718,270.0735467
10479.31234,539.4169247,270.0735467
10479.31234,539.0602546,270.0735467
10478.45788,539.3061952,270.0735467
10477.36407,539.4169718,270.0735467
10479.31234,539.2787146,270.0194347
10478.75096,539.3767314,270.0735467
10478.38265,539.4169718,270.0011552
10479.31234,539.4169718,270.0735467
10479.31234,539.4169718,270.0735467
10479.31234,539.4169718,270.0735467
10479.31234,539.4169718,270.0735467
10479.21946,539.3207913,270.0735467
10478.53121,539.3994431,270.0467952
10479.31234,539.4169718,270.0735467
10479.26866,539.4169718,269.9419387
10479.0601,539.2880886,270.0020012
10478.65411,539.4169718,270.0735467
10479.31234,539.4169718,270.0735467
10479.31234,539.4169718,270.0735467
10479.31234,539.4169718,270.0735467
10479.31234,539.4169718,270.0735467
10479.31234,539.3903523,270.0735467
10479.31234,539.4169718,270.0735467
10479.31234,539.164715,270.0735467
10477.86644,539.4169718,269.8890464
10479.31234,539.4169718,270.0735467
10478.42845,539.4169718,270.0735467
10479.31234,539.4169718,270.0735467
10479.31234,539.4169718,270.0735467
10479.31234,539.4169718,270.0735467
10479.31234,539.4169718,270.0735467
10478.68755,539.4169718,270.0735467
10479.31234,539.4169718,270.0735467
10479.31234,539.4169718,270.0735467
10479.31234,539.3227757,270.0735467
10477.13038,539.3740589,270.0258851
10474.70165,539.4169718,270.0527724
10479.31234,539.4169718,270.0735467
10479.31234,539.4169718,270.0735467
10479.31234,539.4169718,270.0735467
10479.31234,539.4169718,270.0735467
10479.31234,539.4169718,270.0735467
10478.68668,539.4169718,270.0735467
10477.95027,539.4169718,270.0735467
10479.31234,539.4169718,270.0735467
10477.43216,539.4169718,269.5462204
10478.18931,539.3960923,270.0735467
10477.16438,539.4169718,270.0735467
10479.31234,539.3470858,269.9320106
10479.31234,539.4169718,270.0735467
10477.87495,539.4169718,270.0735467
10479.09767,539.4169718,270.0735467
10477.87996,539.4169718,270.0735467
10479.31234,539.4073413,270.0735467
10477.86601,539.4169718,270.0429805
10479.31234,539.3853561,270.0156677
10477.52302,539.4169718,269.9973194
10477.44724,539.3846709,270.0735467
10478.68755,539.3992575,270.0735467
10479.31234,539.4169718,270.0735467
10479.31234,539.4117697,270.0735467
10475.52781,539.3716732,270.0735467
10479.31234,539.4169718,270.0735467
10479.31234,539.3665735,270.0735467
10478.38375,539.4169718,270.0735467
10478.25965,539.4169718,270.0735467
10477.11274,539.3631075,270.024495
10478.14866,539.2009654,269.8917614
10478.96536,539.2069343,269.9605077
10478.12694,539.4169718,270.0735467
10479.31234,539.4146714,270.0735467
10478.11948,539.4169718,270.0735467
10478.68023,539.0852485,270.0735467
10479.31234,539.4117697,270.0735467
10478.95293,539.3900266,270.0735467
10477.15011,539.4169718,270.0735467
10475.45214,539.2586506,269.9605077
10477.41618,539.414247,269.6465844
10478.53107,539.4169718,270.0594023
10475.36081,539.2262184,270.0246749
10479.31234,539.4169718,270.0377459
10478.92252,539.4169718,270.0735467
10477.44904,539.4169718,269.7384384
10479.31234,539.4169718,270.0735467
10479.31234,539.3405505,270.0735467
10479.31234,539.4169718,270.0735467
10479.31234,539.4169718,270.0531235
10479.31234,539.4169718,270.0735467
10479.31234,539.0935547,270.0735467
10478.62287,539.4169718,270.0735467
10479.31234,539.4169718,269.9576684
10479.31234,539.4169718,270.0735467
10478.98448,539.4169718,270.0735467
10479.31234,539.4169718,270.0735467
10478.38689,539.3869614,270.0735467
10479.31234,539.4169718,270.0735467
10479.31234,539.4169718,270.0735467
10477.88872,539.4169718,270.0150217
10479.31234,539.3253678,270.0735467
10477.83523,539.3828195,270.0735467
10478.76103,539.3639063,270.0735467
10479.31234,539.4169718,270.0735467
10477.33641,539.416381,270.0735467
10479.31234,539.4169718,270.0735467
10479.17262,539.4169718,270.0735467
10477.73202,539.4169718,270.0735467
10478.97448,539.4169718,270.0276338
10479.31234,539.4169718,270.0337756
10477.33811,539.4169718,270.0735467
10476.25032,539.4169718,269.9913241
10479.31234,539.4169718,270.0735467
10477.61673,539.3991162,270.0735467
10479.31234,539.4169718,270.0735467
10479.31234,539.4169718,270.0735467
10477.57818,539.3903523,270.0735467
10476.78274,539.4169718,270.0735467
10478.11948,539.4169718,270.0735467
10473.08121,539.4169718,270.0389808
10477.82347,539.4169718,270.0735467
10479.31234,539.4169718,269.6465844
10477.55265,539.3309676,270.0735467
10479.31234,539.4169718,270.0384855
10479.31234,539.4169718,270.0735467
10479.31234,539.4169718,270.0735467
10479.31234,539.4169718,270.0735467
10479.31234,539.4169718,270.0735467
10476.96372,539.3477791,270.0513822
10478.17561,539.1956324,270.0735467
10478.00992,539.4169718,270.0083017
10477.33702,539.4169718,270.0600103
10478.34439,539.242231,270.0735467
10477.73202,539.4169718,270.0735467
10478.78566,539.4169718,270.0735467
10479.31234,539.3665735,270.0735467
10479.31234,539.4169718,270.0735467
10476.71185,539.4148023,270.0735467
10478.11948,539.4169718,270.0735467
10476.6878,539.4169718,270.0735467
10476.81989,539.3665735,270.0735467
10473.79935,539.3665735,270.0735467
10476.92425,539.2659042,270.0735467
10476.75115,539.1386166,269.7668304
10478.56669,539.4169718,270.0719882
10479.31234,539.4157339,270.0735467
10479.31234,539.3539278,270.0735467
10479.31234,539.245798,270.0735467
10479.31234,539.184827,270.0735467
10476.9459,539.4169718,270.0735467
10477.05884,539.4169718,270.0646363
10476.35844,539.4169718,269.7331376
10477.29986,539.3707042,270.0735467
10479.10437,539.2688505,270.064043
10477.36319,539.3886383,270.0276338
10479.31234,539.4169718,270.0735467
10477.21639,539.3446739,270.0735467
10476.12676,539.4169718,270.0735467
10479.31234,539.4169718,270.0735467
10475.18163,539.4169718,270.0735467
10479.31234,539.3601905,270.0735467
10479.31234,539.3600134,270.0735467
10473.0572,539.4169718,270.0735467
10477.59996,539.4169718,270.0735467
10479.31234,539.3479236,270.0276338
10479.31234,539.4169718,270.0735467
10479.01069,539.4169718,270.0735467
10478.96461,539.2280872,270.0735467
10479.31234,539.4169718,270.0735467
10478.74821,539.4169718,270.0735467
10479.31234,539.4169718,270.0735467
10476.05919,539.3704302,270.0735467
10478.98448,539.4169718,269.5419207
10477.12698,539.2847121,270.0735467
10475.40372,539.2128854,270.0735467
10478.5333,539.4169718,270.0735467
10476.18538,539.4169718,270.0735467
10479.31234,539.3453884,270.0735467
10479.31234,539.398186,270.0735467
10479.31234,539.3034979,270.0735467
10478.11948,539.4169718,270.0735467
10478.60803,539.2877588,270.0735467
10479.31234,539.3889045,270.0735467
10478.58158,539.3027473,269.5690796
10477.95261,539.4169718,270.0403759
10479.31234,539.4169718,270.0735467
10479.31234,539.4169718,270.0735467
10479.31234,539.4169718,270.0735467
10479.31234,539.4169718,270.0735467
10479.31234,539.4169718,270.0735467
10479.31234,539.4169718,270.0735467
10478.58708,539.4169718,270.0735467
10479.31234,539.4169718,270.0735467
10478.7345,539.3698164,269.9609562
10479.31234,539.4169718,270.0735467
10477.74474,539.4169718,269.9972863
10479.31234,539.4169718,270.0735467
10479.31234,539.4169718,270.0735467
10479.31234,539.4169718,270.0735467
10479.31234,539.4126463,270.0735467
10479.31234,539.4169718,270.0735467
10479.31234,539.4169718,270.0735467
10479.31234,539.3698164,270.0735467
10478.13053,539.4169718,270.0735467
10475.8854,539.3940882,269.5912442
10478.29173,539.4133305,270.0457271
10479.31234,539.4169718,269.9837538
10479.31234,539.4169718,270.0735467
10479.31234,539.4169718,270.0735467
10479.31234,539.4132672,270.0735467
10479.31234,539.4169718,270.0735467
10479.21583,539.4169718,270.0735467
10479.31234,539.4169718,270.0735467
13408.98226,783.5719734,300.9680944
13405.44673,783.4874175,300.862453
13407.98131,783.9978471,300.9680944
13407.75514,783.9978471,300.5149275
13409.47349,783.9978471,300.9230498
13409.47349,783.9978471,300.9680944
13409.31673,783.9978471,300.9680944
13409.47349,783.9978471,300.9680944
13408.46339,783.9978471,300.9680944
13409.34755,783.9970612,300.9680944
13404.99022,783.8394103,300.9680944
13408.82301,783.9978471,300.9680944
13400.10705,783.6160913,300.9680944
13408.14968,783.9277436,300.8804891
13409.47349,783.9978471,300.8529458
13409.47349,783.9978471,300.9680944
13406.91561,783.7533775,300.9680944
13409.47349,783.9978471,300.9680944
13409.47349,783.9978471,300.9680944
13409.47349,783.9525486,300.9680944
13402.65666,783.9475955,300.9194943
13403.90344,783.8876066,299.6863474
13406.92352,783.9978471,300.1228418
13407.65672,783.9036837,300.7651097
13408.02045,783.9978471,300.9680944
13407.57773,783.9978471,300.9680944
13406.07941,783.9978471,300.8789679
13409.47349,783.9978471,300.9680944
13407.29176,783.9978471,300.9680944
13409.47349,783.9978471,300.9680944
13407.24787,783.9978471,300.9680944
13408.02349,783.8014984,300.7038523
13408.33271,783.9978471,300.7918779
13406.38949,783.9807938,300.9680944
13409.13716,782.7208642,300.8673588
13409.47349,783.9978471,300.9680944
13409.47349,783.9978471,300.9680944
13409.47349,783.9978471,300.9680944
13404.6821,783.9406961,300.9680944
13409.47349,783.9978471,300.9680944
13407.84168,783.1665511,300.9680944
13408.72588,783.9978471,300.9371192
13408.72692,783.9978471,300.9680944
13404.1859,783.8294621,300.9680944
13406.16535,783.4992223,300.4280042
13409.47349,783.9978471,300.9680944
13409.47349,783.9978471,300.9680944
13409.47349,783.9978471,300.9680944
13409.47349,783.9978471,300.9680944
13409.47349,783.9978471,300.9680944
13409.47349,783.947244,300.9680944
13409.47349,783.9978471,300.9680944
13409.26552,783.9978471,300.9680944
13405.2458,783.9978471,300.9212147
13409.32619,783.9978471,300.9680944
13406.93534,783.9978471,300.8314246
13409.47349,783.7103248,300.9680944
13409.47349,783.9978471,300.9680944
9036.88248,685.9281758,293.6439736
9036.88248,685.905114,293.6439736
9036.88248,685.9281758,293.6439736
9036.88248,685.9281758,293.6439736
9032.278717,685.9281758,293.5779119
9036.88248,685.9281758,293.6439736
9036.88248,685.2908779,293.6439736
9036.88248,685.097453,293.171298
9034.726257,685.9281758,293.6439736
9036.88248,685.9281758,293.6439736
9036.88248,685.9142916,293.6439736
9036.88248,685.9281758,293.6439736
9036.88248,685.9192495,293.6439736
9036.344242,685.9281758,293.6439736
9036.364733,685.9281758,293.6439736
9036.88248,685.9281758,293.6439736
9036.88248,685.9281758,293.6439736
9036.373642,685.9281758,293.6439736
9036.88248,685.9281758,293.1038834
9036.88248,685.9281758,293.6439736
9036.88248,685.9281758,293.6439736
9036.88248,685.9281758,293.6439736
9036.88248,685.8328051,293.6439736
9036.88248,685.9281758,293.6439736
9036.88248,685.9281758,293.6439736
9036.763027,685.8029907,293.6439736
9035.398492,685.8908975,293.6439736
9036.88248,685.9272067,293.6439736
9036.010074,685.5434638,293.556493
9036.88248,685.9281758,293.6439736
9036.88248,685.9281758,293.6439736
9036.88248,685.9281758,293.6439736
9036.88248,685.9281758,293.6439736
9036.384536,685.9281758,293.6439736
9035.777734,685.6546825,293.5253738
9034.968677,685.9281758,293.6345026
9036.88248,685.9281758,293.6439736
9035.625648,685.9281758,293.6439736
9033.882948,685.5949378,293.0314128
9036.88248,685.9281758,293.6439736
9036.584602,685.9281758,293.6439736
9036.88248,685.9281758,293.6439736
9036.558443,685.9281758,293.6439736
9034.92579,685.9281758,293.6439736
9036.88248,685.7329487,293.6439736
9036.686137,685.9281758,293.6439736
9035.138047,685.9281758,293.6234552
9035.654386,685.9281758,293.6439736
9036.88248,685.9281758,293.5964316
9036.88248,685.9281758,293.6439736
9036.88248,684.8788288,293.5905491
9036.88248,685.9281758,293.6439736
9036.157375,685.9281758,293.5891512
9035.121761,685.8285596,293.5184971
9036.88248,685.801487,293.6439736
9035.215667,685.8497505,293.6248647
9035.937122,685.9281758,293.6439736
9035.119341,685.9281758,293.6439736
9033.748171,685.9281758,293.457717
9035.928965,685.9005586,293.6439736
9035.989569,685.9281758,293.6439736
9035.396961,685.9281758,293.6439736
9034.922044,685.9281758,293.555948
9036.797055,685.8488819,293.6439736
9036.88248,685.9281758,293.6439736
9035.059669,685.9281758,293.6439736
9036.88248,685.9281758,293.6439736
9035.994378,685.9281758,293.6439736
9035.395534,685.9281758,293.6128556
9035.159868,685.9281758,293.448561
9035.666586,685.9281758,293.4793785
9036.88248,685.8919517,293.4623163
9036.801973,685.9281758,293.5249323
9036.506653,685.7436492,293.4563209
9036.88248,685.8454929,293.6439736
9036.88248,685.9281758,293.6439736
9036.306711,685.9281758,293.6439736
9032.629787,685.9281758,293.6439736
9035.738395,685.8728943,293.6284671
9035.625686,685.8522809,293.6429748
9032.787444,685.7758981,293.5602968
9033.242205,685.8672429,293.5104076
9036.88248,685.9281758,293.5897033
9036.486254,685.9281758,293.4022746
9035.131404,685.8528804,293.6439736
9036.522709,685.9281758,293.6439736
9036.88248,685.9281758,293.6439736
9033.039056,685.9281758,293.6439736
9034.924348,685.7989609,293.6439736
9034.818122,685.6237783,293.611478
9033.525764,685.9281758,293.6109128
9028.70732,685.9281758,293.6053878
9036.195467,685.8897442,293.2845014
9036.88248,685.8528804,293.6006249
9036.88248,685.9281758,293.6439736
9036.88248,685.9281758,293.6439736
9035.412035,685.9281758,293.6439736
9035.552495,685.9281758,293.4883796
9036.88248,685.8049763,293.4499135
9028.5281,685.759003,293.6439736
9036.416538,684.997839,293.6439736
9036.393964,685.3483934,293.2640782
9034.637697,685.9281758,293.20397
9036.470446,685.9281758,293.6439736
9036.870749,685.9281758,293.6439736
9036.749368,685.6869379,293.6439736
9036.88248,685.7418365,293.6439736
9036.180807,685.4016299,293.6439736
9034.961847,684.8857517,293.0980788
9033.587374,685.9281758,293.6439736
9032.312672,685.9281758,293.5985361
9032.884152,685.9281758,293.2845014
9027.431013,685.9038486,293.449704
9036.283613,685.8556251,293.1945997
9034.622193,685.8828773,293.6439736
9035.046708,685.8493033,293.6439736
9036.88248,685.9281758,293.6439736
9036.266709,685.5055761,293.6439736
9033.153639,685.900767,293.6439736
9035.103791,685.9281758,293.6439736
9030.955405,685.8495662,292.8278651
9030.124718,685.8634886,293.6006249
9036.38196,685.9281758,293.6439736
9036.88248,685.9281758,293.6221965
9036.72751,685.9281758,293.6439736
9035.937333,685.8651655,293.557274
9036.88248,685.9281758,293.6439736
9035.954338,685.3536172,293.6439736
9036.88248,685.9281758,293.5434027
9033.698724,685.9281758,293.4618329
9032.296611,684.6254664,293.311026
9034.797256,685.4671156,293.5810782
9031.080585,685.8541859,293.5434063
9033.73589,685.900767,293.2845014
9036.88248,685.9281758,293.6439736
9036.495602,685.716892,293.6439736
9032.521209,685.3355969,293.6439736
9036.337014,685.4503492,293.591364
9036.88248,685.9281758,293.6439736
9030.234763,685.9281758,293.4856321
9031.342992,685.9281758,293.3165484
9034.396331,685.911482,293.2102723
9030.57211,685.8425581,293.6439736
9031.105975,685.8376267,292.495199
9036.88248,685.9281758,293.6439736
9036.282986,685.4226041,293.6439736
9032.633799,685.9281758,293.6439736
9036.88248,685.6869379,293.6439736
9032.847563,685.796853,293.6132518
9034.399834,685.295928,293.6439736
9034.044218,685.7172206,293.4420447
9026.116051,685.9281758,292.9614424
9030.453284,685.9281758,293.1067139
9033.291003,685.4332162,293.1243271
9036.88248,685.4705125,293.6221965
9036.88248,685.9281758,293.6439736
9036.88248,685.9281758,293.6439736
9033.356296,685.7336172,293.6439736
9035.004507,685.8783821,293.6439736
9036.88248,685.8399219,293.6439736
9030.787134,684.5994821,293.5380447
9032.276988,685.7488913,293.6439736
9036.275391,685.7674355,293.6439736
9035.305408,684.9237661,293.5148232
9035.638785,685.4377455,293.6439736
9036.88248,685.9281758,293.6439736
9036.88248,685.9281758,293.6439736
9036.88248,685.9281758,293.6439736
9036.88248,685.9281518,293.6439736
9036.88248,685.9275105,293.6439736
9036.676974,685.9281758,293.6439736
9036.88248,685.6948152,293.6439736
9036.88248,685.9281758,293.6439736
9036.216132,685.4498272,293.6439736
9035.751453,685.9281758,293.6439736
9036.88248,685.9281758,293.6439736
9036.88248,685.9281758,293.6439736
9036.88248,685.9281758,293.6439736
9036.88248,685.9281758,293.6439736
9036.88248,685.9261168,293.6439736
9036.88248,685.9281758,293.6439736
9036.88248,685.9281758,293.6439736
9036.109236,685.9281758,293.6439736
9036.225639,685.9281758,293.6439736
9036.88248,685.9281758,293.6439736
9036.88248,685.9281758,293.6439736
9036.88248,685.9281758,293.6439736
9036.88248,685.9281758,293.6439736
9036.88248,685.9281758,293.6439736
9036.88248,685.9281758,293.6439736
9036.88248,685.9281758,293.6439736
9036.88248,685.9281758,293.6439736
9036.88248,685.9281758,293.6439736
9036.88248,685.9281758,293.6439736
9036.88248,685.9281758,293.6439736
9036.88248,685.9281758,293.6439736
9036.88248,685.9281758,293.6439736
9036.88248,685.9281758,293.6439736
9036.88248,685.9281758,293.6439736
9036.88248,685.9281758,293.6439736
9036.88248,685.9281758,293.6439736
9036.88248,685.9281758,293.6439736
9036.88248,685.9281758,293.6439736
9036.488018,685.9281758,293.6439736
9036.88248,685.9281758,293.6439736
9036.88248,685.9281758,293.6439736
9036.88248,685.9281758,293.6439736
9036.88248,685.9281758,293.6439736
9036.88248,685.9281758,293.6439736
9036.88248,685.9281758,293.6439736
9036.88248,685.9081099,293.6439736
9036.88248,685.9281758,293.6439736
9036.88248,685.9281758,293.6439736
9036.379799,685.9281758,293.6439636
9036.88248,685.9281758,293.6439736
9036.88248,685.9281758,293.4652118
9036.88248,685.9281758,293.6439736
9036.88248,685.9281758,293.6439736
9036.88248,685.9281758,293.6439736
9036.88248,685.9281758,293.6439736
9036.88248,685.9281758,293.6439736
9036.88248,685.9281758,293.6439736
9036.785164,685.9281758,293.6439736
9035.797575,685.9281758,293.5207342
9036.88248,685.9281758,293.6439736
9035.971223,685.3551248,293.6439736
9036.344119,685.9281758,293.6150501
9036.88248,685.9281758,293.6439736
9036.88248,685.9281758,293.6439736
9036.88248,685.7599463,293.6006249
9036.88248,685.9281758,293.6439736
9036.88248,685.9281758,293.6439736
9036.88248,685.9281758,293.6439736
9035.557641,685.8947411,293.6439736
9032.916811,685.9265801,293.2382012
9034.279937,685.7806129,293.6252249
9036.78156,685.8319607,293.6040178
9033.865584,684.3386736,293.6439736
9034.336098,685.9261168,293.5289781
9036.88248,685.8804929,293.6439736
9036.443062,685.9281518,293.6439736
9036.88248,685.9281758,293.6439736
9034.863835,685.9173389,293.6439736
9034.432324,685.6869379,293.6439736
9034.377362,685.9177736,293.592529
9035.167574,684.6282911,293.592529
9034.993851,685.9033993,293.5767248
9032.969414,685.6364935,293.571556
9034.462443,685.3261737,293.4153988
9036.673992,685.9281758,293.6439736
9035.18982,685.7239012,293.6439736
9036.88248,684.9471943,293.5393651
9036.88248,685.7262993,293.6439736
9034.550128,685.4780329,293.4985275
9031.086543,685.9281758,293.6439736
9034.040115,685.9281758,293.4806643
9032.621105,685.3125004,293.5886427
9029.368161,685.8728943,293.3223986
9034.234065,685.9281758,293.6196835
9036.88248,685.9281758,293.6439736
9033.487119,685.781129,293.5989197
9035.947361,685.9281758,293.6439736
9036.88248,685.9281758,293.6439736
9034.714357,685.8183815,293.4642955
9032.556612,685.9281758,293.6249297
9035.873349,685.8871853,293.4151475
9034.345769,685.9281758,293.367467
9031.479043,685.9015098,293.6439736
9034.806708,685.6544075,293.463486
9034.296584,685.9281758,293.6047023
9036.455148,685.9281758,293.4128256
9036.88248,685.9281758,293.6439736
9035.75855,685.9281758,293.6439736
9035.916019,685.9281758,293.5929285
9036.022116,685.9281758,293.6439736
9034.741793,685.0834729,292.932145
9032.370623,685.7196919,293.3826757
9032.999287,685.8413026,293.6439736
9024.135687,685.1578904,293.1998637
9032.741732,685.9257454,293.5882036
9036.88248,685.9281758,293.6439736
9034.784001,685.9281758,293.6439736
9036.767228,685.9281758,293.57977
9036.282986,685.9142712,293.6439736
9031.689874,685.8818308,293.6439736
9035.534549,685.7224402,293.6439736
9033.445605,685.8303426,293.6182917
9027.166124,685.4834033,293.6221965
9025.176042,685.80616,293.3374199
9032.518258,685.9264368,293.5095202
9034.170365,685.9281758,293.6308773
9036.88248,685.8832287,293.6439736
9035.849258,685.1164698,293.6439736
9035.139179,685.5428939,293.6439736
9034.577582,685.9281758,293.6439736
9033.801265,685.788672,293.6439736
9032.856166,685.8981352,293.5249898
9032.323458,685.2551467,293.0752464
9027.588508,683.5839924,293.2697656
9033.150002,685.6294134,292.9987411
9036.530069,685.9281758,293.618995
9036.272381,685.9090183,293.6047023
9036.364451,685.9015098,293.6439736
9033.758258,685.9224026,293.6439736
9036.88248,685.9033593,293.6439736
9036.88248,685.9281758,293.275476
9030.196515,685.9281758,293.6102034
9033.87946,685.655627,293.4775281
9028.606522,685.0923069,293.3548517
9030.835543,685.6815658,293.4717664
9025.194516,685.8832287,293.111375
9036.455148,685.9281758,293.6439736
9036.763083,685.9281758,293.6439736
9034.028911,685.9281758,293.3822952
9036.368944,685.9281758,293.6439736
9036.204919,685.9281758,293.6439736
9029.798,685.7763001,293.6439736
9031.921612,685.9281758,293.6439736
9034.484177,685.5969571,293.6234552
9032.070597,685.8724456,293.3176227
9035.569634,685.9281758,293.6439736
9036.88248,685.9281758,293.6439736
9036.88248,685.8832287,293.6439736
9036.88248,685.9281758,293.6439736
9036.88248,685.9281758,293.6439736
9036.88248,685.8963421,293.6439736
9035.792093,685.9281758,293.3822952
9036.88248,685.9281758,293.3822952
9035.553745,685.925536,292.9516474
9034.892932,685.9281758,293.6439736
9035.966271,685.9281758,293.4867641
9036.88248,685.9281758,293.6439736
9036.88248,685.9281758,293.6439736
9036.88248,685.9281758,293.6439736
9036.88248,685.9281758,293.6439736
9036.805031,685.9281758,293.6439736
9036.88248,685.9281758,293.6439736
9036.88248,685.917569,293.6439736
9036.521249,685.8942197,293.0442596
9036.763083,685.9281758,293.6439736
9032.734137,685.9277567,293.6439736
9036.19105,685.9281758,293.6439736
9036.88248,685.9281758,293.6439736
9036.88248,685.9281758,293.6439736
9036.88248,685.9281758,293.6439736
9036.88248,685.9281758,293.6439736
9036.88248,685.9281758,293.6439736
9036.88248,685.9281758,293.6439736
9036.88248,685.9281758,293.6439736
9036.88248,685.9281758,293.6439736
9035.867036,685.9281758,293.4361241
9036.599292,685.8462177,293.6439736
9036.88248,685.9281758,293.6439736
9036.88248,685.9281758,293.6439736
9036.88248,685.9281758,293.6439736
9036.88248,685.9278268,293.6439736
9036.88248,685.9281758,293.6439736
9036.88248,685.9281758,293.6439736
9035.775651,685.9281758,293.5886427
9036.020729,685.9281758,293.6439736
9036.88248,685.9281758,293.6439736
9036.455462,685.9281758,293.6088269
9036.88248,685.9281758,293.6439736
9036.88248,685.9281758,293.6439736
9036.88248,685.9281758,293.6439736
9036.88248,685.9281758,293.6439736
9036.88248,685.9225181,293.6439736
9036.88248,685.8088258,293.6439736
9035.261705,685.9005586,293.6439736
9036.432684,685.9264739,293.5989197
9035.301375,685.9281758,293.5394048
9036.380929,685.9281758,293.6439736
9036.88248,685.9281758,293.47927
9035.448734,685.6360855,293.6439736
9036.88248,685.9281758,293.6439736
9036.88248,685.9281758,293.6439736
9036.658063,685.9281758,293.6439736
9036.88248,685.8832287,293.6439736
9036.491128,685.9281758,293.6439736
9036.135303,685.9281758,293.6439736
9036.346664,685.9281758,293.6439736
9035.773013,685.9246945,293.6439736
9035.296714,685.8839262,293.5424971
9033.624983,685.9033593,293.611478
9036.88248,685.9281758,293.6439736
9034.82835,685.9281758,293.6439736
9036.020238,685.9281758,293.6439736
9036.88248,685.9281758,293.6439736
9035.858446,685.9281758,293.6439736
9035.573534,685.9281758,293.5292999
9035.480031,685.9281758,293.6439736
9035.59583,685.8671354,293.6439736
9034.434702,685.9281758,293.6216123
9035.530625,685.9281758,293.6439736
9036.88248,685.9281758,293.6439736
9036.88248,685.9281758,293.6439736
9036.490298,685.9281758,293.6439736
9036.525015,685.9281758,293.6439736
9036.88248,685.8805106,293.6439736
9036.88248,685.9281758,293.6439736
9036.860145,685.788672,293.4282248
9035.640122,685.8832287,293.6439736
9035.258991,685.9281758,293.6439736
9034.371364,685.6980853,293.551517
9034.810831,685.9281758,293.6439736
9036.474588,685.9281758,293.6439736
9036.391019,685.9033593,293.2667728
9036.88248,685.9281758,293.6439736
9033.865583,685.9281758,293.6439736
9036.88248,685.9281758,293.6439736
9036.88248,685.9281758,293.6439736
9034.8882,685.788672,293.6248528
9035.194724,685.9281758,293.6192829
9030.187281,685.9281758,293.4923462
9035.455417,685.3995137,293.6366678
9036.515044,685.9281758,293.6439736
9036.34759,685.9281758,293.6439736
9036.666802,685.8084521,293.6439736
9036.88248,685.6626116,293.6439736
9036.88248,685.9033593,293.6439736
9036.680837,685.0971889,293.6439736
9036.753068,685.9281758,293.6439736
9036.538569,685.9281758,293.6439736
9034.701901,685.4138128,293.5950487
9036.88248,685.8105765,293.6171483
9034.820469,685.9281758,293.6008889
9036.88248,685.9281758,293.6439736
9036.88248,685.9281758,293.6439736
9036.88248,685.9281758,293.6381344
9036.88248,685.8736911,293.6439736
9036.88248,685.9281758,293.6439736
9035.793073,685.9281758,293.6439736
9034.790461,685.9281758,293.4299269
9035.068105,685.8057518,293.6439736
9036.464306,685.9281758,293.6439736
9033.18175,685.9281758,293.6366678
9036.325778,685.9281758,293.6439736
9036.88248,685.9281758,293.6439736
9036.125827,685.9281758,293.6439736
9036.88248,685.9281758,293.6439736
9036.823136,685.9097577,293.6439736
9036.778525,685.8307021,293.6439736
9035.046571,685.9281758,293.6439736
9036.736001,685.9281758,293.580234
9034.33912,685.8343705,293.6439736
9034.392756,685.9281758,292.9102923
9036.88248,685.9281758,293.6423612
9036.88248,685.9281758,293.6439736
9036.88248,685.9281758,293.6439736
9036.079961,685.9281758,293.6439736
9036.862126,685.9281758,293.6439736
9035.774343,685.7890306,293.6439736
9035.258,685.9281758,293.6439736
9032.994438,685.8861349,293.5861053
10801.30944,1088.378314,369.4752796
10799.46776,1087.793591,368.7679048
10802.32536,1088.436068,369.4752796
10801.29255,1088.436068,369.4752796
10802.32536,1088.412471,369.4752796
10802.32536,1088.436068,369.4752796
10801.78372,1087.59586,369.4752796
10800.20495,1087.398646,369.4752796
10800.01295,1088.436068,369.4752796
10800.68225,1088.157685,369.424051
10801.57844,1088.159747,369.4174113
10801.20795,1088.430121,369.412446
10797.09184,1088.436068,369.4058432
10800.27117,1086.490009,369.4469105
10801.29255,1088.436068,369.4752796
10799.81642,1088.436068,369.4724441
10802.32536,1088.436068,369.4752796
10802.32536,1088.436068,369.4752796
10799.70531,1088.436068,369.4752796
10800.64043,1088.436068,369.1852321
10798.32191,1088.436068,369.4752796
10801.04011,1088.28812,369.4752796
10787.18704,1088.157685,369.3403551
10802.32536,1088.436068,369.4752796
10802.32536,1088.436068,369.4752796
10801.36626,1088.416415,369.4752796
10799.70314,1088.061302,369.4752796
10802.32536,1088.429654,369.4752796
10801.0258,1088.436068,369.4752796
10802.32536,1088.37711,369.3544106
10801.00711,1087.588808,369.3403622
10797.17193,1087.581517,369.3532641
10799.70438,1086.815318,369.2745346
10800.84923,1087.875378,369.4752796
10800.84689,1088.436068,369.4752796
10802.32536,1088.347446,369.4752796
10801.4759,1088.436068,369.4752796
10802.32536,1088.436068,369.4752796
10802.14403,1088.436068,369.4752796
10802.32536,1088.311812,369.4752796
10801.54684,1088.321824,369.4323113
10796.90748,1088.150152,369.4752796
10800.46351,1088.262424,369.4752796
10801.22847,1087.705265,369.4752796
10800.37271,1088.436068,369.4752796
10802.32536,1088.436068,369.4329084
10802.32536,1088.295939,369.4752796
10801.29255,1088.436068,369.4752796
10802.32536,1088.39179,369.4752796
10802.32536,1088.13066,369.4752796
10802.21815,1088.436068,369.4724441
10802.32536,1088.436068,369.3708643
10802.32536,1088.436068,369.4752796
10802.32536,1088.333004,369.4752796
10802.32536,1088.436068,369.4752796
10802.32536,1088.436068,369.4752796
10802.32536,1088.436068,369.4752796
10802.32536,1088.369934,369.4752796
8950.527868,1028.466375,177.7514453
8950.527868,1028.466375,177.7514453
8949.645447,1028.466375,177.7514453
8949.422669,1028.466375,177.7397113
8950.527868,1028.466375,177.7514453
8950.16457,1028.466375,177.7514453
8950.315085,1028.466375,177.7382195
8950.527868,1028.466375,177.7514453
8950.527868,1028.466375,177.7514453
8950.527868,1028.466375,177.7514453
8950.527868,1028.466375,177.7514453
8950.527868,1028.466375,177.7514453
8950.082248,1028.466375,177.7514453
8949.981889,1028.466375,177.670317
8948.670028,1028.466375,177.704859
8950.246988,1028.466375,177.7514453
8949.953052,1028.466375,177.653053
8950.102825,1028.466375,177.6484072
8950.527868,1028.466375,177.7514453
8950.226054,1028.466375,177.7514453
8950.527868,1028.466375,177.7514453
8950.310462,1028.466375,177.7514453
8950.527868,1028.466375,177.7514453
8950.180572,1028.466375,177.7514453
8948.785128,1028.466375,177.7514453
8949.774683,1028.466375,177.7494016
8949.697349,1028.427923,177.7514453
8950.527868,1028.466375,177.7514453
8949.992399,1028.465248,177.7514453
8950.527868,1028.198506,177.7514453
8950.527868,1028.185776,177.7514453
8949.118792,1028.049955,177.7514453
8950.527868,1028.466375,177.7514453
8948.935368,1028.466375,177.7514453
8949.842243,1028.376079,177.7314189
8950.310462,1027.699613,177.7514453
8945.72208,1028.440934,177.7514453
8949.727458,1028.466375,177.7514453
8949.800221,1028.466375,177.7514453
8949.484559,1028.466375,177.7514453
8950.527868,1028.370133,177.7514453
8945.308151,1027.770392,177.7514453
8950.527868,1028.466375,177.7514453
8950.527868,1028.466375,177.7514453
8949.449203,1028.466375,177.7514453
8949.286101,1028.466375,177.7514453
8949.556964,1028.392398,177.7514453
8949.724898,1027.806736,177.7514453
8950.527868,1028.466375,177.7514453
8950.527868,1028.466375,177.7514453
8950.527868,1028.466375,177.7514453
8950.527868,1028.466375,177.7514453
8949.871502,1028.462107,177.7514453
8950.217802,1028.466375,177.7514453
8947.608439,1028.442204,177.7514453
8948.699953,1028.466375,177.7514453
8947.718694,1028.037547,177.5281887
8949.591349,1028.466375,177.7427455
8948.983818,1028.466375,177.7514453
8950.527868,1028.466375,177.7514453
8950.527868,1028.466375,177.7514453
8950.527868,1028.466375,177.7514453
8950.527868,1028.466375,177.7514453
8949.468593,1028.466375,177.7514453
8948.930841,1028.215202,177.7514453
8950.108843,1028.465368,177.7514453
8944.519609,1028.466375,177.7514453
8950.527868,1028.466375,177.7514453
8949.614447,1027.793329,177.7514453
8950.174724,1028.466375,177.7514453
8950.527868,1028.466375,177.7514453
8950.527868,1028.466375,177.7514453
8950.527868,1028.439405,177.7514453
8950.527868,1028.466375,177.7514453
8949.454436,1028.466375,177.7514453
8950.35394,1028.304634,177.7514453
8949.737654,1028.466375,177.7514453
8949.340046,1028.466375,177.7514453
8949.151416,1027.685945,177.7514453
8949.661332,1028.262965,177.7514453
8950.527868,1028.466375,177.7514453
8950.527868,1028.466375,177.7514453
8950.527868,1028.388174,177.7514453
8950.527868,1028.466375,177.7514453
8950.527868,1028.418035,177.7514453
8950.527868,1028.466375,177.7514453
8950.527868,1028.466375,177.7514453
8949.806656,1028.466375,177.7514453
8947.408334,1028.466375,177.6866076
8950.132643,1028.357662,177.7514453
8950.527868,1028.466375,177.7514453
8950.527868,1028.466375,177.7514453
8950.527868,1028.466375,177.7514453
8950.527868,1028.36401,177.7514453
8950.527868,1028.419142,177.7514453
8945.735596,1028.466375,177.7514453
8950.527868,1028.466375,177.7514453
8950.527868,1028.466375,177.7514453
8950.181498,1028.466375,177.5893454
8949.868358,1028.466375,177.7514453
8950.527868,1028.466375,177.7514453
8950.154967,1028.466375,177.7514453
8950.527868,1028.466375,177.7514453
8950.527868,1028.466375,177.7514453
8950.527868,1028.466375,177.7514453
8950.527868,1028.463076,177.7514453
8948.244102,1028.466375,177.7514453
8946.994615,1027.798423,177.7514453
8948.625436,1028.215202,177.7332676
8948.271029,1028.16222,177.6697962
8950.3456,1028.429316,177.7514453
8949.97085,1028.466375,177.7514453
8949.94268,1028.466375,177.7514453
8950.343787,1028.466375,177.7514453
8947.403728,1028.466375,177.6836276
8950.527868,1028.19648,177.7514453
8949.217771,1028.466375,177.7514453
8946.201496,1028.466375,177.7514453
8947.468431,1028.466375,177.6864003
8947.33638,1028.247576,177.7514453
8949.061251,1028.247576,177.7514453
8948.547609,1028.466375,177.7514453
8950.24162,1028.427106,177.7514453
8948.471223,1028.466375,177.7514453
8949.805892,1028.466375,177.7494016
8950.527868,1028.244051,177.7514453
8947.403007,1027.958048,177.7514453
8948.205333,1028.466375,177.7514453
8949.138204,1028.466375,177.7514453
8949.028566,1026.863646,177.7514453
8948.705149,1028.071405,177.740288
8948.566584,1028.466375,177.7514453
8949.854242,1028.196002,177.7514453
8950.527868,1028.427751,177.7514453
8950.527868,1028.466375,177.7369874
8950.229155,1027.7185,177.7514453
8950.527868,1028.443031,177.7514453
8950.527868,1028.298222,177.7514453
8947.983306,1027.648849,177.7121575
8949.445706,1028.368453,177.7311511
8950.527868,1028.462119,177.7514453
8949.034167,1028.251986,177.7514453
8950.034811,1028.466375,177.7514453
8950.527868,1028.466375,177.7514453
8950.318912,1028.466375,177.7514453
8950.527868,1028.466375,177.7514453
8948.858048,1028.294633,177.7514453
8950.527868,1028.466375,177.7514453
8945.765623,1028.378692,177.7514453
8950.527868,1028.238174,177.7514453
8950.527868,1028.466375,177.7162556
8946.199896,1026.991507,177.7514453
8950.527868,1028.466375,177.7274511
8950.527868,1028.466375,177.7514453
8950.527868,1028.465967,177.7514453
8950.33842,1028.466375,177.7514453
8950.527868,1028.466375,177.7514453
8950.527868,1028.466375,177.7514453
8950.527868,1028.049955,177.7514453
8949.786306,1028.466375,177.7514453
8950.288072,1028.138227,177.7514453
8949.260949,1028.443366,177.7514453
8950.527868,1028.466375,177.7514453
8950.527868,1028.466375,177.7467086
8949.993165,1028.320578,177.7514453
8950.032052,1028.466375,177.7514453
8950.527868,1028.466375,177.7514453
8950.527868,1028.466375,177.7514453
8950.527868,1028.466375,177.7034884
8948.391284,1028.466375,177.7514453
8948.666182,1028.466375,177.7514453
8950.527868,1028.466322,177.7514453
8950.527868,1028.466375,177.7514453
8950.33892,1027.592074,177.7514453
8946.891597,1028.466375,177.7162556
8950.527868,1028.466375,177.7514453
8950.285548,1028.466375,177.7514453
8950.527868,1028.466375,177.7034884
8950.527868,1028.46059,177.7514453
8950.527868,1028.466375,177.7514453
8949.301744,1028.466375,177.7514453
8949.004564,1028.16222,177.7514453
8949.954375,1028.395636,177.7514453
8946.125375,1028.297637,177.7514453
8950.223872,1028.381579,177.7514453
8950.527868,1028.466375,177.7514453
8949.394173,1028.400191,177.7514453
8950.527868,1028.463651,177.7061874
8950.252201,1028.466375,177.7514453
8949.805892,1027.960898,177.7514453
8946.587045,1028.449578,177.7442949
8949.858961,1028.466375,177.7274498
8948.932859,1027.32002,177.7243889
8945.310724,1028.466375,177.4453043
8949.631829,1028.199726,177.5390453
8950.473096,1028.466375,177.4688482
8945.997647,1028.397929,177.6197142
8950.527868,1027.817269,177.7514453
8948.029693,1027.714845,177.7514453
8949.328814,1028.455764,177.7514453
8950.527868,1028.466375,177.6878888
8945.238204,1028.026652,177.7514453
8944.485114,1027.975583,177.6853856
8943.407073,1028.420888,177.6981979
8948.106238,1028.466375,177.7413941
8948.496328,1028.254088,177.7010897
8948.99453,1026.19151,177.7514453
8949.94268,1028.442578,177.7514453
8950.237547,1028.466375,177.7514453
8947.821273,1025.69026,177.7514453
8948.625858,1027.960898,177.7514453
8949.763228,1028.466375,177.6614161
8947.17212,1025.312697,177.7323186
8943.591607,1026.161663,177.4198169
8949.046435,1028.20975,177.738001
8949.944901,1028.414763,177.738001
8949.538078,1028.026652,177.7514453
8949.51426,1028.466375,177.7514453
8948.158404,1028.289823,177.7324805
8950.400646,1027.59445,177.7514453
8950.155905,1028.152625,177.7514453
8940.35884,1028.01473,177.6836276
8944.302021,1028.466375,177.6147675
8948.546175,1028.431063,177.6013367
8939.850824,1028.336379,177.3901693
8947.937677,1027.73028,177.7227943
8950.527868,1028.466375,177.6879813
8950.527868,1028.466375,177.7514453
8949.768397,1028.158151,177.7514453
8949.599915,1028.461718,177.7514453
8950.527868,1027.654962,177.7514453
8949.197961,1028.40918,177.6994198
8948.875103,1028.466375,177.7324805
8949.419069,1028.159058,177.745713
8941.003975,1027.287611,177.2721142
8947.329331,1028.178642,177.7514453
8949.7066,1028.466375,177.7514453
8950.527868,1028.466375,177.7514453
8950.527868,1027.654962,177.7514453
8950.527868,1028.466375,177.5790241
8950.527868,1028.466375,177.7514453
8949.899704,1028.466375,177.7514453
8946.962618,1028.466375,177.6556228
8948.878699,1027.9105,177.7514453
8946.621209,1028.360084,177.7514453
8947.838002,1028.466375,177.7514453
8950.527868,1028.466375,177.749686
8950.527868,1028.466375,177.7514453
8950.527868,1028.466375,177.7514453
8950.527868,1028.466375,177.7514453
8950.527868,1028.466375,177.7514453
8950.527868,1028.466375,177.7514453
8950.527868,1028.466375,177.7514453
8948.537716,1028.466375,177.7514453
8947.955635,1028.065873,177.7514453
8950.087945,1028.466375,177.7514453
8950.527868,1028.466375,177.7514453
8950.527868,1028.466375,177.7514453
8950.527868,1028.466375,177.7514453
8950.527868,1028.466375,177.7514453
8950.527868,1028.466375,177.7514453
8950.527868,1028.466375,177.7514453
8950.527868,1028.466375,177.7514453
8950.527868,1028.431945,177.7514453
8949.636028,1028.388351,177.6749882
8950.282058,1028.203394,177.7514453
8950.370694,1028.184416,177.7514453
8950.527868,1028.466375,177.7392631
8950.527868,1028.466375,177.7514453
8950.527868,1028.466375,177.7514453
8950.527868,1028.466375,177.7514453
8950.527868,1028.466375,177.7162556
8950.527868,1028.466375,177.7514453
8950.527868,1028.466375,177.7514453
8949.338001,1028.395636,177.7514453
8950.527868,1028.466375,177.7514453
8950.527868,1028.466375,177.7059177
8950.527868,1028.466375,177.7514453
8950.527868,1028.466375,177.7514453
8950.527868,1028.466375,177.7514453
8950.527868,1028.466375,177.7514453
8950.527868,1028.466375,177.7514453
8950.527868,1028.419472,177.7514453
8950.527868,1028.466375,177.7514453
8950.527868,1027.783585,177.7514453
8950.187796,1028.466375,177.5447014
8950.472471,1028.436806,177.6627349
8948.97867,1028.368281,177.7392631
8950.527868,1028.466375,177.7514453
8950.527868,1028.466375,177.7514453
8950.527868,1028.466375,177.7514453
8950.527868,1028.466375,177.7514453
8950.527868,1028.278675,177.7514453
8950.527868,1028.012207,177.7514453
8950.527868,1028.466375,177.7514453
8949.524518,1028.466375,177.7514453
8949.633372,1028.466375,177.523242
8950.149546,1028.466375,177.7220397
8949.006049,1028.466375,177.7514453
8950.527868,1028.466375,177.7514453
8950.527868,1028.466375,177.7514453
8950.527868,1028.466375,177.7514453
8950.527868,1028.466375,177.7514453
8949.911493,1028.434874,177.7514453
8949.438747,1028.466375,177.7514453
8949.349264,1028.466375,177.7514453
8946.42622,1027.697118,177.7514453
8949.919599,1028.466375,177.7514453
8949.234171,1028.466375,177.734116
8947.615603,1028.466375,177.7514453
8950.527868,1028.466375,177.7514453
8950.527868,1028.466375,177.7514453
8950.284558,1028.466375,177.7514453
8949.916665,1028.466375,177.7514453
8950.527868,1028.160218,177.7514453
8949.591246,1028.466375,177.7514453
8947.491712,1028.109602,177.7134238
8950.527868,1028.26713,177.7514453
8949.708992,1028.466375,177.6448511
8949.948916,1028.429118,177.7514453
8950.527868,1028.466375,177.7514453
8950.527868,1028.466375,177.7514453
8950.527868,1028.466375,177.7514453
8950.527868,1028.466375,177.7514453
8949.563738,1028.286708,177.7514453
8950.243816,1028.466375,177.7514453
8949.901857,1028.466375,177.7281908
8948.919037,1028.211832,177.7246532
8947.99399,1028.466375,177.7392631
8948.287038,1028.466375,177.7374163
8948.349278,1028.466375,177.7514453
8949.924937,1028.464174,177.7514453
8946.818633,1028.466375,177.7514453
8950.527868,1028.466375,177.7514453
8950.527868,1028.466375,177.7514453
8950.527868,1028.466375,177.7514453
8950.383053,1028.430285,177.7514453
8950.167787,1028.045032,177.7089716
8944.017403,1028.234389,177.685742
8948.840203,1028.466375,177.4714958
8950.527868,1028.361977,177.7227668
8948.773053,1028.466375,177.7514453
8950.527868,1028.466375,177.7514453
8950.527868,1027.97898,177.7514453
8949.865643,1028.318723,177.7514453
8948.059203,1028.466375,177.7514453
8949.20234,1027.806736,177.7514453
8948.662829,1028.40985,177.7514453
8946.295759,1028.151769,177.7025273
8946.264662,1028.466375,177.7514453
8946.736661,1028.153745,177.7018208
8948.973485,1028.278987,177.7514453
8950.527868,1028.466375,177.7514453
8949.782282,1027.740377,177.7514453
8949.115507,1028.466375,177.7514453
8950.527868,1028.417279,177.7514453
8949.044624,1027.407954,177.7077115
8949.435732,1027.674297,177.5537087
8944.922344,1028.464784,177.7409881
8946.265776,1028.163021,177.7514453
8945.002761,1026.685496,177.7514453
8948.74822,1028.464174,177.6718503
8950.527868,1028.466375,177.7514453
8944.030313,1028.22918,177.7514453
8949.015552,1027.823159,177.7514453
8950.527868,1028.466375,177.7514453
8950.527868,1028.284053,177.7514453
8946.416072,1026.898036,177.7223193
8948.231365,1028.466375,177.7514453
8943.923705,1028.291951,177.6813627
8948.304875,1028.444579,177.7514453
8945.829155,1028.415657,177.7514453
8949.790918,1028.466375,177.7514453
8948.264707,1026.895416,177.7514453
8948.093333,1028.294633,177.7514453
8950.527868,1028.312063,177.7514453
8949.506863,1028.091845,177.7514453
8949.800543,1028.3043,177.7514453
8948.856995,1028.380358,177.7514453
8945.752905,1028.21178,177.7514453
8945.629031,1028.466375,177.7514453
8949.37979,1028.398315,177.7113785
8950.527868,1027.863849,177.7514453
8949.633304,1028.466375,177.7514453
8950.479054,1028.466375,177.7244197
8950.527868,1028.466375,177.7514453
8950.079793,1028.293391,177.7514453
8949.892981,1027.950045,177.7514453
8947.897156,1028.464067,177.7514453
8948.315494,1028.466375,177.7514453
8948.911408,1027.657095,177.7514453
8949.825652,1028.377674,177.7514453
8949.825057,1028.466375,177.6415289
8949.566526,1028.466375,177.7014576
8950.527868,1028.154517,177.7514453
8950.527868,1028.466375,177.7514453
8950.527868,1028.466375,177.7514453
8950.527868,1028.466375,177.7514453
8947.331208,1028.255903,177.7438917
8946.268816,1028.172791,177.7244871
8950.371837,1028.425929,177.7514453
8947.912054,1028.392952,177.7151012
8948.160479,1028.353372,177.5659691
8949.659067,1028.466375,177.7514453
8950.527868,1028.462278,177.7514453
8948.932972,1028.466375,177.7514453
8950.527868,1028.466375,177.7514453
8950.527868,1028.466375,177.7514453
8948.259909,1028.466375,177.7514453
8948.885051,1028.002261,177.7514453
8949.198771,1028.466375,177.6969478
8948.859855,1028.322047,177.7090613
8949.938546,1028.466375,177.6508527
8949.301292,1028.466375,177.7514453
8950.527868,1028.466375,177.7514453
8948.550161,1028.268518,177.7514453
8950.527868,1028.461346,177.7514453
8950.527868,1028.466375,177.7514453
8950.527868,1027.645663,177.7514453
8949.643956,1028.466375,177.4471628
8949.19402,1028.466375,177.7514453
8946.21725,1028.466375,177.6899607
8947.942431,1028.293391,177.5888264
8948.877094,1028.187725,177.7514453
8950.527868,1028.466375,177.7514453
8950.305798,1028.466375,177.7514453
8950.093918,1027.935475,177.7514453
8950.527868,1028.432065,177.7514453
8950.083687,1028.466375,177.7514453
8949.984146,1028.466375,177.7445733
8950.307173,1028.466375,177.7514453
8947.248379,1027.984274,177.6976647
8947.508419,1028.189612,177.7035144
8948.268994,1028.266724,177.7514453
8950.402479,1028.266724,177.7514453
8950.527868,1028.466375,177.7514453
8950.244978,1028.466375,177.7514453
8950.10952,1027.970599,177.7514453
8950.527868,1028.154517,177.7514453
8950.356139,1028.466375,177.7514453
8949.443438,1028.466375,177.7514453
8947.58125,1027.80363,177.2126464
8948.032714,1028.36904,177.7438917
8949.990071,1028.466375,177.7514453
8947.596992,1028.466375,177.7514453
8950.527868,1028.466375,177.6876337
8950.068567,1028.466375,177.7514453
8950.527868,1028.326423,177.6004394
8950.023083,1028.433096,177.7514453
8948.052358,1028.388397,177.7514453
8947.986913,1027.800721,177.6004394
8948.25503,1028.466375,177.7514453
8949.976281,1028.442578,177.7514453
8946.964907,1028.159058,177.5241357
12266.59535,2602.721512,288.4419241
12267.21988,2602.788912,288.398617
12268.13087,2603.088308,288.5347825
12267.07403,2603.002445,288.5347825
12268.13087,2603.088308,288.5347825
12266.17951,2603.088308,288.5347825
12267.54599,2603.088308,288.5347825
12261.72612,2599.645132,288.4660528
12267.97809,2602.974777,288.5347825
12266.507,2602.373474,288.5347825
12266.05257,2603.088308,288.3227152
12268.13087,2603.088308,288.5347825
12268.13087,2603.088308,288.5347825
12266.60968,2603.019255,288.5347825
12267.29789,2603.088308,288.5347825
12267.80819,2603.088308,288.5347825
12267.97809,2603.088308,288.4581086
12265.16198,2603.088308,288.4702846
12266.69608,2603.088308,288.5347825
12266.49431,2603.088308,288.4488833
12267.50854,2603.088308,288.4921879
12268.13087,2603.088308,288.5347825
12267.38586,2603.088308,288.5347825
12268.13087,2603.088308,288.5347825
12265.70002,2603.088308,288.5347825
12267.85263,2603.088308,288.5347825
12267.58735,2601.383989,288.3837767
12267.07554,2603.088308,288.5347825
12268.13087,2603.088308,288.5347825
12264.59011,2602.811545,288.2222253
12265.39187,2603.088308,288.3741312
12267.38551,2603.088308,288.4985765
12266.99351,2603.088308,288.5347825
12268.13087,2603.088308,288.5347825
12268.13087,2603.088308,288.5347825
12265.93225,2603.029165,288.5347825
12268.13087,2603.088308,288.5347825
12268.13087,2602.974025,288.5347825
12267.66208,2603.088308,288.5347825
12265.13477,2603.088308,288.5347825
12267.47539,2601.989687,288.4944657
12268.13087,2603.088308,288.5347825
12267.50712,2602.268555,288.5347825
12268.13087,2603.088308,288.5347825
12268.13087,2603.088308,288.5347825
12268.13087,2603.088308,288.5347825
12268.13087,2603.088308,288.5347825
12268.13087,2603.088308,288.5347825
12268.13087,2603.088308,288.5347825
12268.13087,2603.088308,288.5347825
12267.70448,2603.088308,288.5347825
12268.13087,2602.718892,288.5347825
12266.99116,2603.088308,288.5347825
12268.13087,2603.088308,288.5347825
12268.13087,2603.088308,288.5347825
12268.13087,2603.088308,288.5347825
12268.13087,2603.088308,288.5347825
12268.13087,2603.088308,288.5347825
10375.19681,2451.998391,241.2642929
10371.98803,2451.998391,241.2642929
10375.19681,2451.998391,241.2577483
10374.98303,2451.998391,241.2642929
10373.56243,2451.998391,241.2642929
10373.85979,2451.998391,241.2642929
10375.19681,2451.998391,241.2642929
10375.19681,2451.998391,241.2642929
10375.19681,2451.998391,241.2642929
10375.19681,2450.670764,241.2642929
10375.19681,2451.998391,241.2642929
10374.90233,2450.788543,241.2642929
10373.09181,2451.998391,241.2333151
10373.57323,2451.998391,241.1289757
10372.1745,2451.998391,240.979569
10374.51779,2451.998391,241.2642929
10374.07273,2451.998391,241.2642929
10375.19681,2451.611288,241.2642929
10375.19681,2451.376945,241.2642929
10375.19681,2451.998391,241.2642929
10375.19681,2451.799257,241.2642929
10374.6533,2451.771656,241.2642929
10375.19681,2451.998391,241.2642929
10373.8584,2451.998391,241.0961421
10371.39016,2451.536622,241.2142177
10371.97808,2451.998391,241.1521099
10373.53339,2451.716847,241.1687157
10374.9497,2451.998391,241.2642929
10374.35666,2451.998391,241.2642929
10374.85195,2451.998391,241.2642929
10375.19681,2451.998391,241.2642929
10373.05614,2451.396144,241.2642929
10374.85195,2451.998391,241.2642929
10374.1521,2451.998391,241.2642929
10372.65533,2449.8249,240.8391895
10372.01992,2450.816723,241.2642929
10372.5744,2451.45156,241.2426447
10374.94761,2451.998391,241.2642929
10375.19681,2451.998391,241.2642929
10375.12423,2451.998391,241.2642929
10375.19681,2451.987781,241.2642929
10375.19681,2451.976344,241.2642929
10375.19681,2451.998391,241.2642929
10370.73095,2449.646963,241.223976
10371.33731,2451.836451,241.1683105
10371.85492,2451.376945,241.2642929
10368.09769,2451.878492,240.8476739
10374.30433,2451.998391,241.18188
10374.91393,2451.998391,241.2642929
10373.84263,2451.998391,241.2642929
10375.04403,2451.998391,241.2642929
10373.30355,2451.998391,241.2642929
10373.82574,2451.998391,241.2642929
10374.82445,2450.614944,241.2642929
10374.97085,2451.824062,241.1714606
10375.1607,2451.944185,241.2642929
10373.73547,2451.173003,241.2642929
10373.67477,2450.855313,240.976899
10375.19681,2451.998391,241.2642929
10375.19681,2451.998391,241.2642929
10374.84411,2451.998391,241.2642929
10375.19681,2451.998391,241.2642929
10375.19681,2451.998391,241.2642929
10374.75763,2451.987781,241.2642929
10375.16584,2451.499147,240.921364
10375.19681,2451.998391,241.2642929
10374.7128,2450.688253,241.2642929
10373.77953,2451.998391,241.2642929
10375.19681,2451.998391,241.2642929
10374.23851,2451.998391,241.2642929
10375.19681,2451.998391,241.2642929
10375.19681,2451.998391,241.2642929
10375.09665,2451.296551,241.2642929
10375.19681,2451.995166,241.2642929
10374.52392,2451.204285,241.2642929
10374.51779,2451.998391,241.2642929
10370.20814,2450.438188,241.2642929
10374.04312,2451.998391,241.2642929
10375.19681,2451.998391,241.2642929
10375.19681,2451.998391,241.1586896
10375.19681,2451.998391,241.2642929
10375.01209,2451.998391,241.2642929
10375.05922,2451.998391,241.2642929
10374.34297,2451.989418,241.2642929
10374.45957,2450.904221,241.2642929
10373.14599,2450.564447,241.2642929
10372.05828,2449.993504,241.1138019
10369.88926,2450.519507,241.2642929
10373.43849,2451.998391,241.2642929
10373.24838,2451.998391,241.2140216
10374.79048,2451.998391,241.2642929
10374.76725,2451.998391,241.2642929
10372.63505,2451.998391,241.2642929
10374.56822,2450.965798,241.2568322
10375.19681,2451.998391,241.2642929
10370.84262,2450.221499,241.2422659
10367.61279,2450.761689,241.2504439
10371.01038,2451.790966,241.1918139
10370.98421,2450.587963,240.9526435
10373.34935,2451.945958,241.1429881
10372.66035,2451.466827,241.0339131
10371.3898,2451.998391,241.2642929
10372.91789,2450.400917,241.2557448
10372.73831,2451.830411,241.2642929
10373.21878,2451.998391,241.2642929
10372.35403,2451.012564,241.2642929
10365.94186,2448.825856,241.2411536
10372.11739,2451.500867,241.2642929
10367.12045,2451.866253,241.2642929
10363.36372,2451.208737,240.5574874
10372.36557,2449.716094,241.2642929
10373.40351,2449.180821,241.0556986
10372.77746,2451.997049,241.2642929
10373.86686,2451.076075,241.2605952
10372.79743,2451.632136,241.2642929
10369.5321,2451.09848,241.2302051
10368.30354,2450.763614,241.2642929
10360.16735,2447.785365,240.8832489
10367.15911,2451.091166,241.2642929
10361.72461,2451.998391,241.1331425
10367.25377,2451.918686,240.7520164
10374.51176,2451.998391,241.2642929
10368.8163,2451.412473,241.2642929
10375.19681,2451.945958,241.256591
10375.19681,2450.936046,241.2642929
10371.83991,2451.904048,241.2642929
10368.57814,2450.869957,241.2642929
10368.74378,2450.206396,241.1528732
10359.56136,2451.198994,240.9101491
10360.50567,2450.99742,241.2330145
10372.80673,2451.998391,241.2642929
10375.19681,2451.998391,241.2642929
10374.8042,2451.660127,241.2492417
10373.53114,2451.998391,241.2642929
10375.19681,2451.998391,241.2642929
10374.66453,2451.632136,241.2642929
10371.74956,2448.889338,241.2642929
10371.94283,2451.225838,241.2098214
10369.99613,2450.154903,241.2381936
10367.52071,2450.961047,240.9629872
10373.32199,2451.998391,241.2642929
10375.19681,2451.998391,241.2642929
10375.19681,2451.998391,241.2642929
10375.19681,2451.998391,241.2642929
10375.19681,2451.998391,241.2642929
10375.19681,2451.632136,241.2642929
10370.30651,2451.861598,241.2642929
10372.80731,2451.167216,241.2642929
10374.48899,2451.988007,241.2642929
10371.9057,2451.439273,241.2642929
10375.19681,2451.998391,241.2642929
10375.19681,2451.998391,241.2642929
10375.19681,2451.998391,241.2642929
10375.19681,2451.998391,241.2642929
10375.19681,2451.998391,241.2642929
10375.19681,2451.979935,241.2642929
10375.19681,2451.662244,241.2642929
10375.19681,2451.998391,241.2642929
10375.0333,2451.984613,241.2642929
10374.63575,2451.998391,241.2365367
10375.19681,2451.998391,241.2642929
10375.19681,2451.998391,241.2642929
10375.19681,2451.998391,241.2642929
10375.19681,2451.998391,241.2642929
10375.19681,2451.998391,241.2642929
10375.19681,2451.998391,241.2642929
10375.19681,2451.998391,241.2642929
10375.19681,2451.998198,241.2642929
10373.33413,2450.718265,241.2642929
10374.50334,2451.998391,241.2642929
10374.70546,2451.998391,241.2642929
10375.19681,2451.998391,241.2642929
10375.19681,2451.998391,241.2642929
10375.19681,2451.998391,241.2642929
10375.19681,2451.998391,241.2642929
10375.19681,2451.998391,241.2642929
10375.19681,2451.998391,241.2642929
10375.19681,2451.443977,241.2642929
10375.19681,2450.545183,241.1184795
10371.36426,2451.028546,241.2401559
10374.5295,2450.819412,241.2098843
10371.7248,2450.966944,241.126684
10375.19681,2451.315781,241.2642929
10375.19681,2451.998391,241.2642929
10375.19681,2451.998391,241.2642929
10375.19681,2451.998391,241.2642929
10374.8192,2450.718265,241.2642929
10373.01122,2451.998391,241.2642929
10375.19681,2451.998391,241.2642929
10373.71873,2451.136774,241.1878682
10375.19681,2451.998391,241.2642929
10369.00921,2450.834346,240.9716315
10371.73316,2451.998391,241.1699511
10375.19681,2451.998391,241.089723
10375.19681,2451.998391,241.2642929
10375.19681,2451.998391,241.2642929
10375.19681,2451.918686,241.2642929
10374.94966,2451.998391,241.2642929
10373.5278,2451.998391,241.2642929
10372.9786,2447.53077,241.1667658
10372.72009,2451.36481,241.2642929
10372.5714,2449.785295,241.1162209
10364.36736,2449.993504,240.982437
10375.19681,2451.998391,241.1779214
10374.65127,2451.998391,241.1777135
10375.19681,2451.998391,241.2642929
10375.19681,2451.998391,241.2642929
10375.19681,2451.998391,241.2642929
10375.19681,2451.998391,241.2642929
10374.01167,2450.688303,241.2111728
10374.644,2451.998391,241.2561941
10369.46808,2451.497984,241.1401246
10369.8153,2451.358384,241.1448115
10375.19681,2451.716847,241.1417352
10373.274,2451.998391,241.2642929
10375.19681,2451.998391,241.2642929
10375.19681,2451.998391,241.2642929
10375.19681,2451.998391,241.2642929
10375.19681,2451.799155,241.2642929
10375.19681,2451.329511,241.1725242
10374.93095,2451.998391,241.2642929
10372.84323,2451.533031,241.1278368
10371.59768,2450.609265,241.1642398
10375.19681,2450.562619,241.2642929
10374.55713,2451.998391,241.0391191
10375.19681,2451.998391,241.2642929
10375.19681,2451.998391,241.2642929
10375.08475,2451.998391,241.2642929
10374.42554,2451.998391,241.2642929
10374.96554,2451.998391,241.2642929
10375.19681,2451.998391,241.2249355
10375.19681,2451.772789,241.1791526
10373.04885,2450.473603,241.2116732
10375.19681,2451.998391,241.0776628
10367.87904,2450.641637,241.1789184
10375.19681,2451.998391,241.2642929
10375.19681,2451.998391,241.2642929
10375.19681,2451.998391,241.2642929
10375.19681,2451.998391,241.2642929
10375.19681,2451.998391,241.2642929
10375.19681,2451.998391,241.2642929
10374.83219,2451.998391,241.2642929
10371.77002,2451.747897,241.0524661
10374.65757,2451.495908,241.2642929
10372.29008,2451.193302,241.0909014
10374.21386,2451.998391,241.2642929
10375.19681,2451.998391,241.2642929
10375.19681,2451.998391,241.2642929
10375.06465,2451.998391,241.2642929
10375.19681,2451.998391,241.2642929
10374.57538,2451.75065,241.2642929
10374.23373,2450.742082,241.2642929
10372.60667,2451.84913,241.2404346
10374.473,2451.998391,241.1727045
10370.0884,2451.760476,241.1888891
10374.90426,2451.998391,241.2330145
10375.19681,2451.998391,241.2642929
10375.19681,2451.98309,241.2642929
10375.19681,2451.998391,241.2642929
10375.19681,2451.998391,241.2642929
10375.19681,2451.998391,241.2642929
10373.97762,2451.998391,241.2642929
10374.10526,2451.900651,241.2642929
10375.03413,2451.998391,241.2642929
10370.72801,2451.942545,241.1727045
10374.91309,2451.998391,241.2642929
10375.19681,2451.998391,241.2642929
10375.19681,2451.998391,241.2642929
10373.79706,2451.953774,241.2642929
10374.39397,2451.998391,241.2642929
10375.05796,2451.998391,241.2642929
10374.89829,2451.998391,241.2642929
10374.44037,2450.060003,241.2642929
10374.71456,2451.955917,241.2642929
10368.54193,2450.321441,241.2343305
10373.01958,2451.185019,241.2642929
10372.21662,2451.136774,241.2642929
10374.0737,2451.998391,241.2642929
10371.82875,2451.945388,241.2642929
10375.19681,2451.998391,241.2642929
10374.2413,2451.942545,241.2642929
10372.59487,2451.731881,241.2642929
10371.67224,2451.998391,241.2642929
10369.73979,2451.849921,241.2642929
10366.75817,2450.649435,241.1838621
10370.18508,2450.545005,241.2584185
10373.68782,2451.998391,241.2584185
10368.49723,2450.217355,241.2642929
10372.94178,2451.989418,241.2183421
10373.32214,2451.998391,241.0219968
10372.80505,2451.998391,241.2642929
10373.67211,2450.942325,241.2642929
10373.32092,2451.800257,241.2642929
10372.72306,2450.618244,241.2642929
10367.32117,2450.796138,241.076858
10368.61482,2451.990457,240.9958541
10374.08636,2450.912681,241.2023928
10370.65047,2451.998391,241.2642929
10375.19681,2451.223981,241.2330145
10375.04731,2450.386703,241.2588884
10373.08738,2451.801765,241.0583272
10373.6507,2451.998391,241.2642929
10372.96206,2451.998391,241.2642929
10373.94054,2451.998391,241.2119321
10371.76124,2451.638103,241.1983368
10373.0293,2451.998391,241.1064522
10375.19681,2451.998391,241.2642929
10369.53101,2450.660555,241.2229005
10375.19681,2451.998391,241.2642929
10374.27822,2451.918686,241.2642929
10373.89434,2451.130598,241.2642929
10374.93533,2451.998391,241.2642929
10374.47078,2451.945983,241.2642929
10374.59808,2451.998391,241.2642929
10369.39171,2450.238509,240.9866351
10372.49804,2451.250853,241.2642929
10371.75577,2451.882363,241.2642929
10367.04981,2450.964541,241.097092
10374.8927,2451.998391,241.2100935
10375.19681,2451.998391,241.2642929
10375.08483,2451.081613,241.2642929
10372.94396,2451.050883,241.2297748
10374.87277,2451.998391,241.2642929
10375.19681,2451.998391,241.2642929
10374.16822,2451.505003,241.2642929
10374.16515,2451.745302,241.0959007
10371.63633,2451.998391,241.2642929
10370.91703,2451.662244,241.1452679
10375.19681,2451.998391,241.2642929
10375.19681,2451.998391,241.2642929
10375.19681,2451.015748,241.2642929
10373.66259,2451.998391,241.2642929
10375.19681,2451.964676,241.2642929
10373.87885,2451.475431,241.2642929
10373.96385,2451.790757,241.2642929
10372.8313,2451.998391,241.2642929
10373.60933,2451.998391,241.0044952
10369.13603,2450.505589,241.2579986
10372.2721,2451.998391,241.2505215
10375.19681,2451.998391,241.2642929
10375.19681,2451.998391,241.2642929
10375.19681,2451.611009,241.2642929
10374.07038,2450.668173,241.2642929
10375.19681,2451.998391,241.2642929
10374.64133,2451.9873,241.2642929
10370.8178,2451.169052,241.2642929
10374.82162,2451.961175,241.2642929
10371.12992,2451.005731,241.2316336
10373.81548,2450.113986,241.2642929
10373.76306,2451.998391,241.2297748
10375.19681,2451.998391,241.2642929
10375.19681,2451.998391,241.2642929
10375.19681,2451.998391,241.2642929
10375.19681,2451.998391,241.2642929
10373.5179,2451.570244,241.2642929
10375.19681,2451.995087,241.2642929
10374.20233,2451.660441,241.2642929
10374.33774,2451.235464,241.1397763
10369.63054,2451.363083,241.2642929
10372.87365,2451.998391,241.2642929
10375.19681,2451.998391,241.2642929
10375.19681,2451.911356,241.2642929
10375.19681,2451.998391,241.2642929
10373.3714,2451.998391,241.2642929
10374.627,2451.981572,241.2642929
10373.82538,2450.673478,241.2584653
10373.72931,2451.998391,241.2642929
10366.10313,2450.757471,240.7991557
10371.63681,2451.998391,241.2513865
10374.2248,2451.998391,241.2367634
10375.19681,2451.945388,241.1500224
10373.87298,2451.998391,241.2642929
10375.19681,2451.998391,241.2642929
10375.19681,2451.998391,241.2642929
10375.19681,2451.31944,241.2642929
10373.23761,2451.998391,241.2642929
10375.19681,2451.998391,241.2642929
10369.48081,2449.89307,241.0888518
10368.44459,2451.996879,241.1318285
10371.39929,2451.998391,241.2642929
10373.01319,2451.998391,241.1376926
10375.19681,2451.945828,241.2642929
10374.9455,2451.998391,241.2642929
10372.70053,2451.998391,241.2642929
10374.39092,2451.998296,241.2642929
10373.1986,2451.998391,241.2642929
10374.59459,2450.807523,241.2642929
10372.87063,2451.998391,241.2642929
10371.75332,2451.998391,241.0688993
10373.23964,2451.99093,241.2642929
10372.71587,2451.998391,241.0824421
10375.19681,2451.998391,241.2642929
10375.19681,2451.998391,241.2642929
10375.19681,2451.998391,241.2642929
10374.31881,2451.993106,241.2642929
10372.97997,2451.992424,241.2642929
10375.19681,2451.450825,241.2642929
10373.29716,2451.995087,241.0346667
10370.49486,2451.998391,241.2615521
10372.50411,2451.545305,241.2642929
10371.58217,2449.880793,241.2642929
10374.6103,2451.998391,241.1975796
10375.19681,2451.998391,241.2642929
10375.19681,2451.998391,241.2642929
10374.22571,2451.998391,241.2642929
10373.80171,2451.998391,241.2642929
10375.19681,2451.942294,241.2642929
10375.19681,2451.998391,241.2642929
10372.11644,2450.646778,241.2223182
10374.92448,2451.998391,241.2642929
10372.04542,2451.576702,241.2269941
10375.19681,2451.998391,241.2642929
10375.19681,2451.998391,241.2642929
10375.19681,2451.998391,241.2642929
10375.19681,2451.998391,241.2642929
10375.19681,2451.998391,241.2642929
10375.19681,2451.998391,241.2642929
10375.19681,2451.998391,241.2642929
10374.82009,2451.998391,241.2642929
10375.19681,2451.363083,241.2642929
10374.32015,2451.961175,241.2642929
10373.14349,2451.998391,241.1860626
10374.01445,2451.998391,241.2642929
10375.19681,2451.998391,241.2642929
10375.19681,2451.998391,241.2642929
10375.19681,2451.998391,241.2642929
10375.19681,2451.998391,241.2642929
10374.9455,2451.998391,241.2642929
10375.19681,2451.998391,241.2642929
10375.19681,2451.998391,241.2342514
10373.45567,2451.998391,241.1829531
10374.94437,2451.998391,241.1723592
10372.54531,2450.784316,241.2642929
10375.19681,2451.998391,241.2642929
10375.19681,2451.998391,241.2642929
10375.19681,2451.998391,241.2642929
10375.19681,2451.998391,241.2642929
10375.19681,2451.99652,241.2642929
10375.19681,2451.998391,241.2642929
10374.6872,2451.998391,241.2642929
10373.5903,2451.998391,241.1313801
10375.19681,2451.412406,240.9206704
10373.13164,2451.841464,241.2526821
10375.19681,2451.998391,241.2642929
10373.08349,2451.95488,241.2642929
10373.55368,2451.998391,241.2642929
10375.19681,2451.998391,241.2642929
10375.19681,2451.397217,241.2642929
10373.77067,2451.998391,241.2642929
10375.19681,2451.995135,241.2642929
10373.42894,2451.617918,240.9194385
10372.32381,2451.998391,241.2140185
10369.39821,2451.998391,241.0168623
10373.76533,2451.998391,241.2642929
16676.70632,3538.533582,582.3042573
16676.70632,3539.433552,582.7042169
16675.78048,3539.433552,582.7859146
16674.47025,3536.349027,582.7859146
16676.29351,3539.124065,582.7859146
16674.44978,3539.433552,582.7859146
16668.95999,3537.164962,582.2561617
16671.42722,3539.433552,582.7042169
16665.17377,3537.427534,582.1622891
16673.50738,3538.697905,582.6705346
16671.70282,3539.433552,582.5546911
16673.75714,3539.433552,582.7859146
16676.70632,3539.433552,582.7859146
16676.70632,3539.390243,582.775314
16675.96432,3539.433552,582.7859146
16673.45705,3538.168186,582.7859146
16669.12725,3539.433552,582.7464723
16668.86485,3539.311581,582.6349229
16660.55665,3538.548001,582.7859146
16672.57931,3539.433552,582.7859146
16669.96095,3539.433552,582.7859146
16676.02009,3539.433552,582.7859146
16676.70632,3539.433552,582.7859146
16671.52913,3535.910147,582.7859146
16676.06288,3539.433552,582.7859146
16673.01492,3537.687584,582.7859146
16676.70632,3539.433552,582.7859146
16671.03692,3536.961883,582.7852503
16673.6115,3539.433552,582.7821122
16674.42277,3539.433552,582.7859146
16674.22872,3538.683575,582.7859146
16670.57008,3539.433552,582.7859146
16676.70632,3539.433552,582.7859146
16676.70632,3538.342484,582.7859146
16676.70632,3539.433552,582.7859146
16674.86786,3537.967195,582.7859146
16676.70632,3539.433552,582.7859146
16674.08769,3539.143073,582.6082291
16668.10622,3539.056175,582.6759544
16674.77426,3539.433552,582.4892509
16673.37467,3538.800141,582.3319902
16674.41269,3539.433552,582.5615616
16676.70632,3539.433552,582.7859146
16676.70632,3539.155214,582.7859146
16675.97804,3539.352446,582.7859146
16674.70811,3539.426587,582.7859146
16676.70632,3539.433552,582.7859146
16675.68345,3538.180569,582.7859146
16670.71038,3537.361592,582.2114183
16675.96179,3538.795827,582.7859146
16667.82251,3539.026899,582.0841039
16676.70632,3538.558936,582.7859146
16676.70632,3538.951393,582.70657
16676.70632,3539.433552,582.7859146
16676.70632,3538.800141,582.7859146
16675.05819,3539.345748,582.7859146
16676.11645,3539.433552,582.7859146
16675.66195,3539.304281,582.7859146
14311.23355,3308.353308,558.3683212
14314.12664,3309.145861,558.9009011
14308.69791,3307.121862,558.296797
14311.38644,3309.145861,558.5311786
14314.71653,3309.145861,559.0308126
14314.71653,3309.145861,559.0308126
14314.71653,3309.145861,559.0308126
14314.71653,3309.145861,559.0308126
14314.16272,3309.145861,559.0308126
14314.71653,3307.349883,559.0308126
14306.45933,3306.457317,558.9592366
14311.56197,3307.548197,558.9573808
14311.10244,3309.145861,559.0308126
14304.44989,3307.997004,558.6715043
14312.84879,3309.145861,559.0308126
14314.71653,3309.145861,559.0308126
14314.71653,3309.145861,559.0308126
14314.71653,3309.145861,559.0308126
14314.71653,3309.145861,559.0308126
14312.48115,3309.145861,559.0308126
14314.71653,3309.145861,559.0308126
14309.95703,3306.947299,558.6982341
14313.4352,3308.468625,558.9891748
14310.73018,3307.222216,558.1415493
14307.10765,3307.942478,558.8202972
14313.97674,3309.145861,559.0308126
14314.71653,3309.145861,559.0308126
14314.71653,3309.106822,559.0308126
14314.71653,3309.145861,559.0308126
14312.66555,3309.145861,559.0308126
14314.71653,3306.143455,559.0308126
14313.58899,3309.145861,559.0308126
14312.6443,3309.145861,559.0308126
14303.63795,3308.873527,559.0308126
14311.54965,3309.145861,558.9047579
14311.61214,3309.145861,558.9775305
14314.71653,3309.145861,559.0308126
14314.71653,3309.145861,559.0308126
14314.16128,3309.145861,559.0308126
14312.07303,3309.124293,559.0308126
14312.86247,3309.145861,559.0308126
14311.77025,3307.482697,559.0308126
14313.75948,3309.060253,559.0308126
14307.11075,3306.723169,558.6742527
14310.24241,3307.972272,559.0308126
14313.76191,3309.145861,558.9208662
14314.71653,3309.145861,559.0308126
14314.71653,3309.059605,559.0308126
14314.71653,3309.104302,559.0308126
14314.71653,3309.058058,559.0308126
14314.71653,3309.145861,558.7938273
14314.71653,3309.145861,559.0308126
14314.37596,3309.075973,559.0308126
14308.49736,3308.698915,559.0076054
14307.0367,3306.772075,559.0308126
14309.41811,3309.145861,559.0308126
14313.90721,3309.145861,559.0308126
14314.71653,3309.145861,559.0308126
14314.71653,3309.145861,559.0308126
14313.39363,3309.145861,559.0308126
14314.71653,3308.64136,559.0308126
14314.71653,3307.266711,559.0308126
14312.05681,3307.346773,559.0308126
14310.93515,3301.587184,558.9785983
14312.31847,3309.145861,558.8974964
14313.94931,3307.409237,559.0308126
14311.6765,3309.145861,559.0308126
14314.71653,3309.145861,559.0308126
14314.71653,3309.145861,559.0308126
14314.71653,3309.145861,559.0308126
14313.38493,3309.145861,559.0308126
14314.71653,3308.44293,559.0308126
14314.34675,3309.020466,559.0308126
14310.17395,3308.427425,558.5679221
14309.24325,3309.145861,558.5876989
14314.03531,3306.363983,558.8277471
14314.71653,3309.145861,558.6670675
14314.71653,3309.145861,559.0308126
14314.71653,3309.145861,559.0308126
14314.71653,3309.108664,559.0308126
14314.3631,3306.974402,559.0308126
14314.71653,3309.145861,559.0308126
14314.71653,3309.145861,559.0308126
14310.29881,3309.106886,558.4568802
14308.64623,3308.002145,558.4234897
14303.09311,3305.088399,558.6591097
14312.75004,3309.145861,558.6996583
14310.92117,3309.145861,559.0282675
14314.71653,3309.145861,559.0308126
14314.71653,3309.145861,559.0308126
14314.71653,3309.023755,558.7303888
14314.24067,3309.145861,559.0308126
14314.71653,3309.076717,559.0308126
14310.11561,3308.317299,559.0308126
14312.9243,3308.718862,558.5282342
14311.64362,3305.703464,558.0959709
14310.86767,3309.145861,559.0308126
14308.23439,3308.947475,558.6475578
14309.02539,3309.14298,558.9009793
14314.71653,3309.086248,559.0308126
14314.49866,3309.130792,559.0308126
14313.45985,3309.145861,559.0308126
14314.71653,3309.145861,559.0308126
14314.71653,3309.145861,559.0308126
14313.54821,3308.396446,558.8279021
14310.18766,3309.12183,559.0308126
14313.64105,3309.145861,559.0308126
14309.87988,3307.11199,558.9060123
14310.21177,3309.145861,558.4599059
14314.71653,3308.978587,559.0308126
14314.12091,3309.145861,559.0308126
14314.71653,3309.145861,559.0308126
14313.21898,3307.336001,559.0308126
14314.71653,3309.145861,559.0308126
14313.76367,3309.145861,559.0308126
14313.9766,3309.145861,559.0308126
14314.71653,3309.051232,559.0308126
14307.92158,3308.054799,559.0308126
14314.71653,3309.145861,558.6248366
14314.71653,3309.145861,559.0308126
14312.81865,3308.873527,559.0308126
14314.17002,3309.145861,559.0308126
14312.14987,3306.697172,559.0308126
14314.71653,3309.145861,559.0308126
14313.29824,3309.109358,559.0308126
14312.84677,3309.145861,559.0308126
14313.74604,3308.949551,558.6151155
14314.55549,3308.901562,558.6064997
14308.12826,3306.658071,558.7572536
14312.93772,3309.145861,559.0308126
14314.71653,3308.581656,559.0308126
14310.93548,3309.145861,559.0308126
14314.22107,3307.476586,558.865416
14314.71653,3309.145861,559.0308126
14309.15785,3309.145861,559.0308126
14312.45566,3308.387931,559.0308126
14312.57371,3309.145861,559.0308126
14307.64519,3305.560958,558.5904097
14313.37626,3309.145861,558.6583621
14311.94972,3309.145861,558.5201784
14314.71653,3309.145861,559.0308126
14314.71653,3309.145861,559.0308126
14314.71653,3309.145861,559.0308126
14314.15918,3309.096799,559.0308126
14314.71653,3309.145861,559.0308126
14308.26503,3308.216071,558.7607513
14308.97758,3309.145861,558.6332478
14311.76201,3307.071313,558.7935409
14302.79117,3306.874461,558.1732717
14311.79263,3309.145861,558.0550766
14314.32495,3309.145861,559.0288088
14314.71653,3309.145861,559.0308126
14314.71653,3308.485942,559.0308126
14314.34675,3309.145861,559.0308126
14313.16642,3308.07965,559.0308126
14312.20595,3307.449794,559.0252131
14309.30602,3307.091543,558.7338509
14309.54533,3307.820399,558.8373804
14302.43643,3308.639004,558.6964953
14314.14635,3306.393517,558.9414039
14310.02,3308.635231,558.1116406
14314.71653,3309.145861,559.0308126
14314.71653,3309.122404,559.0308126
14314.71653,3309.145861,559.0308126
14314.44191,3309.109358,559.0308126
14314.71653,3309.145861,559.0308126
14314.71653,3309.145861,559.0308126
14314.71653,3309.145861,558.973608
14314.46353,3308.499868,559.0308126
14314.71653,3307.456959,559.0308126
14314.71653,3309.062036,559.0308126
14314.32622,3309.145861,559.0308126
14314.71653,3309.145861,559.0308126
14314.12947,3305.475919,559.0308126
14314.71653,3309.145861,559.0308126
14314.71653,3306.990289,559.0308126
14314.71653,3309.145861,559.0308126
14313.27076,3308.403195,558.9592186
14310.84175,3309.019512,558.9740963
14312.61567,3308.64974,559.0308126
14309.68948,3309.145861,559.0308126
14314.38369,3309.145861,559.0308126
14314.33147,3309.145861,559.0308126
14314.71653,3309.145861,559.0308126
14314.71653,3309.133563,559.0308126
14314.71653,3309.145861,559.0308126
14314.71653,3307.644593,559.0308126
14312.84141,3309.145861,559.0308126
14313.40132,3307.572582,559.0308126
14310.09411,3305.317474,558.6727487
14308.34693,3308.487827,558.8339211
14313.38715,3309.06056,558.9592186
14311.9138,3309.145861,559.0308126
14314.71653,3307.841782,559.0308126
14314.71653,3308.33536,559.0308126
14314.71653,3309.145861,559.0308126
14314.71653,3308.972498,559.0308126
14314.32696,3307.906119,559.015627
14313.41151,3309.10168,558.5777333
14313.01748,3306.064518,558.8156059
14311.44201,3306.604479,558.6720707
14313.96542,3309.145861,558.6999682
14310.77338,3309.122404,558.9277263
14310.83363,3309.038599,558.7128247
14312.84704,3308.982626,559.0308126
14314.71653,3309.145861,559.0308126
14314.71653,3309.145861,559.0308126
14312.77241,3309.062067,559.0308126
14310.65702,3309.145861,559.0308126
14312.3299,3305.838246,558.8165679
14311.5652,3306.604272,558.7565316
14314.03402,3309.145861,558.7360278
14309.9353,3305.889723,558.291717
14310.22477,3309.145861,558.2708795
14313.88765,3308.42861,559.0308126
14314.71653,3309.145861,558.9414039
14314.71653,3309.145861,559.0308126
14313.09605,3309.145861,559.0308126
14313.61916,3309.145861,559.0308126
14312.94172,3307.368028,558.8544336
14304.5003,3308.529859,558.5104763
14307.77599,3307.146845,558.441907
14312.1507,3309.145861,558.8173249
14308.87255,3306.318701,559.0308126
14311.00368,3308.619318,559.0308126
14314.13344,3309.145861,558.7804054
14314.09391,3308.881277,559.0308126
14314.18729,3309.145861,558.6646357
14314.71653,3307.538531,559.023308
14313.16664,3309.145861,559.0308126
14301.17967,3307.228526,558.9862339
14304.9927,3309.145861,558.8195883
14309.00821,3308.673833,558.9036156
14314.71653,3309.145861,558.2056417
14314.13435,3309.145861,558.8726167
14314.20314,3309.145861,559.0308126
14312.48065,3309.145861,559.0308126
14309.9398,3309.145861,559.0308126
14312.52435,3309.145861,558.9397331
14312.41073,3309.145861,559.0308126
14307.61094,3309.046468,558.1217589
14305.16389,3306.531998,557.8051827
14309.55527,3308.463649,558.6178954
14305.02134,3306.904068,558.0609452
14312.04829,3309.145861,559.0308126
14311.28521,3307.942649,559.0308126
14314.18058,3309.145861,559.0308126
14312.39476,3305.452157,559.0308126
14309.24371,3308.517778,559.0308126
14313.05914,3309.145861,558.8668677
14295.94608,3305.176597,558.3150223
14312.0134,3308.559859,558.4998967
14303.01609,3307.887499,558.0665081
14299.57515,3306.220701,558.2835658
14314.14128,3307.366043,558.6853674
14311.79945,3307.520769,558.7455476
14314.71653,3309.145861,559.0308126
14314.10286,3308.407913,559.0308126
14312.90337,3307.349025,558.606322
14311.67634,3309.145861,559.0308126
14310.53592,3309.132298,559.0308126
14296.44335,3302.599267,557.8352448
14302.20309,3308.148975,558.5136003
14305.95579,3308.715845,558.2802741
14299.86836,3307.488716,558.7660039
14308.95284,3306.61233,558.0275643
14314.71653,3308.619318,559.0308126
14313.02961,3308.651598,558.5000552
14312.57911,3308.204365,559.0308126
14313.92931,3309.040448,558.9039377
14313.08841,3309.145861,558.7553308
14299.37782,3308.073049,558.4917034
14286.89457,3306.096048,558.5493109
14298.11666,3307.973294,558.2738916
14314.34148,3309.145861,558.5053474
14312.67415,3309.145861,558.8201636
14314.71653,3309.145861,559.0308126
14307.16544,3307.696958,558.9176876
14314.40404,3309.046437,558.7005976
14313.39363,3309.145861,559.0308126
14312.23591,3307.891264,559.0308126
14311.83674,3306.138115,559.0308126
14296.0687,3302.605193,558.3031235
14305.59999,3308.539295,559.0308126
14308.00001,3306.811615,557.9035978
14312.90437,3309.145861,559.0308126
14314.71653,3308.146905,559.0308126
14314.71653,3309.145861,559.0308126
14309.7237,3308.296231,559.0308126
14313.30823,3309.050739,559.0105567
14312.51534,3309.144602,559.0308126
14304.65474,3305.334483,558.8697842
14303.38474,3307.969724,558.4873361
14300.41048,3304.949904,558.7421486
14298.3439,3308.526263,558.4609972
14304.23626,3308.209415,557.7297916
14314.12068,3308.887301,559.0308126
14314.71653,3309.145861,559.0308126
14311.80104,3307.37926,558.6121979
14311.50647,3308.945713,559.0308126
14311.15115,3308.981169,559.0308126
14311.81673,3309.049824,558.8982489
14304.96913,3307.002908,558.9568091
14289.67394,3307.43554,558.7891255
14314.29588,3309.145861,558.8814497
14299.2787,3307.338355,558.4217301
14310.99044,3309.145861,558.7545331
14314.71653,3309.145861,559.0308126
14314.71653,3307.349025,559.0308126
14313.6919,3309.145861,558.7235195
14312.23711,3309.145861,559.0308126
14314.71653,3309.08848,559.0308126
14308.76967,3305.042708,558.8201766
14307.8116,3305.873061,558.4305158
14314.20609,3307.626423,559.0308126
14303.30146,3303.943494,558.6163218
14312.08,3308.495516,559.0308126
14314.21838,3308.518,559.0308126
14314.71653,3309.145861,559.0308126
14314.71653,3309.063173,559.0308126
14314.22156,3309.145861,559.0308126
14314.71653,3309.145861,559.0308126
14312.60949,3307.152428,559.0308126
14311.74523,3309.145861,559.0308126
14313.34128,3307.079033,559.0308126
14312.3182,3309.145861,558.9944461
14314.1788,3309.145861,559.0308126
14314.71653,3309.145861,559.0308126
14314.71653,3309.145861,559.0308126
14314.71653,3309.145861,559.0308126
14314.71653,3309.145861,559.0308126
14314.71653,3309.145861,559.0308126
14314.71653,3309.145861,559.0308126
14314.71653,3309.145861,559.0308126
14313.96899,3309.145861,559.0308126
14313.9318,3309.145861,559.0308126
14314.71653,3309.145861,559.0308126
14314.71653,3309.145861,559.0308126
14314.71653,3309.145861,559.0308126
14314.71653,3309.145861,559.0308126
14314.71653,3309.145861,559.0308126
14314.71653,3309.145861,559.0308126
14314.71653,3309.145861,559.0308126
14311.53665,3309.145861,559.0308126
14314.71653,3309.145861,559.0308126
14314.71653,3309.145861,559.0308126
14314.06069,3309.145861,559.0308126
14314.29195,3309.145861,558.881408
14314.71653,3309.145861,559.0308126
14314.71653,3309.145861,559.0308126
14314.05813,3309.145861,559.0308126
14314.71653,3309.145861,559.0308126
14314.71653,3309.086403,559.0308126
14312.64336,3309.145861,559.0308126
14312.409,3309.145861,559.0308126
14313.89555,3309.145861,559.0308126
14313.63144,3309.145861,559.0308126
14314.2001,3307.627109,559.0308126
14314.71653,3309.145861,559.0308126
14314.71653,3309.145861,559.0308126
14314.71653,3309.145861,559.0308126
14314.71653,3309.145861,559.0308126
14314.71653,3309.145861,559.0308126
14313.6919,3309.11679,559.0308126
14313.26953,3308.29574,559.0308126
14311.6461,3309.145861,559.0308126
14312.39476,3309.118897,559.0308126
14308.42594,3306.505917,558.9493137
14311.93051,3309.145861,558.725061
14314.71653,3309.145861,559.0308126
14314.71653,3309.099595,559.0308126
14314.71653,3309.145861,559.0308126
14314.08848,3309.145861,559.0308126
14314.71653,3309.102056,559.0308126
14314.71653,3309.145861,559.0308126
14310.17771,3308.696864,559.0308126
14312.50492,3309.145861,559.0308126
14303.52539,3305.862025,558.5455883
14303.03874,3307.587005,558.8814323
14313.27629,3309.145861,559.0308126
14314.71653,3309.145861,559.0308126
14314.38467,3309.145861,559.0308126
14312.96818,3308.235864,559.0308126
14314.71653,3309.125178,559.0308126
14314.71653,3309.145861,559.0308126
14306.03839,3308.004019,559.0308126
14312.02352,3309.145861,558.7669246
14307.9549,3308.733242,558.7296308
14304.53622,3307.553398,558.5946701
14309.24554,3308.103579,558.2947628
14314.71653,3309.099763,559.0308126
14314.71653,3309.145861,559.0308126
14312.25939,3309.145861,558.7183295
14313.14125,3309.145861,559.0308126
14314.06179,3309.032259,559.0308126
14308.85576,3305.144923,559.0308126
14313.91734,3304.742304,558.8273576
14312.59433,3308.0525,558.9155102
14303.36375,3304.06433,558.4273968
14310.79023,3308.582655,557.458449
14313.25866,3309.145861,559.0308126
14314.71653,3309.145861,559.0308126
14313.86718,3309.001674,558.9058115
14313.35729,3308.706718,559.0204748
14313.9093,3308.884747,559.0308126
14311.98502,3309.145861,559.0308126
14308.38777,3306.358963,558.8182237
14311.11718,3305.667647,559.0308126
14309.99702,3307.144756,558.4536993
14299.62241,3306.165908,558.6802605
14312.38948,3308.596259,559.0308126
14314.71653,3309.145861,559.0308126
14314.34024,3309.145861,559.0308126
14313.10839,3307.676504,559.0308126
14314.71653,3309.145861,559.0308126
14314.04801,3309.145861,559.0308126
14306.2729,3307.347759,558.8908456
14308.50753,3307.667966,558.0988015
14289.09009,3303.855362,558.2057092
14310.46978,3306.579664,558.8856399
14298.50434,3308.365516,558.4490743
14314.71653,3309.145861,559.0308126
14314.36929,3308.479069,559.0308126
14307.87124,3308.300457,558.5305003
14314.71653,3309.145861,558.8602502
14314.71653,3305.097267,558.9635125
14307.06293,3304.223322,558.7881168
14302.42411,3307.365379,558.9568091
14300.08058,3309.145861,558.3692901
14300.4801,3304.341483,558.3263177
14296.15324,3303.779237,558.1767919
14312.13028,3309.145861,558.9294978
14313.65619,3309.145861,559.0308126
14312.52228,3309.145861,559.0308126
14314.71653,3308.437126,559.0171886
14312.55686,3306.744841,559.0308126
14312.56406,3305.415776,558.6802831
14304.03365,3304.717505,559.0308126
14310.36431,3307.265284,558.3981784
14301.03422,3305.654995,558.1454362
14288.09653,3305.362692,557.273271
14304.11649,3309.145861,558.8602567
14312.28667,3309.145861,558.8229031
14313.87985,3309.145861,558.8211062
14313.9318,3306.549104,559.0308126
14312.79564,3307.589191,559.0308126
14313.01606,3305.645328,559.0308126
14309.83876,3306.592913,559.0308126
14304.03786,3304.88823,558.904831
14302.624,3308.840834,558.9161658
14295.03365,3302.66516,558.2703403
14308.47857,3306.454166,558.3330597
14314.29195,3309.145861,559.0308126
14313.63758,3308.884455,559.0308126
24332.48446,5623.693325,1119.818741
24330.98157,5622.619023,1119.499579
24331.05695,5624.185824,1119.818741
24332.48446,5624.185824,1119.593656
24312.6019,5621.146542,1119.036903
24329.30205,5622.08414,1119.708004
24304.52981,5611.259352,1118.668104
24314.64981,5615.692941,1119.437053
24332.48446,5624.185824,1119.818741
24332.01632,5624.185824,1119.555585
24328.84135,5622.802919,1119.818741
24331.07968,5624.154545,1119.710174
24332.48446,5624.185824,1119.818741
24331.02535,5623.983672,1119.818741
24329.92761,5621.014463,1119.150079
24332.48446,5624.185824,1119.818741
24330.77948,5624.154795,1119.336615
24328.93326,5623.281911,1119.818741
24331.70451,5623.513859,1119.818741
24330.54177,5624.185824,1119.710174
24331.68318,5624.185824,1119.818741
24331.92608,5622.104884,1119.818741
24331.92062,5624.185824,1119.818741
24332.48446,5623.78866,1119.818741
24332.1851,5621.283473,1119.818741
24332.48446,5624.185824,1119.818741
24328.75364,5624.185824,1119.818741
24329.90844,5623.167319,1119.609021
24324.25828,5624.185824,1119.818741
24332.48446,5624.185824,1119.818741
24332.48446,5624.185824,1119.818741
24332.48446,5624.185824,1119.818741
24332.48446,5624.185824,1119.818741
24332.48446,5624.185824,1119.818741
24332.48446,5624.154545,1119.818741
24331.01737,5623.29061,1119.818741
24330.11384,5621.093714,1119.818741
24332.48446,5624.185824,1119.450113
24328.23669,5624.173829,1119.818741
24332.48446,5624.185824,1119.818741
24332.48446,5624.185824,1119.818741
24332.48446,5624.185824,1119.818741
24332.48446,5624.185824,1119.818741
24332.48446,5624.185824,1119.818741
24332.48446,5624.185824,1119.818741
24332.48446,5624.185824,1119.818741
24332.48446,5623.938858,1119.774163
24330.01343,5623.245272,1119.439866
24332.48446,5624.185824,1119.668797
24332.48446,5619.37274,1119.818741
24332.48446,5624.185824,1119.818741
24332.48446,5624.185824,1119.818741
24332.48446,5624.185824,1119.818741
24332.48446,5624.185824,1119.818741
24331.02535,5624.167591,1119.818741
24332.48446,5623.057128,1119.818741
24329.85221,5623.80313,1119.818741
24330.25415,5623.99236,1119.818741
21398.05277,5379.228616,1088.344816
21398.82261,5377.774765,1088.924194
21402.32331,5379.604948,1088.924194
21402.32331,5379.604948,1088.924194
21402.32331,5379.604948,1088.924194
21401.70092,5379.604948,1088.924194
21402.32331,5379.604948,1088.924194
21402.32331,5379.604948,1088.924194
21398.34962,5379.259925,1088.924194
21402.32331,5379.604948,1088.924194
21397.36926,5377.615942,1088.924194
21398.66084,5376.056351,1088.880903
21401.70969,5379.604948,1088.608683
21402.32331,5379.604948,1088.924194
21402.32331,5379.604948,1088.924194
21402.32331,5379.604948,1088.924194
21401.52559,5379.604948,1088.924194
21401.83736,5379.501954,1088.924194
21397.6622,5379.604948,1088.924194
21401.55866,5378.635817,1088.551617
21400.13646,5376.641631,1088.848913
21395.82018,5375.520111,1088.639188
21400.12557,5378.819142,1088.366822
21399.57343,5379.352285,1088.924194
21402.32331,5379.604948,1088.860163
21401.70969,5379.604948,1088.924194
21397.98711,5379.604948,1088.924194
21401.12909,5379.604948,1088.924194
21400.98266,5379.192815,1088.924194
21398.47354,5379.426378,1088.924194
21398.34519,5379.604948,1088.640458
21392.17893,5375.286587,1088.379562
21396.75366,5378.505001,1088.653067
21401.34147,5377.726245,1087.987472
21402.32331,5379.604948,1088.536166
21399.61737,5378.514935,1088.924194
21399.26411,5379.298876,1088.924194
21402.32331,5379.604948,1088.924194
21401.84504,5379.389989,1088.924194
21399.19503,5378.2114,1088.924194
21401.37115,5377.471612,1088.884915
21382.56287,5374.836477,1088.348693
21398.22898,5379.069729,1088.811072
21390.64036,5374.625923,1088.16111
21400.45821,5378.290186,1088.924194
21399.86071,5379.604948,1088.863469
21396.16859,5379.57192,1088.799432
21402.32331,5379.604948,1088.924194
21400.38243,5378.772959,1088.924194
21399.07866,5379.604948,1088.924194
21397.46395,5376.573008,1088.744715
21397.34581,5376.9678,1087.989947
21391.27237,5375.548806,1088.537731
21383.69338,5375.935819,1087.038723
21401.52559,5379.604948,1088.924194
21401.19096,5379.604948,1088.443974
21399.56422,5379.442547,1088.924194
21402.32331,5376.194858,1088.924194
21400.26528,5379.604948,1088.924194
21401.32281,5379.497582,1088.924194
21396.47008,5376.806007,1088.924194
21393.51194,5377.718878,1088.924194
21396.09227,5376.058195,1088.011405
21386.53487,5377.255713,1086.459932
21390.61479,5379.402797,1088.322362
21399.87941,5379.604948,1088.924194
21400.98248,5379.442547,1088.608194
21402.32331,5379.604948,1088.924194
21402.32331,5378.009774,1088.128077
21400.3797,5379.263163,1088.924194
21400.41883,5379.604948,1088.924194
21396.56063,5376.686598,1087.461829
21399.58988,5377.617421,1088.476927
21392.48724,5379.480847,1088.924194
21388.21016,5376.15697,1087.91826
21392.93758,5376.763224,1088.056659
21399.64441,5379.604948,1088.921029
21402.32331,5378.093589,1088.924194
21401.09059,5378.561907,1088.924194
21402.32331,5379.604948,1088.924194
21397.0783,5377.947438,1088.924194
21399.46035,5375.84844,1088.924194
21398.56706,5376.284179,1088.495453
21381.67891,5378.141381,1087.319795
21391.5333,5377.369252,1088.271466
21398.10915,5379.604948,1088.267352
21397.83197,5379.604948,1088.924194
21402.32331,5379.604948,1088.924194
21402.32331,5378.910384,1088.924194
21401.11887,5379.604948,1088.924194
21402.32331,5379.604948,1088.924194
21395.09814,5374.253926,1088.924194
21389.78996,5376.922654,1088.598908
21388.31577,5373.896236,1087.672632
21390.68974,5378.974461,1088.520608
21380.22888,5378.44704,1087.393353
21392.4978,5379.604948,1088.856129
21402.32331,5379.604948,1088.924194
21401.09797,5379.586186,1088.924194
21400.74337,5379.30093,1088.924194
21402.32331,5379.604948,1088.924194
21398.31721,5378.966845,1088.134086
21395.07341,5378.165142,1088.356881
21396.41932,5377.681806,1088.587609
21390.33786,5378.763975,1088.513207
21383.68849,5374.436322,1088.388555
21390.28499,5376.625714,1088.477658
21398.1065,5379.371836,1088.924194
21399.26609,5379.108122,1088.924194
21397.69352,5379.292883,1088.924194
21398.215,5378.392723,1088.924194
21398.33436,5379.604948,1088.924194
21398.71723,5379.512679,1088.924194
21381.64319,5376.48899,1088.771059
21387.95009,5377.326869,1087.772389
21378.33575,5377.651357,1086.958842
21366.632,5374.545862,1087.942656
21398.24313,5379.604948,1088.924194
21397.03086,5379.604948,1088.924194
21396.41685,5378.539821,1088.924194
21396.26809,5379.604948,1088.636897
21398.34225,5379.604948,1088.924194
21397.39403,5379.476544,1088.924194
21393.57817,5376.574583,1088.558087
21394.53731,5379.578569,1087.157249
21367.09225,5375.17343,1088.237745
21378.63645,5379.144875,1088.58339
21391.92255,5379.604948,1087.90202
21399.26491,5377.218355,1088.924194
21399.67565,5379.604948,1088.924194
21394.75975,5378.543412,1088.924194
21401.42197,5378.822439,1088.19965
21402.32331,5379.604948,1088.924194
21399.40898,5379.604948,1088.707655
21392.80559,5379.5372,1088.633067
21390.67779,5374.484659,1088.60043
21385.95656,5376.63328,1087.135056
21385.07678,5375.367396,1087.820099
21397.8145,5378.205126,1088.767807
21396.20131,5379.501954,1088.924194
21396.96235,5376.679704,1088.924194
21400.93427,5379.604948,1088.924194
21402.32331,5379.604948,1088.924194
21402.32331,5379.604948,1088.924194
21397.06494,5379.211299,1088.924194
21397.76966,5379.604948,1088.924194
21374.04808,5371.370504,1087.978636
21386.95293,5376.286247,1087.687604
21394.24186,5378.83766,1088.924194
21402.32331,5379.604948,1088.924194
21396.61984,5377.768281,1088.655059
21397.59975,5379.20123,1088.924194
21402.32331,5379.604948,1088.924194
21402.32331,5379.604948,1088.924194
21397.39676,5379.604948,1088.924194
21397.40617,5375.84715,1088.524005
21387.3652,5376.426172,1088.439059
21387.03742,5377.402831,1088.924194
21379.80451,5373.095117,1088.383605
21402.32331,5379.604948,1088.924194
21401.95354,5379.604948,1088.924194
21398.59084,5379.57311,1088.924194
21400.68899,5379.604948,1088.924194
21402.32331,5379.604948,1088.924194
21400.6564,5378.722744,1088.578068
21397.48141,5377.463809,1088.924194
21399.11625,5377.780458,1088.45515
21391.51817,5378.124794,1088.166856
21386.09481,5376.474681,1085.798489
21402.32331,5378.172367,1088.924194
21402.32331,5379.604948,1088.924194
21399.59104,5377.573444,1088.924194
21400.21544,5379.604948,1088.924194
21400.93528,5379.532994,1088.924194
21401.52559,5379.604948,1088.924194
21401.79825,5377.91112,1088.924194
21395.32111,5375.421403,1088.616736
21397.27784,5374.847526,1088.924194
21383.42091,5376.697325,1087.302341
21391.38445,5376.985162,1087.324773
21402.32331,5379.604948,1088.924194
21401.0047,5378.368632,1088.880266
21399.24524,5379.537145,1088.924194
21397.24693,5378.72098,1088.703634
21401.14657,5379.512679,1088.924194
21401.00966,5379.46088,1088.924194
21398.53663,5379.475288,1088.628936
21397.51933,5377.499397,1088.472758
21389.35295,5375.409073,1088.363494
21398.49733,5375.288558,1087.376578
21396.6163,5377.271234,1088.339214
21401.36647,5377.835846,1088.924194
21400.94186,5379.389989,1088.439057
21385.10506,5375.46873,1088.924194
21402.32331,5379.488329,1088.924194
21400.89484,5377.950225,1088.693106
21389.80175,5377.413668,1087.500145
21389.59551,5375.642132,1088.924194
21389.28356,5376.252647,1087.345776
21384.06958,5374.384461,1087.90542
21386.90136,5377.214871,1087.572049
21402.32331,5379.604948,1088.924194
21402.32331,5379.604948,1088.893473
21393.27265,5376.27363,1088.590699
21399.58557,5379.086772,1088.924194
21400.7216,5379.228187,1088.924194
21383.1161,5377.464378,1088.34794
21385.94582,5373.315132,1088.239969
21382.17919,5376.784816,1087.075762
21369.63822,5372.81427,1087.452335
21376.50351,5374.444898,1087.664558
21394.89451,5379.170749,1087.914615
21402.32331,5379.604948,1088.924194
21397.90111,5378.261361,1088.924194
21402.13352,5377.946072,1088.924194
21399.29582,5375.716119,1088.924194
21393.50363,5376.435778,1088.602594
21385.98253,5376.400125,1087.930905
21377.86147,5374.115849,1088.414412
21390.96801,5378.225468,1087.650673
21384.44922,5375.365145,1086.60604
21391.71157,5378.287797,1087.762962
21402.32331,5379.604948,1088.924194
21402.32331,5379.569237,1088.924194
21401.92816,5379.604948,1088.924194
21402.32331,5377.869394,1088.377293
21402.32331,5379.604948,1088.860226
21399.35415,5379.294196,1088.524851
21385.77617,5377.07852,1088.411813
21398.22199,5378.093224,1088.924194
21399.7765,5375.679509,1088.511633
21397.7936,5379.229107,1087.917106
21399.93937,5379.604948,1088.924194
21402.32331,5379.604948,1088.924194
21402.32331,5379.604948,1088.924194
21401.13446,5379.419377,1088.924194
21401.18355,5379.604948,1088.924194
21402.32331,5379.334578,1088.924194
21398.5882,5379.604948,1088.762161
21398.60296,5379.416619,1088.924194
21400.99754,5379.604948,1088.615564
21399.15714,5378.313488,1088.38278
21402.32331,5379.604948,1088.924194
21402.32331,5379.604948,1088.924194
21402.32331,5379.604948,1088.924194
21402.32331,5379.604948,1088.924194
21402.32331,5377.959687,1088.924194
21402.32331,5379.604948,1088.924194
21400.49994,5379.604948,1088.924194
21399.22637,5379.334578,1088.924194
21402.32331,5379.604948,1088.49522
21399.22964,5378.112511,1088.449957
21402.32331,5379.604948,1088.924194
21402.32331,5379.604948,1088.924194
21402.32331,5379.604948,1088.924194
21402.32331,5379.604948,1088.924194
21402.32331,5379.604948,1088.924194
21402.32331,5379.604948,1088.924194
21402.32331,5379.552216,1088.924194
21402.32331,5379.604948,1088.924194
21398.63961,5379.604948,1088.924194
21397.69534,5379.604948,1088.924194
21397.96664,5379.604948,1088.805862
21400.84318,5379.604948,1088.439057
21402.32331,5379.604948,1088.924194
21402.32331,5379.604948,1088.924194
21402.32331,5379.604948,1088.924194
21402.32331,5379.604948,1088.924194
21402.32331,5379.604948,1088.924194
21399.61056,5379.604948,1088.675453
21394.43609,5377.047159,1088.583833
21400.08032,5379.569275,1088.661852
21398.08063,5378.471247,1088.481945
21395.62752,5379.604948,1087.334206
21402.32331,5379.604948,1088.924194
21402.32331,5379.604948,1088.924194
21399.57956,5379.604948,1088.924194
21402.32331,5379.604948,1088.924194
21402.32331,5379.548593,1088.924194
21401.84504,5379.406075,1088.924194
21396.39701,5379.499691,1088.924194
21391.40272,5379.32235,1088.785133
21400.70581,5378.838316,1088.277328
21387.44376,5376.779023,1088.378063
21399.24604,5379.604948,1088.924194
21402.32331,5379.604948,1088.924194
21402.32331,5379.387003,1088.924194
21401.80584,5379.604948,1088.924194
21402.32331,5379.604948,1088.924194
21402.32331,5379.604948,1088.924194
21397.77602,5379.604948,1088.924194
21398.79825,5377.980256,1088.924194
21397.53277,5379.30699,1088.924194
21393.41128,5377.980256,1088.924194
21395.09192,5379.604948,1088.924194
21399.58261,5379.604948,1088.924194
21401.92816,5379.604948,1088.924194
21401.1114,5379.594094,1088.924194
21399.96165,5379.510868,1088.924194
21401.78005,5379.025255,1088.924194
21401.05082,5379.510868,1088.924194
21397.46251,5379.374861,1088.924194
21394.59758,5377.881717,1088.516906
21389.67708,5379.527396,1088.55654
21387.19819,5378.989275,1088.924194
21402.32331,5379.402729,1088.924194
21399.49194,5379.604948,1088.924194
21402.32331,5379.604948,1088.924194
21399.54008,5379.604948,1088.924194
21402.32331,5379.173603,1088.924194
21400.96863,5379.604948,1088.924194
21393.99402,5376.906213,1088.583833
21397.01759,5379.604948,1088.924194
21380.90961,5379.604948,1088.355591
21384.1128,5379.088938,1088.629065
21393.51739,5379.604948,1088.924194
21399.0319,5379.478452,1088.78906
21400.19856,5378.211525,1088.924194
21397.86558,5376.364287,1088.924194
21402.32331,5379.604948,1088.924194
21402.32331,5379.604948,1088.924194
21397.40037,5379.583153,1088.924194
21389.7425,5377.742642,1088.614436
21384.65344,5378.501067,1088.924194
21392.87298,5378.358082,1088.592603
21393.40324,5378.624226,1087.988205
21396.02863,5378.943573,1088.154007
21402.32331,5379.085639,1088.924194
21398.84547,5379.604948,1088.924194
21401.22519,5378.791161,1088.924194
21399.66239,5379.52198,1088.924194
21398.87035,5379.348138,1088.462384
21401.93566,5377.7954,1088.539027
21393.77812,5376.406717,1088.550897
21387.24312,5375.831405,1088.121395
21391.82928,5379.604948,1088.924194
21392.15901,5379.158502,1088.353302
21402.32331,5377.909865,1088.924194
21397.88152,5379.359467,1088.924194
21400.53919,5379.2299,1088.924194
21401.92242,5377.566898,1088.924194
21401.54545,5375.861971,1088.924194
21398.81855,5376.411846,1088.924194
21387.03341,5375.752205,1087.922903
21383.20764,5373.382579,1088.924194
21382.8239,5378.979449,1088.627551
21394.53587,5379.604948,1088.647568
21398.55214,5378.034106,1087.89767
21398.29561,5379.261744,1088.324207
21402.32331,5378.139104,1088.924194
21402.32331,5379.604948,1088.924194
21402.32331,5379.604948,1088.924194
21397.02416,5378.689072,1088.924194
21401.09644,5376.15805,1088.202861
21389.09135,5375.542992,1087.210674
21384.86241,5377.729989,1088.240147
21396.97683,5376.982209,1087.944557
21397.78265,5379.604948,1088.883694
21394.86045,5378.015478,1088.883694
21399.27439,5379.456469,1088.924194
21402.32331,5378.218162,1088.924194
21399.96186,5379.011522,1088.924194
21399.70942,5379.283895,1088.924194
21396.31461,5378.465805,1088.924194
21384.73065,5379.114296,1088.18379
21374.02889,5376.711997,1087.838838
21375.35798,5374.406609,1087.6697
21394.99206,5379.604948,1088.924194
21399.38936,5377.190506,1088.924194
21398.85146,5378.140474,1088.924194
21402.15719,5379.334578,1088.924194
21400.60119,5377.959687,1088.924194
21402.32331,5379.478287,1088.924194
21397.02997,5376.189109,1088.924194
21396.36045,5378.447118,1088.924194
21393.68093,5375.617662,1086.423708
21376.13076,5370.392043,1088.436264
21392.00049,5377.614259,1088.281519
21402.32331,5379.604948,1088.924194
21399.76328,5379.530979,1088.328921
21397.52345,5376.401723,1088.924194
21400.62471,5376.01306,1088.924194
21398.04129,5379.397987,1088.924194
21398.1135,5379.604948,1088.85067
21388.21346,5379.387003,1088.518355
21400.051,5379.604948,1088.835354
21388.45251,5378.932935,1088.311357
21390.13853,5378.403888,1087.404038
21394.20466,5379.578272,1088.170098
21400.71734,5377.42382,1088.924194
21401.54759,5379.604948,1088.924194
21400.77256,5379.604948,1088.924194
21402.32331,5379.433783,1088.924194
21402.32331,5377.219962,1088.924194
21398.56914,5379.604948,1088.924194
21399.45033,5377.382736,1088.924194
21389.49507,5379.015424,1086.980351
21393.51923,5379.036429,1088.699739
21396.4173,5379.604948,1087.459314
21402.32331,5379.604948,1088.924194
21402.32331,5379.604948,1088.924194
21402.32331,5379.604562,1088.924194
21402.32331,5379.234194,1088.924194
21401.61037,5379.235445,1088.924194
21400.41616,5379.397987,1088.924194
21398.87072,5379.604948,1088.924194
21391.98699,5379.604948,1088.48707
21399.9793,5377.939046,1088.518159
21395.63431,5379.125657,1088.561558
21402.32331,5379.604948,1088.924194
21402.32331,5379.604948,1088.924194
21402.32331,5379.581215,1088.924194
21400.98246,5379.604948,1088.924194
21402.32331,5379.604948,1088.924194
21402.32331,5379.312493,1088.813878
21400.20452,5375.59525,1088.924194
21398.14708,5377.842731,1088.924194
21402.32331,5379.604948,1088.924194
21394.90548,5377.237701,1087.968322
21401.00691,5379.604948,1088.924194
21402.32331,5379.604948,1088.924194
21402.32331,5379.52264,1088.924194
21402.32331,5379.603709,1088.924194
21399.28679,5379.604948,1088.924194
21402.32331,5379.604948,1088.924194
21402.32331,5379.258169,1088.556441
21400.46618,5375.687172,1088.552942
21401.0593,5379.402729,1088.334086
21396.39669,5376.330292,1088.26267
21402.32331,5379.258169,1088.924194
21402.32331,5379.604948,1088.924194
21402.32331,5379.604948,1088.924194
21402.32331,5379.453251,1088.924194
21402.32331,5379.604948,1088.924194
21402.32331,5379.462939,1088.924194
21400.71734,5379.478608,1088.924194
21400.20567,5377.483031,1088.124996
21400.26174,5378.343606,1088.464475
21400.32735,5379.604948,1088.518368
21398.49059,5379.235052,1088.770633
21400.06975,5379.402729,1088.924194
21402.32331,5379.604948,1088.924194
21402.32331,5379.604948,1088.924194
21399.43663,5379.541936,1088.635408
21400.62078,5379.604948,1088.924194
21400.84096,5379.604948,1088.924194
21399.15343,5377.647674,1088.924194
21398.00615,5378.309184,1088.924194
21397.699,5378.581555,1088.241274
21400.21294,5377.04917,1088.573059
21397.11296,5378.522266,1088.699524
21402.32331,5379.604948,1088.924194
21402.32331,5379.604948,1088.924194
21401.35598,5379.604948,1088.924194
27781.69957,6879.548698,1112.725
27781.69957,6879.548698,1112.725
27779.97068,6879.548698,1112.725
27779.41312,6876.498671,1112.126815
27776.15992,6877.714594,1112.631937
27771.08982,6877.110255,1112.090869
27779.29179,6877.684798,1112.725
27781.69957,6879.548698,1112.725
27781.69957,6879.548698,1112.725
27779.87945,6879.51947,1112.725
27781.69957,6879.548698,1112.725
27781.69957,6879.548698,1112.725
27779.84202,6879.548698,1112.725
27781.69957,6878.142174,1112.38757
27778.07648,6879.521476,1112.311605
27770.21623,6875.230981,1112.725
27778.40831,6879.548698,1112.725
27771.44283,6877.728869,1112.725
27781.69957,6879.548698,1112.725
27781.69957,6879.548698,1112.725
27777.79424,6879.548698,1112.725
27779.73002,6879.188584,1112.725
27779.88086,6879.548698,1112.725
27778.98543,6879.548698,1112.725
27779.26357,6875.743358,1112.725
27780.61398,6877.792256,1112.725
27773.26017,6877.759343,1112.499566
27768.02382,6877.984071,1112.34909
27780.29873,6879.548698,1112.725
27781.69957,6879.208882,1112.725
27781.69957,6879.548698,1112.687946
27776.4488,6879.548698,1112.725
27779.01676,6879.545556,1112.725
27777.57959,6878.969149,1112.725
27777.20051,6879.548698,1112.725
27775.37338,6879.548698,1112.687954
27762.24795,6878.758526,1112.725
27777.54684,6879.548698,1111.957091
27779.19144,6877.837979,1112.725
27771.16151,6879.53891,1112.725
27778.49703,6879.548698,1112.721852
27776.00424,6879.548698,1112.725
27777.93037,6879.548698,1112.725
27779.75784,6879.389649,1112.725
27774.85364,6875.693443,1112.725
27779.76763,6875.327608,1112.725
27773.87496,6874.431792,1111.783178
27768.32138,6876.567321,1111.942823
27779.22726,6879.343054,1112.725
27775.15921,6879.548698,1112.493974
27779.93302,6879.548698,1112.255451
27778.59375,6879.548698,1112.725
27779.9937,6878.161437,1112.725
27779.81091,6879.028773,1112.725
27773.34543,6877.835953,1112.725
27777.6647,6879.548698,1112.725
27769.25251,6872.436732,1112.571439
27764.2729,6873.424,1111.829645
25997.69973,6474.523721,1036.846162
26013.96961,6477.040805,1036.893694
26016.25669,6477.040805,1036.893694
26014.25278,6477.040805,1036.893694
26015.50273,6475.514319,1036.467077
26014.69967,6476.83035,1036.893694
26016.25669,6477.040805,1036.893694
26009.52504,6473.3247,1036.665164
26006.25673,6475.464486,1036.217711
26003.4988,6474.654324,1035.877119
26006.04392,6477.040805,1036.627481
26000.97871,6475.647598,1036.476409
26014.8762,6477.040805,1036.893694
26013.91129,6477.040805,1036.893694
26011.14092,6477.040805,1036.217711
26012.457,6477.040805,1036.893694
26010.77423,6476.441048,1036.893694
26007.63611,6475.379355,1036.860528
26008.70381,6475.300962,1036.105711
25995.90609,6474.259532,1036.161851
26002.17175,6475.949431,1035.506413
25993.90707,6472.331815,1036.450871
26014.53545,6476.147302,1036.893694
26014.29172,6477.040805,1036.893694
26015.02625,6475.928002,1036.893694
26016.25669,6476.639144,1036.893694
26016.25669,6477.040805,1036.893694
26011.83678,6476.985484,1036.893694
26010.68092,6477.040805,1036.893694
26011.74114,6475.203785,1036.63358
26002.85103,6475.089038,1036.445815
26002.98379,6475.62569,1036.028107
26007.3797,6477.040805,1036.32573
26016.25669,6477.040805,1036.893694
26012.85694,6477.040805,1036.893694
26012.3601,6477.040805,1036.893694
26015.87845,6477.040805,1036.893694
26013.15639,6476.448053,1036.893694
26009.57151,6476.114411,1036.893694
26014.04143,6474.967635,1036.893694
26009.84303,6476.145327,1036.893694
25999.61262,6475.583687,1036.047076
26013.17415,6477.01732,1036.236296
26016.25669,6477.040805,1036.666952
26016.25669,6477.040805,1036.893694
26016.25669,6477.040805,1036.893694
26016.25669,6477.040805,1036.893694
26016.25669,6476.760658,1036.893694
26015.75005,6476.314734,1036.893694
26009.367,6474.920832,1036.893694
26006.78373,6475.26875,1036.508078
26003.94523,6475.674306,1036.285444
26016.25669,6477.040805,1036.328195
26011.84869,6477.040805,1036.633709
26013.43917,6477.040805,1036.893694
26016.25669,6476.995381,1036.893694
26016.25669,6477.040805,1036.893694
26016.25669,6476.874727,1036.893694
26016.25669,6477.040805,1036.893694
26016.25669,6475.333247,1036.893694
26016.25669,6477.040805,1036.893694
26005.20594,6473.808583,1036.893694
26009.91086,6475.528283,1036.521619
26004.73868,6477.040805,1036.265672
26014.37625,6477.040805,1036.893694
26016.25669,6477.040805,1036.893694
26016.25669,6477.040805,1036.893694
26016.25669,6477.040805,1036.54136
26016.07057,6476.984289,1036.893694
26016.25669,6475.66574,1036.893694
26014.50984,6475.705803,1036.893694
26003.15765,6474.082947,1035.437003
26013.78042,6475.455953,1036.893694
26010.04519,6475.546624,1036.893694
26009.80124,6477.040805,1035.441135
26016.25669,6477.040805,1036.893694
26016.25669,6477.040805,1036.893694
26016.25669,6475.986073,1036.893694
26014.69967,6477.040805,1036.893694
26016.25669,6477.029852,1036.893694
26016.25669,6477.040805,1036.893694
26004.07464,6476.21272,1036.481911
25999.99924,6475.10211,1036.516252
26010.85864,6477.040805,1036.893694
26007.56118,6477.040805,1034.958061
26014.50984,6477.040805,1036.893694
26007.37302,6475.65732,1036.893694
26013.67223,6476.919521,1036.893694
26014.13533,6477.016412,1036.893694
26013.42573,6476.963361,1036.893694
26016.25669,6476.336193,1036.627481
26001.08964,6475.826316,1036.630877
26004.64267,6470.533687,1036.051292
25999.86773,6471.101099,1036.893694
26009.27951,6477.040805,1036.313657
26014.32535,6474.916498,1036.052784
26013.51102,6477.018501,1035.958768
26016.25669,6476.966214,1036.269837
26011.52409,6473.823983,1036.893694
26012.201,6477.040805,1036.893694
26013.89561,6477.040805,1036.424346
26012.57556,6477.040805,1036.290174
26004.65884,6475.756301,1035.975142
25994.10218,6476.892796,1036.233628
26005.90497,6476.378811,1035.010276
26016.25669,6477.040805,1036.893694
26015.33222,6476.863935,1036.893694
26014.33011,6474.99639,1036.662036
26012.01072,6477.040805,1036.893694
26016.25669,6472.582707,1036.893694
26013.07527,6476.438408,1036.893694
26011.37231,6473.391399,1036.510749
26012.30848,6475.354665,1036.710656
25995.90338,6471.283342,1035.588527
25997.99313,6474.660406,1035.361348
26016.25669,6477.040805,1036.893694
26016.25669,6477.040805,1036.893694
26015.79306,6476.2511,1036.893694
26012.81005,6476.869477,1036.893694
26016.25669,6477.040805,1036.893694
26014.41888,6473.161785,1036.84734
26008.84707,6475.028373,1036.893694
26002.67304,6472.39848,1035.746728
26003.49493,6473.815406,1036.546043
26002.82254,6470.831492,1035.047131
26009.45547,6475.320905,1036.241585
26016.25669,6477.040805,1036.621345
26016.25669,6477.040805,1036.893694
26016.25669,6474.755998,1036.893694
26012.78882,6477.040805,1036.893694
26016.25669,6477.040805,1036.893694
26016.25669,6477.040805,1036.893694
26011.37327,6476.910138,1036.893694
26012.91562,6474.015186,1036.893694
26011.56547,6475.915974,1036.581279
26014.18583,6475.014977,1036.893694
26011.34258,6475.552086,1036.893694
26016.25669,6477.033841,1036.893694
26016.25669,6477.040805,1036.893694
26012.15941,6477.040805,1036.893694
26014.55254,6477.040805,1036.893694
26016.25669,6477.040805,1036.893694
26015.42498,6476.919521,1036.893694
26013.50506,6475.802073,1036.893694
26011.52496,6475.76384,1036.893694
26013.49584,6477.040805,1036.893694
26016.25669,6477.040805,1036.893694
26016.25669,6477.040805,1036.893694
26016.25669,6477.040805,1036.893694
26014.68267,6476.520258,1036.889885
26013.70882,6477.040805,1036.893694
26016.25669,6477.040805,1036.893694
26016.25669,6477.037137,1036.893694
26012.64725,6477.040805,1036.893694
26010.19807,6472.61635,1036.504562
26014.1858,6475.861663,1036.893694
26004.96425,6476.765154,1036.743012
26012.18522,6477.040805,1036.893694
26016.25669,6477.040805,1036.893694
26016.25669,6477.040805,1036.893694
26014.30541,6477.040805,1036.893694
26014.2945,6477.040805,1036.893694
26013.6572,6477.040805,1036.893694
26010.37705,6474.750457,1036.893694
26003.11623,6470.623531,1036.435981
26006.27627,6475.014933,1036.616582
26010.44427,6473.678505,1036.238997
26006.17105,6477.040805,1036.843883
26015.20479,6477.040805,1036.803237
26014.85095,6477.040805,1036.893694
26009.01337,6476.958667,1036.748429
26013.1045,6475.282221,1036.366126
26006.80724,6472.454086,1036.893694
26016.25669,6477.040805,1036.893694
26008.99134,6474.280555,1036.893694
25994.38477,6470.194828,1036.658571
25988.83468,6477.040805,1035.294161
26010.69592,6475.871467,1035.974991
26010.74671,6475.339635,1036.530303
26012.53963,6477.040805,1036.893694
26016.23788,6477.040805,1036.893694
26009.72012,6476.141244,1036.669555
26010.06108,6474.9781,1036.6235
26013.30887,6472.924875,1036.893694
26010.08077,6476.195323,1036.627481
26002.25763,6470.036958,1036.141988
25981.96778,6475.25207,1035.776697
26009.7995,6473.950896,1036.277038
26004.96768,6475.945603,1036.240866
26010.24734,6477.040805,1036.893694
26014.54118,6477.040805,1036.893694
26011.0468,6477.040805,1036.893694
26010.27073,6476.671269,1036.893694
26016.0675,6477.040805,1036.893694
26008.46609,6477.040805,1036.893694
26013.5249,6476.972853,1036.893694
26000.76911,6473.407737,1036.016461
25994.51496,6475.889241,1036.618493
26010.09141,6477.040805,1036.893694
26016.25669,6476.726064,1036.893694
26016.25669,6477.040805,1036.893694
26015.04553,6477.040805,1036.893694
26016.25669,6477.012207,1036.893694
26013.75715,6475.615794,1036.893694
26013.78213,6476.867389,1036.893694
26015.02727,6477.040805,1036.685586
26011.56881,6476.451352,1036.893694
26007.41139,6476.315644,1036.893694
26015.52496,6477.040805,1036.893694
26016.25669,6477.040805,1036.893694
26016.25669,6477.040805,1036.893694
26016.25669,6477.040805,1036.893694
26016.25669,6476.918098,1036.893694
26016.25669,6477.040805,1036.893694
26016.25669,6477.040805,1036.893694
26016.25669,6475.229217,1036.893694
26010.57008,6477.040805,1036.893694
26006.98939,6475.63239,1036.893694
26004.68229,6475.788123,1036.893694
26011.49824,6475.296752,1036.893694
26016.25669,6477.040805,1036.893694
26016.25669,6477.040805,1036.893694
26016.25669,6477.040805,1036.893694
26016.25669,6476.838211,1036.893694
26016.25669,6477.040805,1036.893694
26016.25669,6477.040805,1036.893694
26015.20381,6475.813728,1036.893694
26008.49285,6474.88063,1036.893694
26014.35883,6474.961012,1036.785679
26008.68431,6477.040805,1036.775362
26008.69736,6477.040805,1036.893694
26014.4251,6477.040805,1036.893694
26016.25669,6477.040805,1036.893694
26015.66745,6477.040805,1036.893694
26016.25669,6477.040805,1036.893694
26016.25669,6477.040805,1036.893694
26009.67053,6476.25971,1036.893694
26014.14817,6477.040805,1036.893694
26014.22825,6477.040805,1036.893694
25995.35148,6473.48979,1036.089538
26008.10866,6474.945275,1036.893694
26012.3057,6477.040805,1036.580074
26016.25669,6475.719654,1036.893694
26011.52901,6477.040805,1036.893694
26014.13917,6477.040805,1036.893694
26016.25669,6477.037645,1036.893694
26015.87607,6477.040805,1036.893694
26008.36231,6475.347636,1036.867204
26006.36526,6472.728633,1034.776158
26010.80952,6477.040805,1036.893694
26007.06471,6474.093092,1036.529438
25997.26049,6477.040805,1035.826493
26010.23058,6474.079202,1036.652993
26010.3618,6474.538811,1036.512486
26000.22466,6471.839111,1035.739905
26015.65399,6475.343209,1036.893694
26011.12037,6477.040805,1036.893694
26006.16514,6473.252084,1035.755722
26010.18995,6474.689548,1036.867381
25998.71455,6470.348476,1036.092934
26005.02184,6472.730377,1036.042522
25986.86808,6473.689334,1036.867204
25993.8684,6469.431312,1036.06388
26011.18874,6475.672509,1036.893694
26009.48285,6472.833257,1036.661408
25998.69699,6471.773506,1036.611589
26014.2816,6473.795207,1036.893694
26011.7655,6475.152451,1036.893694
25995.48517,6474.293401,1036.836111
25972.97229,6476.94873,1036.003264
25981.71578,6472.78737,1035.187616
25996.74307,6473.896521,1034.565915
26002.85117,6475.536509,1036.775362
26010.43675,6475.140555,1036.848377
26011.75272,6475.120907,1036.61438
26011.95866,6474.268223,1036.893694
26010.52012,6477.040805,1036.893694
26004.12293,6470.282851,1036.893694
26014.08116,6472.927493,1036.893694
25972.78374,6469.635388,1035.824149
25997.33968,6471.576703,1036.450924
25986.63656,6471.669113,1036.238657
26010.57214,6477.040805,1036.466577
26014.2294,6477.040805,1036.561982
26008.22557,6472.472477,1036.515628
26014.37145,6477.039698,1036.664845
26005.4362,6473.536198,1036.893694
26012.03915,6471.681296,1036.297529
26005.23277,6474.789188,1036.796413
26000.17151,6475.430446,1036.893694
25995.97225,6473.298101,1036.497738
25992.9273,6473.903849,1035.984309
26012.82438,6477.040805,1036.893694
26016.25669,6477.040805,1036.893694
26016.25669,6475.705079,1036.893694
26014.94895,6477.03315,1036.893694
26016.25669,6477.040805,1036.893694
26015.88559,6476.710059,1036.893694
26014.46507,6477.040805,1036.893694
26007.65803,6474.386729,1036.893694
26008.56581,6476.13191,1036.45366
26013.73359,6477.040805,1036.893694
26008.25045,6476.83473,1036.06512
26016.25669,6477.040805,1036.893694
26016.25669,6477.040805,1036.893694
26016.25669,6477.040805,1036.893694
26016.25669,6477.040805,1036.893694
26016.25669,6477.040805,1036.893694
26016.25669,6477.040805,1036.893694
26016.25669,6477.040805,1036.893694
26014.82093,6477.03315,1036.893694
26016.25669,6477.040805,1036.893694
26014.00685,6475.562444,1036.073493
26016.25669,6477.040805,1036.84734
26016.25669,6477.040805,1036.893694
26016.25669,6477.040805,1036.893694
26016.25669,6477.040805,1036.893694
26016.25669,6477.040805,1036.893694
26016.25669,6477.040805,1036.893694
26016.25669,6477.040805,1036.361365
26016.25669,6477.040805,1036.893694
26015.42498,6475.553114,1036.893694
26014.1543,6477.040805,1036.554523
26016.25669,6477.040805,1036.893694
26016.25669,6477.040805,1036.893694
26016.25669,6477.040805,1036.893694
26016.25669,6477.040805,1036.893694
26016.25669,6477.040805,1036.893694
26016.25669,6477.040805,1036.557927
26016.25669,6476.498279,1036.893694
26016.25669,6477.040805,1036.533733
26014.08055,6477.040805,1035.838572
26012.59515,6474.892975,1035.630897
26016.25669,6477.040805,1034.135531
26016.25669,6477.040805,1036.628066
26016.25669,6477.040805,1036.893694
26016.25669,6477.040805,1036.893694
26016.25669,6477.040805,1036.893694
26014.7495,6477.040805,1036.893694
26015.38873,6475.019931,1036.614456
26016.25669,6477.040805,1036.893694
26011.50343,6476.325786,1034.053511
26008.53599,6473.25677,1036.013455
26014.21061,6475.999546,1035.719264
26011.48812,6477.040805,1036.08009
26016.25669,6477.040805,1036.893694
26016.25669,6477.040805,1036.893694
26016.25669,6477.040805,1036.504169
26014.92537,6474.792136,1036.893694
26015.04196,6476.840098,1036.699346
26016.25669,6477.040805,1036.824084
26014.37593,6476.838675,1036.893694
26012.30758,6475.475138,1035.694356
26009.8917,6471.792291,1036.218984
26010.89241,6474.182797,1034.872325
26016.25669,6477.040805,1036.893694
26016.25669,6477.040805,1036.893694
26016.25669,6477.040805,1036.84734
26016.25669,6477.040805,1036.893694
26011.20084,6475.843593,1036.661022
26015.00677,6477.040805,1036.854357
26011.98507,6472.828997,1036.737948
26014.28248,6475.526767,1034.436711
26013.94226,6469.436729,1035.926888
26001.927,6472.980004,1034.653711
26008.34313,6475.331052,1036.672094
26012.50115,6477.040805,1036.893694
26016.25669,6477.040805,1036.893694
26016.25669,6477.040805,1036.699346
26016.25669,6477.040805,1036.893694
26014.91166,6475.647689,1036.602704
26010.88211,6476.37244,1036.893694
26002.89084,6475.440141,1036.509511
26008.01068,6477.040805,1036.831149
26000.41797,6474.955871,1034.919853
26001.33313,6473.659436,1035.263702
26016.25669,6477.040805,1036.893694
26016.25669,6477.040805,1036.893694
26016.25669,6477.040805,1036.893694
26016.25669,6476.925515,1036.893694
26016.25669,6477.040805,1036.893694
26014.70314,6476.368591,1036.55061
26008.59488,6475.580002,1036.764211
26011.1904,6471.693761,1036.199988
26005.24097,6474.769971,1035.956067
26004.51205,6475.19235,1036.893694
26010.00661,6476.220057,1036.893694
26016.25669,6477.040805,1036.893694
26016.25669,6477.040805,1036.893694
26016.25669,6477.040805,1036.893694
26011.60913,6477.040805,1036.893694
26015.89,6477.040805,1036.893694
26014.10557,6475.812595,1036.893694
26013.7008,6477.040805,1036.893694
26014.52966,6476.37244,1036.893694
26003.72575,6477.040805,1036.893694
25989.16009,6475.238393,1036.722551
26016.25669,6477.040805,1036.893694
26016.25669,6477.040805,1036.893694
26016.25669,6477.040805,1036.893694
26015.96926,6476.83438,1036.893694
26014.2816,6477.040805,1036.893694
26013.10264,6477.040805,1036.893694
26014.4185,6475.788123,1036.854357
25994.67296,6474.109302,1036.893694
26003.81871,6475.999802,1036.893694
26007.35187,6475.685404,1036.893694
26004.40838,6477.040805,1036.893694
26016.25669,6477.040805,1036.893694
26016.25669,6477.040805,1036.893694
26014.2816,6476.363019,1036.893694
26012.78481,6477.040805,1036.893694
26011.25357,6477.035939,1036.893694
26004.51701,6477.040805,1036.893694
25995.05983,6475.597353,1036.18917
26001.63194,6476.164922,1036.893694
26001.36626,6476.84633,1036.893694
25995.06789,6474.655536,1036.836718
26005.17095,6477.040805,1036.893694
26016.25669,6477.040805,1036.893694
26013.76621,6476.34464,1036.893694
26000.15466,6475.441182,1036.893694
26016.25669,6476.142801,1036.893694
26010.29675,6477.040805,1036.893694
26004.25455,6477.040805,1036.893694
25993.70006,6476.270707,1036.893694
25971.31373,6472.962985,1035.906417
25998.59497,6472.795458,1036.511902
26003.61803,6477.040805,1036.605913
26005.97477,6476.485089,1036.893694
26013.14322,6476.83473,1036.893694
26012.742,6477.040805,1036.893694
26004.78011,6477.040805,1036.831145
26012.92249,6476.824338,1036.893694
26001.06159,6473.732277,1036.552795
26013.69205,6475.314933,1036.893694
25972.90644,6473.89105,1035.545288
25948.50308,6475.624561,1035.348137
26001.98524,6476.36288,1036.387207
26005.34816,6476.12884,1036.648313
26012.07145,6477.040805,1035.377737
26005.70062,6473.066588,1035.847077
26010.19252,6475.52621,1036.893694
26012.85435,6476.719332,1036.893694
25998.96727,6470.325312,1036.893694
25992.97778,6474.528031,1036.480757
25999.07875,6477.040805,1035.527536
25961.98663,6470.446587,1035.779482
25991.96267,6472.425676,1036.361365
26005.56697,6477.040805,1035.729392
26014.27261,6477.040805,1036.728963
25997.56814,6476.775566,1036.557312
26002.47721,6473.677134,1035.014939
26014.2816,6475.967351,1036.893694
30495.34885,7403.018582,1145.902463
30483.29723,7402.168136,1146.388313
30477.40403,7403.147637,1146.388313
30477.24971,7404.545481,1145.144173
30474.88951,7400.983924,1144.944897
30474.78875,7399.439689,1144.465438
30506.65319,7406.400025,1146.132553
30504.47665,7406.10529,1146.320217
30499.07167,7403.526343,1146.388313
30500.36015,7402.001551,1146.388313
30496.02323,7405.985103,1146.388313
30493.44264,7405.799929,1146.175193
30474.63796,7400.18757,1145.064661
30460.18852,7394.560226,1143.313574
30474.71092,7406.400025,1144.783606
30485.85035,7404.270692,1144.694335
30504.39849,7406.400025,1146.388313
30506.65319,7406.361681,1146.388313
30499.18186,7401.967737,1146.388313
30502.25826,7404.728329,1146.274797
30493.5586,7400.579144,1145.796833
30504.13611,7406.011912,1146.388313
30479.35285,7405.16132,1143.849463
30465.69943,7401.074289,1144.373053
30475.82874,7406.235023,1145.340744
30491.1001,7406.400025,1145.834837
30504.47422,7406.400025,1145.236218
30506.65319,7406.400025,1146.388313
30506.65319,7406.389047,1146.388313
30501.43493,7406.400025,1146.388313
30498.00889,7403.381807,1146.388313
30503.16218,7405.537511,1146.388313
30499.93114,7406.400025,1145.893293
30478.45582,7400.759525,1144.6836
30484.51726,7400.764185,1144.988445
30462.17789,7400.46559,1144.091757
30499.59045,7406.400025,1146.388313
30506.65319,7406.400025,1146.388313
30506.27288,7406.10529,1146.388313
30506.65319,7406.400025,1146.388313
30503.94968,7403.526433,1146.388313
30506.65319,7406.400025,1146.388313
30499.56339,7405.579177,1146.388313
30506.65319,7406.333447,1146.388313
30499.65129,7404.144638,1146.032268
30497.48073,7404.252396,1145.67173
30505.25808,7402.258531,1146.039119
30504.90642,7406.400025,1145.983133
30506.65319,7406.400025,1146.388313
30506.65319,7406.400025,1146.388313
30506.65319,7406.400025,1146.388313
30506.65319,7406.400025,1146.388313
30503.02528,7406.400025,1146.388313
30506.65319,7406.271341,1146.388313
30506.65319,7406.400025,1146.388313
30498.86985,7406.395159,1145.887883
30503.70972,7406.400025,1146.342377
30504.55694,7406.117418,1145.793625
27189.05019,5831.778092,1035.604976
27189.05019,5831.778092,1035.604976
27189.05019,5831.520948,1035.604976
27189.05019,5831.778092,1035.254177
27186.32915,5831.673099,1035.531779
27187.52307,5830.396565,1035.604976
27187.20317,5829.542835,1035.604976
27189.05019,5831.778092,1034.724885
27184.14101,5828.868174,1034.75542
27183.43291,5830.789019,1034.437273
27186.607,5831.746472,1035.200738
27189.05019,5831.778092,1035.604976
27187.1786,5831.778092,1035.604976
27187.20811,5829.183195,1035.604976
27189.05019,5826.897921,1035.604976
27188.15819,5831.778092,1035.292133
27186.95909,5830.746822,1034.998979
27181.05523,5828.986192,1035.000938
27183.59362,5830.982513,1035.604976
27183.5641,5830.337717,1034.90651
27185.33315,5831.178777,1035.007056
27189.05019,5831.778092,1035.604976
27189.05019,5831.778092,1035.604976
27189.05019,5831.778092,1035.604976
27189.05019,5830.755315,1035.604976
27187.98831,5831.778092,1035.602357
27189.05019,5831.778092,1035.604976
27184.44124,5829.737067,1034.642299
27179.15449,5828.478111,1035.285387
27184.17478,5830.598944,1034.506084
27177.45595,5830.673208,1035.326197
27189.05019,5831.778092,1035.529173
27189.05019,5831.778092,1035.604976
27189.05019,5831.778092,1035.604976
27189.02803,5831.778092,1035.604976
27189.05019,5831.641482,1035.604976
27186.87338,5831.223915,1035.604976
27180.35598,5830.418728,1035.604976
27177.59127,5831.778092,1033.853572
27176.05942,5831.041327,1034.759902
27183.93823,5831.569405,1034.791625
27186.39019,5831.684644,1035.310845
27189.05019,5831.778092,1035.604976
27189.05019,5831.778092,1035.604976
27186.85374,5831.778092,1035.604976
27181.00724,5831.778092,1035.604976
27189.05019,5831.641482,1035.604976
27184.65863,5831.778092,1035.604976
27184.67763,5829.802956,1035.604976
27167.21155,5831.778092,1034.300098
27180.8372,5831.778092,1035.184251
27185.05568,5831.778092,1035.125754
27189.05019,5831.778092,1035.557259
27189.05019,5831.716675,1035.604976
27186.72987,5831.778092,1035.604976
27189.05019,5831.778092,1035.604976
27189.05019,5831.778092,1035.604976
27188.94239,5831.778092,1035.604976
27187.5678,5829.614471,1035.604976
27176.7928,5827.54143,1035.21174
27171.04993,5831.716675,1035.079638
27183.10291,5831.778092,1034.607025
27189.05019,5831.778092,1034.870936
27189.05019,5831.778092,1035.604976
27189.05019,5831.769916,1035.604976
27181.74794,5831.391045,1035.604976
27183.38194,5831.559471,1035.604976
27184.73684,5830.265352,1035.604976
27189.05019,5830.269477,1035.604976
27175.13349,5831.778092,1035.199593
27174.99939,5831.778092,1035.604976
27175.37762,5826.202049,1035.604976
27171.00177,5830.423582,1035.16788
27187.76347,5831.778092,1035.604976
27189.05019,5831.774297,1035.604976
27181.5646,5831.595281,1035.604976
27189.05019,5827.733301,1035.192213
27186.66478,5831.771209,1035.604976
27187.13007,5829.609703,1035.332667
27182.98062,5830.699501,1035.604976
27163.53175,5830.665885,1035.091927
27186.53247,5830.26783,1034.771225
27163.48802,5829.024762,1035.071431
27181.21573,5831.778092,1034.876653
27186.50639,5831.778092,1035.604976
27183.90409,5831.778092,1035.604976
27186.79127,5828.975004,1034.848579
27182.18378,5831.778092,1034.66322
27189.05019,5831.778092,1035.604976
27174.50689,5825.53426,1035.021562
27173.81706,5828.489545,1035.287071
27180.13134,5829.542835,1035.604976
27181.64211,5829.802956,1034.286532
27189.05019,5831.778092,1034.080321
27187.31281,5831.778092,1035.113706
27183.57119,5827.715398,1035.604976
27183.66893,5831.778092,1035.295235
27181.38475,5831.09509,1035.604976
27187.74958,5830.277521,1035.604976
27187.09045,5831.778092,1035.604976
27170.735,5825.335826,1034.076143
27175.52987,5829.116772,1035.604976
27169.56987,5827.99914,1034.980071
27178.56508,5831.778092,1035.190047
27181.38817,5831.778092,1034.858293
27186.64104,5831.778092,1035.604976
27189.05019,5831.778092,1035.604976
27184.72957,5830.136951,1035.604976
27189.05019,5831.778092,1035.604976
27188.72983,5831.778092,1035.604976
27188.13322,5829.534355,1035.604976
27182.80027,5831.759451,1034.509633
27174.89822,5825.58869,1033.923709
27185.2883,5831.711116,1035.274586
27187.54891,5831.778092,1035.530449
27189.05019,5831.778092,1035.604976
27187.05624,5831.778092,1035.604976
27183.32729,5831.643582,1035.604976
27187.94592,5831.778092,1035.604976
27189.05019,5831.778092,1035.604976
27186.86222,5831.778092,1035.341645
27181.24782,5831.139212,1035.604976
27185.07756,5831.778092,1035.331156
27184.43424,5830.724802,1035.604976
27184.47342,5831.778092,1035.604976
27189.05019,5831.628355,1035.37422
27189.05019,5831.778092,1035.604976
27189.05019,5831.660806,1035.604976
27187.30424,5831.778092,1035.604976
27185.30281,5831.77021,1035.362261
27184.96805,5831.628131,1035.555165
27186.23845,5830.339812,1035.604976
27178.26139,5831.103126,1035.210783
27184.9416,5830.770805,1034.476963
27181.37241,5829.438976,1035.418938
27188.25171,5831.778092,1034.779934
27189.05019,5831.778092,1035.604976
27189.05019,5831.778092,1035.604976
27189.05019,5831.778092,1035.604976
27186.65214,5831.778092,1035.09849
27186.93957,5831.778092,1035.604976
27189.05019,5831.778092,1035.604976
27178.63077,5831.778092,1034.744426
27181.96172,5831.132434,1035.37422
27185.02485,5831.778092,1035.604976
27183.65085,5831.778092,1034.718156
27189.05019,5831.778092,1035.604976
27189.05019,5831.778092,1035.604976
27189.05019,5831.608008,1035.604976
27180.73495,5831.778092,1035.604976
27186.60046,5831.778092,1035.604976
27188.82646,5831.774221,1035.604976
27184.49087,5828.269273,1035.604976
27183.03489,5831.778092,1035.279228
27183.21886,5831.7766,1035.604976
27189.05019,5831.778092,1034.91259
27189.05019,5831.778092,1035.504451
27189.05019,5831.778092,1035.604976
27189.05019,5831.778092,1035.604976
27189.05019,5831.778092,1035.604976
27189.05019,5831.778092,1035.604976
27189.05019,5831.778092,1035.604976
27189.05019,5831.587879,1035.122399
27184.57925,5829.631292,1035.299377
27183.95077,5827.553912,1035.604976
27179.05309,5831.778092,1035.016045
27187.21329,5831.778092,1035.604976
27189.05019,5831.771209,1035.604976
27189.05019,5831.730621,1035.604976
27189.05019,5831.570175,1035.604976
27188.9118,5831.778092,1035.604976
27188.45085,5831.778092,1035.274073
27179.7017,5831.463953,1035.604976
27184.36944,5830.451474,1035.604976
27179.31147,5826.513414,1035.604976
27173.88179,5830.672435,1035.604976
27187.10015,5831.778092,1035.604976
27189.05019,5831.778092,1035.604976
27189.05019,5831.778092,1035.604976
27188.85569,5831.778092,1035.604976
27186.4051,5831.737485,1035.330432
27188.42265,5829.548232,1035.604976
27187.2061,5829.859626,1035.604976
27182.17484,5829.932315,1035.604976
27180.44861,5825.531756,1035.604976
27184.49007,5826.714628,1035.09849
27186.11342,5828.963175,1035.06804
27184.27834,5827.783755,1035.604976
27189.05019,5831.778092,1035.604976
27189.05019,5831.778092,1035.604976
27185.87164,5830.307542,1035.597672
27187.17587,5831.778092,1035.604976
27187.20273,5829.486997,1035.604976
27184.32295,5831.628131,1035.260495
27176.83828,5829.124003,1035.366708
27183.78346,5830.79976,1035.581678
27185.40195,5831.778092,1035.604976
27185.5992,5830.500813,1034.860646
27189.05019,5830.786072,1035.604976
27189.05019,5831.778092,1035.604976
27189.05019,5830.310031,1035.604976
27189.05019,5831.778092,1035.604976
27182.60097,5831.736209,1035.604976
27189.05019,5831.778092,1035.579176
27181.13908,5828.328617,1035.526988
27185.0932,5831.778092,1035.015195
27182.61861,5831.466844,1035.556568
27183.68298,5830.213182,1035.202774
27189.05019,5830.293566,1035.604976
27189.05019,5830.395546,1035.09175
27189.05019,5829.605914,1035.604976
27187.1546,5831.778092,1035.604976
27184.93473,5830.897279,1035.565697
27187.25179,5830.407042,1035.604976
27189.05019,5830.165346,1035.285733
27173.36442,5828.949782,1035.604976
27187.58988,5829.365393,1035.604976
27178.09552,5829.802956,1035.604976
27184.87752,5831.778092,1035.604976
27186.858,5831.778092,1035.604976
27185.09404,5831.778092,1035.604976
27189.05019,5831.778092,1035.604976
27188.17445,5831.598009,1035.604976
27189.05019,5828.586753,1035.604976
27186.09783,5829.626308,1035.604976
27186.875,5829.780531,1035.394446
27184.90844,5828.531809,1034.853426
27182.51014,5830.963369,1034.917902
27184.8508,5831.778092,1033.452501
27189.05019,5831.778092,1035.245112
27189.05019,5831.411473,1035.288811
27189.05019,5829.781113,1035.604976
27185.01648,5831.778092,1035.604976
27189.05019,5828.742529,1035.604976
27184.75311,5829.531661,1035.494169
27186.58686,5830.810056,1035.097222
27178.62617,5828.565485,1035.604976
27174.77654,5828.260144,1035.604976
27181.40593,5831.776227,1035.011494
27181.34838,5831.778092,1035.39983
27186.37699,5831.778092,1035.604976
27188.17445,5830.942729,1035.604976
27185.27186,5829.546371,1034.869271
27187.4656,5828.360238,1035.604976
27187.28152,5831.778092,1035.604976
27186.77571,5829.190803,1035.159906
27178.12913,5829.247687,1034.397493
27173.42241,5827.709243,1033.885777
27184.69724,5831.778092,1035.604976
27184.34324,5830.666734,1034.663175
27184.20563,5830.698218,1035.28442
27189.05019,5831.778092,1035.604976
27185.07537,5827.481636,1035.288811
27179.8489,5828.088827,1035.604976
27189.05019,5829.607144,1035.288811
27186.8393,5831.223915,1035.604976
27179.59066,5830.097325,1035.288811
27164.70889,5827.579791,1035.531488
27185.46005,5828.667577,1034.345535
27183.65313,5831.778092,1035.259332
27182.27237,5828.339007,1035.018742
27188.32839,5831.778092,1035.522039
27189.05019,5831.778092,1035.604976
27185.3433,5830.185779,1035.604976
27184.65201,5829.130147,1035.184873
27186.93166,5831.774297,1035.028086
27189.05019,5831.778092,1035.111061
27175.77075,5831.778092,1034.900049
27167.07006,5826.353937,1033.590277
27175.17575,5824.785751,1034.53605
27189.05019,5831.778092,1035.287888
27184.98482,5831.778092,1035.604976
27189.05019,5831.778092,1035.604976
27187.80555,5831.778092,1035.604976
27184.18117,5831.778092,1035.604976
27186.89221,5828.510185,1035.604976
27184.70548,5831.132434,1035.604976
27183.73116,5828.614733,1034.654405
27183.67999,5827.237769,1034.029703
27176.58663,5831.778092,1034.951303
27185.41555,5825.934188,1035.100852
27189.05019,5831.767599,1035.604976
27189.05019,5831.778092,1035.604976
27187.33728,5831.778092,1035.604976
27189.05019,5831.764094,1035.604976
27186.98877,5831.778092,1035.604976
27188.70854,5827.498491,1035.597672
27188.39708,5831.755666,1034.953327
27177.62907,5831.570175,1035.287888
27181.85939,5829.441977,1034.572548
27186.41969,5828.731146,1034.230502
27189.05019,5831.778092,1035.604976
27189.05019,5831.778092,1035.604976
27189.05019,5831.778092,1035.604976
27189.05019,5831.654211,1035.604976
27188.7175,5831.778092,1035.604976
27189.05019,5831.778092,1035.604976
27181.51787,5831.778092,1035.604976
27185.06115,5829.940503,1035.597672
27181.70315,5831.549191,1034.864375
27184.62815,5829.377626,1035.008443
27189.05019,5831.778092,1034.807348
27189.05019,5831.778092,1035.604976
27189.05019,5831.778092,1035.604976
27189.05019,5831.778092,1035.604976
27184.8302,5831.610731,1035.604976
27189.05019,5831.778092,1035.604976
27188.50673,5831.778092,1035.604976
27189.05019,5831.768961,1035.604976
27189.05019,5830.320319,1035.604976
27189.05019,5831.341084,1035.287888
27187.12169,5831.778092,1035.604976
27187.67607,5831.778092,1035.604976
27189.05019,5831.778092,1035.604976
27189.05019,5831.778092,1035.604976
27186.69099,5831.657381,1035.604976
27189.05019,5831.700442,1035.604976
27186.55007,5831.700442,1035.604976
27187.10308,5831.737485,1035.604976
27189.05019,5831.778092,1035.604976
27188.31671,5831.700442,1035.604976
27186.7931,5831.778092,1035.604976
27189.05019,5831.778092,1035.604976
27189.05019,5831.778092,1035.604976
27189.05019,5831.778092,1035.604976
27189.05019,5831.778092,1035.597672
27189.05019,5831.778092,1035.604976
27189.05019,5831.778092,1035.604976
27189.05019,5831.742301,1035.604976
27189.05019,5831.778092,1035.210622
27187.67616,5831.778092,1035.604976
27189.05019,5831.778092,1035.604976
27184.38448,5831.233564,1035.241808
27187.04619,5831.778092,1035.604976
27189.05019,5831.778092,1035.604976
27189.05019,5831.700442,1035.604976
27187.41481,5831.778092,1035.604976
27189.05019,5831.778092,1035.604976
27189.05019,5831.778092,1035.604976
27184.91282,5831.778092,1034.729313
27184.62311,5830.390126,1035.042791
27184.59978,5831.778092,1035.604976
27176.42786,5826.66368,1035.293998
27182.14963,5831.778092,1035.511203
27189.05019,5831.778092,1035.272499
27189.05019,5831.778092,1035.604976
27189.05019,5829.394968,1034.836973
27183.79555,5831.778092,1035.331155
27189.05019,5831.778092,1035.604976
27185.12605,5831.778092,1035.604976
27179.4932,5829.607144,1035.038342
27182.99767,5831.778092,1035.604976
27182.82365,5831.778092,1034.634493
27177.63731,5831.778092,1034.44193
27182.47976,5831.052899,1035.240741
27189.05019,5831.778092,1035.597672
27185.73513,5831.778092,1034.634493
27173.26927,5826.022254,1035.356245
27188.88682,5831.751744,1035.150641
27180.98769,5830.761204,1035.381163
27187.07917,5831.762714,1035.146025
27174.33498,5831.312559,1034.261617
27174.98097,5829.034872,1032.741421
27166.66518,5829.549797,1034.18779
27186.82094,5830.12173,1035.064462
27184.22167,5829.317753,1035.135005
27184.9551,5831.778092,1035.597672
27186.95177,5828.986947,1035.604976
27182.82047,5830.004223,1034.834111
27189.05019,5831.778092,1035.287888
27186.32432,5827.440086,1034.635131
27188.12553,5830.425987,1035.604976
27167.16835,5820.197598,1032.081527
27170.60682,5824.519759,1033.523175
27176.74003,5830.342123,1033.882153
27183.4453,5831.778092,1034.165089
27182.47479,5831.778092,1035.426427
27173.84442,5830.123397,1034.985108
27186.52574,5831.004946,1035.063789
27183.61464,5831.778092,1034.064064
27185.86249,5829.130147,1035.290758
27179.30409,5830.103747,1035.27829
27179.23758,5831.778092,1035.604976
27181.96269,5831.292785,1035.425412
27170.68681,5828.273863,1034.658356
27168.54201,5827.652612,1033.581852
27186.65918,5831.778092,1035.175898
27183.40533,5830.735039,1035.604976
27177.26048,5828.011533,1035.288811
27184.69724,5825.379834,1035.285414
27181.21523,5829.709399,1035.542431
27180.42373,5831.46323,1034.842088
27173.81215,5827.01253,1034.428692
27168.93857,5830.354328,1035.047451
27183.54718,5830.367978,1032.942196
27177.19284,5829.911465,1033.810601
27184.68057,5831.778092,1034.861695
27187.89866,5831.778092,1035.535219
27184.64292,5830.308684,1035.514648
27183.49511,5826.479004,1035.174736
27178.87799,5829.710973,1034.628207
27186.42624,5829.46568,1035.557828
27178.32599,5829.027629,1032.847757
27172.51444,5823.966799,1034.725052
27158.742,5829.427131,1033.760506
27176.46536,5829.989466,1033.427191
27178.21539,5830.176242,1035.604976
27187.33728,5831.778092,1035.604976
27189.05019,5830.627656,1035.604976
27188.14617,5829.455501,1035.138995
27177.55605,5827.400176,1035.514648
27177.76693,5828.680168,1035.425769
27182.36027,5828.525668,1034.902271
27165.738,5827.845088,1032.398929
27150.82003,5827.152014,1033.006403
27170.94014,5826.906936,1033.630303
27186.93904,5830.86398,1035.492961
27186.80763,5831.361189,1035.25059
27184.98866,5831.521241,1035.604976
27184.71198,5829.863416,1035.604976
27188.64039,5828.114998,1035.604976
27184.98501,5830.535064,1035.604976
27174.31951,5824.027084,1034.645052
27182.46932,5829.006246,1031.904293
27169.1153,5823.041078,1032.711305
27155.78614,5819.538097,1030.145374
27183.90548,5828.185357,1033.401838
27189.05019,5831.778092,1035.604976
27189.05019,5829.484005,1035.314789
27188.48624,5831.778092,1035.604976
27175.88183,5825.342187,1034.702828
27186.80687,5830.406769,1034.447997
27171.5356,5831.213141,1032.746413
27152.75961,5812.963142,1033.770724
27158.36439,5815.174853,1033.463008
27167.88351,5826.361718,1035.205158
27165.42079,5825.416919,1030.403137
27186.38902,5830.023805,1033.941664
27189.05019,5831.778092,1035.604976
27189.05019,5824.7751,1035.604976
27179.14423,5829.683823,1034.490105
27178.97659,5829.507904,1035.604976
27179.16212,5826.692495,1035.604976
27185.52768,5827.971857,1035.248175
27156.09042,5822.328486,1029.842418
27160.68216,5825.916368,1029.7169
27181.69606,5831.778092,1034.235499
27171.43029,5826.454208,1030.129031
27188.51103,5831.778092,1035.253857
27189.05019,5831.778092,1035.604976
27184.78381,5824.549527,1035.604976
27171.97757,5831.274692,1035.049364
27174.51728,5824.666332,1035.179828
27168.66819,5814.220063,1035.604976
34251.26316,7245.579305,1433.654639
34216.25695,7221.628771,1426.238922
34243.05762,7237.624901,1429.396545
34249.48597,7248.15937,1431.982058
34269.22711,7250.14231,1435.918772
34269.22711,7250.569102,1436.004839
34269.22711,7249.229681,1436.004839
34266.13833,7249.198919,1436.004839
34268.67666,7247.689265,1434.785333
34255.09353,7242.065116,1435.336267
34257.31653,7239.012804,1434.363137
34225.68835,7249.938581,1433.616405
34240.72325,7244.059812,1431.128909
34239.15853,7242.223833,1433.518579
34263.08839,7250.569102,1436.004839
34269.22711,7250.569102,1436.004839
34269.22711,7250.569102,1436.004839
34265.03579,7250.569102,1436.004839
34269.22711,7250.450398,1436.004839
34266.11042,7250.569102,1436.004839
34269.22711,7250.189747,1436.004839
34258.55794,7245.137697,1436.004839
34267.64528,7250.569102,1436.004839
34260.52505,7246.978347,1435.23109
34269.22711,7250.569102,1436.004839
34269.22711,7250.569102,1436.004839
34269.22711,7250.569102,1436.004839
34269.22711,7250.569102,1436.004839
34269.22711,7250.49963,1436.004839
34265.60508,7250.569021,1436.004839
34268.69658,7250.569102,1436.004839
34265.82605,7250.569102,1436.004839
34268.69658,7250.569102,1436.004839
34267.10285,7249.380645,1436.004839
34265.95243,7250.569102,1436.004839
34269.22711,7250.569102,1436.004839
34269.22711,7250.569102,1436.004839
34269.22711,7250.569102,1436.004839
34269.22711,7250.249575,1436.004839
34266.93339,7250.569102,1436.004839
34268.17054,7250.569102,1436.004839
34269.22711,7250.569102,1436.004839
34267.32609,7245.293027,1436.004839
34269.22711,7250.53036,1436.004839
34261.91131,7250.569102,1436.004839
34269.22711,7249.563451,1436.004839
34269.22711,7250.569102,1436.004839
34269.22711,7250.569102,1436.004839
34269.22711,7250.569102,1436.004839
34266.26641,7250.569102,1436.004839
34266.48455,7250.569102,1436.004839
34266.42168,7250.569102,1436.004839
34261.52619,7250.569102,1436.004839
34263.01082,7250.569102,1435.699601
34247.78292,7250.569102,1435.28542
34252.53151,7248.805724,1435.711198
34266.32068,7250.569102,1436.004839
34269.22711,7250.569102,1436.004839
27967.7176,6162.974653,1094.483217
27961.05135,6163.133942,1094.483217
27964.12215,6162.814414,1094.483217
27961.58565,6162.777251,1094.318859
27966.83537,6161.601154,1094.483217
27947.63877,6161.717002,1094.032506
27946.16884,6161.594997,1094.241719
27958.18013,6163.133942,1094.483217
27942.44563,6161.084365,1094.250864
27962.72814,6163.133942,1094.483217
27967.7176,6163.133942,1094.483217
27956.10851,6163.133942,1094.483217
27957.40423,6163.082948,1094.420883
27962.53337,6163.047723,1094.483217
27964.12935,6163.082948,1094.23374
27934.18267,6161.528294,1093.430335
27917.05215,6156.725727,1092.376811
27955.58173,6163.133942,1094.483217
27932.88423,6160.302875,1091.843017
27960.74759,6163.133942,1094.483217
27965.14806,6163.133942,1094.483217
27967.7176,6163.133942,1094.483217
27959.31863,6161.749692,1094.483217
27950.71846,6163.122656,1094.483217
27960.98768,6163.133942,1094.233849
27958.84414,6159.329678,1093.632702
27947.7715,6158.736949,1092.472526
27944.14545,6160.491846,1093.355362
27942.24494,6158.652153,1094.1999
27954.48361,6163.133942,1093.783592
27958.87672,6159.728512,1094.483217
27966.26598,6163.133942,1094.483217
27958.79136,6162.849312,1094.483217
27953.78925,6161.513108,1094.483217
27955.74003,6162.513511,1094.483217
27953.39814,6163.133942,1094.483217
27959.82401,6162.54627,1094.414797
27935.2217,6161.816218,1093.465827
27911.33646,6162.877512,1093.044382
27939.71771,6161.531183,1093.301514
27954.40375,6163.133942,1094.483217
27967.7176,6163.133942,1094.483217
27963.74168,6163.133942,1094.483217
27952.19455,6162.348285,1094.300579
27962.53681,6162.644779,1094.483217
27950.17327,6163.099342,1094.483217
27941.36171,6161.105452,1093.941948
27953.74778,6161.97285,1094.231241
27925.81137,6156.141629,1093.399944
27927.80472,6162.350685,1094.164807
27939.58708,6162.350685,1094.073652
27967.7176,6163.133942,1094.483217
27966.79926,6163.133942,1094.483217
27961.77654,6163.098491,1094.483217
27965.25475,6162.175467,1094.280846
27967.39889,6161.203733,1094.23293
27959.04894,6162.699263,1093.663949
27949.24266,6161.594814,1091.158114
27935.28426,6157.274975,1091.696016
27959.82203,6158.680706,1093.277242
27946.46245,6157.371916,1092.861234
27967.7176,6163.133942,1094.371747
27967.7176,6163.133942,1094.483217
27967.7176,6163.133942,1094.483217
27967.7176,6163.133942,1094.483217
27960.87501,6161.478907,1094.483217
27963.13152,6162.780125,1093.73706
27960.66187,6162.249435,1094.216335
27955.38375,6160.85011,1093.146335
27955.52088,6161.634876,1091.576663
27960.24696,6163.133942,1093.884409
27962.91997,6163.133942,1094.171325
27967.7176,6163.133942,1094.483217
27967.7176,6163.133942,1094.483217
27967.7176,6163.133942,1094.483217
27965.402,6163.133942,1094.483217
27967.7176,6160.992568,1094.483217
27964.83531,6161.453536,1094.483217
27964.67974,6161.493034,1093.69718
27960.41421,6160.712586,1094.483217
27958.65902,6158.90266,1091.012657
27963.79095,6163.133942,1094.405778
27967.7176,6163.133942,1094.483217
27967.7176,6163.133942,1094.483217
27967.7176,6163.133942,1094.483217
27967.7176,6163.133942,1094.483217
27967.21781,6162.762619,1094.483217
27965.28903,6161.191828,1093.873251
27960.79872,6158.111983,1094.31133
27965.44194,6163.133942,1091.480246
27956.39319,6160.913265,1092.934082
27962.013,6159.801671,1094.080604
27966.14292,6163.133942,1094.483217
27967.7176,6163.133942,1094.483217
27967.7176,6163.133942,1094.483217
27966.07,6160.366697,1094.483217
27967.7176,6162.953044,1094.483217
27965.91137,6162.302448,1094.096373
27965.28432,6161.027332,1094.354206
27966.38748,6158.384131,1094.248285
27960.33043,6160.047859,1094.01997
27964.50488,6157.431678,1093.091151
27967.7176,6160.51877,1094.083703
27967.7176,6163.133942,1094.483217
27967.7176,6163.133942,1094.483217
27967.7176,6163.133942,1094.483217
27965.20238,6163.133942,1094.483217
27966.00591,6163.133942,1094.483217
27967.7176,6159.905203,1094.483217
27964.67371,6158.429337,1094.483217
27963.39699,6159.841841,1094.420671
27965.49485,6163.133942,1092.766283
27967.7176,6159.816582,1093.703501
27963.31675,6163.133942,1094.482256
27967.7176,6163.133942,1094.433003
27967.7176,6163.133942,1094.483217
27965.7666,6161.028776,1094.483217
27967.7176,6160.367339,1094.483217
27966.01934,6158.077532,1094.060861
27967.7176,6161.102875,1094.483217
27958.85579,6158.69376,1092.457283
27956.19136,6163.133942,1093.435
27963.16253,6161.479212,1092.86631
27967.7176,6161.453536,1093.586294
27967.7176,6163.133942,1094.483217
27963.05663,6161.714184,1094.126761
27959.77764,6157.857987,1094.186989
27967.7176,6163.133942,1094.274004
27964.48538,6160.684593,1094.483217
27962.66864,6163.133942,1093.670304
27967.01919,6160.418568,1091.49524
27960.51241,6159.233135,1093.888197
27954.15041,6155.696305,1091.714781
27958.97643,6161.728403,1093.24331
27967.7176,6163.133942,1094.483217
27967.7176,6163.133942,1094.483217
27962.93931,6163.029484,1094.483217
27967.7176,6159.660074,1094.483217
27967.7176,6159.597361,1094.483217
27966.82969,6162.954811,1094.199766
27950.53408,6158.55813,1092.236528
27951.90378,6157.107954,1093.060018
27952.47783,6161.382989,1094.483217
27943.99604,6157.204701,1091.937944
27966.532,6163.133942,1094.483217
27966.76702,6163.133942,1094.483217
27967.7176,6163.133942,1094.483217
27963.68885,6161.296931,1093.661672
27964.69809,6163.133942,1094.483217
27964.59656,6160.237091,1094.264813
27963.00301,6163.133942,1094.483217
27949.65072,6159.469898,1093.17311
27919.35698,6160.225679,1091.019075
27948.85087,6161.390159,1092.430616
27957.07087,6163.133942,1093.75091
27967.7176,6163.133942,1094.411453
27967.7176,6161.589008,1094.483217
27965.5326,6160.914992,1094.483217
27956.17801,6163.133942,1094.253821
27960.84396,6163.133942,1094.483217
27939.77012,6158.707553,1093.64999
27945.97332,6162.004332,1094.420883
27946.25809,6163.01567,1093.159112
27924.67511,6153.156349,1091.402077
27955.03267,6161.453536,1093.026712
27963.89935,6163.133942,1094.352695
27967.7176,6163.133942,1094.483217
27963.84978,6161.813264,1094.254449
27952.30805,6160.980205,1092.722857
27964.42485,6161.255736,1094.483217
27957.56482,6158.757767,1094.370438
27952.99831,6157.221053,1092.830636
27948.37792,6155.912124,1092.185212
27965.39916,6162.004683,1093.148275
27934.47519,6162.190961,1092.504574
27957.60588,6160.079659,1092.924017
27962.63352,6161.333299,1094.2236
27967.7176,6163.133942,1094.483217
27952.31041,6155.058763,1093.425895
27955.04328,6159.751314,1093.251138
27957.49874,6163.133942,1094.483217
27955.58884,6163.133942,1094.278055
27947.39197,6158.069395,1093.260028
27922.00958,6158.917097,1090.286859
27958.93248,6160.819325,1093.937558
27953.36129,6159.910301,1092.989887
27956.29909,6161.835973,1094.130989
27965.85065,6162.967417,1094.483217
27962.96948,6160.005223,1093.580005
27962.07277,6162.252503,1094.023186
27954.83946,6162.812455,1094.483217
27961.35635,6161.004403,1094.050156
27955.81074,6159.653302,1094.483217
27921.55652,6158.040791,1091.940362
27952.76277,6159.302468,1092.104263
27940.75198,6158.549944,1091.952176
27957.59393,6161.090531,1094.005468
27964.99332,6160.775414,1094.483217
27963.97677,6163.133942,1094.483217
27964.80854,6162.978979,1094.233322
27958.31463,6161.349828,1093.210529
27961.21472,6161.909773,1094.389063
27948.55577,6161.901415,1092.989018
27955.30787,6160.845558,1093.553385
27945.61473,6159.542252,1093.339177
27934.35219,6160.150049,1092.724389
27937.68123,6163.09471,1093.460756
27967.7176,6163.133942,1094.483217
27967.7176,6162.667832,1094.315486
27963.30417,6161.883722,1094.162535
27962.21123,6163.133942,1094.242179
27963.30123,6161.24217,1094.483217
27964.28906,6159.249571,1094.192108
27957.9689,6161.612424,1093.748692
27955.8571,6158.479409,1091.132315
27953.16623,6158.829074,1092.494865
27947.39627,6158.415882,1093.062129
27965.24913,6161.612424,1094.239073
27967.7176,6163.133942,1094.483217
27967.7176,6161.993361,1094.483217
27963.75781,6161.809095,1094.03262
27961.55752,6163.133942,1093.760546
27964.22641,6162.518515,1094.087457
27965.38287,6159.175743,1094.174349
27955.37994,6161.926935,1093.466631
27963.42484,6161.584503,1091.019256
27954.35497,6159.627315,1091.76744
27963.80739,6163.093532,1094.28105
27965.23861,6163.133942,1094.371747
27967.7176,6163.133942,1094.483217
27967.7176,6162.773179,1094.483217
27955.4676,6161.06692,1094.483217
27965.61231,6163.074434,1094.414961
27962.87388,6159.696225,1093.982243
27967.7176,6162.853804,1094.483217
27951.21305,6159.713901,1093.083436
27946.34175,6163.009836,1092.567265
27960.36361,6163.133942,1093.433339
27967.7176,6163.133942,1094.483217
27967.7176,6163.133942,1094.483217
27967.7176,6163.133942,1094.315072
27958.98204,6161.883458,1094.27247
27965.86293,6163.133942,1094.483217
27962.9707,6161.389297,1093.871771
27960.33516,6158.391361,1093.638418
27958.88471,6159.583909,1093.854501
27962.7242,6161.840559,1091.720412
27953.80281,6162.309192,1093.630233
27965.84862,6163.133942,1094.434239
27967.7176,6163.133942,1094.483217
27967.7176,6163.133942,1094.483217
27962.7232,6162.175484,1094.483217
27967.7176,6163.133942,1094.256141
27961.30086,6163.133942,1094.483217
27967.08827,6160.121254,1094.483217
27952.31461,6159.43891,1093.206944
27940.43847,6163.133942,1093.966531
27961.67372,6163.133942,1094.02432
27948.47248,6161.853222,1093.352206
27967.7176,6163.133942,1094.483217
27967.7176,6163.133942,1094.483217
27966.86838,6163.127061,1094.483217
27962.54494,6163.036428,1094.483217
27967.17775,6161.667855,1093.936895
27966.81389,6163.133942,1094.483217
27958.62677,6163.133942,1094.171087
27959.74447,6160.179709,1093.805532
27961.26573,6163.133942,1094.124819
27965.56164,6163.133942,1094.483217
27965.35757,6163.133942,1094.483217
27967.7176,6163.133942,1094.483217
27961.5022,6163.12515,1094.483217
27966.80964,6163.123674,1094.483217
27967.7176,6163.133942,1094.483217
27964.98052,6163.133942,1094.483217
27962.79203,6162.022538,1094.162535
27958.89105,6163.133942,1094.483217
27942.33629,6162.086355,1094.302058
27951.96082,6161.805839,1094.244799
27950.19649,6162.307207,1094.043948
27965.8499,6163.133942,1094.483217
27961.29179,6163.060388,1094.20565
27966.80964,6162.77134,1094.251327
27963.2323,6163.133942,1094.483217
27963.84703,6163.133942,1094.483217
27964.4111,6163.105114,1094.483217
27963.25332,6161.603521,1094.483217
27960.90664,6161.417363,1094.483217
27963.75504,6163.133942,1094.303251
27961.36183,6163.133942,1094.483217
27962.16406,6162.951191,1094.300593
27963.20849,6163.133942,1094.483217
27964.39914,6161.263338,1094.483217
27966.87995,6162.812588,1093.814829
27962.72624,6163.133942,1094.483217
27964.93509,6163.133942,1094.483217
27956.80844,6163.089496,1094.015946
27961.97756,6163.133942,1093.513716
27950.05315,6161.719497,1094.256742
27967.7176,6160.088121,1094.145534
27954.44603,6161.575134,1094.238746
27957.04733,6162.497843,1093.979322
27964.02513,6163.133942,1094.483217
27967.7176,6163.062531,1094.483217
27964.39236,6163.054757,1094.483217
27964.59294,6160.180256,1094.35625
27962.79902,6163.068566,1093.87296
27963.39762,6162.842864,1094.483217
27947.58065,6160.459864,1091.665276
27951.92088,6161.959541,1093.589391
27954.85475,6161.795441,1093.656682
27967.7176,6163.133942,1094.483217
27965.53733,6163.133942,1094.483217
27965.08162,6161.3852,1094.483217
27967.7176,6163.133942,1094.483217
27964.63794,6163.133942,1094.483217
27959.66394,6158.339118,1092.609256
27964.46023,6158.625681,1094.329327
27962.41827,6160.288221,1094.483217
27959.76485,6161.73058,1093.436544
27948.51437,6160.160891,1093.995445
27962.14396,6161.333114,1094.078048
27963.48717,6163.133942,1094.483217
27967.7176,6161.993361,1094.483217
27965.49491,6161.118599,1094.483217
27965.76208,6160.309503,1094.483217
27961.27204,6163.005289,1094.483217
27960.2989,6162.827645,1094.483217
27959.9415,6160.90704,1093.892138
27957.19254,6159.939059,1093.936786
27965.05723,6160.372883,1094.20408
27962.32447,6155.939044,1092.493264
27964.48595,6161.938472,1094.483217
27965.79998,6163.133942,1094.483217
27967.7176,6163.133942,1094.483217
27962.47689,6162.994435,1093.763614
27961.46669,6162.834874,1094.234651
27967.7176,6163.133942,1094.483217
27958.55836,6158.948502,1093.971194
27948.59407,6160.612583,1093.147081
27938.39256,6154.564146,1092.647017
27957.49096,6161.055207,1093.671878
27966.87227,6163.133942,1094.483217
27967.7176,6160.437124,1094.417048
27965.09793,6163.133942,1094.483217
27967.7176,6163.133942,1094.365557
27965.15263,6163.115464,1094.483217
27967.0031,6161.480742,1093.681221
27961.48848,6156.070629,1093.978587
27966.32965,6160.440564,1093.961593
27938.80428,6159.174397,1090.974524
27946.12416,6157.83361,1093.818194
27963.58244,6161.071109,1093.455114
27967.7176,6163.133942,1094.483217
27967.7176,6163.133942,1094.483217
27961.01244,6160.086965,1094.303251
27961.60129,6159.575823,1094.179464
27964.92022,6163.133942,1094.483217
27956.3225,6158.188216,1094.483217
27950.78914,6160.950953,1093.277142
27956.67954,6162.621728,1094.43467
27958.37754,6159.60717,1093.921374
27963.40181,6163.133942,1093.065108
27967.7176,6161.785636,1094.483217
27967.7176,6163.133942,1094.483217
27967.09028,6163.133942,1094.483217
27964.72212,6161.339116,1093.50072
27967.7176,6163.013562,1094.483217
27967.7176,6162.367076,1094.483217
27965.1295,6163.109119,1094.126763
27957.87906,6160.184027,1094.302804
27960.06784,6160.941283,1093.389644
27966.93089,6163.133942,1094.483217
27967.7176,6160.085285,1094.218915
27967.7176,6163.133942,1094.483217
27967.37329,6163.133942,1094.483217
27965.7129,6163.133942,1094.483217
27967.7176,6161.75977,1094.483217
27967.7176,6163.133942,1094.483217
27967.7176,6159.603973,1093.875678
27967.7176,6163.107891,1094.109723
27960.79679,6158.398702,1093.860624
27965.05838,6161.897718,1093.956714
27963.99415,6160.582538,1093.985876
27967.7176,6163.133942,1094.483217
27967.7176,6163.133942,1094.483217
27967.7176,6160.995348,1094.483217
27967.7176,6163.133942,1094.20565
27967.7176,6163.133942,1094.483217
27967.7176,6163.133942,1094.483217
27965.29119,6158.684339,1094.195448
27967.32123,6160.953527,1094.081859
27965.5046,6163.133942,1094.317638
27964.07589,6163.133942,1094.036132
27967.7176,6163.133942,1094.483217
27967.7176,6163.133942,1094.483217
27967.7176,6163.116393,1094.483217
27967.7176,6163.133942,1094.483217
27967.7176,6163.133942,1094.483217
27967.7176,6163.133942,1094.483217
27965.56171,6159.941661,1094.483217
27964.33421,6162.022538,1093.900418
27967.7176,6161.605426,1094.248874
27967.7176,6163.133942,1094.483217
27967.7176,6163.133942,1094.483217
27967.7176,6163.133942,1094.483217
27967.7176,6163.133942,1094.483217
27967.7176,6163.133942,1094.483217
27967.7176,6163.133942,1094.483217
27965.32794,6163.133942,1094.483217
27965.10229,6163.133942,1094.483217
27967.7176,6163.133942,1094.483217
27965.23207,6161.603152,1094.096994
27962.43897,6162.191109,1094.483217
27961.22412,6163.133942,1094.483217
27967.7176,6163.133942,1094.483217
27967.7176,6163.133942,1094.483217
27967.7176,6163.133942,1094.483217
27967.7176,6163.133942,1094.483217
27967.7176,6163.133942,1094.483217
27962.9613,6163.133942,1094.483217
27960.11898,6163.133942,1094.483217
27964.18221,6162.163052,1094.129908
27954.87334,6162.035545,1093.766432
27954.60134,6161.802205,1094.258888
27959.6792,6163.133942,1094.318859
27967.7176,6163.133942,1094.483217
27967.7176,6163.133942,1094.483217
27963.88386,6163.133942,1094.483217
27962.93776,6161.273632,1094.483217
27965.64063,6163.133942,1094.483217
27954.26648,6163.133942,1094.241808
27955.48183,6162.490056,1094.260945
27956.63126,6161.943282,1094.124154
27967.7176,6162.977423,1094.483217
27965.30854,6163.133942,1093.919031
27962.58563,6163.133942,1094.483217
27967.7176,6163.133942,1094.483217
27967.51136,6163.133942,1094.483217
27954.83186,6162.328421,1094.483217
27961.15965,6161.650917,1094.483217
27962.53833,6161.505758,1094.483217
27967.7176,6161.214519,1094.483217
27941.65093,6162.235513,1093.802312
27954.12011,6159.401464,1093.372437
27956.37169,6161.239996,1093.626175
27964.65149,6163.133942,1094.483217
27965.26232,6163.133942,1094.483217
27958.96863,6163.133356,1094.483217
27966.87632,6161.719497,1094.483217
27960.42774,6161.727109,1094.483217
27958.91313,6160.964385,1094.24276
27963.01646,6163.133942,1094.483217
27966.76332,6161.719497,1093.534633
33807.01882,9061.360573,1198.485541
33782.30293,9055.058377,1198.305357
33809.55874,9064.046722,1197.742255
33820.74136,9065.179507,1199.182915
33810.87015,9062.817484,1198.523452
33823.00016,9061.743863,1199.182915
33808.45222,9063.877946,1198.530686
33820.13131,9064.502451,1198.897381
33812.79615,9064.711834,1198.509537
33801.23842,9061.12763,1198.046678
33809.46935,9058.249451,1198.706249
33813.17941,9061.654288,1197.163065
33798.27088,9063.133966,1196.462234
33813.75529,9063.774106,1198.955814
33812.16929,9063.184252,1198.964068
33823.00016,9063.372859,1199.182915
33806.43193,9065.159884,1198.662411
33813.33759,9064.052747,1198.935215
33817.14155,9062.736417,1198.497104
33818.90326,9063.812013,1198.941506
33800.28239,9064.178548,1198.077854
33776.77068,9054.123789,1195.576741
33805.97589,9063.500725,1196.251013
33820.32791,9061.282526,1198.569104
33819.95855,9065.179507,1199.182915
33818.21926,9064.080886,1199.182915
33823.00016,9065.179507,1199.182915
33815.69787,9061.519427,1199.182915
33809.91795,9059.87524,1198.988357
33811.58509,9064.473641,1199.182915
33819.3783,9065.173887,1198.973702
33800.46786,9056.142277,1195.742803
33781.63997,9058.698518,1197.998687
33792.92486,9062.642055,1198.387094
33819.28469,9063.033112,1198.844477
33823.00016,9065.179507,1199.182915
33823.00016,9065.168344,1199.182915
33806.66199,9058.259094,1199.182915
33822.08223,9065.179507,1199.182915
33820.92437,9064.632164,1198.174409
33806.19053,9064.475445,1197.947005
33807.97896,9062.873154,1198.263577
33811.27162,9062.300934,1198.540146
33799.76699,9059.928396,1197.1591
33814.11061,9060.728516,1198.209347
33823.00016,9065.179507,1198.932047
33820.18134,9065.179507,1199.182915
33808.97065,9065.179507,1198.192936
33820.63429,9064.403637,1198.812946
33815.88704,9063.332761,1199.182915
33816.83485,9065.143262,1198.229425
33810.70073,9065.179507,1197.239198
33790.92599,9059.798796,1197.00849
33819.72103,9065.179507,1198.939086
33811.74553,9062.1644,1197.498017
33813.77565,9063.843182,1198.944841
33823.00016,9064.211491,1199.113803
33823.00016,9065.179507,1199.182915
23803.609,6750.139545,638.2093825
23800.0638,6750.139545,638.3691371
23795.15395,6748.178288,638.3949859
23800.19353,6749.2164,637.9021695
23788.34645,6748.854948,637.6486659
23787.38719,6749.947839,636.7685093
23793.32725,6747.681227,637.983532
23802.90038,6747.091464,638.3949859
23801.07815,6750.139545,638.3949859
23805.23223,6748.566573,638.3949859
23802.31708,6750.139545,638.2945647
23803.5329,6749.33036,638.3949859
23797.01667,6749.777751,638.3111513
23786.75742,6745.143163,637.8455367
23791.99683,6745.261928,636.8861397
23805.23223,6748.701754,637.3040178
23782.7226,6744.956864,637.8653989
23799.47002,6749.873889,637.4627615
23805.23223,6750.139545,638.3949859
23805.23223,6750.139545,637.9964486
23800.78682,6748.474523,638.3949859
23798.12313,6744.355862,638.3949859
23801.60335,6748.369171,638.3284277
23792.11818,6748.808559,637.7858436
23792.48953,6750.020912,637.018338
23796.60034,6748.727103,638.2148746
23799.92653,6748.45849,638.0029214
23798.51436,6740.926741,637.5705478
23800.09037,6750.139545,638.2047651
23805.13995,6750.001221,638.3949859
23805.23223,6750.139545,638.3949859
23802.61629,6750.139545,638.2427983
23802.51412,6750.139545,638.3949859
23801.14964,6750.099503,637.7563633
23805.23223,6750.139545,638.3248952
23792.68108,6750.139545,638.0893292
23789.20846,6748.268614,637.6361292
23799.31279,6750.127809,637.8572592
23805.23223,6746.757222,638.198211
23805.23223,6750.139545,638.3949859
23805.23223,6750.139545,638.3949859
23805.23223,6750.001221,638.3949859
23805.23223,6750.139545,638.1400657
23805.23223,6745.94942,638.3949859
23805.23223,6750.139545,638.3458666
23800.77048,6748.584025,638.186454
23802.20751,6748.496423,638.3949859
23801.22454,6747.048823,638.0785986
23801.88412,6746.748851,637.9361896
23805.23223,6750.139545,638.3949859
23805.23223,6750.139545,638.3949859
23805.23223,6750.139545,638.3949859
23805.23223,6749.973836,638.3949859
23801.51558,6750.139545,638.3054901
23804.45347,6750.139545,638.3949859
23805.23223,6750.139545,638.3949859
23795.76238,6746.938619,638.2872262
23800.00306,6749.592663,638.2352179
23805.23223,6749.777751,637.8286409
23803.07551,6749.438064,638.3949859
23805.23223,6750.139545,638.3949859
23805.23223,6750.139545,638.3949859
23805.23223,6750.139545,638.3949859
23803.51652,6747.52485,638.3949859
23805.23223,6750.139545,638.0672891
23805.23223,6750.139545,638.3949859
23802.19623,6745.195517,637.8367105
23799.51611,6748.625811,638.031388
23803.84185,6750.139545,637.3963324
23800.46865,6746.727819,637.8741049
23805.23223,6750.139545,638.3949859
23805.23223,6750.139545,638.3949859
23805.23223,6750.130941,638.3949859
23805.23223,6748.769416,638.0273064
23802.7277,6748.850386,638.1143477
23802.95757,6749.470747,638.0295879
23799.33971,6746.010964,637.4001741
23797.00841,6748.379801,637.710029
23792.98817,6750.136934,637.4388047
23799.68402,6749.536734,637.3920846
23805.23223,6748.291356,638.3262759
23805.23223,6750.139545,638.3949859
23805.23223,6750.000595,638.3949859
23803.13285,6750.050231,638.2363718
23799.85788,6740.655081,637.6048377
23805.23223,6750.139545,638.3949859
23800.95941,6749.000451,638.0933021
23792.82101,6748.503037,636.613007
23795.16678,6745.535006,637.8281509
23803.42998,6746.774952,637.9359653
23802.50373,6749.592663,638.3467053
23805.23223,6748.586295,638.3551626
23805.23223,6750.139545,638.3949859
23803.52816,6746.861633,638.3949859
23796.59411,6745.703664,638.2965503
23800.41524,6748.02535,638.3949859
23802.99141,6748.630377,638.2309687
23805.23223,6745.817295,638.1724176
23792.2631,6745.798826,638.2582718
23792.32038,6746.431012,637.149326
23799.16978,6750.139545,638.0127119
23803.293,6750.139545,638.2161427
23803.293,6748.63983,638.3949859
23799.3564,6748.043344,638.308826
23801.17366,6750.139545,638.3263125
23803.72493,6750.139545,638.2304729
23801.13831,6749.880609,637.7665606
23802.30012,6749.777274,637.2770412
23796.59202,6750.139545,638.3928864
23788.33465,6750.139545,637.1657338
23801.73537,6750.08988,637.9880863
23797.31876,6745.457753,637.0784465
23805.23223,6750.139545,638.3262759
23803.62599,6748.742103,638.3949859
23794.66582,6749.527133,638.2500209
23805.23223,6748.407825,637.8969347
23798.86927,6750.139545,638.3296064
23803.6676,6748.525474,638.0774424
23796.51534,6745.413913,637.4999233
23786.25667,6749.527133,637.4748847
23803.2839,6748.719786,638.0917366
23786.94408,6742.661857,637.4497852
23803.93984,6750.139545,637.4620491
23803.41188,6748.27699,638.2304115
23804.06177,6750.139545,638.3949859
23800.16356,6750.139545,637.9164274
23792.90199,6750.139545,638.1926072
23803.09371,6747.441814,638.3020558
23797.4189,6748.580011,638.3279259
23793.60469,6742.905798,636.1374692
23783.59749,6743.595212,637.4362713
23792.84497,6746.749096,637.9178894
23805.23223,6750.139545,638.1956963
23803.45867,6749.50331,638.1310305
23804.00257,6749.683684,638.2557119
23802.85498,6746.697207,638.3227811
23799.4999,6745.751897,638.0999591
23803.66104,6750.139545,638.1669249
23796.32184,6750.139545,638.3949859
23799.70634,6749.50331,638.0107667
23796.12322,6748.455301,637.7974296
23782.07725,6745.967506,637.5533553
23800.49989,6748.459712,637.2475228
23805.23223,6750.139545,638.1739301
23805.23223,6750.139545,638.3949859
23798.21488,6750.139545,638.3949859
23799.69697,6748.649387,638.3949859
23802.59315,6750.134488,638.1801862
23803.05623,6750.139545,638.3949859
23788.3099,6748.167111,637.6331058
23791.25392,6747.928321,638.3949859
23805.23223,6749.773295,638.3949859
23801.78253,6748.06272,638.3157979
23800.13194,6748.410349,638.3949859
23803.293,6750.139545,638.3949859
23805.23223,6750.139545,638.3949859
23802.62119,6748.349013,638.3949859
23804.05828,6750.139545,638.3949859
23802.99098,6750.139545,638.3949859
23805.23223,6750.139545,638.3262759
23798.00979,6750.139545,638.3949859
23795.71658,6750.139545,638.0551857
23802.08736,6750.139545,638.2890982
23803.6264,6750.139545,638.3949859
23805.23223,6750.139545,638.3949859
23805.23223,6750.139545,638.3949859
23805.23223,6750.13446,638.3949859
23805.23223,6750.139545,638.3949859
23805.23223,6750.139545,638.3949859
23802.77635,6748.10121,638.3949859
23805.23223,6750.067835,638.3949859
23798.49161,6750.139545,638.3949859
23796.86524,6747.100111,638.3949859
23798.85001,6750.139545,638.3949859
23803.5122,6750.139545,638.3949859
23805.23223,6750.139545,638.3949859
23805.23223,6750.134883,638.3949859
23803.88011,6750.137846,638.3949859
23803.13529,6750.139545,638.3949859
23805.23223,6750.139545,638.3949859
23805.23223,6750.139545,638.3949859
23792.47624,6749.917229,638.3949859
23803.52377,6750.139545,638.3949859
23801.7283,6749.921175,638.3481289
23797.26727,6750.139545,638.3528293
23803.48039,6750.139545,638.3949859
23802.9725,6750.139545,638.3949859
23805.23223,6750.139545,638.3949859
23805.23223,6750.139545,638.3949859
23802.87884,6750.139545,638.3222516
23801.5219,6750.139545,638.3949859
23799.00019,6750.019179,638.3949859
23800.17243,6750.139545,638.3949859
23799.2144,6750.139545,638.3949859
23798.47756,6750.139545,638.3949859
23805.23223,6750.139545,638.3949859
23805.23223,6750.139545,638.3949859
23805.23223,6750.139545,638.3949859
23805.23223,6750.131891,638.3949859
23797.72312,6750.139545,638.3949859
23801.28827,6750.139545,638.3949859
23802.57402,6748.506741,638.3949859
23802.63818,6750.139545,638.3949859
23800.81868,6750.139545,638.1711952
23794.30472,6748.159174,638.2650944
23804.67126,6750.139545,638.3949859
23805.23223,6750.139545,638.3949859
23805.23223,6750.126276,638.3949859
23803.60083,6750.139545,638.3949859
23800.738,6749.793024,638.3949859
23805.23223,6750.139545,638.2826109
23793.81301,6748.085939,638.2363718
23796.03148,6749.963696,638.2363718
23798.4662,6750.109968,637.1963206
23798.66145,6750.135439,637.6927819
23805.23223,6750.139545,638.3262759
23805.23223,6750.139545,638.3949859
23805.23223,6750.139545,638.3949859
23805.23223,6750.134883,638.3949859
23805.23223,6750.139545,638.2737987
23805.23223,6750.139545,638.3949859
23799.76336,6750.139545,638.1533441
23803.62997,6750.139545,638.3949859
23796.68629,6749.772578,638.0623599
23798.59284,6750.139545,638.3197316
23796.42749,6750.139545,638.3949859
23803.95108,6750.139545,637.5800732
23805.23223,6750.139545,638.3949859
23805.23223,6749.029913,638.3949859
23798.559,6750.139545,638.3949859
23805.23223,6750.139545,638.3949859
23801.32764,6748.228242,638.2603887
23801.1253,6750.137538,638.3364472
23799.01506,6750.139545,638.3281281
23796.77042,6750.139545,638.3742368
23794.93372,6747.894153,638.3119738
23791.52686,6750.139545,638.3404445
23803.79552,6750.139545,638.3949859
23804.13058,6750.139545,638.3949859
23800.71555,6750.139545,638.3949859
23804.09526,6750.139545,638.2979853
23803.22981,6750.139545,638.3949859
23801.07553,6746.746279,638.3949859
23797.55634,6750.077472,638.0876159
23795.99288,6746.838176,637.7949106
23799.04094,6750.139545,638.3949859
23799.05068,6750.139545,638.0437758
23805.23223,6750.139545,638.3949859
23802.03288,6750.139545,638.3949859
23805.23223,6750.139545,638.3949859
23799.59168,6750.139545,638.3039319
23801.33096,6747.492174,638.1474299
23805.23223,6750.139545,638.3949859
23796.61234,6749.78977,638.3949859
23778.19085,6746.460171,638.1580503
23788.77789,6750.139545,638.2145171
23785.64646,6750.139545,638.2110794
23803.61543,6750.139545,638.3079115
23805.23223,6750.139545,638.3949859
23798.34343,6745.868933,638.3150882
23798.08123,6750.139545,637.6554072
23796.8902,6748.87824,638.3949859
23794.23803,6750.139545,638.2971749
23795.21719,6746.654341,638.0135836
23787.9901,6748.116502,638.2258647
23799.90384,6750.139545,638.3949859
23787.52179,6748.328901,637.844528
23802.2166,6750.139545,638.2737987
23805.23223,6750.139545,638.3949859
23805.23223,6750.139545,638.3949859
23801.45298,6750.136508,638.2284635
23796.23024,6746.793806,638.3949859
23804.43228,6750.124677,638.1020452
23796.96414,6750.139545,638.1744393
23778.95462,6749.371892,637.9859859
23788.85464,6748.409645,637.6297542
23795.21909,6747.273365,638.2803459
23791.80712,6748.633816,638.1156755
23799.50543,6750.139545,637.1369897
23805.23223,6750.139545,638.2773631
23805.23223,6750.139545,638.0891826
23797.72183,6748.534128,638.3068424
23801.1436,6747.263109,637.8681383
23803.25446,6748.330633,638.1392382
23800.02646,6746.898007,638.3949859
23789.41599,6749.748416,638.3949859
23780.46464,6747.184246,638.2364184
23785.02093,6746.918271,637.6400809
23799.7673,6748.218242,638.0393095
23805.23223,6750.139545,638.3949859
23805.23223,6748.787563,638.3949859
23798.89786,6749.621557,638.3207142
23799.22345,6750.139545,637.7454789
23801.36776,6750.072337,638.3949859
23795.20849,6750.058344,638.0896731
23794.56039,6748.512939,637.7729673
23791.72466,6748.723179,637.9468902
23796.58461,6747.224673,638.0154195
23797.71735,6748.395861,637.7777272
23800.10225,6748.146937,638.276241
23805.23223,6748.554359,638.3233192
23803.23979,6750.139545,638.3233192
23803.1481,6748.496653,637.3952957
23802.91457,6747.619843,637.9565742
23805.23223,6750.139545,638.3949859
23803.58861,6748.313319,638.3949859
23796.13588,6741.839631,636.9310413
23791.43708,6745.655007,637.8085544
23803.70195,6750.139545,637.8715833
23804.47654,6750.139545,638.3949859
23805.23223,6750.139545,638.3949859
23805.23223,6750.139545,638.372504
23805.23223,6750.139545,638.3949859
23804.01186,6747.225874,638.1055333
23800.58683,6747.069886,638.3395095
23803.86567,6747.208819,638.0560054
23801.06564,6748.075361,637.4916453
23799.25799,6746.510872,637.8699851
23795.56886,6742.84772,637.4400459
23795.44341,6748.49174,638.1135922
23805.23223,6750.139545,638.3949859
23805.23223,6750.139545,638.3949859
23805.23223,6750.001221,638.3949859
23805.23223,6748.494486,637.8526743
23802.20977,6750.139545,638.3417869
23800.4368,6750.032662,637.9851032
23796.55035,6745.863356,637.6646537
23797.05374,6747.188763,636.476191
23803.79331,6750.139545,638.0502972
23798.11826,6748.942695,637.7358439
23803.34807,6750.139545,638.0907855
23805.23223,6750.139545,638.0836936
23805.23223,6750.139545,638.3949859
23801.23426,6748.095752,637.9980713
23800.45021,6748.388302,637.9011938
23802.9222,6747.953492,638.0814532
23803.91795,6750.139545,638.2678568
23799.16635,6749.981471,637.9276696
23794.34835,6747.011657,637.9327019
23793.25525,6743.691856,637.6341846
23803.30646,6748.318692,638.3949859
23805.23223,6750.139545,638.3949859
23805.23223,6750.139545,638.3949859
23804.4413,6750.092938,638.3949859
23805.23223,6749.9923,638.3949859
23805.23223,6750.139545,638.209794
23805.23223,6745.096066,638.3173906
23805.23223,6750.139545,638.1041665
23795.06907,6747.675498,638.1295332
23799.47035,6750.127111,638.3211826
23800.27621,6750.107102,638.3949859
23798.81817,6750.139545,638.1452119
23805.23223,6750.139545,638.3949859
23804.335,6747.086256,638.3949859
23799.45515,6750.139545,638.1705345
23803.53674,6750.139545,638.3541464
23802.8224,6750.138918,638.3949859
23798.90181,6746.311212,638.2152163
23798.9113,6748.244874,638.3008615
23800.70164,6750.139545,638.3820541
23795.00491,6745.402296,638.3779081
23787.79518,6750.139545,637.7459428
23803.92788,6750.139545,638.3949859
23805.23223,6750.139545,638.3949859
23800.14342,6750.139545,638.3949859
23796.58357,6748.666059,638.0827352
23799.80904,6750.139545,638.3409348
23803.26893,6750.139545,638.3949859
23802.82652,6747.46748,638.0781487
23783.52959,6746.569074,638.1279472
23785.57738,6750.139545,637.9562522
23798.10722,6750.139545,638.1857571
23798.20848,6750.139545,638.3949859
23805.23223,6750.139545,638.1082626
23804.52395,6748.554359,638.3949859
23802.06986,6750.139545,638.3949859
23795.84292,6750.139545,638.1201299
23798.69777,6748.334268,638.3949859
23792.18387,6750.132947,638.17457
23790.51637,6747.715504,638.3692214
23797.28143,6748.352434,638.3949859
23785.86862,6747.186133,638.3949859
23805.23223,6750.139545,638.3949859
23804.48128,6750.139545,638.3949859
23801.74915,6750.139545,638.3949859
23801.97246,6750.139545,638.3949859
23801.6512,6748.366652,638.3949859
23805.23223,6750.139545,638.3949859
23799.73676,6749.226117,638.3949859
23794.73247,6746.780605,638.3949859
23795.89458,6748.293046,638.3949859
23795.96567,6750.139545,638.3949859
23794.44441,6750.139545,638.0398902
23803.9624,6750.139545,638.3949859
23799.83273,6750.087928,638.3949859
23805.23223,6750.139545,638.3949859
23797.70027,6749.38061,638.3949859
23801.72396,6750.139545,638.3949859
23798.97342,6748.504066,638.3949859
23804.24298,6749.216148,638.3949859
23783.75367,6744.458804,638.2915335
23775.75851,6746.477282,637.811658
23791.40649,6744.561718,637.8155575
23798.3764,6750.139545,638.3949859
23795.21879,6750.12815,638.3949859
23803.40516,6750.139545,638.3949859
23799.89129,6750.139545,638.2377878
23802.70796,6750.139545,638.3949859
23794.16098,6748.769588,638.3949859
23799.26043,6746.685615,637.8907867
23789.32166,6745.047996,637.8203718
23786.97719,6748.363331,637.9939395
23790.88521,6746.854852,638.0874908
23786.63076,6746.504052,637.6714063
23794.8861,6745.269933,638.1361222
23805.23223,6748.266105,638.3949859
23786.66232,6749.661667,638.1818337
23799.67028,6750.094623,638.3949859
23797.59641,6749.966815,637.9850836
23799.69969,6749.702375,638.2118584
23776.21221,6745.720379,637.5578597
23763.99914,6743.791255,637.7261345
23768.55439,6743.456098,636.9293294
23787.39382,6747.031538,638.0270495
23795.38337,6745.643089,638.0551228
23805.01099,6750.048288,638.0486021
23801.40372,6747.783647,638.3949859
23799.80551,6746.65817,638.3949859
23790.28798,6746.695658,637.9850836
23790.42608,6747.527047,638.3949859
23793.21634,6743.919732,637.6549203
23791.17212,6744.414534,637.996012
23762.0842,6740.952683,638.2652453
23758.51283,6748.468947,637.9017322
23795.79705,6748.3764,637.6856815
23805.23223,6750.139545,638.3949859
23804.34472,6750.139545,637.9766314
23799.47635,6746.955839,637.6433596
23789.61645,6748.322243,638.2112203
23798.6881,6750.139545,638.3949859
23796.84018,6750.037924,638.3949859
23778.56981,6747.166242,636.9694086
23772.98647,6738.625265,637.7128871
23794.54369,6749.435369,637.3687195
23800.55512,6750.139545,638.2632991
23805.23223,6750.139545,638.3949859
23805.23223,6750.139545,638.3949859
23805.23223,6750.139545,638.3949859
23805.23223,6750.104384,638.3949859
23799.27038,6750.019132,638.3949859
23803.44673,6750.139545,638.3949859
23803.56786,6749.104457,638.3386173
23785.79998,6747.96278,637.5116043
23799.52822,6747.295154,637.6597207
26276.2841,8133.854415,954.9243671
26281.26735,8133.854415,955.1899458
26281.26735,8133.854415,955.1899458
26281.26735,8133.854415,955.1899458
26280.55897,8133.854415,955.1899458
26281.26735,8133.854415,955.1899458
26280.2452,8133.854415,955.1899458
26280.23537,8133.854415,954.5660317
26278.97805,8131.365676,955.0018668
26276.71307,8133.854415,955.0505094
26277.25667,8133.854415,953.76514
26281.26735,8133.854415,955.1899458
26281.26735,8133.854415,955.1899458
26281.26735,8133.854415,955.1899458
26281.26735,8133.854415,955.1899458
26281.26735,8133.854415,955.000577
26281.26735,8133.738421,955.1899458
26281.26735,8133.854415,955.1899458
26279.54759,8133.551984,954.9553931
26281.26735,8133.700742,954.5439844
26280.23587,8133.854415,954.7967626
26281.26735,8133.854415,954.9468433
26281.26735,8133.854415,955.1899458
26281.26735,8133.854415,955.1899458
26281.26735,8133.854415,955.1899458
26281.26735,8133.854415,955.1899458
26281.26735,8133.854415,955.1899458
26281.26735,8133.854415,955.1899458
26281.26735,8132.536134,955.1899458
26281.26735,8130.081989,955.000577
26280.45883,8133.206916,955.1899458
26277.72102,8133.61558,954.6754902
26281.26735,8133.854415,955.1899458
26281.26735,8133.854415,955.1899458
26281.26735,8133.854415,955.1899458
26281.26735,8133.754367,955.1899458
26281.26735,8133.854415,954.9767296
26281.26735,8133.797715,955.0370982
26278.68459,8133.854415,954.8199595
26280.03616,8129.563828,954.4350769
26279.08518,8133.854415,954.8580881
26281.26735,8133.793093,954.592338
26279.35347,8133.854415,955.1899458
26281.26735,8133.854415,954.7217162
26281.26735,8133.854415,955.1899458
26279.52988,8133.854415,955.1899458
26281.26735,8132.101858,955.1899458
26277.08682,8127.572655,954.7536606
26281.26735,8133.854415,955.1899458
26274.07019,8133.244459,955.1899458
26272.53854,8123.018645,953.0292453
26276.92567,8129.20007,953.4108406
26279.46265,8133.036406,954.8075461
26279.76295,8132.158558,954.7520135
26281.26735,8133.854415,955.1899458
26281.26735,8133.854415,955.1899458
26280.3305,8133.854415,955.0232324
26279.82804,8130.845713,954.685685
19897.64038,6632.481338,930.5756171
19900.90903,6631.175257,930.5748763
19898.69469,6633.152231,930.6095115
19881.07775,6629.122616,930.7377728
19889.32673,6630.748072,929.4953527
19895.36844,6633.910665,930.6492427
19901.89109,6633.910665,931.3891396
19901.89109,6633.910665,931.3891396
19901.89109,6633.910665,931.3891396
19893.72251,6630.664083,930.7052572
19901.89109,6633.908937,931.1016112
19900.23857,6632.838767,930.0527229
19895.74994,6627.671689,930.4440154
19889.72631,6632.746504,931.2515999
19893.7591,6632.811732,931.0445111
19888.49379,6629.698492,929.5212873
19901.89109,6633.910665,931.3891396
19901.89109,6633.910665,931.3891396
19901.89109,6633.910665,931.3891396
19900.63404,6633.330568,931.3891396
19900.42144,6633.906691,931.1115314
19899.01479,6633.910665,931.3891396
19897.39743,6632.535016,930.8850955
19892.01077,6632.908824,930.344588
19885.67276,6629.57859,930.3571346
19889.0099,6633.908188,929.2614096
19900.82934,6632.489774,931.3891396
19901.89109,6633.910665,931.3891396
19901.89109,6631.655176,931.3891396
19901.12893,6633.910665,931.3891396
19896.87982,6632.071986,931.3891396
19897.31179,6633.910665,929.6762471
19887.7838,6631.465168,931.0251844
19883.20732,6626.924397,930.4333341
19895.30551,6632.708385,930.7840823
19882.25501,6631.077295,929.3948158
19891.52087,6632.489774,931.0249327
19898.35709,6633.910665,931.3891396
19901.89109,6633.910665,931.3891396
19901.89109,6633.910665,931.3891396
19891.38325,6632.276746,930.9205624
19894.03527,6631.385546,931.2428795
19892.48524,6633.910665,931.1574176
19894.7873,6632.601329,930.9004934
19880.31004,6631.074304,929.5076977
19881.42513,6629.730908,929.7394383
19895.97162,6630.268386,930.3858253
19894.52026,6633.910665,929.6890292
19898.61532,6632.354523,931.3891396
19901.04496,6633.910665,931.3891396
19900.3361,6633.101402,931.1518528
19892.53856,6632.03195,931.3891396
19896.16264,6631.773244,931.2584259
19889.15369,6630.425331,931.0489656
19886.97097,6632.898256,929.8066982
19880.50272,6629.6457,930.0351145
19882.01839,6631.502178,929.9055517
19881.21058,6633.910665,929.6951449
19898.35934,6632.418712,931.1049322
19901.89109,6633.910665,931.3891396
19891.67377,6630.039637,931.0324497
19898.92753,6629.785864,931.3891396
19897.26876,6633.910665,931.3891396
19897.85393,6633.910665,931.3891396
19886.22876,6631.385908,929.8101179
19884.64859,6627.234422,930.3421556
19889.94399,6633.910665,929.7000117
19873.17077,6625.448336,928.9578982
19890.917,6630.908783,930.2062648
19896.82794,6632.338448,930.4549975
19901.89109,6632.824163,931.3891396
19891.25873,6630.554454,931.3891396
19895.26154,6631.152599,931.3891396
19898.33914,6632.997122,931.1486642
19897.15527,6633.910665,931.2727682
19887.54484,6630.464197,930.7475696
19892.08121,6625.866275,930.1543331
19878.9513,6631.684884,929.2902394
19897.26759,6633.910665,931.3891396
19899.67498,6633.910665,930.9088112
19898.47645,6633.876582,931.3891396
19893.2447,6631.788917,931.3891396
19900.45125,6633.883699,931.3137628
19894.6976,6633.910665,931.3891396
19895.68665,6632.884736,931.3891396
19891.46389,6631.814481,930.4985128
19895.02565,6633.625284,930.8839751
19882.95358,6629.613614,929.7820063
19890.29915,6631.769532,930.4100102
19885.2323,6633.910665,930.4958105
19900.86794,6633.885255,931.3891396
19901.89109,6633.631523,931.3891396
19893.67013,6631.056737,931.1460371
19897.04631,6633.910665,931.3891396
19898.33997,6633.20402,931.3891396
19896.27615,6629.86608,931.1860619
19886.37815,6629.224846,930.8775648
19871.6168,6632.146561,930.9011948
19899.90495,6633.910665,931.0231165
19891.9222,6633.910665,930.5690278
19901.89109,6633.910665,931.3891396
19901.89109,6633.910665,931.3891396
19899.0011,6633.910665,931.3891396
19891.92249,6631.01758,931.3891396
19894.16116,6633.910665,931.1937477
19895.11837,6632.640431,930.2775701
19901.18272,6631.705548,931.3891396
19880.09124,6629.814293,930.0577074
19897.62234,6630.919975,930.4784608
19898.0206,6632.419368,930.8308005
19901.89109,6633.910665,931.3891396
19901.88408,6633.910665,931.3891396
19897.81851,6633.910665,931.3891396
19896.75608,6633.910665,930.9788678
19899.92441,6633.910665,931.0548956
19895.24045,6633.647152,931.3891396
19897.41966,6632.696758,931.3281276
19895.95,6633.555279,930.9972256
19901.89109,6632.397317,931.2216163
19897.03571,6633.898722,930.757405
19901.89109,6633.910665,931.3891396
19901.89109,6633.910665,931.3891396
19901.89109,6633.910665,931.3891396
19901.89109,6633.910665,931.1794877
19896.21114,6632.940747,931.3891396
19901.89109,6632.473184,931.3891396
19901.89109,6633.910665,931.3891396
19901.89109,6632.118135,931.3891396
19899.85584,6633.910665,931.3891396
19890.64424,6632.226013,931.3891396
19901.89109,6633.910665,931.3891396
19901.89109,6633.910665,931.3891396
19901.89109,6633.910665,931.3891396
19901.89109,6633.910665,931.3891396
19901.89109,6633.910665,931.3891396
19901.89109,6633.910665,931.3891396
19901.89109,6633.910665,931.3891396
19900.16935,6632.315631,931.3891396
19901.89109,6633.910665,931.3891396
19897.30436,6633.910665,930.9578216
19898.17535,6633.910665,931.3891396
19901.89109,6633.910665,931.3891396
19901.89109,6633.910665,931.3891396
19901.89109,6633.910665,931.3891396
19897.10806,6633.910665,931.3891396
19900.33136,6632.145745,931.1021183
19901.89109,6633.910665,931.3891396
19898.84483,6633.910665,931.3891396
19899.85775,6633.910665,931.3891396
19894.9326,6630.868185,931.3891396
19900.9016,6633.910665,931.3891396
19897.6357,6631.966617,931.3891396
19900.85772,6633.910665,931.3891396
19901.89109,6633.910665,931.3891396
19899.86559,6633.910665,931.3891396
19895.7215,6633.910665,931.3891396
19901.89109,6633.752948,931.3891396
19896.10224,6633.910665,931.3891396
19901.49177,6633.297915,931.3891396
19895.032,6629.444756,930.6665452
19895.70156,6632.308158,931.1454935
19899.83633,6632.467478,931.1490857
19900.6321,6633.910665,931.3891396
19901.89109,6633.910665,931.3891396
19898.17331,6632.474309,931.3891396
19900.70177,6633.910665,929.8225388
19899.15973,6633.869764,931.3891396
19899.16631,6632.906771,931.3891396
19896.99335,6629.661922,931.3891396
19897.03862,6626.660042,930.5753599
19894.69842,6632.345367,931.1490857
19896.49547,6632.792116,931.2727682
19896.48453,6633.910665,930.9212342
19901.30275,6633.910665,931.3891396
19901.89109,6632.798947,931.3891396
19897.10494,6632.798947,931.3891396
19892.37974,6632.798947,931.0533836
19891.91236,6633.885297,931.1001245
19901.89109,6632.746061,931.2216163
19894.46072,6632.304797,931.2146052
19894.24628,6630.324569,930.6240764
19887.03604,6632.048571,930.6434416
19894.32729,6630.984178,931.3891396
19900.84497,6633.910665,931.3891396
19898.74702,6633.910665,931.2572557
19895.17235,6632.217855,931.0399006
19899.01157,6633.910665,931.1393721
19895.86636,6631.319135,930.9439959
19899.75597,6631.631368,931.3373959
19894.16417,6631.46941,930.317742
19895.62717,6630.710337,930.7041612
19883.98007,6632.686782,930.9359705
19886.80592,6627.626677,930.8618386
19898.92874,6632.418712,931.0399006
19901.51511,6633.910665,931.3891396
19900.38112,6633.910665,931.3891396
19892.81703,6633.910665,931.3891396
19896.84919,6632.855571,931.1993669
19899.53703,6633.910665,931.3891396
19895.89766,6633.910665,931.3891396
19898.94036,6632.796503,930.9376436
19887.97673,6633.903587,929.7268451
19881.20074,6630.567523,930.8269581
19898.32684,6631.236087,931.0679309
19900.22545,6633.910665,931.2406971
19901.89109,6633.879533,931.3891396
19901.60285,6633.910665,931.3891396
19899.35891,6631.403033,931.3891396
19896.99588,6633.910665,930.6720122
19895.97951,6633.910665,931.2084
19897.34006,6632.156118,930.8892209
19894.80482,6632.318995,931.0381494
19887.09827,6629.695592,930.2090445
19891.60327,6633.678717,930.821527
19899.19192,6633.297915,930.7445814
19900.12305,6633.910665,931.1585813
19900.2387,6633.910665,931.1021183
19893.44497,6632.287752,931.144396
19901.89109,6633.910665,930.9393119
19897.76772,6633.910665,931.3891396
19896.92791,6633.910665,930.7509244
19891.90357,6631.158762,931.0963345
19891.41534,6632.467478,928.8557457
19899.43592,6633.814912,931.1624077
19889.9993,6627.303959,930.0115301
19900.47999,6632.510564,931.222235
19900.95875,6633.910665,930.8943855
19898.00472,6630.896512,931.1291801
19897.63208,6633.910665,930.6871684
19894.31035,6633.707371,930.9892694
19901.89109,6629.413078,930.7304754
19901.89109,6633.910665,931.0327144
19885.48525,6632.289733,930.2338575
19890.30585,6631.973218,928.2042691
19886.66474,6627.722036,929.5813277
19900.23798,6633.910665,930.6786438
19900.4051,6633.910665,931.3891396
19898.67931,6631.427195,931.1412751
19896.21285,6633.873955,931.1537588
19901.89109,6632.761862,931.1362702
19898.50439,6632.65905,930.7087206
19898.98235,6633.441592,931.3807165
19878.70226,6630.855003,928.7945306
19893.18487,6633.910665,931.3891396
19898.04563,6629.099876,930.9361424
19897.87024,6632.42443,930.9386672
19898.15541,6633.910665,931.3891396
19900.44116,6633.443261,931.3891396
19898.81747,6632.398294,931.0254655
19896.65593,6631.272868,930.5608515
19901.89109,6633.891639,931.3891396
19901.89109,6633.910665,931.3891396
19885.02613,6629.320076,930.3029929
19898.69651,6629.781408,930.8599462
19884.35732,6624.688432,929.0505062
19900.98608,6633.307396,931.1359641
19900.91285,6632.467478,931.3891396
19901.89109,6633.910665,931.3891396
19901.89109,6633.910665,931.3891396
19901.89109,6633.910665,931.3891396
19897.73394,6633.910665,931.3891396
19901.89109,6632.759626,931.3891396
19898.47498,6633.910665,930.9867821
19901.89109,6631.69974,931.3891396
19894.19848,6631.102865,930.4459256
19898.23621,6630.795106,931.3891396
19900.93774,6633.442477,931.3171727
19901.89109,6633.910665,931.3891396
19901.35478,6633.910665,931.3891396
19901.89109,6633.910665,931.3891396
19899.34186,6633.910665,930.8118238
19901.89109,6633.910665,931.3891396
19899.19081,6633.910665,931.3891396
19901.89109,6633.910665,931.3416928
19901.08873,6633.910665,930.912601
19897.58446,6633.910665,931.203257
19901.89109,6633.910665,931.3891396
19901.89109,6633.910665,931.3891396
19901.89109,6633.910665,931.3891396
19901.89109,6633.910665,931.3891396
19899.9666,6633.908586,931.3891396
19901.00112,6633.910665,931.3891396
19898.3489,6632.757897,931.2570002
19900.84246,6633.910665,931.3891396
19901.89109,6633.910665,931.3891396
19900.25589,6631.575189,931.2561623
19897.25883,6633.910665,931.3416928
19901.89109,6633.910665,931.3891396
19901.89109,6633.910665,931.3891396
19901.89109,6633.910665,931.3891396
19901.89109,6633.910665,931.3891396
19901.89109,6633.910665,931.3891396
19901.89109,6633.910665,931.3891396
19901.89109,6633.910665,931.3891396
19899.17578,6633.910665,931.3891396
19901.89109,6633.910665,931.3891396
19900.9137,6633.90012,931.3227887
19901.01209,6633.910665,931.3891396
19901.89109,6633.910665,931.3891396
19901.89109,6633.910665,931.3891396
19901.89109,6633.910665,931.3891396
19900.83181,6633.910665,931.3891396
19899.47795,6633.910665,931.3891396
19901.89109,6633.910665,931.3891396
19901.89109,6633.910665,931.3891396
19898.15816,6633.904873,931.3891396
19899.43039,6633.910665,931.3891396
19900.45776,6633.910665,931.3891396
19901.89109,6633.910665,931.3891396
19901.89109,6633.910665,931.3891396
19901.24942,6633.910251,931.3891396
19901.89109,6633.910665,931.3891396
19901.89109,6633.910665,931.3891396
19896.85809,6633.813866,931.3891396
19896.98747,6632.515843,931.3891396
19899.03329,6632.582836,930.829009
19898.70844,6633.910665,930.7000729
19897.24119,6633.910665,930.66716
19901.89109,6633.910665,931.3891396
19901.89109,6633.910665,931.3891396
19901.89109,6633.910665,931.3891396
19901.18415,6632.700191,931.3891396
19897.72214,6633.910665,931.2091103
19900.2746,6633.910665,931.3891396
19897.97854,6633.910665,931.1807121
19894.63063,6632.917407,931.3891396
19893.00155,6631.836,930.6911965
19898.9502,6632.110919,930.3164188
19898.20328,6633.910665,931.3891396
19896.21832,6632.324905,931.3891396
19901.89109,6633.910665,931.2751387
19900.65063,6633.910665,931.3891396
19897.20583,6632.88717,931.1490857
19893.83446,6633.910665,931.0254655
19900.47674,6632.388898,931.2655193
19887.4982,6630.134849,931.2020824
19897.56825,6632.703144,931.3891396
19884.83572,6628.886983,930.1781432
19896.08498,6632.495647,930.4807886
19892.80548,6633.910665,930.6896393
19901.89109,6633.910665,931.3891396
19900.88233,6633.910665,931.3891396
19895.8585,6631.067688,931.3891396
19899.78468,6633.910251,931.3891396
19899.48423,6633.910665,930.6269559
19891.49242,6631.095252,931.0084678
19894.54618,6628.931038,930.3974559
19877.82132,6625.692221,930.988344
19900.48959,6629.363935,930.9312795
19888.91399,6633.062627,930.8537112
19891.69968,6633.910665,929.5465446
19899.8503,6629.706562,930.9509008
19899.73453,6633.910665,930.5858167
19895.18724,6632.305003,930.9944259
19889.38245,6632.143386,930.1523363
19887.73806,6633.910665,930.973298
19898.47738,6631.336646,931.2156591
19892.6093,6632.93005,929.5732735
19889.87826,6628.872314,928.7665303
19887.1699,6629.910897,929.9412083
19898.41602,6630.902569,931.2667677
19898.44048,6633.867146,931.3891396
19900.53286,6633.846476,931.3891396
19900.38003,6633.906926,931.0955458
19899.40567,6633.910665,930.9301234
19894.17531,6631.112265,930.6233456
19897.55328,6632.147527,931.2020824
19885.73869,6628.093707,929.3541528
19894.85733,6632.409977,931.067353
19876.96028,6625.999079,929.9807786
19891.34226,6629.350239,930.1195585
19897.37442,6633.910665,930.3477102
19898.26225,6633.13974,931.3891396
19893.66724,6630.503178,931.0645539
19894.9856,6633.904555,930.9667294
19896.57928,6631.607574,930.5966448
19895.20362,6633.910665,931.3891396
19894.33542,6627.785571,930.7716041
19885.73291,6632.88948,929.1120868
19879.17591,6630.341637,929.210044
19895.75653,6632.324905,930.6377092
19898.643,6633.115812,931.1021183
19901.89109,6633.910665,931.3380645
19901.0452,6630.573952,931.3416928
19899.17996,6633.910665,931.1001669
19899.35903,6633.812355,930.9243612
19899.60437,6633.867146,931.2361581
19892.84389,6626.664255,930.5046942
19900.96369,6630.752657,930.5600621
19889.31655,6633.324921,930.3319238
19887.34725,6633.582769,930.233063
19895.815,6633.513563,930.7430816
19901.89109,6633.910665,931.3891396
19901.89109,6633.910665,931.3891396
19894.01243,6627.711882,931.3891396
19896.99351,6632.807133,930.6253972
19900.0243,6632.06988,931.3891396
19895.29985,6632.687178,931.3891396
19896.1232,6632.358502,930.9322017
19888.52579,6630.326113,930.2704148
19890.77182,6630.214546,929.9901081
19897.97971,6633.910665,930.0367631
19900.43608,6633.910665,930.9790832
19901.89109,6633.910665,931.3891396
19901.89109,6633.858223,931.0741141
19899.49967,6629.115281,931.0389167
19898.9719,6631.489146,930.7094101
19892.22625,6631.449198,930.6864532
19884.88409,6632.966719,931.3891396
19900.38096,6632.972599,930.9919366
19893.66452,6633.076044,930.3823037
19896.97818,6631.280498,931.0323416
19896.44425,6631.404559,931.0967961
19901.89109,6633.910665,931.3891396
19900.83458,6633.806212,931.3891396
19897.99037,6631.341822,930.9046489
19892.04351,6630.971711,930.7667332
19900.08205,6633.547089,931.3891396
19896.16721,6632.451724,930.8236172
19883.51599,6633.860635,930.1492654
19882.72955,6629.747805,929.989879
19892.70514,6633.910665,930.8581739
19892.33387,6632.412152,930.9723953
19900.13022,6633.910665,931.3891396
19900.7357,6633.910665,931.3891396
19899.80984,6633.910665,931.2201282
19895.313,6633.910665,930.6143298
19899.43409,6631.368908,930.4135418
19899.95248,6632.658416,930.9651129
19891.00569,6633.910665,930.4406822
19884.60726,6630.828499,929.8149514
19895.262,6632.467589,929.7515873
19892.69911,6632.572669,930.8573127
19901.89109,6633.910665,931.3891396
19900.89789,6633.910665,931.3891396
19901.89109,6633.910665,931.3891396
19901.89109,6633.910665,931.3891396
19901.89109,6633.910665,931.3891396
19898.76888,6630.121757,931.3891396
19897.65054,6633.910665,930.9126585
19895.80686,6630.411792,930.4858405
19901.89109,6632.401408,930.479261
19893.8928,6629.658132,931.2033558
19901.89109,6633.910665,931.2166493
19901.89109,6633.910665,931.3891396
19901.89109,6633.910665,931.3891396
19901.89109,6633.910665,931.3891396
19900.36561,6630.551178,931.3891396
19901.89109,6633.793633,931.3891396
19900.19471,6633.724979,931.3891396
19897.82899,6631.230484,931.1491991
19895.54308,6632.774203,931.3891396
19900.6592,6627.742274,931.0676933
19899.56992,6633.910665,931.3891396
21331.58224,8846.794008,1587.254934
21331.58224,8846.794008,1587.254934
21331.58224,8846.794008,1587.254934
21331.58224,8843.485051,1587.254934
21331.58224,8846.794008,1587.254934
21331.58224,8846.737338,1587.254934
21328.95478,8846.794008,1587.254934
21328.02715,8846.794008,1587.254934
21328.38448,8846.095837,1586.485293
21329.4275,8843.970749,1586.92524
21331.58224,8846.794008,1587.254934
21331.58224,8846.794008,1587.254934
21331.58224,8846.794008,1587.254934
21330.66427,8846.783333,1587.254934
21331.58224,8846.794008,1587.254934
21331.58224,8846.794008,1587.254934
21329.44984,8846.735482,1587.254934
21330.72494,8844.595719,1587.254934
21322.90054,8846.794008,1586.860051
21320.90869,8844.367198,1587.254934
21329.00358,8846.794008,1586.922808
21331.58224,8846.794008,1587.254934
21331.58224,8846.794008,1587.254934
21331.58224,8846.794008,1587.254934
21331.58224,8846.794008,1587.254934
21331.58224,8846.794008,1587.254934
21328.6722,8845.148235,1587.178549
21321.53299,8844.750012,1587.254934
21331.58224,8846.794008,1586.474065
21320.99526,8846.794008,1586.873349
21319.55757,8841.861719,1587.118353
21329.72453,8846.794008,1587.254934
21331.58224,8846.794008,1587.254934
21331.58224,8846.794008,1587.254934
21331.58224,8843.042173,1587.254934
21323.47176,8843.88504,1587.254934
21331.58224,8844.382568,1587.254934
21329.37447,8846.794008,1586.970324
21318.41088,8842.811332,1586.896967
21319.93613,8846.661677,1586.514262
21326.41878,8844.487748,1584.639112
21312.80017,8840.990772,1585.861975
21331.58224,8846.794008,1586.928656
21331.58224,8846.699001,1587.254934
21330.44492,8846.783279,1587.254934
21329.7875,8844.783731,1587.254934
21320.07356,8846.794008,1586.539277
21322.33739,8846.794008,1586.432326
21326.88974,8844.783785,1584.230588
21321.98502,8843.30133,1586.378483
21319.07953,8844.633833,1585.609691
21317.47631,8844.798466,1586.746519
21327.25253,8846.794008,1586.781406
21326.79484,8846.794008,1586.956546
21326.80873,8846.776204,1587.254934
21324.70804,8845.44546,1586.013185
21324.06605,8846.794008,1586.805301
21330.68743,8846.794008,1587.254934
16831.14952,7915.760591,1477.512445
16821.97042,7915.335452,1477.760314
16830.37346,7914.061269,1474.947333
16825.75861,7915.307356,1476.795509
16831.21598,7914.301563,1476.823278
16835.56228,7917.434788,1477.760314
16839.72347,7915.942239,1477.760314
16837.92306,7917.380153,1477.760314
16836.35739,7916.552732,1476.896766
16836.99556,7916.619279,1477.760314
16826.33298,7911.739946,1476.737927
16840.79419,7917.434788,1477.136063
16828.09911,7912.107219,1474.95189
16833.31288,7914.340418,1474.759583
16830.02493,7913.350971,1474.835153
16840.09485,7917.434788,1477.654006
16841.18574,7917.434788,1477.760314
16840.90827,7914.453766,1477.538987
16831.67439,7916.772504,1476.396064
16838.77063,7917.434788,1477.760314
16829.29852,7912.168617,1476.30235
16833.39857,7916.831043,1476.208433
16821.71946,7915.699176,1474.72714
16829.84542,7915.80939,1475.571541
16824.4206,7917.434788,1476.48581
16828.72665,7915.443802,1474.488279
16838.28339,7917.434788,1477.760314
16841.18574,7917.434788,1477.760314
16835.97103,7910.825352,1476.90415
16837.83921,7914.688724,1476.197165
16836.84064,7912.911552,1477.627028
16838.04338,7917.312649,1477.760314
16829.63255,7911.674903,1475.259428
16813.72402,7912.352271,1476.534085
16825.05159,7917.434788,1476.636828
16838.50516,7917.129801,1477.343411
16841.18574,7917.434788,1477.760314
16841.18574,7917.434788,1477.760314
16838.74408,7914.608166,1477.760314
16839.81126,7913.060776,1477.760314
16841.18574,7917.391849,1477.760314
16839.04742,7916.085963,1476.970995
16835.52677,7909.709858,1476.784172
16833.08922,7907.948205,1475.445946
16835.24744,7917.434788,1477.760314
16832.09764,7916.469538,1477.352018
16841.18574,7917.434788,1476.483573
16841.18574,7917.434788,1477.760314
16841.18574,7917.434788,1477.760314
16839.29192,7917.434788,1477.760314
16837.40434,7917.153025,1477.760314
16839.93768,7917.434788,1477.760314
16839.64394,7917.434788,1477.150836
16834.8698,7914.423142,1477.050992
16832.01345,7915.280669,1476.635989
16835.74464,7916.980909,1477.760314
16840.50697,7917.434788,1477.760314
16841.18574,7917.434788,1477.679623
16841.18574,7917.434788,1477.760314
16841.18574,7917.434788,1477.760314
16840.09706,7917.434788,1477.760314
16841.18574,7915.53423,1477.760314
16839.5689,7917.434788,1477.266063
16836.59839,7915.979273,1477.760314
16840.23136,7913.695707,1477.760314
16840.84133,7917.434788,1477.680152
16840.23555,7917.434788,1477.760314
16841.18574,7917.434788,1477.760314
16841.18574,7917.434788,1477.760314
16841.18574,7917.434788,1477.760314
16841.18574,7917.434788,1477.760314
16840.03058,7917.434788,1477.357456
16841.18574,7916.72716,1477.760314
16840.33747,7914.322887,1477.321246
16841.18574,7915.426306,1477.760314
16835.60518,7908.060997,1476.150732
16839.6715,7917.434788,1477.415275
16841.18574,7915.45661,1477.679623
16841.18574,7917.434788,1477.760314
16841.18574,7917.434788,1477.760314
16841.18574,7917.434788,1477.760314
16841.18574,7917.434788,1477.760314
16840.33278,7917.434788,1477.760314
16839.3585,7915.988222,1477.760314
16839.44571,7917.434788,1477.463162
16837.679,7917.434788,1476.849109
16836.0667,7915.354529,1477.760314
16836.68266,7917.434788,1476.89227
16841.18574,7917.434788,1477.760314
16841.18574,7917.434788,1477.760314
16841.18574,7917.434788,1477.760314
16840.00864,7917.434788,1477.760314
16839.25409,7917.434788,1477.760314
16840.81452,7917.434788,1476.979203
16837.58351,7916.393134,1476.427403
16834.1673,7916.399561,1477.463162
16836.7063,7915.465962,1475.601454
16839.57674,7917.434788,1476.406729
16840.97912,7917.434788,1477.760314
16841.18574,7917.434788,1477.760314
16841.18574,7916.888891,1477.760314
16840.06481,7917.434788,1477.760314
16840.75295,7915.373736,1477.188949
16837.9154,7917.434788,1476.994866
16841.18574,7914.628669,1477.338211
16839.27488,7917.434788,1477.58015
16837.1766,7913.52301,1476.226153
16833.73064,7911.625331,1476.907048
16838.96133,7917.434788,1476.887412
16841.18574,7917.263322,1477.760314
16841.18574,7917.434788,1477.760314
16839.30531,7917.434788,1477.760314
16837.94382,7914.786278,1477.760314
16834.63344,7916.541023,1477.760314
16840.23241,7916.940639,1476.46216
16835.3806,7909.670863,1477.760314
16832.58215,7915.425411,1477.283603
16830.30152,7915.217505,1476.259332
16833.40875,7915.362006,1475.332927
16838.82098,7917.434788,1477.760314
16841.18574,7917.434788,1477.760314
16841.18574,7917.434788,1477.760314
16839.78382,7915.415569,1476.912351
16839.8282,7916.921462,1477.443503
16839.83237,7912.523997,1477.760314
16833.34111,7911.378783,1474.034275
16832.15786,7917.372633,1477.536718
16830.79734,7915.166646,1475.819842
16827.51561,7914.926067,1474.92672
16836.86191,7917.434788,1476.456917
16841.18574,7917.434788,1477.760314
16841.18574,7917.434788,1477.760314
16837.86636,7914.940881,1477.521999
16834.12605,7916.85419,1477.45044
16839.27906,7916.938969,1476.849813
16836.16541,7915.387898,1475.570358
16827.6251,7910.646807,1474.763677
16822.86772,7912.382864,1474.790917
16832.14131,7915.121671,1475.78489
16825.63397,7912.277124,1475.834356
16836.0004,7917.372633,1475.608771
16841.18574,7916.888891,1477.760314
16835.68035,7917.434788,1477.202745
16834.21741,7914.374944,1477.376878
16834.55763,7917.160166,1476.817821
16833.36071,7914.660976,1476.789844
16838.02883,7911.371853,1475.917018
16823.61425,7910.693613,1476.483915
16825.38347,7914.885356,1474.793564
16824.11209,7914.18364,1474.839667
16836.88382,7917.361972,1476.637553
16838.36711,7917.434788,1477.256404
16838.28226,7917.434788,1477.417716
16830.82267,7913.037894,1474.536478
16837.61032,7916.589806,1477.304316
16837.39313,7917.08624,1477.760314
16840.00643,7914.224394,1474.272863
16830.13363,7909.954874,1472.61015
16824.99773,7912.951082,1476.277717
16832.74252,7913.716983,1475.379202
16833.35371,7913.014388,1472.736602
16839.23437,7917.434788,1476.817827
16841.18574,7916.789016,1477.443693
16836.15688,7915.135432,1477.235636
16832.69006,7912.051219,1475.97984
16832.17639,7916.099948,1476.80168
16834.84928,7917.434788,1476.058329
16836.53299,7914.770077,1475.909371
16819.71671,7915.903594,1468.414154
16824.3515,7915.154308,1473.843128
16826.42991,7909.128992,1473.462256
16839.21243,7915.390638,1475.949265
16839.36625,7917.434788,1476.911559
16837.03703,7916.530034,1477.019394
16830.06229,7915.099849,1475.41379
16835.11602,7913.727522,1475.470644
16836.81149,7916.252735,1476.369641
16825.69822,7917.434788,1476.673373
16818.51036,7908.153823,1475.167636
16833.95992,7916.878277,1476.389348
16816.80617,7909.745906,1472.744669
16836.68826,7916.745209,1475.743002
16841.18574,7913.607564,1477.536684
16838.90476,7917.434788,1477.569179
16836.44369,7915.944156,1477.760314
16824.62486,7907.292405,1475.279457
16832.12715,7916.267596,1477.760314
16833.19893,7916.97165,1476.52024
16830.94758,7914.600187,1474.304198
16811.7995,7915.01579,1472.335575
16817.8254,7908.412595,1473.206274
16829.50327,7915.434566,1473.783612
16839.66776,7916.774308,1476.794272
16841.18574,7917.434788,1477.760314
16838.25592,7915.888742,1477.256791
16834.03262,7914.190064,1477.552599
16839.79356,7917.183616,1477.538786
16830.20647,7915.405136,1477.414512
16827.0711,7913.167427,1475.665262
16826.01768,7911.396185,1475.390105
16830.37795,7913.376285,1475.365557
16829.0816,7913.676602,1476.137219
16830.93887,7915.530583,1477.000525
16841.18574,7917.434788,1477.760314
16841.18574,7917.434788,1477.760314
16838.69616,7916.506604,1477.760314
16832.74445,7915.192595,1477.760314
16831.37038,7913.906702,1476.236099
16839.39761,7916.15974,1477.29901
16834.45315,7916.728756,1477.351453
16829.40637,7912.797513,1475.820562
16823.21686,7916.757776,1477.760314
16839.66776,7917.434788,1477.58736
16840.39598,7917.434788,1477.760314
16841.18574,7917.434788,1477.760314
16841.18574,7917.434788,1477.760314
16839.34466,7917.434788,1477.760314
16841.18574,7917.434788,1477.760314
16841.18574,7915.433087,1477.760314
16840.20866,7917.434788,1477.760314
16840.0437,7914.005899,1477.760314
16838.18813,7914.433797,1477.760314
16839.96586,7917.434788,1477.760314
16841.18574,7917.434788,1477.760314
16841.18574,7917.434788,1477.760314
16841.18574,7917.434788,1477.760314
16841.18574,7917.434788,1477.760314
16841.18574,7917.434788,1477.760314
16841.18574,7917.434788,1477.760314
16841.18574,7917.434788,1477.760314
16841.18574,7916.553452,1477.760314
16840.20489,7917.434788,1477.760314
16841.18574,7917.434788,1477.760314
16841.18574,7917.434788,1477.760314
16841.18574,7917.434788,1477.760314
16841.18574,7917.434788,1477.760314
16841.18574,7917.434788,1477.760314
16841.18574,7917.434788,1477.760314
16841.18574,7917.434788,1477.760314
16841.18574,7917.434788,1477.760314
16839.89565,7915.391329,1477.760314
16841.18574,7917.434788,1477.760314
16839.92497,7917.434788,1477.760314
16839.62539,7917.434788,1477.760314
16841.18574,7917.434788,1477.760314
16841.18574,7917.434788,1477.760314
16841.18574,7917.434788,1477.760314
16841.18574,7917.434788,1477.760314
16840.35017,7917.434788,1477.760314
16841.18574,7917.434306,1477.760314
16841.18574,7917.434788,1477.760314
16841.18574,7917.434788,1477.760314
16839.20155,7917.434788,1477.760314
16840.51916,7917.434788,1477.760314
16841.18574,7917.434788,1477.760314
16841.18574,7917.434788,1477.760314
16841.18574,7917.434788,1477.760314
16841.18574,7917.434788,1477.760314
16841.18574,7917.434788,1477.760314
16841.18574,7916.571419,1477.760314
16840.36574,7916.888891,1477.760314
16839.92039,7917.106543,1477.760314
16839.86792,7917.434788,1477.760314
16839.05975,7913.500523,1476.911559
16841.18574,7915.118712,1477.760314
16840.57739,7917.434788,1477.760314
16841.18574,7917.434788,1477.760314
16841.18574,7917.434788,1477.760314
16839.64294,7917.434788,1477.760314
16840.38374,7917.434339,1477.760314
16839.59131,7917.434788,1477.760314
16840.25694,7916.026961,1477.760314
16840.64149,7917.33789,1477.760314
16835.92649,7915.358766,1476.676004
16841.18574,7917.434788,1477.760314
16841.18574,7917.434788,1477.760314
16840.67341,7917.434788,1477.760314
16841.18574,7917.434788,1477.760314
16840.09488,7915.341401,1477.760314
16841.18574,7916.888891,1477.760314
16840.94664,7916.757776,1477.760314
16839.4358,7917.279315,1477.760314
16838.19551,7916.458791,1477.162999
16836.55553,7916.633269,1476.656947
16839.94746,7916.837374,1475.631776
16833.68233,7912.706862,1477.350312
16841.18574,7916.083403,1476.668363
16840.23241,7917.434788,1477.760314
16835.4636,7912.334902,1477.296531
16839.48242,7917.010776,1477.286039
16836.37779,7915.495521,1477.443471
16840.15829,7917.434788,1477.760314
16837.10207,7914.09979,1477.139914
16833.07851,7909.377581,1475.380154
16834.09473,7913.912767,1475.319873
16832.59294,7916.014249,1475.952126
16841.18574,7917.434788,1477.097671
16841.18574,7917.434788,1477.489348
16836.15237,7916.888891,1477.760314
16840.19292,7917.360571,1477.760314
16834.27715,7912.25042,1477.508602
16834.54674,7911.212614,1477.607335
16835.35654,7917.434788,1475.85687
16838.64115,7917.434186,1477.538786
16827.41557,7912.339967,1475.39389
16818.90476,7911.071926,1474.566108
16837.48618,7914.81151,1476.40898
16841.18574,7917.434788,1477.553279
16841.18574,7915.784103,1477.760314
16837.80366,7917.434788,1477.760314
16832.84981,7913.658856,1477.511781
16836.99605,7917.434788,1477.619355
16835.68763,7915.212268,1476.416912
16829.78783,7912.98053,1476.880931
16819.06768,7917.434788,1475.046494
16808.47313,7912.556115,1474.55497
16836.69227,7917.434788,1476.782947
16835.70854,7910.751419,1476.74225
16837.81701,7917.434788,1477.760314
16838.24083,7911.948385,1477.760314
16839.17179,7917.434788,1476.957182
16832.29214,7916.908265,1476.658127
16832.65138,7914.193476,1475.739007
16820.16346,7916.514971,1475.333942
16835.46543,7915.317057,1476.86772
16819.52915,7909.252198,1473.771713
16827.22024,7914.618182,1474.406789
16830.68292,7917.272419,1475.237341
16838.73048,7917.434788,1477.760314
16839.55487,7915.122162,1476.974764
16831.64169,7917.271015,1476.751672
16826.81265,7915.405451,1475.932804
16839.18786,7915.24376,1477.308946
16832.10315,7910.042439,1476.691043
16828.97169,7914.778996,1475.56855
16815.24636,7910.312236,1472.032821
16829.14481,7913.000513,1476.414319
16835.40545,7916.239664,1477.760314
16836.52438,7910.297583,1477.081962
16839.47924,7917.434788,1477.48895
16832.97739,7913.103635,1477.760314
16838.08043,7917.434788,1476.713424
16835.87942,7913.509817,1476.765754
16832.45504,7913.78367,1476.170344
16826.48166,7916.220179,1476.552079
16832.81769,7913.014294,1475.329659
16808.20344,7913.496012,1474.683571
16824.93669,7913.00608,1470.643011
16837.45693,7911.726988,1476.580378
16841.18574,7915.495521,1477.760314
16841.18574,7917.281238,1477.760314
16837.24623,7912.631977,1476.693383
16833.60749,7910.863368,1476.82038
16840.63745,7915.21329,1476.504594
16833.43036,7912.483185,1474.133659
16835.77503,7911.505214,1473.721442
16824.6805,7911.494751,1475.443708
16837.55858,7915.058241,1476.248316
16835.09727,7913.296031,1476.036918
16841.18574,7917.434788,1477.760314
16841.18574,7917.434788,1477.533429
16841.18574,7917.434788,1477.760314
16840.63811,7917.434788,1474.854787
16838.60176,7910.93424,1477.071636
16833.3904,7916.539299,1477.394962
16839.76158,7911.291088,1476.039237
16836.07362,7911.392664,1475.863054
16834.61209,7913.036113,1473.597338
16836.12888,7913.619003,1473.517815
16841.18574,7917.434788,1476.946957
16841.18574,7917.434788,1477.760314
16841.18574,7917.434788,1477.760314
16841.18574,7917.434788,1476.912081
16837.42805,7916.478569,1477.157374
16841.18574,7917.434788,1476.588494
16839.03353,7915.202642,1477.760314
16835.17856,7913.474924,1475.350393
16836.80307,7913.310399,1474.863279
16839.92911,7917.434788,1475.68877
16840.45946,7917.434788,1477.278467
16841.18574,7917.434788,1477.760314
16841.18574,7917.434788,1477.760314
16841.18574,7917.434788,1477.760314
16841.18574,7916.766187,1476.797334
16837.80304,7916.934313,1476.700272
16838.03938,7917.434788,1477.213576
16840.74194,7915.179119,1476.859399
16827.86094,7917.430572,1477.52135
16829.58316,7916.999147,1475.209896
16831.6873,7917.434788,1476.800403
16841.18574,7917.434788,1477.718476
16841.18574,7917.434788,1477.760314
16841.18574,7917.434788,1477.760314
16839.8761,7917.433804,1477.456875
16840.68683,7917.434788,1477.760314
16836.88343,7917.434788,1477.288998
16837.23788,7916.559283,1477.638157
16833.13576,7916.715381,1475.529684
16838.66068,7916.464647,1475.496139
16840.13226,7917.434788,1477.190089
16837.97489,7917.434788,1477.089975
16841.18574,7917.434788,1477.760314
16840.91038,7917.434788,1477.760314
16841.18574,7917.37861,1477.760314
16839.80263,7917.434788,1477.573169
16836.82754,7915.255774,1477.760314
16837.22368,7917.434788,1477.011671
16838.60723,7917.434788,1477.391642
16828.35018,7914.252288,1474.808368
16834.81992,7915.41277,1476.532745
16832.98288,7915.291195,1477.46
16841.18574,7917.434788,1477.760314
16841.18574,7917.434788,1477.760314
16841.18574,7917.434788,1477.760314
16838.8174,7917.434788,1477.035138
16829.7039,7917.434788,1476.919389
16837.04594,7916.684969,1477.496445
16833.40142,7917.009693,1477.409669
16833.23083,7916.412277,1477.576019
16830.60606,7915.870446,1476.814038
16830.27921,7914.891085,1477.235299
16834.53312,7917.434788,1477.347441
16840.86476,7917.434788,1477.760314
16841.18574,7917.430042,1477.760314
16840.25901,7917.434788,1476.947453
16839.58924,7917.434788,1477.718476
16838.01378,7915.495521,1477.760314
16834.08994,7917.434788,1477.448444
16833.47466,7915.565654,1477.760314
16830.867,7910.325969,1476.232297
16832.17792,7913.365181,1475.93616
16828.24633,7915.079871,1476.521547
16839.65458,7917.434788,1477.51526
16836.00528,7917.003321,1477.760314
16837.60642,7917.434788,1477.760314
16834.35243,7914.044792,1477.760314
16837.74032,7917.349988,1477.388026
16837.03376,7917.157473,1477.760314
16834.36763,7915.115888,1476.370047
16836.87419,7912.962162,1476.833849
16825.71993,7911.503961,1473.379156
16832.96067,7914.711119,1476.349689
16838.30725,7917.432085,1476.540597
16833.97298,7917.426894,1476.954938
16839.59958,7917.434788,1477.760314
16835.90193,7915.386417,1477.004253
16838.67955,7917.434788,1477.139319
16836.3383,7911.23684,1477.520606
16834.80445,7913.905785,1476.010203
16839.24457,7917.424004,1477.760314
16831.40887,7913.548078,1475.63332
16827.17898,7914.433653,1474.938192
16833.08032,7910.764871,1473.933805
16835.64063,7917.434788,1477.478838
17168.64928,9813.863984,2028.475157
17154.23057,9812.488077,2024.433414
17166.12342,9809.500494,2028.475157
17169.7216,9818.906422,2027.163106
17164.45968,9807.232341,2026.711295
17165.88412,9814.362012,2026.623774
17159.21063,9811.865012,2025.087714
17162.50383,9812.678507,2024.764369
17162.52174,9812.722757,2024.680565
17158.98381,9816.994209,2025.598342
17164.09598,9818.148425,2027.251159
17166.45941,9816.297274,2028.096329
17164.96745,9816.505068,2028.475157
17164.30949,9816.442345,2028.011819
17167.53877,9816.075013,2027.736932
17167.3145,9818.979238,2026.75264
17164.78746,9813.317479,2027.684351
17161.58389,9803.539966,2024.888514
17162.34749,9811.361476,2026.64152
17155.57452,9814.094794,2023.787019
17169.7216,9818.979238,2026.247161
17167.35233,9816.23856,2026.986462
17167.14478,9818.979238,2027.789381
17164.24789,9811.807916,2028.067032
17169.49701,9818.210658,2028.475157
17169.7216,9818.541849,2028.098674
17157.57838,9813.626035,2024.398551
17156.24287,9818.253069,2024.984471
17162.26623,9818.979238,2027.577021
17162.10375,9813.874082,2024.545575
17168.79444,9818.979238,2027.127878
17169.7216,9818.979238,2028.475157
17169.18501,9816.057156,2027.882831
17164.6847,9818.979238,2026.266724
17167.04303,9817.305479,2027.295805
17160.72207,9814.361903,2027.336645
17166.57098,9812.337522,2025.527683
17162.77163,9817.216043,2026.976341
17161.34806,9801.256878,2020.931835
17159.20663,9818.38246,2024.878822
17166.11831,9816.665928,2027.692941
17169.7216,9818.979238,2028.475157
17168.0722,9818.979238,2028.475157
17164.4688,9818.004953,2028.475157
17167.44394,9816.158295,2022.876928
17167.38122,9818.979238,2028.475157
17163.67952,9807.341063,2025.441908
17165.69507,9815.018203,2024.287316
17164.31201,9815.437189,2025.45615
17160.89711,9816.159105,2024.216762
17167.38709,9818.979238,2026.44408
17169.7216,9818.979238,2027.661674
17169.7216,9818.978165,2028.475157
17169.7216,9818.45826,2028.475157
17168.88857,9818.979238,2027.119635
17164.59983,9816.914032,2028.076461
17162.8857,9816.388799,2027.505124
17169.7216,9815.101566,2020.149775
10083.04108,8399.609133,1627.18049
10081.89496,8396.120011,1624.361202
10088.17642,8398.076055,1625.982321
10089.05747,8399.945348,1627.931872
10089.54468,8399.515184,1628.075294
10089.54468,8399.758915,1628.075294
10085.57662,8394.626321,1626.669296
10089.41221,8400.188227,1627.421695
10089.54468,8398.37895,1628.075294
10083.01798,8400.172085,1625.248829
10087.62586,8400.168587,1625.314714
10082.49361,8400.188227,1625.102693
10089.54468,8400.188227,1627.889673
10088.88842,8395.796005,1627.669723
10089.54468,8400.188227,1628.075294
10089.54468,8400.188227,1628.075294
10087.65821,8400.188227,1628.075294
10088.0968,8400.188227,1628.075294
10087.45956,8400.188227,1627.947559
10087.13234,8394.781221,1627.706643
10087.1708,8397.615865,1628.075294
10088.24227,8399.307139,1627.714607
10086.79602,8397.611768,1627.772766
10086.09429,8395.465434,1627.178207
10088.35027,8400.188227,1627.85369
10089.54468,8400.188227,1628.075294
10089.54468,8400.188227,1628.075294
10089.54468,8395.037994,1628.075294
10087.46971,8400.188227,1628.075294
10089.54468,8400.188227,1627.607582
10088.90387,8397.837417,1627.498013
10087.74123,8400.188227,1627.498013
10087.36479,8398.593889,1627.346701
10087.76374,8400.188227,1627.221506
10089.54468,8400.188227,1628.075294
10089.54468,8400.188227,1628.075294
10089.31515,8400.188227,1628.075294
10089.54468,8400.188227,1628.075294
10089.54468,8400.182476,1628.075294
10089.16524,8396.972978,1628.075294
10088.79524,8394.536808,1628.075294
10089.54468,8397.616286,1627.849791
10088.95327,8397.450275,1628.075294
10085.19877,8395.827351,1627.40191
10088.63353,8399.615765,1628.075294
10089.54468,8400.188227,1628.075294
10089.54468,8400.188227,1628.075294
10089.54468,8400.181441,1628.075294
10089.54468,8395.959457,1628.075294
10089.03295,8400.188227,1628.075294
10089.35347,8398.952808,1628.075294
10087.46399,8400.162214,1628.075294
10088.38609,8400.060724,1627.235391
10086.26215,8397.944461,1623.806397
10088.35126,8398.042637,1627.48453
10089.54468,8400.188227,1628.075294
10089.54468,8400.188227,1628.075294
10089.54468,8400.188227,1628.075294
10089.22633,8400.188227,1628.075294
10089.12358,8399.087764,1628.075294
10089.0817,8400.188227,1626.864778
10086.90831,8399.710943,1626.53055
10088.46135,8399.591449,1627.208057
10085.63962,8397.790707,1625.62465
10083.61943,8397.150962,1627.196476
10088.41799,8400.188227,1626.579875
10086.55235,8400.188227,1627.875362
10089.54468,8400.188227,1628.075294
10089.21221,8398.08004,1628.075294
10087.71877,8398.603156,1627.783708
10089.01768,8399.066379,1628.075294
10088.16681,8399.259337,1627.387741
10088.24336,8400.179841,1628.075294
10086.52484,8395.29052,1628.075294
10087.24579,8398.36553,1628.075294
10088.21694,8397.393004,1628.075294
10089.54468,8400.188227,1628.075294
10089.27802,8400.188227,1628.075294
10088.94356,8396.527915,1628.075294
10089.54468,8399.259337,1628.075294
10088.18255,8400.188227,1628.075294
10080.92613,8394.444992,1628.075294
10085.57742,8400.188227,1628.075294
10085.47665,8397.826104,1627.95538
10087.62472,8392.391449,1628.075294
10089.54468,8397.9941,1628.075294
10088.46468,8400.188227,1626.81776
10089.36422,8400.187154,1628.075294
10089.54468,8400.188227,1628.075294
10086.11067,8397.855418,1627.052926
10089.03273,8398.116927,1628.075294
10087.51878,8400.188227,1627.997465
10088.21251,8400.188227,1627.498466
10085.17307,8392.34657,1627.231093
10084.1014,8395.009125,1628.075294
10083.88315,8395.006365,1627.752325
10087.89047,8397.825179,1628.075294
10087.79078,8398.039651,1628.075294
10089.54468,8400.188227,1628.075294
10086.28565,8400.188227,1628.075294
10089.36422,8400.188227,1628.075294
10086.00009,8398.789171,1628.075294
10088.78408,8400.107768,1628.075294
10085.99378,8394.303698,1627.774593
10086.22038,8395.587522,1627.397241
10086.2503,8398.001559,1627.818084
10081.54023,8397.22115,1627.790495
10086.59338,8400.188227,1628.075294
10087.73948,8400.188227,1628.075294
10087.46563,8399.320543,1628.075294
10089.54468,8400.188227,1628.075294
10084.92119,8400.188227,1628.075294
10087.70021,8399.937364,1628.075294
10087.87737,8400.178945,1627.680859
10082.60037,8396.529785,1627.441532
10085.65462,8396.721754,1627.600945
10080.74932,8393.339939,1626.197595
10087.57452,8400.188227,1628.075294
10088.1161,8400.182476,1626.912128
10089.54468,8400.164744,1628.075294
10089.54468,8400.188227,1626.74873
10088.74268,8399.390597,1628.075294
10087.08724,8397.520604,1628.075294
10079.87822,8396.208862,1627.721429
10085.04022,8400.188227,1626.807292
10082.52322,8396.36107,1627.785609
10081.34958,8395.607782,1625.823775
10087.13748,8400.182575,1626.248752
10088.73127,8399.455058,1626.580242
10089.54468,8400.188227,1628.075294
10089.54468,8400.188227,1628.075294
10088.58829,8400.188227,1628.075294
10089.54468,8397.03905,1628.075294
10087.38153,8398.393814,1628.075294
10086.68255,8400.012803,1628.075294
10084.96556,8399.202541,1626.090794
10081.42176,8397.382756,1623.306294
10086.31058,8399.359464,1625.543156
10088.11181,8400.188227,1628.075294
10089.54468,8400.188227,1628.075294
10089.54468,8400.188227,1628.075294
10089.54468,8399.821076,1628.075294
10089.54468,8399.659786,1628.075294
10086.71015,8399.243699,1628.075294
10089.28821,8399.803187,1628.075294
10088.00602,8397.718588,1625.752417
10081.4471,8396.318316,1623.617214
10085.719,8398.48361,1626.528042
10084.86965,8399.744382,1627.606028
10088.8917,8399.549915,1627.766271
10089.54468,8400.188227,1628.075294
10089.54468,8400.188227,1628.075294
10088.68859,8397.955795,1628.075294
10088.06471,8400.170084,1628.075294
10085.36543,8400.188227,1627.699153
10088.59521,8400.188227,1627.599997
10083.43758,8400.095899,1624.476893
10083.45347,8399.359464,1623.868882
10082.97529,8399.528965,1626.661251
10088.08938,8400.188227,1627.638914
10088.95932,8400.188227,1628.075294
10089.54468,8400.188227,1628.075294
10087.53627,8400.188227,1628.075294
10089.16509,8399.957515,1628.075294
10087.20895,8399.985567,1627.641113
10087.79867,8400.092934,1624.523181
10085.15301,8400.172473,1620.820509
10083.08032,8399.058093,1625.391899
10082.71802,8399.704913,1625.363866
10087.88403,8398.551582,1624.538205
10089.54468,8399.280786,1627.560768
10089.54468,8400.188227,1628.075294
10088.9127,8400.188227,1628.075294
10087.21806,8396.089141,1627.075713
10084.74016,8399.057638,1627.223327
10087.24298,8399.719639,1626.469823
10086.11374,8400.188227,1625.768285
10086.20427,8400.102788,1624.186084
10070.65714,8396.452016,1622.994296
10084.79087,8396.046622,1623.960437
10087.90239,8397.632313,1627.909042
10089.22524,8400.188227,1628.075294
10088.56233,8400.188227,1628.075294
10088.74639,8400.188227,1627.130901
10083.54744,8398.042637,1627.917367
10087.16088,8400.182822,1628.075294
10085.98039,8397.312663,1624.30466
10085.78607,8399.314434,1625.428081
10084.12349,8397.484852,1625.003818
10087.77067,8397.391368,1626.489605
10088.83225,8397.630351,1626.874086
10089.54468,8399.336462,1628.075294
10089.54468,8400.188227,1628.075294
10089.54468,8396.816105,1628.075294
10085.38621,8399.985567,1627.535076
10089.2053,8399.985567,1627.603829
10089.15909,8399.509412,1627.076832
10089.54468,8400.188227,1628.075294
10079.08355,8394.749586,1626.320768
10085.81496,8397.863632,1626.935044
10086.32108,8396.283978,1627.708266
10089.54468,8400.188227,1627.908728
10089.54468,8400.188227,1628.075294
10089.54468,8397.3897,1628.075294
10089.54468,8398.546396,1627.873939
10089.54468,8399.390597,1627.563189
10089.31566,8397.564911,1627.913263
10087.37179,8396.621989,1627.640856
10084.52253,8393.375911,1624.867992
10081.13282,8396.161087,1627.762176
10087.64401,8400.188227,1627.920868
10089.37808,8399.779112,1628.075294
10089.54468,8400.188227,1628.075294
10088.38903,8400.188227,1628.075294
10089.54468,8397.3897,1628.075294
10089.54468,8400.188227,1627.905959
10085.85461,8400.188227,1626.773977
10088.28993,8398.496775,1628.075294
10087.58805,8393.51323,1625.846286
10083.5448,8397.224755,1625.164784
10084.57075,8394.352789,1625.332365
10088.71123,8392.552912,1625.486848
10089.54468,8400.188227,1627.999763
10089.54468,8400.188227,1628.075294
10089.54468,8400.188227,1628.075294
10086.19003,8399.474408,1626.386769
10085.92014,8394.162596,1627.653758
10087.5928,8400.188227,1626.973684
10087.37352,8397.727708,1625.826332
10070.8154,8389.936711,1623.015565
10084.68175,8397.965937,1625.184269
10082.61169,8390.839874,1624.112326
10088.93761,8397.922894,1627.76301
10087.99713,8395.130665,1628.075294
10088.16823,8399.553459,1627.03973
10086.37823,8394.944334,1626.061353
10086.734,8397.719364,1626.625237
10086.84898,8392.930177,1626.873101
10078.1672,8397.517066,1624.893506
10080.31248,8385.817565,1626.174997
10083.34052,8390.751052,1626.652394
10084.67047,8385.655799,1625.277229
10082.15267,8391.651428,1622.945658
10086.2937,8400.188227,1626.135789
10088.75347,8400.171721,1627.352866
10085.3741,8397.990637,1626.749328
10078.4616,8391.175205,1623.474511
10086.5843,8392.523222,1624.432813
10088.29911,8399.562013,1627.54022
10083.21448,8397.827075,1623.298587
10080.2442,8391.036222,1623.075055
10078.77117,8393.038943,1622.712815
10081.59806,8398.93061,1620.496968
10085.90647,8399.967423,1624.31033
10085.42798,8399.674048,1625.896049
10088.37119,8397.853968,1625.933094
10082.6282,8395.343149,1625.390616
10085.7565,8400.188227,1623.477698
10085.07742,8396.406977,1622.618291
10081.46003,8388.703781,1623.968081
10081.01891,8391.448248,1621.652088
10081.02973,8399.966735,1623.66621
10080.64468,8393.022945,1622.299098
10081.27793,8393.100319,1623.179605
10086.19528,8394.492922,1626.030351
10088.56817,8395.952521,1628.075294
10080.65342,8397.724631,1624.710771
10084.33789,8391.872194,1625.785635
10082.38365,8393.704253,1623.666298
10084.71248,8400.188227,1626.409438
10084.37735,8396.885465,1621.600445
10075.49809,8378.980117,1618.937311
10079.47828,8386.639313,1618.275303
10073.7197,8382.498464,1617.826186
10089.54468,8397.123756,1627.508592
10088.94468,8400.188227,1627.958025
10085.27474,8396.860262,1625.702778
10086.2107,8398.864947,1627.478931
10086.99025,8396.954295,1628.075294
10086.60737,8398.014447,1626.273178
10077.87514,8394.913514,1622.090725
10075.77083,8398.262247,1622.055483
10085.09437,8394.245507,1626.886108
10078.05414,8395.30962,1621.728583
10085.09882,8395.677185,1623.264243
10089.54468,8400.188227,1627.990202
10089.54468,8400.188227,1627.353335
10084.91084,8400.188227,1625.750041
10083.52068,8397.11483,1624.751416
10087.443,8397.071977,1621.4455
10086.04767,8399.712477,1623.197694
10083.28363,8396.393088,1625.379483
10074.69797,8394.844743,1624.632921
10070.83611,8388.573675,1615.418532
10083.99081,8392.587493,1619.991913
10088.95699,8400.188227,1627.291586
10088.8829,8400.188227,1628.075294
10088.62183,8400.188227,1627.906807
10088.00417,8397.601045,1628.075294
10087.93644,8400.188227,1627.612065
10085.22031,8397.201157,1626.587394
10075.40829,8399.187832,1621.648587
10078.83928,8394.37436,1624.139418
10086.93464,8395.37125,1624.729365
10077.44252,8396.919069,1622.2989
10086.67517,8400.188227,1627.2781
10088.54227,8400.188227,1628.075294
10089.54468,8400.188227,1628.075294
10088.19248,8400.188227,1628.075294
10088.95752,8400.162059,1626.644814
10089.21306,8399.370413,1628.075294
10085.45169,8397.850046,1625.554693
10086.17225,8400.178028,1626.521658
10081.27959,8394.942432,1621.537679
10081.91871,8400.141007,1625.679591
10088.52391,8400.188227,1626.529804
10089.30015,8400.188227,1628.075294
10089.54468,8400.188227,1628.075294
10089.54468,8400.188227,1628.075294
10086.86372,8396.23828,1628.075294
10088.52848,8400.188227,1626.709432
10086.75449,8400.167234,1628.075294
10088.25285,8400.180445,1627.612378
10089.12443,8400.188227,1628.075294
10083.35594,8400.188227,1628.075294
10089.47633,8400.188227,1628.075294
10088.64073,8400.188227,1628.075294
10089.54468,8400.188227,1628.075294
10089.54468,8400.188227,1628.075294
10089.54468,8400.188227,1628.075294
10088.77056,8400.188227,1628.075294
10088.32135,8394.074953,1628.075294
10088.90935,8399.906194,1628.075294
10087.50522,8397.655742,1628.075294
10085.97046,8400.188227,1628.075294
10087.61022,8400.188227,1628.075294
10088.3039,8398.121407,1628.075294
10089.54468,8400.188227,1628.075294
10089.54468,8400.188227,1628.075294
10087.92356,8400.188227,1628.075294
10088.6284,8400.188227,1628.075294
10089.54468,8400.188227,1628.075294
10089.54468,8400.188227,1628.075294
10085.73221,8400.188012,1628.075294
10084.44658,8400.188227,1627.275172
10088.51614,8400.188227,1628.075294
10084.06222,8400.188227,1628.075294
10089.54468,8400.188227,1628.075294
10088.6843,8400.188227,1628.075294
10089.54468,8400.188227,1627.833282
10088.68323,8400.188227,1628.075294
10088.13041,8400.112455,1628.075294
10086.76075,8397.715444,1628.075294
10086.35619,8400.182491,1628.075294
10084.97918,8400.188227,1628.075294
10083.04155,8400.188227,1628.075294
10081.83295,8393.403521,1627.974725
10088.98037,8400.188227,1627.778518
10086.51514,8400.188227,1628.075294
10089.41219,8400.188227,1628.075294
10089.2053,8400.188227,1628.075294
10087.18784,8397.973579,1627.109073
10089.54468,8400.188227,1628.075294
10089.16882,8400.184073,1628.075294
10084.90948,8400.112455,1627.208161
10084.6794,8397.894975,1628.075294
10086.41781,8394.60326,1627.802926
10089.54468,8400.188227,1628.075294
10086.3077,8396.171375,1628.075294
10085.14121,8396.647741,1628.075294
10086.90603,8399.985567,1628.075294
10089.22842,8399.893026,1628.075294
10087.91299,8400.187486,1627.668574
10084.55961,8398.484911,1627.737887
10083.6063,8398.399326,1627.869882
10086.07649,8400.188227,1627.893877
10084.92666,8397.472977,1628.075294
10081.94596,8400.188227,1627.606501
10087.94468,8396.867628,1625.942123
10088.18593,8400.179333,1628.075294
10089.54468,8400.150386,1628.075294
10085.12409,8400.174676,1627.869882
10084.89627,8398.088097,1625.240573
10085.72055,8400.188227,1628.075294
10085.38895,8399.853471,1626.840875
10082.79148,8399.548851,1627.386759
10082.31217,8395.851777,1625.468446
10085.8258,8398.146204,1627.221757
10085.58475,8397.908586,1627.949083
10087.45954,8400.177893,1628.075294
10089.01558,8398.881116,1628.075294
10081.74294,8396.21107,1628.075294
10086.32611,8400.188227,1627.50868
10087.03125,8400.188227,1627.160141
10083.75322,8397.07723,1627.599169
10084.63935,8395.327478,1627.307124
10080.06409,8394.000993,1626.796992
10087.93878,8399.079023,1627.802926
10087.76892,8394.805929,1625.822535
10088.81988,8399.38363,1626.002133
10087.77012,8400.188227,1628.075294
10085.23889,8398.479816,1628.075294
10084.60911,8400.188227,1627.598006
10082.30541,8392.511842,1625.838404
10085.76695,8397.106594,1627.439809
10084.45844,8397.982283,1626.948489
10084.71677,8393.023946,1627.129346
10086.94371,8391.375879,1627.470404
10081.10855,8397.792538,1624.781094
10087.12357,8398.033137,1626.855358
10089.54468,8400.188227,1628.075294
10088.2368,8399.985567,1625.825013
10087.12352,8399.484598,1627.923636
10087.26962,8398.616551,1627.167832
10086.60402,8400.188227,1627.827039
10087.88887,8393.420442,1627.094119
10079.53556,8395.813601,1623.684024
10084.32205,8396.515214,1623.879278
10081.04469,8395.517295,1626.18567
10079.68022,8395.946019,1623.077161
10088.45375,8400.188227,1625.448823
10087.75479,8400.003577,1626.446894
10085.58608,8400.094894,1626.16308
10083.46405,8400.188227,1625.769273
10083.80902,8399.259337,1626.485673
10088.10279,8396.868572,1625.899902
10078.49822,8396.66135,1623.568054
10084.05604,8400.188227,1624.49978
10077.32963,8395.789003,1619.511078
10082.40565,8400.188227,1622.156061
10089.54468,8397.474997,1626.004518
10088.7567,8399.573395,1627.814509
10089.54468,8400.188227,1628.075294
10083.86673,8395.336914,1627.038659
10079.7369,8399.515065,1626.691207
10087.05097,8398.184944,1627.173679
10080.07907,8398.933797,1624.160201
10083.31669,8397.443115,1624.117461
10075.75281,8392.677559,1621.115745
10077.87525,8395.296266,1616.855176
10086.23054,8400.188227,1626.095072
10089.07321,8400.188227,1627.841415
10088.67271,8400.188227,1627.98026
10087.68237,8398.889486,1628.075294
10089.34385,8400.119485,1625.491094
10088.06556,8398.108389,1628.075294
10083.69593,8394.113863,1625.415285
10080.93589,8399.230733,1624.515006
10083.22316,8396.136178,1624.546368
10080.45967,8385.809523,1619.584551
10085.15442,8395.022582,1624.978853
10089.35446,8400.188227,1625.184769
10089.24836,8400.188227,1628.075294
10089.54468,8399.095985,1628.075294
10543.21169,9678.205692,1954.474639
10541.74715,9682.472015,1956.538893
10541.58168,9685.204568,1957.220887
10544.3087,9688.891289,1955.827883
10542.22461,9685.515691,1951.081228
10535.27335,9681.804271,1946.520055
10540.06207,9685.45341,1953.341287
10542.66025,9687.378295,1955.835368
10544.3087,9688.891289,1957.949042
10543.17817,9688.891289,1957.949042
10543.95997,9688.891289,1957.949042
10544.3087,9688.891289,1957.949042
10543.02141,9688.206675,1957.949042
10542.01119,9686.626123,1957.949042
10542.10256,9684.406919,1957.949042
10538.80495,9685.908991,1957.411641
10542.59761,9688.891289,1956.823576
10543.43514,9686.207906,1957.949042
10544.3087,9688.891289,1957.949042
10544.3087,9688.891289,1957.949042
10544.3087,9688.891289,1957.949042
10544.3087,9688.891289,1957.949042
10544.3087,9688.891289,1957.949042
10543.48241,9685.520271,1957.949042
10544.3087,9688.891289,1957.949042
10542.99782,9685.030312,1957.949042
10543.89316,9688.891289,1957.768703
10544.3087,9686.731962,1957.949042
10544.3087,9688.891289,1957.949042
10544.3087,9688.891289,1957.949042
10544.3087,9688.891289,1957.949042
10544.3087,9688.891289,1957.949042
10544.07925,9688.891289,1957.949042
10544.3087,9688.891289,1957.949042
10543.04775,9688.891289,1957.949042
10543.05691,9685.193082,1957.949042
10544.3087,9688.891289,1957.949042
10542.68128,9688.891289,1957.949042
10543.95731,9688.891289,1957.949042
10544.3087,9688.891289,1957.949042
10544.3087,9688.891289,1957.949042
10544.3087,9688.891289,1957.949042
10544.3087,9688.891289,1957.949042
10544.12283,9688.891289,1957.949042
10544.3087,9688.891289,1957.949042
10544.3087,9688.891289,1957.949042
10543.4184,9688.89075,1957.949042
10544.3087,9686.12072,1957.949042
10544.3087,9688.891289,1957.949042
10543.94455,9688.891289,1957.949042
10544.3087,9688.891289,1957.949042
10544.3087,9688.891289,1957.949042
10544.3087,9687.382124,1957.949042
10543.90841,9688.891289,1957.949042
10543.95405,9688.891289,1957.949042
10544.3087,9688.891289,1957.949042
10542.48635,9686.557893,1957.386175
10543.83706,9677.426273,1957.650233
4689.026145,6784.894921,1853.249345
4688.842663,6786.845723,1853.249345
4689.026145,6786.845723,1853.249345
4688.774809,6786.845723,1853.249345
4688.539364,6786.736066,1853.113813
4689.026145,6786.312226,1853.249345
4688.599253,6786.811615,1852.766116
4688.701921,6786.845723,1852.750571
4689.026145,6785.456153,1853.249345
4688.822604,6783.987291,1853.213489
4687.574481,6783.072093,1851.187572
4686.629211,6786.845723,1853.097858
4688.548405,6783.981346,1852.655673
4689.026145,6786.845723,1853.249345
4689.026145,6786.845723,1851.825801
4686.890613,6784.508109,1852.974517
4687.267022,6785.668844,1852.710638
4686.374586,6784.84585,1852.236754
4689.026145,6786.845723,1853.106963
4687.962514,6782.426236,1849.052258
4684.375843,6782.264932,1850.399189
4687.18985,6785.724286,1849.774897
4687.177646,6784.9288,1852.634364
4689.026145,6786.845723,1852.622458
4689.026145,6786.007007,1852.395671
4686.342129,6785.337607,1849.706001
4688.297065,6782.360239,1851.478467
4685.686764,6783.520742,1853.206213
4688.22093,6784.523566,1849.779311
4685.92997,6781.105839,1844.588647
4687.056051,6783.615975,1845.270238
4685.863724,6785.626729,1848.631156
4685.845827,6785.44949,1848.427906
4688.658336,6786.845723,1852.208852
4689.026145,6786.013864,1852.786182
4688.917219,6786.845723,1853.249345
4684.844825,6786.845723,1847.947674
4684.798993,6786.479206,1852.076918
4686.643538,6780.647034,1849.613375
4687.257114,6786.845723,1848.767179
4680.517008,6785.037661,1842.474126
4682.165492,6782.139554,1849.004581
4685.833356,6781.375213,1844.210902
4688.262955,6785.583076,1850.438774
4689.026145,6786.241822,1852.54948
4688.295663,6785.365034,1852.909137
4686.967336,6781.81355,1850.053708
4686.532223,6784.529974,1852.198081
4688.205367,6786.845723,1853.249345
4686.47124,6781.68895,1849.916208
4686.932026,6782.755203,1848.610534
4683.708566,6782.927147,1848.57508
4687.83453,6785.429679,1851.250907
4686.495258,6785.620074,1849.597604
4689.003094,6785.250959,1850.904859
4688.71226,6783.16021,1851.378229
4688.856492,6784.593437,1853.249345
4687.140871,6786.845723,1851.12992
4688.116372,6781.418812,1852.949519
4684.156941,6784.684209,1852.565996
4687.564198,6782.488016,1853.086412
4686.330767,6786.845723,1853.249345
4681.246925,6783.29982,1843.118119
4686.139549,6785.788652,1851.58982
4686.424006,6785.775823,1852.31217
4689.026145,6786.845723,1853.249345
4688.615404,6786.845723,1852.717408
4686.312717,6784.893077,1852.791415
4685.083834,6786.845723,1852.836421
4687.775646,6786.308432,1853.249345
4687.166613,6786.00799,1852.690446
4686.134794,6783.198324,1850.475915
4682.477794,6784.217523,1845.63594
4686.933336,6785.357576,1849.520551
4688.887374,6786.000898,1851.60305
4688.824918,6786.845723,1852.457598
4687.345272,6786.845723,1853.249345
4685.862984,6786.845723,1850.317238
4688.866922,6786.845723,1853.249345
4686.426447,6786.332557,1852.626863
4688.22093,6785.090759,1853.249345
4685.632165,6784.980624,1850.527839
4686.021192,6782.227864,1850.025764
4686.097965,6785.214188,1849.16156
4685.615414,6786.845723,1850.571609
4689.026145,6786.845723,1852.141251
4688.964267,6786.845723,1853.249345
4689.026145,6786.845723,1853.249345
4687.808181,6786.845723,1853.249345
4688.568829,6786.003114,1853.249345
4688.6495,6786.827281,1852.954461
4688.293195,6786.845723,1853.249345
4685.089588,6784.201238,1851.982914
4686.031758,6786.434104,1850.46483
4687.385015,6786.375681,1850.402096
4689.026145,6786.845723,1853.249345
4689.026145,6786.845723,1853.249345
4689.026145,6786.845723,1853.249345
4688.694734,6785.817571,1853.249345
4688.090246,6785.804664,1853.249345
4688.51741,6785.821557,1853.249345
4687.305814,6784.605917,1853.249345
4688.842105,6786.707639,1852.860636
4688.48363,6786.845723,1853.249345
4687.019708,6786.845723,1853.249345
4688.78915,6786.845723,1853.249345
4689.026145,6786.845723,1853.249345
4689.026145,6786.845723,1853.249345
4689.026145,6786.845723,1853.249345
4688.39796,6786.845723,1853.249345
4689.026145,6786.845723,1853.249345
4688.519551,6786.845723,1853.249345
4688.603307,6786.845723,1853.249345
4689.026145,6786.845723,1853.249345
4687.777998,6782.584626,1853.249345
4688.71226,6786.845723,1853.249345
4689.026145,6786.845723,1853.249345
4689.026145,6786.845723,1853.249345
4689.026145,6786.845723,1853.249345
4689.026145,6786.832256,1853.249345
4689.026145,6786.820134,1853.249345
4689.026145,6786.845723,1853.249345
4687.753852,6786.845723,1853.249345
4687.018496,6786.780471,1852.650656
4687.102669,6786.540278,1852.785313
4688.543296,6786.845723,1852.611064
4689.026145,6786.845723,1852.873219
4689.026145,6786.845723,1853.249345
4689.026145,6786.845723,1853.249345
4688.72725,6786.845723,1853.249345
4689.026145,6785.899226,1853.249345
4689.00162,6786.845723,1852.788292
4688.634545,6783.06708,1853.012801
4688.12139,6784.903533,1853.249345
4688.974541,6786.845723,1852.750142
4687.108009,6785.448076,1849.836204
4686.802193,6777.254571,1851.358862
4689.026145,6786.845723,1852.799919
4689.026145,6786.845723,1853.249345
4688.96814,6785.585426,1852.650656
4689.026145,6785.56406,1853.159761
4688.826339,6785.353428,1852.857394
4688.384273,6781.700659,1853.249345
4688.680771,6784.399666,1853.249345
4688.790981,6786.845723,1847.626754
4688.942623,6784.695663,1850.966702
4687.392662,6786.228509,1851.764983
4688.939221,6786.845723,1850.801087
4689.026145,6786.845723,1852.333542
4688.917061,6785.235973,1853.249345
4688.61564,6784.941675,1852.703365
4688.144676,6783.387989,1852.928019
4687.573893,6785.583076,1852.717408
4688.977169,6785.615675,1851.975961
4688.63879,6783.917009,1848.996107
4686.873375,6785.214493,1852.89094
4687.451501,6784.839907,1851.255514
4688.12027,6785.377991,1851.485566
4688.816705,6786.845723,1852.601343
4688.792699,6783.479865,1852.548076
4688.777209,6786.845723,1853.249345
4687.62199,6785.165772,1852.490836
4688.052137,6784.013185,1850.603039
4688.560228,6786.845723,1852.331521
4688.635641,6785.544262,1850.776581
4687.373436,6783.445547,1851.887822
4687.482682,6784.289749,1851.152903
4683.695569,6784.142791,1851.310794
4688.1777,6786.845723,1852.671074
4689.026145,6785.114787,1851.829814
4688.179633,6785.446142,1852.811078
4689.016537,6783.059608,1850.953712
4688.802876,6784.222566,1850.29927
4687.75772,6786.845723,1853.249345
4687.122488,6784.184831,1848.538645
4686.246898,6784.139556,1852.633828
4687.016894,6783.473657,1851.106635
4688.214327,6786.812656,1847.695867
4688.027222,6786.498309,1850.945922
4687.985547,6786.845723,1849.883767
4689.026145,6786.230524,1851.217698
4687.025056,6786.845723,1851.150731
4688.917763,6785.214188,1851.905355
4686.520138,6786.803687,1853.249345
4688.427745,6786.506479,1850.894566
4687.157539,6785.727861,1851.003312
4689.026145,6784.864578,1850.599639
4682.470451,6785.981235,1845.338762
4687.387215,6784.733841,1850.071362
4687.442141,6786.043835,1849.175571
4689.026145,6786.845723,1853.249345
4689.026145,6779.967537,1853.07275
4687.481448,6785.687926,1849.915993
4685.616263,6786.845723,1852.520675
4688.403143,6784.378552,1852.741586
4687.681512,6786.163353,1853.249345
4685.042268,6784.731562,1851.878404
4683.775998,6783.496774,1846.877916
4687.372203,6784.873965,1850.93344
4688.98692,6785.816044,1848.755227
4689.026145,6786.845723,1852.314077
4688.839604,6784.232837,1853.249345
4687.258246,6782.129872,1848.660485
4689.026145,6786.845723,1853.040955
4688.516509,6780.78174,1852.549743
4684.482823,6785.439812,1850.531373
4687.210035,6782.36398,1849.099676
4687.985817,6780.960448,1851.106304
4687.425496,6783.734218,1848.791687
4686.568569,6784.563649,1846.948106
4688.521265,6786.845723,1852.263499
4689.026145,6786.043835,1853.249345
4689.026145,6786.845723,1853.249345
4688.063869,6784.843747,1853.249345
4688.441787,6786.845723,1853.249345
4687.877053,6786.844946,1851.198609
4687.345896,6786.845723,1853.249345
4684.253648,6783.929932,1849.828133
4687.123946,6786.137787,1850.990233
4684.92325,6781.680713,1845.595303
4688.78915,6786.845723,1851.074652
4689.026145,6786.845723,1853.249345
4689.026145,6785.483181,1853.249345
4688.826339,6779.059064,1853.249345
4689.001354,6783.635771,1853.086467
4688.829262,6785.338837,1853.249345
4687.444831,6786.324836,1853.249345
4686.103016,6779.840577,1848.739989
4686.17247,6783.050571,1850.580969
4687.861814,6786.812656,1847.824768
4688.885505,6786.55454,1846.664736
4689.026145,6785.505212,1853.047345
4689.026145,6785.891121,1853.249345
4689.026145,6786.845723,1853.249345
4689.026145,6786.845723,1853.249345
4687.753029,6783.4464,1852.08403
4686.871815,6784.680483,1851.515381
4687.946378,6781.179365,1849.887145
4688.699452,6786.845723,1846.541635
4685.110575,6779.671617,1848.824918
4687.22461,6786.625915,1852.533252
4685.949365,6786.845723,1852.908998
4689.026145,6786.845723,1853.249345
4689.026145,6786.845723,1853.249345
4688.721149,6783.645679,1853.000638
4688.274779,6780.223812,1851.491708
4686.747237,6786.336194,1851.660764
4689.026145,6785.301551,1852.199264
4686.686444,6786.354866,1847.11105
4682.270125,6785.638413,1848.020193
4684.684679,6786.812656,1847.230988
4688.920313,6785.312199,1853.249345
4689.026145,6786.845723,1853.249345
4689.026145,6786.845723,1853.249345
4688.642814,6785.985539,1853.249345
4688.826339,6786.845723,1853.249345
4689.010488,6784.711868,1851.878408
4685.831623,6786.32147,1852.131754
4688.54069,6785.968361,1849.29534
4686.136149,6786.455956,1849.242941
4688.602443,6783.260734,1849.715997
4688.395885,6783.850477,1851.203459
4687.486329,6786.845723,1853.107025
4689.026145,6786.845723,1853.249345
4689.026145,6786.845723,1853.249345
4688.954671,6785.687233,1853.249345
4688.318373,6786.808803,1852.453693
4687.997579,6786.845723,1853.029026
4687.708077,6786.845723,1852.883782
4687.030591,6784.745114,1850.654549
4685.825195,6786.845723,1852.159986
4688.122889,6785.591545,1853.249345
4688.846484,6786.845723,1853.249345
4689.026145,6786.845723,1853.249345
4689.026145,6786.845723,1853.249345
4688.780419,6786.838977,1853.249345
4687.49303,6786.775716,1852.792565
4688.921634,6786.028559,1853.249345
4689.026145,6786.828679,1853.249345
4687.208551,6786.838848,1852.947935
4686.478329,6786.845723,1852.975698
4688.541407,6786.844391,1852.93337
4688.748677,6783.983482,1853.249345
4689.026145,6786.845723,1853.249345
4689.026145,6786.845723,1853.249345
4688.982614,6786.239412,1853.249345
4689.026145,6786.845723,1853.249345
4688.780291,6784.119366,1852.711719
4688.572538,6786.845723,1852.714821
4687.482717,6783.10217,1851.947925
4688.431048,6786.845723,1851.533991
4687.057115,6785.116549,1853.249345
4688.621765,6786.282711,1853.249345
4688.79915,6786.845723,1853.249345
4689.026145,6786.845723,1853.249345
4689.026145,6786.845723,1853.249345
4689.002596,6786.845723,1853.249345
4688.440593,6786.845723,1851.686494
4688.403481,6782.564316,1853.091645
4687.300122,6784.89879,1853.090835
4686.633014,6785.15453,1851.964903
4688.430891,6784.204245,1851.542943
4688.670664,6786.587248,1849.020818
4689.026145,6786.845723,1853.249345
4688.544204,6786.775716,1851.83076
4688.777835,6786.845723,1853.249345
4689.026145,6785.474908,1852.041946
4688.320981,6785.751,1852.273757
4686.644841,6783.613516,1851.846853
4686.181183,6785.519235,1851.151151
4687.926793,6785.559043,1852.123079
4683.485749,6784.842707,1850.058664
4685.781955,6783.824788,1850.40467
4687.758444,6784.408051,1847.637821
4687.891634,6779.428748,1849.923235
4688.072015,6786.845723,1849.289757
4688.918535,6786.845723,1853.249345
4684.844658,6781.395686,1847.361349
4682.846121,6783.318822,1847.494604
4686.178409,6781.724164,1850.820862
4688.871554,6784.965457,1850.092236
4688.536405,6781.644551,1850.853252
4685.986653,6783.663838,1838.932881
4687.497083,6785.358312,1844.801537
4682.850223,6784.497602,1835.029244
4688.876485,6784.173459,1851.40225
4689.026145,6785.697068,1849.155757
4686.087106,6781.91756,1848.794514
4686.512174,6780.736243,1839.64732
4688.911659,6786.808803,1853.028971
4688.679738,6778.29697,1849.956743
4683.56515,6783.790946,1849.186511
4681.631704,6786.076001,1847.86268
4688.037227,6785.008147,1850.231288
4686.065633,6780.845903,1845.830208
4686.388562,6780.847826,1844.025708
4688.153539,6786.845723,1850.108179
4686.411843,6782.463294,1849.997348
4688.07106,6785.350069,1847.805611
4683.914921,6781.592259,1850.286045
4687.531865,6784.364214,1852.629139
4687.395176,6786.206705,1852.970399
4684.716695,6786.845723,1850.907517
4688.374602,6781.709344,1848.165597
4687.68509,6778.6749,1845.164922
4686.923258,6781.79688,1846.59314
4688.266745,6781.869215,1848.878753
4689.026145,6786.845723,1851.36607
4685.162702,6785.121191,1842.003385
4684.612622,6784.5998,1846.008565
4687.409781,6782.105277,1852.137913
4688.699348,6784.561289,1853.141121
4687.315969,6784.014861,1849.252967
4686.549036,6782.692641,1849.424796
4683.777837,6783.676229,1839.895486
4687.98088,6785.644365,1846.00103
4689.026145,6785.799263,1849.591696
4688.761789,6786.805267,1849.613741
4687.148972,6784.767319,1851.509323
4685.70038,6784.334806,1847.57115
4688.942696,6783.637573,1853.249345
4686.696039,6784.598286,1852.585632
4682.72956,6784.95488,1844.38991
4686.701169,6781.673537,1845.894797
4684.23131,6779.315118,1849.909204
4685.640844,6779.772947,1847.980607
4686.901753,6784.91174,1848.292301
4688.252457,6784.225438,1851.78659
4687.948397,6783.857754,1849.277281
4686.934928,6784.57464,1850.520457
4688.435667,6779.173002,1851.412475
4684.947249,6780.355811,1849.491183
4688.336203,6785.601947,1848.79684
4687.782749,6780.73946,1849.299606
4685.458099,6774.364195,1837.049985
4682.299275,6776.500488,1839.406413
4686.217478,6783.239441,1835.213954
4687.380906,6785.512381,1850.44689
4688.604475,6786.838056,1853.249345
4688.579365,6785.922561,1849.689819
4685.510335,6782.622356,1844.989674
4686.718037,6781.482742,1848.173831
4687.318795,6781.879476,1852.525311
4687.970826,6780.06597,1846.830908
4686.126254,6776.412266,1834.877232
4684.302569,6778.09462,1836.994764
4686.802057,6785.911737,1847.530853
4687.265386,6783.511416,1847.313167
4688.942696,6786.845723,1852.12342
4688.494166,6786.060963,1852.039367
4688.253726,6782.384567,1850.861457
4688.55141,6783.166546,1849.429512
4687.265942,6783.015712,1847.59192
4687.089996,6780.014214,1844.477034
4682.819214,6780.018332,1840.158852
4686.674401,6782.843397,1846.939588
4685.280076,6777.2035,1840.842375
4683.575845,6780.109709,1843.448104
4689.026145,6786.845723,1851.808803
4689.026145,6786.845723,1853.249345
4688.346194,6786.787721,1853.249345
4687.167614,6782.343548,1851.872526
4687.499653,6783.946313,1851.928341
4688.042202,6782.950567,1850.424337
4687.280969,6778.121369,1846.05655
4685.285842,6782.83189,1846.110968
4687.453704,6774.242178,1847.912511
4685.130699,6780.29972,1848.586054
4688.355635,6786.845723,1853.249345
4689.026145,6786.845723,1853.249345
4688.908555,6786.804719,1853.249345
4688.477169,6779.949615,1852.23248
4688.934302,6786.075142,1851.934356
4688.108864,6783.845797,1849.646984
4686.70572,6782.578919,1851.264085
4687.651162,6777.48538,1846.654212
4685.910504,6786.050878,1851.073769
4689.026145,6785.502141,1852.631103
4688.856244,6782.515251,1853.249345
4689.026145,6786.845723,1852.750571
4689.026145,6786.845723,1853.249345
4689.026145,6786.845723,1853.249345
4688.64183,6786.845723,1853.249345
4689.026145,6786.845723,1853.249345
4688.058037,6786.832364,1853.143391
4688.950617,6783.757218,1853.249345
4686.465618,6786.845723,1853.249345
4688.4046,6786.845723,1853.249345
4689.026145,6786.845723,1853.249345
4688.837485,6786.845723,1853.249345
4689.026145,6786.845723,1853.249345
4689.026145,6786.845723,1853.249345
4689.026145,6786.845723,1853.249345
4689.026145,6786.845723,1853.249345
4688.952457,6786.845723,1853.249345
4688.877906,6786.845723,1853.249345
4689.026145,6786.845723,1853.249345
4688.781176,6786.845723,1853.249345
4689.026145,6786.845723,1853.249345
4689.026145,6786.845723,1853.249345
4689.026145,6786.845723,1853.249345
4689.026145,6786.845723,1853.249345
4688.963889,6786.845723,1853.249345
4689.026145,6786.845723,1853.249345
4689.026145,6785.767805,1853.249345
4688.127709,6786.845723,1853.249345
4686.076249,6786.845723,1853.249345
4686.880469,6786.845723,1853.249345
4689.026145,6786.845723,1853.249345
4689.026145,6786.845723,1853.249345
4689.026145,6786.845723,1853.249345
4689.026145,6786.845723,1853.249345
4689.026145,6786.845723,1853.249345
4689.026145,6786.845723,1853.249345
5452.105943,8229.896523,5141.506808
5452.105943,8229.933443,5141.506808
5452.105943,8229.933443,5141.506808
5450.259436,8229.933443,5141.506808
5452.105943,8229.933443,5141.506808
5451.776817,8229.933443,5141.506808
5452.105943,8229.933443,5141.506808
5452.105943,8229.933443,5141.506808
5452.105943,8229.933443,5141.506808
5452.105943,8229.932407,5141.506808
5452.105943,8229.933443,5141.506808
5452.105943,8229.933443,5141.506808
5452.000784,8226.897579,5141.506808
5450.68774,8229.933443,5141.506808
5451.788159,8229.933443,5141.506808
5451.416676,8229.933443,5141.506808
5451.626477,8229.933443,5141.506808
5452.105943,8229.933443,5141.506808
5452.105943,8229.933443,5141.506808
5452.105943,8229.933443,5141.506808
5451.397736,8229.933443,5141.506808
5450.536088,8229.933443,5141.506808
5449.928675,8229.933443,5141.506808
5451.695774,8229.933443,5141.506808
5450.543371,8229.933443,5141.506808
5446.158812,8229.184349,5140.538158
5449.605864,8229.933443,5141.506808
5452.083838,8229.933443,5141.506808
5452.105943,8229.933443,5141.506808
5451.995543,8229.933443,5141.506808
5451.820881,8229.422096,5141.506808
5449.553364,8229.93318,5141.506808
5449.517897,8226.645855,5140.799487
5449.691703,8229.659937,5141.506808
5448.734585,8228.24071,5137.501499
5446.489049,8226.744346,5131.682272
5447.468586,8218.524726,5136.778402
5452.093136,8229.933443,5141.506808
5451.202325,8229.933443,5141.506808
5450.603926,8229.933443,5141.506808
5450.270053,8229.933443,5140.235985
5451.249424,8228.903803,5140.165539
5449.485486,8229.839158,5140.799799
5449.564292,8229.184349,5139.785097
5448.572933,8226.754096,5141.506808
5438.167391,8224.633997,5132.171524
5449.738315,8225.062757,5137.089102
5448.028306,8225.870764,5133.181125
5450.414157,8228.475493,5141.506808
5452.105943,8229.933443,5141.506808
5452.10042,8229.854464,5141.506808
5450.188218,8224.379158,5141.506808
5449.757643,8229.912836,5141.506808
5446.856413,8228.323447,5140.677146
5450.690396,8229.446392,5139.018347
5449.576346,8221.13451,5135.285258
5443.100927,8228.232999,5132.33753
5447.685807,8228.072886,5127.335652
2973.988533,6844.704461,4820.813967
2976.070824,6846.218573,4824.711848
2973.870437,6846.218573,4824.711848
2975.141249,6845.685076,4822.048028
2973.606523,6838.82671,4821.783977
2975.657687,6842.315409,4819.291652
2975.129311,6844.518281,4816.755183
2972.495613,6836.523823,4801.949737
2972.022549,6846.218573,4806.45418
2970.767253,6840.719567,4803.33882
2973.891222,6844.142336,4817.914591
2975.433262,6846.218573,4824.711848
2975.973461,6846.218573,4824.711848
2975.552057,6845.246111,4823.337005
2976.070824,6846.218573,4824.711848
2975.677181,6846.218573,4821.808829
2974.251192,6844.044007,4816.836839
2975.425027,6844.373308,4815.789893
2973.56715,6846.218573,4818.370101
2975.409048,6843.394937,4820.844645
2974.628006,6843.222297,4818.031996
2976.070824,6846.218573,4820.835294
2976.070824,6846.127963,4824.711848
2975.882688,6846.218573,4824.711848
2975.624039,6843.222972,4824.711848
2976.013389,6841.556105,4821.559809
2976.070824,6843.788982,4824.105925
2974.665511,6845.476822,4818.0045
2976.05912,6844.099549,4815.554584
2975.145111,6844.111682,4817.02055
2974.985933,6845.135691,4821.085033
2975.772479,6845.073537,4822.08451
2976.070824,6846.218573,4824.711848
2976.070824,6846.218573,4824.711848
2975.902896,6846.218573,4824.711848
2975.119453,6843.616893,4820.387869
2975.879128,6845.399723,4823.348273
2975.442137,6837.37981,4816.210135
2975.607498,6837.680543,4814.563928
2974.845275,6837.680579,4810.856425
2974.962149,6843.793126,4817.78188
2975.846476,6846.218573,4822.817748
2975.902896,6846.218573,4823.959115
2976.070824,6846.218573,4823.60722
2976.070824,6846.218573,4824.711848
2976.070824,6846.218573,4823.657391
2975.385915,6842.199631,4818.790859
2975.938439,6843.044924,4820.499512
2975.275716,6838.37399,4818.870561
2975.608817,6844.682456,4821.493705
2973.034093,6841.388659,4812.733535
2974.336194,6845.178241,4818.194905
2976.018474,6840.88872,4820.264415
2975.656798,6846.218573,4824.711848
2976.070824,6846.218573,4824.326503
2975.698568,6839.985689,4819.464203
2976.070824,6841.3756,4817.130657
2974.980836,6844.210075,4819.552064
2975.913328,6845.149406,4820.566388
2975.193476,6837.939346,4807.520234
2974.061578,6838.344885,4808.962007
2975.421797,6845.424438,4814.412823
2975.475263,6839.758344,4813.002881
2976.070824,6845.806795,4824.711848
2976.070824,6844.176442,4824.711848
2975.657297,6843.804908,4819.494615
2975.142817,6845.030161,4814.318853
2976.070824,6845.028591,4823.948816
2975.139554,6841.151956,4817.669976
2975.079488,6833.879576,4807.719334
2974.158563,6838.182221,4813.339031
2974.912121,6843.707054,4813.341879
2975.472516,6844.73379,4810.075235
2976.070824,6845.766823,4821.84553
2976.070824,6844.706679,4824.711848
2976.070824,6840.640227,4824.711848
2976.04813,6840.882016,4821.581486
2975.732668,6843.570544,4820.347469
2975.461821,6842.133011,4820.318143
2976.070824,6845.231822,4817.726347
2975.858768,6843.722431,4823.466387
2974.6151,6841.691817,4813.570243
2974.708945,6839.673697,4798.376565
2976.070824,6846.218573,4823.196822
2976.070824,6846.218573,4824.711848
2976.070824,6846.218573,4824.711848
2976.070824,6846.218573,4823.232768
2975.939427,6844.816543,4822.540409
2975.960396,6838.9321,4820.820823
2975.906422,6845.053915,4822.694514
2975.303934,6838.902135,4816.481572
2974.995644,6839.513017,4814.697776
2972.184104,6839.424131,4808.84052
2975.343861,6846.218573,4816.508856
2976.070824,6843.803394,4824.711848
2976.070824,6846.218573,4824.711848
2974.907622,6846.218573,4824.711848
2974.492792,6844.63086,4823.063224
2975.577579,6845.186362,4822.153918
2975.420966,6843.240816,4818.991147
2974.399322,6838.396949,4821.160162
2974.174869,6842.630884,4806.170555
2975.278258,6841.769605,4817.305673
2974.681953,6845.546466,4809.500535
2975.878579,6846.218573,4819.437499
2975.906422,6846.218573,4824.18542
2976.070824,6846.218573,4824.711848
2975.616564,6845.939525,4823.490121
2974.441678,6840.624685,4814.718414
2975.597552,6840.008238,4822.775313
2975.130221,6842.65405,4819.583069
2975.129614,6842.995512,4822.295411
2974.082444,6837.609045,4800.909043
2972.090297,6846.01314,4800.269183
2974.387849,6843.116744,4810.558129
2974.213024,6846.218573,4824.34579
2976.070824,6846.218573,4824.711848
2975.939107,6843.113719,4824.28476
2975.15895,6840.273658,4815.545005
2973.138048,6843.20696,4818.215077
2975.127031,6845.90162,4820.856595
2974.048225,6842.656506,4818.590772
2972.893246,6842.496229,4807.160649
2972.669722,6839.579206,4804.126975
2972.606257,6845.461105,4807.205004
2974.060017,6845.768716,4811.477143
2975.713936,6846.218573,4822.134231
2974.04059,6845.731038,4822.538071
2973.410812,6845.241388,4815.585865
2976.0001,6845.851112,4822.033383
2975.513885,6844.876002,4813.351298
2975.558167,6839.899617,4814.587778
2971.129755,6841.16533,4809.949946
2972.956048,6836.595141,4808.352165
2972.824944,6841.003572,4792.896066
2973.085706,6844.176134,4803.097087
2975.374041,6846.015934,4820.804035
2975.965759,6846.218573,4822.84195
2975.857368,6844.401896,4820.881274
2974.554909,6844.227914,4810.457788
2973.404718,6838.62785,4807.913559
2975.236677,6839.394731,4807.314153
2974.975195,6843.281555,4818.867788
2972.039477,6835.809689,4793.66669
2972.081325,6844.820933,4796.294323
2972.1291,6837.040775,4799.661728
2975.547148,6845.37875,4812.712132
2975.37253,6840.098955,4822.358509
2974.487724,6846.213292,4820.753889
2974.547107,6845.182244,4815.916467
2974.438669,6839.279193,4805.869533
2975.435957,6845.582456,4820.247125
2973.954409,6835.09749,4813.489246
2971.025744,6837.214616,4793.972502
2971.134915,6838.566356,4791.139202
2973.74706,6844.237428,4814.76808
2975.583357,6846.218573,4823.378762
2975.844975,6845.430046,4821.953741
2975.113337,6843.625752,4824.711848
2973.4743,6843.195456,4823.407167
2974.227021,6845.194717,4820.131957
2973.269917,6845.915267,4814.011964
2968.438954,6844.244578,4811.533482
2973.652177,6837.298162,4805.532958
2974.783646,6840.511005,4814.355349
2972.490682,6841.955716,4811.835162
2974.52252,6845.313518,4810.780572
2975.56195,6842.23723,4821.548081
2976.070824,6846.218573,4824.258847
2976.070824,6845.903917,4824.711848
2975.417236,6845.339854,4820.391055
2974.090891,6845.748128,4823.336117
2974.792782,6843.036268,4822.127924
2975.884851,6843.877042,4824.711848
2975.474922,6844.769177,4823.007408
2975.117419,6839.331972,4816.659576
2974.625777,6839.230501,4823.514957
2975.921085,6844.216761,4822.29798
2975.858768,6846.217669,4824.711848
2976.070824,6846.218573,4824.711848
2975.974472,6846.218573,4824.711848
2976.070824,6843.855138,4823.653049
2975.629082,6845.531559,4824.711848
2976.070824,6846.218573,4824.711848
2975.960617,6846.209238,4824.711848
2974.733034,6846.218573,4824.711848
2975.878799,6846.166283,4824.711848
2975.829104,6846.218573,4823.542278
2976.070824,6846.218573,4824.711848
2976.070824,6846.218573,4824.711848
2976.070824,6846.184701,4824.711848
2976.070824,6846.218573,4824.711848
2976.003869,6844.465631,4823.854461
2975.855138,6844.898226,4822.876446
2975.306741,6844.812984,4824.711848
2975.900032,6846.218573,4824.711848
2976.065702,6839.669889,4824.711848
2975.507599,6846.218573,4823.2824
2975.865129,6846.218573,4824.711848
2976.070824,6846.218573,4824.711848
2976.070824,6846.218573,4824.711848
2976.070824,6846.218573,4824.711848
2975.984271,6846.218573,4824.711848
2975.975473,6844.352581,4824.711848
2976.070824,6846.217754,4824.711848
2975.75793,6842.428109,4823.439103
2975.635002,6845.565445,4824.711848
2976.070824,6846.218573,4824.711848
2976.070824,6846.218573,4824.711848
2976.070824,6846.218573,4824.711848
2976.070824,6846.218573,4824.711848
2976.070824,6846.218573,4824.711848
2976.070824,6846.218573,4824.711848
2976.070824,6846.218573,4824.711848
2976.070824,6843.213883,4824.711848
2975.401329,6846.218573,4824.711848
2976.05814,6846.218573,4824.711848
2975.964602,6844.313405,4824.711848
2976.070824,6845.677102,4824.711848
2976.01747,6846.218573,4824.711848
2976.070824,6846.218573,4824.711848
2976.070824,6846.218573,4824.711848
2976.070824,6846.218573,4824.711848
2975.967129,6846.218573,4824.711848
2976.070824,6846.218573,4824.711848
2976.070824,6846.218573,4824.711848
2976.070824,6846.218573,4824.711848
2975.707198,6846.218573,4824.711848
2974.938372,6846.218573,4824.711848
2975.704165,6846.218573,4824.711848
2976.070824,6846.218573,4824.711848
2976.070824,6846.218573,4824.711848
2976.070824,6846.218573,4824.711848
2976.070824,6843.776215,4824.711848
2976.037819,6846.218573,4824.711848
2975.986966,6846.218573,4824.711848
2976.070824,6846.189261,4824.711848
2974.679508,6841.444174,4824.711848
2975.838243,6844.891511,4824.711848
2976.016666,6844.25015,4824.711848
2976.070824,6846.218573,4824.711848
2976.070824,6846.218573,4824.711848
2976.070824,6846.218573,4824.711848
2976.070824,6845.080925,4824.711848
2975.986527,6843.538403,4824.711848
2974.158523,6846.218573,4824.711848
2976.070824,6844.238934,4823.203802
2973.759233,6846.218573,4824.711848
2975.575213,6844.181304,4824.711848
2975.055574,6844.287572,4824.711848
2975.807349,6846.218573,4824.711848
2976.070824,6846.218573,4824.711848
2976.070824,6846.218573,4824.711848
2976.070824,6845.099584,4824.711848
2976.070824,6846.218573,4823.048645
2975.478938,6846.218573,4824.711848
2974.425278,6844.3729,4824.711848
2975.307166,6844.667807,4823.653049
2970.968384,6843.968771,4821.274533
2976.00478,6843.165234,4818.020345
2972.859376,6843.899829,4821.674885
2975.622551,6846.218573,4824.711848
2976.070824,6843.513592,4824.711848
2975.631882,6844.931199,4824.711848
2974.074322,6843.95149,4823.005459
2975.87754,6846.218573,4824.711848
2975.833816,6846.218573,4823.782747
2974.114389,6844.362213,4819.334635
2974.860745,6842.648548,4820.431076
2973.14475,6846.104823,4823.13555
2974.498182,6842.401584,4819.167464
2975.874079,6846.218573,4823.578745
2975.994548,6846.218573,4824.18588
2976.070824,6839.960479,4823.428416
2975.680239,6842.897615,4821.942745
2975.787006,6844.820553,4821.707284
2973.609551,6843.583817,4821.192329
2971.673597,6832.829423,4819.957375
2975.842243,6843.4136,4813.443032
2975.053502,6841.661191,4819.265259
2974.892992,6839.284366,4817.067439
2976.005807,6845.50306,4810.256573
2975.258965,6845.080223,4821.992559
2975.80712,6841.657872,4824.711848
2976.070824,6846.218573,4823.603811
2974.39527,6841.838848,4814.137334
2975.561155,6843.120502,4824.711848
2973.828086,6843.221169,4814.388413
2974.950404,6841.957626,4813.909277
2975.349212,6835.766645,4808.317307
2973.366526,6844.043143,4793.826817
2975.010262,6845.305619,4813.718806
2975.527704,6841.671202,4818.714537
2976.070824,6845.080223,4823.60722
2975.664038,6842.726084,4821.572865
2975.707866,6846.20864,4819.704851
2974.788664,6843.39614,4814.719423
2975.818134,6846.218573,4811.50959
2974.504239,6833.97207,4811.81799
2973.843411,6841.509878,4805.191986
2972.31462,6838.493447,4793.859487
2973.488703,6844.384567,4804.298296
2976.040316,6845.069779,4814.777826
2975.633854,6846.080809,4820.182171
2976.070824,6843.676601,4824.711848
2973.881908,6839.637075,4816.628186
2975.975732,6842.714745,4820.173269
2974.381705,6840.826248,4819.004736
2972.999748,6839.217194,4813.838078
2973.421119,6833.664895,4798.744009
2972.784912,6836.168876,4799.35101
2975.977367,6843.233946,4823.000129
2971.819622,6833.325361,4803.226247
2975.710687,6846.028052,4815.574506
2975.176287,6846.218573,4823.449056
2974.407452,6841.948713,4822.844243
2973.813353,6843.098943,4820.54835
2974.819929,6841.794934,4808.573298
2975.660485,6845.268464,4817.21339
2975.228327,6842.895959,4817.268333
2975.49849,6841.826026,4815.509006
2974.614271,6839.797082,4803.71927
2973.003913,6831.96279,4796.55199
2974.856839,6838.235416,4821.723394
2976.070824,6846.218573,4824.711848
2975.827586,6840.929791,4824.711848
2976.070824,6840.073663,4824.711848
2975.809498,6839.831327,4822.224168
2974.699888,6839.999827,4823.576796
2976.010309,6841.712157,4824.711848
2973.9345,6841.325719,4809.642957
2971.714098,6838.705971,4811.038343
2973.087752,6833.701606,4812.111893
2975.919583,6843.310258,4823.136724
2975.965424,6846.218573,4824.711848
2976.070824,6844.202757,4824.711848
2976.070824,6846.218573,4824.711848
2976.070824,6843.213883,4824.220711
2975.691787,6842.8503,4819.000357
2975.612144,6842.941438,4818.784853
2974.978656,6841.163268,4818.538522
2973.698522,6841.451391,4809.087183
2975.815329,6842.093766,4817.925715
2975.813853,6845.014299,4817.786212
2975.30735,6846.218573,4823.53443
2976.070824,6846.218573,4824.711848
2976.070824,6846.218573,4824.711848
2976.070824,6846.184701,4824.045573
2975.728241,6846.218573,4824.711848
2975.924126,6846.150306,4822.119405
2974.321522,6835.109065,4813.094639
2975.948452,6843.999719,4821.25778
2974.839608,6844.327062,4822.742346
2972.154477,6840.864373,4812.194967
2976.070824,6846.218573,4822.080354
2976.070824,6846.218573,4824.711848
2976.070824,6846.218573,4824.711848
2976.070824,6846.209924,4824.711848
2975.15695,6846.218573,4823.159016
2975.994548,6846.218573,4824.711848
2975.958155,6846.218573,4824.711848
2975.607638,6845.178279,4817.473415
2974.894398,6845.86075,4819.298155
2973.2695,6841.284709,4811.529434
2975.951878,6846.218573,4817.550074
2975.962871,6846.218573,4824.711848
2976.070824,6846.218573,4824.711848
2976.070824,6846.195219,4824.711848
2975.700814,6846.218573,4821.459117
2976.070824,6846.218573,4824.711848
2975.085161,6843.860517,4821.122181
2975.365289,6842.462238,4823.362519
2973.209176,6844.303712,4817.305436
2974.957328,6843.565208,4813.326697
2975.829373,6845.02039,4811.417778
2975.021347,6846.218573,4823.60722
2976.070824,6846.218573,4824.711848
2976.070824,6846.218573,4824.711848
2976.070824,6846.043629,4824.711848
2975.305287,6844.534259,4824.711848
2975.02854,6843.818236,4823.266205
2975.15695,6844.068072,4821.644178
2976.070824,6845.363692,4820.278147
2974.170299,6844.841228,4811.624165
2971.67508,6845.336509,4820.275768
2974.277524,6846.218573,4819.951653
2976.070824,6846.218573,4824.711848
2976.070824,6846.218573,4824.711848
2975.338558,6846.197755,4824.711848
2975.095609,6846.218573,4822.641794
2973.975294,6845.835513,4822.826623
2975.614285,6846.218476,4824.711848
2975.453778,6844.393222,4817.632025
2974.27849,6846.218573,4813.92976
2973.918536,6842.655517,4812.802614
2973.969513,6845.548327,4817.935689
2976.070824,6846.218573,4824.711848
2976.070824,6846.218573,4824.711848
2975.836552,6846.218573,4824.711848
2974.699939,6845.137368,4822.96812
2976.070824,6846.204965,4822.262952
2975.255274,6845.076148,4820.552094
2973.46665,6845.528658,4818.036122
2974.373685,6839.948232,4812.602699
2973.187562,6844.97227,4820.028866
2973.502405,6844.082141,4819.100365
2974.976373,6843.746317,4822.549022
2974.85337,6846.218573,4824.711848
2975.918092,6846.058128,4823.60722
2974.896843,6846.218573,4824.711848
2974.316379,6841.254681,4819.84779
2973.316514,6842.065658,4821.146852
2973.842529,6844.360242,4822.259711
2975.151248,6844.427908,4818.33529
2971.63659,6844.343485,4816.260311
2972.098527,6837.917699,4817.622239
2973.962107,6846.218573,4818.992909
2975.982619,6846.207752,4823.191495
2975.825426,6846.218573,4824.711848
2975.542627,6846.218573,4822.498259
2974.662271,6844.77125,4823.834325
2974.830432,6844.509453,4819.76406
2975.894999,6845.926852,4820.922735
2973.802032,6844.48365,4822.293623
2975.659851,6837.485791,4805.834903
2973.626246,6845.53343,4814.465732
2973.617994,6844.178391,4819.193124
2976.070824,6846.218573,4822.347121
2975.234332,6846.197755,4822.9749
2976.039059,6846.218573,4822.52614
2975.779283,6841.883428,4824.711848
2975.761158,6845.075243,4821.220752
2975.580016,6843.261462,4818.620352
2973.632741,6844.771966,4820.056582
2973.261274,6842.820469,4807.545255
2974.986289,6838.029819,4811.396738
2974.583534,6845.096061,4824.711848
2972.329842,6842.129227,4813.099044
2974.445627,6846.218573,4821.882275
2975.352989,6843.885199,4823.249155
2975.832061,6846.218573,4823.585315
2975.376574,6845.737877,4823.9623
2974.621036,6842.284715,4816.488693
2975.128884,6827.263968,4807.195514
2973.83456,6843.283912,4809.264458
2975.945805,6845.748128,4820.237164
2972.232208,6837.140565,4800.59619
2974.875322,6836.841525,4800.58584
2974.428553,6842.318898,4810.279248
2976.070824,6846.218573,4824.711848
2976.053781,6845.008608,4823.464525
2975.802402,6842.497717,4820.338977
2975.512679,6844.226321,4820.904177
2975.13049,6838.568862,4812.712636
3785.218237,7001.874629,8630.568463
3782.365129,6998.700862,8626.502397
3781.729822,7000.084611,8599.430669
3780.962379,6995.242202,8578.84439
3785.639455,7000.010621,8617.49914
3785.906649,7000.153928,8626.894174
3785.598819,7001.310245,8626.787008
3783.029954,7001.077695,8627.978753
3781.610558,6994.177312,8609.092629
3785.730033,6995.991664,8629.183118
3784.173256,6997.058184,8619.812714
3782.142081,6996.289535,8614.465625
3782.760108,6998.277697,8597.027708
3785.255029,6998.37,8625.725137
3782.388634,6992.612834,8596.558272
3783.964864,7001.083022,8625.097451
3785.639163,7000.121445,8625.357558
3785.906649,7001.827963,8630.568463
3785.684835,6995.071959,8621.939555
3783.388199,6996.800093,8613.833369
3783.4672,6998.373647,8615.406132
3780.899057,6992.524726,8592.838807
3782.402246,7001.829808,8614.315268
3778.294451,6993.974819,8592.1139
3781.436689,6998.000817,8601.540338
3784.461691,7001.507244,8612.181968
3785.057366,6999.394892,8626.592881
3785.906649,7001.874629,8630.568463
3781.93647,6994.497682,8613.883608
3784.474134,6998.436626,8612.011719
3783.663437,6995.783856,8616.126084
3780.520436,6998.194399,8618.330683
3781.794748,6994.790681,8589.250552
3780.306654,6988.908273,8598.043678
3777.143108,6994.821793,8568.273216
3782.507511,7001.874629,8612.170123
3785.906649,7001.874629,8628.454806
3785.788398,7001.874629,8630.568463
3785.294938,7001.081782,8630.568463
3784.935199,7000.856532,8619.676265
3785.041499,7001.874629,8618.235681
3781.509475,6995.450827,8603.326596
3784.199043,7000.291993,8610.425411
3782.182024,6996.495123,8589.365294
3783.484473,6994.400083,8566.293324
3785.906649,6999.595881,8608.104919
3784.316602,7000.599852,8605.304136
3785.19919,7000.846357,8628.137747
3785.906649,7001.874629,8630.568463
3785.608816,6995.504757,8630.568463
3785.906649,6991.539272,8611.890112
3785.203648,7000.671008,8612.455533
3785.632425,6992.323452,8618.316879
3784.856657,6996.693176,8596.065636
3784.73261,7001.053196,8609.291434
3782.06069,6995.608985,8598.253975
3785.072003,7000.975083,8611.07006
3785.906649,7001.874629,8625.064695
2356.215499,4788.97809,7974.702669
2355.873938,4787.914736,7972.750603
2356.068562,4788.517667,7959.296318
2355.270109,4786.596503,7959.26931
2355.863594,4788.991287,7959.360697
2355.512585,4788.991287,7963.811777
2355.063877,4786.35632,7948.899275
2355.844514,4787.636378,7960.979379
2355.835069,4786.185709,7948.339776
2356.215499,4788.991287,7972.537858
2356.215499,4788.991287,7974.702669
2356.215499,4788.991287,7974.702669
2356.215499,4788.909876,7974.702669
2356.0066,4784.097507,7970.873849
2356.215499,4787.728641,7967.712299
2355.407172,4787.265217,7964.24796
2355.634706,4787.381508,7950.990867
2356.138515,4784.664494,7960.245187
2355.694578,4786.166864,7952.139049
2356.215499,4788.853057,7953.36582
2356.215499,4788.990802,7974.702669
2356.215499,4788.991287,7974.702669
2356.215499,4788.987992,7972.609635
2355.331596,4788.151841,7963.673974
2355.789305,4784.79884,7962.328522
2355.604386,4787.925364,7946.118011
2355.907204,4785.302965,7926.185286
2355.854354,4788.991287,7963.927594
2354.232234,4787.052149,7930.683988
2356.053296,4788.991287,7943.297693
2355.758557,4788.716704,7963.194112
2356.167549,4788.991287,7973.149628
2355.906897,4788.905159,7972.46771
2354.705419,4781.913879,7943.122483
2355.53747,4787.856187,7962.756377
2354.649224,4787.545548,7957.961424
2355.680875,4787.858989,7964.284811
2355.501016,4786.265655,7955.423069
2355.567929,4787.178567,7945.84575
2355.494037,4788.094632,7945.056213
2356.097074,4788.242648,7965.128689
2356.215499,4788.991287,7974.702669
2356.215499,4788.991287,7974.702669
2356.215499,4788.991287,7974.702669
2356.215499,4787.854002,7974.702669
2356.000727,4788.991287,7974.702669
2355.561764,4785.216066,7974.702669
2356.083521,4786.685897,7974.702669
2356.021091,4785.294481,7974.702669
2355.720222,4787.719698,7966.532643
2355.536339,4787.006955,7970.603746
2356.215499,4788.991287,7973.284849
2356.215499,4788.991287,7974.702669
2355.671771,4788.991287,7974.702669
2356.215499,4788.991287,7974.702669
2355.892227,4788.991287,7974.702669
2356.021091,4787.930938,7974.702669
2356.12544,4788.772354,7974.702669
2356.004496,4788.97809,7974.702669
2355.687621,4788.991287,7974.702669
2355.506957,4787.126983,7972.819642
2355.301813,4787.23706,7974.702669
2356.215499,4788.991287,7974.702669
2356.215499,4788.991287,7974.702669
2356.215499,4788.991287,7974.702669
2356.125533,4788.21917,7974.702669
2356.029936,4787.998674,7974.702669
2356.215499,4788.991287,7974.702669
2356.103472,4788.142965,7974.702669
2355.696608,4788.970633,7974.702669
2355.991021,4788.983652,7974.702669
2355.987151,4788.991287,7974.702669
2356.215499,4788.991287,7974.702669
2356.215499,4788.987509,7974.702669
2356.215499,4788.991287,7974.702669
2356.215499,4788.991287,7974.702669
2356.215499,4786.839787,7974.702669
2355.768837,4788.991287,7974.702669
2356.106725,4788.617036,7974.702669
2354.942438,4782.973109,7974.702669
2355.893431,4785.963135,7974.702669
2356.112813,4788.84431,7974.702669
2356.015286,4788.991287,7974.702669
2356.215499,4788.991287,7974.702669
2356.037254,4787.852471,7974.702669
2356.061709,4788.989978,7974.702669
2356.215499,4788.991287,7974.702669
2356.215499,4788.991287,7974.702669
2356.095764,4786.933652,7974.702669
2355.604687,4787.133722,7974.702669
2355.621428,4788.991287,7974.702669
2355.803705,4787.122484,7974.702669
2355.995822,4786.353388,7974.702669
2356.215499,4788.991287,7974.702669
2356.215499,4788.991287,7974.702669
2356.215499,4788.991287,7974.702669
2355.453991,4787.317896,7974.702669
2355.518979,4788.29979,7974.702669
2355.523684,4787.243914,7973.188732
2355.599172,4788.991287,7974.702669
2355.307401,4786.094112,7972.720129
2354.418093,4785.973037,7974.702669
2355.842993,4788.991287,7974.702669
2355.828875,4788.991287,7974.702669
2356.215499,4788.991287,7974.702669
2356.061215,4788.991287,7974.702669
2355.368441,4786.5965,7972.71198
2355.776041,4787.091773,7974.702669
2354.896034,4788.886432,7974.702669
2355.506541,4784.078897,7974.702669
2354.489935,4779.323862,7968.806102
2354.456561,4784.310373,7964.749156
2354.944532,4787.151765,7961.657783
2355.305317,4787.977356,7970.756774
2356.21516,4788.991287,7974.702669
2356.011107,4788.313782,7974.702669
2355.218541,4788.991287,7974.702669
2355.764885,4784.604811,7969.899652
2355.694782,4786.071462,7972.259406
2356.011091,4785.116886,7966.74884
2355.44844,4788.2217,7966.985741
2354.566985,4787.095205,7965.464811
2355.97981,4787.861147,7974.702669
2355.470178,4788.646642,7964.532146
2356.215499,4788.991287,7974.702669
2355.671771,4788.991287,7974.702669
2356.215499,4788.961161,7974.702669
2356.215499,4788.979326,7974.702669
2356.025749,4788.985653,7974.702669
2356.023332,4787.082648,7974.702669
2355.417568,4785.978367,7974.702669
2355.801797,4786.966903,7972.356886
2355.06135,4788.900663,7963.048756
2355.433381,4787.836806,7964.599611
2356.083283,4788.991287,7974.702669
2356.215499,4788.991287,7974.702669
2356.215499,4788.991287,7974.702669
2356.215499,4788.871476,7974.702669
2356.085468,4788.613085,7974.702669
2355.764759,4788.229762,7974.702669
2355.825454,4788.905159,7974.702669
2354.755221,4785.955032,7971.364806
2355.79008,4788.991287,7970.410976
2355.104159,4788.991287,7964.201146
2356.183544,4788.991287,7974.702669
2356.215499,4788.991287,7974.702669
2356.215499,4788.976649,7974.702669
2356.215499,4788.991287,7974.702669
2355.998698,4788.770447,7974.702669
2356.083905,4788.991287,7974.702669
2355.282702,4788.118248,7972.305063
2356.177473,4786.473407,7972.576736
2355.333626,4788.792013,7970.436207
2354.583997,4787.575593,7964.414253
2355.811125,4788.637961,7968.551876
2356.215499,4788.991287,7974.702669
2356.215499,4788.991287,7974.702669
2356.215499,4788.840408,7974.702669
2355.931237,4788.991287,7974.702669
2356.197203,4784.585806,7970.525295
2355.405017,4787.842766,7970.283978
2354.83355,4786.263721,7968.753236
2356.057698,4788.991287,7965.895451
2355.746532,4787.229847,7958.280738
2355.539915,4786.816093,7954.719782
2356.053778,4788.991287,7967.100022
2356.215499,4788.991287,7973.328236
2356.215499,4788.991287,7974.702669
2356.082967,4788.991287,7970.732815
2355.976797,4788.888471,7963.827512
2355.42795,4784.924572,7970.192671
2355.449142,4784.234088,7973.005293
2356.111161,4787.508754,7970.437225
2354.374032,4785.490431,7943.24421
2354.445139,4786.924485,7944.906393
2355.377252,4784.737682,7954.031272
2356.174765,4788.759076,7974.702669
2356.215499,4788.991287,7974.702669
2356.033196,4788.991287,7974.702669
2355.756177,4788.722143,7963.901331
2355.140696,4788.991287,7949.674048
2356.183736,4787.345151,7966.57782
2355.933225,4788.489573,7965.212768
2353.272617,4783.298081,7941.323694
2355.309703,4788.961935,7939.505894
2355.83135,4788.131483,7955.584667
2356.115407,4788.560672,7974.702669
2356.215499,4788.991287,7974.702669
2356.215499,4788.991287,7974.702669
2355.758748,4788.991287,7974.702669
2356.215499,4788.991287,7974.702669
2355.962478,4786.528775,7968.442197
2356.085796,4788.62756,7971.157083
2354.414373,4784.787578,7964.632744
2355.598597,4787.414945,7965.189307
2355.236666,4784.791268,7951.958382
2356.050152,4788.991287,7965.5063
2356.215499,4788.991287,7974.702669
2356.215499,4788.991287,7974.702669
2356.215499,4788.991287,7974.702669
2355.965936,4786.676926,7970.532425
2355.255634,4785.068091,7963.873677
2355.788172,4788.991287,7972.64369
2355.455317,4783.350723,7972.572844
2354.433638,4781.857327,7954.189466
2353.41329,4783.839885,7924.421809
2355.480969,4785.954595,7944.391973
2356.215499,4788.991287,7974.702669
2356.215499,4788.991287,7974.702669
2356.028548,4788.991287,7974.702669
2355.791686,4788.922797,7974.702669
2355.717623,4785.22814,7970.677812
2355.899029,4788.966622,7970.25888
2356.027715,4787.033073,7970.85186
2354.946953,4785.247648,7956.909125
2355.291999,4787.285608,7959.659251
2355.451516,4784.983169,7927.272564
2355.985958,4788.991287,7970.241532
2356.190155,4788.991287,7974.702669
2356.215499,4788.977049,7974.702669
2356.18519,4786.11822,7974.702669
2355.283411,4785.058634,7970.664224
2356.137238,4786.48317,7974.702669
2355.32795,4786.632781,7963.705588
2356.037378,4783.188023,7957.409813
2353.695902,4787.909849,7952.336887
2355.521351,4786.037127,7962.503978
2355.456612,4785.212148,7958.232426
2355.420215,4788.182707,7966.079184
2356.179229,4788.991287,7974.702669
2356.215499,4788.991287,7974.702669
2355.898933,4785.94638,7965.889789
2355.247367,4785.89636,7961.994156
2355.70122,4786.206037,7960.994804
2355.06931,4788.432303,7957.589044
2355.820926,4788.956413,7959.713298
2354.739689,4782.618257,7937.691542
2354.186833,4786.170741,7942.174015
2355.609731,4787.104876,7960.207823
2356.140715,4786.988681,7971.369743
2356.113261,4787.10497,7972.889263
2355.823217,4786.202107,7972.469859
2355.715372,4787.587244,7966.164098
2354.583065,4784.43705,7960.337762
2355.932406,4785.506197,7970.264881
2355.11178,4788.335824,7955.151484
2352.452202,4783.820669,7941.076162
2353.925747,4783.114714,7945.31535
2354.564726,4787.518054,7936.993191
2356.215499,4788.991287,7970.738669
2355.796624,4787.929471,7973.328236
2355.848761,4784.825828,7967.730021
2355.822538,4784.428204,7961.66144
2355.901004,4788.670652,7964.262704
2355.757346,4785.918281,7970.598584
2354.220698,4783.793848,7957.961519
2354.988362,4785.578414,7960.445573
2355.194793,4785.485122,7932.939953
2354.512725,4787.009895,7964.570695
2355.55651,4788.991287,7965.824068
2355.68457,4788.97809,7970.579154
2355.666564,4788.721454,7970.844477
2354.973017,4788.893881,7969.000312
2355.972191,4788.991287,7970.784765
2355.755572,4781.90286,7960.297904
2353.668506,4786.110007,7959.135159
2355.657703,4782.840688,7957.270195
2355.440968,4786.318384,7967.991765
2352.353234,4784.993047,7931.146086
2355.249515,4783.494574,7944.64146
2356.108848,4788.97809,7973.247793
2356.215499,4788.960389,7974.702669
2356.201074,4788.444841,7969.76865
2355.488238,4788.332762,7967.838608
2355.727349,4786.017737,7961.642091
2355.745505,4788.03346,7958.784126
2355.869158,4785.179481,7966.793812
2354.243121,4784.857603,7944.805281
2354.087993,4787.675914,7959.204794
2355.537109,4788.991287,7962.550065
2355.861975,4787.899992,7968.532852
2356.215499,4788.991287,7974.702669
2356.215499,4788.991287,7974.702669
2355.645975,4788.991287,7974.702669
2356.215499,4788.990545,7968.538522
2355.916192,4788.991287,7974.702669
2355.948176,4788.668262,7967.349365
2355.539054,4788.727514,7968.354694
2355.598399,4788.383917,7962.490044
2355.907393,4787.612666,7967.810224
2356.215499,4788.991287,7971.084308
2356.215499,4788.991287,7974.702669
2356.215499,4788.991287,7974.702669
2356.215499,4788.991287,7974.702669
2356.189647,4788.991287,7974.702669
2355.440074,4788.991287,7974.702669
2356.020406,4788.947131,7972.113945
2356.111568,4788.94864,7967.576271
2355.176597,4788.507736,7959.939898
2356.206494,4788.908119,7966.466991
2356.005714,4788.991287,7965.57236
2356.112232,4788.991287,7974.702669
2356.215499,4788.991287,7974.702669
2356.215499,4788.991287,7974.702669
2356.215499,4788.039446,7974.702669
2356.049491,4788.991287,7970.2535
2355.431072,4788.980268,7972.504994
2356.160417,4788.928813,7974.702669
2356.201493,4788.366693,7970.316872
2355.566116,4785.167214,7963.011355
2355.663846,4787.612666,7968.469354
2355.847343,4788.991287,7970.826571
2356.215499,4788.991287,7974.702669
2356.189689,4788.991287,7974.702669
2356.215499,4788.991287,7974.702669
2356.127486,4787.624779,7972.538221
2355.779554,4788.446985,7963.367087
2356.215499,4788.991287,7974.702669
2355.741645,4788.970766,7956.608651
2355.702951,4788.445871,7955.644448
2354.641867,4788.812354,7944.588623
2356.018185,4788.610463,7953.587492
2356.191329,4788.991287,7972.748551
2356.215499,4788.991287,7974.702669
2356.118372,4788.991287,7974.702669
2356.037058,4788.021679,7974.702669
2356.140004,4788.614448,7973.192098
2356.10964,4787.687511,7968.826091
2355.344542,4788.991287,7971.397956
2355.752479,4788.991287,7974.702669
2354.468687,4788.380323,7968.607279
2355.808654,4788.991287,7972.579694
2355.378517,4787.911846,7972.29078
2355.939348,4788.664182,7969.670502
2355.992612,4788.959933,7974.702669
2356.215499,4788.991287,7974.702669
2355.811044,4782.943858,7969.218957
2356.215499,4788.991287,7974.702669
2355.786285,4788.902651,7972.486578
2355.606362,4788.227714,7973.051636
2355.864101,4788.991287,7968.157211
2353.912826,4786.627979,7950.104768
2356.024127,4788.879275,7969.686856
2355.266917,4787.86892,7970.541374
2355.929137,4788.991287,7972.601772
2355.334515,4788.507736,7969.653387
2355.093919,4786.672561,7960.394505
2355.727086,4787.282859,7961.530051
2355.612894,4782.924311,7970.166332
2356.164063,4788.991287,7972.52664
2353.915954,4786.950365,7967.195351
2355.632825,4785.403397,7963.068596
2356.16007,4787.452607,7960.770565
2355.773377,4787.927909,7971.510607
2354.298352,4788.991287,7972.390231
2355.80982,4787.57171,7974.702669
2355.22928,4788.240602,7970.249869
2355.663532,4786.69089,7971.265791
2355.981309,4787.441274,7968.737456
2355.904022,4786.193846,7971.225215
2355.590241,4788.991287,7972.378391
2354.860584,4782.727011,7966.471584
2355.422525,4784.199867,7964.907838
2356.15212,4788.991287,7974.702669
2356.215499,4788.340192,7974.702669
2355.5418,4786.364559,7970.417871
2356.032127,4788.246476,7970.411496
2355.741325,4786.583106,7974.702669
2355.700726,4785.84087,7970.981631
2355.844327,4785.873214,7974.702669
2356.215499,4786.326357,7974.702669
2355.191305,4785.253115,7970.887078
2355.663533,4788.991287,7971.358344
2355.613421,4786.990934,7964.198545
2356.177887,4787.3251,7973.596647
2355.753489,4788.972586,7972.331553
2356.085988,4788.876477,7972.325107
2354.603246,4788.991287,7974.702669
2355.635137,4787.410879,7968.426402
2356.051151,4783.882466,7969.86405
2355.51614,4786.742978,7967.504919
2355.903432,4786.41962,7970.766263
2355.614279,4783.508683,7966.613193
2354.578566,4784.759707,7959.256207
2356.070349,4788.991287,7959.200594
2355.865964,4787.756208,7972.282417
2355.861043,4788.991287,7974.702669
2356.07168,4785.659459,7974.702669
2354.923734,4786.230126,7962.249628
2355.624585,4785.596273,7963.457873
2356.215499,4787.302257,7968.095213
2355.078023,4785.388966,7964.25324
2355.265684,4787.379307,7957.579677
2354.128186,4786.601856,7934.158749
2355.807874,4787.68684,7959.459996
2356.215499,4788.991287,7970.54577
2355.428185,4784.891612,7964.676934
2355.065178,4788.991287,7969.412017
2355.169431,4786.952705,7957.176045
2355.86501,4786.86852,7962.128197
2355.732627,4784.251435,7959.480422
2353.311131,4787.142091,7950.48873
2354.796648,4785.510737,7933.95936
2354.743329,4783.139082,7938.7027
2356.052865,4786.868155,7963.307103
2356.01969,4786.957975,7940.237766
2355.818771,4788.989584,7965.04576
2355.559868,4788.824218,7965.718211
2354.756557,4782.953769,7961.587701
2355.768879,4786.83065,7954.805489
2355.141033,4787.196574,7956.287105
2355.448818,4788.435655,7950.975528
2354.487409,4779.771991,7947.732453
2355.19407,4788.758689,7957.866364
2355.375484,4786.097727,7943.736455
2355.478744,4788.954127,7926.564627
2356.215499,4788.796136,7963.285208
2356.215499,4788.991287,7974.702669
2356.186089,4786.569798,7972.926472
2354.732862,4787.834827,7944.713106
2354.771964,4786.555222,7947.963763
2355.117543,4786.843779,7964.211751
2355.840956,4786.924028,7965.755643
2354.968073,4787.788756,7935.358931
2354.535075,4780.306757,7922.796532
2355.306703,4788.954127,7926.094661
2356.192604,4788.108672,7961.072409
2356.215499,4788.991287,7974.702669
2356.215499,4788.373969,7972.29078
2355.870426,4785.097157,7961.342066
2354.280828,4788.394964,7945.489908
2355.874847,4788.222283,7972.55721
2356.150024,4788.211895,7962.971496
2355.760685,4788.831966,7935.556639
2353.927541,4784.113649,7944.040956
2355.927531,4788.991287,7948.135263
2355.924148,4787.985696,7974.702669
2356.215499,4788.991287,7974.702669
2356.215499,4788.991287,7974.702669
2356.215499,4788.051205,7974.702669
2356.048083,4787.119718,7974.702669
2356.215499,4788.991287,7974.702669
2355.933875,4788.885342,7974.702669
2355.492672,4788.169558,7972.38494
2356.03279,4788.416851,7972.694612
2355.846295,4788.991287,7970.966533
2355.972494,4787.584374,7972.550552
2356.215499,4788.991287,7974.702669
2356.215499,4788.991287,7974.702669
2356.215499,4788.991287,7974.702669
2356.215499,4788.991287,7974.702669
2355.989225,4787.803704,7974.702669
2356.101445,4786.900734,7974.702669
2355.915076,4784.567801,7974.702669
5192.230722,5108.573713,10806.10284
5191.907171,5107.704845,10806.10284
5191.914348,5103.288317,10803.45047
5192.462491,5108.573713,10803.64555
5192.462491,5108.573713,10806.10284
5192.462491,5108.573713,10806.10284
5192.462491,5108.573713,10806.10284
5191.594453,5107.144311,10803.06976
5191.052966,5107.43765,10806.10284
5191.898904,5106.450946,10804.24563
5192.389042,5108.573713,10806.10284
5191.711491,5107.302395,10806.10284
5191.352449,5106.593871,10800.86432
5192.301569,5107.624654,10806.10284
5192.462491,5108.573713,10806.10284
5192.462491,5108.573713,10806.10284
5192.462491,5108.573713,10806.10284
5192.051412,5103.488905,10802.99074
5192.193688,5106.764728,10803.1752
5192.434486,5108.287396,10803.87879
5192.286525,5107.993506,10799.60722
5190.957942,5102.579421,10801.09882
5192.087905,5104.155638,10791.40503
5192.462491,5108.573713,10806.10284
5191.964172,5108.573713,10806.10284
5192.129133,5108.573713,10806.10284
5192.195411,5108.573713,10806.10284
5192.420036,5106.017855,10806.10284
5192.322039,5108.573713,10806.10284
5191.122902,5106.725538,10803.05203
5191.855275,5108.060075,10803.14956
5192.029065,5105.74338,10786.89293
5192.16134,5108.572897,10798.67509
5192.157637,5108.573713,10803.67182
5192.145191,5108.573713,10803.20124
5192.397822,5108.573713,10806.10284
5192.462491,5108.573713,10806.10284
5192.462491,5108.573713,10806.10284
5192.093527,5108.327326,10803.27694
5192.182911,5107.065097,10795.15811
5190.950625,5108.573713,10806.10284
5190.533466,5105.82335,10806.10284
5190.159932,5108.554005,10803.16248
5189.19211,5108.554005,10792.80564
5189.021541,5107.546201,10788.77526
5192.370745,5108.573713,10806.10284
5192.095907,5108.572445,10806.10284
5192.462491,5108.573713,10803.1889
5191.800101,5108.129273,10803.12303
5191.803097,5107.56795,10791.4649
5190.504371,5106.903017,10780.25605
5192.348349,5108.573713,10803.22526
5189.202284,5106.104667,10788.9341
5189.358618,5107.703679,10769.94681
5190.052399,5108.573713,10787.48271
5191.888352,5108.573713,10800.5383
5191.980373,5108.573713,10803.87879
5191.30057,5108.573713,10803.70432
4862.919489,3207.029263,10250.20101
4860.407762,3203.689091,10223.67197
4863.853525,3207.029263,10245.43114
4860.954672,3207.029263,10234.01172
4862.524356,3206.921534,10230.41449
4862.692891,3205.744814,10228.51318
4861.16412,3206.579178,10205.04839
4859.995608,3207.029263,10232.90934
4863.578582,3207.029263,10249.61945
4863.926633,3207.029263,10252.99999
4863.219222,3205.977616,10251.30952
4863.805781,3206.806996,10247.0373
4861.814946,3205.374129,10236.39667
4863.137434,3205.462395,10244.36645
4860.042664,3206.018991,10215.44431
4860.422441,3206.560079,10239.5366
4861.830327,3204.762634,10239.29991
4862.461341,3205.944618,10213.8155
4863.529692,3206.506317,10244.24713
4863.163791,3207.029263,10249.41806
4863.926633,3207.029263,10255.388
4862.496204,3205.939191,10255.388
4863.45046,3207.003207,10244.28569
4863.220077,3206.973876,10249.9793
4861.364338,3205.395391,10248.00914
4862.725769,3205.501073,10244.52789
4858.195822,3204.712657,10203.65472
4860.169435,3204.691277,10225.21471
4863.568038,3204.568485,10227.53987
4863.854857,3207.029263,10252.49246
4863.926633,3207.017653,10255.388
4862.091977,3205.567463,10237.10155
4861.632001,3206.081084,10252.54999
4862.76607,3206.063278,10244.58211
4863.543195,3207.029263,10247.87393
4862.80024,3205.759154,10232.69809
4859.615971,3205.037945,10226.01009
4861.66413,3204.80042,10213.61267
4862.259941,3205.716978,10222.20565
4863.428356,3207.029263,10244.34063
4863.843874,3207.029263,10248.11777
4863.668467,3207.029263,10247.28495
4861.505469,3206.878885,10247.18473
4862.410294,3204.537021,10249.97905
4862.959139,3207.029263,10239.55171
4863.064442,3206.581153,10226.78991
4859.886244,3205.520047,10212.70426
4862.029413,3206.012582,10217.28121
4862.844077,3205.110022,10249.26286
4862.563433,3203.984984,10240.98387
4863.884442,3207.029263,10250.91478
4863.346053,3207.029263,10252.73237
4862.758845,3206.884931,10249.80333
4863.894817,3206.269938,10247.08087
4860.860374,3205.774344,10237.08026
4863.17745,3206.581547,10255.388
4860.446907,3206.315014,10233.13059
4862.369173,3204.214182,10253.08742
4862.76567,3207.029263,10252.69994
4863.108551,3204.584848,10247.9763
4863.926633,3207.029263,10255.388
4863.926633,3207.029263,10250.77008
4863.926633,3207.029263,10255.388
4861.817012,3206.63654,10255.388
4861.65341,3206.746649,10255.388
4863.67347,3206.907098,10255.388
4863.528711,3204.054415,10247.08665
4863.926633,3207.029263,10252.57066
4863.095334,3205.599651,10253.27735
4863.415874,3204.766821,10255.388
4863.926633,3207.029263,10255.388
4863.027928,3207.029263,10255.388
4863.621369,3207.029263,10255.388
4861.83399,3207.029263,10255.388
4863.540671,3203.284898,10250.76896
4862.943551,3203.431145,10252.95622
4862.857596,3207.024445,10244.45521
4862.83851,3205.934377,10247.39003
4861.099989,3204.682297,10248.38957
4861.886005,3205.633707,10250.69659
4863.367259,3207.029263,10255.388
4862.601237,3206.492875,10252.42389
4863.876492,3207.021695,10255.388
4863.432215,3206.67337,10252.52366
4862.469843,3202.965801,10247.24545
4863.683449,3207.029263,10255.388
4863.045208,3205.102126,10251.05569
4863.590777,3206.112491,10246.91071
4863.233527,3206.705994,10247.80535
4863.556206,3206.996103,10246.96745
4863.207973,3206.845249,10252.68273
4863.707647,3203.332333,10245.86748
4863.926633,3207.029263,10255.388
4863.901162,3206.554162,10255.388
4863.88807,3205.90947,10253.53079
4863.532486,3205.424932,10249.45062
4860.408431,3204.618355,10236.91813
4863.453768,3206.336373,10255.388
4862.264785,3205.984883,10255.388
4861.514702,3206.907098,10250.72178
4862.220904,3206.298184,10255.388
4862.666095,3205.66926,10252.74973
4862.847216,3207.029263,10255.388
4862.225193,3207.029263,10255.388
4863.926633,3207.025423,10255.388
4863.926633,3207.029263,10255.388
4863.780093,3205.841452,10255.388
4863.926633,3207.029263,10255.388
4863.823122,3205.687196,10255.388
4863.926633,3205.200866,10255.388
4863.851179,3205.252061,10255.388
4862.620312,3207.029263,10255.388
4863.926633,3207.029263,10255.388
4863.926633,3207.029263,10255.388
4863.926633,3206.955237,10255.388
4863.734541,3207.029263,10255.388
4863.926633,3207.029263,10255.388
4863.926633,3207.029263,10255.388
4863.926633,3207.029263,10255.388
4863.926633,3207.029263,10255.388
4863.926633,3206.533854,10255.388
4863.926633,3207.029263,10255.388
4863.926633,3207.029263,10255.388
4863.926633,3207.029263,10255.388
4863.926633,3207.029263,10255.388
4863.926633,3206.424421,10255.388
4861.537492,3205.649028,10255.388
4863.926633,3207.029263,10255.388
4863.926633,3207.029263,10255.388
4863.449276,3205.924061,10252.77489
4863.926633,3203.447865,10255.388
4863.926633,3206.176376,10255.388
4863.926633,3207.029263,10255.388
4863.926633,3207.029263,10255.388
4863.77275,3207.029263,10255.388
4863.557669,3206.100599,10255.388
4863.870325,3205.56995,10252.62177
4861.527634,3205.506207,10255.388
4863.926633,3206.316737,10255.388
4863.513589,3205.687196,10255.388
4863.926633,3207.029263,10255.388
4863.8186,3205.616697,10252.72871
4863.926633,3203.508498,10255.388
4863.780587,3207.02539,10252.42806
4863.926633,3207.027624,10253.23772
4863.926633,3207.029263,10255.388
4863.115482,3206.725533,10255.388
4863.262252,3207.029263,10255.388
4863.91772,3206.18994,10252.66901
4863.683485,3205.40801,10255.388
4863.926633,3207.029263,10255.388
4862.717494,3205.833994,10253.31874
4863.005174,3203.646313,10249.83141
4862.87583,3205.738978,10247.92731
4863.887634,3205.6663,10252.84097
4863.499772,3207.02539,10252.95715
4863.854697,3205.882229,10239.01136
4861.316502,3202.403549,10241.61642
4863.237662,3205.633603,10248.12125
4863.926633,3207.029263,10250.16137
4862.898237,3204.740864,10249.86261
4862.220578,3206.313548,10230.72004
4860.653423,3206.624392,10242.15047
4862.391207,3205.630912,10242.71162
4861.766603,3206.667003,10242.3372
4862.927473,3207.029263,10249.56371
4863.687081,3206.990309,10242.10368
4862.452475,3205.268414,10221.74897
4863.103555,3207.029263,10252.5932
4862.178502,3201.896942,10235.11043
4861.311841,3205.267951,10234.2275
4861.624341,3205.338462,10227.33693
4862.787204,3205.908141,10206.91197
4863.507753,3204.875904,10237.85956
4861.549121,3205.321406,10212.60095
4860.53026,3207.029263,10234.58111
4860.432319,3206.775103,10242.09526
4862.485356,3205.914753,10246.94306
4862.350572,3206.792027,10249.46414
4857.933077,3205.595032,10236.42997
4861.48428,3205.914753,10239.58755
4861.998881,3205.227641,10238.81695
4861.795667,3205.821283,10236.13941
4861.060615,3204.760028,10206.89183
4860.807957,3204.126355,10202.59517
4863.512755,3206.779536,10239.31693
4862.1636,3204.792332,10223.29177
4863.579811,3206.890652,10237.37295
4862.059592,3206.886678,10222.9951
4861.181521,3205.341189,10214.89398
4861.518564,3205.761272,10226.44797
4858.510452,3207.018056,10229.94712
4854.149033,3206.356234,10220.37758
4862.185776,3200.816873,10219.73243
4853.002678,3205.415111,10203.00286
4863.510756,3207.029263,10220.7856
4863.918581,3207.029263,10242.47001
4862.759165,3207.029263,10241.86399
4862.79654,3206.424256,10234.20317
4861.6959,3206.249156,10234.37471
4861.086349,3205.308645,10235.32274
4861.953562,3205.169506,10234.5707
4862.287201,3204.937031,10211.70834
4859.465467,3203.929929,10212.89128
4858.902435,3203.841492,10212.57822
4863.692064,3205.126117,10243.90994
4862.735007,3206.950503,10250.13717
4863.926633,3207.029263,10255.388
4863.926633,3207.029263,10255.388
4863.101,3205.560387,10237.7916
4863.631076,3207.029263,10252.42025
4862.450486,3206.171504,10233.9902
4862.228236,3203.581851,10239.12497
4863.029492,3205.503395,10240.36694
4859.773349,3204.163417,10233.19647
4863.897467,3205.194331,10230.21768
4863.439504,3205.50071,10252.81896
4863.926633,3207.029263,10255.388
4863.926633,3207.029263,10255.388
4863.904847,3207.029263,10255.388
4863.641595,3206.885833,10252.79665
4863.149344,3205.690291,10229.60363
4863.891462,3206.049264,10237.75339
4862.826884,3204.30271,10225.04805
4862.617713,3207.029263,10247.28506
4859.753405,3206.776948,10237.49535
4858.992719,3207.029263,10222.22482
4863.926633,3207.029263,10255.388
4863.926633,3207.029263,10255.388
4863.926633,3206.564259,10252.70191
4862.613975,3206.47859,10249.96134
4860.72625,3205.684988,10221.72419
4861.571432,3206.579034,10242.2825
4863.895338,3206.916406,10252.3916
4859.249016,3205.047049,10217.80847
4861.950773,3204.305849,10225.97531
4861.724481,3204.521419,10222.9903
4863.633726,3206.128504,10252.83667
4863.926633,3207.029263,10255.388
4863.751888,3206.890714,10255.388
4863.396448,3207.029263,10255.388
4862.92021,3206.184798,10245.4591
4863.054673,3207.029263,10247.30875
4862.925188,3205.356576,10245.20889
4862.606038,3206.312523,10223.35843
4862.972371,3204.708843,10216.33431
4861.66595,3206.194745,10231.39074
4862.457015,3205.738978,10255.388
4863.926633,3207.029263,10255.388
4863.926633,3207.029263,10253.3811
4863.641524,3207.029263,10255.388
4861.214243,3205.480163,10230.04264
4862.162728,3206.126715,10252.58236
4860.764599,3206.521676,10240.29794
4857.060355,3206.370599,10217.41643
4863.122261,3207.027192,10233.9315
4856.774096,3204.709164,10218.85153
4862.582392,3206.371639,10235.88896
4863.926633,3207.029263,10249.79376
4863.926633,3207.029263,10255.388
4863.926633,3207.029263,10255.388
4861.555119,3207.029263,10250.14391
4858.23227,3204.117525,10240.17098
4862.661346,3205.377818,10255.388
4862.917815,3205.287955,10235.2818
4859.983727,3206.060297,10223.40232
4861.642165,3205.605013,10228.66073
4862.650807,3205.029275,10207.31372
4863.926633,3207.029263,10242.94276
4863.684251,3207.029263,10255.388
4863.926633,3207.029263,10255.388
4863.800556,3206.864948,10255.388
4863.179823,3205.805882,10245.08332
4862.072124,3203.397475,10249.59348
4862.998503,3205.936251,10253.05367
4862.774239,3204.905114,10251.48008
4860.948419,3204.091142,10221.15891
4862.114069,3206.653231,10230.09951
4861.552767,3205.948155,10215.91824
4863.926633,3206.786265,10251.07704
4863.926633,3207.029263,10255.388
4862.582614,3205.09977,10253.4166
4863.529843,3204.080273,10249.9718
4863.065486,3206.648064,10252.63815
4861.971035,3207.029263,10252.50765
4862.523623,3205.971087,10250.29449
4860.990626,3205.904368,10231.19161
4860.248312,3204.074557,10218.1576
4862.092869,3207.029263,10224.77046
4863.926633,3207.029263,10236.82531
4863.926633,3207.029263,10245.06938
4863.765159,3206.847761,10250.78919
4863.176122,3205.206782,10229.89065
4863.862481,3204.281927,10248.52503
4863.627955,3206.71685,10255.388
4862.995182,3207.029263,10249.85486
4860.63911,3204.024153,10221.55424
4854.369855,3203.901037,10206.32661
4863.219777,3206.120467,10249.84611
4861.773728,3205.821835,10229.33116
4863.731606,3205.611036,10242.53174
4863.926633,3206.028395,10252.61624
4863.194061,3204.974978,10247.49927
4862.901242,3207.029263,10252.85953
4862.710743,3206.454948,10248.05407
4858.902288,3206.112322,10246.97933
4861.389621,3206.593541,10234.95552
4862.197006,3204.988139,10234.23541
4862.039945,3207.029263,10244.84333
4859.647713,3205.659482,10231.19632
4862.826041,3204.630869,10237.48166
4863.926633,3207.029263,10236.13103
4863.323032,3206.126715,10242.90628
4863.289982,3205.625228,10241.84907
4860.290626,3203.709832,10233.32484
4860.392402,3205.639531,10250.45149
4856.694517,3205.255473,10217.93345
4861.029986,3205.343135,10235.81314
4859.429152,3205.993694,10210.32322
4858.851305,3206.933801,10219.25315
4862.11004,3205.127652,10235.7954
4861.944555,3204.046333,10226.6292
4863.297818,3207.007935,10250.00978
4863.241815,3206.634699,10247.3058
4860.073597,3204.614185,10240.11041
4863.867929,3205.466016,10230.54644
4863.008188,3207.029263,10239.75903
4862.201719,3204.816178,10221.61998
4861.363056,3202.873387,10242.09177
4858.174784,3203.30912,10229.16775
4860.990112,3206.37977,10239.84447
4862.315158,3207.029263,10252.79684
4863.176505,3205.638191,10253.19945
4863.020876,3205.314145,10249.39119
4863.038435,3204.169973,10242.37388
4863.395624,3205.391771,10244.56568
4861.796274,3207.029263,10253.32544
4861.453499,3204.768855,10241.85277
4863.757806,3206.047828,10252.82002
4861.661001,3204.146449,10246.51784
4863.79637,3206.776447,10255.388
4862.401345,3207.029263,10253.16831
4862.95056,3205.160972,10255.388
4863.320284,3206.393502,10255.388
4863.497279,3207.029263,10255.388
4863.61778,3207.029263,10255.388
4863.758206,3206.437463,10255.388
4863.737421,3207.029263,10255.388
4863.926633,3207.029263,10255.388
4863.926633,3207.029263,10255.388
4863.702721,3207.029263,10255.388
4863.926633,3207.029263,10255.388
4863.926633,3207.029263,10255.388
4863.926633,3207.029263,10255.388
4863.926633,3207.029263,10255.388
4863.826181,3207.029263,10255.388
4863.926633,3207.013627,10255.388
4863.926633,3207.029263,10255.388
4863.926633,3207.029263,10255.388
4863.682668,3205.738978,10255.388
4863.926633,3205.887359,10255.388
4863.837315,3207.029263,10255.388
4863.720575,3207.029263,10255.388
4863.926633,3207.029263,10255.388
4863.926633,3207.029263,10255.388
4863.926633,3207.029263,10255.388
4863.926633,3207.029263,10255.388
4863.926633,3207.029263,10255.388
4863.926633,3207.029263,10255.388
4863.926633,3207.029263,10255.388
4863.926633,3207.029263,10255.388
4863.926633,3204.975866,10253.31592
4863.504806,3207.029263,10255.388
4863.926633,3207.029263,10255.388
4863.761072,3207.029263,10255.388
4863.926633,3205.640798,10255.388
4863.926633,3204.668959,10255.388
4863.908505,3205.10782,10255.388
4863.926633,3207.029263,10255.388
4862.565299,3207.021933,10255.388
4863.926633,3206.125048,10255.388
4863.925994,3205.665043,10255.388
4863.504806,3205.738978,10255.388
4863.327861,3207.029263,10255.388
4863.926633,3207.029263,10255.388
4863.926633,3207.029263,10255.388
4863.926633,3207.029263,10255.388
4863.926633,3206.625221,10255.388
4863.926633,3206.056974,10255.388
4863.2812,3205.499823,10255.388
4863.612004,3207.029263,10255.388
4862.056307,3207.029263,10255.388
4863.926633,3206.701389,10255.388
4863.926633,3207.029263,10255.388
4863.926633,3207.029263,10255.388
4863.926633,3207.029263,10255.388
4863.926633,3207.029263,10255.388
4862.787989,3207.028609,10252.82869
4863.926633,3206.429144,10255.388
4863.719465,3206.31704,10253.02175
4863.190633,3206.834363,10255.388
4863.889814,3207.029263,10251.56225
4862.079095,3204.700069,10240.84804
4863.686857,3207.029263,10249.48273
4863.926633,3207.029263,10255.388
4863.926633,3207.029263,10255.388
4863.926633,3206.841475,10255.388
4863.555921,3207.029263,10255.388
4863.551469,3206.946095,10255.388
4863.903356,3206.400863,10245.19893
4862.539075,3206.661799,10255.388
4859.968572,3206.671606,10241.62036
4862.834725,3205.387628,10224.22574
4863.579955,3207.029263,10241.92622
4863.926633,3207.029263,10255.388
4863.926633,3207.029263,10255.388
4863.926633,3207.029263,10255.388
4863.919836,3207.029263,10249.9742
4863.909038,3207.029263,10249.8879
4860.722467,3207.029263,10240.71688
4863.439111,3207.029263,10252.70191
4863.191056,3207.029263,10237.25054
4863.150568,3205.399924,10217.50944
4861.186814,3206.061806,10241.01866
4862.879222,3207.029263,10252.81486
4863.926633,3207.029263,10255.388
4863.926633,3207.029263,10255.388
4863.926633,3207.029263,10255.388
4863.137849,3206.865065,10242.17825
4863.303088,3207.011148,10255.388
4861.358764,3206.742887,10250.36735
4863.875706,3206.841475,10243.49988
4862.085356,3206.789836,10244.36211
4863.012613,3206.934294,10238.3021
4863.84204,3207.029263,10252.45061
4863.926633,3207.029263,10249.84879
4863.926633,3207.013627,10255.388
4862.605706,3206.547694,10252.80571
4862.864846,3206.437463,10255.388
4863.729508,3207.025037,10255.388
4861.357549,3206.892711,10252.73887
4863.00654,3206.182978,10252.74094
4861.412479,3204.776329,10248.15007
4862.565543,3206.03077,10255.388
4861.75202,3205.670532,10231.18314
4863.436255,3205.347625,10247.7615
4863.14743,3207.029263,10249.99856
4863.687867,3207.029263,10255.388
4863.274064,3207.029263,10255.388
4861.400482,3206.980835,10252.7223
4862.247217,3207.029263,10239.52646
4859.453211,3206.851994,10238.63308
4861.240038,3204.963293,10237.12839
4861.376375,3204.385686,10228.82418
10269.23041,4713.343421,11930.51784
10261.24602,4709.634374,11932.74681
10275.5685,4713.930238,11943.51149
10273.83682,4713.930238,11952.18014
10273.44787,4713.930238,11938.16528
10269.30109,4710.303134,11936.20532
10273.01281,4713.125579,11919.03695
10268.8825,4711.776378,11940.25688
10273.27121,4713.930238,11946.94327
10263.63009,4711.078419,11915.19054
10262.13227,4712.299145,11895.17484
10256.43695,4710.931042,11876.85383
10270.80694,4713.930238,11920.04739
10275.41574,4713.886856,11949.0436
10271.56049,4713.525321,11924.9637
10270.91815,4713.109812,11934.08074
10268.94565,4711.305703,11914.22694
10276.4306,4713.668002,11950.59547
10264.10889,4713.038546,11924.85817
10268.31273,4711.675568,11927.73474
10269.6705,4713.385387,11918.71643
10267.20763,4713.382301,11921.43752
10272.96897,4712.565559,11928.14243
10268.43927,4713.930238,11936.81417
10271.30588,4713.930238,11952.55503
10270.04986,4713.930238,11949.54649
10270.10743,4712.693909,11936.23406
10267.22423,4713.60047,11953.02647
10268.90676,4711.386084,11933.45216
10263.43659,4712.713814,11906.28138
10263.11663,4709.141536,11916.92528
10269.17112,4713.675972,11921.00485
10265.82084,4713.930238,11931.64707
10270.25985,4713.853115,11937.52684
10274.39609,4713.664058,11955.67907
10271.79947,4713.76604,11948.84996
10272.45097,4713.928311,11952.38634
10269.40133,4712.428608,11938.11758
10266.22457,4711.953614,11913.90811
10274.88185,4713.316363,11928.1972
10265.50493,4708.309338,11929.49089
10271.79457,4712.602528,11936.55919
10268.09656,4708.951545,11927.61597
10266.8033,4712.561804,11942.3445
10275.08217,4713.930238,11952.13776
10276.4306,4713.930238,11955.67907
10275.04669,4713.930238,11946.89898
10264.21647,4711.20882,11931.4235
10270.76943,4712.523451,11936.41791
10265.8539,4713.880092,11934.03376
10271.65661,4711.066855,11941.3661
10264.43094,4709.639839,11891.66249
10269.20528,4712.386304,11926.528
10267.72199,4710.90129,11904.56427
10275.39366,4713.930238,11952.27109
10276.3345,4713.930238,11955.67907
10273.17711,4713.76604,11955.67907
10271.4423,4713.855812,11936.41941
9819.732403,3425.227177,11599.55975
9819.364806,3425.227177,11618.1268
9818.746755,3425.227177,11614.78746
9818.275572,3424.324454,11617.37185
9807.460698,3423.971467,11609.59774
9811.07425,3422.615474,11595.05844
9821.19459,3425.227177,11623.16496
9820.441019,3425.227177,11625.80532
9820.056198,3424.699579,11625.80532
9818.315492,3425.227177,11625.80532
9816.725665,3423.183906,11614.25448
9821.666579,3425.227177,11622.328
9813.880613,3424.50698,11620.86761
9819.256178,3425.214488,11623.13408
9811.882104,3422.661942,11589.58654
9817.588907,3424.646519,11603.48602
9821.666579,3424.132426,11625.80532
9819.813089,3425.227177,11623.38473
9821.666579,3425.227177,11622.81904
9821.666579,3425.227177,11625.80532
9819.666579,3424.755253,11623.01289
9820.194193,3425.227177,11625.80532
9817.296186,3425.227177,11617.36454
9819.667008,3423.626238,11617.53783
9817.338906,3421.837104,11608.80431
9818.511849,3425.227177,11620.14035
9819.029882,3425.227177,11611.94757
9821.666579,3425.227177,11620.24122
9821.666579,3425.227177,11625.80532
9820.652626,3425.227177,11625.80532
9821.666579,3425.227177,11623.33398
9819.134538,3425.092195,11623.73601
9821.379418,3425.172712,11625.80532
9820.666579,3425.227177,11615.14502
9814.295709,3424.999138,11622.7864
9819.471736,3422.579993,11617.50681
9819.552234,3424.20529,11616.73117
9817.712149,3425.227177,11609.69422
9821.666579,3422.651874,11625.80532
9821.478748,3425.227177,11625.80532
9821.127253,3424.341675,11623.24787
9821.273443,3425.227177,11611.78335
9819.598292,3423.725239,11625.80532
9820.073499,3423.92417,11614.40068
9818.939786,3424.565466,11620.27411
9818.372535,3424.064449,11595.56975
9820.777805,3423.36475,11592.84117
9819.019524,3423.428266,11608.19702
9820.796224,3425.227177,11616.92423
9821.666579,3425.227177,11625.80532
9820.666579,3423.362154,11617.46243
9821.327056,3423.683627,11620.87741
9820.358712,3425.227177,11596.05304
9818.621442,3424.942479,11613.01255
9816.475433,3424.164304,11622.42703
9816.629648,3420.939297,11606.76167
9818.140943,3425.210391,11613.79676
9817.186141,3423.94783,11611.70629
9821.666579,3425.227177,11620.0567
9821.666579,3425.227177,11625.80532
9821.409656,3425.227177,11625.80532
9820.798949,3425.227177,11622.85762
9815.243551,3422.75238,11602.41562
9819.681836,3425.227177,11622.95388
9816.196517,3423.233331,11604.31145
9816.144026,3423.594983,11596.42441
9819.115955,3420.470026,11597.79001
9811.453555,3425.227177,11587.76131
9817.540193,3423.919389,11606.77831
9821.147643,3425.227177,11618.82823
9819.418075,3425.036869,11620.30649
9820.879047,3425.227177,11625.80532
9820.370269,3424.363652,11622.34604
9821.195722,3425.227177,11619.59004
9816.772184,3421.493472,11616.80006
9818.040983,3424.080003,11607.87424
9815.073361,3424.341675,11607.78228
9816.291261,3425.144226,11614.333
9819.618617,3425.227177,11593.80224
9817.962835,3425.227177,11614.04866
9820.666579,3425.227177,11622.79433
9821.666579,3423.687977,11625.80532
9819.409475,3424.249816,11625.80532
9819.922805,3425.227177,11625.80532
9819.361633,3422.904081,11611.72598
9819.418345,3425.042651,11614.68829
9821.535325,3424.192854,11623.20458
9818.50643,3425.199614,11608.43847
9817.350029,3423.179759,11595.91857
9808.386754,3425.040341,11591.72303
9821.310206,3425.227177,11622.84676
9821.666579,3425.227177,11622.79203
9821.046171,3424.533536,11623.65755
9815.004213,3425.227177,11614.2425
9818.521466,3423.641123,11625.80532
9819.904742,3421.42619,11617.03895
9820.900414,3425.227177,11620.2117
9813.96676,3424.251383,11609.7671
9814.474705,3423.698198,11608.49589
9818.096262,3424.703947,11602.57337
9820.646826,3425.227177,11622.44522
9821.666579,3425.206746,11623.25408
9819.218943,3423.963777,11617.44559
9817.053361,3425.170821,11622.72351
9819.7402,3425.179821,11619.36676
9819.227241,3424.126093,11622.47298
9817.425758,3425.227177,11623.64693
9813.93077,3424.646986,11622.6098
9812.883365,3425.227177,11613.9339
9812.657326,3422.926716,11608.9867
9819.105316,3425.227177,11623.02737
9816.854462,3424.054723,11611.30164
9821.666579,3425.227177,11625.80532
9816.573897,3425.227177,11619.56361
9817.741497,3424.906966,11601.37644
9820.965919,3422.633899,11625.80532
9817.155006,3424.319802,11615.77294
9813.89339,3425.208563,11603.26579
9810.938338,3424.396417,11608.20586
9816.206199,3423.852888,11611.05472
9810.016264,3425.227177,11617.35545
9817.759718,3425.227177,11619.8031
9820.442973,3425.214795,11623.43221
9815.733127,3423.652068,11620.2563
9819.334885,3425.227177,11623.56903
9816.537194,3423.524802,11620.05047
9812.684009,3425.227177,11620.68974
9818.189332,3423.311768,11608.19329
9812.168293,3422.326926,11596.6296
9814.98091,3425.227177,11606.76277
9811.450874,3424.03687,11594.79029
9816.387314,3423.948057,11625.80532
9819.271234,3425.227177,11604.01501
9821.211961,3425.227177,11622.98582
9821.043398,3424.181281,11622.52214
9807.569911,3424.459402,11599.31916
9818.268947,3423.00776,11604.23384
9816.925615,3425.119613,11596.86429
9818.610633,3425.227177,11620.32988
9812.514307,3422.63217,11603.47215
9806.517116,3424.201684,11577.04704
9814.924973,3424.54407,11592.59863
9820.680619,3425.227177,11622.77598
9821.666579,3425.227177,11625.80532
9816.202045,3423.056116,11620.22537
9812.450304,3423.605989,11614.14261
9816.6343,3424.466927,11611.14376
9814.468531,3423.436923,11617.24997
9818.428708,3423.96411,11623.20909
9812.051588,3423.416651,11608.15396
9804.415327,3421.796851,11579.61094
9814.056694,3421.409074,11603.5249
9819.594408,3425.227177,11622.42447
9821.666579,3425.227177,11625.80532
9821.571132,3425.227177,11625.80532
9820.571855,3425.227177,11623.41799
9816.046796,3425.192123,11610.13581
9817.186055,3425.227177,11625.80532
9819.73133,3424.870999,11617.39632
9818.805924,3425.172111,11625.80532
9814.186178,3424.078165,11613.70453
9819.632568,3425.227177,11625.80532
9817.831947,3425.227177,11625.80532
9821.666579,3425.227177,11625.80532
9821.666579,3425.227177,11625.80532
9821.666579,3425.227177,11625.80532
9821.666579,3425.227177,11625.80532
9821.063841,3425.227177,11625.80532
9820.801335,3425.227177,11625.80532
9821.505718,3423.295353,11620.56146
9820.666579,3425.227177,11625.80532
9816.518036,3424.835534,11623.25408
9821.24477,3425.227177,11625.80532
9821.666579,3425.227177,11625.80532
9821.666579,3425.227177,11625.80532
9821.666579,3425.227177,11625.80532
9821.666579,3425.227177,11625.80532
9821.666579,3425.226739,11625.80532
9821.666579,3425.041186,11625.80532
9821.666579,3425.227177,11625.80532
9819.410872,3424.193246,11625.80532
9817.912024,3425.227177,11625.80532
9821.501894,3425.227177,11625.80532
9821.449848,3424.612145,11625.80532
9821.666579,3425.227177,11625.80532
9821.666579,3425.227177,11625.80532
9821.666579,3425.227177,11625.80532
9821.666579,3425.16037,11625.80532
9821.666579,3425.227177,11625.80532
9821.357545,3425.227177,11623.22148
9821.585534,3425.220619,11625.80532
9821.409078,3423.65345,11625.80532
9821.666579,3424.223471,11625.80532
9820.626318,3425.227177,11625.80532
9821.666579,3425.227177,11625.80532
9821.666579,3425.227177,11625.80532
9821.666579,3425.227177,11625.80532
9821.666579,3425.227177,11625.80532
9821.666579,3425.227177,11625.80532
9821.666579,3425.227177,11625.80532
9821.250203,3424.219022,11625.80532
9821.610505,3425.227177,11625.80532
9821.285827,3425.227177,11625.80532
9820.643719,3425.227177,11625.80532
9821.666579,3425.227177,11625.80532
9821.666579,3425.227177,11625.80532
9821.666579,3425.227177,11625.80532
9821.666579,3425.172111,11625.80532
9820.963776,3425.227177,11625.80532
9821.666579,3425.227177,11625.80532
9819.810674,3423.727715,11619.69947
9821.502223,3423.373896,11625.80532
9816.65439,3425.226739,11625.80532
9817.905976,3425.19261,11622.33477
9818.68388,3423.972786,11623.25408
9821.626777,3425.227177,11625.80532
9821.666579,3425.227177,11625.80532
9821.666579,3425.227177,11625.80532
9820.62453,3424.707771,11625.80532
9821.32335,3425.197651,11625.80532
9820.285322,3424.783028,11622.92118
9820.991428,3425.227177,11619.24678
9820.59203,3425.159703,11619.56198
9821.277612,3422.399148,11604.07926
9820.211274,3425.227177,11622.29737
9820.297306,3425.227177,11597.31265
9821.666579,3425.227177,11625.80532
9819.946462,3425.227177,11625.80532
9820.117073,3425.227177,11625.80532
9816.700787,3425.159696,11620.07448
9820.078532,3425.05296,11614.61204
9820.013086,3425.145111,11617.38591
9814.331742,3423.885878,11574.78588
9819.420361,3425.227177,11616.90651
9814.986185,3424.204871,11566.03534
9816.035649,3424.509109,11597.02216
9821.112031,3425.227177,11619.99465
9821.666579,3425.227177,11623.03987
9821.454791,3424.486833,11625.80532
9818.632851,3425.179853,11605.69347
9815.823505,3421.878621,11596.0766
9816.375233,3424.826872,11606.97807
9817.174839,3422.352281,11613.27378
9816.936828,3421.573544,11599.41586
9812.679526,3423.269583,11582.59207
9811.822689,3423.31031,11570.65031
9820.729586,3425.227177,11616.7637
9820.913153,3425.227177,11622.79433
9820.669689,3425.205849,11625.80532
9817.511809,3424.064966,11619.72192
9816.517933,3423.586664,11586.28007
9818.286108,3421.827385,11602.30321
9821.441357,3425.172111,11620.09037
9815.967003,3424.742616,11607.58018
9813.58673,3423.488696,11565.01054
9812.34159,3422.224865,11572.99658
9817.653722,3423.347688,11579.01451
9821.666579,3425.227177,11622.95013
9818.221655,3425.161702,11620.03758
9816.421729,3423.844994,11618.00037
9815.030745,3424.046095,11606.14951
9819.441343,3422.373158,11620.08879
9816.875656,3425.227177,11604.10944
9818.01711,3425.227177,11576.99682
9810.762912,3423.25984,11579.17091
9799.883981,3420.193688,11547.20958
9818.621537,3423.948057,11611.74318
9817.63772,3424.870418,11607.1871
9820.666579,3425.227177,11625.80532
9818.658614,3424.800409,11622.83494
9818.804026,3424.03241,11625.80532
9819.410428,3425.155278,11613.8346
9815.735119,3425.068421,11595.17557
9815.544132,3423.706247,11605.91984
9808.190293,3423.461752,11591.57508
9814.583798,3425.195066,11581.70668
9821.069048,3423.868727,11612.86307
9817.134874,3422.363748,11613.26112
9821.411905,3425.227177,11625.80532
9820.221468,3425.227177,11625.80532
9819.738522,3421.976058,11625.80532
9818.212399,3424.602329,11620.33661
9810.939558,3425.227177,11601.78802
9816.863983,3425.120687,11586.76395
9806.456512,3424.950975,11580.82863
9816.731565,3424.715348,11611.09794
9817.707281,3423.942698,11600.5451
9818.042543,3422.579095,11613.89632
9821.149787,3425.227177,11625.80532
9821.666579,3425.227177,11625.80532
9821.666579,3425.227177,11625.80532
9818.639652,3421.960719,11625.80532
9814.376168,3421.958689,11605.03297
9820.114003,3423.791705,11591.04341
9818.65924,3424.948997,11600.54842
9815.016102,3424.383993,11610.2141
9817.702722,3425.227177,11589.47496
9809.943397,3422.127102,11597.44457
9819.751489,3425.062827,11617.75955
9821.666579,3424.14198,11625.80532
9820.481366,3424.395218,11625.80532
9819.531443,3425.227177,11622.71673
9815.656049,3423.322449,11602.58708
9818.449743,3424.168607,11612.68992
9814.606512,3422.753722,11600.31798
9816.786539,3425.227177,11619.2476
9818.600131,3423.497232,11623.34875
9820.6386,3422.584318,11625.80532
9821.188787,3424.043473,11622.79546
9821.666579,3425.227177,11625.80532
9821.666579,3425.227177,11625.80532
9819.464216,3425.227177,11625.80532
9811.649844,3422.658885,11613.84505
9817.128366,3422.95747,11610.79516
9819.248371,3425.227177,11617.0373
9812.745932,3420.823129,11602.5973
9818.394696,3421.778706,11605.17366
9816.554909,3425.041186,11611.2214
9820.617946,3425.227177,11625.80532
9820.486622,3425.227177,11625.80532
9821.666579,3425.227177,11625.80532
9821.196037,3425.130399,11625.80532
9819.644314,3425.209664,11625.80532
9816.7534,3425.227177,11620.26593
9819.608544,3424.267034,11617.67513
9815.644387,3422.404425,11605.36156
9817.606931,3424.302153,11599.65479
9816.170349,3423.076301,11581.45912
9821.666579,3425.227177,11625.80532
9821.308186,3425.227177,11625.80532
9821.666579,3425.227177,11625.80532
9820.43589,3425.227177,11625.80532
9821.666579,3424.707771,11623.40502
9819.403488,3424.937205,11622.8396
9818.449305,3424.746809,11616.38323
9819.062058,3425.214488,11602.54396
9813.720556,3424.09498,11607.86871
9817.604116,3422.23048,11580.63356
9819.48179,3424.847113,11609.18736
9818.374951,3425.227177,11618.70451
9819.593152,3425.227177,11622.97028
9821.666579,3425.227177,11625.80532
9821.226003,3425.212701,11625.80532
9821.666579,3425.154745,11620.31298
9815.029418,3425.089774,11602.44808
9810.899581,3424.326186,11602.01143
9807.099781,3424.217516,11584.28641
9815.232128,3425.201813,11615.11307
9808.666118,3422.856563,11563.13717
9809.478788,3423.808901,11566.89818
9820.443191,3425.227177,11616.03308
9821.666579,3425.227177,11625.80532
9821.203348,3425.227177,11625.80532
9817.502344,3425.183448,11614.92926
9811.402075,3424.837326,11601.06027
9816.190738,3423.038561,11576.27138
9817.818271,3425.187979,11607.14146
9808.729581,3425.026358,11598.30984
9807.32366,3421.997388,11531.80366
9799.904408,3423.894325,11558.17149
9812.941975,3425.122681,11601.85482
9821.666579,3425.227177,11619.66356
9821.666579,3425.227177,11625.80532
9815.638761,3425.196431,11622.9021
9803.477991,3424.921732,11596.55653
9810.801528,3425.21875,11570.59695
9811.129148,3425.182281,11596.20726
9805.428554,3420.914759,11578.6165
9798.645463,3425.15738,11522.01806
9800.969873,3424.977622,11526.02643
9802.575785,3423.321435,11525.50599
9819.702501,3425.227177,11620.25535
9817.887809,3425.205399,11622.93588
9819.259066,3425.21904,11625.80532
9809.984608,3424.349906,11591.65536
9805.738354,3422.640895,11543.26769
9816.174608,3423.409418,11604.55384
9810.688621,3425.16037,11563.06705
9786.784563,3422.279849,11508.7252
9802.947278,3424.512902,11544.31937
9800.643552,3422.352039,11535.10077
9816.84703,3425.227177,11593.00696
9813.487059,3423.968917,11595.79731
9814.56103,3425.100597,11616.88232
9798.318931,3425.033503,11576.69147
9798.338725,3424.890509,11554.12171
9802.533985,3422.648862,11586.02257
9800.933142,3421.178284,11529.39231
9790.468114,3424.2606,11517.24634
9793.443343,3421.948607,11512.68579
9792.207611,3422.035997,11540.41022
9790.429315,3423.916444,11475.90245
9808.171576,3422.590106,11530.8777
9804.744387,3422.900744,11585.95955
9797.733021,3421.204067,11563.63078
9810.300718,3421.415811,11571.81381
9803.307119,3422.314512,11536.40773
9783.837587,3418.256973,11517.20705
9804.413675,3424.900261,11513.40439
9787.858451,3420.613261,11444.12997
9803.007463,3421.050397,11532.20464
9792.978379,3422.20334,11488.86242
9804.713084,3420.311095,11528.45508
9813.896627,3423.78057,11595.91772
9811.373071,3423.507315,11622.99702
9814.028811,3424.017091,11594.58317
9798.116506,3424.707771,11541.35502
9800.770464,3417.558408,11503.81175
9802.770081,3423.521258,11535.6071
9794.296459,3420.858001,11518.19737
9807.115753,3421.939225,11519.97697
9788.094258,3417.731012,11457.21097
9806.832362,3423.991346,11524.83447
9819.23281,3425.227177,11601.4217
9821.666579,3424.685722,11625.80532
9809.865097,3424.698241,11613.5128
9810.396128,3423.402145,11576.43435
9801.160896,3422.992461,11539.32572
9800.84026,3419.987535,11528.87746
9817.314808,3425.066839,11594.95094
9795.002371,3421.542726,11459.27894
9805.30042,3418.893486,11503.0827
9801.210442,3418.541436,11453.88601
9816.009671,3423.991346,11577.68033
9821.579703,3425.227177,11622.75736
9820.355813,3424.305275,11622.80425
9811.259841,3424.600329,11601.73841
9810.71996,3421.749964,11579.94257
9814.647268,3423.711807,11571.95892
9819.494062,3423.588598,11610.16937
9803.610125,3421.647061,11563.68354
9814.823413,3422.889973,11586.29391
9804.600364,3416.089354,11582.01465
9821.627607,3423.469656,11616.80465
9821.666579,3424.317987,11625.80532
9819.407212,3422.368373,11625.80532
9819.81732,3422.84683,11625.80532
9818.455148,3425.068421,11620.08158
9816.738133,3422.689689,11625.80532
9816.31364,3423.813073,11610.60193
9807.817534,3423.264004,11604.61765
9819.074617,3423.786566,11604.68227
9806.938414,3417.157783,11594.52704
9821.116728,3423.287768,11620.5145
9821.400305,3425.227177,11625.80532
9821.666579,3424.202408,11625.80532
9821.666579,3425.227177,11625.80532
9820.066238,3424.256274,11625.80532
9820.547306,3425.227177,11625.80532
9818.449538,3422.909079,11622.97547
9814.181686,3421.823974,11622.76144
9818.363901,3421.002948,11619.62113
9820.906754,3421.513844,11625.80532
9821.190822,3423.339571,11625.80532
10867.05458,4336.374555,12537.93512
10867.20451,4339.060947,12537.93512
10867.20451,4339.060947,12537.93512
10867.20451,4339.060947,12537.93512
10867.20451,4338.551506,12537.93512
10867.20451,4338.248295,12537.93512
10867.20451,4339.057112,12537.93512
10867.20451,4339.060947,12537.93512
10867.20451,4338.576869,12537.93512
10866.99428,4339.060947,12537.93512
10867.20451,4339.060947,12537.93512
10867.20451,4339.060947,12537.93512
10867.20451,4339.060947,12537.93512
10867.20451,4339.060947,12537.93512
10867.20451,4339.060947,12537.93512
10867.20451,4339.060947,12537.93512
10867.20451,4339.060947,12537.93512
10867.20451,4339.060947,12537.93512
10867.20451,4339.060947,12537.93512
10867.20451,4339.060947,12537.93512
10867.20451,4339.060947,12537.93512
10867.20451,4339.060947,12537.93512
10867.20451,4339.060947,12537.93512
10867.20451,4339.060947,12537.93512
10867.20451,4339.060947,12537.93512
10867.20451,4339.060947,12537.93512
10867.20451,4339.060947,12537.93512
10867.20451,4339.060947,12537.93512
10867.20451,4339.060947,12537.93512
10867.07957,4339.060947,12537.93512
10867.20451,4339.060947,12537.93512
10867.20451,4339.060947,12537.93512
10867.20451,4339.060947,12537.93512
10867.20451,4339.060947,12537.93512
10867.20451,4339.060947,12537.93512
10867.20451,4339.060947,12537.93512
10867.20451,4339.060947,12537.93512
10867.20451,4339.060947,12537.93512
10867.20451,4339.060947,12537.93512
10866.7769,4337.559332,12537.93512
10866.99323,4339.060947,12537.93512
10866.74272,4339.060947,12537.93512
10867.20451,4339.060947,12537.93512
10867.20451,4339.060947,12537.93512
10867.20451,4339.060947,12537.93512
10867.20451,4339.060947,12537.93512
10867.20451,4339.060947,12537.93512
10867.20451,4339.060947,12537.93512
10867.20451,4339.060947,12537.93512
10867.20451,4338.463288,12537.93512
10867.20451,4337.830834,12537.93512
10867.20451,4337.936761,12537.93512
10867.20451,4339.060947,12537.93512
10867.20451,4339.060947,12537.93512
10867.20451,4339.060947,12537.93512
10867.20451,4339.060947,12537.93512
10867.20451,4339.060947,12537.93512
10866.81117,4339.060947,12537.93512
10103.7084,2895.973227,9249.677656
10103.55132,2895.535718,9249.677656
10104.12471,2895.973227,9249.677656
10102.93404,2895.750239,9249.677656
10103.89706,2895.973227,9249.677656
10104.09516,2895.973227,9249.677656
10104.12471,2895.973227,9249.677656
10104.12471,2895.973227,9249.677656
10104.12471,2895.973227,9249.677656
10104.12471,2895.973227,9249.677656
10103.46759,2895.973227,9249.677656
10103.06967,2895.973227,9247.168654
10104.12471,2895.936316,9249.677656
10099.88843,2895.911361,9247.71572
10102.52467,2895.973227,9249.677656
10103.2733,2895.973227,9243.82209
10104.12471,2895.973227,9249.677656
10104.12471,2895.973227,9249.677656
10104.12471,2895.969392,9249.677656
10103.21602,2895.973227,9249.677656
10102.75729,2895.941302,9249.677656
10100.29556,2895.973227,9249.677656
10103.27958,2895.600143,9249.677656
10095.11584,2895.817465,9247.670957
10094.5668,2895.914642,9249.677656
10097.26776,2895.604417,9241.995075
10104.04459,2895.973227,9249.677656
10104.12471,2895.973227,9249.677656
10102.83113,2895.914642,9249.677656
10101.05555,2895.973227,9249.677656
10098.76154,2895.973227,9249.677656
10093.85419,2895.185102,9249.677656
10102.39864,2895.973227,9249.677656
10094.00006,2895.973227,9245.387845
10093.44097,2895.26548,9243.413737
10093.1261,2893.312825,9238.629026
10100.59434,2895.973227,9249.677656
10104.12471,2895.973227,9249.677656
10104.12471,2895.973227,9249.677656
10101.35121,2895.909262,9249.677656
10098.28905,2895.969392,9249.677656
10097.91484,2894.113216,9249.677656
10100.32553,2895.867749,9248.039103
10081.07581,2894.393883,9240.907481
10086.74305,2892.843969,9240.5838
10081.52403,2893.277854,9235.712849
10101.37462,2895.973227,9249.677656
10102.53944,2895.973227,9247.592204
10103.90557,2895.973227,9249.677656
10102.60463,2895.967694,9249.677656
10097.69206,2895.920489,9249.677656
10101.93449,2895.973227,9247.171561
10093.20833,2895.58668,9246.893961
10083.79143,2895.497446,9238.619107
10087.95888,2895.216136,9225.66059
10083.4969,2890.979541,9223.659528
10101.50432,2894.23339,9242.333928
10100.01951,2893.526638,9242.387065
10100.11891,2895.973227,9247.219866
10101.53719,2895.73782,9249.677656
10094.73812,2893.82409,9227.324868
10098.02126,2895.19753,9240.442119
10093.42338,2895.808937,9228.067626
10088.33883,2895.92498,9220.753564
10085.28901,2893.865395,9218.875025
10097.06043,2893.285632,9229.897611
10091.52652,2889.394331,9220.019734
10102.63181,2893.719687,9235.473472
10103.48615,2894.302394,9247.315135
10103.07515,2895.960048,9249.677656
10100.00556,2895.634567,9244.877951
10100.72682,2893.567794,9234.624383
10092.44698,2893.839047,9235.726306
10090.5989,2891.951744,9222.366133
10092.35506,2895.962001,9198.65027
10092.17306,2895.270778,9229.453586
10094.18654,2891.083039,9207.989026
10095.51625,2893.986905,9235.516943
10102.67532,2891.584177,9239.454627
10103.78956,2895.973227,9249.677656
10097.04818,2895.973227,9249.677656
10098.91117,2894.598747,9241.159861
10094.18927,2894.906426,9218.750146
10093.67794,2895.158876,9214.717467
10089.81481,2892.103286,9218.735287
10093.52146,2895.41209,9230.31346
10089.92808,2893.206215,9162.872156
10097.50782,2888.303982,9190.23972
10101.73156,2891.114235,9236.66516
10101.67984,2895.973227,9244.355321
10101.14006,2895.815968,9246.892223
10095.69225,2895.276263,9247.423282
10093.96691,2894.366949,9208.029666
10082.4168,2889.614727,9190.714693
10093.82398,2895.531158,9219.808281
10082.23964,2890.424317,9184.583873
10074.99208,2891.704646,9145.978216
10087.47692,2893.320457,9157.196489
10097.68393,2894.318905,9217.258319
10104.12471,2893.987135,9244.807835
10104.12471,2895.766029,9249.677656
10098.08631,2895.39316,9235.869976
10097.24232,2895.681012,9209.191542
10083.52095,2893.161337,9182.735656
10098.44118,2895.486741,9235.990736
10062.89523,2890.894081,9163.984779
10085.46522,2894.823912,9153.263146
10082.20114,2892.201632,9158.109757
10081.71584,2895.513013,9191.184812
10103.12268,2895.973227,9249.677656
10104.12471,2895.96889,9249.677656
10102.45308,2895.694128,9247.603108
10102.97653,2895.795667,9247.479204
10085.79984,2893.539916,9222.399685
10093.99763,2894.365735,9235.314223
10079.5529,2893.146773,9198.905304
10078.81421,2893.441702,9174.705477
10084.82746,2895.973227,9157.09342
10085.17838,2895.897132,9212.140421
10101.24437,2895.973227,9244.41942
10104.12471,2895.973227,9249.677656
10104.12471,2895.973227,9249.677656
10103.07186,2895.959993,9249.677656
10100.69993,2895.062869,9247.503581
10094.7991,2894.704741,9238.712428
10090.88424,2895.436562,9225.503796
10078.68887,2889.720798,9204.092198
10090.75791,2894.898663,9210.875402
10083.70526,2893.278844,9213.586017
10099.66127,2894.142762,9228.637699
10104.12471,2895.973227,9249.677656
10104.12471,2895.973227,9249.677656
10103.42508,2895.926713,9249.677656
10101.95167,2895.973227,9247.535386
10099.50749,2895.938405,9231.845918
10093.62843,2890.730308,9238.164319
10090.45335,2894.146943,9212.163459
10092.76218,2893.991632,9190.270225
10097.47274,2891.240327,9218.99013
10089.14453,2891.966873,9186.834486
10098.57111,2895.973227,9229.056821
10104.12471,2895.973227,9249.677656
10104.12471,2895.604417,9249.677656
10104.12471,2895.973227,9249.677656
10103.70752,2895.935006,9238.348951
10096.77861,2892.168569,9219.285087
10095.90985,2892.600159,9210.520933
10081.39799,2894.108403,9208.29356
10093.45109,2894.387045,9220.028749
10081.52399,2893.558942,9187.724316
10100.16923,2892.151463,9235.179403
10104.12471,2895.973227,9249.677656
10104.12471,2895.973227,9249.677656
10102.09274,2895.808856,9249.677656
10101.59316,2895.914642,9247.558472
10096.93232,2894.352638,9230.53983
10092.61791,2890.978031,9221.512955
10100.53877,2895.457481,9247.084479
10080.37046,2894.527316,9186.987239
10095.02133,2892.032707,9205.770308
10091.2768,2893.633244,9164.823833
10102.97069,2895.39111,9241.880143
10104.12471,2895.973227,9249.677656
10102.59158,2895.966584,9249.677656
10098.86321,2895.643014,9245.560938
10100.88685,2890.267105,9232.585838
10095.69092,2892.896531,9232.316345
10101.85487,2895.336265,9244.581817
10088.46908,2894.057422,9192.341625
10092.09914,2895.711965,9205.894717
10074.14518,2888.683176,9169.392937
10095.50925,2894.395973,9204.299808
10104.12471,2895.973227,9249.677656
10103.73631,2895.973227,9249.677656
10103.97593,2895.96799,9244.993277
10095.44899,2895.597876,9230.11705
10097.84109,2895.599003,9239.916077
10103.02102,2895.225011,9235.201765
10093.23702,2895.72006,9213.425812
10088.47078,2892.238172,9204.628214
10098.62396,2894.471238,9211.536046
10097.20837,2893.320287,9216.354605
10102.64179,2895.973227,9244.506582
10104.12471,2895.967639,9247.059365
10103.5134,2895.973227,9249.677656
10096.45345,2895.973227,9245.129987
10102.87464,2895.973227,9243.287373
10099.59405,2895.491394,9244.69432
10100.1478,2895.655659,9243.200717
10096.77012,2893.747242,9236.854787
10099.53763,2892.529812,9232.383639
10103.93424,2895.973227,9247.375996
10102.08999,2895.973227,9247.580486
10104.1145,2895.973227,9249.677656
10103.43822,2895.967639,9249.677656
10102.83118,2895.973227,9249.677656
10104.03504,2895.973227,9249.677656
10103.4546,2894.518433,9242.315608
10102.44003,2892.533507,9242.049758
10100.47262,2895.951331,9246.930737
10095.98564,2893.102492,9227.870144
10104.12471,2895.973227,9249.677656
10101.28396,2895.471363,9247.459643
10103.34582,2895.637961,9247.073643
10104.12471,2895.973227,9249.677656
10100.74479,2895.664947,9247.307981
10103.28206,2895.647589,9249.677656
10103.79452,2895.893397,9247.163072
10098.70131,2894.642085,9237.73759
10098.60774,2893.159337,9231.80732
10101.1762,2895.400251,9240.079127
10090.47041,2894.394583,9213.403987
10097.89425,2895.852973,9244.478054
10101.67725,2895.973227,9234.770233
10104.12471,2895.973227,9249.677656
10103.3838,2895.973227,9249.677656
10101.8835,2894.964565,9243.056602
10102.27782,2893.949808,9235.547802
10089.00307,2894.97046,9237.47637
10097.84748,2894.198045,9242.86053
10098.64283,2893.509568,9227.319282
10091.64705,2894.92089,9221.255894
10094.74648,2895.973227,9205.504912
10097.70348,2895.661404,9225.774076
10104.05974,2895.973227,9247.009549
10104.12471,2895.973227,9249.677656
10100.62359,2894.890473,9249.677656
10098.74463,2895.728105,9244.496033
10093.23062,2894.264848,9211.315519
10089.42266,2894.626114,9221.109452
10098.71806,2891.92195,9230.58971
10084.05984,2894.985927,9208.581556
10090.18508,2894.180198,9182.603399
10095.59028,2893.750527,9194.259772
10101.1175,2895.973227,9241.816842
10104.12471,2895.973227,9249.677656
10104.12471,2895.969257,9246.925529
10102.46736,2894.23494,9247.688677
10098.691,2895.679372,9238.651134
10101.35351,2895.938591,9237.500445
10094.9762,2895.371969,9245.444074
10088.83901,2895.493252,9203.44477
10092.65451,2894.236409,9206.170227
10090.87554,2895.359158,9236.702479
10101.62405,2895.457389,9244.602993
10103.47974,2895.973227,9249.677656
10104.12471,2895.582018,9249.677656
10104.12471,2895.63585,9249.677656
10096.66615,2895.086021,9247.457118
10103.22859,2895.18808,9249.677656
10097.80049,2893.974461,9247.245449
10103.63803,2895.788938,9249.677656
10103.3586,2894.983258,9249.677656
10102.62039,2895.442312,9246.896847
10104.12471,2895.973227,9249.677656
10103.80302,2895.973227,9249.677656
10104.12471,2895.973227,9249.677656
10104.12471,2895.97196,9249.677656
10103.53947,2895.973227,9249.677656
10104.12471,2895.973227,9249.677656
10104.12471,2895.973227,9249.677656
10104.06244,2895.973227,9249.677656
10102.44206,2895.973227,9249.677656
10103.47974,2894.151976,9249.677656
10104.12471,2895.37662,9249.677656
10103.17566,2895.973227,9249.677656
10104.12471,2895.973227,9249.677656
10104.12471,2895.973227,9249.677656
10104.12471,2895.638895,9249.677656
10104.12471,2895.902818,9249.677656
10104.02293,2895.902818,9249.677656
10102.99749,2895.973227,9249.677656
10104.12471,2895.973227,9249.677656
10104.12471,2895.973227,9249.677656
10103.83035,2895.48184,9249.677656
10104.12471,2895.973227,9249.677656
10104.12471,2895.973227,9249.677656
10104.12471,2895.973227,9249.677656
10104.12471,2895.973227,9249.677656
10103.4798,2895.973227,9249.677656
10101.76356,2895.973227,9249.677656
10104.12471,2895.973227,9249.677656
10103.74907,2895.973227,9249.677656
10103.5676,2895.973227,9249.677656
10103.59498,2895.973227,9249.677656
10101.66849,2895.160246,9249.677656
10104.12471,2895.973227,9249.677656
10104.12471,2895.973227,9249.677656
10104.12471,2895.973227,9249.677656
10104.12471,2895.973227,9249.677656
10102.34111,2895.973227,9249.677656
10101.14069,2895.973227,9249.677656
10103.07251,2895.973227,9249.677656
10103.91487,2895.463966,9249.677656
10098.99917,2894.828855,9245.313711
10098.27894,2895.474968,9244.808898
10101.20699,2895.973227,9248.062428
10104.12471,2895.973227,9249.677656
10104.12471,2895.973227,9249.677656
10104.12471,2895.973227,9249.677656
10103.47794,2895.641708,9249.677656
10100.39902,2895.931236,9246.988116
10100.3758,2893.339294,9249.677656
10101.15443,2894.342513,9244.758613
10096.17452,2893.844134,9240.601463
10096.79632,2895.973227,9217.375313
10094.23575,2894.957817,9229.645297
10103.28493,2895.973227,9244.92824
10104.12471,2895.973227,9249.677656
10104.12471,2895.973227,9249.677656
10101.98243,2895.973227,9249.677656
10098.49352,2895.799321,9245.089339
10099.84719,2895.643156,9247.313924
10092.17068,2895.973227,9242.854211
10095.37888,2895.847401,9229.24648
10084.17811,2893.73028,9223.414886
10097.66426,2895.614585,9225.345926
10103.39733,2894.342513,9239.887606
10104.12471,2895.973227,9246.925529
10104.12471,2895.973227,9249.677656
10100.65264,2895.64643,9249.677656
10095.59343,2895.531483,9245.639515
10098.24765,2895.973227,9247.19079
10099.2102,2894.542289,9242.803168
10095.88729,2894.874246,9240.861158
10088.44763,2895.973227,9208.532505
10086.66901,2893.383717,9220.387601
10103.08214,2895.973227,9245.025574
10100.50034,2895.699124,9233.125447
10101.29972,2895.777274,9246.925529
10099.73522,2895.306371,9237.66795
10089.60197,2894.362719,9238.095315
10101.67991,2895.724087,9247.627169
10090.57246,2894.394816,9218.972668
10097.24187,2893.702091,9229.737109
10076.31542,2892.777389,9188.308991
10091.17531,2892.705276,9178.204472
10100.79061,2895.220595,9221.102036
10095.59283,2890.742554,9210.495073
10103.09157,2894.585934,9220.643154
10099.11577,2893.922282,9227.674455
10099.36085,2893.725126,9222.080958
10097.37616,2894.11849,9227.49769
10097.05808,2893.586178,9218.325033
10092.08844,2895.028253,9205.376398
10094.80688,2895.300702,9204.27007
10086.52312,2894.53331,9182.198283
10089.42185,2895.232781,9205.896391
10094.3131,2895.34259,9158.966462
10094.46,2895.973227,9204.452432
10099.36799,2894.492074,9228.056196
10099.28725,2895.172033,9238.983539
10100.09808,2895.973227,9222.618418
10076.57612,2895.184527,9210.678854
10096.55762,2895.71063,9225.514702
10085.83375,2893.803827,9174.668824
10093.1453,2893.826631,9211.878813
10089.02868,2895.639786,9190.195924
10073.35594,2893.693689,9149.134344
10098.42455,2892.096052,9199.175152
10100.96019,2895.573148,9220.086258
10101.08592,2895.343846,9242.311357
10095.24237,2894.926065,9230.969914
10094.96488,2894.156848,9235.316933
10091.28528,2895.197341,9187.997237
10085.29751,2891.024912,9204.98761
10100.4436,2895.973227,9217.509877
10083.19681,2895.240755,9182.147163
10091.5963,2891.6693,9172.06456
10097.06083,2895.134344,9186.569531
10098.66824,2895.53363,9230.234571
10103.98832,2895.600721,9247.290849
10097.3009,2894.156746,9243.453302
10098.28885,2892.547736,9229.205802
10096.73338,2894.37491,9215.845837
10097.84266,2894.375151,9235.711927
10097.23995,2892.890793,9214.474857
10097.99373,2895.511278,9212.29062
10085.88873,2893.355345,9187.687528
10089.57454,2893.613417,9202.894647
10101.67583,2894.964565,9225.156854
10102.54495,2895.973227,9235.649566
10101.37923,2894.159991,9246.851581
10100.82421,2895.193815,9235.505745
10101.4974,2895.471363,9237.546979
10095.5693,2890.1191,9226.345758
10100.66963,2895.295215,9242.92686
10094.68842,2895.75439,9222.368742
10089.47455,2895.514157,9200.951106
10101.25509,2894.689625,9223.028646
10100.24725,2895.41984,9233.541764
10104.02216,2895.973227,9249.677656
10104.10824,2895.966852,9249.677656
10103.21206,2895.973227,9248.118543
10100.30224,2895.69149,9240.804415
10103.40455,2895.973227,9230.712274
10101.31022,2893.155859,9235.819092
10097.27257,2893.420973,9223.672251
10093.71713,2895.928339,9233.403579
10095.12496,2893.654024,9225.208368
10103.3935,2894.834982,9249.677656
10102.78854,2895.625344,9247.582316
10104.12471,2895.973227,9249.677656
10104.12471,2895.973227,9247.297686
10098.77363,2895.973227,9244.878895
10099.72475,2894.806984,9244.701514
10101.32705,2895.272371,9223.605397
10097.33368,2895.777274,9230.29138
10094.74035,2895.487485,9207.396791
10094.56001,2892.315103,9219.706822
10097.61018,2895.868651,9242.794585
10101.45689,2895.924416,9222.12394
10104.12471,2895.973227,9249.677656
10104.12471,2895.973227,9249.677656
10102.51394,2895.770899,9249.677656
10101.62707,2893.354742,9242.98067
10098.93757,2895.446523,9226.371824
10098.19945,2894.866333,9237.954353
10095.4795,2895.324698,9223.44233
10101.70235,2894.48247,9229.060997
10096.66878,2893.802043,9224.246613
10096.71669,2895.973227,9236.923637
10103.5741,2895.973227,9249.677656
10104.12471,2895.973227,9249.677656
10104.12471,2895.934741,9249.677656
10102.57647,2895.973227,9249.677656
10099.42176,2895.963447,9245.298153
10099.61888,2894.906828,9242.765445
10100.09933,2895.653045,9244.806177
10098.32719,2895.600721,9244.838376
10101.18729,2895.973227,9245.526169
10095.44634,2894.015527,9235.527922
10103.31077,2895.973227,9249.677656
10104.12471,2895.973227,9249.677656
10104.12471,2895.973227,9249.677656
10102.95408,2895.777274,9249.677656
10095.92828,2895.973227,9247.275564
10097.4368,2895.07581,9247.23208
10101.0476,2894.295746,9242.659619
10103.28915,2895.973227,9247.418274
10100.4929,2895.182462,9233.320137
10098.62287,2894.63646,9238.017063
10104.12471,2895.973227,9249.677656
10104.12471,2895.973227,9249.677656
10104.12471,2895.973227,9249.677656
10104.12471,2895.973227,9249.677656
10101.11317,2895.432709,9249.677656
10101.77679,2895.674013,9249.677656
10101.30034,2895.943143,9249.677656
10102.28173,2895.973227,9247.526937
10098.25532,2894.801848,9242.808331
10092.49257,2893.383788,9230.636501
10102.16387,2895.973227,9237.759518
10104.12471,2895.973227,9249.677656
10694.50662,3498.705837,9502.076973
10694.50662,3498.705837,9502.076973
10694.50662,3498.705837,9502.076973
10693.22797,3498.32129,9496.873035
10688.81745,3497.379761,9492.418972
10693.01351,3497.417658,9502.076973
10687.22181,3498.459474,9483.806535
10684.25291,3496.886149,9485.112659
10690.16247,3496.661923,9494.810968
10693.60765,3498.705837,9502.076973
10694.50662,3498.705837,9502.076973
10694.50662,3498.705837,9502.076973
10694.50662,3498.705837,9502.076973
10693.10229,3498.688351,9499.988731
10691.51992,3497.577197,9497.053261
10693.49236,3498.705837,9500.086604
10683.43162,3497.386304,9483.658718
10686.77287,3497.927211,9476.141418
10687.50115,3496.443428,9475.682281
10690.64135,3498.705837,9486.909734
10694.50662,3498.705837,9499.532707
10692.38601,3498.131154,9502.076973
10694.50662,3498.705837,9502.076973
10689.96136,3498.424549,9499.530162
10689.23216,3498.408868,9502.076973
10688.52378,3496.217077,9487.741588
10688.0952,3498.465376,9494.577392
10682.50385,3494.91917,9457.410283
10683.74721,3498.671713,9474.435032
10685.68862,3498.705837,9490.603634
10690.35953,3498.705837,9489.943031
10692.75037,3498.705837,9502.076973
10690.21326,3498.688983,9499.937502
10688.40081,3498.561089,9497.574475
10691.06975,3498.646608,9496.284717
10685.99761,3497.632441,9480.952613
10688.69276,3498.688113,9481.385064
10683.48603,3498.477943,9469.885653
10685.26512,3495.375672,9460.559913
10692.36666,3498.705837,9486.09788
10688.61775,3498.705837,9457.60616
10692.00133,3498.705837,9489.178797
10692.06133,3498.705837,9499.66732
10693.23289,3498.705837,9497.736628
10692.35729,3498.705837,9480.928955
10690.54291,3497.32658,9495.127935
10684.65051,3497.540238,9477.344923
10681.05205,3495.161705,9480.247108
10686.76715,3498.696426,9466.674931
10688.80079,3498.339844,9482.554857
10682.383,3494.490195,9459.879184
10687.01439,3498.535494,9489.418732
10691.2435,3498.086241,9476.676775
10692.41675,3495.688748,9497.255134
10690.39423,3498.183766,9499.582518
10690.23694,3497.235767,9486.90967
10681.99113,3495.676912,9473.794942
10674.80186,3495.269081,9475.811375
9878.335131,3341.88643,5681.378819
9879.926389,3338.847176,5687.90026
9873.671601,3342.213355,5686.741233
9875.875586,3340.626865,5682.230387
9878.654199,3342.445924,5689.592431
9882.941748,3343.049781,5696.220357
9881.724956,3341.141092,5696.220357
9876.951956,3342.015754,5690.13303
9871.945095,3342.460446,5678.922847
9876.916537,3340.708223,5684.294007
9875.678847,3337.408475,5681.423736
9877.926422,3339.042486,5677.074215
9875.62779,3343.00314,5678.455907
9868.111336,3339.923097,5661.241167
9882.807394,3342.28546,5689.881687
9884.202717,3343.049781,5694.330723
9882.320058,3341.332698,5696.220357
9882.766187,3341.831149,5691.631925
9872.202364,3342.719735,5680.933709
9875.580118,3341.545755,5676.704052
9881.038114,3343.049781,5692.203881
9877.703563,3337.482353,5679.375261
9872.906491,3341.118439,5675.645318
9872.99963,3339.761423,5684.555043
9880.626112,3342.394528,5687.679447
9884.670795,3340.725885,5696.220357
9884.670795,3343.041479,5696.220357
9884.670795,3343.049781,5696.220357
9882.707205,3343.049781,5696.220357
9881.211529,3342.652876,5694.634876
9882.69896,3343.049781,5696.220357
9876.531698,3339.990202,5685.876966
9883.334742,3343.049781,5693.602988
9878.729924,3342.279298,5696.220357
9882.074917,3343.045712,5696.220357
9884.670795,3343.049781,5696.220357
9884.670795,3343.049781,5696.220357
9884.670795,3343.049781,5696.220357
9884.670795,3343.049781,5696.220357
9884.333346,3343.049781,5696.220357
9884.670795,3343.049781,5696.220357
9884.18749,3343.049781,5696.220357
9883.825458,3343.049781,5696.220357
9883.385847,3343.049781,5696.220357
9883.562697,3342.430185,5696.220357
9883.970107,3343.049781,5696.220357
9884.670795,3343.049781,5696.220357
9884.670795,3343.049781,5696.220357
9884.670795,3343.049781,5696.220357
9884.670795,3343.049781,5696.220357
9884.670795,3343.046569,5696.220357
9884.011868,3343.049781,5696.220357
9884.395155,3342.668246,5696.220357
9878.768902,3343.049781,5696.220357
9884.670795,3343.049781,5696.220357
9884.670795,3343.049781,5696.220357
9884.427944,3343.049781,5696.220357
9884.670795,3343.049781,5696.220357
9884.670795,3343.049781,5696.220357
9884.670795,3343.049781,5696.220357
9884.670795,3343.049781,5696.220357
9883.75281,3343.049781,5696.220357
9884.18769,3343.049781,5696.220357
9880.562249,3341.034242,5696.220357
9882.23335,3341.213648,5696.220357
9884.22333,3341.062423,5696.220357
9884.670795,3341.458417,5696.220357
9884.670795,3343.049781,5696.220357
9884.670795,3343.049781,5696.220357
9884.670795,3343.049781,5696.220357
9882.908984,3342.752336,5696.220357
9882.268708,3341.728678,5696.220357
9882.132762,3342.016824,5693.484475
9882.10679,3338.655824,5694.967181
9881.866635,3342.176919,5694.71035
9881.84138,3339.462568,5694.465807
9883.404741,3343.049781,5695.290222
9884.670795,3343.049781,5696.220357
9884.670795,3343.049781,5696.220357
9884.670795,3343.049781,5694.96991
9884.097685,3341.718323,5696.220357
9884.310931,3338.951376,5693.523188
9882.713825,3342.505214,5691.705518
9879.984116,3340.675163,5689.936886
9882.282902,3341.968979,5696.220357
9882.762489,3341.116886,5687.50291
9883.128701,3340.046047,5689.261846
9884.670795,3343.049781,5696.220357
9884.670795,3343.049781,5696.220357
9884.670795,3343.049781,5696.220357
9883.622341,3343.049781,5696.220357
9883.617933,3342.807425,5694.876994
9881.400212,3343.041244,5696.220357
9882.678457,3342.509716,5696.220357
9883.693104,3343.049781,5696.220357
9880.86404,3341.898637,5691.726891
9879.657744,3343.049781,5691.495961
9884.107022,3343.049781,5692.627222
9884.670795,3343.049781,5696.220357
9884.670795,3343.049781,5696.220357
9883.179105,3342.971883,5695.101269
9881.311593,3340.514823,5693.686857
9876.643496,3342.452285,5694.6157
9880.519689,3342.440742,5692.150591
9884.670795,3342.547702,5693.960933
9879.244492,3341.419685,5690.21825
9878.546596,3342.075484,5691.244386
9883.403783,3341.216315,5687.503911
9883.381035,3343.049781,5694.412587
9882.042372,3343.049781,5696.220357
9884.102233,3342.903588,5696.220357
9880.488396,3342.576656,5691.575873
9878.557634,3343.031394,5693.396414
9882.897076,3342.983588,5691.800366
9884.670795,3340.192306,5696.220357
9877.61369,3339.825336,5690.216923
9877.405432,3342.992519,5687.77517
9882.402999,3342.443988,5685.137803
9881.549065,3341.327409,5694.465807
9884.670795,3343.049781,5696.220357
9884.670795,3343.049781,5696.220357
9882.287978,3340.943675,5691.803207
9881.300325,3342.391732,5694.90988
9881.687657,3341.559295,5691.890164
9882.594022,3343.049781,5696.220357
9881.923854,3342.211916,5687.210486
9871.263138,3341.709654,5679.059335
9882.48382,3343.049781,5689.837479
9877.754949,3343.049781,5691.070091
9884.670795,3343.049781,5696.220357
9883.355209,3341.216315,5694.751928
9882.607874,3342.779238,5694.436897
9883.400641,3342.571862,5693.941691
9878.126661,3343.049781,5691.769242
9881.196508,3342.867137,5691.757366
9877.884753,3342.012514,5695.419556
9876.000123,3338.913798,5680.963915
9875.688425,3342.724106,5686.817371
9878.415299,3342.570657,5683.162948
9882.174968,3343.049781,5693.045289
9882.387939,3343.049781,5696.220357
9883.185852,3342.092713,5693.501127
9880.056115,3342.521597,5690.555131
9875.304619,3343.049781,5685.255429
9879.034112,3341.481849,5687.451209
9881.152181,3342.659889,5693.544665
9878.486792,3342.526257,5672.28203
9874.791046,3341.705807,5683.13755
9882.702106,3341.200807,5689.138642
9875.633885,3340.232983,5685.18063
9882.900781,3343.049781,5694.693639
9880.533495,3343.049781,5694.632093
9872.90224,3342.781098,5690.408776
9881.03024,3342.836891,5693.473839
9881.51271,3341.776324,5684.931139
9879.234197,3342.490882,5691.863761
9881.411335,3339.13287,5683.745979
9881.370662,3342.862443,5688.003116
9884.670795,3342.543701,5696.220357
9882.548657,3343.037815,5693.600753
9883.119653,3342.627852,5696.220357
9884.377658,3342.338791,5696.220357
9883.700555,3342.793043,5696.220357
9883.845245,3342.430185,5696.220357
9872.192873,3343.018711,5686.384661
9880.948068,3341.784266,5687.351132
9879.797626,3342.693481,5688.029864
9874.690507,3336.424069,5688.747828
9882.235705,3343.049781,5693.496095
9881.340046,3341.865427,5693.396262
9882.977212,3342.135742,5695.163876
9884.670795,3343.049781,5696.220357
9884.670795,3342.715588,5696.220357
9883.52678,3342.516298,5696.220357
9880.514769,3342.545773,5694.754811
9883.108234,3341.29624,5680.033918
9874.178953,3343.049781,5689.015805
9879.104165,3343.047849,5683.169528
9883.354318,3340.39071,5689.855352
9881.242148,3341.717457,5682.922669
9883.865548,3341.732719,5688.087152
9884.349149,3343.049781,5693.276726
9884.670795,3343.049781,5696.220357
9884.670795,3343.049781,5696.220357
9883.525099,3341.576645,5687.802925
9884.053481,3341.853014,5692.107418
9880.700313,3339.696044,5684.721998
9880.044128,3343.049781,5682.46685
9881.282641,3341.948264,5685.686172
9882.794603,3338.732901,5679.524839
9882.712809,3343.049781,5689.820628
9883.369586,3343.049781,5696.220357
9884.670795,3343.049781,5696.220357
9884.670795,3343.049781,5696.220357
9884.670795,3343.049781,5694.939801
9882.319792,3341.890295,5692.102306
9876.405072,3342.872386,5676.890468
9880.039923,3342.540052,5681.760407
9879.674719,3342.24233,5689.160535
9877.187325,3338.463131,5674.650571
9879.164838,3341.961023,5680.905773
9880.476479,3339.939649,5690.288537
9884.670795,3343.049781,5694.782077
9884.670795,3343.049781,5696.220357
9883.494707,3342.779774,5695.214035
9882.499794,3343.049781,5692.802002
9878.728978,3341.884329,5690.719439
9883.545784,3342.349221,5688.163505
9884.019014,3342.537121,5692.281836
9882.669313,3341.243138,5676.617901
9879.681851,3342.132485,5681.884378
9878.616214,3343.049781,5687.051124
9883.96846,3343.049781,5694.509568
9884.670795,3343.049781,5696.220357
9883.119653,3342.951919,5696.220357
9882.705056,3342.357989,5694.365812
9883.164606,3341.59744,5689.284659
9884.456693,3342.003193,5687.769785
9884.434112,3343.049781,5693.187244
9876.099729,3340.430666,5683.35693
9883.168957,3343.043052,5690.180785
9880.82465,3343.049781,5694.796722
9884.510442,3343.049781,5696.220357
9883.73573,3343.049781,5696.220357
9884.670795,3343.049781,5696.220357
9883.640485,3343.049781,5694.968177
9883.08905,3343.049781,5693.401905
9882.220034,3343.049781,5691.61387
9882.863359,3341.926334,5690.351063
9881.59098,3341.613834,5693.429925
9882.208099,3341.866859,5695.214035
9878.866313,3341.557154,5685.372014
9884.670795,3343.049781,5696.220357
9883.710462,3343.049781,5696.220357
9884.670795,3343.049781,5696.220357
9883.944546,3342.884605,5696.220357
9877.808768,3343.049781,5696.220357
9881.79915,3342.428728,5696.220357
9881.881645,3342.824169,5696.220357
9874.91304,3341.217555,5686.198712
9879.476151,3342.694106,5692.110683
9873.825126,3341.807406,5681.936929
9881.101575,3342.359202,5691.971906
9884.670795,3342.288179,5694.398887
9884.670795,3342.996268,5696.220357
9884.670795,3343.049781,5696.220357
9883.103146,3341.650662,5692.294949
9876.928814,3343.022377,5693.767025
9882.034684,3342.94436,5693.223424
9882.856502,3339.747935,5682.538461
9882.225498,3342.624009,5684.869403
9872.867469,3342.882294,5679.713447
9882.839301,3341.110887,5687.042745
9884.670795,3343.049781,5693.01739
9884.670795,3342.288179,5696.220357
9884.670795,3342.644172,5696.220357
9884.670795,3343.049781,5696.220357
9881.997666,3343.049781,5694.767932
9878.820858,3342.278688,5693.156003
9875.61584,3340.23703,5691.035542
9881.970825,3341.202417,5684.507566
9877.348709,3341.650147,5685.516805
9884.670795,3343.049781,5688.322947
9884.289656,3343.049781,5686.874836
9884.268543,3342.288179,5694.670693
9884.670795,3343.049781,5696.220357
9879.833753,3343.049781,5694.581848
9882.389338,3343.049781,5694.898281
9878.090209,3342.108853,5676.880687
9875.239727,3340.013696,5676.280915
9881.892692,3340.663192,5687.789146
9874.17885,3342.481275,5669.423686
9881.90816,3342.879438,5685.636966
9879.333096,3343.049781,5675.078674
9880.337965,3343.049781,5688.24674
9883.693961,3343.049781,5694.718917
9884.670795,3342.971765,5696.220357
9878.092604,3342.709733,5696.220357
9879.922862,3343.049781,5691.22212
9877.58047,3342.785117,5677.300565
9878.789217,3341.10037,5673.866385
9876.599038,3341.239931,5672.270133
9880.305785,3342.200807,5688.238019
9880.487321,3342.033425,5673.241059
9881.100026,3343.049781,5682.678904
9883.063131,3342.288179,5692.987515
9884.670795,3343.002831,5696.220357
9882.934357,3343.049781,5696.220357
9881.472955,3340.240276,5689.870573
9880.903647,3339.094961,5690.864762
9876.427078,3342.833946,5685.862221
9875.706265,3342.146842,5691.815316
9882.654839,3342.976644,5684.571296
9878.703695,3339.252162,5675.167772
9878.440912,3337.750273,5676.05557
9883.526127,3342.553634,5694.970667
9879.760059,3342.693027,5693.16834
9884.670795,3343.049781,5696.220357
9883.24925,3343.046463,5690.294355
9879.485533,3340.137588,5678.194776
9883.223102,3343.005613,5695.018126
9876.261829,3342.630773,5683.195131
9881.7464,3342.62843,5691.015937
9877.112623,3340.643896,5682.333208
9877.498322,3341.478673,5670.257475
9882.473614,3341.786708,5676.624767
9881.770512,3339.104021,5683.789003
9884.670795,3343.049781,5696.220357
9884.670795,3341.607611,5694.898281
9876.068929,3341.721695,5689.44951
9880.560101,3342.200236,5685.38629
9880.824336,3341.520792,5685.476912
9883.292554,3341.799107,5689.277104
9877.986143,3339.154663,5673.341991
9872.435701,3337.474847,5679.990436
9879.234556,3341.224138,5674.770677
9879.352468,3342.455388,5682.394857
9884.670795,3343.049781,5696.220357
9882.112199,3342.061641,5696.220357
9882.236598,3343.049781,5691.957196
9880.524164,3341.443257,5691.733123
9877.26863,3338.927061,5685.534259
9884.670795,3341.885742,5694.989698
9882.418709,3341.393508,5680.683633
9876.760462,3337.905625,5686.365917
9883.223755,3341.964205,5694.972951
9881.543508,3342.278466,5688.222895
9884.422594,3343.049781,5696.220357
9882.133385,3343.049781,5696.137058
9884.469594,3342.326045,5694.91676
9884.45726,3343.049781,5696.220357
9881.11185,3341.817408,5694.844658
9884.670795,3340.774795,5694.72926
9880.801284,3342.14685,5696.220357
9877.997525,3338.84567,5691.694983
9881.402388,3341.568654,5694.57992
9883.060168,3341.848921,5694.636204
9883.424796,3340.92387,5696.220357
9884.670795,3343.049781,5696.220357
9881.949663,3343.049781,5696.220357
9882.773968,3343.039086,5696.220357
9882.659993,3338.31885,5693.148385
9884.537984,3343.049781,5696.220357
9881.286839,3339.939049,5696.220357
9882.226385,3342.516298,5691.812458
9880.661807,3341.884338,5694.55344
9880.458696,3341.198167,5692.879701
9883.850433,3343.049781,5696.220357
9884.670795,3343.049781,5696.220357
9883.973498,3343.049781,5696.220357
9884.670795,3343.03458,5696.220357
9882.494795,3340.689982,5694.04502
9884.24536,3342.441434,5693.362727
9884.592742,3340.467402,5694.939801
9878.972794,3342.62254,5686.702439
9879.577256,3339.103519,5691.762921
9884.171277,3342.332567,5690.494363
9884.670795,3342.197683,5694.827396
9883.379326,3343.049781,5696.220357
9884.670795,3343.049781,5696.220357
9884.670795,3343.049781,5696.220357
9882.815014,3342.685397,5696.220357
9883.520478,3342.584796,5694.63324
9881.280576,3343.049781,5696.220357
9880.665713,3341.508287,5687.613707
9882.082564,3342.941412,5693.570183
9876.672715,3340.135281,5689.320424
9884.497945,3343.049781,5696.220357
9884.497945,3343.049781,5696.220357
9884.583046,3343.049781,5696.220357
9884.670795,3343.049781,5696.220357
9883.545475,3343.049781,5696.220357
9884.348306,3342.629738,5696.220357
9884.670795,3340.90315,5696.220357
9881.292013,3343.049781,5692.043663
9883.589262,3343.049781,5696.220357
9881.849376,3343.049781,5696.220357
9881.054668,3343.049781,5696.220357
9882.780147,3343.049781,5696.220357
9884.670795,3343.049781,5696.220357
9884.670795,3343.049781,5696.220357
9884.670795,3343.049781,5696.220357
9884.670795,3343.049781,5696.220357
9880.125799,3343.049781,5696.220357
9883.245192,3342.553634,5696.220357
9880.599911,3343.023784,5696.220357
9880.816659,3343.049781,5696.220357
9884.158417,3343.049781,5696.220357
9884.119324,3343.049781,5696.220357
9884.296177,3343.049781,5696.220357
9884.670795,3343.049781,5696.220357
9883.249782,3343.049781,5696.220357
9884.670795,3343.049781,5696.220357
9882.345245,3343.049781,5696.220357
9880.737394,3343.049781,5696.220357
9881.220138,3343.049781,5696.220357
9882.555221,3343.049781,5696.220357
9882.966579,3343.049781,5696.220357
9880.570799,3343.049781,5696.220357
9884.670795,3343.049781,5696.220357
9884.670795,3343.049781,5696.220357
9884.670795,3343.049781,5696.220357
9884.670795,3343.049781,5696.220357
9883.952503,3343.049781,5696.220357
9881.75106,3342.957578,5696.220357
9882.062061,3343.049781,5696.220357
9881.100313,3343.049075,5696.220357
9880.761197,3343.049781,5696.220357
9881.406723,3342.378231,5696.220357
9881.093002,3343.049781,5696.220357
9884.670795,3343.049781,5696.220357
9884.670795,3343.049781,5696.220357
9883.809943,3343.049781,5696.220357
9882.172237,3343.049781,5696.220357
9881.069445,3342.714649,5693.610433
9883.682359,3343.014905,5696.220357
9881.449926,3343.049781,5696.220357
9880.514775,3340.993509,5696.220357
9875.20914,3343.049781,5696.220357
9884.670795,3342.332567,5696.220357
9884.670795,3343.049781,5696.220357
9883.052923,3343.049781,5696.220357
9884.670795,3343.049781,5696.220357
9883.562274,3343.049781,5696.220357
9882.391564,3342.516298,5696.220357
9883.034259,3343.049781,5696.220357
9881.323391,3341.84593,5693.466529
9879.301473,3341.251215,5696.220357
9883.442707,3342.510619,5693.610433
9873.464708,3341.637257,5688.565246
9884.670795,3343.049781,5696.220357
9884.670795,3343.049781,5696.220357
9884.670795,3343.049781,5696.220357
9884.670795,3343.039445,5696.220357
9883.068436,3342.860234,5694.816673
9884.670795,3343.049781,5691.203038
9879.693635,3341.841954,5693.819466
9882.361948,3343.049781,5691.844209
9879.438062,3340.834605,5683.755648
9878.079675,3342.320975,5682.43814
9883.120713,3342.29674,5687.565109
9884.670795,3343.049781,5693.315852
9884.670795,3343.049781,5696.220357
9883.543393,3343.049781,5696.220357
9883.692544,3342.685107,5693.523716
9881.14453,3342.749182,5688.392424
9882.363546,3342.460695,5693.371552
9878.593431,3341.992737,5684.760548
9878.795471,3340.289925,5686.044167
9876.199495,3338.086115,5669.19909
9874.423888,3339.454366,5666.06544
9883.142083,3340.986164,5684.959508
9883.9728,3343.049781,5693.291762
9884.670795,3343.049781,5689.170935
10341.06114,3521.218153,5749.996818
10332.72697,3520.239309,5736.560956
10342.03135,3519.788565,5736.729514
10338.61384,3517.541517,5739.657928
10331.37023,3520.508677,5727.328584
10332.8714,3519.737637,5719.821552
10335.20717,3515.718921,5721.095386
10340.65505,3519.431538,5746.43276
10341.35876,3518.914225,5745.494217
10342.03135,3521.218153,5747.480969
10338.65123,3518.951549,5747.721984
10338.2743,3520.926725,5747.103125
10341.08253,3518.837914,5742.341422
10335.51659,3517.281064,5742.248862
10335.88567,3519.35516,5733.417947
10329.34785,3517.804897,5725.417959
10335.06524,3517.474853,5730.911726
10335.65943,3518.513656,5739.314811
10340.40904,3519.674475,5743.113966
10341.8145,3521.218153,5748.071489
10337.68332,3521.218153,5749.8041
10336.0544,3520.813738,5745.889961
10338.68097,3520.685227,5749.620366
10336.67681,3521.218153,5735.135271
10336.92707,3517.416618,5737.564198
10331.37201,3517.836061,5726.490922
10336.31234,3520.859529,5730.860286
10339.17287,3520.974338,5743.245947
10336.00525,3521.218153,5739.649791
10341.77127,3519.875276,5749.496886
10341.84996,3521.218153,5751.207865
10340.97532,3521.218153,5751.207865
10340.52856,3521.218153,5743.931037
10337.0541,3520.083383,5733.281473
10340.58298,3519.895941,5737.622228
10335.29408,3516.665147,5734.439381
10336.0102,3520.754114,5736.338514
10341.32314,3521.218153,5746.070008
10330.58646,3518.655859,5742.216024
10341.56479,3520.811882,5748.027489
10340.90633,3521.218153,5751.207865
10341.84735,3521.218153,5751.207865
10340.10111,3520.08466,5751.207865
10338.13293,3520.568387,5743.94301
10334.44281,3514.632632,5746.421355
10338.49114,3520.037899,5742.425523
10335.29458,3521.218153,5737.375999
10335.12688,3518.678911,5740.175166
10340.30498,3519.883483,5748.549969
10342.03135,3515.6877,5749.643397
10342.03135,3521.218153,5751.207865
10342.03135,3521.218153,5751.207865
10342.03135,3521.218153,5751.207865
10337.85891,3521.178463,5746.257661
10338.8498,3518.414644,5749.095323
10340.06213,3519.082856,5745.150512
10332.6889,3518.923609,5740.535236
10334.7671,3517.761205,5746.61855
7504.635946,3201.45259,2919.010124
7505.276176,3201.041921,2917.707751
7505.784362,3199.371668,2919.807694
7505.784362,3201.635728,2919.807694
7505.784362,3201.635728,2919.807694
7505.784362,3201.433315,2919.807694
7505.226458,3201.345814,2919.807694
7504.620775,3200.373171,2916.318492
7504.151222,3201.614766,2919.689145
7505.362922,3201.635728,2919.0822
7505.378153,3199.816467,2917.910773
7505.564727,3200.978559,2919.807694
7504.213186,3200.576324,2919.049478
7505.784362,3200.16591,2919.807694
7505.784362,3201.635728,2919.807694
7505.784362,3201.635728,2919.807694
7504.805638,3201.101585,2919.807694
7504.84141,3200.796652,2919.807694
7505.784362,3201.635728,2919.807694
7505.044695,3201.123159,2918.568032
7503.395943,3200.653216,2917.391192
7503.187902,3200.777917,2919.049478
7505.784362,3198.705429,2919.807694
7505.048039,3201.635728,2919.062355
7505.784362,3201.635728,2919.807694
7504.280102,3201.635728,2919.807694
7505.784362,3201.635728,2919.807694
7505.07449,3199.447849,2919.807694
7505.116961,3200.944691,2917.91007
7505.401465,3200.208834,2912.917941
7504.510033,3197.424197,2917.626079
7503.897335,3200.215598,2919.807694
7502.390226,3197.680447,2918.449894
7505.377219,3201.635728,2919.807694
7505.784362,3201.635728,2919.807694
7505.336245,3201.635728,2919.807694
7505.784362,3201.635728,2919.807694
7503.705487,3201.239692,2918.267285
7502.712004,3200.940501,2917.650658
7504.285325,3200.866514,2919.0822
7505.784362,3199.896059,2916.565426
7502.776915,3198.714057,2909.077625
7502.954832,3201.109979,2914.351499
7504.278688,3201.635728,2919.110875
7505.306697,3201.635728,2919.807694
7505.53958,3201.635728,2919.807694
7505.784362,3201.635728,2919.807694
7502.870132,3201.599273,2917.957898
7503.744396,3201.33963,2917.353166
7501.71516,3201.635728,2919.20227
7502.216727,3201.595052,2909.125339
7498.762374,3199.409533,2906.345322
7499.969536,3199.633647,2909.106735
7503.087431,3199.805256,2915.216705
7499.614627,3199.822363,2919.114354
7505.784362,3201.635728,2919.807694
7505.520804,3201.519197,2919.807694
7501.40684,3201.505649,2919.064538
7502.249663,3200.227198,2917.881744
7500.959792,3201.216282,2908.640503
7499.773625,3201.103096,2916.080948
7498.99676,3198.71849,2907.46446
7501.382536,3200.661201,2908.694487
7498.207866,3198.167848,2911.964125
7503.00104,3201.635728,2911.931274
7505.784362,3201.407707,2919.807694
7504.686612,3201.635728,2919.807694
7502.922295,3200.965297,2919.01928
7502.824255,3201.194894,2917.658082
7499.443691,3197.454039,2918.344626
7504.640684,3201.635728,2916.719007
7500.265688,3197.10835,2912.957214
7495.494392,3197.277316,2904.059409
7501.599035,3199.712648,2907.976536
7499.746591,3199.438093,2910.460299
7502.492732,3201.635728,2917.928802
7505.784362,3201.236998,2918.311894
7499.028939,3199.440463,2918.053104
7502.530679,3201.549958,2917.863339
7499.86236,3198.196155,2917.374125
7504.014543,3199.613304,2917.536755
7499.047336,3200.948552,2917.484608
7492.634575,3198.986877,2910.272857
7500.574212,3201.220733,2914.25361
7500.146611,3199.647901,2907.869252
7504.51226,3201.635728,2918.447472
7502.124692,3201.527094,2916.258022
7505.033479,3201.635728,2918.903082
7500.062784,3200.175303,2918.130854
7500.957314,3196.397849,2915.333699
7503.133658,3197.549382,2917.488544
7504.400338,3197.813777,2916.392463
7494.66792,3199.733827,2903.776624
7503.293507,3197.453727,2906.878532
7493.917313,3197.577686,2913.764188
7501.667619,3201.186674,2915.91837
7504.600086,3201.635728,2917.455351
7503.402224,3201.635728,2919.807694
7504.342846,3198.732358,2919.23873
7500.015101,3200.484617,2918.546819
7503.994436,3198.706393,2917.603659
7497.656872,3198.038212,2915.649925
7499.698162,3197.15776,2910.466864
7497.458068,3201.635728,2907.774242
7493.686562,3199.693566,2907.288469
7502.601707,3201.635728,2918.396617
7502.821432,3197.132597,2919.042322
7504.803906,3201.541233,2919.807694
7505.459819,3201.635728,2919.807694
7497.291591,3198.561515,2918.691949
7503.999713,3200.987157,2918.485786
7502.449389,3201.52337,2917.08818
7500.992742,3199.084148,2910.795068
7500.574719,3201.348167,2915.063038
7497.593045,3198.865299,2909.41756
7503.991374,3199.059222,2916.818557
7503.204529,3200.336808,2917.411387
7505.784362,3201.635728,2918.971103
7505.784362,3201.553578,2919.807694
7504.587691,3201.635728,2919.807694
7505.784362,3201.522863,2919.335612
7503.007826,3201.443057,2918.271878
7498.234176,3200.919089,2915.319484
7500.333644,3199.594691,2913.487777
7502.330994,3200.132319,2911.300774
7504.104194,3201.635728,2917.745183
7504.016776,3200.179065,2911.791244
7503.190576,3199.14946,2916.667989
7505.179468,3201.635728,2919.807694
7505.425273,3201.157005,2919.807694
7504.520144,3201.635728,2919.266846
7500.762981,3200.932012,2915.757602
7504.876884,3200.009862,2917.770964
7504.032959,3201.334799,2916.202585
7497.431377,3198.719688,2906.357138
7499.860059,3199.586021,2913.240517
7502.119529,3197.931932,2915.394351
7502.693536,3200.125177,2916.317557
7505.610047,3201.635728,2919.807694
7505.784362,3201.635728,2919.807694
7505.784362,3201.635728,2919.807694
7502.284658,3201.614766,2918.997306
7500.889295,3200.044922,2918.050523
7500.987385,3201.448535,2918.31339
7502.520641,3200.917886,2914.402511
7498.832023,3200.149043,2918.615275
7505.578572,3201.313455,2917.050974
7499.872022,3201.074231,2915.835002
7504.823076,3201.635728,2918.852479
7505.784362,3201.635728,2918.852479
7505.784362,3201.635728,2919.807694
7504.048224,3201.287734,2919.807694
7501.524768,3201.582589,2919.059036
7505.447338,3199.312314,2919.027343
7502.822014,3201.209113,2918.148694
7504.005884,3201.635728,2918.905808
7505.784362,3201.635728,2919.807694
7501.698074,3201.036591,2919.807694
7505.649466,3201.141437,2919.807694
7505.53958,3201.635728,2919.807694
7505.784362,3201.635728,2919.807694
7504.667178,3201.635728,2919.807694
7503.961333,3201.635728,2919.807694
7504.648336,3201.635728,2919.807694
7505.169674,3201.635728,2919.807694
7505.571362,3201.635728,2919.807694
7503.536061,3201.614766,2919.807694
7504.68112,3201.635728,2919.807694
7505.727363,3199.448738,2919.807694
7505.784362,3201.635728,2919.807694
7505.784362,3201.635728,2919.807694
7505.784362,3201.635728,2919.807694
7505.784362,3201.635728,2919.807694
7505.784362,3201.219114,2919.807694
7504.641995,3201.635728,2919.807694
7505.784362,3201.635728,2919.807694
7505.573852,3200.93384,2919.807694
7504.830817,3200.780975,2919.807694
7505.598666,3201.635728,2918.975502
7505.621859,3201.635728,2919.807694
7505.784362,3201.635728,2919.807694
7505.784362,3201.635728,2919.807694
7505.784362,3201.635728,2919.807694
7505.784362,3201.635728,2919.807694
7505.784362,3201.635728,2919.807694
7504.641995,3200.988118,2919.807694
7503.709216,3201.253726,2919.807694
7502.12474,3201.635728,2919.29667
7504.882048,3199.144987,2919.807694
7505.412348,3201.45226,2919.807694
7505.784362,3201.635728,2919.807694
7505.784362,3201.635728,2919.807694
7505.784362,3201.635728,2919.807694
7504.679806,3201.635728,2919.807694
7504.226594,3201.141892,2919.035701
7503.377716,3201.634869,2919.266846
7505.784362,3201.635728,2919.807694
7500.242267,3200.206131,2918.335142
7505.190167,3201.57747,2918.386322
7504.630643,3200.520324,2918.099925
7504.356,3200.967381,2919.807694
7505.784362,3201.635728,2919.807694
7505.784362,3201.635728,2919.807694
7505.784362,3201.627875,2919.807694
7502.704339,3201.029863,2918.231914
7500.976171,3200.312637,2919.110382
7503.200109,3200.319602,2919.25149
7503.432054,3199.743677,2917.517689
7501.593392,3201.259495,2917.544783
7505.151133,3198.10033,2918.036361
7505.535281,3201.635728,2915.77415
7505.784362,3201.635728,2919.807694
7505.784362,3201.635728,2919.807694
7504.964095,3201.635728,2919.807694
7500.501898,3198.980707,2919.00998
7501.379733,3200.812062,2917.557525
7505.784362,3201.345037,2919.807694
7499.7918,3197.602073,2917.315038
7503.802639,3199.725045,2915.523091
7496.88871,3198.266312,2907.118769
7502.524357,3201.197496,2914.980334
7505.784362,3200.539875,2916.803975
7503.822911,3201.31493,2918.222739
7505.784362,3200.689407,2919.807694
7504.561561,3200.925608,2919.807694
7498.461939,3200.206558,2916.706533
7504.014261,3201.449467,2919.807694
7501.111154,3200.004195,2917.660007
7504.124884,3201.209628,2908.386576
7498.852831,3195.67784,2906.260581
7501.275202,3198.880593,2910.838575
7505.148298,3200.129099,2919.041318
7503.110972,3198.495395,2916.623463
7502.414619,3200.595999,2917.216415
7504.444135,3201.217868,2915.042446
7503.955356,3197.669583,2912.503286
7505.599859,3200.835611,2917.669845
7499.349105,3200.18353,2911.027643
7504.302004,3199.126644,2912.909533
7494.130868,3200.022564,2904.399968
7499.183302,3198.428172,2906.724584
7504.19728,3201.635728,2919.018195
7502.084746,3201.635728,2916.388564
7505.417818,3201.635728,2919.10477
7504.452042,3201.549958,2918.499677
7503.250615,3197.545548,2913.56125
7503.692282,3201.253726,2918.362505
7499.116689,3194.588375,2911.719003
7500.57133,3200.394856,2913.607689
7498.274398,3201.135523,2912.16657
7496.38423,3200.328176,2914.206997
7505.784362,3198.519103,2917.799096
7503.169395,3200.026096,2915.102767
7505.360405,3201.620531,2918.413755
7504.934179,3201.635728,2919.807694
7501.132388,3199.829282,2919.807694
7505.222388,3199.885424,2917.192707
7503.386457,3198.638925,2914.019319
7498.996908,3198.129091,2914.952663
7498.373747,3196.923003,2903.469866
7494.825071,3200.922354,2912.527923
7503.480525,3201.635728,2918.567895
7501.013724,3199.947173,2916.977986
7505.707535,3201.635728,2918.349795
7504.947613,3201.635728,2919.807694
7504.807643,3201.529357,2919.807694
7505.784362,3201.390888,2919.807694
7502.487263,3199.217448,2917.503182
7502.523911,3200.192404,2915.448831
7495.62876,3201.148003,2917.060857
7499.372076,3200.681293,2911.847465
7502.823651,3199.186711,2915.946099
7504.416383,3201.349576,2916.759422
7505.784362,3201.635728,2919.588935
7505.575416,3201.635728,2918.83221
7505.784362,3201.303054,2919.807694
7505.784362,3198.109783,2919.807694
7504.481659,3201.253726,2917.580807
7504.304648,3199.76878,2917.824897
7505.072534,3201.144695,2911.937816
7504.105387,3199.527835,2912.882062
7496.110382,3200.690731,2917.240778
7505.292423,3198.983447,2916.193028
7504.575136,3201.013002,2918.317779
7505.330332,3201.635728,2919.807694
7505.784362,3201.635728,2919.807694
7505.784362,3201.635728,2919.807694
7503.664932,3200.480263,2919.171825
7501.517987,3201.230187,2918.373085
7497.507042,3198.902076,2916.198395
7500.631299,3195.196496,2912.534795
7502.793747,3199.975467,2913.828054
7505.242229,3201.635728,2915.941039
7505.126474,3201.635728,2918.860422
7505.516689,3200.669554,2919.807694
7505.784362,3201.624653,2919.807694
7505.378409,3201.607292,2919.080611
7504.717724,3200.972622,2919.807694
7504.641906,3201.413826,2912.322608
7503.205925,3201.409681,2918.194639
7505.23417,3200.234146,2917.534504
7505.150556,3199.627421,2916.53863
7500.409361,3201.635728,2919.137889
7503.321754,3201.635728,2917.377158
7504.159151,3200.595999,2919.29667
7505.277451,3201.627213,2919.807694
7505.784362,3201.635728,2919.807694
7505.784362,3201.635728,2919.807694
7504.947049,3201.635728,2919.807694
7500.889481,3199.659088,2917.634787
7501.957808,3201.635728,2918.942688
7505.190595,3201.34857,2918.358013
7503.518483,3199.507359,2919.807694
7501.122405,3200.595999,2916.363102
7501.713824,3199.685285,2917.757178
7505.64979,3201.635728,2919.807694
7505.784362,3201.635728,2919.807694
7505.784362,3201.635728,2919.807694
7504.640621,3200.11688,2919.807694
7504.954744,3199.705693,2918.944313
7501.411614,3201.253726,2918.340877
7503.691862,3201.257898,2917.076925
7505.466294,3201.327666,2918.928153
7500.764869,3201.129034,2918.228777
7504.054208,3201.635728,2913.425898
7504.524322,3201.635728,2918.886987
7505.784362,3201.635728,2919.807694
7505.784362,3201.602036,2919.807694
7503.134927,3201.635728,2919.807694
7505.400247,3201.635728,2919.047137
7503.876178,3201.242407,2917.201199
7503.553955,3201.635728,2919.067687
7505.122269,3200.563574,2917.517038
7504.126174,3201.270247,2918.383877
7503.508128,3201.634869,2911.98236
7504.429977,3200.082152,2917.99222
7505.784362,3201.635728,2919.807694
7505.784362,3201.635728,2919.807694
7504.287376,3201.611259,2919.807694
7503.866931,3201.413826,2919.807694
7505.18632,3200.988393,2916.373433
7502.122683,3201.635728,2918.810011
7504.32425,3199.571397,2917.445168
7498.236383,3201.005685,2918.751334
7503.518587,3199.270642,2914.585049
7503.672699,3201.635728,2918.830347
7505.784362,3201.635728,2919.807694
7505.784362,3201.635728,2919.807694
7505.51833,3201.635728,2919.807694
7502.10064,3201.151732,2919.807694
7497.793042,3201.633385,2917.569528
7502.543069,3201.635728,2919.087916
7498.430098,3201.588727,2912.799938
7503.557396,3199.878041,2914.849887
7498.036508,3201.090446,2913.877453
7500.623268,3201.031045,2908.065656
7505.323679,3201.635728,2916.87883
7505.577906,3201.635728,2919.807694
7505.784362,3201.635728,2919.807694
7505.434573,3200.341672,2919.168718
7499.255506,3200.710959,2918.296032
7504.073731,3200.021344,2918.408996
7505.594722,3201.635728,2915.019235
7503.094892,3200.530205,2917.143531
7494.222751,3198.242242,2910.111395
7496.949891,3200.597371,2907.785895
7503.859632,3201.287734,2915.550863
7503.466722,3201.635728,2916.992253
7505.784362,3201.635728,2919.807694
7502.999416,3199.517657,2919.250211
7505.207912,3200.965148,2916.283429
7505.27794,3201.125739,2913.794538
7498.631303,3200.356312,2910.677941
7504.331074,3201.108102,2917.817231
7501.246197,3201.635728,2906.204008
7493.008998,3198.133639,2904.766274
7499.352186,3200.505538,2909.270732
7504.281724,3199.705194,2909.50747
7505.784362,3201.635728,2919.807694
7504.121289,3201.635728,2919.019114
7501.542782,3201.512434,2916.281419
7503.914701,3197.865713,2918.697493
7504.413385,3198.418056,2912.611638
7502.424741,3200.842709,2917.69854
7494.97779,3200.471375,2906.628258
7503.779318,3198.723307,2913.632284
7499.470432,3200.3539,2904.138131
7498.90914,3197.887305,2908.445959
7505.597657,3201.480089,2918.962297
7505.569692,3201.560461,2919.807694
7502.284768,3201.206735,2918.454783
7504.214388,3201.635728,2913.187684
7502.488774,3199.981488,2913.521877
7504.096312,3201.09352,2917.610054
7499.052258,3201.635728,2910.864385
7500.547415,3197.932317,2906.151388
7500.428886,3200.820867,2912.600759
7500.140905,3199.712136,2914.833723
7505.488826,3200.685995,2918.445806
7504.114163,3201.635728,2919.059036
7504.485403,3201.635728,2919.06653
7503.152959,3201.499811,2919.159801
7502.974714,3201.101856,2916.616071
7500.856337,3200.717787,2917.374357
7504.587691,3200.867761,2914.63746
7498.210784,3201.529498,2913.593462
7502.958598,3198.336226,2915.374953
7500.458984,3201.068865,2916.93676
7505.185236,3200.144563,2919.156466
7503.313426,3201.635728,2919.807694
7505.784362,3201.635728,2918.973351
7505.407102,3199.494269,2919.807694
7501.54553,3200.318735,2918.258405
7503.373998,3201.635728,2918.470737
7503.303343,3200.761153,2917.393997
7502.403409,3200.930446,2915.15026
7504.616863,3201.487222,2916.608092
7501.483347,3196.681616,2915.222591
7504.679594,3199.382421,2916.608012
7505.784362,3201.635728,2919.026633
7505.621504,3201.273217,2919.807694
7504.427967,3201.635728,2919.807694
7504.085617,3201.606595,2918.497638
7504.552313,3201.316156,2917.28836
7503.645438,3199.371905,2917.323887
7503.959599,3201.509693,2912.860276
7502.541569,3200.254762,2910.863568
7503.974508,3200.193004,2915.349822
7504.347646,3197.00777,2915.68156
7505.634365,3200.254864,2919.118072
7505.533603,3201.635728,2919.807694
7505.784362,3201.144527,2919.807694
7502.555157,3200.170393,2919.19581
7505.784362,3201.133648,2919.024581
7505.16457,3200.749336,2919.237525
7504.3772,3200.626955,2916.179934
7504.607556,3198.967327,2914.714538
7493.887474,3201.369406,2910.846292
7504.764553,3201.635728,2918.098181
7504.487803,3201.635728,2919.06754
7505.625922,3201.274729,2919.807694
7505.784362,3201.635728,2919.807694
7505.784362,3200.767121,2919.807694
7505.053468,3201.026401,2919.807694
7505.784362,3200.845404,2919.230271
7503.191221,3199.628538,2917.506531
7502.623583,3201.111112,2918.281885
7504.516135,3201.406406,2919.807694
7505.223634,3201.631677,2919.075911
7505.784362,3200.898363,2919.807694
7505.784362,3201.635728,2919.807694
7505.784362,3201.635728,2919.807694
7505.784362,3201.635728,2919.807694
7505.784362,3201.635728,2919.807694
8087.810821,3387.345829,2924.481805
8087.228555,3387.345829,2924.481805
8086.723427,3387.345829,2924.481805
8085.149966,3386.684608,2924.481805
8087.242444,3387.345829,2924.481805
8087.737085,3386.996272,2924.481805
8087.451379,3387.345829,2924.481805
8087.810821,3387.345829,2924.481805
8087.810821,3387.345829,2924.481805
8087.810821,3387.345829,2924.481805
8087.810821,3387.345829,2924.481805
8087.810821,3386.265774,2924.481805
8087.621814,3386.188526,2924.481805
8087.810821,3384.999418,2924.481805
8087.810821,3387.345829,2924.481805
8087.810821,3387.345829,2924.481805
8087.693884,3387.345829,2924.481805
8087.810821,3387.345829,2924.481805
8087.810821,3387.345829,2924.481805
8087.810821,3387.345829,2924.481805
8087.810821,3387.345829,2924.481805
8087.463096,3387.345829,2924.481805
8086.924346,3386.241418,2924.481805
8087.810821,3387.345829,2924.481805
8087.810821,3387.345829,2924.481805
8087.477662,3387.093486,2924.481805
8087.577743,3384.220528,2924.481805
8087.362916,3387.345829,2924.481805
8087.810821,3387.345829,2924.481805
8087.810821,3387.345829,2924.481805
8087.810821,3387.345829,2924.481805
8087.810821,3387.26662,2924.481805
8087.810821,3387.345829,2924.481805
8086.417799,3386.660926,2924.481805
8086.472554,3387.264179,2924.481805
8085.645122,3386.412491,2924.481805
8085.78791,3387.345829,2924.481805
8086.075283,3387.345829,2924.481805
8087.810821,3387.345829,2924.481805
8087.810821,3387.345829,2924.481805
8087.810821,3387.345829,2924.481805
8087.810821,3387.345829,2924.481805
8084.226133,3387.345829,2924.481805
8086.435284,3387.345829,2923.621514
8083.489888,3386.877178,2922.301116
8081.326094,3384.822196,2923.20572
8085.862554,3387.345829,2921.914492
8084.602777,3387.345829,2923.740379
8085.215852,3387.345829,2922.731236
8087.810821,3387.345829,2924.481805
8085.980953,3387.345829,2924.481805
8086.275962,3387.337528,2924.481805
8087.099937,3387.345829,2924.481805
8080.6083,3387.331188,2920.663606
8086.004786,3386.106334,2923.473869
8082.558047,3387.093899,2921.37753
8082.397414,3385.953405,2923.202556
8084.923172,3383.899327,2921.597368
2674.975498,1879.557699,1222.813689
2675.059226,1880.444853,1223.743555
2674.702309,1880.444853,1224.003483
2674.238235,1880.444853,1224.190733
2674.714096,1880.085702,1222.989167
2674.581756,1880.218447,1221.616494
2674.865861,1879.143896,1221.309786
2673.132514,1880.432647,1221.988948
2673.452455,1878.867667,1219.312334
2674.446077,1880.444853,1223.571822
2674.105608,1879.2491,1221.927029
2675.056849,1880.444853,1223.2544
2674.93597,1880.444853,1223.990144
2674.040414,1880.444853,1223.73868
2675.025892,1880.444853,1223.771578
2674.615067,1880.444853,1222.256392
2674.612848,1880.423346,1221.238529
2674.272047,1879.42322,1220.678641
2672.580113,1879.785032,1220.808754
2674.221365,1880.444853,1223.960869
2673.296663,1877.92877,1216.211052
2674.175443,1878.486543,1222.497024
2674.790325,1880.296031,1223.603162
2675.03437,1880.381913,1224.190733
2674.288251,1880.335412,1224.043719
2674.757698,1880.437835,1223.990634
2674.061148,1878.970363,1220.84584
2673.83503,1879.282674,1221.602639
2672.450913,1879.348379,1220.50741
2673.972031,1879.959184,1221.721414
2673.412945,1878.783391,1220.621775
2674.071516,1878.249368,1222.039938
2673.713923,1880.444853,1222.505443
2675.0656,1877.954466,1223.686646
2674.687485,1880.444853,1223.693325
2674.086725,1879.667705,1221.31636
2674.570943,1880.166699,1223.850416
2674.418804,1879.809458,1221.987065
2673.872544,1878.705593,1221.808457
2674.356942,1879.334259,1223.414168
2674.805696,1879.677156,1223.296598
2674.419331,1879.729901,1220.719151
2674.397187,1879.337929,1223.632911
2674.373212,1879.884655,1223.324589
2675.136188,1880.444853,1224.190733
2674.869562,1880.444853,1224.027445
2675.254842,1880.363203,1222.584454
2674.346835,1878.582054,1221.660625
2673.918901,1879.880508,1222.380618
2673.127184,1880.390571,1219.48805
2674.416051,1878.602178,1220.914836
2674.173142,1878.280824,1220.421961
2675.10421,1878.442511,1223.657059
2674.850178,1880.444853,1223.493061
2674.684305,1880.444853,1224.190733
2674.902002,1880.43563,1224.033144
2673.916475,1880.444853,1223.229045
2673.864053,1877.904214,1223.271475
2674.053276,1879.427677,1223.943165
2673.789191,1879.429972,1221.403204
2675.009128,1879.67669,1223.099928
2674.383842,1880.112782,1222.092477
2674.008348,1877.326079,1222.3448
2673.961341,1877.09933,1222.976642
2675.306856,1880.444853,1223.655764
2675.131551,1880.444853,1224.190733
2675.291229,1878.885835,1223.729685
2674.482776,1879.159685,1222.66523
2673.960522,1879.907624,1220.183062
2674.014094,1877.80188,1221.927086
2674.018652,1880.423483,1223.575629
2672.102037,1878.959429,1222.301705
2673.482217,1879.429972,1219.653535
2674.348162,1878.634927,1221.963965
2675.306856,1880.444853,1223.749462
2675.306856,1880.444853,1224.190733
2673.921433,1879.944546,1224.190733
2673.641376,1879.273716,1223.759218
2674.653264,1880.25161,1222.994207
2674.625134,1879.698063,1221.50623
2674.236212,1879.395182,1222.061493
2674.466922,1879.957105,1221.847807
2672.165579,1880.089983,1221.947254
2674.809924,1880.335412,1222.79761
2674.811651,1880.444853,1223.267166
2675.306856,1880.444853,1224.190733
2675.306856,1880.444853,1224.190733
2674.34834,1880.190788,1223.822487
2673.578381,1876.196733,1220.020959
2674.489174,1879.926429,1223.300424
2674.210706,1878.202834,1222.545507
2674.635371,1880.444853,1223.441428
2673.496159,1880.08863,1220.024822
2673.611072,1878.741003,1218.788144
2674.933596,1879.429972,1224.043719
2675.306856,1878.492299,1224.190733
2675.151818,1880.444853,1224.190733
2674.312823,1880.444853,1224.190733
2674.333024,1878.532519,1223.474665
2674.66006,1878.411563,1223.08122
2674.706024,1879.752922,1222.964547
2674.581503,1879.610173,1223.387572
2673.723365,1877.680051,1217.348591
2674.134652,1876.111043,1222.119652
2675.274874,1879.756225,1222.530594
2675.152066,1880.444853,1223.610354
2675.306856,1880.444853,1224.190733
2674.995535,1880.015361,1224.190733
2674.341561,1879.484258,1223.644884
2675.233781,1879.391959,1223.213395
2674.892528,1880.111867,1222.064049
2674.646736,1879.805165,1223.54499
2673.917882,1877.851186,1222.638697
2672.273267,1878.180719,1217.288755
2674.873036,1880.266615,1221.970753
2675.200663,1878.5197,1223.521672
2675.306856,1880.444853,1224.190733
2675.306856,1880.444853,1224.190733
2674.586535,1879.376911,1223.885702
2674.472521,1880.089539,1222.993144
2673.666212,1880.444853,1222.931657
2675.30099,1879.498326,1223.837207
2674.819185,1879.233607,1222.22387
2673.665651,1877.855304,1221.204047
2674.586208,1878.830512,1222.947467
2674.238948,1879.842677,1223.689924
2675.306856,1880.444853,1224.190733
2675.306856,1880.019494,1224.190733
2675.306856,1880.44191,1224.190733
2675.252965,1880.150747,1224.190733
2674.592804,1880.366109,1223.489952
2675.306856,1879.911011,1224.190733
2674.403869,1880.444853,1224.070806
2673.550851,1879.723798,1223.248385
2674.015095,1879.148044,1224.190733
2674.152366,1880.097905,1224.190733
2675.306856,1880.444853,1224.190733
2675.306856,1880.444853,1224.190733
2674.828866,1880.444853,1224.190733
2675.306856,1880.256397,1224.190733
2675.306856,1880.444853,1224.190733
2675.190682,1880.444853,1224.190733
2675.306856,1880.139296,1224.190733
2673.860672,1878.527532,1223.965441
2674.523164,1880.097905,1224.027035
2674.813459,1879.631468,1223.905308
2674.885352,1880.444853,1224.190733
2675.306856,1880.444853,1224.190733
2675.306856,1880.444853,1224.190733
2675.131551,1880.444733,1224.190733
2674.113609,1880.444853,1224.190733
2674.342527,1880.439174,1224.190733
2675.006898,1880.227642,1224.190733
2674.584535,1880.232395,1223.788777
2674.488645,1879.952782,1223.97978
2672.607993,1880.444853,1222.933261
2675.056734,1880.444853,1224.190733
2675.105464,1880.444853,1224.190733
2675.306856,1880.444853,1224.190733
2675.000687,1880.444853,1224.190733
2674.792704,1879.991348,1224.190733
2674.900099,1880.426421,1223.97978
2675.046391,1880.444853,1224.03987
2674.843633,1880.095099,1223.693325
2673.734933,1880.186464,1223.567034
2673.550267,1879.797223,1223.822626
2674.739481,1878.885835,1223.618663
2675.306856,1880.444853,1224.190733
2675.306856,1880.444853,1224.190733
2675.306856,1880.444853,1224.190733
2674.854752,1880.143066,1224.190733
2674.969034,1880.444853,1224.190733
2674.574582,1880.444853,1223.016826
2675.306856,1880.444853,1224.030066
2673.928313,1880.335412,1223.882416
2674.295541,1880.142931,1223.485665
2674.654079,1880.191494,1224.190733
2674.731612,1880.444853,1223.901186
2675.306856,1880.444853,1224.190733
2675.12301,1880.444853,1224.190733
2675.015131,1880.444853,1224.190733
2674.153007,1880.030961,1224.190733
2673.804596,1880.202075,1223.993301
2674.726043,1879.544053,1223.632277
2674.454148,1880.088259,1224.190733
2675.163413,1879.347883,1223.909115
2672.766979,1879.917457,1222.024378
2673.668634,1879.726641,1223.788777
2674.722263,1880.340689,1224.190733
2675.306856,1880.444853,1224.190733
2675.062845,1880.444853,1224.190733
2674.051429,1879.954235,1224.033144
2674.246647,1879.821587,1223.871516
2673.076646,1880.267212,1223.467812
2675.274101,1880.444853,1223.595182
2673.917527,1880.064411,1222.717199
2673.515645,1878.602794,1222.856984
2672.478308,1877.979431,1222.476053
2674.391865,1878.207789,1223.873827
2675.306856,1880.444853,1224.190733
2674.129143,1880.443097,1224.190733
2674.565593,1880.444853,1224.190733
2673.850293,1880.044541,1223.396953
2673.506288,1879.406952,1222.848319
2675.16986,1880.444853,1224.190733
2673.605373,1878.110971,1223.600806
2673.57441,1879.342563,1222.987756
2673.757444,1876.58437,1223.020683
2674.049819,1879.978355,1221.57545
2675.306856,1880.444853,1224.190733
2675.094738,1880.444853,1224.190733
2675.070784,1880.444853,1224.190733
2674.560432,1880.124072,1223.915683
2673.49301,1880.016593,1223.039737
2675.049628,1878.517491,1222.620656
2674.737109,1879.174297,1221.338967
2674.660816,1878.518673,1222.08185
2672.705107,1879.579253,1222.02146
2675.024676,1880.166036,1222.939314
2674.99108,1880.444853,1224.005383
2674.884894,1880.444853,1224.190733
2675.306856,1880.351867,1224.190733
2674.586914,1880.15293,1224.190733
2674.253725,1879.574133,1223.758378
2673.351202,1880.161922,1223.777001
2674.968568,1880.058541,1222.345161
2675.163232,1879.213728,1223.032213
2674.469326,1880.079437,1224.190733
2674.223227,1879.150819,1221.258829
2675.120624,1880.444853,1223.714985
2675.00778,1880.444853,1224.190733
2674.740005,1880.444853,1224.190733
2675.277773,1880.444853,1224.190733
2674.915283,1879.848231,1223.096514
2674.781145,1879.727195,1223.915683
2674.997183,1880.298992,1224.063282
2674.460683,1879.463918,1223.503595
2674.684156,1880.115404,1224.190733
2672.781989,1879.353571,1222.916003
2674.261357,1878.566925,1223.348371
2675.090649,1880.444853,1224.190733
2675.306856,1880.444853,1224.128128
2675.306856,1880.444853,1224.146184
2675.198095,1880.444853,1224.190733
2674.330907,1880.21025,1224.190733
2675.205747,1880.376904,1223.697676
2674.936274,1879.604451,1224.190733
2674.292342,1880.141873,1223.828559
2673.638079,1879.510504,1223.599651
2675.025892,1879.373569,1223.152394
2675.079972,1880.444853,1224.190733
2675.306856,1879.093054,1224.190733
2675.306856,1880.444853,1224.190733
2675.306856,1880.444853,1224.190733
2675.306856,1880.273805,1224.190733
2674.780858,1880.444853,1223.336046
2675.233781,1880.444853,1223.849123
2675.21001,1879.624098,1222.611699
2674.927849,1878.801737,1223.011632
2674.866517,1880.21951,1223.000295
2675.016925,1880.015168,1223.596813
2675.306856,1880.444853,1224.190733
2675.306856,1880.444853,1224.190733
2675.306856,1880.444853,1224.190733
2675.306856,1880.444853,1224.190733
2675.012376,1880.140775,1224.190733
2675.306856,1880.444853,1224.190733
2674.425685,1880.046221,1223.109536
2674.515515,1878.980172,1223.207778
2674.296543,1879.819445,1222.826136
2674.441039,1879.951572,1224.073707
2675.285718,1880.444853,1224.190733
2675.191647,1880.444853,1223.915085
2675.006923,1880.444853,1224.122557
2675.306856,1880.444853,1224.190733
2675.14093,1880.370309,1224.190733
2675.245078,1880.388408,1223.086915
2674.708957,1879.728473,1224.190733
2673.909132,1878.584558,1223.048907
2673.568163,1879.773436,1222.299585
2674.618664,1880.325417,1222.817276
2674.934554,1880.444853,1224.190733
2675.229701,1880.444853,1224.190733
2675.306856,1880.444853,1224.190733
2675.263048,1880.061727,1224.190733
2675.083309,1880.084188,1223.178354
2674.848311,1880.444853,1222.741251
2675.056526,1880.097186,1223.70627
2674.859428,1880.242943,1222.621533
2674.736944,1879.771725,1221.35948
2674.567706,1880.126883,1219.793395
2675.192357,1880.444853,1223.627202
2675.306856,1880.444853,1223.788777
2674.982603,1880.444853,1224.190733
2675.026229,1880.444853,1224.190733
2675.105464,1880.184164,1224.190733
2674.517977,1880.15293,1222.873688
2674.36086,1879.13965,1224.190733
2675.124824,1877.542027,1223.021835
2674.643813,1879.91412,1222.650066
2673.176074,1879.668523,1220.748172
2675.169638,1877.933112,1221.732453
2675.20112,1880.444853,1224.112678
2675.206158,1880.127948,1223.828559
2675.185204,1880.444853,1224.190733
2675.28098,1878.593998,1222.532663
2674.358248,1879.751961,1223.675681
2674.40795,1879.485462,1223.187319
2672.096295,1878.271387,1223.716131
2674.766589,1877.832436,1222.29279
2673.374774,1878.668389,1221.226121
2673.53735,1880.423166,1222.611736
2674.557754,1880.183296,1223.422239
2674.85501,1880.444853,1223.962059
2674.680958,1880.239936,1224.190733
2675.306856,1879.949704,1224.190733
2675.118257,1880.295298,1224.190733
2675.293075,1880.438039,1223.845345
2673.427986,1879.764874,1223.125527
2673.811422,1879.705091,1222.430204
2673.94911,1879.355244,1222.317031
2674.1232,1879.228894,1220.460251
2674.446893,1878.98264,1221.874819
2675.218598,1880.444853,1223.40414
2675.306856,1880.097905,1223.936158
2674.319043,1878.942889,1224.048665
2673.67088,1880.15293,1223.862197
2674.764168,1880.091368,1222.815947
2675.306856,1880.187463,1223.784301
2674.582392,1879.362126,1223.6454
2673.634373,1878.436403,1220.456724
2673.688911,1879.963941,1222.555658
2673.95608,1879.877253,1222.963276
2674.878263,1880.444853,1224.065801
2674.944795,1879.62306,1223.963112
2675.11034,1880.444853,1223.828137
2675.01706,1879.643949,1224.190733
2674.42619,1878.859057,1223.688063
2674.315148,1879.28737,1221.925247
2674.374431,1879.939563,1223.544955
2673.5108,1879.908563,1221.785159
2674.344402,1879.322021,1222.284698
2674.170723,1879.61201,1223.798657
2674.647624,1879.023868,1222.879486
2675.075302,1880.444853,1224.059724
2674.837555,1879.9994,1224.031825
2675.306856,1879.248922,1223.958143
2674.846974,1880.144849,1224.190733
2675.269882,1880.413832,1223.868845
2674.904118,1880.146195,1223.564069
2674.398163,1879.776558,1223.35924
2674.525926,1879.972047,1222.9739
2674.100995,1880.341627,1222.426107
2675.019629,1879.206933,1222.78366
2675.199415,1880.444853,1224.190733
2674.716843,1880.444853,1223.686434
2675.306856,1880.444853,1224.190733
2675.025144,1879.566629,1224.190733
2674.93502,1879.451857,1224.190733
2674.903243,1880.444853,1223.61525
2674.987377,1879.536814,1222.933662
2673.385023,1878.719038,1223.822487
2675.239896,1880.444853,1223.550041
2674.849339,1879.09647,1223.167212
2675.306856,1880.330305,1223.579972
2675.075906,1880.444853,1223.609738
2674.850338,1880.134584,1224.005383
2675.306856,1880.056164,1224.190733
2674.116715,1880.178897,1223.936708
2674.972827,1879.98136,1223.781527
2673.973188,1880.238354,1222.096785
2673.967725,1878.761403,1222.810248
2675.216969,1879.951088,1224.190733
2675.013483,1880.013964,1223.659097
2674.947979,1880.057098,1224.190733
2675.016738,1880.24317,1224.012072
2675.142892,1880.444853,1224.190733
2675.306856,1880.444853,1224.190733
2674.235424,1879.891741,1224.190733
2674.800264,1880.231856,1224.190733
2674.901276,1878.533255,1223.582555
2675.011886,1879.952908,1223.550041
2673.463806,1880.444853,1222.786645
2674.528008,1879.794911,1221.869569
2674.569557,1880.006418,1224.190733
2675.202877,1880.237258,1223.069009
2675.135023,1880.097454,1223.839675
2675.306856,1880.444853,1224.190733
2675.041449,1880.444853,1223.64789
2675.290052,1880.444853,1224.190733
2675.306856,1879.466416,1224.190733
2673.476418,1880.097484,1222.855851
2674.117083,1878.669116,1224.190733
2673.433394,1879.533409,1223.626904
2674.773615,1880.444853,1223.434936
2674.747177,1880.444853,1223.955056
2675.27332,1880.444853,1224.055699
2675.233667,1880.444853,1224.16665
2675.306856,1880.444853,1224.190733
2675.070383,1880.289428,1223.751852
2675.306856,1880.228888,1224.190733
2674.935888,1880.438819,1223.694661
2674.825722,1877.368457,1223.091693
2674.563815,1879.90514,1223.500395
2674.557222,1880.444853,1222.743304
2673.661978,1879.977234,1223.02716
2675.306856,1880.097454,1223.965358
2675.306856,1880.444853,1224.190733
2675.306856,1880.444853,1224.190733
2675.026335,1880.421651,1224.190733
2674.480562,1880.411518,1224.190733
2675.132775,1880.429039,1223.863622
2674.282253,1879.879721,1223.81193
2674.091538,1878.864193,1223.098707
2674.061697,1878.892645,1223.905885
2674.786611,1880.429961,1223.657024
2675.189142,1880.444853,1224.190733
2675.138174,1880.444853,1224.146784
2675.306856,1880.444853,1224.190733
2675.306856,1880.444853,1224.190733
2674.219745,1880.444853,1224.190733
2673.950196,1880.444853,1224.190733
2674.938035,1880.444853,1223.944319
2673.920889,1880.376904,1223.780966
2674.737684,1880.108263,1223.305105
2674.466755,1880.111267,1223.548107
2674.173495,1880.444853,1223.936708
2675.015617,1880.444853,1224.190733
2675.306856,1880.444853,1224.190733
2675.306856,1880.444853,1224.190733
2675.070761,1880.444853,1224.190733
2675.004499,1880.444853,1224.190733
2675.131116,1880.444853,1224.190733
2675.226371,1880.444853,1224.190733
2675.070061,1880.435178,1224.190733
2674.450403,1880.444853,1224.190733
2675.184986,1880.444853,1224.190733
2675.306856,1880.444853,1224.190733
2675.306856,1880.444853,1224.190733
2675.306856,1880.444853,1224.190733
2675.306856,1880.444853,1224.190733
2675.070761,1880.444853,1224.190733
2675.306856,1880.444853,1224.190733
2674.541463,1880.444853,1224.190733
2674.946371,1880.444853,1224.190733
2674.780575,1880.444853,1224.190733
2674.394877,1880.444853,1223.936708
2674.672366,1880.444853,1224.190733
2674.958668,1880.444853,1224.190733
2675.306856,1880.444853,1224.190733
2675.306856,1880.444853,1224.190733
2675.306856,1880.444853,1224.190733
2675.306856,1880.444853,1224.190733
2675.061519,1880.444853,1224.190733
3234.975704,2129.336464,1231.902603
3231.630732,2129.113498,1231.902603
3235.08877,2129.11641,1231.902603
3235.140776,2127.885159,1231.740692
3235.900589,2129.336464,1231.902603
3235.900589,2129.336464,1231.902603
3235.900589,2129.336464,1231.902603
3235.900589,2129.336464,1231.902603
3233.810235,2129.336464,1231.902603
3235.900589,2129.336464,1231.902603
3235.649996,2129.336464,1231.902603
3235.378957,2129.336464,1231.902603
3235.173602,2128.913767,1231.902603
3235.544171,2129.336464,1231.902603
3235.678638,2129.336464,1231.902603
3235.766367,2129.336464,1231.902603
3235.900589,2129.336464,1231.902603
3235.900589,2128.062503,1231.902603
3235.900589,2129.336464,1231.902603
3235.764532,2129.336464,1231.902603
3235.580206,2129.180132,1231.525849
3235.619817,2129.336464,1231.902603
3233.509975,2128.211827,1231.685255
3233.423001,2129.336464,1230.597784
3235.900589,2129.336464,1231.902603
3235.217352,2128.523233,1231.67468
3235.467044,2129.125578,1231.64981
3235.900589,2129.336464,1231.902603
3235.900589,2129.336464,1231.902603
3235.169148,2127.850545,1231.902603
3235.485441,2129.336464,1231.902603
3235.01596,2128.471306,1231.902603
3234.40464,2129.055296,1231.564719
3235.900589,2128.737511,1231.120801
3234.898331,2129.336464,1231.36757
3235.713942,2129.336464,1231.902603
3234.324641,2129.336464,1231.82548
3232.988132,2129.336464,1231.902603
3235.56919,2129.336464,1231.902603
3234.338402,2127.668366,1231.198496
3235.165714,2129.336464,1231.902603
3234.995095,2128.208701,1231.878624
3233.998298,2128.243022,1231.432587
3234.829385,2127.985382,1231.655194
3235.478074,2128.647687,1231.902603
3235.688482,2129.336464,1231.567695
3235.445887,2127.789925,1231.138502
3235.713688,2129.336464,1231.902603
3235.848085,2128.879588,1231.902603
3235.900589,2128.873596,1231.476868
3235.599427,2129.279553,1231.878624
3234.648303,2128.831532,1231.434483
3235.73403,2128.982419,1231.629789
3234.799403,2128.856865,1231.048743
3234.996855,2129.053857,1231.253801
3234.709297,2128.569748,1231.338478
3235.247345,2127.607259,1231.902603
3235.900589,2129.336464,1231.902603
2190.362658,1215.502695,319.7728057
2190.362658,1215.021571,319.7152667
2190.017759,1214.613822,319.7728057
2190.33179,1215.502695,319.7005949
2190.35276,1215.502695,319.5812016
2189.527376,1214.884706,319.7728057
2189.03247,1214.761574,319.4997571
2190.362658,1214.596703,319.7728057
2190.326558,1215.502695,319.7193572
2189.847212,1215.105591,319.623707
2190.362658,1215.502695,319.7728057
2190.362658,1215.475616,319.7728057
2190.330806,1215.414965,319.7728057
2190.012277,1215.497118,319.7728057
2189.785126,1215.370642,319.7728057
2190.362658,1215.502695,319.581094
2189.981018,1215.113398,319.7728057
2190.100967,1215.289574,319.7133216
2189.902389,1215.464506,319.6265968
2190.362658,1215.502695,319.7728057
2190.362658,1215.387575,319.6898777
2190.362658,1215.502695,319.7728057
2190.362658,1215.502695,319.7728057
2190.362658,1215.216715,319.7728057
2190.362658,1215.196457,319.7728057
2190.133071,1215.251846,319.7728057
2190.263418,1215.502695,319.7247793
2190.362658,1214.817166,319.5955686
2189.671077,1215.14186,319.1217534
2190.362658,1215.272447,319.7728057
2190.362658,1215.502695,319.7728057
2190.2375,1215.502695,319.7728057
2190.362658,1215.502695,319.7728057
2190.362658,1215.502695,319.7728057
2190.362658,1215.502695,319.7728057
2190.362658,1215.175274,319.7728057
2190.362658,1215.502695,319.4769196
2190.266397,1215.502695,319.7728057
2190.362658,1215.502695,319.7728057
2189.747148,1215.295067,319.7728057
2190.341035,1215.177248,319.7728057
2190.362658,1215.502695,319.7728057
2190.259496,1215.502695,319.7728057
2190.362658,1215.502695,319.7728057
2189.66114,1215.477818,319.7728057
2190.254639,1215.09461,319.7728057
2190.031818,1215.454066,319.7439429
2189.834959,1215.107106,319.5494073
2190.362658,1214.852908,319.5244423
2190.190128,1215.485455,319.7220664
2190.362658,1215.502695,319.7241723
2190.362658,1215.502695,319.7728057
2190.362658,1215.502695,319.7728057
2190.362658,1215.212075,319.7728057
2190.322887,1215.502695,319.7728057
2190.362658,1215.502695,319.7728057
2190.233967,1215.053546,319.4402527
2189.90977,1215.502695,319.7309204
2190.215766,1214.667877,319.4237798
2190.172107,1214.603501,319.7610315
2190.211955,1215.444728,319.7506101
2190.362658,1215.502695,319.7660859
2190.362658,1215.502695,319.7728057
2190.362658,1215.502695,319.7728057
2190.362658,1215.502695,319.3717707
2189.958196,1215.488508,319.7728057
2190.362658,1215.502695,319.7038763
2190.153933,1215.502695,319.6420281
2190.065033,1215.052968,319.5987189
2190.278393,1215.502695,319.3208747
2190.054679,1215.235621,319.422624
2190.362658,1215.357663,319.7233033
2190.257162,1215.502695,319.7206181
2190.362658,1215.502695,319.7728057
2190.362658,1215.502695,319.7728057
2190.362658,1215.502695,319.7728057
2190.330581,1215.502695,319.7728057
2190.140565,1215.502695,319.7346816
2190.050057,1214.963258,319.371633
2190.362658,1215.350689,319.7110533
2190.141712,1215.502695,319.0350932
2190.155113,1215.502695,319.5466575
2190.362658,1215.502695,319.7728057
2190.324249,1215.205059,319.7728057
2190.362658,1215.502695,319.7728057
2190.362658,1215.502695,319.7728057
2190.31005,1215.388805,319.7728057
2190.225831,1215.439234,319.5533384
2190.117386,1214.927765,319.3525018
2190.154314,1214.610526,319.3025078
2190.065085,1215.502695,319.2800022
2189.7914,1214.466358,319.1072606
2190.055287,1215.502695,319.769371
2190.065863,1215.502695,319.735768
2190.362658,1215.502695,319.7728057
2190.362658,1215.502695,319.7728057
2190.223724,1215.47118,319.7728057
2190.362658,1215.124298,319.7728057
2190.121367,1214.51791,319.7320154
2190.030948,1215.220158,319.5103306
2189.963533,1215.494672,319.769371
2189.893901,1215.405202,319.3417654
2190.197725,1215.502695,319.543486
2190.120175,1215.235265,319.6820953
2190.139472,1215.502695,319.7728057
2190.120952,1215.411074,319.7728057
2190.362658,1215.416607,319.7470006
2190.362658,1215.502695,319.7728057
2189.917355,1215.445092,319.7728057
2189.859675,1215.502695,319.4643055
2189.893817,1215.284194,319.7060181
2190.04773,1214.62357,318.6253845
2190.238184,1215.502695,319.2209757
2189.810035,1215.364181,319.6703418
2189.980962,1215.124316,319.6432352
2189.50054,1215.461532,319.7481721
2190.150804,1215.351759,319.6849357
2189.520128,1215.502695,319.7728057
2190.141479,1215.06025,319.7103349
2189.937732,1215.123101,319.6897143
2190.173012,1215.502695,319.6982064
2188.94908,1214.450621,319.5558548
2189.858119,1215.322567,319.1009592
2190.08675,1215.057306,319.7728057
2189.904678,1214.920668,319.4254794
2190.283694,1215.124316,319.7728057
2189.897064,1215.502695,319.7298433
2190.259887,1215.122513,319.6504268
2190.088301,1215.477278,319.6866097
2190.362658,1215.502695,319.7728057
2190.24299,1214.668806,319.5882079
2189.701671,1215.117012,319.6404397
2189.908731,1215.48469,319.7542374
2189.973988,1214.202714,319.5345732
2190.362658,1215.501043,319.7728057
2190.362658,1215.502695,319.6935482
2190.226645,1215.057834,319.6839513
2190.077156,1215.114653,319.7298765
2189.845351,1214.273306,319.5782339
2189.864209,1215.183008,319.0191242
2189.843897,1215.29855,319.1033859
2190.07599,1215.502695,319.713125
2190.108324,1215.267259,319.445264
2189.988058,1215.307349,319.5595206
2190.030497,1215.502695,319.5263898
2189.964779,1215.502695,319.7634451
2189.654484,1215.500597,319.7581922
2190.065165,1215.195412,319.7728057
2189.985705,1215.061516,319.7545101
2189.967488,1215.2515,319.5727391
2190.149257,1215.502695,319.7728057
2190.047554,1214.578265,319.6142598
2189.016672,1215.036322,319.7280611
2188.824741,1214.791581,319.6854493
2189.735056,1215.119162,319.7296164
2190.280374,1215.502695,319.7728057
2189.893823,1215.502695,319.7728057
2190.097276,1215.502695,319.7728057
2189.517197,1214.920564,319.6407945
2189.588957,1215.220141,319.3943395
2190.16981,1215.460818,319.7728057
2189.966933,1215.355619,319.7442122
2189.389563,1215.106807,319.7309916
2189.575049,1214.168037,319.1430752
2189.396053,1215.499467,319.1052538
2190.362658,1215.502695,319.6787937
2189.650276,1215.469514,319.7587081
2190.362658,1215.502695,319.7728057
2189.961755,1215.500597,319.5107207
2189.895363,1215.502695,319.7236579
2190.270707,1215.502695,319.7728057
2190.037833,1214.751649,319.0872986
2189.953741,1214.450479,319.3734517
2189.685646,1215.167422,318.9300216
2189.75747,1214.709613,319.3031934
2189.699137,1215.295067,319.5750694
2190.362658,1215.502695,319.7728057
2190.362658,1215.502695,319.7728057
2189.60856,1215.502695,319.7728057
2190.090598,1215.502695,319.7415071
2189.932716,1215.501043,319.5101378
2189.054653,1215.502695,319.6374674
2189.884419,1215.147568,319.407706
2189.220873,1214.728765,319.7402671
2190.068021,1215.464111,319.7679282
2189.740908,1215.501043,319.3567558
2190.092504,1215.502695,319.7018281
2190.250845,1215.502695,319.7728057
2190.274233,1215.502695,319.7728057
2190.119281,1215.502695,319.7728057
2189.823859,1215.445092,319.616383
2190.362658,1215.0895,319.7728057
2189.837574,1215.257716,319.7728057
2188.039752,1215.383275,319.5962512
2189.585516,1215.172731,319.5621793
2189.70565,1215.266786,318.9358673
2189.51223,1215.425686,319.6724286
2190.362658,1215.502695,319.7728057
2190.362658,1215.502695,319.7728057
2190.362658,1215.425686,319.7728057
2189.932333,1215.502695,319.7728057
2189.319375,1215.488791,319.4888374
2190.362658,1215.502695,319.7354311
2189.523876,1214.98963,319.7305754
2189.778212,1215.147392,319.6234582
2189.746244,1215.160969,319.699276
2190.058273,1215.502695,319.6411452
2190.232441,1215.502695,319.7728057
2190.362658,1215.502695,319.7728057
2190.362658,1215.502695,319.7728057
2190.132467,1215.502695,319.7728057
2189.992578,1215.502695,319.7526607
2190.284139,1215.102186,319.6983783
2190.229134,1215.235634,319.6561074
2190.113102,1215.111003,319.4919056
2189.210712,1214.840809,319.6085471
2190.192665,1215.502695,319.6344445
2190.110947,1215.502695,319.6794697
2190.362658,1215.502695,319.7728057
2190.362658,1215.502695,319.7728057
2190.362658,1215.502695,319.7728057
2190.135806,1215.502695,319.7728057
2189.99251,1215.449834,319.7728057
2190.153058,1215.087631,319.6635162
2190.096355,1214.734672,319.6168343
2190.161753,1215.502695,319.6807918
2189.35721,1213.610132,319.176089
2190.362658,1215.502695,319.696324
2190.362658,1215.180643,319.7728057
2190.362658,1215.502695,319.7728057
2190.362658,1215.502695,319.7728057
2190.055948,1214.641282,319.7728057
2190.362658,1214.711121,319.7728057
2190.362658,1215.502695,319.7547832
2189.834291,1215.502695,319.6098686
2189.977157,1214.995432,319.7519597
2190.260605,1214.621819,319.722478
2189.93768,1215.502695,319.6127901
2190.362658,1215.490606,319.634695
2190.362658,1215.502695,319.7728057
2190.362658,1215.502695,319.7728057
2190.362658,1215.422824,319.7728057
2190.163722,1215.36009,319.7728057
2190.082554,1214.869185,319.7728057
2190.270297,1215.502695,319.6688553
2189.739457,1214.576412,319.7728057
2189.814446,1214.942107,319.7728057
2190.32696,1215.326936,319.6755351
2190.203257,1214.420758,319.7633758
2190.362658,1215.502695,319.7728057
2190.362658,1215.389229,319.7728057
2189.83472,1215.502695,319.7728057
2190.082189,1215.502695,319.7728057
2189.837493,1214.469857,319.7728057
2190.362658,1214.880851,319.359458
2189.948812,1215.06351,319.7728057
2190.060292,1215.502695,319.7562019
2190.218396,1215.363388,319.5487772
2189.489314,1214.939729,319.7134688
2189.770465,1215.502695,319.6287767
2190.362658,1215.502695,319.7728057
2190.362658,1215.273112,319.7728057
2190.051814,1215.502695,319.7728057
2189.683204,1214.850998,319.7728057
2190.081478,1215.486538,319.5734702
2190.362658,1215.502695,319.7728057
2190.228704,1214.924061,319.7728057
2190.331058,1214.66343,319.7296164
2190.340608,1214.144881,319.6360534
2189.561664,1215.401587,319.7728057
2190.362658,1215.502695,319.7728057
2190.362658,1215.502695,319.7728057
2190.296057,1215.042322,319.7728057
2190.035336,1214.630182,319.7728057
2190.238511,1214.94806,319.7320056
2190.016226,1214.823895,319.7728057
2190.277242,1215.237973,319.7728057
2190.291202,1215.171598,319.4863926
2189.715827,1214.631922,319.7530307
2189.769875,1215.121473,319.7728057
2189.848447,1215.002202,319.7728057
2190.266411,1215.502695,319.7728057
2189.994638,1215.167634,319.7728057
2189.406392,1215.473258,319.7728057
2190.362658,1215.502695,319.5819508
2189.445502,1215.502695,319.7728057
2190.129602,1215.007065,319.7185274
2189.312478,1215.502695,319.7728057
2189.261436,1214.557933,319.7605431
2189.693236,1215.192298,319.7160604
2190.007582,1215.498624,319.7700441
2190.228591,1215.502695,319.7728057
2190.362658,1215.502695,319.7728057
2190.177845,1215.502695,319.7612974
2189.443178,1214.296949,319.7051684
2190.163587,1215.446972,319.6795356
2189.889765,1215.204208,319.7728057
2190.098435,1215.473258,319.6284095
2189.942112,1214.745022,319.7165784
2189.064291,1213.851414,319.7392027
2189.648806,1214.803245,319.7019503
2190.200132,1214.770458,319.7728057
2190.197725,1215.06025,319.7728057
2189.808018,1215.502695,319.6264128
2189.813481,1215.021502,319.7728057
2190.288595,1215.489188,319.7728057
2190.235242,1214.728448,319.7728057
2190.127517,1215.422785,319.7461457
2187.937204,1215.13613,319.3354037
2188.904672,1214.762328,319.7728057
2189.65439,1214.811387,319.465607
2187.940352,1214.869134,319.6337403
2190.221803,1214.945272,319.7728057
2190.019836,1215.502695,319.7728057
2190.27836,1215.079001,319.7728057
2190.301323,1215.502695,319.7546977
2190.173896,1214.491963,319.5810578
2189.894228,1215.502695,319.7728057
2190.362658,1215.502695,319.7581288
2189.124209,1215.178303,319.4705223
2189.603776,1215.19408,319.7425795
2189.572051,1215.254832,319.5231089
2189.784915,1215.502695,319.7728057
2190.318743,1215.48706,319.7359959
2190.206646,1215.502695,319.7309204
2190.362658,1215.502695,319.7728057
2189.99447,1214.963347,319.7728057
2190.134131,1215.111618,319.7728057
2190.098371,1215.02963,319.7185274
2189.700974,1214.85261,319.6709525
2190.362658,1215.182078,319.5239288
2189.349429,1214.938026,319.7043699
2189.782969,1215.502695,319.7424056
2190.115469,1215.490606,319.745046
2190.362658,1215.502695,319.7728057
2190.362658,1215.502695,319.7728057
2189.778513,1215.502695,319.6706523
2190.115709,1215.502695,319.7728057
2189.359927,1215.232994,319.719054
2190.16693,1215.364181,319.7028388
2190.120388,1215.364181,319.4620099
2188.767335,1214.780606,319.6637117
2189.322461,1215.259064,319.7605431
2190.21347,1215.502695,319.6789873
2190.362658,1215.502695,319.7728057
2190.299119,1215.502695,319.7728057
2190.239904,1215.413353,319.7605431
2190.200889,1215.502695,319.7252593
2190.068953,1215.502695,319.6279512
2190.293101,1215.502695,319.7728057
2190.362658,1215.502695,319.7129255
2188.715418,1214.035684,319.7543809
2190.07339,1214.800141,319.4176384
2190.362658,1215.108247,319.7526607
2190.362658,1215.502695,319.7728057
2190.362658,1215.502695,319.7728057
2189.413807,1215.4894,319.7513256
2189.648885,1215.311375,319.7513256
2190.085898,1215.502695,319.6495036
2189.821988,1215.013844,319.6928557
2190.181961,1215.502695,319.7728057
2189.49758,1214.545123,319.3115341
2190.244762,1215.502695,319.2549777
2189.925471,1215.502695,319.4852254
2190.132672,1215.502695,319.7256582
2190.362658,1215.502695,319.7728057
2190.127319,1215.502695,319.6688553
2190.262381,1215.237953,319.7728057
2190.17304,1215.255761,319.2192275
2189.936357,1215.41722,319.4459414
2189.955841,1215.477155,319.7452821
2190.009617,1215.290487,319.5520357
2189.748244,1215.502695,319.5537411
2189.356875,1214.603164,319.7460746
2190.087938,1215.502695,319.6698592
2190.362658,1215.502695,319.7728057
2190.201537,1215.502695,319.7728057
2189.97392,1215.172925,319.7728057
2190.070793,1215.502695,319.4883477
2190.065795,1215.387575,319.7564659
2189.823424,1215.270148,319.7292215
2189.726651,1215.126761,319.4956386
2190.285253,1214.956363,319.033452
2189.659928,1215.226283,318.7395792
2188.844077,1215.502695,319.3968792
2190.362658,1215.502695,319.5595154
2190.362658,1215.502695,319.7728057
2190.144193,1214.915743,319.7728057
2188.133617,1215.481164,319.4152127
2189.314538,1215.346359,319.3128301
2190.022099,1215.404161,319.7452821
2190.008168,1214.73056,319.7728057
2190.237017,1215.484676,319.7371581
2189.856988,1214.713659,319.615075
2190.054657,1215.502695,319.1344622
2190.151063,1215.015231,319.7728057
2190.27447,1215.502695,319.7728057
2190.266247,1215.502695,319.7728057
2190.155454,1215.502695,319.722478
2189.76262,1214.906344,319.6930834
2189.272326,1215.202856,319.6595737
2189.688839,1214.723582,318.933397
2190.16693,1215.502695,319.7398973
2189.245838,1215.310904,319.5909813
2189.79781,1215.28895,319.5343554
2190.362658,1215.502695,319.681922
2190.362658,1215.502695,319.7728057
2190.105851,1215.502695,319.7728057
2190.037675,1214.341982,319.7728057
2190.13686,1215.502695,319.7303564
2190.137478,1214.829822,319.7271176
2189.736706,1214.851947,319.6812875
2189.879234,1214.939502,319.4927721
2189.939029,1215.4894,319.7211182
2189.835664,1214.65514,319.7165024
2190.268749,1215.502695,319.7001403
2190.362658,1215.502695,319.7728057
2190.082189,1215.502695,319.7728057
2190.362658,1215.502695,319.7728057
2190.160511,1215.100007,319.2013542
2190.265271,1214.925757,319.6990866
2190.192228,1215.243612,319.1543474
2190.082011,1215.365425,319.6536793
2190.041477,1215.323616,319.5157771
2189.977267,1215.44761,319.5786531
2189.928315,1215.212973,319.4491553
2190.362658,1215.502695,319.7728057
2190.194935,1215.502695,319.7728057
2190.247322,1215.502695,319.7728057
2190.362658,1215.419984,319.7728057
2190.321912,1215.120169,319.7728057
2190.238079,1213.775774,319.4902844
2190.362658,1215.407121,319.6563095
2189.707167,1214.551142,318.9705903
2189.735402,1215.210206,319.7526607
2190.010147,1214.662502,319.2689217
2189.407051,1214.136542,319.5284365
2190.362658,1215.502695,319.7728057
2190.016618,1215.502695,319.7728057
2189.873228,1215.389229,319.7728057
2190.229319,1215.502695,319.7728057
2189.747631,1214.875711,319.4828946
2190.170253,1215.004164,319.7728057
2189.53508,1214.714174,319.7233939
2189.726697,1215.089216,319.7097236
2190.061277,1215.502695,319.658308
2190.058348,1213.64764,319.4245237
2190.159363,1215.502695,319.757714
2190.26187,1215.502695,319.7728057
2190.232065,1214.929548,319.7294092
2190.362658,1215.171598,319.7728057
2189.432827,1214.109658,319.652903
2189.848487,1214.847561,319.6298572
2189.740723,1214.889924,319.7728057
2761.245286,1460.418793,387.9412646
2762.341857,1461.457409,388.0300697
2763.093754,1460.542078,388.1535695
2762.793424,1460.984979,388.454682
2762.476371,1461.466804,388.37568
2763.14318,1461.339909,388.454682
2763.003591,1461.466804,388.454682
2762.27895,1461.466804,388.0292894
2763.14318,1461.405249,387.9159057
2762.665714,1461.27713,388.1504184
2762.323962,1460.428808,387.5403108
2762.982963,1460.669382,387.9277507
2762.737861,1461.395903,388.3886033
2762.688971,1461.196052,387.748596
2762.315328,1460.987538,388.4019474
2762.980743,1461.466804,388.3563898
2763.14318,1461.282992,388.454682
2762.999562,1460.987347,388.454682
2762.678848,1461.384702,387.8722558
2762.685435,1460.923428,388.3027711
2762.137585,1460.496794,387.9815263
2762.842946,1461.466804,388.0281904
2762.004047,1460.664522,388.0730755
2762.745854,1461.05751,388.37933
2762.670301,1460.270819,388.3402844
2762.675955,1461.046718,388.4284779
2762.922065,1461.466804,388.454682
2763.10785,1461.06945,388.2937998
2762.874935,1461.466804,388.2476563
2762.332365,1461.408426,388.0961846
2762.630189,1461.384702,387.8607373
2762.700723,1460.899667,388.454682
2762.730369,1461.381223,388.2714428
2762.979604,1461.466804,388.411034
2762.703924,1461.069286,388.454682
2763.14318,1461.466804,388.454682
2763.14318,1461.466804,388.454682
2763.14318,1461.466804,388.454682
2762.733202,1461.320032,388.3547204
2760.871803,1461.281483,388.454682
2762.605595,1460.705731,388.454682
2763.011626,1461.433315,387.9685585
2762.462523,1461.204444,388.3074822
2762.663139,1461.466804,388.3576251
2762.986913,1461.466804,388.454682
2762.807199,1461.357084,388.454682
2763.14318,1461.466804,388.454682
2763.14318,1461.466804,388.454682
2763.14318,1461.466804,388.454682
2763.14318,1461.466804,388.454682
2762.276471,1460.727338,388.4207864
2762.698817,1461.384702,388.454682
2762.862428,1461.148728,388.454682
2763.042333,1461.466804,388.454682
2763.14318,1461.069286,388.4209377
2762.855999,1461.466804,388.4054084
2763.14318,1461.466804,388.454682
2763.14318,1461.463942,388.454682
2172.761271,858.7341942,136.0553651
2172.595787,858.5540013,136.0553651
2172.761271,858.7341942,136.0553651
2172.761271,858.7341942,136.0394341
2172.589619,858.4767574,135.9722636
2172.452774,858.7254909,136.0553651
2172.672025,858.7341942,135.9881054
2172.497287,858.7341942,136.0319053
2172.564339,858.7341942,136.0553651
2172.761271,858.7341942,136.0553651
2172.761271,858.7341942,136.0553651
2172.484606,858.7340441,136.0553651
2172.761271,858.7341942,136.0553651
2172.704927,858.4326547,136.0553651
2172.638134,858.7340441,135.8753194
2172.495559,858.7341942,136.0335355
2172.509823,858.7341942,136.0553651
2172.304501,858.7341942,135.9806081
2172.642126,858.7341942,136.0553651
2172.761271,858.7341942,135.986694
2172.761271,858.7341942,136.0553651
2172.761271,858.4745406,136.0553651
2172.627802,858.6982526,135.9895888
2172.645988,858.2699725,136.0553651
2172.709874,858.4091469,136.0354186
2172.761271,858.7341942,136.0553651
2172.576813,858.5731409,136.0176808
2172.557187,858.6756042,135.8390474
2172.761271,858.5540013,136.0553651
2172.761271,858.7341942,136.0553651
2172.761271,858.7341942,136.0553651
2172.407808,858.7341942,136.0553651
2172.58478,858.7341942,136.0383749
2172.761271,858.4813072,136.0040656
2172.653676,858.7341942,136.0196722
2171.529939,858.7258735,136.0224973
2172.686515,858.7086526,136.0553651
2172.581193,858.588113,136.0163365
2172.578814,858.7341942,135.9692763
2172.697363,858.4745406,136.0553651
2172.761271,858.7341942,136.0553651
2172.761271,858.7341942,136.0553651
2172.761271,858.7341942,136.0553651
2172.761271,858.7341942,136.0158404
2172.719721,858.5107609,136.0553651
2172.720313,858.4922495,135.9138026
2172.589548,858.7279514,135.9736522
2172.235882,858.7341942,136.0553651
2172.593382,857.8047643,135.9881239
2172.519873,858.0569807,136.0553651
2172.761271,858.7341942,136.0553651
2172.316226,858.6898607,136.0553651
2172.469161,858.7340441,136.0553651
2172.617622,858.7096534,136.0017151
2172.077801,858.6457908,136.0553651
2172.594578,858.7341942,136.0553651
2172.260096,858.698034,135.9922119
2172.317626,858.7255081,136.0224725
2172.526612,858.7341942,135.9220031
2172.438447,858.1050722,135.9994954
2172.761271,858.4507454,136.0553651
2172.686748,858.7143464,136.0553651
2172.609312,858.7341942,136.0553651
2172.65585,858.7341942,136.0553651
2172.430831,858.7026792,136.0072649
2172.615797,858.7341942,136.0553651
2172.761271,858.7254909,135.9715141
2172.583379,858.4692208,136.0435427
2171.801805,858.5414286,136.0334907
2172.306648,858.6650825,135.9278476
2172.617041,858.3730606,135.958542
2172.761271,858.7341942,136.0553651
2172.622739,858.5999829,136.0553651
2172.351252,858.7341942,136.0241744
2171.326675,858.3859642,136.0553651
2172.50007,858.7341942,135.957156
2172.695729,858.3999764,136.0553651
2172.721256,858.6545966,135.988546
2171.589971,858.5271614,135.9185802
2172.270212,858.7341942,135.9646852
2172.030165,858.2240233,136.0553651
2172.45029,857.9240171,136.0012241
2172.48208,858.36851,136.0553651
2172.546754,858.7012435,136.0553651
2170.859466,858.3071658,136.0553651
2172.608384,858.6101267,135.9651817
2172.269061,858.3889597,135.976631
2172.347091,858.7341942,136.0553651
2172.61886,858.447868,136.0553651
2171.038345,857.4885525,135.9715739
2172.491632,858.3647704,136.0311955
2172.710755,858.4783997,135.9847884
2172.620687,858.7341942,136.038479
2172.761271,858.7291812,136.0322851
2172.30901,858.2741478,135.9885644
2171.905302,858.728945,136.0237926
2172.340718,858.6474732,135.9034022
2172.388364,858.166843,135.9806394
2172.637246,858.5206567,136.0553651
2171.439744,858.6455523,135.9889365
2172.03677,858.7163021,135.93828
2172.576315,857.9914662,135.8434024
2172.562894,858.7341942,136.0270875
2172.761271,858.7341942,136.0553651
2172.761271,858.7341942,136.0553651
2172.020393,858.7341942,135.8260801
2172.118309,858.6294771,136.0553651
2172.542606,858.7215213,135.8532485
2172.761271,858.7311752,136.0553651
2172.761271,858.2822314,135.8526393
2172.052018,858.290385,135.9748405
2172.365809,858.659951,135.6979993
2172.597257,858.3236042,135.9643826
2172.761271,858.7341942,136.0553651
2172.649721,858.7341942,136.0553651
2172.624784,858.7341942,136.0553651
2172.459938,858.6982526,136.0553651
2172.039445,857.6250338,136.0020163
2172.547062,858.3297915,136.0420208
2172.761271,858.7341942,136.0553651
2172.687326,858.5293907,136.0553651
2172.761271,858.7136496,135.9843681
2172.693103,858.3730606,135.9574554
2172.761271,858.7341942,136.0553651
2172.761271,858.7341942,136.0553651
2172.672025,858.7341942,136.0553651
2172.638156,858.7341942,136.0259819
2172.515729,858.4397939,135.902979
2172.606049,858.7294663,136.0176851
2172.17692,858.1552288,136.0211827
2172.761271,858.7341942,136.0553651
2172.350312,858.1469225,136.0235301
2172.761271,858.2624357,136.0553651
2172.683541,858.6475849,136.0553651
2172.761271,858.7341942,136.0019537
2172.66419,858.7341942,136.0553651
2172.761271,858.7114779,136.0549278
2172.550279,858.6834658,136.0553651
2172.548652,858.7026792,135.9479907
2171.988068,858.509187,136.0553651
2172.315378,858.7341942,136.0130071
2172.272441,858.3306512,135.9866729
2172.082562,858.0288914,135.9613357
2172.761271,858.3210485,136.0422601
2172.761271,858.7341942,135.9986657
2172.761271,858.7341942,136.0553651
2170.649691,858.7341942,136.0553651
2172.761271,858.3946637,136.0411546
2172.744534,858.7341942,136.0553651
2172.574193,858.4715384,135.8581676
2172.322093,858.6638945,135.9655708
2172.761271,858.7341942,136.0553651
2172.301405,858.7341942,136.0393728
2172.761271,858.5366097,136.0432648
2172.761271,858.7341942,136.0553651
2172.761271,858.7341942,136.0553651
2172.761271,858.7341942,136.0553651
2172.691643,858.6969109,136.0553651
2172.734728,858.7341942,136.0553651
2172.405581,858.4338701,136.0553651
2172.552348,858.6139459,135.9912493
2172.761271,858.5028218,136.0553651
2172.712974,858.375274,136.0317725
2172.529855,858.7341942,136.0553651
2172.399853,858.7341942,136.0553651
2172.761271,858.7341942,136.0553651
2172.761271,858.7341942,136.0553651
2172.761271,858.3551505,136.0553651
2172.698908,858.7341942,136.0553651
2172.295142,858.7341942,136.0027591
2172.651937,858.3484788,136.0422601
2172.273268,858.5253538,136.0553651
2172.683541,858.3289675,135.9629526
2172.665265,858.5366097,136.0553651
2172.761271,858.4507454,136.0093506
2172.632683,858.6340044,136.0553651
2172.761271,858.7341942,136.0553651
2172.397196,858.2886721,136.0553651
2172.761271,858.7341942,136.0553651
2172.615277,857.9952999,136.0553651
2172.53885,858.6985921,135.956004
2172.58338,858.6546013,135.9528913
2171.861884,858.254915,136.0100443
2172.761271,858.7341942,136.0553651
2172.592349,857.473924,135.9739023
2172.621424,858.7341942,136.0513451
2172.761271,858.7341942,136.0553651
2172.663878,858.7341942,136.0553651
2172.761271,858.7341942,136.0553651
2172.506363,858.2910374,136.0395261
2172.761271,858.6793339,136.0553651
2172.261403,858.0712049,135.9604175
2172.351512,858.7158433,135.9025875
2172.692706,858.6650825,136.0553651
2172.567612,858.7341942,135.9320262
2172.718703,858.7341942,136.0553651
2172.761271,858.7341942,136.0553651
2172.709533,858.7341942,136.0553651
2172.624897,858.7341942,136.0553651
2172.761271,858.7341942,136.0553651
2172.727528,858.5105354,136.0028621
2172.503061,858.7341942,135.9395206
2172.761271,858.7341942,136.0154253
2172.324267,858.7341942,136.0067715
2172.744334,858.5717975,136.0553651
2172.662832,858.7341942,136.0175276
2172.48747,858.7341942,136.0553651
2172.620687,858.7341942,136.0413135
2172.636963,858.7341942,136.0553651
2172.631061,858.3984961,136.0553651
2172.761271,858.3693911,136.0553651
2172.493515,858.7341942,136.0364552
2172.239216,858.3932426,135.9847726
2172.688816,858.175573,135.977636
2172.173377,858.7325432,135.6700234
2172.636781,858.7341942,136.0553651
2172.556371,858.6667895,136.0072896
2172.761271,858.6732857,136.0553651
2172.761271,858.7341942,135.9102727
2172.211371,858.7341942,136.0553651
2172.514374,858.7303342,136.0553651
2172.751493,858.0630303,136.0553651
2172.077981,858.2385806,135.9673138
2172.302956,857.9608682,136.0232057
2171.690478,858.2433341,135.949554
2172.508561,858.6905,135.9084363
2172.717675,858.7341942,135.9006482
2172.397509,858.6748409,136.0138734
2172.761271,858.7341942,136.0553651
2172.353872,858.6724424,136.0553651
2172.579925,858.7341942,136.0553651
2172.491296,858.7279514,135.9430062
2172.352542,857.8592767,136.028788
2172.681562,858.717454,136.0424302
2171.934064,857.2948996,135.8211439
2172.48905,858.5689008,135.8944409
2171.715131,858.4882133,135.9960429
2172.383577,858.5366097,136.0344819
2172.761271,858.7341942,136.0240118
2172.319183,858.5088198,136.0553651
2172.31423,858.2242144,136.0190889
2172.337696,858.5501671,135.9955105
2172.504513,858.7341942,135.9358536
2172.362167,858.7341942,136.0553651
2172.133522,858.7294663,135.9975341
2172.104239,858.5531442,135.8303635
2172.48524,858.5320205,135.8762146
2172.653514,858.7341942,136.0553651
2172.683273,858.7341942,136.0386212
2172.659645,858.7280114,136.0422601
2172.738024,858.7341942,136.0553651
2172.026601,858.7341942,136.0328838
2172.273129,858.4470995,136.0348879
2172.65626,858.3044739,136.0553651
2172.335628,858.0042829,136.0001916
2172.761271,858.7280114,136.0553651
2171.978133,858.7280114,135.9549536
2172.626861,858.6724424,135.9768353
2172.699887,858.7341942,136.0553651
2172.761271,858.7341942,136.0553651
2172.761271,858.7341942,136.0553651
2172.683835,858.7341942,136.0553651
2171.783911,858.4230343,136.0553651
2172.487924,858.470167,136.0408871
2172.679389,858.3851958,136.0553651
2172.234128,858.1109046,136.0189079
2172.41907,858.4775108,136.0329342
2172.628455,858.3585141,135.9775816
2172.705156,858.7341942,136.0014446
2172.687093,858.7341942,136.0553651
2172.761271,858.7341942,136.0553651
2172.761271,858.7247989,136.0553651
2172.492039,858.5088198,135.9335677
2172.686905,858.7277406,136.0553651
2172.416121,858.7341942,135.9715239
2172.551667,858.6634511,136.0323699
2172.546415,858.0807527,136.0480043
2172.640015,858.6782835,136.0232057
2172.668445,858.3102317,136.0259959
2172.7002,858.6914605,135.9976969
2172.761271,858.7341942,136.0553651
2172.761271,858.7341942,136.0553651
2172.26064,858.617582,136.0291126
2172.296982,858.7177431,135.956165
2172.464605,858.6609614,135.9664827
2172.535654,858.7341942,136.0364552
2172.196422,858.605924,136.0281711
2172.641909,858.1687742,135.8747221
2172.639128,858.7108141,135.9494579
2172.459328,858.7341942,135.8492369
2172.761271,858.7341942,136.0553651
2172.68439,858.6735394,136.0553651
2172.503033,858.3854305,136.0553651
2172.691301,858.5088198,135.9009475
2172.309265,857.9751209,136.0513451
2172.316897,858.7341942,135.9487439
2172.761271,858.7341942,136.0260555
2172.481317,858.4787293,136.0320081
2172.706571,858.7341942,136.0347591
2172.212709,858.6750985,136.0291459
2172.546588,858.7341942,135.9729797
2172.694923,858.7341942,136.0553651
2172.537031,858.7341942,136.0553651
2172.551264,858.7341942,136.0553651
2172.411483,858.4036725,136.0408871
2172.367309,858.4450961,136.0375955
2172.614183,858.2130597,136.0353411
2172.43646,858.7341942,135.9828059
2172.460475,858.7177369,136.0054122
2172.414384,858.0938925,135.9819278
2172.267528,858.7218529,135.9752047
2172.761271,858.7341942,136.0422601
2172.761271,858.7341942,136.0553651
2172.297634,858.6139459,135.9848316
2172.296535,857.8600852,136.034903
2172.512101,858.0501193,136.0287719
2172.551824,858.082405,135.8642852
2172.582011,858.717454,135.8831426
2172.548791,858.2317649,135.9669685
2172.361442,858.3583406,135.9112285
2172.046446,858.7341942,136.0553651
2172.761271,858.7341942,136.0326833
2172.761271,858.7341942,136.0553651
2172.761271,858.7341942,136.0553651
2172.716324,858.7341942,136.0553651
2172.707793,858.2367262,135.9941414
2172.168189,858.6557451,135.9431934
2172.247164,858.3186984,136.0553651
2172.60537,858.4836769,136.0242131
2172.330948,857.7664858,135.820147
2172.443498,858.6139459,136.0355609
2172.557544,858.7341942,136.0223648
2172.549311,858.7341942,136.0553651
2172.761271,858.7341942,136.0553651
2172.556956,858.7341942,136.0553651
2172.586514,858.7341942,136.019397
2172.648098,858.3027895,135.9872056
2172.30123,858.3423496,135.9626988
2172.761271,858.1607194,136.0011552
2172.538254,858.3832208,135.9958693
2172.544118,858.7341942,135.9918644
2172.342501,858.7341942,136.0553651
2172.761271,858.723878,135.9957211
2172.60751,858.5719335,136.0553651
2172.561661,858.7128996,135.9853105
2172.424001,858.7280114,136.0073507
2172.493839,858.5702517,135.9851407
2172.613663,858.4428668,135.8987947
2172.721454,858.7341942,135.8835855
2172.564847,858.7341942,135.9617212
2172.761271,858.3253993,136.0216938
2172.562742,858.7341942,136.0019537
2172.612832,858.3776489,136.0320081
2172.260915,858.3711953,136.0553651
2172.657244,858.7267919,136.0407742
2172.628988,858.7341942,136.0553651
2172.524681,858.1350077,136.0553651
2172.116839,858.7341942,135.8600957
2172.7247,858.3348257,136.0291477
2172.636963,857.6228781,136.0167184
2172.376912,858.3656936,135.969631
2171.959883,858.6659887,135.9254401
2172.761271,858.4183574,135.990408
2172.206894,858.7341942,135.9706234
2172.704344,858.4567571,136.0346366
2172.631238,858.5164985,135.8794067
2172.467596,858.2048629,136.0553651
2172.293017,858.555068,135.9790096
2172.702996,858.6273458,135.9685309
2172.104445,858.5088198,135.8936733
2172.298333,858.7341942,135.81508
2172.761271,858.4941644,135.9846286
2172.192534,858.2969415,135.9700658
2172.66134,858.7341942,136.0553651
2172.409713,858.4388933,135.9978845
2172.26372,858.7341942,136.0271541
2171.790736,858.7273569,136.0553651
2172.327464,858.4379119,135.9644926
2172.676836,858.2780048,136.016895
2172.279144,858.515941,136.043317
2172.496372,858.1609251,135.9187188
2171.946841,858.7341942,136.0420374
2172.679397,858.1755378,136.0553651
2172.279392,858.7341942,136.0553651
2172.326918,858.7341942,136.0259959
2172.33912,858.7341942,136.0553651
2172.533031,858.7341942,136.0117292
2172.575637,858.6289557,136.0553651
2172.638201,858.3661717,136.0553651
2172.651953,858.561689,136.0232057
2172.417917,858.0710083,135.9872056
2172.506162,858.1915569,136.0553651
2172.263872,858.0465353,136.0553651
2172.761271,858.7341942,136.0553651
2172.577785,858.5088198,136.0553651
2172.492447,858.7341942,136.0553651
2172.584655,858.6905,136.0553651
2172.384858,858.3205713,136.0271954
2172.70149,858.7341942,136.0553651
2171.989655,858.5991823,136.0553651
2172.707525,858.7341942,136.0553651
2172.655125,858.7341942,136.0383486
2172.3041,858.4929174,135.8874251
2172.536147,858.6619484,136.0446467
2172.761271,858.6875037,136.0553651
2172.699803,858.7341942,136.0553651
2172.512214,858.7341942,136.0553651
2172.402004,857.8788206,136.0391493
2172.711427,858.347892,136.0325209
2172.600657,858.7341942,136.0553651
2172.187779,858.7341942,136.0553651
2172.491612,858.7341942,136.0553651
2172.643589,858.5581191,136.0553651
2172.584249,858.7341942,135.9171631
2172.648029,858.1357295,136.0383341
2172.636892,858.6229909,136.0250997
2172.663242,858.7341942,136.0553651
2172.515163,858.447835,136.0244424
2172.392018,858.7341942,136.0349276
2171.864494,858.3147382,136.0133907
2172.681271,858.3420425,136.0553651
2172.327077,858.4549448,135.9934777
2172.315953,858.7341942,136.044006
2172.641162,858.7341942,136.0192066
2171.616912,858.7341942,135.9362958
2172.761271,857.9047458,136.0553651
2172.761271,858.7341942,136.0553651
2172.761271,858.7341942,136.0553651
2172.675542,858.7341942,136.0553651
2172.491275,858.7341942,136.0141125
2172.328092,858.5581637,136.0553651
2172.422568,858.6905,135.9313236
2172.481262,858.2425422,135.7925425
2172.715306,858.7341942,135.979359
2172.427849,858.5794699,135.9418049
2172.761271,858.2857166,136.0129995
2172.761271,858.7341942,136.0553651
2172.761271,858.7341942,136.0553651
2172.649264,858.7341942,136.0553651
2172.131111,858.6955108,136.0178151
2172.376605,858.6847461,136.0553651
2172.703241,858.7341942,136.0349276
2172.459521,858.5992506,135.9537743
2172.522026,858.7341942,135.9705005
2172.347542,858.6743158,135.8912785
2172.712035,858.7341942,136.0553651
2172.69919,858.7341942,136.0553651
2172.761271,858.7341942,136.0553651
2172.534752,858.7341942,136.0553651
2172.353561,858.4825383,136.0553651
2172.344951,858.6993542,136.0553651
2172.443807,858.3949933,136.0553651
2172.761271,858.4953604,136.0085252
2172.691301,858.7341942,136.0408871
2693.530426,1135.749443,154.3760851
2693.290023,1135.989174,154.396764
2693.813308,1135.989174,154.487
2693.876143,1135.989174,154.487
2693.876143,1135.989174,154.487
2693.876143,1135.989174,154.487
2692.862835,1135.989174,154.3995659
2691.694955,1135.968787,154.2531077
2693.422861,1135.989174,154.348732
2693.876143,1135.989174,154.487
2692.808644,1135.815172,154.3927038
2692.400943,1135.618528,154.3802719
2693.734996,1135.989174,154.4715524
2693.876143,1135.989174,154.487
2693.876143,1135.989174,154.487
2693.876143,1135.989174,154.487
2693.247029,1135.82178,154.4552666
2693.788591,1135.989174,154.487
2693.602873,1135.288435,154.487
2693.761311,1134.805354,154.4579414
2693.577307,1135.405657,154.3850712
2693.47079,1135.390258,154.352312
2693.273477,1135.989174,154.3633723
2693.876143,1135.989174,154.487
2693.83353,1135.989174,154.487
2693.876143,1135.989174,154.487
2693.77606,1135.989174,154.487
2692.873217,1135.042268,154.487
2693.818532,1135.972779,154.4392796
2693.664567,1135.722069,154.487
2692.902226,1135.761223,154.4525888
2693.768006,1135.989174,154.487
2693.860523,1135.989174,154.421807
2693.791839,1135.989174,154.487
2693.876143,1135.989174,154.487
2693.876143,1135.989174,154.487
2693.876143,1135.989174,154.487
2693.765352,1135.00056,154.487
2693.251028,1135.989174,154.1981365
2693.597965,1135.989174,154.3672195
2693.452064,1135.810928,154.4052767
2693.696577,1135.835903,154.4384501
2693.876143,1135.989174,154.4516418
2693.446868,1135.989174,154.4264659
2693.876143,1135.989174,154.4548999
2693.876143,1135.989174,154.487
2693.876143,1135.989174,154.487
2693.816546,1135.989174,154.487
2693.811138,1135.989174,154.487
2693.466993,1135.989174,154.4021343
2693.748191,1135.989174,154.369292
2693.420655,1135.222785,154.2929473
2693.876143,1135.64749,154.4238821
2693.721943,1135.989174,154.3030408
2693.876143,1135.944546,154.3464993
2693.876143,1135.989174,154.4527622
2693.876143,1135.616425,154.4355395
2693.591108,1135.891265,154.4513613
2236.466144,957.796141,99.46079535
2236.32287,957.4791328,99.49949274
2236.239128,957.4045623,99.40738311
2236.142839,957.3365494,99.44597868
2235.292694,956.3471486,99.36334235
2236.339597,957.8208018,99.49949274
2236.461265,957.657908,99.43977827
2235.934809,957.8037058,99.48835576
2235.901258,957.8208018,99.49949274
2236.476095,957.4080236,99.44565892
2235.371153,957.4304315,99.44038783
2236.342696,957.8208018,99.49949274
2235.844064,957.4904695,99.41448716
2236.015278,957.759644,99.44948617
2236.000371,957.3078384,99.392056
2236.346992,957.111278,99.34574104
2236.271076,957.8208018,99.43704476
2236.374637,956.800842,99.38972432
2236.299283,957.7480146,99.49949274
2236.321967,957.8208018,99.48976057
2235.882808,957.0493834,99.49949274
2236.348267,957.7724367,99.44864566
2236.364073,957.7208803,99.49949274
2236.098508,957.7480146,99.47869642
2235.593212,957.5309981,99.42830913
2236.332683,956.8840644,99.42308856
2236.202628,957.759007,99.49949274
2236.475252,957.8208018,99.45933142
2236.202783,957.3089175,99.46124474
2236.400026,957.4304315,99.49949274
2236.381658,956.8803383,99.49751839
2236.355251,957.8208018,99.49949274
2236.346104,957.8208018,99.47867998
2236.388257,956.6461012,99.43225969
2236.299683,957.8208018,99.44080241
2236.09941,956.7569308,99.41456317
2236.363037,957.5561726,99.47852982
2236.286762,957.6607413,99.45483424
2235.909397,957.8208018,99.45565673
2236.515586,957.8208018,99.49949274
2236.298461,957.8208018,99.49949274
2236.515586,957.8208018,99.40314876
2235.939546,957.3850115,99.42852128
2236.294757,957.8208018,99.49949274
2236.222562,957.7601371,99.47811023
2236.346625,957.6940998,99.49949274
2236.27973,957.8208018,99.40941616
2236.443449,957.6140765,99.39431277
2236.324468,957.4272317,99.47867998
2236.515586,957.8107878,99.49949274
2236.221065,957.3384172,99.47867998
2236.317064,957.5555563,99.49949274
2236.311966,957.7848551,99.47276155
2236.159418,957.8208018,99.48700281
2236.515586,957.8208018,99.49949274
2236.368801,957.8208018,99.49949274
2236.070511,957.3086206,99.49949274
2235.980918,956.9943047,99.49949274
2236.515586,957.4769105,99.46697326
2236.463439,957.8208018,99.49949274
2236.515586,957.8208018,99.49949274
2235.636067,957.7850016,99.49949274
2236.173507,957.8208018,99.46930222
2235.757755,957.2653694,99.44052595
2235.720385,957.2651289,99.49949274
2236.206141,957.8208018,99.49949274
2236.328162,957.8208018,99.47460446
2235.567451,957.7480146,99.42889299
2236.265752,957.5612894,99.44953488
2236.515586,957.415606,99.49949274
2235.914749,957.8208018,99.49949274
2236.373796,957.5241934,99.49949274
2236.42419,957.6026194,99.49949274
2235.594357,957.3758558,99.45925318
2236.423504,957.8158824,99.49949274
2236.184485,957.8208018,99.49949274
2236.404251,957.573775,99.49949274
2235.274309,957.8208018,99.40536408
2235.804847,957.1144317,99.46843066
2236.462469,957.8208018,99.47089303
2236.416724,957.8208018,99.49949274
2236.515586,957.8208018,99.49949274
2236.515586,957.8208018,99.49949274
2236.383184,957.4743188,99.49949274
2236.409437,956.9701228,99.49949274
2236.472734,957.6488927,99.45434028
2236.211025,956.9248004,99.43576948
2236.296122,957.8017708,99.49949274
2236.423066,957.4304315,99.47050924
2236.379581,956.9181811,99.4575036
2236.401827,957.4840546,99.48813366
2236.515586,957.8208018,99.49949274
2236.515586,957.8208018,99.49949274
2235.807231,956.8958531,99.43675553
2236.475092,957.184108,99.49949274
2236.257837,957.8208018,99.49949274
2235.851887,957.7291176,99.48218931
2236.10934,957.1718132,99.38350076
2236.475092,956.9909432,99.49949274
2236.394578,957.8208018,99.46262617
2236.202698,957.8208018,99.49949274
2236.515586,957.8208018,99.49949274
2235.659099,957.8208018,99.49949274
2236.515586,957.8208018,99.49949274
2236.230353,957.5279993,99.49949274
2236.389048,956.8670438,99.49949274
2236.267471,957.4110794,99.44285296
2236.223405,957.3496777,99.45370295
2236.515586,957.8208018,99.46774061
2236.404712,957.4692317,99.47867998
2236.339614,956.8751632,99.46880648
2236.515586,957.8208018,99.49949274
2236.515586,957.8208018,99.49949274
2236.515586,957.8208018,99.49949274
2236.515586,957.3078384,99.49949274
2235.653488,957.8208018,99.49949274
2236.163109,957.8208018,99.4545291
2236.286591,957.6355139,99.47118082
2236.399716,957.759644,99.49949274
2236.403915,957.5087369,99.44329677
2236.306743,957.4072547,99.45154921
2236.255625,957.8208018,99.49949274
2236.515586,957.8208018,99.49949274
2236.321587,957.8208018,99.49949274
2235.973721,957.759644,99.49949274
2236.211821,957.8208018,99.49949274
2235.746105,957.6066647,99.36499506
2235.517263,957.7701532,99.47950036
2236.515586,957.5197477,99.49453172
2236.349704,957.8208018,99.37575357
2236.515586,957.457172,99.45099072
2236.30235,957.4718916,99.48449305
2236.44358,957.8208018,99.49949274
2236.515586,957.8208018,99.49949274
2236.515586,957.7253557,99.49949274
2236.344725,957.8208018,99.4545291
2236.456487,957.7850016,99.46826692
2235.958173,956.9131505,99.45963767
2236.477686,957.7346355,99.42517444
2236.195487,957.7098273,99.42012172
2235.518897,957.3946754,99.48184972
2236.479535,957.8208018,99.47320443
2236.009798,957.8208018,99.4951392
2236.515586,957.7724367,99.43225137
2236.278254,957.8208018,99.49949274
2235.981176,957.7724367,99.49949274
2236.515586,957.8208018,99.47867998
2236.435855,957.8208018,99.38507968
2235.955961,957.8208018,99.42581824
2235.913419,957.8208018,99.49949274
2235.819762,956.8115342,99.39540035
2236.085758,957.8208018,99.46681236
2236.081918,957.8208018,99.42899281
2236.103514,957.8208018,99.49626172
2236.515586,957.8208018,99.49949274
2236.3847,957.8208018,99.43208205
2236.515586,957.8208018,99.48356316
2236.348895,957.8208018,99.47661046
2236.024456,957.8208018,99.4099238
2236.380078,957.7959569,99.43361653
2235.330744,957.766424,99.43414581
2236.357795,957.5407559,99.44752323
2236.372023,957.7942999,99.4789352
2236.352592,957.8208018,99.47231165
2236.415062,957.8208018,99.48702461
2235.91054,957.7930763,99.49949274
2235.747013,957.5700185,99.45926878
2236.458249,957.5634316,99.43534434
2235.817554,957.8208018,99.45799171
2236.161648,957.4916675,99.49949274
2235.989083,957.3701117,99.44360684
2236.115958,957.5748171,99.49949274
2235.959344,957.5279993,99.41397245
2236.400205,957.8208018,99.4266621
2236.342421,957.8208018,99.48950453
2236.4773,957.8208018,99.49949274
2236.515586,957.67428,99.48694621
2235.759995,957.8208018,99.35169281
2235.515016,957.7253557,99.42868661
2236.499743,957.416845,99.49949274
2236.110216,957.0933962,99.44460495
2236.365466,957.4921992,99.42955546
2236.168384,957.6629142,99.20484477
2236.338077,957.6675303,99.42882148
2236.515586,957.8208018,99.46163641
2236.412445,957.8208018,99.49949274
2236.263111,957.819161,99.49949274
2236.124419,956.7667802,99.49949274
2235.478298,957.8208018,99.32238913
2235.842414,957.6530885,99.39685996
2236.515586,957.8208018,99.49060303
2236.441743,957.8208018,99.29788962
2235.753613,957.1410791,99.28267719
2235.846712,957.8208018,99.31482678
2236.031875,957.8208018,99.49949274
2236.416536,957.8208018,99.48241
2236.345831,957.8208018,99.49949274
2235.997888,956.8361887,99.34338683
2235.993972,957.8208018,99.45257359
2236.321316,957.5317826,99.46261863
2235.858004,957.8208018,99.47118082
2236.515586,957.6014231,99.48950453
2235.666665,957.8208018,99.47927386
2235.468761,957.530549,99.41408814
2236.199095,957.5279993,99.42354717
2236.332078,957.2836558,99.49289057
2236.235842,957.8208018,99.44243568
2236.028593,957.8208018,99.49949274
2235.449532,957.28854,99.44529088
2236.168265,957.8208018,99.48767846
2236.431355,957.3543341,99.46242801
2235.966406,957.8208018,99.49949274
2236.437541,957.8208018,99.46818837
2235.75026,957.5796736,99.42585638
2236.274305,957.5634316,99.44856752
2236.2842,957.4951947,99.49949274
2236.418462,957.8208018,99.49949274
2236.515586,957.6849697,99.49949274
2236.407848,957.8208018,99.49949274
2236.219696,957.8208018,99.49949274
2236.157702,957.8208018,99.44742337
2235.981579,957.6743341,99.49949274
2235.668145,957.4962382,99.43706934
2236.406936,957.8208018,99.46820836
2236.194577,957.3714077,99.49949274
2235.962496,957.8208018,99.47338271
2236.515586,957.8208018,99.49949274
2236.515586,957.8208018,99.49949274
2236.515586,957.8208018,99.49949274
2236.428478,957.8208018,99.49949274
2236.073942,957.8208018,99.49949274
2236.50099,957.8208018,99.49949274
2235.943641,957.7743036,99.47715142
2236.08103,957.8208018,99.49949274
2236.515586,957.5080517,99.49949274
2236.330631,957.8208018,99.47231165
2236.48138,957.8208018,99.47834742
2236.205358,957.8208018,99.49949274
2236.515586,957.8208018,99.49949274
2236.515586,957.8208018,99.49949274
2235.918044,957.7715486,99.49949274
2236.31445,957.8208018,99.49949274
2236.38479,957.2734158,99.49949274
2235.619231,957.5156988,99.42801846
2236.515586,957.8208018,99.49949274
2236.033018,957.8208018,99.46820836
2236.515586,957.4627987,99.49949274
2236.291551,957.8208018,99.49949274
2236.515586,957.8208018,99.49949274
2236.068752,957.8208018,99.49949274
2236.190383,957.8208018,99.49949274
2235.833963,957.8166188,99.46314964
2236.376558,956.932564,99.49949274
2236.225967,957.8208018,99.49949274
2236.515586,957.8171374,99.49949274
2235.310857,957.8208018,99.49949274
2236.26331,957.5259803,99.49949274
2236.387721,957.8208018,99.49949274
2236.373789,957.8208018,99.47587625
2236.515586,957.8208018,99.49949274
2235.015361,957.8208018,99.46810618
2236.515586,957.8208018,99.49949274
2236.15703,957.8208018,99.46288584
2236.208739,957.8208018,99.49949274
2236.289435,957.371731,99.43522507
2236.139323,957.4434994,99.49949274
2236.515586,957.8208018,99.48695144
2236.515586,957.4710561,99.49949274
2236.515586,957.8208018,99.49949274
2236.431355,957.5217476,99.49949274
2236.26474,957.6619686,99.49949274
2236.515586,957.8208018,99.49949274
2236.450706,957.8141576,99.43231129
2236.179097,957.4010567,99.44473766
2236.444625,957.4197817,99.4329962
2236.388094,957.3339869,99.47278399
2236.244996,957.4692317,99.44308929
2236.385009,956.6145596,99.48254146
2236.515586,957.8208018,99.49949274
2236.515586,957.8208018,99.44886885
2236.054003,957.5078751,99.46076578
2236.04593,957.7953712,99.47867998
2235.94121,957.643803,99.39086156
2236.234583,957.6046796,99.48641875
2236.515586,957.7143678,99.43097274
2236.137004,957.5888589,99.4749515
2235.815739,957.8208018,99.45411684
2236.055421,957.1870084,99.47434579
2236.343106,957.8208018,99.49949274
2236.515586,957.8208018,99.49949274
2235.721623,957.3866855,99.4248967
2236.096386,956.6603149,99.40232374
2236.138448,957.3251989,99.38012407
2235.849518,956.0807653,99.4841759
2236.515586,957.8208018,99.44510871
2236.057879,956.3627713,99.25768067
2236.237403,956.8738705,99.48721316
2235.953526,957.8208018,99.30665502
2235.892483,957.8208018,99.45069539
2236.242349,957.8208018,99.4593666
2236.37673,957.8208018,99.49949274
2236.326126,957.296905,99.48036666
2235.797954,956.7956942,99.43242291
2235.88727,956.3790526,99.40224181
2236.413186,957.5309296,99.48997714
2236.393968,957.8208018,99.48142054
2235.798853,957.7795329,99.45758143
2235.120284,957.7805619,99.42475845
2235.812933,957.8208018,99.49949274
2236.463337,957.8208018,99.48142054
2236.336412,957.8208018,99.47826058
2236.448021,957.8208018,99.45621278
2235.749339,957.8203334,99.47491009
2235.929243,957.8208018,99.40744093
2236.494364,957.5183965,99.48142054
2235.271226,957.3478507,99.48182224
2236.477104,957.8208018,99.49949274
2235.114782,956.6249818,99.38624763
2235.870025,957.8208018,99.45926878
2235.917077,957.2671387,99.44001422
2236.263988,957.8208018,99.40196847
2236.426207,957.4691238,99.49949274
2235.709428,957.3362756,99.37019219
2235.517169,956.8775666,99.38055076
2236.375274,957.8208018,99.47867998
2236.31932,956.7723122,99.43346022
2236.170495,957.8208018,99.49949274
2236.153801,956.7459792,99.42894754
2235.807105,957.2085538,99.49499541
2236.385457,957.2782029,99.43130999
2236.241867,957.6629142,99.38997785
2236.515586,957.8208018,99.45319937
2236.412605,957.6119768,99.47583484
2234.93703,956.7501116,99.28738582
2236.065269,957.2608324,99.48686533
2236.199564,957.4882211,99.29027945
2236.099832,957.7864211,99.46176418
2235.705953,957.6629142,99.49208537
2236.051502,957.7697395,99.48142054
2236.258703,957.3995323,99.47079572
2235.922465,957.3927119,99.47656635
2236.48374,957.8208018,99.45949316
2236.362126,957.8203334,99.49949274
2236.407586,957.1964165,99.47811657
2236.038164,957.3038624,99.47482698
2236.159797,957.7158976,99.3894469
2236.118443,957.3919457,99.44056889
2235.853994,957.4794358,99.4993201
2235.966055,957.7992596,99.4258359
2236.372175,957.8208018,99.44499137
2235.682134,957.7533716,99.34468431
2236.177479,957.8208018,99.45011076
2235.519721,957.6164363,99.44750452
2236.035319,957.8208018,99.46042651
2236.418259,957.2567021,99.45493271
2235.905989,957.8208018,99.37523166
2235.981808,957.4729488,99.49949274
2236.310431,957.3295837,99.42353663
2235.489986,957.8107878,99.44646777
2236.206684,957.2486846,99.49949274
2235.990764,957.8200374,99.47628175
2235.84412,957.8208018,99.49949274
2236.515586,957.8208018,99.49949274
2236.206094,957.8208018,99.48467833
2235.930084,957.8208018,99.39984873
2236.257822,957.3946754,99.45116754
2236.202223,957.6303441,99.4744742
2236.328094,957.7017075,99.43097172
2235.849324,957.477631,99.47310603
2236.291687,957.8208018,99.43903152
2236.024277,957.7836416,99.41961558
2236.515586,957.8208018,99.47719989
2236.186558,957.8208018,99.49949274
2236.174238,957.7836416,99.49949274
2236.213459,957.8208018,99.48573877
2235.306291,956.8338303,99.34080961
2236.515586,957.8208018,99.49949274
2236.328841,957.3707363,99.43059227
2236.224756,957.3378114,99.36355902
2236.515586,957.650269,99.49949274
2236.213386,957.7856599,99.43749741
2236.173491,957.8208018,99.4898599
2236.515586,957.8208018,99.49949274
2236.332481,957.8208018,99.49949274
2236.515586,957.8208018,99.49949274
2236.184057,957.3570322,99.49949274
2236.267063,957.8208018,99.43820786
2236.130315,957.7234427,99.47512808
2235.681826,957.5156784,99.39828068
2236.000915,957.8208018,99.49949274
2236.091958,956.6210968,99.38033439
2236.150011,957.3425295,99.48390884
2236.433542,957.8208018,99.49949274
2236.515586,957.8208018,99.49949274
2236.515586,957.8208018,99.49949274
2236.515586,957.8208018,99.49949274
2236.337032,957.8174649,99.49949274
2236.008735,957.5270367,99.48445264
2236.515586,957.8208018,99.48750434
2236.008763,957.3422456,99.49949274
2235.987042,957.0687007,99.49263738
2235.651645,957.8208018,99.49949274
2236.299901,957.8208018,99.39719417
2236.515586,957.8208018,99.49949274
2236.515586,957.8208018,99.49949274
2236.515586,957.67428,99.49949274
2236.345435,957.8208018,99.49949274
2235.393961,957.8208018,99.49949274
2236.35937,957.5662613,99.45848914
2236.41677,957.7994131,99.49949274
2236.429848,957.8208018,99.4636831
2236.44915,957.1528662,99.49949274
2236.36412,957.8208018,99.39524847
2236.515586,957.8208018,99.49949274
2236.515586,957.8208018,99.49949274
2236.515586,957.8208018,99.49949274
2236.404959,957.8208018,99.49949274
2235.978617,957.7272476,99.45943095
2235.884035,956.7351506,99.48798927
2236.243917,957.2691073,99.49949274
2236.250089,957.0137807,99.40883995
2236.206166,957.7895124,99.45817806
2235.461522,957.2938138,99.40001316
2236.343429,957.8208018,99.4317525
2236.515586,957.8208018,99.49949274
2236.515586,957.8208018,99.49949274
2236.515586,957.8208018,99.49949274
2235.803726,957.7433374,99.49513876
2235.650155,957.3600163,99.4556837
2236.38517,957.5343311,99.49949274
2236.449373,957.4410346,99.42348288
2236.280587,957.6295393,99.44318278
2236.114133,957.5270367,99.426072
2236.128445,957.8005126,99.46944037
2236.383472,957.8208018,99.49949274
2236.515586,957.7514912,99.49949274
2236.428478,957.8208018,99.49949274
2236.515586,957.8208018,99.48630784
2236.048789,957.4115721,99.45784825
2236.361023,957.6552088,99.49949274
2235.65801,957.2896369,99.36157554
2235.591194,957.8208018,99.49949274
2236.120919,957.8208018,99.42611849
2235.547934,956.8889382,99.35118797
2236.111063,957.5517029,99.43722058
2236.465324,957.8208018,99.47858155
2236.279597,957.8208018,99.49949274
2236.36517,957.3775167,99.42566573
2236.138946,957.8208018,99.41969013
2236.050968,957.7017075,99.34099002
2236.165667,957.530549,99.45682788
2235.78506,957.8136417,99.41247479
2235.75416,957.6298864,99.44339141
2235.748524,957.8208018,99.45323819
2803.489591,1239.174262,132.2659462
2803.254382,1239.174262,132.2394436
2803.685881,1239.174262,132.3012431
2803.380946,1238.45548,132.1740439
2803.145432,1238.783796,132.0775275
2803.590174,1239.174262,132.253299
2803.471189,1238.143517,131.9050565
2803.473144,1238.268611,132.16261
2803.656433,1238.35657,132.1732063
2802.168785,1238.700114,131.941023
2801.46752,1239.174262,132.3012431
2803.201907,1239.174262,132.1787719
2803.753396,1239.174262,132.2508313
2803.866707,1238.696341,132.2995915
2803.810106,1238.042995,132.2212809
2803.658677,1239.174262,132.1363727
2803.318659,1239.07201,132.1871138
2803.133625,1239.169779,132.2438578
2803.029364,1236.919737,132.182819
2802.802663,1236.288003,132.1252509
2803.736664,1238.697327,132.0661475
2803.780841,1239.15996,132.2108235
2803.937315,1238.421774,132.2539369
2803.402387,1239.174262,132.2825616
2800.688732,1237.981806,132.1049891
2803.555085,1239.141464,132.2171142
2803.224446,1237.082536,132.1838459
2803.851543,1239.174262,132.1156757
2803.150624,1238.00622,132.2202179
2802.886341,1238.279407,132.1342951
2803.014897,1239.174262,132.213626
2803.034647,1238.528837,132.0805409
2803.615984,1239.174262,132.3012431
2803.755838,1239.174262,132.2995915
2803.44388,1239.129268,132.1458008
2803.55531,1238.949736,132.3012431
2801.814623,1238.499985,132.2137301
2803.270821,1238.706867,132.0086455
2803.119726,1239.117752,132.2081209
2802.4912,1238.585807,131.9788074
2803.014614,1238.376802,131.9778805
2803.012433,1238.648255,132.1243591
2803.070094,1238.428088,132.1441869
2802.3278,1239.174262,132.242811
2803.180142,1239.174262,132.3012431
2803.712106,1239.174262,132.2703495
2803.777492,1238.476157,132.2350426
2802.959402,1238.354364,132.178112
2803.446631,1239.008467,132.2208105
2802.99499,1239.174262,132.286608
2803.301113,1238.709074,132.206178
2802.948799,1238.741752,132.2421731
2803.637254,1238.649256,132.2995915
2802.409,1239.174262,132.3012431
2803.937315,1239.174262,132.3012431
2803.937315,1239.076011,132.3012431
2803.764649,1238.815353,132.3012431
2803.810406,1238.65046,132.2826107
2221.745444,1052.561402,127.6271321
2221.127072,1052.914515,127.5683412
2221.910856,1052.855308,127.4005833
2221.348469,1053.066316,127.6271321
2221.659399,1053.464161,127.6271321
2221.85649,1053.464161,127.6271321
2221.910856,1053.464161,127.6271321
2221.910856,1053.464161,127.6271321
2221.910856,1053.464161,127.6271321
2221.614488,1053.464161,127.6271321
2221.848582,1052.724791,127.6271321
2221.420799,1053.062243,127.6271321
2221.910856,1053.464161,127.6271321
2221.452174,1053.156977,127.6271321
2221.910856,1052.8891,127.6271321
2221.910856,1053.162575,127.6271321
2221.910856,1053.464161,127.6271321
2221.910856,1053.464161,127.6271321
2221.910856,1053.464161,127.6271321
2221.910856,1053.464161,127.6271321
2221.910856,1053.464161,127.6271321
2221.514041,1053.265966,127.6271321
2221.910856,1053.464161,127.6271321
2220.990771,1053.415253,127.6271321
2221.822883,1053.464161,127.6271321
2221.910856,1053.464161,127.6271321
2221.910856,1053.464161,127.6271321
2221.910856,1053.464161,127.6271321
2221.910856,1053.464161,127.6271321
2221.910856,1053.464161,127.6271321
2221.910856,1052.953134,127.6271321
2221.505885,1053.462022,127.6271321
2221.910856,1053.464161,127.6271321
2221.250518,1052.926555,127.6271321
2221.679813,1053.464161,127.6271321
2221.910856,1053.464161,127.6271321
2221.631353,1053.464161,127.6271321
2221.910856,1053.464161,127.6271321
2221.910856,1053.464161,127.6271321
2221.778858,1053.464161,127.6271321
2221.910856,1053.464161,127.6271321
2221.910856,1053.464161,127.6271321
2221.548852,1053.463397,127.6271321
2221.822801,1053.464161,127.6271321
2221.910856,1053.20658,127.5992052
2221.548859,1053.165812,127.6271321
2221.731053,1053.464161,127.6271321
2221.910856,1053.464161,127.6271321
2221.910856,1053.464161,127.6271321
2221.910856,1053.464161,127.6271321
2221.83049,1053.228496,127.6271321
2221.684026,1053.464161,127.5768337
2221.612223,1053.464161,127.6271321
2221.717936,1053.464161,127.6271321
2221.651736,1053.439424,127.5863049
2221.040657,1052.861331,127.5500383
2221.345912,1053.464161,127.5873741
2221.80682,1053.464161,127.6271321
2221.910856,1053.464161,127.6271321
2221.807162,1053.464161,127.6271321
2221.560849,1053.459678,127.6271321
2221.650552,1053.003605,127.593486
2219.860238,1053.464161,127.5923396
2221.876153,1053.464161,127.6271321
2221.1269,1053.16596,127.6271321
2221.603741,1052.988828,127.5598354
2221.192512,1052.285874,127.5454573
2221.666623,1053.204884,127.6061436
2221.403787,1053.464161,127.6271321
2221.616426,1053.464161,127.6271321
2221.791355,1053.464161,127.6271321
2221.536398,1053.090133,127.6271321
2221.314134,1053.464161,127.5800715
2221.10117,1053.464161,127.5654467
2221.910856,1053.464161,127.5387447
2221.683891,1053.464161,127.5393798
2220.656396,1052.237952,127.4591245
2221.727964,1053.008801,127.6132676
2221.768761,1053.275957,127.5188374
2221.816347,1053.464161,127.4947694
2221.910856,1053.046314,127.6271321
2221.453959,1052.548146,127.584408
2221.612073,1053.444783,127.5114386
2221.002884,1053.162983,127.6085173
2220.975796,1052.745573,127.5151057
2221.910856,1052.870616,127.6271321
2220.672557,1053.217029,127.408449
2220.70559,1053.162983,127.3376533
2221.197457,1053.01039,127.3034129
2221.640792,1053.464161,127.6271321
2221.910856,1053.464161,127.6271321
2221.859054,1053.464161,127.5953712
2221.739431,1053.411487,127.6084122
2221.797974,1053.15441,127.4376706
2221.848759,1052.523636,127.4946238
2220.971091,1052.938026,127.2729826
2221.910856,1053.464161,127.4350442
2221.025801,1052.804376,127.5127259
2221.783678,1053.141314,127.357054
2221.846145,1053.408524,127.4141008
2221.85138,1053.379812,127.5918451
2221.514606,1053.41449,127.5298194
2221.807067,1053.436739,127.586956
2220.609911,1053.464161,127.5549878
2220.795964,1053.117676,127.3821951
2221.226872,1053.073025,127.4691271
2221.417707,1053.206348,127.4241195
2221.751501,1053.051326,127.4078941
2221.260949,1052.902885,127.5149551
2221.200101,1053.464161,127.541148
2221.665768,1053.449107,127.5770334
2221.579409,1052.602846,127.577291
2221.223929,1053.026958,127.601987
2221.802337,1053.464161,127.5924925
2221.372524,1052.888785,127.4797835
2221.820892,1052.646138,127.3551248
2221.498408,1052.413117,127.3906808
2221.046033,1052.463075,127.3416082
2221.575201,1052.980917,127.5602485
2221.640261,1053.464161,127.6271321
2221.737666,1053.464161,127.4895897
2221.417952,1053.33772,127.5701576
2221.349204,1053.464161,127.620198
2221.43202,1052.881047,127.3641147
2221.759852,1053.225088,127.6047549
2221.48714,1051.949487,127.524917
2221.513167,1052.859827,127.6271321
2221.138841,1052.769481,127.5956818
2220.824071,1052.158651,127.3664804
2221.812241,1053.464161,127.5840477
2221.765323,1053.464161,127.585039
2221.669667,1053.464161,127.5812745
2221.910856,1053.464161,127.6271321
2221.429611,1053.429007,127.5619705
2221.757464,1052.801778,127.5012545
2221.543452,1053.352791,127.6165035
2221.638755,1053.464161,127.0839409
2221.615925,1053.052165,127.4645643
2221.592433,1052.805164,127.5365139
2221.314708,1052.775678,127.3261305
2221.44884,1053.464161,127.5476673
2221.769905,1053.464161,127.5094475
2221.514163,1053.440157,127.5893959
2221.794391,1053.464161,127.4712751
2221.540749,1053.408226,127.5345029
2221.747907,1053.265364,127.6271321
2221.726519,1053.423782,127.4961813
2221.833262,1052.89148,127.5291098
2221.667858,1052.795992,127.6271321
2220.744965,1053.035065,127.4507175
2220.95126,1053.035065,127.4369367
2221.866836,1053.464161,127.4583627
2221.554806,1053.464161,127.6271321
2221.433895,1053.419613,127.6001641
2221.005311,1053.282085,127.6110049
2221.396015,1050.918086,127.6271321
2221.365617,1053.464161,127.4867934
2221.910856,1053.158484,127.6269594
2221.584427,1052.549749,127.608728
2221.227023,1053.02745,127.4671356
2221.295454,1052.755195,127.4022095
2221.859217,1053.449859,127.5448082
2221.820233,1053.464161,127.6271321
2221.910856,1053.464161,127.6271321
2219.735714,1053.464161,127.6169444
2221.18955,1052.675599,127.617826
2221.701391,1052.94813,127.6231349
2221.279613,1053.42192,127.561882
2221.831049,1053.444599,127.6271321
2221.794276,1053.464161,127.5375936
2221.438805,1053.090133,127.6271321
2221.598843,1052.719889,127.6041146
2221.613217,1053.464161,127.6271321
2221.910856,1053.464161,127.6271321
2221.910856,1053.464161,127.6271321
2221.814664,1053.128471,127.6271321
2221.866836,1053.014247,127.584107
2221.691235,1052.574919,127.6271321
2220.673498,1052.672111,127.5746427
2221.813151,1053.38856,127.6005362
2221.617316,1052.804177,127.5519822
2221.529749,1053.423093,127.5809562
2221.580638,1053.464161,127.6271321
2221.910856,1053.464161,127.6271321
2221.910856,1053.464161,127.6271321
2221.910856,1053.464161,127.6271321
2221.561222,1052.807039,127.6271321
2221.69036,1053.464161,127.6271321
2221.796777,1053.464161,127.5848994
2221.311848,1053.169396,127.601555
2220.419904,1053.128059,127.4458073
2221.598133,1052.991181,127.5056441
2221.716333,1053.226385,127.6001641
2221.910856,1053.464161,127.6001641
2221.910856,1053.464161,127.6271321
2221.710505,1053.464161,127.6271321
2221.572726,1053.440157,127.6271321
2221.910856,1052.670766,127.604162
2221.777181,1053.054055,127.5886046
2221.225658,1052.531343,127.5768337
2221.797598,1053.464161,127.4722987
2221.571446,1053.102907,127.5401348
2221.633637,1053.464161,127.6271321
2221.834323,1053.464161,127.6271321
2221.910856,1053.464161,127.6271321
2221.910856,1053.464161,127.6271321
2221.910856,1053.240366,127.6271321
2221.910856,1053.464161,127.6271321
2221.758082,1053.33097,127.5546674
2221.248719,1053.384761,127.6271321
2221.500719,1052.681173,127.6271321
2221.818575,1052.465279,127.6271321
2221.810388,1052.56305,127.6067516
2221.910856,1053.464161,127.621821
2221.910856,1053.088317,127.6271321
2221.910856,1053.464161,127.6271321
2221.870743,1053.464161,127.6271321
2221.587407,1052.801597,127.6271321
2221.883514,1053.151872,127.6271321
2221.910856,1053.464161,127.5503176
2221.373204,1053.225088,127.6271321
2220.718626,1053.464161,127.5483541
2221.61602,1053.464161,127.581907
2221.337934,1053.363175,127.6027872
2221.910856,1053.405836,127.6271321
2221.910856,1053.464161,127.6271321
2221.910856,1053.464161,127.6271321
2221.910856,1053.464161,127.6271321
2221.910856,1053.373184,127.6271321
2221.910856,1053.464161,127.6251196
2221.832938,1053.153844,127.6144327
2221.180331,1053.464161,127.519274
2221.415349,1053.439074,127.5510961
2221.782998,1053.085328,127.6271321
2221.782987,1052.901111,127.6271321
2221.69564,1053.464161,127.6271321
2221.910856,1053.462029,127.6271321
2221.910856,1053.438992,127.6271321
2221.162149,1053.342885,127.6165035
2221.802925,1053.464161,127.6271321
2221.580682,1053.039696,127.6271321
2221.703723,1053.464161,127.6271321
2221.680847,1052.049055,127.6271321
2221.111727,1053.169545,127.5881451
2221.751402,1053.464161,127.6271321
2221.04692,1053.464161,127.5466329
2221.78928,1053.464161,127.6271321
2221.749521,1053.464161,127.6271321
2221.320381,1052.67618,127.6271321
2221.508347,1053.464161,127.6150147
2221.832987,1052.762338,127.5949772
2221.214909,1052.958169,127.5945794
2221.61531,1053.464161,127.6271321
2221.130234,1053.458593,127.6166861
2221.790447,1053.458593,127.5305324
2221.606392,1053.464161,127.6271321
2221.788999,1053.42653,127.6271321
2221.890679,1053.464161,127.6271321
2221.730371,1053.464161,127.5927679
2221.364242,1053.464161,127.5791879
2221.513561,1053.464161,127.6234051
2221.305929,1053.418816,127.5449055
2221.490881,1053.464161,127.5704237
2221.700541,1052.994092,127.5741251
2221.018349,1053.14302,127.6022998
2221.761494,1053.015503,127.5108055
2221.219698,1053.464161,127.5663983
2221.816128,1053.124888,127.588913
2221.486648,1053.464161,127.6271321
2221.578386,1053.464161,127.5929187
2221.675444,1053.098023,127.6271321
2221.551375,1053.450836,127.6170404
2221.910856,1052.03346,127.6013723
2221.474597,1052.879319,127.4745838
2221.696044,1053.002144,127.6271321
2221.243811,1053.464161,127.603164
2221.30993,1053.464161,127.5180755
2221.694827,1053.287958,127.5575101
2221.713143,1053.464161,127.6271321
2221.621881,1053.464161,127.5433647
2221.863214,1053.464161,127.5899962
2221.059597,1053.275957,127.5164634
2221.343587,1053.464161,127.4535401
2221.130735,1053.455202,127.4885252
2221.583082,1053.32512,127.5396853
2221.338898,1053.06918,127.5517732
2221.490241,1052.950985,127.427092
2221.619296,1052.889098,127.5394495
2221.812668,1052.66051,127.6271321
2221.549726,1053.345481,127.6271321
2221.8403,1053.464161,127.5985385
2221.839134,1053.458593,127.6002119
2221.774653,1053.464161,127.6028056
2221.083877,1053.266133,127.4542609
2221.648035,1052.424035,127.5976194
2220.830342,1052.805178,127.5392291
2221.48578,1053.464161,127.5857026
2221.910856,1053.464161,127.5673917
2221.799184,1053.265592,127.5629031
2221.866836,1053.464161,127.6271321
2221.151743,1053.464161,127.5034914
2221.1302,1053.464161,127.5880338
2221.910856,1053.464161,127.6271321
2221.593545,1052.976089,127.5198459
2221.790497,1053.102907,127.5114188
2221.312944,1053.464161,127.5946871
2221.44932,1052.208467,127.4484766
2221.728752,1053.464161,127.6140945
2221.910856,1053.464161,127.5522555
2221.910856,1053.458593,127.6271321
2221.520018,1053.311063,127.5866863
2221.119965,1052.665547,127.5725803
2221.910856,1053.464161,127.5293108
2221.910856,1053.454535,127.5635552
2221.432203,1052.635553,127.4874939
2221.317477,1052.492277,127.5212564
2221.444203,1053.140733,127.5622343
2221.791418,1053.464161,127.6271321
2221.467773,1053.464161,127.4696286
2221.910856,1053.464161,127.6271321
2221.910856,1053.464161,127.6271321
2221.706245,1053.464161,127.6271321
2221.521184,1053.464161,127.6077168
2221.694263,1053.38801,127.5746427
2221.813333,1052.252997,127.6271321
2221.051152,1053.431183,127.5283533
2221.807703,1052.656628,127.5372735
2221.783456,1053.464161,127.5968112
2221.737337,1053.424842,127.6271321
2221.174139,1053.464161,127.6271321
2221.910856,1053.464161,127.6271321
2221.617095,1053.423463,127.5577299
2220.317301,1053.441466,127.5705167
2221.812305,1052.953134,127.5694884
2221.088117,1052.941249,127.474216
2221.846121,1053.464161,127.5421281
2221.7688,1053.144748,127.6271321
2221.548818,1053.464161,127.5155056
2221.632683,1053.464161,127.5250087
2221.910856,1053.464161,127.5558103
2221.545828,1053.464161,127.593486
2221.310771,1053.464161,127.6271321
2221.794877,1053.464161,127.6001641
2221.29756,1053.304805,127.4910881
2221.240476,1053.211521,127.4749858
2221.449022,1052.118061,127.6271321
2221.759731,1053.106318,127.5561302
2221.716859,1053.464161,127.4809338
2221.49837,1053.464161,127.4457075
2221.544025,1053.464161,127.5306148
2221.901966,1053.464161,127.6271321
2221.795912,1053.464161,127.6271321
2221.191906,1053.464161,127.6271321
2220.923551,1053.207443,127.5844493
2221.04714,1053.418409,127.5673732
2221.652294,1053.29761,127.4071303
2221.65896,1053.43763,127.4954523
2221.675715,1053.464161,127.5009041
2221.560314,1053.464161,127.5882218
2221.698035,1053.464161,127.6271321
2221.656106,1053.464161,127.6271321
2221.668893,1053.424921,127.6271321
2221.133245,1053.464161,127.6179718
2221.786106,1053.464161,127.6271321
2221.757557,1053.464161,127.6271321
2221.168743,1053.464161,127.3763503
2221.325123,1053.464161,127.4523533
2221.756559,1053.438992,127.5684785
2220.881036,1052.566244,127.3413853
2221.910856,1053.287958,127.5897475
2221.910856,1053.464161,127.6271321
2221.910856,1053.464161,127.6271321
2221.910856,1053.464161,127.6271321
2221.833863,1053.009155,127.6271321
2221.820453,1053.410338,127.588913
2221.841189,1052.690348,127.589712
2220.302081,1053.269543,127.563343
2221.610781,1052.847666,127.54998
2221.396401,1051.865508,127.5745371
2221.281317,1052.101116,127.6271321
2221.910856,1053.464161,127.6271321
2221.910856,1053.464161,127.5717913
2221.910856,1053.463314,127.6271321
2221.33801,1053.433425,127.5304875
2221.762789,1053.444131,127.5736258
2221.769116,1052.936782,127.6271321
2221.814267,1052.635437,127.5597379
2221.910856,1052.870763,127.5114324
2221.280404,1053.114288,127.408908
2221.321895,1053.464161,127.5398283
2221.519241,1052.24172,127.5860264
2221.910856,1053.464161,127.6271321
2221.910856,1053.464161,127.6271321
2221.807368,1053.464161,127.6271321
2221.524708,1053.419573,127.6123588
2221.494737,1053.464161,127.5233951
2221.529066,1053.270466,127.5658188
2221.659834,1053.394087,127.6271321
2221.564791,1053.222097,127.6012874
2221.687348,1052.355587,127.4001002
2221.652212,1053.464161,127.5002843
2221.814267,1053.463314,127.5254736
2221.910856,1053.464161,127.6271321
2221.75891,1053.464161,127.5777703
2221.825356,1053.236065,127.5728843
2220.866625,1052.184842,127.493845
2221.706385,1051.918677,127.4462286
2221.617066,1053.108571,127.6091343
2221.753312,1052.727979,127.6271321
2221.693879,1053.143493,127.6245582
2221.177208,1053.461833,127.5968664
2221.273583,1053.114272,127.5887214
2219.98686,1053.464161,127.5963546
2221.783511,1053.464161,127.6271321
2221.820518,1053.105511,127.5719227
2221.611735,1053.029683,127.5811948
2221.503037,1053.030617,127.6271321
2221.646466,1053.24756,127.4383533
2220.978439,1052.679293,127.5161616
2221.646712,1053.464161,127.4957433
2221.567035,1053.070032,127.5816795
2221.379779,1053.059462,127.4937614
2221.468423,1053.059462,127.582048
2221.747638,1053.464161,127.5288858
2221.696561,1053.412493,127.6271321
2221.059143,1053.464161,127.6271321
2221.439056,1053.338057,127.4910934
2221.664984,1053.464161,127.5689144
2220.684597,1052.954825,127.4962804
2221.148586,1052.819875,127.5719786
2221.010795,1053.381089,127.3868317
2221.388608,1053.464161,127.5765258
2221.54813,1052.791557,127.5646444
2221.301298,1052.727053,127.5506206
2221.6721,1053.464161,127.6174898
2221.489053,1052.867057,127.5745866
2221.803982,1053.15766,127.4978596
2221.60695,1053.08166,127.5481558
2220.665656,1052.977119,127.6166911
2221.135112,1053.071563,127.5369188
2221.761222,1052.79048,127.4417267
2220.924227,1053.15338,127.5618241
2221.910856,1053.464161,127.6117528
2221.438168,1053.192974,127.6133359
2221.780555,1053.464161,127.6019352
2221.824037,1053.3025,127.5482212
2221.240882,1053.126571,127.5736199
2221.616237,1053.464161,127.6271321
2221.753074,1052.709003,127.5994071
2221.568852,1053.464161,127.6271321
2221.368294,1053.061805,127.6193553
2221.430559,1052.864457,127.3448845
2221.384918,1053.317652,127.6271321
2221.73134,1053.464161,127.6271321
2763.108965,1320.88718,147.5713955
2763.041276,1321.285686,147.5713955
2763.001938,1321.285686,147.5713955
2763.279295,1321.285686,147.5713955
2762.92038,1320.598564,147.4807309
2762.977656,1321.128838,147.5713955
2763.46954,1321.285686,147.5713955
2762.901866,1321.215066,147.5713955
2763.305353,1320.997859,147.5713955
2763.50332,1320.931114,147.5619317
2763.43693,1321.285686,147.5713955
2763.50332,1321.285686,147.5713955
2763.224476,1321.285686,147.552539
2763.231298,1321.285686,147.5713955
2763.230397,1320.819502,147.5713955
2762.477238,1320.441413,147.5492801
2763.08382,1321.285686,147.5713955
2762.011707,1320.626444,147.5713955
2763.152485,1321.285686,147.5713955
2763.40632,1321.027939,147.5208321
2763.422437,1320.406268,147.5713955
2763.375493,1321.285686,147.5713955
2763.238609,1321.285686,147.5713955
2763.132346,1320.915885,147.5713955
2763.124281,1320.671444,147.5713955
2762.889061,1321.285686,147.5266529
2763.078855,1321.285686,147.5713955
2762.552934,1321.285686,147.5713955
2763.07213,1321.227865,147.5713955
2763.178348,1321.285686,147.5713955
2763.041621,1321.285686,147.5713955
2763.024018,1321.226874,147.5713955
2763.50332,1321.285686,147.5713955
2763.50332,1321.285686,147.5713955
2763.151756,1320.965533,147.5713955
2763.224303,1320.835618,147.5713955
2761.784889,1321.275487,147.5713955
2762.931671,1321.285686,147.4566434
2763.472101,1320.862517,147.5456545
2763.37156,1320.737848,147.5284344
2762.444403,1321.271992,147.4364327
2763.364958,1321.263854,147.5436576
2763.50332,1321.285686,147.5713955
2763.50332,1321.285686,147.5713955
2763.312148,1321.285686,147.5713955
2762.778943,1320.847041,147.5713955
2763.302682,1320.542884,147.5713955
2763.15769,1321.01975,147.5713955
2762.748209,1320.341298,147.490104
2761.496791,1320.725556,147.5713955
2763.413931,1321.285686,147.5713955
2763.50332,1321.256838,147.5322174
2763.50332,1321.285686,147.5713955
2763.50332,1321.285686,147.5713955
2763.50332,1321.285686,147.5352487
2763.50332,1321.224395,147.5713955
2762.575246,1321.091189,147.491992
2763.150159,1320.246513,147.4660278
2202.909588,1072.394075,139.8595251
2201.975346,1072.017648,139.8595251
2202.578071,1072.393228,139.7312209
2202.83953,1072.394075,139.8247311
2202.471923,1072.394075,139.8595251
2202.909588,1072.394075,139.8595251
2202.697931,1072.394075,139.8595251
2202.724322,1072.389796,139.8595251
2202.681541,1072.075525,139.7849868
2202.886006,1072.166261,139.8519334
2202.732024,1072.393228,139.8411927
2202.22367,1071.870031,139.70641
2202.909588,1072.350605,139.8595251
2202.746693,1072.31517,139.8492462
2202.909588,1071.946154,139.8595251
2202.909588,1072.394075,139.8595251
2202.680538,1072.394075,139.8595251
2202.708328,1072.394075,139.8054369
2202.21492,1072.032541,139.8595251
2202.614035,1071.609027,139.8595251
2202.705734,1072.394075,139.8595251
2202.206264,1072.394075,139.6827345
2202.530004,1072.394075,139.8251148
2202.909588,1071.655376,139.8595251
2202.8226,1072.22999,139.8392439
2202.818662,1072.394075,139.8595251
2202.713754,1072.377429,139.8595251
2202.269313,1072.394075,139.8595251
2202.909588,1072.394075,139.8470832
2202.40937,1071.943888,139.7760946
2202.617853,1072.27359,139.7141732
2202.52209,1072.394075,139.7232783
2202.509558,1071.940718,139.808436
2202.514501,1071.937388,139.8595251
2202.549293,1072.394075,139.8595251
2201.914549,1072.162233,139.7674283
2202.722228,1072.394075,139.8595251
2202.318467,1072.394075,139.8595251
2202.340956,1071.603628,139.6910988
2202.552408,1072.018607,139.7118717
2201.721684,1072.071698,139.8595251
2202.660656,1072.090632,139.7009155
2202.909588,1072.394075,139.7545232
2202.338847,1071.850201,139.8595251
2202.483409,1071.583961,139.6809247
2202.909588,1072.394075,139.8034695
2202.875254,1071.788996,139.732178
2202.496207,1072.18059,139.7904664
2202.909588,1072.068365,139.8182766
2202.784066,1072.379586,139.8089048
2201.181928,1070.898699,139.5446124
2202.078679,1071.937667,139.6449181
2202.504612,1072.394075,139.8382285
2202.650924,1072.36553,139.7526845
2202.69276,1072.394075,139.8595251
2202.764524,1072.2427,139.8292214
2202.688879,1072.071698,139.7429253
2201.671952,1072.146639,139.8595251
2202.652865,1071.938041,139.8595251
2202.909588,1071.272448,139.8321183
2202.441824,1071.993934,139.8052003
2202.630124,1071.380228,139.7069748
2202.465987,1071.479484,139.7131924
2202.251474,1071.251432,139.8195099
2200.837333,1071.594845,139.6595767
2202.637363,1071.96123,139.8308283
2201.499565,1072.380382,139.7850362
2202.713489,1072.332147,139.8595251
2202.832761,1072.394075,139.8595251
2202.534997,1072.216879,139.8595251
2202.401638,1072.383781,139.8595251
2202.410522,1071.919169,139.7576607
2202.591404,1072.037837,139.8595251
2202.484228,1071.886993,139.8187903
2201.867766,1071.157605,139.3847556
2202.766931,1072.394075,139.831816
2202.112958,1072.394075,139.8595251
2201.911322,1072.029591,139.7031784
2202.584033,1072.37702,139.8358698
2202.242644,1072.104357,139.8498347
2202.527319,1072.394075,139.8595251
2202.579865,1071.611997,139.7069748
2202.735231,1072.349862,139.8595251
2202.838842,1072.394075,139.8260795
2202.262594,1071.969349,139.8297725
2202.504596,1071.437208,139.775714
2202.404797,1071.849166,139.7894213
2202.639547,1072.394075,139.8595251
2202.909588,1072.394075,139.8595251
2202.067466,1072.394075,139.8595251
2202.876946,1072.394075,139.8595251
2202.512756,1072.37702,139.8343765
2202.535296,1071.992766,139.7601953
2202.684036,1071.555079,139.7806276
2202.209555,1072.394075,139.8595251
2202.828948,1072.190186,139.8595251
2202.621367,1071.591687,139.7918231
2202.208683,1071.897801,139.7797217
2202.760581,1072.394075,139.8595251
2202.909588,1072.394075,139.8595251
2202.738523,1072.394075,139.8595251
2202.758292,1072.078131,139.8595251
2201.153037,1072.370677,139.8476713
2202.751837,1072.394075,139.8331162
2202.75402,1071.894908,139.8004695
2202.81692,1072.3582,139.8595251
2202.390992,1071.079525,139.7678379
2202.138667,1072.394075,139.7035506
2202.909588,1072.393228,139.7541505
2201.935943,1072.384354,139.8595251
2202.909588,1072.394075,139.8595251
2202.786199,1071.82364,139.8595251
2201.777376,1072.37957,139.8055156
2201.266299,1072.039372,139.7849868
2202.675043,1071.972403,139.8456215
2202.554582,1072.394075,139.8562932
2202.756785,1072.380382,139.6767238
2202.623702,1071.71875,139.6308031
2202.804692,1071.767312,139.7527726
2202.909588,1072.394075,139.8595251
2202.909588,1072.394075,139.8595251
2202.909588,1072.394075,139.8595251
2202.559219,1072.357314,139.8595251
2202.794826,1071.959879,139.8298747
2202.609584,1071.261647,139.8595251
2202.423247,1071.784846,139.6796905
2202.209301,1071.214444,139.7645219
2202.721854,1072.041284,139.8595251
2202.446366,1072.055839,139.825879
2201.914242,1072.394075,139.8595251
2202.909588,1072.394075,139.8595251
2202.57964,1072.357314,139.8595251
2202.573813,1072.394075,139.8595251
2201.88241,1071.880588,139.8595251
2202.678581,1071.434833,139.6704457
2202.513407,1071.638225,139.8595251
2202.57729,1072.063019,139.5852457
2202.101255,1072.07125,139.7887293
2202.461208,1071.646396,139.8479817
2202.737048,1072.394075,139.8595251
2202.526241,1072.394075,139.8595251
2202.909588,1072.394075,139.8595251
2202.723115,1072.323359,139.8595251
2202.704068,1071.659721,139.8572196
2202.83661,1072.394075,139.8595251
2202.410173,1071.811119,139.8057444
2202.228447,1070.918231,139.776113
2202.531238,1071.537479,139.8595251
2202.549304,1072.132588,139.8595251
2202.626315,1072.394075,139.8595251
2202.909588,1072.394075,139.8595251
2202.57006,1072.394075,139.8595251
2202.825151,1072.394075,139.8595251
2202.144531,1072.394075,139.8595251
2202.565646,1071.419158,139.8595251
2202.483136,1072.394075,139.8595251
2201.918494,1072.049711,139.8470832
2202.535521,1072.328236,139.8104243
2202.28662,1072.2427,139.616583
2202.314594,1071.948141,139.8061831
2202.909588,1072.394075,139.8595251
2202.909588,1072.394075,139.8595251
2202.462697,1072.370219,139.8595251
2202.739939,1072.394075,139.8595251
2202.272328,1072.320888,139.7937238
2202.602455,1072.101697,139.7887293
2202.731645,1072.24153,139.8008535
2202.856465,1072.394075,139.8371739
2202.866526,1071.957407,139.8595251
2202.442872,1072.114892,139.7914272
2202.749483,1072.394075,139.8595251
2202.628968,1072.394075,139.8595251
2202.851413,1072.394075,139.8595251
2202.698036,1072.394075,139.8595251
2202.508388,1072.13773,139.7554535
2202.840637,1072.323359,139.8595251
2202.642934,1071.587972,139.8595251
2202.645123,1071.85527,139.8079159
2202.584033,1072.2427,139.6230487
2201.450364,1071.590571,139.5963766
2202.567768,1072.342271,139.8081875
2202.505383,1072.394075,139.8250531
2202.830099,1072.394075,139.8391208
2202.909588,1072.385874,139.8595251
2202.855509,1072.070578,139.8070308
2202.632481,1071.203704,139.6161934
2202.315113,1071.454998,139.8595251
2202.091407,1072.124088,139.5045337
2202.805434,1072.090846,139.8427099
2202.179468,1072.394075,139.7849577
2202.804692,1072.394075,139.8595251
2202.909588,1072.394075,139.7998609
2202.489149,1072.346133,139.7049403
2202.592453,1072.394075,139.7324982
2202.293442,1071.747013,139.8186293
2202.909588,1072.394075,139.8595251
2202.597954,1071.864593,139.8595251
2202.353017,1071.72827,139.777958
2201.777409,1072.394075,139.7495134
2202.2527,1071.998847,139.6514532
2202.642218,1072.394075,139.8330281
2202.669903,1072.394075,139.7561429
2202.392466,1072.311446,139.5963062
2202.682433,1072.29152,139.8498127
2202.064956,1072.357314,139.7753408
2202.817315,1071.886495,139.8227136
2202.432696,1072.394075,139.8595251
2202.522875,1072.033854,139.6613498
2202.909588,1071.963517,139.8595251
2201.915164,1072.104405,139.8595251
2201.437092,1071.663238,139.5169151
2202.458197,1072.064765,139.8196237
2202.804692,1072.394075,139.8595251
2202.909588,1072.155961,139.82362
2202.718186,1072.2427,139.8595251
2202.670086,1072.2427,139.8071998
2202.159563,1072.373641,139.8145361
2202.407704,1072.391191,139.7776119
2202.686543,1072.394075,139.8595251
2202.368954,1071.702164,139.7327903
2202.855225,1072.106829,139.8214141
2202.727718,1072.05236,139.6704468
2202.732191,1072.394075,139.7735059
2202.909588,1072.2427,139.8595251
2202.55039,1072.296128,139.8595251
2202.854753,1071.9904,139.8595251
2202.63759,1072.006747,139.8055074
2202.27687,1072.394075,139.8186002
2202.551184,1072.320888,139.747745
2202.511116,1072.394075,139.8142755
2202.346727,1071.947469,139.7652106
2201.834078,1071.701217,139.7758354
2202.210529,1072.394075,139.8115899
2202.83626,1072.255828,139.8595251
2202.528077,1072.394075,139.8595251
2202.405736,1072.009465,139.8595251
2202.44205,1072.394075,139.8350602
2202.548956,1071.932199,139.846138
2202.392842,1072.394075,139.801105
2201.983055,1071.344604,139.8118917
2202.577574,1072.394075,139.8595251
2202.026182,1071.48968,139.7128494
2202.108895,1072.394075,139.6871616
2202.793219,1072.394075,139.8595251
2202.88043,1072.381478,139.8595251
2202.909588,1072.394075,139.8595251
2202.695994,1072.394075,139.8595251
2202.637048,1071.411095,139.8595251
2202.72012,1072.341943,139.8262112
2202.46471,1072.164913,139.8382959
2202.702863,1072.291815,139.8595251
2202.576296,1072.394075,139.8595251
2202.676784,1072.155961,139.8595251
2201.945106,1072.104357,139.7876703
2202.700655,1072.394075,139.8595251
2202.909588,1072.394075,139.8595251
2202.725637,1072.394075,139.8595251
2202.807401,1072.394075,139.8595251
2202.683933,1072.394075,139.7324982
2201.862016,1071.580772,139.8210544
2202.830195,1072.014591,139.8254966
2202.263299,1071.673344,139.8464492
2202.634953,1072.394075,139.8037963
2202.909588,1072.394075,139.8595251
2202.895948,1071.977357,139.8595251
2202.909588,1072.394075,139.8595251
2202.403152,1072.394075,139.8595251
2202.884071,1072.333817,139.8595251
2202.648634,1072.394075,139.825375
2202.497249,1071.592924,139.8595251
2202.80238,1071.707845,139.8350602
2202.660969,1071.237131,139.829834
2202.337979,1071.543985,139.7344494
2202.821569,1072.394075,139.8595251
2202.829118,1072.394075,139.8074828
2202.909588,1071.953151,139.8595251
2202.909588,1072.394075,139.7773084
2201.404117,1072.275694,139.8057864
2202.720093,1072.341561,139.8595251
2202.429158,1071.826156,139.8045385
2202.715858,1072.394075,139.7632676
2202.188091,1072.206816,139.8383282
2202.550596,1072.394075,139.8308691
2202.784433,1072.132588,139.8595251
2202.755015,1072.394075,139.8207006
2202.909588,1072.394075,139.8021436
2202.909588,1072.394075,139.8595251
2202.651583,1072.23837,139.8595251
2202.909588,1072.320888,139.8595251
2202.760001,1071.33702,139.8595251
2202.408743,1072.208079,139.8595251
2202.587878,1072.394075,139.8595251
2202.665409,1072.048155,139.8495052
2202.71064,1072.394075,139.8595251
2202.678267,1072.142513,139.7324982
2202.696598,1071.55719,139.7103684
2202.909588,1072.383588,139.8115899
2202.790654,1072.394075,139.8595251
2202.714554,1072.041705,139.8595251
2202.48163,1072.369982,139.8595251
2202.858174,1072.394075,139.8595251
2202.158567,1071.74774,139.8212004
2202.340918,1071.641654,139.7717511
2202.6132,1072.394075,139.8595251
2202.058285,1072.394075,139.8595251
2202.741798,1072.033066,139.8595251
2202.767048,1072.142513,139.856026
2202.909588,1072.394075,139.8595251
2202.909588,1072.394075,139.8595251
2202.909588,1072.386944,139.8595251
2202.909588,1072.394075,139.8111007
2202.49904,1072.323359,139.8340371
2202.430514,1072.312101,139.8202764
2202.48674,1072.246394,139.6883471
2202.909588,1072.394075,139.8504811
2202.833068,1072.394075,139.829834
2202.730422,1071.453581,139.8373953
2202.839915,1072.394075,139.7069748
2202.909588,1072.369982,139.8595251
2202.909588,1072.394075,139.8595251
2202.665069,1072.394075,139.8261123
2202.793595,1071.804613,139.7151241
2202.531926,1072.394075,139.73659
2202.619496,1072.286965,139.8595251
2202.858174,1070.705178,139.7003272
2202.654909,1071.831028,139.8188373
2202.229391,1072.394075,139.8595251
2202.909588,1072.394075,139.8595251
2202.909588,1072.394075,139.8595251
2202.696598,1072.348093,139.7220674
2202.739939,1072.394075,139.8595251
2202.693208,1072.394075,139.8222185
2202.765885,1071.904215,139.8595251
2202.632749,1072.333817,139.8208196
2202.531004,1072.083739,139.6680241
2202.441912,1072.394075,139.609688
2202.175754,1071.414392,139.7425418
2202.501369,1072.394075,139.8419198
2202.909588,1072.394075,139.8595251
2202.845357,1072.394075,139.8595251
2202.418918,1072.394075,139.8061831
2202.204791,1070.664706,139.8352994
2202.117903,1072.394075,139.7940973
2202.812021,1071.645975,139.8130147
2202.414633,1071.037446,139.807654
2202.717121,1071.972784,139.829834
2201.779375,1071.90997,139.4014486
2202.738612,1072.394075,139.8595251
2202.909588,1072.394075,139.8595251
2202.695107,1072.359994,139.8021436
2202.525586,1072.294808,139.7998609
2201.826845,1072.06244,139.8595251
2201.753652,1071.143079,139.7350165
2202.800399,1071.446092,139.8595251
2202.854753,1072.394075,139.8595251
2202.71759,1072.349862,139.8333324
2202.797637,1071.421022,139.7990426
2202.471253,1072.114892,139.8241003
2202.613942,1072.382181,139.7332613
2202.709958,1072.394075,139.8463017
2202.818769,1072.394075,139.7998609
2202.621497,1071.936221,139.8556011
2202.47413,1072.049831,139.8352234
2202.479892,1072.05801,139.8343781
2202.702819,1072.313926,139.8595251
2202.70987,1072.394075,139.8595251
2202.382301,1072.185282,139.8595251
2202.534721,1072.142513,139.8098424
2202.754081,1072.394075,139.7992022
2202.328853,1072.394075,139.8027476
2202.909588,1072.394075,139.8595251
2202.909588,1072.394075,139.8595251
2202.503295,1072.365646,139.8059729
2202.771534,1072.27933,139.8450076
2201.457118,1071.426765,139.8336804
2202.558872,1071.934062,139.8595251
2202.187718,1072.394075,139.8595251
2202.633613,1072.067783,139.8595251
2202.909588,1072.394075,139.8595251
2202.838195,1072.394075,139.8595251
2200.87187,1072.394075,139.8595251
2202.825279,1072.394075,139.8595251
2202.833303,1071.446357,139.7992022
2202.858946,1072.394075,139.6804128
2202.801191,1071.938567,139.8205659
2201.905409,1071.944655,139.7932271
2202.745443,1072.078456,139.8151243
2202.730406,1072.0579,139.8264997
2202.909588,1071.848556,139.8595251
2202.733962,1072.394075,139.8191679
2201.943478,1072.394075,139.8595251
2202.909588,1072.394075,139.8595251
2202.69998,1072.385968,139.8261123
2202.805956,1071.383225,139.8492482
2202.739939,1072.394075,139.8352994
2202.692067,1070.967785,139.7642856
2202.51629,1072.394075,139.7289281
2202.08363,1072.291815,139.8170654
2202.78397,1072.141484,139.8381236
2202.3941,1072.394075,139.8595251
2202.569692,1072.394075,139.8595251
2202.535934,1072.326863,139.8168454
2202.505295,1072.394075,139.8595251
2202.670022,1072.333149,139.6589009
2202.429587,1072.009764,139.7951454
2202.909588,1072.349862,139.8595251
2202.261974,1072.02115,139.8595251
2202.298829,1071.89926,139.8329882
2202.777861,1072.376723,139.8088805
2202.639878,1072.360074,139.8014419
2202.641537,1072.394075,139.8595251
2202.909588,1072.394075,139.8595251
2202.730367,1072.347252,139.8595251
2202.796153,1072.319769,139.8595251
2202.571189,1072.359395,139.7546945
2202.836374,1072.286965,139.7747044
2202.484444,1071.301534,139.7840302
2202.604708,1072.394075,139.8121634
2202.519348,1071.665775,139.8227436
2202.65359,1071.733107,139.8298334
2202.909588,1072.394075,139.8024736
2202.868671,1072.226402,139.8595251
2202.909588,1072.394075,139.8595251
2202.653316,1072.394075,139.841723
2202.839334,1072.313192,139.7929537
2202.826631,1072.096079,139.6947476
2202.755156,1072.394075,139.8595251
2202.321303,1072.394075,139.646751
2202.749757,1072.105979,139.8245313
2202.803896,1072.348683,139.8495834
2202.18994,1072.117345,139.8595251
2202.691265,1072.394075,139.8193624
2202.501785,1072.394075,139.8595251
2202.854753,1072.356973,139.835078
2202.491909,1072.394075,139.8595251
2202.71964,1072.394075,139.8557981
2202.675959,1072.078941,139.8062397
2202.747515,1072.31746,139.8595251
2202.790441,1071.887167,139.7577428
2202.616972,1072.394075,139.7551631
2202.676734,1072.085438,139.8165535
2202.705538,1072.394075,139.780019
2202.605778,1072.394075,139.8180351
2202.78384,1072.394075,139.8595251
2202.636224,1072.394075,139.8595251
2202.83037,1072.394075,139.8265218
2202.639506,1072.246461,139.8352994
2202.581995,1072.286965,139.8352994
2202.659661,1072.190453,139.8595251
2202.408566,1071.517849,139.8424477
2202.909588,1072.394075,139.6843368
2202.909588,1071.336439,139.8595251
2202.678162,1072.394075,139.8551722
2202.834766,1072.394075,139.8595251
2763.469332,1311.233159,143.2579364
2763.266391,1311.704525,143.2855273
2764.175713,1311.159442,143.2590553
2764.268102,1311.704525,143.3526684
2764.092425,1311.468599,143.201278
2763.338732,1310.828021,143.2116074
2764.062213,1311.613256,142.9691419
2763.611069,1311.664599,143.2518771
2764.340107,1311.704525,143.3304511
2764.276302,1311.704525,143.3526684
2763.286304,1311.547211,143.3201183
2763.993411,1310.594659,143.3387245
2763.469321,1311.688206,143.3290426
2763.813285,1310.994185,143.1107093
2764.206511,1311.704525,143.3526684
2763.307933,1310.686116,143.1902979
2764.075732,1311.704525,143.2525112
2763.845044,1311.550536,143.2547342
2763.868635,1311.196636,143.2908371
2764.340107,1311.704525,143.3526684
2764.340107,1311.704525,143.2528097
2764.175713,1311.704525,143.2691371
2763.637302,1311.16121,143.1956673
2763.636769,1310.71267,143.1350645
2764.029682,1311.278408,143.2947066
2763.813484,1310.72496,143.0918978
2764.340107,1311.669063,143.3526684
2763.876372,1310.703949,143.3432132
2764.282538,1311.704525,143.3114593
2763.604615,1311.289222,143.348925
2764.340107,1311.612521,143.330876
2764.340107,1311.704525,143.3526684
2764.181854,1311.517463,143.2704516
2763.866237,1309.548483,143.2802247
2764.247632,1311.704525,143.3326534
2764.019632,1311.22043,143.0674074
2763.801555,1310.537442,143.3526684
2764.102133,1311.704525,143.3526684
2764.017527,1311.129986,143.2097576
2764.135557,1311.704525,143.3098243
2763.130833,1311.704525,143.3522311
2764.284124,1311.704525,143.3323104
2764.222871,1311.622558,143.3526684
2764.252738,1311.319174,143.2716761
2764.175713,1311.612981,143.3035605
2763.799142,1311.704525,143.3206904
2763.493665,1310.665769,143.19778
2763.956459,1311.559415,143.3014319
2764.237162,1311.255906,143.015958
2763.832072,1311.704525,143.3172435
2764.045647,1311.626196,143.1810817
2763.865723,1311.655799,143.2646816
2763.711522,1311.656635,143.3526684
2764.176075,1311.234496,143.1253554
2764.340107,1311.704525,143.3526684
2764.097462,1310.773222,143.3239277
2763.872685,1310.82391,143.1318703
2764.104931,1311.704525,143.3216853
2191.559585,1065.740415,74.65984886
2191.540081,1065.740415,74.66257234
2191.396987,1065.740415,74.66506224
2191.276286,1064.963445,74.6179118
2191.50874,1065.740415,74.66376413
2191.345182,1065.740415,74.65767396
2191.559585,1065.251875,74.67079202
2191.559585,1065.7404,74.67079202
2191.227487,1065.439877,74.62995425
2191.450806,1065.14808,74.63341081
2191.471192,1064.606286,74.63651786
2191.167066,1064.637028,74.63639714
2191.405051,1065.610851,74.65674236
2191.239363,1065.740415,74.67079202
2191.422608,1065.740415,74.67079202
2190.75882,1065.740415,74.59552108
2191.311597,1065.740415,74.67079202
2191.171877,1065.064596,74.65729452
2191.153406,1065.688535,74.58269294
2191.437987,1065.740415,74.65458741
2191.242933,1064.779574,74.67079202
2191.294226,1065.740415,74.65537744
2190.877206,1064.505328,74.62986062
2191.22873,1065.178475,74.65241033
2191.289909,1065.700915,74.67079202
2191.559585,1065.740415,74.67079202
2191.541347,1065.693533,74.62831
2190.898161,1065.740415,74.64573114
2191.328596,1065.740415,74.60173719
2191.559585,1065.27436,74.67079202
2191.523742,1065.740415,74.67079202
2191.52473,1064.978055,74.56814346
2191.403128,1065.62419,74.67079202
2191.559585,1065.1579,74.67079202
2191.157676,1065.740415,74.67079202
2191.437175,1065.740415,74.67079202
2191.441767,1065.740415,74.67079202
2191.376395,1065.431488,74.58103575
2191.51652,1065.013902,74.63265875
2191.179213,1065.162451,74.66288223
2191.559585,1065.419143,74.64613441
2191.256729,1065.382146,74.65558042
2191.528036,1065.163692,74.67079202
2191.559585,1065.740415,74.65089739
2191.236515,1065.251783,74.63865413
2191.484182,1065.724081,74.67079202
2191.408587,1065.740415,74.67079202
2190.572591,1065.683667,74.64646395
2191.559585,1065.600049,74.67079202
2190.981004,1065.157306,74.67079202
2191.03148,1065.49413,74.64988898
2191.439049,1064.641953,74.59071066
2191.119912,1065.607304,74.53651816
2191.228162,1065.236214,74.67079202
2191.416797,1065.740415,74.67079202
2191.476773,1065.226733,74.67079202
2191.559585,1065.704671,74.67079202
2190.24864,1065.212935,74.67079202
2191.229881,1065.439877,74.63298998
2191.452128,1064.696125,74.67079202
2191.144094,1065.675002,74.6265553
2191.254418,1064.96682,74.66231061
2190.723652,1065.62419,74.51374254
2191.304706,1065.609508,74.64838914
2191.432562,1065.42234,74.65940254
2191.281298,1065.740415,74.67079202
2191.559585,1065.740415,74.67079202
2191.543025,1065.740415,74.67079202
2191.559585,1065.740415,74.67079202
2191.293719,1065.61149,74.66159377
2191.284118,1065.740415,74.39699722
2191.47325,1065.740415,74.61742345
2190.262176,1065.639022,74.60947335
2191.413417,1065.46106,74.64845936
2191.394771,1065.385534,74.59734763
2191.266568,1065.450413,74.67079202
2191.342852,1065.740415,74.67079202
2191.559585,1065.740415,74.67079202
2191.160121,1065.740415,74.67079202
2191.494945,1064.708242,74.67079202
2191.169747,1064.785922,74.59162956
2191.474391,1065.740415,74.67079202
2191.362484,1065.252618,74.65451952
2191.450267,1065.740415,74.66591682
2191.265237,1065.448322,74.67079202
2190.482266,1065.487541,74.67079202
2191.559585,1065.740415,74.67079202
2191.559585,1065.740415,74.67079202
2191.559585,1065.740415,74.67079202
2191.559585,1065.420332,74.67079202
2190.53671,1064.990655,74.67079202
2191.398605,1065.66465,74.67079202
2191.217686,1065.727768,74.67079202
2191.559585,1065.474786,74.67079202
2191.559585,1065.740415,74.67079202
2191.396264,1065.740415,74.67079202
2191.559585,1065.740415,74.67079202
2191.559585,1065.740415,74.67079202
2191.559585,1065.740415,74.67079202
2191.384117,1065.526672,74.67079202
2191.559585,1065.740415,74.67079202
2191.559585,1065.589415,74.67079202
2191.300704,1065.740415,74.67079202
2191.553788,1065.740415,74.67079202
2191.46596,1065.236187,74.67079202
2191.559585,1065.740415,74.67079202
2191.559585,1065.740415,74.67079202
2191.559585,1065.740415,74.67079202
2191.559585,1065.740415,74.67079202
2191.521998,1065.721974,74.67079202
2191.28297,1065.193333,74.67079202
2191.46077,1065.740415,74.67079202
2190.814372,1065.473581,74.67079202
2190.920989,1065.025152,74.6470987
2191.375736,1065.740415,74.67079202
2191.237038,1065.740415,74.67079202
2191.559585,1065.740415,74.67079202
2191.093326,1065.740415,74.67079202
2191.559585,1065.740415,74.67079202
2191.286193,1065.740415,74.67079202
2191.41815,1065.740415,74.67079202
2191.283481,1065.474786,74.67079202
2191.293721,1065.689769,74.67079202
2191.473351,1065.549725,74.67079202
2191.35261,1064.864187,74.67079202
2190.810347,1065.118755,74.67079202
2191.559585,1065.740415,74.6237438
2191.559585,1065.738269,74.67079202
2191.559585,1065.740415,74.67079202
2191.559585,1065.740415,74.67079202
2191.116591,1065.732503,74.67079202
2191.458341,1065.678278,74.67079202
2190.700738,1065.41003,74.67079202
2191.272853,1065.740415,74.61901949
2191.331273,1065.740415,74.67079202
2191.031962,1065.740415,74.63759715
2191.176039,1064.848712,74.5072914
2191.478946,1065.740415,74.65735197
2191.404699,1065.740415,74.67079202
2191.559585,1065.740415,74.67079202
2191.559585,1065.740415,74.67079202
2191.279609,1065.356914,74.67079202
2191.202138,1064.899314,74.62932519
2191.386957,1065.073132,74.61278746
2191.429354,1065.740415,74.66963776
2191.479437,1064.928175,74.64224711
2191.479437,1065.740415,74.67079202
2191.279705,1064.957263,74.62418663
2191.559585,1065.740415,74.67079202
2191.559585,1065.740415,74.67079202
2190.783064,1065.740415,74.67079202
2191.455043,1065.740415,74.67079202
2191.559585,1065.693693,74.67079202
2191.262886,1065.236187,74.58762696
2191.196291,1065.494443,74.66003834
2191.217035,1065.740415,74.65607986
2191.43381,1065.740415,74.64522163
2191.559585,1065.184421,74.6359897
2191.459042,1065.740415,74.65335897
2191.422095,1065.740415,74.67079202
2191.463059,1065.710962,74.67079202
2191.372592,1065.740415,74.67079202
2191.075778,1065.740415,74.67079202
2191.209714,1065.704953,74.67079202
2191.417338,1064.957337,74.65403134
2191.398032,1065.600135,74.67079202
2191.420771,1065.02372,74.59735934
2190.923771,1065.639246,74.59990801
2191.227298,1065.729929,74.67079202
2191.41939,1065.740415,74.67079202
2191.422615,1065.61149,74.67079202
2191.212124,1065.740415,74.67079202
2190.874743,1064.521971,74.60788848
2190.937106,1065.428775,74.67079202
2191.501636,1065.740415,74.67079202
2190.981277,1064.469244,74.67079202
2190.990643,1065.402473,74.59611218
2190.406562,1065.615872,74.64961949
2190.950515,1065.624235,74.33421864
2191.315217,1065.740415,74.58620581
2191.370071,1065.740415,74.67079202
2191.256703,1065.289725,74.67079202
2191.354714,1065.740415,74.58440333
2191.449952,1065.269126,74.66687964
2191.306938,1065.70503,74.67079202
2191.35818,1065.381136,74.67079202
2191.559585,1065.3781,74.67079202
2191.383014,1065.294882,74.57270867
2191.187102,1065.472991,74.60853099
2190.558665,1065.378251,74.60751123
2191.080281,1065.37161,74.67079202
2191.207991,1065.740415,74.67079202
2191.419396,1065.740415,74.67079202
2191.436973,1065.740415,74.66102197
2191.248186,1064.553492,74.55484872
2191.284753,1065.017039,74.6574819
2191.326656,1065.312919,74.56266695
2191.28684,1065.740415,74.6424655
2191.559585,1065.740415,74.65040402
2191.274111,1064.831426,74.63256323
2191.46077,1065.740415,74.35175194
2191.559585,1065.740415,74.67079202
2191.327921,1065.740415,74.67079202
2191.559585,1065.740415,74.67079202
2191.347603,1065.740415,74.66081643
2191.235628,1065.676424,74.65689876
2191.258027,1065.356422,74.65677221
2190.61028,1065.62228,74.53263337
2191.232082,1065.346046,74.64682522
2191.477377,1065.740415,74.57768842
2191.345775,1065.221992,74.67079202
2191.559585,1065.740415,74.67079202
2191.384077,1065.616595,74.62754708
2191.530273,1065.740415,74.61146199
2191.271341,1065.740415,74.65886592
2191.499952,1065.740415,74.64715016
2191.203018,1065.740415,74.63537631
2191.185278,1065.583551,74.61783942
2191.559585,1065.719975,74.66297241
2191.340045,1065.01242,74.67079202
2191.319677,1065.360368,74.67079202
2191.164884,1065.740415,74.63886971
2191.308553,1065.740415,74.65837027
2191.559585,1065.740415,74.67079202
2191.361407,1065.383583,74.67079202
2191.082148,1065.616595,74.61683767
2191.449152,1065.740415,74.67079202
2191.339541,1065.332632,74.67079202
2191.418358,1065.740415,74.64236358
2190.868946,1064.399721,74.62455733
2191.085038,1065.157505,74.61146199
2191.559585,1065.61149,74.67079202
2191.511583,1065.740415,74.67079202
2191.559585,1065.616137,74.67079202
2191.510258,1065.740415,74.67079202
2191.370722,1064.860786,74.50756217
2191.49845,1065.740415,74.67079202
2191.015701,1064.93046,74.60877826
2191.161951,1065.258265,74.65165229
2191.410217,1065.65987,74.67033998
2191.494138,1065.589415,74.67079202
2191.459553,1065.740415,74.67079202
2191.074141,1065.740415,74.67079202
2191.559585,1065.740415,74.67079202
2191.559585,1065.740415,74.6497604
2191.237115,1065.740415,74.62210555
2191.247557,1065.230953,74.67079202
2191.090911,1064.12828,74.54632914
2191.295535,1065.740415,74.17413302
2191.497802,1065.418111,74.67079202
2191.473588,1064.71971,74.64808148
2191.322659,1065.41754,74.20748045
2191.382338,1065.716567,74.61952539
2191.350994,1065.740415,74.67079202
2191.318327,1065.740415,74.67079202
2191.270416,1065.150079,74.60635752
2191.559585,1065.701251,74.60533499
2191.363733,1064.64791,74.67079202
2191.129706,1064.298735,74.63554193
2190.769617,1065.734077,74.64715843
2190.935456,1065.500745,74.66277582
2191.559585,1065.740415,74.67079202
2191.332651,1065.727518,74.66125883
2191.504597,1065.740415,74.66591682
2191.440103,1065.740415,74.67079202
2191.404263,1065.740415,74.61047047
2191.521998,1065.740415,74.67079202
2191.370975,1065.740415,74.63814926
2191.499813,1064.959738,74.65032097
2190.60082,1065.740415,74.62471713
2191.304039,1065.566343,74.59829044
2191.379862,1065.740415,74.67079202
2190.70207,1065.61149,74.62645392
2191.239689,1065.740415,74.67079202
2191.559585,1065.740415,74.66567722
2191.124924,1065.740415,74.67079202
2190.943235,1065.740415,74.61146199
2191.151399,1065.740415,74.57661091
2191.101614,1065.697118,74.63988808
2191.411574,1065.726785,74.66508947
2190.805869,1065.510494,74.14477783
2191.277759,1065.400616,74.54976838
2190.955858,1065.710962,74.64772169
2191.281051,1065.096713,74.64954228
2191.559585,1065.740415,74.67079202
2191.223412,1065.502587,74.67079202
2191.505672,1065.427195,74.67079202
2190.88665,1065.470356,74.63202952
2190.991557,1065.740415,74.20028491
2190.977843,1065.002174,74.66630488
2191.294289,1065.420228,74.67079202
2191.314947,1065.228106,74.65677221
2191.222338,1065.62228,74.63732865
2190.958581,1065.188098,74.56986555
2190.974104,1065.626755,74.6615763
2191.349926,1065.61149,74.67079202
2191.254292,1065.62228,74.65267598
2190.680378,1065.740415,74.61987162
2191.456565,1065.740415,74.64390103
2191.224206,1065.362675,74.58252682
2190.898419,1065.699447,74.65437979
2191.559585,1065.740415,74.67079202
2191.314481,1065.288081,74.65079297
2191.215597,1064.810136,74.60857992
2191.419079,1064.579282,74.6097937
2190.630136,1065.740415,74.65296481
2191.233263,1065.740415,74.66567722
2191.104503,1065.693518,74.67079202
2191.387242,1064.917297,74.66376952
2191.317099,1065.466009,74.67079202
2191.025436,1064.018272,74.65977064
2190.996523,1065.701251,74.63340235
2191.546961,1065.607861,74.62473531
2191.233383,1065.328186,74.6366926
2191.017888,1065.369915,74.65137616
2191.386409,1065.325508,74.56838932
2191.306961,1065.586512,74.67052299
2191.02471,1065.740415,74.67079202
2191.275949,1065.545522,74.57696835
2191.256536,1065.706667,74.67079202
2191.231423,1065.639806,74.66310811
2191.412987,1065.223287,74.66566149
2191.00863,1064.623316,74.60858751
2191.3405,1065.370959,74.65428147
2191.471463,1065.300668,74.20748045
2191.424806,1065.738269,74.67079202
2191.384154,1065.740415,74.65091396
2191.283786,1065.409729,74.66512139
2190.942894,1065.740415,74.67079202
2191.019527,1065.14142,74.61497831
2191.433213,1065.465337,74.63453546
2191.374482,1065.228679,74.65064493
2191.550293,1065.66345,74.66053929
2191.057678,1064.068692,74.19540624
2191.045104,1065.659164,74.64498283
2191.164708,1065.740415,74.67079202
2191.559585,1065.740415,74.67079202
2191.538385,1065.740415,74.67079202
2191.459862,1065.60822,74.67079202
2191.419079,1065.57014,74.649568
2191.378851,1065.740415,74.64259652
2191.460509,1065.271726,74.67079202
2191.419079,1065.620346,74.63547203
2191.189706,1065.738481,74.62593234
2191.315109,1065.584403,74.61907196
2191.559585,1065.384311,74.67079202
2191.284814,1065.350456,74.62754275
2191.286813,1065.69942,74.54565846
2191.559585,1065.740415,74.67079202
2191.351769,1065.407471,74.67079202
2190.719464,1065.740415,74.56901056
2190.533225,1064.980946,74.5589826
2191.129288,1065.39113,74.60887076
2191.331562,1065.148441,74.64338629
2191.494033,1065.740415,74.67079202
2191.378509,1065.436747,74.559889
2191.337221,1065.740415,74.67079202
2190.87865,1065.740415,74.62494326
2191.405926,1065.740415,74.67079202
2191.438158,1065.740415,74.67079202
2191.189483,1065.62228,74.67079202
2191.057341,1065.409254,74.63525872
2191.384445,1065.740415,74.64357448
2190.521995,1065.359863,74.56708807
2190.991965,1065.183105,74.6385179
2191.196275,1065.701251,74.67079202
2191.093934,1065.740415,74.67079202
2191.497662,1065.740415,74.64007535
2191.559585,1065.740415,74.67079202
2191.559585,1065.701251,74.67079202
2191.559585,1065.675239,74.67079202
2191.434917,1065.740415,74.67079202
2191.402573,1065.740415,74.58296726
2191.559585,1064.729491,74.66562589
2191.219808,1065.578582,74.60514424
2191.084759,1065.740415,74.61748654
2191.559585,1065.740415,74.67079202
2191.294711,1065.740415,74.67079202
2191.559585,1065.740415,74.67079202
2191.559585,1065.740415,74.67079202
2191.434917,1065.740415,74.67079202
2191.311865,1065.740415,74.67079202
2191.559585,1065.740415,74.67079202
2191.559585,1065.740415,74.67079202
2191.484186,1065.29431,74.67079202
2191.370108,1065.740415,74.65416651
2191.416476,1065.471129,74.67079202
2191.413816,1065.740415,74.67079202
2191.559585,1065.740415,74.67079202
2191.559585,1065.740415,74.67079202
2191.559585,1065.740415,74.67079202
2191.559585,1065.699317,74.67079202
2191.513367,1065.440145,74.67079202
2191.559585,1065.390544,74.67079202
2191.472369,1065.740415,74.67079202
2191.375512,1065.226354,74.67079202
2191.499715,1065.472884,74.67079202
2191.262721,1065.740415,74.67079202
2191.559585,1065.740415,74.67079202
2191.559585,1065.740415,74.67079202
2191.559585,1065.740415,74.67079202
2191.523977,1065.740415,74.67079202
2191.435101,1065.740415,74.67079202
2191.436234,1065.740415,74.65702192
2191.459553,1064.836029,74.67079202
2191.559585,1065.740415,74.67079202
2191.513534,1065.740415,74.67079202
2191.44207,1065.423575,74.64807036
2191.559585,1065.169815,74.67079202
2191.559585,1065.740415,74.67079202
2191.559585,1065.740415,74.67079202
2191.559585,1065.740415,74.67079202
2191.513135,1065.740415,74.67079202
2191.116081,1065.620986,74.67079202
2190.890141,1065.701251,74.63726687
2191.409222,1065.740415,74.67079202
2191.559585,1065.687894,74.67079202
2191.285943,1065.740415,74.67079202
2191.517372,1065.343167,74.66308098
2191.559585,1065.343167,74.67079202
2191.559585,1065.740415,74.67079202
2191.559585,1065.740415,74.67079202
2191.204492,1065.192774,74.66513777
2191.559585,1065.740415,74.67079202
2191.340074,1065.740415,74.67079202
2191.143914,1065.740415,74.65677221
2191.258842,1065.6647,74.67079202
2190.889728,1065.474786,74.56614196
2191.559585,1065.258818,74.65372109
2191.559585,1065.740415,74.67079202
2191.462724,1065.740415,74.67079202
2191.559585,1065.740415,74.67079202
2191.559585,1065.740415,74.67079202
2191.559585,1065.740415,74.65976661
2191.282862,1064.960048,74.65633135
2191.559585,1065.740415,74.65689876
2191.453463,1065.343983,74.67079202
2191.202819,1065.040221,74.67046662
2191.559585,1065.103749,74.66104822
2191.301478,1065.740415,74.65416651
2191.423894,1065.343167,74.67079202
2191.287048,1065.740415,74.66145639
2191.559585,1064.992223,74.67079202
2191.181289,1065.740415,74.65000489
2191.425541,1065.716453,74.66238575
2191.171793,1065.054263,74.54003498
2191.286674,1065.077666,74.67079202
2191.559585,1065.179059,74.66311195
2191.407738,1065.103372,74.66921708
2191.26774,1065.054085,74.63023782
2191.324731,1065.740415,74.65803139
2191.505274,1065.740415,74.66547852
2191.559585,1065.740415,74.67079202
2191.312247,1065.740415,74.64424365
2849.737436,1358.818382,88.4607805
2849.762312,1358.813846,88.44820237
2849.864234,1359.396437,88.32808306
2847.976688,1357.691631,88.33892833
2849.855806,1359.4049,88.4607805
2849.398528,1359.879007,88.38931255
2849.354166,1359.367127,88.45468498
2850.01017,1359.926526,88.41843054
2850.00305,1359.926526,88.4607805
2849.269509,1359.399166,88.4607805
2849.93149,1359.921283,88.43795879
2849.453169,1359.283584,88.35059326
2849.382064,1359.926526,88.44392131
2849.275055,1358.065891,88.40804006
2849.462967,1358.470404,88.28715758
2849.604594,1358.211325,88.42534352
2849.541127,1359.896092,88.4607805
2849.909162,1359.926526,88.4137856
2848.914735,1358.728599,88.24818275
2850.01017,1359.926526,88.43169458
2850.01017,1358.75145,88.43387609
2849.336113,1359.926526,88.33886977
2849.617497,1359.41712,88.41779111
2848.791945,1359.310241,88.39330077
2848.873169,1358.215287,88.31959226
2849.597123,1358.174295,88.4607805
2849.251568,1357.754654,88.13949757
2849.798894,1359.926526,88.4565639
2849.673038,1359.90592,88.46019055
2849.512875,1359.921397,88.4476181
2849.619884,1359.912534,88.35608866
2848.914701,1359.535015,88.37833298
2849.682221,1359.624249,88.27480059
2848.304422,1358.246588,88.46019055
2849.497417,1359.184377,88.40931382
2849.54459,1358.550653,88.41541261
2849.639654,1359.480931,88.36855864
2849.3198,1359.874005,88.35915381
2849.856289,1358.171868,88.4607805
2848.968764,1359.895404,88.4607805
2849.911049,1359.697642,88.4607805
2849.491863,1356.903767,88.31994188
2850.01017,1359.926526,88.42974413
2849.559295,1358.361245,88.35938327
2849.351637,1359.815819,88.41565934
2849.786062,1359.926526,88.4607805
2849.000359,1358.153874,88.44233502
2849.816553,1358.812473,88.39044515
2849.314301,1357.701427,88.22609195
2849.200932,1359.53826,88.43411468
2849.91321,1359.926526,88.4607805
2849.846991,1359.399166,88.42048257
2849.829237,1359.518586,88.43753597
2849.630519,1359.726886,88.39900661
2849.653092,1359.926526,88.32369645
2849.788808,1359.502563,88.4607805
2849.795161,1359.926526,88.23947678
2850.01017,1359.489625,88.4607805
2328.724976,1082.671547,70.01121866
2328.849149,1082.671547,70.02914559
2327.5527,1082.671547,70.02914559
2328.819133,1082.095401,70.02914559
2328.895298,1082.671547,70.02914559
2327.153417,1081.727381,69.99467711
2328.710534,1081.755506,70.02914559
2328.612747,1082.671547,69.9373124
2328.494441,1081.898825,69.9688725
2328.895298,1082.106219,70.02914559
2328.895298,1082.671547,70.01181544
2328.777434,1082.671547,70.01980995
2328.746375,1082.671547,70.02914559
2328.895298,1082.344514,70.02914559
2328.77942,1082.671547,69.91945169
2328.766002,1081.639124,70.02914559
2328.826215,1082.671547,70.02914559
2328.697665,1082.629668,70.0217138
2328.635366,1081.994744,70.00139434
2328.691863,1082.671547,70.02914559
2328.430378,1082.381522,70.02769841
2328.895298,1082.671547,70.00279485
2328.777984,1082.671547,70.02914559
2328.767143,1082.638521,70.02914559
2328.895298,1082.532227,69.99953867
2328.5458,1082.127848,69.90728187
2328.454571,1081.776667,70.00456887
2328.457627,1082.669608,70.02914559
2328.888987,1082.671547,70.01980995
2328.829564,1082.671547,70.02914559
2328.378222,1082.671547,70.01143573
2328.733959,1082.306205,69.95981195
2328.619549,1082.225202,70.02914559
2328.851797,1082.671547,70.02914559
2328.799763,1082.671547,70.02914559
2328.546496,1082.650581,70.02914559
2328.328201,1082.671547,69.99812108
2328.577123,1082.112531,69.9512104
2328.439298,1082.625139,70.00834618
2328.833887,1082.671547,70.02914559
2328.866509,1082.199843,69.98766636
2328.727056,1082.669608,70.01121866
2328.757039,1082.671547,70.02914559
2328.895298,1082.671547,70.02218539
2328.895298,1082.671547,70.02914559
2328.534654,1082.621366,70.02914559
2328.331943,1081.928771,69.99647559
2328.859005,1082.619059,70.02914559
2327.953956,1081.24367,70.00341463
2328.586669,1082.253814,69.97708281
2327.838756,1082.305454,70.02914559
2328.59227,1082.671547,70.01860153
2328.748815,1082.370144,69.93008044
2328.229906,1082.652146,69.93340759
2328.895298,1082.671547,70.02887656
2328.895298,1082.671547,70.02914559
2328.678473,1082.362966,70.02914559
2328.895298,1082.671547,70.02914559
2328.478037,1082.231596,70.00722666
2328.810584,1081.825717,69.91206379
2328.043853,1081.925325,69.94049756
2328.549701,1082.182404,70.02914559
2328.794112,1082.291328,70.02914559
2328.752003,1082.311543,70.02914559
2328.710313,1082.671547,69.99512981
2328.283965,1082.562581,70.00846425
2328.257581,1082.459421,70.01887128
2328.049461,1081.966539,70.02914559
2327.793381,1081.884923,69.99860231
2328.777344,1082.306406,69.95447759
2327.788133,1082.635457,70.01762434
2325.435252,1081.239822,69.94036362
2328.609105,1082.245955,69.95699745
2328.381317,1082.638342,69.99008035
2328.895298,1082.671547,70.02914559
2328.143041,1082.671547,69.99185269
2328.169562,1082.671547,70.02683014
2328.515064,1082.5099,70.02914559
2327.824085,1081.037257,70.00417474
2328.298027,1082.315415,69.94057759
2328.895298,1082.671547,70.02836267
2328.336075,1081.975819,70.02914559
2328.505889,1082.356038,69.86677546
2328.477561,1082.498113,69.93283274
2328.655947,1082.306406,70.02417023
2328.820372,1082.442058,70.02914559
2328.859319,1082.401175,70.01897562
2328.856441,1082.638819,70.0085095
2328.395043,1082.392773,69.97670872
2328.613595,1082.165869,70.02417023
2328.383856,1082.014499,69.99119002
2328.507335,1082.012869,70.02914559
2328.895298,1082.671547,69.99932328
2328.292876,1081.724417,69.94834687
2328.501084,1081.750482,69.99753506
2328.668798,1082.112611,70.00900356
2327.909026,1082.370714,69.99412589
2328.755298,1082.426219,70.02914559
2328.637945,1081.181682,70.02914559
2328.666715,1081.741367,70.02914559
2327.403155,1080.847965,70.02296038
2327.778179,1082.1704,70.01738397
2328.512404,1081.268135,70.02914559
2328.551032,1082.204244,69.99152926
2328.85322,1082.659722,70.02914559
2328.205681,1082.669608,69.97827329
2328.361596,1082.393201,70.02334834
2328.321303,1082.671547,70.01625834
2328.15145,1081.631213,70.02914559
2328.747017,1082.671547,70.02914559
2328.506759,1082.051668,69.96228679
2328.457673,1080.852374,69.89822847
2328.874557,1082.671547,69.96732071
2327.67708,1082.404024,70.0078333
2328.172657,1080.244526,69.98905662
2328.895298,1082.278186,70.02319292
2328.413621,1082.671547,70.02914559
2328.853163,1082.671547,70.01264966
2328.109115,1081.643445,69.9350009
2328.135364,1081.892661,70.00446545
2328.688987,1081.7914,69.97618002
2328.560747,1081.620418,70.02914559
2328.764746,1082.494462,70.00780082
2327.932452,1082.479199,69.99545893
2328.895298,1081.703963,69.8963962
2328.029131,1082.309371,69.91413999
2328.210204,1082.671547,69.91221777
2328.895298,1082.671547,70.02914559
2328.356113,1082.219743,70.02691981
2328.668249,1082.671547,69.971649
2328.474432,1082.671519,70.00452628
2328.063778,1082.203842,69.94146337
2328.70282,1082.086862,70.01422993
2327.904766,1082.518915,69.92686104
2328.689454,1082.631607,70.02492899
2328.561087,1081.534413,69.96532461
2328.119306,1082.114359,69.92373591
2328.895298,1082.671547,70.02914559
2328.748442,1082.671547,70.02914559
2328.460055,1082.473882,70.02914559
2328.631838,1082.313114,69.955503
2328.20624,1082.303636,69.9813989
2325.890684,1082.671547,69.98168431
2328.347006,1082.334006,69.26393307
2328.494315,1082.671547,70.0068323
2328.697586,1082.671547,69.96143508
2327.595024,1082.350793,69.95098704
2328.895298,1082.015726,70.02914559
2328.895298,1082.671547,70.02914559
2328.835621,1082.671547,70.02914559
2328.758509,1082.120666,70.02914559
2327.765561,1082.437341,69.97091316
2328.35491,1081.421061,70.00396953
2328.686885,1082.393872,69.95478076
2328.605064,1082.671547,70.01949339
2328.839492,1081.325921,70.02914559
2328.213498,1082.626149,70.01073842
2328.895298,1082.671547,70.02914559
2328.895298,1082.671547,70.02914559
2328.895298,1082.671547,70.02914559
2328.58503,1082.635457,70.02914559
2328.895298,1082.671547,70.02914559
2328.895298,1082.671547,70.02914559
2328.550206,1082.662019,70.02914559
2328.524899,1082.59947,70.02914559
2328.79767,1082.144667,70.02914559
2328.146613,1082.112684,70.02914559
2328.822653,1082.671547,70.02914559
2328.895298,1082.671547,70.02914559
2328.895298,1082.671547,70.02914559
2328.895298,1082.671547,70.02914559
2328.895298,1082.098429,70.02914559
2328.638558,1082.671547,70.02914559
2328.626093,1082.671547,70.02914559
2328.895298,1082.671547,70.02492899
2328.895298,1082.671547,70.02914559
2328.895298,1082.272039,70.00839133
2328.82453,1082.671547,70.02914559
2327.468415,1082.262812,70.01970035
2328.895298,1082.671547,70.02914559
2328.895298,1082.671547,70.02914559
2328.895298,1082.671547,70.02914559
2328.895298,1082.102214,70.02914559
2327.495972,1081.701534,70.02914559
2328.594683,1082.671547,70.02914559
2328.519361,1082.671547,70.02914559
2328.895298,1082.671547,70.02914559
2328.399497,1082.152446,70.02914559
2328.774128,1082.671547,70.02914559
2328.895298,1082.671547,70.02914559
2328.895298,1082.667786,70.02914559
2328.895298,1082.603799,70.02914559
2328.895298,1082.671547,70.02914559
2328.687718,1082.65879,70.02914559
2328.621944,1081.670489,70.02914559
2328.692664,1082.671547,70.02914559
2328.895298,1081.789881,70.02914559
2328.852931,1082.671547,70.02914559
2328.895298,1082.09634,70.02914559
2328.895298,1082.671547,70.02914559
2328.895298,1082.671547,70.02914559
2328.895298,1082.671547,70.02914559
2328.895298,1082.671547,70.02914559
2328.576346,1082.671547,70.02914559
2328.251236,1081.206886,70.02914559
2328.700174,1082.671547,70.02240234
2328.425741,1082.583337,70.02914559
2328.895298,1082.387431,70.02914559
2328.611341,1082.671547,70.02811859
2328.895298,1082.671547,70.02914559
2328.895298,1082.671547,70.02914559
2328.322866,1082.671547,70.02914559
2328.895298,1082.671547,70.02914559
2327.883479,1082.260914,70.02914559
2328.414404,1081.902267,70.02914559
2328.895298,1082.316283,70.02914559
2328.229782,1082.671547,70.02914559
2328.641802,1082.671547,70.02914559
2328.261554,1081.867207,70.02914559
2328.869261,1082.671547,70.02914559
2328.895298,1082.671547,70.02914559
2328.539506,1082.671547,70.00833588
2328.419499,1082.671547,70.02914559
2328.613952,1082.671547,70.02914559
2328.895298,1082.105674,70.02914559
2328.229406,1082.060511,70.01197102
2328.516669,1082.517617,70.02914559
2328.522737,1082.09531,70.02914559
2328.435759,1082.02767,69.87685414
2328.495064,1082.617225,70.01102518
2328.38084,1082.211201,70.01918595
2328.618479,1082.671547,70.02914559
2328.895298,1082.66807,70.02914559
2328.696389,1082.671547,70.02914559
2328.433179,1082.341415,69.94629735
2328.790224,1082.437951,69.9594026
2328.613586,1082.264844,70.02334834
2328.821715,1082.008538,70.02914559
2328.650374,1081.606826,70.02914559
2328.692912,1082.662019,70.02914559
2328.712244,1081.918873,70.02914559
2328.384866,1082.377706,70.00446545
2328.895298,1082.671547,70.02914559
2328.228149,1082.671547,70.00553667
2328.615828,1082.671547,70.02914559
2328.380994,1081.603615,70.01918269
2328.630644,1081.806692,70.02914559
2328.503796,1082.671547,70.0241391
2327.60345,1082.578974,69.94009195
2328.619441,1082.671547,69.95320219
2328.793507,1082.157271,69.99279165
2327.741589,1082.466501,69.93029911
2328.895298,1082.598987,69.96249511
2328.274089,1082.307173,69.9603712
2328.415751,1082.016127,70.02914559
2327.97767,1082.069236,69.89001405
2328.653583,1082.198932,70.01062037
2328.793258,1082.671547,69.92413177
2327.870644,1082.209706,69.97890262
2328.692664,1082.671547,70.01884159
2327.865214,1082.370144,69.6521735
2327.457457,1081.295341,70.01197102
2328.895298,1082.671547,69.96459563
2328.181777,1082.671547,69.99086709
2328.755534,1082.66807,69.81453778
2328.449192,1081.286766,70.00925448
2327.079222,1082.112912,69.24175701
2328.559173,1082.671547,70.01073842
2328.584456,1082.395777,70.02914559
2328.675985,1082.362966,69.98069426
2328.104344,1082.566193,69.94886883
2327.411351,1079.991158,69.8954614
2327.845994,1082.59342,70.01223593
2328.559002,1082.611844,70.02914559
2328.895298,1082.638834,70.02806295
2328.505662,1082.598987,69.86393722
2328.545465,1081.93361,69.99837633
2328.795348,1082.635071,70.02547828
2327.689376,1082.42652,69.7944077
2328.895298,1082.135684,70.02914559
2328.895298,1082.310051,69.92431929
2327.823155,1081.091471,69.77303664
2328.736111,1082.671547,70.02510564
2328.845541,1082.671547,70.02168953
2328.615546,1082.671547,70.02914559
2327.68425,1082.671547,70.02914559
2328.533852,1082.263388,69.94703625
2328.155217,1082.350164,69.96592109
2327.449195,1082.19136,70.01736071
2328.4405,1082.284862,70.0083403
2328.522698,1081.876156,70.00833588
2327.349618,1081.988086,69.99408935
2328.750281,1082.671547,70.02914559
2328.543306,1082.671547,70.02914559
2328.676696,1082.574662,69.99571193
2328.277414,1082.368116,70.00925448
2328.465548,1081.914214,69.96895805
2328.895298,1082.671547,69.99742891
2328.669828,1082.544369,69.95374697
2328.391153,1082.671547,69.96256412
2328.66936,1082.558936,70.02914559
2326.974011,1080.511413,69.79579359
2328.727004,1082.671547,69.98915332
2328.895298,1082.671547,70.02914559
2328.895298,1082.502421,70.02914559
2328.769705,1082.671547,70.02914559
2328.409321,1082.665699,70.00834618
2327.523886,1081.72414,69.98667189
2327.227732,1082.126267,69.94156793
2328.644069,1082.671547,70.01884159
2328.379465,1082.165012,70.00925448
2327.826885,1082.280465,69.90225582
2328.654543,1082.671547,70.00062887
2328.68539,1082.659211,69.99431253
2328.327287,1082.671547,70.02054293
2328.724199,1082.671547,70.00925448
2328.58027,1082.671547,70.02914559
2328.175682,1081.784759,69.9496563
2328.229653,1082.671547,69.99962125
2328.409147,1082.671547,69.97844151
2328.09663,1082.553289,69.90569848
2328.895298,1082.671547,70.00002649
2328.663394,1082.534418,70.00233983
2328.563694,1081.610326,69.98049592
2328.74211,1082.671547,70.02914559
2328.364741,1082.650389,70.01935008
2327.784555,1082.64693,70.02914559
2328.829594,1082.671547,70.02914559
2328.82453,1081.024784,69.90119413
2328.568784,1082.234343,70.00636979
2328.298518,1082.088233,69.99610361
2328.66356,1082.597796,69.99443142
2328.215924,1082.671547,70.01054718
2327.727455,1082.395845,70.00840913
2328.405057,1082.213565,70.02914559
2328.663781,1082.671547,70.02914559
2328.640817,1082.659211,69.99211573
2328.279944,1082.671547,70.02914559
2328.609808,1082.262564,70.02914559
2328.610612,1082.234343,69.9672865
2328.020758,1082.477492,70.02914559
2328.694434,1082.265413,70.00781699
2328.644184,1082.661867,69.99481791
2326.970299,1082.613351,69.97524711
2328.838526,1082.671547,70.02914559
2328.836433,1082.671547,70.02914559
2328.262782,1082.671547,70.02914559
2328.829112,1082.671547,70.02914559
2328.676348,1082.664587,69.99123171
2328.31422,1082.048646,69.9600372
2328.878338,1082.671547,69.97516627
2328.551083,1082.025052,69.97497903
2328.321546,1082.671547,69.90211633
2328.239214,1082.393637,69.96419742
2328.567912,1082.382339,70.00245966
2328.895298,1082.194564,69.83693264
2328.895298,1082.671547,70.02914559
2328.895298,1082.671547,70.02914559
2328.517321,1082.653846,69.98266082
2328.895298,1082.158983,69.97943121
2328.377759,1082.665672,70.02258371
2328.609442,1081.844879,69.7941336
2328.379977,1082.671547,70.02914559
2328.172598,1082.523013,69.90168074
2328.895298,1082.026067,70.02914559
2328.754141,1082.035202,70.02914559
2328.895298,1082.671547,70.02914559
2328.895298,1082.671547,70.02914559
2328.734449,1082.671547,70.02914559
2327.398327,1082.671547,70.02914559
2328.824046,1082.184255,70.00834618
2327.870715,1081.346632,69.96233713
2328.798155,1082.671547,70.02914559
2328.794862,1082.123894,70.01223593
2328.730901,1082.671547,69.98367066
2328.416946,1082.334787,69.9808388
2328.895298,1082.221977,70.02914559
2328.895298,1082.671547,70.02914559
2328.806092,1082.310136,70.02914559
2328.363996,1082.671547,70.02914559
2328.838515,1082.671547,70.02914559
2327.671019,1082.233869,69.95334887
2328.895298,1082.368544,70.02914559
2328.56225,1080.871989,69.96356845
2328.060562,1081.918389,70.02289903
2328.784791,1082.123554,70.01440459
2328.714746,1082.497923,70.02914559
2328.895298,1082.671547,70.02914559
2328.831706,1082.671547,70.02914559
2328.686892,1082.671547,70.02914559
2328.726811,1082.353736,69.99794764
2328.484596,1081.869739,69.93954389
2328.895298,1082.671547,70.02914559
2327.55178,1081.588418,69.67675364
2328.647801,1082.671547,70.02914559
2328.770516,1082.447559,69.98635018
2327.119012,1082.307831,69.77468864
2328.522787,1082.671547,70.02914559
2328.895298,1082.671547,70.02914559
2328.68794,1082.630416,70.02914559
2328.363789,1082.671547,70.02914559
2327.66786,1082.264012,69.91215761
2327.786496,1081.776172,69.97353463
2327.984078,1082.119481,69.9997491
2328.343806,1082.671547,70.0240743
2328.302821,1082.671547,69.9859964
2328.335892,1081.424937,69.98225967
2328.737501,1082.671547,70.00580004
2328.558009,1082.671547,70.02593879
2328.516485,1082.671547,69.97163966
2328.719736,1082.671547,70.02914559
2327.687189,1082.048715,69.92413177
2328.274201,1082.197883,69.95704288
2327.930866,1080.381169,69.96875714
2328.561174,1082.33536,69.90543744
2328.81147,1082.671547,69.97661608
2328.383764,1081.974894,70.0085095
2328.878338,1082.671547,70.02914559
2327.86158,1082.671547,69.71357325
2328.798155,1082.58067,70.02914559
2328.622478,1082.296776,69.99782431
2328.787046,1082.001668,70.02330801
2328.895298,1082.671547,69.930477
2328.583764,1081.618656,70.00756475
2328.895298,1082.356182,70.00515381
2328.281316,1080.782896,69.62352117
2328.492535,1080.838196,69.96222824
2328.895298,1082.671547,70.02583226
2326.806064,1081.805762,69.97841029
2328.895298,1082.665699,70.02914559
2327.521596,1081.011327,70.02799761
2326.97396,1081.716709,69.89708121
2328.709059,1082.523592,70.01478164
2327.91904,1082.671547,70.00747277
2328.388151,1082.201974,69.81487528
2328.509388,1082.663659,69.93881117
2328.595435,1082.359733,69.95652068
2328.153231,1082.160714,69.67405717
2327.277363,1082.288814,69.9951314
2328.714746,1082.671547,70.01812443
2328.297126,1082.322618,69.94283264
2328.27154,1082.110099,70.01927288
2328.61104,1082.671547,69.97014795
2328.216506,1080.782374,69.91444426
2328.306741,1082.619059,69.97889071
2328.69317,1082.671547,70.02914559
2327.906744,1082.107916,69.91878223
2328.553494,1082.671547,69.97516627
2328.617026,1080.140222,69.91285494
2328.593897,1082.671547,69.99734945
2328.369004,1082.670636,70.02914559
2328.895298,1082.671547,70.01933796
2328.381359,1082.405117,69.99177351
2328.696611,1081.819878,69.99891768
3068.981573,1375.934609,72.7599548
3067.869039,1374.861628,72.60302659
3069.107315,1375.184018,72.73908768
3069.233071,1375.565373,72.71742686
3068.656407,1375.708181,72.64445006
3069.233071,1376.046114,72.7609818
3068.972813,1376.046114,72.7609818
3069.077676,1376.046114,72.74882921
3069.233071,1376.046114,72.7609818
3068.980194,1375.982537,72.7609818
3068.511814,1375.975939,72.7609818
3068.803585,1375.387575,72.66379548
3069.003649,1375.513905,72.74248966
3068.718912,1376.046114,72.72083019
3066.608292,1375.241165,72.67146764
3069.233071,1376.046114,72.74802844
3069.233071,1376.046114,72.7609818
3069.124109,1376.046114,72.75168707
3069.233071,1375.594523,72.7609818
3069.233071,1375.222971,72.7609818
3068.50176,1376.046114,72.67903239
3068.445537,1376.046114,72.7609818
3068.894406,1375.088675,72.7609818
3068.818003,1373.619519,72.75694112
3068.901279,1375.207882,72.7609818
3069.233071,1376.046114,72.7292287
3068.889166,1376.045726,72.7609818
3069.233071,1376.046114,72.7609818
3069.233071,1376.046114,72.7609818
3068.958534,1375.222971,72.7609818
3069.09594,1376.046114,72.73532956
3069.233071,1376.046114,72.7609818
3069.183382,1375.984313,72.7609818
3068.415911,1376.046114,72.7609818
3068.288825,1375.733149,72.74109069
3068.805367,1376.046114,72.7609818
3067.936489,1376.046114,72.7609818
3069.233071,1376.046114,72.7609818
3069.233071,1376.046114,72.7609818
3069.173583,1375.984313,72.7609818
3069.233071,1376.046114,72.7609818
3068.368342,1375.209881,72.72190212
3069.032009,1376.046114,72.7609818
3069.233071,1376.046114,72.7609818
3068.045884,1375.222971,72.74402199
3068.691285,1376.046114,72.74021422
3068.496029,1375.90163,72.7609818
3068.041401,1376.046114,72.7609818
3069.233071,1375.553239,72.7609818
3069.142418,1376.046114,72.7609818
3069.233071,1376.046114,72.7609818
3068.73621,1376.046114,72.75664347
3069.134163,1374.628895,72.74451078
3068.793485,1376.046114,72.68126543
3068.680664,1376.038024,72.7609818
3068.937245,1376.046114,72.74194667
3068.939311,1376.046114,72.71279396
3068.966467,1376.046114,72.70988279
2501.811342,1094.692654,39.95923142
2501.495238,1093.909877,39.95120153
2501.725753,1094.666107,39.95923142
2501.45252,1094.508813,39.95923142
2501.569395,1094.692654,39.93717844
2501.630504,1094.073146,39.93885526
2501.496277,1094.641431,39.95923142
2501.416799,1094.692654,39.95508033
2501.501788,1094.419659,39.91892856
2501.811342,1094.243141,39.94288319
2501.811342,1094.692654,39.95923142
2501.424991,1094.692654,39.95923142
2501.23901,1094.61118,39.95923142
2500.859506,1093.253597,39.92837876
2500.790139,1094.514916,39.90932457
2501.628781,1094.692654,39.94002088
2500.977251,1094.248886,39.95313592
2501.811342,1094.692654,39.94914622
2501.523234,1093.954734,39.95923142
2500.466172,1093.568527,39.57210353
2501.725091,1094.692654,39.84086358
2501.460585,1094.692654,39.95923142
2501.811342,1094.512989,39.95923142
2501.50228,1093.739692,39.95923142
2501.404619,1094.692654,39.95923142
2501.048399,1094.585013,39.95265491
2501.269969,1094.692654,39.92104032
2501.368259,1094.458485,39.90071807
2500.708579,1094.316729,39.95923142
2501.564221,1094.692654,39.94911957
2500.757135,1093.988083,39.95923142
2501.640392,1093.569653,39.95039402
2500.539218,1094.692654,39.95923142
2501.130466,1094.126765,39.83365834
2501.66718,1094.692654,39.95923142
2501.520746,1093.852829,39.9492602
2501.475687,1094.182941,39.95923142
2501.436947,1094.040537,39.92955388
2500.263725,1094.39739,39.90488339
2501.072299,1094.022859,39.95923142
2501.811342,1093.851772,39.95923142
2500.396408,1094.61081,39.95923142
2501.392673,1094.086883,39.95923142
2501.583194,1094.317297,39.95605667
2501.322076,1093.671557,39.95923142
2501.36825,1094.390864,39.95923142
2501.208905,1094.686096,39.95923142
2501.063001,1094.692654,39.95923142
2500.539487,1093.399547,39.95923142
2500.084141,1094.188568,39.95923142
2501.326032,1094.046821,39.94058382
2501.256336,1094.562724,39.94815798
2501.311783,1094.692654,39.95464597
2501.372772,1094.654608,39.95923142
2501.633977,1094.692654,39.9492602
2501.811342,1094.692654,39.95923142
2500.506135,1094.008932,39.95923142
2500.474967,1093.928896,39.95923142
2501.166048,1094.323593,39.95923142
2501.474039,1094.309363,39.95923142
2500.544229,1094.692654,39.95923142
2501.277191,1093.697761,39.95923142
2500.513249,1094.692654,39.95923142
2501.366271,1094.692654,39.95923142
2501.658196,1094.692654,39.95923142
2501.566812,1094.288205,39.9493938
2500.263272,1093.802749,39.95923142
2500.45891,1094.537522,39.95923142
2501.60141,1094.126765,39.95923142
2501.552667,1094.087163,39.95923142
2500.376949,1094.692654,39.95923142
2501.811342,1094.141934,39.8420007
2500.202966,1094.692654,39.95464597
2501.610232,1094.692654,39.95923142
2501.811342,1094.692654,39.95008652
2501.407823,1094.692654,39.95923142
2501.165524,1094.692654,39.91800396
2501.550326,1094.632051,39.9492602
2500.253298,1094.692654,39.93227079
2501.331595,1094.375849,39.92223009
2501.635312,1094.449993,39.95036687
2501.776792,1094.692654,39.93680067
2500.478046,1094.224517,39.93434833
2501.000729,1094.692654,39.95923142
2501.69689,1094.692654,39.94729779
2501.697961,1094.53436,39.95923142
2501.442832,1094.194765,39.93040861
2501.811342,1094.692654,39.9089871
2501.732766,1093.734968,39.87100751
2500.489175,1094.654608,39.94860196
2501.406263,1094.595762,39.92931936
2500.67696,1094.317767,39.8516521
2500.085654,1094.692654,39.92561492
2501.73409,1094.257609,39.95923142
2501.811342,1094.692654,39.9487016
2501.125443,1094.692654,39.93040699
2501.347058,1094.692654,39.95923142
2501.429271,1094.358539,39.89924646
2500.860376,1094.191576,39.95923142
2501.701761,1094.644424,39.95923142
2501.418471,1094.547727,39.95923142
2500.723025,1093.850537,39.94596959
2500.908095,1094.692654,39.93360155
2501.757872,1094.200966,39.80265482
2499.253305,1094.692654,39.92753409
2501.811342,1094.692654,39.95923142
2501.560017,1094.649173,39.94301088
2500.825706,1094.253233,39.8369449
2501.730302,1092.994621,39.95410442
2501.03782,1094.692654,39.94998231
2501.465359,1094.056011,39.87889059
2501.811342,1094.260754,39.94550156
2501.309171,1094.422035,39.79344277
2500.440483,1094.692654,39.90881805
2501.701484,1094.692654,39.94583169
2501.811342,1094.658959,39.94737508
2501.811342,1094.692654,39.95291888
2501.720077,1094.692654,39.95923142
2501.182923,1093.662053,39.93834437
2501.769837,1094.466258,39.78274978
2501.330093,1094.400406,39.71668341
2501.179142,1094.138967,39.87121734
2500.909227,1094.692654,39.95923142
2501.615109,1094.692654,39.91679105
2501.611404,1094.662156,39.9373038
2501.377341,1094.692654,39.93134905
2501.695296,1094.692654,39.95923142
2500.273991,1094.692654,39.95923142
2501.072089,1094.643226,39.95923142
2501.599505,1094.692654,39.93745026
2501.811342,1094.651118,39.94215633
2500.975101,1094.692654,39.95488847
2501.583699,1094.429622,39.93943002
2501.500815,1094.692654,39.95923142
2501.642906,1094.692654,39.95923142
2501.811342,1094.692654,39.95923142
2501.811342,1094.692654,39.95923142
2501.811342,1094.692654,39.95923142
2501.577889,1094.692654,39.95923142
2501.52644,1094.692654,39.94423367
2501.720197,1094.692654,39.93745026
2501.305768,1094.148786,39.95923142
2501.775596,1094.692654,39.95923142
2501.386658,1094.692654,39.95923142
2501.215932,1094.307031,39.86608431
2501.811342,1094.692654,39.95923142
2501.811342,1094.692654,39.95923142
2501.811342,1094.692654,39.95923142
2501.541181,1094.692654,39.95923142
2501.584033,1094.692654,39.95923142
2501.645177,1094.040537,39.94911957
2501.766384,1094.2616,39.95923142
2500.955769,1094.661912,39.95916007
2501.764921,1093.973982,39.95923142
2500.36934,1094.200865,39.93227079
2501.691351,1094.692654,39.95923142
2501.811342,1094.400406,39.95923142
2501.811342,1094.692654,39.95923142
2501.73242,1094.692654,39.95923142
2501.438323,1094.692654,39.95923142
2501.567904,1094.465245,39.95923142
2500.988925,1093.833199,39.9565349
2501.245167,1094.435136,39.95923142
2501.598375,1094.409914,39.95923142
2501.205683,1094.161259,39.90867391
2501.689686,1094.692654,39.95923142
2501.710528,1094.692654,39.95397206
2501.788924,1094.692654,39.95923142
2500.935932,1094.692654,39.95008652
2501.188609,1093.853998,39.95923142
2501.616431,1094.234678,39.95923142
2501.748528,1094.242747,39.95923142
2501.048272,1093.716176,39.93134496
2501.716625,1094.692654,39.95923142
2501.063237,1094.344924,39.90661447
2501.725392,1094.532093,39.90669986
2501.526407,1094.16597,39.95632355
2501.714004,1094.692654,39.94911957
2501.811342,1094.692654,39.95923142
2500.879687,1094.188421,39.95776876
2501.743618,1094.040537,39.91872395
2500.854018,1094.692654,39.91033746
2501.132887,1094.692654,39.95186042
2501.694853,1094.692654,39.91137619
2501.388677,1094.203348,39.90210723
2501.771803,1094.692654,39.9343958
2500.843847,1093.002498,39.8616386
2499.961066,1094.692654,39.95923142
2501.715202,1094.612879,39.95923142
2501.112901,1093.445857,39.95125099
2501.494944,1094.658959,39.94301786
2501.560017,1094.692654,39.9315705
2501.543519,1094.67715,39.88676905
2501.610346,1093.666162,39.93911293
2501.410876,1093.690227,39.87001775
2501.811342,1094.692654,39.95923142
2501.199049,1093.906585,39.94994505
2501.236131,1094.692654,39.89489339
2501.348058,1094.692654,39.9486875
2501.776792,1094.692654,39.95516769
2501.447329,1094.646798,39.89277825
2501.684504,1092.848308,39.95923142
2501.709613,1094.692654,39.95923142
2501.079468,1094.239036,39.90804112
2501.36451,1093.238893,39.93196207
2501.363757,1093.931894,39.82748251
2500.538083,1093.652587,39.84643105
2501.718893,1094.257609,39.75490176
2501.115628,1094.692654,39.79528555
2501.445086,1094.366817,39.9060505
2501.514888,1094.626801,39.92112793
2501.12883,1093.557755,39.92617089
2501.268586,1094.692654,39.94301786
2501.435497,1094.63487,39.94913973
2501.135799,1094.115153,39.64148739
2501.627343,1094.685287,39.93524245
2499.929497,1094.402787,39.83408104
2501.218819,1094.311181,39.90947794
2501.731959,1094.692654,39.95488847
2501.390293,1094.460756,39.92844031
2501.589492,1094.692654,39.95923142
2501.286999,1094.692654,39.93692405
2501.186508,1094.325069,39.92394217
2501.423424,1094.654608,39.93946607
2501.811342,1094.676868,39.88692707
2501.680909,1094.429622,39.90031157
2501.243142,1094.491577,39.92905329
2501.623832,1094.428711,39.93919558
2501.13164,1093.758991,39.94332188
2501.760367,1094.692654,39.89842478
2501.427305,1094.692654,39.95923142
2501.439439,1094.692654,39.95923142
2501.407069,1094.670112,39.94442426
2501.273451,1094.021685,39.80346792
2500.687236,1094.626801,39.93501384
2501.375183,1094.685059,39.93461594
2500.484979,1094.678713,39.86765745
2501.44089,1094.319954,39.89620368
2501.371667,1094.355468,39.93176585
2500.95962,1094.692654,39.93290592
2501.811342,1094.692654,39.90860641
2501.811342,1094.692654,39.95288232
2501.708055,1094.692654,39.95205427
2501.143994,1094.201638,39.9563751
2501.253825,1093.795586,39.95427971
2501.634073,1094.480515,39.94557692
2501.628781,1094.224741,39.94851965
2501.464604,1094.068484,39.95923142
2501.758204,1094.295339,39.95923142
2501.461166,1094.260953,39.94821297
2501.811342,1094.692654,39.95923142
2501.58542,1094.692654,39.95923142
2501.811342,1094.692654,39.95923142
2501.546164,1094.007269,39.95923142
2501.811342,1094.692654,39.9492602
2501.710219,1094.692654,39.95688859
2501.726867,1094.631138,39.94036391
2501.811342,1094.454104,39.95923142
2500.466387,1093.951034,39.95923142
2501.617093,1094.692654,39.95923142
2501.811342,1094.692654,39.95923142
2501.811342,1094.684951,39.95923142
2501.811342,1094.692654,39.95923142
2501.657173,1094.692654,39.95923142
2501.218413,1094.692654,39.95923142
2501.536096,1094.692654,39.95923142
2501.680192,1094.692654,39.95923142
2501.811342,1094.692654,39.95923142
2501.767787,1094.260953,39.95923142
2501.638008,1093.874125,39.95923142
2501.755487,1094.692654,39.95923142
2501.673269,1094.692654,39.95923142
2501.811342,1094.692654,39.95923142
2501.622997,1094.692654,39.95923142
2501.658753,1094.688955,39.95923142
2501.811342,1094.129889,39.95923142
2501.23148,1094.577904,39.95923142
2501.611374,1094.692654,39.95923142
2501.811342,1094.692654,39.95923142
2501.738933,1094.371758,39.95923142
2501.7191,1094.355468,39.95923142
2501.621527,1094.692654,39.95923142
2501.811342,1094.692654,39.95923142
2501.811342,1094.692654,39.95923142
2501.729759,1094.301053,39.92689487
2501.069227,1093.692755,39.95923142
2500.749866,1094.233546,39.95923142
2501.73224,1094.692654,39.95923142
2501.265521,1094.692654,39.95881704
2501.622012,1093.864182,39.95923142
2501.666273,1094.692654,39.95923142
2501.722864,1094.692654,39.95923142
2501.811342,1094.655883,39.95923142
2501.474822,1094.692654,39.948968
2501.71425,1094.692654,39.95923142
2499.785538,1094.692654,39.95923142
2501.497119,1094.692654,39.95923142
2501.685519,1094.329657,39.95923142
2501.811342,1094.499263,39.95923142
2501.667114,1093.918076,39.9486875
2501.811342,1094.204466,39.93227079
2501.451971,1094.63433,39.95249451
2501.811342,1094.692654,39.95923142
2501.513408,1094.692654,39.91827743
2501.595468,1094.692654,39.91304628
2501.393014,1094.692654,39.94500219
2501.548767,1094.260953,39.95923142
2501.471421,1094.679882,39.934948
2501.511177,1094.692654,39.95228407
2500.840535,1094.040993,39.9521945
2501.710219,1093.769268,39.79282733
2501.295063,1093.249149,39.92975898
2501.73992,1094.676868,39.9436639
2501.722689,1094.692654,39.91827743
2501.811342,1094.692654,39.95923142
2501.124789,1094.645623,39.89889062
2501.527769,1094.692654,39.95923142
2500.290548,1093.421317,39.92587454
2500.980845,1093.990644,39.9206621
2501.427773,1093.87623,39.95923142
2501.811342,1094.684397,39.92244992
2500.714112,1094.499263,39.92408474
2500.827647,1094.692654,39.95400216
2501.296148,1094.692654,39.89324144
2501.515289,1094.692654,39.95923142
2501.511097,1094.485828,39.9079894
2501.027218,1094.072638,39.87184817
2501.311806,1094.600291,39.9224811
2501.275377,1094.314505,39.95706058
2500.850131,1094.626801,39.94581979
2501.360167,1094.361026,39.90127529
2501.24656,1093.909931,39.85817008
2501.361823,1094.692654,39.95923142
2501.582574,1094.641577,39.92504977
2501.399461,1094.692654,39.91105729
2501.266707,1094.619907,39.94145275
2500.732116,1094.50283,39.89929618
2501.611158,1093.550861,39.88020525
2501.718144,1094.36089,39.94324572
2500.204874,1093.129069,39.92637449
2501.139938,1094.134437,39.95711836
2501.153617,1094.085215,39.95923142
2501.179258,1094.692654,39.94514662
2501.774565,1094.692654,39.94998231
2501.75551,1094.692654,39.95691702
2501.456319,1094.692654,39.95923142
2501.811342,1094.465515,39.92708181
2501.346951,1094.274209,39.91559268
2501.628192,1094.279095,39.92448437
2501.153599,1093.824686,39.88817541
2501.729759,1094.670112,39.94682211
2501.428315,1094.692654,39.95571293
2500.28846,1093.852198,39.88240598
2501.189424,1094.692654,39.93955537
2501.391412,1094.244478,39.92364989
2501.098028,1094.692654,39.87352522
2501.716711,1094.692654,39.93473618
2501.183037,1094.156888,39.93803656
2501.28935,1094.004462,39.94161532
2501.512574,1094.670792,39.95828455
2501.480265,1094.645623,39.94285719
2501.235291,1094.234678,39.95923142
2501.56364,1094.688152,39.94660355
2501.50304,1094.628778,39.88061357
2500.974482,1094.692654,39.93821326
2501.54186,1094.692654,39.95923142
2501.701923,1094.651811,39.95923142
2501.717691,1094.499263,39.90877338
2500.921364,1094.563975,39.94504514
2501.232357,1094.653489,39.95149908
2501.182854,1094.630372,39.95923142
2500.382469,1093.23517,39.86978083
2501.406542,1094.337643,39.94069819
2501.419754,1093.984195,39.92007831
2501.811342,1094.692654,39.95923142
2501.811342,1094.692654,39.95923142
2501.697408,1094.631138,39.92085766
2501.647634,1094.692654,39.95923142
2501.579343,1094.682745,39.95515871
2500.370322,1093.879275,39.90860641
2501.811342,1094.266756,39.95923142
2501.526585,1094.168314,39.88480548
2501.709325,1094.358539,39.93059813
2501.453936,1094.598307,39.95923142
2501.331167,1094.140754,39.93659651
2501.575092,1094.692654,39.95170074
2501.527955,1094.692654,39.95062227
2501.694152,1094.6438,39.95923142
2501.540912,1094.059422,39.93684685
2500.730578,1094.650834,39.80591214
2501.685752,1094.63433,39.94861044
2501.222729,1094.692654,39.8715204
2501.811342,1094.67715,39.9492602
2501.743765,1094.692654,39.89086425
2501.237572,1094.119778,39.90079226
2501.738441,1094.692654,39.95923142
2501.72914,1094.692654,39.95454426
2501.369791,1094.619127,39.95923142
2501.772839,1094.692654,39.95688859
2500.517062,1094.613776,39.95260236
2501.811342,1094.642319,39.95923142
2500.921395,1093.977525,39.94904747
2501.188019,1094.153765,39.8041868
2501.076471,1094.547727,39.94130408
2501.300634,1094.692654,39.9317499
2501.259582,1094.692654,39.95141357
2501.614566,1094.692654,39.94774064
2501.811342,1094.692654,39.95923142
2501.573922,1094.692654,39.95923142
2501.6353,1094.692654,39.95923142
2501.538581,1094.652672,39.93696627
2500.82528,1094.307023,39.91275191
2501.536752,1094.151848,39.92450395
2501.73228,1094.692654,39.94518743
2501.592699,1094.179502,39.94578289
2501.771803,1094.692654,39.94272049
2501.680192,1094.692654,39.93575527
2501.5573,1094.692654,39.95923142
2501.440298,1094.692654,39.94274675
2501.262205,1094.692654,39.94499566
2501.387835,1093.631764,39.95728396
2501.658213,1094.692654,39.9404772
2501.811342,1094.692654,39.91827743
2501.575608,1094.630237,39.85662418
2501.612375,1094.362647,39.95456865
2501.39992,1094.18168,39.95923142
2501.353757,1094.692654,39.95129049
2501.811342,1094.692654,39.90860641
2501.811342,1094.692654,39.95923142
2501.70058,1094.692654,39.92085766
2501.315687,1094.676917,39.91417702
2501.320604,1093.89721,39.91179365
2501.323573,1094.548313,39.90624985
2500.338797,1094.593504,39.95006382
2501.597943,1094.692654,39.95616902
2501.610728,1094.6438,39.95923142
2501.45448,1094.692654,39.95711836
2501.811342,1094.692654,39.95923142
2501.811342,1094.692654,39.95923142
2501.811342,1094.334076,39.95923142
2501.811342,1094.692654,39.95923142
2501.274409,1094.692654,39.87784231
2501.697121,1094.605754,39.93019637
2500.856106,1093.943007,39.88613917
2501.546179,1094.692654,39.95923142
2501.811342,1093.891513,39.95923142
2501.601478,1094.259141,39.93687942
2501.694152,1094.398981,39.95923142
2501.811342,1094.676868,39.95923142
2501.811342,1093.755395,39.95923142
2501.363878,1094.692654,39.95436816
2501.605714,1094.347891,39.95923142
2501.222196,1094.270275,39.95923142
2501.664385,1094.617693,39.95923142
3301.510825,1385.127418,40.93142789
3301.352527,1384.430522,40.89544475
3301.25331,1385.127418,40.88953604
3301.507137,1385.127418,40.85510901
3301.616617,1385.127418,40.94606976
3301.771963,1385.127418,40.94606976
3301.771963,1385.127418,40.94525522
3301.616596,1384.658067,40.94606976
3300.574385,1385.061043,40.94606976
3301.698884,1385.127418,40.93032959
3300.841199,1384.685106,40.87498542
3301.771963,1384.569036,40.94606976
3301.116074,1384.688478,40.89544475
3301.715408,1383.895543,40.94519019
3301.771963,1384.484908,40.94606976
3301.418516,1385.127418,40.94372693
3301.648933,1385.127418,40.94372693
3301.346824,1385.127418,40.94606976
3300.753412,1384.757468,40.94606976
3301.701462,1384.138207,40.94606976
3301.412597,1384.942142,40.90404594
3301.551882,1384.523786,40.94395669
3301.771963,1385.127418,40.94606976
3301.374624,1385.085155,40.9305166
3301.771963,1385.098433,40.92710639
3300.920677,1385.127418,40.94606976
3301.592175,1385.127418,40.94606976
3301.554944,1385.127418,40.94606976
3299.608715,1384.570313,40.94606976
3301.771963,1385.127418,40.89544475
3300.970125,1385.127418,40.8868356
3301.527454,1385.127418,40.94606976
3301.21275,1385.127418,40.88614781
3299.462368,1384.726755,40.94606976
3301.631877,1384.474033,40.9291286
3301.406903,1385.127418,40.94606976
3301.675369,1384.430522,40.94606976
3301.699194,1385.127418,40.90491816
3300.225808,1384.527231,40.92042006
3301.511986,1385.127418,40.94606976
3299.89629,1384.647166,40.94606976
3301.693408,1385.127418,40.94606976
3301.430775,1384.559514,40.94606976
3299.909987,1383.896142,40.93486603
3301.550685,1385.127418,40.93684177
3301.012708,1384.153797,40.86736652
3300.921629,1385.127418,40.94606976
3301.699093,1385.127418,40.92710639
3300.970857,1383.21935,40.94606976
3301.771963,1385.127418,40.92268775
3300.232033,1384.77117,40.8998106
3301.498208,1384.715247,40.90497773
3301.246688,1385.114303,40.9445771
3301.143124,1384.577147,40.94606976
3301.55208,1385.106091,40.84608981
3300.80681,1383.70818,40.9093272
3301.331484,1384.493404,40.93790741
3301.278974,1384.680506,40.94606976
2759.76925,1117.178461,21.00180629
2760.179499,1117.305893,21.00180629
2758.906011,1116.607229,21.00180629
2759.953322,1116.88696,20.99430915
2758.799294,1116.818749,21.00180629
2759.070353,1117.305893,20.96262534
2759.974393,1117.305893,21.00137377
2759.529667,1117.093193,21.00180629
2760.156453,1117.305893,20.99785464
2759.901,1116.854505,21.00180629
2760.006121,1117.276036,21.00180629
2760.179499,1117.305893,20.98520383
2759.371566,1117.305893,20.98917008
2760.030987,1117.305893,21.00180629
2759.192792,1117.051108,20.98935339
2759.192349,1116.879014,20.98765867
2759.731751,1117.178461,21.00180629
2759.894108,1116.725973,20.98530836
2760.179499,1117.305893,21.00180629
2759.415083,1117.305893,21.00180629
2759.899362,1117.270972,20.98579787
2759.69441,1117.305893,20.98930083
2759.612119,1116.046987,20.99193949
2759.46005,1117.305893,21.00180629
2759.800601,1115.684019,21.00180629
2759.316556,1117.305893,21.00180629
2759.934198,1117.305893,21.00180629
2759.569546,1117.305893,21.00180629
2759.677283,1116.937617,20.9852349
2758.891796,1117.305893,21.00180629
2759.780396,1117.134699,20.94750883
2760.168168,1117.305893,21.00180629
2759.312443,1117.015812,20.95240208
2759.921389,1117.167097,20.95183221
2759.563482,1115.534277,21.00180629
2758.171785,1117.305893,20.98547104
2760.033274,1117.305893,20.99766483
2759.678118,1116.671295,20.9756223
2759.799086,1117.012932,21.00180629
2759.478232,1117.073596,20.99576801
2758.48501,1117.305893,20.99828744
2760.06263,1117.123249,21.00180629
2759.722217,1117.243682,21.00180629
2760.179499,1117.305893,20.99709426
2758.779087,1115.8208,20.99750576
2759.123994,1116.961856,20.98427715
2760.032047,1116.858345,20.98402226
2759.55412,1117.305893,21.00180629
2759.714127,1117.305893,21.00180629
2759.973748,1117.305893,21.00180629
2759.70092,1116.858593,21.00180629
2760.049023,1117.305893,21.00180629
2760.179499,1117.305893,21.00180629
2759.801967,1117.305893,21.00180629
2760.11212,1117.305893,21.00180629
2760.097439,1117.305893,20.99948211
2760.07578,1116.478168,20.98398784
2759.942345,1117.269272,20.98309909
2760.179499,1117.305893,21.00180629
2759.879414,1117.228991,20.99693011
2760.079976,1117.305893,21.00180629
2760.087277,1117.305893,21.00180629
2760.179499,1117.187226,21.00180629
2760.179499,1117.305893,21.00180629
2760.179499,1116.65893,20.9749658
2759.432444,1117.2784,21.00127947
2759.463352,1117.305893,20.99687308
2759.819418,1117.018406,21.00180629
2760.179499,1116.644955,21.00180629
2759.961689,1116.727863,21.00180629
2759.872593,1117.287567,21.00180629
2760.179499,1117.305893,21.00180629
2760.179499,1117.015812,21.00180629
2760.179499,1117.305893,21.00180629
2759.985798,1116.891243,21.00180629
2758.853073,1116.375598,21.00180629
2759.736753,1116.7864,21.00180629
2759.639372,1116.28839,21.00180629
2759.962251,1116.670331,20.99576801
2759.310837,1117.305893,21.00180629
2760.080324,1116.688577,20.99070714
2760.179499,1117.305893,21.00180629
2760.088877,1116.764342,21.00180629
2760.179499,1117.277895,21.00180629
2759.893663,1116.822915,21.00180629
2758.949916,1117.23641,20.99092332
2759.907951,1117.305893,21.00180629
2759.596286,1116.851548,20.97961995
2759.764021,1117.305893,21.00180629
2759.445049,1116.752912,20.97802713
2759.639776,1116.897852,20.99750676
2760.08032,1117.305893,21.00180629
2759.656381,1117.305893,21.00180629
2760.179499,1117.305893,21.00180629
2759.932687,1117.213138,21.00180629
2759.646977,1117.293691,20.97829779
2759.898868,1116.510561,20.99794938
2759.427155,1117.254069,21.00180629
2760.120483,1117.305893,21.00180629
2759.046068,1116.970872,20.98394253
2757.844114,1116.613451,21.00180629
2760.004423,1116.923125,20.98290015
2759.750016,1116.862824,21.00031363
2759.938311,1117.305893,21.00180629
2759.777434,1117.305893,20.99914477
2759.636845,1117.217528,21.0012838
2759.694408,1117.305893,21.00180629
2759.125277,1115.121066,20.97103078
2760.092386,1116.844335,20.96710263
2759.327252,1116.979754,21.00180629
2760.031571,1117.027563,21.00180629
2759.822784,1117.305893,21.00180629
2759.994642,1117.305893,21.00180629
2760.179499,1117.305893,21.00180629
2759.837074,1117.190681,21.00180629
2759.801588,1117.305893,21.00180629
2759.532725,1117.305893,20.97829779
2759.120974,1117.003766,20.97203271
2759.63391,1116.867511,21.00180629
2758.730021,1117.215107,20.96830623
2759.223807,1116.460749,21.00180629
2759.212331,1117.305893,20.9567645
2759.665099,1117.305893,20.99746263
2760.134867,1117.305893,21.00180629
2759.964062,1117.297684,21.00180629
2759.745543,1117.305893,21.00180629
2759.971834,1117.305893,20.99561475
2759.800393,1116.430913,20.98124893
2759.93983,1117.012932,21.00180629
2759.583547,1116.986779,20.9494745
2760.162107,1116.786832,20.98701863
2759.39751,1116.336102,21.00180629
2759.854234,1116.591229,20.99134566
2758.566284,1117.305893,21.00180629
2760.179499,1117.305893,21.00180629
2760.002671,1117.113953,21.00180629
2760.096131,1117.305893,21.00180629
2759.616138,1117.305893,20.99125228
2759.345382,1117.17737,20.94987161
2759.352538,1117.305893,21.00180629
2759.262307,1117.305893,21.00180629
2759.951124,1117.305893,20.99761431
2759.888034,1117.305893,20.92012577
2760.040981,1117.305893,21.00180629
2759.808917,1117.305893,20.99948211
2759.806595,1117.225655,20.99843881
2760.179499,1117.268031,21.00180629
2759.400685,1117.081713,21.00180629
2759.687817,1117.305893,20.99395325
2759.642819,1116.729506,20.96465225
2759.388967,1117.280933,20.98596209
2760.075189,1117.218663,21.00180629
2759.499846,1117.305893,20.99851501
2759.805117,1116.513617,20.97830497
2759.149403,1117.305893,20.93683556
2759.819427,1117.255364,20.99610442
2760.179499,1117.305893,20.98520383
2758.792533,1117.305893,20.98270014
2759.831358,1117.305893,21.00180629
2758.880813,1117.019755,21.00180629
2759.461361,1117.281722,20.9640868
2759.930413,1116.416844,20.98436826
2758.732081,1117.059713,21.00180629
2759.992149,1116.961856,20.99032608
2759.795044,1116.673224,21.00180629
2759.986308,1117.305893,21.00180629
2760.138787,1117.305893,20.99514289
2759.547404,1117.305893,20.99909182
2759.621275,1117.218663,20.98447099
2759.253307,1116.919596,20.93306554
2759.953601,1116.85804,21.00180629
2759.190086,1116.876279,20.98039187
2759.767056,1117.305893,20.98973935
2759.615269,1117.018406,20.93092756
2759.604179,1116.323708,20.99616609
2759.796756,1117.305893,21.00067442
2760.179499,1117.305893,21.00180629
2760.103698,1117.305893,21.00180629
2759.757959,1117.305893,21.00180629
2759.968294,1116.961147,21.00180629
2759.465294,1116.760053,20.99750711
2759.718333,1117.20254,20.99538319
2759.900384,1117.305893,21.00092848
2758.698086,1117.305893,20.99502822
2759.380122,1116.570681,20.98701797
2759.784076,1115.966951,20.98438862
2760.025172,1117.305893,21.00180629
2759.686697,1117.255373,21.00180629
2759.410088,1117.305893,20.9844416
2760.106383,1117.305893,21.00026123
2759.095303,1116.563224,20.96390864
2759.782602,1116.482563,20.98872524
2759.974393,1117.239364,21.00180629
2759.278575,1116.778966,20.958664
2760.179499,1117.005206,21.00167554
2759.846052,1116.647949,20.954682
2759.872217,1116.698537,21.00180629
2759.960279,1117.305893,21.00180629
2759.951502,1117.305893,20.98117502
2759.906668,1117.305893,21.00180629
2758.646242,1116.66327,20.98930083
2760.120631,1117.282326,21.00180629
2759.812697,1117.282526,20.99483242
2759.927763,1116.89064,20.96992372
2760.10429,1116.907039,20.96296178
2759.101594,1116.544379,20.95622834
2760.179499,1116.88408,21.00180629
2760.179499,1117.305893,20.98935282
2760.126298,1117.305893,21.00180629
2759.963458,1116.398086,20.97330121
2758.723589,1116.422414,20.98860262
2760.07722,1117.305893,21.00180629
2759.131954,1116.343172,20.88809708
2760.008034,1117.305893,21.00180629
2759.459685,1117.015123,20.98338898
2759.368052,1116.746308,20.94691668
2759.618304,1116.766962,20.99487609
2759.817324,1116.523787,20.98036807
2759.989346,1117.305893,21.00180629
2760.179499,1117.305893,20.98674963
2759.647575,1117.15599,21.00180629
2759.838524,1117.305893,20.97773244
2758.204861,1117.136224,20.99317153
2759.756645,1117.305893,21.0013944
2759.45666,1117.243682,20.99391702
2760.014919,1117.305893,21.00180629
2759.088548,1116.747551,21.00180629
2759.764104,1117.244161,21.00180629
2760.179499,1117.305893,21.00180629
2760.179499,1117.305893,21.00180629
2760.179499,1116.986309,21.00180629
2760.179499,1117.305893,21.00180629
2759.055424,1117.305893,20.9859012
2759.809555,1116.486048,21.00180629
2759.216942,1116.296796,20.98370293
2759.414028,1117.138121,20.95814742
2760.114738,1117.018134,21.00131582
2760.179499,1117.305893,20.99463317
2759.71761,1117.305893,21.00180629
2760.09064,1117.305893,21.00180629
2759.245266,1117.300094,21.00180629
2759.924952,1117.305893,20.99749183
2759.314765,1116.615661,20.99185851
2760.105405,1116.961856,21.00180629
2759.789591,1117.259138,20.99128592
2758.886979,1116.820234,20.93594284
2759.609608,1117.261283,21.00180629
2759.384902,1117.280134,20.98159168
2760.109331,1117.305893,21.00180629
2760.179499,1117.305893,21.00180629
2759.505956,1117.305893,20.97331862
2759.356565,1117.261638,21.00175453
2759.691108,1117.305893,20.96529819
2760.000512,1117.098906,20.97499811
2758.797415,1115.273051,20.93689729
2760.070245,1117.305893,21.00180629
2760.055423,1116.91734,20.99856336
2759.436203,1117.305893,21.00180629
2760.094881,1117.305893,21.00180629
2759.694313,1117.081371,21.00180629
2759.765963,1117.305893,21.00063156
2759.365251,1117.305893,21.00180629
2760.179499,1116.559762,20.95938906
2759.803266,1116.919303,21.00180629
2759.439104,1116.077194,21.00180629
2759.812706,1116.309696,20.99061114
2759.27155,1116.680592,20.98257714
2760.179499,1117.305893,21.00180629
2759.998059,1116.945443,20.99557333
2760.028109,1117.30413,21.00180629
2759.535547,1117.305893,21.00180629
2760.005485,1117.305893,21.00180629
2760.067817,1116.945948,21.00180629
2759.62353,1117.305893,20.99147586
2760.044278,1116.272649,21.00180629
2759.176768,1115.078686,21.00180629
2759.71941,1117.305893,21.00180629
2759.299282,1116.841699,21.00180629
2760.097427,1116.654617,21.00180629
2759.695724,1117.305893,21.00180629
2759.900219,1117.303915,21.00180629
2760.179499,1117.305893,21.00180629
2759.89977,1117.169168,21.00180629
2759.757024,1116.810553,20.99036733
2759.839395,1115.651581,21.00180629
2759.920946,1117.124406,21.00180629
2759.556881,1117.085671,21.00180629
2760.091575,1117.305893,21.00180629
2759.927274,1117.305893,21.00180629
2759.805734,1117.305893,20.99626693
2760.081666,1116.767686,20.99688904
2760.113008,1117.305893,21.00180629
2760.073605,1117.281822,21.00180629
2759.773437,1116.912188,21.00180629
2759.55493,1116.893324,21.00180629
2759.33651,1116.844147,21.00180629
2760.179499,1116.737638,20.99539286
2759.663716,1116.919303,21.00180629
2759.780228,1117.03701,21.00180629
2759.468404,1116.855079,21.00180629
2760.078918,1117.266209,21.00180629
2760.179499,1117.305893,20.99373751
2760.098715,1117.305893,21.00167227
2759.953023,1116.822871,21.00180629
2760.112929,1117.305893,21.00180629
2758.433362,1117.024961,21.00180629
2760.179499,1117.305893,21.00180629
2759.262855,1116.671659,20.98850579
2760.076755,1117.305893,21.00180629
2759.656287,1116.786995,21.00180629
2760.179499,1117.305893,20.98674963
2760.179499,1117.305893,21.00180629
2758.875112,1117.305893,21.00180629
2759.708447,1117.305893,21.00180629
2758.801923,1117.305893,20.98484161
2759.997812,1116.713376,21.00180629
2760.179499,1117.299775,21.00180629
2759.104533,1116.888958,21.00180629
2759.501696,1117.008596,21.00180629
2759.13625,1117.136224,20.98246053
2759.400338,1116.727863,21.00180629
2759.96502,1116.854289,21.00072538
2760.179499,1117.305893,21.00180629
2760.09328,1117.305893,20.99785464
2758.928987,1116.963859,20.90744443
2759.569231,1117.305673,21.00180629
2759.389975,1117.015697,20.98431764
2759.661035,1116.929038,20.98417579
2759.74464,1117.305893,20.99769326
2759.983433,1117.014239,21.00180629
2759.312719,1117.305893,20.96144445
2760.179499,1117.305893,21.00180629
2760.179499,1117.305893,21.00180629
2759.935453,1117.138529,21.00180629
2759.924573,1117.290736,21.00180629
2759.410921,1117.032586,21.00180629
2760.179499,1117.305893,20.98593767
2758.905441,1117.014365,20.98761348
2760.179499,1117.287663,21.00180629
2759.590174,1117.291947,20.97553793
2759.506275,1117.305893,21.00180629
2760.179499,1117.305893,20.99166053
2760.179499,1117.305893,21.00180629
2759.986457,1117.305893,21.00180629
2759.611076,1117.305893,21.00180629
2759.676244,1117.305893,21.00180629
2759.6864,1116.412075,21.00180629
2760.050049,1117.305893,20.98232971
2759.506449,1116.902741,20.98183542
2759.62919,1116.353211,20.99749144
2759.997729,1117.305893,20.99134566
2759.827146,1116.141882,20.99905616
2760.179499,1117.305893,21.00180629
2760.179499,1117.305893,21.00180629
2760.05527,1117.305893,21.00180629
2758.839474,1117.256602,21.00180629
2760.047017,1116.902741,21.00125805
2759.926642,1116.904566,21.00180629
2759.799254,1116.184567,21.00039274
2759.72923,1117.287663,21.00180629
2759.32842,1116.801417,20.98004265
2759.929766,1117.188575,21.00180629
2759.888908,1117.305893,21.00084387
2760.179499,1117.305893,21.00180629
2760.179499,1117.305893,21.00180629
2760.179499,1117.305893,21.00180629
2759.961884,1117.305893,21.00066207
2759.324139,1116.974431,21.00180629
2760.161476,1116.810553,21.00180629
2759.445929,1116.944786,21.00138742
2759.787005,1117.305893,21.00180629
2759.93692,1117.305893,21.00180629
2759.935102,1117.305893,20.99036733
2759.868505,1117.305893,21.00180629
2760.179499,1117.305893,21.00180629
2760.179499,1117.305893,21.00180629
2759.880005,1117.305893,21.00180629
2759.943166,1117.305893,20.99265705
2759.848567,1116.521337,21.00125805
2759.789841,1116.866071,21.00180629
2758.602153,1116.522981,20.98896976
2760.055793,1117.305893,21.00180629
2759.783988,1116.548027,20.99551081
2760.019405,1117.305893,20.9806537
2760.179499,1117.305893,21.00118529
2760.179499,1117.305893,21.00180629
2759.866487,1117.220198,21.00180629
2759.963256,1116.54718,20.99004555
2760.179499,1116.341006,20.99749183
2759.56942,1116.927537,20.96929363
2759.867398,1117.305893,21.00180629
2760.179499,1117.305893,21.00180629
2760.105303,1117.186038,20.99561475
2760.179499,1116.834819,21.00180629
2759.100545,1117.305893,21.00180629
2760.137294,1117.305893,21.00180629
2760.179499,1117.223081,21.00180629
2759.443222,1117.26626,21.00180629
2760.055005,1117.26626,20.96595882
2760.024324,1116.677111,21.00180629
2758.951224,1116.711666,20.99825191
2760.030874,1117.097933,20.99698591
2760.179499,1116.768171,20.98219265
2760.100394,1117.305893,20.90019985
2759.94273,1117.299165,20.95832093
2759.764167,1117.305893,20.99437909
2759.69168,1116.974431,21.00180629
2756.669176,1116.594634,20.97446337
2760.179499,1116.810553,21.00180629
2759.327625,1116.401977,20.95612465
2759.596521,1116.607124,21.00180629
2759.881431,1117.178744,20.99356339
2759.343194,1116.854828,20.97589763
2760.161476,1117.009993,20.97763562
2759.381486,1116.993355,21.00180629
2760.071735,1117.305893,20.98991153
2760.003134,1117.305893,21.00180629
2759.557047,1116.581582,21.00180629
2759.850474,1116.121508,20.99144301
2759.339132,1117.043657,20.99883194
2759.95436,1117.305893,20.99256332
2759.943974,1116.937218,20.9895772
2759.500742,1117.305893,20.95871481
2759.60492,1117.299725,20.89652935
2759.336734,1116.216199,20.98470965
2760.016303,1116.849479,21.00180629
2759.577157,1117.305893,21.00180629
2759.548725,1117.305893,20.98839033
2759.62524,1116.88086,21.00180629
2757.522422,1116.909199,20.97840136
2759.763684,1116.965645,20.98460943
2760.179499,1116.288438,20.98877319
2759.885836,1116.485724,20.99831619
2759.843948,1117.305893,20.98662673
2759.295678,1116.780931,20.97338254
2759.875029,1117.305893,20.99780403
2759.761931,1116.884627,20.96103215
2759.255716,1117.305893,21.00180629
2759.893549,1116.849479,20.99036733
2759.358144,1116.849837,20.87442188
2759.788778,1116.895764,20.9333958
2760.045111,1116.782479,20.97068358
2759.148798,1117.00021,20.99576178
2759.396149,1117.243144,20.97434073
2759.636541,1117.223071,20.99749885
2759.684427,1117.305893,20.97155349
2759.799872,1117.305893,21.00180629
2759.655596,1116.810553,20.97928856
2759.862358,1117.225655,21.00180629
2758.262851,1117.187811,20.95161541
2759.764041,1116.795523,21.00180629
2759.719023,1116.509912,20.9846891
2759.645679,1117.294724,20.97921823
2759.093174,1117.281816,20.96900393
3129.415129,1392.262631,83.89311065
3130.10677,1392.052387,83.91104649
3129.971835,1392.067044,83.91157081
3130.163185,1392.679786,83.98216563
3130.187301,1392.743024,84.0437465
3128.676467,1393.244476,83.97449924
3129.319923,1392.687747,83.92910568
3129.667002,1392.775394,83.93655164
3129.953659,1392.65953,83.94032921
3129.906239,1393.224394,84.0437465
3129.512475,1393.244476,84.01468364
3128.807055,1393.139775,83.96291802
3130.157125,1393.244476,83.95531682
3129.960314,1392.800011,83.96835789
3130.018775,1393.244476,84.01406108
3130.002932,1393.244476,84.0437465
3129.078754,1393.155038,84.01086933
3129.826344,1393.199975,84.0437465
3129.92394,1391.673548,84.0099674
3129.746685,1392.615479,83.93953458
3129.691494,1393.238508,83.98598336
3129.758406,1393.244476,84.00334077
3130.068355,1392.859042,83.85057105
3129.568834,1393.220664,84.01566862
3130.187301,1392.917911,84.01433454
3130.187301,1393.244476,84.0437465
3129.699942,1391.600922,83.98723852
3130.187301,1393.244476,84.03838111
3129.373356,1392.654072,84.03287444
3130.028243,1392.667199,83.98143728
3129.475427,1392.311783,84.01613578
3129.538672,1392.614397,83.94231071
3129.999762,1392.862996,84.03838111
3129.949059,1393.230735,83.88663445
3130.187301,1393.244476,84.0437465
3129.580989,1392.626828,84.01458982
3129.980058,1393.133424,84.03680059
3130.071598,1393.244255,84.0437465
3129.850118,1392.083274,83.94999055
3130.187301,1393.181961,83.98582468
3129.800231,1393.201703,84.00502935
3129.429192,1392.979599,83.97035743
3129.659575,1393.225588,83.93349094
3129.915193,1393.244476,83.99472785
3130.187301,1393.195508,84.01069805
3130.109587,1393.191462,84.0437465
3130.187301,1393.244476,84.0437465
3130.100892,1393.244476,83.99354196
3128.932815,1392.112573,83.82985463
3129.600035,1392.799535,83.99304203
3129.451834,1392.450825,83.83837505
3129.581362,1393.244476,84.03695832
3129.929023,1392.724068,84.0437465
3129.63696,1391.426214,83.98842258
3129.783155,1393.184222,84.0437465
3129.073232,1393.244476,84.01657132
3130.187301,1393.244476,84.0437465
3129.446898,1393.111408,84.02053155
2568.756782,1153.889848,80.49728718
2568.159467,1153.904321,80.49825118
2568.190146,1153.934025,80.51547215
2568.102008,1153.934025,80.48668192
2568.515949,1153.449948,80.50645497
2568.566845,1153.345063,80.43286984
2568.756782,1153.879788,80.55060323
2568.28512,1153.462802,80.52342955
2568.722263,1153.934025,80.55060323
2568.683122,1153.888989,80.52404708
2568.339778,1153.934025,80.55060323
2568.596652,1153.403791,80.51926343
2568.566857,1153.934025,80.53784903
2568.346409,1153.18562,80.52635963
2568.585513,1153.030684,80.52810089
2568.545811,1153.063092,80.49862956
2567.945743,1153.934025,80.55060323
2568.514927,1153.931343,80.55060323
2568.756782,1153.932237,80.5325138
2568.58122,1153.934025,80.55060323
2568.509968,1153.785318,80.38351707
2568.389463,1153.873516,80.46416558
2568.36918,1153.567899,80.46187433
2568.185593,1153.236297,80.4470858
2568.689096,1153.231525,80.55060323
2568.56739,1153.926337,80.49193171
2568.563771,1153.887863,80.52138642
2568.609107,1153.072488,80.47006766
2568.710189,1153.934025,80.52404708
2568.672369,1153.934025,80.54381506
2567.926538,1153.934025,80.52035578
2568.595721,1153.288961,80.52383863
2568.685347,1153.640985,80.47905102
2568.288196,1153.934025,80.55060323
2568.671172,1153.934025,80.51676499
2568.555011,1153.646464,80.49304738
2568.436256,1153.86818,80.49091764
2568.656863,1153.934025,80.55060323
2568.613996,1153.934025,80.48347006
2568.756782,1153.934025,80.54523784
2568.060228,1153.917441,80.51153698
2568.693431,1153.934025,80.50646143
2568.241384,1153.696594,80.47858605
2568.395947,1153.536107,80.55060323
2567.975746,1153.934025,80.5325378
2568.415925,1153.454302,80.55060323
2568.54217,1153.178315,80.53594931
2568.367025,1153.186848,80.55060323
2568.361773,1153.20319,80.40939125
2568.756782,1153.880554,80.45792183
2568.756782,1153.92063,80.44659309
2568.416685,1153.934025,80.4450905
2568.420312,1153.391265,80.45913949
2567.355455,1153.740662,80.49220952
2568.608758,1153.842571,80.54026044
2567.278585,1153.286773,80.44775883
2568.634164,1153.461886,80.53061178
2568.179709,1152.779696,80.44105095
2568.635126,1153.934025,80.4745442
2568.596966,1152.930206,80.51894792
2568.319864,1153.933805,80.45863579
2568.749494,1153.934025,80.5146736
2568.130341,1153.914903,80.54639991
2567.894504,1153.934025,80.52631151
2568.535579,1153.934025,80.49680948
2568.459851,1153.934025,80.43130051
2568.146516,1153.87998,80.53070504
2568.318962,1153.934025,80.52001923
2568.56285,1153.934025,80.47178147
2568.68104,1153.934025,80.55060323
2567.860466,1153.934025,80.47829958
2568.756782,1153.934025,80.55060323
2567.659658,1153.745156,80.50061243
2568.186886,1153.33137,80.5225452
2568.551229,1153.934025,80.55060323
2568.393328,1153.365822,80.47910008
2568.563359,1153.490164,80.55060323
2568.127982,1153.197519,80.5192162
2568.371138,1153.245417,80.53179693
2568.189827,1153.379558,80.42665563
2568.756782,1153.934025,80.52740604
2568.497927,1153.934025,80.46321205
2568.194796,1153.92512,80.46303942
2568.214703,1153.450528,80.41816754
2567.082304,1153.851498,80.55060323
2568.013969,1152.972411,80.48909043
2568.721034,1153.817343,80.55060323
2568.390204,1153.735127,80.41170376
2568.142679,1153.934025,80.50004208
2567.288965,1153.861473,80.52299252
2568.756782,1153.559066,80.37538124
2568.473821,1153.911092,80.51772668
2568.673157,1153.934025,80.55060323
2567.971577,1153.934025,80.4149598
2568.005255,1153.505021,80.54381506
2568.700286,1153.424486,80.46864542
2568.486631,1153.078361,80.39175826
2568.17164,1153.934025,80.44871819
2568.319794,1153.919555,80.48163205
2568.512195,1153.800891,80.55060323
2568.362397,1153.446494,80.49285092
2568.584568,1153.903706,80.52587039
2568.31639,1153.934025,80.54381506
2568.350671,1153.934025,80.49729105
2568.511925,1152.413363,80.4421957
2568.325307,1153.90116,80.50025273
2568.124111,1152.899958,80.3882219
2568.711294,1153.469127,80.45714873
2567.382763,1153.495065,80.37240237
2568.363059,1153.934025,80.45369582
2568.571583,1153.411269,80.44272749
2568.382504,1153.934025,80.55060323
2568.668175,1153.92512,80.55060323
2568.697825,1153.934025,80.55060323
2568.648854,1153.934025,80.55060323
2568.62586,1152.233395,80.51371394
2568.244785,1153.824706,80.55060323
2568.417672,1153.457766,80.55060323
2568.256315,1153.09816,80.51122019
2568.687253,1152.984969,80.55060323
2568.527785,1153.934025,80.55060323
2568.600008,1153.163035,80.52341042
2568.756782,1153.934025,80.55060323
2568.756782,1153.934025,80.55060323
2568.756782,1153.934025,80.55060323
2567.925137,1153.891756,80.55060323
2568.501502,1153.934025,80.55060323
2568.188841,1153.781716,80.55060323
2568.647706,1153.491157,80.50533914
2568.64466,1153.934025,80.55060323
2568.493,1153.645642,80.53141652
2568.522012,1153.934025,80.52951941
2568.563027,1153.934025,80.55060323
2568.653436,1153.934025,80.55060323
2568.756782,1153.934025,80.55060323
2568.734896,1153.934025,80.55060323
2568.756782,1153.617577,80.55060323
2568.645364,1153.876353,80.55060323
2567.826742,1153.42193,80.49357832
2568.495098,1153.488277,80.51676499
2567.486765,1153.420072,80.52481079
2568.756782,1153.931936,80.55060323
2567.262762,1153.351492,80.55060323
2568.756782,1153.934025,80.55060323
2568.536147,1153.934025,80.55060323
2568.372851,1153.934025,80.55060323
2568.686544,1153.744966,80.55060323
2568.029851,1153.910934,80.55060323
2568.379358,1153.934025,80.55060323
2568.671768,1153.934025,80.52951941
2568.106294,1152.092924,80.53277879
2568.566113,1153.927498,80.55060323
2568.645359,1153.547323,80.55060323
2568.756782,1153.934025,80.55060323
2568.756782,1153.934025,80.55060323
2568.756782,1153.934025,80.55060323
2568.691177,1153.876353,80.54613363
2568.238682,1153.491157,80.55060323
2568.23922,1153.26047,80.55060323
2568.190179,1153.448094,80.54179299
2568.60694,1153.104536,80.55060323
2568.044526,1153.934025,80.52869188
2568.490755,1153.934025,80.55060323
2568.237799,1153.934025,80.55060323
2568.756782,1153.934025,80.55060323
2568.756782,1153.573989,80.55060323
2568.756782,1153.934025,80.55060323
2568.698317,1153.393835,80.55060323
2568.588092,1153.153176,80.55060323
2568.35791,1153.934025,80.47708002
2568.499347,1153.527876,80.35566769
2567.89215,1153.934025,80.52043002
2568.732125,1153.582344,80.55060323
2568.331396,1153.934025,80.55060323
2568.756782,1153.934025,80.55060323
2568.50645,1153.91282,80.55060323
2568.547327,1153.934025,80.55060323
2568.565115,1153.533089,80.55060323
2568.145002,1153.684808,80.53243375
2568.293192,1153.428643,80.52175579
2567.748523,1153.460394,80.51421649
2568.032079,1152.799168,80.55060323
2568.17224,1153.857011,80.50458506
2568.458339,1152.365501,80.55060323
2568.756782,1153.934025,80.55060323
2568.756782,1153.934025,80.55060323
2568.236047,1153.907167,80.55060323
2568.695229,1153.889799,80.49381574
2567.733117,1153.351148,80.42001019
2568.236238,1153.934025,80.55060323
2567.775521,1153.934025,80.50231445
2568.652028,1153.934025,80.55060323
2568.15464,1153.894713,80.54026044
2568.423187,1153.934025,80.55060323
2568.678094,1153.934025,80.51500453
2568.47467,1153.934025,80.49284954
2568.603337,1153.869584,80.55060323
2568.756782,1153.491157,80.55060323
2567.993038,1153.934025,80.44203216
2568.756782,1153.530532,80.5164406
2567.304949,1153.053306,80.4769844
2568.561819,1153.934025,80.50533914
2568.30378,1153.934025,80.45476219
2568.756782,1153.934025,80.50030462
2568.46555,1153.320336,80.43627376
2567.833696,1153.934025,80.51138962
2568.394038,1153.934025,80.52738829
2568.587651,1153.912593,80.55060323
2567.966757,1153.510035,80.46827154
2568.614804,1153.934025,80.55060323
2567.656435,1153.460459,80.51025215
2568.265473,1153.297244,80.55060323
2568.566852,1153.482901,80.42172649
2567.507106,1153.649764,80.48270202
2568.5143,1153.658669,80.55060323
2568.091967,1153.934025,80.54480052
2568.756782,1153.934025,80.55060323
2568.428868,1153.934025,80.55060323
2568.427112,1153.934025,80.50330356
2568.029944,1153.261284,80.53790319
2568.554738,1153.584963,80.53784903
2567.906125,1153.861694,80.55060323
2568.711959,1153.934025,80.55060323
2568.242796,1152.970178,80.47684613
2568.361351,1153.888989,80.45999301
2568.186283,1153.934025,80.48326808
2568.631042,1153.930655,80.51648313
2568.497865,1153.923219,80.53776141
2568.690249,1153.3836,80.55060323
2567.577458,1153.141471,80.4845165
2568.527863,1153.384682,80.55060323
2567.129123,1153.912593,80.52635273
2568.371082,1153.451617,80.47575692
2567.871397,1152.504649,80.44367749
2568.529484,1153.934025,80.55060323
2568.335779,1153.184878,80.40881853
2568.233062,1153.934025,80.4623824
2568.440312,1153.585439,80.48250985
2568.756782,1153.934025,80.52951941
2568.272967,1153.818356,80.54538141
2568.575096,1153.789744,80.55060323
2568.537297,1153.516413,80.40420401
2568.195569,1153.893296,80.53127559
2567.297428,1153.052413,80.50684053
2568.661727,1153.4439,80.40064705
2568.297786,1153.207761,80.30807364
2568.619372,1153.533089,80.53303726
2568.708763,1153.934025,80.55060323
2568.500919,1153.683353,80.47134371
2568.52717,1153.711672,80.52439742
2568.292654,1153.248024,80.42814589
2567.363835,1153.231447,80.53625222
2568.240317,1153.912641,80.45378405
2568.500066,1153.921747,80.50742143
2568.561958,1153.8493,80.51954824
2568.223535,1153.400425,80.47720456
2567.81756,1153.139169,80.36830916
2568.203487,1153.934025,80.51971516
2567.328177,1153.904984,80.51002747
2568.610555,1153.934025,80.55060323
2567.177304,1153.397753,80.41539588
2568.452205,1153.555063,80.50701905
2567.677981,1153.07732,80.38537631
2567.5263,1153.796038,80.507549
2567.663009,1153.501309,80.52881685
2568.536808,1153.432227,80.55060323
2568.321973,1152.745829,80.51500453
2568.404568,1153.934025,80.55060323
2568.472179,1153.837411,80.51986726
2568.756782,1153.934025,80.55060323
2567.302806,1153.862205,80.49970096
2568.756782,1153.392385,80.52346029
2567.88667,1153.136304,80.35575256
2568.131613,1153.934025,80.467863
2567.81091,1153.884461,80.53744215
2567.203578,1153.448094,80.4466337
2568.348495,1153.361224,80.49508768
2568.689165,1153.934025,80.51406027
2568.504977,1153.893825,80.48779024
2568.756782,1153.934025,80.55060323
2567.850151,1153.498251,80.46602647
2568.480828,1153.934025,80.55060323
2567.390577,1153.210723,80.52218917
2568.264212,1153.267953,80.53180274
2567.8974,1153.736724,80.51364721
2568.687142,1153.17207,80.39126176
2568.231696,1153.668248,80.31042941
2568.571387,1153.561206,80.43596623
2568.458407,1153.482552,80.49747439
2568.623216,1153.934025,80.55060323
2568.756782,1153.883998,80.55060323
2568.117923,1153.934025,80.51371394
2567.752831,1153.444891,80.47712314
2567.648709,1153.46348,80.55026877
2567.830228,1153.906454,80.42179835
2568.491897,1153.488359,80.46242778
2568.32823,1153.934025,80.47877573
2568.099945,1153.56257,80.48718408
2567.922067,1153.656304,80.36673822
2568.663271,1153.934025,80.55060323
2568.587883,1153.934025,80.52583654
2568.541166,1153.934025,80.5504772
2568.756782,1153.934025,80.55060323
2568.187858,1153.484964,80.50848299
2567.301195,1152.864465,80.49504626
2568.496294,1153.934025,80.23683849
2567.90049,1152.319321,80.317398
2568.113878,1153.285752,80.43746569
2568.379008,1153.934025,80.45933963
2568.756782,1153.934025,80.53072907
2568.351595,1153.92512,80.55060323
2567.947173,1153.934025,80.55060323
2568.420687,1153.514084,80.41763398
2567.806512,1153.378898,80.37692455
2567.677142,1153.934025,80.46784654
2568.459246,1153.755535,80.51122019
2568.248033,1153.934025,80.38870144
2568.115577,1153.684808,80.50277333
2567.782558,1153.343831,80.30791696
2568.671498,1153.934025,80.46162021
2568.756782,1153.321257,80.55060323
2568.756782,1153.934025,80.55060323
2568.546664,1152.689483,80.55060323
2567.646738,1152.934449,80.49676154
2568.384208,1153.934025,80.3418551
2567.147569,1153.775851,80.32745396
2568.356065,1152.676442,80.45075669
2568.27955,1153.934025,80.51626868
2567.891113,1153.561074,80.29685172
2568.53664,1153.934025,80.55060323
2568.299921,1153.934025,80.45774861
2568.517925,1153.934025,80.55060323
2568.756782,1153.533089,80.52672698
2568.756782,1153.934025,80.5428612
2568.61902,1153.934025,80.47777748
2567.940701,1152.961369,80.4064687
2568.188757,1153.581286,80.35144485
2568.579271,1153.211961,80.39182298
2568.350687,1152.092085,80.38594164
2568.581293,1153.934025,80.52774345
2568.651123,1153.431522,80.45387078
2568.756782,1153.91728,80.55060323
2568.683788,1153.518103,80.54313875
2568.756782,1153.893717,80.49267365
2568.625121,1153.934025,80.36302195
2568.114622,1153.252811,80.45005049
2568.434692,1153.934025,80.51861698
2567.900528,1153.934025,80.43806454
2568.505809,1153.04038,80.49192256
2568.127779,1152.930929,80.55060323
2568.201915,1151.937245,80.39711775
2568.719924,1153.914186,80.53200709
2568.756782,1153.934025,80.55060323
2568.517291,1153.421764,80.55060323
2567.994626,1153.411269,80.52367332
2567.893666,1153.810908,80.30600804
2568.386032,1153.934025,80.24528064
2567.632276,1153.290679,80.42459719
2567.914555,1153.934025,80.47639791
2567.597864,1152.509146,80.44417705
2568.017917,1153.549727,80.34006865
2568.756782,1153.934025,80.40215215
2568.756782,1153.934025,80.55060323
2568.756782,1153.934025,80.55060323
2568.575718,1153.901703,80.50063543
2568.364342,1153.934025,80.51316111
2568.111389,1153.510755,80.3911637
2567.962389,1153.422719,80.42446224
2568.065033,1153.335903,80.41305994
2568.166971,1153.756698,80.55060323
2567.167254,1152.678913,80.38374805
2568.007702,1153.86939,80.43325085
2568.622821,1153.934025,80.43740679
2568.411428,1153.934025,80.50848299
2568.44591,1153.861322,80.55060323
2568.123691,1153.52819,80.50062297
2566.81505,1152.985095,80.33479285
2568.677914,1153.910889,80.55060323
2567.551501,1152.374003,80.41130216
2568.378191,1153.934025,80.51117553
2568.069851,1153.862205,80.30390131
2568.387353,1153.934025,80.46106978
2568.681986,1153.934025,80.5145468
2568.453425,1153.934025,80.55060323
2568.408907,1153.934025,80.55060323
2568.660802,1153.304525,80.55060323
2568.362296,1153.52768,80.51467096
2568.203037,1153.40805,80.53375932
2567.573341,1153.026292,80.51289674
2568.627057,1153.934025,80.55060323
2568.271028,1153.260512,80.48913586
2567.812251,1153.640448,80.55060323
2566.869774,1153.934025,80.55060323
2568.505078,1153.934025,80.55060323
2568.129943,1153.934025,80.55060323
2568.756782,1153.605954,80.55060323
2568.70896,1153.61811,80.53100463
2568.460822,1153.336691,80.55060323
2567.919427,1152.167546,80.52131901
2568.756782,1153.539744,80.55060323
2567.804663,1153.557447,80.55060323
2568.679772,1153.934025,80.55060323
2568.315579,1153.875035,80.55060323
2568.342511,1153.924959,80.55060323
2568.692028,1153.934025,80.55060323
2568.756782,1153.934025,80.55060323
2568.756782,1153.868669,80.55060323
2568.110306,1153.585459,80.55060323
2568.756782,1153.934025,80.55060323
2568.674473,1153.082496,80.55060323
2568.079892,1153.934025,80.55060323
2568.462546,1153.487338,80.55060323
2568.20804,1152.929662,80.53863821
2568.53663,1153.934025,80.55060323
2568.756782,1153.934025,80.55060323
2568.756782,1153.934025,80.55060323
2568.335731,1153.934025,80.55060323
2568.756782,1152.992952,80.55060323
2568.63591,1152.858314,80.55060323
2568.626003,1153.398813,80.55060323
2568.664314,1153.407879,80.55060323
2568.595984,1153.200607,80.55060323
2568.469015,1153.804321,80.55060323
2568.374327,1153.934025,80.55060323
2568.756782,1153.934025,80.55060323
2568.756782,1153.934025,80.55060323
2568.756782,1153.934025,80.55060323
2568.515566,1153.934025,80.55060323
2568.728392,1153.509086,80.55060323
2568.027225,1153.228186,80.55060323
2568.390268,1153.490356,80.55060323
2568.326057,1152.06514,80.55060323
2568.624621,1153.934025,80.55060323
2568.756782,1153.902772,80.54185714
2568.756782,1153.934025,80.55060323
2568.756782,1153.934025,80.55060323
2568.756782,1153.934025,80.55060323
2568.756782,1153.816717,80.55060323
2568.703593,1153.934025,80.55060323
2568.696114,1153.589168,80.55060323
2568.53676,1153.924214,80.55060323
2568.037123,1153.37259,80.55060323
2568.517925,1153.934025,80.55060323
2567.464882,1153.384396,80.55060323
2568.756782,1153.934025,80.55060323
2568.756782,1153.934025,80.55060323
2568.756782,1153.934025,80.55060323
2568.756782,1153.934025,80.55060323
2568.332597,1153.934025,80.55060323
2568.543422,1153.571374,80.55060323
2568.494705,1152.939006,80.5301924
2568.254685,1153.626811,80.55060323
2568.618326,1153.934025,80.55060323
2568.499206,1152.835765,80.5180109
2885.692308,1398.1368,459.2581932
2885.058888,1398.1368,459.2581932
2885.692308,1398.1368,459.2581932
2885.483712,1398.1368,459.2581932
2885.692308,1398.1368,459.2581932
2885.610768,1397.967849,459.2581932
2885.692308,1398.1368,459.2581932
2885.151945,1398.1368,459.0482291
2885.138838,1397.233934,459.0577465
2884.236945,1398.1368,459.1077202
2885.632798,1398.1368,459.1361495
2885.18884,1398.1368,459.2581932
2885.692308,1398.1368,459.2581932
2885.413692,1398.1368,459.2581932
2885.692308,1398.1368,459.2581932
2884.954956,1398.1368,459.2581932
2884.594468,1398.1368,459.2581932
2885.337531,1397.426227,459.0792748
2884.58283,1398.069155,459.0222287
2884.903217,1397.632708,459.0960369
2885.46303,1396.580761,459.2581932
2885.692308,1398.1368,458.998955
2885.449277,1398.1368,459.2581932
2885.692308,1398.1368,459.2581932
2885.024894,1398.1368,459.2581932
2885.556988,1398.1368,459.1590103
2884.700358,1397.684533,458.4512262
2885.036148,1398.1368,458.8634749
2884.956573,1398.1368,459.2283931
2885.611971,1398.1368,459.2581932
2885.073249,1397.952678,459.2581932
2885.692308,1398.1368,459.2118311
2885.057374,1397.650797,459.2581932
2885.692308,1398.1368,459.2581932
2885.261708,1398.010366,459.2581932
2885.54624,1398.1368,459.2332723
2884.933008,1397.185634,459.1085049
2885.453988,1398.004417,458.968954
2885.34174,1398.010351,459.14404
2883.751121,1398.131042,459.0895027
2885.085263,1398.1368,459.136534
2885.046558,1398.1368,459.0553203
2885.377275,1397.817282,459.1026166
2885.169428,1398.1368,459.2581932
2885.528825,1398.1368,459.2395839
2885.380536,1398.036656,459.1061093
2885.004938,1397.233476,459.0038987
2884.847737,1397.701373,459.1755903
2885.449795,1398.1368,459.2581932
2884.20292,1396.420396,458.5343607
2885.14097,1398.1368,458.8287969
2883.91912,1397.162658,458.5552337
2884.777662,1398.1368,458.7501958
2885.236466,1397.63196,459.1141817
2885.665285,1398.1368,459.1753064
2885.664969,1398.1368,459.1019542
2884.551866,1398.1368,458.8561734
2884.538012,1396.747134,458.9699578
2226.786859,1103.513224,445.3368392
2225.745739,1103.269951,444.7834021
2227.17301,1103.569981,445.4682047
2227.000853,1103.779295,444.7010512
2226.704894,1103.950689,445.1484425
2226.374267,1103.950689,445.3484201
2227.013104,1103.316476,444.9599828
2227.039416,1103.950689,445.4682047
2226.89778,1103.950689,445.4458293
2227.059417,1103.950689,445.3295698
2226.282577,1103.007755,444.79238
2226.835658,1103.527616,444.5792568
2226.87938,1103.282655,444.6452463
2227.118175,1103.569981,444.611814
2227.080336,1103.938647,445.3152939
2227.113419,1103.938647,445.2552529
2226.313914,1103.467656,444.7347746
2226.984813,1103.938647,445.0973634
2226.626646,1103.111087,444.7332445
2226.88692,1103.905336,445.4322598
2226.692902,1103.607311,445.4682047
2227.103214,1103.950689,445.3441294
2226.708697,1102.834276,444.5392472
2227.150819,1103.939877,445.0336094
2226.173558,1102.44357,444.8615586
2226.784113,1103.587786,445.336149
2226.396312,1103.941272,444.9145572
2227.165804,1103.94412,445.4682047
2226.822284,1103.92261,444.9634987
2225.367689,1103.336474,445.2565709
2227.0991,1103.907904,444.9010287
2226.327011,1103.44004,444.3620687
2226.869647,1103.921343,445.2011307
2227.126497,1103.950689,444.9479326
2226.863704,1103.378293,444.5046854
2226.483444,1103.67552,444.8190968
2225.665597,1103.562933,444.4405434
2226.283412,1103.882301,445.2164349
2226.786503,1103.709509,445.0009669
2226.330555,1103.906104,444.9671144
2227.241723,1103.586444,445.4682047
2225.86808,1101.97545,444.5471349
2226.358751,1103.576427,444.9230551
2225.35151,1102.804752,444.894855
2227.10147,1103.472519,445.0066508
2225.998519,1103.950689,444.8843436
2226.169037,1103.008172,445.2156807
2227.045277,1103.471926,445.0331255
2226.869384,1103.895346,444.913684
2226.700622,1103.91257,444.9239929
2227.164405,1103.950689,445.3094637
2225.697165,1102.996223,444.6771482
2226.563631,1103.950689,445.2771508
2226.877841,1102.694104,444.491679
2227.088136,1101.755449,444.7523546
2226.621494,1103.025562,444.8618626
2226.455658,1103.673006,444.6165336
2227.073171,1103.693996,445.0800084
2227.241723,1103.587786,445.1433987
2227.241723,1103.587786,445.3235747
2227.072042,1103.323448,445.3442386
2226.361758,1103.942397,444.9470479
2226.71928,1103.458699,445.0092138
2226.435154,1102.610266,444.7682357
2226.904053,1103.950689,445.0858322
2227.04627,1103.94534,444.9758009
2226.034839,1103.53985,444.0506723
2226.746307,1103.085245,444.8654035
2226.669339,1103.873964,445.0323705
2226.808816,1103.634704,445.4682047
2227.241723,1103.447575,445.4682047
2227.050957,1103.475826,445.1316517
2226.6675,1103.075625,444.8785308
2226.657619,1103.625726,445.1257551
2226.892596,1103.600698,444.4103894
2226.11926,1103.251628,444.7869876
2226.847225,1103.950689,444.9072307
2227.058831,1103.950689,445.4682047
2227.241723,1103.950689,444.8280557
2226.912371,1103.950689,445.4682047
2227.241723,1103.950689,445.4682047
2227.030601,1103.923581,445.4682047
2227.05205,1103.767621,445.4682047
2227.179571,1103.578467,445.3638857
2226.729826,1103.902619,445.053778
2227.060073,1103.941272,445.4682047
2226.207647,1103.43239,445.1925644
2226.822456,1103.950689,445.4682047
2225.835705,1103.526885,445.2018171
2226.941417,1103.950689,445.4682047
2227.241723,1103.950689,445.4682047
2227.241723,1103.9005,445.4682047
2227.027773,1103.344148,445.3235255
2226.356304,1103.950689,445.3508869
2225.899497,1102.915697,444.902346
2226.88331,1103.874,445.4682047
2226.996895,1103.624968,445.0557235
2226.703506,1103.950689,445.1786558
2225.316924,1103.621741,444.824575
2227.098475,1103.950689,445.340916
2227.241723,1103.950689,445.4682047
2227.078601,1103.950689,445.4682047
2227.241723,1103.950689,445.4682047
2226.693912,1103.950689,445.4682047
2226.892224,1103.561073,445.4658269
2226.716166,1103.907904,445.3199792
2227.11606,1103.950689,445.3090486
2226.446105,1103.680796,445.2312195
2227.170694,1103.950689,445.3415892
2227.241723,1103.950689,445.023368
2227.241723,1103.950689,445.4682047
2227.241723,1103.950689,445.4682047
2227.241723,1103.950689,445.4682047
2227.241723,1103.79234,445.3229296
2227.133891,1103.448177,445.3024617
2226.744398,1103.950689,445.3033737
2226.516789,1103.908723,445.3235255
2227.116078,1103.944325,445.4682047
2226.719427,1103.305964,445.2901238
2227.241723,1103.455112,445.1334806
2227.241723,1103.950689,445.2960803
2227.149177,1103.950689,445.4682047
2227.241723,1103.950689,445.3968648
2226.993756,1103.950689,445.4682047
2226.730309,1103.625125,445.065286
2227.157868,1103.950689,445.4682047
2227.032982,1103.480593,445.0830719
2227.194731,1103.950689,445.4682047
2227.147804,1103.950689,445.2777498
2227.067133,1103.950689,444.9210602
2226.856987,1103.950689,445.1003914
2227.16226,1103.950689,445.4501852
2227.241723,1103.950689,445.3229296
2226.903261,1103.935064,445.4682047
2226.829951,1103.857863,445.1975914
2226.546907,1103.512728,445.1854885
2227.06569,1103.950689,445.3368105
2226.985542,1103.804674,445.0589757
2227.125552,1103.950689,445.4682047
2227.108358,1103.950689,444.7784676
2227.241723,1103.881796,445.1350385
2225.400069,1103.701671,444.941723
2227.241723,1103.925019,445.4682047
2227.092044,1103.915973,445.4682047
2227.014028,1103.292971,445.2577918
2226.660637,1103.947036,445.4682047
2226.974841,1103.91141,445.3025634
2226.973926,1103.950689,445.42553
2225.187635,1103.920075,445.0900847
2227.190828,1103.589795,444.413419
2227.14922,1103.91141,444.9139457
2226.926481,1103.950689,444.460622
2227.241723,1103.469857,445.4682047
2227.046548,1103.580169,445.244496
2226.123493,1103.831322,445.3159235
2226.982268,1103.950689,445.4682047
2226.160569,1102.748675,444.7342252
2227.173441,1103.950689,444.7093881
2226.991838,1103.851684,445.1664593
2226.812496,1103.605518,444.9030681
2226.840142,1103.928819,445.0093136
2225.65607,1103.942397,444.2521581
2226.955801,1103.950689,445.4682047
2226.515708,1103.925019,445.1574212
2227.108297,1103.950689,445.3296985
2226.596352,1103.587786,445.0644441
2226.889135,1103.859172,445.2703319
2226.479275,1103.681135,445.2954213
2226.212934,1103.934418,444.7746768
2226.347632,1103.79709,444.7811079
2226.746562,1103.879035,444.652494
2227.241723,1103.511061,445.3315215
2226.508044,1103.850298,445.186583
2227.20295,1103.528284,445.3785133
2226.375623,1103.708272,445.3229296
2227.200344,1103.596329,445.4106308
2226.573747,1103.500398,445.4682047
2227.241723,1103.950689,445.4267073
2226.123202,1103.398252,445.2284544
2226.063698,1102.518051,444.8918773
2226.931089,1103.950689,445.1637495
2226.691248,1103.10566,444.9661644
2227.080514,1103.491509,445.2077368
2227.062433,1103.950689,445.4682047
2227.096405,1103.950689,445.4682047
2226.997873,1103.950689,445.4682047
2226.910596,1103.902574,445.4682047
2226.479832,1103.691385,445.3497015
2226.555815,1103.691385,445.3207421
2227.170694,1103.382917,444.9589051
2227.049319,1103.950689,445.4682047
2226.883467,1103.478279,444.7379515
2226.567679,1103.526885,445.4106308
2226.988597,1103.950689,445.4682047
2227.185903,1103.950689,445.4682047
2227.241723,1103.556832,445.4682047
2226.95108,1103.950689,445.3523241
2227.16524,1103.950689,445.3393458
2226.598929,1103.315211,445.3464744
2226.869431,1103.950689,445.3523263
2227.241723,1103.840696,445.4682047
2227.072962,1103.505859,445.4682047
2226.967084,1103.588983,445.4682047
2226.811285,1103.950689,445.0756197
2227.120927,1103.950211,445.2918277
2226.983512,1103.950689,445.4682047
2226.601234,1103.950689,445.2156397
2227.102079,1103.550028,445.4682047
2226.810384,1103.950689,445.327651
2226.95684,1103.950689,445.339947
2227.007343,1103.343664,445.3013793
2226.19196,1102.828874,445.3229303
2227.088578,1103.950689,445.1499251
2226.560589,1103.130669,445.1142359
2226.980333,1103.46056,445.2656373
2226.979665,1103.950689,445.4682047
2227.241723,1103.950689,445.4682047
2226.44785,1103.950689,445.4682047
2226.701719,1103.950689,445.3222155
2227.241723,1103.950689,445.2081965
2226.206096,1103.119203,445.3782358
2226.685687,1103.950689,445.3300493
2226.601709,1103.211333,445.42553
2226.739865,1103.950689,445.4682047
2226.879782,1103.91231,445.3978865
2227.241723,1103.950689,445.4682047
2227.078871,1103.898799,445.4682047
2227.172446,1103.950689,445.4682047
2227.202343,1103.941272,445.19581
2226.287241,1103.895346,445.2010733
2227.070248,1103.470443,445.2264995
2227.05003,1103.137432,445.1869367
2226.744918,1103.950689,444.9826041
2226.845722,1103.20592,445.0248226
2227.162382,1103.950689,445.4682047
2226.925482,1103.950689,445.4032828
2227.241723,1103.950689,445.4682047
2227.241723,1103.650564,445.4682047
2227.241723,1103.511681,445.3117673
2227.092204,1103.947184,445.4682047
2226.832155,1103.950689,445.4682047
2227.130989,1103.947036,445.1887721
2226.345665,1103.950689,445.184815
2227.043274,1103.948337,445.4682047
2226.554625,1103.49643,445.2142308
2227.073246,1103.582713,445.4682047
2226.925537,1103.950689,445.4682047
2227.114928,1103.950689,445.4682047
2226.403381,1103.495587,445.2918277
2227.036348,1102.656463,445.4682047
2227.052029,1103.950689,445.4682047
2227.057337,1103.950689,445.3835223
2227.212001,1103.950689,445.4682047
2226.685693,1103.635309,445.4682047
2227.105708,1103.950689,445.4682047
2227.241723,1103.160259,445.4682047
2227.241723,1103.950689,445.4682047
2227.241723,1103.950689,445.4682047
2227.136086,1103.077313,445.4682047
2227.179571,1103.950689,445.4682047
2226.821709,1103.320074,445.4682047
2227.241723,1103.299044,445.4682047
2227.241723,1103.621575,445.4682047
2226.94065,1103.077969,445.4682047
2227.241723,1103.291795,445.4682047
2227.241723,1103.675299,445.4682047
2227.241723,1103.950689,445.4682047
2227.241723,1103.950689,445.4682047
2226.92858,1103.950689,445.25958
2226.337441,1103.632197,445.3162129
2227.079415,1103.950689,445.4682047
2227.210321,1103.329442,445.4682047
2227.177552,1103.582713,445.4682047
2226.596342,1103.815768,445.4682047
2227.136977,1103.443764,445.4682047
2226.296788,1103.373117,445.1983627
2227.13439,1103.950689,445.3346844
2227.079072,1103.950689,445.4650624
2227.241723,1103.950689,445.4682047
2227.241723,1103.909357,445.2924949
2226.679678,1103.931842,445.3315782
2227.241723,1103.950689,445.4682047
2227.012348,1103.410689,445.1408111
2226.910795,1103.431991,445.4682047
2226.835076,1103.921942,445.3433233
2227.124058,1103.950689,445.1645483
2227.060215,1103.950689,445.4682047
2227.119935,1103.950689,445.4682047
2226.897757,1103.933501,445.1327407
2226.746056,1103.933501,445.4682047
2227.038284,1103.950689,445.4682047
2226.709693,1103.922066,445.0080532
2227.041001,1103.85188,445.2124754
2226.616892,1103.950689,445.3675981
2226.883063,1102.822825,445.197113
2227.032596,1103.950689,445.3179228
2226.745802,1103.950689,445.352285
2226.917023,1103.950689,445.4682047
2226.833299,1103.950689,445.2215175
2226.816289,1103.641251,445.1816273
2226.915072,1103.888307,445.4682047
2226.668541,1103.533614,445.1007464
2227.035128,1103.477914,444.7549681
2227.230337,1103.815768,445.0028527
2226.939616,1103.059763,444.9980116
2225.748387,1103.752566,444.554244
2226.891147,1103.950689,445.0319683
2226.72379,1103.950689,444.6617055
2226.994466,1103.767032,445.2236638
2226.862782,1103.83278,445.1573206
2227.052128,1103.767032,445.3009811
2226.538758,1103.533432,444.9392254
2227.024608,1103.879027,444.8312006
2226.275884,1103.777661,443.7884737
2226.616144,1103.874544,444.9979796
2226.875688,1103.950689,445.2891614
2226.509928,1103.501118,444.4962533
2227.241723,1103.793501,445.1327407
2226.166772,1102.862675,443.788092
2226.757262,1103.902224,445.1748086
2224.653968,1103.950689,444.9293745
2226.782463,1103.489448,444.9458916
2227.172051,1103.950689,444.9275457
2225.127435,1102.569491,444.4782168
2226.680615,1103.59819,444.8271017
2226.271143,1102.78153,444.5311148
2227.044726,1103.232233,444.7543767
2225.743559,1102.446626,444.5071064
2227.175286,1103.950689,445.2270042
2225.988804,1103.892259,444.8759079
2227.141902,1103.897569,445.3467882
2226.293821,1103.339104,444.9613725
2225.955465,1103.430934,444.0309197
2226.572326,1103.172665,444.5991763
2226.054002,1103.463641,444.9739031
2226.94882,1103.950689,445.2768565
2226.599182,1103.674958,443.8957817
2226.607904,1103.537863,444.3806398
2226.923511,1103.849926,444.0996703
2226.920552,1102.622854,444.5181323
2227.064068,1103.577488,445.4682047
2226.55029,1103.900414,445.3412979
2227.108034,1103.604847,445.0440387
2226.123073,1103.249886,444.7389884
2226.4836,1103.394468,444.4351499
2227.206284,1102.160123,445.1851089
2226.7755,1102.10412,444.7257155
2227.073412,1103.815768,445.1822171
2226.590175,1103.555629,444.5768535
2226.843103,1103.92905,444.3323519
2226.992743,1103.950689,444.7809253
2226.809724,1103.919504,445.216386
2227.156674,1103.900319,445.1921187
2227.241723,1103.801793,445.1219271
2226.327179,1103.423246,443.942947
2226.932679,1103.526885,444.4591276
2226.47133,1103.01459,444.2306101
2226.830384,1103.315111,444.8128135
2226.280374,1102.616389,444.1744281
2226.143053,1103.950689,445.1327047
2227.241723,1103.950689,445.3132886
2227.014806,1103.834749,445.3151477
2227.241723,1103.926728,445.4682047
2226.579265,1103.085207,444.4066789
2227.000291,1103.922707,445.0251942
2226.802639,1103.94006,444.2695499
2226.339253,1102.825331,445.2555135
2227.060598,1103.511487,445.3284431
2225.874202,1103.666533,444.3248794
2226.964086,1102.946484,445.2482948
2226.607747,1103.950689,445.3026734
2226.685298,1103.950689,445.3260719
2227.241723,1103.933501,445.3001254
2225.888233,1103.950689,445.0036696
2226.868083,1103.442579,444.8797368
2226.534594,1103.29411,444.246227
2227.087823,1103.950689,445.0262197
2226.4424,1102.64088,444.5775282
2227.015293,1103.946803,445.4682047
2226.151605,1103.53804,444.7739151
2225.761793,1103.950689,444.5594476
2226.638173,1103.826716,445.4682047
2226.486907,1103.876385,445.4682047
2226.487036,1103.933501,445.4682047
2226.691921,1103.491802,444.9694564
2227.025382,1103.843488,445.2304996
2226.756218,1102.848096,444.5383413
2227.05886,1103.534606,445.0920928
2226.997174,1103.891421,445.0490106
2225.646214,1103.359188,444.5208604
2226.939355,1103.950689,445.0342968
2226.690794,1103.950689,445.3453568
2227.241723,1103.950032,445.4682047
2227.241723,1103.950689,445.4682047
2225.902329,1103.950689,445.4086164
2227.119223,1103.588983,445.0177048
2226.465584,1103.212917,444.4502502
2226.80281,1103.950689,445.2575067
2226.961071,1102.745402,445.0195173
2226.34989,1103.108096,445.1398318
2227.145634,1103.900937,445.3094968
2226.67648,1103.950689,444.9059651
2227.241723,1103.950689,445.4682047
2227.046133,1103.950689,445.4682047
2227.046014,1103.950689,445.4682047
2226.932977,1103.608185,445.0220168
2226.489884,1103.658666,445.3841805
2226.822973,1103.541733,444.9913592
2226.74925,1103.744005,445.2277046
2226.902544,1103.950689,444.8489076
2226.772791,1103.950689,445.4682047
2227.241723,1103.950689,445.4682047
2227.004202,1103.950689,445.4682047
2226.76146,1103.933501,445.4682047
2227.16228,1103.950689,445.4682047
2227.13066,1103.941868,445.4168973
2227.241723,1103.886729,445.3476548
2227.146462,1103.21794,445.1575688
2226.855194,1102.139963,444.5910964
2226.942346,1103.430934,444.5319415
2227.173208,1103.950689,445.132771
2226.994668,1103.950689,444.7352593
2226.940984,1103.950689,445.1221143
2226.991121,1103.950689,445.4682047
2227.241723,1103.950689,445.4682047
2227.241723,1103.895758,445.4682047
2226.645823,1103.586179,445.0939718
2226.766056,1103.220339,445.3357076
2226.997839,1103.673956,445.1859337
2227.129807,1103.950689,445.1739387
2226.563439,1103.293371,444.1373704
2227.142425,1103.618189,444.72589
2227.241723,1103.917785,445.2320148
2226.806518,1103.950689,445.4682047
2227.241723,1103.950689,445.4682047
2227.196719,1103.950689,445.3032664
2227.241723,1103.623173,445.4682047
2226.646635,1103.544872,445.2750059
2226.608717,1103.913412,444.8601697
2226.829292,1102.899338,445.1190102
2226.682977,1103.443356,444.8342778
2226.889341,1103.925279,445.1310171
2227.241723,1103.950689,445.3287465
2227.241723,1103.950689,445.2827581
2227.21869,1103.950689,445.2781522
2227.086016,1103.950689,445.4682047
2226.973409,1103.896919,445.0713509
2227.121174,1102.738544,445.0807141
2227.153493,1103.60895,445.3523263
2226.56307,1103.026837,444.7674659
2227.241723,1103.950689,445.1155543
2225.817803,1102.759802,444.9159923
2226.937512,1103.950689,445.1768203
2226.923575,1103.333823,445.1705897
2572.810927,1353.355622,562.5990988
2572.635519,1353.355622,563.0837235
2572.313566,1352.771883,562.9028103
2572.705526,1353.081428,562.5586578
2572.382362,1351.789362,561.7095156
2572.372221,1353.355622,562.4782355
2571.563095,1353.140599,562.7455469
2572.786004,1353.355622,562.9872661
2572.312507,1353.355622,562.6449461
2572.085372,1352.872175,561.9998278
2572.907984,1353.186288,563.0837235
2572.967328,1353.355622,563.0813457
2572.794205,1353.355622,563.0837235
2572.726248,1353.355622,563.0837235
2572.657224,1352.954849,562.9792426
2572.486814,1351.788271,563.0837235
2572.841354,1352.49479,562.9000792
2572.599166,1353.329319,563.0837235
2571.640272,1353.029351,563.0837235
2572.521872,1352.650714,563.0837235
2572.577245,1352.335338,563.0837235
2572.902516,1353.355622,563.0837235
2572.754899,1353.355622,563.0837235
2572.917023,1352.19135,563.0837235
2572.900593,1353.355622,563.0837235
2572.81762,1352.704055,563.0660219
2572.967328,1352.802228,563.0837235
2572.967328,1352.334946,562.9396798
2572.751645,1352.040075,563.0837235
2572.663852,1352.620176,563.0837235
2572.756768,1352.402344,562.8220739
2572.967328,1353.355622,563.0712843
2572.776693,1352.952646,563.0837235
2572.774774,1353.133339,563.0837235
2572.756389,1352.668761,563.0837235
2571.829347,1352.905973,563.0837235
2572.732895,1352.871371,563.0837235
2572.584297,1351.978555,563.0837235
2572.239957,1352.921337,563.0837235
2572.19442,1352.717408,562.8647693
2572.82559,1352.891508,562.9492053
2572.846088,1353.355622,563.0837235
2572.836599,1353.355475,563.0837235
2572.967328,1353.355622,563.0837235
2572.726248,1353.355622,563.0837235
2572.902236,1353.348879,563.0837235
2572.896913,1352.9453,563.0837235
2572.333763,1350.818688,562.7250491
2572.644979,1353.355622,562.9128538
2572.683665,1352.722132,562.5465847
2572.831124,1353.246904,562.9162725
2572.779197,1353.355622,563.0837235
2572.855809,1353.355622,563.0837235
2572.916164,1353.355622,563.0837235
2572.901908,1353.209969,563.0837235
2572.811104,1353.355622,563.0837235
2572.204631,1352.327887,563.0837235
2572.905716,1353.355622,563.0837235
1832.566117,1059.604871,560.1506603
1832.629554,1059.207944,559.588095
1832.215014,1059.976835,559.977716
1832.00271,1059.981054,560.3518873
1832.588535,1059.732058,560.0449051
1832.470635,1059.981054,560.1844363
1832.629554,1059.981054,560.3518873
1832.484363,1059.931202,560.3518873
1832.392581,1059.981054,560.1790064
1832.289455,1059.043357,560.0412786
1831.961687,1059.31096,560.3518873
1831.523466,1059.233379,559.9428813
1832.52009,1059.981054,560.3272558
1831.878091,1059.432743,559.987028
1832.097424,1059.956659,560.1144218
1832.629554,1059.981054,560.3518873
1832.629554,1059.956183,560.3518873
1832.248304,1059.89195,560.3518873
1832.516847,1059.677169,560.2398575
1832.629554,1059.981054,560.1844363
1832.263785,1059.524299,559.839873
1831.393647,1059.237786,559.5257666
1832.364144,1059.082159,559.1291462
1832.629554,1059.284731,560.1844363
1832.561307,1059.981054,559.1941302
1832.608337,1059.519504,560.3518873
1832.477261,1059.945648,560.3518873
1832.493033,1059.981054,560.3518873
1832.629554,1059.981054,560.2097073
1832.131566,1059.021106,560.01628
1832.457481,1059.974311,560.0242768
1832.621578,1059.981054,560.3518873
1832.495452,1059.689551,560.0312613
1832.135068,1059.981054,560.169279
1832.302955,1059.981054,560.3518873
1832.335953,1059.981054,560.3518873
1832.629554,1059.981054,560.3518873
1832.629554,1059.981054,560.3518873
1832.621236,1059.957323,560.3518873
1832.388572,1059.951322,560.3518873
1832.494601,1059.235304,560.3518873
1831.43857,1059.52293,560.3518873
1832.256595,1059.981054,560.3518873
1832.582878,1059.956659,560.2057048
1832.426679,1059.981054,560.3518873
1832.41513,1059.981054,560.3518873
1832.539765,1059.981054,560.3518873
1832.629554,1059.981054,560.3518873
1832.163041,1059.981054,560.3518873
1832.301461,1059.981054,560.3518873
1832.318647,1059.915731,560.3518873
1832.505604,1059.631045,560.3518873
1831.861568,1059.750839,560.1592079
1832.615891,1059.644882,560.3518873
1832.481483,1059.672852,560.1709947
1832.629554,1059.981054,560.3518873
1832.541335,1059.981054,560.3518873
1832.629554,1059.981054,560.3518873
1832.569445,1059.954897,560.3518873
1832.317581,1059.981054,560.3518873
1832.457418,1059.467063,560.3518873
1832.445292,1059.956659,560.2877142
1831.841029,1059.945495,560.2099943
1832.588471,1059.981054,560.3518873
1832.28067,1059.978551,559.9124139
1832.493675,1059.981054,560.3518873
1832.354996,1059.421041,560.1091095
1832.629554,1059.981054,560.3518873
1832.629554,1059.981054,560.3518873
1832.629554,1059.940349,560.3518873
1832.587907,1059.981054,560.3518873
1832.361236,1059.931202,560.2256553
1832.444881,1059.609363,560.1060597
1832.161242,1059.199255,560.3518873
1832.248877,1058.293922,560.2729673
1832.465979,1059.981054,560.1141493
1832.443644,1059.981054,560.2530241
1832.570083,1059.981054,560.3518873
1832.629554,1059.981054,560.3518873
1832.514453,1059.981054,560.3518873
1832.594825,1059.519504,560.3518873
1831.97315,1059.981054,560.3518873
1832.614728,1059.981054,560.3518873
1832.124845,1059.415659,560.0391077
1832.455353,1059.766572,560.3518873
1831.813292,1059.565917,560.0320756
1832.375096,1059.981054,560.3509419
1832.629554,1059.614775,560.218754
1832.629554,1059.955404,560.3518873
1832.629554,1059.981054,560.3518873
1832.584057,1059.981054,560.1893979
1832.448181,1059.670741,560.2192051
1831.866071,1059.485121,559.36166
1832.086774,1059.553323,559.8427208
1832.431904,1059.079172,559.8116448
1832.60119,1059.618167,560.1675812
1832.571101,1059.631045,560.1850175
1832.469304,1059.246335,559.5689978
1832.629554,1059.957323,559.9275083
1832.518176,1059.981054,560.196888
1832.487093,1059.269514,560.3518873
1831.871694,1059.981054,560.0066857
1832.110332,1058.534134,559.2101517
1832.094532,1059.666651,559.8168399
1831.942971,1059.651069,559.5806311
1832.045533,1058.878304,560.0290294
1832.394534,1059.79217,559.505348
1832.146244,1059.207722,560.1731716
1832.612815,1059.981054,560.3518873
1832.473255,1059.981054,560.3518873
1832.589194,1059.981054,560.3518873
1832.558965,1059.462845,559.9788361
1832.312361,1059.858213,558.8482338
1832.357955,1059.649438,559.8104883
1832.222778,1058.786288,559.5690539
1832.482008,1059.570945,560.0300522
1832.200192,1059.591617,559.5385448
1832.22484,1059.345712,558.7529272
1831.966793,1059.920207,559.5855696
1832.262654,1059.864991,559.8453129
1832.629554,1059.976156,560.3518873
1832.50445,1059.936382,560.1378213
1832.430702,1059.981054,559.9344905
1832.360471,1059.706154,559.9790253
1831.688517,1059.271198,560.1810176
1832.112423,1059.881067,559.2741493
1832.629554,1059.90208,559.5917315
1832.064525,1059.981054,559.7162788
1832.629554,1059.569846,559.9450222
1832.561956,1059.396923,560.0527503
1832.533112,1059.981054,560.3518873
1832.584015,1059.981054,560.1763334
1831.868722,1059.981054,559.8362346
1832.253209,1059.87061,560.2204123
1831.719153,1058.819638,559.4404122
1832.242062,1058.642522,559.6897628
1832.402032,1059.343551,559.4729307
1832.047853,1058.909315,559.3100411
1832.492962,1059.939273,559.6070865
1832.485577,1059.943678,559.1221325
1832.629554,1059.981054,560.194598
1832.148288,1059.981054,560.2189672
1831.966591,1059.959857,560.2330403
1832.264376,1059.945904,560.3019491
1832.219884,1059.903313,559.7811414
1831.639938,1059.01043,560.0063852
1832.551047,1059.981054,559.5220203
1832.319295,1058.991495,559.3890326
1832.54287,1059.981054,559.7115816
1832.115704,1059.638527,558.8448094
1832.607826,1059.951573,559.8388775
1832.552227,1059.981054,560.3518873
1832.540831,1059.981054,560.3518873
1832.461596,1059.872991,560.2398575
1831.732649,1059.609994,558.9409303
1832.117538,1059.981054,560.0565608
1832.223318,1059.613335,559.3597591
1832.525658,1059.250442,559.8600167
1832.621236,1059.509146,560.1227229
1832.308353,1059.981054,558.9729633
1832.512542,1058.967906,560.2238857
1832.618454,1059.981054,560.3518873
1832.629554,1059.981054,560.0919354
1832.517414,1059.939746,560.3518873
1832.183567,1059.940728,559.8631219
1832.629554,1059.981054,560.3518873
1832.279302,1059.293212,559.7388805
1832.213121,1059.629155,559.4516582
1832.36575,1059.310576,559.5264333
1832.447558,1059.826225,559.5389842
1832.431843,1059.981054,560.222689
1832.629554,1059.074489,560.3518873
1832.629554,1059.981054,560.1893251
1832.599268,1059.981054,560.1594462
1832.217572,1059.719118,560.1910512
1832.598227,1058.943564,559.9283481
1832.464481,1059.244909,559.6513267
1832.587969,1059.321266,559.8683733
1832.629554,1059.981054,559.9676403
1832.263908,1059.272772,559.9227462
1832.468579,1059.781223,559.9643849
1832.629554,1059.952543,559.6113523
1832.592101,1059.942801,559.8907713
1832.601475,1059.920207,560.3518873
1832.61631,1059.554971,560.3518873
1832.629554,1059.981054,560.159747
1832.22869,1059.205556,559.9659085
1831.942242,1059.569908,559.7071024
1832.536385,1059.981054,559.8139322
1832.471807,1058.394132,559.3093189
1832.629554,1059.955404,559.9997454
1832.501938,1059.981054,560.2057048
1832.023239,1059.981054,560.1750952
1832.629554,1059.981054,560.3518873
1832.124688,1059.981054,560.3518873
1832.591848,1059.981054,560.3518873
1832.30931,1058.841603,559.5577175
1832.565456,1059.537647,560.0416724
1832.376654,1059.705671,560.3518873
1831.320006,1059.226562,559.1495386
1832.525724,1059.975177,559.9995288
1832.236625,1059.981054,559.410278
1832.51472,1059.970969,559.8994128
1832.629554,1059.981054,560.3518873
1832.332411,1059.964795,560.2169337
1832.629554,1059.981054,560.3518873
1831.968017,1059.655643,560.0999108
1832.545661,1059.515954,559.4517074
1832.093743,1059.487805,559.7912052
1832.222739,1059.981054,559.311876
1832.433128,1059.403836,559.9747551
1832.30698,1059.556314,559.97996
1832.299399,1059.981054,559.9896092
1832.629554,1059.981054,560.3518873
1832.629554,1059.981054,560.3518873
1832.536284,1059.90208,560.3518873
1832.629554,1059.981054,560.3518873
1832.514734,1059.195193,559.9170407
1832.409273,1059.981054,560.2049227
1832.487903,1059.931202,560.2177272
1832.314621,1059.981054,559.8144387
1832.535221,1059.981054,559.9962928
1832.448819,1059.981054,560.1616376
1832.613914,1059.455209,560.3518873
1832.443108,1059.543709,560.0947743
1832.587509,1059.708673,560.3518873
1832.558965,1059.981054,559.9493995
1831.988899,1059.154135,558.8854527
1832.42451,1059.981054,560.0208278
1832.378274,1059.482326,559.8521704
1832.496588,1059.455209,560.3518873
1832.344208,1059.981054,559.9458433
1831.713788,1059.981054,559.1684889
1831.837167,1059.981054,560.1224687
1832.255983,1059.646466,560.3518873
1832.629554,1059.981054,560.3518873
1831.906653,1059.60631,560.169674
1832.280701,1059.04821,559.7800084
1832.443357,1059.981054,559.6414274
1832.301488,1059.567832,559.2686577
1832.610004,1059.906907,559.6695665
1832.475134,1059.981054,560.0683838
1832.629554,1058.804441,560.0329906
1832.574703,1059.978957,560.1503655
1832.546166,1059.981054,559.9852415
1832.477897,1059.70415,559.9135747
1832.578864,1059.958904,559.93166
1832.517264,1059.981054,560.1690419
1832.629554,1059.981054,560.1545743
1832.212349,1059.532327,559.7938083
1832.048162,1059.182319,559.997886
1832.455537,1059.87061,559.7479111
1832.61955,1059.918226,560.021968
1832.629554,1059.913883,559.9732314
1832.629554,1059.981054,560.3518873
1832.474987,1059.896522,560.299
1832.559714,1059.981054,560.3518873
1832.607557,1059.743503,559.529677
1832.082852,1059.449915,560.0596836
1832.56912,1059.513271,559.961873
1832.17031,1058.69327,560.1001851
1832.595368,1059.981054,560.3518873
1832.342053,1059.833097,558.9486959
1832.452344,1059.981054,559.9074922
1832.602368,1059.513271,560.1656651
1832.333693,1059.489007,560.0814152
1832.464734,1059.921165,560.3518873
1832.560634,1059.033083,560.1104751
1832.416928,1059.95681,559.7050277
1832.268663,1059.117867,560.0522407
1831.880504,1059.981054,559.6969361
1832.581752,1059.264152,560.1180119
1832.116129,1059.452204,559.9278288
1832.588654,1059.981054,560.3518873
1832.629554,1059.981054,560.0453529
1832.381014,1059.675715,560.1753357
1832.629554,1059.981054,560.1424526
1832.292399,1059.717811,560.2248641
1832.511193,1058.522201,559.6341911
1832.503922,1059.981054,559.971075
1832.629554,1059.313723,560.3341857
1832.046485,1059.865097,559.8170448
1832.462226,1059.981054,559.5540112
1832.534423,1059.091328,559.5562838
1832.420866,1059.737293,559.4191982
1832.619188,1059.719179,559.8881686
1832.572639,1059.981054,560.3518873
1832.629554,1059.981054,560.1625888
1832.099628,1059.981054,559.9874379
1832.325939,1059.402353,560.0445742
1832.59642,1059.604007,559.609828
1832.207114,1059.662131,559.5908616
1832.523945,1059.981054,560.1801979
1832.37022,1059.50976,560.2053645
1831.9624,1059.461328,560.0199784
1832.579939,1059.981054,559.9750119
1832.534976,1059.981054,560.1221471
1832.567875,1059.775771,560.3518873
1832.516168,1059.873244,560.3518873
1832.574937,1059.523563,560.1982718
1832.164627,1059.295652,559.9977311
1832.061801,1059.962543,559.6471077
1832.472877,1059.753772,559.6044267
1832.453104,1059.958904,559.885318
1832.244032,1059.164166,560.0044434
1832.379584,1059.9214,560.16496
1832.54208,1059.981054,560.189432
1831.025545,1059.981054,560.0536117
1832.629554,1059.981054,560.3518873
1832.196658,1059.981054,559.5963235
1832.59403,1059.942801,559.9801181
1832.419348,1059.981054,560.0014759
1832.47736,1059.284474,559.7403685
1832.629554,1059.47229,560.3518873
1831.991905,1059.627136,559.6128549
1832.250238,1059.981048,559.7588971
1832.429746,1059.981054,560.0465595
1832.539488,1059.981054,560.3518873
1832.629554,1059.981054,560.3518873
1832.121469,1059.981054,560.3518873
1832.12651,1059.981054,560.3518873
1832.445551,1059.737293,559.8594488
1832.204757,1059.981054,559.8203584
1832.468557,1059.282283,559.8391902
1832.456605,1059.82892,560.1227668
1832.38136,1059.981054,560.3518873
1832.307188,1059.576603,560.3518873
1832.629554,1059.981054,560.3518873
1832.629554,1059.981054,560.3518873
1832.629554,1059.981054,560.3518873
1832.15019,1059.978225,560.3518873
1832.629554,1059.981054,560.3518873
1832.201111,1059.981054,560.3518873
1832.486887,1059.226104,560.3518873
1832.372389,1059.981054,560.3518873
1832.10011,1059.386168,560.2237851
1832.412885,1059.548441,559.8302342
1832.629554,1059.981054,560.3518873
1832.548766,1059.981054,560.3518873
1832.46717,1059.981054,560.3518873
1832.167022,1059.959475,560.3518873
1832.629554,1059.981054,560.3518873
1832.267925,1058.459226,560.3518873
1832.247925,1059.717811,560.1796708
1832.629554,1059.981054,560.3518873
1832.467026,1059.278323,560.1772209
1832.413892,1059.981054,560.3518873
1832.472519,1059.981054,560.1967232
1832.629554,1059.981054,560.3518873
1832.629554,1059.981054,560.3518873
1832.629554,1059.981054,560.3518873
1832.629554,1059.73105,560.3518873
1832.183431,1059.494791,560.3518873
1832.541383,1059.981048,560.3518873
1832.118439,1059.67356,560.3518873
1832.35825,1059.981054,560.2082198
1832.230711,1059.719118,560.1761548
1832.629554,1059.981054,560.3518873
1832.552965,1059.981054,560.3518873
1832.53054,1059.981054,560.3518873
1832.629554,1059.981054,560.3518873
1832.165213,1059.956699,560.3518873
1832.489886,1059.158649,560.3518873
1832.629554,1059.981054,560.3518873
1832.267366,1059.981054,560.3518873
1832.629554,1059.384156,560.2776013
1832.142933,1059.382966,560.1639084
1832.169453,1059.453215,560.1628683
1832.629554,1059.981054,560.0919354
1832.629554,1059.621655,560.3518873
1832.629554,1059.981054,560.3518873
1832.629554,1059.981054,560.2025562
1832.377813,1059.981054,560.0242911
1832.629554,1059.402639,560.1741297
1832.326206,1059.186679,559.897743
1832.353578,1059.521577,559.5395558
1832.559525,1059.981054,560.2054369
1832.052472,1059.311432,560.1637078
1832.629554,1059.981054,559.8000146
1832.629554,1059.431266,560.1871034
1832.629554,1059.818788,560.2818214
1832.61955,1059.981054,560.3518873
1829.508274,1059.981054,560.3518873
1832.61955,1059.530642,560.0301038
1832.28019,1059.981054,560.1221634
1831.83453,1059.120042,559.6223724
1832.366335,1059.927547,560.1669676
1832.330348,1058.665025,560.071507
1832.549805,1058.540359,559.9276166
1832.546796,1059.943945,560.0210815
1832.482942,1059.981054,560.3518873
1832.575364,1059.981054,560.3211707
1831.664698,1059.981054,560.3518873
1832.491461,1059.954814,560.3518873
1832.39743,1059.688303,560.0390686
1832.202937,1059.608646,560.1567672
1832.253619,1059.654428,560.2187029
1832.524507,1058.953787,560.3518873
1829.375947,1059.310801,560.096672
1831.797818,1059.981054,558.9197492
1832.629554,1059.981054,560.3518873
1832.557015,1059.981054,559.660777
1832.629554,1059.981054,560.1302932
1831.984327,1059.949606,559.8822529
1832.230575,1059.73105,559.9977996
1832.491256,1059.981054,559.6994365
1831.501107,1059.400791,559.6674542
1832.348707,1059.470399,560.2147868
1832.527224,1059.936459,560.1651705
1832.325262,1059.183101,559.5989594
1832.601185,1059.829142,560.0270363
1832.523997,1059.981054,559.9277633
1832.520759,1059.452017,560.1558939
1832.589695,1059.981054,560.1050706
1832.224013,1059.976844,559.4192347
1832.228669,1059.277964,559.7649733
1832.263711,1059.397649,559.6231991
1832.042831,1059.776961,558.6157229
1832.399999,1058.948132,559.4358639
1829.084426,1059.541313,559.767803
1831.889364,1059.653285,559.7529196
1832.629554,1059.981054,560.1818573
1832.096266,1059.491523,559.7425106
1832.476782,1059.981054,560.164475
1832.561276,1059.18437,559.8294006
1832.032475,1059.511509,559.5174492
1832.5944,1059.12928,559.92608
1832.358327,1059.981054,558.2459244
1832.470597,1059.457653,560.0288808
1832.387373,1059.65095,559.6858776
1829.490617,1059.239445,559.8348224
1832.350732,1059.899345,559.5912483
1832.428328,1059.981054,560.0502727
1832.580216,1059.974319,560.3518873
1832.489897,1059.676387,560.2053645
1832.386047,1059.840106,560.1354441
1831.92858,1058.888733,559.5856067
1832.435223,1059.649452,559.8055736
1832.387775,1059.518417,559.0132832
1831.977329,1058.699328,558.4853604
1832.511079,1059.750332,560.2405628
1832.503725,1059.981054,559.8825524
1832.380501,1059.914796,560.1352137
1832.351555,1059.981054,560.3518873
1832.59839,1059.60291,560.1303722
1832.617518,1059.530436,560.2123703
1832.475376,1059.981054,559.9242759
1832.320927,1059.981054,560.0354238
1832.547915,1059.189707,559.8333424
1832.277388,1058.844394,559.8390052
1832.425977,1059.594708,560.1181528
1832.385474,1059.557241,560.3518873
1832.443215,1059.981054,560.1897869
1832.501676,1059.981054,560.3518873
2349.776471,1316.248671,569.6119675
2349.429557,1315.792102,569.432527
2350.025572,1316.248671,569.6119675
2349.643807,1315.097436,569.4611555
2349.657261,1315.68568,569.3972611
2349.967267,1316.248671,569.0855874
2349.744957,1315.513617,569.1099656
2349.680187,1315.896521,569.3624966
2349.889905,1315.742788,568.8761315
2346.345726,1316.248671,569.3362465
2349.939311,1316.207889,569.6119675
2349.692907,1316.248671,569.5561182
2350.025572,1315.880895,569.6119675
2349.695439,1316.115214,569.3720432
2349.951012,1315.92914,568.9356591
2349.258031,1315.472687,568.9286212
2350.025572,1315.728104,569.5978586
2349.504623,1315.811252,569.6119675
2350.025572,1315.78452,569.6119675
2350.025572,1316.248671,569.6119675
2349.46225,1316.205709,569.6119675
2350.025572,1316.248671,569.6119675
2349.895395,1316.248671,569.4298978
2349.835242,1315.60478,569.4071023
2350.025572,1316.193185,568.8937231
2349.7952,1315.531957,569.1211694
2349.850505,1316.248671,568.8421245
2349.68424,1315.780176,569.4472031
2349.828853,1316.066646,569.6119675
2349.90926,1316.248671,569.171455
2349.447247,1316.248671,569.5334331
2349.398289,1315.733705,569.6119675
2349.822144,1316.248666,569.6119675
2349.913222,1315.043234,569.0987893
2349.49299,1316.238732,569.2544057
2349.785045,1315.638451,568.951156
2349.053871,1314.76205,569.0299742
2349.528723,1316.248671,569.2632813
2349.701462,1316.248671,569.2910873
2349.583307,1316.110659,569.0969392
2350.025572,1316.248671,569.3642705
2349.771137,1316.235593,569.4711757
2349.618545,1316.248671,569.5348093
2349.564583,1315.425152,569.2636879
2349.756449,1316.248671,569.2312743
2349.741432,1315.455654,568.7397248
2349.78898,1315.290354,569.3385165
2349.691658,1316.248671,569.1395605
2349.23201,1315.195732,568.5738134
2349.940868,1316.248671,569.2191178
2349.954132,1316.170602,569.1534551
2349.931444,1316.248671,569.4711757
2349.965614,1316.248666,569.6119675
2349.253048,1316.238431,569.298692
2349.955485,1316.248671,569.3625972
2349.24893,1315.673309,569.0529272
2346.298046,1316.241983,568.6757908
2349.832144,1316.248671,569.1329377
1549.918219,1025.209346,567.32354
1550.011093,1025.659532,568.6251292
1549.584775,1025.813907,567.6415025
1549.990871,1025.813907,568.4548158
1549.926249,1025.813907,568.6251292
1549.878787,1025.813907,568.3969919
1549.603203,1025.813327,567.8729232
1549.459385,1025.800315,568.2222913
1549.001086,1025.226861,567.9460578
1549.90989,1025.443553,567.7576579
1549.990722,1025.812965,567.9892117
1549.807391,1025.813907,567.7976714
1549.878712,1025.813907,567.896623
1549.715904,1025.79611,568.427883
1550.016708,1025.813907,568.4588333
1549.66486,1025.359879,568.4615942
1549.907121,1025.69521,568.0049976
1549.035978,1025.42089,566.8968113
1549.932253,1024.80187,568.1799137
1550.064951,1025.813907,568.4393066
1549.695611,1025.762771,566.870957
1550.06446,1024.998078,567.4734386
1549.622976,1025.009523,567.6146882
1549.728952,1025.813907,568.0201213
1550.064951,1025.813907,568.3052574
1549.866381,1025.812826,568.4004212
1550.003668,1025.702312,567.9245748
1549.246718,1025.471407,567.7477127
1549.348864,1025.773153,567.1689799
1549.828558,1025.539643,567.9064291
1546.776744,1025.813907,567.4992692
1550.064951,1025.813907,568.4631269
1550.058787,1025.588356,567.9006756
1549.80606,1025.775821,567.9331078
1549.81534,1025.689057,568.0397803
1550.063496,1025.813907,568.2244418
1550.047381,1025.279131,568.0618793
1549.480929,1025.150546,567.516817
1550.064951,1025.79611,568.2514067
1546.566588,1024.747172,567.1772612
1549.949756,1025.48625,567.5474165
1550.064951,1025.339942,568.1385289
1549.722742,1025.489535,567.6585434
1549.774052,1025.289911,568.2693779
1549.805344,1025.813907,568.2998264
1549.912166,1025.784878,568.0902619
1550.040438,1025.779659,568.1606712
1550.04069,1025.779653,568.3422269
1549.937581,1025.082089,567.9895105
1549.968316,1025.556098,567.6903045
1549.543159,1025.46725,568.1005341
1549.861679,1025.213129,568.0796616
1549.580069,1025.77913,568.1103262
1549.511632,1024.838895,566.3318479
1550.064951,1025.813907,568.4841398
1549.657957,1024.88759,567.9764568
1549.757888,1025.813907,568.2687676
1549.9613,1025.367086,568.6251292
1549.759312,1025.663681,568.1948059
1549.921392,1025.812813,568.1920856
1549.756785,1025.369492,568.1789961
1550.064951,1025.542364,568.2720016
1549.665619,1025.095144,567.7817558
1549.990007,1025.809394,568.1345795
1549.775604,1025.730713,568.2969198
1549.310382,1024.814901,567.4456555
1546.890553,1025.438648,568.2325502
1549.224183,1024.463126,567.8959123
1549.879173,1025.354141,568.4334688
1549.638054,1025.128495,567.4298581
1549.989755,1025.813907,568.255051
1549.47953,1025.813907,568.2381998
1549.78657,1025.72251,567.3701499
1550.025439,1024.76934,567.3320111
1549.784281,1025.794231,567.5815974
1549.714699,1025.419796,567.853338
1549.737203,1025.091461,568.3360345
1550.005697,1025.813907,568.6251292
1550.016952,1025.745637,568.6251292
1549.910989,1025.800315,567.9277887
1550.034587,1025.313913,567.8185873
1549.028073,1024.570954,567.5811803
1549.984884,1025.723125,566.9489188
1548.824954,1025.813907,568.266235
1549.626365,1025.252957,567.9117783
1549.854902,1025.813907,568.2715516
1549.925942,1025.813907,568.3902238
1550.018155,1024.953737,568.6251292
1549.979727,1025.813907,568.6251292
1550.018615,1025.790183,568.6251292
1549.914261,1025.813907,568.3769989
1549.3776,1025.59804,568.4692154
1549.626613,1025.722124,568.0418263
1549.877244,1024.496024,567.2691756
1549.937314,1025.790753,568.6251292
1549.513158,1025.449771,568.5288379
1550.018082,1025.813907,568.6251292
1550.015946,1025.813907,568.6251292
1549.934975,1025.813907,568.6251292
1549.94424,1025.813907,568.6251292
1549.70054,1025.081284,568.6251292
1549.991784,1025.813907,568.6251292
1549.521493,1025.813907,568.4790337
1549.805817,1025.813907,568.6251292
1549.681138,1025.319901,568.6251292
1550.007181,1024.683284,568.6251292
1550.064951,1025.585268,568.6251292
1550.064951,1025.813907,568.6251292
1550.064951,1025.813907,568.6251292
1549.848284,1025.813907,568.6251292
1550.064951,1025.583329,568.6251292
1550.064951,1025.813907,568.6251292
1549.91533,1025.512524,568.6251292
1550.029483,1025.612409,568.6251292
1550.064951,1025.792225,568.6251292
1550.064951,1025.03865,568.6251292
1549.858593,1025.813907,568.6251292
1550.064951,1025.813907,568.6251292
1550.064951,1025.813907,568.6251292
1550.064951,1025.813907,568.6251292
1550.064951,1025.813907,568.6251292
1550.064951,1025.769309,568.6251292
1550.064951,1025.279131,568.6251292
1550.064951,1025.813907,568.6251292
1550.064951,1025.798966,568.6251292
1549.519978,1025.813907,568.6251292
1549.703046,1025.813907,568.6251292
1550.064951,1025.813907,568.6251292
1550.064951,1025.813907,568.6251292
1550.064951,1025.813907,568.6251292
1550.064951,1025.813907,568.6251292
1549.88247,1025.813907,568.6251292
1550.064951,1025.813907,568.6251292
1550.064951,1025.806487,568.6251292
1550.064951,1025.813907,568.6251292
1550.064951,1024.624204,568.6251292
1550.064951,1025.38156,568.6251292
1550.064951,1025.813907,568.6251292
1550.064951,1025.813907,568.6251292
1550.064951,1025.813907,568.6251292
1550.064951,1025.813907,568.6251292
1550.064951,1025.813907,568.6251292
1550.006335,1025.333475,568.6251292
1549.709185,1025.813907,568.6251292
1549.964863,1025.05302,568.6251292
1549.929061,1025.014482,568.6251292
1550.064951,1025.29541,568.6251292
1549.640648,1025.202054,568.4442781
1549.829107,1025.813907,568.6251292
1550.014153,1025.813907,568.6251292
1550.010516,1025.813907,568.6251292
1550.064951,1025.813907,568.6251292
1550.064951,1025.800545,568.6251292
1549.725182,1025.745726,568.6251292
1550.064951,1025.813907,568.6251292
1549.985213,1025.791202,568.6251292
1549.833901,1025.561225,568.3548058
1549.97978,1025.249507,568.6251292
1549.56042,1025.554426,568.5192081
1549.832515,1025.813907,568.6251292
1550.064951,1025.813907,568.6251292
1550.064951,1025.779659,568.6251292
1550.064951,1025.538197,568.6251292
1549.995419,1025.187181,568.5342917
1549.8265,1025.507062,568.6251292
1549.546037,1025.452194,568.6251292
1549.811612,1025.700091,568.5444107
1549.831373,1024.347087,568.6251292
1549.449414,1025.813907,568.4310205
1550.064951,1025.813907,568.5327932
1550.044273,1025.813907,568.6251292
1550.064951,1025.702312,568.6251292
1550.049629,1025.813907,568.6251292
1549.48462,1025.5909,568.513319
1550.064951,1025.333475,568.4628726
1549.460674,1025.075312,568.2309801
1550.064951,1025.199523,568.2739433
1549.1335,1025.424267,567.8681178
1550.025754,1025.775095,567.8435756
1549.407867,1025.386761,567.8251361
1550.050872,1025.813907,568.6251292
1550.064951,1025.813907,568.6251292
1549.502753,1025.479927,568.57829
1549.434732,1025.813907,568.385226
1550.064951,1025.622936,568.1153488
1549.83163,1025.415142,568.6251292
1550.044751,1025.813907,568.583603
1550.020632,1025.813907,568.4888492
1549.963592,1025.051971,567.9397429
1549.966126,1025.813907,568.4613828
1549.691438,1025.813907,568.2877529
1550.035446,1025.813907,568.1637322
1550.022671,1025.813907,568.6251292
1549.262285,1025.813907,568.6251292
1549.98489,1025.770671,567.7788685
1549.740189,1025.803667,568.2668539
1549.529961,1024.609834,567.9571701
1550.064951,1025.794161,568.1410765
1549.721129,1025.686777,568.3264388
1550.063637,1025.813907,568.2080325
1549.963426,1025.422181,568.0761156
1549.903452,1025.813907,568.3125368
1549.505485,1025.392518,568.4377039
1549.928701,1025.681731,568.6251292
1549.792387,1025.813907,568.4792275
1549.509296,1024.429786,567.1748168
1549.665984,1025.786157,568.2435788
1549.650906,1025.714637,568.0890097
1549.924416,1024.761243,568.0489812
1549.908225,1025.813244,567.9552956
1549.725842,1025.813907,568.0257401
1550.059653,1025.617366,568.1174712
1549.605777,1025.813907,568.3518967
1550.036521,1025.422793,568.6251292
1549.950771,1025.227095,568.2712379
1549.725551,1024.995528,568.0495804
1550.064951,1025.813907,568.4717798
1549.429886,1024.993163,567.4340872
1549.788926,1025.813907,567.8530874
1550.064951,1025.813907,568.4800655
1549.411641,1025.813907,568.1024186
1549.911362,1025.248512,568.3397509
1549.741849,1025.457347,568.1270261
1549.881256,1025.792687,568.4752777
1549.987583,1025.230831,568.5040816
1550.063867,1025.401826,568.3188794
1549.768574,1025.813907,568.2485415
1549.441785,1025.297402,567.7003627
1549.358118,1025.738439,568.4298361
1549.945048,1025.813907,568.3973251
1549.962681,1025.41822,568.4247057
1550.005502,1025.813907,568.1343716
1550.064951,1025.813907,568.3562768
1549.783776,1025.706714,567.7485875
1549.827112,1025.568128,568.4471765
1549.381171,1025.500142,567.2137393
1550.015528,1025.813907,568.3912481
1549.366204,1025.813907,567.9985924
1549.893148,1025.719535,567.1766327
1550.026912,1025.460411,568.4675673
1549.512734,1024.80384,568.3055574
1549.865229,1025.780191,567.9770339
1549.665214,1025.774561,568.1064952
1549.568385,1025.701628,568.421075
1550.064951,1025.803667,568.6251292
1549.78344,1025.745726,568.5755801
1549.891406,1025.706714,568.3457203
1549.355657,1025.499917,566.3500439
1549.480115,1025.744315,567.9924005
1549.953647,1025.729888,567.5912397
1549.986555,1025.793609,567.390681
1550.034493,1025.813907,568.4278926
1549.671106,1025.038658,567.6464834
1549.801889,1025.755206,567.4984655
1549.987376,1025.813907,568.6251292
1549.54747,1025.781679,568.3614368
1549.997673,1025.74159,567.4729542
1549.885376,1024.975769,567.7978298
1549.935774,1025.766489,568.5554029
1549.56377,1025.308295,567.7136382
1549.762111,1025.068756,568.0516532
1550.001299,1025.375339,567.7794241
1549.9059,1025.316821,567.0823438
1549.594155,1025.813907,567.826354
1549.434248,1025.813907,568.589241
1549.987563,1025.48102,568.6251292
1549.452062,1025.453556,568.2501221
1550.033773,1025.59078,568.1587053
1549.202478,1024.697325,567.2602182
1549.734199,1025.638416,567.8874214
1549.365235,1025.204018,568.4433504
1549.704411,1025.645291,568.4214561
1549.893645,1025.768939,568.0835242
1549.586339,1025.23555,568.3011593
1550.064951,1025.79646,568.6251292
1549.490228,1025.813907,568.6251292
1550.047566,1025.813907,568.6251292
1549.896443,1025.309496,568.3847975
1549.427292,1025.395326,567.1417156
1549.968977,1025.813907,568.1470451
1549.603494,1025.0839,565.2600972
1549.700965,1025.474392,567.8170963
1549.63601,1024.656024,568.3290167
1549.966505,1025.758241,567.8589397
1550.032484,1025.73972,568.6251292
1549.882654,1025.813907,568.6251292
1550.064951,1025.813907,568.4577017
1549.887926,1025.757663,568.6251292
1549.729961,1025.299,567.2090996
1549.06417,1024.842371,567.272
1549.941955,1025.813327,567.8139686
1549.755514,1024.842291,568.2717104
1550.04896,1025.465016,568.3362006
1550.040521,1024.905045,567.6982512
1549.878632,1025.813907,568.1646537
1550.064951,1025.638416,568.6251292
1550.064951,1025.707806,568.6251292
1550.064951,1025.813907,568.6251292
1549.738885,1025.479172,567.974872
1549.961194,1025.216325,568.2978702
1549.386765,1024.953737,568.612038
1549.759783,1025.692436,567.854416
1549.889569,1025.737858,567.9168802
1549.981982,1025.807469,568.6251292
1549.987718,1025.434635,568.6251292
1550.064951,1025.471332,568.6251292
1550.064951,1025.813907,568.6251292
1549.780283,1025.738439,568.6251292
1549.988377,1025.716408,568.1237026
1550.028405,1025.81171,568.6251292
1549.865268,1025.48102,568.6251292
1549.948098,1025.48102,568.5099946
1549.923302,1025.771092,567.4427051
1549.608536,1024.965857,567.596055
1550.055257,1025.585268,568.4403144
1549.829048,1025.813907,568.6251292
1550.064951,1025.813907,568.6251292
1549.855268,1025.784569,568.6251292
1549.521493,1025.813907,568.6251292
1549.212655,1025.808414,568.6251292
1550.048201,1025.591511,568.1080678
1549.899137,1025.813907,567.9862522
1549.82867,1025.568833,568.2409358
1549.921456,1025.185397,568.6251292
1550.063785,1025.506929,568.1876703
1550.057955,1025.813907,568.6251292
1549.93899,1025.813907,568.6251292
1550.064951,1025.765637,568.6251292
1549.84741,1025.246665,568.6251292
1550.008769,1025.813907,568.6251292
1550.048551,1025.528387,568.6251292
1549.490047,1025.776088,568.2833089
1549.887192,1024.94542,568.5099946
1549.956901,1025.137784,568.1064245
1550.011668,1025.813387,568.6251292
1549.835313,1025.813907,568.0634123
1550.012287,1025.813907,568.6251292
1550.001257,1025.813907,568.6251292
1549.936745,1025.459186,568.6251292
1549.990807,1025.388217,568.6251292
1549.836852,1024.88003,567.9002705
1549.559333,1024.877574,568.3687416
1549.990775,1025.813907,568.6251292
1549.255517,1025.056,568.1894686
1549.985531,1025.264212,568.184502
1549.786968,1025.813907,567.9919321
1549.944017,1025.813907,568.6251292
1549.948178,1025.813293,568.6251292
1549.978909,1025.813907,568.6251292
1549.972555,1025.813907,568.6251292
1549.857123,1025.126387,568.6251292
1550.005853,1025.347451,568.3434719
1549.474147,1025.330157,567.6158324
1549.064694,1025.812488,567.7838141
1549.477956,1025.345755,567.6646765
1550.050356,1025.813907,568.405491
1549.921071,1025.813907,568.6251292
1549.617308,1025.813907,568.6251292
1550.064951,1025.813907,568.6251292
1548.727925,1025.813907,568.6251292
1550.049273,1025.813907,568.4571325
1550.059331,1025.028361,568.6251292
1549.900272,1025.02289,568.4557228
1548.610089,1025.237462,567.8901539
1549.98857,1025.417982,568.4184836
1549.978407,1025.714637,568.245875
1549.933613,1025.490844,568.2539867
1550.020712,1025.813907,567.7903267
1549.82275,1025.757322,568.4079726
1549.864363,1025.765844,568.6251292
1549.952791,1025.409797,568.6251292
1549.535882,1024.978329,568.0119379
1549.032799,1025.186675,567.7821343
1549.857456,1025.590287,568.0091424
1549.892103,1025.38156,568.1257967
1549.775997,1025.813907,568.0000872
1549.646427,1025.813907,567.4039649
1550.033283,1025.169162,568.4958394
1550.064951,1025.813907,568.3734214
1550.064951,1025.813907,568.6251292
1548.549857,1025.803347,568.6251292
1549.570292,1025.764337,568.6251292
1549.325975,1025.813907,568.1326772
1550.018467,1025.154266,568.414051
1549.24392,1025.520097,568.3331419
1549.266087,1025.358768,568.384836
1550.025754,1025.714637,567.7732693
1549.716591,1024.352143,568.0160383
1550.043528,1025.813907,568.5848907
1549.602135,1025.813907,568.5203225
1549.485623,1025.807899,568.6251292
1549.900892,1025.347631,568.6251292
1549.824536,1025.765637,568.3420556
1549.835551,1025.385436,568.3571275
1550.017111,1025.813907,567.9636423
1550.064951,1025.220384,568.4584338
1549.664876,1025.813907,568.2357117
1549.968134,1024.821835,568.4459965
1550.023678,1025.464337,568.4714812
1549.923716,1025.813907,568.6251292
1549.75297,1025.813907,568.6251292
1550.064951,1025.813907,568.6251292
1549.995071,1025.813907,568.6251292
1549.812562,1025.145367,568.6251292
1550.064951,1025.813907,568.6251292
1549.285057,1024.525926,568.6251292
1550.005816,1024.671723,568.6251292
1549.377742,1025.259191,568.3204201
1550.013123,1025.813907,568.6251292
1549.709644,1025.813907,568.6251292
1550.064951,1025.813907,568.6251292
1550.064951,1025.813907,568.6251292
1549.662636,1025.813907,568.6251292
1549.676513,1025.422181,568.4358307
1550.042015,1025.813907,568.6251292
1549.946552,1025.219639,568.6251292
1549.642629,1025.542778,568.6251292
1549.965036,1025.325073,568.6251292
1550.061998,1024.922612,568.6251292
1549.988783,1025.604597,568.4287367
1550.064951,1025.813907,568.6251292
1550.064951,1025.813907,568.6251292
1549.97668,1025.813907,568.6251292
1550.064951,1025.813907,568.6251292
1549.873771,1025.813907,568.5534142
1549.991017,1025.813907,568.485417
1549.907699,1025.805869,568.6251292
1550.059177,1025.813907,568.6251292
1549.348523,1025.600711,568.0416763
1549.987145,1025.499547,568.477206
1550.064951,1025.813907,568.6251292
1549.800333,1025.813907,568.6251292
1550.022104,1025.769713,568.6251292
1549.887575,1025.298203,568.6162404
1550.064951,1025.813907,568.6251292
1549.131737,1024.976598,568.3702942
1549.220735,1025.813907,568.4478892
1549.938608,1025.813907,568.1266412
1549.635118,1025.813907,568.0304606
1549.609435,1025.813907,568.6251292
1549.839549,1025.782106,568.6251292
1550.036642,1025.813907,568.6251292
1549.561865,1025.813907,568.6251292
1550.064951,1025.813907,568.6251292
1549.292848,1024.866138,568.3988477
1549.823636,1025.465495,568.348038
1550.039055,1025.645291,568.6251292
1550.039052,1025.790239,568.4828086
1549.836925,1024.966159,567.5953082
1550.064951,1025.813907,568.4578197
1550.00092,1025.813907,568.3684068
1550.064951,1025.813907,568.4558596
1549.813784,1025.813907,568.6251292
1550.064951,1025.813907,568.4772931
2079.314513,1247.703341,569.9053076
2079.534723,1247.769342,570.0123292
2079.223843,1247.787264,569.9136825
2079.608671,1246.765159,570.0791217
2079.324686,1246.929269,569.7506242
2079.277465,1247.764029,569.7384307
2079.443273,1247.478979,570.0428862
2079.233425,1246.496832,570.1871611
2079.462734,1247.787264,570.2605772
2079.282464,1247.779845,570.159636
2079.741391,1247.414394,569.2827429
2078.694134,1246.779718,569.4478961
2079.530235,1247.787264,569.7463044
2079.088357,1247.787264,569.3823966
2078.982342,1246.311376,568.8324008
2079.53417,1247.787264,570.2135251
2079.079073,1246.436565,569.0691679
2079.64579,1247.787264,570.4299594
2079.759951,1247.787264,570.1769937
2079.586032,1247.787264,570.4299594
2079.540075,1247.246049,569.8774598
2079.22894,1247.723215,569.0960353
2079.759951,1247.254996,569.3191546
2078.803879,1246.915602,569.4965762
2079.264334,1247.548327,569.7992697
2079.33477,1247.535935,569.0593104
2079.405531,1247.29729,570.1077332
2079.502254,1247.779169,569.4072817
2079.267396,1247.787264,570.2613811
2079.581227,1247.787264,570.0853567
2079.409367,1247.787264,570.2134366
2079.708943,1247.386486,570.0382925
2079.516847,1247.787264,569.2891547
2078.927729,1247.188443,568.4452569
2079.543652,1247.390991,569.7380972
2078.84604,1247.351614,568.8359192
2079.286527,1247.787264,569.2289414
2079.097028,1246.590005,569.5737923
2079.719148,1247.212264,569.4394064
2079.626939,1247.104824,570.1182832
2079.727278,1247.787264,570.1398442
2079.65732,1247.149805,569.6058352
2078.863818,1247.016681,569.5933706
2079.264273,1247.787264,569.768303
2079.28247,1246.172074,568.2301888
2079.600964,1247.769005,570.1163174
2079.128028,1247.787264,569.3154951
2079.416448,1247.575327,569.7898811
2079.579676,1247.008628,569.5224853
2079.578317,1247.787264,569.8187895
2079.716641,1247.756381,570.0448481
2078.599849,1247.787264,569.6811293
2079.740026,1247.787264,570.3702914
2079.703239,1247.739703,570.1015698
2079.226436,1246.854352,568.990562
2079.05534,1247.647691,569.6352185
2079.007719,1246.559588,569.0961808
2079.682483,1247.378739,569.6319891
1709.4629,971.1302616,506.666389
1709.570927,971.8486815,506.2651506
1709.415651,971.7835823,507.0349206
1709.256313,971.8260135,506.9593449
1709.049385,971.830261,506.7458334
1708.917081,971.5749655,506.7036154
1709.609849,971.2862408,506.1268993
1709.616199,971.8486815,506.9388521
1709.350106,971.4682251,506.2757429
1709.248006,971.2221739,506.6499806
1709.626191,970.9713513,507.0984191
1708.936797,971.8339571,505.8223399
1709.706858,971.8464844,506.8187282
1709.459739,971.8486815,507.3880192
1709.686145,971.765548,506.1131379
1709.65838,970.880339,507.0739023
1708.78611,971.1562834,505.7770214
1709.642838,971.8486815,507.3880192
1709.090232,971.8117336,506.8602557
1709.641083,971.8486815,506.8328505
1709.60956,971.8283765,507.2034252
1708.781131,971.2959156,506.2701299
1709.688589,971.5523257,506.9338031
1708.156678,971.8414185,507.1056321
1709.722494,971.8486815,507.2140346
1708.994228,971.8406742,507.0944944
1709.302741,971.8486815,506.8894001
1709.684646,971.069691,506.7047007
1709.094338,971.848068,506.7883635
1709.676311,971.7298005,506.4468206
1708.976764,970.5288165,506.2380872
1709.684866,971.5305375,507.2630438
1709.544849,971.8486815,506.6479835
1709.440647,971.2573975,507.2200768
1709.75215,971.8273732,507.3561243
1709.063971,971.8486815,507.2324407
1709.082539,971.1927247,506.6205021
1709.065831,971.4375291,506.1015504
1709.734212,971.8382796,507.0385232
1709.630568,971.3782971,506.9717095
1709.606436,971.3748343,507.2128812
1709.46357,971.3047277,506.641884
1709.561953,971.5133789,506.5563944
1709.589226,971.8486815,507.1196524
1709.299962,971.5019226,507.2277121
1709.594653,971.6601753,507.3880192
1709.593503,971.8245536,507.1555684
1709.659602,971.0811536,506.9086074
1709.461402,971.3246737,506.2940713
1709.257052,971.5147609,506.8828398
1709.615476,971.8410649,507.1194886
1709.512972,971.1701805,505.8468934
1709.75215,971.8486815,507.2407168
1709.654022,971.8486815,507.0736146
1709.75215,971.8468346,507.2697443
1709.75215,971.8486815,507.0281409
1709.504907,971.1859346,507.1742319
1709.075659,970.9637474,507.3880192
1709.513925,971.8486815,507.2444555
1709.734081,971.4369841,506.7095546
1709.144341,971.8486815,506.6330931
1709.161383,971.0967776,506.4071132
1709.699931,971.8486815,507.0986044
1709.272163,971.8273732,506.8776257
1709.716823,971.8486815,507.0375987
1709.564292,971.8486815,507.2672059
1709.75215,971.0858074,507.3880192
1709.067919,970.8853198,507.1972458
1709.197494,971.4423139,507.0245113
1709.551406,970.8675893,507.3880192
1709.469754,971.5662203,507.2192787
1709.65413,971.5484908,506.8072888
1709.658307,971.6804578,507.113139
1709.419609,971.8273732,507.1233144
1709.737268,971.8486815,507.3032406
1709.75215,971.8486815,507.3880192
1709.38378,971.8475718,507.3880192
1709.75215,971.8134071,507.3880192
1709.527236,971.7487375,507.1235733
1709.508587,971.8480243,506.966872
1709.300949,971.8486815,507.1020316
1707.393264,971.3483732,506.9431949
1709.735226,971.4064005,507.2692015
1709.24905,971.6343507,506.8091618
1709.667414,971.7272391,507.3880192
1709.75215,971.8486815,507.3880192
1709.75215,971.8486815,507.3880192
1709.565912,971.7976979,507.3880192
1709.300907,971.8486815,507.3880192
1709.670586,971.8486815,507.176712
1709.5094,971.32198,507.3172889
1709.70468,971.4292307,507.3172889
1709.568142,971.4877441,507.3880192
1709.55677,971.4118118,506.8802848
1709.602572,971.8486815,507.3880192
1709.730389,971.8486815,507.3880192
1709.75215,971.8486815,507.3880192
1709.248553,971.8486815,507.3880192
1709.683156,971.8486815,507.3880192
1709.737268,971.8486815,507.3880192
1709.643331,971.8486815,507.3880192
1709.368544,971.4791429,507.3880192
1709.487634,971.8486815,507.2243258
1709.060309,971.2940511,507.3880192
1709.341952,971.8486815,506.9104312
1709.75215,971.8486815,507.3880192
1709.619486,971.8486815,507.3880192
1709.75215,971.8486815,507.3880192
1709.582318,971.8486815,507.3880192
1709.254651,971.4837258,507.3880192
1709.568801,971.8486815,507.3880192
1709.348003,971.4875227,507.3551168
1709.681095,971.8486815,507.1979519
1709.581582,971.8204004,507.3880192
1709.596122,971.7328627,506.8973129
1709.75215,971.5894499,507.3880192
1709.75215,971.8486815,507.3880192
1709.62938,971.8486815,507.3880192
1709.423037,971.8486815,507.3880192
1709.693903,971.8486815,507.3880192
1709.647376,971.1164914,507.3800091
1709.305615,971.8093687,507.3880192
1709.69862,971.8362938,507.0439138
1709.305505,971.0055946,507.2407274
1709.504764,971.5470111,506.9190255
1709.400744,971.8486815,507.3880192
1709.75215,971.8486815,507.3880192
1709.75215,971.8486815,507.2517104
1709.56187,971.8161555,507.3880192
1709.75215,971.840158,507.2065967
1709.662083,971.8486815,506.9103595
1709.494902,971.8486815,506.8951231
1709.75215,971.8486815,507.2843982
1709.248557,971.7900637,506.845032
1708.575238,971.4018831,506.8289594
1709.148342,971.6343507,507.2711729
1709.014982,971.8486815,507.3619561
1709.397815,971.8486815,507.0852012
1709.238343,971.8486815,507.3880192
1709.499462,971.3255939,507.2139867
1709.716979,971.3506637,506.9044008
1708.253652,971.0759056,506.3614556
1709.528359,971.8486815,507.3880192
1709.226546,971.4882788,506.9709417
1709.450739,971.411651,507.3880192
1709.75215,971.7740587,507.2938316
1709.715094,971.8486815,507.2434948
1709.58672,971.8375782,507.2348089
1709.631154,971.7000148,507.2095121
1709.580528,971.4243752,507.2816265
1709.612984,971.8486815,507.1997013
1709.594769,971.8486815,507.0770786
1709.47119,971.8391013,507.0266473
1709.40008,971.5689564,506.9987966
1708.728723,971.4263341,507.3880192
1708.920988,971.4705984,506.4884781
1709.620827,971.8158857,507.3880192
1709.70823,971.840644,507.0094517
1709.668947,971.4795904,506.9962813
1709.566128,971.8382796,507.2581113
1708.957826,971.8486815,507.1791598
1709.28326,971.5749323,506.9377042
1709.127948,971.042503,506.9252991
1709.633154,971.8412567,506.8745371
1709.70823,971.1834454,507.1980901
1709.682993,971.2118191,507.066419
1708.96436,971.0382258,507.0818964
1709.601625,971.8486815,507.21802
1709.314935,971.4197551,506.9139862
1709.279192,971.5026035,507.3880192
1709.75215,971.8486815,507.3880192
1708.996785,971.5283359,507.3880192
1709.529128,971.3734991,506.9913429
1709.453907,971.8486815,507.2073914
1709.46657,971.8486815,507.2551017
1709.75215,971.8486815,506.5100728
1708.954625,971.3006802,506.3255491
1709.700851,971.5351681,507.1972458
1709.520392,971.8486815,506.6165511
1709.459838,971.8486815,507.1956584
1709.512051,971.5957436,507.3880192
1709.75215,971.8486815,507.3880192
1709.211723,971.8486815,507.3880192
1709.548005,970.9035942,507.2010045
1709.658438,971.8486815,507.186508
1709.591374,971.4082501,507.1520578
1709.645255,971.7315636,507.3880192
1708.945021,971.1366504,507.2146643
1709.716475,971.5041006,507.2407168
1709.717781,971.8486815,507.3880192
1709.68458,971.8486815,507.3880192
1709.75215,971.8486815,507.3880192
1709.75215,971.7985822,507.3880192
1709.704599,971.365239,507.3880192
1709.612062,971.4243752,506.9528621
1709.223899,971.4298833,507.2065269
1708.921991,971.8486815,507.0087048
1709.75215,971.1304996,507.3880192
1709.75215,971.8486815,507.2081409
1708.727088,971.338118,507.3880192
1709.75215,971.8486815,507.3880192
1709.75215,971.5154268,507.3880192
1709.75215,971.8486815,507.3880192
1709.529254,971.1369215,507.3880192
1708.263849,971.8486815,507.3880192
1709.725456,970.8130721,507.3880192
1709.240459,971.4364903,507.3880192
1709.68611,971.4599033,507.3880192
1709.170024,971.1631071,506.9350425
1709.627437,971.5288322,507.1493775
1709.622283,971.8486815,507.3880192
1709.587725,971.8486815,507.3619561
1709.665283,971.8486815,507.3880192
1709.381523,971.8486815,507.3880192
1709.644171,970.9069148,507.2782564
1708.875163,971.1370673,506.854175
1709.676242,971.7539733,507.2551625
1709.149044,971.5449045,507.2444555
1709.229522,971.1114904,507.0547879
1709.538088,971.8486815,507.0942499
1709.628619,971.7685563,506.9061926
1709.75215,971.8385089,507.3880192
1709.717341,971.8486815,507.3880192
1709.75215,971.8486815,507.3880192
1709.478349,971.7981253,507.3880192
1709.483062,971.5682625,507.3172889
1709.531108,971.8486815,507.3880192
1709.176255,971.2917989,507.1651573
1709.595446,971.668289,507.0770405
1709.076885,971.5684936,507.1509111
1709.75215,971.8486815,507.3880192
1709.597058,971.8486815,507.2407274
1709.730546,971.8486815,507.3880192
1709.65235,971.4688797,507.2727604
1709.704368,971.8486815,507.3880192
1709.75215,971.4130457,507.0792168
1708.827919,971.0484366,506.950995
1709.707355,971.8486815,507.3880192
1709.422404,970.0989286,506.9898195
1709.595048,971.1700534,507.0286125
1709.507707,971.4705984,506.6506838
1709.497802,971.8486815,507.3880192
1709.648954,971.0428801,507.3880192
1709.514968,971.8432454,507.3880192
1709.626974,971.8449925,507.3880192
1709.591451,971.5194121,506.9651022
1708.773949,971.5268695,506.9298424
1709.618846,971.0551728,507.2741376
1709.525177,971.5320096,507.2359512
1709.623513,971.4621017,506.4768939
1709.587782,971.8486815,507.3880192
1709.634633,971.8486815,507.3020418
1709.75215,971.8486815,507.3880192
1709.511336,971.8486815,507.3880192
1709.156301,971.7808563,507.0293672
1709.196281,971.5489022,507.21802
1709.675582,971.8486815,507.1101133
1709.75215,971.8486815,507.3880192
1709.68587,971.8486815,506.9631661
1709.656022,971.5697908,507.2348537
1709.554463,971.8486815,507.2389443
1709.42463,971.7900637,507.119925
1709.467372,971.8486815,507.3880192
1709.622798,971.8486815,507.1424564
1709.704898,971.7900637,507.2126813
1709.523442,971.4362645,507.1215237
1709.699577,971.8486815,507.0763726
1709.699584,971.3477625,507.2232676
1708.999766,971.6527104,507.2243258
1709.683455,971.4269413,507.3880192
1709.624775,971.8486815,507.3880192
1709.112107,971.3545868,507.2505168
1709.75215,971.4273278,507.3265914
1709.56134,971.8486815,507.0479251
1709.458264,971.8206022,507.1655491
1709.676638,971.3007032,507.2388361
1709.560644,971.3807931,507.1188463
1709.634994,971.6445426,507.1328741
1709.557727,971.5114134,506.8825277
1709.169549,971.8486815,506.9457154
1709.629185,971.8216772,507.2597791
1709.501182,971.207456,506.8349034
1709.546114,971.2779113,506.8416099
1709.66587,971.8486815,507.2411909
1709.75215,971.8486815,507.0740896
1709.439638,971.6634026,507.2870114
1709.532801,971.013478,506.6705692
1709.562136,971.5036429,507.1247789
1709.31136,971.2999546,507.322134
1709.37682,971.049527,506.6866856
1709.75215,971.8486815,507.2504166
1709.032733,971.3553871,506.29519
1709.75215,971.8486815,507.2429923
1709.445656,971.8486815,507.0228535
1709.737268,971.8414185,507.3172889
1709.612984,971.808871,507.2457516
1709.408623,971.8486815,507.134525
1709.672533,971.8415474,507.0956978
1709.56713,971.6969243,506.4849062
1709.369646,971.4318964,507.2242641
1709.6606,971.8486815,506.5683226
1709.32317,970.9389331,507.0534854
1709.75215,971.8486815,507.2228625
1709.491341,971.8483835,507.3880192
1709.244462,971.7849093,507.3880192
1709.550432,971.8486815,507.2107144
1709.549937,971.8486815,507.3880192
1709.394036,971.5134835,506.9493703
1709.488633,971.3972364,507.2551625
1709.720178,971.2727602,507.3880192
1709.684165,971.4614786,507.3880192
1709.633059,970.9893445,506.7518364
1709.539886,971.4485527,507.2100676
1709.689329,970.2073728,507.0206258
1709.449644,971.8093687,507.3880192
1709.649297,971.8486815,507.1125894
1709.488169,971.8486815,507.1743816
1709.602187,971.8486815,507.3880192
1709.659563,971.7113463,506.885061
1708.916079,971.454967,506.7342978
1709.081606,971.8248513,507.2010045
1709.63538,971.7862253,507.3880192
1709.681372,971.8486815,507.0610916
1709.546722,969.790004,507.1998961
1709.54511,971.8486815,507.2398421
1709.69466,971.8486815,507.3880192
1707.409755,971.1280937,507.3880192
1709.622994,971.8486815,507.2546821
1709.652531,971.7255811,507.2562114
1709.591346,971.3486648,507.2546821
1709.019832,971.1464742,507.1001908
1709.16832,971.727639,507.256856
1709.541627,971.2577825,507.3880192
1709.644696,970.7104388,507.0823469
1709.568101,971.8280395,506.9360764
1709.75215,971.8486815,507.2275694
1709.75215,971.8464844,507.3880192
1709.433388,971.1024939,507.2195028
1709.536202,971.5247271,507.233071
1709.337484,971.3534393,506.7895576
1709.512105,971.8486815,507.0865686
1709.406515,971.806409,506.7625832
1709.115797,971.8486815,507.3880192
1709.643751,971.4497629,507.2126813
1709.269137,971.8486815,506.9569313
1709.343928,971.8486815,507.2483851
1709.383011,971.8486815,507.3880192
1709.671482,971.525854,507.3880192
1709.158378,971.8445188,507.0302243
1709.16403,971.8486815,507.1557348
1709.684914,971.8486815,507.3880192
1709.056033,971.8289424,506.9918877
1709.269287,971.8469256,507.2310058
1709.196822,971.3816739,506.6804911
1709.720183,971.8486815,507.3880192
1709.682833,971.085476,507.3274016
1709.691726,971.8134071,507.2968127
1709.465585,971.8134071,507.3880192
1709.553326,971.4473678,507.2268735
1709.493416,971.3530678,507.1206465
1709.356781,971.3330315,506.9264102
1709.725456,971.7909383,507.3880192
1709.641252,971.8486815,507.2280854
1709.162171,971.3074418,507.2023156
1709.189903,971.8486815,507.0683034
1709.620691,971.8486815,507.2491588
1709.570901,971.8486815,507.3880192
1709.705516,971.8486815,507.3880192
1709.591349,971.8480243,507.3880192
1709.719947,971.8486815,507.3880192
1709.613884,971.8486815,507.3880192
1709.006649,971.3112896,507.2100676
1709.345263,971.8486815,506.9157964
1709.455687,971.2284041,507.1015998
1709.129138,971.3433133,507.2241789
1709.407466,971.657453,506.8581201
1709.527793,971.8486815,507.3880192
1709.701525,971.8486815,507.3880192
1709.75215,971.8462005,507.3713201
1709.46315,971.8440051,507.3880192
1709.68458,971.8486815,507.2162298
1709.54925,971.5021017,507.2220144
1709.72991,971.8486815,507.3880192
1709.205542,971.4439555,507.2315454
1709.68458,971.8486815,507.3880192
1709.75215,971.8486815,507.3880192
1709.733251,971.6205078,507.2551625
1709.75215,971.8486815,507.3880192
1709.544719,971.8486815,507.3880192
1709.75215,971.8486815,507.3880192
1709.649297,971.8486815,507.3880192
1709.735639,971.8486815,507.3880192
1708.691413,971.4788772,507.3880192
1709.143788,971.4717889,507.2010045
1709.701298,971.4243752,507.3880192
1709.478437,971.8486815,507.3880192
1709.75215,971.8486815,507.3880192
1709.372163,971.4889668,507.3880192
1709.311536,971.8486815,507.3880192
1709.75215,971.8486815,507.3880192
1709.687032,971.8486815,507.3880192
1709.613431,971.2512743,507.3880192
1709.75215,971.8486815,507.3880192
1709.75215,971.8486815,507.3880192
1708.936265,971.3131731,507.2135778
1709.445377,971.4534584,507.3880192
1709.013655,971.605421,507.3880192
1709.75215,971.4771105,507.3880192
1709.09968,971.8486815,507.3880192
1709.75215,971.8486815,507.3880192
1709.75215,971.8486815,507.3880192
1709.534505,971.5411448,507.3880192
1709.614619,971.8486815,507.3880192
1709.665883,971.0881962,507.3880192
1709.606129,971.8486815,507.379016
1709.75215,971.8486815,507.2469082
1709.75215,971.8486815,507.3010942
1709.75215,971.0280226,507.3880192
1709.662969,971.8486815,507.0980608
1709.75215,971.8486815,507.3880192
1709.028698,971.8425258,507.3880192
1709.622345,971.7942554,507.3880192
1709.75215,971.8273732,507.3880192
1709.594206,971.8486815,507.1159589
1709.32456,970.8101571,507.1893338
1709.418328,971.8486815,506.9325056
1709.36104,971.5031356,506.9723777
1709.341175,971.1215551,507.3880192
1709.353834,971.8486815,506.9403655
1709.75215,971.8486815,507.2418769
1709.75215,971.8486815,507.3880192
1709.293536,971.3818507,507.2517104
1709.677243,971.8486815,507.2211908
1709.53604,971.5208805,507.3880192
1709.75215,971.4314877,507.0965514
1709.646467,971.8164804,507.3880192
1709.604643,970.5948282,507.1002822
1709.75215,971.8299478,507.2416142
1709.561021,971.8299478,507.3880192
1709.401674,971.8463964,507.1596653
1709.704922,971.478347,507.3880192
1709.127488,971.8486815,507.2439299
1709.75215,971.8486815,507.3880192
1709.639229,971.383039,507.0781343
1709.206886,971.5470111,506.8465506
1709.295306,971.8486815,507.3880192
1709.75215,971.8486815,507.3880192
1709.121829,971.8486815,507.3274016
1709.537518,971.8272042,507.2969155
1709.75215,971.8486815,507.1151642
1709.218388,971.7839177,507.1220432
1709.196885,971.5477278,507.2214954
1709.388963,971.8164804,507.3880192
1709.658578,971.4488615,507.2597791
2081.401654,1101.046426,507.7371119
2082.374865,1101.02572,508.1652089
2081.44398,1101.06661,508.0323522
2082.33804,1101.06661,507.9985535
2082.258219,1100.74378,508.0906321
2082.186394,1100.220876,507.1085362
2081.830749,1101.06661,508.1652089
2082.483975,1100.322956,508.1652089
2082.5667,1101.06661,508.1652089
2081.921433,1101.06661,508.1652089
2082.18912,1100.705197,507.2993271
2082.5667,1100.719696,508.1652089
2081.727874,1100.282795,507.7407448
2082.240494,1100.747666,507.5043977
2082.164187,1100.333221,508.038092
2082.5667,1101.06661,508.1652089
2081.634204,1101.06661,507.7374274
2082.530625,1100.603108,507.8675231
2082.5667,1101.002386,508.1562057
2081.943671,1101.06661,508.0351087
2082.235304,1100.803219,508.0000062
2082.5667,1101.06661,508.0741052
2082.100488,1101.06661,508.1652089
2082.199186,1101.06637,508.1652089
2081.92251,1100.97286,507.8776344
2082.508282,1100.179614,507.9259129
2081.978989,1100.607436,507.8807535
2082.50929,1101.06661,508.1652089
2081.816529,1101.06661,508.1652089
2082.105756,1101.01519,508.1652089
2082.225646,1101.06661,508.1652089
2082.5667,1101.06661,508.1652089
2082.212394,1100.622919,508.1652089
2082.099826,1101.06661,508.1652089
2082.542684,1101.06661,508.0078108
2082.505773,1101.06661,508.1652089
2082.387702,1100.815446,507.8438436
2082.332239,1100.044377,508.1652089
2082.396173,1101.06661,508.1652089
2082.5667,1101.051872,508.0168431
2082.088556,1101.06661,508.1652089
2082.155023,1101.06637,508.1652089
2081.840451,1100.647903,508.1652089
2082.375211,1101.036549,508.1652089
2082.279415,1101.02829,507.9081749
2081.729031,1100.450735,507.9423471
2082.121969,1101.06661,508.0507134
2082.410382,1100.842084,508.1437538
2082.5667,1101.06661,508.1652089
2082.5667,1101.06661,508.1652089
2082.415414,1100.712217,508.1652089
2082.371076,1101.028241,508.1652089
2082.418545,1100.297249,507.8247435
2082.134286,1101.041487,508.0134766
2082.557888,1100.668081,507.8728084
2082.326111,1100.586293,507.827562
2082.084842,1100.698604,507.8514146
2082.522874,1101.028907,507.8295849
1765.541923,856.6956081,129.417469
1765.631174,856.8638355,129.4576189
1765.000352,856.5480661,129.4576189
1765.631174,856.5113146,129.4576189
1765.277845,856.5580465,129.4576189
1765.429034,856.8638355,129.4576189
1765.606292,856.6351453,129.33178
1764.617619,856.7973877,129.3844724
1765.535615,856.4496387,129.4576189
1765.083066,856.8638355,129.4576189
1765.631174,856.8638355,129.4245043
1765.480344,856.5639884,129.4154903
1765.532933,856.8050434,129.4576189
1765.431994,856.7979124,129.4576189
1764.685954,856.5235527,129.4548112
1765.153118,856.8638355,129.3681066
1765.471958,856.8638355,129.4576189
1765.352269,855.7506753,129.4209077
1764.948554,856.6227406,129.373379
1765.326364,856.5158297,129.3071905
1765.631174,856.8638355,129.4576189
1765.292674,856.8638355,129.3783548
1765.229079,856.7928548,129.4576189
1765.445363,856.8638355,129.4576189
1765.461548,856.8638355,129.4221895
1765.30754,856.8638355,129.4500482
1765.190628,856.2207006,129.4265967
1764.978003,856.35689,129.3050646
1765.510542,856.5254761,129.4576189
1765.394479,856.6764303,129.3279226
1765.601659,856.8638355,129.398036
1765.493372,856.8638355,129.4576189
1764.970399,856.8638355,129.4576189
1765.075273,856.8638355,129.4248927
1765.430031,856.8638355,129.4345611
1765.450702,856.8638355,129.4099411
1765.416392,856.3571159,129.4100552
1765.446258,856.5478014,129.4576189
1765.470956,856.1090639,129.331217
1765.14598,856.2983073,129.4034296
1765.381197,856.8638355,129.4230736
1765.358409,856.8638355,129.3109667
1765.521806,856.8638355,129.4576189
1765.569062,856.8638355,129.4576189
1765.467129,856.8638355,129.4415139
1765.475611,856.8638355,129.3955324
1764.786342,856.8258726,129.4576189
1765.078362,856.8124152,129.3383717
1764.993056,856.4886813,129.3835433
1765.279456,856.80628,129.4121443
1765.631174,856.8638355,129.4576189
1764.879944,856.8638355,129.3528988
1765.546399,856.2000966,129.411145
1765.580843,856.8638355,129.4576189
1764.519148,856.831002,129.4576189
1765.332407,856.5882889,129.4576189
1765.315721,856.8638355,129.4576189
1765.520587,856.5360945,129.4576189
1764.968412,856.833774,129.4576189
1765.031658,856.3393785,129.3811845
1765.408164,856.6987288,129.3130768
1765.546363,856.8638355,129.4576189
1765.631174,856.4442806,129.4085218
1765.631174,856.8638355,129.4576189
1765.432204,856.8323517,129.4240602
1765.344634,856.5881639,129.4576189
1765.46839,856.5216416,129.4323657
1764.783279,856.5068301,129.3778296
1765.054445,856.7174629,129.4229768
1765.210976,856.833774,129.3612806
1765.631174,856.8638355,129.4576189
1765.379011,855.9184057,129.3774354
1765.537955,856.8638355,129.4076385
1765.631174,856.8638355,129.4576189
1765.631174,856.7486129,129.4576189
1765.247083,856.8638355,129.4576189
1765.529819,856.8638355,129.4576189
1765.448889,856.8638355,129.4287273
1765.617817,856.8638355,129.4208373
1764.831909,856.8638355,129.3171318
1765.471015,856.4299586,129.3419519
1765.198163,856.0176973,129.3064397
1765.631174,856.513647,129.4192654
1765.631174,856.8638355,129.4576189
1765.631174,856.8638355,129.4576189
1765.527702,856.8023098,129.4576189
1765.529666,856.11705,129.4576189
1765.029615,856.8638355,129.4239705
1764.741116,856.575398,129.4168786
1765.142493,856.4118926,129.404132
1765.456834,856.8638355,129.4238278
1765.164755,856.5588654,129.4238278
1765.458978,856.8425338,129.3828801
1765.544195,856.4442806,129.4576189
1765.245511,856.5125076,129.4576189
1765.631174,856.8638355,129.4576189
1764.826418,856.4548103,129.4576189
1765.400485,856.8638355,129.4576189
1765.385202,856.3650055,129.3304805
1765.288434,856.5110858,129.4576189
1765.379247,856.0548569,129.3787435
1765.065623,856.533724,129.3352763
1765.143046,856.7211999,129.3720097
1765.586112,856.4038091,129.4251127
1765.269667,856.8638355,129.4256905
1764.979514,856.8638355,129.4576189
1765.515894,856.2821351,129.4259469
1765.474533,856.7694565,129.4269443
1765.003468,856.2599596,129.4576189
1765.440359,856.6152765,129.2981851
1765.533399,856.6753255,129.4158915
1765.371559,856.8513704,129.3527138
1765.203046,856.4922012,129.3296543
1765.414446,856.8638355,129.360011
1765.256457,856.4796771,129.3839381
1765.447775,856.8638355,129.4576189
1765.631174,856.8638355,129.4256311
1765.291031,856.7840548,129.3849735
1765.404255,856.176552,129.4225038
1765.498655,856.7471409,129.4250831
1765.613854,856.8638355,129.3036651
1765.236932,856.8578904,129.3708331
1765.33678,856.8638355,129.4188262
1765.554267,856.8638355,129.438868
1765.123837,856.3463292,129.4576189
1764.764523,856.8638355,129.4192654
1765.278278,856.8638355,129.3206099
1765.631174,856.8638355,129.4576189
1765.513551,856.4893694,129.41058
1765.079325,856.8638355,129.4576189
1765.631174,856.5663063,129.413175
1765.304012,856.2660353,129.4576189
1765.457842,856.8638355,129.405635
1765.345913,856.4806983,129.3962156
1764.92653,856.5616572,129.3727876
1765.631174,856.8638355,129.405635
1765.631174,856.5063203,129.419667
1765.344182,856.8556286,129.4576189
1765.058997,856.4633001,129.4576189
1764.884611,856.3627739,129.3999507
1765.408232,856.7874481,129.4139308
1765.238214,856.8638355,129.4576189
1765.168694,855.8457433,129.3563895
1765.573887,856.8638355,129.4210868
1764.988979,855.9401407,129.3242911
1765.406237,856.2426194,129.4576189
1765.153084,856.5631765,129.4576189
1765.491621,856.7491412,129.4166871
1765.631174,856.8638355,129.4576189
1764.833086,856.5597208,129.3837568
1765.557027,856.5773734,129.3906297
1765.245875,856.7874481,129.2280656
1765.352492,855.5952245,129.4195753
1765.551479,856.2024199,129.4576189
1764.77928,856.1460404,129.3879066
1765.553455,856.8514341,129.387926
1765.410026,856.8638355,129.4306068
1765.230875,856.8638355,129.4576189
1765.631174,856.8638355,129.4576189
1765.438779,856.8638355,129.4186702
1765.575339,856.6319576,129.3181913
1765.631174,856.8638355,129.3857476
1765.440819,855.6934004,129.4576189
1765.434956,856.8638355,129.4576189
1765.50532,856.6700112,129.4104757
1765.348679,856.4269083,129.4576189
1765.605962,856.8638355,129.4576189
1764.549764,856.8638355,129.4576189
1764.892517,856.8638355,129.4576189
1765.335413,856.833774,129.4576189
1765.631174,856.8638355,129.4576189
1765.372342,856.481668,129.4576189
1765.252107,856.5038396,129.4576189
1765.631174,856.8638355,129.4576189
1765.36795,855.9389548,129.4576189
1765.631174,856.8638355,129.4576189
1765.330387,856.7733588,129.4238278
1765.395276,856.8638355,129.4576189
1765.490873,856.8638355,129.4576189
1765.631174,856.8638355,129.4576189
1765.514719,856.4932496,129.4576189
1765.189201,856.8638355,129.4576189
1765.546824,856.8638355,129.4576189
1765.544308,856.2475765,129.4576189
1765.497076,856.5834994,129.4576189
1765.009592,856.8425338,129.3894268
1765.03722,856.4442806,129.4576189
1765.399858,856.831002,129.4576189
1765.631174,856.831002,129.4576189
1765.428472,856.4114471,129.4317853
1765.631174,856.8638355,129.4576189
1765.460155,856.8638355,129.438868
1765.185974,856.4036316,129.4180161
1765.521806,856.5288905,129.4289399
1764.969171,856.1801858,129.4010425
1765.631174,856.1866795,129.4428677
1765.486381,856.8522108,129.3502504
1765.631174,856.8638355,129.4415139
1765.565823,856.8638355,129.4576189
1765.462774,856.8638355,129.4576189
1765.631174,856.8638355,129.4576189
1765.372135,856.833774,129.4576189
1765.137964,856.5836674,129.3851009
1765.599045,856.8638355,129.4576189
1765.235596,855.8500432,129.3839548
1765.631174,856.8638355,129.4576189
1765.118371,855.469444,129.3434324
1765.233042,856.8638355,129.3795151
1765.083227,856.569301,129.4576189
1765.631174,856.8638355,129.4219472
1765.631174,856.8611631,129.4576189
1765.11017,856.6164944,129.4576189
1765.25963,856.8096766,129.4248927
1765.590149,856.5993617,129.4576189
1765.133743,856.3285919,129.3572726
1764.309811,856.5534444,129.3398631
1765.290059,856.6467785,129.3776425
1765.631174,856.8638355,129.4576189
1765.348567,856.8638355,129.4576189
1765.3072,856.8638355,129.440757
1764.137349,856.8638355,129.4206305
1765.425501,856.8124215,129.398736
1764.997462,856.7869642,129.3743788
1765.539399,856.5773734,129.4256311
1764.816189,856.4559536,129.3146741
1765.053706,856.6247095,129.4576189
1764.762791,856.8425338,129.3880745
1765.631174,856.4038091,129.4035918
1765.366591,856.6290374,129.386722
1765.299095,856.8620493,129.4576189
1765.631174,856.8638355,129.4576189
1765.398681,856.8391035,129.4306777
1765.238872,856.5353481,129.364933
1765.195309,856.8638355,129.3143874
1765.055508,856.4352555,129.424472
1765.443667,856.2598836,129.3562905
1765.44966,856.608763,129.3800251
1765.359876,856.5461327,129.344533
1765.292857,856.8638355,129.4026243
1765.296193,856.8638355,129.429572
1765.417335,856.7804893,129.3717173
1765.529003,856.6082315,129.4576189
1764.975325,856.4057817,129.3949662
1765.161263,856.6190781,129.4203107
1765.457928,856.8638355,129.4576189
1765.59359,856.8638355,129.4576189
1765.283513,855.9612134,129.3910147
1764.272524,855.8858885,129.3889876
1765.613854,856.833774,129.3829148
1765.631174,856.8638355,129.4181845
1765.419042,856.8638355,129.4576189
1764.770576,856.4609966,129.3338539
1764.227879,856.346826,129.4101691
1765.631174,856.8638355,129.4576189
1764.69549,856.5052733,129.3644808
1765.584546,856.4982234,129.4189077
1765.352159,856.3065295,129.336552
1765.356809,856.5604324,129.4259469
1765.264063,856.4467142,129.4090937
1765.499922,856.8638355,129.4576189
1765.466001,856.8638355,129.3827995
1763.731641,856.8638355,129.4305525
1765.463607,856.6625104,129.4145191
1765.345459,856.804566,129.3575033
1765.381603,856.6045747,129.4576189
1765.269902,856.6808197,129.4235328
1765.176045,856.8578904,129.254473
1765.047029,856.833774,129.4311437
1765.420886,856.8638355,129.4576189
1765.497072,856.8638355,129.3359244
1764.986706,856.8638355,129.2893797
1765.590331,856.8638355,129.4576189
1765.420394,856.8389055,129.3961002
1765.5135,856.7938786,129.4576189
1764.331067,856.6366255,129.4049522
1765.480008,856.5366715,129.4576189
1765.43966,856.8092967,129.3755299
1765.267192,856.8511515,129.4576189
1765.126126,856.1900265,129.4136245
1764.632454,856.6332343,129.3251051
1765.518851,856.8567223,129.4576189
1765.225984,856.8362356,129.3415288
1765.215764,856.4272517,129.4168947
1765.444412,856.8638355,129.4091718
1765.631174,856.418297,129.427818
1765.392055,856.8638355,129.3817727
1765.121689,856.4723843,129.4576189
1764.408312,856.8638355,129.3941683
1764.954895,856.4871513,129.3421313
1765.425328,856.8470008,129.3590606
1765.454184,856.856419,129.3385183
1765.469143,856.857484,129.3717174
1765.282812,856.8076056,129.3517087
1765.390967,856.8638355,129.4576189
1765.631174,856.7758159,129.4208373
1764.981127,856.8638355,129.4576189
1765.337758,856.8638355,129.3458761
1765.187568,856.0197699,129.4099516
1765.352438,856.5075481,129.4359697
1765.359889,856.8638355,129.3787092
1765.168111,856.0678415,129.3190275
1765.531311,856.5952826,129.2719225
1764.798455,856.8638355,129.4449699
1765.565975,856.8638355,129.4576189
1765.631174,856.8638355,129.4576189
1765.38091,856.8638355,129.4576189
1765.405038,856.4488792,129.3196116
1765.191025,856.8638355,129.3900914
1765.402387,856.5495144,129.4275874
1765.004989,855.7982931,129.2486873
1765.206926,856.8638355,129.3706364
1765.266243,856.7682758,129.3115872
1765.631174,856.8638355,129.4576189
1765.631174,856.8638355,129.4576189
1765.572683,856.8638355,129.4576189
1765.50711,856.8638355,129.4576189
1765.094303,856.3068989,129.4576189
1765.076908,856.8638355,129.427818
1765.416777,856.2039164,129.4497608
1765.128125,856.8638355,129.3985728
1765.438365,856.6082315,129.3520808
1765.599159,856.6152765,129.3327077
1765.558082,856.6028348,129.4576189
1765.631174,856.8638355,129.4576189
1765.601529,856.8638355,129.4576189
1765.606047,856.8638355,129.4576189
1765.300514,856.7869642,129.4576189
1764.794857,856.5772049,129.4576189
1765.445987,856.5366151,129.4213206
1764.852293,856.8638355,129.4576189
1765.275423,856.5386741,129.4576189
1765.350694,856.8514341,129.3862748
1765.517653,856.8459461,129.4576189
1765.54639,856.8638355,129.4576189
1765.544238,856.6082315,129.4576189
1765.631174,856.8638355,129.4576189
1765.230856,856.8638355,129.4576189
1765.437809,856.8537294,129.4576189
1765.05594,855.9231631,129.3625399
1765.433947,856.5932659,129.3275186
1765.531245,856.4174693,129.4272827
1765.08489,856.3505064,129.4576189
1765.056432,856.266347,129.405525
1765.464815,856.8638355,129.4576189
1765.631174,856.6091428,129.4576189
1765.400602,856.8625239,129.4576189
1765.365532,856.8173223,129.4576189
1765.05909,856.4162659,129.4576189
1765.39433,856.6082315,129.2919866
1765.235893,856.4770791,129.4196965
1765.453732,856.501589,129.3655236
1765.500085,856.8638355,129.4546531
1765.145934,856.49844,129.4063363
1765.631174,856.8638355,129.4185631
1765.534774,856.8638355,129.4359697
1765.631174,856.8638355,129.4576189
1765.631174,856.8638355,129.4576189
1765.500822,855.8230893,129.4392968
1765.631174,856.8638355,129.4576189
1765.513864,856.8638355,129.4136245
1765.492174,856.8638355,129.4576189
1765.247833,854.7183015,129.2372173
1765.550727,856.4949773,129.4576189
1765.529956,856.5104014,129.4165906
1765.631174,856.8638355,129.4576189
1765.631174,856.8638355,129.4576189
1765.530321,856.8638355,129.4576189
1765.631174,856.8638355,129.4576189
1765.32933,856.7681301,129.4576189
1764.619094,855.9807011,129.4576189
1765.459254,856.4934914,129.4346187
1765.465856,856.8638355,129.3940756
1765.554799,856.3397475,129.4299838
1765.533318,856.7869642,129.4168947
1764.861344,856.1198971,129.382853
1765.488773,856.8638355,129.4576189
1765.539523,856.8638355,129.4576189
1765.631174,856.8638355,129.4576189
1765.631174,856.8638355,129.4576189
1765.031284,856.3872749,129.4311434
1765.436789,856.4949773,129.3171577
1765.243239,856.3418848,129.3321218
1765.391368,856.8638355,129.3817547
1765.450196,856.8638355,129.4444411
1765.601781,856.8638355,129.4119434
1763.453383,856.8638355,129.4576189
1765.563858,856.8638355,129.4576189
1765.631174,856.8638355,129.4138207
1765.35132,856.8022037,129.4576189
1765.351736,856.5341958,129.4177871
1765.524214,856.5965497,129.4139308
1765.545873,856.8638355,129.4576189
1765.400358,856.3037369,129.4576189
1765.423409,856.8638355,129.4223131
1765.405261,856.8638355,129.3756098
1764.40046,856.8407882,129.3898123
1765.50976,856.8638355,129.4576189
1765.585935,856.8579912,129.4576189
1765.613854,856.8638355,129.4576189
1765.31127,856.3677627,129.439612
1765.257291,856.831002,129.3648366
1765.28068,856.8638355,129.3912458
1765.183358,854.6973141,129.2280898
1765.331639,856.5400819,129.4576189
1764.922711,856.0035464,129.2783689
1765.565975,856.8638355,129.4191148
1765.556718,856.8638355,129.4576189
1765.491143,856.8417673,129.3985651
1765.631174,856.8109629,129.4576189
1765.05919,856.5870078,129.4075538
1765.548154,856.5682176,129.4576189
1765.37804,856.5617703,129.4306439
1765.098605,855.4409837,129.3575103
1765.204444,856.5485737,129.3630738
1765.312683,856.2813694,129.2588453
1765.554959,856.4277895,129.4576189
1765.631174,856.5571623,129.4576189
1765.181445,856.4718633,129.4223131
1765.578259,856.8638355,129.4576189
1765.378719,856.5485737,129.4205424
1765.458321,856.8638355,129.4576189
1765.333683,856.8127122,129.4244344
1765.301135,855.8143291,129.2867869
1765.234155,856.1265637,129.4324902
1765.35883,856.4205012,129.2739176
1765.459327,856.8638355,129.4150295
1765.270682,856.8638355,129.4576189
1765.631174,856.8638355,129.4576189
1765.354964,856.8638355,129.4576189
1765.182622,856.7581442,129.4206305
1765.511665,856.8638355,129.4256311
1765.187462,856.8638355,129.3714074
1765.631174,856.8638355,129.4576189
1765.552883,856.4104757,129.3988903
1765.115714,856.6144406,129.4296763
1765.086884,856.5574908,129.4161343
1765.60927,856.8638355,129.2568568
1765.512988,856.8145676,129.3576974
1765.333011,856.8630514,129.4576189
1765.631174,856.831002,129.4576189
1765.177447,856.5406984,129.4576189
1764.830838,856.2914694,129.4165906
1764.738995,856.8638355,129.3885513
1765.590225,856.6126371,129.4185537
1765.489774,856.6573419,129.4085649
1765.549813,856.8638355,129.4080675
1765.383109,856.2824754,129.4576189
1765.487431,856.5694383,129.3813945
1765.493699,856.8638355,129.4576189
1765.443174,856.8638355,129.3837106
1765.374953,856.8638355,129.4576189
1765.631174,856.8638355,129.4576189
1765.385075,856.8638355,129.4576189
1765.280582,856.8638355,129.4306598
1929.683013,913.4359475,131.6404466
1930.252153,913.5377867,131.6390463
1930.45875,913.4507258,131.6215272
1930.10053,913.1459616,131.5151037
1930.501271,913.4275832,131.6250636
1930.279336,913.5217733,131.6655216
1930.471242,913.5377867,131.6655216
1930.385245,913.4763143,131.6597395
1930.176612,913.453892,131.6256673
1930.202231,913.050697,131.6007655
1930.041039,913.5376506,131.6078461
1930.530019,913.5353471,131.6655216
1930.471052,913.1586789,131.6376423
1930.105181,913.2818036,131.6228433
1930.440839,913.5377867,131.579299
1930.36807,913.5377867,131.6655216
1930.569868,913.5370627,131.6655216
1930.334695,913.5377867,131.6655216
1930.569868,913.5367771,131.6655216
1930.358604,912.6046942,131.6481671
1929.695381,912.4586999,131.6655216
1930.380647,912.9726735,131.6655216
1930.17068,913.2112159,131.564352
1929.45281,913.5370971,131.5335804
1930.569868,913.5377867,131.5758187
1930.498934,913.152083,131.6266112
1930.536161,913.5377867,131.6655216
1930.387916,913.4131473,131.6655216
1930.493286,913.1889741,131.6541425
1930.569868,913.5075579,131.6541425
1930.299296,913.432882,131.6264119
1930.569868,913.1981856,131.6655216
1930.528104,913.5370569,131.6235603
1930.272097,913.5377867,131.5730325
1930.502242,913.5377867,131.5557347
1930.467461,913.5377867,131.6185517
1930.388282,913.4773877,131.6655216
1930.370165,913.5314106,131.6655216
1930.338681,913.5377867,131.6655216
1930.444702,912.9064918,131.6655216
1930.073683,913.5377867,131.6184441
1930.433336,913.1773996,131.6655216
1930.518923,913.5293519,131.586158
1930.311166,913.026495,131.4908427
1930.259301,913.2025242,131.5767607
1930.435467,913.5377867,131.6209669
1930.569868,913.5377867,131.6655216
1930.168228,913.5351157,131.5503044
1929.99744,913.388993,131.5472918
1930.48744,913.5301071,131.6655216
1929.792561,912.8462024,131.6298326
1930.501762,913.5274965,131.5943676
1930.429788,913.2221333,131.588313
1930.062534,913.537538,131.5349747
1930.549636,913.1940786,131.5837337
1929.63907,913.3903683,131.5045224
1930.463246,913.2088174,131.6402683
1930.440139,913.5369483,131.5905941
1584.844262,664.1253755,14.05000283
1584.779544,664.1328543,14.05000283
1584.280756,664.078787,14.05000283
1584.647176,663.5260826,14.05000283
1584.386253,664.1213682,14.0426747
1584.555984,663.8719998,14.05000283
1584.687773,664.1328543,14.04065346
1584.731148,664.1328543,14.05000283
1584.774868,663.9042942,14.05000283
1584.796781,664.1328543,14.05000283
1584.790685,663.8364725,14.04916686
1584.715611,663.8750406,14.04434373
1584.722176,663.7451835,14.05000283
1584.783349,663.6530978,14.04021981
1584.844262,664.1328543,14.05000283
1584.360548,663.5092273,14.04895687
1584.792796,664.1319974,14.05000283
1584.566785,664.1248659,14.04145375
1584.365196,664.1328018,14.05000283
1584.695367,664.1328543,14.05000283
1584.03367,664.1271854,14.05000283
1584.844262,664.1328543,14.02977527
1584.578329,663.9334876,14.05000283
1584.583181,664.1328543,14.05000283
1584.554697,664.1328543,14.04999404
1584.423727,664.1213682,14.0497637
1584.375601,664.1315673,14.04002349
1584.492407,663.6242574,14.05000283
1584.844262,664.1322223,14.05000283
1584.532287,663.8913497,14.05000283
1584.590511,663.5871185,14.04854817
1584.526747,663.9914061,14.04047862
1584.523609,664.1328543,14.04924072
1584.643312,664.1324752,14.0490658
1584.844262,663.9275596,14.05000283
1584.239917,663.9928628,14.05000283
1584.48077,663.6150875,14.05000283
1584.714387,663.6807917,14.03447152
1584.701407,663.9967265,14.0498279
1584.69471,663.9620466,14.05000283
1584.310677,664.1328543,14.03008889
1584.844262,664.1328543,14.05000283
1584.124857,663.9275952,14.04838095
1584.574154,664.0833338,14.05000283
1584.6218,663.7318229,14.0132652
1584.026761,663.4890821,14.05000283
1584.707424,664.1328543,14.02504991
1584.11182,663.9624472,14.00282587
1584.772519,664.1085371,14.05000283
1584.74925,664.1319684,14.05000283
1584.718033,664.1328543,14.05000283
1584.384017,664.1328543,14.05000283
1584.844262,664.1301833,14.03902397
1584.68304,664.1328543,14.05000283
1584.507282,663.6383122,14.05000283
1584.805345,664.1328543,14.03795008
1584.591748,663.3793145,14.05000283
1584.678856,663.9717639,14.04901119
1584.435183,663.4664695,14.04047862
1584.767987,664.1328543,14.03795008
1584.724716,664.1328543,14.04412663
1584.804255,664.1328543,14.04854817
1584.780527,664.1301717,14.04929343
1584.334787,664.1254495,14.05000283
1584.601653,663.9134434,14.05000283
1584.577288,664.084957,14.05000283
1584.445272,663.8266974,14.04790653
1584.298812,663.7517519,14.04081222
1584.775936,664.1328543,14.05000283
1584.674328,663.865906,14.0328548
1584.797466,663.8692508,14.05000283
1584.714738,664.1328543,14.04972739
1584.141166,664.1328543,14.05000283
1584.749621,664.1322002,14.05000283
1584.005943,664.1128949,14.02772336
1584.661053,664.1328543,14.05000283
1584.78225,664.0636595,14.05000283
1584.555647,663.9221338,14.05000283
1584.600239,663.9889403,14.05000283
1584.301936,664.1328543,14.03846675
1584.576201,663.9620466,14.05000283
1584.743068,663.9023768,14.05000283
1584.844262,664.1328543,14.0488372
1584.753399,664.0164265,14.05000283
1584.765794,664.1328543,14.05000283
1584.652963,663.7962478,14.04736913
1584.71841,664.1328543,14.05000283
1584.651818,664.1192464,14.04147867
1584.822515,663.7711959,14.05000283
1584.557342,664.0896555,14.05000283
1584.424034,663.4629017,14.04929343
1584.844262,664.1328543,14.05000283
1584.402416,664.1328543,14.04149332
1584.844262,664.1328543,14.05000283
1584.753026,664.1323696,14.05000283
1584.729879,664.1328543,14.05000283
1584.844262,664.1328543,14.05000283
1584.560702,663.3467539,14.05000283
1584.844262,664.1328543,14.05000283
1583.771064,663.8100944,14.01829137
1584.636434,664.1213682,14.05000283
1584.709839,664.1328543,14.05000283
1584.844262,664.1328543,14.05000283
1584.844262,664.1328543,14.05000283
1584.844262,664.0174478,14.05000283
1584.640534,664.1328543,14.05000283
1584.721438,664.1304146,14.05000283
1584.672956,664.1307683,14.04740995
1584.605169,664.1328543,14.04185626
1584.692206,663.9375503,14.05000283
1584.522164,663.9294695,14.0479715
1584.58907,663.9500705,14.04047862
1584.740477,664.1323696,14.04598365
1584.57875,664.1328543,14.05000283
1584.638374,664.1328543,14.05000283
1584.475264,664.0767755,14.05000283
1584.844262,664.1328543,14.05000283
1584.669243,663.7973515,14.03381693
1584.687517,663.9161039,14.05000283
1584.758684,664.1328543,14.05000283
1584.648581,664.1250006,14.05000283
1584.649624,664.1271854,14.05000283
1584.844262,664.1328543,14.05000283
1584.844262,664.1271854,14.04947262
1584.753477,664.1328543,14.05000283
1584.731148,664.1328543,14.05000283
1584.547756,664.1131323,14.05000283
1584.338848,663.7232681,14.05000283
1584.674224,663.9001153,14.05000283
1584.432683,664.0297843,14.05000283
1584.668223,663.3864833,14.03858254
1584.658652,663.5340223,14.05000283
1584.261942,664.1328543,14.05000283
1584.689744,664.0692336,14.05000283
1584.844262,664.1328543,14.05000283
1584.434317,664.1328543,14.05000283
1584.844262,664.1328543,14.05000283
1584.405381,664.1328543,14.05000283
1584.40714,664.0850816,14.05000283
1584.217473,664.1328543,14.05000283
1584.473192,663.6515339,14.05000283
1584.817515,663.6901969,14.05000283
1584.571251,663.3726598,14.0363368
1584.794601,664.1317545,14.05000283
1584.807072,664.1328543,14.05000283
1584.767999,664.1328543,14.05000283
1584.540127,664.098327,14.04929343
1584.743183,664.1326684,14.05000283
1584.644322,664.1328543,14.05000283
1584.449876,663.7956,14.04136286
1584.753026,663.9414398,14.05000283
1584.445439,664.1328543,14.04768173
1584.762172,663.7871047,14.05000283
1584.659985,663.9195021,14.02925393
1584.688657,664.1271854,14.05000283
1584.844262,664.1328543,14.05000283
1584.844262,664.1328543,14.05000283
1584.726212,664.1304146,14.05000283
1584.692133,663.5643169,14.05000283
1584.607316,663.8992383,14.05000283
1583.961272,663.9806043,14.04716168
1584.233859,664.0844988,14.04110044
1584.46723,663.8426356,14.05000283
1584.844262,664.1328543,14.04858458
1584.339892,664.1328543,14.05000283
1584.758113,664.1328543,14.05000283
1584.844262,664.1328543,14.05000283
1584.771161,664.1328543,14.05000283
1584.739778,664.0297843,14.05000283
1584.747552,663.7021684,14.05000283
1584.520844,664.099012,14.05000283
1584.556087,663.3805276,14.05000283
1584.736428,663.804526,14.05000283
1584.844262,664.1328543,14.05000283
1584.751956,663.8796559,14.04954816
1584.608436,664.1328543,14.00957475
1584.724667,664.1328543,14.04047862
1584.694759,664.1328543,14.04791045
1584.420875,663.8923671,14.05000283
1584.727737,664.131932,14.05000283
1584.773155,663.588414,13.99545011
1584.748952,664.0831282,14.05000283
1584.604896,663.2157966,14.04955721
1584.146,663.8073334,14.04890095
1584.618327,664.1328543,14.04778267
1584.273535,664.1328543,14.04538662
1584.657811,663.8501893,14.05000283
1584.570592,664.1326231,14.05000283
1584.705014,664.1328543,14.05000283
1584.549513,663.8885627,14.02241
1584.616776,664.1213682,14.02517697
1584.757894,664.1138938,14.05000283
1584.401958,664.1245079,14.04890095
1584.57997,663.9507131,14.05000283
1584.372648,663.7999282,14.05000283
1584.814231,664.1273201,14.05000283
1584.685366,664.1326055,14.05000283
1584.826334,664.1328543,14.05000283
1584.636331,664.1322241,14.05000283
1584.502897,664.1324531,14.05000283
1584.168891,664.019623,14.04956227
1584.769916,663.9657924,14.04938219
1584.771349,663.7866098,14.04971825
1584.687972,663.8272446,14.02956495
1584.844262,663.9665868,14.05000283
1584.509311,663.5427362,13.9936279
1584.631979,664.026372,14.05000283
1584.65927,664.0791882,14.04765287
1584.177842,664.1328543,14.04589177
1584.230138,663.9042942,14.05000283
1583.686792,663.8997946,14.05000283
1584.786911,664.1328543,14.05000283
1584.485846,663.9525827,14.05000283
1584.41905,664.1328543,14.05000283
1584.542119,663.7067247,14.05000283
1583.950561,664.0833338,14.03892953
1584.66796,664.1328543,14.05000283
1584.143464,664.0877692,14.05000283
1584.672319,664.1328543,14.04185626
1584.236273,664.1315127,14.04047862
1584.682554,664.1301833,14.04047862
1584.351917,663.6210145,13.99886479
1584.614157,663.717002,14.04685763
1584.536657,664.1328543,14.05000283
1584.701051,664.0942654,14.05000283
1584.731666,663.8119684,14.03882868
1584.695383,664.1213682,14.05000283
1584.426852,664.1328543,14.04954562
1584.39185,664.0948864,14.04897935
1584.812202,664.0198235,14.05000283
1584.466001,664.1328543,14.04169121
1584.76356,664.1328543,14.05000283
1584.344294,664.1301833,13.99444955
1584.363602,663.4629287,14.04849815
1584.511362,663.9216293,14.05000283
1584.183847,663.4596477,14.05000283
1584.660047,663.9172037,13.99996748
1584.7202,663.9437701,14.04854817
1584.796134,664.1328543,14.05000283
1584.739343,663.8325505,14.03538673
1584.844262,664.1055196,14.05000283
1584.64095,663.8656982,14.04047862
1584.596917,663.1985559,14.05000283
1584.736048,663.8303726,14.04886685
1584.316173,664.1328543,14.04856092
1584.669328,663.8623157,14.05000283
1584.456868,663.0311369,14.05000283
1584.441472,663.7508315,14.0493612
1584.596147,664.1328543,14.04047862
1584.229044,664.1328543,14.04047862
1584.468572,664.1328543,14.05000283
1584.488901,664.1328543,14.05000283
1584.668766,663.6312717,14.05000283
1584.229377,663.9280593,14.04434373
1584.736779,664.1032418,14.05000283
1584.338506,663.8919651,14.05000283
1584.844262,663.8212976,14.04968532
1584.649882,664.1328543,14.04675708
1584.844262,663.8325505,14.05000283
1584.80199,664.1328543,14.05000283
1584.844262,664.082738,14.05000283
1584.745596,664.1328543,14.05000283
1584.4281,663.6831324,14.04832806
1584.828611,664.1328543,14.05000283
1584.174173,663.6870166,14.05000283
1584.785941,663.8362266,14.05000283
1584.645834,664.1325501,14.04895687
1584.303019,664.0167994,14.02241
1584.728476,663.4665547,14.05000283
1584.789863,664.1328543,14.05000283
1584.844262,664.1328543,14.05000283
1584.844262,664.1328543,14.05000283
1584.719131,663.9646927,14.05000283
1584.594162,663.9218363,14.05000283
1584.502105,664.0241116,14.05000283
1584.045721,663.4052026,14.04507846
1584.604374,664.0917713,14.05000283
1584.622928,663.9400643,14.05000283
1584.817515,663.8550669,14.04838095
1584.844262,664.1328543,14.05000283
1584.670455,663.9451949,14.05000283
1584.844262,664.1328543,14.05000283
1584.744083,664.0625733,14.05000283
1584.816551,663.9134434,14.05000283
1584.844262,663.9107595,14.04842886
1584.675036,663.9188187,14.05000283
1584.844262,664.1149473,14.05000283
1584.769756,664.1212688,14.02001491
1584.654636,664.1328543,14.05000283
1584.793069,663.920098,14.05000283
1584.844262,663.5451757,14.05000283
1584.844262,664.1328543,14.05000283
1584.844262,664.125296,14.05000283
1584.387005,663.7947857,14.05000283
1584.376805,663.9701545,14.05000283
1584.73093,663.8706023,14.05000283
1584.785578,663.9146563,14.05000283
1584.52555,663.8914748,14.00666305
1584.748984,663.7103147,14.04838095
1584.844262,664.1328543,14.05000283
1584.754701,664.1328543,14.04974751
1584.844262,664.1328543,14.05000283
1584.806918,664.1281467,14.05000283
1584.844262,663.9031166,14.05000283
1584.572826,664.1281514,14.05000283
1584.642928,663.4936702,14.05000283
1584.844262,664.1328543,14.05000283
1584.572493,663.7037688,14.0468337
1584.679875,663.9286947,14.05000283
1584.756716,663.713671,14.04047862
1584.80769,663.521712,14.04047862
1584.802981,664.1328543,14.03977002
1584.648894,663.944637,14.04047862
1584.676502,664.1328543,14.05000283
1584.595124,664.1328543,14.05000283
1584.580117,664.0212354,14.05000283
1584.65045,663.8439832,14.04780712
1584.692146,663.9055536,14.05000283
1584.797027,664.1299051,14.04897935
1584.844262,663.8458575,14.05000283
1584.664419,664.1328543,14.05000283
1584.81087,664.1328543,14.05000283
1584.844262,663.9465004,14.05000283
1584.660112,664.1328543,14.05000283
1584.347643,663.8514754,14.05000283
1584.810655,663.9638713,14.04688904
1584.64277,663.9093327,14.05000283
1584.654836,663.8899952,14.04983778
1584.512423,663.9837676,14.05000283
1584.749794,664.1213682,14.05000283
1584.643753,663.898752,14.05000283
1584.564483,664.1319595,14.05000283
1584.733646,664.0909955,14.05000283
1584.844262,664.1328543,14.05000283
1584.265253,663.9459965,14.05000283
1584.371963,664.1328543,14.05000283
1584.539905,664.1323546,14.05000283
1584.561826,664.1319961,14.04069063
1584.581816,664.129586,14.05000283
1584.71152,664.097211,14.05000283
1584.806611,664.1328543,14.05000283
1584.724655,664.1328543,14.04386814
1584.785729,664.1328543,14.05000283
1584.785729,664.1046628,14.05000283
1584.844262,664.1328543,14.05000283
1584.723696,663.7999318,14.04185626
1584.75292,664.1328543,14.05000283
1584.764403,663.8162053,14.05000283
1583.564739,664.1202684,14.03764826
1584.334295,663.9398034,14.05000283
1584.481514,664.0963481,14.05000283
1584.788365,663.6845819,14.05000283
1584.778483,663.9075929,14.04804645
1584.762414,664.1328543,14.05000283
1584.844262,664.1325298,14.05000283
1584.547172,664.1213682,14.04291056
1584.638842,664.1328543,14.05000283
1584.496731,663.7490957,14.03929782
1583.808735,664.0598943,14.05000283
1584.025189,663.683112,14.04780712
1584.631794,663.9280129,14.05000283
1584.492509,664.1328543,14.04666555
1584.754607,663.8883099,14.04589177
1584.64468,664.1328543,14.05000283
1584.62564,664.1328543,14.05000283
1584.67137,664.0915318,14.05000283
1584.801233,663.7375874,14.05000283
1584.645033,664.1328543,14.05000283
1584.60922,663.8726508,14.05000283
1584.773253,663.5426478,14.05000283
1584.657649,663.6051974,14.02095502
1584.734495,663.8173554,14.05000283
1584.509367,663.6225625,14.05000283
1584.668607,664.1328543,14.05000283
1584.697839,663.8330224,14.05000283
1584.414936,664.046973,14.05000283
1584.844262,663.5654993,14.05000283
1584.409515,663.9127287,14.05000283
1584.31453,663.8714886,14.05000283
1584.482748,663.9155236,14.05000283
1584.227853,664.1305133,14.05000283
1584.519211,664.1328543,14.05000283
1584.206772,663.7946859,14.05000283
1584.49713,664.0392281,14.05000283
1584.40531,664.1328543,14.05000283
1584.700401,664.1328543,14.05000283
1584.658586,664.1328543,14.0488372
1584.533033,664.1305804,14.03381693
1584.844262,664.1328543,14.05000283
1584.711809,663.9430004,14.05000283
1584.541722,663.6530334,14.05000283
1584.157744,663.8140562,14.05000283
1584.58385,663.8228322,14.04832803
1584.404478,663.7447168,14.03564486
1584.817515,663.8874247,14.05000283
1584.844262,664.1328543,14.05000283
1584.745596,664.1326591,14.05000283
1583.991496,663.8708446,14.05000283
1584.237332,663.9846334,14.05000283
1584.328531,663.9134434,14.04298853
1584.143686,663.0597273,14.05000283
1584.817515,663.5776801,14.05000283
1584.624851,663.6041937,14.04886525
1584.634661,664.1328543,14.05000283
1584.521455,663.9415797,14.02715902
1584.573377,664.1328543,14.03896376
1584.785112,664.1328543,14.05000283
1584.456357,664.0604624,14.04956355
1584.726659,663.8364229,14.05000283
1584.467801,663.0173218,14.05000283
1584.536185,664.1098199,14.05000283
1584.438025,663.9123795,14.03519394
1584.154141,663.5785076,14.05000283
1584.225906,663.5547372,14.05000283
1584.809692,663.8295235,14.05000283
1584.692887,664.1328543,14.03423222
1584.844262,664.1328543,14.05000283
1584.624949,664.0297843,14.05000283
1584.566705,664.1325993,14.05000283
1584.512892,664.0893197,14.05000283
1584.557814,663.8638919,14.04895989
1584.609011,663.94617,14.0147631
1584.844262,663.587895,14.04573522
1584.401397,663.8893114,14.05000283
1584.696919,663.8329882,14.03349107
1583.290525,663.8625636,14.03423222
1584.773044,664.1328543,14.05000283
1584.629262,664.1328543,14.05000283
1584.488639,663.8793179,14.05000283
1584.701751,664.1328543,14.05000283
1584.408939,663.4487632,14.02241
1583.563234,664.1328543,14.04845196
1584.517815,663.4480368,14.04811457
1584.528054,663.3292389,14.04364026
1584.81037,663.8904806,14.04623314
1584.724095,663.7423264,14.05000283
1584.844262,664.1328543,14.05000283
1584.581593,664.1328543,14.05000283
1584.69346,664.1328543,14.05000283
1584.759332,664.1328543,14.04110044
1584.200089,664.1289069,14.04475337
1584.470501,664.1322241,14.05000283
1584.512458,663.6845479,14.05000283
1584.162242,663.9252087,14.05000283
1584.166271,663.8295235,14.05000283
1584.462843,662.6095708,14.02470951
1584.790793,664.1328543,14.05000283
1583.666737,663.7176085,14.05000283
1584.738014,663.5774964,14.05000283
1584.543368,663.7903418,14.05000283
1583.913278,663.9128898,14.03886191
1583.150693,663.8834506,14.04623314
1582.828708,663.5938295,14.04971576
1584.429374,663.7696875,14.04662562
1583.519806,663.6550539,14.05000283
1583.880254,663.7937152,14.05000283
1584.834811,663.8506842,14.05000283
1583.677127,663.214553,14.05000283
1584.614249,664.1328543,14.05000283
1584.676807,664.1328543,14.05000283
1584.144165,663.5724757,14.05000283
1584.257524,663.8172254,13.99202753
1583.589212,663.1651982,14.03896376
1584.814158,663.0230666,14.05000283
1584.1555,663.9216293,14.05000283
1583.879228,663.125583,13.98165315
1584.666931,663.8953135,14.05000283
1584.233553,663.6902505,14.05000283
1584.462896,663.7141506,14.05000283
1584.221069,663.8735451,14.04114459
1584.706716,663.9102925,14.05000283
1584.270855,663.210725,14.03964441
1581.964061,662.4446633,14.03572795
1584.382746,663.8636091,14.05000283
1584.000995,663.1774417,14.04996134
1583.81863,663.0907246,14.05000283
1584.165928,663.7018336,14.04866961
1584.164246,664.0035775,14.05000283
1583.900785,663.9249921,14.03880429
1584.308728,663.9247184,14.02422056
1583.85764,663.8923086,14.02527083
1583.676286,663.1558576,14.02291139
1582.920071,663.335347,14.05000283
1583.594069,663.3244893,14.05000283
1584.382811,663.791901,14.05000283
1583.882116,663.1577337,14.01239834
1584.071127,663.8938587,14.05000283
1583.64044,663.2546598,14.05000283
1584.236669,663.7954281,14.04580876
1584.319463,663.8401051,14.05000283
1584.401067,664.0656841,14.05000283
1584.550928,663.9627765,14.05000283
1582.924907,663.959393,14.04610713
1583.791529,664.0127285,14.03964441
1583.735162,663.4908762,14.04995815
1583.830329,662.5730154,14.04302718
1584.124773,664.1188124,14.05000283
1583.968944,663.8660823,14.04270028
1583.970569,663.467893,14.04331534
1583.908542,664.011892,14.05000283
1584.325175,663.6119269,14.05000283
1583.994929,663.8566271,14.05000283
1584.159675,663.8146225,14.04910001
1584.163353,663.0785691,14.03327387
1584.712019,663.8528581,14.05000283
1583.187966,662.8294083,14.04973366
1583.196751,663.8691535,14.05000283
1584.090562,663.5520121,14.04428324
1583.69404,663.2168638,14.05000283
1584.537102,663.7939013,14.04872113
1581.354852,663.5854031,13.98157519
1584.470307,664.1328543,14.05000283
1066.300317,407.8465641,4.789922574
1066.66043,407.1457044,4.789922574
1067.228607,407.7372492,4.789922574
1066.436103,407.3833787,4.787579025
1065.877851,407.248909,4.789922574
1065.943989,407.4305939,4.789846006
1066.656157,407.7329192,4.789922574
1066.593193,407.3080783,4.788034316
1066.897365,407.850693,4.789922574
1067.137727,407.8282149,4.789922574
1066.652837,407.6867925,4.789922574
1066.146151,407.1391012,4.788254051
1066.689002,407.2122234,4.789922574
1066.952882,407.5112675,4.789922574
1066.558068,407.3565051,4.789922574
1066.205731,407.4541607,4.788034316
1066.61152,407.4042853,4.783707804
1067.093019,407.8652371,4.789922574
1065.826105,407.8652371,4.789922574
1067.048714,407.7198058,4.789922574
1066.888145,407.7626392,4.789922574
1067.007197,407.1633173,4.788872831
1066.927529,407.4216922,4.789922574
1066.346665,406.4670023,4.78794189
1067.197694,407.7110293,4.789922574
1066.160003,407.1764192,4.789444306
1067.150521,407.2709296,4.789922574
1067.302067,407.4733909,4.789605068
1065.922518,407.7074697,4.789922574
1066.664086,407.8600046,4.789922574
1066.600586,407.6938128,4.789653406
1066.942222,407.5773563,4.789922574
1066.946855,407.5733822,4.772572267
1066.786301,407.5636651,4.789922574
1066.96552,407.7645851,4.788034316
1066.853737,407.1360064,4.789922574
1065.83296,406.8781551,4.782961472
1066.748798,407.2435391,4.789922574
1066.759014,407.6502615,4.789638004
1066.971991,407.8245471,4.789922574
1067.261944,407.8652371,4.789922574
1066.819289,407.3803458,4.789922574
1067.128426,407.8652371,4.789922574
1066.696778,407.1658324,4.789922574
1066.905821,407.6887568,4.789922574
1066.388558,407.0277292,4.789922574
1066.205969,407.6338103,4.789922574
1067.201622,407.7301079,4.789922574
1066.313027,407.4883853,4.788034316
1067.078208,407.8608903,4.789922574
1066.488217,407.7821821,4.765343543
1067.313333,407.6802604,4.789922574
1066.827223,407.4398179,4.789922574
1067.292606,407.5734604,4.789922574
1067.289005,407.8614029,4.786611392
1066.472955,407.5205233,4.789010847
1066.617317,407.0149607,4.789922574
1066.890826,407.8110315,4.786978268
1067.237434,407.7578178,4.789146112
1066.749926,407.8652371,4.789922574
1067.294457,407.8647611,4.789922574
1067.15419,407.8652371,4.789922574
1067.396819,407.5113873,4.789898283
1066.926361,407.3802268,4.789922574
1066.754887,407.3418143,4.789877902
1067.019546,407.5677235,4.787974407
1067.024348,407.4164162,4.788592074
1066.951681,407.6114468,4.789922574
1066.90858,407.8647611,4.778462525
1067.366948,407.3434556,4.789922574
1066.418554,407.7554533,4.789922574
1067.231741,407.739992,4.789922574
1067.301435,407.8359009,4.789922574
1067.202428,407.8603979,4.767140545
1066.568427,407.6867933,4.789922574
1066.55139,407.5424696,4.789922574
1066.866831,407.1716541,4.788034316
1066.980607,407.6598876,4.789392368
1067.168225,407.8652371,4.789922574
1067.100987,407.5560985,4.789922574
1066.97456,407.8652371,4.789922574
1067.380285,407.8652371,4.789922574
1067.261491,407.8652371,4.789922574
1066.933519,407.8477999,4.789922574
1066.833386,407.5601148,4.789922574
1066.760726,407.6793078,4.788825727
1066.4045,407.6796954,4.789922574
1067.036579,407.8652371,4.789922574
1067.189416,407.8614624,4.788872831
1067.089947,407.5773563,4.789922574
1066.147844,407.5851197,4.789922574
1067.20428,407.7348826,4.789922574
1067.359977,407.8073643,4.789922574
1067.448245,407.4932278,4.789922574
1066.768114,407.7482637,4.789019759
1066.777448,407.5072823,4.789922574
1066.588325,407.5078197,4.789922574
1066.663464,407.6243535,4.789922574
1066.862053,407.4695886,4.789922574
1066.566581,407.6607637,4.789922574
1066.838843,407.7234321,4.787845194
1066.723402,407.8649877,4.789922574
1067.448245,407.8652371,4.789922574
1067.012233,407.8287309,4.789922574
1066.954137,407.8112211,4.789922574
1066.627423,407.5265813,4.760408519
1065.696696,407.5169521,4.77347749
1066.873711,407.5593464,4.789922574
1066.315522,407.5516603,4.789922574
1067.135777,407.8652371,4.789922574
1066.688134,407.6878272,4.789019759
1066.935478,407.5722095,4.779008097
1067.178766,407.8652371,4.789922574
1066.400003,407.8037232,4.789922574
1067.238999,407.7371963,4.789922574
1066.422259,407.4142627,4.775914006
1067.27923,407.5594375,4.789922574
1067.068545,407.5511451,4.782631115
1066.854909,407.6569465,4.763816676
1066.678857,407.549469,4.789922574
1066.543989,407.1340298,4.789922574
1066.672594,407.5323803,4.789922574
1066.585818,407.3899524,4.779910911
1067.42496,407.7011732,4.789922574
1066.878639,407.7434521,4.779721774
1066.503093,407.6804175,4.789922574
1062.916297,406.6832,4.744974362
1064.875228,406.2741651,4.78758543
1064.188859,405.8179582,4.778843682
1059.502696,404.5946575,4.740427705
