1类置信率,2类置信率,3类置信率,预测分类,实际分类,预测正确
9.73E-10,1,1.72E-10,2,2,1
3.42E-10,1,3.75E-10,2,2,1
9.32E-10,1,1.61E-09,2,2,1
3.88E-10,1,3.25E-09,2,2,1
1.17E-09,1,5.50E-09,2,2,1
5.03E-11,1,1.35E-10,2,2,1
6.17E-08,0.999999881,3.88E-08,2,2,1
2.33E-09,1,6.38E-09,2,2,1
4.10E-08,1,1.68E-08,2,2,1
5.08E-07,0.999999404,1.77E-07,2,2,1
1.23E-06,0.999998689,8.23E-08,2,2,1
2.86E-06,0.999997139,3.96E-08,2,2,1
2.77E-07,0.999999762,2.24E-08,2,2,1
1.73E-07,0.999999762,9.78E-08,2,2,1
1.06E-06,0.999998689,2.94E-07,2,2,1
1.22E-07,0.999999881,5.45E-08,2,2,1
1.50E-07,0.999999762,6.20E-08,2,2,1
3.18E-05,0.999966741,1.42E-06,2,2,1
7.02E-05,0.999925852,3.88E-06,2,2,1
6.79E-06,0.999992967,2.48E-07,2,2,1
9.47E-06,0.999989986,5.59E-07,2,2,1
3.03E-06,0.999996662,3.78E-07,2,2,1
1.09E-06,0.999998569,3.98E-07,2,2,1
3.33E-06,0.999996305,4.03E-07,2,2,1
8.27E-06,0.999991536,2.98E-07,2,2,1
3.95E-07,0.999999642,3.10E-08,2,2,1
7.13E-05,0.999928594,8.41E-08,2,2,1
2.14E-06,0.999997854,2.07E-08,2,2,1
0.000599864,0.999399543,6.13E-07,2,2,1
1.35E-05,0.99998641,1.59E-07,2,2,1
8.49E-07,0.999998927,2.34E-07,2,2,1
6.98E-08,0.999999881,4.96E-08,2,2,1
8.83E-06,0.999989867,1.25E-06,2,2,1
1.68E-05,0.999981165,2.03E-06,2,2,1
6.53E-05,0.999931693,3.01E-06,2,2,1
0.000566853,0.999426842,6.30E-06,2,2,1
0.00035028,0.999637246,1.25E-05,2,2,1
3.32E-06,0.999996066,6.39E-07,2,2,1
1.13E-09,1,1.01E-09,2,2,1
1.54E-11,1,1.57E-11,2,2,1
5.10E-09,1,7.94E-10,2,2,1
5.39E-11,1,1.30E-11,2,2,1
3.53E-07,0.999999642,5.03E-08,2,2,1
3.96E-08,1,1.24E-08,2,2,1
6.41E-06,0.999993324,2.23E-07,2,2,1
5.37E-08,1,7.92E-09,2,2,1
1.07E-08,1,1.68E-09,2,2,1
3.40E-10,1,1.35E-10,2,2,1
1.29E-08,1,4.27E-09,2,2,1
1.43E-11,1,1.26E-11,2,2,1
5.48E-10,1,1.68E-10,2,2,1
1.37E-10,1,2.04E-11,2,2,1
5.63E-12,1,2.37E-12,2,2,1
4.46E-11,1,4.63E-11,2,2,1
1.61E-08,1,6.39E-09,2,2,1
7.11E-09,1,3.65E-09,2,2,1
6.02E-11,1,7.62E-12,2,2,1
5.80E-09,1,4.87E-10,2,2,1
1.40E-05,0.999985814,8.13E-08,2,2,1
7.00E-06,0.999992728,2.91E-07,2,2,1
0.000245597,0.999750435,3.94E-06,2,2,1
2.02E-05,0.999978662,1.10E-06,2,2,1
1.17E-07,0.999999881,8.59E-09,2,2,1
7.50E-09,1,2.94E-10,2,2,1
2.75E-08,1,3.26E-09,2,2,1
3.59E-08,1,3.77E-09,2,2,1
9.34E-09,1,7.13E-09,2,2,1
2.61E-09,1,7.01E-10,2,2,1
1.85E-08,1,1.64E-08,2,2,1
1.66E-10,1,3.21E-10,2,2,1
2.26E-09,1,4.64E-10,2,2,1
5.19E-10,1,9.75E-11,2,2,1
1.57E-08,1,5.32E-09,2,2,1
2.38E-08,1,1.06E-08,2,2,1
0.004794617,0.995180249,2.52E-05,2,2,1
0.001197434,0.998781741,2.09E-05,2,2,1
2.30E-05,0.999976039,1.01E-06,2,2,1
5.84E-10,1,3.21E-10,2,2,1
2.18E-11,1,3.18E-11,2,2,1
1.95E-12,1,8.03E-13,2,2,1
2.66E-12,1,9.03E-13,2,2,1
1.21E-08,1,4.72E-10,2,2,1
2.74E-05,0.999971032,1.53E-06,2,1,0
6.03E-05,0.999938846,8.48E-07,2,2,1
8.20E-06,0.999991417,3.27E-07,2,2,1
3.74E-07,0.999999523,6.98E-08,2,2,1
1.45E-08,1,2.50E-09,2,2,1
1.95E-07,0.999999762,4.02E-08,2,2,1
5.41E-11,1,2.01E-10,2,2,1
2.14E-08,1,9.75E-09,2,2,1
4.09E-09,1,1.57E-09,2,2,1
2.84E-08,1,3.87E-09,2,2,1
1.51E-08,1,4.83E-09,2,2,1
3.34E-08,1,1.37E-08,2,2,1
1.41E-07,0.999999881,4.21E-08,2,2,1
3.43E-07,0.999999523,7.97E-08,2,2,1
2.35E-06,0.999997616,3.40E-08,2,2,1
2.97E-07,0.999999762,1.35E-09,2,2,1
9.61E-08,0.999999881,7.40E-09,2,2,1
1.38E-06,0.99999845,6.07E-08,2,2,1
4.94E-06,0.999994874,2.97E-07,2,2,1
5.60E-05,0.999943256,8.28E-07,2,2,1
7.58E-08,0.999999881,2.15E-08,2,2,1
5.81E-10,1,1.21E-10,2,2,1
2.17E-09,1,1.79E-09,2,2,1
1.25E-09,1,5.13E-10,2,2,1
1.89E-10,1,1.23E-09,2,2,1
5.67E-11,1,3.29E-10,2,2,1
1.03E-09,1,4.00E-09,2,2,1
2.26E-09,1,7.80E-09,2,2,1
6.83E-08,0.999999881,6.54E-09,2,2,1
2.84E-13,1,1.17E-13,2,2,1
0.005214887,0.994782865,2.24E-06,2,2,1
0.00034184,0.999657512,6.44E-07,2,2,1
2.65E-05,0.99997282,7.38E-07,2,2,1
9.02E-06,0.999990582,3.28E-07,2,2,1
7.41E-06,0.999991894,7.34E-07,2,2,1
0.000219113,0.999777615,3.31E-06,2,2,1
6.78E-06,0.999992967,2.93E-07,2,2,1
2.33E-09,1,2.14E-10,2,2,1
2.97E-10,1,5.69E-11,2,2,1
2.41E-10,1,1.38E-10,2,2,1
5.76E-09,1,1.23E-09,2,2,1
2.87E-12,1,9.74E-12,2,2,1
3.31E-10,1,7.03E-10,2,2,1
9.46E-09,1,5.52E-09,2,2,1
4.15E-10,1,6.51E-11,2,2,1
4.63E-08,1,9.18E-09,2,2,1
1.00E-07,0.999999881,3.87E-08,2,2,1
3.26E-08,1,2.92E-09,2,2,1
3.63E-08,1,1.11E-08,2,2,1
2.51E-08,1,1.46E-09,2,2,1
1.02E-08,1,6.72E-10,2,2,1
5.82E-09,1,7.65E-10,2,2,1
5.54E-08,1,1.15E-08,2,2,1
2.26E-10,1,3.87E-10,2,2,1
2.67E-09,1,1.91E-09,2,2,1
2.73E-09,1,2.59E-09,2,2,1
7.89E-12,1,3.30E-11,2,2,1
7.34E-11,1,6.64E-10,2,2,1
4.57E-08,1,1.20E-08,2,2,1
1.19E-09,1,6.37E-10,2,2,1
4.04E-09,1,8.43E-10,2,2,1
1.58E-09,1,1.14E-09,2,2,1
1.09E-08,1,3.55E-10,2,2,1
4.64E-11,1,1.43E-11,2,2,1
0.998818338,0.001179775,1.92E-06,1,1,1
0.991571546,0.008427493,9.03E-07,1,1,1
0.002414329,0.997584462,1.22E-06,2,2,1
1.78E-06,0.999998212,2.15E-08,2,2,1
1.40E-08,1,4.94E-09,2,2,1
3.04E-09,1,1.35E-09,2,2,1
5.76E-06,0.999994159,1.72E-07,2,2,1
8.27E-07,0.999999166,3.54E-08,2,2,1
2.60E-08,1,1.47E-09,2,2,1
2.42E-09,1,2.78E-10,2,2,1
3.13E-09,1,7.60E-10,2,2,1
2.43E-09,1,2.01E-10,2,2,1
4.29E-09,1,1.06E-10,2,2,1
6.22E-10,1,1.33E-10,2,2,1
6.47E-13,1,9.53E-12,2,2,1
1.31E-10,1,1.33E-10,2,2,1
3.52E-10,1,6.68E-11,2,2,1
1.12E-11,1,5.79E-12,2,2,1
9.51E-08,0.999999881,2.74E-08,2,2,1
9.84E-09,1,2.41E-09,2,2,1
1.22E-08,1,8.45E-10,2,2,1
3.99E-11,1,9.33E-12,2,2,1
1.75E-11,1,1.27E-10,2,2,1
2.19E-09,1,8.54E-10,2,2,1
1.76E-08,1,6.71E-09,2,2,1
7.12E-08,0.999999881,1.65E-08,2,2,1
1.64E-08,1,1.49E-08,2,2,1
2.12E-08,1,2.63E-09,2,2,1
1.33E-11,1,1.39E-11,2,2,1
8.77E-11,1,3.09E-10,2,2,1
9.45E-11,1,5.48E-10,2,2,1
2.75E-09,1,1.39E-09,2,2,1
1.68E-10,1,3.45E-11,2,2,1
3.71E-11,1,1.83E-11,2,2,1
7.41E-11,1,5.84E-10,2,2,1
2.66E-07,0.999999762,1.71E-09,2,2,1
0.954633594,0.045363083,3.34E-06,1,1,1
0.999999166,8.01E-07,4.23E-09,1,1,1
0.998214483,0.001784772,7.34E-07,1,1,1
0.613545239,0.386435479,1.93E-05,1,1,1
0.006059077,0.993940234,7.26E-07,2,2,1
1.33E-07,0.999999881,1.53E-09,2,2,1
1.48E-08,1,5.21E-10,2,2,1
4.00E-10,1,1.68E-10,2,2,1
1.65E-08,1,1.29E-08,2,2,1
5.67E-09,1,2.34E-09,2,2,1
2.51E-10,1,3.49E-10,2,2,1
1.32E-10,1,6.33E-11,2,2,1
1.07E-09,1,7.59E-10,2,2,1
2.52E-09,1,6.83E-10,2,2,1
5.74E-11,1,4.12E-12,2,2,1
7.81E-11,1,6.43E-11,2,2,1
3.98E-11,1,1.55E-10,2,2,1
6.02E-11,1,2.66E-10,2,2,1
4.94E-09,1,6.29E-10,2,2,1
4.05E-11,1,1.76E-10,2,2,1
1.15E-08,1,7.14E-09,2,2,1
2.23E-07,0.999999642,8.56E-08,2,2,1
4.61E-09,1,6.21E-10,2,2,1
3.31E-10,1,1.92E-10,2,2,1
2.17E-10,1,2.95E-11,2,2,1
1.87E-08,1,9.90E-09,2,2,1
5.17E-09,1,7.02E-10,2,2,1
3.55E-10,1,3.27E-10,2,2,1
2.90E-08,1,2.00E-08,2,2,1
9.61E-10,1,1.44E-09,2,2,1
2.80E-11,1,1.29E-10,2,2,1
3.44E-12,1,1.14E-10,2,2,1
6.26E-12,1,2.80E-12,2,2,1
6.72E-12,1,4.32E-11,2,2,1
1.14E-11,1,1.23E-10,2,2,1
1.90E-12,1,2.80E-11,2,2,1
1.36E-10,1,4.99E-10,2,2,1
1.29E-07,0.999999881,8.02E-09,2,2,1
0.998027146,0.001905209,6.76E-05,1,1,1
0.99998498,1.40E-05,9.36E-07,1,1,1
1,1.82E-10,1.42E-10,1,1,1
1,4.27E-10,4.17E-11,1,1,1
0.894533157,0.105435491,3.13E-05,1,1,1
0.985174239,0.014824293,1.37E-06,1,1,1
0.000304919,0.999694943,9.28E-08,2,2,1
8.39E-09,1,3.31E-10,2,2,1
5.18E-10,1,7.47E-11,2,2,1
1.81E-08,1,9.75E-10,2,2,1
3.11E-07,0.999999523,6.55E-08,2,2,1
1.34E-09,1,1.87E-09,2,2,1
3.51E-12,1,6.06E-12,2,2,1
1.36E-12,1,3.80E-11,2,2,1
2.63E-10,1,6.77E-10,2,2,1
3.24E-10,1,1.16E-09,2,2,1
3.51E-12,1,7.75E-11,2,2,1
1.30E-11,1,6.67E-11,2,2,1
7.38E-13,1,1.59E-11,2,2,1
1.32E-10,1,6.70E-10,2,2,1
2.34E-07,0.999999762,5.42E-08,2,2,1
1.08E-11,1,1.37E-10,2,2,1
4.43E-11,1,2.39E-10,2,2,1
1.42E-09,1,1.44E-09,2,2,1
6.09E-10,1,1.07E-10,2,2,1
2.72E-11,1,1.60E-10,2,2,1
7.87E-10,1,1.33E-09,2,2,1
5.92E-10,1,6.35E-10,2,2,1
2.90E-09,1,1.30E-09,2,2,1
1.91E-10,1,1.88E-10,2,2,1
4.39E-08,1,3.07E-08,2,2,1
8.16E-10,1,2.41E-09,2,2,1
4.08E-10,1,2.40E-09,2,2,1
3.50E-13,1,2.46E-11,2,2,1
1.85E-11,1,5.55E-11,2,2,1
9.80E-14,1,3.15E-12,2,2,1
3.36E-12,1,6.01E-11,2,2,1
5.43E-12,1,9.99E-11,2,2,1
8.41E-10,1,2.94E-09,2,2,1
8.33E-09,1,1.27E-09,2,2,1
0.999985456,1.38E-05,7.52E-07,1,1,1
0.999999762,1.92E-07,1.61E-08,1,1,1
1,5.26E-11,1.71E-11,1,1,1
1,1.35E-11,3.96E-12,1,1,1
1,2.86E-09,1.50E-10,1,1,1
0.685621679,0.314320564,5.78E-05,1,1,1
0.962902248,0.037095372,2.37E-06,1,1,1
8.03E-07,0.999999046,7.46E-08,2,2,1
6.95E-08,0.999999881,4.30E-09,2,2,1
1.96E-08,1,1.04E-09,2,2,1
3.07E-09,1,1.08E-09,2,2,1
4.11E-08,1,2.02E-08,2,2,1
1.37E-10,1,6.62E-11,2,2,1
3.55E-12,1,6.06E-12,2,2,1
1.71E-12,1,1.62E-11,2,2,1
3.90E-14,1,1.90E-12,2,2,1
5.25E-11,1,3.29E-10,2,2,1
6.24E-11,1,2.06E-10,2,2,1
2.37E-12,1,2.80E-11,2,2,1
2.71E-13,1,5.15E-12,2,2,1
5.36E-14,1,1.32E-12,2,2,1
1.19E-10,1,4.99E-10,2,2,1
1.12E-06,0.999998689,2.30E-07,2,2,1
6.36E-12,1,1.69E-10,2,2,1
1.75E-12,1,4.41E-11,2,2,1
2.64E-13,1,3.09E-12,2,2,1
1.27E-11,1,3.29E-11,2,2,1
9.25E-12,1,4.13E-11,2,2,1
2.12E-08,1,2.17E-08,2,2,1
4.60E-11,1,1.76E-10,2,2,1
2.17E-10,1,2.89E-10,2,2,1
1.38E-07,0.999999762,6.17E-08,2,2,1
1.24E-11,1,1.69E-10,2,2,1
8.13E-13,1,5.30E-11,2,2,1
5.09E-12,1,2.79E-10,2,2,1
1.84E-14,1,6.27E-13,2,2,1
4.09E-16,1,4.52E-13,2,2,1
1.37E-14,1,2.26E-12,2,2,1
3.37E-14,1,2.81E-12,2,2,1
1.95E-11,1,6.20E-11,2,2,1
5.54E-08,1,5.48E-09,2,2,1
7.11E-10,1,9.34E-10,2,2,1
2.14E-11,1,2.46E-10,2,2,1
1.51E-09,1,8.71E-09,2,2,1
9.22E-10,1,1.05E-10,2,2,1
2.09E-10,1,5.76E-10,2,2,1
2.53E-11,1,9.90E-11,2,2,1
1.84E-09,1,2.05E-09,2,2,1
1.98E-11,1,5.60E-10,2,2,1
1.92E-08,1,1.88E-08,2,2,1
7.89E-10,1,3.93E-09,2,2,1
9.46E-13,1,3.19E-12,2,2,1
1.94E-09,1,9.83E-10,2,2,1
1,6.53E-09,7.02E-09,1,1,1
1,4.22E-09,2.34E-09,1,1,1
0.999981046,1.80E-05,8.95E-07,1,1,1
1,5.48E-09,3.57E-10,1,1,1
1,6.62E-11,8.41E-12,1,1,1
1,2.58E-09,1.04E-10,1,1,1
1,1.40E-11,3.41E-13,1,1,1
0.976763606,0.023229571,6.88E-06,1,1,1
0.000316374,0.999682188,1.37E-06,2,2,1
1.06E-06,0.999998808,1.58E-07,2,2,1
2.46E-08,1,2.29E-09,2,2,1
2.27E-09,1,8.04E-10,2,2,1
8.08E-10,1,1.62E-09,2,2,1
7.24E-11,1,1.48E-10,2,2,1
8.72E-10,1,3.64E-09,2,2,1
1.14E-10,1,4.95E-10,2,2,1
8.89E-12,1,1.25E-10,2,2,1
4.02E-14,1,2.45E-12,2,2,1
1.23E-12,1,2.04E-11,2,2,1
8.24E-14,1,9.64E-12,2,2,1
1.28E-12,1,1.27E-11,2,2,1
5.54E-12,1,2.08E-11,2,2,1
5.63E-12,1,1.16E-11,2,2,1
9.53E-11,1,1.63E-10,2,2,1
3.69E-10,1,1.05E-09,2,2,1
1.01E-11,1,7.43E-11,2,2,1
3.96E-12,1,1.80E-10,2,2,1
6.78E-12,1,5.29E-11,2,2,1
2.50E-11,1,4.55E-11,2,2,1
1.42E-10,1,2.28E-10,2,2,1
6.92E-11,1,9.30E-11,2,2,1
5.16E-12,1,6.72E-11,2,2,1
7.74E-13,1,1.91E-11,2,2,1
3.38E-12,1,5.09E-11,2,2,1
1.98E-11,1,6.65E-11,2,2,1
7.17E-13,1,3.53E-11,2,2,1
2.81E-11,1,3.08E-10,2,2,1
9.15E-16,1,2.28E-13,2,2,1
2.27E-17,1,3.32E-14,2,2,1
1.11E-15,1,1.23E-13,2,2,1
7.77E-16,1,3.72E-13,2,2,1
2.88E-13,1,1.44E-11,2,2,1
1.05E-10,1,7.18E-11,2,2,1
7.61E-10,1,3.17E-09,2,2,1
3.62E-06,0.999995828,6.36E-07,2,2,1
3.95E-05,0.999957561,2.84E-06,2,2,1
2.51E-09,1,7.99E-09,2,2,1
1.32E-10,1,1.73E-11,2,2,1
1.31E-10,1,6.51E-11,2,2,1
1.11E-10,1,5.79E-10,2,2,1
1.01E-08,1,2.85E-08,2,2,1
1.01E-10,1,1.69E-09,2,2,1
3.38E-10,1,1.87E-09,2,2,1
1.41E-11,1,9.34E-10,2,2,1
2.82E-10,1,8.22E-09,2,2,1
1.40E-08,1,1.60E-08,2,2,1
6.86E-09,1,1.56E-08,2,2,1
1.14E-09,1,4.51E-09,2,2,1
1.19E-10,1,9.49E-10,2,2,1
2.20E-09,1,6.96E-10,2,2,1
2.56E-11,1,9.14E-11,2,2,1
1.39E-09,1,4.03E-09,2,2,1
7.14E-06,0.999991655,1.19E-06,2,2,1
1.77E-09,1,8.15E-10,2,2,1
1,5.57E-15,3.12E-14,1,1,1
1,3.23E-08,2.92E-09,1,1,1
1,2.17E-10,2.34E-11,1,1,1
1,6.23E-09,2.89E-10,1,1,1
1,1.97E-08,1.12E-09,1,1,1
1,5.19E-09,8.18E-11,1,1,1
0.999996662,3.39E-06,2.39E-09,1,1,1
0.997452319,0.002547201,4.19E-07,1,1,1
0.000644492,0.999353349,2.11E-06,2,2,1
2.19E-08,1,4.49E-09,2,2,1
3.11E-08,1,2.68E-09,2,2,1
4.52E-11,1,6.71E-11,2,2,1
2.76E-13,1,1.02E-11,2,2,1
5.52E-11,1,1.29E-10,2,2,1
8.89E-10,1,2.64E-09,2,2,1
2.94E-12,1,1.84E-11,2,2,1
4.10E-11,1,5.28E-11,2,2,1
3.05E-13,1,8.23E-12,2,2,1
2.63E-12,1,2.40E-11,2,2,1
1.59E-11,1,3.69E-10,2,2,1
1.40E-13,1,1.49E-12,2,2,1
6.25E-13,1,8.46E-12,2,2,1
5.79E-13,1,2.37E-12,2,2,1
1.05E-12,1,3.07E-11,2,2,1
2.67E-11,1,1.19E-10,2,2,1
1.25E-13,1,1.11E-11,2,2,1
4.37E-09,1,8.50E-09,2,2,1
6.58E-12,1,9.10E-11,2,2,1
8.97E-12,1,1.42E-10,2,2,1
5.39E-08,1,3.56E-08,2,2,1
1.45E-10,1,4.50E-10,2,2,1
1.09E-12,1,1.04E-11,2,2,1
6.70E-12,1,9.43E-11,2,2,1
5.53E-12,1,1.73E-10,2,2,1
1.22E-13,1,1.65E-11,2,2,1
3.78E-11,1,2.25E-10,2,2,1
1.15E-14,1,2.39E-12,2,2,1
5.62E-14,1,9.55E-12,2,2,1
1.45E-17,1,3.08E-14,2,2,1
6.19E-10,1,1.69E-09,2,2,1
3.93E-11,1,6.75E-10,2,2,1
7.76E-13,1,1.81E-11,2,2,1
2.03E-10,1,8.45E-10,2,2,1
1.09E-10,1,4.57E-10,2,2,1
7.65E-11,1,8.29E-10,2,2,1
8.22E-13,1,5.11E-11,2,2,1
9.74E-13,1,4.41E-11,2,2,1
5.35E-11,1,6.96E-11,2,2,1
8.62E-09,1,7.32E-10,2,2,1
6.18E-11,1,5.51E-10,2,2,1
1.75E-09,1,3.26E-09,2,2,1
2.54E-10,1,3.59E-10,2,2,1
2.14E-10,1,5.14E-09,2,2,1
1.02E-10,1,1.20E-09,2,2,1
7.28E-11,1,1.07E-09,2,2,1
2.23E-08,1,1.05E-08,2,2,1
3.89E-08,1,4.72E-08,2,2,1
1.34E-09,1,8.27E-10,2,2,1
1.08E-09,1,6.14E-09,2,2,1
4.24E-11,1,7.98E-10,2,2,1
4.36E-09,1,2.14E-08,2,2,1
6.24E-11,1,5.36E-10,2,2,1
1.91E-10,1,2.95E-09,2,2,1
1.69E-08,1,2.27E-08,2,2,1
1,2.03E-13,1.93E-12,1,1,1
1,3.30E-12,1.77E-12,1,1,1
1,8.79E-10,1.87E-10,1,1,1
1,4.43E-09,3.56E-10,1,1,1
1,7.78E-10,1.61E-10,1,1,1
1,2.00E-11,1.68E-12,1,1,1
0.999991536,8.42E-06,2.38E-08,1,1,1
0.999875426,0.000124509,1.64E-08,1,1,1
0.997357011,0.002642874,9.15E-08,1,1,1
1.25E-06,0.999998808,3.91E-08,2,2,1
3.13E-06,0.999996901,8.84E-09,2,2,1
2.19E-09,1,3.52E-10,2,2,1
7.68E-09,1,9.25E-11,2,2,1
1.63E-11,1,3.39E-11,2,2,1
3.08E-10,1,4.11E-10,2,2,1
1.22E-11,1,8.88E-11,2,2,1
3.05E-12,1,3.81E-11,2,2,1
1.03E-12,1,1.75E-12,2,2,1
7.86E-13,1,8.97E-12,2,2,1
6.03E-13,1,5.80E-12,2,2,1
3.04E-12,1,1.34E-10,2,2,1
2.58E-12,1,1.43E-11,2,2,1
6.35E-12,1,4.79E-11,2,2,1
5.77E-13,1,1.36E-12,2,2,1
1.35E-11,1,1.92E-11,2,2,1
5.13E-11,1,1.18E-10,2,2,1
1.72E-13,1,5.57E-12,2,2,1
2.82E-09,1,6.61E-09,2,2,1
2.85E-10,1,1.30E-09,2,2,1
3.98E-12,1,1.23E-10,2,2,1
1.69E-13,1,4.07E-12,2,2,1
4.44E-12,1,4.62E-11,2,2,1
8.08E-13,1,2.95E-11,2,2,1
1.80E-12,1,1.37E-10,2,2,1
2.01E-11,1,3.79E-10,2,2,1
9.42E-12,1,4.14E-10,2,2,1
7.20E-13,1,5.06E-11,2,2,1
3.21E-16,1,6.79E-13,2,2,1
8.31E-15,1,3.81E-12,2,2,1
9.83E-18,1,9.32E-15,2,2,1
1.06E-12,1,4.90E-12,2,2,1
2.06E-14,1,7.57E-12,2,2,1
6.15E-15,1,3.08E-12,2,2,1
1.01E-15,1,1.14E-12,2,2,1
5.70E-13,1,4.69E-11,2,2,1
4.89E-13,1,7.61E-11,2,2,1
1.92E-10,1,1.76E-09,2,2,1
3.04E-11,1,2.90E-10,2,2,1
3.99E-09,1,8.56E-09,2,2,1
4.40E-13,1,3.55E-11,2,2,1
8.26E-10,1,2.36E-09,2,2,1
4.24E-10,1,1.90E-09,2,2,1
1.40E-10,1,9.67E-11,2,2,1
2.25E-13,1,2.44E-12,2,2,1
1.76E-09,1,5.47E-09,2,2,1
4.60E-12,1,1.35E-10,2,2,1
2.85E-13,1,6.16E-12,2,2,1
4.83E-10,1,1.90E-09,2,2,1
1.11E-09,1,1.18E-09,2,2,1
7.75E-10,1,1.91E-09,2,2,1
1.78E-08,1,2.28E-08,2,2,1
9.61E-10,1,9.50E-09,2,2,1
1.33E-10,1,8.61E-10,2,2,1
2.31E-10,1,8.58E-10,2,2,1
3.08E-09,1,1.21E-09,2,2,1
8.48E-09,1,1.04E-08,2,2,1
1.61E-10,1,1.05E-09,2,2,1
3.18E-11,1,3.06E-10,2,2,1
5.99E-11,1,7.56E-10,2,2,1
1.14E-10,1,7.50E-10,2,2,1
7.71E-13,1,1.56E-11,2,2,1
3.06E-12,1,4.14E-11,2,2,1
4.06E-08,1,2.09E-08,2,2,1
6.64E-09,1,2.79E-09,2,2,1
0.999999881,4.69E-08,9.43E-08,1,1,1
1,8.26E-13,2.10E-11,1,1,1
1,4.03E-09,6.86E-10,1,1,1
1,5.59E-09,6.60E-10,1,1,1
0.999999523,4.52E-07,2.35E-08,1,1,1
1,2.22E-15,6.42E-15,1,1,1
1,7.77E-20,6.76E-19,1,1,1
1,8.08E-10,3.31E-11,1,1,1
0.998621106,0.001378165,6.56E-07,1,1,1
0.029708853,0.970247567,4.36E-05,2,2,1
0.001106591,0.998893201,1.88E-07,2,2,1
4.07E-08,1,1.68E-09,2,2,1
8.90E-12,1,4.38E-11,2,2,1
6.31E-09,1,2.06E-09,2,2,1
5.48E-10,1,4.09E-10,2,2,1
1.48E-12,1,3.95E-12,2,2,1
7.09E-12,1,5.35E-11,2,2,1
2.12E-12,1,9.05E-12,2,2,1
6.86E-14,1,2.39E-12,2,2,1
5.77E-14,1,9.48E-13,2,2,1
2.82E-13,1,3.93E-12,2,2,1
1.04E-13,1,1.85E-12,2,2,1
1.16E-15,1,4.01E-13,2,2,1
1.90E-13,1,8.37E-12,2,2,1
1.39E-13,1,4.85E-13,2,2,1
1.25E-11,1,2.24E-12,2,2,1
3.15E-12,1,1.56E-11,2,2,1
1.66E-11,1,1.34E-10,2,2,1
3.09E-10,1,7.04E-10,2,2,1
4.67E-11,1,4.34E-10,2,2,1
1.80E-13,1,6.63E-12,2,2,1
4.55E-11,1,4.28E-10,2,2,1
8.37E-11,1,7.56E-10,2,2,1
3.42E-09,1,7.97E-09,2,2,1
5.46E-13,1,6.09E-11,2,2,1
4.43E-14,1,1.46E-11,2,2,1
1.66E-13,1,1.93E-11,2,2,1
1.06E-14,1,4.34E-12,2,2,1
1.16E-10,1,1.65E-09,2,2,1
5.10E-06,0.999994159,7.58E-07,2,2,1
9.34E-18,1,1.72E-14,2,2,1
1.25E-14,1,3.31E-12,2,2,1
2.99E-16,1,9.88E-13,2,2,1
4.38E-15,1,4.49E-12,2,2,1
6.68E-18,1,4.82E-14,2,2,1
3.35E-10,1,3.36E-09,2,2,1
0.991519749,0.008357352,0.000122937,1,1,1
7.57E-11,1,7.64E-10,2,2,1
3.42E-14,1,1.42E-11,2,2,1
5.45E-10,1,3.19E-09,2,2,1
0.004268419,0.995699286,3.22E-05,2,2,1
1.03E-08,1,1.99E-08,2,2,1
7.12E-12,1,1.89E-10,2,2,1
5.41E-14,1,1.55E-11,2,2,1
7.90E-09,1,2.00E-08,2,2,1
5.02E-07,0.999999404,1.77E-07,2,2,1
6.48E-08,0.999999762,7.02E-08,2,2,1
4.22E-12,1,1.77E-10,2,2,1
3.60E-09,1,6.53E-09,2,2,1
2.42E-08,1,2.88E-08,2,2,1
2.13E-07,0.999999642,1.19E-07,2,2,1
2.48E-11,1,7.60E-11,2,2,1
3.50E-11,1,6.06E-12,2,2,1
3.18E-13,1,3.98E-13,2,2,1
9.86E-15,1,3.51E-14,2,2,1
7.11E-14,1,5.37E-14,2,2,1
1.43E-12,1,2.14E-13,2,2,1
2.98E-07,0.999999762,4.41E-09,2,2,1
1.38E-10,1,1.64E-09,2,2,1
1.61E-12,1,1.70E-11,2,2,1
1.51E-16,1,4.66E-14,2,2,1
1.58E-16,1,6.21E-14,2,2,1
4.14E-11,1,4.42E-10,2,2,1
1.44E-10,1,3.00E-10,2,2,1
7.08E-10,1,1.21E-09,2,2,1
9.28E-09,1,6.92E-09,2,2,1
5.49E-07,0.999999404,4.96E-08,2,2,1
3.86E-08,1,1.46E-08,2,2,1
5.41E-09,1,2.68E-09,2,2,1
9.12E-11,1,3.78E-10,2,2,1
2.91E-12,1,6.90E-11,2,2,1
3.68E-11,1,5.01E-11,2,2,1
8.04E-11,1,5.61E-10,2,2,1
5.01E-10,1,4.88E-10,2,2,1
1.85E-08,1,1.56E-09,2,2,1
8.64E-09,1,2.60E-09,2,2,1
3.07E-12,1,4.32E-12,2,2,1
1.26E-12,1,5.71E-11,2,2,1
2.74E-09,1,6.12E-09,2,2,1
5.50E-09,1,1.31E-09,2,2,1
1.04E-08,1,4.52E-10,2,2,1
1.97E-09,1,2.34E-10,2,2,1
1.65E-08,1,4.62E-09,2,2,1
0.999899983,6.99E-05,3.00E-05,1,1,1
1,6.95E-11,4.63E-10,1,1,1
1,1.65E-14,6.51E-13,1,1,1
1,7.86E-14,5.56E-14,1,1,1
1,3.00E-13,3.87E-13,1,1,1
0.999999523,4.34E-07,1.33E-08,1,1,1
0.999999046,9.86E-07,8.79E-09,1,1,1
1,8.96E-09,1.36E-10,1,1,1
1,5.53E-12,1.98E-13,1,1,1
0.016835118,0.983163059,1.75E-06,2,1,0
0.000289383,0.999708593,2.06E-06,2,2,1
0.000154214,0.999843836,1.90E-06,2,2,1
2.45E-06,0.999997497,4.81E-09,2,2,1
2.99E-07,0.999999642,3.45E-09,2,2,1
4.35E-09,1,2.08E-10,2,2,1
3.57E-09,1,1.33E-09,2,2,1
4.96E-12,1,2.31E-12,2,2,1
1.32E-11,1,1.49E-10,2,2,1
1.47E-11,1,1.15E-10,2,2,1
1.34E-13,1,2.50E-12,2,2,1
8.34E-14,1,7.05E-12,2,2,1
2.60E-15,1,2.09E-13,2,2,1
1.55E-11,1,2.75E-11,2,2,1
7.31E-14,1,6.41E-12,2,2,1
1.36E-13,1,1.64E-11,2,2,1
1.02E-14,1,3.83E-13,2,2,1
1.10E-14,1,5.67E-13,2,2,1
3.28E-11,1,1.81E-10,2,2,1
1.82E-13,1,2.45E-12,2,2,1
3.23E-12,1,1.94E-11,2,2,1
8.47E-12,1,7.00E-11,2,2,1
5.26E-13,1,6.30E-12,2,2,1
1.02E-13,1,2.29E-12,2,2,1
3.64E-13,1,2.11E-11,2,2,1
1.34E-12,1,2.29E-11,2,2,1
3.48E-16,1,1.66E-13,2,2,1
5.46E-13,1,4.70E-11,2,2,1
2.89E-14,1,7.61E-12,2,2,1
5.11E-17,1,2.33E-13,2,2,1
2.14E-12,1,7.27E-11,2,2,1
7.89E-19,1,6.49E-15,2,2,1
9.07E-15,1,4.34E-12,2,2,1
2.82E-14,1,6.63E-12,2,2,1
4.08E-13,1,5.63E-11,2,2,1
1.65E-13,1,3.69E-11,2,2,1
3.59E-16,1,6.14E-13,2,2,1
1.35E-09,1,2.17E-09,2,2,1
1.75E-05,0.99998188,6.35E-07,2,2,1
7.19E-10,1,2.33E-09,2,2,1
9.58E-15,1,3.63E-12,2,2,1
7.55E-11,1,6.85E-10,2,2,1
3.21E-12,1,8.60E-11,2,2,1
1.17E-15,1,8.39E-14,2,2,1
7.15E-13,1,4.15E-11,2,2,1
8.93E-14,1,6.00E-12,2,2,1
4.13E-10,1,1.45E-09,2,2,1
5.23E-12,1,2.09E-10,2,2,1
7.06E-13,1,3.30E-11,2,2,1
5.61E-07,0.999999285,1.22E-07,2,2,1
1.18E-13,1,1.38E-11,2,2,1
9.70E-13,1,2.37E-11,2,2,1
1.56E-12,1,4.76E-11,2,2,1
4.54E-09,1,8.15E-09,2,2,1
2.24E-06,0.999997377,3.58E-07,2,2,1
8.42E-11,1,7.38E-10,2,2,1
3.43E-05,0.999963641,2.06E-06,2,2,1
1.13E-07,0.999999762,8.35E-08,2,2,1
6.02E-17,1,9.94E-14,2,2,1
5.21E-07,0.999999404,1.37E-07,2,2,1
6.07E-12,1,1.52E-10,2,2,1
1.12E-08,1,1.65E-08,2,2,1
8.27E-07,0.999998927,2.76E-07,2,2,1
2.48E-13,1,1.60E-11,2,2,1
1.46E-09,1,3.61E-09,2,2,1
1.48E-11,1,1.56E-10,2,2,1
2.42E-10,1,5.01E-10,2,2,1
1.89E-13,1,2.69E-12,2,2,1
2.02E-11,1,5.51E-11,2,2,1
9.97E-13,1,3.63E-12,2,2,1
4.19E-12,1,1.75E-11,2,2,1
6.59E-12,1,5.40E-11,2,2,1
1.91E-14,1,1.43E-13,2,2,1
1.21E-12,1,5.17E-12,2,2,1
8.15E-11,1,1.23E-10,2,2,1
2.86E-17,1,2.90E-16,2,2,1
1.21E-15,1,1.79E-14,2,2,1
4.60E-14,1,1.10E-12,2,2,1
4.43E-10,1,3.27E-09,2,2,1
2.83E-15,1,5.82E-13,2,2,1
1.94E-15,1,3.55E-13,2,2,1
2.60E-15,1,2.14E-13,2,2,1
9.64E-14,1,1.57E-12,2,2,1
1.62E-11,1,1.35E-10,2,2,1
2.09E-08,1,1.17E-08,2,2,1
1.61E-06,0.99999845,2.55E-08,2,2,1
5.98E-08,0.999999881,7.22E-09,2,2,1
7.49E-05,0.999924183,8.10E-07,2,2,1
4.95E-05,0.999950409,4.14E-08,2,2,1
2.55E-08,1,6.38E-10,2,2,1
2.34E-11,1,2.17E-10,2,2,1
3.73E-12,1,1.05E-11,2,2,1
6.18E-11,1,1.55E-10,2,2,1
3.77E-11,1,8.51E-11,2,2,1
1.68E-07,0.999999762,7.16E-08,2,2,1
4.05E-09,1,3.38E-09,2,2,1
2.56E-13,1,5.36E-12,2,2,1
1.17E-10,1,1.39E-09,2,2,1
2.76E-10,1,4.97E-10,2,2,1
2.12E-08,1,3.67E-09,2,2,1
9.99E-11,1,1.69E-11,2,2,1
8.30E-11,1,4.16E-11,2,2,1
1.33E-09,1,1.03E-09,2,2,1
1.42E-06,0.99999845,1.43E-07,2,2,1
9.75E-06,0.999990106,6.51E-08,2,2,1
1.38E-07,0.999999762,9.19E-08,2,2,1
8.77E-07,0.999998927,2.27E-07,2,2,1
8.09E-10,1,3.07E-09,2,2,1
1.89E-12,1,3.26E-11,2,2,1
3.54E-16,1,2.29E-13,2,2,1
1,1.84E-09,1.52E-08,1,1,1
0.999996185,2.46E-06,1.34E-06,1,1,1
1,1.97E-09,5.64E-10,1,1,1
1,1.90E-12,3.61E-12,1,1,1
1,6.22E-16,1.54E-15,1,1,1
1,1.64E-08,5.34E-10,1,1,1
1,5.21E-08,2.19E-09,1,1,1
1,7.86E-15,6.67E-15,1,1,1
0.998717308,0.001282101,5.97E-07,1,1,1
0.999981523,1.85E-05,4.25E-09,1,1,1
0.999985814,1.42E-05,6.84E-09,1,1,1
0.998891294,0.001108757,2.61E-08,1,1,1
0.001725058,0.99827373,1.13E-06,2,2,1
3.72E-07,0.999999523,8.26E-08,2,2,1
1.50E-06,0.99999845,7.84E-09,2,2,1
2.74E-08,1,2.18E-09,2,2,1
1.05E-07,0.999999881,2.03E-09,2,2,1
2.48E-11,1,6.43E-11,2,2,1
1.40E-13,1,1.83E-12,2,2,1
1.01E-09,1,2.13E-09,2,2,1
4.77E-13,1,9.40E-12,2,2,1
4.14E-13,1,1.63E-12,2,2,1
1.77E-13,1,2.32E-12,2,2,1
1.06E-12,1,9.54E-12,2,2,1
1.61E-14,1,2.68E-12,2,2,1
1.23E-12,1,3.40E-11,2,2,1
1.52E-14,1,1.69E-12,2,2,1
2.25E-14,1,3.94E-12,2,2,1
4.99E-13,1,3.01E-11,2,2,1
5.72E-13,1,4.98E-12,2,2,1
2.49E-13,1,4.85E-12,2,2,1
1.99E-11,1,1.02E-10,2,2,1
4.87E-13,1,2.03E-12,2,2,1
5.23E-16,1,4.56E-14,2,2,1
4.77E-14,1,1.07E-11,2,2,1
9.99E-11,1,9.01E-10,2,2,1
1.49E-15,1,1.19E-12,2,2,1
6.00E-16,1,9.13E-13,2,2,1
2.58E-13,1,4.07E-11,2,2,1
4.39E-16,1,5.05E-13,2,2,1
4.40E-16,1,1.03E-12,2,2,1
2.55E-16,1,3.69E-13,2,2,1
4.41E-13,1,5.58E-11,2,2,1
1.34E-16,1,4.38E-13,2,2,1
1.04E-14,1,5.24E-12,2,2,1
1.97E-16,1,3.95E-13,2,2,1
5.80E-17,1,2.39E-13,2,2,1
4.12E-11,1,3.79E-10,2,2,1
5.62E-07,0.999999285,6.77E-08,2,2,1
5.91E-12,1,9.58E-11,2,2,1
5.89E-16,1,7.63E-13,2,2,1
7.00E-17,1,1.79E-13,2,2,1
1.64E-19,1,1.50E-15,2,2,1
4.96E-18,1,2.71E-14,2,2,1
0.000832031,0.999157429,1.06E-05,2,2,1
7.68E-12,1,1.59E-10,2,2,1
3.02E-14,1,2.20E-12,2,2,1
1.03E-15,1,5.35E-13,2,2,1
4.05E-10,1,1.14E-10,2,2,1
1.10E-13,1,7.58E-12,2,2,1
2.83E-12,1,1.49E-11,2,2,1
1.13E-09,1,3.03E-10,2,2,1
0.000165309,0.999832392,2.22E-06,2,2,1
2.63E-13,1,3.68E-12,2,2,1
3.70E-11,1,1.96E-10,2,2,1
2.61E-08,1,2.41E-08,2,2,1
0.999131262,0.000815791,5.31E-05,1,1,1
1.67E-05,0.999982357,1.00E-06,2,2,1
1.05E-09,1,1.69E-09,2,2,1
7.53E-05,0.999923706,8.97E-07,2,2,1
3.86E-10,1,3.77E-10,2,2,1
0.000106021,0.999891162,2.82E-06,2,2,1
2.22E-05,0.999976993,8.92E-07,2,2,1
1.14E-14,1,1.07E-12,2,2,1
2.89E-12,1,6.73E-11,2,2,1
3.21E-12,1,9.81E-11,2,2,1
1.04E-13,1,9.85E-12,2,2,1
0.025745746,0.974133313,0.000120832,2,2,1
0.034602907,0.965268195,0.000128897,2,2,1
0.000128219,0.999866009,5.68E-06,2,2,1
1.20E-15,1,6.90E-13,2,2,1
2.21E-10,1,1.70E-09,2,2,1
7.11E-13,1,1.75E-11,2,2,1
4.31E-16,1,2.91E-13,2,2,1
2.21E-09,1,5.95E-09,2,2,1
1.79E-10,1,8.44E-10,2,2,1
3.22E-13,1,2.97E-11,2,2,1
2.93E-15,1,1.04E-12,2,2,1
2.25E-14,1,3.02E-12,2,2,1
2.13E-11,1,3.19E-10,2,2,1
5.37E-10,1,2.35E-09,2,2,1
6.39E-11,1,1.15E-09,2,2,1
1.52E-11,1,2.40E-10,2,2,1
4.91E-10,1,3.05E-09,2,2,1
0.000611457,0.999374807,1.38E-05,2,2,1
8.87E-15,1,1.62E-12,2,2,1
1.14E-13,1,2.07E-11,2,2,1
1.63E-16,1,1.18E-13,2,2,1
7.05E-19,1,2.18E-15,2,2,1
5.37E-19,1,7.28E-16,2,2,1
2.04E-14,1,9.45E-13,2,2,1
4.39E-16,1,8.93E-13,2,2,1
6.16E-12,1,1.49E-10,2,2,1
8.77E-08,0.999999881,1.30E-08,2,2,1
5.98E-09,1,4.67E-10,2,2,1
5.95E-07,0.999999404,1.00E-08,2,2,1
0.002444188,0.997555494,2.48E-07,2,2,1
2.48E-09,1,1.90E-09,2,2,1
9.17E-12,1,3.64E-11,2,2,1
1.18E-10,1,1.76E-10,2,2,1
3.35E-11,1,3.12E-10,2,2,1
4.08E-11,1,1.01E-09,2,2,1
6.43E-09,1,1.08E-08,2,2,1
2.06E-11,1,1.56E-10,2,2,1
2.28E-12,1,6.43E-11,2,2,1
3.46E-09,1,1.03E-08,2,2,1
1.44E-11,1,2.66E-11,2,2,1
3.13E-10,1,6.60E-11,2,2,1
1.16E-10,1,1.53E-11,2,2,1
4.34E-11,1,1.40E-10,2,2,1
3.59E-09,1,9.34E-09,2,2,1
1.27E-09,1,5.80E-10,2,2,1
6.01E-08,0.999999881,3.26E-08,2,2,1
1.37E-08,1,1.74E-09,2,2,1
1.20E-05,0.999987602,4.67E-07,2,2,1
4.06E-06,0.999995351,5.65E-07,2,2,1
9.08E-08,0.999999881,8.39E-09,2,2,1
4.85E-08,1,2.49E-09,2,2,1
3.35E-10,1,4.83E-10,2,2,1
5.59E-12,1,1.01E-10,2,2,1
4.73E-13,1,1.42E-11,2,2,1
2.40E-07,0.999999642,7.97E-08,2,2,1
4.59E-12,1,1.43E-10,2,2,1
3.62E-15,1,1.27E-12,2,2,1
1.63E-15,1,3.31E-12,2,2,1
9.73E-11,1,6.82E-10,2,2,1
0.999999881,5.80E-09,7.11E-08,1,1,1
1,4.51E-10,4.83E-09,1,1,1
0.999983549,1.56E-05,8.17E-07,1,1,1
1,2.07E-10,4.37E-11,1,1,1
1,1.12E-13,2.66E-13,1,1,1
1,3.96E-11,1.10E-11,1,1,1
1,7.62E-09,7.31E-10,1,1,1
1,9.69E-10,8.22E-11,1,1,1
1,2.63E-12,7.93E-14,1,1,1
0.999985695,1.43E-05,3.79E-08,1,1,1
0.981916308,0.018083617,5.91E-08,1,1,1
0.999999762,1.99E-07,9.76E-12,1,1,1
0.998495936,0.001504048,4.59E-08,1,1,1
0.009695623,0.990299344,5.10E-06,2,2,1
1.79E-05,0.999981999,1.69E-07,2,2,1
2.27E-08,1,2.25E-09,2,2,1
1.86E-08,1,7.30E-10,2,2,1
1.58E-08,1,4.59E-09,2,2,1
7.29E-08,0.999999881,6.94E-09,2,2,1
1.19E-12,1,1.91E-11,2,2,1
5.61E-11,1,7.88E-10,2,2,1
2.51E-12,1,1.00E-10,2,2,1
4.92E-14,1,2.44E-12,2,2,1
3.44E-14,1,2.13E-13,2,2,1
1.38E-14,1,9.56E-13,2,2,1
8.72E-12,1,1.29E-10,2,2,1
8.54E-14,1,1.15E-11,2,2,1
1.03E-15,1,3.48E-13,2,2,1
7.56E-13,1,5.68E-11,2,2,1
4.34E-14,1,9.82E-12,2,2,1
5.77E-10,1,3.04E-09,2,2,1
1.57E-12,1,3.78E-11,2,2,1
7.01E-10,1,1.72E-09,2,2,1
6.62E-11,1,9.78E-10,2,2,1
7.16E-15,1,1.72E-13,2,2,1
1.06E-12,1,8.33E-11,2,2,1
1.90E-09,1,5.07E-09,2,2,1
3.40E-15,1,1.58E-12,2,2,1
3.46E-13,1,3.88E-11,2,2,1
9.08E-17,1,3.06E-13,2,2,1
2.22E-15,1,1.82E-12,2,2,1
3.94E-14,1,1.08E-11,2,2,1
5.21E-11,1,1.10E-09,2,2,1
2.06E-13,1,3.19E-11,2,2,1
5.74E-18,1,5.93E-14,2,2,1
3.71E-15,1,2.12E-12,2,2,1
1.11E-17,1,9.53E-14,2,2,1
3.87E-18,1,5.60E-14,2,2,1
1.48E-17,1,9.33E-14,2,2,1
3.34E-14,1,5.23E-12,2,2,1
1.42E-13,1,2.47E-11,2,2,1
2.48E-18,1,3.39E-14,2,2,1
7.89E-14,1,6.16E-12,2,2,1
1.16E-15,1,5.12E-13,2,2,1
3.23E-17,1,4.25E-14,2,2,1
3.05E-11,1,4.68E-10,2,2,1
3.46E-14,1,7.90E-12,2,2,1
4.26E-19,1,1.14E-14,2,2,1
4.85E-18,1,4.38E-14,2,2,1
1.81E-09,1,1.29E-09,2,2,1
9.25E-12,1,2.50E-11,2,2,1
3.29E-13,1,2.29E-12,2,2,1
3.57E-11,1,9.65E-12,2,2,1
1.52E-10,1,3.18E-10,2,2,1
3.78E-08,1,1.38E-08,2,2,1
4.30E-05,0.999955893,1.09E-06,2,2,1
0.015269486,0.984690607,3.99E-05,2,2,1
0.059023526,0.940837741,0.000138703,2,2,1
3.65E-12,1,3.92E-11,2,2,1
1.05E-09,1,7.87E-10,2,2,1
2.66E-05,0.999973178,2.30E-07,2,2,1
4.43E-07,0.999999523,2.01E-08,2,2,1
1.87E-11,1,5.42E-11,2,2,1
0.192957908,0.806790173,0.00025185,2,2,1
2.32E-08,1,6.77E-09,2,2,1
2.19E-06,0.999997616,2.96E-07,2,2,1
0.013179987,0.986769319,5.07E-05,2,2,1
5.65E-14,1,1.27E-12,2,2,1
0.000263136,0.999732435,4.46E-06,2,2,1
0.997878671,0.002049307,7.21E-05,1,1,1
1.79E-06,0.999997854,3.76E-07,2,2,1
5.42E-10,1,1.74E-09,2,2,1
2.04E-12,1,5.86E-11,2,2,1
6.54E-10,1,1.10E-09,2,2,1
1.10E-12,1,4.65E-11,2,2,1
0.998654723,0.001287332,5.80E-05,1,1,1
1.29E-12,1,3.42E-11,2,2,1
1.97E-05,0.999979854,5.11E-07,2,2,1
2.02E-11,1,2.42E-11,2,2,1
1.51E-08,1,1.90E-09,2,2,1
2.69E-11,1,3.49E-11,2,2,1
2.91E-08,1,6.78E-09,2,2,1
4.83E-07,0.999999404,1.07E-07,2,2,1
2.20E-08,1,2.39E-08,2,2,1
3.52E-08,1,3.12E-08,2,2,1
5.87E-14,1,1.44E-11,2,2,1
8.38E-16,1,6.98E-13,2,2,1
6.20E-10,1,4.05E-09,2,2,1
7.42E-18,1,2.80E-14,2,2,1
7.58E-13,1,3.99E-11,2,2,1
4.43E-20,1,1.02E-15,2,2,1
3.07E-17,1,7.29E-14,2,2,1
9.94E-15,1,1.80E-12,2,2,1
1.63E-11,1,1.67E-10,2,2,1
2.30E-11,1,2.36E-10,2,2,1
8.67E-08,0.999999881,3.27E-08,2,2,1
7.50E-06,0.999992251,2.63E-07,2,2,1
7.49E-06,0.99999249,6.76E-09,2,2,1
2.77E-06,0.999997139,1.14E-07,2,2,1
4.21E-10,1,3.45E-10,2,2,1
1.12E-11,1,9.07E-11,2,2,1
4.87E-10,1,2.99E-09,2,2,1
1.17E-11,1,4.46E-10,2,2,1
2.29E-05,0.999975204,1.91E-06,2,2,1
1.12E-05,0.999987364,1.39E-06,2,2,1
2.46E-10,1,5.97E-10,2,2,1
4.14E-11,1,5.84E-10,2,2,1
1.95E-11,1,6.27E-11,2,2,1
5.99E-11,1,7.65E-11,2,2,1
3.01E-11,1,5.15E-11,2,2,1
4.26E-10,1,8.70E-10,2,2,1
1.97E-07,0.999999642,8.73E-08,2,2,1
3.19E-10,1,1.21E-09,2,2,1
9.43E-10,1,3.98E-10,2,2,1
5.56E-10,1,9.85E-11,2,2,1
1.00E-07,0.999999881,2.72E-08,2,2,1
4.51E-06,0.999994397,1.02E-06,2,2,1
1.60E-05,0.999982953,1.06E-06,2,2,1
1.36E-07,0.999999762,9.24E-08,2,2,1
5.01E-08,1,8.73E-09,2,2,1
1.68E-07,0.999999881,5.25E-09,2,2,1
1.24E-09,1,2.12E-10,2,2,1
5.10E-12,1,3.19E-11,2,2,1
4.36E-11,1,4.66E-10,2,2,1
2.15E-09,1,4.07E-09,2,2,1
9.88E-12,1,1.73E-10,2,2,1
2.54E-12,1,7.00E-11,2,2,1
8.38E-11,1,1.18E-09,2,2,1
1.79E-11,1,1.24E-09,2,2,1
2.18E-11,1,6.21E-10,2,2,1
1.01E-08,1,3.47E-08,2,2,1
1.01E-05,0.999988198,1.70E-06,2,2,1
1.61E-07,0.999999762,1.34E-07,2,2,1
7.02E-10,1,5.16E-09,2,2,1
5.93E-09,1,3.13E-08,2,2,1
1,2.46E-12,2.98E-11,1,1,1
1,2.29E-09,8.69E-10,1,1,1
1,8.77E-09,2.48E-09,1,1,1
1,1.42E-11,5.80E-12,1,1,1
1,2.53E-15,4.15E-15,1,1,1
1,8.97E-13,9.57E-13,1,1,1
1,1.54E-08,1.08E-09,1,1,1
0.999940276,5.88E-05,8.98E-07,1,1,1
0.999101758,0.000893224,4.95E-06,1,1,1
0.999999642,3.53E-07,1.24E-09,1,1,1
0.996969879,0.003029902,2.70E-07,1,1,1
0.259043664,0.740954041,2.30E-06,2,1,0
0.996580184,0.003419706,7.44E-08,1,1,1
9.17E-05,0.999907851,3.18E-07,2,2,1
5.37E-06,0.999994516,6.46E-08,2,2,1
9.58E-08,0.999999881,7.65E-09,2,2,1
2.03E-08,1,6.12E-09,2,2,1
1.09E-08,1,6.04E-09,2,2,1
3.09E-08,1,1.31E-08,2,2,1
3.36E-08,1,2.92E-08,2,2,1
4.86E-10,1,1.12E-10,2,2,1
9.37E-11,1,9.18E-10,2,2,1
8.25E-13,1,3.14E-11,2,2,1
4.44E-15,1,7.88E-13,2,2,1
2.91E-14,1,5.21E-13,2,2,1
6.43E-14,1,3.91E-12,2,2,1
1.71E-16,1,8.68E-14,2,2,1
5.72E-14,1,6.88E-12,2,2,1
6.49E-13,1,2.00E-11,2,2,1
2.72E-15,1,6.34E-13,2,2,1
1.75E-12,1,5.10E-11,2,2,1
3.86E-11,1,3.41E-10,2,2,1
6.01E-12,1,1.85E-10,2,2,1
1.70E-09,1,6.75E-09,2,2,1
1.82E-14,1,3.34E-12,2,2,1
3.81E-13,1,3.09E-11,2,2,1
1.08E-15,1,1.11E-12,2,2,1
1.61E-13,1,4.56E-11,2,2,1
6.85E-16,1,1.19E-12,2,2,1
1.93E-17,1,1.20E-13,2,2,1
1.58E-15,1,2.49E-12,2,2,1
7.56E-18,1,2.91E-14,2,2,1
6.57E-13,1,4.94E-11,2,2,1
1.50E-15,1,1.79E-12,2,2,1
1.63E-11,1,5.01E-10,2,2,1
3.44E-15,1,3.56E-12,2,2,1
1.65E-16,1,4.04E-13,2,2,1
9.47E-19,1,2.20E-14,2,2,1
2.78E-17,1,1.54E-13,2,2,1
3.39E-14,1,7.85E-12,2,2,1
7.44E-15,1,2.58E-12,2,2,1
9.54E-20,1,6.29E-15,2,2,1
1.00E-16,1,2.73E-13,2,2,1
2.11E-13,1,5.48E-11,2,2,1
9.92E-13,1,7.05E-11,2,2,1
4.32E-07,0.999999404,1.13E-07,2,2,1
5.64E-14,1,1.22E-11,2,2,1
3.11E-11,1,4.24E-10,2,2,1
3.38E-18,1,4.27E-14,2,2,1
2.01E-18,1,2.66E-14,2,2,1
3.40E-13,1,2.44E-11,2,2,1
3.27E-19,1,4.06E-15,2,2,1
4.54E-14,1,3.43E-13,2,2,1
2.87E-14,1,1.27E-12,2,2,1
3.10E-14,1,2.05E-12,2,2,1
1.73E-12,1,2.20E-11,2,2,1
2.66E-11,1,2.99E-10,2,2,1
2.31E-08,1,1.21E-08,2,2,1
7.85E-13,1,3.78E-12,2,2,1
6.66E-08,0.999999881,3.11E-10,2,2,1
2.67E-10,1,1.26E-10,2,2,1
2.24E-10,1,2.81E-11,2,2,1
7.78E-14,1,3.46E-13,2,2,1
3.94E-14,1,1.13E-12,2,2,1
1.17E-13,1,2.36E-12,2,2,1
7.66E-06,0.999992013,3.20E-07,2,2,1
8.38E-09,1,6.52E-09,2,2,1
9.99E-12,1,1.37E-10,2,2,1
1.34E-08,1,1.04E-08,2,2,1
0.970699131,0.029092757,0.000208177,1,1,1
0.987729728,0.012109485,0.000160724,1,1,1
5.27E-11,1,5.55E-10,2,2,1
1.32E-15,1,3.77E-13,2,2,1
3.77E-10,1,7.22E-10,2,2,1
1.36E-11,1,1.02E-10,2,2,1
8.14E-06,0.999991536,3.55E-07,2,2,1
1.46E-13,1,7.71E-12,2,2,1
5.48E-09,1,6.43E-09,2,2,1
8.71E-10,1,6.37E-10,2,2,1
3.58E-06,0.999996185,2.58E-07,2,2,1
4.13E-10,1,2.01E-11,2,2,1
1.65E-06,0.999998331,2.73E-08,2,2,1
7.09E-05,0.999928117,9.99E-07,2,2,1
0.007188707,0.992785096,2.62E-05,2,2,1
9.55E-07,0.999998808,2.12E-07,2,2,1
2.46E-10,1,8.54E-10,2,2,1
1.60E-10,1,1.51E-09,2,2,1
7.01E-11,1,8.48E-10,2,2,1
4.90E-17,1,2.49E-14,2,2,1
7.72E-18,1,2.30E-14,2,2,1
1.22E-19,1,2.19E-15,2,2,1
1.12E-17,1,8.33E-14,2,2,1
6.11E-15,1,1.18E-12,2,2,1
5.57E-16,1,5.20E-13,2,2,1
5.88E-12,1,1.01E-10,2,2,1
6.90E-11,1,6.38E-11,2,2,1
3.03E-09,1,3.50E-09,2,2,1
1.67E-07,0.999999881,1.17E-08,2,2,1
3.94E-07,0.999999642,1.75E-08,2,2,1
1.25E-08,1,1.03E-09,2,2,1
2.56E-11,1,3.32E-10,2,2,1
5.45E-12,1,2.52E-10,2,2,1
3.11E-10,1,2.53E-09,2,2,1
1.19E-07,0.999999762,1.25E-07,2,2,1
3.02E-10,1,1.71E-09,2,2,1
4.71E-15,1,1.82E-13,2,2,1
1.49E-12,1,6.44E-11,2,2,1
2.68E-11,1,1.89E-10,2,2,1
4.32E-12,1,1.78E-11,2,2,1
7.54E-12,1,2.32E-11,2,2,1
8.23E-10,1,1.36E-10,2,2,1
2.29E-10,1,4.13E-10,2,2,1
3.04E-11,1,7.90E-12,2,2,1
1.02E-10,1,3.56E-10,2,2,1
4.52E-08,1,3.67E-08,2,2,1
6.91E-07,0.999999166,1.02E-07,2,2,1
1.98E-07,0.999999762,4.35E-08,2,2,1
7.40E-08,0.999999881,1.45E-08,2,2,1
2.15E-06,0.999997497,3.11E-07,2,2,1
1.73E-06,0.999998331,5.40E-08,2,2,1
1.65E-07,0.999999881,2.18E-08,2,2,1
1.39E-09,1,1.68E-09,2,2,1
1.79E-08,1,1.66E-08,2,2,1
1.26E-07,0.999999881,5.08E-08,2,2,1
1.24E-08,1,1.40E-08,2,2,1
0.017378714,0.982535839,8.55E-05,2,2,1
1.51E-06,0.999997973,4.29E-07,2,2,1
1.14E-08,1,2.03E-08,2,2,1
1.77E-09,1,9.74E-09,2,2,1
2.03E-08,1,4.58E-08,2,2,1
2.59E-09,1,3.18E-08,2,2,1
8.82E-06,0.99998951,1.70E-06,2,2,1
1.63E-06,0.999997497,8.74E-07,2,2,1
2.37E-06,0.99999702,6.23E-07,2,2,1
1.17E-07,0.999999762,1.53E-07,2,2,1
2.74E-05,0.999969244,3.29E-06,2,2,1
7.19E-06,0.99999094,1.87E-06,2,2,1
1.53E-05,0.999982357,2.25E-06,2,2,1
0.000146156,0.999841571,1.23E-05,2,2,1
0.999996781,2.80E-06,4.01E-07,1,1,1
0.999999881,1.76E-07,1.76E-08,1,1,1
0.999999881,9.59E-08,1.10E-08,1,1,1
0.999999762,2.13E-07,1.90E-08,1,1,1
1,6.24E-15,1.12E-14,1,1,1
1,1.93E-16,3.55E-16,1,1,1
1,8.94E-13,1.33E-12,1,1,1
1,3.64E-09,6.07E-10,1,1,1
0.999999404,5.75E-07,2.48E-08,1,1,1
0.996954083,0.003034895,1.10E-05,1,1,1
1,1.62E-10,4.68E-12,1,1,1
1,4.18E-10,1.64E-12,1,1,1
0.999999166,8.58E-07,1.70E-10,1,1,1
0.504571199,0.495427698,1.09E-06,1,1,1
0.013207561,0.986652553,0.000139894,2,2,1
3.06E-06,0.999996662,2.21E-07,2,2,1
2.66E-05,0.99997282,5.55E-07,2,2,1
4.42E-06,0.999995589,1.18E-08,2,2,1
2.56E-05,0.99997437,4.76E-08,2,2,1
4.17E-08,1,1.12E-09,2,2,1
2.73E-09,1,2.17E-09,2,2,1
1.36E-09,1,6.75E-10,2,2,1
1.93E-10,1,4.36E-10,2,2,1
1.37E-11,1,1.77E-10,2,2,1
1.46E-13,1,1.04E-12,2,2,1
5.73E-16,1,2.16E-13,2,2,1
3.53E-13,1,8.64E-12,2,2,1
5.05E-14,1,1.69E-11,2,2,1
1.18E-13,1,6.80E-12,2,2,1
3.22E-13,1,3.32E-11,2,2,1
3.58E-15,1,5.33E-13,2,2,1
3.53E-14,1,5.54E-12,2,2,1
4.63E-13,1,4.85E-11,2,2,1
2.43E-15,1,3.02E-12,2,2,1
5.92E-13,1,6.45E-11,2,2,1
9.49E-14,1,2.04E-11,2,2,1
2.80E-12,1,2.31E-10,2,2,1
1.32E-15,1,1.27E-12,2,2,1
1.40E-15,1,9.33E-13,2,2,1
1.74E-13,1,1.61E-11,2,2,1
2.02E-18,1,3.00E-14,2,2,1
9.50E-18,1,2.34E-14,2,2,1
1.85E-17,1,6.00E-14,2,2,1
9.24E-19,1,1.04E-14,2,2,1
2.14E-19,1,6.22E-15,2,2,1
1.86E-17,1,1.22E-13,2,2,1
5.40E-18,1,4.86E-14,2,2,1
8.23E-17,1,3.71E-13,2,2,1
2.75E-20,1,2.47E-15,2,2,1
1.99E-16,1,5.34E-13,2,2,1
5.52E-19,1,9.46E-15,2,2,1
1.44E-18,1,2.15E-14,2,2,1
2.16E-17,1,1.47E-13,2,2,1
1.06E-09,1,8.49E-09,2,2,1
1.04E-16,1,2.82E-13,2,2,1
2.08E-16,1,3.16E-13,2,2,1
3.91E-13,1,4.47E-11,2,2,1
5.62E-12,1,1.77E-10,2,2,1
3.79E-17,1,1.12E-13,2,2,1
1.09E-18,1,1.31E-14,2,2,1
1.47E-21,1,2.33E-16,2,2,1
1.01E-14,1,4.82E-12,2,2,1
1.37E-17,1,7.16E-14,2,2,1
3.98E-17,1,1.77E-14,2,2,1
4.04E-13,1,2.40E-11,2,2,1
4.06E-15,1,2.01E-12,2,2,1
3.58E-12,1,5.71E-11,2,2,1
1.04E-15,1,2.67E-13,2,2,1
3.98E-15,1,3.79E-13,2,2,1
1.79E-14,1,2.72E-12,2,2,1
2.09E-13,1,3.43E-12,2,2,1
1.69E-13,1,5.31E-12,2,2,1
8.37E-16,1,1.84E-13,2,2,1
1.33E-16,1,4.37E-14,2,2,1
4.74E-16,1,1.70E-13,2,2,1
1.03E-15,1,3.29E-13,2,2,1
8.87E-12,1,7.82E-11,2,2,1
8.62E-12,1,2.36E-11,2,2,1
1.03E-14,1,2.78E-13,2,2,1
7.71E-15,1,2.97E-12,2,2,1
2.46E-08,1,3.10E-08,2,2,1
5.47E-15,1,6.53E-13,2,2,1
6.98E-18,1,3.05E-15,2,2,1
2.40E-12,1,3.90E-11,2,2,1
0.989740133,0.010105448,0.000154455,1,1,1
7.36E-13,1,3.09E-12,2,2,1
3.03E-14,1,2.44E-12,2,2,1
1.41E-07,0.999999881,5.63E-09,2,2,1
1.53E-09,1,3.66E-10,2,2,1
0.633038163,0.36672008,0.00024176,1,2,0
1.86E-10,1,7.87E-10,2,2,1
2.23E-07,0.999999762,3.23E-10,2,2,1
1.18E-08,1,1.74E-09,2,2,1
1.18E-07,0.999999881,8.21E-09,2,2,1
5.74E-06,0.999994278,3.09E-08,2,2,1
2.61E-12,1,2.16E-11,2,2,1
1.59E-14,1,7.42E-13,2,2,1
8.46E-13,1,1.78E-11,2,2,1
3.64E-15,1,2.04E-12,2,2,1
8.08E-19,1,6.12E-15,2,2,1
3.18E-17,1,8.44E-14,2,2,1
1.43E-19,1,1.31E-15,2,2,1
3.46E-16,1,2.76E-13,2,2,1
3.37E-17,1,6.02E-14,2,2,1
2.79E-16,1,3.79E-13,2,2,1
9.52E-14,1,2.57E-11,2,2,1
7.46E-13,1,3.53E-12,2,2,1
1.63E-11,1,1.83E-10,2,2,1
4.95E-07,0.999999523,3.83E-08,2,2,1
5.49E-08,1,3.49E-09,2,2,1
1.94E-10,1,2.08E-10,2,2,1
9.94E-11,1,4.87E-10,2,2,1
2.69E-10,1,4.29E-09,2,2,1
3.82E-10,1,4.32E-09,2,2,1
8.97E-13,1,4.82E-11,2,2,1
7.25E-13,1,4.18E-11,2,2,1
5.34E-15,1,3.12E-13,2,2,1
9.14E-14,1,3.93E-12,2,2,1
3.72E-14,1,2.72E-12,2,2,1
3.06E-14,1,2.12E-12,2,2,1
3.51E-14,1,6.78E-13,2,2,1
2.09E-11,1,5.04E-10,2,2,1
4.22E-11,1,5.79E-10,2,2,1
1.08E-11,1,7.62E-11,2,2,1
8.52E-10,1,3.04E-09,2,2,1
1.26E-08,1,3.20E-09,2,2,1
1.85E-08,1,1.04E-09,2,2,1
4.05E-07,0.999999523,1.05E-07,2,2,1
2.29E-07,0.999999642,1.32E-07,2,2,1
1.03E-06,0.999998808,9.93E-08,2,2,1
4.41E-07,0.999999523,2.62E-08,2,2,1
7.36E-08,0.999999881,5.64E-09,2,2,1
4.47E-08,1,1.74E-08,2,2,1
1.01E-07,0.999999881,1.27E-08,2,2,1
8.51E-07,0.999999166,9.43E-09,2,2,1
2.99E-07,0.999999642,8.86E-09,2,2,1
1.07E-07,0.999999881,1.14E-09,2,2,1
3.91E-08,1,3.64E-08,2,2,1
7.74E-07,0.999998808,4.58E-07,2,2,1
0.000145507,0.999843001,1.15E-05,2,2,1
9.25E-06,0.999987364,3.40E-06,2,2,1
0.000185653,0.999809682,4.59E-06,2,2,1
0.00075155,0.999208629,3.99E-05,2,2,1
1.07E-05,0.999989033,2.26E-07,2,2,1
2.85E-06,0.99999702,1.45E-07,2,2,1
2.24E-05,0.999976873,7.54E-07,2,2,1
4.08E-06,0.999995589,3.26E-07,2,2,1
1.90E-05,0.99998033,7.05E-07,2,2,1
0.999988437,1.04E-05,1.24E-06,1,1,1
0.999999881,8.36E-08,1.76E-08,1,1,1
0.999836445,0.000156617,6.94E-06,1,1,1
0.999828458,0.000167391,4.12E-06,1,1,1
0.9993155,0.000658442,2.60E-05,1,1,1
0.998968601,0.000998557,3.28E-05,1,1,1
0.999999881,1.09E-07,1.73E-08,1,1,1
1,7.93E-18,5.55E-17,1,1,1
1,1.01E-17,8.39E-17,1,1,1
0.999982357,1.70E-05,5.59E-07,1,1,1
0.999997139,2.84E-06,2.74E-08,1,1,1
1,8.99E-09,1.57E-10,1,1,1
0.999999046,9.44E-07,1.23E-09,1,1,1
0.999988556,1.14E-05,1.55E-09,1,1,1
0.999036908,0.000963078,2.60E-08,1,1,1
0.865526438,0.134472489,9.91E-07,1,1,1
0.05598763,0.944009781,2.60E-06,2,1,0
7.21E-05,0.999927521,3.35E-07,2,2,1
4.24E-07,0.999999523,4.87E-08,2,2,1
2.03E-07,0.999999762,2.29E-08,2,2,1
1.01E-06,0.999999046,4.09E-09,2,2,1
7.51E-11,1,4.14E-11,2,2,1
5.33E-09,1,5.49E-09,2,2,1
1.21E-06,0.999998689,1.49E-07,2,2,1
2.11E-09,1,3.63E-09,2,2,1
9.37E-10,1,7.81E-10,2,2,1
2.19E-11,1,1.94E-10,2,2,1
6.99E-14,1,6.05E-12,2,2,1
9.55E-16,1,6.68E-13,2,2,1
5.56E-14,1,9.03E-12,2,2,1
2.42E-14,1,3.90E-12,2,2,1
6.05E-17,1,1.05E-13,2,2,1
3.88E-13,1,2.28E-12,2,2,1
5.54E-14,1,1.81E-11,2,2,1
1.19E-12,1,7.75E-11,2,2,1
1.62E-13,1,2.25E-11,2,2,1
2.68E-14,1,1.06E-11,2,2,1
3.87E-13,1,7.96E-11,2,2,1
2.17E-11,1,4.03E-10,2,2,1
3.01E-09,1,6.70E-09,2,2,1
1.02E-14,1,4.54E-12,2,2,1
6.79E-17,1,2.24E-13,2,2,1
3.15E-16,1,4.55E-13,2,2,1
3.46E-19,1,5.17E-15,2,2,1
8.34E-19,1,1.65E-14,2,2,1
6.52E-17,1,1.81E-13,2,2,1
1.48E-16,1,2.84E-13,2,2,1
4.65E-18,1,8.97E-14,2,2,1
4.55E-18,1,3.63E-14,2,2,1
3.03E-17,1,1.33E-13,2,2,1
3.98E-16,1,9.59E-13,2,2,1
2.99E-15,1,2.05E-12,2,2,1
1.04E-17,1,9.96E-14,2,2,1
1.32E-18,1,1.89E-14,2,2,1
2.81E-11,1,7.83E-10,2,2,1
7.49E-15,1,2.76E-12,2,2,1
7.46E-13,1,6.45E-11,2,2,1
1.05E-13,1,1.41E-11,2,2,1
7.67E-14,1,1.65E-11,2,2,1
5.29E-17,1,2.13E-13,2,2,1
4.66E-20,1,2.73E-15,2,2,1
1.08E-19,1,6.43E-15,2,2,1
2.73E-12,1,8.26E-11,2,2,1
1.30E-20,1,2.13E-15,2,2,1
4.88E-19,1,1.26E-14,2,2,1
1.17E-14,1,3.05E-12,2,2,1
2.90E-12,1,7.15E-11,2,2,1
1.01E-18,1,7.06E-15,2,2,1
3.21E-15,1,1.01E-12,2,2,1
9.19E-13,1,1.81E-11,2,2,1
3.41E-14,1,6.40E-13,2,2,1
6.29E-13,1,1.44E-11,2,2,1
5.74E-15,1,6.71E-13,2,2,1
5.09E-16,1,3.65E-13,2,2,1
4.06E-09,1,3.87E-09,2,2,1
3.07E-14,1,8.67E-13,2,2,1
1.84E-16,1,1.45E-13,2,2,1
1.28E-12,1,2.67E-11,2,2,1
8.52E-15,1,4.18E-13,2,2,1
3.99E-14,1,1.67E-12,2,2,1
1.02E-13,1,9.54E-12,2,2,1
1.48E-14,1,8.25E-13,2,2,1
6.18E-15,1,1.94E-13,2,2,1
9.31E-19,1,2.69E-16,2,2,1
1.67E-11,1,2.09E-11,2,2,1
6.39E-14,1,5.97E-12,2,2,1
5.37E-11,1,2.40E-10,2,2,1
2.69E-07,0.999999762,5.35E-08,2,2,1
1.25E-11,1,1.21E-10,2,2,1
1.31E-12,1,1.72E-11,2,2,1
3.91E-13,1,3.34E-11,2,2,1
3.29E-14,1,3.07E-12,2,2,1
8.86E-13,1,7.26E-12,2,2,1
5.61E-10,1,4.08E-11,2,2,1
1.43E-09,1,1.11E-09,2,2,1
2.18E-11,1,7.25E-11,2,2,1
3.84E-17,1,5.09E-14,2,2,1
8.45E-14,1,1.97E-11,2,2,1
1.86E-12,1,8.14E-11,2,2,1
4.40E-16,1,7.03E-13,2,2,1
1.49E-10,1,1.34E-09,2,2,1
1.77E-17,1,1.54E-13,2,2,1
6.14E-16,1,5.47E-13,2,2,1
3.68E-16,1,2.93E-13,2,2,1
1.71E-17,1,3.10E-14,2,2,1
8.09E-16,1,1.02E-12,2,2,1
6.63E-17,1,1.71E-13,2,2,1
1.38E-12,1,1.25E-10,2,2,1
1.68E-12,1,8.43E-11,2,2,1
5.24E-08,1,4.39E-08,2,2,1
3.99E-11,1,2.49E-11,2,2,1
2.86E-11,1,5.76E-11,2,2,1
7.91E-11,1,1.56E-09,2,2,1
2.87E-11,1,1.03E-09,2,2,1
1.25E-05,0.999985933,1.58E-06,2,2,1
2.20E-09,1,1.00E-08,2,2,1
4.18E-13,1,3.68E-11,2,2,1
1.17E-12,1,5.72E-11,2,2,1
1.18E-11,1,2.34E-10,2,2,1
1.49E-13,1,1.11E-11,2,2,1
4.65E-12,1,1.65E-10,2,2,1
2.02E-11,1,3.81E-10,2,2,1
5.13E-06,0.999994159,7.31E-07,2,2,1
2.62E-10,1,1.26E-09,2,2,1
1.44E-09,1,4.16E-09,2,2,1
2.13E-10,1,6.21E-10,2,2,1
7.17E-10,1,9.06E-11,2,2,1
9.90E-08,0.999999881,2.16E-08,2,2,1
3.31E-06,0.999996305,3.43E-07,2,2,1
2.60E-08,1,2.48E-09,2,2,1
1.19E-07,0.999999881,2.31E-08,2,2,1
5.66E-07,0.999999404,1.30E-08,2,2,1
1.05E-07,0.999999881,4.16E-09,2,2,1
7.10E-07,0.999999285,1.07E-08,2,2,1
1.09E-07,0.999999881,6.68E-09,2,2,1
9.34E-08,0.999999881,2.12E-08,2,2,1
1.39E-05,0.99998498,1.04E-06,2,2,1
1.05E-05,0.999988556,9.57E-07,2,2,1
0.000999392,0.998971105,2.96E-05,2,2,1
0.000277904,0.999696016,2.61E-05,2,2,1
0.002324234,0.997634411,4.14E-05,2,2,1
1.01E-05,0.999989629,2.67E-07,2,2,1
4.04E-08,1,3.69E-09,2,2,1
1,2.06E-14,4.88E-12,1,1,1
1,3.22E-08,1.15E-08,1,1,1
1,5.99E-12,1.13E-11,1,1,1
0.999999762,1.85E-07,2.01E-08,1,1,1
0.999999404,5.62E-07,2.30E-08,1,1,1
1,6.15E-10,1.82E-10,1,1,1
1,3.40E-13,8.23E-13,1,1,1
1,2.22E-16,1.88E-15,1,1,1
1,2.48E-13,1.51E-13,1,1,1
1,1.68E-14,2.19E-14,1,1,1
1,8.49E-12,3.86E-12,1,1,1
1,9.25E-11,5.01E-12,1,1,1
1,2.21E-14,3.49E-15,1,1,1
0.999999762,2.01E-07,6.34E-10,1,1,1
0.999963403,3.66E-05,1.15E-08,1,1,1
0.976835251,0.023164077,6.66E-07,1,1,1
0.99992919,7.08E-05,2.46E-09,1,1,1
0.001298501,0.998700619,8.40E-07,2,2,1
0.284966528,0.715031266,2.18E-06,2,1,0
5.25E-06,0.999994636,8.12E-08,2,2,1
0.000271047,0.999728978,4.91E-08,2,2,1
3.38E-09,1,1.22E-09,2,2,1
1.20E-07,0.999999881,2.04E-09,2,2,1
1.19E-08,1,1.33E-08,2,2,1
1.53E-06,0.999998212,2.56E-07,2,2,1
1.63E-07,0.999999881,5.59E-08,2,2,1
2.07E-11,1,2.05E-10,2,2,1
7.96E-07,0.999999046,1.56E-07,2,2,1
3.83E-11,1,3.48E-10,2,2,1
1.21E-11,1,1.28E-10,2,2,1
4.78E-13,1,1.32E-11,2,2,1
2.02E-13,1,1.03E-11,2,2,1
2.26E-15,1,1.75E-12,2,2,1
8.70E-15,1,2.85E-13,2,2,1
1.42E-16,1,7.43E-14,2,2,1
5.46E-14,1,8.65E-12,2,2,1
7.70E-15,1,2.83E-12,2,2,1
1.22E-15,1,1.43E-12,2,2,1
4.96E-15,1,5.63E-12,2,2,1
8.56E-16,1,9.64E-13,2,2,1
9.61E-15,1,7.86E-12,2,2,1
7.83E-17,1,3.71E-13,2,2,1
3.38E-18,1,5.00E-14,2,2,1
4.68E-15,1,2.82E-12,2,2,1
1.34E-15,1,1.35E-12,2,2,1
5.54E-17,1,1.39E-13,2,2,1
2.96E-15,1,2.97E-12,2,2,1
2.20E-17,1,1.92E-13,2,2,1
1.05E-19,1,5.07E-15,2,2,1
2.64E-17,1,2.41E-13,2,2,1
7.94E-18,1,6.28E-14,2,2,1
3.89E-12,1,2.20E-10,2,2,1
1.65E-15,1,2.14E-12,2,2,1
1.61E-14,1,8.48E-12,2,2,1
8.63E-10,1,4.19E-09,2,2,1
4.78E-14,1,6.29E-12,2,2,1
1.59E-20,1,9.08E-16,2,2,1
8.98E-12,1,2.42E-10,2,2,1
4.43E-10,1,2.38E-09,2,2,1
8.09E-14,1,1.45E-11,2,2,1
1.05E-16,1,4.23E-13,2,2,1
1.83E-19,1,1.02E-14,2,2,1
1.98E-14,1,3.16E-12,2,2,1
3.78E-18,1,4.96E-14,2,2,1
5.03E-20,1,2.51E-15,2,2,1
3.39E-20,1,1.82E-15,2,2,1
3.18E-13,1,1.37E-11,2,2,1
1.80E-10,1,9.08E-10,2,2,1
3.77E-13,1,2.43E-11,2,2,1
3.86E-14,1,4.11E-12,2,2,1
2.58E-16,1,7.15E-14,2,2,1
1.36E-15,1,4.06E-13,2,2,1
9.05E-09,1,2.93E-09,2,2,1
9.14E-16,1,1.89E-13,2,2,1
5.26E-15,1,1.49E-12,2,2,1
2.24E-08,1,9.59E-09,2,2,1
1.98E-14,1,1.13E-12,2,2,1
1.05E-12,1,7.56E-12,2,2,1
1.17E-12,1,9.98E-12,2,2,1
7.93E-14,1,2.83E-12,2,2,1
1.29E-17,1,3.55E-14,2,2,1
2.43E-15,1,4.64E-13,2,2,1
1.05E-17,1,1.29E-14,2,2,1
3.08E-19,1,8.11E-16,2,2,1
3.96E-17,1,2.34E-14,2,2,1
1.76E-13,1,6.57E-12,2,2,1
4.57E-15,1,1.23E-12,2,2,1
1.62E-16,1,4.75E-14,2,2,1
1.05E-14,1,2.53E-12,2,2,1
1.83E-12,1,6.36E-11,2,2,1
3.36E-13,1,1.13E-11,2,2,1
1.82E-15,1,9.35E-13,2,2,1
1.67E-15,1,1.71E-14,2,2,1
1.52E-10,1,9.81E-11,2,2,1
7.52E-13,1,7.57E-12,2,2,1
3.09E-14,1,2.42E-12,2,2,1
1.52E-12,1,4.57E-12,2,2,1
3.43E-16,1,6.45E-14,2,2,1
7.89E-20,1,1.90E-15,2,2,1
2.03E-16,1,7.13E-13,2,2,1
2.02E-13,1,2.16E-11,2,2,1
4.08E-11,1,3.92E-10,2,2,1
2.67E-19,1,6.70E-15,2,2,1
5.79E-16,1,8.66E-13,2,2,1
1.12E-18,1,7.93E-15,2,2,1
5.24E-14,1,1.51E-11,2,2,1
8.70E-13,1,8.49E-11,2,2,1
9.04E-17,1,3.76E-13,2,2,1
6.93E-16,1,3.93E-13,2,2,1
3.78E-15,1,3.79E-13,2,2,1
2.43E-10,1,8.64E-11,2,2,1
1.15E-11,1,6.16E-12,2,2,1
4.90E-12,1,1.00E-10,2,2,1
7.12E-11,1,1.08E-09,2,2,1
2.27E-13,1,4.70E-11,2,2,1
1.79E-11,1,6.22E-11,2,2,1
2.18E-14,1,1.73E-12,2,2,1
9.08E-10,1,4.79E-09,2,2,1
5.27E-11,1,8.68E-10,2,2,1
6.71E-16,1,5.68E-14,2,2,1
2.12E-11,1,3.85E-10,2,2,1
9.17E-11,1,4.89E-10,2,2,1
3.95E-11,1,4.24E-10,2,2,1
1.07E-10,1,9.82E-10,2,2,1
9.01E-12,1,9.32E-11,2,2,1
1.07E-09,1,2.60E-09,2,2,1
6.25E-11,1,7.41E-10,2,2,1
2.22E-09,1,2.68E-09,2,2,1
1.15E-09,1,3.69E-09,2,2,1
8.33E-07,0.999998808,3.48E-07,2,2,1
2.86E-06,0.999996781,4.13E-07,2,2,1
6.89E-07,0.999999166,8.07E-08,2,2,1
9.28E-07,0.999999046,4.73E-08,2,2,1
1.61E-06,0.999998212,6.92E-08,2,2,1
2.61E-06,0.999997139,1.97E-07,2,2,1
2.45E-05,0.999974847,7.35E-07,2,2,1
1,2.91E-12,2.25E-10,1,1,1
1,5.97E-14,1.49E-12,1,1,1
1,1.10E-13,9.21E-13,1,1,1
1,8.23E-13,1.36E-12,1,1,1
1,2.76E-09,1.35E-09,1,1,1
0.999235392,0.000743959,2.06E-05,1,1,1
0.999995232,4.55E-06,2.60E-07,1,1,1
1,3.66E-12,7.55E-12,1,1,1
1,7.29E-13,8.16E-13,1,1,1
1,3.06E-10,7.30E-12,1,1,1
1,5.90E-21,1.31E-20,1,1,1
1,1.36E-21,1.07E-20,1,1,1
1,9.39E-11,3.13E-12,1,1,1
1,1.93E-18,5.95E-18,1,1,1
1,4.33E-13,1.02E-14,1,1,1
0.993736863,0.006262228,9.24E-07,1,1,1
0.634307146,0.365687698,5.12E-06,1,1,1
0.91480875,0.085189581,1.69E-06,1,1,1
0.000132782,0.999867082,1.62E-07,2,2,1
0.9381603,0.061839558,1.31E-07,1,1,1
0.00094526,0.999052942,1.74E-06,2,2,1
0.000856625,0.999142766,6.15E-07,2,2,1
1.66E-06,0.999998331,7.57E-09,2,2,1
4.18E-07,0.999999523,2.22E-09,2,2,1
2.57E-08,1,9.67E-10,2,2,1
3.83E-08,1,9.51E-09,2,2,1
0.000153707,0.999841213,5.05E-06,2,2,1
3.98E-10,1,4.49E-10,2,2,1
2.06E-06,0.999997735,2.42E-07,2,2,1
7.97E-09,1,7.30E-09,2,2,1
4.88E-12,1,1.10E-10,2,2,1
1.68E-12,1,7.05E-11,2,2,1
6.47E-14,1,1.52E-11,2,2,1
0.000217398,0.999776423,6.23E-06,2,2,1
1.08E-12,1,1.00E-10,2,2,1
3.18E-15,1,1.46E-12,2,2,1
8.02E-12,1,1.80E-10,2,2,1
1.13E-07,0.999999881,4.72E-08,2,2,1
2.37E-14,1,6.57E-12,2,2,1
4.45E-15,1,3.70E-12,2,2,1
1.44E-18,1,1.84E-14,2,2,1
1.80E-16,1,5.49E-13,2,2,1
8.85E-19,1,3.28E-14,2,2,1
1.86E-17,1,8.08E-14,2,2,1
2.31E-12,1,1.45E-10,2,2,1
1.28E-16,1,3.68E-13,2,2,1
5.86E-16,1,7.80E-13,2,2,1
2.84E-16,1,5.77E-13,2,2,1
1.78E-16,1,4.74E-13,2,2,1
1.02E-15,1,1.62E-12,2,2,1
5.48E-18,1,1.01E-13,2,2,1
9.21E-20,1,4.51E-15,2,2,1
2.18E-16,1,3.60E-13,2,2,1
2.10E-16,1,3.23E-13,2,2,1
3.29E-08,1,2.87E-08,2,2,1
1.54E-13,1,1.79E-11,2,2,1
5.12E-17,1,1.43E-13,2,2,1
2.38E-16,1,7.33E-13,2,2,1
4.42E-15,1,1.81E-12,2,2,1
2.29E-17,1,3.74E-14,2,2,1
1.10E-14,1,7.34E-12,2,2,1
2.15E-16,1,6.45E-13,2,2,1
4.02E-16,1,9.59E-13,2,2,1
7.03E-14,1,1.12E-11,2,2,1
4.75E-15,1,2.03E-12,2,2,1
2.22E-17,1,1.15E-13,2,2,1
5.03E-20,1,1.81E-15,2,2,1
2.65E-16,1,8.32E-13,2,2,1
3.58E-11,1,4.04E-10,2,2,1
7.42E-15,1,2.94E-12,2,2,1
3.55E-12,1,3.32E-11,2,2,1
2.00E-15,1,5.10E-13,2,2,1
1.05E-16,1,7.74E-14,2,2,1
4.04E-13,1,1.12E-11,2,2,1
5.22E-13,1,1.28E-11,2,2,1
6.90E-16,1,1.95E-13,2,2,1
1.28E-09,1,1.58E-09,2,2,1
3.02E-06,0.999996781,2.34E-07,2,2,1
1.05E-12,1,2.95E-11,2,2,1
3.29E-11,1,1.11E-10,2,2,1
3.50E-13,1,1.00E-11,2,2,1
7.09E-16,1,5.78E-14,2,2,1
6.40E-17,1,1.84E-14,2,2,1
7.40E-14,1,1.51E-12,2,2,1
2.63E-16,1,7.04E-14,2,2,1
6.83E-16,1,1.03E-13,2,2,1
6.91E-15,1,3.12E-13,2,2,1
1.62E-14,1,1.10E-12,2,2,1
3.94E-14,1,1.84E-12,2,2,1
2.49E-15,1,2.36E-13,2,2,1
7.78E-17,1,5.66E-14,2,2,1
2.51E-15,1,8.25E-13,2,2,1
1.90E-16,1,6.44E-14,2,2,1
1.83E-16,1,2.36E-13,2,2,1
3.55E-15,1,2.01E-12,2,2,1
3.48E-13,1,9.67E-12,2,2,1
4.53E-15,1,9.75E-13,2,2,1
4.32E-12,1,2.57E-11,2,2,1
3.15E-18,1,1.19E-14,2,2,1
2.77E-18,1,1.32E-14,2,2,1
9.17E-16,1,1.27E-12,2,2,1
1.12E-15,1,1.10E-12,2,2,1
2.89E-16,1,5.36E-13,2,2,1
1.74E-19,1,5.80E-16,2,2,1
1.04E-13,1,1.48E-11,2,2,1
1.12E-18,1,9.96E-15,2,2,1
8.58E-11,1,1.01E-09,2,2,1
4.72E-14,1,1.39E-11,2,2,1
8.97E-16,1,2.76E-12,2,2,1
6.82E-15,1,5.85E-12,2,2,1
1.24E-15,1,1.28E-12,2,2,1
3.58E-16,1,1.70E-14,2,2,1
1.67E-17,1,3.16E-14,2,2,1
8.02E-13,1,5.41E-11,2,2,1
3.76E-11,1,8.32E-10,2,2,1
2.93E-10,1,4.77E-09,2,2,1
1.43E-13,1,6.62E-11,2,2,1
4.40E-15,1,6.45E-12,2,2,1
1.76E-13,1,2.66E-11,2,2,1
1.45E-14,1,2.44E-12,2,2,1
7.09E-18,1,5.33E-15,2,2,1
9.35E-14,1,1.34E-11,2,2,1
4.78E-13,1,2.45E-11,2,2,1
1.67E-13,1,1.07E-11,2,2,1
3.00E-13,1,2.22E-11,2,2,1
7.53E-13,1,2.69E-11,2,2,1
8.94E-10,1,3.48E-09,2,2,1
1.42E-11,1,1.98E-10,2,2,1
8.00E-11,1,3.03E-10,2,2,1
3.22E-08,1,6.94E-09,2,2,1
0.000985575,0.998997748,1.67E-05,2,2,1
1.18E-07,0.999999881,8.36E-09,2,2,1
2.35E-05,0.999973893,2.59E-06,2,2,1
5.35E-07,0.999999404,8.60E-08,2,2,1
0.999985814,1.35E-05,7.74E-07,1,1,1
1,3.35E-15,1.16E-14,1,1,1
1,7.31E-16,4.97E-15,1,1,1
1,5.42E-22,4.60E-20,1,1,1
1,2.48E-09,2.22E-10,1,1,1
0.999860764,0.000133557,5.56E-06,1,1,1
0.999999762,2.51E-07,2.69E-08,1,1,1
0.999999762,2.68E-07,1.24E-08,1,1,1
1,6.02E-11,1.83E-12,1,1,1
1,1.06E-16,2.13E-16,1,1,1
1,9.05E-20,3.05E-19,1,1,1
1,8.58E-10,2.08E-11,1,1,1
1,2.41E-10,3.72E-12,1,1,1
0.999999642,3.85E-07,6.33E-09,1,1,1
1,4.78E-13,5.06E-14,1,1,1
1,2.72E-08,5.70E-10,1,1,1
0.999810517,0.00018931,2.13E-07,1,1,1
0.000693335,0.999302745,3.96E-06,2,2,1
0.001655653,0.998340011,4.33E-06,2,2,1
0.994476736,0.005523168,1.34E-07,1,1,1
1,3.99E-08,7.97E-12,1,1,1
1.38E-05,0.999985933,2.00E-07,2,2,1
9.96E-06,0.999989986,5.37E-08,2,2,1
2.30E-08,1,1.52E-09,2,2,1
5.59E-08,1,7.64E-10,2,2,1
2.00E-07,0.999999762,4.39E-08,2,2,1
2.93E-08,1,8.08E-09,2,2,1
1.49E-08,1,9.79E-09,2,2,1
6.46E-07,0.999999404,1.92E-08,2,2,1
2.66E-09,1,4.83E-10,2,2,1
2.19E-11,1,1.07E-10,2,2,1
1.20E-12,1,8.94E-11,2,2,1
4.43E-10,1,5.11E-09,2,2,1
3.27E-08,1,4.06E-08,2,2,1
1.12E-10,1,3.97E-10,2,2,1
1.41E-12,1,7.65E-11,2,2,1
1.68E-11,1,5.10E-10,2,2,1
5.75E-08,1,4.75E-08,2,2,1
6.00E-11,1,4.08E-10,2,2,1
2.25E-11,1,5.06E-10,2,2,1
5.20E-17,1,3.60E-13,2,2,1
1.35E-17,1,6.47E-14,2,2,1
5.06E-16,1,1.03E-12,2,2,1
3.93E-19,1,1.35E-14,2,2,1
2.00E-15,1,1.89E-12,2,2,1
6.79E-17,1,3.67E-13,2,2,1
9.88E-18,1,4.71E-14,2,2,1
2.82E-15,1,2.21E-12,2,2,1
5.60E-10,1,2.55E-09,2,2,1
1.09E-15,1,1.46E-12,2,2,1
1.19E-22,1,5.40E-17,2,2,1
2.26E-21,1,4.08E-16,2,2,1
2.14E-18,1,2.21E-14,2,2,1
3.38E-16,1,5.83E-13,2,2,1
1.58E-16,1,4.09E-13,2,2,1
2.01E-17,1,1.24E-13,2,2,1
8.62E-13,1,9.18E-11,2,2,1
1.37E-20,1,7.22E-16,2,2,1
1.15E-14,1,2.21E-12,2,2,1
3.92E-18,1,2.14E-14,2,2,1
6.03E-17,1,2.59E-13,2,2,1
2.67E-15,1,2.08E-12,2,2,1
3.04E-14,1,8.96E-12,2,2,1
6.81E-20,1,4.72E-15,2,2,1
2.94E-15,1,2.21E-12,2,2,1
1.32E-15,1,1.58E-12,2,2,1
2.29E-21,1,5.69E-16,2,2,1
1.70E-22,1,3.24E-17,2,2,1
3.37E-16,1,3.16E-13,2,2,1
6.15E-17,1,1.39E-13,2,2,1
4.59E-15,1,1.14E-12,2,2,1
2.22E-11,1,1.14E-10,2,2,1
1.11E-15,1,1.87E-13,2,2,1
2.72E-17,1,1.69E-14,2,2,1
1.14E-15,1,5.69E-13,2,2,1
9.95E-16,1,3.54E-13,2,2,1
6.46E-12,1,1.20E-10,2,2,1
3.59E-08,1,1.43E-08,2,2,1
2.12E-19,1,8.40E-16,2,2,1
8.29E-14,1,2.04E-12,2,2,1
1.89E-09,1,5.35E-10,2,2,1
2.77E-13,1,1.33E-12,2,2,1
3.89E-16,1,1.84E-13,2,2,1
2.91E-15,1,3.29E-13,2,2,1
2.18E-12,1,3.27E-11,2,2,1
1.70E-15,1,2.21E-13,2,2,1
4.77E-16,1,3.85E-13,2,2,1
2.05E-14,1,5.57E-12,2,2,1
2.10E-18,1,1.40E-15,2,2,1
6.19E-20,1,6.61E-16,2,2,1
5.73E-16,1,2.54E-13,2,2,1
5.13E-18,1,3.14E-14,2,2,1
3.02E-16,1,1.79E-13,2,2,1
1.05E-16,1,3.82E-13,2,2,1
7.76E-18,1,7.00E-14,2,2,1
3.44E-18,1,4.84E-15,2,2,1
1.58E-18,1,1.26E-14,2,2,1
1.03E-14,1,4.98E-13,2,2,1
7.88E-18,1,4.08E-14,2,2,1
2.15E-17,1,5.67E-14,2,2,1
8.31E-12,1,2.54E-10,2,2,1
1.00E-17,1,1.32E-13,2,2,1
2.41E-18,1,2.17E-14,2,2,1
2.63E-17,1,5.92E-14,2,2,1
6.15E-19,1,1.44E-14,2,2,1
8.97E-16,1,1.46E-12,2,2,1
3.06E-13,1,3.47E-11,2,2,1
9.32E-15,1,4.20E-12,2,2,1
2.42E-14,1,1.94E-11,2,2,1
1.44E-14,1,8.74E-12,2,2,1
4.25E-16,1,6.77E-13,2,2,1
5.08E-16,1,6.88E-13,2,2,1
1.27E-16,1,4.92E-13,2,2,1
1.27E-13,1,4.89E-11,2,2,1
0.001052535,0.998927534,1.99E-05,2,2,1
3.61E-14,1,1.57E-11,2,2,1
1.31E-15,1,1.51E-12,2,2,1
6.59E-18,1,2.44E-14,2,2,1
1.41E-14,1,7.97E-12,2,2,1
2.00E-11,1,3.39E-10,2,2,1
4.45E-17,1,1.02E-13,2,2,1
8.17E-12,1,1.30E-10,2,2,1
5.34E-13,1,1.82E-11,2,2,1
3.60E-12,1,1.29E-10,2,2,1
7.73E-14,1,4.66E-12,2,2,1
2.56E-11,1,4.40E-10,2,2,1
4.54E-05,0.999953508,1.02E-06,2,2,1
1.28E-07,0.999999881,3.15E-08,2,2,1
5.67E-08,1,2.94E-08,2,2,1
1.27E-09,1,3.18E-09,2,2,1
8.66E-12,1,4.40E-11,2,2,1
4.23E-08,1,4.71E-08,2,2,1
1.06E-06,0.999998808,1.18E-07,2,2,1
1.48E-07,0.999999881,1.20E-08,2,2,1
0.999999762,1.39E-07,1.50E-07,1,1,1
1,1.74E-09,1.28E-09,1,1,1
1,6.79E-13,3.67E-13,1,1,1
1,6.61E-17,6.49E-16,1,1,1
1,1.84E-17,6.85E-16,1,1,1
1,1.22E-16,7.28E-16,1,1,1
1,2.74E-09,1.27E-09,1,1,1
1,8.59E-09,1.60E-09,1,1,1
0.999998569,1.37E-06,9.50E-08,1,1,1
1,8.85E-14,1.96E-13,1,1,1
1,7.11E-12,1.61E-12,1,1,1
1,3.84E-14,1.65E-14,1,1,1
1,3.66E-10,8.46E-12,1,1,1
1,5.45E-16,3.52E-16,1,1,1
0.999999523,5.27E-07,3.00E-08,1,1,1
0.999997258,2.57E-06,9.09E-08,1,1,1
0.999998689,1.14E-06,7.14E-08,1,1,1
0.999996901,3.14E-06,1.85E-08,1,1,1
0.999994516,5.54E-06,1.59E-08,1,1,1
0.010678542,0.989317477,4.06E-06,2,2,1
0.001615876,0.998381019,3.08E-06,2,2,1
6.94E-05,0.999930263,3.56E-07,2,2,1
0.994753361,0.005246503,6.68E-08,1,1,1
0.002878806,0.997100651,2.06E-05,2,2,1
2.11E-06,0.999997616,2.29E-07,2,2,1
2.34E-07,0.999999762,2.54E-08,2,2,1
8.87E-09,1,1.16E-08,2,2,1
1.15E-07,0.999999881,4.16E-08,2,2,1
4.13E-05,0.999957919,7.46E-07,2,2,1
2.92E-07,0.999999642,6.30E-08,2,2,1
0.001254543,0.998745322,1.19E-07,2,2,1
3.25E-07,0.999999642,1.12E-08,2,2,1
1.59E-10,1,5.39E-10,2,2,1
3.59E-11,1,5.14E-11,2,2,1
4.72E-11,1,4.68E-10,2,2,1
5.32E-14,1,1.77E-11,2,2,1
1.38E-13,1,1.89E-11,2,2,1
3.51E-13,1,1.45E-11,2,2,1
2.52E-11,1,8.86E-10,2,2,1
5.25E-12,1,2.03E-10,2,2,1
2.09E-11,1,2.89E-10,2,2,1
2.91E-15,1,1.97E-12,2,2,1
2.54E-17,1,6.10E-14,2,2,1
6.46E-20,1,1.03E-15,2,2,1
2.01E-19,1,1.91E-14,2,2,1
1.90E-19,1,1.03E-14,2,2,1
3.29E-17,1,1.72E-13,2,2,1
2.81E-13,1,2.80E-11,2,2,1
2.19E-15,1,1.55E-12,2,2,1
5.78E-10,1,4.22E-09,2,2,1
3.40E-16,1,6.52E-13,2,2,1
1.39E-18,1,2.43E-14,2,2,1
2.33E-20,1,2.62E-15,2,2,1
5.10E-16,1,1.36E-12,2,2,1
3.33E-15,1,2.15E-12,2,2,1
9.00E-13,1,6.40E-11,2,2,1
1.26E-13,1,1.99E-11,2,2,1
3.42E-12,1,1.37E-10,2,2,1
3.32E-18,1,2.86E-14,2,2,1
1.73E-17,1,4.20E-14,2,2,1
7.53E-18,1,5.31E-14,2,2,1
2.29E-13,1,2.65E-11,2,2,1
2.78E-15,1,4.28E-12,2,2,1
5.93E-17,1,3.68E-13,2,2,1
4.09E-11,1,6.01E-10,2,2,1
1.65E-18,1,3.03E-14,2,2,1
7.77E-19,1,2.70E-14,2,2,1
1.94E-22,1,9.76E-17,2,2,1
3.15E-21,1,8.83E-16,2,2,1
2.06E-16,1,4.78E-13,2,2,1
3.42E-16,1,1.79E-13,2,2,1
1.10E-13,1,1.38E-11,2,2,1
1.77E-14,1,1.01E-12,2,2,1
6.71E-18,1,1.04E-14,2,2,1
3.62E-19,1,7.28E-16,2,2,1
4.94E-17,1,3.83E-14,2,2,1
7.40E-13,1,2.53E-11,2,2,1
7.91E-17,1,7.52E-14,2,2,1
3.02E-18,1,1.48E-14,2,2,1
6.36E-18,1,1.84E-14,2,2,1
1.28E-14,1,1.64E-12,2,2,1
2.67E-14,1,1.32E-12,2,2,1
3.41E-14,1,1.71E-12,2,2,1
3.68E-12,1,3.43E-11,2,2,1
4.47E-11,1,2.09E-10,2,2,1
3.80E-14,1,2.94E-12,2,2,1
1.24E-13,1,4.86E-12,2,2,1
8.89E-17,1,1.06E-13,2,2,1
1.68E-14,1,3.03E-12,2,2,1
2.92E-17,1,3.97E-14,2,2,1
3.12E-18,1,1.96E-14,2,2,1
2.31E-21,1,1.65E-16,2,2,1
1.12E-20,1,1.99E-15,2,2,1
1.34E-19,1,4.02E-16,2,2,1
3.32E-18,1,5.18E-14,2,2,1
2.49E-19,1,1.16E-14,2,2,1
3.50E-22,1,1.62E-16,2,2,1
1.41E-20,1,2.40E-15,2,2,1
7.10E-18,1,2.34E-14,2,2,1
1.56E-18,1,5.04E-14,2,2,1
1.00E-16,1,6.05E-13,2,2,1
3.34E-13,1,3.65E-11,2,2,1
1.98E-13,1,2.87E-11,2,2,1
3.15E-21,1,1.03E-15,2,2,1
1.13E-18,1,2.15E-14,2,2,1
3.76E-19,1,1.27E-14,2,2,1
1.40E-16,1,2.54E-13,2,2,1
3.27E-11,1,5.32E-10,2,2,1
1.70E-14,1,6.23E-12,2,2,1
1.06E-14,1,5.32E-12,2,2,1
1.57E-17,1,1.77E-13,2,2,1
3.45E-16,1,4.50E-13,2,2,1
1.50E-17,1,1.97E-14,2,2,1
3.92E-17,1,3.84E-13,2,2,1
1.16E-15,1,2.22E-12,2,2,1
4.38E-10,1,4.62E-09,2,2,1
6.50E-12,1,3.89E-10,2,2,1
3.65E-18,1,2.24E-14,2,2,1
2.99E-17,1,1.16E-13,2,2,1
2.80E-16,1,5.86E-13,2,2,1
8.78E-15,1,2.58E-12,2,2,1
2.28E-15,1,1.60E-12,2,2,1
5.01E-14,1,7.03E-12,2,2,1
6.13E-14,1,3.61E-12,2,2,1
1.09E-14,1,4.27E-12,2,2,1
1.09E-13,1,7.52E-12,2,2,1
1.95E-08,1,1.52E-08,2,2,1
0.00508992,0.994895756,1.43E-05,2,2,1
1.52E-08,1,8.02E-09,2,2,1
2.64E-09,1,6.06E-09,2,2,1
1.37E-11,1,1.78E-10,2,2,1
4.83E-09,1,1.53E-08,2,2,1
6.17E-09,1,3.03E-09,2,2,1
5.45E-07,0.999999404,7.08E-09,2,2,1
1.29E-06,0.999998689,1.69E-08,2,2,1
0.99498415,0.0049513,6.45E-05,1,1,1
1,2.83E-10,8.69E-10,1,1,1
1,1.25E-09,8.23E-10,1,1,1
1,8.89E-10,2.71E-10,1,1,1
1,9.57E-14,6.31E-14,1,1,1
1,4.65E-10,5.48E-11,1,1,1
1,5.03E-17,3.64E-16,1,1,1
1,1.87E-15,5.42E-15,1,1,1
1,2.68E-14,8.42E-14,1,1,1
1,4.31E-11,2.10E-11,1,1,1
1,2.23E-11,7.38E-12,1,1,1
1,3.44E-13,2.43E-13,1,1,1
1,3.23E-08,1.18E-09,1,1,1
0.999988675,1.12E-05,1.56E-07,1,1,1
1,2.61E-08,2.44E-10,1,1,1
1,2.52E-16,1.92E-16,1,1,1
1,3.58E-10,5.72E-11,1,1,1
1,3.57E-09,7.02E-10,1,1,1
0.99995172,4.65E-05,1.81E-06,1,1,1
0.999999762,2.41E-07,2.57E-09,1,1,1
0.999999642,3.50E-07,7.86E-09,1,1,1
0.993191421,0.006801113,7.47E-06,1,1,1
0.974144638,0.025850484,4.88E-06,1,1,1
0.99622041,0.003779368,2.71E-07,1,1,1
0.966366053,0.033633176,8.04E-07,1,1,1
0.830966711,0.168973178,6.01E-05,1,2,0
0.005299145,0.994699121,1.74E-06,2,2,1
1.52E-05,0.999984741,3.87E-08,2,2,1
6.58E-09,1,7.59E-10,2,2,1
0.078020215,0.92191875,6.10E-05,2,1,0
0.027609682,0.972370267,2.00E-05,2,1,0
0.001114241,0.998882711,3.12E-06,2,2,1
0.000298606,0.999700665,6.82E-07,2,2,1
8.94E-07,0.999999166,6.16E-09,2,2,1
1.74E-10,1,9.23E-10,2,2,1
1.08E-11,1,7.95E-11,2,2,1
8.13E-11,1,1.82E-10,2,2,1
1.86E-12,1,5.28E-11,2,2,1
1.14E-13,1,8.24E-12,2,2,1
7.02E-12,1,1.10E-10,2,2,1
3.22E-14,1,3.19E-12,2,2,1
9.70E-14,1,5.97E-12,2,2,1
1.83E-17,1,2.86E-13,2,2,1
1.58E-18,1,1.13E-14,2,2,1
3.60E-17,1,2.63E-14,2,2,1
4.36E-17,1,2.53E-13,2,2,1
3.18E-20,1,2.61E-15,2,2,1
2.50E-16,1,2.92E-13,2,2,1
9.34E-20,1,2.95E-15,2,2,1
1.20E-16,1,3.49E-13,2,2,1
1.85E-13,1,3.81E-11,2,2,1
3.82E-19,1,1.16E-14,2,2,1
3.47E-14,1,4.21E-12,2,2,1
7.99E-16,1,2.01E-12,2,2,1
2.05E-15,1,2.56E-12,2,2,1
5.90E-11,1,7.32E-10,2,2,1
6.07E-13,1,5.91E-11,2,2,1
3.20E-10,1,3.21E-09,2,2,1
3.75E-14,1,1.80E-11,2,2,1
2.20E-18,1,2.16E-14,2,2,1
2.94E-19,1,8.45E-15,2,2,1
2.49E-15,1,2.72E-12,2,2,1
1.11E-14,1,9.18E-12,2,2,1
2.12E-14,1,9.98E-12,2,2,1
2.84E-16,1,5.75E-13,2,2,1
1.75E-14,1,6.87E-12,2,2,1
3.35E-22,1,2.64E-16,2,2,1
1.86E-18,1,2.59E-14,2,2,1
3.12E-23,1,3.89E-17,2,2,1
1.24E-14,1,4.17E-12,2,2,1
3.09E-19,1,4.75E-15,2,2,1
8.68E-19,1,3.96E-15,2,2,1
5.63E-17,1,2.55E-14,2,2,1
3.12E-18,1,2.79E-15,2,2,1
2.69E-11,1,6.26E-11,2,2,1
3.89E-17,1,4.69E-14,2,2,1
1.39E-19,1,1.70E-15,2,2,1
2.25E-14,1,7.09E-12,2,2,1
5.09E-12,1,8.87E-11,2,2,1
2.69E-14,1,3.27E-12,2,2,1
2.42E-20,1,6.57E-16,2,2,1
1.10E-16,1,5.13E-14,2,2,1
3.98E-17,1,2.55E-14,2,2,1
3.41E-20,1,5.72E-16,2,2,1
7.93E-15,1,9.66E-13,2,2,1
2.13E-14,1,1.06E-12,2,2,1
7.69E-14,1,5.28E-12,2,2,1
3.36E-17,1,1.71E-13,2,2,1
1.05E-16,1,6.26E-14,2,2,1
7.59E-17,1,7.95E-14,2,2,1
1.66E-16,1,4.26E-13,2,2,1
1.90E-18,1,1.03E-14,2,2,1
2.55E-17,1,1.08E-13,2,2,1
3.27E-19,1,3.45E-15,2,2,1
2.13E-18,1,2.41E-14,2,2,1
2.05E-19,1,3.25E-15,2,2,1
2.79E-20,1,5.99E-15,2,2,1
1.59E-21,1,6.21E-16,2,2,1
7.13E-22,1,4.87E-16,2,2,1
4.36E-20,1,6.28E-15,2,2,1
9.20E-20,1,9.63E-15,2,2,1
7.62E-19,1,3.57E-14,2,2,1
2.50E-18,1,4.24E-14,2,2,1
9.24E-16,1,2.27E-12,2,2,1
1.11E-18,1,1.22E-14,2,2,1
4.84E-19,1,9.70E-15,2,2,1
1.28E-14,1,5.54E-12,2,2,1
5.05E-16,1,9.07E-13,2,2,1
9.29E-16,1,1.62E-12,2,2,1
6.67E-15,1,3.09E-12,2,2,1
4.60E-11,1,8.59E-10,2,2,1
6.61E-17,1,4.59E-13,2,2,1
6.42E-16,1,2.84E-12,2,2,1
1.02E-16,1,3.24E-13,2,2,1
8.99E-18,1,1.15E-13,2,2,1
4.09E-12,1,1.63E-10,2,2,1
4.65E-10,1,4.84E-09,2,2,1
1.43E-16,1,1.01E-12,2,2,1
3.16E-19,1,1.82E-14,2,2,1
6.98E-15,1,2.96E-12,2,2,1
9.81E-13,1,6.74E-11,2,2,1
6.88E-09,1,9.50E-09,2,2,1
9.41E-14,1,1.22E-11,2,2,1
2.65E-11,1,1.38E-10,2,2,1
2.08E-15,1,8.85E-13,2,2,1
4.81E-12,1,9.52E-11,2,2,1
1.17E-12,1,2.80E-11,2,2,1
2.26E-09,1,8.24E-10,2,2,1
8.69E-08,0.999999881,4.61E-08,2,2,1
7.25E-11,1,3.54E-10,2,2,1
4.26E-10,1,7.59E-10,2,2,1
8.04E-12,1,2.01E-11,2,2,1
1.01E-09,1,2.62E-09,2,2,1
6.43E-09,1,7.92E-09,2,2,1
1.86E-08,1,1.98E-09,2,2,1
3.53E-07,0.999999642,1.72E-08,2,2,1
0.999983191,1.32E-05,3.54E-06,1,1,1
1,5.80E-09,5.30E-09,1,1,1
1,1.11E-08,1.98E-09,1,1,1
1,2.53E-10,3.62E-11,1,1,1
1,5.20E-13,8.24E-13,1,1,1
1,4.98E-11,1.29E-11,1,1,1
1,1.43E-13,5.28E-14,1,1,1
1,1.04E-13,2.30E-13,1,1,1
1,2.64E-17,2.32E-16,1,1,1
1,5.06E-09,9.82E-10,1,1,1
0.999999762,2.90E-07,3.39E-08,1,1,1
1,5.62E-10,9.81E-11,1,1,1
1,2.84E-12,2.21E-12,1,1,1
1,1.86E-10,4.45E-11,1,1,1
1,1.13E-08,2.29E-09,1,1,1
0.999999404,5.79E-07,2.33E-08,1,1,1
1,9.67E-09,7.62E-10,1,1,1
1,3.85E-10,1.41E-10,1,1,1
1,1.25E-08,3.20E-09,1,1,1
1,1.52E-09,3.95E-10,1,1,1
1,2.35E-14,1.77E-14,1,1,1
1,4.44E-09,5.43E-10,1,1,1
1,3.39E-09,2.90E-10,1,1,1
0.99986589,0.000131876,2.21E-06,1,1,1
0.999878049,0.000121506,4.26E-07,1,1,1
0.999775946,0.000221887,2.20E-06,1,1,1
0.999994874,5.00E-06,1.24E-07,1,1,1
0.999997377,2.50E-06,7.36E-08,1,1,1
0.99695158,0.003044346,4.05E-06,1,1,1
0.030097963,0.969889581,1.24E-05,2,2,1
0.461256802,0.538678646,6.46E-05,2,1,0
0.967446089,0.032519806,3.41E-05,1,1,1
0.821663558,0.178098291,0.000238172,1,1,1
0.624231577,0.375757426,1.10E-05,1,2,0
0.061597269,0.938400805,1.87E-06,2,2,1
0.026541283,0.973457098,1.66E-06,2,2,1
2.10E-11,1,5.20E-11,2,2,1
1.28E-11,1,7.60E-11,2,2,1
3.51E-08,1,1.06E-08,2,2,1
1.22E-08,1,1.39E-10,2,2,1
4.00E-11,1,3.88E-10,2,2,1
1.71E-14,1,1.14E-11,2,2,1
2.67E-13,1,4.62E-12,2,2,1
5.50E-15,1,4.21E-12,2,2,1
2.09E-16,1,3.52E-13,2,2,1
1.43E-19,1,1.57E-15,2,2,1
1.00E-14,1,9.65E-12,2,2,1
1.51E-17,1,1.28E-13,2,2,1
1.85E-18,1,2.67E-14,2,2,1
8.46E-19,1,2.24E-14,2,2,1
6.05E-17,1,1.64E-13,2,2,1
2.91E-16,1,5.96E-13,2,2,1
2.65E-18,1,4.12E-14,2,2,1
2.68E-15,1,3.66E-12,2,2,1
1.52E-17,1,1.20E-13,2,2,1
5.64E-13,1,5.50E-11,2,2,1
4.23E-08,1,3.28E-08,2,2,1
6.71E-16,1,1.76E-12,2,2,1
7.11E-21,1,2.15E-15,2,2,1
6.39E-19,1,1.49E-14,2,2,1
1.14E-14,1,5.16E-12,2,2,1
1.93E-21,1,4.83E-16,2,2,1
1.31E-16,1,5.82E-13,2,2,1
4.05E-15,1,3.20E-12,2,2,1
4.98E-20,1,8.02E-15,2,2,1
6.03E-18,1,1.07E-13,2,2,1
4.73E-20,1,3.85E-15,2,2,1
2.29E-18,1,3.89E-14,2,2,1
1.63E-21,1,4.86E-16,2,2,1
5.18E-17,1,1.80E-13,2,2,1
1.25E-17,1,7.17E-14,2,2,1
6.97E-17,1,1.25E-13,2,2,1
4.97E-16,1,3.27E-13,2,2,1
3.84E-15,1,2.89E-13,2,2,1
1.33E-15,1,1.67E-13,2,2,1
8.22E-12,1,2.33E-11,2,2,1
1.25E-13,1,2.31E-12,2,2,1
5.77E-18,1,2.37E-14,2,2,1
3.25E-15,1,8.07E-13,2,2,1
4.16E-09,1,1.65E-09,2,2,1
2.27E-12,1,3.39E-11,2,2,1
2.43E-16,1,1.26E-13,2,2,1
3.43E-16,1,1.68E-13,2,2,1
3.90E-21,1,2.53E-16,2,2,1
3.64E-21,1,1.57E-16,2,2,1
2.92E-18,1,1.18E-14,2,2,1
2.41E-16,1,6.87E-14,2,2,1
1.41E-12,1,3.26E-11,2,2,1
1.13E-14,1,2.57E-12,2,2,1
1.32E-15,1,3.67E-13,2,2,1
1.03E-13,1,1.50E-11,2,2,1
3.72E-17,1,8.90E-14,2,2,1
5.11E-18,1,6.47E-14,2,2,1
5.05E-17,1,2.16E-13,2,2,1
2.96E-18,1,2.58E-14,2,2,1
1.16E-20,1,1.03E-15,2,2,1
3.73E-18,1,5.38E-14,2,2,1
4.01E-22,1,5.36E-16,2,2,1
1.94E-20,1,3.35E-15,2,2,1
6.98E-21,1,4.08E-15,2,2,1
2.31E-22,1,7.72E-16,2,2,1
1.12E-21,1,1.27E-15,2,2,1
2.69E-22,1,1.00E-16,2,2,1
1.73E-17,1,2.72E-13,2,2,1
2.98E-11,1,4.34E-10,2,2,1
3.34E-17,1,2.03E-13,2,2,1
2.67E-22,1,3.20E-16,2,2,1
2.42E-16,1,6.33E-13,2,2,1
2.18E-18,1,4.58E-14,2,2,1
4.44E-14,1,1.52E-11,2,2,1
1.24E-14,1,1.16E-11,2,2,1
7.25E-17,1,2.59E-13,2,2,1
1.01E-13,1,2.18E-11,2,2,1
1.02E-12,1,8.22E-11,2,2,1
2.01E-12,1,1.05E-10,2,2,1
8.40E-07,0.999998808,3.47E-07,2,2,1
9.99E-12,1,3.89E-10,2,2,1
5.81E-13,1,8.77E-11,2,2,1
2.60E-12,1,2.26E-10,2,2,1
1.40E-15,1,2.10E-12,2,2,1
1.19E-16,1,3.04E-13,2,2,1
1.98E-17,1,1.01E-13,2,2,1
1.96E-19,1,2.97E-15,2,2,1
9.93E-17,1,8.24E-14,2,2,1
9.24E-17,1,3.26E-14,2,2,1
6.05E-15,1,1.33E-12,2,2,1
7.78E-12,1,5.17E-11,2,2,1
1.14E-11,1,1.28E-10,2,2,1
1.98E-11,1,1.35E-10,2,2,1
1.31E-12,1,2.68E-11,2,2,1
2.92E-11,1,1.69E-10,2,2,1
1.13E-08,1,1.58E-08,2,2,1
1.14E-12,1,1.47E-11,2,2,1
2.17E-11,1,1.93E-10,2,2,1
6.42E-09,1,7.40E-09,2,2,1
7.04E-08,0.999999762,6.04E-08,2,2,1
3.21E-06,0.999996066,6.69E-07,2,2,1
3.73E-05,0.999959946,2.72E-06,2,2,1
0.999999523,4.12E-07,1.62E-07,1,1,1
1,9.46E-11,3.77E-10,1,1,1
1,6.07E-11,2.37E-10,1,1,1
1,1.79E-14,5.93E-14,1,1,1
1,2.26E-13,1.64E-13,1,1,1
1,8.03E-14,3.35E-14,1,1,1
1,1.72E-08,1.07E-09,1,1,1
1,1.58E-08,1.93E-09,1,1,1
0.999999881,7.46E-08,9.88E-09,1,1,1
0.999999762,1.81E-07,1.50E-08,1,1,1
1,7.35E-09,6.35E-10,1,1,1
0.999998808,1.09E-06,7.85E-08,1,1,1
1,3.07E-08,1.55E-09,1,1,1
0.999902725,9.27E-05,4.52E-06,1,1,1
1,4.13E-11,3.18E-11,1,1,1
1,2.18E-12,9.78E-13,1,1,1
1,8.56E-10,1.46E-10,1,1,1
1,5.23E-11,4.12E-11,1,1,1
1,3.26E-09,1.46E-09,1,1,1
1,7.54E-12,4.12E-12,1,1,1
0.999999762,2.98E-07,3.43E-08,1,1,1
0.999999881,1.29E-07,1.17E-08,1,1,1
1,1.28E-08,2.22E-09,1,1,1
1,5.85E-08,5.97E-09,1,1,1
1,1.60E-08,3.09E-09,1,1,1
0.999994874,4.67E-06,4.23E-07,1,1,1
0.999939799,5.73E-05,2.91E-06,1,1,1
0.99974519,0.000246699,8.16E-06,1,1,1
0.999865413,0.000130211,4.39E-06,1,1,1
0.99999845,1.48E-06,1.20E-07,1,1,1
0.999386907,0.00059591,1.72E-05,1,1,1
0.722227633,0.277525395,0.000247001,1,1,1
0.426000983,0.573729396,0.00026967,2,1,0
0.889335036,0.110503122,0.000161852,1,1,1
0.971721113,0.028260633,1.83E-05,1,1,1
0.976343989,0.023652816,3.17E-06,1,1,1
2.86E-06,0.99999702,7.40E-08,2,2,1
6.01E-09,1,5.47E-09,2,2,1
4.02E-09,1,4.37E-09,2,2,1
1.39E-05,0.999986053,1.50E-08,2,2,1
3.27E-09,1,1.32E-09,2,2,1
1.18E-11,1,2.29E-10,2,2,1
3.14E-09,1,2.25E-09,2,2,1
6.16E-14,1,1.72E-12,2,2,1
3.42E-17,1,9.82E-14,2,2,1
4.96E-16,1,8.21E-14,2,2,1
1.62E-19,1,9.62E-15,2,2,1
3.38E-17,1,2.23E-13,2,2,1
6.61E-19,1,1.12E-14,2,2,1
1.58E-18,1,4.20E-14,2,2,1
2.36E-22,1,1.81E-16,2,2,1
1.60E-19,1,8.26E-15,2,2,1
7.04E-19,1,3.25E-14,2,2,1
6.34E-15,1,4.49E-12,2,2,1
1.69E-14,1,3.68E-12,2,2,1
4.10E-11,1,8.52E-10,2,2,1
2.40E-13,1,3.95E-11,2,2,1
9.67E-15,1,7.28E-12,2,2,1
1.39E-20,1,3.01E-15,2,2,1
1.70E-21,1,6.20E-16,2,2,1
2.82E-17,1,1.94E-13,2,2,1
1.52E-19,1,6.52E-15,2,2,1
2.55E-20,1,1.89E-15,2,2,1
7.38E-19,1,2.31E-14,2,2,1
3.36E-23,1,6.37E-17,2,2,1
2.41E-15,1,2.07E-12,2,2,1
8.02E-15,1,3.80E-12,2,2,1
3.64E-21,1,8.04E-16,2,2,1
3.71E-20,1,3.91E-15,2,2,1
3.39E-21,1,3.53E-16,2,2,1
5.89E-21,1,1.27E-15,2,2,1
1.49E-18,1,1.45E-14,2,2,1
1.16E-15,1,1.05E-12,2,2,1
1.22E-13,1,1.19E-11,2,2,1
2.30E-11,1,1.27E-10,2,2,1
5.46E-10,1,4.95E-10,2,2,1
1.10E-14,1,1.16E-12,2,2,1
3.11E-16,1,1.71E-13,2,2,1
2.48E-15,1,1.21E-12,2,2,1
3.67E-17,1,1.01E-13,2,2,1
1.50E-16,1,6.53E-14,2,2,1
2.15E-20,1,1.45E-15,2,2,1
5.61E-17,1,4.52E-14,2,2,1
1.91E-21,1,2.69E-16,2,2,1
9.64E-19,1,5.79E-15,2,2,1
8.05E-15,1,5.77E-13,2,2,1
5.77E-14,1,2.46E-12,2,2,1
6.92E-14,1,5.32E-12,2,2,1
3.88E-14,1,4.13E-12,2,2,1
3.05E-14,1,2.51E-12,2,2,1
5.95E-12,1,2.16E-10,2,2,1
1.20E-14,1,5.46E-12,2,2,1
2.34E-17,1,1.50E-13,2,2,1
3.42E-14,1,3.66E-12,2,2,1
4.78E-15,1,2.95E-12,2,2,1
1.42E-20,1,1.61E-15,2,2,1
9.53E-21,1,3.04E-15,2,2,1
1.38E-21,1,9.09E-16,2,2,1
7.05E-23,1,1.54E-16,2,2,1
1.94E-24,1,3.45E-17,2,2,1
5.63E-21,1,2.28E-15,2,2,1
1.11E-18,1,3.78E-14,2,2,1
4.15E-17,1,3.54E-13,2,2,1
6.73E-13,1,4.94E-11,2,2,1
7.71E-13,1,9.20E-11,2,2,1
2.06E-17,1,1.15E-13,2,2,1
2.85E-20,1,5.88E-15,2,2,1
3.34E-15,1,2.64E-12,2,2,1
5.68E-15,1,3.51E-12,2,2,1
8.89E-10,1,8.58E-09,2,2,1
5.22E-13,1,9.28E-11,2,2,1
3.07E-11,1,9.00E-10,2,2,1
9.28E-10,1,4.43E-09,2,2,1
3.11E-16,1,9.22E-13,2,2,1
1.20E-17,1,2.25E-13,2,2,1
3.03E-11,1,6.34E-10,2,2,1
6.83E-12,1,3.04E-10,2,2,1
1.00E-12,1,9.51E-11,2,2,1
2.92E-09,1,1.33E-08,2,2,1
1.89E-16,1,3.38E-13,2,2,1
4.64E-12,1,9.84E-11,2,2,1
1.30E-18,1,1.31E-14,2,2,1
5.11E-14,1,8.70E-12,2,2,1
5.33E-13,1,6.48E-11,2,2,1
2.68E-15,1,3.38E-13,2,2,1
2.19E-11,1,1.12E-10,2,2,1
1.03E-11,1,1.41E-10,2,2,1
6.13E-11,1,3.59E-10,2,2,1
3.35E-11,1,4.59E-10,2,2,1
2.15E-10,1,1.22E-09,2,2,1
1.79E-09,1,5.06E-09,2,2,1
7.74E-11,1,6.18E-10,2,2,1
1.67E-10,1,6.97E-10,2,2,1
0.000434438,0.999553621,1.19E-05,2,2,1
8.03E-08,0.999999762,7.49E-08,2,2,1
1.48E-07,0.999999762,9.22E-08,2,2,1
1.41E-06,0.999998331,2.66E-07,2,2,1
0.000729806,0.999251544,1.85E-05,2,2,1
0.994507611,0.005315444,0.000176974,1,1,1
1,1.68E-09,1.85E-09,1,1,1
0.999984145,1.46E-05,1.36E-06,1,1,1
1,2.25E-16,4.13E-15,1,1,1
1,1.83E-13,4.71E-13,1,1,1
1,4.41E-19,1.76E-18,1,1,1
1,1.56E-12,6.29E-13,1,1,1
1,3.80E-10,3.34E-11,1,1,1
1,4.85E-09,3.93E-10,1,1,1
0.999998927,9.15E-07,7.02E-08,1,1,1
1,3.78E-08,6.22E-09,1,1,1
0.999993443,6.21E-06,3.56E-07,1,1,1
0.999999881,6.87E-08,4.88E-09,1,1,1
1,1.66E-17,1.01E-16,1,1,1
0.999994159,5.45E-06,3.04E-07,1,1,1
1,3.84E-14,1.10E-13,1,1,1
1,4.87E-20,1.45E-18,1,1,1
1,3.85E-17,1.47E-15,1,1,1
1,7.83E-10,4.17E-10,1,1,1
1,1.61E-12,2.81E-12,1,1,1
1,6.65E-19,1.28E-17,1,1,1
1,1.13E-14,6.19E-14,1,1,1
1,3.80E-09,1.27E-09,1,1,1
1,3.79E-08,6.75E-09,1,1,1
1,5.70E-08,1.28E-08,1,1,1
1,4.67E-11,1.27E-10,1,1,1
1,1.01E-09,1.89E-09,1,1,1
0.999999523,3.19E-07,1.21E-07,1,1,1
1,7.39E-09,5.33E-09,1,1,1
0.99999702,2.67E-06,3.51E-07,1,1,1
0.999943852,5.16E-05,4.51E-06,1,1,1
0.998811603,0.00114992,3.85E-05,1,1,1
0.999135792,0.000838948,2.53E-05,1,1,1
0.998445451,0.001529515,2.51E-05,1,1,1
0.983915627,0.015996652,8.77E-05,1,1,1
0.984615624,0.015304608,7.98E-05,1,1,1
0.993325591,0.006660076,1.43E-05,1,1,1
0.986478329,0.013506713,1.50E-05,1,1,1
0.000157901,0.999834418,7.68E-06,2,2,1
7.45E-05,0.999924898,6.42E-07,2,2,1
0.00041416,0.999585569,2.71E-07,2,2,1
6.11E-08,0.999999881,1.70E-09,2,2,1
9.70E-10,1,2.21E-09,2,2,1
9.42E-12,1,1.29E-10,2,2,1
1.32E-11,1,7.43E-11,2,2,1
1.05E-15,1,2.45E-13,2,2,1
1.45E-18,1,1.24E-14,2,2,1
3.75E-19,1,1.16E-15,2,2,1
8.70E-14,1,1.13E-11,2,2,1
9.05E-16,1,1.01E-12,2,2,1
2.38E-18,1,4.45E-14,2,2,1
2.40E-21,1,7.18E-16,2,2,1
3.95E-22,1,2.05E-16,2,2,1
1.04E-20,1,2.49E-15,2,2,1
5.59E-20,1,3.46E-15,2,2,1
2.12E-18,1,2.14E-14,2,2,1
2.30E-15,1,3.44E-12,2,2,1
1.06E-16,1,6.03E-13,2,2,1
6.46E-15,1,4.56E-12,2,2,1
1.45E-15,1,2.15E-12,2,2,1
1.51E-19,1,1.34E-14,2,2,1
7.28E-18,1,7.89E-14,2,2,1
1.07E-17,1,1.17E-13,2,2,1
1.68E-17,1,1.49E-13,2,2,1
2.40E-16,1,8.23E-13,2,2,1
3.29E-22,1,9.30E-17,2,2,1
2.66E-20,1,4.90E-15,2,2,1
2.18E-19,1,1.74E-14,2,2,1
2.31E-19,1,1.47E-14,2,2,1
3.27E-15,1,3.10E-12,2,2,1
6.17E-22,1,2.95E-16,2,2,1
9.80E-19,1,1.50E-14,2,2,1
1.50E-16,1,3.53E-13,2,2,1
4.90E-12,1,1.44E-10,2,2,1
1.11E-15,1,6.46E-13,2,2,1
3.82E-13,1,1.87E-11,2,2,1
2.63E-08,1,4.00E-09,2,2,1
6.40E-13,1,8.09E-12,2,2,1
3.71E-13,1,2.66E-11,2,2,1
7.42E-17,1,8.99E-14,2,2,1
6.71E-17,1,1.29E-13,2,2,1
1.48E-15,1,2.72E-13,2,2,1
2.82E-18,1,2.39E-14,2,2,1
1.69E-21,1,2.23E-16,2,2,1
5.17E-20,1,2.15E-15,2,2,1
2.45E-19,1,2.64E-15,2,2,1
5.29E-15,1,3.60E-13,2,2,1
1.64E-13,1,6.56E-12,2,2,1
2.59E-10,1,1.15E-09,2,2,1
9.70E-12,1,1.78E-10,2,2,1
5.65E-14,1,6.67E-12,2,2,1
1.39E-11,1,4.32E-10,2,2,1
6.57E-15,1,5.26E-12,2,2,1
4.52E-16,1,8.11E-13,2,2,1
1.05E-15,1,1.16E-12,2,2,1
5.40E-17,1,3.08E-13,2,2,1
9.96E-19,1,3.59E-14,2,2,1
1.07E-20,1,1.84E-15,2,2,1
1.98E-20,1,7.19E-15,2,2,1
6.51E-23,1,2.06E-16,2,2,1
1.30E-20,1,6.76E-15,2,2,1
2.36E-17,1,3.61E-13,2,2,1
1.10E-18,1,4.01E-14,2,2,1
6.98E-14,1,1.68E-11,2,2,1
2.16E-17,1,2.15E-13,2,2,1
5.21E-18,1,1.21E-13,2,2,1
1.16E-20,1,3.62E-15,2,2,1
2.44E-22,1,1.61E-16,2,2,1
4.20E-16,1,1.42E-12,2,2,1
8.18E-19,1,2.35E-14,2,2,1
1.87E-13,1,4.18E-11,2,2,1
8.62E-12,1,2.47E-10,2,2,1
9.55E-14,1,1.73E-11,2,2,1
4.59E-16,1,2.01E-12,2,2,1
2.74E-14,1,1.26E-11,2,2,1
0.000183096,0.999810517,6.43E-06,2,2,1
1.17E-13,1,3.16E-11,2,2,1
3.61E-12,1,8.00E-11,2,2,1
7.58E-14,1,2.79E-11,2,2,1
2.97E-15,1,3.12E-12,2,2,1
3.25E-16,1,1.14E-12,2,2,1
3.32E-15,1,1.96E-12,2,2,1
9.86E-17,1,2.54E-13,2,2,1
8.10E-13,1,4.09E-11,2,2,1
2.65E-10,1,1.03E-09,2,2,1
2.80E-12,1,1.12E-10,2,2,1
1.98E-13,1,8.94E-12,2,2,1
1.11E-11,1,2.22E-10,2,2,1
2.45E-10,1,2.22E-09,2,2,1
1.22E-09,1,2.28E-09,2,2,1
3.33E-16,1,1.75E-13,2,2,1
4.53E-12,1,1.94E-10,2,2,1
7.08E-12,1,1.86E-10,2,2,1
1.79E-11,1,6.81E-10,2,2,1
8.50E-10,1,3.36E-09,2,2,1
7.36E-10,1,3.21E-09,2,2,1
7.89E-10,1,6.04E-10,2,2,1
9.80E-09,1,1.96E-08,2,2,1
5.90E-06,0.999992728,1.28E-06,2,2,1
0.999997973,1.73E-06,3.11E-07,1,1,1
0.999996424,3.11E-06,4.47E-07,1,1,1
1,3.97E-08,2.60E-09,1,1,1
1,9.99E-13,5.48E-13,1,1,1
1,4.11E-18,1.87E-17,1,1,1
1,1.01E-10,1.11E-12,1,1,1
1,3.84E-08,4.86E-11,1,1,1
0.999999762,2.21E-07,5.73E-10,1,1,1
0.999999404,5.89E-07,3.49E-08,1,1,1
0.999999881,8.47E-08,7.88E-09,1,1,1
1,1.43E-10,4.08E-11,1,1,1
1,5.38E-08,6.47E-09,1,1,1
1,6.34E-10,9.03E-11,1,1,1
1,4.83E-20,6.85E-19,1,1,1
1,1.09E-09,4.59E-10,1,1,1
1,1.32E-14,6.81E-14,1,1,1
1,1.27E-19,6.76E-18,1,1,1
1,2.04E-12,4.91E-12,1,1,1
1,6.36E-13,2.49E-12,1,1,1
1,7.94E-25,6.69E-23,1,1,1
1,1.16E-27,3.07E-24,1,1,1
1,5.21E-25,5.23E-22,1,1,1
1,1.77E-13,1.54E-12,1,1,1
1,6.47E-12,1.76E-11,1,1,1
1,3.63E-13,5.92E-12,1,1,1
1,1.20E-12,5.04E-12,1,1,1
1,2.81E-08,1.21E-08,1,1,1
0.999958754,3.84E-05,2.92E-06,1,1,1
0.9999789,1.92E-05,1.89E-06,1,1,1
0.999981403,1.71E-05,1.55E-06,1,1,1
1,1.05E-13,1.35E-12,1,1,1
1,6.58E-11,1.15E-10,1,1,1
0.999992251,6.98E-06,7.31E-07,1,1,1
0.999862909,0.000131682,5.41E-06,1,1,1
0.999891162,0.000101244,7.59E-06,1,1,1
0.999974489,2.51E-05,5.32E-07,1,1,1
0.999999881,1.14E-07,6.63E-09,1,1,1
0.998684108,0.001313482,2.35E-06,1,1,1
0.886894405,0.113045663,5.99E-05,1,1,1
0.99333328,0.006662084,4.61E-06,1,1,1
0.998806953,0.001192972,1.21E-07,1,1,1
0.083277091,0.916716397,6.41E-06,2,1,0
5.25E-10,1,6.96E-10,2,2,1
7.72E-10,1,4.05E-10,2,2,1
3.05E-12,1,3.68E-11,2,2,1
6.66E-11,1,2.29E-10,2,2,1
9.99E-15,1,3.27E-12,2,2,1
6.96E-18,1,6.80E-14,2,2,1
1.65E-13,1,1.87E-11,2,2,1
2.46E-15,1,1.97E-12,2,2,1
4.98E-18,1,4.08E-14,2,2,1
2.21E-17,1,1.23E-13,2,2,1
3.95E-21,1,8.77E-16,2,2,1
6.16E-19,1,3.13E-14,2,2,1
5.79E-17,1,2.00E-13,2,2,1
1.23E-20,1,1.48E-15,2,2,1
1.03E-18,1,2.48E-14,2,2,1
2.14E-15,1,3.13E-12,2,2,1
1.98E-13,1,2.25E-11,2,2,1
1.45E-19,1,7.10E-15,2,2,1
4.06E-21,1,1.22E-15,2,2,1
2.61E-18,1,8.09E-14,2,2,1
1.10E-17,1,2.19E-13,2,2,1
1.34E-17,1,1.19E-13,2,2,1
2.28E-18,1,3.60E-14,2,2,1
1.17E-22,1,2.06E-16,2,2,1
2.40E-20,1,6.39E-15,2,2,1
8.83E-22,1,6.21E-16,2,2,1
8.69E-21,1,2.25E-15,2,2,1
8.94E-18,1,5.84E-14,2,2,1
3.30E-18,1,4.77E-14,2,2,1
1.02E-17,1,8.15E-14,2,2,1
3.10E-12,1,1.12E-10,2,2,1
9.35E-12,1,2.36E-10,2,2,1
1.35E-14,1,4.96E-12,2,2,1
1.75E-15,1,1.59E-12,2,2,1
1.56E-11,1,5.03E-10,2,2,1
4.56E-10,1,2.85E-09,2,2,1
1.86E-12,1,5.18E-11,2,2,1
1.62E-12,1,1.68E-11,2,2,1
1.08E-14,1,4.45E-13,2,2,1
1.24E-08,1,6.50E-09,2,2,1
8.18E-10,1,1.28E-09,2,2,1
2.35E-20,1,5.92E-16,2,2,1
9.19E-21,1,8.04E-16,2,2,1
4.55E-19,1,2.76E-15,2,2,1
2.13E-16,1,1.08E-13,2,2,1
5.22E-15,1,8.13E-13,2,2,1
2.61E-15,1,8.80E-13,2,2,1
2.74E-16,1,1.35E-13,2,2,1
1.68E-15,1,1.80E-12,2,2,1
1.81E-13,1,4.32E-11,2,2,1
1.43E-14,1,3.68E-12,2,2,1
8.43E-13,1,8.24E-11,2,2,1
1.04E-14,1,2.88E-12,2,2,1
1.01E-16,1,4.16E-13,2,2,1
1.73E-20,1,3.19E-15,2,2,1
2.60E-19,1,1.05E-14,2,2,1
2.55E-21,1,2.34E-15,2,2,1
4.52E-17,1,2.87E-13,2,2,1
5.78E-18,1,1.23E-13,2,2,1
1.37E-15,1,3.44E-12,2,2,1
4.05E-17,1,1.41E-13,2,2,1
1.07E-17,1,1.54E-13,2,2,1
3.71E-17,1,2.10E-13,2,2,1
2.16E-20,1,5.06E-15,2,2,1
2.26E-18,1,1.02E-13,2,2,1
2.44E-15,1,1.61E-12,2,2,1
1.39E-19,1,1.03E-14,2,2,1
1.91E-14,1,7.53E-12,2,2,1
1.71E-08,1,2.31E-08,2,2,1
3.80E-15,1,4.46E-12,2,2,1
6.30E-18,1,1.13E-13,2,2,1
2.09E-19,1,1.82E-14,2,2,1
2.05E-15,1,3.72E-12,2,2,1
7.90E-14,1,1.96E-11,2,2,1
5.61E-18,1,8.88E-14,2,2,1
4.36E-19,1,2.06E-14,2,2,1
3.61E-17,1,2.15E-13,2,2,1
5.05E-15,1,3.14E-12,2,2,1
4.78E-15,1,3.04E-12,2,2,1
1.26E-14,1,3.34E-12,2,2,1
6.41E-15,1,2.46E-12,2,2,1
1.87E-15,1,2.02E-12,2,2,1
1.82E-09,1,3.89E-09,2,2,1
1.16E-14,1,3.44E-12,2,2,1
4.99E-14,1,6.64E-12,2,2,1
4.68E-17,1,3.79E-14,2,2,1
2.49E-14,1,2.91E-12,2,2,1
4.27E-13,1,3.60E-11,2,2,1
6.73E-13,1,1.71E-11,2,2,1
8.39E-14,1,1.65E-11,2,2,1
1.46E-13,1,1.44E-11,2,2,1
2.32E-11,1,4.95E-10,2,2,1
6.68E-11,1,1.03E-09,2,2,1
6.98E-09,1,1.55E-08,2,2,1
4.41E-09,1,9.25E-09,2,2,1
1.24E-08,1,9.93E-09,2,2,1
0.998752117,0.001144301,0.000103611,1,1,1
1,2.84E-09,8.10E-10,1,1,1
1,2.54E-12,9.28E-13,1,1,1
1,1.15E-10,2.74E-11,1,1,1
1,8.46E-15,2.57E-15,1,1,1
1,2.29E-15,3.05E-15,1,1,1
1,4.29E-14,9.59E-15,1,1,1
1,9.23E-12,7.43E-14,1,1,1
0.999982476,1.74E-05,1.37E-07,1,1,1
1,6.04E-18,1.77E-17,1,1,1
1,2.34E-09,1.99E-10,1,1,1
1,1.18E-09,2.37E-10,1,1,1
1,8.75E-11,6.72E-11,1,1,1
1,1.30E-11,5.78E-12,1,1,1
1,7.00E-13,7.16E-13,1,1,1
1,4.31E-15,1.64E-14,1,1,1
1,1.23E-15,1.45E-14,1,1,1
1,9.45E-17,9.70E-16,1,1,1
1,1.80E-15,1.36E-14,1,1,1
1,3.71E-22,1.80E-20,1,1,1
1,1.87E-18,3.41E-17,1,1,1
1,4.99E-23,5.85E-21,1,1,1
1,3.82E-32,2.70E-27,1,1,1
1,5.05E-30,8.64E-26,1,1,1
1,5.82E-18,4.34E-16,1,1,1
1,1.57E-19,5.76E-17,1,1,1
1,2.69E-20,2.74E-17,1,1,1
1,1.07E-09,1.11E-09,1,1,1
0.999996662,2.86E-06,4.80E-07,1,1,1
1,1.35E-08,8.09E-09,1,1,1
0.999999046,7.08E-07,2.46E-07,1,1,1
1,1.59E-10,8.93E-10,1,1,1
1,9.37E-14,1.20E-12,1,1,1
1,5.92E-14,2.99E-13,1,1,1
1,1.10E-10,8.11E-11,1,1,1
0.999999881,9.62E-08,1.76E-08,1,1,1
0.999999881,6.88E-08,6.22E-09,1,1,1
0.999994278,5.47E-06,1.83E-07,1,1,1
0.999937773,6.18E-05,4.82E-07,1,1,1
0.999986887,1.31E-05,4.46E-08,1,1,1
0.999997616,2.37E-06,2.68E-09,1,1,1
0.999992013,7.98E-06,9.80E-09,1,1,1
0.996637225,0.003362017,7.61E-07,1,1,1
2.13E-05,0.999978065,5.62E-07,2,2,1
2.62E-05,0.999973655,9.36E-08,2,2,1
8.61E-09,1,1.36E-08,2,2,1
3.10E-10,1,2.72E-09,2,2,1
2.84E-12,1,2.72E-10,2,2,1
1.77E-17,1,7.26E-14,2,2,1
3.67E-16,1,3.34E-13,2,2,1
1.49E-13,1,1.29E-11,2,2,1
1.35E-16,1,3.46E-13,2,2,1
1.12E-15,1,1.04E-12,2,2,1
2.31E-19,1,1.08E-14,2,2,1
4.01E-19,1,1.51E-14,2,2,1
7.21E-20,1,2.61E-15,2,2,1
1.67E-19,1,7.56E-15,2,2,1
8.48E-17,1,2.39E-13,2,2,1
2.09E-10,1,4.22E-10,2,2,1
1.59E-11,1,2.46E-10,2,2,1
6.26E-20,1,2.49E-15,2,2,1
3.14E-19,1,6.22E-15,2,2,1
6.44E-19,1,4.77E-14,2,2,1
1.98E-18,1,1.16E-13,2,2,1
2.02E-16,1,7.17E-13,2,2,1
8.87E-18,1,1.27E-13,2,2,1
4.96E-23,1,4.67E-17,2,2,1
2.42E-20,1,4.26E-15,2,2,1
1.75E-21,1,1.50E-15,2,2,1
1.27E-21,1,6.13E-16,2,2,1
1.63E-17,1,1.33E-13,2,2,1
2.27E-15,1,1.27E-12,2,2,1
3.89E-18,1,5.20E-14,2,2,1
9.32E-16,1,1.31E-12,2,2,1
1.96E-13,1,1.94E-11,2,2,1
1.42E-12,1,1.46E-10,2,2,1
1.93E-13,1,4.37E-11,2,2,1
9.43E-09,1,1.34E-08,2,2,1
4.56E-09,1,2.78E-08,2,2,1
3.39E-11,1,4.35E-10,2,2,1
2.61E-13,1,1.03E-11,2,2,1
2.54E-12,1,2.11E-11,2,2,1
7.05E-11,1,1.56E-10,2,2,1
2.59E-17,1,5.43E-14,2,2,1
9.39E-22,1,1.73E-16,2,2,1
4.51E-16,1,5.15E-13,2,2,1
7.21E-15,1,1.57E-12,2,2,1
5.94E-19,1,1.07E-14,2,2,1
9.62E-16,1,1.44E-13,2,2,1
4.94E-16,1,7.10E-13,2,2,1
1.89E-14,1,2.50E-12,2,2,1
7.15E-16,1,9.98E-13,2,2,1
4.35E-15,1,2.05E-12,2,2,1
3.28E-14,1,1.04E-11,2,2,1
2.58E-12,1,1.07E-10,2,2,1
8.35E-15,1,3.16E-12,2,2,1
1.22E-16,1,6.31E-13,2,2,1
3.81E-19,1,3.43E-14,2,2,1
1.09E-16,1,1.03E-12,2,2,1
2.99E-19,1,3.34E-14,2,2,1
2.41E-17,1,2.23E-13,2,2,1
5.77E-19,1,2.32E-14,2,2,1
6.58E-15,1,5.40E-12,2,2,1
1.10E-18,1,2.76E-14,2,2,1
1.66E-21,1,1.15E-15,2,2,1
1.40E-19,1,3.02E-14,2,2,1
1.30E-17,1,2.67E-13,2,2,1
2.31E-22,1,2.30E-16,2,2,1
1.36E-17,1,1.34E-13,2,2,1
2.36E-20,1,5.35E-15,2,2,1
1.36E-18,1,1.72E-14,2,2,1
7.87E-19,1,5.30E-14,2,2,1
2.29E-14,1,6.38E-12,2,2,1
3.92E-20,1,4.05E-15,2,2,1
8.86E-18,1,1.24E-13,2,2,1
1.13E-15,1,1.15E-12,2,2,1
2.20E-14,1,9.06E-12,2,2,1
1.06E-16,1,5.12E-13,2,2,1
9.74E-19,1,4.74E-14,2,2,1
4.90E-18,1,7.74E-14,2,2,1
4.52E-17,1,1.79E-13,2,2,1
8.99E-18,1,6.04E-14,2,2,1
1.23E-14,1,5.55E-12,2,2,1
9.75E-17,1,2.10E-13,2,2,1
3.95E-12,1,1.17E-10,2,2,1
2.25E-17,1,7.16E-14,2,2,1
1.32E-12,1,4.60E-11,2,2,1
1.98E-14,1,5.85E-12,2,2,1
1.71E-11,1,2.15E-10,2,2,1
8.06E-12,1,7.66E-11,2,2,1
2.13E-14,1,7.19E-12,2,2,1
4.78E-16,1,5.75E-13,2,2,1
9.36E-17,1,1.94E-13,2,2,1
4.04E-13,1,5.21E-11,2,2,1
8.42E-13,1,1.03E-10,2,2,1
1.91E-06,0.999997616,5.19E-07,2,2,1
1.83E-09,1,5.51E-09,2,2,1
1.68E-08,1,2.96E-08,2,2,1
3.02E-07,0.999999523,1.50E-07,2,2,1
0.98188144,0.01793588,0.000182744,1,1,1
0.999920487,7.86E-05,9.05E-07,1,1,1
1,8.15E-10,3.39E-11,1,1,1
1,2.21E-10,4.53E-12,1,1,1
1,4.19E-11,5.02E-13,1,1,1
1,3.08E-23,1.45E-22,1,1,1
1,1.75E-09,4.71E-11,1,1,1
1,9.68E-09,3.22E-10,1,1,1
1,7.26E-10,6.04E-11,1,1,1
1,1.65E-14,1.25E-14,1,1,1
0.99996078,3.79E-05,1.37E-06,1,1,1
0.999999881,6.27E-08,9.26E-09,1,1,1
0.999999881,8.24E-08,5.84E-09,1,1,1
1,1.42E-14,5.72E-14,1,1,1
1,1.56E-14,1.84E-14,1,1,1
1,1.40E-14,6.70E-14,1,1,1
1,2.66E-14,1.88E-13,1,1,1
1,1.86E-19,2.16E-18,1,1,1
1,9.50E-24,2.41E-21,1,1,1
1,4.76E-21,5.79E-19,1,1,1
1,1.23E-19,7.12E-18,1,1,1
1,1.00E-16,6.97E-16,1,1,1
1,4.39E-25,4.44E-22,1,1,1
1,2.47E-26,9.41E-23,1,1,1
1,5.26E-26,1.84E-22,1,1,1
1,8.46E-21,2.49E-18,1,1,1
1,1.47E-25,1.68E-21,1,1,1
1,1.39E-10,4.40E-10,1,1,1
0.999999762,1.71E-07,6.60E-08,1,1,1
1,5.81E-12,3.28E-11,1,1,1
1,2.68E-09,2.63E-09,1,1,1
1,1.23E-17,7.72E-16,1,1,1
1,1.04E-15,3.02E-14,1,1,1
1,3.27E-14,1.76E-13,1,1,1
1,1.19E-11,2.56E-11,1,1,1
1,1.56E-10,8.92E-11,1,1,1
0.999999762,2.94E-07,3.12E-08,1,1,1
0.99998033,1.90E-05,6.90E-07,1,1,1
1,5.41E-08,2.62E-09,1,1,1
0.999999881,1.03E-07,6.83E-09,1,1,1
0.999998927,1.02E-06,8.79E-09,1,1,1
1,3.82E-09,8.80E-11,1,1,1
0.974295497,0.025692992,1.15E-05,1,1,1
0.605164886,0.394786716,4.84E-05,1,1,1
0.928344071,0.071652494,3.43E-06,1,2,0
8.28E-05,0.999910474,6.64E-06,2,2,1
0.000108718,0.999888182,3.12E-06,2,2,1
4.83E-08,0.999999881,8.93E-08,2,2,1
4.19E-11,1,8.87E-10,2,2,1
1.10E-10,1,3.89E-10,2,2,1
5.55E-15,1,1.92E-12,2,2,1
4.20E-14,1,3.87E-11,2,2,1
9.17E-16,1,6.38E-12,2,2,1
2.84E-14,1,1.24E-11,2,2,1
2.11E-15,1,2.13E-12,2,2,1
5.39E-15,1,4.14E-12,2,2,1
5.32E-13,1,3.10E-11,2,2,1
5.30E-15,1,3.57E-12,2,2,1
2.16E-07,0.999999642,1.10E-07,2,2,1
6.66E-09,1,8.63E-09,2,2,1
1.14E-12,1,9.98E-12,2,2,1
3.54E-08,1,1.62E-08,2,2,1
2.40E-12,1,1.67E-10,2,2,1
3.91E-20,1,7.60E-15,2,2,1
2.85E-14,1,9.38E-12,2,2,1
2.52E-17,1,1.48E-13,2,2,1
3.17E-23,1,8.31E-17,2,2,1
2.05E-21,1,1.77E-15,2,2,1
1.54E-20,1,6.99E-15,2,2,1
1.93E-19,1,6.91E-15,2,2,1
3.55E-20,1,1.71E-15,2,2,1
1.50E-19,1,7.01E-15,2,2,1
1.43E-15,1,1.45E-12,2,2,1
1.52E-15,1,1.75E-12,2,2,1
8.91E-13,1,1.18E-10,2,2,1
6.74E-14,1,2.06E-11,2,2,1
2.04E-12,1,1.95E-10,2,2,1
1.17E-11,1,6.64E-10,2,2,1
1.16E-12,1,2.28E-10,2,2,1
4.52E-10,1,2.41E-09,2,2,1
2.33E-11,1,5.82E-11,2,2,1
1.71E-10,1,5.57E-10,2,2,1
1.72E-08,1,7.83E-09,2,2,1
7.71E-15,1,1.50E-12,2,2,1
3.06E-21,1,2.20E-16,2,2,1
1.41E-18,1,3.44E-14,2,2,1
2.86E-16,1,1.72E-13,2,2,1
6.47E-15,1,1.48E-12,2,2,1
2.06E-15,1,3.14E-12,2,2,1
1.11E-16,1,1.99E-13,2,2,1
1.07E-15,1,1.15E-12,2,2,1
3.93E-11,1,1.16E-09,2,2,1
2.59E-08,1,2.89E-08,2,2,1
2.72E-13,1,2.24E-11,2,2,1
1.27E-10,1,1.02E-09,2,2,1
3.24E-13,1,7.95E-11,2,2,1
3.68E-16,1,2.91E-12,2,2,1
2.18E-13,1,9.14E-11,2,2,1
4.46E-19,1,2.69E-14,2,2,1
3.97E-14,1,1.30E-11,2,2,1
2.94E-18,1,7.10E-14,2,2,1
8.09E-15,1,6.98E-12,2,2,1
5.03E-19,1,2.83E-14,2,2,1
2.04E-19,1,1.19E-14,2,2,1
1.60E-22,1,5.87E-16,2,2,1
6.97E-19,1,3.95E-14,2,2,1
1.46E-21,1,2.00E-15,2,2,1
1.21E-18,1,3.38E-14,2,2,1
4.29E-18,1,5.36E-14,2,2,1
8.19E-18,1,1.45E-13,2,2,1
5.43E-13,1,5.94E-11,2,2,1
1.95E-17,1,8.26E-14,2,2,1
2.29E-18,1,4.77E-14,2,2,1
3.22E-18,1,1.00E-14,2,2,1
1.34E-17,1,1.76E-13,2,2,1
8.42E-18,1,7.95E-14,2,2,1
4.17E-18,1,1.16E-13,2,2,1
7.00E-18,1,1.05E-13,2,2,1
2.39E-17,1,1.67E-13,2,2,1
5.48E-15,1,2.54E-12,2,2,1
1.71E-16,1,2.52E-13,2,2,1
1.88E-19,1,5.44E-15,2,2,1
4.06E-17,1,1.95E-13,2,2,1
7.05E-17,1,1.48E-13,2,2,1
1.38E-14,1,5.20E-12,2,2,1
5.78E-14,1,4.80E-12,2,2,1
1.56E-12,1,8.40E-11,2,2,1
1.50E-12,1,7.40E-11,2,2,1
4.51E-11,1,3.29E-10,2,2,1
8.23E-17,1,3.49E-13,2,2,1
3.24E-19,1,5.54E-15,2,2,1
5.63E-17,1,1.93E-13,2,2,1
1.31E-11,1,3.31E-10,2,2,1
6.33E-16,1,1.30E-12,2,2,1
2.18E-08,1,5.08E-08,2,2,1
0.000898128,0.999078512,2.34E-05,2,2,1
0.00018764,0.999806583,5.89E-06,2,2,1
4.81E-06,0.999994397,8.27E-07,2,2,1
5.67E-05,0.999939322,3.96E-06,2,2,1
0.945828617,0.053998567,0.000172794,1,1,1
0.995196044,0.004793189,1.08E-05,1,1,1
0.999183595,0.000815387,9.02E-07,1,1,1
1,9.98E-09,3.56E-11,1,1,1
1,2.12E-12,2.16E-14,1,1,1
1,3.94E-16,3.34E-17,1,1,1
1,2.44E-11,2.50E-12,1,1,1
1,9.26E-10,6.06E-11,1,1,1
0.999983788,1.53E-05,9.96E-07,1,1,1
0.999999762,2.19E-07,1.16E-08,1,1,1
0.999998212,1.69E-06,1.13E-07,1,1,1
1,5.07E-09,1.45E-09,1,1,1
1,2.04E-08,4.36E-09,1,1,1
1,1.13E-11,5.28E-12,1,1,1
1,2.84E-10,1.09E-10,1,1,1
1,2.25E-12,2.12E-12,1,1,1
1,2.21E-12,1.48E-12,1,1,1
1,6.07E-13,4.97E-13,1,1,1
1,1.18E-17,7.82E-17,1,1,1
1,4.99E-14,2.18E-13,1,1,1
1,4.47E-15,3.24E-14,1,1,1
1,5.76E-18,1.56E-16,1,1,1
1,4.89E-17,9.08E-16,1,1,1
1,1.70E-25,6.83E-22,1,1,1
1,3.52E-29,7.78E-25,1,1,1
1,5.22E-22,2.36E-19,1,1,1
1,2.77E-18,2.47E-16,1,1,1
1,4.26E-16,2.13E-14,1,1,1
1,8.15E-20,3.57E-17,1,1,1
1,7.67E-20,1.46E-17,1,1,1
1,6.90E-18,3.95E-16,1,1,1
1,5.97E-26,2.96E-22,1,1,1
1,8.63E-27,2.41E-23,1,1,1
1,1.95E-28,1.42E-24,1,1,1
1,3.69E-13,1.04E-12,1,1,1
1,1.52E-11,2.37E-11,1,1,1
1,1.01E-14,6.96E-14,1,1,1
1,6.75E-13,2.14E-12,1,1,1
1,2.09E-11,4.58E-12,1,1,1
1,7.83E-09,4.81E-10,1,1,1
0.999999881,1.40E-07,5.68E-09,1,1,1
0.999999881,1.04E-07,3.29E-09,1,1,1
0.999996662,3.29E-06,3.09E-08,1,1,1
0.999997854,2.17E-06,5.78E-08,1,1,1
0.999978542,2.14E-05,6.68E-09,1,1,1
0.101806931,0.898028493,0.000164554,2,2,1
0.129651979,0.870332658,1.54E-05,2,2,1
0.626760423,0.373236656,2.91E-06,1,2,0
6.38E-05,0.999934196,1.92E-06,2,2,1
6.84E-07,0.999999166,8.92E-08,2,2,1
1.74E-08,1,4.96E-09,2,2,1
2.22E-11,1,1.71E-09,2,2,1
7.58E-10,1,1.49E-08,2,2,1
2.49E-11,1,8.01E-09,2,2,1
3.84E-12,1,1.99E-10,2,2,1
8.04E-13,1,1.39E-10,2,2,1
2.90E-09,1,3.14E-09,2,2,1
3.25E-09,1,4.29E-09,2,2,1
1.26E-06,0.999998569,1.10E-07,2,2,1
2.00E-10,1,6.67E-10,2,2,1
5.95E-13,1,1.44E-11,2,2,1
1.71E-10,1,4.92E-10,2,2,1
3.56E-08,1,1.62E-08,2,2,1
1.09E-11,1,9.99E-11,2,2,1
9.70E-12,1,4.32E-10,2,2,1
2.65E-15,1,2.39E-12,2,2,1
2.75E-16,1,8.58E-13,2,2,1
1.20E-20,1,6.36E-15,2,2,1
1.08E-15,1,2.39E-12,2,2,1
8.05E-19,1,6.50E-15,2,2,1
2.54E-18,1,3.28E-14,2,2,1
2.34E-16,1,4.41E-13,2,2,1
1.26E-13,1,1.14E-11,2,2,1
3.74E-14,1,6.44E-12,2,2,1
8.75E-13,1,7.79E-11,2,2,1
1.76E-10,1,9.25E-10,2,2,1
4.92E-11,1,1.57E-09,2,2,1
1.60E-10,1,2.75E-09,2,2,1
5.95E-10,1,4.53E-09,2,2,1
2.64E-10,1,2.37E-09,2,2,1
2.57E-11,1,1.05E-10,2,2,1
4.68E-12,1,7.13E-11,2,2,1
1.39E-15,1,7.08E-13,2,2,1
4.69E-16,1,4.51E-13,2,2,1
1.49E-19,1,7.22E-15,2,2,1
1.41E-19,1,6.98E-15,2,2,1
2.48E-16,1,2.44E-13,2,2,1
1.03E-15,1,1.45E-12,2,2,1
9.44E-10,1,3.65E-09,2,2,1
1.19E-13,1,1.64E-11,2,2,1
4.36E-16,1,3.63E-13,2,2,1
2.22E-16,1,1.03E-12,2,2,1
3.07E-16,1,1.40E-12,2,2,1
4.01E-12,1,1.90E-10,2,2,1
2.43E-07,0.999999642,8.10E-08,2,2,1
9.78E-12,1,3.85E-10,2,2,1
8.80E-15,1,1.20E-11,2,2,1
1.93E-15,1,4.36E-12,2,2,1
4.98E-19,1,2.78E-14,2,2,1
7.57E-21,1,2.90E-15,2,2,1
3.28E-18,1,8.57E-14,2,2,1
8.72E-13,1,6.06E-11,2,2,1
3.60E-15,1,3.44E-12,2,2,1
4.30E-19,1,3.94E-14,2,2,1
3.16E-20,1,7.29E-15,2,2,1
4.23E-17,1,3.17E-13,2,2,1
3.96E-17,1,5.65E-13,2,2,1
3.73E-16,1,1.50E-12,2,2,1
1.97E-19,1,1.88E-14,2,2,1
4.30E-16,1,1.95E-12,2,2,1
1.39E-15,1,5.29E-12,2,2,1
6.49E-15,1,4.70E-13,2,2,1
1.86E-19,1,1.85E-14,2,2,1
4.94E-21,1,1.08E-15,2,2,1
2.50E-10,1,1.31E-09,2,2,1
3.43E-17,1,2.29E-13,2,2,1
9.25E-19,1,2.75E-14,2,2,1
1.04E-19,1,1.31E-14,2,2,1
3.84E-20,1,2.66E-15,2,2,1
1.24E-18,1,3.80E-14,2,2,1
1.67E-19,1,8.35E-15,2,2,1
5.40E-21,1,1.15E-15,2,2,1
1.05E-14,1,4.53E-12,2,2,1
1.80E-17,1,1.03E-13,2,2,1
5.19E-17,1,2.86E-13,2,2,1
4.58E-18,1,4.87E-14,2,2,1
4.25E-14,1,7.06E-12,2,2,1
5.22E-13,1,2.28E-11,2,2,1
1.07E-13,1,9.16E-12,2,2,1
5.74E-15,1,1.74E-12,2,2,1
2.26E-16,1,2.82E-13,2,2,1
1.59E-08,1,2.05E-08,2,2,1
1.77E-11,1,3.68E-10,2,2,1
3.36E-14,1,8.43E-12,2,2,1
2.52E-09,1,8.73E-09,2,2,1
1.12E-12,1,7.92E-11,2,2,1
2.52E-05,0.99997282,1.88E-06,2,2,1
6.46E-07,0.999999166,2.11E-07,2,2,1
3.98E-07,0.999999404,2.35E-07,2,2,1
0.001462227,0.998535633,2.13E-06,2,2,1
0.838877678,0.161061659,6.07E-05,1,1,1
0.99900347,0.000993515,2.96E-06,1,1,1
0.999999523,4.29E-07,1.08E-09,1,1,1
0.999999881,8.59E-08,4.60E-11,1,1,1
1,1.16E-11,3.13E-14,1,1,1
1,2.65E-12,4.31E-13,1,1,1
0.999999285,7.17E-07,8.13E-09,1,1,1
1,1.76E-09,9.49E-11,1,1,1
0.999999166,8.41E-07,4.13E-08,1,1,1
0.999999881,8.72E-08,5.00E-09,1,1,1
1,7.78E-09,1.12E-09,1,1,1
1,3.84E-10,9.47E-11,1,1,1
1,7.88E-12,2.31E-11,1,1,1
1,3.59E-13,7.54E-13,1,1,1
1,2.91E-14,9.31E-14,1,1,1
1,1.03E-17,2.58E-16,1,1,1
1,1.98E-11,1.31E-11,1,1,1
1,5.52E-15,1.95E-14,1,1,1
1,3.83E-18,5.81E-17,1,1,1
1,2.20E-16,2.50E-15,1,1,1
1,8.59E-20,6.98E-18,1,1,1
1,3.28E-23,1.40E-20,1,1,1
1,4.70E-23,5.78E-20,1,1,1
1,1.09E-20,8.87E-19,1,1,1
1,5.08E-18,2.07E-16,1,1,1
1,1.26E-26,4.31E-23,1,1,1
1,1.77E-25,2.39E-22,1,1,1
1,3.31E-30,4.94E-26,1,1,1
1,1.59E-23,1.18E-20,1,1,1
1,3.85E-18,8.37E-17,1,1,1
1,2.02E-22,1.33E-19,1,1,1
1,2.24E-28,2.14E-24,1,1,1
1,5.06E-24,9.14E-21,1,1,1
1,6.95E-21,1.69E-18,1,1,1
1,7.81E-21,1.10E-18,1,1,1
1,4.27E-18,8.33E-17,1,1,1
1,2.82E-18,5.21E-17,1,1,1
1,4.91E-17,7.68E-16,1,1,1
1,3.20E-13,1.53E-13,1,1,1
0.999979258,1.98E-05,9.49E-07,1,1,1
0.999999881,9.34E-08,6.47E-09,1,1,1
1,7.04E-12,9.60E-13,1,1,1
0.999996901,3.04E-06,2.51E-08,1,1,1
1,6.20E-10,4.50E-11,1,1,1
1,3.52E-08,4.43E-10,1,1,1
0.999806464,0.00019339,1.43E-07,1,1,1
0.992221296,0.007776092,2.60E-06,1,1,1
0.971866667,0.028132826,5.12E-07,1,1,1
0.024254929,0.975742757,2.35E-06,2,2,1
0.000129341,0.99987042,2.97E-07,2,2,1
0.00012265,0.999876261,1.11E-06,2,2,1
2.12E-06,0.999997854,4.80E-08,2,2,1
7.11E-05,0.999928832,8.98E-08,2,2,1
4.21E-07,0.999998927,6.54E-07,2,2,1
9.86E-08,0.999999881,3.47E-08,2,2,1
2.05E-05,0.999979138,3.48E-07,2,2,1
6.56E-07,0.999999285,5.16E-08,2,2,1
4.95E-07,0.999999523,5.41E-08,2,2,1
1.95E-07,0.999999762,5.24E-08,2,2,1
4.97E-08,1,4.31E-09,2,2,1
1.01E-08,1,3.05E-09,2,2,1
1.06E-08,1,4.74E-09,2,2,1
2.71E-06,0.99999702,2.02E-07,2,2,1
5.64E-10,1,2.16E-09,2,2,1
7.05E-12,1,1.55E-10,2,2,1
1.80E-09,1,6.64E-09,2,2,1
2.61E-14,1,7.35E-12,2,2,1
2.00E-10,1,1.98E-08,2,2,1
2.06E-10,1,1.02E-09,2,2,1
7.80E-12,1,1.14E-10,2,2,1
2.39E-10,1,4.31E-10,2,2,1
7.44E-10,1,2.96E-09,2,2,1
1.60E-11,1,4.04E-10,2,2,1
9.42E-14,1,4.77E-11,2,2,1
6.17E-16,1,1.43E-12,2,2,1
4.50E-13,1,8.09E-11,2,2,1
7.06E-14,1,2.45E-11,2,2,1
1.08E-09,1,1.35E-08,2,2,1
6.49E-12,1,6.89E-10,2,2,1
2.45E-08,1,1.39E-08,2,2,1
3.33E-09,1,1.66E-09,2,2,1
1.62E-13,1,1.52E-11,2,2,1
4.99E-19,1,5.21E-15,2,2,1
9.68E-16,1,8.59E-13,2,2,1
4.93E-20,1,1.62E-15,2,2,1
8.14E-22,1,5.11E-16,2,2,1
5.46E-15,1,2.45E-12,2,2,1
7.66E-14,1,9.75E-12,2,2,1
5.23E-13,1,1.24E-11,2,2,1
2.79E-13,1,4.21E-11,2,2,1
3.08E-13,1,1.32E-11,2,2,1
3.91E-17,1,2.43E-13,2,2,1
5.53E-14,1,2.17E-11,2,2,1
3.21E-11,1,8.83E-10,2,2,1
1.32E-07,0.999999762,7.19E-08,2,2,1
3.93E-08,1,2.89E-08,2,2,1
1.46E-15,1,3.70E-12,2,2,1
1.54E-13,1,3.75E-11,2,2,1
6.70E-16,1,1.66E-12,2,2,1
4.14E-20,1,8.26E-15,2,2,1
4.21E-18,1,2.20E-13,2,2,1
6.15E-09,1,1.02E-08,2,2,1
1.54E-12,1,8.99E-11,2,2,1
4.49E-18,1,1.42E-13,2,2,1
8.98E-22,1,1.08E-15,2,2,1
8.84E-18,1,1.14E-13,2,2,1
3.73E-15,1,5.79E-12,2,2,1
4.30E-16,1,1.51E-12,2,2,1
1.04E-17,1,3.52E-13,2,2,1
3.93E-14,1,9.61E-12,2,2,1
1.38E-10,1,1.78E-09,2,2,1
3.04E-14,1,2.48E-12,2,2,1
7.60E-18,1,3.67E-13,2,2,1
4.58E-16,1,5.24E-13,2,2,1
2.82E-14,1,9.91E-12,2,2,1
5.37E-19,1,1.72E-15,2,2,1
4.01E-19,1,2.22E-14,2,2,1
9.60E-20,1,8.97E-15,2,2,1
5.43E-17,1,2.38E-13,2,2,1
1.20E-14,1,5.08E-12,2,2,1
1.65E-18,1,2.80E-14,2,2,1
2.12E-18,1,6.11E-14,2,2,1
3.38E-16,1,1.08E-12,2,2,1
5.04E-17,1,1.43E-13,2,2,1
1.71E-18,1,2.51E-14,2,2,1
5.46E-16,1,2.69E-13,2,2,1
1.01E-15,1,1.11E-12,2,2,1
8.67E-16,1,9.39E-13,2,2,1
3.37E-17,1,8.88E-14,2,2,1
1.07E-11,1,1.74E-10,2,2,1
4.01E-12,1,1.28E-10,2,2,1
1.54E-12,1,9.34E-11,2,2,1
2.75E-11,1,5.18E-10,2,2,1
2.31E-11,1,5.15E-10,2,2,1
1.29E-11,1,2.59E-10,2,2,1
8.84E-11,1,1.32E-09,2,2,1
8.03E-08,0.999999881,3.20E-08,2,2,1
3.84E-06,0.99999547,7.55E-07,2,2,1
0.003020955,0.996976733,2.40E-06,2,2,1
0.996562302,0.003433894,3.76E-06,1,1,1
0.991491497,0.008498892,9.63E-06,1,1,1
0.999999762,1.80E-07,9.50E-11,1,1,1
1,8.70E-10,1.32E-12,1,1,1
1,5.09E-17,4.94E-18,1,1,1
1,1.14E-13,4.58E-15,1,1,1
1,2.26E-08,2.00E-10,1,1,1
1,3.63E-10,7.01E-12,1,1,1
0.999999642,3.78E-07,1.37E-08,1,1,1
0.999999404,5.43E-07,1.94E-08,1,1,1
0.999982715,1.67E-05,6.15E-07,1,1,1
1,1.64E-08,2.71E-09,1,1,1
1,1.98E-11,1.61E-11,1,1,1
1,6.89E-13,1.77E-12,1,1,1
1,1.85E-14,1.07E-13,1,1,1
1,4.68E-12,4.54E-12,1,1,1
1,2.23E-16,2.00E-15,1,1,1
1,3.32E-18,5.37E-17,1,1,1
1,3.80E-18,1.35E-16,1,1,1
1,4.03E-19,2.99E-18,1,1,1
1,1.28E-31,8.09E-28,1,1,1
1,2.15E-20,3.71E-18,1,1,1
1,5.84E-25,5.34E-22,1,1,1
1,1.41E-28,7.39E-25,1,1,1
1,7.40E-26,1.42E-22,1,1,1
1,9.79E-22,1.49E-19,1,1,1
1,6.81E-23,1.09E-20,1,1,1
1,9.66E-24,3.99E-21,1,1,1
1,5.68E-25,3.52E-22,1,1,1
1,1.21E-30,1.64E-26,1,1,1
1,2.08E-29,1.48E-25,1,1,1
1,5.27E-30,5.64E-26,1,1,1
1,2.04E-21,6.43E-19,1,1,1
1,3.91E-24,4.72E-21,1,1,1
1,2.27E-16,2.73E-15,1,1,1
1,3.31E-18,1.18E-16,1,1,1
1,2.67E-21,2.18E-19,1,1,1
1,3.47E-18,5.39E-17,1,1,1
1,1.67E-15,3.16E-15,1,1,1
1,4.70E-12,7.73E-12,1,1,1
1,3.84E-10,1.15E-10,1,1,1
1,2.35E-10,4.92E-11,1,1,1
1,2.93E-11,5.90E-12,1,1,1
1,4.85E-10,7.22E-11,1,1,1
0.999914169,8.54E-05,4.84E-07,1,1,1
0.999996185,3.83E-06,1.21E-08,1,1,1
0.999998331,1.66E-06,5.68E-09,1,1,1
0.417742312,0.582156718,0.000100976,2,2,1
0.990916908,0.009082028,1.06E-06,1,1,1
0.001336187,0.998660564,3.24E-06,2,2,1
0.036237393,0.963707685,5.49E-05,2,2,1
0.000693021,0.999305964,1.00E-06,2,2,1
0.000372657,0.999626756,5.58E-07,2,2,1
1.26E-06,0.999998331,3.65E-07,2,2,1
0.001157387,0.998835266,7.33E-06,2,2,1
0.000135343,0.999863505,1.22E-06,2,2,1
3.41E-07,0.999999523,8.01E-08,2,2,1
2.31E-07,0.999999762,3.76E-08,2,2,1
1.87E-06,0.999997854,1.91E-07,2,2,1
1.98E-07,0.999999642,6.02E-08,2,2,1
1.06E-07,0.999999881,1.24E-08,2,2,1
5.85E-07,0.999999285,7.62E-08,2,2,1
1.19E-07,0.999999881,1.75E-08,2,2,1
8.62E-06,0.99999094,5.29E-07,2,2,1
5.89E-08,1,2.71E-08,2,2,1
2.54E-08,1,9.07E-09,2,2,1
1.76E-09,1,3.67E-09,2,2,1
1.44E-07,0.999999762,1.67E-07,2,2,1
9.06E-07,0.999998689,3.09E-07,2,2,1
2.91E-08,1,3.48E-08,2,2,1
2.25E-09,1,1.80E-08,2,2,1
1.12E-08,1,1.01E-08,2,2,1
1.84E-09,1,4.19E-09,2,2,1
8.26E-13,1,2.39E-10,2,2,1
1.37E-13,1,1.85E-11,2,2,1
1.34E-12,1,2.64E-10,2,2,1
3.60E-10,1,4.71E-09,2,2,1
6.54E-09,1,3.43E-08,2,2,1
6.34E-07,0.999999285,1.42E-07,2,2,1
1.39E-08,1,1.36E-08,2,2,1
3.73E-11,1,6.04E-10,2,2,1
2.42E-14,1,1.16E-11,2,2,1
2.24E-18,1,3.10E-14,2,2,1
8.64E-14,1,1.29E-11,2,2,1
2.42E-22,1,4.48E-16,2,2,1
1.58E-20,1,2.66E-15,2,2,1
4.60E-08,1,2.17E-08,2,2,1
1.13E-15,1,6.70E-13,2,2,1
2.88E-14,1,4.96E-12,2,2,1
1.12E-15,1,4.10E-13,2,2,1
2.93E-11,1,3.19E-10,2,2,1
1.02E-13,1,2.84E-11,2,2,1
2.54E-08,1,4.46E-08,2,2,1
8.22E-09,1,2.10E-08,2,2,1
3.85E-11,1,3.44E-10,2,2,1
9.21E-15,1,1.68E-11,2,2,1
2.89E-11,1,4.79E-10,2,2,1
7.09E-15,1,2.07E-11,2,2,1
5.68E-17,1,5.61E-13,2,2,1
8.93E-20,1,6.03E-15,2,2,1
4.60E-15,1,5.27E-12,2,2,1
1.66E-14,1,9.49E-12,2,2,1
2.27E-12,1,1.16E-10,2,2,1
3.36E-11,1,7.59E-10,2,2,1
5.41E-20,1,1.87E-14,2,2,1
5.81E-16,1,2.29E-12,2,2,1
5.55E-14,1,3.10E-11,2,2,1
1.05E-17,1,1.74E-12,2,2,1
1.09E-12,1,1.09E-10,2,2,1
1.85E-09,1,6.55E-09,2,2,1
2.64E-09,1,1.28E-08,2,2,1
7.94E-13,1,9.74E-11,2,2,1
7.64E-16,1,1.86E-12,2,2,1
1.00E-04,0.999898314,1.68E-06,2,2,1
6.63E-14,1,1.78E-11,2,2,1
1.76E-15,1,1.78E-12,2,2,1
3.90E-16,1,1.13E-12,2,2,1
3.39E-15,1,2.37E-12,2,2,1
2.96E-17,1,2.53E-13,2,2,1
6.52E-20,1,6.56E-15,2,2,1
9.07E-16,1,1.44E-12,2,2,1
2.65E-18,1,4.83E-14,2,2,1
4.17E-14,1,5.93E-12,2,2,1
7.60E-13,1,4.93E-11,2,2,1
1.93E-17,1,1.19E-13,2,2,1
4.61E-12,1,1.44E-10,2,2,1
9.00E-08,0.999999881,3.71E-08,2,2,1
8.46E-13,1,4.61E-11,2,2,1
1.57E-12,1,5.08E-11,2,2,1
1.08E-17,1,5.05E-14,2,2,1
6.85E-19,1,9.66E-15,2,2,1
9.03E-15,1,2.80E-12,2,2,1
1.54E-15,1,8.95E-13,2,2,1
2.31E-14,1,6.52E-12,2,2,1
1.02E-11,1,3.94E-10,2,2,1
6.99E-05,0.999926805,3.30E-06,2,2,1
2.14E-11,1,4.68E-10,2,2,1
1.47E-06,0.999998093,4.63E-07,2,2,1
0.009368224,0.990614295,1.75E-05,2,2,1
0.998762608,0.001229992,7.39E-06,1,1,1
0.999999285,7.40E-07,2.81E-09,1,1,1
0.999998927,1.06E-06,4.69E-09,1,1,1
0.998351336,0.001645952,2.72E-06,1,1,1
1,1.08E-10,3.07E-12,1,1,1
1,5.30E-10,8.05E-12,1,1,1
0.999999523,4.24E-07,2.92E-09,1,1,1
0.999992728,7.28E-06,5.66E-08,1,1,1
0.999529243,0.00046817,2.65E-06,1,1,1
0.999983072,1.63E-05,6.53E-07,1,1,1
1,3.16E-10,9.94E-11,1,1,1
0.999998569,1.28E-06,1.24E-07,1,1,1
0.999999762,1.94E-07,3.47E-08,1,1,1
1,7.74E-14,2.69E-13,1,1,1
1,2.00E-14,5.86E-14,1,1,1
1,1.25E-10,1.13E-10,1,1,1
1,3.45E-11,8.91E-12,1,1,1
1,4.38E-16,2.69E-15,1,1,1
1,3.32E-16,2.12E-15,1,1,1
1,1.65E-22,1.98E-20,1,1,1
1,2.20E-22,4.97E-20,1,1,1
1,3.79E-15,3.48E-14,1,1,1
1,2.67E-17,5.01E-16,1,1,1
1,3.25E-28,1.40E-24,1,1,1
1,1.10E-34,1.29E-29,1,1,1
1,1.46E-31,1.04E-27,1,1,1
1,3.83E-22,6.59E-20,1,1,1
1,5.99E-22,1.55E-19,1,1,1
1,2.69E-26,3.32E-23,1,1,1
1,5.23E-24,9.87E-22,1,1,1
1,9.54E-23,1.22E-20,1,1,1
1,1.03E-26,2.05E-23,1,1,1
1,4.71E-30,5.07E-26,1,1,1
1,1.91E-29,2.41E-25,1,1,1
1,3.79E-18,1.51E-16,1,1,1
1,6.79E-19,2.51E-17,1,1,1
1,1.36E-21,2.53E-19,1,1,1
1,2.08E-17,3.42E-16,1,1,1
1,1.69E-17,1.75E-16,1,1,1
1,4.66E-14,1.71E-13,1,1,1
1,3.47E-17,7.84E-16,1,1,1
0.999999881,7.56E-08,2.04E-08,1,1,1
1,3.32E-11,4.29E-11,1,1,1
1,5.06E-16,1.08E-15,1,1,1
1,2.07E-08,1.30E-09,1,1,1
1,1.32E-11,5.90E-12,1,1,1
1,4.60E-11,8.12E-12,1,1,1
1,7.46E-10,2.28E-11,1,1,1
1,7.50E-11,1.56E-11,1,1,1
0.906692147,0.093280531,2.73E-05,1,1,1
0.100957252,0.89892596,0.000116772,2,2,1
0.054703686,0.945276976,1.94E-05,2,2,1
0.001324156,0.998674273,1.52E-06,2,2,1
1.14E-05,0.999986529,2.07E-06,2,2,1
6.63E-06,0.999993086,2.12E-07,2,2,1
2.78E-06,0.999996662,6.01E-07,2,2,1
3.06E-06,0.999996424,4.46E-07,2,2,1
2.05E-06,0.999996662,1.26E-06,2,2,1
2.03E-05,0.999971151,8.62E-06,2,2,1
8.88E-05,0.999896646,1.46E-05,2,2,1
1.53E-06,0.999997377,1.05E-06,2,2,1
1.00E-06,0.999998331,7.17E-07,2,2,1
3.06E-06,0.999991655,5.24E-06,2,2,1
9.81E-09,0.999999881,1.06E-07,2,2,1
3.93E-07,0.999999285,3.55E-07,2,2,1
1.19E-07,0.999999762,6.31E-08,2,2,1
5.96E-07,0.999999285,9.84E-08,2,2,1
3.24E-07,0.999999166,5.34E-07,2,2,1
1.87E-08,1,2.41E-08,2,2,1
5.16E-08,0.999999881,1.35E-07,2,2,1
4.93E-07,0.999999404,1.54E-07,2,2,1
1.72E-07,0.999999881,5.07E-08,2,2,1
2.97E-10,1,3.30E-09,2,2,1
5.02E-13,1,5.46E-11,2,2,1
2.91E-14,1,1.31E-11,2,2,1
8.52E-14,1,5.19E-11,2,2,1
1.91E-11,1,3.65E-09,2,2,1
2.30E-12,1,2.37E-09,2,2,1
6.22E-09,1,1.27E-08,2,2,1
1.77E-07,0.999999762,7.42E-08,2,2,1
6.09E-09,1,2.58E-08,2,2,1
5.66E-14,1,6.86E-12,2,2,1
5.36E-13,1,6.78E-11,2,2,1
1.48E-13,1,1.53E-11,2,2,1
7.95E-22,1,5.06E-16,2,2,1
1.35E-14,1,4.93E-12,2,2,1
6.59E-10,1,1.31E-09,2,2,1
1.74E-12,1,2.61E-11,2,2,1
1.57E-15,1,1.43E-12,2,2,1
8.04E-16,1,6.06E-13,2,2,1
6.32E-14,1,3.56E-11,2,2,1
1.24E-13,1,3.64E-11,2,2,1
2.74E-07,0.999999642,1.47E-07,2,2,1
2.68E-14,1,9.21E-12,2,2,1
2.35E-10,1,1.16E-09,2,2,1
4.37E-15,1,1.27E-11,2,2,1
1.33E-14,1,1.09E-11,2,2,1
4.15E-16,1,2.80E-12,2,2,1
3.24E-17,1,2.97E-13,2,2,1
5.27E-12,1,2.75E-10,2,2,1
3.82E-14,1,2.81E-11,2,2,1
1.92E-09,1,5.59E-09,2,2,1
5.69E-10,1,2.22E-09,2,2,1
3.22E-08,1,5.49E-08,2,2,1
1.85E-20,1,4.54E-15,2,2,1
3.14E-18,1,9.49E-14,2,2,1
3.33E-16,1,3.19E-12,2,2,1
3.98E-17,1,4.78E-13,2,2,1
2.34E-15,1,3.84E-11,2,2,1
3.58E-09,1,9.44E-09,2,2,1
1.42E-11,1,3.74E-10,2,2,1
2.17E-12,1,4.02E-10,2,2,1
6.87E-15,1,2.37E-11,2,2,1
3.98E-10,1,2.51E-09,2,2,1
9.19E-16,1,2.99E-12,2,2,1
4.24E-15,1,7.19E-12,2,2,1
1.57E-15,1,1.69E-12,2,2,1
5.58E-18,1,1.06E-13,2,2,1
1.01E-16,1,7.97E-13,2,2,1
2.33E-13,1,2.44E-11,2,2,1
2.31E-11,1,4.82E-10,2,2,1
3.72E-12,1,1.10E-10,2,2,1
1.81E-11,1,3.33E-10,2,2,1
2.80E-14,1,5.13E-12,2,2,1
3.35E-16,1,7.15E-13,2,2,1
1.09E-17,1,6.30E-14,2,2,1
1.33E-16,1,2.97E-13,2,2,1
9.50E-16,1,1.06E-12,2,2,1
6.86E-16,1,7.40E-13,2,2,1
5.01E-17,1,1.00E-13,2,2,1
2.48E-15,1,1.30E-12,2,2,1
1.26E-16,1,6.33E-13,2,2,1
5.07E-19,1,1.53E-14,2,2,1
8.00E-21,1,2.11E-15,2,2,1
4.45E-15,1,3.05E-12,2,2,1
2.43E-05,0.999973893,1.83E-06,2,2,1
0.000174752,0.999819696,5.61E-06,2,2,1
3.52E-05,0.999960423,4.46E-06,2,2,1
0.000324887,0.999674201,8.94E-07,2,2,1
0.007585444,0.992408037,6.45E-06,2,2,1
0.996293962,0.003701125,4.84E-06,1,1,1
1,5.47E-08,1.99E-09,1,1,1
1,3.79E-08,1.18E-09,1,1,1
0.999966621,3.34E-05,5.80E-08,1,1,1
1,1.90E-16,1.01E-16,1,1,1
0.999794304,0.000205185,4.23E-07,1,1,1
1,4.23E-11,4.58E-13,1,1,1
0.999992847,6.98E-06,7.18E-08,1,1,1
0.999652743,0.000346545,6.64E-07,1,1,1
0.999967694,3.15E-05,7.91E-07,1,1,1
1,3.02E-09,2.26E-10,1,1,1
1,9.04E-09,2.03E-09,1,1,1
1,1.66E-10,7.30E-11,1,1,1
1,1.04E-13,5.76E-13,1,1,1
1,2.25E-10,1.69E-10,1,1,1
1,4.03E-14,9.26E-14,1,1,1
1,1.59E-11,7.97E-12,1,1,1
1,4.66E-12,6.10E-12,1,1,1
1,6.12E-20,2.48E-18,1,1,1
1,1.93E-19,4.38E-18,1,1,1
1,2.23E-18,5.85E-18,1,1,1
1,1.20E-16,1.88E-15,1,1,1
1,6.45E-19,5.34E-17,1,1,1
1,3.30E-18,9.49E-17,1,1,1
1,3.66E-20,5.31E-19,1,1,1
1,1.24E-20,8.94E-19,1,1,1
1,7.61E-24,2.06E-21,1,1,1
1,3.65E-24,3.32E-21,1,1,1
1,1.74E-22,3.97E-20,1,1,1
1,1.07E-24,2.66E-22,1,1,1
1,4.48E-23,8.31E-21,1,1,1
1,9.78E-25,8.45E-22,1,1,1
1,1.38E-24,4.04E-22,1,1,1
1,1.38E-23,8.54E-21,1,1,1
1,1.93E-19,9.15E-18,1,1,1
1,3.86E-23,1.59E-20,1,1,1
1,5.23E-24,4.48E-21,1,1,1
1,2.27E-20,3.65E-18,1,1,1
1,2.28E-15,1.54E-14,1,1,1
1,9.50E-14,1.90E-13,1,1,1
1,6.58E-15,4.61E-14,1,1,1
1,9.14E-10,5.95E-10,1,1,1
1,1.17E-13,7.67E-13,1,1,1
1,7.57E-14,8.74E-13,1,1,1
1,2.65E-11,4.74E-11,1,1,1
0.999998689,1.13E-06,8.35E-08,1,1,1
1,4.33E-11,3.33E-11,1,1,1
1,5.12E-12,4.14E-12,1,1,1
0.999999881,9.62E-08,2.59E-08,1,1,1
0.999955893,4.40E-05,1.42E-07,1,1,1
0.073182836,0.92676115,5.60E-05,2,2,1
0.000423247,0.999572814,3.92E-06,2,2,1
0.001413037,0.998583674,3.36E-06,2,2,1
0.001230315,0.998761892,7.82E-06,2,2,1
0.003382013,0.996605039,1.30E-05,2,2,1
8.10E-06,0.999991179,7.51E-07,2,2,1
4.33E-07,0.999999285,2.77E-07,2,2,1
4.82E-06,0.999994278,9.21E-07,2,2,1
6.22E-06,0.999993205,5.84E-07,2,2,1
2.39E-06,0.999996185,1.43E-06,2,2,1
4.36E-07,0.999996185,3.29E-06,2,2,1
8.37E-06,0.999857306,0.000134292,2,2,1
1.01E-07,0.999999285,5.54E-07,2,2,1
4.21E-08,0.999999762,2.77E-07,2,2,1
3.19E-07,0.999996066,3.52E-06,2,2,1
2.11E-09,1,1.57E-08,2,2,1
4.46E-08,0.999999881,5.98E-08,2,2,1
2.91E-07,0.999999642,1.05E-07,2,2,1
1.67E-05,0.999981999,1.33E-06,2,2,1
1.07E-07,0.999999642,2.07E-07,2,2,1
1.28E-06,0.999998331,3.38E-07,2,2,1
3.12E-06,0.999994159,2.71E-06,2,2,1
6.19E-10,1,1.15E-08,2,2,1
1.75E-13,1,3.07E-11,2,2,1
2.18E-14,1,6.80E-12,2,2,1
2.45E-11,1,4.23E-09,2,2,1
1.07E-10,1,1.69E-08,2,2,1
6.32E-10,1,2.83E-08,2,2,1
3.84E-10,0.999999881,1.31E-07,2,2,1
6.47E-09,1,1.15E-08,2,2,1
5.75E-08,0.999999881,1.13E-07,2,2,1
1.59E-08,1,3.36E-08,2,2,1
3.21E-08,1,1.85E-08,2,2,1
7.76E-14,1,2.86E-11,2,2,1
2.80E-19,1,1.74E-14,2,2,1
4.34E-16,1,1.08E-12,2,2,1
3.84E-10,1,1.16E-09,2,2,1
1.73E-11,1,2.92E-10,2,2,1
1.51E-06,0.999998212,1.80E-07,2,2,1
8.08E-14,1,3.51E-11,2,2,1
1.17E-13,1,3.37E-11,2,2,1
2.97E-13,1,3.61E-11,2,2,1
2.41E-10,1,1.98E-09,2,2,1
2.29E-11,1,5.60E-10,2,2,1
3.79E-08,1,3.19E-08,2,2,1
1.02E-12,1,1.32E-10,2,2,1
7.29E-15,1,8.63E-12,2,2,1
4.61E-15,1,8.13E-12,2,2,1
4.94E-18,1,4.65E-13,2,2,1
2.09E-10,1,2.30E-09,2,2,1
2.19E-12,1,1.54E-10,2,2,1
3.72E-11,1,6.23E-10,2,2,1
6.34E-13,1,9.98E-11,2,2,1
6.60E-14,1,1.28E-11,2,2,1
7.07E-18,1,2.27E-13,2,2,1
4.23E-17,1,6.77E-13,2,2,1
1.59E-16,1,5.90E-12,2,2,1
5.93E-13,1,1.76E-10,2,2,1
3.99E-13,1,2.36E-09,2,2,1
6.30E-11,1,1.71E-08,2,2,1
1.13E-10,1,6.78E-09,2,2,1
2.02E-11,1,2.95E-08,2,2,1
1.12E-11,1,3.95E-09,2,2,1
2.02E-11,1,8.93E-10,2,2,1
2.90E-17,1,5.81E-13,2,2,1
8.47E-17,1,7.22E-13,2,2,1
9.87E-19,1,9.44E-14,2,2,1
3.21E-15,1,4.25E-12,2,2,1
5.38E-16,1,8.00E-13,2,2,1
2.89E-09,1,5.55E-09,2,2,1
1.64E-13,1,3.23E-11,2,2,1
7.72E-14,1,1.49E-11,2,2,1
4.55E-12,1,3.05E-10,2,2,1
5.56E-15,1,3.47E-12,2,2,1
3.95E-13,1,2.61E-11,2,2,1
5.60E-17,1,1.35E-13,2,2,1
1.22E-15,1,1.62E-12,2,2,1
7.97E-15,1,3.18E-12,2,2,1
5.71E-18,1,3.75E-14,2,2,1
6.08E-19,1,1.07E-14,2,2,1
7.00E-12,1,2.10E-10,2,2,1
1.04E-12,1,6.10E-11,2,2,1
3.25E-11,1,7.16E-10,2,2,1
1.22E-09,1,5.68E-09,2,2,1
4.71E-08,1,5.23E-08,2,2,1
0.998515069,0.001421724,6.32E-05,1,1,1
1.98E-06,0.999997377,5.72E-07,2,2,1
9.16E-06,0.999988556,2.27E-06,2,2,1
0.019604472,0.980331481,6.40E-05,2,2,1
0.014904389,0.98508805,7.51E-06,2,2,1
0.990651131,0.009295582,5.33E-05,1,1,1
0.99573487,0.004254533,1.07E-05,1,1,1
0.620570362,0.378896326,0.000533358,1,2,0
0.961463213,0.03843303,0.000103674,1,1,1
1,2.69E-09,2.66E-11,1,1,1
1,1.30E-09,9.75E-12,1,1,1
1,2.05E-08,4.23E-11,1,1,1
0.096501902,0.903010786,0.000487304,2,2,1
1,2.09E-11,8.10E-13,1,1,1
0.999999881,7.14E-08,1.28E-09,1,1,1
0.99999249,7.46E-06,4.38E-08,1,1,1
1,1.14E-11,1.03E-11,1,1,1
1,2.21E-11,3.26E-11,1,1,1
1,1.82E-10,1.15E-10,1,1,1
1,4.47E-16,8.48E-16,1,1,1
1,3.93E-14,3.60E-14,1,1,1
1,1.14E-19,5.47E-19,1,1,1
1,2.31E-14,3.37E-14,1,1,1
1,7.83E-13,2.10E-12,1,1,1
1,1.64E-17,2.68E-16,1,1,1
1,7.94E-18,1.13E-16,1,1,1
1,2.47E-18,3.37E-17,1,1,1
1,1.00E-16,1.26E-15,1,1,1
1,1.14E-14,3.03E-14,1,1,1
1,3.02E-17,6.93E-16,1,1,1
1,5.53E-20,3.11E-18,1,1,1
1,2.86E-25,6.92E-23,1,1,1
1,4.17E-23,2.50E-21,1,1,1
1,1.51E-24,6.03E-22,1,1,1
1,5.29E-30,8.81E-26,1,1,1
1,9.34E-26,1.14E-22,1,1,1
1,4.48E-21,3.97E-19,1,1,1
1,1.87E-19,4.30E-18,1,1,1
1,2.98E-13,8.68E-13,1,1,1
1,1.43E-21,3.48E-19,1,1,1
1,7.78E-20,3.89E-18,1,1,1
1,4.56E-21,6.28E-19,1,1,1
1,8.01E-17,4.66E-16,1,1,1
1,4.61E-11,3.64E-11,1,1,1
1,2.38E-14,1.43E-13,1,1,1
1,8.24E-15,9.79E-14,1,1,1
1,5.98E-17,5.68E-16,1,1,1
1,2.60E-09,9.27E-10,1,1,1
1,1.34E-12,3.22E-12,1,1,1
1,2.75E-13,1.39E-12,1,1,1
1,1.47E-12,8.74E-12,1,1,1
1,3.18E-10,6.44E-10,1,1,1
1,2.25E-08,1.75E-08,1,1,1
0.999994397,5.14E-06,4.35E-07,1,1,1
0.999994993,4.89E-06,7.64E-08,1,1,1
0.887137592,0.112826854,3.56E-05,1,1,1
0.11496722,0.885015965,1.68E-05,2,2,1
0.002586887,0.997403562,9.48E-06,2,2,1
0.004653844,0.995325685,2.04E-05,2,2,1
0.002544084,0.997439504,1.64E-05,2,2,1
0.000174136,0.999822795,3.16E-06,2,2,1
0.000415345,0.999570787,1.39E-05,2,2,1
0.000114457,0.999027848,0.000857713,2,2,1
1.96E-05,0.999932885,4.74E-05,2,2,1
5.10E-06,0.999993563,1.28E-06,2,2,1
1.29E-05,0.999982595,4.52E-06,2,2,1
4.70E-06,0.999993682,1.72E-06,2,2,1
7.25E-06,0.999989629,3.15E-06,2,2,1
9.68E-08,0.999999762,1.78E-07,2,2,1
3.05E-07,0.999999046,5.86E-07,2,2,1
3.19E-08,0.999999881,1.10E-07,2,2,1
1.76E-07,0.999999762,1.18E-07,2,2,1
3.33E-08,0.999999404,6.53E-07,2,2,1
1.96E-07,0.999967337,3.24E-05,2,2,1
8.32E-08,0.999998093,1.84E-06,2,2,1
1.07E-08,1,2.20E-08,2,2,1
3.88E-07,0.999998927,7.16E-07,2,2,1
2.12E-07,0.999999404,3.19E-07,2,2,1
4.57E-10,1,3.37E-09,2,2,1
1.73E-11,1,9.94E-10,2,2,1
1.01E-08,0.999998569,1.43E-06,2,2,1
6.03E-09,0.999998927,1.09E-06,2,2,1
1.57E-10,1,3.17E-08,2,2,1
9.77E-08,0.999999762,1.18E-07,2,2,1
1.19E-08,1,1.49E-08,2,2,1
1.44E-07,0.999999762,8.19E-08,2,2,1
2.99E-08,1,3.98E-08,2,2,1
6.08E-13,1,8.58E-11,2,2,1
2.21E-21,1,1.16E-15,2,2,1
1.80E-20,1,4.93E-15,2,2,1
1.05E-16,1,9.99E-13,2,2,1
2.36E-09,1,2.38E-09,2,2,1
9.12E-12,1,2.03E-10,2,2,1
1.43E-11,1,1.77E-10,2,2,1
5.93E-14,1,2.38E-11,2,2,1
5.62E-14,1,2.64E-11,2,2,1
1.37E-13,1,3.77E-11,2,2,1
3.18E-15,1,5.10E-12,2,2,1
3.52E-16,1,1.61E-12,2,2,1
3.60E-10,1,2.01E-09,2,2,1
1.20E-13,1,7.91E-11,2,2,1
3.73E-11,1,1.67E-09,2,2,1
9.74E-14,1,9.13E-11,2,2,1
7.64E-14,1,5.47E-10,2,2,1
8.88E-09,1,4.44E-08,2,2,1
3.92E-13,1,2.60E-10,2,2,1
2.22E-11,1,2.28E-09,2,2,1
2.32E-10,1,3.97E-09,2,2,1
8.47E-16,1,2.85E-12,2,2,1
2.48E-21,1,1.26E-14,2,2,1
3.52E-18,1,3.89E-13,2,2,1
6.44E-14,1,4.19E-11,2,2,1
6.81E-12,1,1.29E-08,2,2,1
4.69E-11,0.999999881,1.14E-07,2,2,1
3.42E-10,0.999999881,9.04E-08,2,2,1
8.38E-11,1,3.98E-09,2,2,1
2.22E-08,0.99999845,1.56E-06,2,2,1
2.03E-08,0.999999285,7.26E-07,2,2,1
6.97E-12,1,9.26E-10,2,2,1
1.03E-11,1,3.31E-10,2,2,1
4.91E-16,1,7.76E-12,2,2,1
3.24E-18,1,1.79E-13,2,2,1
4.98E-14,1,1.21E-11,2,2,1
9.16E-12,1,3.48E-10,2,2,1
2.76E-11,1,7.86E-10,2,2,1
8.94E-14,1,2.54E-11,2,2,1
1.40E-15,1,7.54E-13,2,2,1
7.88E-15,1,1.26E-11,2,2,1
2.61E-12,1,7.86E-11,2,2,1
1.48E-14,1,7.63E-12,2,2,1
1.30E-12,1,5.76E-11,2,2,1
9.39E-09,1,9.38E-09,2,2,1
2.52E-16,1,5.65E-13,2,2,1
2.50E-16,1,4.74E-13,2,2,1
1.73E-16,1,3.01E-13,2,2,1
2.11E-05,0.999977827,1.12E-06,2,2,1
2.72E-14,1,8.84E-12,2,2,1
0.024463352,0.975426793,0.000109927,2,2,1
6.28E-10,1,4.12E-09,2,2,1
3.14E-05,0.999966502,1.98E-06,2,2,1
3.82E-05,0.999958992,2.79E-06,2,2,1
2.81E-10,1,1.87E-09,2,2,1
8.02E-05,0.999905944,1.38E-05,2,2,1
0.996385336,0.003487223,0.000127452,1,1,1
0.055643797,0.944278836,7.74E-05,2,2,1
0.988833427,0.011143749,2.29E-05,1,1,1
0.995223582,0.004760412,1.60E-05,1,1,1
0.999936342,6.33E-05,2.99E-07,1,1,1
0.373000532,0.625702143,0.001297308,2,2,1
0.999999881,8.61E-08,1.62E-09,1,1,1
0.999999404,6.35E-07,4.61E-09,1,1,1
1,1.29E-09,8.83E-11,1,1,1
0.999998689,1.28E-06,1.35E-08,1,1,1
0.999999523,4.97E-07,1.05E-08,1,1,1
1,1.27E-11,3.18E-13,1,1,1
0.999999166,8.24E-07,1.52E-08,1,1,1
0.999999881,8.72E-08,1.71E-09,1,1,1
1,3.83E-09,7.27E-10,1,1,1
1,3.02E-12,3.12E-12,1,1,1
1,4.69E-16,3.00E-15,1,1,1
1,5.66E-15,4.30E-14,1,1,1
1,5.73E-13,5.47E-13,1,1,1
1,8.32E-12,6.63E-12,1,1,1
1,3.42E-15,1.57E-15,1,1,1
1,6.44E-12,4.64E-12,1,1,1
1,7.11E-17,4.45E-16,1,1,1
1,2.78E-23,2.31E-21,1,1,1
1,1.22E-16,1.36E-15,1,1,1
1,5.02E-15,1.03E-14,1,1,1
1,1.44E-11,2.53E-11,1,1,1
1,1.16E-14,4.63E-14,1,1,1
1,8.08E-16,7.25E-15,1,1,1
1,1.07E-16,1.06E-15,1,1,1
1,5.61E-23,1.27E-20,1,1,1
1,8.76E-21,8.84E-19,1,1,1
1,6.12E-12,1.43E-11,1,1,1
1,1.19E-19,6.48E-18,1,1,1
1,3.11E-19,4.73E-18,1,1,1
1,1.45E-14,9.77E-14,1,1,1
1,5.32E-10,2.15E-10,1,1,1
1,7.66E-20,8.98E-18,1,1,1
1,6.44E-16,5.93E-15,1,1,1
1,1.52E-14,5.52E-14,1,1,1
1,4.15E-19,2.40E-17,1,1,1
1,1.49E-20,7.96E-19,1,1,1
1,4.54E-11,2.62E-11,1,1,1
1,6.49E-15,3.21E-14,1,1,1
1,8.19E-11,6.02E-11,1,1,1
1,3.05E-10,1.47E-10,1,1,1
1,9.04E-17,2.05E-15,1,1,1
1,5.88E-14,6.51E-13,1,1,1
1,7.22E-17,2.59E-15,1,1,1
1,4.35E-11,7.99E-11,1,1,1
1,4.18E-08,1.13E-08,1,1,1
1,3.65E-09,1.02E-08,1,1,1
0.999999881,1.77E-07,2.90E-08,1,1,1
0.999554574,0.000443119,2.28E-06,1,1,1
0.967150986,0.032775756,7.33E-05,1,1,1
0.13104929,0.868897557,5.31E-05,2,1,0
0.184587091,0.815219104,0.000193818,2,2,1
0.004391321,0.995596349,1.24E-05,2,2,1
0.002065901,0.997918069,1.60E-05,2,2,1
0.000175985,0.999816835,7.10E-06,2,2,1
0.000781567,0.998895407,0.000322887,2,2,1
1.92E-05,0.999949932,3.09E-05,2,2,1
8.62E-05,0.999791443,0.00012234,2,2,1
3.69E-06,0.999977946,1.84E-05,2,2,1
1.03E-05,0.999921799,6.79E-05,2,2,1
7.05E-06,0.999983311,9.70E-06,2,2,1
1.31E-07,0.999998927,9.24E-07,2,2,1
7.77E-06,0.99999094,1.34E-06,2,2,1
3.17E-07,0.999977231,2.24E-05,2,2,1
5.12E-07,0.999987483,1.21E-05,2,2,1
3.63E-07,0.999998927,6.64E-07,2,2,1
2.72E-07,0.999998808,1.00E-06,2,2,1
4.54E-07,0.999853253,0.000146257,2,2,1
1.77E-07,0.999999166,7.37E-07,2,2,1
2.89E-07,0.999994636,5.09E-06,2,2,1
1.03E-08,0.999999881,6.97E-08,2,2,1
9.47E-09,1,3.12E-08,2,2,1
4.33E-07,0.999994397,5.09E-06,2,2,1
8.55E-06,0.999935746,5.57E-05,2,2,1
5.79E-08,0.999998808,1.21E-06,2,2,1
1.25E-08,0.999999881,1.23E-07,2,2,1
0.000353187,0.999641299,5.47E-06,2,2,1
6.34E-09,1,2.31E-08,2,2,1
3.13E-08,0.999999762,2.64E-07,2,2,1
1.96E-11,1,6.97E-09,2,2,1
9.09E-12,1,6.68E-10,2,2,1
1.98E-18,1,4.21E-14,2,2,1
4.48E-22,1,3.54E-16,2,2,1
1.05E-16,1,7.08E-13,2,2,1
1.52E-06,0.999998212,2.76E-07,2,2,1
4.70E-10,1,3.14E-09,2,2,1
1.34E-10,1,8.92E-10,2,2,1
4.90E-14,1,2.59E-11,2,2,1
5.21E-14,1,1.51E-11,2,2,1
1.43E-11,1,4.44E-10,2,2,1
1.30E-15,1,4.07E-12,2,2,1
8.50E-13,1,1.01E-10,2,2,1
4.66E-10,1,6.76E-09,2,2,1
2.41E-11,1,9.29E-10,2,2,1
3.77E-15,1,9.90E-12,2,2,1
2.52E-13,1,2.10E-10,2,2,1
3.73E-10,1,6.83E-09,2,2,1
6.41E-06,0.999993086,4.51E-07,2,2,1
6.50E-11,1,2.71E-08,2,2,1
1.01E-06,0.999998331,6.71E-07,2,2,1
1.87E-07,0.999999642,1.21E-07,2,2,1
1.77E-13,1,7.33E-11,2,2,1
2.19E-16,1,1.83E-12,2,2,1
1.45E-15,1,1.02E-11,2,2,1
7.09E-10,1,8.29E-09,2,2,1
1.81E-08,0.999999881,7.91E-08,2,2,1
1.63E-07,0.999999046,8.26E-07,2,2,1
3.62E-08,0.999999166,8.89E-07,2,2,1
1.47E-08,0.999999642,3.87E-07,2,2,1
9.99E-08,0.999995351,4.48E-06,2,2,1
1.55E-07,0.999997616,2.21E-06,2,2,1
5.60E-08,0.999998927,1.09E-06,2,2,1
1.27E-08,0.999999881,1.11E-07,2,2,1
3.37E-11,1,7.03E-09,2,2,1
6.98E-12,1,3.60E-10,2,2,1
3.05E-16,1,1.34E-12,2,2,1
6.67E-08,0.999999762,7.12E-08,2,2,1
3.62E-13,1,1.21E-10,2,2,1
3.39E-14,1,5.91E-12,2,2,1
1.83E-14,1,1.40E-11,2,2,1
3.19E-13,1,4.02E-11,2,2,1
6.32E-12,1,3.53E-10,2,2,1
8.22E-14,1,9.32E-12,2,2,1
1.45E-14,1,6.40E-12,2,2,1
2.05E-10,1,1.28E-09,2,2,1
1.52E-10,1,9.68E-10,2,2,1
8.84E-14,1,1.31E-11,2,2,1
5.60E-18,1,3.15E-14,2,2,1
5.65E-12,1,2.49E-10,2,2,1
1.02E-10,1,8.69E-10,2,2,1
2.02E-14,1,5.16E-12,2,2,1
1.81E-07,0.999999642,1.19E-07,2,2,1
0.000248455,0.999742806,8.76E-06,2,2,1
8.55E-12,1,4.05E-10,2,2,1
7.58E-06,0.999991179,1.22E-06,2,2,1
2.37E-05,0.99997437,2.07E-06,2,2,1
0.999972582,2.74E-05,1.36E-08,1,1,1
0.004021124,0.995973527,5.31E-06,2,2,1
0.605541289,0.394422919,3.58E-05,1,2,0
0.994310141,0.005680251,9.54E-06,1,1,1
0.99998641,1.36E-05,2.73E-08,1,1,1
1,1.74E-13,1.55E-14,1,1,1
1,1.57E-10,3.13E-12,1,1,1
1,6.00E-16,2.16E-16,1,1,1
0.999992728,7.23E-06,2.28E-08,1,1,1
0.999465287,0.000531793,2.94E-06,1,1,1
1,6.34E-09,5.44E-11,1,1,1
1,2.70E-11,2.97E-13,1,1,1
0.999877691,0.000121357,9.24E-07,1,1,1
0.999999881,1.64E-07,3.49E-09,1,1,1
1,2.48E-09,5.51E-10,1,1,1
1,4.42E-10,1.65E-10,1,1,1
1,4.78E-09,1.30E-09,1,1,1
1,1.65E-15,3.40E-15,1,1,1
1,9.53E-15,6.12E-15,1,1,1
0.999995589,4.00E-06,3.01E-07,1,1,1
1,8.01E-12,5.00E-13,1,1,1
1,1.14E-16,3.83E-16,1,1,1
1,1.75E-16,9.15E-16,1,1,1
1,4.27E-19,8.12E-18,1,1,1
1,3.31E-20,7.36E-19,1,1,1
1,7.29E-15,4.63E-14,1,1,1
1,4.17E-22,3.43E-20,1,1,1
0.999999881,8.01E-08,1.20E-08,1,1,1
1,7.24E-20,1.04E-18,1,1,1
1,8.73E-15,3.53E-14,1,1,1
1,1.40E-15,8.35E-15,1,1,1
1,1.91E-16,3.33E-15,1,1,1
1,6.16E-10,9.00E-11,1,1,1
1,1.70E-15,5.61E-15,1,1,1
1,1.06E-18,3.99E-17,1,1,1
1,1.76E-24,6.13E-22,1,1,1
1,3.57E-17,3.01E-16,1,1,1
1,3.72E-21,2.93E-19,1,1,1
1,7.39E-24,2.10E-21,1,1,1
1,4.08E-22,3.70E-20,1,1,1
1,3.31E-20,1.54E-18,1,1,1
1,1.93E-19,6.09E-18,1,1,1
1,7.83E-18,4.13E-16,1,1,1
1,5.68E-15,3.95E-14,1,1,1
0.999999881,6.86E-08,1.25E-08,1,1,1
1,6.64E-15,8.85E-14,1,1,1
1,6.83E-21,2.03E-18,1,1,1
1,2.20E-17,2.14E-16,1,1,1
1,1.87E-19,6.66E-18,1,1,1
1,1.88E-12,5.52E-12,1,1,1
1,3.14E-08,8.45E-09,1,1,1
1,6.23E-10,6.07E-10,1,1,1
1,4.71E-08,1.05E-08,1,1,1
0.999909878,8.92E-05,9.34E-07,1,1,1
0.999064028,0.000926019,1.00E-05,1,1,1
0.999529123,0.000468023,2.91E-06,1,1,1
0.627846122,0.372041136,0.000112682,1,1,1
0.031844396,0.967914045,0.000241561,2,2,1
0.007302389,0.992641628,5.60E-05,2,2,1
0.0017191,0.99666518,0.001615717,2,2,1
0.003192502,0.994221985,0.0025855,2,2,1
5.19E-05,0.999873996,7.42E-05,2,2,1
0.000112857,0.995643854,0.004243311,2,2,1
4.09E-06,0.999188721,0.000807285,2,2,1
2.15E-05,0.999922752,5.58E-05,2,2,1
1.84E-05,0.998442829,0.001538887,2,2,1
9.75E-07,0.999997735,1.35E-06,2,2,1
1.75E-06,0.99999702,1.21E-06,2,2,1
4.38E-07,0.999983668,1.59E-05,2,2,1
4.50E-06,0.999826014,0.000169438,2,2,1
3.94E-05,0.968715131,0.031245539,2,2,1
3.53E-06,0.99922967,0.00076677,2,2,1
1.55E-05,0.998218119,0.001766221,2,2,1
7.70E-07,0.999998689,5.86E-07,2,2,1
3.39E-07,0.999998927,6.66E-07,2,2,1
2.18E-07,0.999993682,6.06E-06,2,2,1
8.74E-09,0.999999881,1.75E-07,2,2,1
1.35E-07,0.999997377,2.53E-06,2,2,1
1.41E-05,0.999984384,1.54E-06,2,2,1
4.96E-05,0.999949813,5.57E-07,2,2,1
1.74E-06,0.999997616,5.70E-07,2,2,1
1.15E-07,0.999999642,2.47E-07,2,2,1
5.64E-08,0.999999881,1.02E-07,2,2,1
1.72E-07,0.999999762,1.71E-07,2,2,1
6.46E-11,1,6.39E-09,2,2,1
4.40E-10,1,8.44E-09,2,2,1
7.31E-15,1,3.30E-12,2,2,1
1.07E-17,1,1.32E-13,2,2,1
1.20E-13,1,4.43E-11,2,2,1
1.17E-11,1,4.17E-10,2,2,1
1.77E-07,0.999999881,5.05E-08,2,2,1
1.61E-10,1,1.26E-09,2,2,1
2.23E-12,1,1.62E-10,2,2,1
1.95E-12,1,2.11E-10,2,2,1
1.45E-13,1,5.41E-11,2,2,1
2.08E-12,1,2.90E-10,2,2,1
2.66E-15,1,1.79E-11,2,2,1
1.42E-10,1,2.68E-09,2,2,1
3.43E-09,1,1.71E-08,2,2,1
1.16E-13,1,1.00E-10,2,2,1
9.58E-12,1,2.02E-09,2,2,1
5.09E-09,0.999999762,1.89E-07,2,2,1
3.71E-07,0.999999523,9.39E-08,2,2,1
1.48E-07,0.999999762,1.52E-07,2,2,1
3.84E-08,0.999999881,1.35E-07,2,2,1
2.27E-06,0.999996901,8.81E-07,2,2,1
9.62E-07,0.999998569,4.30E-07,2,2,1
1.48E-07,0.999999642,2.16E-07,2,2,1
2.99E-09,1,5.48E-08,2,2,1
1.18E-07,0.999998927,1.01E-06,2,2,1
8.60E-07,0.999987006,1.22E-05,2,2,1
2.08E-06,0.999952793,4.52E-05,2,2,1
9.16E-07,0.999931574,6.75E-05,2,2,1
1.76E-05,0.999899149,8.33E-05,2,2,1
0.000174775,0.995612025,0.004213174,2,2,1
1.89E-07,0.999972463,2.73E-05,2,2,1
6.94E-07,0.999810636,0.00018871,2,2,1
5.63E-06,0.999974847,1.95E-05,2,2,1
8.38E-08,0.999997735,2.13E-06,2,2,1
1.17E-11,1,9.92E-10,2,2,1
7.94E-13,1,2.89E-10,2,2,1
8.25E-13,1,9.08E-11,2,2,1
2.61E-11,1,1.11E-09,2,2,1
1.98E-12,1,3.94E-10,2,2,1
3.33E-08,1,1.86E-08,2,2,1
3.24E-06,0.999996305,4.28E-07,2,2,1
1.38E-11,1,5.98E-10,2,2,1
3.38E-13,1,5.39E-11,2,2,1
1.70E-16,1,3.04E-13,2,2,1
1.40E-15,1,2.07E-12,2,2,1
1.38E-17,1,1.04E-13,2,2,1
8.65E-15,1,4.56E-12,2,2,1
1.48E-10,1,1.67E-09,2,2,1
3.89E-14,1,1.45E-11,2,2,1
2.63E-14,1,1.06E-11,2,2,1
5.97E-18,1,7.79E-14,2,2,1
1.63E-08,1,3.78E-08,2,2,1
1.47E-13,1,2.88E-11,2,2,1
5.85E-09,1,1.56E-09,2,2,1
5.90E-06,0.999992967,1.15E-06,2,2,1
2.93E-09,1,1.34E-09,2,2,1
9.12E-06,0.999990702,9.72E-08,2,2,1
0.00321678,0.996773422,9.71E-06,2,2,1
0.217620552,0.7823717,7.73E-06,2,2,1
0.840179801,0.159770399,4.98E-05,1,1,1
0.999401569,0.000594027,4.42E-06,1,1,1
0.999998808,1.18E-06,3.23E-08,1,1,1
1,2.12E-15,7.21E-16,1,1,1
0.999994636,5.22E-06,1.39E-07,1,1,1
0.999999762,2.82E-07,3.70E-09,1,1,1
1,4.17E-13,8.54E-14,1,1,1
1,2.27E-16,8.89E-17,1,1,1
1,2.59E-15,2.20E-16,1,1,1
0.999998093,1.88E-06,3.10E-09,1,1,1
0.999996901,3.14E-06,3.25E-08,1,1,1
1,3.13E-10,4.18E-11,1,1,1
1,5.00E-12,1.68E-12,1,1,1
0.999999285,6.67E-07,1.90E-08,1,1,1
1,1.11E-16,3.82E-16,1,1,1
1,1.35E-16,6.15E-16,1,1,1
1,1.22E-16,1.01E-15,1,1,1
1,1.09E-14,2.87E-14,1,1,1
1,3.78E-15,3.09E-15,1,1,1
1,1.49E-13,2.69E-13,1,1,1
1,4.59E-21,3.67E-19,1,1,1
1,1.31E-21,1.34E-19,1,1,1
1,3.08E-16,3.01E-15,1,1,1
1,2.72E-22,2.06E-20,1,1,1
1,2.88E-11,1.67E-11,1,1,1
1,7.31E-14,7.34E-14,1,1,1
1,3.15E-12,4.39E-12,1,1,1
1,1.70E-14,3.61E-14,1,1,1
1,4.15E-18,1.35E-16,1,1,1
1,1.97E-24,1.21E-21,1,1,1
1,3.87E-23,2.02E-20,1,1,1
1,2.81E-18,4.55E-18,1,1,1
1,2.59E-23,3.93E-21,1,1,1
1,5.70E-30,3.63E-26,1,1,1
1,1.79E-19,9.52E-18,1,1,1
1,2.56E-17,2.29E-16,1,1,1
1,3.19E-19,1.16E-17,1,1,1
1,1.94E-15,6.08E-15,1,1,1
1,6.08E-13,1.13E-12,1,1,1
1,2.47E-17,1.94E-16,1,1,1
1,1.47E-22,3.84E-20,1,1,1
0.999236822,0.000720311,4.29E-05,1,1,1
1,4.17E-15,2.97E-14,1,1,1
1,3.28E-19,2.37E-17,1,1,1
1,3.39E-20,1.73E-18,1,1,1
1,6.37E-21,3.01E-19,1,1,1
1,1.69E-20,6.36E-19,1,1,1
1,9.50E-14,1.23E-12,1,1,1
1,2.39E-12,7.84E-13,1,1,1
1,3.52E-09,1.10E-09,1,1,1
0.999999642,3.44E-07,1.35E-08,1,1,1
0.999801219,0.000196495,2.25E-06,1,1,1
0.999360144,0.000637116,2.77E-06,1,1,1
0.911852002,0.087992147,0.000155869,1,2,0
0.355232,0.644564331,0.000203635,2,2,1
0.00461885,0.995316744,6.44E-05,2,2,1
0.000395331,0.999575198,2.95E-05,2,2,1
0.000394844,0.999438465,0.000166723,2,2,1
0.000124719,0.015069163,0.98480612,3,3,1
0.00442487,0.696555376,0.299019694,2,2,1
0.001531906,0.990114689,0.008353392,2,2,1
6.09E-05,0.996592164,0.003347066,2,2,1
0.001094301,0.991205633,0.007700076,2,2,1
4.41E-05,0.998711348,0.001244639,2,2,1
2.11E-05,0.999725401,0.00025344,2,2,1
1.51E-06,0.999990582,7.85E-06,2,2,1
4.71E-06,0.999331355,0.00066386,2,2,1
2.74E-05,0.988416076,0.011556515,2,2,1
1.66E-05,0.996907651,0.003075754,2,2,1
2.94E-06,0.016715772,0.983281314,3,3,1
4.28E-07,0.999994636,4.85E-06,2,2,1
4.12E-05,0.999939919,1.88E-05,2,2,1
9.23E-07,0.999967337,3.17E-05,2,2,1
8.21E-09,0.999999762,2.42E-07,2,2,1
1.64E-07,0.999996781,3.06E-06,2,2,1
2.06E-08,0.999999762,2.73E-07,2,2,1
4.70E-06,0.999994874,5.18E-07,2,2,1
4.49E-05,0.99995327,1.75E-06,2,2,1
4.09E-07,0.999998093,1.50E-06,2,2,1
8.22E-07,0.999995351,3.86E-06,2,2,1
4.49E-07,0.999998331,1.15E-06,2,2,1
2.94E-08,0.999999046,9.90E-07,2,2,1
5.29E-08,0.999998927,1.04E-06,2,2,1
5.52E-10,1,1.03E-08,2,2,1
1.94E-14,1,1.55E-11,2,2,1
1.05E-14,1,4.45E-12,2,2,1
2.72E-10,1,9.73E-09,2,2,1
2.40E-06,0.999997377,2.22E-07,2,2,1
1.11E-09,1,9.13E-09,2,2,1
1.51E-10,1,1.16E-08,2,2,1
2.23E-05,0.999975085,2.59E-06,2,2,1
1.40E-12,1,2.70E-10,2,2,1
2.20E-11,1,9.27E-10,2,2,1
1.78E-10,1,3.41E-09,2,2,1
5.39E-07,0.999999046,3.09E-07,2,2,1
2.31E-05,0.999973297,3.56E-06,2,2,1
1.74E-08,1,3.03E-08,2,2,1
4.67E-10,1,4.33E-08,2,2,1
7.25E-09,1,4.61E-08,2,2,1
4.77E-07,0.999998093,1.45E-06,2,2,1
1.06E-06,0.999997854,1.11E-06,2,2,1
3.68E-07,0.999994993,4.59E-06,2,2,1
1.20E-07,0.999996305,3.60E-06,2,2,1
0.007551086,0.99199909,0.000449811,2,2,1
0.005897565,0.993844151,0.00025824,2,2,1
0.002492181,0.996366501,0.001141345,2,2,1
0.001703779,0.985906839,0.012389302,2,2,1
0.039595988,0.81886816,0.141535938,2,2,1
0.002625228,0.104666874,0.892707884,3,3,1
6.78E-05,4.12E-05,0.999890924,3,3,1
0.000137299,0.002766434,0.9970963,3,3,1
0.014712241,0.98143369,0.003854087,2,2,1
0.002049331,0.826550186,0.171400487,2,2,1
1.57E-05,0.998038352,0.001946002,2,2,1
1.29E-06,0.99999404,4.59E-06,2,2,1
7.00E-08,0.99998939,1.05E-05,2,2,1
6.31E-10,1,4.02E-08,2,2,1
8.65E-09,0.999999642,4.11E-07,2,2,1
1.21E-10,1,1.55E-08,2,2,1
4.23E-10,1,1.02E-08,2,2,1
4.35E-11,1,2.59E-09,2,2,1
1.12E-09,1,3.98E-09,2,2,1
0.023516996,0.976347744,0.000135187,2,2,1
4.54E-12,1,1.72E-10,2,2,1
6.21E-13,1,1.29E-10,2,2,1
1.86E-14,1,1.18E-11,2,2,1
4.85E-12,1,1.19E-10,2,2,1
1.06E-10,1,1.05E-09,2,2,1
4.93E-13,1,3.36E-11,2,2,1
1.13E-11,1,5.70E-10,2,2,1
3.77E-14,1,2.23E-11,2,2,1
2.28E-14,1,1.25E-11,2,2,1
3.39E-16,1,1.24E-12,2,2,1
2.32E-15,1,2.89E-12,2,2,1
1.17E-15,1,8.21E-13,2,2,1
1.84E-11,1,4.05E-10,2,2,1
3.06E-08,1,3.59E-08,2,2,1
3.74E-07,0.999999523,1.68E-07,2,2,1
0.009306527,0.990649045,4.44E-05,2,2,1
0.001474551,0.998523414,2.00E-06,2,2,1
0.00036169,0.999635696,2.65E-06,2,2,1
0.046579625,0.953409314,1.10E-05,2,2,1
0.995391846,0.004603025,5.14E-06,1,1,1
1,2.14E-09,9.35E-11,1,1,1
0.999272645,0.000725183,2.13E-06,1,1,1
0.999241352,0.000755517,3.15E-06,1,1,1
1,4.21E-11,8.43E-13,1,1,1
1,3.86E-10,1.83E-12,1,1,1
1,1.96E-12,1.80E-13,1,1,1
0.99999702,2.96E-06,1.79E-08,1,1,1
1,1.02E-09,1.04E-11,1,1,1
0.999999881,9.70E-08,2.14E-09,1,1,1
1,1.68E-13,4.97E-14,1,1,1
1,1.19E-10,2.42E-11,1,1,1
1,1.58E-12,8.39E-13,1,1,1
1,6.47E-16,1.39E-15,1,1,1
1,1.45E-15,5.85E-15,1,1,1
1,1.09E-17,5.92E-17,1,1,1
1,3.18E-13,7.87E-13,1,1,1
1,1.56E-15,8.04E-15,1,1,1
1,5.89E-15,8.68E-15,1,1,1
1,1.77E-25,2.86E-23,1,1,1
1,2.08E-29,3.29E-26,1,1,1
1,1.83E-18,1.46E-17,1,1,1
1,2.92E-17,2.44E-16,1,1,1
1,6.73E-20,1.99E-17,1,1,1
1,3.80E-19,1.68E-18,1,1,1
1,1.15E-19,2.02E-18,1,1,1
1,2.39E-18,3.60E-17,1,1,1
1,1.49E-26,9.19E-24,1,1,1
1,3.65E-24,1.16E-21,1,1,1
1,4.81E-24,7.87E-22,1,1,1
1,4.40E-26,2.61E-23,1,1,1
1,2.60E-25,4.30E-23,1,1,1
1,2.84E-24,1.39E-21,1,1,1
1,2.52E-18,7.31E-17,1,1,1
0.999999523,3.65E-07,7.50E-08,1,1,1
1,4.21E-12,5.11E-12,1,1,1
1,2.35E-12,2.95E-12,1,1,1
1,4.18E-17,4.59E-16,1,1,1
1,3.39E-16,4.49E-15,1,1,1
1,1.18E-16,7.30E-16,1,1,1
1,6.84E-17,1.16E-15,1,1,1
1,4.52E-23,2.54E-20,1,1,1
1,2.19E-22,9.60E-20,1,1,1
1,1.86E-22,1.18E-19,1,1,1
1,1.85E-18,2.41E-16,1,1,1
1,1.06E-15,1.43E-14,1,1,1
1,4.07E-16,7.84E-15,1,1,1
1,1.11E-13,7.94E-13,1,1,1
1,6.66E-11,1.31E-10,1,1,1
0.999999762,2.08E-07,2.52E-08,1,1,1
0.999927282,6.84E-05,4.27E-06,1,1,1
0.999830604,0.000163903,5.51E-06,1,1,1
0.999930382,6.75E-05,2.14E-06,1,1,1
0.50344038,0.494835585,0.001723966,1,1,1
0.111262798,0.8885746,0.000162568,2,2,1
0.066276178,0.93349123,0.000232619,2,2,1
0.001295534,0.998679698,2.48E-05,2,2,1
0.009539978,0.499086618,0.49137342,2,3,0
0.001128764,0.001898465,0.996972799,3,3,1
0.000256156,0.994570196,0.005173524,2,2,1
0.000409158,0.051760375,0.947830498,3,3,1
0.000256282,0.04359528,0.956148446,3,3,1
0.000607413,0.934146523,0.065245971,2,2,1
2.23E-05,0.942330182,0.057647478,2,3,0
2.24E-05,0.173811898,0.826165676,3,3,1
4.63E-06,0.995949864,0.004045532,2,2,1
1.05E-05,0.998884261,0.001105303,2,2,1
0.000158476,0.932751775,0.067089774,2,2,1
6.14E-05,0.002360522,0.997578084,3,3,1
9.38E-05,0.922589183,0.077316962,2,2,1
2.54E-07,0.999867439,0.000132335,2,2,1
1.33E-06,0.999997735,9.06E-07,2,2,1
4.04E-07,0.999999046,5.41E-07,2,2,1
1.08E-05,0.999986649,2.68E-06,2,2,1
2.09E-05,0.999977827,1.34E-06,2,2,1
0.006263838,0.993727088,8.98E-06,2,2,1
0.000129439,0.999867916,2.63E-06,2,2,1
3.01E-05,0.981731832,0.018238062,2,2,1
3.35E-07,0.999762833,0.000236802,2,2,1
1.01E-06,0.999933481,6.54E-05,2,2,1
5.09E-07,0.99992907,7.04E-05,2,2,1
1.13E-08,0.999930859,6.91E-05,2,2,1
9.02E-09,0.999999642,4.09E-07,2,2,1
5.89E-11,1,3.77E-08,2,2,1
4.51E-09,1,5.13E-08,2,2,1
7.82E-09,1,4.59E-08,2,2,1
1.14E-07,0.999999642,2.64E-07,2,2,1
7.87E-08,0.999999881,4.19E-08,2,2,1
6.29E-08,0.999999523,3.91E-07,2,2,1
2.91E-09,1,1.56E-08,2,2,1
7.35E-10,1,2.31E-08,2,2,1
3.41E-09,1,4.84E-08,2,2,1
1.23E-07,0.999999523,4.01E-07,2,2,1
7.75E-06,0.999990463,1.78E-06,2,2,1
1.94E-05,0.999973893,6.67E-06,2,2,1
1.83E-05,0.999956369,2.54E-05,2,2,1
4.00E-07,0.99999547,4.18E-06,2,2,1
2.17E-05,0.99997592,2.35E-06,2,2,1
9.67E-05,0.999886036,1.71E-05,2,2,1
7.30E-06,0.999792755,0.000199951,2,2,1
0.000856675,0.00125737,0.997886002,3,3,1
1.18E-07,3.88E-06,0.999995947,3,3,1
1.35E-05,8.90E-05,0.999897599,3,3,1
4.77E-06,5.40E-06,0.999989867,3,3,1
0.570660233,0.165503666,0.263836086,1,1,1
0.002007456,0.000453778,0.997538805,3,3,1
5.12E-08,1.15E-08,0.999999881,3,3,1
2.50E-05,3.24E-05,0.999942541,3,3,1
1.63E-07,4.00E-09,0.999999881,3,3,1
1.36E-06,2.38E-08,0.999998569,3,3,1
1.45E-06,4.90E-07,0.999998093,3,3,1
1.25E-07,1.38E-07,0.999999762,3,3,1
2.68E-06,7.64E-05,0.999920964,3,3,1
0.00030007,0.976194143,0.023505725,2,2,1
0.002491724,0.920614064,0.076894172,2,2,1
7.08E-06,0.999845028,0.000147899,2,2,1
6.35E-06,0.999684811,0.00030892,2,2,1
1.23E-07,0.999990463,9.43E-06,2,2,1
1.11E-09,0.999999881,8.97E-08,2,2,1
6.01E-12,1,9.51E-10,2,2,1
1.37E-14,1,1.51E-11,2,2,1
1.61E-16,1,2.22E-12,2,2,1
1.52E-09,1,1.04E-08,2,2,1
4.95E-15,1,9.13E-12,2,2,1
1.48E-16,1,1.19E-12,2,2,1
1.60E-13,1,4.28E-11,2,2,1
5.75E-08,1,3.99E-08,2,2,1
5.78E-12,1,1.55E-10,2,2,1
1.04E-05,0.999988556,1.05E-06,2,2,1
9.37E-09,1,2.49E-08,2,2,1
5.55E-15,1,4.64E-12,2,2,1
8.33E-18,1,1.30E-13,2,2,1
2.21E-13,1,3.65E-11,2,2,1
4.41E-10,1,2.65E-09,2,2,1
2.21E-11,1,6.05E-10,2,2,1
1.38E-05,0.999984264,1.88E-06,2,2,1
1.01E-10,1,1.15E-11,2,2,1
0.000546869,0.999452055,1.08E-06,2,2,1
0.991475344,0.008517566,7.14E-06,1,1,1
1,1.90E-08,3.83E-10,1,1,1
1,1.37E-13,6.02E-14,1,1,1
0.999999523,4.32E-07,5.49E-09,1,1,1
1,1.69E-08,1.50E-10,1,1,1
1,3.50E-11,2.18E-12,1,1,1
1,3.59E-16,1.19E-16,1,1,1
1,3.41E-11,1.14E-12,1,1,1
1,1.52E-08,4.22E-10,1,1,1
0.999977827,2.19E-05,1.93E-07,1,1,1
0.999996305,3.54E-06,7.10E-08,1,1,1
1,2.15E-11,1.03E-11,1,1,1
1,1.48E-18,8.63E-18,1,1,1
1,5.02E-21,4.79E-20,1,1,1
1,2.97E-22,5.05E-21,1,1,1
1,1.06E-17,5.32E-17,1,1,1
1,2.73E-24,1.22E-22,1,1,1
1,1.59E-16,7.28E-16,1,1,1
1,1.66E-12,9.02E-13,1,1,1
1,3.65E-20,5.15E-19,1,1,1
1,2.70E-19,3.65E-18,1,1,1
1,3.54E-15,5.95E-15,1,1,1
1,2.81E-26,6.97E-24,1,1,1
1,2.46E-29,8.94E-26,1,1,1
1,1.81E-18,7.61E-18,1,1,1
1,6.48E-17,2.04E-16,1,1,1
1,1.34E-15,5.48E-15,1,1,1
1,1.61E-18,3.17E-17,1,1,1
1,8.27E-27,8.49E-24,1,1,1
1,7.18E-23,1.18E-20,1,1,1
1,5.20E-24,6.94E-22,1,1,1
1,2.23E-25,7.31E-23,1,1,1
1,4.53E-20,2.56E-18,1,1,1
1,1.90E-19,2.44E-18,1,1,1
1,1.03E-15,3.12E-15,1,1,1
0.999997616,2.02E-06,3.15E-07,1,1,1
1,2.40E-16,3.23E-15,1,1,1
1,4.25E-18,4.29E-17,1,1,1
1,2.01E-19,9.30E-18,1,1,1
1,9.13E-18,1.63E-16,1,1,1
1,1.10E-17,1.97E-16,1,1,1
1,4.65E-14,1.30E-13,1,1,1
1,4.78E-20,2.08E-18,1,1,1
1,1.60E-17,3.44E-16,1,1,1
1,3.59E-18,1.22E-16,1,1,1
1,8.07E-16,1.54E-14,1,1,1
1,5.91E-16,4.04E-14,1,1,1
1,5.10E-14,3.65E-13,1,1,1
1,1.11E-15,2.66E-14,1,1,1
1,3.91E-15,3.38E-13,1,1,1
1,1.34E-09,2.51E-09,1,1,1
0.999970794,2.68E-05,2.37E-06,1,1,1
0.999965906,3.05E-05,3.57E-06,1,1,1
0.99935621,0.000623004,2.08E-05,1,1,1
0.997457325,0.002328495,0.000214186,1,1,1
0.456088483,0.543436468,0.000475043,2,1,0
0.918780267,0.080675855,0.000543882,1,1,1
0.082319885,0.912278235,0.005401948,2,2,1
0.002963917,0.974326015,0.022710122,2,2,1
0.003354915,0.019337125,0.977308035,3,3,1
0.000707944,0.992617548,0.00667453,2,2,1
0.00388007,0.988188088,0.007931936,2,2,1
0.001965347,0.767819047,0.230215624,2,2,1
0.000405741,0.999388695,0.000205544,2,2,1
3.86E-06,0.999959111,3.71E-05,2,2,1
0.011989363,0.044978682,0.943031967,3,3,1
1.45E-06,0.999993801,4.78E-06,2,2,1
1.04E-05,0.999908209,8.14E-05,2,2,1
0.001844792,0.013422569,0.984732568,3,3,1
3.21E-05,0.985186994,0.014780912,2,2,1
1.59E-05,0.99926585,0.000718302,2,2,1
2.43E-06,0.999985099,1.25E-05,2,2,1
4.11E-06,0.999992132,3.81E-06,2,2,1
6.18E-07,0.999998212,1.24E-06,2,2,1
2.33E-05,0.999972224,4.37E-06,2,2,1
0.000152622,0.999842882,4.57E-06,2,2,1
0.001801857,0.998184264,1.38E-05,2,2,1
4.46E-05,0.999944687,1.07E-05,2,2,1
1.69E-05,0.998270035,0.001713043,2,2,1
1.09E-05,0.999979973,9.22E-06,2,2,1
3.74E-06,0.999756515,0.000239846,2,2,1
5.09E-08,0.999991894,8.10E-06,2,2,1
3.67E-07,0.999984264,1.54E-05,2,2,1
1.58E-06,0.999996185,2.23E-06,2,2,1
1.68E-06,0.999482274,0.000515991,2,2,1
1.01E-07,0.999988437,1.14E-05,2,2,1
6.31E-08,0.999998689,1.22E-06,2,2,1
4.02E-07,0.999995708,3.90E-06,2,2,1
0.000323863,0.999474585,0.000201569,2,2,1
1.88E-05,0.999976993,4.32E-06,2,2,1
3.18E-06,0.999996066,7.21E-07,2,2,1
4.02E-05,0.999946475,1.34E-05,2,2,1
3.11E-06,0.999992371,4.57E-06,2,2,1
0.000213243,0.999775946,1.09E-05,2,2,1
0.000140614,0.999773085,8.63E-05,2,2,1
0.00393269,0.995744765,0.000322456,2,2,1
2.96E-05,0.999723017,0.000247456,2,2,1
2.55E-05,0.999825895,0.000148687,2,2,1
3.75E-06,0.999994516,1.84E-06,2,2,1
0.000304853,0.98810941,0.011585786,2,2,1
1.25E-06,2.42E-05,0.999974608,3,3,1
3.27E-05,7.41E-05,0.999893188,3,3,1
9.30E-06,3.07E-05,0.999960065,3,3,1
4.67E-07,2.06E-08,0.999999523,3,3,1
1.23E-05,2.13E-07,0.999987483,3,3,1
6.30E-05,1.78E-05,0.999919295,3,3,1
4.91E-07,5.96E-08,0.999999404,3,3,1
3.03E-07,1.53E-08,0.999999642,3,3,1
3.28E-10,1.96E-12,1,3,3,1
1.12E-10,5.78E-13,1,3,3,1
5.98E-10,1.88E-12,1,3,3,1
1.85E-11,2.69E-15,1,3,3,1
4.31E-09,1.30E-10,1,3,3,1
4.38E-08,6.70E-07,0.999999285,3,3,1
9.70E-08,5.75E-08,0.999999881,3,3,1
8.51E-05,0.001492172,0.998422742,3,3,1
0.004559004,0.914456367,0.08098463,2,2,1
8.56E-05,0.999842048,7.23E-05,2,2,1
4.04E-05,0.99977237,0.000187193,2,2,1
5.47E-07,0.999987125,1.23E-05,2,2,1
1.79E-10,1,1.39E-08,2,2,1
1.40E-09,1,8.75E-09,2,2,1
1.24E-14,1,1.24E-11,2,2,1
2.98E-11,1,3.66E-09,2,2,1
6.96E-10,1,6.71E-09,2,2,1
1.56E-11,1,3.31E-09,2,2,1
4.30E-11,1,5.38E-09,2,2,1
2.28E-11,1,1.57E-09,2,2,1
6.36E-14,1,3.31E-11,2,2,1
0.000748317,0.999227285,2.44E-05,2,2,1
1.07E-15,1,4.04E-12,2,2,1
1.19E-15,1,2.12E-12,2,2,1
2.18E-13,1,3.02E-11,2,2,1
0.000118867,0.999876857,4.30E-06,2,2,1
1.01E-08,1,1.98E-08,2,2,1
1.53E-11,1,2.82E-10,2,2,1
2.87E-06,0.999996424,6.80E-07,2,2,1
3.71E-08,1,7.00E-10,2,2,1
0.82912159,0.17087099,7.39E-06,1,1,1
0.999876618,0.000122732,5.70E-07,1,1,1
1,3.85E-11,4.20E-12,1,1,1
1,5.82E-11,3.27E-12,1,1,1
0.999426126,0.000569915,3.89E-06,1,1,1
1,1.05E-11,1.30E-12,1,1,1
1,2.27E-14,3.89E-15,1,1,1
1,2.38E-11,3.00E-12,1,1,1
1,7.91E-14,5.69E-15,1,1,1
1,1.41E-10,3.50E-12,1,1,1
0.999999523,4.25E-07,1.33E-08,1,1,1
0.99999702,2.86E-06,1.16E-07,1,1,1
1,8.19E-12,3.53E-12,1,1,1
1,9.84E-24,7.31E-22,1,1,1
1,4.89E-24,3.45E-22,1,1,1
1,2.98E-19,2.80E-18,1,1,1
1,5.93E-29,5.73E-26,1,1,1
1,9.87E-30,6.25E-27,1,1,1
1,1.86E-24,3.73E-22,1,1,1
1,2.46E-15,3.98E-15,1,1,1
1,1.08E-19,2.07E-18,1,1,1
1,2.48E-15,4.79E-15,1,1,1
1,9.96E-18,6.48E-17,1,1,1
1,1.93E-29,1.44E-26,1,1,1
1,4.69E-27,3.92E-24,1,1,1
1,2.49E-19,7.83E-18,1,1,1
1,1.27E-20,8.15E-19,1,1,1
1,6.42E-17,1.47E-16,1,1,1
1,1.40E-18,2.92E-17,1,1,1
1,6.39E-16,1.10E-14,1,1,1
1,3.25E-23,6.72E-21,1,1,1
1,5.59E-24,6.18E-22,1,1,1
1,1.12E-24,1.41E-22,1,1,1
1,4.52E-24,3.10E-22,1,1,1
1,8.35E-22,2.63E-20,1,1,1
1,1.21E-20,2.15E-19,1,1,1
1,1.47E-14,6.27E-14,1,1,1
1,3.14E-14,4.78E-14,1,1,1
1,2.91E-18,1.03E-17,1,1,1
1,4.80E-22,4.30E-20,1,1,1
1,1.89E-25,2.71E-23,1,1,1
1,1.40E-14,3.13E-14,1,1,1
1,3.20E-13,3.19E-13,1,1,1
1,5.11E-17,3.38E-16,1,1,1
1,2.60E-20,2.85E-18,1,1,1
1,6.55E-18,4.45E-16,1,1,1
1,1.91E-16,6.34E-15,1,1,1
1,3.79E-19,1.14E-16,1,1,1
1,4.99E-13,6.24E-12,1,1,1
1,2.51E-08,4.52E-09,1,1,1
1,2.00E-15,3.01E-13,1,1,1
1,7.97E-12,2.19E-10,1,1,1
0.999983549,1.60E-05,4.64E-07,1,1,1
0.999994993,3.13E-06,1.92E-06,1,1,1
0.998487473,0.001372939,0.000139611,1,1,1
0.999593198,0.000373207,3.36E-05,1,1,1
0.998663187,0.001305551,3.13E-05,1,1,1
0.887786806,0.111852609,0.000360559,1,1,1
0.188000038,0.76622206,0.045777936,2,2,1
0.085938327,0.475967109,0.438094556,2,2,1
0.000161588,0.005869834,0.993968606,3,3,1
0.000407737,0.00061464,0.998977661,3,3,1
0.003031769,0.957419515,0.039548792,2,2,1
0.117945045,0.877734125,0.004320775,2,2,1
8.42E-05,0.998104334,0.001811415,2,2,1
2.32E-05,0.999747217,0.000229548,2,2,1
0.000500548,0.138148114,0.861351371,3,3,1
7.02E-06,0.976017952,0.023975084,2,2,1
4.18E-05,3.39E-05,0.999924302,3,3,1
0.000207053,0.000137479,0.999655485,3,3,1
4.10E-05,0.000192056,0.999766886,3,3,1
0.000923338,0.104555413,0.894521236,3,2,0
0.000593046,0.998586655,0.00082026,2,2,1
8.31E-05,0.928391516,0.071525447,2,2,1
6.00E-06,0.992939234,0.007054678,2,2,1
4.20E-07,0.999931931,6.76E-05,2,2,1
1.33E-05,0.999980569,6.08E-06,2,2,1
0.000494792,0.999466121,3.91E-05,2,2,1
1.36E-05,0.999981403,4.98E-06,2,2,1
0.000145432,0.971332371,0.028522177,2,2,1
6.10E-05,0.999511123,0.000427822,2,2,1
3.81E-05,0.999927521,3.44E-05,2,2,1
2.20E-06,0.999862194,0.000135586,2,2,1
0.001468092,0.968697011,0.029834893,2,2,1
2.18E-06,0.999967456,3.03E-05,2,2,1
0.000932508,0.998989761,7.78E-05,2,2,1
3.88E-05,0.999584138,0.000377056,2,2,1
2.70E-06,0.999935985,6.13E-05,2,2,1
2.94E-06,0.999959946,3.71E-05,2,2,1
3.41E-07,0.999989867,9.77E-06,2,2,1
5.04E-07,0.999976754,2.27E-05,2,2,1
2.04E-07,0.999997616,2.12E-06,2,2,1
0.000578432,0.999334872,8.67E-05,2,2,1
4.52E-05,0.999822915,0.000131936,2,2,1
3.82E-06,0.999981761,1.44E-05,2,2,1
0.000415235,0.998666763,0.000917988,2,2,1
3.40E-05,0.998679698,0.001286232,2,2,1
0.000231301,0.998916149,0.000852556,2,2,1
0.00010026,0.995195568,0.004704222,2,2,1
0.000170352,0.046461936,0.95336771,3,3,1
4.10E-06,5.17E-05,0.99994421,3,3,1
1.12E-05,8.58E-06,0.999980211,3,3,1
4.90E-07,2.52E-08,0.999999523,3,3,1
2.56E-05,7.24E-07,0.999973655,3,3,1
0.000731494,6.09E-05,0.999207556,3,3,1
0.021055588,0.001281844,0.977662563,3,3,1
3.71E-05,1.14E-05,0.999951601,3,3,1
2.13E-10,6.20E-12,1,3,3,1
4.72E-09,1.28E-10,1,3,3,1
1.36E-11,8.14E-14,1,3,3,1
1.50E-09,1.26E-11,1,3,3,1
9.34E-11,1.56E-12,1,3,3,1
2.50E-12,4.34E-16,1,3,3,1
2.62E-10,1.17E-12,1,3,3,1
6.20E-10,1.55E-10,1,3,3,1
5.30E-08,1.69E-09,1,3,3,1
4.43E-07,2.02E-07,0.999999404,3,3,1
1.43E-07,1.80E-09,0.999999881,3,3,1
0.001406838,0.103778444,0.89481473,3,3,1
0.000742572,0.995406032,0.003851385,2,2,1
2.19E-06,0.999940038,5.78E-05,2,2,1
1.04E-08,0.999999881,1.15E-07,2,2,1
1.21E-09,1,3.18E-08,2,2,1
1.14E-09,1,2.77E-08,2,2,1
2.73E-12,1,3.90E-09,2,2,1
1.51E-10,0.999999881,8.19E-08,2,2,1
1.76E-11,1,2.40E-08,2,2,1
5.99E-11,0.999999881,7.78E-08,2,2,1
5.30E-14,1,3.38E-10,2,2,1
1.86E-10,1,3.70E-09,2,2,1
9.93E-08,0.999999762,6.65E-08,2,2,1
3.11E-12,1,2.69E-10,2,2,1
7.54E-10,1,4.60E-09,2,2,1
0.000136477,0.99985671,6.80E-06,2,2,1
4.15E-11,1,6.73E-10,2,2,1
3.94E-11,1,1.03E-09,2,2,1
2.77E-10,1,2.63E-09,2,2,1
1.45E-06,0.999997973,6.09E-07,2,2,1
0.000566351,0.999433339,2.68E-07,2,2,1
0.944932938,0.055056285,1.08E-05,1,1,1
0.999994874,4.96E-06,1.24E-07,1,1,1
1,7.63E-10,2.86E-11,1,1,1
1,1.77E-09,1.25E-10,1,1,1
0.999995589,4.40E-06,3.65E-08,1,1,1
0.999998689,1.28E-06,1.84E-08,1,1,1
1,5.26E-08,8.01E-10,1,1,1
0.999999523,5.29E-07,8.23E-09,1,1,1
0.999988675,1.12E-05,1.24E-07,1,1,1
0.999733508,0.000264627,1.96E-06,1,1,1
0.999999046,9.32E-07,1.07E-08,1,1,1
1,3.93E-10,4.65E-11,1,1,1
1,2.34E-15,5.48E-15,1,1,1
1,1.51E-26,2.12E-24,1,1,1
1,1.03E-20,1.53E-19,1,1,1
1,4.21E-16,1.78E-15,1,1,1
1,1.39E-30,1.17E-27,1,1,1
1,1.83E-27,4.70E-25,1,1,1
1,2.82E-21,1.97E-19,1,1,1
1,4.43E-20,7.01E-19,1,1,1
1,2.56E-26,3.98E-24,1,1,1
1,3.62E-18,4.71E-17,1,1,1
1,1.22E-18,7.37E-18,1,1,1
1,1.16E-25,2.85E-23,1,1,1
1,3.78E-25,3.72E-23,1,1,1
1,4.77E-17,3.61E-16,1,1,1
1,7.18E-24,6.28E-22,1,1,1
1,8.06E-21,5.32E-19,1,1,1
1,9.44E-15,3.11E-14,1,1,1
1,1.07E-14,6.00E-14,1,1,1
1,5.84E-26,9.44E-23,1,1,1
1,2.71E-24,4.05E-22,1,1,1
1,1.60E-20,3.70E-19,1,1,1
1,3.38E-23,1.50E-21,1,1,1
1,1.15E-20,6.48E-19,1,1,1
1,6.91E-22,2.11E-20,1,1,1
1,4.40E-11,1.57E-11,1,1,1
1,1.69E-08,1.42E-09,1,1,1
1,6.01E-17,4.59E-17,1,1,1
1,2.22E-17,3.53E-17,1,1,1
1,2.90E-20,1.37E-18,1,1,1
1,3.34E-19,2.58E-17,1,1,1
1,4.55E-14,6.86E-14,1,1,1
1,1.03E-15,5.36E-15,1,1,1
1,2.23E-20,1.90E-18,1,1,1
1,3.61E-22,2.21E-19,1,1,1
1,2.30E-10,3.78E-10,1,1,1
1,1.79E-17,2.42E-15,1,1,1
1,1.31E-09,1.35E-09,1,1,1
1,3.25E-13,6.62E-12,1,1,1
1,5.01E-10,2.37E-09,1,1,1
1,1.12E-16,1.93E-13,1,1,1
1,9.58E-09,2.47E-08,1,1,1
0.999995232,2.40E-06,2.42E-06,1,1,1
0.999338567,0.000448699,0.000212797,1,1,1
0.999411583,0.000535653,5.28E-05,1,1,1
0.997848511,0.002028879,0.000122628,1,1,1
0.993762553,0.005912316,0.000325222,1,1,1
0.200519949,0.796164811,0.003315327,2,2,1
0.030470401,0.967266917,0.002262689,2,2,1
0.008985614,0.864151776,0.12686269,2,2,1
0.000207258,0.00016443,0.999628305,3,3,1
6.56E-05,0.004765162,0.995169222,3,3,1
0.001920538,0.253076851,0.745002568,3,2,0
0.000802428,0.944636464,0.054561097,2,2,1
0.000215273,0.018494966,0.981289804,3,3,1
1.12E-05,0.903776646,0.096212156,2,2,1
3.04E-05,0.00016773,0.999801815,3,3,1
6.88E-05,7.09E-05,0.999860287,3,3,1
0.114432722,0.013387328,0.872179985,3,3,1
0.000299862,0.00093065,0.998769462,3,3,1
0.001168996,0.240499943,0.75833106,3,2,0
0.001288375,0.010874589,0.987837017,3,3,1
0.000420012,0.765895724,0.233684212,2,2,1
2.86E-05,0.998666644,0.001304812,2,2,1
7.21E-06,0.034338411,0.965654433,3,3,1
0.000251785,0.964078367,0.035669796,2,2,1
2.11E-05,0.999804914,0.000173974,2,2,1
6.05E-05,0.985983551,0.013956049,2,2,1
5.08E-06,0.997729361,0.002265545,2,2,1
8.45E-05,0.989999712,0.009915748,2,2,1
0.009202067,0.990467608,0.000330389,2,2,1
0.000177791,0.987203538,0.012618706,2,2,1
0.000381522,0.983624935,0.015993483,2,2,1
0.078119338,0.921769977,0.000110715,2,1,0
0.975133002,0.024759511,0.000107577,1,1,1
0.935530245,0.064011417,0.000458378,1,1,1
0.019456761,0.979536891,0.001006379,2,2,1
0.088128954,0.911623359,0.00024767,2,1,0
0.000866336,0.993486643,0.005647007,2,2,1
0.000136006,0.999730051,0.000133976,2,2,1
4.51E-05,0.999792039,0.000162832,2,2,1
2.22E-05,0.9998523,0.000125434,2,2,1
8.46E-05,0.999494076,0.000421317,2,2,1
8.24E-05,0.998654723,0.001262907,2,2,1
0.000183888,0.999754727,6.14E-05,2,2,1
0.002525727,0.997322619,0.000151665,2,2,1
0.003540457,0.996187627,0.000272,2,2,1
0.716745317,0.282337546,0.000917169,1,1,1
0.665139019,0.047661103,0.287199855,1,1,1
8.47E-09,1.47E-11,1,3,3,1
3.03E-07,4.95E-10,0.999999642,3,3,1
9.28E-08,8.54E-10,0.999999881,3,3,1
8.45E-05,1.19E-05,0.99990356,3,3,1
0.000926808,0.000443473,0.998629689,3,3,1
0.018895317,0.035807446,0.945297182,3,3,1
0.000134777,9.52E-06,0.999855638,3,3,1
1.45E-07,9.11E-09,0.999999881,3,3,1
5.98E-11,7.91E-12,1,3,3,1
2.64E-12,6.23E-14,1,3,3,1
2.19E-07,3.54E-08,0.999999762,3,3,1
2.58E-07,2.31E-07,0.999999523,3,3,1
2.65E-12,4.13E-15,1,3,3,1
8.47E-11,2.41E-13,1,3,3,1
7.09E-10,2.66E-12,1,3,3,1
1.96E-08,4.20E-10,1,3,3,1
5.88E-06,2.05E-06,0.999992132,3,3,1
7.80E-08,1.79E-08,0.999999881,3,3,1
0.000137356,0.000345207,0.999517441,3,3,1
0.005139675,0.18320246,0.811657846,3,3,1
0.01202827,0.952330172,0.035641614,2,2,1
0.000362792,0.998907447,0.000729724,2,2,1
0.000331291,0.999367535,0.000301204,2,2,1
6.52E-06,0.999970675,2.27E-05,2,2,1
1.65E-07,0.999974251,2.56E-05,2,2,1
3.20E-08,0.999983549,1.65E-05,2,2,1
3.15E-07,0.999940157,5.95E-05,2,2,1
1.94E-07,0.999879241,0.00012048,2,2,1
3.01E-12,1,8.75E-09,2,2,1
5.82E-11,1,1.14E-09,2,2,1
4.14E-07,0.999999404,2.74E-07,2,2,1
4.27E-16,1,2.33E-12,2,2,1
2.69E-12,1,1.21E-10,2,2,1
4.17E-12,1,1.79E-10,2,2,1
5.96E-09,1,2.25E-08,2,2,1
4.62E-05,0.999949455,4.40E-06,2,2,1
2.02E-11,1,8.28E-10,2,2,1
2.67E-07,0.999999642,1.36E-07,2,2,1
0.997346044,0.002641947,1.20E-05,1,1,1
0.989810467,0.01016877,2.08E-05,1,1,1
0.999989867,1.01E-05,3.38E-08,1,1,1
1,1.76E-09,1.45E-10,1,1,1
1,3.97E-09,3.34E-10,1,1,1
1,5.28E-15,3.93E-15,1,1,1
1,1.18E-09,2.44E-11,1,1,1
1,3.63E-08,6.90E-10,1,1,1
1,3.04E-09,8.53E-11,1,1,1
0.999998093,1.94E-06,1.45E-08,1,1,1
0.999958396,4.11E-05,4.91E-07,1,1,1
1,4.16E-10,4.85E-11,1,1,1
1,4.16E-14,1.43E-14,1,1,1
1,9.50E-21,1.52E-19,1,1,1
1,4.63E-22,6.77E-21,1,1,1
1,1.04E-18,1.03E-17,1,1,1
1,1.63E-15,2.88E-15,1,1,1
1,4.99E-20,1.67E-18,1,1,1
1,4.95E-22,1.44E-20,1,1,1
1,4.72E-20,2.98E-19,1,1,1
1,1.20E-31,3.92E-28,1,1,1
1,1.63E-18,9.94E-18,1,1,1
1,1.63E-20,2.21E-19,1,1,1
1,9.61E-17,1.48E-16,1,1,1
1,1.92E-30,7.83E-28,1,1,1
1,3.24E-21,1.32E-19,1,1,1
1,1.69E-18,2.55E-17,1,1,1
1,1.87E-22,2.47E-20,1,1,1
1,3.12E-12,5.32E-12,1,1,1
1,2.21E-14,3.23E-14,1,1,1
1,9.47E-20,2.50E-18,1,1,1
1,1.49E-14,5.72E-14,1,1,1
1,9.93E-19,2.36E-17,1,1,1
1,1.43E-18,5.98E-18,1,1,1
1,3.43E-20,7.33E-19,1,1,1
1,3.30E-18,1.19E-16,1,1,1
1,5.97E-14,1.68E-13,1,1,1
1,8.65E-11,1.34E-11,1,1,1
0.99999392,5.77E-06,3.67E-07,1,1,1
0.999998689,1.33E-06,4.52E-08,1,1,1
1,4.52E-15,1.51E-15,1,1,1
1,2.08E-20,9.20E-19,1,1,1
1,5.02E-23,1.20E-20,1,1,1
1,1.38E-17,1.91E-16,1,1,1
1,1.15E-18,2.08E-17,1,1,1
1,5.78E-18,4.84E-16,1,1,1
1,1.38E-16,2.34E-15,1,1,1
1,1.41E-22,7.19E-20,1,1,1
1,1.29E-08,8.78E-09,1,1,1
1,5.51E-12,2.38E-11,1,1,1
1,4.30E-09,4.03E-09,1,1,1
1,3.63E-16,1.28E-13,1,1,1
1,8.57E-14,1.73E-11,1,1,1
1,1.21E-10,6.73E-09,1,1,1
0.999999881,2.37E-08,1.74E-07,1,1,1
0.99983716,5.06E-05,0.000112118,1,1,1
0.999999285,7.83E-08,5.68E-07,1,1,1
0.999975204,2.00E-05,4.82E-06,1,1,1
0.999971151,1.10E-05,1.79E-05,1,1,1
0.999138713,0.000300227,0.000560966,1,1,1
0.692229033,0.268821955,0.038948998,1,1,1
0.078680888,0.895569205,0.025749935,2,2,1
0.014725176,0.770755887,0.214518994,2,2,1
0.005337104,0.722170711,0.2724922,2,2,1
0.000195961,0.987364113,0.012439889,2,2,1
0.001424536,0.509154439,0.48942098,2,2,1
0.000239386,0.004654071,0.995106578,3,3,1
1.86E-05,0.017560009,0.982421458,3,3,1
0.000579275,0.013578732,0.98584193,3,3,1
0.011375984,0.008349716,0.98027426,3,3,1
0.000640278,0.000767886,0.99859184,3,3,1
0.498319685,0.392834663,0.108845562,1,1,1
0.08561305,0.102071486,0.812315464,3,3,1
9.03E-07,6.63E-07,0.99999845,3,3,1
3.89E-06,4.06E-06,0.999992013,3,3,1
0.001521624,0.283492833,0.714985549,3,2,0
0.003072307,0.083517388,0.913410366,3,2,0
1.06E-07,4.71E-07,0.999999404,3,3,1
0.003656019,0.557622313,0.438721716,2,2,1
0.000138675,0.711600602,0.288260788,2,2,1
0.001408198,0.030196344,0.968395412,3,2,0
0.006350846,0.714740336,0.278908819,2,2,1
0.002019859,0.99718225,0.000797883,2,2,1
0.004408219,0.986619473,0.008972338,2,2,1
0.009415924,0.983659029,0.006924963,2,2,1
0.492172927,0.507569134,0.000257917,2,1,0
0.970680356,0.029042698,0.000276942,1,1,1
0.988649368,0.011017843,0.000332817,1,1,1
0.719107807,0.236232549,0.044659603,1,1,1
0.280623913,0.717796206,0.001579872,2,2,1
0.38773486,0.60473752,0.007527637,2,2,1
0.01204525,0.984389007,0.00356579,2,2,1
0.090093046,0.908134282,0.001772688,2,2,1
0.00760209,0.992249131,0.000148834,2,2,1
0.012333817,0.987305403,0.000360744,2,2,1
0.923885226,0.07554511,0.000569573,1,1,1
0.777912378,0.221765786,0.000321863,1,1,1
0.985436499,0.009052839,0.005510623,1,1,1
0.682263434,0.289411992,0.028324572,1,2,0
0.990999639,0.007988196,0.001012229,1,1,1
2.04E-07,3.05E-10,0.999999762,3,3,1
4.41E-09,4.65E-14,1,3,3,1
0.000328433,1.86E-06,0.999669671,3,3,1
1.86E-06,2.34E-08,0.999998093,3,3,1
8.72E-08,2.07E-09,0.999999881,3,3,1
3.54E-06,1.96E-06,0.999994516,3,3,1
0.008866881,0.00094217,0.990190983,3,3,1
5.50E-07,1.16E-08,0.999999404,3,3,1
0.001203667,0.000652915,0.998143435,3,3,1
1.18E-07,6.17E-07,0.999999285,3,3,1
1.02E-11,6.98E-13,1,3,3,1
4.66E-07,8.10E-07,0.999998689,3,3,1
4.63E-10,8.22E-11,1,3,3,1
1.03E-10,1.17E-12,1,3,3,1
7.48E-09,5.98E-11,1,3,3,1
1.32E-07,9.80E-10,0.999999881,3,3,1
2.09E-08,2.99E-10,1,3,3,1
0.000302566,1.62E-05,0.999681234,3,3,1
0.025498739,0.00071184,0.973789454,3,3,1
0.811092496,0.092763662,0.096143864,1,1,1
0.276694626,0.294826597,0.428478748,3,1,0
0.002117281,0.032626383,0.965256274,3,3,1
0.000554115,0.000925216,0.998520672,3,3,1
0.001165587,0.041598082,0.957236409,3,3,1
0.004985231,0.34262085,0.652393937,3,3,1
0.000639023,0.979949653,0.019411396,2,2,1
0.002635896,0.970825851,0.026538244,2,2,1
0.000287378,0.992276013,0.007436631,2,2,1
2.61E-05,0.99822098,0.001752952,2,2,1
1.25E-09,0.999999046,9.85E-07,2,2,1
1.88E-12,1,1.23E-09,2,2,1
2.25E-09,1,2.23E-08,2,2,1
4.61E-12,1,7.03E-10,2,2,1
4.23E-08,1,4.05E-08,2,2,1
2.20E-17,1,2.30E-13,2,2,1
1.71E-07,0.999999762,9.34E-08,2,2,1
1.27E-09,1,1.03E-08,2,2,1
1.15E-09,1,7.31E-09,2,2,1
2.92E-06,0.999995828,1.24E-06,2,2,1
0.998624325,0.00135016,2.55E-05,1,1,1
0.999993563,6.03E-06,3.56E-07,1,1,1
1,4.88E-11,3.57E-11,1,1,1
1,1.01E-13,1.83E-13,1,1,1
1,8.75E-11,2.19E-11,1,1,1
1,1.61E-12,6.80E-13,1,1,1
1,2.83E-11,8.02E-12,1,1,1
1,5.31E-15,3.39E-15,1,1,1
1,3.42E-08,1.66E-09,1,1,1
0.999998689,1.37E-06,1.52E-08,1,1,1
0.999999642,3.47E-07,1.18E-08,1,1,1
1,4.49E-08,1.38E-09,1,1,1
1,1.27E-12,3.08E-13,1,1,1
1,3.30E-24,1.53E-22,1,1,1
1,5.00E-23,1.63E-21,1,1,1
1,5.57E-21,5.98E-20,1,1,1
1,2.75E-26,2.44E-24,1,1,1
1,2.20E-15,1.71E-15,1,1,1
1,8.01E-19,5.53E-18,1,1,1
1,6.05E-21,9.18E-20,1,1,1
1,3.46E-26,3.84E-24,1,1,1
1,3.27E-19,2.17E-18,1,1,1
1,4.53E-27,7.26E-25,1,1,1
1,1.54E-19,1.47E-18,1,1,1
1,3.87E-27,7.29E-25,1,1,1
1,8.22E-31,1.84E-27,1,1,1
1,7.55E-26,2.60E-23,1,1,1
1,3.55E-22,5.72E-20,1,1,1
1,3.53E-13,4.76E-13,1,1,1
1,3.12E-14,3.65E-14,1,1,1
1,9.98E-21,3.52E-19,1,1,1
1,3.19E-22,1.63E-20,1,1,1
1,4.94E-16,4.58E-15,1,1,1
1,2.12E-14,4.81E-14,1,1,1
1,1.55E-21,2.65E-20,1,1,1
1,3.47E-24,5.33E-22,1,1,1
1,2.20E-13,2.31E-13,1,1,1
1,2.47E-09,5.11E-10,1,1,1
0.999999285,6.61E-07,3.35E-08,1,1,1
1,6.97E-10,9.51E-11,1,1,1
1,5.75E-10,2.01E-11,1,1,1
1,6.21E-15,1.60E-14,1,1,1
1,2.28E-14,8.85E-14,1,1,1
1,2.29E-27,2.35E-24,1,1,1
1,3.96E-34,6.44E-29,1,1,1
1,4.51E-28,1.11E-24,1,1,1
1,2.49E-20,6.08E-19,1,1,1
1,5.97E-09,2.50E-09,1,1,1
0.999306321,0.000687142,6.59E-06,1,1,1
1,3.89E-17,2.13E-15,1,1,1
1,6.44E-12,6.79E-11,1,1,1
1,4.08E-15,1.58E-13,1,1,1
0.999999881,1.93E-08,6.67E-08,1,1,1
1,1.01E-10,9.62E-09,1,1,1
0.999995351,1.23E-06,3.44E-06,1,1,1
0.999999762,6.30E-09,2.69E-07,1,1,1
0.999991894,1.40E-06,6.71E-06,1,1,1
0.99999702,5.27E-07,2.53E-06,1,1,1
0.999981642,3.86E-06,1.46E-05,1,1,1
0.999794662,0.000103711,0.000101613,1,1,1
0.967427671,0.011855804,0.020716501,1,1,1
0.016575895,0.967429817,0.015994249,2,2,1
0.021969035,0.976377547,0.0016535,2,2,1
0.002621116,0.992927611,0.004451319,2,2,1
0.000296592,0.997756898,0.001946479,2,2,1
0.000819578,0.990226626,0.008953732,2,2,1
8.67E-05,8.59E-06,0.999904633,3,3,1
3.44E-05,1.36E-05,0.999952078,3,3,1
0.00013051,0.020856762,0.979012728,3,3,1
0.001228022,0.000423964,0.998347998,3,3,1
0.000112774,8.04E-06,0.999879122,3,3,1
0.000579361,8.99E-05,0.999330759,3,3,1
0.004229559,0.00160359,0.994166851,3,3,1
0.001419847,0.001119682,0.997460485,3,3,1
4.07E-08,3.27E-10,1,3,3,1
5.68E-06,2.95E-06,0.999991417,3,3,1
1.78E-06,8.61E-06,0.999989629,3,3,1
1.72E-08,3.25E-09,1,3,3,1
8.29E-08,4.72E-09,0.999999881,3,3,1
1.57E-07,6.44E-08,0.999999762,3,3,1
5.71E-05,8.94E-06,0.999933958,3,3,1
3.61E-05,1.15E-05,0.999952316,3,3,1
0.009619898,0.01565543,0.97472465,3,2,0
0.013877368,0.283957422,0.702165246,3,2,0
0.92485708,0.057418942,0.017724093,1,1,1
0.47528258,0.522485614,0.0022318,2,2,1
0.983977497,0.01579266,0.000229812,1,1,1
0.991513669,0.008161151,0.00032511,1,1,1
0.998173594,0.001707278,0.000119099,1,1,1
0.997788906,0.002094246,0.00011681,1,1,1
0.998360336,0.001159197,0.000480431,1,1,1
0.951516688,0.045164149,0.00331918,1,1,1
0.140218794,0.858809114,0.00097205,2,2,1
0.990869403,0.00878078,0.000349896,1,1,1
0.883681297,0.031615384,0.084703371,1,1,1
0.995630145,0.004176952,0.000192898,1,1,1
0.995071292,0.004844544,8.43E-05,1,1,1
0.999284565,0.000545212,0.000170198,1,1,1
0.984641492,0.014437643,0.00092078,1,1,1
0.991417646,0.008369116,0.00021325,1,1,1
0.005653626,1.07E-05,0.994335711,3,3,1
0.070556574,6.73E-05,0.929376185,3,3,1
0.97920996,0.001912903,0.018877115,1,1,1
0.000815399,7.71E-06,0.999176919,3,3,1
3.55E-09,1.85E-11,1,3,3,1
5.24E-07,4.53E-09,0.999999523,3,3,1
3.83E-07,2.41E-09,0.999999642,3,3,1
3.16E-07,1.22E-07,0.999999523,3,3,1
7.16E-07,7.14E-06,0.999992132,3,3,1
1.25E-08,4.83E-08,0.999999881,3,3,1
1.59E-10,4.39E-11,1,3,3,1
1.09E-13,2.28E-15,1,3,3,1
6.22E-12,1.34E-13,1,3,3,1
5.20E-08,9.37E-10,1,3,3,1
5.43E-10,1.17E-12,1,3,3,1
5.68E-10,3.33E-12,1,3,3,1
2.87E-08,2.26E-10,1,3,3,1
0.000380107,4.75E-06,0.999615073,3,3,1
0.991475701,0.007959357,0.000565013,1,1,1
0.993543148,0.006067832,0.000389095,1,1,1
0.975918472,0.012928412,0.011152989,1,1,1
0.807279766,0.083536506,0.109183721,1,1,1
8.29E-05,0.000252504,0.999664545,3,3,1
6.40E-06,2.54E-06,0.999991059,3,3,1
2.97E-05,2.06E-05,0.999949813,3,3,1
7.50E-05,0.000354167,0.999570787,3,3,1
0.000880965,0.005622033,0.993497014,3,3,1
0.001405853,0.023332106,0.975262046,3,3,1
2.91E-05,0.999807298,0.000163647,2,2,1
7.48E-06,0.999954224,3.82E-05,2,2,1
8.59E-07,0.999997735,1.47E-06,2,2,1
1.90E-06,0.999997377,7.33E-07,2,2,1
1.22E-06,0.99999845,3.92E-07,2,2,1
1.79E-15,1,3.55E-12,2,2,1
1.02E-07,0.999999762,1.45E-07,2,2,1
7.09E-08,0.999999762,6.07E-08,2,2,1
1.59E-06,0.999997854,5.89E-07,2,2,1
1.76E-07,0.999999762,1.49E-07,2,2,1
7.36E-07,0.999998927,3.11E-07,2,2,1
0.999994397,3.91E-06,1.63E-06,1,1,1
1,2.16E-09,1.83E-09,1,1,1
0.999999881,6.58E-08,2.12E-08,1,1,1
1,4.40E-15,2.34E-15,1,1,1
1,1.15E-12,1.52E-13,1,1,1
0.999986768,1.31E-05,1.38E-07,1,1,1
0.999984622,1.53E-05,1.41E-07,1,1,1
1,1.25E-12,7.62E-14,1,1,1
1,4.37E-15,5.16E-15,1,1,1
0.999999762,2.20E-07,8.63E-09,1,1,1
0.999999046,9.19E-07,1.90E-08,1,1,1
0.999998569,1.29E-06,6.69E-08,1,1,1
1,3.11E-11,5.11E-12,1,1,1
1,9.64E-22,1.31E-20,1,1,1
1,2.01E-18,9.73E-18,1,1,1
1,3.45E-26,6.02E-24,1,1,1
1,2.73E-27,2.96E-25,1,1,1
1,2.79E-22,4.48E-21,1,1,1
1,5.58E-15,9.56E-15,1,1,1
1,1.59E-15,1.40E-15,1,1,1
1,1.67E-21,1.47E-20,1,1,1
1,2.37E-27,7.08E-25,1,1,1
1,1.04E-33,6.15E-30,1,1,1
1,4.46E-28,1.19E-25,1,1,1
1,1.94E-25,6.07E-23,1,1,1
1,3.48E-30,4.48E-27,1,1,1
1,3.42E-28,1.94E-25,1,1,1
1,7.25E-27,5.24E-24,1,1,1
1,9.54E-20,1.59E-18,1,1,1
1,1.79E-25,1.25E-23,1,1,1
1,2.89E-22,2.85E-20,1,1,1
1,1.47E-19,3.17E-18,1,1,1
1,1.80E-13,6.50E-13,1,1,1
1,1.18E-10,5.08E-11,1,1,1
1,1.75E-29,2.26E-26,1,1,1
1,4.38E-32,1.36E-28,1,1,1
1,5.10E-27,8.41E-24,1,1,1
1,4.09E-08,4.61E-09,1,1,1
1,4.31E-12,2.21E-12,1,1,1
1,1.79E-22,5.56E-21,1,1,1
1,2.36E-23,2.05E-21,1,1,1
1,3.92E-26,1.76E-23,1,1,1
1,3.56E-28,1.08E-24,1,1,1
1,9.42E-32,1.35E-27,1,1,1
1,1.06E-34,1.80E-30,1,1,1
1,4.06E-28,7.85E-25,1,1,1
1,3.95E-20,1.25E-18,1,1,1
1,3.03E-12,4.20E-12,1,1,1
1,1.28E-16,3.54E-15,1,1,1
1,2.69E-14,2.97E-13,1,1,1
1,6.52E-11,2.07E-10,1,1,1
1,2.84E-15,3.14E-13,1,1,1
1,3.58E-11,5.54E-10,1,1,1
1,7.14E-11,1.30E-08,1,1,1
0.999997973,2.90E-07,1.73E-06,1,1,1
0.999932051,2.18E-05,4.61E-05,1,1,1
0.999999881,2.74E-10,9.18E-08,1,1,1
0.999998212,3.67E-08,1.83E-06,1,1,1
0.998745441,0.000601051,0.00065349,1,1,1
0.999673605,7.72E-05,0.00024918,1,1,1
0.998416066,0.000803765,0.000780187,1,1,1
0.982842743,0.01374451,0.003412744,1,1,1
0.105880752,0.891008675,0.003110553,2,2,1
0.376038462,0.620706439,0.003255127,2,2,1
0.187313512,0.812030256,0.000656189,2,2,1
0.000262847,0.996868193,0.002868957,2,2,1
0.000366928,0.015105451,0.984527647,3,3,1
1.92E-06,9.12E-06,0.999988914,3,3,1
0.025280101,0.124694206,0.850025713,3,3,1
1.10E-06,3.53E-08,0.999998808,3,3,1
6.82E-09,5.27E-09,1,3,3,1
0.000129339,2.19E-06,0.999868512,3,3,1
6.59E-09,5.76E-11,1,3,3,1
0.001425601,1.03E-05,0.998564184,3,3,1
3.33E-05,5.37E-07,0.999966145,3,3,1
2.50E-05,2.09E-06,0.999972939,3,3,1
8.39E-06,1.58E-07,0.999991417,3,3,1
1.96E-09,5.12E-09,1,3,3,1
9.43E-08,2.66E-08,0.999999881,3,3,1
3.62E-06,2.61E-08,0.999996305,3,3,1
1.19E-05,5.59E-07,0.999987483,3,3,1
2.51E-06,4.12E-08,0.999997497,3,3,1
1.83E-06,1.03E-08,0.999998212,3,3,1
0.001413542,0.000104228,0.998482287,3,3,1
0.988345265,0.00692425,0.004730434,1,1,1
0.057777483,0.006107665,0.936114907,3,3,1
0.8252455,0.023277933,0.151476532,1,1,1
0.977023125,0.021000015,0.0019768,1,1,1
0.998922765,0.000974008,0.000103258,1,1,1
0.986984491,0.012494442,0.000521148,1,1,1
0.998629928,0.001029381,0.000340671,1,1,1
0.876259744,0.00544746,0.118292809,1,1,1
0.965231836,0.002682692,0.032085381,1,1,1
0.997021735,0.002585652,0.000392564,1,1,1
0.99796474,0.001728691,0.000306604,1,1,1
0.99502039,0.002166985,0.002812643,1,1,1
0.999663949,0.000284363,5.17E-05,1,1,1
0.999321699,0.000615502,6.28E-05,1,1,1
0.998896956,0.000321836,0.000781125,1,1,1
0.999701917,0.000271713,2.63E-05,1,1,1
0.999493957,0.000383768,0.000122214,1,1,1
1.97E-05,1.56E-08,0.99998033,3,3,1
0.002473507,8.86E-06,0.997517705,3,3,1
1.09E-06,2.79E-08,0.999998927,3,3,1
1.45E-06,2.36E-08,0.999998569,3,3,1
0.000955036,0.000438035,0.99860698,3,3,1
5.31E-10,8.43E-11,1,3,3,1
5.59E-11,4.06E-11,1,3,3,1
1.81E-10,1.77E-10,1,3,3,1
4.40E-07,7.20E-06,0.999992371,3,3,1
9.62E-11,8.43E-12,1,3,3,1
1.80E-13,1.85E-15,1,3,3,1
3.21E-14,1.25E-17,1,3,3,1
1.04E-13,1.60E-17,1,3,3,1
2.20E-08,1.95E-09,1,3,3,1
1.90E-06,1.10E-08,0.999998093,3,3,1
0.214225799,0.001959518,0.783814669,3,3,1
0.000290479,2.06E-06,0.999707401,3,3,1
0.994005263,0.005432666,0.000562166,1,1,1
0.9859972,0.010740525,0.003262261,1,1,1
0.687580764,0.013703157,0.298716098,1,1,1
1.16E-07,1.13E-09,0.999999881,3,3,1
6.45E-08,1.58E-09,0.999999881,3,3,1
0.00017065,9.86E-06,0.999819458,3,3,1
0.000287836,0.014319222,0.985392988,3,3,1
0.000361523,0.01733768,0.982300758,3,3,1
5.84E-06,1.31E-06,0.999992847,3,3,1
0.000242829,9.37E-05,0.999663472,3,3,1
0.0007866,0.99566108,0.003552387,2,2,1
0.000245369,0.994654536,0.005100106,2,2,1
0.058956861,0.940211117,0.000831957,2,2,1
5.35E-09,0.999999881,9.92E-08,2,2,1
5.02E-15,1,2.40E-11,2,2,1
7.35E-14,1,1.59E-11,2,2,1
2.62E-15,1,4.18E-12,2,2,1
2.58E-15,1,4.40E-12,2,2,1
3.35E-06,0.999995828,8.20E-07,2,2,1
0.952157021,0.047405284,0.000437641,1,2,0
0.000504544,0.999477088,1.83E-05,2,2,1
1.21E-05,0.999987721,1.63E-07,2,2,1
1,2.42E-10,1.22E-09,1,1,1
1,1.71E-10,1.85E-10,1,1,1
1,4.51E-12,1.00E-12,1,1,1
1,1.99E-17,9.70E-17,1,1,1
1,2.94E-13,1.06E-13,1,1,1
1,1.19E-08,2.99E-10,1,1,1
1,4.07E-14,2.29E-14,1,1,1
1,4.16E-17,5.55E-17,1,1,1
1,3.00E-09,2.46E-10,1,1,1
0.999875784,0.000121444,2.72E-06,1,1,1
0.999863505,0.00013277,3.64E-06,1,1,1
1,5.40E-14,3.69E-14,1,1,1
1,2.94E-19,3.19E-18,1,1,1
1,3.64E-22,4.56E-21,1,1,1
1,1.37E-18,2.89E-18,1,1,1
1,3.11E-14,2.09E-14,1,1,1
1,3.23E-27,2.62E-25,1,1,1
1,3.77E-27,2.35E-25,1,1,1
1,1.36E-22,4.36E-21,1,1,1
1,3.87E-19,1.61E-18,1,1,1
1,6.22E-17,2.33E-16,1,1,1
1,2.95E-21,9.20E-20,1,1,1
1,2.79E-25,2.91E-23,1,1,1
1,2.81E-16,1.06E-15,1,1,1
1,6.11E-15,1.47E-14,1,1,1
1,1.54E-28,1.03E-25,1,1,1
1,1.30E-18,2.19E-17,1,1,1
1,1.20E-15,6.86E-15,1,1,1
1,1.79E-20,3.64E-19,1,1,1
1,4.92E-15,1.85E-14,1,1,1
1,1.68E-21,5.68E-20,1,1,1
1,9.18E-13,1.57E-12,1,1,1
1,1.78E-08,2.30E-09,1,1,1
1,6.86E-17,4.96E-16,1,1,1
1,4.68E-24,4.77E-22,1,1,1
1,2.17E-24,2.88E-22,1,1,1
1,4.81E-19,1.01E-17,1,1,1
1,6.76E-11,3.60E-11,1,1,1
1,2.01E-17,2.12E-16,1,1,1
1,2.42E-28,6.98E-25,1,1,1
1,1.16E-26,1.36E-23,1,1,1
1,2.64E-21,8.87E-20,1,1,1
1,3.10E-17,1.29E-16,1,1,1
1,2.72E-22,2.88E-20,1,1,1
1,4.76E-31,4.76E-27,1,1,1
1,8.22E-25,3.49E-22,1,1,1
1,3.52E-20,2.21E-18,1,1,1
1,1.36E-16,1.70E-15,1,1,1
1,5.55E-10,7.64E-10,1,1,1
1,1.72E-08,9.54E-09,1,1,1
1,7.77E-14,3.90E-12,1,1,1
1,2.72E-13,9.85E-12,1,1,1
0.999999642,9.42E-08,2.72E-07,1,1,1
0.999999166,1.69E-07,7.15E-07,1,1,1
0.999999166,6.92E-08,7.43E-07,1,1,1
0.999999285,8.42E-08,6.45E-07,1,1,1
0.999991298,8.06E-07,7.81E-06,1,1,1
0.999988794,3.14E-07,1.08E-05,1,1,1
0.999919415,5.21E-05,2.85E-05,1,1,1
0.999765217,0.000104789,0.000130078,1,1,1
0.999465048,0.000447756,8.73E-05,1,1,1
0.979255736,0.019600185,0.001144123,1,1,1
0.075861201,0.914595127,0.009543723,2,2,1
0.907975554,0.091721125,0.000303276,1,2,0
0.014165061,0.985513926,0.000320947,2,2,1
0.00057113,0.998743951,0.000684988,2,2,1
2.01E-05,0.000111227,0.999868631,3,3,1
7.33E-07,7.86E-07,0.99999845,3,3,1
8.19E-06,6.62E-06,0.999985218,3,3,1
3.36E-05,0.000149479,0.999816954,3,3,1
1.20E-05,2.72E-06,0.999985337,3,3,1
5.53E-07,9.65E-09,0.999999404,3,3,1
0.000582525,5.82E-08,0.999417424,3,3,1
7.90E-07,1.24E-09,0.999999166,3,3,1
0.000207521,1.80E-06,0.999790728,3,3,1
0.001121904,8.47E-07,0.998877227,3,3,1
1.11E-09,3.35E-12,1,3,3,1
7.88E-10,2.53E-12,1,3,3,1
9.16E-06,7.59E-08,0.999990821,3,3,1
2.42E-06,2.31E-08,0.999997616,3,3,1
1.53E-07,6.16E-10,0.999999881,3,3,1
1.87E-08,7.08E-12,1,3,3,1
3.44E-06,2.86E-08,0.999996543,3,3,1
2.23E-08,2.66E-10,1,3,3,1
4.85E-05,2.56E-06,0.999948978,3,3,1
8.63E-05,8.46E-06,0.999905229,3,3,1
0.001819452,0.000133526,0.998046994,3,3,1
0.030797035,0.000983404,0.968219578,3,3,1
0.00036536,3.99E-06,0.99963069,3,3,1
0.00160026,1.94E-05,0.998380303,3,3,1
0.902108252,0.00171488,0.09617693,1,1,1
0.931910038,0.000335541,0.067754447,1,1,1
0.968552947,0.001507524,0.029939542,1,1,1
0.994339287,0.000593849,0.005066909,1,1,1
0.958735287,0.002102997,0.03916169,1,1,1
0.998749137,0.0001984,0.001052484,1,1,1
0.996944368,0.000513433,0.002542248,1,1,1
0.877375364,0.000248314,0.1223763,1,1,1
0.996140301,0.000373666,0.003485991,1,1,1
0.770748496,0.000421965,0.228829473,1,1,1
2.12E-05,1.24E-07,0.999978662,3,3,1
5.69E-07,6.55E-09,0.999999404,3,3,1
1.26E-07,4.63E-09,0.999999881,3,3,1
8.96E-12,2.98E-15,1,3,3,1
5.40E-10,7.79E-10,1,3,3,1
1.66E-08,9.79E-09,1,3,3,1
8.06E-10,3.91E-10,1,3,3,1
8.93E-10,2.49E-09,1,3,3,1
2.26E-13,3.87E-16,1,3,3,1
1.09E-10,5.17E-11,1,3,3,1
4.18E-08,2.09E-09,1,3,3,1
2.83E-14,1.31E-16,1,3,3,1
1.08E-16,6.20E-23,1,3,3,1
2.43E-12,9.90E-16,1,3,3,1
3.60E-06,2.14E-08,0.999996424,3,3,1
2.16E-05,7.28E-07,0.999977708,3,3,1
4.95E-05,5.10E-07,0.999950051,3,3,1
0.003535251,0.000553563,0.995911241,3,3,1
0.990796685,0.002729109,0.006474162,1,1,1
0.97399354,0.005235766,0.020770652,1,1,1
0.011025019,0.000212243,0.988762796,3,3,1
0.002036275,7.82E-05,0.997885525,3,3,1
0.525168598,0.159639388,0.315191984,1,1,1
6.58E-06,7.14E-05,0.999922037,3,3,1
0.244172171,0.206968948,0.548858881,3,1,0
0.000270667,0.000277764,0.999451578,3,3,1
2.18E-08,1.47E-10,1,3,3,1
1.51E-07,2.81E-06,0.99999702,3,3,1
0.000636189,0.036876325,0.962487519,3,3,1
0.862631738,0.136992335,0.000375996,1,1,1
6.10E-11,1,2.19E-08,2,2,1
3.31E-13,1,2.11E-10,2,2,1
1.05E-11,1,5.02E-10,2,2,1
8.77E-10,1,1.07E-08,2,2,1
5.02E-13,1,6.85E-11,2,2,1
5.39E-13,1,6.22E-11,2,2,1
4.62E-05,0.999950767,3.03E-06,2,2,1
5.67E-06,0.999993086,1.13E-06,2,2,1
6.48E-10,1,5.31E-11,2,2,1
0.999527335,0.000442048,3.06E-05,1,1,1
1,3.11E-12,1.39E-12,1,1,1
1,1.17E-14,1.75E-14,1,1,1
1,3.51E-15,3.98E-15,1,1,1
1,2.33E-16,5.18E-16,1,1,1
1,2.49E-11,3.42E-12,1,1,1
1,7.45E-14,2.55E-14,1,1,1
1,3.36E-14,1.29E-14,1,1,1
1,9.23E-14,2.49E-14,1,1,1
0.999932408,6.65E-05,1.12E-06,1,1,1
0.999925494,7.29E-05,1.63E-06,1,1,1
0.999979854,1.97E-05,4.73E-07,1,1,1
1,1.76E-12,1.09E-12,1,1,1
1,2.50E-20,1.62E-19,1,1,1
1,9.90E-14,8.65E-14,1,1,1
1,4.44E-14,3.93E-14,1,1,1
1,3.09E-16,3.65E-16,1,1,1
1,3.58E-22,2.76E-21,1,1,1
1,1.07E-26,3.36E-25,1,1,1
1,1.09E-27,5.10E-26,1,1,1
1,2.91E-22,1.10E-20,1,1,1
1,1.02E-22,2.61E-21,1,1,1
1,1.54E-19,1.62E-18,1,1,1
1,1.04E-14,1.65E-14,1,1,1
1,1.32E-15,2.29E-15,1,1,1
1,5.34E-18,1.69E-17,1,1,1
1,1.91E-23,2.59E-21,1,1,1
1,1.38E-22,1.33E-20,1,1,1
1,1.89E-21,1.47E-19,1,1,1
1,7.83E-22,4.32E-20,1,1,1
1,3.85E-19,4.23E-18,1,1,1
1,1.97E-13,3.40E-13,1,1,1
1,1.82E-12,1.17E-12,1,1,1
1,6.44E-19,1.75E-17,1,1,1
1,6.12E-25,1.83E-22,1,1,1
1,4.64E-24,2.64E-21,1,1,1
1,1.17E-31,2.53E-28,1,1,1
1,3.46E-29,4.50E-26,1,1,1
1,1.25E-26,5.25E-24,1,1,1
1,3.72E-32,5.30E-28,1,1,1
1,7.64E-27,4.61E-24,1,1,1
1,1.48E-23,2.54E-21,1,1,1
1,2.90E-27,8.97E-25,1,1,1
1,2.32E-18,1.73E-17,1,1,1
1,6.42E-17,1.99E-16,1,1,1
1,9.11E-17,3.97E-16,1,1,1
1,9.82E-19,1.28E-17,1,1,1
1,6.42E-16,5.36E-15,1,1,1
1,1.25E-13,4.89E-13,1,1,1
1,2.10E-11,4.73E-11,1,1,1
1,3.66E-11,1.99E-10,1,1,1
1,1.51E-11,3.22E-10,1,1,1
1,3.91E-11,5.95E-09,1,1,1
1,5.46E-09,5.15E-08,1,1,1
1,5.08E-12,3.16E-09,1,1,1
0.999999046,1.69E-09,8.99E-07,1,1,1
1,5.19E-10,3.86E-08,1,1,1
0.999972701,6.44E-07,2.66E-05,1,1,1
0.999996543,7.71E-07,2.79E-06,1,1,1
1,1.85E-09,4.31E-08,1,1,1
0.999985099,1.21E-05,2.90E-06,1,1,1
0.99976033,0.000230627,9.04E-06,1,1,1
0.97826755,0.020251479,0.001480942,1,1,1
0.068290442,0.929118514,0.002591038,2,2,1
0.03823093,0.955931425,0.005837671,2,2,1
0.010616615,0.987826526,0.001556921,2,2,1
0.006227798,0.909651637,0.084120631,2,2,1
5.96E-09,1.69E-07,0.999999881,3,3,1
1.84E-07,5.27E-08,0.999999762,3,3,1
0.001533274,0.00055545,0.997911274,3,3,1
0.016864646,0.001794737,0.981340647,3,3,1
1.02E-07,6.54E-09,0.999999881,3,3,1
0.005131254,9.62E-08,0.994868636,3,3,1
0.000859893,3.07E-07,0.999139786,3,3,1
0.003405273,4.94E-07,0.99659425,3,3,1
9.93E-06,2.08E-10,0.999990106,3,3,1
4.31E-08,2.87E-12,1,3,3,1
2.88E-07,2.15E-09,0.999999762,3,3,1
0.071641475,0.000133343,0.928225219,3,3,1
1.31E-05,2.28E-07,0.999986649,3,3,1
9.47E-07,4.38E-09,0.999999046,3,3,1
1.77E-07,2.62E-09,0.999999762,3,3,1
3.09E-09,5.26E-12,1,3,3,1
3.09E-08,9.11E-11,1,3,3,1
2.43E-10,3.37E-13,1,3,3,1
5.36E-09,2.69E-11,1,3,3,1
2.47E-08,4.92E-11,1,3,3,1
6.56E-09,3.58E-12,1,3,3,1
4.68E-09,4.19E-11,1,3,3,1
2.84E-09,5.43E-11,1,3,3,1
1.17E-05,1.15E-07,0.999988198,3,3,1
0.998303175,0.001321607,0.000375272,1,1,1
0.772397339,0.002377013,0.225225613,1,1,1
0.0017302,3.44E-05,0.998235345,3,3,1
0.092974328,7.46E-05,0.90695107,3,3,1
0.00067426,1.59E-06,0.999324203,3,3,1
4.49E-06,3.75E-09,0.99999547,3,3,1
4.38E-05,4.26E-08,0.999956131,3,3,1
0.077390887,0.000171861,0.92243731,3,3,1
0.050083037,6.29E-05,0.949854076,3,3,1
2.39E-05,2.61E-06,0.999973536,3,3,1
8.54E-05,3.41E-07,0.999914169,3,3,1
7.74E-08,9.53E-10,0.999999881,3,3,1
2.01E-09,5.88E-11,1,3,3,1
9.34E-10,2.54E-10,1,3,3,1
1.68E-11,2.93E-12,1,3,3,1
1.44E-13,1.02E-13,1,3,3,1
1.13E-15,5.74E-17,1,3,3,1
1.13E-15,9.18E-18,1,3,3,1
2.33E-15,3.54E-17,1,3,3,1
7.18E-13,3.93E-15,1,3,3,1
9.44E-14,4.72E-16,1,3,3,1
6.10E-12,2.75E-16,1,3,3,1
1.73E-11,9.46E-13,1,3,3,1
7.28E-08,1.74E-10,0.999999881,3,3,1
1.77E-06,1.22E-08,0.999998212,3,3,1
0.000256765,4.16E-06,0.99973911,3,3,1
3.95E-09,7.62E-11,1,3,3,1
0.93759644,0.001718134,0.06068537,1,1,1
0.01769669,0.000168734,0.982134581,3,3,1
0.980125368,0.000677354,0.019197278,1,1,1
0.033741359,0.000267897,0.965990782,3,3,1
0.982668221,0.002854874,0.014476943,1,1,1
0.071503162,0.673642635,0.254854143,2,1,0
6.42E-05,0.004458774,0.995477021,3,3,1
4.28E-06,2.27E-06,0.999993443,3,3,1
6.68E-08,1.28E-08,0.999999881,3,3,1
4.55E-09,4.54E-09,1,3,3,1
0.000225995,0.000525441,0.999248564,3,3,1
0.014947616,0.976108372,0.008943941,2,2,1
3.08E-10,0.999999881,1.40E-07,2,2,1
1.36E-10,1,1.31E-08,2,2,1
3.15E-11,1,1.53E-09,2,2,1
1.48E-13,1,7.60E-11,2,2,1
8.73E-10,1,6.14E-09,2,2,1
2.95E-07,0.999999523,2.21E-07,2,2,1
9.72E-05,0.999895573,7.28E-06,2,2,1
0.000245543,0.999738634,1.58E-05,2,2,1
2.92E-05,0.999970436,4.03E-07,2,2,1
0.999999642,1.06E-07,1.88E-07,1,1,1
0.999991655,7.07E-06,1.26E-06,1,1,1
1,2.68E-18,4.28E-16,1,1,1
1,2.92E-16,1.72E-15,1,1,1
1,2.81E-15,5.94E-15,1,1,1
1,6.83E-09,4.94E-10,1,1,1
0.999999881,7.07E-08,5.39E-09,1,1,1
1,4.20E-14,1.75E-14,1,1,1
1,3.58E-20,1.88E-19,1,1,1
1,4.76E-16,3.49E-16,1,1,1
0.999999881,9.63E-08,6.27E-09,1,1,1
0.999801219,0.000194952,3.83E-06,1,1,1
1,3.61E-11,2.55E-12,1,1,1
1,5.22E-22,5.38E-21,1,1,1
1,1.42E-15,1.68E-15,1,1,1
1,1.66E-15,2.39E-15,1,1,1
1,1.22E-18,1.55E-18,1,1,1
1,2.41E-20,2.93E-20,1,1,1
1,2.08E-16,3.32E-16,1,1,1
1,1.90E-19,1.58E-18,1,1,1
1,2.70E-24,1.26E-22,1,1,1
1,3.02E-18,1.21E-17,1,1,1
1,7.32E-17,1.66E-16,1,1,1
1,6.41E-14,8.63E-14,1,1,1
1,1.05E-20,2.08E-19,1,1,1
1,3.17E-18,1.38E-17,1,1,1
1,2.19E-20,3.43E-19,1,1,1
1,1.09E-23,6.43E-22,1,1,1
1,2.31E-33,9.47E-30,1,1,1
1,1.54E-26,1.39E-24,1,1,1
1,1.64E-36,7.46E-32,1,1,1
1,1.34E-26,1.47E-23,1,1,1
1,3.92E-17,1.92E-16,1,1,1
1,2.69E-12,2.95E-12,1,1,1
1,2.68E-14,8.65E-14,1,1,1
1,2.25E-20,1.92E-18,1,1,1
1,1.05E-31,9.02E-28,1,1,1
1,3.62E-29,3.63E-26,1,1,1
1,1.89E-30,1.82E-26,1,1,1
1,5.89E-31,3.35E-27,1,1,1
1,2.52E-29,1.58E-26,1,1,1
1,1.09E-30,1.22E-26,1,1,1
1,1.42E-27,7.70E-25,1,1,1
1,1.40E-26,6.01E-24,1,1,1
1,1.20E-20,1.21E-19,1,1,1
1,3.91E-22,1.81E-20,1,1,1
1,2.53E-22,1.64E-20,1,1,1
1,1.25E-27,5.54E-25,1,1,1
1,5.24E-19,5.00E-18,1,1,1
1,7.96E-17,1.53E-15,1,1,1
1,6.11E-17,2.43E-15,1,1,1
1,7.75E-22,2.97E-18,1,1,1
1,1.39E-19,1.93E-15,1,1,1
1,6.55E-12,1.26E-09,1,1,1
1,9.01E-11,3.24E-08,1,1,1
0.999999881,5.09E-12,9.87E-08,1,1,1
0.999997258,1.59E-09,2.73E-06,1,1,1
1,1.81E-12,8.88E-10,1,1,1
0.999955773,1.43E-06,4.28E-05,1,1,1
0.99999547,9.85E-07,3.54E-06,1,1,1
0.999850154,8.09E-05,6.89E-05,1,1,1
0.999999881,1.99E-08,1.29E-07,1,1,1
0.999998093,1.71E-06,2.44E-07,1,1,1
0.999997616,2.23E-06,1.47E-07,1,1,1
0.986717582,0.012589992,0.000692458,1,1,1
0.091753162,0.897517502,0.010729321,2,2,1
0.027119048,0.897885084,0.074995875,2,2,1
0.002951354,0.996491492,0.000557076,2,2,1
0.00010261,0.005157401,0.994740069,3,3,1
3.02E-05,4.26E-05,0.999927163,3,3,1
0.026928766,0.033511762,0.939559519,3,3,1
0.922568202,0.000698263,0.076733597,1,1,1
0.782751024,0.000550247,0.216698751,1,1,1
0.023568958,3.59E-06,0.976427436,3,3,1
2.36E-07,1.98E-10,0.999999762,3,3,1
6.27E-06,4.40E-09,0.999993682,3,3,1
0.000116441,3.35E-09,0.999883533,3,3,1
6.24E-06,5.22E-10,0.999993801,3,3,1
4.91E-06,2.75E-10,0.999995112,3,3,1
3.94E-10,6.17E-14,1,3,3,1
2.81E-08,8.76E-13,1,3,3,1
2.41E-05,1.78E-08,0.99997592,3,3,1
6.21E-05,4.21E-07,0.999937415,3,3,1
1.62E-08,5.69E-11,1,3,3,1
8.05E-08,6.18E-09,0.999999881,3,3,1
2.45E-09,1.38E-11,1,3,3,1
2.78E-07,1.82E-08,0.999999762,3,3,1
7.20E-06,6.37E-07,0.999992132,3,3,1
4.11E-07,1.73E-08,0.999999523,3,3,1
1.05E-09,1.60E-12,1,3,3,1
8.09E-12,3.77E-15,1,3,3,1
0.000256114,3.05E-06,0.999740779,3,3,1
0.000363204,5.14E-07,0.999636292,3,3,1
7.68E-06,2.16E-08,0.999992251,3,3,1
6.45E-14,1.33E-17,1,3,3,1
6.30E-14,1.11E-17,1,3,3,1
1.72E-10,8.46E-14,1,3,3,1
0.000843185,7.15E-07,0.999156117,3,3,1
2.35E-05,9.29E-09,0.999976516,3,3,1
1.06E-09,1.85E-12,1,3,3,1
1.13E-08,4.92E-13,1,3,3,1
6.97E-11,4.39E-13,1,3,3,1
1.13E-11,4.52E-14,1,3,3,1
2.44E-07,9.34E-08,0.999999642,3,3,1
8.15E-09,3.24E-09,1,3,3,1
6.28E-13,8.49E-14,1,3,3,1
3.27E-12,5.23E-13,1,3,3,1
2.35E-13,3.14E-14,1,3,3,1
1.24E-14,2.41E-15,1,3,3,1
1.77E-17,1.20E-20,1,3,3,1
2.40E-14,2.98E-15,1,3,3,1
1.95E-16,1.50E-19,1,3,3,1
6.58E-13,4.66E-14,1,3,3,1
6.07E-13,8.33E-16,1,3,3,1
7.41E-13,3.85E-16,1,3,3,1
3.75E-13,3.43E-16,1,3,3,1
3.35E-08,7.15E-10,1,3,3,1
2.35E-07,3.62E-09,0.999999762,3,3,1
2.16E-05,3.78E-07,0.999978065,3,3,1
0.984908879,0.002712062,0.012379022,1,1,1
0.367701948,0.00037219,0.631925941,3,3,1
0.938394308,0.013336985,0.048268605,1,1,1
0.993712187,0.000933376,0.005354446,1,1,1
0.764074266,0.003049006,0.232876793,1,1,1
1.38E-05,0.000150066,0.999836087,3,3,1
4.31E-08,1.46E-07,0.999999762,3,3,1
1.05E-06,9.62E-06,0.99998939,3,3,1
0.002977586,0.003408176,0.993614256,3,3,1
6.12E-06,5.02E-07,0.999993324,3,3,1
6.93E-05,1.12E-05,0.999919534,3,3,1
0.008583006,0.828249335,0.163167611,2,2,1
3.48E-07,0.999993801,5.85E-06,2,2,1
7.74E-09,0.999999881,7.40E-08,2,2,1
4.09E-13,1,1.51E-09,2,2,1
2.63E-09,1,2.85E-08,2,2,1
1.76E-11,1,8.07E-10,2,2,1
6.77E-05,0.999927878,4.39E-06,2,2,1
1.57E-06,0.999997854,5.56E-07,2,2,1
1.88E-07,0.999999642,1.15E-07,2,2,1
3.17E-06,0.999996662,1.66E-07,2,2,1
0.999889612,9.90E-05,1.14E-05,1,1,1
1,5.53E-10,1.17E-09,1,1,1
1,5.87E-18,5.34E-16,1,1,1
1,1.26E-16,3.22E-15,1,1,1
1,2.88E-13,4.85E-13,1,1,1
1,7.63E-13,6.02E-13,1,1,1
1,2.17E-10,6.33E-11,1,1,1
1,5.61E-17,1.14E-16,1,1,1
1,5.61E-12,1.67E-12,1,1,1
1,1.57E-09,6.61E-11,1,1,1
0.999972582,2.69E-05,5.19E-07,1,1,1
0.999999523,5.23E-07,2.45E-08,1,1,1
1,1.08E-10,1.93E-11,1,1,1
1,1.65E-10,3.02E-11,1,1,1
1,2.21E-13,1.76E-13,1,1,1
1,8.07E-15,8.33E-15,1,1,1
1,6.10E-24,8.91E-23,1,1,1
1,2.98E-20,8.79E-20,1,1,1
1,2.67E-21,7.99E-21,1,1,1
1,3.01E-15,2.30E-15,1,1,1
1,3.62E-21,1.17E-20,1,1,1
1,5.57E-15,4.30E-15,1,1,1
1,8.26E-14,5.90E-14,1,1,1
1,9.40E-16,1.81E-15,1,1,1
1,1.20E-19,1.07E-18,1,1,1
1,8.34E-16,1.52E-15,1,1,1
1,4.24E-20,7.76E-19,1,1,1
1,1.79E-25,1.86E-23,1,1,1
1,3.85E-30,5.16E-27,1,1,1
1,1.00E-20,2.56E-19,1,1,1
1,9.53E-20,1.94E-18,1,1,1
1,2.00E-24,4.56E-22,1,1,1
1,1.88E-22,1.86E-20,1,1,1
1,1.42E-24,3.32E-22,1,1,1
1,2.67E-32,1.92E-28,1,1,1
1,0,5.95E-36,1,1,1
1,0,0,1,1,1
1,5.46E-36,1.19E-31,1,1,1
1,3.42E-28,2.96E-25,1,1,1
1,8.84E-25,2.46E-22,1,1,1
1,3.71E-26,3.91E-23,1,1,1
1,3.57E-34,1.57E-29,1,1,1
1,3.65E-35,7.84E-31,1,1,1
1,3.82E-21,3.99E-20,1,1,1
1,2.60E-25,5.62E-23,1,1,1
1,2.04E-20,8.54E-20,1,1,1
1,1.15E-12,9.52E-13,1,1,1
1,4.33E-17,1.70E-16,1,1,1
1,2.88E-18,2.17E-17,1,1,1
1,2.55E-22,3.98E-20,1,1,1
1,1.32E-15,2.44E-14,1,1,1
1,4.26E-21,2.67E-18,1,1,1
1,3.04E-16,1.42E-13,1,1,1
1,5.59E-16,3.87E-13,1,1,1
1,9.44E-17,2.13E-11,1,1,1
1,1.33E-13,5.12E-09,1,1,1
1,2.43E-16,5.90E-11,1,1,1
1,9.75E-21,1.08E-12,1,1,1
1,4.46E-11,4.15E-08,1,1,1
0.999999762,3.15E-09,2.09E-07,1,1,1
1,4.32E-10,1.66E-08,1,1,1
1,3.71E-13,2.58E-12,1,1,1
0.99999845,1.38E-06,1.47E-07,1,1,1
1,7.27E-11,3.34E-10,1,1,1
1,2.67E-10,3.12E-10,1,1,1
0.997375369,0.002503534,0.000121117,1,1,1
0.008086654,0.985655665,0.006257697,2,2,1
0.006406619,0.993421376,0.000171916,2,2,1
0.002952483,0.989950061,0.007097378,2,2,1
0.000664532,0.009777633,0.989557803,3,3,1
0.002514684,0.002704291,0.994780958,3,3,1
0.847584903,0.059804592,0.092610493,1,1,1
4.30E-08,5.76E-09,1,3,3,1
0.295722395,0.002599732,0.701677859,3,1,0
0.001970232,3.66E-07,0.998029411,3,3,1
0.00046123,5.53E-07,0.999538183,3,3,1
3.22E-06,2.95E-09,0.999996781,3,3,1
1.54E-10,2.79E-14,1,3,3,1
2.00E-10,1.58E-14,1,3,3,1
6.97E-11,3.04E-14,1,3,3,1
5.83E-10,5.32E-15,1,3,3,1
5.69E-09,1.22E-12,1,3,3,1
5.51E-05,1.22E-06,0.999943733,3,3,1
0.00025186,9.31E-06,0.999738872,3,3,1
1.89E-06,1.24E-06,0.999996901,3,3,1
2.86E-08,8.60E-08,0.999999881,3,3,1
1.51E-09,1.30E-09,1,3,3,1
6.92E-08,4.01E-08,0.999999881,3,3,1
1.45E-10,1.85E-09,1,3,3,1
2.17E-10,3.31E-11,1,3,3,1
4.74E-10,7.39E-12,1,3,3,1
1.08E-08,1.54E-09,1,3,3,1
4.07E-08,1.13E-09,1,3,3,1
9.63E-11,1.21E-12,1,3,3,1
1.83E-18,1.30E-22,1,3,3,1
4.61E-12,2.32E-14,1,3,3,1
1.02E-06,2.51E-08,0.999998927,3,3,1
2.73E-10,8.99E-15,1,3,3,1
4.42E-07,3.32E-10,0.999999523,3,3,1
2.33E-11,4.18E-15,1,3,3,1
2.87E-12,2.37E-14,1,3,3,1
9.58E-12,8.46E-15,1,3,3,1
1.98E-10,6.54E-13,1,3,3,1
5.55E-07,9.72E-08,0.999999404,3,3,1
9.20E-10,4.02E-10,1,3,3,1
9.63E-12,6.18E-12,1,3,3,1
4.03E-14,2.61E-14,1,3,3,1
6.20E-12,1.41E-11,1,3,3,1
1.27E-08,1.20E-07,0.999999881,3,3,1
9.50E-16,6.94E-18,1,3,3,1
2.15E-12,2.33E-13,1,3,3,1
3.08E-14,3.95E-16,1,3,3,1
3.46E-12,1.07E-12,1,3,3,1
2.65E-13,7.33E-16,1,3,3,1
9.13E-15,7.61E-17,1,3,3,1
7.30E-08,2.88E-09,0.999999881,3,3,1
4.97E-06,3.84E-07,0.999994636,3,3,1
0.037288763,0.00137074,0.961340487,3,3,1
0.001204205,1.89E-06,0.99879384,3,3,1
0.99404943,0.000798441,0.005152198,1,1,1
0.090133861,0.001167466,0.908698678,3,3,1
0.997243285,0.001416018,0.001340721,1,1,1
0.996232688,0.000492266,0.003275007,1,1,1
0.006252107,9.14E-06,0.99373877,3,3,1
2.62E-06,7.23E-06,0.999990106,3,3,1
0.001076679,0.000318136,0.998605192,3,3,1
2.59E-05,0.000545614,0.999428451,3,3,1
0.000245333,0.003195651,0.996558964,3,3,1
2.00E-08,9.41E-09,1,3,3,1
4.59E-10,7.53E-12,1,3,3,1
2.81E-10,3.35E-11,1,3,3,1
0.004876928,0.988287032,0.006835976,2,2,1
6.53E-09,0.999998808,1.22E-06,2,2,1
1.20E-11,1,1.51E-08,2,2,1
1.17E-11,1,1.00E-09,2,2,1
3.60E-09,1,1.06E-08,2,2,1
1.72E-09,1,8.48E-09,2,2,1
6.05E-11,1,1.94E-09,2,2,1
4.22E-05,0.999952674,5.08E-06,2,2,1
7.19E-05,0.999925375,2.70E-06,2,2,1
1,2.16E-15,1.33E-12,1,1,1
1,1.15E-09,2.39E-09,1,1,1
1,9.02E-21,2.54E-19,1,1,1
1,3.01E-18,5.69E-17,1,1,1
1,2.15E-22,2.67E-20,1,1,1
1,1.46E-08,8.06E-10,1,1,1
1,5.65E-13,4.22E-13,1,1,1
1,1.70E-18,6.53E-18,1,1,1
1,5.65E-13,3.56E-13,1,1,1
1,1.37E-12,4.64E-13,1,1,1
1,2.21E-08,5.41E-10,1,1,1
1,6.82E-18,1.36E-17,1,1,1
1,4.08E-23,1.34E-21,1,1,1
1,1.92E-18,2.27E-18,1,1,1
1,4.31E-19,8.10E-19,1,1,1
1,6.22E-16,2.31E-15,1,1,1
1,6.09E-15,5.95E-15,1,1,1
1,1.69E-15,2.17E-15,1,1,1
1,2.36E-19,2.47E-18,1,1,1
1,3.32E-16,3.83E-16,1,1,1
1,2.50E-21,1.64E-20,1,1,1
1,9.26E-25,3.46E-23,1,1,1
1,1.49E-14,1.00E-14,1,1,1
1,8.09E-16,2.20E-15,1,1,1
1,3.09E-19,3.51E-18,1,1,1
1,3.89E-19,4.07E-18,1,1,1
1,8.65E-20,2.26E-18,1,1,1
1,5.95E-28,4.03E-25,1,1,1
1,4.10E-23,2.39E-21,1,1,1
1,6.71E-24,3.35E-22,1,1,1
1,3.71E-21,2.61E-19,1,1,1
1,3.17E-22,1.25E-20,1,1,1
1,2.91E-36,3.30E-32,1,1,1
1,0,4.28E-34,1,1,1
1,0,0,1,1,1
1,0,0,1,1,1
1,0,1.64E-34,1,1,1
1,4.50E-35,9.83E-31,1,1,1
1,1.76E-28,1.61E-25,1,1,1
1,3.32E-26,4.43E-23,1,1,1
1,0,6.80E-36,1,1,1
1,3.39E-31,6.31E-27,1,1,1
1,5.31E-29,7.07E-26,1,1,1
1,8.36E-19,1.24E-17,1,1,1
1,6.91E-19,6.51E-18,1,1,1
1,1.23E-21,7.26E-20,1,1,1
1,7.85E-27,2.51E-24,1,1,1
1,1.27E-19,7.54E-19,1,1,1
1,2.40E-20,5.36E-19,1,1,1
1,7.11E-22,4.44E-20,1,1,1
1,2.71E-20,2.49E-18,1,1,1
1,2.70E-15,3.66E-14,1,1,1
1,6.14E-14,1.54E-13,1,1,1
1,1.31E-18,2.33E-14,1,1,1
1,1.63E-17,1.70E-13,1,1,1
1,4.67E-17,4.17E-12,1,1,1
1,5.58E-14,5.40E-11,1,1,1
1,2.53E-13,1.43E-10,1,1,1
1,1.96E-12,7.88E-11,1,1,1
1,1.78E-08,1.65E-08,1,1,1
1,7.65E-09,1.69E-08,1,1,1
0.999999881,1.26E-07,1.21E-08,1,1,1
1,6.63E-09,1.41E-09,1,1,1
1,5.17E-16,1.08E-15,1,1,1
1,1.95E-15,2.08E-15,1,1,1
0.999983311,1.59E-05,8.68E-07,1,1,1
0.925467849,0.07238964,0.002142505,1,1,1
0.006238362,0.992026508,0.001735096,2,2,1
0.0017541,0.997225583,0.001020292,2,2,1
0.003910815,0.002922595,0.993166625,3,3,1
1.02E-06,2.69E-06,0.999996305,3,3,1
7.43E-05,5.35E-05,0.999872208,3,3,1
2.05E-05,1.14E-07,0.999979377,3,3,1
0.983478546,0.011014841,0.005506693,1,1,1
0.931051075,0.041139223,0.027809804,1,1,1
0.392928571,0.003330154,0.603741229,3,3,1
0.000611245,0.000189012,0.999199808,3,3,1
7.87E-08,2.26E-10,0.999999881,3,3,1
8.08E-07,2.68E-09,0.999999166,3,3,1
3.64E-14,1.25E-18,1,3,3,1
2.89E-12,1.88E-16,1,3,3,1
1.54E-09,5.08E-14,1,3,3,1
5.12E-05,4.09E-07,0.999948382,3,3,1
1.17E-05,1.72E-08,0.999988317,3,3,1
5.39E-05,0.002980016,0.996966064,3,3,1
2.37E-05,0.000701241,0.999275148,3,3,1
2.61E-08,4.22E-09,1,3,3,1
6.16E-13,4.97E-14,1,3,3,1
3.57E-12,3.20E-13,1,3,3,1
3.89E-11,2.85E-11,1,3,3,1
6.58E-13,1.53E-14,1,3,3,1
3.77E-11,9.75E-13,1,3,3,1
7.61E-11,1.00E-11,1,3,3,1
1.25E-13,8.68E-15,1,3,3,1
7.72E-20,5.87E-26,1,3,3,1
4.47E-14,1.54E-17,1,3,3,1
3.05E-11,3.47E-13,1,3,3,1
2.55E-14,2.56E-18,1,3,3,1
1.15E-13,2.90E-18,1,3,3,1
8.12E-11,1.20E-14,1,3,3,1
3.23E-11,5.24E-15,1,3,3,1
1.59E-07,9.98E-10,0.999999881,3,3,1
3.38E-10,1.16E-11,1,3,3,1
1.04E-08,3.77E-09,1,3,3,1
1.67E-10,5.95E-11,1,3,3,1
4.70E-08,1.27E-07,0.999999881,3,3,1
1.95E-10,6.33E-10,1,3,3,1
2.76E-16,1.64E-18,1,3,3,1
6.24E-15,1.02E-15,1,3,3,1
1.76E-12,5.61E-13,1,3,3,1
1.51E-13,8.58E-15,1,3,3,1
5.39E-16,3.72E-18,1,3,3,1
1.84E-13,5.53E-15,1,3,3,1
8.47E-08,4.86E-09,0.999999881,3,3,1
4.68E-10,6.69E-12,1,3,3,1
5.27E-08,1.08E-10,1,3,3,1
9.42E-08,5.90E-09,0.999999881,3,3,1
8.97E-06,2.47E-06,0.999988556,3,3,1
1.75E-05,1.04E-06,0.999981523,3,3,1
0.020755613,1.16E-05,0.979232728,3,3,1
0.996094167,0.002072195,0.001833668,1,1,1
0.996685326,0.000189563,0.003125153,1,1,1
0.977891326,0.001548179,0.020560415,1,1,1
0.834624171,0.002468775,0.162907064,1,1,1
0.000678202,0.000823275,0.998498559,3,3,1
6.13E-05,0.000628114,0.999310613,3,3,1
2.58E-10,4.51E-10,1,3,3,1
3.55E-10,3.28E-10,1,3,3,1
1.16E-15,5.03E-19,1,3,3,1
1.42E-11,3.52E-14,1,3,3,1
1.95E-08,4.23E-09,1,3,3,1
0.004538886,0.157123804,0.838337362,3,3,1
1.17E-06,0.999916673,8.22E-05,2,2,1
1.61E-09,0.999999762,2.52E-07,2,2,1
9.43E-11,1,5.78E-09,2,2,1
8.13E-06,0.999991298,6.12E-07,2,2,1
5.68E-07,0.999999046,3.74E-07,2,2,1
0.005622436,0.994316041,6.15E-05,2,2,1
0.000409234,0.999575794,1.51E-05,2,2,1
0.000122245,0.999870777,6.93E-06,2,2,1
1,6.41E-11,6.42E-10,1,1,1
1,2.73E-09,9.67E-09,1,1,1
1,2.41E-12,6.77E-12,1,1,1
1,6.14E-17,4.73E-16,1,1,1
1,6.78E-22,9.05E-20,1,1,1
1,5.46E-15,6.84E-15,1,1,1
0.999999881,6.87E-08,3.26E-09,1,1,1
0.999999881,1.30E-07,3.50E-09,1,1,1
1,8.64E-11,6.65E-12,1,1,1
1,3.90E-16,5.28E-16,1,1,1
1,8.82E-12,1.35E-12,1,1,1
1,2.08E-23,1.59E-21,1,1,1
1,1.02E-12,2.53E-13,1,1,1
1,5.15E-23,9.66E-22,1,1,1
1,2.90E-23,1.60E-22,1,1,1
1,1.25E-14,7.01E-15,1,1,1
1,1.87E-13,9.79E-14,1,1,1
1,6.35E-14,3.33E-14,1,1,1
1,2.39E-19,8.02E-19,1,1,1
1,7.29E-19,1.07E-18,1,1,1
1,1.77E-24,1.78E-23,1,1,1
1,5.20E-24,1.30E-22,1,1,1
1,5.71E-13,3.20E-13,1,1,1
1,6.82E-18,3.64E-17,1,1,1
1,3.45E-13,5.40E-13,1,1,1
1,2.33E-19,6.88E-19,1,1,1
1,1.92E-27,2.50E-25,1,1,1
1,1.03E-18,5.55E-18,1,1,1
1,3.28E-21,6.83E-20,1,1,1
1,3.73E-21,3.79E-20,1,1,1
1,7.40E-30,9.19E-27,1,1,1
1,1.88E-27,1.01E-24,1,1,1
1,1.09E-28,4.43E-26,1,1,1
1,4.68E-33,2.48E-29,1,1,1
1,0,4.22E-36,1,1,1
1,4.51E-32,1.48E-28,1,1,1
1,2.02E-32,1.15E-28,1,1,1
1,3.22E-28,1.42E-25,1,1,1
1,3.00E-35,2.12E-30,1,1,1
1,2.88E-21,1.24E-19,1,1,1
1,2.71E-23,4.41E-21,1,1,1
1,1.23E-23,8.69E-22,1,1,1
1,2.68E-29,1.30E-25,1,1,1
1,2.71E-18,3.16E-17,1,1,1
1,9.30E-26,2.50E-23,1,1,1
1,2.44E-15,1.80E-14,1,1,1
1,1.23E-18,1.74E-17,1,1,1
1,6.77E-20,5.07E-19,1,1,1
1,1.91E-22,6.17E-21,1,1,1
1,5.80E-13,1.23E-13,1,1,1
1,1.61E-13,1.20E-13,1,1,1
1,2.82E-20,4.82E-19,1,1,1
1,2.94E-09,6.36E-10,1,1,1
1,3.50E-19,3.78E-15,1,1,1
1,6.08E-16,8.10E-13,1,1,1
1,3.77E-17,8.48E-15,1,1,1
1,2.64E-12,1.64E-11,1,1,1
1,5.70E-14,4.63E-13,1,1,1
1,2.47E-09,1.05E-09,1,1,1
0.999999881,1.73E-07,2.22E-08,1,1,1
0.999999881,6.20E-08,1.65E-08,1,1,1
1,6.95E-09,6.55E-10,1,1,1
1,3.32E-13,1.32E-13,1,1,1
1,5.97E-11,9.10E-12,1,1,1
1,1.30E-13,5.00E-14,1,1,1
1,2.20E-09,8.32E-10,1,1,1
0.997534633,0.00245401,1.13E-05,1,1,1
0.974116921,0.025703421,0.000179654,1,1,1
0.206341222,0.789800465,0.003858353,2,2,1
0.015679726,0.133579478,0.85074079,3,3,1
2.52E-06,5.42E-05,0.999943256,3,3,1
1.29E-07,7.95E-07,0.999999046,3,3,1
1.17E-05,5.69E-07,0.999987721,3,3,1
0.300548077,0.004037882,0.695414007,3,1,0
0.91379112,0.011912372,0.074296422,1,1,1
0.000193833,9.11E-06,0.999797046,3,3,1
5.72E-06,2.51E-06,0.999991775,3,3,1
5.70E-06,9.88E-08,0.999994159,3,3,1
2.01E-05,1.86E-07,0.999979734,3,3,1
8.79E-14,2.42E-16,1,3,3,1
6.10E-12,1.37E-14,1,3,3,1
2.17E-11,4.54E-15,1,3,3,1
5.94E-10,4.03E-12,1,3,3,1
1.67E-05,5.55E-08,0.999983191,3,3,1
4.30E-07,3.22E-07,0.999999285,3,3,1
8.03E-11,2.02E-11,1,3,3,1
5.57E-13,6.99E-16,1,3,3,1
1.32E-09,6.45E-10,1,3,3,1
1.59E-10,1.17E-11,1,3,3,1
5.95E-08,1.85E-08,0.999999881,3,3,1
2.00E-07,1.35E-06,0.99999845,3,3,1
7.00E-08,8.71E-07,0.999999046,3,3,1
1.88E-08,2.03E-07,0.999999762,3,3,1
8.52E-12,2.35E-12,1,3,3,1
3.14E-14,2.84E-16,1,3,3,1
2.98E-13,5.78E-16,1,3,3,1
1.72E-13,3.53E-15,1,3,3,1
1.61E-15,4.09E-22,1,3,3,1
3.08E-12,3.27E-16,1,3,3,1
4.31E-09,1.80E-13,1,3,3,1
2.36E-05,2.32E-07,0.999976158,3,3,1
2.53E-08,3.95E-09,1,3,3,1
1.83E-08,1.56E-09,1,3,3,1
2.64E-09,6.21E-09,1,3,3,1
4.10E-08,1.02E-09,1,3,3,1
1.34E-05,2.18E-05,0.999964714,3,3,1
2.37E-06,1.56E-05,0.999981999,3,3,1
1.73E-12,1.13E-13,1,3,3,1
4.97E-16,1.45E-18,1,3,3,1
6.56E-16,2.45E-18,1,3,3,1
9.42E-17,2.31E-19,1,3,3,1
2.27E-12,6.14E-13,1,3,3,1
1.76E-13,1.68E-14,1,3,3,1
7.95E-08,7.79E-09,0.999999881,3,3,1
3.65E-06,7.68E-07,0.999995589,3,3,1
1.85E-10,3.12E-13,1,3,3,1
3.40E-11,7.10E-12,1,3,3,1
6.12E-06,5.54E-07,0.999993324,3,3,1
0.000593794,8.18E-05,0.999324441,3,3,1
0.997885883,0.001383883,0.000730275,1,1,1
0.98158884,0.015757838,0.002653253,1,1,1
0.959353387,0.009186896,0.031459827,1,1,1
0.315713525,0.01529249,0.668994009,3,3,1
0.000314716,5.37E-06,0.999679923,3,3,1
0.000173421,6.65E-05,0.999760091,3,3,1
3.46E-05,0.000591392,0.999373972,3,3,1
0.006570422,0.081382446,0.912047088,3,3,1
6.87E-11,2.84E-11,1,3,3,1
9.56E-12,6.77E-14,1,3,3,1
8.05E-10,5.16E-12,1,3,3,1
2.51E-06,2.55E-07,0.999997258,3,3,1
0.001042867,0.000178913,0.998778164,3,3,1
0.200109884,0.776486218,0.023403874,2,2,1
2.13E-08,0.999999762,2.05E-07,2,2,1
9.97E-07,0.999998569,4.86E-07,2,2,1
1.28E-07,0.999999762,1.52E-07,2,2,1
3.95E-10,1,6.77E-09,2,2,1
3.92E-05,0.999954939,5.86E-06,2,2,1
0.000822574,0.999148488,2.90E-05,2,2,1
9.72E-05,0.999891043,1.17E-05,2,2,1
0.999999881,3.71E-08,6.80E-08,1,1,1
1,3.78E-12,7.96E-11,1,1,1
1,5.00E-09,1.65E-09,1,1,1
1,2.54E-23,2.81E-20,1,1,1
1,2.49E-21,2.02E-19,1,1,1
1,4.32E-16,8.52E-16,1,1,1
1,1.30E-13,5.90E-14,1,1,1
1,1.59E-17,1.60E-16,1,1,1
1,4.41E-12,1.61E-12,1,1,1
1,2.37E-11,1.33E-12,1,1,1
1,5.43E-12,1.60E-12,1,1,1
1,6.62E-13,1.25E-13,1,1,1
1,8.91E-18,4.28E-17,1,1,1
1,4.77E-25,4.47E-23,1,1,1
1,5.41E-12,1.35E-12,1,1,1
1,2.67E-19,1.81E-18,1,1,1
1,1.94E-08,1.16E-09,1,1,1
1,9.31E-19,1.96E-18,1,1,1
1,8.34E-16,1.11E-15,1,1,1
1,2.04E-14,1.11E-14,1,1,1
1,7.02E-17,8.92E-17,1,1,1
1,1.06E-14,7.04E-15,1,1,1
1,1.89E-11,6.64E-12,1,1,1
1,2.38E-19,3.63E-19,1,1,1
1,5.01E-16,2.21E-16,1,1,1
1,9.51E-23,8.59E-22,1,1,1
1,3.03E-25,1.13E-23,1,1,1
1,7.83E-19,8.78E-18,1,1,1
1,6.76E-23,2.09E-21,1,1,1
1,3.07E-26,5.17E-24,1,1,1
1,8.93E-28,5.99E-25,1,1,1
1,8.64E-27,1.13E-24,1,1,1
1,4.96E-20,5.78E-19,1,1,1
1,1.63E-28,3.84E-26,1,1,1
1,2.61E-32,1.67E-28,1,1,1
1,1.10E-32,2.28E-29,1,1,1
1,1.12E-26,3.24E-24,1,1,1
1,1.79E-33,1.35E-29,1,1,1
1,3.11E-28,1.49E-25,1,1,1
1,1.15E-22,9.65E-21,1,1,1
1,2.53E-20,2.11E-18,1,1,1
1,4.65E-22,7.24E-20,1,1,1
1,5.98E-16,4.96E-15,1,1,1
1,2.12E-21,2.21E-19,1,1,1
1,5.21E-30,6.48E-27,1,1,1
1,2.25E-28,1.27E-25,1,1,1
1,1.34E-28,7.12E-26,1,1,1
1,5.56E-21,8.13E-20,1,1,1
1,4.64E-19,5.84E-18,1,1,1
1,1.98E-12,4.70E-13,1,1,1
1,1.16E-20,6.75E-20,1,1,1
1,3.24E-18,3.54E-17,1,1,1
1,1.90E-10,3.23E-11,1,1,1
1,1.63E-09,2.02E-10,1,1,1
1,3.88E-09,1.60E-09,1,1,1
0.999998689,1.25E-06,1.10E-07,1,1,1
1,4.22E-10,6.15E-11,1,1,1
1,1.92E-12,2.26E-12,1,1,1
1,1.19E-11,5.78E-12,1,1,1
1,3.95E-08,4.23E-09,1,1,1
1,3.37E-09,8.34E-11,1,1,1
1,1.41E-14,1.23E-15,1,1,1
1,3.97E-16,4.54E-17,1,1,1
1,1.18E-14,3.21E-15,1,1,1
1,9.86E-13,1.68E-13,1,1,1
0.999999523,5.05E-07,4.51E-09,1,1,1
0.999959707,4.01E-05,2.59E-07,1,1,1
0.998410106,0.001576899,1.30E-05,1,1,1
0.416214049,0.576668978,0.007117,2,2,1
0.000679166,0.001534846,0.997785926,3,3,1
0.006463596,0.862841249,0.130695105,2,2,1
2.52E-06,5.10E-06,0.999992371,3,3,1
3.49E-05,0.000167843,0.999797285,3,3,1
0.538246632,0.028692691,0.433060676,1,1,1
0.968814373,0.008240212,0.022945452,1,1,1
0.008070537,6.50E-05,0.991864562,3,3,1
0.041478015,0.000428522,0.958093405,3,3,1
4.73E-07,2.60E-09,0.999999523,3,3,1
3.32E-09,4.78E-11,1,3,3,1
2.72E-13,1.57E-15,1,3,3,1
1.08E-16,2.23E-20,1,3,3,1
2.05E-13,3.62E-15,1,3,3,1
7.92E-12,1.03E-13,1,3,3,1
8.18E-11,2.18E-13,1,3,3,1
1.07E-09,5.95E-12,1,3,3,1
3.52E-05,3.19E-06,0.999961615,3,3,1
9.04E-09,8.21E-11,1,3,3,1
2.46E-11,5.18E-13,1,3,3,1
4.68E-11,1.13E-11,1,3,3,1
1.91E-11,4.52E-13,1,3,3,1
4.86E-07,1.88E-08,0.999999523,3,3,1
1.95E-09,5.40E-10,1,3,3,1
1.96E-08,9.30E-08,0.999999881,3,3,1
7.26E-10,4.28E-10,1,3,3,1
1.05E-14,4.97E-18,1,3,3,1
5.09E-12,1.09E-13,1,3,3,1
2.06E-10,3.50E-11,1,3,3,1
9.77E-09,2.59E-12,1,3,3,1
4.99E-08,8.05E-11,1,3,3,1
8.63E-11,1.48E-14,1,3,3,1
3.52E-16,1.88E-20,1,3,3,1
8.03E-12,2.02E-13,1,3,3,1
2.37E-09,5.99E-10,1,3,3,1
1.07E-08,2.49E-08,1,3,3,1
2.93E-07,2.42E-07,0.999999523,3,3,1
4.30E-06,4.86E-05,0.999947071,3,3,1
1.78E-07,8.61E-06,0.999991179,3,3,1
2.78E-10,2.94E-10,1,3,3,1
3.95E-15,7.89E-17,1,3,3,1
2.01E-17,5.92E-20,1,3,3,1
2.04E-16,2.40E-19,1,3,3,1
5.72E-16,2.93E-17,1,3,3,1
5.23E-14,4.70E-15,1,3,3,1
5.99E-07,3.27E-07,0.999999046,3,3,1
3.29E-06,1.43E-06,0.999995232,3,3,1
1.44E-15,9.99E-18,1,3,3,1
3.06E-16,3.67E-19,1,3,3,1
4.23E-14,1.00E-15,1,3,3,1
1.27E-09,1.17E-09,1,3,3,1
1.33E-06,2.94E-08,0.999998689,3,3,1
2.14E-05,3.98E-06,0.999974608,3,3,1
4.86E-06,1.36E-06,0.999993801,3,3,1
5.40E-10,1.54E-11,1,3,3,1
1.96E-11,1.40E-12,1,3,3,1
1.60E-12,1.35E-13,1,3,3,1
3.79E-11,8.94E-11,1,3,3,1
1.21E-13,3.22E-14,1,3,3,1
6.93E-16,2.01E-18,1,3,3,1
1.14E-08,1.07E-10,1,3,3,1
5.02E-06,3.01E-07,0.999994636,3,3,1
3.17E-07,3.99E-09,0.999999642,3,3,1
3.28E-06,9.54E-07,0.999995708,3,3,1
7.54E-05,6.49E-05,0.999859691,3,3,1
3.45E-07,0.999997258,2.37E-06,2,2,1
1.20E-09,1,1.73E-08,2,2,1
5.61E-11,1,1.86E-09,2,2,1
0.000755425,0.999213099,3.15E-05,2,2,1
1.32E-07,0.999999523,3.09E-07,2,2,1
9.39E-08,0.999999762,1.44E-07,2,2,1
0.002179528,0.99776113,5.93E-05,2,2,1
9.65E-06,0.999990225,1.67E-07,2,2,1
1,2.19E-09,1.44E-08,1,1,1
1,1.38E-12,2.04E-11,1,1,1
1,1.08E-13,4.67E-12,1,1,1
1,8.00E-18,1.62E-15,1,1,1
1,6.99E-15,4.04E-14,1,1,1
1,1.36E-19,6.66E-18,1,1,1
1,5.89E-20,8.69E-19,1,1,1
1,6.94E-10,1.74E-10,1,1,1
1,9.80E-20,7.99E-19,1,1,1
1,4.09E-15,4.67E-15,1,1,1
1,3.98E-15,3.65E-15,1,1,1
1,3.73E-16,1.80E-15,1,1,1
1,1.37E-19,2.08E-18,1,1,1
1,1.26E-16,2.37E-16,1,1,1
1,3.23E-11,1.19E-11,1,1,1
1,3.52E-13,2.31E-13,1,1,1
1,1.53E-11,4.30E-12,1,1,1
1,2.72E-13,1.55E-13,1,1,1
1,8.81E-11,2.02E-11,1,1,1
1,1.11E-19,1.44E-19,1,1,1
1,9.26E-13,2.54E-13,1,1,1
1,6.05E-18,4.08E-18,1,1,1
1,1.87E-12,2.99E-13,1,1,1
1,2.06E-10,2.58E-11,1,1,1
1,5.52E-28,2.66E-26,1,1,1
1,2.50E-21,1.31E-20,1,1,1
1,1.81E-20,2.17E-19,1,1,1
1,2.67E-20,2.02E-19,1,1,1
1,4.27E-16,1.40E-15,1,1,1
1,1.80E-36,2.57E-32,1,1,1
1,5.24E-33,2.97E-29,1,1,1
1,0,3.98E-35,1,1,1
1,3.09E-23,5.17E-22,1,1,1
1,3.39E-29,2.83E-26,1,1,1
1,1.41E-29,9.50E-27,1,1,1
1,1.34E-32,2.11E-29,1,1,1
1,5.37E-32,1.97E-28,1,1,1
1,1.72E-27,4.71E-25,1,1,1
1,1.43E-27,1.90E-24,1,1,1
1,2.90E-15,1.00E-14,1,1,1
1,9.50E-27,5.89E-24,1,1,1
1,1.21E-14,4.41E-14,1,1,1
1,1.96E-16,5.68E-16,1,1,1
1,8.31E-31,6.88E-28,1,1,1
1,1.12E-20,1.50E-19,1,1,1
1,7.53E-28,2.92E-25,1,1,1
1,7.75E-25,3.93E-23,1,1,1
1,8.92E-25,5.54E-23,1,1,1
1,1.52E-18,6.58E-18,1,1,1
1,3.05E-17,3.28E-17,1,1,1
1,1.34E-19,1.41E-18,1,1,1
1,7.54E-14,1.28E-13,1,1,1
1,1.04E-16,2.43E-16,1,1,1
1,1.28E-11,4.34E-12,1,1,1
1,4.78E-09,1.13E-09,1,1,1
1,6.22E-15,9.63E-15,1,1,1
1,3.45E-11,1.29E-12,1,1,1
1,2.91E-12,3.51E-13,1,1,1
1,7.67E-10,1.08E-11,1,1,1
1,1.35E-10,3.54E-12,1,1,1
1,6.51E-12,1.76E-13,1,1,1
1,1.53E-16,2.78E-18,1,1,1
1,5.67E-17,5.94E-18,1,1,1
1,1.61E-14,2.52E-15,1,1,1
1,2.59E-14,7.93E-15,1,1,1
0.999999404,5.43E-07,4.75E-08,1,1,1
0.999652863,0.00034541,1.64E-06,1,1,1
0.999983072,1.64E-05,5.69E-07,1,1,1
0.996095121,0.003869253,3.57E-05,1,1,1
0.48457551,0.508410573,0.007013881,2,2,1
0.000707125,0.021020625,0.9782722,3,3,1
0.005574077,0.096988469,0.897437453,3,3,1
0.006715151,0.012454157,0.980830669,3,3,1
0.336401314,0.02031328,0.643285453,3,1,0
0.019702172,0.001631186,0.978666663,3,3,1
0.000601414,2.03E-05,0.999378204,3,3,1
0.001267553,0.000291138,0.998441279,3,3,1
7.01E-05,1.07E-06,0.999928832,3,3,1
2.57E-10,2.55E-12,1,3,3,1
1.75E-08,8.79E-10,1,3,3,1
5.30E-13,2.67E-14,1,3,3,1
2.81E-12,4.15E-13,1,3,3,1
5.52E-13,3.10E-14,1,3,3,1
4.86E-15,5.25E-18,1,3,3,1
2.54E-14,9.89E-15,1,3,3,1
7.63E-10,4.56E-10,1,3,3,1
1.75E-16,4.19E-19,1,3,3,1
7.09E-16,5.76E-17,1,3,3,1
5.00E-15,7.58E-17,1,3,3,1
2.90E-18,4.14E-20,1,3,3,1
4.14E-18,1.85E-20,1,3,3,1
4.58E-16,3.78E-17,1,3,3,1
5.18E-14,3.01E-15,1,3,3,1
1.03E-13,1.31E-15,1,3,3,1
6.40E-19,2.41E-24,1,3,3,1
2.10E-11,2.84E-14,1,3,3,1
2.41E-11,9.13E-15,1,3,3,1
8.06E-13,2.54E-16,1,3,3,1
1.53E-12,2.70E-15,1,3,3,1
3.01E-15,2.66E-19,1,3,3,1
4.89E-14,4.02E-17,1,3,3,1
5.68E-09,1.01E-08,1,3,3,1
2.89E-08,3.58E-12,1,3,3,1
6.45E-09,4.47E-13,1,3,3,1
4.54E-09,1.91E-13,1,3,3,1
1.65E-09,7.28E-11,1,3,3,1
2.74E-09,1.33E-09,1,3,3,1
1.55E-14,1.32E-16,1,3,3,1
5.64E-12,1.48E-17,1,3,3,1
3.38E-14,5.16E-18,1,3,3,1
4.43E-13,6.28E-14,1,3,3,1
3.26E-13,4.15E-14,1,3,3,1
1.05E-14,6.55E-17,1,3,3,1
1.35E-14,3.05E-16,1,3,3,1
7.75E-14,7.74E-15,1,3,3,1
1.57E-15,3.67E-19,1,3,3,1
4.68E-16,3.38E-18,1,3,3,1
1.31E-13,1.65E-15,1,3,3,1
1.26E-12,4.79E-14,1,3,3,1
1.86E-10,2.31E-12,1,3,3,1
1.49E-13,2.69E-15,1,3,3,1
1.18E-14,9.32E-16,1,3,3,1
3.58E-14,3.42E-16,1,3,3,1
5.42E-13,1.86E-14,1,3,3,1
2.56E-14,3.20E-16,1,3,3,1
2.49E-14,2.25E-14,1,3,3,1
7.58E-15,6.82E-15,1,3,3,1
3.67E-15,5.52E-18,1,3,3,1
5.10E-05,1.29E-06,0.999947667,3,3,1
0.020760659,0.000667844,0.978571475,3,3,1
0.000465797,1.31E-06,0.999532938,3,3,1
2.00E-05,5.56E-07,0.999979496,3,3,1
0.000244807,4.86E-06,0.999750316,3,3,1
0.003216707,0.004943416,0.991839886,3,3,1
4.60E-05,0.999900103,5.38E-05,2,2,1
9.16E-06,0.999986649,4.15E-06,2,2,1
0.001401576,0.998554766,4.37E-05,2,2,1
5.10E-10,1,2.73E-08,2,2,1
2.12E-05,0.999972343,6.46E-06,2,2,1
0.001526092,0.998433888,4.00E-05,2,2,1
5.48E-06,0.999994159,3.86E-07,2,2,1
1,3.55E-13,1.28E-11,1,1,1
1,2.32E-17,1.47E-14,1,1,1
1,5.65E-08,3.72E-08,1,1,1
1,6.46E-18,3.12E-16,1,1,1
1,2.73E-20,6.58E-19,1,1,1
1,8.26E-12,6.09E-12,1,1,1
1,4.02E-20,1.26E-18,1,1,1
1,8.20E-20,3.67E-19,1,1,1
1,1.61E-23,1.60E-21,1,1,1
1,2.03E-24,1.20E-21,1,1,1
1,1.66E-21,3.05E-19,1,1,1
1,1.09E-15,1.25E-14,1,1,1
1,2.35E-19,4.87E-18,1,1,1
1,6.88E-13,1.50E-12,1,1,1
1,1.61E-11,5.20E-12,1,1,1
1,2.47E-15,2.12E-15,1,1,1
1,7.84E-16,7.35E-16,1,1,1
1,1.69E-13,5.25E-14,1,1,1
1,2.61E-14,1.44E-14,1,1,1
1,6.61E-14,2.71E-14,1,1,1
1,1.03E-09,1.23E-10,1,1,1
1,1.61E-13,3.73E-14,1,1,1
1,2.03E-10,9.61E-12,1,1,1
1,8.30E-25,7.62E-24,1,1,1
1,1.26E-15,5.50E-16,1,1,1
1,2.66E-14,1.46E-14,1,1,1
1,2.49E-15,1.80E-15,1,1,1
1,1.74E-13,3.77E-14,1,1,1
1,3.97E-30,2.45E-27,1,1,1
1,8.48E-35,1.51E-30,1,1,1
1,6.56E-30,4.49E-27,1,1,1
1,8.45E-24,7.88E-22,1,1,1
1,1.74E-20,2.91E-19,1,1,1
1,1.52E-22,4.34E-21,1,1,1
1,1.22E-26,5.08E-24,1,1,1
1,0,3.67E-36,1,1,1
1,3.18E-29,2.39E-26,1,1,1
1,2.07E-17,4.03E-17,1,1,1
1,1.86E-23,4.16E-21,1,1,1
1,2.19E-32,1.86E-28,1,1,1
1,1.39E-24,8.16E-23,1,1,1
1,1.39E-21,5.56E-20,1,1,1
1,9.56E-27,4.43E-24,1,1,1
1,4.32E-24,9.06E-22,1,1,1
1,8.93E-25,1.26E-22,1,1,1
1,7.31E-29,1.83E-26,1,1,1
1,3.74E-32,9.77E-29,1,1,1
1,2.87E-27,2.10E-25,1,1,1
1,1.51E-17,3.47E-17,1,1,1
1,2.92E-14,1.33E-14,1,1,1
1,2.81E-12,4.99E-13,1,1,1
1,3.45E-10,3.89E-11,1,1,1
1,1.65E-08,5.55E-10,1,1,1
1,5.95E-08,2.42E-09,1,1,1
0.999999881,6.83E-08,2.53E-09,1,1,1
0.999999881,1.31E-07,8.68E-09,1,1,1
0.999999881,9.93E-08,2.82E-09,1,1,1
1,8.18E-13,3.78E-14,1,1,1
1,2.23E-14,2.80E-16,1,1,1
1,4.38E-11,4.72E-13,1,1,1
1,3.75E-13,3.28E-14,1,1,1
1,1.58E-14,4.34E-16,1,1,1
1,3.54E-15,5.47E-16,1,1,1
1,2.43E-10,9.56E-12,1,1,1
1,3.42E-08,1.20E-08,1,1,1
0.999999523,4.12E-07,1.71E-07,1,1,1
1,1.69E-08,3.81E-08,1,1,1
0.999500513,0.000492716,6.81E-06,1,1,1
0.9986431,0.00134621,1.07E-05,1,1,1
0.318854988,0.604372203,0.076772861,2,2,1
0.00831175,0.000457861,0.991230369,3,3,1
0.443261057,0.347867042,0.208871886,1,3,0
0.005450154,3.94E-05,0.994510412,3,3,1
0.035103198,0.000125975,0.964770794,3,3,1
0.000321847,9.78E-06,0.99966836,3,3,1
0.543336809,0.006766293,0.449896902,1,1,1
1.20E-05,1.88E-06,0.999986172,3,3,1
6.08E-08,7.46E-11,0.999999881,3,3,1
0.000115965,3.17E-06,0.999880791,3,3,1
6.53E-10,8.44E-11,1,3,3,1
5.69E-15,1.51E-17,1,3,3,1
2.23E-14,1.14E-16,1,3,3,1
3.06E-14,1.55E-16,1,3,3,1
2.91E-12,2.54E-12,1,3,3,1
3.91E-13,8.27E-14,1,3,3,1
2.33E-13,9.15E-14,1,3,3,1
9.09E-15,5.43E-17,1,3,3,1
7.71E-15,2.64E-16,1,3,3,1
7.40E-11,3.00E-11,1,3,3,1
5.81E-13,5.78E-13,1,3,3,1
9.49E-13,7.21E-13,1,3,3,1
2.12E-16,1.52E-17,1,3,3,1
8.40E-16,2.85E-18,1,3,3,1
4.17E-17,4.30E-20,1,3,3,1
1.06E-13,7.95E-17,1,3,3,1
2.54E-15,6.85E-19,1,3,3,1
4.79E-14,2.81E-17,1,3,3,1
1.49E-14,9.74E-19,1,3,3,1
1.35E-14,3.00E-19,1,3,3,1
1.46E-12,1.48E-15,1,3,3,1
4.25E-09,8.76E-14,1,3,3,1
1.94E-05,1.54E-05,0.999965191,3,3,1
2.07E-08,1.56E-08,1,3,3,1
1.56E-10,9.39E-13,1,3,3,1
3.90E-12,1.01E-15,1,3,3,1
5.82E-13,1.25E-15,1,3,3,1
4.55E-13,3.22E-14,1,3,3,1
1.45E-14,2.03E-18,1,3,3,1
5.86E-15,6.44E-17,1,3,3,1
9.62E-16,9.26E-18,1,3,3,1
2.42E-12,1.66E-14,1,3,3,1
2.08E-14,3.31E-16,1,3,3,1
5.02E-15,7.22E-18,1,3,3,1
2.95E-15,4.35E-16,1,3,3,1
2.84E-18,1.17E-22,1,3,3,1
7.05E-16,6.21E-19,1,3,3,1
6.73E-09,1.29E-09,1,3,3,1
1.11E-11,2.91E-13,1,3,3,1
1.23E-14,1.74E-17,1,3,3,1
8.60E-17,1.93E-18,1,3,3,1
6.78E-11,5.01E-12,1,3,3,1
3.06E-12,7.54E-14,1,3,3,1
4.32E-16,1.42E-18,1,3,3,1
8.74E-14,5.30E-14,1,3,3,1
9.76E-14,1.46E-14,1,3,3,1
1.72E-12,7.02E-13,1,3,3,1
4.94E-16,2.97E-19,1,3,3,1
1.57E-07,4.28E-10,0.999999881,3,3,1
5.74E-07,8.09E-10,0.999999404,3,3,1
4.67E-10,4.10E-12,1,3,3,1
8.16E-08,1.22E-08,0.999999881,3,3,1
2.27E-11,2.40E-14,1,3,3,1
0.000563696,8.79E-05,0.999348462,3,3,1
0.009301231,0.963917315,0.026781514,2,2,1
1.43E-05,0.999967098,1.85E-05,2,2,1
5.97E-10,1,4.67E-08,2,2,1
1.89E-08,0.999999404,6.37E-07,2,2,1
0.755574644,0.243542388,0.000882941,1,2,0
2.42E-06,0.999994516,3.08E-06,2,2,1
2.71E-06,0.999996662,6.19E-07,2,2,1
1,1.64E-12,3.70E-11,1,1,1
1,1.09E-16,1.04E-14,1,1,1
1,1.62E-24,2.32E-20,1,1,1
1,4.49E-21,6.75E-19,1,1,1
1,5.66E-16,4.93E-15,1,1,1
1,3.30E-15,2.31E-14,1,1,1
1,1.87E-18,7.50E-17,1,1,1
1,7.65E-23,3.26E-20,1,1,1
1,9.24E-24,4.23E-21,1,1,1
1,7.71E-23,7.74E-20,1,1,1
1,6.50E-22,7.93E-19,1,1,1
1,1.72E-23,9.43E-21,1,1,1
1,6.40E-14,3.64E-13,1,1,1
1,4.23E-13,2.66E-13,1,1,1
1,9.12E-12,7.25E-12,1,1,1
0.999999881,6.25E-08,1.09E-08,1,1,1
1,5.59E-11,4.96E-11,1,1,1
0.999999642,3.49E-07,4.04E-08,1,1,1
1,4.42E-10,1.26E-10,1,1,1
1,7.76E-13,3.05E-13,1,1,1
1,2.84E-11,1.01E-11,1,1,1
1,1.70E-09,1.35E-10,1,1,1
1,4.58E-14,1.95E-14,1,1,1
1,8.84E-18,6.42E-18,1,1,1
1,5.04E-19,1.71E-18,1,1,1
1,7.13E-12,2.24E-12,1,1,1
1,8.76E-15,1.03E-14,1,1,1
1,3.86E-23,9.86E-22,1,1,1
1,2.57E-27,2.38E-25,1,1,1
1,2.14E-15,1.57E-15,1,1,1
1,2.47E-15,3.75E-15,1,1,1
1,1.67E-22,3.82E-21,1,1,1
1,2.00E-17,4.74E-17,1,1,1
1,4.77E-23,6.69E-21,1,1,1
1,1.97E-26,2.55E-23,1,1,1
1,4.35E-25,4.70E-23,1,1,1
1,5.03E-21,9.05E-20,1,1,1
1,1.01E-14,5.52E-15,1,1,1
1,4.99E-18,3.00E-17,1,1,1
1,5.00E-23,2.47E-21,1,1,1
1,3.26E-27,3.47E-23,1,1,1
1,1.81E-27,1.64E-24,1,1,1
1,4.00E-23,2.48E-21,1,1,1
1,3.79E-23,1.23E-21,1,1,1
1,1.94E-28,1.28E-26,1,1,1
1,5.01E-30,2.82E-27,1,1,1
1,2.37E-15,1.78E-15,1,1,1
1,5.44E-15,8.93E-16,1,1,1
1,6.43E-17,7.17E-17,1,1,1
1,6.02E-22,1.21E-20,1,1,1
1,9.35E-10,1.17E-10,1,1,1
1,4.75E-09,5.69E-10,1,1,1
0.999999881,1.28E-07,4.93E-09,1,1,1
0.999999881,1.30E-07,4.82E-09,1,1,1
0.999999166,7.90E-07,1.79E-08,1,1,1
1,1.36E-08,3.72E-10,1,1,1
1,7.07E-10,9.16E-13,1,1,1
1,1.58E-12,1.98E-14,1,1,1
1,3.93E-10,2.82E-12,1,1,1
1,5.79E-08,1.94E-10,1,1,1
0.999999762,2.04E-07,2.44E-09,1,1,1
1,1.42E-10,4.30E-12,1,1,1
1,1.05E-12,1.98E-13,1,1,1
1,2.46E-11,3.80E-11,1,1,1
0.999999762,2.92E-07,1.98E-08,1,1,1
0.999988198,1.10E-05,8.13E-07,1,1,1
0.99998951,1.03E-05,1.35E-07,1,1,1
0.999999285,7.28E-07,1.44E-08,1,1,1
0.999979138,1.50E-05,5.86E-06,1,1,1
0.635376215,2.51E-05,0.364598691,1,3,0
0.063375443,0.000331117,0.936293483,3,3,1
0.982153118,0.000304797,0.017542081,1,1,1
0.933838427,0.008311546,0.057850037,1,1,1
0.044372033,0.003571478,0.952056527,3,3,1
0.360470921,0.003307579,0.636221468,3,1,0
0.000205048,1.93E-06,0.999792993,3,3,1
1.13E-09,2.14E-12,1,3,3,1
1.25E-09,2.79E-11,1,3,3,1
3.34E-12,1.88E-14,1,3,3,1
6.58E-14,2.50E-16,1,3,3,1
1.55E-09,3.00E-10,1,3,3,1
1.84E-13,4.21E-15,1,3,3,1
1.11E-12,2.94E-13,1,3,3,1
6.77E-10,2.72E-10,1,3,3,1
4.35E-11,8.21E-12,1,3,3,1
1.63E-11,5.61E-11,1,3,3,1
7.88E-14,1.18E-14,1,3,3,1
1.89E-13,4.11E-14,1,3,3,1
2.28E-11,2.88E-12,1,3,3,1
9.99E-13,1.88E-13,1,3,3,1
5.01E-15,2.96E-16,1,3,3,1
6.26E-18,1.47E-20,1,3,3,1
3.19E-19,4.00E-23,1,3,3,1
3.59E-18,2.20E-23,1,3,3,1
1.25E-16,6.10E-22,1,3,3,1
3.20E-16,8.29E-21,1,3,3,1
1.77E-11,1.38E-14,1,3,3,1
1.61E-11,4.83E-13,1,3,3,1
1.01E-09,3.25E-14,1,3,3,1
2.48E-08,7.65E-10,1,3,3,1
1.46E-09,5.76E-12,1,3,3,1
1.04E-11,4.25E-15,1,3,3,1
6.71E-13,7.89E-15,1,3,3,1
4.10E-17,1.04E-22,1,3,3,1
5.28E-16,3.06E-20,1,3,3,1
1.43E-12,3.77E-14,1,3,3,1
4.03E-14,1.99E-16,1,3,3,1
9.02E-20,9.14E-25,1,3,3,1
4.40E-15,2.06E-17,1,3,3,1
7.03E-12,1.14E-13,1,3,3,1
1.18E-09,3.80E-11,1,3,3,1
1.44E-14,1.81E-17,1,3,3,1
6.07E-14,1.64E-14,1,3,3,1
3.10E-18,3.01E-21,1,3,3,1
1.22E-18,1.23E-21,1,3,3,1
1.18E-15,7.48E-18,1,3,3,1
8.03E-17,5.67E-19,1,3,3,1
1.57E-16,2.31E-18,1,3,3,1
1.54E-12,1.78E-13,1,3,3,1
3.34E-09,3.72E-10,1,3,3,1
1.71E-14,1.88E-16,1,3,3,1
7.78E-18,2.28E-20,1,3,3,1
7.71E-14,7.07E-15,1,3,3,1
3.29E-11,5.60E-12,1,3,3,1
2.39E-16,7.00E-17,1,3,3,1
3.66E-16,6.42E-18,1,3,3,1
7.70E-08,2.99E-10,0.999999881,3,3,1
8.83E-12,5.42E-15,1,3,3,1
4.04E-08,2.47E-10,1,3,3,1
3.83E-06,1.26E-07,0.999996066,3,3,1
8.23E-09,7.85E-10,1,3,3,1
0.00010197,7.17E-05,0.999826372,3,3,1
0.004266636,0.001694435,0.994038939,3,3,1
1.79E-06,0.999919653,7.86E-05,2,2,1
1.57E-07,0.999997735,2.10E-06,2,2,1
3.30E-09,0.999999523,4.26E-07,2,2,1
5.33E-06,0.999991894,2.72E-06,2,2,1
1.94E-07,0.999998927,8.00E-07,2,2,1
6.52E-06,0.999991536,1.85E-06,2,2,1
1,9.94E-16,2.29E-13,1,1,1
1,4.68E-22,4.71E-18,1,1,1
1,4.67E-20,1.90E-17,1,1,1
1,3.74E-16,8.24E-15,1,1,1
1,9.70E-19,1.20E-16,1,1,1
1,1.53E-22,4.57E-20,1,1,1
1,2.81E-21,1.06E-18,1,1,1
1,7.80E-29,2.17E-24,1,1,1
1,3.52E-22,8.35E-19,1,1,1
1,4.90E-13,9.71E-13,1,1,1
1,9.69E-17,4.23E-15,1,1,1
1,8.20E-16,2.24E-14,1,1,1
1,1.65E-15,4.43E-14,1,1,1
1,3.42E-09,3.87E-09,1,1,1
0.999992371,7.29E-06,3.62E-07,1,1,1
0.999995351,4.26E-06,3.83E-07,1,1,1
0.999993205,5.58E-06,1.15E-06,1,1,1
0.99999392,5.36E-06,7.49E-07,1,1,1
1,3.10E-11,5.28E-11,1,1,1
0.999999881,6.83E-08,2.41E-08,1,1,1
0.999999881,6.01E-08,1.19E-08,1,1,1
0.99999845,1.44E-06,1.21E-07,1,1,1
1,8.28E-09,1.15E-09,1,1,1
1,1.10E-09,1.67E-10,1,1,1
1,4.06E-14,4.66E-14,1,1,1
1,1.91E-16,6.26E-16,1,1,1
1,1.48E-15,5.22E-15,1,1,1
1,2.10E-20,2.21E-19,1,1,1
1,1.01E-19,6.44E-19,1,1,1
1,3.78E-15,1.96E-15,1,1,1
1,4.01E-12,9.20E-13,1,1,1
1,1.08E-28,6.50E-26,1,1,1
1,2.71E-31,2.67E-27,1,1,1
1,3.02E-29,1.06E-25,1,1,1
1,1.20E-34,7.29E-30,1,1,1
1,3.43E-33,3.35E-29,1,1,1
1,6.93E-24,4.61E-22,1,1,1
1,4.16E-24,2.53E-22,1,1,1
1,9.54E-26,4.10E-22,1,1,1
1,1.91E-31,1.07E-27,1,1,1
1,5.37E-23,4.72E-21,1,1,1
1,1.98E-24,3.97E-22,1,1,1
1,2.34E-12,7.50E-13,1,1,1
1,5.16E-12,5.18E-13,1,1,1
1,2.42E-22,3.77E-21,1,1,1
1,5.90E-24,4.85E-23,1,1,1
1,3.14E-18,1.94E-18,1,1,1
1,1.38E-27,2.66E-26,1,1,1
1,1.90E-17,3.73E-17,1,1,1
1,2.88E-19,1.29E-18,1,1,1
1,9.93E-10,2.11E-11,1,1,1
0.99998188,1.78E-05,1.83E-07,1,1,1
0.999999404,5.97E-07,1.81E-08,1,1,1
0.999994993,4.96E-06,1.47E-08,1,1,1
0.999998689,1.34E-06,3.77E-09,1,1,1
0.999999642,3.10E-07,2.84E-09,1,1,1
1,5.23E-09,7.98E-11,1,1,1
1,1.08E-11,3.86E-14,1,1,1
0.999999762,2.16E-07,4.72E-10,1,1,1
1,3.88E-08,1.13E-10,1,1,1
1,1.73E-09,4.07E-11,1,1,1
1,1.21E-12,2.18E-13,1,1,1
1,6.22E-11,1.57E-11,1,1,1
0.999999523,2.44E-07,1.85E-07,1,1,1
1,4.95E-08,1.29E-08,1,1,1
0.999991655,8.27E-06,9.26E-08,1,1,1
0.999999523,4.50E-07,8.34E-09,1,1,1
1,3.61E-08,1.34E-09,1,1,1
0.999999523,3.22E-07,7.02E-08,1,1,1
0.999997616,1.14E-06,1.18E-06,1,1,1
0.999995232,3.86E-06,9.66E-07,1,1,1
0.999404669,0.000134737,0.000460618,1,1,1
0.991971731,0.000837513,0.007190824,1,1,1
7.95E-08,5.33E-08,0.999999881,3,3,1
0.000911163,0.000170033,0.998918772,3,3,1
0.000657609,3.92E-05,0.999303102,3,3,1
7.19E-10,1.44E-12,1,3,3,1
1.22E-12,1.84E-16,1,3,3,1
4.25E-15,1.43E-19,1,3,3,1
1.17E-11,2.14E-14,1,3,3,1
4.12E-06,3.75E-07,0.99999547,3,3,1
1.28E-12,4.44E-14,1,3,3,1
3.59E-15,3.74E-17,1,3,3,1
4.08E-12,1.06E-13,1,3,3,1
1.60E-13,1.51E-15,1,3,3,1
8.51E-09,5.94E-09,1,3,3,1
2.93E-15,3.21E-16,1,3,3,1
4.55E-17,4.76E-19,1,3,3,1
3.23E-14,6.01E-15,1,3,3,1
6.84E-14,3.50E-15,1,3,3,1
2.15E-15,4.78E-18,1,3,3,1
1.78E-15,1.52E-17,1,3,3,1
1.82E-15,7.44E-19,1,3,3,1
1.13E-17,2.33E-21,1,3,3,1
1.04E-16,1.34E-20,1,3,3,1
1.10E-16,1.36E-21,1,3,3,1
2.68E-12,5.45E-15,1,3,3,1
4.51E-10,1.37E-13,1,3,3,1
8.64E-08,2.01E-08,0.999999881,3,3,1
4.40E-10,3.50E-12,1,3,3,1
4.47E-11,3.62E-16,1,3,3,1
1.53E-13,9.06E-21,1,3,3,1
1.95E-17,1.24E-25,1,3,3,1
5.64E-17,1.77E-21,1,3,3,1
1.91E-14,2.13E-16,1,3,3,1
4.75E-15,3.82E-17,1,3,3,1
1.11E-11,1.15E-12,1,3,3,1
1.21E-15,2.88E-19,1,3,3,1
1.22E-12,8.69E-16,1,3,3,1
1.93E-11,4.49E-14,1,3,3,1
9.25E-14,3.84E-16,1,3,3,1
1.45E-17,1.67E-22,1,3,3,1
5.75E-16,4.01E-19,1,3,3,1
3.86E-17,7.94E-21,1,3,3,1
7.89E-20,1.98E-23,1,3,3,1
9.29E-16,5.39E-18,1,3,3,1
2.27E-16,2.29E-17,1,3,3,1
6.21E-16,6.35E-18,1,3,3,1
7.93E-13,1.09E-13,1,3,3,1
3.49E-16,2.46E-18,1,3,3,1
2.63E-13,1.31E-15,1,3,3,1
2.19E-10,1.25E-10,1,3,3,1
4.44E-13,1.14E-14,1,3,3,1
5.45E-14,5.24E-15,1,3,3,1
5.06E-12,3.85E-12,1,3,3,1
3.51E-14,1.23E-16,1,3,3,1
1.05E-12,5.12E-16,1,3,3,1
7.43E-11,7.32E-14,1,3,3,1
7.85E-11,2.33E-12,1,3,3,1
0.02638685,0.000848642,0.972764432,3,3,1
2.52E-09,2.74E-10,1,3,3,1
6.75E-09,2.88E-09,1,3,3,1
5.30E-06,3.23E-05,0.99996233,3,3,1
0.002042576,0.994953334,0.003004062,2,2,1
8.78E-07,0.999996185,2.95E-06,2,2,1
6.75E-08,0.999999046,8.62E-07,2,2,1
3.00E-08,0.999999642,3.06E-07,2,2,1
1.93E-05,0.999973893,6.85E-06,2,2,1
1.12E-05,0.999983549,5.21E-06,2,2,1
0.003028817,0.996908844,6.24E-05,2,2,1
1,2.84E-17,2.09E-15,1,1,1
1,1.61E-23,4.33E-19,1,1,1
1,5.18E-20,4.40E-17,1,1,1
1,1.99E-23,1.38E-19,1,1,1
1,9.67E-21,6.12E-19,1,1,1
1,1.03E-15,3.13E-14,1,1,1
1,3.32E-24,1.15E-20,1,1,1
1,2.57E-13,9.24E-12,1,1,1
1,3.78E-08,5.72E-08,1,1,1
0.999999762,1.28E-07,1.04E-07,1,1,1
1,9.81E-10,1.66E-08,1,1,1
0.999999404,2.73E-07,3.20E-07,1,1,1
0.999999881,1.05E-07,1.78E-08,1,1,1
0.000118219,0.999881268,4.48E-07,2,2,1
0.000684421,0.999312639,2.96E-06,2,2,1
0.381402522,0.618214965,0.000382494,2,2,1
0.234837964,0.764973998,0.00018808,2,2,1
0.998754621,0.001161038,8.43E-05,1,1,1
0.039048579,0.960897386,5.40E-05,2,2,1
1.13E-05,0.999988556,8.02E-08,2,2,1
0.000113765,0.999885917,3.88E-07,2,2,1
0.999207199,0.000780542,1.23E-05,1,1,1
0.999995232,3.71E-06,1.03E-06,1,1,1
1,1.85E-10,1.26E-10,1,1,1
1,2.14E-16,1.02E-15,1,1,1
1,4.16E-12,2.68E-12,1,1,1
1,5.29E-15,6.48E-15,1,1,1
1,1.39E-12,4.92E-13,1,1,1
1,1.17E-11,4.00E-12,1,1,1
1,8.23E-18,1.87E-17,1,1,1
1,2.40E-23,4.67E-21,1,1,1
1,1.65E-15,5.02E-15,1,1,1
1,1.08E-24,5.21E-22,1,1,1
1,5.81E-16,6.51E-16,1,1,1
1,1.61E-17,5.37E-17,1,1,1
1,7.04E-33,2.17E-29,1,1,1
1,5.89E-33,2.18E-28,1,1,1
1,2.74E-29,1.59E-26,1,1,1
1,5.80E-30,1.43E-26,1,1,1
1,1.33E-23,2.66E-22,1,1,1
1,1.45E-25,5.83E-24,1,1,1
1,5.49E-25,5.11E-23,1,1,1
1,5.45E-15,2.37E-15,1,1,1
1,2.17E-16,1.84E-16,1,1,1
1,1.40E-13,7.33E-14,1,1,1
1,6.29E-19,1.73E-18,1,1,1
1,7.26E-20,1.73E-19,1,1,1
1,1.27E-15,1.69E-16,1,1,1
1,4.23E-18,3.42E-18,1,1,1
1,3.75E-08,9.58E-10,1,1,1
1,4.03E-08,8.59E-10,1,1,1
1,3.70E-09,4.53E-11,1,1,1
0.999999523,5.05E-07,2.42E-09,1,1,1
0.999999404,5.79E-07,1.46E-09,1,1,1
0.999999762,1.80E-07,3.21E-09,1,1,1
1,3.01E-10,6.31E-12,1,1,1
1,1.16E-13,2.07E-15,1,1,1
1,3.48E-11,3.00E-14,1,1,1
1,2.51E-10,1.17E-12,1,1,1
1,4.84E-09,3.83E-11,1,1,1
1,1.18E-10,1.23E-12,1,1,1
1,8.88E-10,3.21E-10,1,1,1
0.999988914,8.52E-06,2.67E-06,1,1,1
0.999999762,2.34E-07,7.88E-09,1,1,1
0.999992251,7.62E-06,8.62E-08,1,1,1
1,3.27E-08,1.08E-09,1,1,1
1,1.27E-10,8.00E-12,1,1,1
0.999999881,9.02E-08,1.37E-08,1,1,1
0.999998689,1.18E-06,1.25E-07,1,1,1
0.999983668,7.90E-06,8.52E-06,1,1,1
0.999974489,1.39E-05,1.17E-05,1,1,1
0.999749362,6.31E-05,0.000187423,1,1,1
4.92E-06,5.34E-06,0.999989748,3,3,1
0.006365132,0.000253101,0.993381739,3,3,1
2.03E-07,1.31E-08,0.999999762,3,3,1
2.91E-05,1.52E-07,0.999970675,3,3,1
4.80E-09,6.44E-11,1,3,3,1
1.70E-09,9.91E-12,1,3,3,1
7.42E-08,4.03E-10,0.999999881,3,3,1
5.71E-12,9.09E-14,1,3,3,1
3.89E-09,2.36E-11,1,3,3,1
7.10E-15,8.47E-18,1,3,3,1
2.66E-15,2.07E-19,1,3,3,1
1.00E-14,1.36E-17,1,3,3,1
2.59E-12,4.67E-14,1,3,3,1
9.67E-17,9.71E-20,1,3,3,1
2.26E-17,2.12E-20,1,3,3,1
3.98E-10,8.86E-12,1,3,3,1
3.94E-13,7.92E-14,1,3,3,1
4.37E-16,2.93E-19,1,3,3,1
1.04E-15,6.16E-19,1,3,3,1
6.40E-18,4.14E-22,1,3,3,1
1.15E-16,4.99E-20,1,3,3,1
2.99E-16,1.44E-20,1,3,3,1
4.48E-18,6.77E-23,1,3,3,1
1.18E-12,1.06E-17,1,3,3,1
2.78E-09,1.09E-11,1,3,3,1
1.16E-08,8.29E-09,1,3,3,1
5.75E-10,1.83E-11,1,3,3,1
4.20E-12,7.46E-16,1,3,3,1
1.25E-12,6.25E-17,1,3,3,1
1.33E-15,3.40E-21,1,3,3,1
1.16E-17,7.05E-21,1,3,3,1
2.26E-18,3.94E-22,1,3,3,1
4.70E-16,5.39E-19,1,3,3,1
6.48E-15,2.00E-17,1,3,3,1
7.98E-18,2.92E-24,1,3,3,1
5.40E-17,1.78E-23,1,3,3,1
4.89E-12,2.57E-15,1,3,3,1
1.19E-12,1.12E-15,1,3,3,1
3.64E-16,3.25E-22,1,3,3,1
1.48E-17,2.31E-20,1,3,3,1
9.18E-20,4.57E-25,1,3,3,1
1.23E-20,2.49E-25,1,3,3,1
2.35E-15,1.08E-17,1,3,3,1
2.69E-15,1.86E-15,1,3,3,1
1.69E-18,1.14E-21,1,3,3,1
3.97E-14,5.93E-15,1,3,3,1
3.41E-21,2.12E-26,1,3,3,1
8.32E-15,7.13E-17,1,3,3,1
9.93E-14,1.94E-16,1,3,3,1
2.18E-14,3.64E-16,1,3,3,1
3.77E-15,3.91E-17,1,3,3,1
1.43E-13,4.84E-16,1,3,3,1
2.97E-18,1.34E-21,1,3,3,1
1.04E-12,1.56E-16,1,3,3,1
2.34E-13,2.84E-16,1,3,3,1
1.28E-13,3.19E-18,1,3,3,1
7.37E-10,8.68E-11,1,3,3,1
3.56E-06,9.21E-07,0.99999547,3,3,1
1.32E-09,3.94E-11,1,3,3,1
1.47E-08,6.04E-07,0.999999404,3,3,1
0.000678944,0.006604491,0.99271661,3,3,1
6.28E-05,0.999888659,4.85E-05,2,2,1
6.55E-05,0.999907732,2.67E-05,2,2,1
1.60E-08,0.999999404,5.84E-07,2,2,1
5.33E-08,0.999999285,6.92E-07,2,2,1
2.04E-06,0.999996781,1.25E-06,2,2,1
9.73E-05,0.999893904,8.84E-06,2,2,1
1,5.18E-10,1.96E-09,1,1,1
1,7.76E-19,9.72E-16,1,1,1
1,1.22E-17,4.98E-15,1,1,1
1,2.62E-24,1.23E-19,1,1,1
1,2.24E-24,3.10E-20,1,1,1
1,5.45E-20,5.55E-17,1,1,1
1,7.37E-21,2.57E-18,1,1,1
1,1.34E-10,4.98E-10,1,1,1
0.999999762,4.06E-08,2.66E-07,1,1,1
7.61E-07,0.999999285,2.84E-09,2,2,1
9.37E-09,1,1.89E-11,2,2,1
0.000184371,0.999815285,3.85E-07,2,2,1
0.99611342,0.003856248,3.03E-05,1,1,1
0.999991179,5.02E-06,3.83E-06,1,1,1
0.999993801,5.25E-06,9.29E-07,1,1,1
0.999999166,6.44E-07,1.96E-07,1,1,1
1,9.03E-12,7.75E-12,1,1,1
1,5.00E-15,1.22E-14,1,1,1
1,2.33E-11,1.35E-11,1,1,1
1,2.89E-17,2.01E-17,1,1,1
1,3.30E-18,1.46E-17,1,1,1
1,4.54E-19,2.14E-17,1,1,1
1,3.03E-21,7.57E-20,1,1,1
1,9.34E-26,3.25E-23,1,1,1
1,1.23E-36,3.93E-32,1,1,1
1,3.99E-36,3.31E-31,1,1,1
1,2.77E-27,1.21E-24,1,1,1
1,3.83E-22,1.64E-20,1,1,1
1,3.15E-15,3.87E-15,1,1,1
1,1.57E-26,3.71E-24,1,1,1
1,4.96E-23,1.59E-21,1,1,1
1,1.90E-15,1.35E-15,1,1,1
1,1.66E-12,2.34E-13,1,1,1
1,7.02E-14,3.26E-14,1,1,1
1,3.79E-13,2.39E-13,1,1,1
1,1.13E-09,2.47E-11,1,1,1
1,2.77E-13,5.07E-14,1,1,1
1,1.08E-08,1.04E-10,1,1,1
0.999999881,8.71E-08,1.93E-09,1,1,1
1,5.01E-08,6.00E-10,1,1,1
1,1.34E-12,1.79E-14,1,1,1
1,6.19E-09,9.62E-11,1,1,1
1,7.69E-09,1.98E-10,1,1,1
1,6.23E-09,2.51E-11,1,1,1
1,5.22E-09,1.74E-11,1,1,1
1,5.29E-08,3.28E-10,1,1,1
1,6.45E-11,4.90E-13,1,1,1
1,2.21E-11,1.28E-13,1,1,1
1,3.95E-09,3.68E-11,1,1,1
1,4.02E-09,3.39E-11,1,1,1
1,1.58E-10,6.66E-12,1,1,1
1,2.97E-09,4.37E-11,1,1,1
1,4.47E-08,8.71E-10,1,1,1
1,1.73E-08,1.31E-10,1,1,1
1,6.73E-10,9.51E-12,1,1,1
1,2.67E-11,5.27E-13,1,1,1
1,3.86E-15,7.96E-16,1,1,1
1,4.22E-12,7.17E-12,1,1,1
0.999999642,2.74E-07,6.26E-08,1,1,1
0.999999642,1.90E-07,1.06E-07,1,1,1
0.999984264,1.39E-05,1.74E-06,1,1,1
0.999941468,4.82E-06,5.37E-05,1,1,1
0.011273492,0.003077592,0.98564899,3,3,1
0.003734651,0.000564343,0.995701015,3,3,1
2.02E-10,2.13E-11,1,3,3,1
4.03E-09,6.45E-11,1,3,3,1
9.01E-11,3.54E-13,1,3,3,1
7.27E-10,5.86E-13,1,3,3,1
1.29E-10,5.27E-14,1,3,3,1
3.96E-09,1.41E-11,1,3,3,1
1.01E-15,2.93E-19,1,3,3,1
4.95E-15,1.95E-18,1,3,3,1
8.63E-12,2.70E-13,1,3,3,1
1.22E-12,4.54E-15,1,3,3,1
2.11E-16,2.16E-18,1,3,3,1
6.11E-18,4.48E-22,1,3,3,1
1.74E-16,1.02E-18,1,3,3,1
2.30E-15,2.63E-17,1,3,3,1
8.30E-15,1.24E-16,1,3,3,1
1.06E-17,9.18E-22,1,3,3,1
8.74E-15,1.22E-16,1,3,3,1
9.75E-15,9.59E-19,1,3,3,1
1.17E-17,1.02E-21,1,3,3,1
8.32E-19,1.43E-24,1,3,3,1
2.63E-16,3.98E-23,1,3,3,1
2.69E-14,1.82E-19,1,3,3,1
3.54E-08,4.48E-11,1,3,3,1
1.20E-09,2.80E-11,1,3,3,1
1.01E-13,1.89E-16,1,3,3,1
3.71E-14,7.41E-16,1,3,3,1
1.41E-17,4.83E-22,1,3,3,1
1.26E-18,1.69E-23,1,3,3,1
8.97E-20,1.66E-26,1,3,3,1
1.78E-20,1.88E-26,1,3,3,1
6.37E-18,1.03E-23,1,3,3,1
4.52E-14,1.85E-18,1,3,3,1
5.25E-17,5.11E-23,1,3,3,1
1.12E-16,1.33E-23,1,3,3,1
3.97E-18,5.65E-26,1,3,3,1
2.12E-17,1.66E-23,1,3,3,1
1.65E-14,5.35E-19,1,3,3,1
7.02E-16,7.95E-19,1,3,3,1
8.28E-18,1.67E-22,1,3,3,1
1.05E-17,6.53E-21,1,3,3,1
2.85E-15,2.98E-16,1,3,3,1
2.02E-16,4.20E-18,1,3,3,1
3.60E-20,2.99E-25,1,3,3,1
2.13E-19,9.30E-24,1,3,3,1
2.04E-19,1.85E-25,1,3,3,1
2.75E-15,1.59E-20,1,3,3,1
5.74E-12,3.86E-17,1,3,3,1
8.02E-11,4.30E-12,1,3,3,1
1.27E-17,7.72E-22,1,3,3,1
1.19E-15,7.06E-18,1,3,3,1
6.96E-13,5.51E-14,1,3,3,1
0.011858491,1.12E-05,0.988130331,3,3,1
1.92E-13,4.36E-17,1,3,3,1
2.74E-13,7.06E-18,1,3,3,1
8.48E-09,9.49E-10,1,3,3,1
0.015610275,0.001622639,0.982767105,3,3,1
1.73E-06,3.40E-08,0.999998212,3,3,1
1.72E-09,1.11E-09,1,3,3,1
5.80E-07,3.67E-05,0.999962807,3,3,1
0.000143411,0.966477036,0.033379532,2,3,0
9.37E-08,0.99999404,5.81E-06,2,2,1
5.14E-08,0.999984622,1.54E-05,2,2,1
1.94E-08,0.999996424,3.62E-06,2,2,1
3.69E-07,0.999998808,7.77E-07,2,2,1
5.00E-05,0.999940634,9.34E-06,2,2,1
0.000579865,0.999406338,1.38E-05,2,2,1
1,2.57E-15,8.72E-13,1,1,1
1,3.56E-14,2.32E-12,1,1,1
1,4.68E-26,2.37E-20,1,1,1
1,4.60E-29,6.91E-23,1,1,1
1,8.07E-18,2.88E-15,1,1,1
1,9.33E-18,2.76E-15,1,1,1
0.999997377,1.65E-06,9.56E-07,1,1,1
0.999764025,0.000216319,1.97E-05,1,1,1
1,2.43E-09,2.05E-09,1,1,1
0.999999642,2.12E-07,7.76E-08,1,1,1
1,2.04E-10,1.13E-10,1,1,1
1,5.39E-14,7.00E-13,1,1,1
1,5.22E-18,7.35E-17,1,1,1
1,6.58E-15,2.44E-14,1,1,1
1,8.68E-23,1.53E-20,1,1,1
1,9.32E-28,3.82E-25,1,1,1
1,7.67E-27,1.05E-24,1,1,1
1,6.36E-24,6.68E-23,1,1,1
1,1.12E-13,1.19E-13,1,1,1
1,1.50E-16,2.46E-16,1,1,1
1,9.08E-23,2.65E-21,1,1,1
1,3.46E-15,1.60E-15,1,1,1
1,9.34E-11,1.30E-11,1,1,1
1,6.83E-11,4.32E-12,1,1,1
1,2.96E-12,4.11E-13,1,1,1
1,2.31E-12,1.97E-13,1,1,1
1,5.00E-14,1.16E-14,1,1,1
1,7.55E-12,3.43E-13,1,1,1
0.999999881,1.26E-07,1.21E-09,1,1,1
1,1.82E-08,6.32E-10,1,1,1
1,1.94E-11,2.18E-13,1,1,1
1,9.95E-10,1.02E-11,1,1,1
0.999998212,1.78E-06,1.89E-09,1,1,1
1,8.87E-10,3.01E-12,1,1,1
1,1.79E-13,2.23E-15,1,1,1
1,1.03E-09,1.37E-11,1,1,1
1,7.19E-10,3.38E-12,1,1,1
0.999998569,1.41E-06,1.70E-08,1,1,1
0.999999881,7.44E-08,6.54E-10,1,1,1
1,4.86E-08,3.32E-10,1,1,1
1,5.95E-11,1.76E-12,1,1,1
1,3.05E-10,2.21E-11,1,1,1
1,1.20E-13,4.22E-15,1,1,1
1,7.62E-12,5.59E-13,1,1,1
1,4.73E-13,3.32E-14,1,1,1
1,9.62E-11,5.74E-12,1,1,1
1,1.01E-12,1.22E-13,1,1,1
1,4.02E-16,2.87E-16,1,1,1
1,9.43E-17,8.47E-17,1,1,1
1,1.49E-08,9.18E-09,1,1,1
1,5.50E-08,5.09E-08,1,1,1
0.999996543,2.87E-06,5.78E-07,1,1,1
0.999765813,0.000115156,0.000119103,1,1,1
0.994441807,0.003582791,0.001975287,1,1,1
0.471908271,0.017964941,0.510126829,3,3,1
5.33E-06,5.01E-07,0.999994159,3,3,1
3.11E-09,1.25E-10,1,3,3,1
7.69E-09,3.54E-11,1,3,3,1
0.000212025,5.50E-07,0.99978739,3,3,1
4.69E-06,2.72E-08,0.999995232,3,3,1
8.54E-09,2.71E-10,1,3,3,1
5.53E-11,5.18E-13,1,3,3,1
5.19E-11,3.32E-12,1,3,3,1
1.57E-17,7.87E-21,1,3,3,1
1.32E-14,3.03E-16,1,3,3,1
1.77E-14,3.50E-16,1,3,3,1
6.69E-14,2.88E-16,1,3,3,1
7.25E-12,9.16E-13,1,3,3,1
4.12E-13,1.41E-15,1,3,3,1
5.14E-17,1.54E-19,1,3,3,1
5.09E-21,1.16E-25,1,3,3,1
9.34E-19,3.52E-23,1,3,3,1
1.21E-17,9.61E-24,1,3,3,1
2.80E-16,2.95E-21,1,3,3,1
3.00E-11,2.34E-13,1,3,3,1
2.05E-12,3.40E-16,1,3,3,1
3.42E-12,6.73E-16,1,3,3,1
1.05E-14,1.23E-19,1,3,3,1
1.49E-17,1.50E-23,1,3,3,1
8.06E-18,1.82E-21,1,3,3,1
4.87E-14,2.02E-15,1,3,3,1
3.04E-17,2.23E-19,1,3,3,1
6.89E-18,3.55E-21,1,3,3,1
4.75E-19,7.71E-24,1,3,3,1
6.58E-19,1.06E-21,1,3,3,1
2.48E-19,4.24E-23,1,3,3,1
1.34E-14,4.16E-20,1,3,3,1
1.01E-18,4.10E-29,1,3,3,1
1.30E-17,1.64E-26,1,3,3,1
3.25E-16,7.50E-23,1,3,3,1
6.61E-18,6.67E-23,1,3,3,1
4.43E-17,1.08E-22,1,3,3,1
1.10E-15,2.99E-18,1,3,3,1
9.46E-15,4.37E-17,1,3,3,1
2.72E-17,2.07E-21,1,3,3,1
4.12E-18,3.66E-22,1,3,3,1
8.03E-18,3.72E-20,1,3,3,1
2.30E-14,8.67E-19,1,3,3,1
4.33E-17,5.81E-22,1,3,3,1
6.51E-18,6.20E-24,1,3,3,1
1.62E-15,5.27E-21,1,3,3,1
4.31E-12,5.82E-16,1,3,3,1
4.33E-11,8.24E-14,1,3,3,1
9.35E-15,2.19E-17,1,3,3,1
2.88E-11,7.36E-13,1,3,3,1
2.80E-17,6.97E-21,1,3,3,1
1.50E-11,4.04E-14,1,3,3,1
1.32E-15,8.55E-21,1,3,3,1
1.21E-17,9.25E-23,1,3,3,1
1.18E-13,1.50E-17,1,3,3,1
1.58E-11,7.76E-13,1,3,3,1
3.92E-05,1.22E-07,0.99996078,3,3,1
3.66E-08,2.39E-08,0.999999881,3,3,1
9.76E-06,0.004085037,0.995905161,3,3,1
1.29E-07,0.000201417,0.999798477,3,3,1
0.007635671,0.726733387,0.265630931,2,3,0
4.51E-07,0.999972343,2.72E-05,2,2,1
3.47E-07,0.999996662,2.94E-06,2,2,1
0.00064428,0.999311566,4.42E-05,2,2,1
1.58E-05,0.999981403,2.90E-06,2,2,1
0.001715767,0.998268604,1.56E-05,2,2,1
1,6.83E-11,2.42E-09,1,1,1
1,5.44E-26,3.21E-19,1,1,1
1,1.31E-24,6.37E-19,1,1,1
1,1.62E-23,2.07E-18,1,1,1
1,2.66E-26,6.82E-21,1,1,1
0.999628901,0.000347934,2.31E-05,1,1,1
0.999885559,0.000103021,1.15E-05,1,1,1
1,5.26E-11,2.44E-10,1,1,1
1,4.49E-14,2.21E-13,1,1,1
1,7.80E-11,7.80E-11,1,1,1
1,3.51E-19,4.89E-18,1,1,1
1,2.94E-12,3.32E-13,1,1,1
1,1.12E-23,1.91E-22,1,1,1
1,2.88E-21,1.44E-20,1,1,1
1,2.20E-14,3.78E-14,1,1,1
1,1.84E-16,9.70E-17,1,1,1
1,1.28E-11,8.70E-12,1,1,1
1,1.46E-13,1.01E-13,1,1,1
1,2.86E-15,3.77E-15,1,1,1
1,1.64E-10,1.59E-11,1,1,1
1,1.10E-13,5.62E-14,1,1,1
1,4.36E-11,1.15E-11,1,1,1
1,3.08E-14,1.14E-14,1,1,1
1,1.87E-13,1.60E-14,1,1,1
1,1.23E-10,1.89E-12,1,1,1
1,1.36E-10,2.86E-12,1,1,1
1,4.92E-09,3.68E-11,1,1,1
1,6.34E-09,1.52E-11,1,1,1
1,2.87E-10,5.31E-12,1,1,1
1,3.01E-09,4.63E-12,1,1,1
1,2.99E-08,4.70E-11,1,1,1
1,1.70E-09,2.62E-12,1,1,1
1,6.89E-11,4.56E-13,1,1,1
0.999999642,3.46E-07,9.40E-10,1,1,1
0.999999881,1.50E-07,5.50E-09,1,1,1
1,5.35E-08,2.46E-10,1,1,1
1,2.47E-10,6.57E-12,1,1,1
1,1.98E-08,1.05E-10,1,1,1
1,1.05E-10,4.34E-12,1,1,1
1,1.99E-09,4.18E-11,1,1,1
1,9.07E-12,2.73E-13,1,1,1
1,6.35E-12,4.04E-13,1,1,1
1,3.64E-10,1.38E-11,1,1,1
1,8.46E-12,1.87E-12,1,1,1
1,2.03E-11,9.43E-13,1,1,1
1,5.08E-13,6.62E-12,1,1,1
0.999999642,3.96E-09,3.81E-07,1,1,1
0.999997258,2.72E-07,2.53E-06,1,1,1
0.999962926,1.34E-05,2.37E-05,1,1,1
0.999182642,0.000181321,0.000636018,1,1,1
0.999620318,0.000248784,0.00013088,1,1,1
0.975128233,0.005639356,0.019232441,1,1,1
1.17E-06,2.02E-09,0.999998808,3,3,1
2.08E-08,1.40E-10,1,3,3,1
8.85E-06,1.20E-07,0.999991059,3,3,1
4.69E-07,8.57E-08,0.999999404,3,3,1
5.29E-08,5.39E-09,1,3,3,1
1.49E-06,2.85E-07,0.999998212,3,3,1
1.05E-09,9.58E-12,1,3,3,1
1.39E-10,9.35E-13,1,3,3,1
9.87E-12,1.62E-12,1,3,3,1
2.35E-14,3.79E-16,1,3,3,1
1.03E-11,1.98E-12,1,3,3,1
1.04E-10,1.57E-11,1,3,3,1
3.63E-14,2.17E-15,1,3,3,1
9.14E-21,1.72E-25,1,3,3,1
2.32E-18,8.90E-23,1,3,3,1
1.42E-14,1.80E-18,1,3,3,1
3.18E-14,8.93E-17,1,3,3,1
2.43E-18,1.60E-24,1,3,3,1
6.64E-18,1.86E-24,1,3,3,1
8.67E-16,6.45E-20,1,3,3,1
1.21E-17,1.82E-24,1,3,3,1
5.74E-17,1.05E-22,1,3,3,1
9.15E-17,5.55E-23,1,3,3,1
4.74E-19,1.98E-25,1,3,3,1
7.26E-14,4.50E-16,1,3,3,1
1.47E-10,4.07E-11,1,3,3,1
8.60E-16,9.65E-18,1,3,3,1
3.65E-18,2.27E-21,1,3,3,1
7.11E-16,9.86E-18,1,3,3,1
2.28E-19,1.20E-22,1,3,3,1
1.87E-17,1.09E-20,1,3,3,1
1.42E-11,1.05E-14,1,3,3,1
4.31E-16,5.17E-23,1,3,3,1
4.06E-17,1.15E-25,1,3,3,1
1.05E-16,1.39E-25,1,3,3,1
3.00E-15,3.04E-22,1,3,3,1
1.90E-14,4.01E-21,1,3,3,1
6.81E-16,1.47E-19,1,3,3,1
2.08E-16,1.23E-21,1,3,3,1
7.39E-13,5.86E-15,1,3,3,1
1.05E-18,8.28E-24,1,3,3,1
4.29E-20,1.18E-23,1,3,3,1
3.38E-14,2.20E-18,1,3,3,1
5.30E-12,9.03E-17,1,3,3,1
5.70E-14,2.01E-18,1,3,3,1
3.74E-17,9.03E-22,1,3,3,1
8.67E-17,3.70E-22,1,3,3,1
3.78E-12,9.04E-15,1,3,3,1
8.87E-14,4.63E-16,1,3,3,1
4.70E-15,5.00E-17,1,3,3,1
8.97E-20,6.77E-24,1,3,3,1
7.51E-22,1.90E-28,1,3,3,1
7.07E-16,3.67E-21,1,3,3,1
3.19E-17,2.79E-24,1,3,3,1
2.40E-10,2.36E-13,1,3,3,1
6.31E-14,1.02E-17,1,3,3,1
9.86E-10,4.76E-12,1,3,3,1
0.000151557,5.50E-05,0.99979347,3,3,1
0.66566515,0.278900981,0.055433862,1,1,1
0.000387097,0.951086521,0.048526354,2,2,1
3.09E-06,1.11E-06,0.999995828,3,3,1
0.004604621,0.118072152,0.877323151,3,3,1
1.97E-05,0.999952793,2.76E-05,2,2,1
0.001041877,0.998908043,5.02E-05,2,2,1
5.86E-05,0.999933362,8.03E-06,2,2,1
0.000132405,0.999855399,1.22E-05,2,2,1
0.001025219,0.998926222,4.86E-05,2,2,1
1,1.39E-15,1.91E-12,1,1,1
1,8.98E-14,2.53E-11,1,1,1
0.999298692,0.000656666,4.47E-05,1,1,1
1,3.23E-09,3.85E-09,1,1,1
1,5.42E-15,1.83E-14,1,1,1
1,1.69E-12,3.66E-13,1,1,1
1,9.36E-18,4.04E-18,1,1,1
1,4.09E-19,7.53E-19,1,1,1
1,6.18E-18,4.51E-18,1,1,1
1,1.47E-13,2.45E-14,1,1,1
1,2.48E-14,9.94E-15,1,1,1
1,1.21E-11,3.02E-12,1,1,1
1,5.52E-19,2.33E-18,1,1,1
1,8.72E-11,2.38E-11,1,1,1
1,2.96E-14,4.34E-15,1,1,1
1,3.64E-18,1.59E-18,1,1,1
1,8.71E-10,5.84E-11,1,1,1
1,4.01E-15,4.97E-16,1,1,1
1,1.52E-13,4.36E-15,1,1,1
1,9.46E-10,2.08E-11,1,1,1
0.999999762,1.97E-07,3.29E-09,1,1,1
0.999999762,2.30E-07,3.44E-09,1,1,1
1,2.48E-08,3.94E-11,1,1,1
1,4.06E-09,4.76E-11,1,1,1
1,4.68E-10,1.11E-12,1,1,1
1,3.08E-08,5.54E-11,1,1,1
1,1.04E-09,3.00E-12,1,1,1
1,6.24E-10,6.69E-12,1,1,1
0.999999523,4.90E-07,5.16E-09,1,1,1
1,3.85E-09,1.11E-10,1,1,1
1,1.23E-08,3.28E-11,1,1,1
1,6.94E-09,1.40E-11,1,1,1
1,1.13E-08,2.57E-10,1,1,1
0.999999762,1.82E-07,4.97E-09,1,1,1
1,6.18E-10,2.78E-11,1,1,1
1,4.93E-15,2.57E-15,1,1,1
1,1.49E-12,1.41E-13,1,1,1
1,4.85E-11,3.39E-12,1,1,1
1,4.09E-10,2.22E-10,1,1,1
1,1.20E-08,2.35E-09,1,1,1
0.999995947,3.09E-07,3.64E-06,1,1,1
0.999999642,3.74E-08,3.65E-07,1,1,1
0.999615788,5.14E-05,0.00033277,1,1,1
0.999790609,8.51E-05,0.000124275,1,1,1
0.994315803,0.001518747,0.004165464,1,1,1
0.099705994,0.030053681,0.870240271,3,3,1
0.027957272,0.005885102,0.966157675,3,3,1
1.09E-08,2.62E-10,1,3,3,1
1.70E-06,3.66E-09,0.999998331,3,3,1
0.021338459,0.000214183,0.978447378,3,3,1
5.94E-07,3.94E-09,0.999999404,3,3,1
3.41E-07,1.97E-09,0.999999642,3,3,1
0.000745738,2.42E-06,0.999251783,3,3,1
5.07E-09,8.45E-12,1,3,3,1
2.98E-14,1.22E-16,1,3,3,1
7.93E-16,3.07E-18,1,3,3,1
6.58E-14,1.32E-16,1,3,3,1
5.06E-14,2.06E-16,1,3,3,1
1.16E-11,2.83E-12,1,3,3,1
6.28E-16,4.91E-17,1,3,3,1
1.26E-18,2.75E-22,1,3,3,1
3.11E-15,2.65E-18,1,3,3,1
5.02E-16,7.26E-20,1,3,3,1
4.08E-14,2.97E-17,1,3,3,1
3.33E-19,1.19E-26,1,3,3,1
6.70E-19,1.75E-25,1,3,3,1
1.39E-19,4.78E-26,1,3,3,1
1.18E-19,1.06E-25,1,3,3,1
2.27E-16,4.61E-21,1,3,3,1
1.22E-14,4.65E-18,1,3,3,1
9.97E-17,8.67E-21,1,3,3,1
8.07E-15,3.45E-17,1,3,3,1
7.63E-11,1.31E-12,1,3,3,1
2.64E-15,3.21E-17,1,3,3,1
8.30E-18,1.06E-19,1,3,3,1
2.84E-17,1.07E-20,1,3,3,1
8.85E-14,2.33E-14,1,3,3,1
1.98E-14,6.92E-16,1,3,3,1
2.19E-12,1.10E-15,1,3,3,1
1.04E-17,7.01E-25,1,3,3,1
2.09E-15,1.42E-22,1,3,3,1
3.63E-16,4.65E-24,1,3,3,1
2.07E-14,1.20E-21,1,3,3,1
2.25E-12,1.59E-18,1,3,3,1
7.72E-15,3.72E-20,1,3,3,1
1.10E-15,1.59E-19,1,3,3,1
7.84E-13,1.83E-15,1,3,3,1
1.36E-18,1.83E-22,1,3,3,1
5.24E-20,1.78E-25,1,3,3,1
1.41E-16,2.80E-21,1,3,3,1
4.53E-17,7.01E-23,1,3,3,1
5.15E-16,1.91E-22,1,3,3,1
2.55E-13,5.87E-19,1,3,3,1
1.41E-15,2.04E-21,1,3,3,1
5.07E-18,3.00E-23,1,3,3,1
1.33E-19,5.14E-24,1,3,3,1
7.60E-24,8.00E-30,1,3,3,1
2.25E-19,3.09E-25,1,3,3,1
7.61E-21,2.25E-28,1,3,3,1
7.14E-16,3.22E-21,1,3,3,1
6.00E-14,1.18E-18,1,3,3,1
6.76E-14,3.21E-18,1,3,3,1
2.98E-11,1.88E-14,1,3,3,1
0.000926878,1.46E-06,0.999071598,3,3,1
7.17E-06,8.49E-06,0.999984384,3,3,1
1.38E-07,2.71E-08,0.999999881,3,3,1
0.325004607,0.656760454,0.018234981,2,1,0
1.04E-06,9.65E-08,0.999998808,3,3,1
0.03876964,0.490613759,0.470616609,2,1,0
0.000198088,0.998890221,0.000911696,2,2,1
4.18E-05,0.999925137,3.30E-05,2,2,1
2.31E-06,0.999985814,1.19E-05,2,2,1
4.91E-06,0.999985695,9.47E-06,2,2,1
0.000348289,0.999619246,3.24E-05,2,2,1
0.99956435,0.000412762,2.29E-05,1,1,1
0.999997377,2.30E-06,2.98E-07,1,1,1
1,4.28E-08,2.56E-09,1,1,1
1,1.07E-12,2.64E-13,1,1,1
1,1.03E-21,2.80E-21,1,1,1
1,1.08E-18,5.72E-19,1,1,1
1,3.77E-18,6.30E-18,1,1,1
1,7.47E-17,2.13E-17,1,1,1
1,4.45E-24,9.07E-23,1,1,1
1,1.80E-18,9.06E-19,1,1,1
1,4.85E-12,1.24E-12,1,1,1
1,7.68E-13,1.46E-13,1,1,1
1,1.24E-10,6.60E-12,1,1,1
1,3.47E-16,4.03E-17,1,1,1
1,4.65E-15,8.88E-16,1,1,1
1,1.88E-09,2.04E-11,1,1,1
1,4.57E-08,3.74E-10,1,1,1
0.999997735,2.12E-06,9.04E-08,1,1,1
1,5.82E-09,3.92E-10,1,1,1
1,7.71E-09,4.24E-11,1,1,1
1,2.15E-08,1.05E-10,1,1,1
1,1.36E-08,3.59E-11,1,1,1
1,5.47E-09,5.69E-12,1,1,1
1,5.94E-12,6.28E-14,1,1,1
1,1.03E-17,2.91E-19,1,1,1
1,3.28E-10,7.75E-13,1,1,1
1,3.86E-08,8.26E-11,1,1,1
0.999999642,3.14E-07,1.06E-09,1,1,1
1,5.31E-11,4.15E-13,1,1,1
1,3.81E-10,8.93E-12,1,1,1
1,5.98E-10,8.11E-11,1,1,1
1,9.86E-09,2.50E-10,1,1,1
1,1.61E-09,2.11E-10,1,1,1
1,1.75E-10,2.60E-11,1,1,1
0.99999845,1.43E-06,8.12E-08,1,1,1
0.999868989,6.35E-05,6.75E-05,1,1,1
0.999068797,8.74E-05,0.00084378,1,1,1
0.997339189,0.000100706,0.002560099,1,1,1
0.999994993,9.90E-07,4.03E-06,1,1,1
0.994506776,0.000203209,0.005289975,1,1,1
0.436957777,0.001756497,0.561285734,3,1,0
0.001449134,9.37E-05,0.998457193,3,3,1
0.001675542,0.001229942,0.997094512,3,3,1
0.003009702,0.000125221,0.996865094,3,3,1
8.35E-09,1.24E-12,1,3,3,1
1.81E-06,1.84E-09,0.999998212,3,3,1
4.28E-05,8.37E-07,0.999956369,3,3,1
5.36E-05,3.15E-07,0.999946117,3,3,1
5.25E-09,4.50E-12,1,3,3,1
9.17E-13,4.97E-16,1,3,3,1
2.00E-14,1.23E-18,1,3,3,1
9.44E-12,4.04E-16,1,3,3,1
2.62E-12,3.86E-15,1,3,3,1
5.95E-12,1.56E-14,1,3,3,1
3.19E-16,1.44E-18,1,3,3,1
4.52E-15,1.50E-16,1,3,3,1
6.29E-15,1.28E-16,1,3,3,1
1.10E-17,5.21E-21,1,3,3,1
4.16E-13,9.91E-16,1,3,3,1
4.72E-13,6.77E-16,1,3,3,1
1.01E-15,6.30E-19,1,3,3,1
1.52E-17,2.00E-22,1,3,3,1
1.71E-18,1.54E-23,1,3,3,1
2.33E-16,7.32E-22,1,3,3,1
1.04E-17,6.62E-25,1,3,3,1
4.11E-14,3.57E-18,1,3,3,1
6.39E-15,1.43E-18,1,3,3,1
3.16E-19,2.96E-25,1,3,3,1
1.68E-19,8.10E-23,1,3,3,1
6.79E-19,2.91E-22,1,3,3,1
1.26E-16,2.50E-18,1,3,3,1
6.61E-18,4.71E-20,1,3,3,1
4.11E-19,2.21E-22,1,3,3,1
3.92E-16,2.52E-17,1,3,3,1
5.58E-15,8.80E-18,1,3,3,1
2.47E-14,3.91E-18,1,3,3,1
1.41E-14,5.26E-20,1,3,3,1
7.33E-15,5.86E-22,1,3,3,1
5.05E-13,1.35E-19,1,3,3,1
4.05E-16,8.53E-25,1,3,3,1
7.60E-16,2.54E-22,1,3,3,1
2.99E-15,1.91E-20,1,3,3,1
3.74E-14,3.95E-21,1,3,3,1
1.19E-12,9.83E-16,1,3,3,1
3.79E-16,1.13E-20,1,3,3,1
2.03E-17,7.38E-21,1,3,3,1
1.04E-16,2.56E-22,1,3,3,1
2.01E-18,9.50E-24,1,3,3,1
2.31E-11,2.14E-17,1,3,3,1
5.58E-11,9.67E-16,1,3,3,1
1.40E-13,8.05E-17,1,3,3,1
1.34E-18,1.21E-23,1,3,3,1
7.42E-17,4.59E-19,1,3,3,1
1.78E-20,6.32E-26,1,3,3,1
4.42E-18,2.76E-24,1,3,3,1
3.19E-15,9.37E-21,1,3,3,1
5.35E-17,2.70E-22,1,3,3,1
2.47E-17,2.57E-23,1,3,3,1
2.38E-15,5.18E-20,1,3,3,1
4.56E-14,2.15E-17,1,3,3,1
2.14E-10,2.04E-14,1,3,3,1
0.039552234,0.01806487,0.942382872,3,3,1
7.14E-06,2.30E-06,0.999990582,3,3,1
0.970402539,0.00101191,0.0285856,1,1,1
0.000248669,2.48E-05,0.999726593,3,3,1
7.55E-07,3.25E-06,0.999995947,3,3,1
0.32584095,0.635652244,0.038506862,2,2,1
0.000895849,0.037815735,0.961288393,3,3,1
0.000150752,0.994193494,0.005655777,2,2,1
2.29E-05,0.999945164,3.19E-05,2,2,1
0.000110346,0.999875903,1.37E-05,2,2,1
7.12E-09,1,2.90E-09,2,2,1
0.999994993,4.06E-06,9.58E-07,1,1,1
0.999999881,1.31E-07,5.47E-09,1,1,1
1,5.94E-14,1.31E-14,1,1,1
1,1.49E-19,2.15E-19,1,1,1
1,1.91E-16,8.10E-17,1,1,1
1,4.49E-13,9.25E-14,1,1,1
1,1.28E-17,1.54E-18,1,1,1
1,1.68E-18,4.86E-19,1,1,1
1,5.27E-18,3.46E-18,1,1,1
1,8.24E-16,6.80E-17,1,1,1
1,3.84E-11,1.58E-12,1,1,1
1,1.65E-09,3.19E-11,1,1,1
1,6.77E-11,7.20E-13,1,1,1
1,1.85E-15,7.20E-17,1,1,1
1,2.06E-09,2.35E-11,1,1,1
0.999999642,3.65E-07,3.45E-09,1,1,1
1,1.83E-08,4.64E-10,1,1,1
0.999999166,8.15E-07,1.94E-08,1,1,1
1,1.07E-09,8.92E-12,1,1,1
1,5.46E-10,8.81E-13,1,1,1
1,2.76E-09,1.59E-11,1,1,1
1,1.91E-10,1.42E-12,1,1,1
1,6.74E-09,1.43E-11,1,1,1
1,2.33E-08,3.14E-11,1,1,1
1,4.97E-10,6.02E-12,1,1,1
1,1.60E-08,5.47E-10,1,1,1
0.999999642,4.04E-07,8.38E-09,1,1,1
1,4.22E-12,1.36E-13,1,1,1
1,4.21E-09,6.69E-11,1,1,1
1,1.82E-08,1.21E-09,1,1,1
1,3.33E-09,1.74E-10,1,1,1
1,1.41E-12,4.53E-12,1,1,1
1,6.61E-11,6.70E-10,1,1,1
0.999489665,8.88E-07,0.000509511,1,1,1
0.562911451,0.001355386,0.435733169,1,1,1
0.965452135,0.007597092,0.026950693,1,1,1
0.953948498,0.005201174,0.040850326,1,1,1
0.983931482,0.000328858,0.015739696,1,1,1
0.670510292,0.020658622,0.308831036,1,1,1
0.011248698,0.000852916,0.987898409,3,3,1
0.000152689,8.54E-05,0.999761879,3,3,1
1.02E-06,2.91E-07,0.999998689,3,3,1
3.34E-08,7.68E-09,1,3,3,1
5.98E-12,3.52E-14,1,3,3,1
3.25E-09,4.16E-12,1,3,3,1
1.07E-10,4.39E-14,1,3,3,1
9.89E-09,3.20E-12,1,3,3,1
1.89E-13,3.59E-18,1,3,3,1
5.05E-12,2.27E-15,1,3,3,1
4.29E-13,1.93E-17,1,3,3,1
4.55E-11,4.87E-15,1,3,3,1
1.27E-12,2.55E-14,1,3,3,1
1.94E-13,7.13E-17,1,3,3,1
4.04E-14,1.01E-16,1,3,3,1
9.10E-18,5.37E-21,1,3,3,1
3.08E-15,4.68E-17,1,3,3,1
5.07E-11,2.50E-12,1,3,3,1
1.63E-12,6.16E-15,1,3,3,1
2.51E-11,2.08E-13,1,3,3,1
4.11E-18,7.91E-23,1,3,3,1
1.51E-18,4.76E-25,1,3,3,1
6.83E-19,8.81E-26,1,3,3,1
2.43E-15,5.57E-19,1,3,3,1
7.58E-14,2.00E-19,1,3,3,1
2.89E-12,4.86E-17,1,3,3,1
1.75E-13,4.83E-15,1,3,3,1
1.78E-17,2.26E-22,1,3,3,1
4.91E-16,1.79E-18,1,3,3,1
1.60E-17,5.25E-21,1,3,3,1
2.57E-18,4.85E-20,1,3,3,1
2.38E-18,2.83E-21,1,3,3,1
1.01E-16,3.07E-18,1,3,3,1
7.13E-16,2.80E-17,1,3,3,1
7.42E-20,2.63E-25,1,3,3,1
1.30E-19,2.11E-27,1,3,3,1
2.57E-16,8.92E-23,1,3,3,1
5.55E-19,1.49E-26,1,3,3,1
1.18E-19,1.32E-29,1,3,3,1
6.35E-18,9.72E-29,1,3,3,1
1.23E-15,8.81E-22,1,3,3,1
2.83E-16,3.92E-23,1,3,3,1
7.49E-16,7.99E-23,1,3,3,1
3.85E-13,3.59E-21,1,3,3,1
4.81E-13,1.43E-16,1,3,3,1
7.59E-15,8.30E-20,1,3,3,1
1.07E-17,8.78E-23,1,3,3,1
2.63E-13,1.18E-16,1,3,3,1
2.59E-13,2.95E-19,1,3,3,1
8.93E-15,3.80E-19,1,3,3,1
2.74E-16,1.17E-20,1,3,3,1
2.81E-18,1.18E-23,1,3,3,1
6.17E-16,3.43E-18,1,3,3,1
1.11E-13,8.60E-16,1,3,3,1
7.83E-12,3.14E-16,1,3,3,1
6.98E-16,6.97E-22,1,3,3,1
2.30E-20,7.61E-28,1,3,3,1
3.47E-20,3.58E-27,1,3,3,1
7.13E-21,1.29E-26,1,3,3,1
1.35E-18,2.06E-24,1,3,3,1
1.21E-16,2.46E-20,1,3,3,1
3.03E-11,1.58E-12,1,3,3,1
3.11E-06,3.99E-09,0.999996901,3,3,1
0.0259603,0.000338074,0.973701656,3,3,1
0.009456524,0.000282416,0.990261018,3,3,1
0.000586691,0.000107435,0.999305844,3,3,1
1.61E-05,3.27E-05,0.999951243,3,3,1
0.000977151,0.000951021,0.99807179,3,3,1
0.000183173,0.995631814,0.00418502,2,2,1
0.000312852,0.999609649,7.75E-05,2,2,1
1.30E-05,0.999982119,4.90E-06,2,2,1
1.63E-08,1,1.07E-08,2,2,1
0.999305725,0.000664104,3.01E-05,1,1,1
0.999930978,6.28E-05,6.17E-06,1,1,1
1,1.10E-13,2.10E-14,1,1,1
1,3.80E-13,4.98E-14,1,1,1
1,1.31E-18,1.15E-18,1,1,1
1,1.49E-16,1.20E-16,1,1,1
1,2.35E-19,8.06E-20,1,1,1
1,4.55E-18,7.79E-19,1,1,1
1,2.80E-17,2.83E-18,1,1,1
1,1.67E-11,1.01E-12,1,1,1
1,2.63E-08,4.97E-10,1,1,1
1,2.64E-10,3.45E-12,1,1,1
1,1.19E-11,2.04E-13,1,1,1
1,3.81E-13,1.11E-14,1,1,1
1,3.48E-17,1.77E-18,1,1,1
1,8.88E-12,6.81E-14,1,1,1
0.999995232,4.72E-06,1.91E-08,1,1,1
1,3.60E-08,1.31E-09,1,1,1
1,1.19E-08,4.22E-11,1,1,1
1,1.45E-08,9.52E-11,1,1,1
1,4.50E-09,1.69E-11,1,1,1
0.999999762,2.84E-07,6.51E-10,1,1,1
1,6.21E-11,2.09E-12,1,1,1
0.999998927,1.02E-06,1.92E-09,1,1,1
0.999999523,4.60E-07,1.33E-09,1,1,1
0.999999642,3.05E-07,7.49E-10,1,1,1
1,1.17E-09,2.83E-11,1,1,1
1,2.27E-12,1.21E-13,1,1,1
1,1.06E-09,6.80E-11,1,1,1
1,2.94E-08,7.38E-10,1,1,1
0.999999404,6.40E-07,7.91E-09,1,1,1
1,9.50E-11,9.28E-10,1,1,1
1,7.29E-10,2.58E-08,1,1,1
0.984510362,0.0002538,0.015235856,1,1,1
0.043698534,0.001268367,0.955033123,3,3,1
5.40E-05,3.94E-07,0.999945641,3,3,1
3.69E-06,1.16E-08,0.999996305,3,3,1
0.000165464,7.63E-07,0.999833703,3,3,1
1.15E-06,3.74E-08,0.999998808,3,3,1
8.26E-06,7.77E-07,0.99999094,3,3,1
0.000235085,5.98E-05,0.999705017,3,3,1
2.16E-08,1.20E-11,1,3,3,1
5.44E-12,2.23E-13,1,3,3,1
5.70E-12,5.40E-15,1,3,3,1
1.50E-14,3.37E-17,1,3,3,1
1.05E-14,3.05E-18,1,3,3,1
1.09E-14,4.60E-20,1,3,3,1
2.71E-11,2.20E-15,1,3,3,1
7.96E-09,1.14E-12,1,3,3,1
3.29E-13,4.56E-18,1,3,3,1
2.99E-10,1.45E-13,1,3,3,1
1.38E-11,3.31E-13,1,3,3,1
2.21E-11,1.02E-13,1,3,3,1
1.13E-13,4.62E-16,1,3,3,1
2.07E-14,1.89E-17,1,3,3,1
8.77E-13,8.08E-15,1,3,3,1
3.09E-10,7.57E-13,1,3,3,1
3.54E-10,4.53E-12,1,3,3,1
1.24E-11,1.56E-14,1,3,3,1
3.38E-16,1.34E-20,1,3,3,1
8.61E-16,1.24E-21,1,3,3,1
1.31E-19,6.90E-27,1,3,3,1
2.74E-19,4.65E-26,1,3,3,1
8.05E-14,1.05E-18,1,3,3,1
9.82E-11,2.23E-14,1,3,3,1
3.10E-13,3.67E-17,1,3,3,1
2.77E-14,6.95E-16,1,3,3,1
6.69E-14,1.82E-15,1,3,3,1
2.04E-13,4.29E-15,1,3,3,1
1.58E-18,1.37E-21,1,3,3,1
1.80E-20,2.20E-25,1,3,3,1
2.19E-18,8.88E-21,1,3,3,1
3.87E-18,1.39E-22,1,3,3,1
1.36E-20,2.30E-26,1,3,3,1
4.03E-20,1.03E-27,1,3,3,1
7.08E-16,5.98E-23,1,3,3,1
2.70E-17,2.41E-23,1,3,3,1
1.62E-19,6.23E-26,1,3,3,1
2.38E-18,1.92E-26,1,3,3,1
3.37E-13,1.19E-18,1,3,3,1
7.60E-12,1.64E-16,1,3,3,1
7.65E-14,1.71E-18,1,3,3,1
2.18E-12,2.35E-20,1,3,3,1
2.98E-09,8.58E-15,1,3,3,1
1.69E-12,1.22E-14,1,3,3,1
7.57E-16,1.01E-20,1,3,3,1
3.45E-15,8.77E-22,1,3,3,1
7.33E-15,3.06E-21,1,3,3,1
7.93E-15,7.65E-21,1,3,3,1
5.16E-16,1.98E-21,1,3,3,1
3.97E-16,1.09E-18,1,3,3,1
2.83E-16,8.20E-18,1,3,3,1
3.69E-14,5.95E-15,1,3,3,1
1.38E-15,3.74E-18,1,3,3,1
7.97E-19,2.84E-26,1,3,3,1
1.04E-17,6.85E-24,1,3,3,1
7.97E-18,1.05E-23,1,3,3,1
5.18E-19,8.18E-24,1,3,3,1
2.48E-18,1.19E-24,1,3,3,1
1.66E-17,9.86E-23,1,3,3,1
2.54E-11,3.04E-12,1,3,3,1
1.35E-15,1.50E-19,1,3,3,1
6.09E-09,1.18E-11,1,3,3,1
4.25E-07,4.18E-09,0.999999523,3,3,1
1.33E-06,1.92E-08,0.999998689,3,3,1
5.75E-08,4.07E-08,0.999999881,3,3,1
8.98E-09,7.48E-10,1,3,3,1
2.88E-06,4.38E-07,0.999996662,3,3,1
0.008739083,0.989099443,0.002161386,2,2,1
5.61E-06,0.999991775,2.57E-06,2,2,1
2.29E-06,0.999994397,3.35E-06,2,2,1
7.86E-08,0.999999881,3.23E-09,2,2,1
0.993257642,0.0065099,0.000232424,1,1,1
0.999226093,0.000757969,1.59E-05,1,1,1
1,8.61E-09,8.27E-10,1,1,1
1,4.99E-13,6.06E-14,1,1,1
1,2.65E-20,2.33E-20,1,1,1
1,4.82E-27,7.52E-27,1,1,1
1,2.86E-18,5.41E-19,1,1,1
1,2.35E-12,1.44E-13,1,1,1
1,6.82E-13,4.05E-14,1,1,1
1,1.22E-11,1.05E-12,1,1,1
1,2.55E-09,3.52E-11,1,1,1
1,4.06E-10,7.59E-12,1,1,1
1,2.13E-12,4.44E-14,1,1,1
1,2.39E-10,1.13E-11,1,1,1
1,1.85E-09,2.96E-11,1,1,1
1,1.40E-15,1.31E-16,1,1,1
1,1.91E-12,1.05E-13,1,1,1
1,9.29E-10,1.46E-11,1,1,1
1,1.85E-10,1.82E-12,1,1,1
0.999997854,2.13E-06,8.00E-09,1,1,1
1,1.31E-08,3.33E-10,1,1,1
0.999999881,1.23E-07,1.45E-09,1,1,1
0.999999166,8.40E-07,4.10E-09,1,1,1
1,3.85E-08,7.95E-10,1,1,1
1,3.29E-09,4.69E-11,1,1,1
1,1.31E-13,2.02E-14,1,1,1
1,1.29E-12,6.26E-14,1,1,1
1,2.20E-11,1.64E-12,1,1,1
1,6.94E-12,6.47E-13,1,1,1
1,7.04E-15,1.17E-15,1,1,1
1,2.31E-12,7.84E-13,1,1,1
1,7.49E-09,1.14E-09,1,1,1
0.999998331,7.35E-07,9.23E-07,1,1,1
0.995668769,6.79E-05,0.004263308,1,1,1
0.640998244,0.004788936,0.354212761,1,1,1
2.29E-05,6.24E-08,0.999976993,3,3,1
1.58E-06,1.24E-07,0.999998331,3,3,1
3.66E-08,6.24E-09,1,3,3,1
4.92E-07,2.00E-08,0.999999523,3,3,1
6.64E-05,4.67E-06,0.999928951,3,3,1
0.000115831,3.80E-05,0.99984622,3,3,1
1.21E-10,2.97E-13,1,3,3,1
7.23E-08,1.82E-12,0.999999881,3,3,1
2.66E-12,2.03E-14,1,3,3,1
3.44E-12,4.23E-14,1,3,3,1
1.14E-14,3.52E-17,1,3,3,1
1.11E-07,4.91E-10,0.999999881,3,3,1
6.71E-08,7.86E-11,0.999999881,3,3,1
9.47E-07,1.04E-09,0.999999046,3,3,1
3.39E-10,6.62E-13,1,3,3,1
2.33E-07,1.77E-07,0.999999642,3,3,1
1.08E-07,1.91E-06,0.999997973,3,3,1
1.15E-08,1.03E-08,1,3,3,1
1.46E-10,9.35E-11,1,3,3,1
2.25E-10,2.47E-12,1,3,3,1
2.73E-13,2.42E-16,1,3,3,1
5.96E-17,2.05E-20,1,3,3,1
9.23E-15,7.94E-19,1,3,3,1
2.36E-14,2.45E-17,1,3,3,1
1.90E-14,2.07E-19,1,3,3,1
4.18E-17,8.38E-23,1,3,3,1
4.93E-17,5.42E-23,1,3,3,1
1.89E-17,7.94E-24,1,3,3,1
9.27E-17,3.98E-23,1,3,3,1
1.54E-13,4.89E-18,1,3,3,1
5.43E-13,7.23E-17,1,3,3,1
1.16E-13,6.94E-16,1,3,3,1
4.37E-13,2.63E-16,1,3,3,1
1.16E-13,2.61E-15,1,3,3,1
3.16E-15,1.39E-15,1,3,3,1
4.04E-18,1.98E-20,1,3,3,1
3.91E-17,2.15E-18,1,3,3,1
3.06E-19,8.50E-24,1,3,3,1
3.14E-18,1.56E-22,1,3,3,1
1.88E-21,8.60E-28,1,3,3,1
1.10E-16,4.05E-22,1,3,3,1
4.07E-14,2.86E-18,1,3,3,1
6.13E-17,1.15E-24,1,3,3,1
1.91E-20,7.66E-29,1,3,3,1
2.11E-17,2.00E-24,1,3,3,1
3.34E-13,3.19E-18,1,3,3,1
1.44E-11,1.16E-15,1,3,3,1
3.75E-07,1.36E-09,0.999999642,3,3,1
1.16E-09,4.98E-13,1,3,3,1
2.32E-13,2.98E-16,1,3,3,1
1.02E-11,1.44E-15,1,3,3,1
1.10E-14,6.05E-20,1,3,3,1
3.64E-16,1.95E-22,1,3,3,1
6.09E-16,1.40E-22,1,3,3,1
2.40E-13,4.76E-17,1,3,3,1
2.79E-12,6.77E-15,1,3,3,1
8.23E-16,1.20E-17,1,3,3,1
2.68E-17,4.16E-20,1,3,3,1
1.76E-20,3.16E-25,1,3,3,1
3.20E-22,6.39E-31,1,3,3,1
5.35E-15,2.75E-20,1,3,3,1
7.35E-17,8.65E-23,1,3,3,1
9.90E-14,7.60E-18,1,3,3,1
3.96E-19,4.88E-26,1,3,3,1
7.87E-16,1.97E-20,1,3,3,1
1.07E-16,2.18E-20,1,3,3,1
5.69E-16,3.89E-21,1,3,3,1
2.44E-12,4.13E-15,1,3,3,1
8.14E-08,3.93E-10,0.999999881,3,3,1
1.25E-07,4.64E-08,0.999999881,3,3,1
4.64E-12,1.66E-13,1,3,3,1
8.05E-09,9.16E-11,1,3,3,1
8.33E-08,2.91E-08,0.999999881,3,3,1
0.334368408,0.613685846,0.051945768,2,2,1
0.006539085,0.993284225,0.000176671,2,2,1
3.80E-07,0.999999523,7.49E-08,2,2,1
5.41E-10,1,2.47E-11,2,2,1
3.83E-10,1,1.92E-12,2,2,1
0.983763814,0.016005872,0.000230375,1,1,1
0.999947548,4.67E-05,5.76E-06,1,1,1
1,1.55E-09,1.97E-10,1,1,1
1,2.51E-12,2.77E-13,1,1,1
1,2.11E-12,2.36E-13,1,1,1
1,2.18E-12,1.93E-13,1,1,1
1,8.28E-15,8.08E-16,1,1,1
1,3.45E-13,5.88E-15,1,1,1
1,1.80E-14,1.30E-15,1,1,1
1,4.83E-12,4.28E-14,1,1,1
1,7.88E-09,6.28E-11,1,1,1
1,1.29E-09,9.81E-11,1,1,1
1,7.66E-10,2.85E-11,1,1,1
1,9.54E-13,5.17E-14,1,1,1
1,8.94E-15,1.87E-15,1,1,1
1,5.61E-11,2.63E-12,1,1,1
1,4.78E-11,9.72E-13,1,1,1
1,1.77E-10,1.60E-12,1,1,1
0.99999547,4.45E-06,6.19E-08,1,1,1
0.999999642,3.32E-07,8.03E-09,1,1,1
1,3.78E-10,2.00E-11,1,1,1
1,1.18E-09,1.92E-11,1,1,1
1,9.23E-09,3.19E-11,1,1,1
1,1.58E-10,9.32E-12,1,1,1
0.999999881,9.49E-08,1.18E-09,1,1,1
1,9.10E-12,1.72E-12,1,1,1
1,2.42E-11,3.54E-12,1,1,1
1,1.29E-09,1.41E-10,1,1,1
1,1.28E-10,2.96E-11,1,1,1
1,8.91E-15,3.55E-14,1,1,1
1,6.79E-10,1.26E-10,1,1,1
1,1.79E-11,1.00E-11,1,1,1
0.999988556,6.82E-06,4.69E-06,1,1,1
0.999164939,0.000224627,0.000610467,1,1,1
0.008766575,0.000302872,0.990930617,3,3,1
0.000151235,5.89E-06,0.999842882,3,3,1
2.37E-05,8.49E-07,0.999975443,3,3,1
0.003229961,0.001404061,0.995365977,3,3,1
0.157883763,0.049509682,0.792606592,3,3,1
0.443412006,0.041812863,0.514775157,3,3,1
1.81E-08,7.93E-10,1,3,3,1
2.21E-08,4.35E-08,0.999999881,3,3,1
2.76E-10,8.55E-12,1,3,3,1
1.10E-11,5.43E-13,1,3,3,1
5.93E-11,5.13E-13,1,3,3,1
3.12E-10,4.99E-12,1,3,3,1
4.68E-07,3.50E-09,0.999999523,3,3,1
1.12E-07,1.26E-10,0.999999881,3,3,1
1.62E-06,2.42E-09,0.999998331,3,3,1
8.25E-06,5.40E-08,0.999991655,3,3,1
2.30E-05,0.000551378,0.99942565,3,3,1
4.13E-08,6.86E-09,1,3,3,1
1.52E-08,2.56E-08,1,3,3,1
9.84E-09,5.88E-08,0.999999881,3,3,1
1.32E-09,4.90E-10,1,3,3,1
2.32E-07,5.51E-08,0.999999762,3,3,1
2.80E-10,1.23E-11,1,3,3,1
1.60E-12,2.63E-16,1,3,3,1
8.51E-12,4.16E-15,1,3,3,1
2.19E-11,2.22E-14,1,3,3,1
2.97E-13,9.45E-19,1,3,3,1
3.35E-15,9.74E-22,1,3,3,1
5.67E-20,3.05E-27,1,3,3,1
7.44E-15,6.87E-20,1,3,3,1
1.97E-11,1.22E-15,1,3,3,1
1.13E-10,1.13E-14,1,3,3,1
5.59E-08,2.40E-08,0.999999881,3,3,1
7.81E-13,4.96E-14,1,3,3,1
1.12E-12,3.10E-14,1,3,3,1
2.33E-13,2.78E-13,1,3,3,1
2.49E-16,2.25E-18,1,3,3,1
2.15E-18,6.92E-21,1,3,3,1
4.33E-15,3.27E-17,1,3,3,1
5.77E-19,3.19E-24,1,3,3,1
3.58E-22,1.82E-29,1,3,3,1
8.17E-17,5.19E-22,1,3,3,1
8.73E-14,5.27E-19,1,3,3,1
7.52E-18,1.36E-27,1,3,3,1
4.77E-21,3.74E-31,1,3,3,1
5.95E-16,3.23E-22,1,3,3,1
1.10E-15,1.61E-19,1,3,3,1
1.71E-09,1.05E-13,1,3,3,1
1.81E-09,2.64E-11,1,3,3,1
2.96E-09,4.29E-12,1,3,3,1
7.94E-12,6.27E-13,1,3,3,1
4.91E-15,4.21E-19,1,3,3,1
5.20E-07,6.91E-10,0.999999523,3,3,1
6.36E-13,1.20E-17,1,3,3,1
4.16E-11,1.32E-15,1,3,3,1
2.35E-10,8.97E-15,1,3,3,1
8.93E-16,5.15E-20,1,3,3,1
2.25E-19,1.92E-23,1,3,3,1
2.22E-17,3.28E-21,1,3,3,1
3.00E-19,2.05E-23,1,3,3,1
5.75E-22,2.71E-29,1,3,3,1
1.50E-20,7.26E-27,1,3,3,1
4.82E-18,1.15E-24,1,3,3,1
5.41E-12,5.68E-16,1,3,3,1
6.58E-12,3.84E-17,1,3,3,1
3.60E-16,3.17E-21,1,3,3,1
4.60E-17,7.40E-22,1,3,3,1
1.00E-16,7.94E-23,1,3,3,1
2.55E-14,1.08E-18,1,3,3,1
4.31E-12,3.47E-15,1,3,3,1
3.38E-10,7.01E-11,1,3,3,1
2.70E-09,4.91E-11,1,3,3,1
2.35E-07,1.04E-09,0.999999762,3,3,1
0.000492404,0.000123897,0.999383688,3,3,1
0.000196565,0.000780425,0.999022961,3,3,1
0.010512725,0.987624884,0.001862434,2,2,1
0.000162282,0.999819219,1.85E-05,2,2,1
3.62E-09,1,9.01E-10,2,2,1
2.11E-08,1,9.30E-11,2,2,1
0.995023966,0.00490249,7.35E-05,1,1,1
0.999999523,4.71E-07,2.20E-08,1,1,1
1,1.64E-11,9.60E-13,1,1,1
1,8.57E-13,7.55E-14,1,1,1
1,1.82E-15,2.81E-16,1,1,1
1,7.17E-13,5.63E-14,1,1,1
1,1.86E-10,7.96E-12,1,1,1
1,5.47E-12,6.78E-13,1,1,1
1,6.04E-11,3.90E-12,1,1,1
1,6.44E-09,2.40E-10,1,1,1
1,3.30E-10,5.29E-11,1,1,1
1,1.66E-12,2.21E-13,1,1,1
1,5.64E-12,2.81E-12,1,1,1
1,2.00E-11,4.46E-12,1,1,1
1,2.24E-10,2.62E-11,1,1,1
1,6.59E-09,9.85E-11,1,1,1
1,4.39E-11,1.83E-12,1,1,1
1,5.01E-09,5.99E-11,1,1,1
1,5.00E-09,5.35E-11,1,1,1
1,2.20E-09,2.57E-11,1,1,1
1,1.19E-08,1.22E-10,1,1,1
1,2.97E-11,1.33E-12,1,1,1
1,7.81E-16,1.98E-15,1,1,1
1,4.45E-12,8.12E-13,1,1,1
1,2.72E-09,2.40E-10,1,1,1
1,5.17E-13,5.06E-13,1,1,1
1,7.29E-12,4.50E-12,1,1,1
1,2.42E-16,2.72E-15,1,1,1
1,3.02E-11,3.34E-11,1,1,1
1,6.39E-11,1.07E-10,1,1,1
1,1.22E-09,1.65E-09,1,1,1
0.999998808,9.49E-07,2.43E-07,1,1,1
0.999226332,0.000356658,0.000417042,1,1,1
0.014765557,1.33E-06,0.985233128,3,3,1
7.92E-06,2.31E-08,0.999992013,3,3,1
0.051185954,0.005124647,0.943689406,3,3,1
0.004713796,0.003156395,0.992129743,3,3,1
1.90E-05,3.14E-06,0.999977827,3,3,1
2.02E-06,9.98E-08,0.999997854,3,3,1
4.49E-07,2.06E-08,0.999999523,3,3,1
3.82E-08,1.77E-08,1,3,3,1
1.00E-06,2.16E-07,0.999998808,3,3,1
3.63E-05,1.51E-07,0.999963522,3,3,1
1.52E-08,3.25E-12,1,3,3,1
1.27E-05,2.42E-07,0.999987006,3,3,1
2.55E-05,1.66E-07,0.999974251,3,3,1
0.002858914,1.11E-05,0.997129977,3,3,1
1.23E-05,1.08E-07,0.999987602,3,3,1
1.25E-05,1.71E-06,0.999985814,3,3,1
4.41E-05,0.001811528,0.998144388,3,3,1
5.69E-08,5.97E-08,0.999999881,3,3,1
6.38E-11,4.89E-11,1,3,3,1
3.24E-08,5.11E-07,0.999999404,3,3,1
4.93E-08,9.98E-08,0.999999881,3,3,1
4.30E-09,9.74E-09,1,3,3,1
3.03E-09,9.83E-10,1,3,3,1
1.44E-11,1.70E-13,1,3,3,1
3.52E-12,3.68E-15,1,3,3,1
4.04E-07,3.49E-10,0.999999642,3,3,1
2.93E-08,5.76E-13,1,3,3,1
5.48E-14,2.33E-18,1,3,3,1
8.59E-19,4.82E-26,1,3,3,1
2.70E-15,9.38E-22,1,3,3,1
1.03E-13,6.46E-20,1,3,3,1
1.23E-13,1.14E-18,1,3,3,1
1.45E-16,2.60E-23,1,3,3,1
2.44E-11,1.88E-12,1,3,3,1
5.54E-14,5.84E-14,1,3,3,1
9.27E-11,2.14E-10,1,3,3,1
2.68E-15,1.52E-15,1,3,3,1
2.47E-18,1.13E-21,1,3,3,1
6.67E-20,1.32E-24,1,3,3,1
7.73E-19,4.73E-25,1,3,3,1
3.50E-21,3.01E-28,1,3,3,1
1.33E-22,1.03E-29,1,3,3,1
1.17E-23,5.09E-33,1,3,3,1
8.70E-21,2.05E-29,1,3,3,1
6.82E-20,7.91E-30,1,3,3,1
2.79E-16,1.38E-22,1,3,3,1
1.29E-19,5.57E-25,1,3,3,1
3.22E-15,1.10E-21,1,3,3,1
1.48E-11,5.96E-14,1,3,3,1
1.87E-14,7.09E-18,1,3,3,1
1.29E-17,7.05E-22,1,3,3,1
4.47E-16,4.22E-21,1,3,3,1
9.49E-14,1.17E-17,1,3,3,1
1.57E-14,4.97E-19,1,3,3,1
2.39E-17,1.22E-23,1,3,3,1
7.48E-13,5.20E-18,1,3,3,1
3.98E-13,6.31E-16,1,3,3,1
1.46E-17,4.21E-21,1,3,3,1
2.85E-18,7.97E-23,1,3,3,1
1.71E-17,3.52E-22,1,3,3,1
8.88E-19,4.34E-25,1,3,3,1
2.86E-20,3.46E-25,1,3,3,1
2.71E-16,1.46E-20,1,3,3,1
3.75E-20,4.41E-26,1,3,3,1
4.12E-15,9.19E-20,1,3,3,1
8.09E-19,7.31E-25,1,3,3,1
6.30E-17,3.68E-21,1,3,3,1
6.93E-13,2.04E-16,1,3,3,1
1.35E-12,1.48E-15,1,3,3,1
4.35E-11,4.82E-14,1,3,3,1
1.55E-08,9.00E-12,1,3,3,1
4.39E-08,5.51E-09,1,3,3,1
1.80E-12,1.57E-15,1,3,3,1
5.07E-10,4.16E-13,1,3,3,1
8.62E-10,3.11E-12,1,3,3,1
9.45E-07,2.33E-06,0.999996781,3,3,1
0.000475574,0.996590257,0.002934245,2,2,1
0.001273767,0.998679817,4.64E-05,2,2,1
2.24E-06,0.999997735,2.18E-08,2,2,1
2.76E-16,1,4.51E-18,2,2,1
0.994032085,0.005922907,4.51E-05,1,1,1
1,7.18E-09,1.12E-09,1,1,1
1,6.02E-12,1.15E-12,1,1,1
1,1.83E-10,1.45E-11,1,1,1
1,1.71E-13,3.06E-14,1,1,1
1,2.93E-14,3.10E-15,1,1,1
1,5.37E-12,8.34E-13,1,1,1
1,1.40E-12,1.42E-13,1,1,1
1,5.70E-14,4.21E-14,1,1,1
1,1.28E-09,6.80E-11,1,1,1
1,3.38E-13,2.74E-13,1,1,1
1,1.18E-16,9.68E-17,1,1,1
1,8.42E-19,7.92E-19,1,1,1
1,1.92E-10,4.58E-11,1,1,1
1,9.86E-14,1.69E-14,1,1,1
1,8.75E-11,1.62E-12,1,1,1
1,3.84E-11,3.52E-12,1,1,1
1,9.05E-11,3.70E-12,1,1,1
1,1.85E-11,7.55E-13,1,1,1
1,3.29E-11,1.08E-12,1,1,1
1,4.27E-09,1.10E-10,1,1,1
1,1.58E-10,2.15E-12,1,1,1
1,1.68E-08,8.47E-10,1,1,1
1,1.44E-13,4.25E-14,1,1,1
1,8.36E-14,1.88E-13,1,1,1
1,6.72E-13,2.28E-12,1,1,1
1,8.37E-11,1.27E-10,1,1,1
1,5.35E-09,2.71E-09,1,1,1
1,1.12E-11,1.45E-11,1,1,1
1,2.27E-10,2.34E-10,1,1,1
0.999999404,2.99E-07,2.07E-07,1,1,1
0.999996305,1.85E-06,1.91E-06,1,1,1
0.994699478,0.000267156,0.005033388,1,1,1
0.007892001,7.25E-05,0.992035449,3,3,1
0.778988957,0.017525667,0.203485295,1,1,1
0.122999616,0.001427842,0.875572503,3,3,1
0.003484143,7.87E-05,0.996437192,3,3,1
0.000856808,7.91E-07,0.999142408,3,3,1
4.00E-08,1.51E-09,1,3,3,1
5.20E-08,2.02E-10,1,3,3,1
5.06E-05,4.71E-05,0.999902248,3,3,1
0.000239496,5.27E-05,0.999707758,3,3,1
0.001233831,9.60E-06,0.998756528,3,3,1
1.30E-06,2.13E-10,0.999998689,3,3,1
3.51E-05,1.62E-09,0.999964952,3,3,1
5.79E-05,1.71E-07,0.999941945,3,3,1
9.64E-06,7.54E-09,0.999990344,3,3,1
0.397025317,0.001386698,0.601587951,3,1,0
0.527937055,0.36689958,0.105163328,1,1,1
0.000122802,0.994715154,0.005161946,2,2,1
7.46E-05,0.986602545,0.013322901,2,2,1
0.000142518,0.949817538,0.050039954,2,2,1
0.000321969,0.651105464,0.348572552,2,2,1
9.04E-06,0.996261179,0.003729714,2,2,1
7.24E-05,0.946644485,0.053283032,2,2,1
7.28E-07,0.000399913,0.999599397,3,3,1
4.48E-07,2.98E-07,0.999999285,3,3,1
8.98E-09,6.65E-10,1,3,3,1
3.67E-11,3.30E-12,1,3,3,1
7.34E-11,1.63E-13,1,3,3,1
4.41E-11,4.89E-14,1,3,3,1
2.40E-12,5.06E-16,1,3,3,1
2.11E-14,8.25E-20,1,3,3,1
1.76E-14,2.49E-19,1,3,3,1
1.77E-13,4.84E-20,1,3,3,1
4.46E-18,1.41E-25,1,3,3,1
5.77E-18,6.95E-24,1,3,3,1
1.76E-12,1.53E-13,1,3,3,1
1.59E-13,6.89E-14,1,3,3,1
4.58E-15,9.54E-16,1,3,3,1
1.12E-19,4.54E-24,1,3,3,1
8.87E-21,1.70E-24,1,3,3,1
5.49E-19,2.41E-26,1,3,3,1
3.58E-21,1.12E-28,1,3,3,1
1.54E-20,6.39E-28,1,3,3,1
5.12E-22,5.92E-30,1,3,3,1
7.17E-18,7.63E-23,1,3,3,1
1.30E-19,3.32E-28,1,3,3,1
3.82E-21,1.29E-29,1,3,3,1
1.50E-18,2.57E-24,1,3,3,1
2.83E-20,8.81E-28,1,3,3,1
4.50E-15,9.54E-19,1,3,3,1
6.67E-16,1.26E-19,1,3,3,1
3.80E-19,2.13E-22,1,3,3,1
6.51E-18,7.54E-26,1,3,3,1
1.01E-19,7.98E-27,1,3,3,1
3.21E-17,4.17E-23,1,3,3,1
3.58E-21,7.16E-29,1,3,3,1
1.01E-15,2.19E-21,1,3,3,1
4.38E-15,1.65E-19,1,3,3,1
5.11E-17,2.62E-21,1,3,3,1
6.11E-16,2.09E-19,1,3,3,1
8.89E-18,9.85E-23,1,3,3,1
4.67E-17,1.45E-22,1,3,3,1
7.79E-14,3.63E-17,1,3,3,1
1.69E-18,9.40E-23,1,3,3,1
3.14E-16,2.63E-20,1,3,3,1
9.25E-19,3.53E-25,1,3,3,1
1.39E-17,2.53E-22,1,3,3,1
3.84E-21,3.51E-27,1,3,3,1
1.14E-19,1.12E-26,1,3,3,1
9.70E-13,2.22E-17,1,3,3,1
3.53E-14,8.10E-18,1,3,3,1
1.38E-11,8.14E-15,1,3,3,1
1.35E-13,2.36E-16,1,3,3,1
7.87E-13,7.42E-16,1,3,3,1
1.57E-14,1.82E-18,1,3,3,1
1.64E-15,7.90E-20,1,3,3,1
3.24E-09,6.28E-11,1,3,3,1
0.052568506,0.370090932,0.577340603,3,2,0
0.000287945,0.998336256,0.001375878,2,2,1
5.60E-05,0.999938488,5.61E-06,2,2,1
2.46E-08,1,2.90E-10,2,2,1
2.77E-11,1,2.45E-13,2,2,1
0.996982992,0.002982144,3.49E-05,1,1,1
0.999997258,2.47E-06,2.28E-07,1,1,1
1,5.15E-12,1.70E-12,1,1,1
1,1.10E-12,8.95E-14,1,1,1
1,1.65E-10,1.42E-11,1,1,1
1,1.28E-10,1.42E-11,1,1,1
1,2.20E-12,5.14E-13,1,1,1
1,1.95E-15,3.30E-15,1,1,1
1,8.61E-20,2.06E-19,1,1,1
1,5.37E-15,1.88E-15,1,1,1
1,3.29E-14,2.47E-14,1,1,1
1,1.56E-14,9.57E-15,1,1,1
1,1.91E-13,7.90E-14,1,1,1
1,2.06E-11,2.58E-12,1,1,1
1,1.39E-10,7.05E-12,1,1,1
1,1.15E-10,5.60E-12,1,1,1
1,1.54E-11,2.17E-12,1,1,1
1,1.37E-11,2.01E-12,1,1,1
1,6.14E-11,6.54E-12,1,1,1
0.999999881,1.12E-07,8.14E-09,1,1,1
1,8.74E-09,4.28E-10,1,1,1
1,2.09E-09,2.26E-10,1,1,1
1,1.71E-12,4.72E-13,1,1,1
1,2.14E-15,1.28E-15,1,1,1
1,3.04E-12,2.70E-12,1,1,1
1,2.21E-19,1.92E-17,1,1,1
1,3.14E-12,7.53E-12,1,1,1
1,2.28E-10,1.16E-10,1,1,1
1,6.28E-10,4.81E-10,1,1,1
1,1.45E-12,1.09E-11,1,1,1
1,6.75E-11,6.64E-09,1,1,1
0.999987364,2.83E-06,9.74E-06,1,1,1
0.929827392,0.000528812,0.06964381,1,1,1
0.989112198,0.00175119,0.009136598,1,1,1
0.991507411,0.00262915,0.005863452,1,1,1
0.999339879,0.000157283,0.000502825,1,1,1
0.673478961,0.000938574,0.325582415,1,1,1
0.000257301,2.41E-07,0.999742448,3,3,1
0.000224797,9.96E-06,0.999765217,3,3,1
0.000103211,7.93E-06,0.999888897,3,3,1
0.000367688,4.35E-05,0.999588788,3,3,1
0.003649771,0.000328011,0.996022284,3,3,1
5.19E-05,2.22E-05,0.999925852,3,3,1
0.004436983,0.000486851,0.995076239,3,3,1
0.993403256,1.51E-06,0.006595195,1,1,1
0.988754869,3.63E-06,0.011241551,1,1,1
0.488797635,9.28E-05,0.511109591,3,1,0
0.968627334,0.007048462,0.024324225,1,1,1
0.000328416,0.999258101,0.000413424,2,2,1
4.93E-07,0.999996424,3.08E-06,2,2,1
5.87E-07,0.999998212,1.24E-06,2,2,1
3.99E-05,0.99769944,0.002260628,2,2,1
0.000515029,0.808980525,0.190504372,2,2,1
3.16E-06,0.999898076,9.88E-05,2,2,1
0.000736753,0.776176393,0.223086819,2,2,1
0.000794897,0.660129309,0.339075744,2,2,1
0.002190743,0.044050332,0.953758895,3,2,0
0.000379722,1.91E-05,0.999601185,3,3,1
2.83E-05,5.37E-07,0.999971151,3,3,1
1.73E-06,4.65E-11,0.999998212,3,3,1
1.46E-06,5.27E-09,0.999998569,3,3,1
1.77E-05,1.80E-07,0.999982119,3,3,1
1.17E-06,2.09E-10,0.999998808,3,3,1
1.07E-06,6.68E-09,0.999998927,3,3,1
5.60E-08,1.06E-11,1,3,3,1
7.35E-13,1.59E-17,1,3,3,1
7.47E-15,7.95E-20,1,3,3,1
6.57E-15,5.80E-19,1,3,3,1
3.39E-14,2.65E-16,1,3,3,1
4.39E-17,4.94E-20,1,3,3,1
1.33E-19,5.46E-24,1,3,3,1
2.38E-19,2.17E-25,1,3,3,1
2.18E-15,1.15E-20,1,3,3,1
6.31E-14,1.16E-17,1,3,3,1
1.40E-14,1.78E-18,1,3,3,1
1.95E-15,2.12E-20,1,3,3,1
1.44E-17,5.15E-23,1,3,3,1
2.44E-20,2.29E-27,1,3,3,1
6.59E-20,5.20E-28,1,3,3,1
8.44E-20,3.77E-27,1,3,3,1
1.90E-17,1.03E-23,1,3,3,1
1.05E-17,7.71E-23,1,3,3,1
6.02E-18,2.81E-23,1,3,3,1
1.30E-15,1.53E-20,1,3,3,1
1.39E-20,1.17E-27,1,3,3,1
2.77E-16,6.69E-22,1,3,3,1
4.21E-21,2.12E-29,1,3,3,1
4.89E-18,3.15E-25,1,3,3,1
1.57E-16,1.61E-22,1,3,3,1
1.59E-16,5.05E-23,1,3,3,1
1.46E-22,1.33E-30,1,3,3,1
6.26E-20,6.55E-27,1,3,3,1
8.64E-17,1.12E-22,1,3,3,1
2.55E-19,2.04E-25,1,3,3,1
1.34E-15,4.39E-20,1,3,3,1
5.15E-23,1.25E-29,1,3,3,1
3.44E-19,1.63E-26,1,3,3,1
1.21E-16,8.45E-22,1,3,3,1
3.60E-16,2.21E-21,1,3,3,1
4.20E-11,4.51E-16,1,3,3,1
8.50E-18,2.95E-24,1,3,3,1
5.59E-17,2.91E-23,1,3,3,1
2.06E-16,2.66E-20,1,3,3,1
7.85E-16,8.08E-20,1,3,3,1
1.76E-13,9.61E-16,1,3,3,1
7.95E-15,2.63E-19,1,3,3,1
5.54E-18,1.44E-22,1,3,3,1
9.00E-10,1.65E-12,1,3,3,1
2.84E-12,2.31E-15,1,3,3,1
0.003902672,0.000206696,0.995890617,3,3,1
0.00900371,0.411025792,0.579970479,3,2,0
0.001382639,0.997936606,0.000680868,2,2,1
5.08E-05,0.999944806,4.44E-06,2,2,1
2.04E-09,1,1.35E-10,2,2,1
2.01E-10,1,1.51E-12,2,2,1
0.901164234,0.098566867,0.000268865,1,1,1
0.999879718,0.000113775,6.47E-06,1,1,1
1,7.67E-09,1.05E-09,1,1,1
1,3.44E-09,3.77E-10,1,1,1
1,2.61E-10,4.20E-11,1,1,1
1,7.73E-13,2.17E-13,1,1,1
1,1.78E-14,9.91E-15,1,1,1
1,4.14E-13,3.59E-13,1,1,1
1,1.85E-16,2.92E-16,1,1,1
1,1.84E-18,4.71E-18,1,1,1
1,1.04E-20,6.48E-20,1,1,1
1,3.94E-11,1.50E-11,1,1,1
1,4.41E-13,2.74E-13,1,1,1
1,1.28E-12,2.11E-13,1,1,1
1,5.07E-10,9.02E-11,1,1,1
1,5.16E-08,2.17E-09,1,1,1
1,1.37E-11,7.65E-12,1,1,1
1,3.37E-15,4.52E-15,1,1,1
1,3.97E-11,3.29E-12,1,1,1
1,9.06E-13,3.43E-13,1,1,1
1,8.92E-09,7.03E-10,1,1,1
1,1.60E-12,8.47E-13,1,1,1
1,4.68E-15,9.76E-15,1,1,1
1,9.80E-15,1.71E-14,1,1,1
1,4.71E-13,8.06E-13,1,1,1
1,2.46E-20,6.18E-18,1,1,1
1,1.65E-14,2.76E-13,1,1,1
1,1.37E-11,3.27E-11,1,1,1
1,1.64E-10,5.80E-10,1,1,1
1,2.86E-14,1.75E-11,1,1,1
1,6.65E-11,1.18E-09,1,1,1
1,4.51E-09,1.58E-08,1,1,1
0.999999046,1.88E-07,7.41E-07,1,1,1
0.999719322,5.12E-05,0.000229402,1,1,1
0.999948502,3.98E-05,1.17E-05,1,1,1
0.999297261,4.09E-05,0.000661773,1,1,1
0.9980914,4.71E-05,0.001861442,1,1,1
0.995936155,0.000263648,0.003800125,1,1,1
0.999384046,3.61E-05,0.00057981,1,1,1
0.999977469,2.06E-06,2.05E-05,1,1,1
0.999014735,0.000126796,0.000858377,1,1,1
0.994974136,0.000982894,0.004042974,1,1,1
0.007279019,9.24E-05,0.992628574,3,3,1
0.016780788,0.000325976,0.982893169,3,3,1
0.821672857,2.68E-05,0.178300276,1,3,0
0.999940753,4.71E-05,1.21E-05,1,1,1
0.989141703,0.009203842,0.001654477,1,1,1
0.867150366,0.086595304,0.046254277,1,1,1
0.01355193,0.977906287,0.008541883,2,2,1
1.33E-06,0.999983668,1.50E-05,2,2,1
0.000338768,0.994772851,0.004888318,2,2,1
0.000345218,0.879675806,0.119979009,2,2,1
0.002314738,0.965963006,0.031722274,2,2,1
0.972385347,0.002990116,0.024624599,1,1,1
0.574927568,2.35E-05,0.425048918,1,1,1
0.962541521,7.10E-05,0.037387494,1,1,1
0.59697926,8.34E-06,0.403012395,1,1,1
0.014951536,3.70E-08,0.985048354,3,3,1
0.99506551,1.21E-05,0.004922423,1,1,1
0.998042226,5.15E-06,0.001952624,1,1,1
0.971114218,5.29E-05,0.028832823,1,1,1
0.000111107,2.89E-08,0.999888897,3,3,1
1.68E-06,1.55E-12,0.999998331,3,3,1
3.23E-06,9.89E-12,0.999996781,3,3,1
0.001219864,1.84E-08,0.998780072,3,3,1
3.15E-09,8.50E-14,1,3,3,1
4.70E-07,5.47E-10,0.999999523,3,3,1
4.55E-11,8.46E-15,1,3,3,1
5.03E-13,4.41E-16,1,3,3,1
9.37E-16,1.69E-18,1,3,3,1
8.43E-18,2.39E-22,1,3,3,1
4.71E-13,1.76E-16,1,3,3,1
2.71E-11,3.14E-14,1,3,3,1
2.70E-10,1.45E-10,1,3,3,1
2.31E-11,1.79E-10,1,3,3,1
9.27E-12,6.62E-13,1,3,3,1
2.41E-15,4.30E-20,1,3,3,1
3.05E-18,2.13E-25,1,3,3,1
4.97E-21,5.87E-28,1,3,3,1
4.30E-18,1.68E-23,1,3,3,1
8.19E-20,6.14E-27,1,3,3,1
2.92E-14,7.63E-21,1,3,3,1
1.59E-16,8.56E-23,1,3,3,1
6.39E-16,5.42E-22,1,3,3,1
4.76E-17,2.13E-23,1,3,3,1
1.59E-17,7.85E-25,1,3,3,1
4.78E-21,7.31E-29,1,3,3,1
3.25E-17,1.65E-24,1,3,3,1
1.02E-18,6.96E-25,1,3,3,1
5.29E-16,6.14E-24,1,3,3,1
1.84E-20,3.12E-28,1,3,3,1
1.23E-20,1.09E-28,1,3,3,1
2.35E-18,1.28E-25,1,3,3,1
2.37E-19,2.28E-29,1,3,3,1
7.88E-17,1.48E-22,1,3,3,1
1.80E-15,1.34E-20,1,3,3,1
1.68E-22,2.94E-30,1,3,3,1
2.40E-21,8.52E-28,1,3,3,1
2.18E-20,9.49E-28,1,3,3,1
6.49E-16,1.14E-22,1,3,3,1
2.28E-13,2.12E-18,1,3,3,1
4.26E-11,3.08E-16,1,3,3,1
1.41E-12,1.27E-16,1,3,3,1
3.14E-17,5.29E-22,1,3,3,1
1.59E-18,2.05E-23,1,3,3,1
3.60E-12,3.35E-16,1,3,3,1
1.47E-14,7.38E-19,1,3,3,1
1.63E-09,1.21E-11,1,3,3,1
4.96E-06,1.49E-08,0.999994993,3,3,1
5.08E-08,1.83E-09,1,3,3,1
2.46E-05,5.19E-05,0.999923468,3,3,1
0.000522523,0.003630296,0.995847166,3,3,1
0.00548974,0.994133651,0.000376585,2,2,1
9.88E-06,0.999979496,1.06E-05,2,2,1
3.76E-08,1,1.31E-08,2,2,1
0.997647822,0.002303693,4.85E-05,1,1,1
1,6.43E-09,2.17E-09,1,1,1
1,8.86E-13,1.79E-13,1,1,1
1,5.90E-14,1.58E-14,1,1,1
1,9.57E-17,2.91E-17,1,1,1
1,3.18E-18,2.28E-18,1,1,1
1,2.20E-10,2.76E-11,1,1,1
1,2.12E-12,2.66E-12,1,1,1
1,3.05E-21,4.79E-20,1,1,1
1,1.59E-21,1.71E-20,1,1,1
1,2.76E-22,2.19E-21,1,1,1
1,8.12E-15,3.84E-15,1,1,1
1,2.66E-21,1.04E-20,1,1,1
1,2.32E-16,6.00E-17,1,1,1
1,7.04E-13,2.02E-13,1,1,1
1,1.88E-12,4.32E-13,1,1,1
1,7.16E-17,3.18E-16,1,1,1
1,5.80E-13,1.73E-13,1,1,1
1,4.09E-11,8.10E-12,1,1,1
1,2.94E-15,6.44E-15,1,1,1
1,4.26E-16,7.92E-16,1,1,1
1,6.01E-15,1.88E-14,1,1,1
1,1.47E-11,1.84E-11,1,1,1
1,6.11E-12,5.66E-12,1,1,1
1,1.48E-08,5.39E-09,1,1,1
1,9.36E-18,2.02E-16,1,1,1
1,3.48E-23,9.13E-18,1,1,1
1,1.17E-16,4.72E-14,1,1,1
1,7.01E-15,1.12E-12,1,1,1
1,4.81E-16,3.45E-12,1,1,1
1,6.88E-11,4.09E-09,1,1,1
1,1.24E-10,6.51E-10,1,1,1
1,1.03E-13,2.93E-13,1,1,1
1,2.15E-09,1.40E-08,1,1,1
1,2.10E-10,1.02E-09,1,1,1
1,7.66E-09,1.89E-08,1,1,1
0.999999762,2.12E-07,4.75E-08,1,1,1
0.999999523,5.02E-07,2.61E-08,1,1,1
0.999999881,1.31E-07,4.87E-08,1,1,1
0.999999881,6.06E-08,4.27E-08,1,1,1
0.999996424,2.51E-06,1.05E-06,1,1,1
0.998952508,0.000566773,0.000480796,1,1,1
0.958885908,0.003827041,0.037287079,1,1,1
0.036316976,0.00017418,0.963508904,3,3,1
0.939267695,8.00E-07,0.060731534,1,3,0
0.999564469,1.41E-05,0.000421364,1,1,1
0.991836011,0.001854122,0.006309786,1,1,1
0.9129318,0.004715381,0.082352802,1,1,1
0.008776712,0.990127563,0.00109587,2,2,1
0.003806204,0.99490571,0.001288111,2,2,1
0.861250401,0.016223842,0.122525752,1,1,1
0.669860184,0.2624515,0.067688346,1,1,1
0.848958373,0.003487195,0.147554398,1,1,1
0.993535399,0.002568867,0.003895827,1,1,1
0.999593675,2.16E-06,0.000404242,1,1,1
0.999723613,2.92E-06,0.000273437,1,1,1
0.999952555,5.64E-06,4.18E-05,1,1,1
0.999734461,3.85E-06,0.000261751,1,1,1
0.999884129,1.84E-05,9.75E-05,1,1,1
0.999923587,3.77E-05,3.87E-05,1,1,1
0.999400258,4.06E-05,0.000559136,1,1,1
0.724543214,0.000414982,0.275041759,1,1,1
0.000633239,1.23E-07,0.999366701,3,3,1
1.45E-05,3.15E-10,0.999985456,3,3,1
1.57E-07,1.06E-11,0.999999881,3,3,1
2.07E-06,1.28E-10,0.999997973,3,3,1
9.37E-06,1.08E-08,0.999990582,3,3,1
2.67E-09,2.95E-13,1,3,3,1
6.61E-08,4.22E-11,0.999999881,3,3,1
1.42E-09,1.12E-11,1,3,3,1
2.60E-11,3.11E-15,1,3,3,1
1.02E-11,2.56E-16,1,3,3,1
4.78E-08,6.47E-08,0.999999881,3,3,1
1.04E-10,1.01E-09,1,3,3,1
2.27E-10,2.11E-07,0.999999762,3,3,1
1.95E-11,3.83E-11,1,3,3,1
5.14E-17,6.23E-21,1,3,3,1
3.32E-14,2.10E-20,1,3,3,1
8.36E-15,1.95E-19,1,3,3,1
7.31E-18,1.21E-22,1,3,3,1
2.02E-20,3.60E-25,1,3,3,1
1.37E-16,3.52E-22,1,3,3,1
4.92E-22,2.90E-29,1,3,3,1
1.59E-14,1.76E-20,1,3,3,1
2.07E-19,1.13E-26,1,3,3,1
8.34E-19,7.24E-26,1,3,3,1
3.07E-14,3.64E-21,1,3,3,1
9.71E-19,5.52E-28,1,3,3,1
6.65E-17,8.05E-24,1,3,3,1
2.05E-13,5.48E-20,1,3,3,1
5.85E-16,2.33E-22,1,3,3,1
1.99E-16,2.31E-22,1,3,3,1
5.71E-19,3.65E-27,1,3,3,1
3.58E-22,1.94E-31,1,3,3,1
3.94E-18,4.92E-25,1,3,3,1
1.20E-17,4.11E-25,1,3,3,1
3.35E-22,2.82E-31,1,3,3,1
2.45E-21,1.52E-28,1,3,3,1
2.49E-19,4.10E-26,1,3,3,1
9.47E-18,2.53E-23,1,3,3,1
2.22E-17,6.16E-23,1,3,3,1
6.08E-16,2.21E-21,1,3,3,1
1.15E-09,2.02E-13,1,3,3,1
3.53E-13,1.59E-17,1,3,3,1
5.80E-16,4.37E-21,1,3,3,1
3.99E-14,1.49E-18,1,3,3,1
6.96E-10,7.10E-14,1,3,3,1
1.78E-13,3.55E-17,1,3,3,1
8.91E-14,1.07E-17,1,3,3,1
2.10E-10,3.05E-13,1,3,3,1
2.07E-07,9.62E-10,0.999999762,3,3,1
3.85E-05,0.000150387,0.999811113,3,3,1
0.000155174,0.700141788,0.299703091,2,2,1
0.003611069,0.750393569,0.245995283,2,2,1
1.04E-05,0.999968648,2.10E-05,2,2,1
1.98E-10,1,8.61E-11,2,2,1
0.99994421,5.23E-05,3.40E-06,1,1,1
1,4.16E-10,2.96E-11,1,1,1
1,1.93E-14,4.16E-15,1,1,1
1,1.28E-17,3.83E-18,1,1,1
1,4.20E-14,3.36E-14,1,1,1
1,3.50E-17,4.33E-17,1,1,1
1,5.47E-16,6.94E-16,1,1,1
1,6.14E-19,3.44E-18,1,1,1
1,4.49E-17,2.17E-16,1,1,1
1,1.02E-21,1.92E-20,1,1,1
1,5.57E-20,2.20E-19,1,1,1
1,7.81E-12,5.88E-13,1,1,1
1,4.28E-12,6.37E-13,1,1,1
1,2.00E-10,1.93E-11,1,1,1
1,1.56E-10,1.24E-11,1,1,1
1,3.52E-10,4.41E-11,1,1,1
1,3.18E-13,5.40E-14,1,1,1
1,2.76E-13,1.22E-13,1,1,1
1,4.90E-15,1.81E-14,1,1,1
1,2.99E-19,4.87E-18,1,1,1
1,2.61E-18,4.37E-17,1,1,1
1,1.03E-20,7.03E-19,1,1,1
1,7.95E-28,1.26E-23,1,1,1
1,3.96E-14,9.09E-14,1,1,1
1,9.31E-21,8.41E-19,1,1,1
1,1.17E-20,2.21E-16,1,1,1
1,3.36E-18,8.66E-15,1,1,1
1,6.46E-17,1.88E-14,1,1,1
1,5.35E-16,6.26E-14,1,1,1
1,4.11E-10,3.81E-09,1,1,1
1,1.36E-12,1.22E-12,1,1,1
1,3.04E-12,5.27E-13,1,1,1
1,1.20E-13,1.49E-14,1,1,1
1,1.00E-13,1.59E-14,1,1,1
1,5.79E-10,4.03E-11,1,1,1
1,1.91E-12,1.70E-13,1,1,1
1,1.66E-13,1.98E-13,1,1,1
1,6.71E-13,5.98E-12,1,1,1
1,1.59E-08,2.03E-09,1,1,1
1,3.51E-09,2.58E-09,1,1,1
0.999941945,3.04E-05,2.76E-05,1,1,1
0.999986529,7.96E-06,5.54E-06,1,1,1
0.999979854,1.68E-05,3.38E-06,1,1,1
0.999990702,6.64E-07,8.54E-06,1,1,1
0.999997377,5.14E-07,2.19E-06,1,1,1
0.999854922,2.89E-05,0.000116247,1,1,1
0.998194993,0.000336952,0.001467988,1,1,1
0.999612153,3.25E-05,0.000355371,1,1,1
0.998675287,0.001088339,0.000236339,1,1,1
0.93138206,0.065936789,0.002681087,1,1,1
0.999476373,0.00023153,0.000292168,1,1,1
0.989533067,6.04E-06,0.010460984,1,1,1
0.998935521,4.68E-06,0.001059877,1,1,1
0.999923944,1.79E-05,5.82E-05,1,1,1
0.999978662,6.38E-06,1.49E-05,1,1,1
0.999971509,3.90E-07,2.81E-05,1,1,1
0.999999046,4.75E-07,4.64E-07,1,1,1
0.999992967,5.67E-06,1.34E-06,1,1,1
0.999809086,7.01E-05,0.000120876,1,1,1
0.878995836,0.000802286,0.120201856,1,1,1
0.994761765,7.11E-05,0.005167231,1,1,1
0.998793364,1.16E-05,0.001194997,1,1,1
0.999833465,4.34E-05,0.000123137,1,1,1
0.989748895,3.78E-05,0.010213383,1,1,1
0.999665141,1.91E-05,0.000315851,1,1,1
0.999874353,2.26E-05,0.00010293,1,1,1
2.18E-05,3.66E-09,0.999978185,3,3,1
6.22E-08,3.23E-11,0.999999881,3,3,1
6.02E-09,8.93E-12,1,3,3,1
3.16E-08,1.11E-11,1,3,3,1
1.71E-12,2.72E-17,1,3,3,1
2.91E-10,3.23E-14,1,3,3,1
3.70E-11,7.67E-13,1,3,3,1
6.01E-12,9.47E-15,1,3,3,1
3.49E-14,1.08E-16,1,3,3,1
4.10E-18,3.80E-23,1,3,3,1
4.48E-14,3.76E-19,1,3,3,1
3.64E-13,1.45E-17,1,3,3,1
9.35E-16,1.29E-20,1,3,3,1
6.32E-19,4.97E-23,1,3,3,1
3.93E-21,1.41E-27,1,3,3,1
4.20E-19,3.60E-24,1,3,3,1
1.37E-16,7.88E-23,1,3,3,1
9.96E-18,5.33E-26,1,3,3,1
6.62E-18,4.38E-26,1,3,3,1
1.93E-14,7.00E-20,1,3,3,1
4.46E-19,5.26E-26,1,3,3,1
7.95E-19,1.43E-26,1,3,3,1
2.76E-19,1.58E-25,1,3,3,1
5.18E-15,5.67E-21,1,3,3,1
3.88E-17,4.10E-23,1,3,3,1
1.98E-16,1.26E-23,1,3,3,1
1.11E-23,1.47E-31,1,3,3,1
1.36E-18,1.35E-25,1,3,3,1
1.75E-21,1.03E-29,1,3,3,1
4.41E-22,4.67E-30,1,3,3,1
3.08E-22,4.43E-31,1,3,3,1
1.04E-24,4.13E-33,1,3,3,1
7.31E-17,4.41E-23,1,3,3,1
4.49E-22,2.52E-28,1,3,3,1
3.48E-17,1.78E-22,1,3,3,1
5.60E-17,1.74E-21,1,3,3,1
1.44E-14,1.10E-19,1,3,3,1
2.93E-12,4.37E-16,1,3,3,1
1.54E-08,4.16E-12,1,3,3,1
7.89E-10,2.36E-12,1,3,3,1
1.23E-07,3.76E-11,0.999999881,3,3,1
4.91E-09,3.43E-13,1,3,3,1
1.41E-11,8.14E-15,1,3,3,1
1.19E-11,5.06E-15,1,3,3,1
1.65E-07,8.80E-08,0.999999762,3,3,1
6.63E-07,0.001333906,0.998665452,3,3,1
2.33E-05,0.000378287,0.999598444,3,3,1
0.00015572,0.995142221,0.00470205,2,2,1
9.87E-07,0.996780276,0.003218742,2,2,1
8.98E-09,0.999999762,1.94E-07,2,2,1
0.999924183,6.56E-05,1.03E-05,1,1,1
1,4.70E-12,5.43E-13,1,1,1
1,1.11E-14,5.37E-15,1,1,1
1,2.50E-20,9.08E-20,1,1,1
1,5.92E-20,3.10E-19,1,1,1
1,8.49E-20,4.70E-19,1,1,1
1,6.22E-23,4.92E-21,1,1,1
1,4.54E-21,1.36E-19,1,1,1
1,1.82E-27,6.90E-25,1,1,1
1,3.07E-34,1.45E-30,1,1,1
1,8.78E-25,7.75E-23,1,1,1
1,3.81E-21,2.41E-19,1,1,1
1,7.68E-21,7.60E-20,1,1,1
1,1.46E-08,9.94E-10,1,1,1
0.999999285,7.10E-07,1.56E-08,1,1,1
1,1.01E-09,3.25E-11,1,1,1
1,2.34E-10,3.99E-11,1,1,1
1,2.44E-11,3.95E-12,1,1,1
1,5.63E-09,8.23E-10,1,1,1
1,1.43E-18,3.90E-17,1,1,1
1,1.46E-25,1.58E-22,1,1,1
1,6.84E-22,6.94E-20,1,1,1
1,5.15E-17,3.57E-16,1,1,1
1,6.96E-22,2.14E-19,1,1,1
1,7.67E-24,2.06E-20,1,1,1
1,7.70E-26,1.66E-21,1,1,1
1,3.06E-16,9.40E-15,1,1,1
1,2.17E-15,1.94E-14,1,1,1
1,6.82E-12,1.50E-11,1,1,1
1,9.74E-11,1.61E-10,1,1,1
1,3.57E-11,4.59E-11,1,1,1
1,1.88E-11,3.10E-12,1,1,1
1,5.38E-14,1.01E-14,1,1,1
1,7.76E-13,3.60E-14,1,1,1
1,7.43E-12,2.64E-13,1,1,1
1,1.83E-13,7.17E-15,1,1,1
1,9.29E-16,2.56E-16,1,1,1
1,4.18E-14,2.11E-14,1,1,1
1,1.49E-11,9.42E-13,1,1,1
1,1.20E-10,3.14E-11,1,1,1
1,7.24E-09,4.29E-10,1,1,1
1,1.07E-10,1.39E-11,1,1,1
0.999996185,3.54E-06,2.74E-07,1,1,1
0.999994755,4.35E-06,9.50E-07,1,1,1
0.999999046,8.54E-07,1.23E-07,1,1,1
0.999930501,3.50E-05,3.45E-05,1,1,1
0.999979615,1.19E-05,8.50E-06,1,1,1
0.999991894,3.04E-06,4.96E-06,1,1,1
0.999967217,3.02E-05,2.67E-06,1,1,1
0.99974972,0.000101013,0.000149257,1,1,1
0.999826372,6.29E-08,0.000173497,1,1,1
0.999965668,1.48E-05,1.96E-05,1,1,1
0.99994266,5.13E-05,6.09E-06,1,1,1
0.999908686,1.62E-05,7.51E-05,1,1,1
0.999964476,5.24E-06,3.03E-05,1,1,1
0.999983072,5.76E-06,1.12E-05,1,1,1
0.999974966,1.87E-05,6.30E-06,1,1,1
0.999847651,0.000143709,8.58E-06,1,1,1
0.999976873,2.18E-05,1.34E-06,1,1,1
0.99993813,5.82E-05,3.68E-06,1,1,1
0.999989986,8.67E-06,1.36E-06,1,1,1
0.999985933,9.68E-06,4.39E-06,1,1,1
0.999915242,7.69E-05,7.85E-06,1,1,1
0.999835014,0.000109758,5.52E-05,1,1,1
0.999963045,2.03E-05,1.65E-05,1,1,1
0.996310055,9.06E-05,0.003599273,1,1,1
0.991181374,3.37E-05,0.00878494,1,3,0
0.000155687,4.15E-08,0.999844193,3,3,1
2.64E-05,1.43E-09,0.999973536,3,3,1
0.811381638,0.000246792,0.188371494,1,3,0
1.22E-12,1.26E-17,1,3,3,1
1.36E-12,4.55E-17,1,3,3,1
2.87E-09,7.19E-14,1,3,3,1
7.28E-11,1.43E-15,1,3,3,1
1.57E-11,1.21E-16,1,3,3,1
4.56E-11,3.27E-15,1,3,3,1
7.17E-12,4.52E-15,1,3,3,1
6.38E-11,1.52E-16,1,3,3,1
1.96E-17,2.64E-23,1,3,3,1
3.54E-16,7.96E-20,1,3,3,1
2.59E-16,3.42E-21,1,3,3,1
1.19E-12,1.01E-16,1,3,3,1
1.60E-14,2.30E-18,1,3,3,1
1.86E-14,1.92E-18,1,3,3,1
2.89E-19,3.10E-26,1,3,3,1
8.68E-18,2.45E-25,1,3,3,1
4.06E-18,5.81E-25,1,3,3,1
2.74E-15,1.86E-21,1,3,3,1
1.04E-19,4.10E-27,1,3,3,1
2.43E-21,5.94E-31,1,3,3,1
4.78E-22,7.89E-31,1,3,3,1
1.29E-16,3.43E-22,1,3,3,1
1.59E-20,1.78E-28,1,3,3,1
5.26E-24,8.28E-34,1,3,3,1
3.10E-23,7.83E-33,1,3,3,1
3.86E-26,2.01E-35,1,3,3,1
3.06E-23,8.34E-30,1,3,3,1
1.13E-18,1.22E-23,1,3,3,1
3.16E-20,1.59E-26,1,3,3,1
4.39E-20,5.09E-27,1,3,3,1
4.95E-18,1.11E-24,1,3,3,1
2.20E-20,4.59E-28,1,3,3,1
1.61E-19,4.02E-26,1,3,3,1
1.74E-16,4.25E-22,1,3,3,1
8.43E-14,6.30E-19,1,3,3,1
1.61E-10,2.01E-14,1,3,3,1
2.15E-06,1.39E-09,0.999997854,3,3,1
1.74E-10,2.89E-14,1,3,3,1
2.68E-11,2.04E-15,1,3,3,1
1.90E-10,1.19E-13,1,3,3,1
6.03E-08,3.19E-10,0.999999881,3,3,1
7.38E-12,4.18E-12,1,3,3,1
7.44E-08,5.20E-09,0.999999881,3,3,1
1.93E-07,0.000268477,0.999731362,3,3,1
5.46E-06,0.928707719,0.07128685,2,2,1
2.17E-07,0.999534011,0.000465799,2,2,1
5.90E-08,0.999998212,1.79E-06,2,2,1
0.99988234,0.000105094,1.25E-05,1,1,1
1,9.63E-15,3.92E-15,1,1,1
1,4.27E-18,2.82E-18,1,1,1
1,1.59E-15,1.37E-15,1,1,1
1,8.63E-20,5.33E-19,1,1,1
1,6.10E-19,8.54E-18,1,1,1
1,3.43E-25,5.47E-23,1,1,1
1,1.50E-27,6.60E-25,1,1,1
1,4.11E-19,3.96E-18,1,1,1
1,3.91E-20,7.08E-19,1,1,1
1,5.55E-14,5.09E-14,1,1,1
1,9.20E-29,9.82E-26,1,1,1
1,3.08E-26,6.87E-24,1,1,1
1,6.14E-15,9.87E-15,1,1,1
1,5.42E-10,3.12E-11,1,1,1
1,3.92E-08,4.73E-10,1,1,1
1,1.50E-13,2.65E-14,1,1,1
1,7.19E-10,1.37E-10,1,1,1
1,5.09E-14,1.32E-13,1,1,1
1,7.17E-22,1.12E-19,1,1,1
1,7.34E-27,1.50E-23,1,1,1
1,3.84E-19,2.71E-17,1,1,1
1,1.25E-19,5.85E-18,1,1,1
1,1.10E-17,1.43E-16,1,1,1
1,7.40E-19,1.03E-17,1,1,1
1,6.49E-19,2.22E-17,1,1,1
1,1.18E-12,1.75E-12,1,1,1
1,2.03E-12,7.45E-12,1,1,1
1,1.76E-14,4.04E-14,1,1,1
1,2.06E-12,1.43E-11,1,1,1
1,4.31E-16,3.27E-16,1,1,1
1,9.72E-14,1.17E-14,1,1,1
1,2.77E-11,6.54E-13,1,1,1
1,5.54E-13,5.04E-15,1,1,1
1,1.75E-10,2.04E-12,1,1,1
1,1.27E-11,1.60E-13,1,1,1
1,3.16E-13,1.81E-14,1,1,1
1,7.82E-18,1.46E-18,1,1,1
1,1.22E-13,6.28E-15,1,1,1
1,2.23E-15,2.69E-16,1,1,1
1,3.87E-08,2.37E-09,1,1,1
1,1.42E-10,5.30E-12,1,1,1
1,1.98E-09,2.43E-10,1,1,1
1,1.14E-08,4.79E-09,1,1,1
1,4.02E-08,1.68E-08,1,1,1
0.999999523,1.25E-07,3.10E-07,1,1,1
0.999998569,1.84E-07,1.18E-06,1,1,1
0.999990106,7.38E-06,2.45E-06,1,1,1
0.999957681,3.85E-05,3.79E-06,1,1,1
0.985875547,0.014042845,8.15E-05,1,1,1
0.999933481,6.61E-05,5.35E-07,1,1,1
0.998671651,0.00132513,3.25E-06,1,1,1
0.999996305,3.25E-06,4.67E-07,1,1,1
0.999941587,3.33E-05,2.51E-05,1,1,1
0.999996305,3.04E-06,6.91E-07,1,1,1
0.99996829,2.60E-05,5.76E-06,1,1,1
0.999920487,7.62E-05,3.24E-06,1,1,1
0.999894977,0.000102589,2.36E-06,1,1,1
0.999597847,0.000377182,2.50E-05,1,1,1
0.999629259,0.000272315,9.84E-05,1,1,1
0.999999166,3.68E-07,4.43E-07,1,1,1
0.999997616,2.14E-06,1.96E-07,1,1,1
0.99999702,2.72E-06,2.73E-07,1,1,1
0.999996185,2.62E-06,1.19E-06,1,1,1
0.999987006,1.14E-05,1.51E-06,1,1,1
0.999633789,0.000315634,5.05E-05,1,1,1
0.999592125,0.000348076,5.98E-05,1,1,1
0.162221029,0.002356872,0.835422099,3,3,1
6.10E-06,1.34E-08,0.99999392,3,3,1
0.021702055,1.84E-06,0.978296041,3,1,0
4.00E-13,1.47E-18,1,3,3,1
4.47E-12,6.38E-17,1,3,3,1
9.85E-11,2.19E-14,1,3,3,1
1.46E-10,2.47E-14,1,3,3,1
1.17E-12,2.26E-17,1,3,3,1
3.60E-11,8.97E-16,1,3,3,1
1.34E-09,6.51E-14,1,3,3,1
2.49E-14,3.65E-18,1,3,3,1
1.68E-18,5.72E-24,1,3,3,1
1.05E-16,6.87E-22,1,3,3,1
1.47E-15,2.97E-20,1,3,3,1
2.62E-12,1.49E-16,1,3,3,1
2.98E-14,4.56E-19,1,3,3,1
5.55E-18,6.41E-23,1,3,3,1
5.72E-21,2.86E-27,1,3,3,1
3.49E-22,3.73E-28,1,3,3,1
3.53E-17,5.97E-22,1,3,3,1
3.64E-18,1.62E-25,1,3,3,1
1.99E-18,1.75E-25,1,3,3,1
2.88E-20,4.86E-27,1,3,3,1
7.59E-20,5.46E-26,1,3,3,1
6.94E-18,2.58E-24,1,3,3,1
4.30E-23,5.53E-31,1,3,3,1
7.88E-23,3.27E-31,1,3,3,1
1.91E-23,8.04E-31,1,3,3,1
4.02E-23,2.86E-30,1,3,3,1
3.00E-21,4.09E-29,1,3,3,1
2.99E-25,1.30E-33,1,3,3,1
8.69E-22,2.03E-28,1,3,3,1
9.32E-17,3.70E-22,1,3,3,1
1.27E-18,1.01E-24,1,3,3,1
3.97E-18,1.05E-24,1,3,3,1
1.02E-17,2.41E-24,1,3,3,1
3.08E-16,1.16E-21,1,3,3,1
1.03E-07,3.35E-11,0.999999881,3,3,1
5.27E-08,2.44E-11,1,3,3,1
1.46E-12,1.10E-16,1,3,3,1
1.08E-10,1.21E-14,1,3,3,1
5.82E-13,3.25E-16,1,3,3,1
5.83E-11,1.66E-14,1,3,3,1
9.69E-11,1.98E-14,1,3,3,1
1.97E-09,2.26E-12,1,3,3,1
1.10E-07,3.24E-10,0.999999881,3,3,1
8.93E-06,6.02E-06,0.999985099,3,3,1
2.97E-06,0.005676075,0.994320989,3,3,1
9.47E-07,0.931864619,0.068134405,2,2,1
1.77E-06,0.99988091,0.000117287,2,2,1
8.68E-07,0.999997973,1.14E-06,2,2,1
0.999639153,0.000344739,1.61E-05,1,1,1
1,3.89E-13,2.18E-13,1,1,1
1,2.68E-15,7.37E-16,1,1,1
1,5.85E-16,3.21E-16,1,1,1
1,3.44E-15,2.71E-15,1,1,1
1,1.67E-24,9.11E-23,1,1,1
1,2.14E-26,2.25E-24,1,1,1
1,4.92E-28,1.54E-25,1,1,1
1,2.78E-18,9.36E-18,1,1,1
1,1.16E-22,4.84E-21,1,1,1
1,9.30E-27,1.46E-24,1,1,1
1,8.28E-27,4.31E-24,1,1,1
1,8.52E-25,6.75E-23,1,1,1
1,3.60E-19,1.46E-18,1,1,1
1,2.24E-17,6.80E-17,1,1,1
1,1.05E-20,1.25E-19,1,1,1
1,7.11E-16,2.06E-15,1,1,1
1,3.55E-17,2.78E-16,1,1,1
1,1.09E-15,5.02E-15,1,1,1
1,3.76E-13,7.36E-13,1,1,1
1,6.71E-14,2.09E-13,1,1,1
1,1.09E-19,5.66E-18,1,1,1
1,1.42E-19,3.24E-18,1,1,1
1,1.51E-20,9.12E-19,1,1,1
1,1.87E-17,5.85E-17,1,1,1
1,1.38E-17,2.10E-16,1,1,1
1,3.14E-12,3.85E-12,1,1,1
1,2.07E-11,2.35E-11,1,1,1
1,1.09E-13,1.26E-13,1,1,1
1,1.15E-22,1.22E-20,1,1,1
1,2.13E-16,2.43E-16,1,1,1
1,8.17E-13,4.52E-13,1,1,1
1,2.97E-11,1.11E-12,1,1,1
1,1.21E-10,1.47E-12,1,1,1
1,8.80E-14,2.45E-15,1,1,1
1,2.65E-15,5.27E-17,1,1,1
1,9.69E-16,4.30E-17,1,1,1
1,2.76E-17,2.99E-18,1,1,1
1,1.92E-20,3.62E-21,1,1,1
1,5.30E-16,1.44E-16,1,1,1
1,2.48E-10,1.45E-11,1,1,1
1,1.87E-10,6.73E-12,1,1,1
1,3.59E-09,2.01E-10,1,1,1
1,2.49E-11,7.22E-12,1,1,1
1,1.70E-08,3.93E-08,1,1,1
0.999999881,1.69E-09,1.25E-07,1,1,1
0.999999404,2.89E-07,3.05E-07,1,1,1
0.999999523,4.62E-07,3.61E-08,1,1,1
0.999961376,3.81E-05,4.59E-07,1,1,1
0.999949932,4.98E-05,2.54E-07,1,1,1
0.999920011,7.93E-05,7.65E-07,1,1,1
0.982432246,0.017537247,3.05E-05,1,1,1
0.999994159,5.75E-06,7.49E-08,1,1,1
0.999999046,4.56E-07,5.34E-07,1,1,1
0.999997139,2.26E-06,6.43E-07,1,1,1
0.999999762,2.01E-07,2.90E-08,1,1,1
0.999997973,1.92E-06,8.37E-08,1,1,1
0.999999762,8.85E-08,7.37E-08,1,1,1
0.999991298,8.04E-06,6.62E-07,1,1,1
0.999994636,4.10E-07,5.02E-06,1,1,1
0.99999845,1.38E-06,1.15E-07,1,1,1
0.999976635,2.26E-05,7.24E-07,1,1,1
0.999994993,4.73E-06,2.06E-07,1,1,1
0.999995232,4.51E-06,2.76E-07,1,1,1
0.999986768,1.06E-05,2.66E-06,1,1,1
0.999962926,3.12E-05,5.88E-06,1,1,1
0.99975878,0.000210928,3.03E-05,1,1,1
0.998428524,0.001275083,0.00029634,1,1,1
0.19629842,8.14E-05,0.803620219,3,3,1
2.45E-05,1.35E-09,0.999975562,3,3,1
0.430485249,4.98E-05,0.569465041,3,3,1
0.000101836,6.37E-09,0.999898195,3,3,1
1.35E-05,1.11E-09,0.999986529,3,3,1
0.00140189,2.46E-07,0.99859792,3,1,0
7.38E-09,1.05E-12,1,3,3,1
1.26E-11,3.28E-15,1,3,3,1
7.80E-16,1.05E-19,1,3,3,1
2.11E-18,2.58E-22,1,3,3,1
4.73E-19,1.81E-23,1,3,3,1
8.68E-19,8.17E-24,1,3,3,1
7.10E-14,4.58E-19,1,3,3,1
7.77E-17,4.60E-23,1,3,3,1
1.26E-13,1.56E-18,1,3,3,1
1.00E-17,5.82E-23,1,3,3,1
2.52E-19,1.72E-25,1,3,3,1
5.04E-18,2.24E-22,1,3,3,1
7.08E-12,1.06E-15,1,3,3,1
6.17E-18,2.72E-24,1,3,3,1
2.40E-19,6.46E-27,1,3,3,1
2.36E-14,2.32E-19,1,3,3,1
1.26E-13,1.19E-19,1,3,3,1
1.88E-20,4.41E-28,1,3,3,1
6.50E-23,1.47E-29,1,3,3,1
1.09E-20,3.17E-27,1,3,3,1
9.88E-24,2.87E-30,1,3,3,1
1.18E-18,2.83E-23,1,3,3,1
4.39E-17,1.02E-20,1,3,3,1
7.12E-20,8.40E-26,1,3,3,1
1.18E-22,8.43E-30,1,3,3,1
2.11E-20,5.66E-28,1,3,3,1
3.99E-20,1.29E-27,1,3,3,1
6.08E-18,1.31E-24,1,3,3,1
4.68E-20,7.09E-28,1,3,3,1
9.87E-21,4.36E-28,1,3,3,1
1.85E-18,1.70E-25,1,3,3,1
1.40E-06,1.36E-09,0.999998569,3,3,1
4.59E-09,4.61E-12,1,3,3,1
1.40E-15,3.03E-20,1,3,3,1
3.07E-14,2.95E-18,1,3,3,1
3.21E-14,2.23E-18,1,3,3,1
3.35E-15,1.56E-20,1,3,3,1
3.17E-15,9.75E-20,1,3,3,1
2.40E-12,6.39E-16,1,3,3,1
1.36E-08,1.28E-10,1,3,3,1
0.001237594,0.002511885,0.99625057,3,3,1
1.45E-06,0.00048627,0.999512315,3,3,1
2.71E-08,0.000649379,0.999350607,3,3,1
3.18E-07,0.999876261,0.00012342,2,2,1
1.40E-06,0.999994278,4.34E-06,2,2,1
0.962773502,0.036823478,0.000402907,1,1,1
0.999999881,7.64E-08,3.21E-08,1,1,1
1,1.83E-14,4.66E-15,1,1,1
1,6.74E-17,2.42E-17,1,1,1
1,2.17E-11,3.89E-12,1,1,1
1,9.73E-17,9.14E-17,1,1,1
1,1.75E-22,5.82E-22,1,1,1
1,3.07E-18,1.08E-17,1,1,1
1,2.49E-20,1.62E-19,1,1,1
1,5.85E-24,8.07E-23,1,1,1
1,3.88E-22,8.38E-21,1,1,1
1,9.40E-23,2.01E-21,1,1,1
1,6.91E-25,1.00E-22,1,1,1
1,7.71E-22,2.19E-20,1,1,1
1,4.09E-22,1.21E-20,1,1,1
1,2.44E-21,6.00E-20,1,1,1
1,1.07E-23,2.21E-21,1,1,1
1,8.86E-23,1.01E-20,1,1,1
1,6.80E-20,2.00E-18,1,1,1
1,3.12E-14,4.81E-14,1,1,1
1,2.63E-14,7.37E-14,1,1,1
1,2.53E-11,2.24E-11,1,1,1
1,2.13E-17,3.24E-16,1,1,1
1,9.06E-20,1.02E-18,1,1,1
1,6.44E-17,2.08E-16,1,1,1
1,1.49E-13,1.68E-13,1,1,1
1,7.30E-15,2.14E-14,1,1,1
1,1.32E-12,1.79E-12,1,1,1
1,1.44E-18,3.33E-17,1,1,1
1,8.92E-18,1.60E-16,1,1,1
1,2.60E-21,4.01E-20,1,1,1
1,1.16E-09,1.98E-10,1,1,1
1,3.06E-10,4.35E-12,1,1,1
1,1.53E-09,1.38E-11,1,1,1
1,2.80E-16,7.24E-18,1,1,1
1,2.90E-17,1.68E-18,1,1,1
1,1.08E-12,1.92E-14,1,1,1
1,1.25E-13,5.27E-15,1,1,1
1,9.33E-17,4.85E-18,1,1,1
1,5.20E-20,1.03E-20,1,1,1
1,4.82E-17,5.36E-18,1,1,1
1,3.11E-10,8.25E-12,1,1,1
1,4.98E-08,1.73E-09,1,1,1
0.999999881,7.87E-08,1.02E-08,1,1,1
1,5.30E-11,3.03E-10,1,1,1
1,5.40E-08,4.65E-08,1,1,1
0.999998331,1.30E-06,3.72E-07,1,1,1
0.999998927,1.05E-06,1.69E-08,1,1,1
0.999994159,5.87E-06,3.61E-08,1,1,1
0.995444775,0.004551356,3.87E-06,1,1,1
0.999542713,0.000455451,1.94E-06,1,1,1
0.991916239,0.008077687,6.03E-06,1,1,1
0.999996662,3.17E-06,9.50E-08,1,1,1
1,5.86E-10,7.93E-10,1,1,1
1,9.64E-10,2.29E-10,1,1,1
0.999999881,1.68E-07,5.20E-08,1,1,1
0.999999762,2.90E-07,9.91E-09,1,1,1
0.999999881,6.60E-09,1.31E-07,1,1,1
0.999982953,1.67E-05,2.84E-07,1,1,1
0.999894142,0.000103641,2.22E-06,1,1,1
0.999972939,2.68E-05,1.80E-07,1,1,1
0.99999404,5.56E-06,4.14E-07,1,1,1
0.999998212,1.66E-06,1.18E-07,1,1,1
0.99999845,1.60E-06,3.03E-08,1,1,1
0.999999404,4.68E-07,6.46E-08,1,1,1
0.999935746,5.93E-05,4.89E-06,1,1,1
0.999973893,2.25E-05,3.62E-06,1,1,1
0.999117792,0.00064321,0.000239085,1,1,1
0.999848247,6.90E-05,8.28E-05,1,1,1
0.752965093,2.96E-05,0.247005299,1,3,0
0.838268578,0.000634474,0.161096975,1,3,0
0.039280914,3.93E-06,0.960715115,3,1,0
0.140870765,9.70E-06,0.859119534,3,1,0
3.67E-06,6.00E-10,0.999996305,3,3,1
8.55E-12,3.94E-16,1,3,3,1
2.67E-09,3.14E-12,1,3,3,1
6.33E-09,1.14E-11,1,3,3,1
4.16E-13,2.42E-16,1,3,3,1
2.85E-18,9.09E-24,1,3,3,1
1.42E-18,1.43E-22,1,3,3,1
1.49E-14,6.28E-18,1,3,3,1
1.07E-17,3.47E-23,1,3,3,1
8.62E-17,2.42E-22,1,3,3,1
8.29E-17,3.26E-22,1,3,3,1
7.61E-18,1.10E-23,1,3,3,1
4.22E-17,7.17E-22,1,3,3,1
5.95E-14,1.12E-17,1,3,3,1
1.66E-11,4.58E-15,1,3,3,1
3.70E-12,9.44E-16,1,3,3,1
1.01E-16,1.01E-21,1,3,3,1
1.88E-19,4.58E-26,1,3,3,1
6.87E-20,3.95E-26,1,3,3,1
1.48E-15,2.16E-20,1,3,3,1
1.70E-16,1.34E-21,1,3,3,1
8.62E-25,3.71E-32,1,3,3,1
5.73E-19,7.56E-24,1,3,3,1
1.03E-13,8.83E-18,1,3,3,1
1.81E-15,1.14E-21,1,3,3,1
2.35E-16,3.68E-22,1,3,3,1
1.14E-24,2.37E-33,1,3,3,1
1.27E-21,8.02E-29,1,3,3,1
5.10E-17,4.97E-22,1,3,3,1
1.37E-15,1.39E-20,1,3,3,1
8.46E-11,3.39E-15,1,3,3,1
1.11E-14,3.08E-19,1,3,3,1
5.05E-11,1.46E-15,1,3,3,1
5.96E-09,6.24E-13,1,3,3,1
1.73E-10,9.17E-15,1,3,3,1
5.32E-13,1.58E-18,1,3,3,1
0.002298263,1.48E-05,0.997686982,3,3,1
0.860358298,0.00339881,0.136242852,1,3,0
3.54E-05,1.00E-08,0.999964595,3,3,1
3.02E-07,4.24E-10,0.999999642,3,3,1
0.000416705,5.19E-05,0.999531388,3,3,1
3.89E-07,2.23E-06,0.999997377,3,3,1
1.01E-08,1.15E-06,0.999998808,3,3,1
0.006014092,0.599000335,0.394985646,2,2,1
5.68E-06,0.016379308,0.983614981,3,3,1
6.13E-07,0.99981159,0.000187803,2,2,1
9.04E-09,1,4.95E-08,2,2,1
4.68E-11,1,5.04E-11,2,2,1
0.966733634,0.032850955,0.000415284,1,1,1
0.999975443,2.34E-05,1.15E-06,1,1,1
1,1.23E-16,2.68E-16,1,1,1
1,2.48E-20,1.27E-20,1,1,1
1,9.80E-24,1.68E-23,1,1,1
1,8.92E-29,7.27E-27,1,1,1
1,1.15E-25,1.73E-24,1,1,1
1,1.04E-12,9.14E-13,1,1,1
1,4.48E-12,2.59E-12,1,1,1
1,7.57E-22,2.20E-20,1,1,1
1,2.46E-23,1.64E-21,1,1,1
1,4.47E-20,1.14E-18,1,1,1
1,9.55E-17,4.93E-16,1,1,1
1,3.18E-15,2.06E-14,1,1,1
1,4.19E-23,4.58E-21,1,1,1
1,8.39E-26,1.36E-23,1,1,1
1,5.43E-24,3.05E-22,1,1,1
1,2.80E-26,1.23E-23,1,1,1
1,1.68E-22,1.55E-20,1,1,1
1,1.58E-20,1.25E-18,1,1,1
1,1.43E-10,4.88E-11,1,1,1
1,4.06E-17,4.71E-16,1,1,1
1,2.33E-18,1.26E-17,1,1,1
1,3.31E-22,1.52E-20,1,1,1
1,2.63E-22,5.14E-21,1,1,1
1,6.78E-20,1.08E-18,1,1,1
1,3.20E-19,2.72E-18,1,1,1
1,2.29E-14,5.03E-14,1,1,1
1,1.09E-12,6.28E-12,1,1,1
1,8.37E-17,1.04E-15,1,1,1
1,9.06E-18,1.12E-16,1,1,1
1,1.68E-14,8.39E-16,1,1,1
1,3.75E-10,3.03E-12,1,1,1
1,2.26E-10,1.78E-12,1,1,1
1,1.15E-16,1.41E-18,1,1,1
1,3.22E-15,3.69E-17,1,1,1
1,3.24E-16,1.61E-17,1,1,1
1,1.79E-15,3.63E-17,1,1,1
1,6.27E-13,4.18E-15,1,1,1
1,1.42E-15,2.14E-16,1,1,1
1,2.07E-16,8.20E-17,1,1,1
1,8.98E-13,3.89E-14,1,1,1
1,4.07E-10,1.26E-11,1,1,1
1,7.28E-10,5.64E-10,1,1,1
1,2.82E-09,5.92E-10,1,1,1
1,2.03E-09,4.68E-10,1,1,1
1,1.14E-09,9.24E-11,1,1,1
0.999999523,4.28E-07,3.88E-09,1,1,1
0.999999642,3.77E-07,9.04E-09,1,1,1
0.999987245,1.28E-05,3.83E-08,1,1,1
0.990482211,0.009493035,2.47E-05,1,1,1
0.99999547,4.55E-06,8.14E-09,1,1,1
1,1.90E-08,2.46E-10,1,1,1
1,1.49E-13,7.91E-13,1,1,1
1,2.11E-08,1.64E-09,1,1,1
1,7.97E-10,4.06E-10,1,1,1
1,4.28E-08,4.14E-09,1,1,1
1,4.60E-08,1.26E-08,1,1,1
0.999998212,1.82E-06,2.35E-08,1,1,1
0.999997377,2.54E-06,5.96E-08,1,1,1
0.999922514,7.69E-05,6.10E-07,1,1,1
0.999997854,1.97E-06,8.06E-08,1,1,1
0.999999762,2.70E-07,4.63E-09,1,1,1
0.999998331,1.64E-06,3.18E-08,1,1,1
0.999999404,5.84E-07,3.92E-08,1,1,1
0.999992609,6.63E-06,7.74E-07,1,1,1
0.999843717,0.000145777,1.05E-05,1,1,1
0.999573052,0.000386632,4.02E-05,1,1,1
0.999695897,0.00026477,3.93E-05,1,1,1
0.993093491,0.000118751,0.006787743,1,1,1
0.706090868,0.000220454,0.293688744,1,1,1
0.151722297,1.63E-05,0.848261416,3,1,0
3.25E-07,3.93E-12,0.999999642,3,3,1
1.25E-06,2.63E-10,0.999998808,3,3,1
1.74E-09,3.20E-12,1,3,3,1
1.74E-10,1.46E-13,1,3,3,1
1.88E-10,7.48E-13,1,3,3,1
2.72E-15,7.19E-19,1,3,3,1
8.91E-12,2.66E-14,1,3,3,1
5.78E-16,1.21E-18,1,3,3,1
2.10E-16,1.04E-20,1,3,3,1
3.19E-18,2.11E-22,1,3,3,1
5.25E-18,1.58E-23,1,3,3,1
5.17E-16,2.34E-21,1,3,3,1
2.96E-17,1.27E-21,1,3,3,1
1.09E-14,2.59E-19,1,3,3,1
1.27E-18,6.00E-24,1,3,3,1
6.62E-17,1.48E-22,1,3,3,1
1.89E-17,2.13E-22,1,3,3,1
1.51E-18,2.09E-25,1,3,3,1
8.92E-19,9.78E-25,1,3,3,1
1.46E-21,2.35E-27,1,3,3,1
2.65E-20,7.88E-25,1,3,3,1
1.13E-23,1.53E-29,1,3,3,1
6.01E-20,8.06E-26,1,3,3,1
9.11E-19,2.41E-23,1,3,3,1
1.75E-15,1.23E-19,1,3,3,1
4.38E-13,3.63E-17,1,3,3,1
9.77E-17,2.02E-23,1,3,3,1
1.12E-20,3.67E-28,1,3,3,1
2.22E-19,2.02E-25,1,3,3,1
9.64E-18,1.19E-22,1,3,3,1
1.96E-11,4.50E-15,1,3,3,1
1.76E-09,2.25E-12,1,3,3,1
7.48E-11,5.02E-14,1,3,3,1
3.59E-12,3.38E-16,1,3,3,1
2.28E-13,2.24E-18,1,3,3,1
3.84E-07,1.46E-10,0.999999642,3,3,1
1.02E-06,3.88E-10,0.999998927,3,3,1
0.000106645,1.33E-07,0.999893188,3,3,1
0.001809121,1.71E-05,0.998173833,3,3,1
0.557980597,0.000164553,0.441854805,1,3,0
4.57E-05,8.07E-09,0.999954224,3,3,1
1.21E-07,2.78E-11,0.999999881,3,3,1
6.46E-13,2.72E-17,1,3,3,1
7.81E-10,1.01E-09,1,3,3,1
1.81E-09,3.07E-08,1,3,3,1
6.29E-11,5.16E-10,1,3,3,1
1.55E-07,0.000565794,0.999434054,3,3,1
1.29E-05,0.996785641,0.003201369,2,2,1
3.63E-08,0.999999166,7.99E-07,2,2,1
7.08E-08,0.999992967,6.90E-06,2,2,1
9.10E-07,0.999994993,4.11E-06,2,2,1
1.17E-07,0.999999762,1.09E-07,2,2,1
9.49E-11,1,5.60E-11,2,2,1
0.990651369,0.009024492,0.000324205,1,1,1
0.999997854,1.85E-06,3.93E-07,1,1,1
1,8.78E-18,3.19E-18,1,1,1
1,5.83E-21,1.08E-20,1,1,1
1,4.05E-32,1.27E-30,1,1,1
1,3.50E-16,3.89E-16,1,1,1
1,1.93E-18,7.16E-18,1,1,1
1,2.86E-20,1.06E-19,1,1,1
1,4.54E-21,3.37E-20,1,1,1
1,6.67E-21,2.33E-19,1,1,1
1,3.76E-22,8.65E-21,1,1,1
1,2.47E-15,5.38E-15,1,1,1
1,2.52E-11,1.42E-11,1,1,1
1,3.98E-15,6.61E-15,1,1,1
1,5.10E-20,1.40E-18,1,1,1
1,6.50E-25,1.70E-22,1,1,1
1,2.72E-26,1.43E-23,1,1,1
1,4.91E-24,5.05E-22,1,1,1
1,6.77E-15,2.09E-14,1,1,1
1,5.28E-15,1.49E-14,1,1,1
1,1.38E-21,2.71E-20,1,1,1
1,4.27E-18,8.00E-18,1,1,1
1,5.73E-25,5.29E-24,1,1,1
1,5.82E-25,9.66E-24,1,1,1
1,2.17E-24,4.50E-23,1,1,1
1,8.89E-25,5.06E-23,1,1,1
1,5.97E-22,5.61E-21,1,1,1
1,9.63E-21,3.92E-19,1,1,1
1,6.82E-17,1.33E-15,1,1,1
1,4.55E-13,2.11E-12,1,1,1
1,1.23E-13,1.74E-13,1,1,1
1,1.54E-10,6.33E-12,1,1,1
1,1.03E-10,3.37E-12,1,1,1
1,1.49E-10,1.40E-12,1,1,1
1,1.77E-13,3.58E-15,1,1,1
1,2.59E-14,5.63E-16,1,1,1
1,9.01E-15,3.24E-16,1,1,1
1,1.11E-19,1.47E-20,1,1,1
1,3.24E-14,7.85E-16,1,1,1
1,1.03E-12,9.21E-14,1,1,1
1,2.88E-14,1.43E-15,1,1,1
1,2.00E-13,2.60E-15,1,1,1
1,2.16E-10,2.08E-11,1,1,1
1,1.75E-10,4.80E-11,1,1,1
1,3.76E-10,4.07E-11,1,1,1
1,1.71E-09,4.03E-11,1,1,1
1,4.54E-10,8.82E-12,1,1,1
1,2.91E-11,3.27E-13,1,1,1
0.999998808,1.13E-06,9.64E-09,1,1,1
0.99938035,0.000618131,1.56E-06,1,1,1
0.999982119,1.78E-05,2.86E-08,1,1,1
0.999871731,0.000128089,1.74E-07,1,1,1
0.999999642,3.32E-07,5.66E-09,1,1,1
1,5.98E-10,1.54E-11,1,1,1
1,1.42E-11,8.38E-13,1,1,1
1,1.83E-11,5.73E-12,1,1,1
1,4.05E-11,2.30E-12,1,1,1
1,3.61E-11,2.27E-11,1,1,1
1,2.48E-10,6.40E-12,1,1,1
0.999999762,2.56E-07,2.25E-08,1,1,1
0.999976873,2.27E-05,5.27E-07,1,1,1
0.999998927,1.03E-06,3.45E-08,1,1,1
0.999996185,3.82E-06,5.04E-08,1,1,1
0.999999404,6.14E-07,3.07E-08,1,1,1
0.999999642,3.78E-07,2.46E-08,1,1,1
0.999998212,1.68E-06,7.01E-08,1,1,1
0.999904513,9.10E-05,4.57E-06,1,1,1
0.999296188,0.000666393,3.74E-05,1,1,1
0.999829531,0.000155741,1.47E-05,1,1,1
0.986164272,0.000669738,0.01316597,1,1,1
0.025021682,0.000107434,0.974870861,3,3,1
0.029720096,3.23E-06,0.970276713,3,1,0
6.35E-05,7.56E-09,0.999936581,3,3,1
9.04E-05,5.70E-09,0.999909639,3,3,1
3.98E-10,6.01E-13,1,3,3,1
1.21E-12,9.16E-17,1,3,3,1
7.05E-14,1.80E-18,1,3,3,1
2.26E-15,3.68E-20,1,3,3,1
4.31E-05,1.74E-07,0.999956727,3,3,1
3.76E-11,6.10E-15,1,3,3,1
9.13E-15,1.43E-19,1,3,3,1
2.32E-12,2.41E-17,1,3,3,1
5.02E-17,1.10E-22,1,3,3,1
9.17E-16,1.39E-21,1,3,3,1
1.16E-13,8.17E-19,1,3,3,1
4.02E-16,6.88E-21,1,3,3,1
1.98E-18,1.47E-25,1,3,3,1
7.67E-18,7.45E-24,1,3,3,1
7.00E-17,1.02E-23,1,3,3,1
2.08E-17,9.60E-24,1,3,3,1
1.24E-21,3.37E-29,1,3,3,1
8.85E-22,6.34E-28,1,3,3,1
1.74E-23,7.07E-28,1,3,3,1
4.73E-19,2.24E-23,1,3,3,1
7.62E-21,2.91E-27,1,3,3,1
1.42E-14,2.15E-19,1,3,3,1
9.02E-19,3.08E-24,1,3,3,1
2.02E-15,1.64E-20,1,3,3,1
6.65E-13,2.35E-17,1,3,3,1
4.56E-14,1.02E-18,1,3,3,1
1.77E-14,2.35E-19,1,3,3,1
1.86E-19,9.04E-27,1,3,3,1
4.63E-14,8.47E-19,1,3,3,1
2.37E-12,2.27E-16,1,3,3,1
8.06E-16,4.56E-21,1,3,3,1
2.35E-12,1.92E-16,1,3,3,1
5.74E-11,3.32E-15,1,3,3,1
4.36E-11,7.44E-15,1,3,3,1
2.63E-09,7.10E-13,1,3,3,1
2.32E-08,4.75E-11,1,3,3,1
0.000198346,3.09E-07,0.999801338,3,3,1
1.92E-05,2.12E-08,0.999980807,3,3,1
3.80E-13,3.80E-18,1,3,3,1
1.16E-09,1.15E-13,1,3,3,1
4.01E-10,9.44E-15,1,3,3,1
5.79E-08,3.84E-11,1,3,3,1
1.28E-14,5.91E-18,1,3,3,1
1.64E-12,7.69E-14,1,3,3,1
2.64E-12,6.30E-12,1,3,3,1
5.19E-11,6.51E-10,1,3,3,1
1.88E-10,7.65E-09,1,3,3,1
6.81E-05,0.109118544,0.890813291,3,2,0
0.000317838,0.997523367,0.002158784,2,2,1
3.07E-07,0.000581781,0.999417901,3,3,1
1.16E-09,2.10E-07,0.999999762,3,3,1
7.67E-09,5.25E-05,0.999947429,3,3,1
7.48E-07,0.002279549,0.997719705,3,3,1
5.38E-07,0.090324491,0.909675002,3,3,1
0.999711812,0.000261821,2.64E-05,1,1,1
1,8.30E-09,1.70E-08,1,1,1
1,2.92E-18,1.52E-18,1,1,1
1,9.52E-19,4.85E-19,1,1,1
1,2.34E-18,4.44E-18,1,1,1
1,1.16E-15,1.73E-15,1,1,1
1,1.71E-14,1.95E-14,1,1,1
1,3.58E-16,3.87E-16,1,1,1
1,2.94E-26,1.91E-24,1,1,1
1,9.97E-30,2.10E-27,1,1,1
1,2.63E-25,7.31E-23,1,1,1
1,1.62E-19,2.44E-18,1,1,1
1,8.46E-14,9.51E-14,1,1,1
1,1.86E-18,3.30E-17,1,1,1
1,3.25E-22,3.22E-20,1,1,1
1,7.44E-26,2.62E-23,1,1,1
1,1.41E-28,8.57E-26,1,1,1
1,1.10E-25,2.06E-23,1,1,1
1,2.12E-21,3.15E-20,1,1,1
1,9.51E-32,8.35E-29,1,1,1
1,1.44E-28,1.25E-26,1,1,1
1,9.80E-17,1.40E-16,1,1,1
1,1.47E-24,8.55E-24,1,1,1
1,6.20E-25,8.14E-24,1,1,1
1,8.48E-17,9.84E-17,1,1,1
1,3.41E-20,1.67E-19,1,1,1
1,1.24E-25,4.35E-24,1,1,1
1,1.53E-20,8.77E-19,1,1,1
1,7.24E-19,1.21E-16,1,1,1
1,1.62E-15,1.61E-14,1,1,1
1,1.73E-11,3.38E-12,1,1,1
1,4.02E-15,1.16E-15,1,1,1
1,5.38E-15,7.74E-16,1,1,1
1,4.05E-16,4.08E-17,1,1,1
1,5.13E-13,9.59E-15,1,1,1
1,5.61E-11,1.06E-12,1,1,1
1,2.62E-15,1.92E-16,1,1,1
1,7.90E-14,1.19E-15,1,1,1
1,9.96E-11,1.09E-12,1,1,1
1,3.28E-16,1.61E-17,1,1,1
1,6.33E-15,5.68E-17,1,1,1
1,1.74E-14,7.01E-16,1,1,1
0.999999881,9.02E-08,2.15E-09,1,1,1
1,4.76E-10,1.22E-11,1,1,1
1,2.84E-10,7.56E-12,1,1,1
0.999999881,9.54E-08,3.42E-10,1,1,1
1,3.03E-09,2.78E-11,1,1,1
1,1.94E-10,4.74E-12,1,1,1
0.999996662,3.38E-06,4.51E-08,1,1,1
0.99997592,2.41E-05,4.26E-08,1,1,1
0.999958158,4.18E-05,5.90E-08,1,1,1
0.99878341,0.001215476,1.12E-06,1,1,1
1,1.09E-08,1.44E-10,1,1,1
1,2.39E-08,3.90E-10,1,1,1
0.999999881,1.02E-07,3.13E-09,1,1,1
1,4.45E-09,2.17E-10,1,1,1
1,2.45E-10,4.53E-12,1,1,1
1,1.03E-12,1.40E-13,1,1,1
1,4.34E-08,8.50E-10,1,1,1
0.999999523,4.27E-07,1.08E-08,1,1,1
0.999995828,4.11E-06,6.46E-08,1,1,1
0.999993324,6.58E-06,6.69E-08,1,1,1
0.999994159,5.66E-06,8.39E-08,1,1,1
0.999999881,1.41E-07,1.53E-09,1,1,1
0.999999166,8.58E-07,3.94E-08,1,1,1
0.999907494,9.10E-05,1.52E-06,1,1,1
0.999999523,4.93E-07,4.64E-08,1,1,1
0.999724686,0.000268173,7.13E-06,1,1,1
0.999950171,4.68E-05,2.95E-06,1,1,1
0.999556243,0.000366171,7.76E-05,1,1,1
0.999848843,8.51E-06,0.000142715,1,1,1
0.883696437,0.000168524,0.116134942,1,1,1
8.13E-07,1.55E-11,0.999999166,3,3,1
5.08E-07,2.98E-10,0.999999523,3,3,1
2.06E-05,4.42E-08,0.999979258,3,3,1
2.11E-10,7.13E-13,1,3,3,1
2.72E-14,1.05E-18,1,3,3,1
2.53E-09,2.26E-12,1,3,3,1
3.08E-12,2.32E-15,1,3,3,1
8.09E-14,2.74E-17,1,3,3,1
1.31E-15,1.62E-19,1,3,3,1
1.32E-09,9.22E-14,1,3,3,1
4.79E-15,4.43E-21,1,3,3,1
4.36E-14,3.04E-19,1,3,3,1
2.46E-11,3.87E-15,1,3,3,1
1.95E-13,2.61E-18,1,3,3,1
4.72E-13,2.94E-19,1,3,3,1
4.17E-17,1.32E-22,1,3,3,1
5.59E-15,4.39E-20,1,3,3,1
6.77E-14,5.36E-20,1,3,3,1
3.54E-10,6.30E-15,1,3,3,1
1.06E-10,7.64E-15,1,3,3,1
3.78E-14,1.61E-16,1,3,3,1
6.01E-19,2.66E-24,1,3,3,1
5.29E-22,2.78E-27,1,3,3,1
6.46E-17,2.61E-22,1,3,3,1
1.05E-14,1.18E-18,1,3,3,1
6.47E-11,1.30E-14,1,3,3,1
4.63E-12,5.01E-16,1,3,3,1
9.98E-07,2.07E-09,0.999999046,3,3,1
3.43E-07,9.56E-10,0.999999642,3,3,1
2.97E-16,2.03E-21,1,3,3,1
9.49E-19,7.06E-26,1,3,3,1
1.87E-17,4.20E-23,1,3,3,1
7.70E-15,1.06E-20,1,3,3,1
1.20E-14,2.86E-19,1,3,3,1
2.78E-12,9.84E-17,1,3,3,1
2.79E-13,5.63E-18,1,3,3,1
3.13E-12,7.27E-17,1,3,3,1
8.30E-12,4.86E-16,1,3,3,1
6.46E-11,4.35E-15,1,3,3,1
9.87E-06,1.41E-08,0.999990106,3,3,1
4.43E-12,3.12E-16,1,3,3,1
6.56E-11,8.59E-16,1,3,3,1
6.32E-08,2.06E-10,0.999999881,3,3,1
2.05E-08,4.96E-12,1,3,3,1
4.21E-14,2.89E-17,1,3,3,1
6.26E-15,8.43E-20,1,3,3,1
2.31E-12,1.22E-14,1,3,3,1
8.01E-15,2.78E-15,1,3,3,1
4.15E-14,2.45E-15,1,3,3,1
8.33E-12,5.76E-14,1,3,3,1
5.71E-11,2.59E-09,1,3,3,1
5.38E-15,1.80E-14,1,3,3,1
5.39E-15,9.36E-16,1,3,3,1
8.76E-12,5.67E-10,1,3,3,1
3.51E-13,6.95E-13,1,3,3,1
6.72E-12,2.50E-10,1,3,3,1
1.44E-09,1.02E-07,0.999999881,3,3,1
1.28E-08,4.52E-05,0.99995482,3,3,1
3.08E-07,0.000862238,0.999137402,3,3,1
1.43E-09,2.29E-08,1,3,3,1
3.20E-06,0.000289442,0.999707282,3,3,1
0.997690678,0.002230498,7.89E-05,1,1,1
1,1.56E-08,1.15E-08,1,1,1
1,3.05E-13,5.85E-14,1,1,1
1,6.40E-15,1.56E-15,1,1,1
1,2.43E-19,1.87E-19,1,1,1
1,1.78E-26,2.08E-25,1,1,1
1,2.53E-24,4.42E-23,1,1,1
1,1.13E-16,2.29E-16,1,1,1
1,8.14E-30,2.20E-27,1,1,1
1,1.48E-29,1.02E-26,1,1,1
1,5.65E-31,5.73E-28,1,1,1
1,7.90E-23,8.50E-21,1,1,1
1,4.30E-21,6.77E-20,1,1,1
1,6.04E-20,5.02E-19,1,1,1
1,2.52E-22,1.53E-20,1,1,1
1,3.45E-30,4.06E-27,1,1,1
1,3.82E-33,3.32E-30,1,1,1
1,7.35E-32,8.26E-29,1,1,1
1,9.35E-35,3.06E-31,1,1,1
1,5.20E-20,3.27E-19,1,1,1
1,1.80E-29,2.47E-27,1,1,1
1,4.38E-23,2.55E-22,1,1,1
1,6.90E-18,5.94E-18,1,1,1
1,5.98E-20,8.20E-20,1,1,1
1,9.18E-20,2.57E-19,1,1,1
1,3.14E-20,2.23E-19,1,1,1
1,2.46E-19,2.23E-18,1,1,1
1,6.17E-18,8.37E-17,1,1,1
1,1.77E-13,1.06E-12,1,1,1
1,2.39E-11,5.43E-12,1,1,1
1,5.21E-15,6.31E-16,1,1,1
1,1.48E-11,1.48E-12,1,1,1
1,1.49E-10,4.94E-12,1,1,1
1,7.42E-16,9.58E-17,1,1,1
1,5.29E-12,1.53E-13,1,1,1
1,2.80E-15,5.02E-17,1,1,1
1,2.24E-15,8.27E-17,1,1,1
1,5.19E-15,1.45E-16,1,1,1
1,3.82E-18,4.41E-19,1,1,1
1,5.20E-11,5.52E-13,1,1,1
1,7.91E-12,5.04E-14,1,1,1
1,2.00E-09,2.56E-11,1,1,1
1,4.47E-08,2.74E-10,1,1,1
1,1.03E-09,8.43E-12,1,1,1
1,8.57E-09,1.21E-10,1,1,1
0.999999762,2.29E-07,1.54E-09,1,1,1
1,1.27E-08,7.19E-11,1,1,1
1,1.86E-09,2.43E-11,1,1,1
0.999999881,7.53E-08,1.71E-09,1,1,1
0.998639405,0.001357554,2.99E-06,1,1,1
0.993707001,0.006287307,5.64E-06,1,1,1
0.999870777,0.000128833,3.32E-07,1,1,1
0.999997973,2.01E-06,1.30E-08,1,1,1
0.999996662,3.32E-06,4.14E-08,1,1,1
1,1.19E-08,5.73E-10,1,1,1
1,1.06E-11,6.68E-13,1,1,1
1,8.45E-11,2.45E-12,1,1,1
1,1.08E-12,1.96E-12,1,1,1
1,1.68E-10,1.01E-11,1,1,1
1,1.05E-08,1.69E-10,1,1,1
1,2.33E-09,2.31E-11,1,1,1
0.999999881,8.51E-08,3.09E-09,1,1,1
0.999999523,4.22E-07,1.04E-08,1,1,1
1,8.42E-09,2.32E-10,1,1,1
0.999999762,2.50E-07,1.11E-08,1,1,1
0.999976873,2.29E-05,2.97E-07,1,1,1
0.999905109,9.20E-05,2.85E-06,1,1,1
0.999719083,0.000265031,1.59E-05,1,1,1
0.99997735,2.09E-05,1.65E-06,1,1,1
0.999466002,0.000493396,4.07E-05,1,1,1
0.998519242,0.000300967,0.001179873,1,1,1
0.001928833,3.60E-07,0.998070776,3,3,1
0.007934442,2.04E-06,0.992063463,3,3,1
9.05E-05,1.29E-07,0.999909401,3,3,1
4.78E-09,4.09E-11,1,3,3,1
0.021464761,3.54E-05,0.97849977,3,3,1
3.20E-09,3.53E-11,1,3,3,1
6.37E-10,2.02E-12,1,3,3,1
1.60E-12,7.02E-16,1,3,3,1
1.12E-11,7.90E-15,1,3,3,1
7.82E-07,4.17E-11,0.999999166,3,3,1
3.48E-09,1.04E-12,1,3,3,1
1.62E-11,4.54E-16,1,3,3,1
2.36E-12,1.13E-16,1,3,3,1
1.84E-06,4.41E-10,0.999998212,3,3,1
7.84E-13,1.53E-18,1,3,3,1
1.81E-16,2.39E-23,1,3,3,1
3.32E-14,6.13E-21,1,3,3,1
1.04E-16,2.01E-22,1,3,3,1
8.37E-12,7.18E-17,1,3,3,1
2.87E-12,3.85E-17,1,3,3,1
4.88E-17,2.27E-23,1,3,3,1
6.19E-13,1.05E-16,1,3,3,1
8.93E-17,8.86E-22,1,3,3,1
1.59E-14,4.03E-18,1,3,3,1
2.83E-13,1.37E-17,1,3,3,1
1.36E-14,5.42E-18,1,3,3,1
1.60E-10,2.36E-14,1,3,3,1
2.08E-17,2.53E-23,1,3,3,1
5.64E-23,1.32E-29,1,3,3,1
1.72E-11,9.18E-16,1,3,3,1
9.20E-07,6.86E-09,0.999999046,3,3,1
6.58E-11,8.06E-15,1,3,3,1
2.97E-13,2.68E-17,1,3,3,1
4.10E-08,7.29E-12,1,3,3,1
2.17E-11,7.39E-16,1,3,3,1
2.65E-15,1.27E-20,1,3,3,1
2.41E-14,2.04E-20,1,3,3,1
2.79E-12,4.09E-16,1,3,3,1
2.97E-07,2.46E-11,0.999999762,3,3,1
9.70E-15,4.65E-20,1,3,3,1
1.91E-07,6.25E-11,0.999999762,3,3,1
2.30E-05,1.19E-07,0.999976873,3,3,1
3.50E-07,8.79E-11,0.999999642,3,3,1
2.15E-12,4.09E-18,1,3,3,1
4.35E-17,2.65E-23,1,3,3,1
8.75E-15,6.18E-19,1,3,3,1
1.76E-10,2.70E-14,1,3,3,1
1.68E-06,2.42E-09,0.999998331,3,3,1
1.52E-13,3.30E-15,1,3,3,1
7.54E-17,1.57E-20,1,3,3,1
1.93E-14,7.82E-18,1,3,3,1
2.41E-13,1.06E-14,1,3,3,1
5.18E-11,7.64E-12,1,3,3,1
6.97E-10,4.54E-11,1,3,3,1
5.48E-07,4.92E-07,0.999998927,3,3,1
1.26E-09,6.88E-08,0.999999881,3,3,1
1.26E-10,3.30E-09,1,3,3,1
3.53E-12,3.52E-11,1,3,3,1
4.17E-12,3.29E-12,1,3,3,1
5.77E-10,7.74E-09,1,3,3,1
2.95E-10,8.20E-09,1,3,3,1
0.002091256,0.000109033,0.997799695,3,3,1
1.18E-09,2.37E-10,1,3,3,1
1.97E-07,1.07E-06,0.999998689,3,3,1
2.96E-09,2.85E-08,1,3,3,1
1,2.94E-10,6.52E-10,1,1,1
1,1.89E-13,1.61E-13,1,1,1
1,8.24E-18,3.57E-18,1,1,1
1,1.77E-23,1.82E-22,1,1,1
1,4.99E-19,1.40E-18,1,1,1
1,1.53E-19,2.34E-19,1,1,1
1,1.10E-28,1.31E-26,1,1,1
1,6.50E-25,5.03E-23,1,1,1
1,1.96E-28,2.35E-25,1,1,1
1,2.59E-22,2.31E-20,1,1,1
1,1.68E-13,3.14E-13,1,1,1
1,5.43E-11,2.92E-11,1,1,1
1,8.71E-23,4.70E-21,1,1,1
1,1.26E-29,5.66E-27,1,1,1
1,0,9.89E-35,1,1,1
1,3.50E-29,9.07E-27,1,1,1
1,2.10E-27,2.59E-25,1,1,1
1,1.51E-23,1.19E-22,1,1,1
1,1.48E-22,8.53E-22,1,1,1
1,1.37E-37,1.02E-34,1,1,1
1,1.03E-27,1.03E-26,1,1,1
1,2.20E-20,6.50E-20,1,1,1
1,6.49E-21,1.30E-20,1,1,1
1,3.63E-17,4.40E-17,1,1,1
1,1.13E-22,9.85E-22,1,1,1
1,3.92E-20,6.08E-19,1,1,1
1,1.71E-20,2.04E-18,1,1,1
1,1.33E-14,1.00E-14,1,1,1
1,1.48E-14,9.44E-15,1,1,1
1,3.98E-16,7.50E-17,1,1,1
1,2.94E-17,2.21E-17,1,1,1
1,3.72E-17,1.59E-17,1,1,1
1,9.72E-15,2.67E-16,1,1,1
1,2.05E-17,1.14E-18,1,1,1
1,3.96E-17,4.39E-18,1,1,1
1,2.93E-18,1.26E-19,1,1,1
1,2.40E-14,5.51E-16,1,1,1
1,1.19E-16,8.02E-18,1,1,1
1,1.31E-14,7.37E-16,1,1,1
1,7.44E-15,2.89E-16,1,1,1
1,1.06E-10,3.33E-12,1,1,1
1,4.30E-09,2.16E-11,1,1,1
1,2.22E-12,2.80E-14,1,1,1
1,3.19E-11,3.70E-13,1,1,1
1,1.70E-11,3.74E-14,1,1,1
1,2.62E-11,1.84E-13,1,1,1
1,3.48E-15,4.39E-16,1,1,1
1,1.78E-08,4.66E-10,1,1,1
0.998748302,0.001244838,6.81E-06,1,1,1
0.999875665,0.000123878,5.21E-07,1,1,1
0.986453235,0.013516633,3.01E-05,1,1,1
0.997302413,0.002694177,3.33E-06,1,1,1
1,7.49E-10,2.18E-11,1,1,1
1,9.51E-10,1.14E-11,1,1,1
1,4.49E-10,1.05E-11,1,1,1
1,2.91E-08,2.46E-10,1,1,1
1,1.89E-08,3.29E-10,1,1,1
1,3.50E-09,6.33E-11,1,1,1
1,1.66E-09,2.01E-11,1,1,1
1,3.36E-08,6.36E-10,1,1,1
1,3.09E-09,5.54E-11,1,1,1
1,8.82E-10,9.44E-12,1,1,1
0.999998689,1.27E-06,2.69E-08,1,1,1
1,1.00E-09,1.41E-10,1,1,1
0.999943614,5.50E-05,1.38E-06,1,1,1
0.999899268,9.74E-05,3.35E-06,1,1,1
0.999981642,1.77E-05,7.28E-07,1,1,1
0.999931455,6.38E-05,4.82E-06,1,1,1
0.999971509,2.42E-05,4.26E-06,1,1,1
0.970616341,4.27E-05,0.029340949,1,1,1
0.138499752,4.37E-06,0.861495912,3,3,1
0.005321126,3.92E-06,0.994674921,3,3,1
0.991786182,0.000222771,0.007991098,1,1,1
0.002532953,3.16E-06,0.997463822,3,3,1
1.64E-08,1.95E-11,1,3,3,1
1.91E-07,3.11E-10,0.999999762,3,3,1
2.75E-12,6.84E-16,1,3,3,1
1.40E-08,6.04E-12,1,3,3,1
4.33E-10,2.21E-12,1,3,3,1
3.04E-09,8.38E-14,1,3,3,1
1.04E-08,1.02E-11,1,3,3,1
6.41E-10,1.01E-12,1,3,3,1
1.73E-07,1.13E-09,0.999999881,3,3,1
5.73E-13,7.11E-18,1,3,3,1
1.78E-14,9.00E-19,1,3,3,1
1.85E-19,4.29E-28,1,3,3,1
2.69E-18,6.44E-26,1,3,3,1
5.65E-18,1.16E-25,1,3,3,1
1.91E-17,2.93E-24,1,3,3,1
1.09E-12,1.05E-17,1,3,3,1
9.66E-13,2.00E-18,1,3,3,1
1.61E-12,1.93E-16,1,3,3,1
1.15E-16,9.57E-22,1,3,3,1
4.43E-18,4.20E-23,1,3,3,1
1.55E-17,6.68E-23,1,3,3,1
7.50E-16,9.79E-20,1,3,3,1
1.68E-09,1.66E-13,1,3,3,1
4.63E-16,2.67E-21,1,3,3,1
1.01E-21,1.44E-28,1,3,3,1
1.51E-15,9.30E-20,1,3,3,1
6.41E-16,1.07E-19,1,3,3,1
3.72E-17,4.39E-23,1,3,3,1
6.29E-11,6.35E-14,1,3,3,1
4.77E-14,4.26E-18,1,3,3,1
1.59E-19,3.22E-26,1,3,3,1
5.09E-15,6.15E-21,1,3,3,1
1.53E-11,9.92E-16,1,3,3,1
1.07E-08,5.69E-13,1,3,3,1
5.80E-13,1.65E-17,1,3,3,1
4.34E-14,5.17E-21,1,3,3,1
3.06E-08,7.79E-13,1,3,3,1
3.19E-07,3.20E-10,0.999999642,3,3,1
9.80E-08,2.76E-11,0.999999881,3,3,1
1.37E-08,3.18E-12,1,3,3,1
1.86E-10,5.48E-15,1,3,3,1
6.26E-11,3.71E-15,1,3,3,1
1.69E-12,1.30E-17,1,3,3,1
0.008068522,9.94E-07,0.991930425,3,3,1
2.27E-09,3.05E-13,1,3,3,1
5.00E-12,1.05E-16,1,3,3,1
4.67E-11,1.62E-15,1,3,3,1
1.73E-13,5.76E-16,1,3,3,1
5.03E-13,2.63E-15,1,3,3,1
2.48E-13,1.18E-16,1,3,3,1
1.38E-13,2.05E-16,1,3,3,1
5.70E-12,1.21E-13,1,3,3,1
1.18E-12,5.74E-15,1,3,3,1
1.04E-11,1.14E-12,1,3,3,1
9.62E-10,1.62E-10,1,3,3,1
5.55E-11,9.89E-11,1,3,3,1
0.000909129,8.91E-06,0.999081969,3,3,1
0.999797285,7.52E-06,0.000195224,1,1,1
0.066828839,0.000112185,0.933058977,3,3,1
0.002059519,0.00041514,0.997525394,3,3,1
4.35E-07,3.20E-05,0.999967575,3,3,1
0.999992013,5.53E-06,2.49E-06,1,1,1
1,5.82E-11,1.93E-11,1,1,1
1,2.57E-22,1.31E-21,1,1,1
1,1.44E-18,3.37E-18,1,1,1
1,1.50E-21,2.86E-20,1,1,1
1,4.56E-22,4.14E-21,1,1,1
1,4.82E-31,1.41E-28,1,1,1
1,8.51E-35,5.06E-31,1,1,1
1,3.67E-21,5.74E-20,1,1,1
1,6.02E-14,9.79E-14,1,1,1
1,2.96E-15,6.45E-15,1,1,1
1,1.33E-23,4.86E-22,1,1,1
1,1.64E-29,3.86E-27,1,1,1
1,2.62E-22,3.43E-21,1,1,1
1,6.72E-32,7.09E-29,1,1,1
1,3.57E-29,1.55E-26,1,1,1
1,2.93E-24,7.91E-23,1,1,1
1,2.24E-27,4.04E-26,1,1,1
1,7.22E-33,7.67E-31,1,1,1
1,5.79E-24,4.20E-23,1,1,1
1,1.07E-29,1.29E-27,1,1,1
1,5.44E-23,9.60E-23,1,1,1
1,1.85E-23,7.21E-23,1,1,1
1,5.63E-25,4.32E-24,1,1,1
1,1.29E-32,1.40E-30,1,1,1
1,2.06E-24,1.96E-23,1,1,1
1,5.82E-20,5.62E-19,1,1,1
1,1.24E-18,3.02E-18,1,1,1
1,1.27E-18,2.46E-19,1,1,1
1,8.02E-18,1.55E-18,1,1,1
1,1.23E-15,3.87E-16,1,1,1
1,5.97E-14,4.60E-15,1,1,1
1,2.41E-16,1.99E-17,1,1,1
1,1.19E-22,1.64E-22,1,1,1
1,1.79E-17,8.41E-19,1,1,1
1,2.49E-15,9.36E-17,1,1,1
1,9.28E-13,1.54E-14,1,1,1
1,3.56E-13,4.49E-15,1,1,1
1,2.42E-15,4.62E-16,1,1,1
1,1.26E-12,6.80E-14,1,1,1
1,2.58E-16,3.80E-17,1,1,1
1,4.14E-15,1.99E-16,1,1,1
1,4.23E-12,6.40E-14,1,1,1
1,1.47E-11,1.72E-13,1,1,1
1,6.36E-15,2.20E-16,1,1,1
1,8.47E-11,1.37E-12,1,1,1
1,3.95E-10,1.04E-11,1,1,1
1,9.40E-11,1.07E-11,1,1,1
0.999998569,1.43E-06,3.59E-08,1,1,1
0.99976927,0.000228891,1.84E-06,1,1,1
0.998171568,0.001823614,4.81E-06,1,1,1
0.999999642,3.62E-07,7.20E-09,1,1,1
1,1.87E-08,2.30E-09,1,1,1
1,5.74E-08,1.49E-09,1,1,1
1,8.24E-09,4.50E-11,1,1,1
0.999999881,1.36E-07,7.17E-10,1,1,1
0.999999881,1.34E-07,4.39E-10,1,1,1
1,2.51E-08,1.14E-10,1,1,1
1,3.81E-08,1.19E-09,1,1,1
0.999997854,2.11E-06,2.78E-08,1,1,1
1,1.07E-09,1.57E-11,1,1,1
1,2.75E-10,4.67E-12,1,1,1
1,9.45E-10,3.35E-11,1,1,1
1,3.50E-08,1.74E-09,1,1,1
0.99999392,5.91E-06,7.23E-08,1,1,1
0.999877334,0.000120489,2.19E-06,1,1,1
0.999925017,7.33E-05,1.69E-06,1,1,1
0.999931097,6.69E-05,1.99E-06,1,1,1
0.99982661,0.000156572,1.68E-05,1,1,1
0.999598324,4.28E-05,0.000358966,1,1,1
0.999357998,0.000260137,0.00038178,1,1,1
0.984284401,0.00011116,0.015604496,1,1,1
0.977661908,0.000153606,0.022184432,1,1,1
0.754387081,0.000101233,0.245511681,1,1,1
0.00102328,8.60E-07,0.998975873,3,3,1
1.65E-09,4.19E-12,1,3,3,1
7.00E-07,2.27E-10,0.999999285,3,3,1
8.53E-13,5.63E-17,1,3,3,1
7.28E-09,2.56E-12,1,3,3,1
1.53E-07,7.52E-12,0.999999881,3,3,1
0.000419111,1.88E-07,0.999580681,3,3,1
1.28E-06,8.68E-08,0.999998689,3,3,1
2.10E-07,1.79E-07,0.999999642,3,3,1
5.23E-09,7.47E-09,1,3,3,1
1.00E-12,2.11E-14,1,3,3,1
1.26E-16,1.29E-22,1,3,3,1
2.22E-17,2.77E-24,1,3,3,1
1.03E-18,4.30E-26,1,3,3,1
9.13E-18,5.29E-24,1,3,3,1
2.38E-15,9.56E-20,1,3,3,1
3.90E-12,6.20E-16,1,3,3,1
0.001866517,9.81E-07,0.998132527,3,3,1
5.58E-11,3.18E-16,1,3,3,1
4.20E-18,2.07E-25,1,3,3,1
7.10E-19,1.49E-25,1,3,3,1
4.81E-16,5.89E-21,1,3,3,1
7.11E-14,9.85E-18,1,3,3,1
1.71E-15,1.72E-20,1,3,3,1
5.13E-16,1.82E-21,1,3,3,1
1.05E-12,1.40E-15,1,3,3,1
5.85E-11,1.05E-12,1,3,3,1
4.22E-13,1.34E-16,1,3,3,1
2.29E-19,1.06E-25,1,3,3,1
4.07E-18,1.50E-24,1,3,3,1
2.50E-22,1.39E-29,1,3,3,1
1.50E-16,4.60E-22,1,3,3,1
1.39E-10,3.31E-15,1,3,3,1
4.19E-09,1.98E-13,1,3,3,1
0.002805853,1.41E-07,0.997193933,3,1,0
6.11E-15,5.59E-21,1,3,3,1
1.60E-14,9.32E-20,1,3,3,1
4.64E-12,7.94E-18,1,3,3,1
1.29E-15,1.97E-21,1,3,3,1
3.58E-15,2.51E-20,1,3,3,1
1.85E-14,3.63E-20,1,3,3,1
1.75E-16,9.59E-22,1,3,3,1
6.15E-20,5.19E-26,1,3,3,1
7.14E-14,2.51E-18,1,3,3,1
5.54E-14,3.12E-19,1,3,3,1
2.72E-15,2.23E-20,1,3,3,1
6.43E-15,2.82E-20,1,3,3,1
1.01E-14,2.81E-19,1,3,3,1
2.77E-16,9.27E-21,1,3,3,1
3.78E-17,7.72E-22,1,3,3,1
1.12E-15,1.51E-20,1,3,3,1
2.21E-19,3.72E-24,1,3,3,1
4.25E-16,1.33E-19,1,3,3,1
2.68E-11,1.31E-14,1,3,3,1
6.10E-15,2.95E-17,1,3,3,1
1.46E-10,2.24E-11,1,3,3,1
1.12E-05,6.10E-07,0.999988198,3,3,1
0.000104721,1.52E-07,0.999895096,3,3,1
8.67E-10,3.60E-12,1,3,3,1
9.21E-11,1.71E-12,1,3,3,1
8.56E-11,1.51E-11,1,3,3,1
1.46E-07,0.990907669,0.009092282,2,2,1
0.999999642,1.68E-07,1.80E-07,1,1,1
1,6.78E-12,1.49E-11,1,1,1
1,3.11E-26,2.09E-24,1,1,1
1,3.94E-29,3.11E-26,1,1,1
1,1.48E-28,4.63E-26,1,1,1
1,1.44E-26,1.45E-24,1,1,1
1,2.29E-30,1.40E-27,1,1,1
1,4.83E-28,1.36E-25,1,1,1
1,1.03E-25,7.07E-24,1,1,1
1,1.64E-26,1.01E-24,1,1,1
1,3.22E-23,6.66E-22,1,1,1
1,2.60E-27,3.37E-25,1,1,1
1,1.23E-26,1.01E-24,1,1,1
1,1.01E-34,1.86E-31,1,1,1
1,0,1.86E-35,1,1,1
1,1.22E-26,6.45E-25,1,1,1
1,4.33E-28,8.85E-27,1,1,1
1,1.34E-36,4.85E-34,1,1,1
1,2.37E-34,1.22E-32,1,1,1
1,1.46E-27,3.77E-26,1,1,1
1,2.26E-17,2.17E-17,1,1,1
1,4.53E-26,1.95E-25,1,1,1
1,7.18E-19,4.41E-19,1,1,1
1,2.40E-21,3.20E-21,1,1,1
1,1.45E-21,2.03E-21,1,1,1
1,2.03E-16,6.77E-17,1,1,1
1,3.03E-28,9.83E-28,1,1,1
1,3.78E-20,2.76E-20,1,1,1
1,3.42E-19,4.54E-20,1,1,1
1,7.39E-14,7.85E-15,1,1,1
1,1.94E-14,1.79E-15,1,1,1
1,3.02E-17,4.02E-18,1,1,1
1,3.50E-14,1.77E-15,1,1,1
1,5.42E-14,5.51E-15,1,1,1
1,7.79E-18,6.10E-19,1,1,1
1,6.87E-15,2.13E-16,1,1,1
1,5.04E-12,1.68E-13,1,1,1
1,3.72E-17,3.44E-18,1,1,1
1,4.62E-18,8.92E-19,1,1,1
1,1.90E-14,1.15E-15,1,1,1
1,3.11E-13,6.27E-15,1,1,1
1,7.30E-11,1.87E-12,1,1,1
1,2.09E-08,1.45E-10,1,1,1
1,5.65E-08,6.44E-10,1,1,1
1,2.13E-09,4.36E-11,1,1,1
1,1.07E-08,8.63E-11,1,1,1
1,2.60E-09,1.29E-10,1,1,1
1,1.19E-08,1.48E-09,1,1,1
0.999990463,9.41E-06,1.32E-07,1,1,1
0.963018537,0.036958516,2.30E-05,1,1,1
0.97327143,0.026678054,5.04E-05,1,1,1
0.999999762,2.87E-07,5.28E-09,1,1,1
0.999997258,2.72E-06,3.52E-08,1,1,1
1,6.70E-09,1.88E-10,1,1,1
0.999999881,7.61E-08,1.93E-09,1,1,1
0.999992728,7.28E-06,4.01E-08,1,1,1
0.999999285,7.05E-07,5.19E-09,1,1,1
1,7.77E-11,1.06E-12,1,1,1
1,3.52E-09,4.03E-11,1,1,1
1,2.04E-08,4.82E-10,1,1,1
1,1.02E-08,9.31E-11,1,1,1
1,5.20E-11,7.85E-13,1,1,1
1,1.17E-09,2.27E-11,1,1,1
1,1.03E-09,6.31E-10,1,1,1
1,9.87E-09,5.29E-08,1,1,1
0.999994755,4.49E-06,7.55E-07,1,1,1
0.999996662,3.20E-06,1.53E-07,1,1,1
0.999138832,0.000855989,5.16E-06,1,1,1
0.999965787,3.18E-05,2.33E-06,1,1,1
0.999981403,1.54E-05,3.05E-06,1,1,1
0.999887347,0.000102204,1.05E-05,1,1,1
0.999625683,0.000242059,0.000132242,1,1,1
0.99988234,4.55E-05,7.21E-05,1,1,1
0.998218,0.000304066,0.001477943,1,1,1
0.042482741,1.14E-05,0.957505822,3,3,1
1.47E-06,6.83E-09,0.999998569,3,3,1
7.85E-05,1.41E-07,0.999921322,3,3,1
1.18E-09,2.89E-14,1,3,3,1
1.49E-12,2.87E-17,1,3,3,1
9.58E-12,2.98E-17,1,3,3,1
5.19E-09,1.38E-15,1,3,3,1
3.03E-06,5.99E-08,0.999996901,3,3,1
2.15E-05,0.000122928,0.999855638,3,3,1
3.97E-08,2.30E-07,0.999999762,3,3,1
1.78E-05,0.018010853,0.981971323,3,3,1
8.56E-09,1.31E-09,1,3,3,1
2.43E-13,1.46E-17,1,3,3,1
4.22E-18,2.15E-24,1,3,3,1
9.14E-19,1.73E-25,1,3,3,1
2.40E-12,9.78E-17,1,3,3,1
5.89E-11,1.46E-15,1,3,3,1
8.54E-12,4.83E-16,1,3,3,1
3.35E-08,2.79E-12,1,3,3,1
3.70E-11,3.40E-17,1,3,3,1
1.14E-10,3.47E-15,1,3,3,1
1.58E-08,9.76E-12,1,3,3,1
9.71E-11,3.75E-15,1,3,3,1
2.23E-11,2.57E-15,1,3,3,1
6.66E-18,2.45E-23,1,3,3,1
8.30E-11,4.72E-13,1,3,3,1
5.96E-08,4.65E-11,0.999999881,3,3,1
7.61E-13,1.43E-16,1,3,3,1
2.37E-17,4.94E-23,1,3,3,1
1.15E-12,6.98E-18,1,3,3,1
9.86E-15,4.56E-20,1,3,3,1
1.04E-17,8.45E-23,1,3,3,1
4.06E-15,3.72E-20,1,3,3,1
4.80E-13,1.59E-18,1,3,3,1
9.00E-12,4.74E-17,1,3,3,1
6.16E-13,2.29E-19,1,3,3,1
1.91E-10,7.27E-16,1,3,3,1
7.84E-13,9.91E-17,1,3,3,1
4.22E-11,6.36E-16,1,3,3,1
9.71E-16,8.56E-21,1,3,3,1
5.64E-13,1.78E-18,1,3,3,1
5.87E-16,4.64E-21,1,3,3,1
6.37E-16,4.17E-20,1,3,3,1
7.61E-12,8.48E-17,1,3,3,1
3.58E-16,1.21E-21,1,3,3,1
6.49E-19,1.38E-25,1,3,3,1
6.19E-19,2.21E-26,1,3,3,1
1.18E-14,4.85E-19,1,3,3,1
2.81E-16,5.49E-22,1,3,3,1
6.14E-19,4.76E-26,1,3,3,1
2.36E-20,1.48E-27,1,3,3,1
8.87E-18,5.75E-24,1,3,3,1
1.01E-17,6.23E-24,1,3,3,1
7.94E-13,1.77E-15,1,3,3,1
3.43E-11,6.76E-14,1,3,3,1
1.35E-12,5.69E-14,1,3,3,1
4.15E-11,1.69E-15,1,3,3,1
9.66E-12,1.82E-15,1,3,3,1
2.45E-15,4.06E-19,1,3,3,1
4.60E-12,1.80E-15,1,3,3,1
4.38E-11,3.83E-11,1,3,3,1
6.27E-08,0.999996185,3.64E-06,2,2,1
0.999170899,0.000768577,6.05E-05,1,1,1
1,1.35E-10,2.09E-10,1,1,1
1,1.94E-19,5.90E-19,1,1,1
1,4.48E-28,3.39E-26,1,1,1
1,1.59E-31,9.60E-29,1,1,1
1,4.82E-26,4.31E-24,1,1,1
1,2.40E-22,4.36E-21,1,1,1
1,7.05E-24,1.18E-21,1,1,1
1,1.32E-32,1.49E-29,1,1,1
1,4.79E-36,1.69E-32,1,1,1
1,1.20E-26,1.17E-24,1,1,1
1,1.69E-28,1.94E-26,1,1,1
1,6.43E-33,4.27E-30,1,1,1
1,2.95E-34,8.80E-32,1,1,1
1,4.21E-32,9.09E-30,1,1,1
1,2.13E-25,2.77E-24,1,1,1
1,0,0,1,1,1
1,8.45E-36,2.28E-33,1,1,1
1,5.98E-26,3.47E-25,1,1,1
1,7.74E-28,6.48E-27,1,1,1
1,1.12E-28,9.54E-28,1,1,1
1,2.52E-21,5.29E-21,1,1,1
1,1.10E-25,6.05E-25,1,1,1
1,6.68E-23,2.51E-22,1,1,1
1,3.55E-18,1.34E-18,1,1,1
1,1.68E-15,3.08E-16,1,1,1
1,5.12E-24,8.01E-24,1,1,1
1,6.42E-18,2.74E-18,1,1,1
1,4.19E-22,6.68E-23,1,1,1
1,1.84E-18,1.73E-19,1,1,1
1,1.47E-12,7.64E-14,1,1,1
1,2.18E-18,3.65E-19,1,1,1
1,1.21E-15,7.66E-17,1,1,1
1,3.85E-20,1.02E-20,1,1,1
1,5.54E-22,1.36E-22,1,1,1
1,3.67E-19,2.84E-18,1,1,1
1,2.53E-16,3.67E-17,1,1,1
1,8.89E-18,4.82E-18,1,1,1
1,1.25E-16,1.23E-17,1,1,1
1,3.30E-14,2.76E-15,1,1,1
1,1.63E-09,6.48E-12,1,1,1
1,1.28E-13,1.76E-15,1,1,1
1,4.90E-08,6.47E-10,1,1,1
1,1.04E-10,1.77E-12,1,1,1
0.999999762,2.97E-07,2.22E-09,1,1,1
1,2.82E-09,4.53E-11,1,1,1
0.999999166,8.12E-07,9.77E-09,1,1,1
1,1.44E-08,5.94E-10,1,1,1
0.999999762,2.24E-07,8.56E-09,1,1,1
0.999969482,3.03E-05,2.83E-07,1,1,1
0.99930501,0.00069188,3.13E-06,1,1,1
0.999999881,9.94E-08,1.89E-09,1,1,1
0.999996424,3.59E-06,1.57E-08,1,1,1
0.999999881,1.61E-07,2.78E-09,1,1,1
1,8.05E-09,2.02E-10,1,1,1
0.999999881,1.73E-07,6.08E-10,1,1,1
0.999997973,1.99E-06,1.14E-08,1,1,1
0.999999046,9.41E-07,3.63E-09,1,1,1
1,1.11E-08,8.39E-11,1,1,1
0.999998927,1.12E-06,8.48E-09,1,1,1
1,5.64E-08,3.09E-10,1,1,1
1,1.12E-08,1.05E-10,1,1,1
1,3.81E-11,4.83E-12,1,1,1
1,1.95E-08,1.60E-09,1,1,1
1,2.79E-11,1.98E-09,1,1,1
0.999998927,2.45E-08,1.03E-06,1,1,1
0.999885321,0.000104146,1.05E-05,1,1,1
0.999185741,0.00080479,9.39E-06,1,1,1
0.999906898,8.85E-05,4.68E-06,1,1,1
0.999928713,5.44E-05,1.69E-05,1,1,1
0.999801815,0.000182379,1.58E-05,1,1,1
0.999952435,1.91E-05,2.85E-05,1,1,1
0.996845305,0.000105295,0.003049402,1,1,1
0.998486102,6.26E-05,0.001451294,1,1,1
0.143307075,0.000129725,0.85656321,3,3,1
1.52E-06,2.38E-10,0.99999845,3,3,1
0.023709454,9.27E-06,0.976281285,3,3,1
0.000103861,1.18E-07,0.999896049,3,3,1
5.19E-07,1.25E-10,0.999999523,3,3,1
1.93E-05,1.11E-09,0.999980688,3,3,1
2.10E-06,1.05E-10,0.999997854,3,3,1
9.12E-05,1.26E-05,0.999896169,3,3,1
7.50E-05,0.063521929,0.936403096,3,3,1
2.78E-06,0.000122057,0.999875188,3,3,1
2.54E-06,8.54E-05,0.999912024,3,3,1
3.51E-07,1.24E-05,0.999987245,3,3,1
3.35E-12,1.38E-13,1,3,3,1
7.74E-14,5.16E-17,1,3,3,1
1.50E-16,2.96E-21,1,3,3,1
1.31E-07,1.81E-11,0.999999881,3,3,1
4.59E-11,9.69E-16,1,3,3,1
1.68E-12,9.95E-17,1,3,3,1
3.60E-13,1.36E-17,1,3,3,1
9.02E-17,2.73E-22,1,3,3,1
1.81E-07,1.53E-11,0.999999762,3,3,1
7.15E-14,7.84E-19,1,3,3,1
5.16E-06,1.13E-09,0.999994874,3,3,1
1.75E-11,6.79E-16,1,3,3,1
4.88E-17,1.69E-19,1,3,3,1
3.94E-16,3.07E-21,1,3,3,1
9.40E-15,5.00E-19,1,3,3,1
9.91E-12,7.87E-16,1,3,3,1
2.30E-16,3.28E-22,1,3,3,1
7.84E-12,6.00E-15,1,3,3,1
1.35E-16,5.77E-22,1,3,3,1
1.82E-18,2.04E-24,1,3,3,1
1.24E-17,5.77E-25,1,3,3,1
1.34E-15,1.66E-21,1,3,3,1
9.46E-12,1.26E-17,1,3,3,1
2.52E-12,2.80E-18,1,3,3,1
2.75E-09,8.65E-13,1,3,3,1
5.08E-12,9.90E-16,1,3,3,1
2.31E-14,3.44E-19,1,3,3,1
1.14E-17,1.17E-22,1,3,3,1
4.66E-12,6.09E-17,1,3,3,1
2.13E-13,1.26E-17,1,3,3,1
3.41E-15,1.44E-19,1,3,3,1
2.00E-12,7.79E-17,1,3,3,1
1.70E-16,7.21E-22,1,3,3,1
1.61E-18,2.34E-24,1,3,3,1
1.65E-19,1.47E-24,1,3,3,1
6.34E-13,7.27E-18,1,3,3,1
8.21E-14,1.90E-18,1,3,3,1
9.31E-15,2.67E-20,1,3,3,1
2.16E-15,1.84E-21,1,3,3,1
7.61E-21,5.04E-28,1,3,3,1
6.33E-19,1.59E-25,1,3,3,1
3.34E-14,4.79E-20,1,3,3,1
1.13E-13,1.67E-16,1,3,3,1
1.12E-14,1.65E-19,1,3,3,1
1.23E-14,2.15E-17,1,3,3,1
9.77E-18,7.98E-23,1,3,3,1
1.78E-16,2.65E-22,1,3,3,1
4.70E-11,4.01E-14,1,3,3,1
5.09E-09,6.04E-08,0.999999881,3,3,1
1.06E-07,0.999616385,0.000383483,2,2,1
0.999994397,2.76E-06,2.83E-06,1,1,1
1,4.28E-08,1.51E-08,1,1,1
1,1.08E-21,5.05E-20,1,1,1
1,2.59E-26,4.07E-24,1,1,1
1,1.93E-23,7.26E-22,1,1,1
1,8.69E-19,2.27E-18,1,1,1
1,1.08E-21,2.13E-20,1,1,1
1,7.94E-30,3.31E-27,1,1,1
1,4.36E-31,7.93E-29,1,1,1
1,1.45E-34,2.36E-31,1,1,1
1,3.35E-24,2.00E-22,1,1,1
1,1.48E-33,1.38E-30,1,1,1
1,5.98E-36,2.36E-33,1,1,1
1,6.85E-37,1.26E-34,1,1,1
1,4.68E-33,5.12E-31,1,1,1
1,5.21E-31,1.15E-29,1,1,1
1,3.97E-31,1.57E-29,1,1,1
1,2.81E-33,2.66E-31,1,1,1
1,3.96E-26,2.53E-25,1,1,1
1,1.49E-28,1.45E-27,1,1,1
1,5.62E-21,9.48E-21,1,1,1
1,2.54E-25,4.80E-25,1,1,1
1,3.51E-24,6.06E-24,1,1,1
1,1.23E-19,2.49E-20,1,1,1
1,3.99E-26,3.62E-26,1,1,1
1,1.29E-26,1.82E-27,1,1,1
1,3.45E-24,5.67E-25,1,1,1
1,7.17E-20,1.04E-20,1,1,1
1,4.55E-15,3.37E-16,1,1,1
1,9.47E-17,7.83E-18,1,1,1
1,6.69E-15,8.89E-16,1,1,1
1,5.23E-15,1.02E-14,1,1,1
1,1.82E-19,2.23E-20,1,1,1
1,1.01E-23,2.76E-23,1,1,1
1,1.64E-22,1.25E-21,1,1,1
1,3.44E-21,6.44E-21,1,1,1
1,1.97E-19,8.77E-20,1,1,1
1,1.99E-13,1.62E-14,1,1,1
1,2.87E-14,1.25E-15,1,1,1
1,3.37E-12,7.37E-14,1,1,1
1,5.42E-13,3.85E-15,1,1,1
1,3.06E-10,3.58E-12,1,1,1
1,2.08E-09,6.27E-11,1,1,1
1,2.48E-09,4.03E-11,1,1,1
1,8.13E-09,1.11E-10,1,1,1
0.999999523,4.80E-07,5.45E-09,1,1,1
1,5.36E-10,2.71E-11,1,1,1
1,1.51E-08,2.49E-09,1,1,1
0.999999762,2.25E-07,1.30E-08,1,1,1
0.999999642,3.47E-07,1.71E-08,1,1,1
0.999999642,3.26E-07,4.08E-09,1,1,1
0.999941111,5.85E-05,3.19E-07,1,1,1
0.999980688,1.92E-05,6.01E-08,1,1,1
0.999996781,3.23E-06,1.00E-08,1,1,1
0.999999642,3.15E-07,2.98E-09,1,1,1
0.999996305,3.71E-06,2.73E-08,1,1,1
1,2.79E-08,1.84E-10,1,1,1
1,6.61E-09,6.80E-11,1,1,1
1,1.05E-08,1.86E-10,1,1,1
1,7.51E-10,5.19E-12,1,1,1
1,3.04E-13,4.73E-15,1,1,1
1,4.97E-10,8.39E-12,1,1,1
1,1.84E-08,2.90E-10,1,1,1
1,8.05E-09,5.66E-10,1,1,1
1,4.73E-10,3.95E-09,1,1,1
0.999764383,2.23E-07,0.000235408,1,1,1
0.999984026,9.51E-06,6.44E-06,1,1,1
0.999597609,0.000387751,1.46E-05,1,1,1
0.996987045,0.00296383,4.91E-05,1,1,1
0.986045182,0.013820489,0.000134328,1,1,1
0.998469651,0.001385524,0.000144825,1,1,1
0.999680877,0.000258291,6.09E-05,1,1,1
0.999885559,4.90E-05,6.54E-05,1,1,1
0.998113513,3.21E-05,0.001854408,1,1,1
0.001328506,6.06E-07,0.998670936,3,3,1
3.07E-05,8.03E-08,0.999969244,3,3,1
5.36E-05,5.18E-07,0.999945879,3,3,1
0.39131391,0.000198688,0.608487427,3,3,1
0.001059487,5.12E-07,0.998940051,3,3,1
0.056339573,4.41E-05,0.943616271,3,3,1
0.003627168,8.23E-06,0.996364653,3,3,1
2.42E-07,2.76E-07,0.999999523,3,3,1
2.69E-06,1.44E-06,0.999995828,3,3,1
6.59E-05,0.000340786,0.999593318,3,3,1
7.72E-08,4.78E-07,0.999999404,3,3,1
6.86E-08,3.82E-07,0.999999523,3,3,1
1.22E-10,2.40E-12,1,3,3,1
8.09E-11,4.90E-13,1,3,3,1
3.13E-15,1.31E-18,1,3,3,1
7.38E-12,3.37E-15,1,3,3,1
3.66E-11,1.37E-16,1,3,3,1
8.77E-15,2.30E-19,1,3,3,1
2.25E-14,6.73E-20,1,3,3,1
8.26E-18,3.51E-22,1,3,3,1
1.06E-11,1.42E-16,1,3,3,1
1.16E-08,1.18E-10,1,3,3,1
2.91E-09,5.70E-13,1,3,3,1
6.13E-12,8.62E-17,1,3,3,1
1.67E-15,2.51E-20,1,3,3,1
2.20E-15,4.02E-21,1,3,3,1
3.15E-16,3.10E-22,1,3,3,1
7.20E-11,1.17E-15,1,3,3,1
3.34E-14,8.36E-18,1,3,3,1
4.18E-11,1.15E-11,1,3,3,1
4.16E-16,1.62E-18,1,3,3,1
1.08E-17,2.15E-21,1,3,3,1
4.33E-17,1.21E-22,1,3,3,1
2.69E-13,2.34E-18,1,3,3,1
2.22E-10,6.04E-15,1,3,3,1
1.00E-08,1.35E-13,1,3,3,1
1.54E-05,4.28E-10,0.999984503,3,3,1
7.84E-11,6.92E-16,1,3,3,1
7.78E-15,2.32E-19,1,3,3,1
8.82E-13,8.79E-17,1,3,3,1
7.35E-12,6.23E-16,1,3,3,1
5.50E-13,2.48E-18,1,3,3,1
3.70E-14,1.17E-18,1,3,3,1
8.57E-13,3.41E-17,1,3,3,1
3.74E-17,1.65E-22,1,3,3,1
6.61E-21,4.41E-27,1,3,3,1
2.78E-20,3.19E-26,1,3,3,1
1.41E-18,1.05E-25,1,3,3,1
6.38E-12,2.46E-16,1,3,3,1
4.40E-17,2.32E-22,1,3,3,1
2.31E-15,1.11E-19,1,3,3,1
6.38E-20,2.70E-26,1,3,3,1
3.55E-22,3.66E-30,1,3,3,1
2.34E-09,2.05E-13,1,3,3,1
3.39E-16,8.61E-20,1,3,3,1
2.61E-18,9.83E-23,1,3,3,1
5.66E-22,2.33E-28,1,3,3,1
1.44E-17,7.54E-24,1,3,3,1
8.48E-15,1.10E-19,1,3,3,1
7.72E-12,4.13E-16,1,3,3,1
2.18E-11,2.72E-13,1,3,3,1
7.37E-08,8.17E-06,0.999991775,3,3,1
0.999983668,1.21E-05,4.26E-06,1,1,1
1,1.44E-09,3.12E-10,1,1,1
1,1.07E-16,4.78E-16,1,1,1
1,2.95E-18,1.34E-17,1,1,1
1,4.36E-15,4.15E-15,1,1,1
1,2.56E-15,2.96E-15,1,1,1
1,1.05E-21,1.08E-20,1,1,1
1,4.81E-18,1.02E-17,1,1,1
1,2.89E-21,1.56E-20,1,1,1
1,1.80E-25,5.85E-24,1,1,1
1,1.51E-23,2.95E-22,1,1,1
1,1.97E-28,5.47E-27,1,1,1
1,1.15E-23,3.47E-23,1,1,1
1,3.53E-24,1.10E-23,1,1,1
1,4.42E-28,8.69E-27,1,1,1
1,0,0,1,1,1
1,0,0,1,1,1
1,9.76E-29,2.39E-27,1,1,1
1,1.60E-34,4.57E-33,1,1,1
1,3.40E-33,8.42E-32,1,1,1
1,5.91E-30,3.46E-29,1,1,1
1,5.59E-32,7.48E-31,1,1,1
1,2.72E-20,1.02E-20,1,1,1
1,6.75E-18,1.73E-18,1,1,1
1,1.11E-25,1.13E-26,1,1,1
1,4.36E-27,4.95E-28,1,1,1
1,1.59E-16,2.66E-17,1,1,1
1,3.10E-22,1.02E-22,1,1,1
1,2.63E-22,4.76E-23,1,1,1
1,1.56E-19,9.91E-21,1,1,1
1,6.49E-21,4.64E-20,1,1,1
1,5.01E-19,1.50E-18,1,1,1
1,1.18E-17,2.66E-17,1,1,1
1,5.69E-15,5.35E-15,1,1,1
1,1.28E-17,1.36E-17,1,1,1
1,1.90E-21,1.95E-21,1,1,1
1,1.48E-19,2.24E-19,1,1,1
1,2.07E-11,4.31E-13,1,1,1
1,1.68E-12,5.05E-14,1,1,1
1,1.97E-12,5.07E-14,1,1,1
1,1.46E-16,3.75E-18,1,1,1
1,3.60E-12,3.54E-14,1,1,1
1,1.60E-10,2.28E-12,1,1,1
1,2.48E-08,6.74E-10,1,1,1
1,4.24E-14,3.20E-14,1,1,1
1,7.96E-10,1.07E-10,1,1,1
1,2.10E-10,3.21E-11,1,1,1
1,1.80E-09,9.33E-11,1,1,1
0.999999404,5.67E-07,9.12E-09,1,1,1
0.999999881,1.74E-07,3.63E-09,1,1,1
0.999997735,2.29E-06,3.97E-08,1,1,1
0.999982595,1.72E-05,2.39E-07,1,1,1
0.999678135,0.000319439,2.41E-06,1,1,1
1,6.47E-09,1.22E-10,1,1,1
0.999999762,2.93E-07,7.90E-09,1,1,1
0.999998689,1.37E-06,1.30E-08,1,1,1
1,2.19E-09,1.58E-11,1,1,1
1,2.92E-08,4.76E-10,1,1,1
1,5.86E-08,6.90E-10,1,1,1
1,6.77E-10,4.43E-12,1,1,1
1,6.63E-12,1.82E-13,1,1,1
1,1.21E-09,2.23E-11,1,1,1
1,9.11E-11,5.17E-12,1,1,1
1,2.38E-11,1.67E-10,1,1,1
0.999999881,2.91E-10,7.10E-08,1,1,1
0.999902487,3.61E-09,9.75E-05,1,1,1
0.999972463,1.04E-05,1.71E-05,1,1,1
0.999626398,0.000302376,7.12E-05,1,1,1
0.960375607,0.03912897,0.000495545,1,1,1
0.992831826,0.006987569,0.000180574,1,1,1
0.999898076,8.55E-05,1.65E-05,1,1,1
0.999976516,1.68E-05,6.63E-06,1,1,1
0.999925375,3.82E-05,3.65E-05,1,1,1
0.996346772,0.000389409,0.003263739,1,1,1
0.020540373,1.14E-05,0.979448259,3,3,1
0.154856399,0.000424649,0.844718933,3,3,1
0.00154604,1.57E-05,0.998438179,3,3,1
0.22087355,0.001413399,0.77771312,3,3,1
0.918303907,0.033472624,0.048223473,1,1,1
0.316740632,0.631360292,0.051899157,2,2,1
3.09E-06,0.999992609,4.24E-06,2,2,1
1.11E-06,0.999997616,1.26E-06,2,2,1
0.000274836,0.95138973,0.048335467,2,2,1
8.76E-06,0.021790726,0.978200495,3,3,1
4.04E-07,0.000140568,0.999858975,3,3,1
8.17E-09,8.21E-07,0.999999166,3,3,1
5.89E-08,1.63E-08,0.999999881,3,3,1
2.29E-11,2.81E-12,1,3,3,1
7.89E-16,6.97E-20,1,3,3,1
1.33E-11,1.12E-14,1,3,3,1
9.30E-13,6.03E-18,1,3,3,1
1.76E-13,3.20E-18,1,3,3,1
3.80E-14,3.39E-18,1,3,3,1
4.69E-20,1.25E-25,1,3,3,1
1.37E-13,1.89E-18,1,3,3,1
1.41E-12,5.16E-18,1,3,3,1
2.28E-10,2.06E-15,1,3,3,1
6.11E-15,2.10E-20,1,3,3,1
2.35E-13,1.61E-17,1,3,3,1
1.91E-15,1.60E-20,1,3,3,1
2.03E-07,2.08E-11,0.999999762,3,3,1
6.13E-07,1.07E-07,0.999999285,3,3,1
4.30E-07,8.59E-05,0.999913692,3,3,1
5.29E-11,9.47E-09,1,3,3,1
1.51E-13,3.91E-12,1,3,3,1
2.11E-10,7.10E-11,1,3,3,1
0.000112054,4.55E-05,0.999842405,3,3,1
2.77E-07,1.67E-08,0.999999762,3,3,1
2.62E-09,1.74E-13,1,3,3,1
3.19E-05,1.36E-08,0.999968052,3,3,1
6.99E-09,1.80E-12,1,3,3,1
7.09E-10,9.22E-15,1,3,3,1
6.16E-11,5.14E-15,1,3,3,1
2.74E-09,1.75E-13,1,3,3,1
2.01E-12,5.17E-17,1,3,3,1
3.44E-13,1.16E-17,1,3,3,1
4.26E-16,3.00E-21,1,3,3,1
1.31E-12,5.12E-17,1,3,3,1
2.67E-18,2.18E-24,1,3,3,1
3.00E-21,9.99E-27,1,3,3,1
1.14E-16,2.53E-22,1,3,3,1
4.45E-17,3.92E-23,1,3,3,1
6.30E-19,1.35E-25,1,3,3,1
9.90E-19,3.66E-25,1,3,3,1
1.53E-16,2.96E-22,1,3,3,1
4.45E-19,3.29E-25,1,3,3,1
2.15E-19,7.92E-26,1,3,3,1
8.35E-21,8.81E-26,1,3,3,1
1.09E-18,1.24E-22,1,3,3,1
3.05E-21,5.62E-26,1,3,3,1
5.59E-23,1.15E-27,1,3,3,1
1.55E-18,2.91E-24,1,3,3,1
3.24E-14,9.05E-19,1,3,3,1
2.83E-11,1.46E-15,1,3,3,1
1.20E-11,4.19E-15,1,3,3,1
1.06E-09,7.57E-09,1,3,3,1
3.45E-07,0.000768688,0.999230981,3,3,1
0.999986291,7.57E-06,6.12E-06,1,1,1
1,5.01E-09,2.18E-09,1,1,1
0.999999762,2.49E-07,1.61E-08,1,1,1
1,7.96E-10,1.54E-10,1,1,1
1,1.02E-17,4.07E-17,1,1,1
1,4.40E-26,1.42E-24,1,1,1
1,1.72E-22,1.67E-21,1,1,1
1,9.39E-23,6.36E-22,1,1,1
1,1.42E-24,3.23E-23,1,1,1
1,9.73E-28,1.21E-26,1,1,1
1,7.91E-26,1.32E-24,1,1,1
1,1.47E-25,1.38E-24,1,1,1
1,2.60E-23,8.56E-23,1,1,1
1,9.66E-29,8.12E-28,1,1,1
1,6.48E-35,1.09E-33,1,1,1
1,0,0,1,1,1
1,2.06E-32,1.45E-31,1,1,1
1,1.27E-34,5.54E-33,1,1,1
1,0,0,1,1,1
1,3.06E-35,6.46E-34,1,1,1
1,3.94E-27,2.63E-26,1,1,1
1,1.17E-31,1.06E-30,1,1,1
1,1.14E-19,2.33E-20,1,1,1
1,1.35E-26,1.12E-27,1,1,1
1,3.38E-32,2.56E-32,1,1,1
1,4.56E-25,3.15E-25,1,1,1
1,3.11E-15,4.77E-16,1,1,1
1,1.17E-18,3.04E-19,1,1,1
1,1.54E-19,9.39E-20,1,1,1
1,2.88E-20,1.96E-20,1,1,1
1,3.07E-24,1.77E-22,1,1,1
1,4.82E-24,1.04E-23,1,1,1
1,4.03E-20,1.05E-19,1,1,1
1,4.34E-17,8.52E-17,1,1,1
1,5.91E-16,4.12E-16,1,1,1
1,1.33E-19,4.94E-19,1,1,1
1,4.30E-12,3.59E-13,1,1,1
1,1.13E-14,5.28E-16,1,1,1
1,7.11E-11,5.47E-12,1,1,1
1,9.65E-19,3.51E-20,1,1,1
1,1.14E-13,3.51E-15,1,1,1
1,9.29E-15,5.99E-17,1,1,1
1,4.03E-11,7.22E-13,1,1,1
1,1.63E-09,5.23E-11,1,1,1
1,1.34E-10,8.75E-12,1,1,1
1,2.75E-12,6.96E-13,1,1,1
1,9.31E-10,8.01E-11,1,1,1
1,1.25E-08,3.39E-10,1,1,1
0.999999166,7.81E-07,7.21E-09,1,1,1
1,5.46E-09,7.93E-11,1,1,1
0.999993563,6.44E-06,4.06E-08,1,1,1
0.999990344,9.51E-06,8.71E-08,1,1,1
0.999962211,3.73E-05,4.69E-07,1,1,1
0.999997854,2.09E-06,1.98E-08,1,1,1
1,3.35E-08,1.00E-09,1,1,1
0.999999762,2.11E-07,3.16E-09,1,1,1
0.999999762,2.05E-07,2.17E-09,1,1,1
0.999999881,6.80E-08,6.26E-10,1,1,1
1,2.78E-10,2.80E-12,1,1,1
1,2.29E-11,2.55E-13,1,1,1
1,5.13E-10,1.16E-11,1,1,1
1,1.74E-09,4.78E-11,1,1,1
1,4.17E-10,7.60E-12,1,1,1
1,1.60E-09,1.66E-10,1,1,1
1,5.88E-10,4.93E-10,1,1,1
0.999588549,1.20E-08,0.000411432,1,1,1
0.998815775,0.001124496,5.97E-05,1,1,1
0.994014323,0.000945287,0.00504049,1,1,1
0.999770343,1.12E-05,0.000218503,1,1,1
0.99990952,6.95E-05,2.10E-05,1,1,1
0.999993324,2.92E-06,3.84E-06,1,1,1
0.999877095,7.91E-05,4.37E-05,1,1,1
0.999777734,0.000103022,0.00011934,1,1,1
0.9991166,7.44E-05,0.000808941,1,1,1
0.044789128,7.78E-05,0.95513308,3,3,1
0.998699427,0.000881572,0.000418932,1,1,1
0.998259485,0.000329799,0.001410713,1,1,1
0.959088683,0.03439815,0.006513182,1,1,1
3.73E-07,0.999996662,2.96E-06,2,2,1
1.19E-11,1,1.38E-10,2,2,1
5.88E-18,1,1.99E-18,2,2,1
6.64E-20,1,1.13E-20,2,2,1
1.33E-17,1,1.44E-17,2,2,1
1.07E-15,1,1.18E-14,2,2,1
2.08E-13,1,6.07E-11,2,2,1
5.38E-06,0.193107516,0.80688709,3,2,0
2.23E-10,9.92E-10,1,3,3,1
1.86E-10,1.90E-10,1,3,3,1
3.30E-14,2.06E-17,1,3,3,1
1.43E-11,7.59E-15,1,3,3,1
8.86E-13,4.14E-17,1,3,3,1
2.10E-10,7.90E-15,1,3,3,1
2.21E-09,8.96E-13,1,3,3,1
9.13E-17,7.00E-21,1,3,3,1
1.18E-20,2.53E-27,1,3,3,1
4.42E-17,1.63E-22,1,3,3,1
2.67E-14,1.43E-19,1,3,3,1
5.45E-12,1.81E-17,1,3,3,1
6.97E-14,1.23E-18,1,3,3,1
2.16E-11,2.68E-17,1,3,3,1
4.67E-07,2.18E-09,0.999999523,3,3,1
0.0013783,0.829036295,0.169585466,2,2,1
8.29E-10,1,2.00E-08,2,2,1
1.52E-08,0.997035742,0.002964281,2,2,1
6.94E-08,0.991081357,0.008918489,2,2,1
9.47E-07,0.996136248,0.003862758,2,2,1
8.38E-07,0.489500523,0.510498643,3,2,0
1.15E-05,0.920342088,0.079646386,2,2,1
8.75E-05,0.938964903,0.060947541,2,2,1
2.09E-06,2.89E-06,0.999994993,3,3,1
5.08E-09,1.72E-10,1,3,3,1
2.78E-12,1.10E-15,1,3,3,1
1.85E-07,3.12E-11,0.999999762,3,3,1
4.95E-06,6.62E-10,0.999994993,3,3,1
3.04E-11,3.55E-13,1,3,3,1
2.74E-11,1.17E-12,1,3,3,1
2.68E-09,2.32E-13,1,3,3,1
5.84E-18,4.77E-23,1,3,3,1
1.56E-14,2.93E-20,1,3,3,1
3.61E-16,2.52E-22,1,3,3,1
4.85E-12,4.43E-16,1,3,3,1
6.75E-19,2.06E-25,1,3,3,1
2.18E-21,2.02E-28,1,3,3,1
3.84E-14,2.98E-19,1,3,3,1
1.53E-13,3.17E-18,1,3,3,1
7.49E-18,5.72E-22,1,3,3,1
4.52E-21,1.16E-27,1,3,3,1
1.07E-23,3.34E-30,1,3,3,1
2.15E-22,8.45E-29,1,3,3,1
1.04E-18,1.29E-23,1,3,3,1
1.08E-19,1.83E-23,1,3,3,1
2.81E-16,2.58E-20,1,3,3,1
8.10E-17,2.23E-23,1,3,3,1
3.92E-11,6.36E-14,1,3,3,1
2.88E-10,3.62E-13,1,3,3,1
1.45E-06,8.13E-05,0.999917269,3,3,1
8.84E-07,0.999988437,1.07E-05,2,2,1
0.999918461,7.27E-05,8.84E-06,1,1,1
0.999999881,7.46E-08,3.47E-08,1,1,1
1,1.56E-13,3.96E-13,1,1,1
1,3.46E-14,1.69E-14,1,1,1
1,8.21E-16,1.14E-15,1,1,1
1,7.40E-19,1.15E-18,1,1,1
1,2.73E-25,2.97E-24,1,1,1
1,1.02E-16,1.23E-16,1,1,1
1,6.40E-25,4.65E-24,1,1,1
1,1.62E-27,1.33E-26,1,1,1
1,8.29E-30,1.18E-28,1,1,1
1,3.65E-25,2.18E-24,1,1,1
1,1.24E-28,4.54E-28,1,1,1
1,6.55E-26,2.73E-25,1,1,1
1,0,0,1,1,1
1,6.50E-32,1.18E-31,1,1,1
1,2.11E-35,2.68E-34,1,1,1
1,9.43E-33,1.15E-31,1,1,1
1,1.14E-35,1.47E-34,1,1,1
1,1.11E-30,2.80E-30,1,1,1
1,2.46E-26,6.26E-26,1,1,1
1,5.78E-27,6.66E-27,1,1,1
1,3.63E-32,2.76E-32,1,1,1
1,2.56E-30,1.23E-30,1,1,1
1,1.96E-25,1.50E-25,1,1,1
1,1.06E-21,5.10E-22,1,1,1
1,4.68E-21,2.06E-21,1,1,1
1,1.30E-15,2.53E-16,1,1,1
1,5.40E-19,3.55E-19,1,1,1
1,1.47E-20,1.35E-20,1,1,1
1,3.57E-16,8.20E-16,1,1,1
1,7.53E-24,1.10E-22,1,1,1
1,3.10E-17,4.00E-17,1,1,1
1,4.23E-17,1.03E-16,1,1,1
1,5.52E-15,2.32E-15,1,1,1
1,4.04E-16,6.47E-16,1,1,1
1,6.11E-16,5.44E-16,1,1,1
1,6.07E-12,1.58E-13,1,1,1
1,8.63E-16,1.46E-17,1,1,1
1,1.66E-19,3.81E-21,1,1,1
1,3.36E-15,8.42E-17,1,1,1
1,1.27E-14,2.46E-16,1,1,1
1,5.05E-12,1.44E-13,1,1,1
1,2.51E-10,4.41E-12,1,1,1
1,6.53E-10,3.31E-11,1,1,1
1,6.81E-11,2.57E-12,1,1,1
1,5.78E-11,3.55E-12,1,1,1
0.999999881,1.77E-07,1.75E-09,1,1,1
1,7.70E-10,2.95E-11,1,1,1
1,1.53E-08,1.97E-10,1,1,1
0.999989271,1.05E-05,2.27E-07,1,1,1
0.999997616,2.32E-06,1.78E-08,1,1,1
0.999997377,2.66E-06,2.06E-08,1,1,1
1,6.30E-09,2.25E-10,1,1,1
0.999998331,1.71E-06,1.25E-08,1,1,1
0.999999881,7.41E-08,1.25E-09,1,1,1
0.999999762,2.75E-07,1.58E-09,1,1,1
1,2.70E-09,4.48E-11,1,1,1
1,1.59E-08,7.99E-11,1,1,1
1,1.53E-08,3.18E-10,1,1,1
1,1.64E-11,1.19E-12,1,1,1
1,1.22E-11,5.17E-13,1,1,1
1,1.50E-08,2.65E-10,1,1,1
0.999999881,1.34E-07,1.35E-08,1,1,1
0.999999762,5.37E-10,2.06E-07,1,1,1
0.997830451,4.88E-07,0.002169064,1,1,1
0.983582497,0.010535592,0.005881992,1,1,1
0.980248272,0.001355979,0.018395687,1,1,1
0.996980727,8.08E-06,0.003011116,1,1,1
0.999518275,2.70E-05,0.000454636,1,1,1
0.999014139,0.000919678,6.62E-05,1,1,1
0.999951839,3.37E-05,1.45E-05,1,1,1
0.999935269,3.72E-05,2.76E-05,1,1,1
0.999894261,4.62E-05,5.95E-05,1,1,1
0.999876857,4.68E-05,7.63E-05,1,1,1
0.999883175,0.000103814,1.30E-05,1,1,1
0.999566257,0.00037333,6.04E-05,1,1,1
0.000563952,0.999084711,0.000351395,2,2,1
5.07E-12,1,4.41E-11,2,2,1
1.69E-20,1,1.28E-19,2,2,1
2.75E-19,1,6.65E-20,2,2,1
1.90E-28,1,1.75E-29,2,2,1
3.41E-25,1,1.93E-26,2,2,1
5.37E-32,1,3.57E-32,2,2,1
4.96E-26,1,8.87E-25,2,2,1
1.36E-15,1,1.02E-12,2,2,1
5.81E-09,0.983641267,0.016358702,2,2,1
1.68E-07,1.15E-05,0.999988317,3,3,1
1.65E-08,1.07E-07,0.999999881,3,3,1
1.42E-09,3.16E-11,1,3,3,1
9.78E-13,3.98E-18,1,3,3,1
3.50E-10,8.40E-15,1,3,3,1
1.13E-07,5.12E-11,0.999999881,3,3,1
1.14E-11,1.95E-15,1,3,3,1
1.28E-12,4.35E-17,1,3,3,1
1.75E-07,3.69E-11,0.999999881,3,3,1
8.36E-09,9.60E-13,1,3,3,1
5.09E-07,5.63E-11,0.999999523,3,3,1
2.82E-05,2.99E-07,0.999971509,3,3,1
5.54E-07,4.96E-06,0.999994516,3,3,1
9.38E-07,0.000680959,0.999318123,3,3,1
1.59E-09,1,2.56E-08,2,2,1
2.96E-11,1,6.25E-13,2,2,1
1.42E-13,1,9.82E-15,2,2,1
3.65E-11,1,7.05E-12,2,2,1
2.47E-13,1,5.31E-12,2,2,1
1.05E-14,1,5.66E-11,2,2,1
3.40E-14,1,1.70E-12,2,2,1
3.55E-13,1,2.99E-11,2,2,1
3.99E-09,0.995473206,0.004526809,2,2,1
1.09E-11,1.86E-09,1,3,3,1
3.33E-10,7.04E-10,1,3,3,1
5.69E-07,2.39E-10,0.999999404,3,3,1
5.00E-07,1.75E-10,0.999999523,3,3,1
6.52E-10,1.65E-13,1,3,3,1
5.86E-11,3.12E-13,1,3,3,1
1.51E-09,3.07E-13,1,3,3,1
1.68E-14,1.37E-20,1,3,3,1
1.09E-16,4.70E-21,1,3,3,1
2.60E-15,8.78E-20,1,3,3,1
2.72E-15,5.43E-20,1,3,3,1
3.49E-17,3.66E-23,1,3,3,1
8.93E-15,7.25E-20,1,3,3,1
9.65E-14,2.25E-18,1,3,3,1
2.44E-15,8.40E-21,1,3,3,1
9.89E-23,3.68E-29,1,3,3,1
1.36E-21,7.99E-27,1,3,3,1
4.66E-20,4.47E-25,1,3,3,1
4.06E-12,3.46E-12,1,3,3,1
7.07E-10,9.14E-11,1,3,3,1
1.54E-14,2.00E-15,1,3,3,1
4.98E-15,1.21E-16,1,3,3,1
4.23E-20,8.29E-25,1,3,3,1
1.14E-14,5.10E-18,1,3,3,1
1.04E-08,1.15E-11,1,3,3,1
6.04E-06,0.018785257,0.981208682,3,3,1
3.01E-08,0.999980927,1.91E-05,2,2,1
0.997497976,0.002392106,0.000109915,1,1,1
0.999999881,1.34E-07,5.06E-08,1,1,1
1,1.55E-15,7.40E-15,1,1,1
1,9.12E-13,4.04E-13,1,1,1
1,6.42E-14,2.64E-14,1,1,1
1,1.04E-24,2.63E-23,1,1,1
1,1.43E-17,1.40E-17,1,1,1
1,3.38E-27,4.41E-26,1,1,1
1,3.69E-32,1.02E-30,1,1,1
1,8.12E-23,2.03E-22,1,1,1
1,3.32E-26,1.59E-25,1,1,1
1,9.03E-38,1.93E-36,1,1,1
1,0,0,1,1,1
1,0,3.53E-37,1,1,1
1,1.14E-32,2.35E-31,1,1,1
1,2.96E-35,5.71E-35,1,1,1
1,6.79E-34,8.65E-34,1,1,1
1,2.78E-36,4.86E-36,1,1,1
1,0,0,1,1,1
1,0,0,1,1,1
1,0,0,1,1,1
1,4.40E-35,2.50E-35,1,1,1
1,6.21E-35,2.52E-35,1,1,1
1,1.62E-26,4.72E-27,1,1,1
1,8.12E-20,1.94E-20,1,1,1
1,3.56E-21,9.01E-22,1,1,1
1,2.17E-28,1.36E-28,1,1,1
1,1.07E-17,1.44E-18,1,1,1
1,4.31E-22,1.95E-22,1,1,1
1,5.40E-14,1.72E-14,1,1,1
1,4.30E-14,2.60E-14,1,1,1
1,1.77E-16,3.50E-16,1,1,1
1,1.32E-22,1.11E-21,1,1,1
1,5.50E-15,6.15E-15,1,1,1
1,1.28E-13,7.57E-14,1,1,1
1,3.54E-16,9.33E-16,1,1,1
1,5.30E-12,6.45E-14,1,1,1
1,3.50E-14,1.10E-15,1,1,1
1,1.83E-14,2.13E-16,1,1,1
1,1.17E-15,2.38E-17,1,1,1
1,1.04E-15,9.23E-18,1,1,1
1,3.30E-16,2.11E-18,1,1,1
1,3.73E-15,3.33E-17,1,1,1
1,2.17E-11,3.16E-13,1,1,1
1,3.73E-10,6.79E-12,1,1,1
1,3.16E-09,4.85E-11,1,1,1
1,6.99E-12,1.97E-13,1,1,1
1,2.48E-08,1.66E-10,1,1,1
1,2.56E-09,1.85E-11,1,1,1
1,1.10E-08,1.02E-10,1,1,1
0.999999523,4.91E-07,4.16E-09,1,1,1
0.999999642,3.95E-07,5.50E-09,1,1,1
0.999999285,6.87E-07,9.25E-09,1,1,1
1,3.56E-08,8.65E-10,1,1,1
0.999997139,2.82E-06,2.09E-08,1,1,1
0.999999881,1.48E-07,1.37E-09,1,1,1
1,1.12E-10,4.39E-12,1,1,1
1,5.44E-09,5.14E-11,1,1,1
1,2.15E-11,7.47E-13,1,1,1
1,3.91E-14,2.75E-15,1,1,1
1,4.68E-14,1.69E-14,1,1,1
1,2.26E-11,9.62E-12,1,1,1
1,8.37E-09,1.95E-10,1,1,1
1,1.94E-11,2.40E-12,1,1,1
1,1.37E-10,2.53E-09,1,1,1
0.999759257,5.27E-08,0.000240746,1,1,1
0.99977535,2.75E-05,0.000197167,1,1,1
0.999886394,1.40E-05,9.96E-05,1,1,1
0.875775635,1.05E-06,0.124223366,1,1,1
0.999890089,3.30E-05,7.69E-05,1,1,1
0.995128036,0.002410298,0.002461626,1,1,1
0.998772323,7.47E-05,0.001152918,1,1,1
0.999642372,2.93E-05,0.000328331,1,1,1
0.999550164,7.91E-05,0.000370645,1,1,1
0.999939442,2.35E-05,3.71E-05,1,1,1
0.999330163,0.000275297,0.000394614,1,1,1
0.03442372,0.965278745,0.000297559,2,2,1
8.83E-08,0.999999404,5.29E-07,2,2,1
9.11E-18,1,5.17E-17,2,2,1
7.00E-28,1,6.46E-28,2,2,1
3.26E-26,1,3.08E-27,2,2,1
1.21E-26,1,1.23E-27,2,2,1
8.33E-30,1,1.48E-30,2,2,1
7.08E-33,1,1.96E-33,2,2,1
8.60E-25,1,7.55E-26,2,2,1
3.19E-22,1,6.32E-22,2,2,1
6.71E-18,1,3.73E-16,2,2,1
5.78E-11,0.999991536,8.46E-06,2,2,1
3.94E-05,0.01937129,0.980589271,3,3,1
1.71E-07,4.70E-07,0.999999404,3,3,1
6.36E-13,1.09E-16,1,3,3,1
6.60E-12,9.23E-17,1,3,3,1
4.15E-12,3.52E-16,1,3,3,1
8.59E-12,4.17E-15,1,3,3,1
1.32E-11,2.27E-14,1,3,3,1
2.94E-06,1.58E-09,0.99999702,3,3,1
1.42E-08,6.02E-12,1,3,3,1
0.000204576,2.10E-08,0.999795377,3,3,1
0.004610952,0.000250751,0.995138288,3,3,1
0.000975803,0.948071837,0.050952312,2,2,1
1.15E-05,0.999777138,0.000211335,2,2,1
1.60E-09,1,2.09E-10,2,2,1
9.54E-16,1,4.72E-18,2,2,1
6.43E-16,1,1.03E-17,2,2,1
1.68E-21,1,1.08E-22,2,2,1
4.12E-21,1,4.34E-22,2,2,1
8.28E-16,1,1.89E-16,2,2,1
2.84E-17,1,4.17E-18,2,2,1
3.35E-12,1,2.83E-13,2,2,1
2.79E-14,1,3.51E-13,2,2,1
9.32E-08,0.993211091,0.00678876,2,2,1
2.85E-07,3.74E-05,0.99996233,3,3,1
4.83E-12,2.93E-14,1,3,3,1
4.95E-10,3.80E-14,1,3,3,1
2.58E-07,9.30E-12,0.999999762,3,3,1
1.35E-10,4.78E-12,1,3,3,1
2.67E-12,1.78E-16,1,3,3,1
0.000751979,9.64E-08,0.999247849,3,3,1
1.07E-16,1.05E-22,1,3,3,1
1.62E-20,1.85E-26,1,3,3,1
1.05E-16,5.65E-23,1,3,3,1
8.63E-18,2.15E-23,1,3,3,1
8.71E-13,1.90E-17,1,3,3,1
2.03E-14,6.70E-20,1,3,3,1
4.54E-17,7.62E-22,1,3,3,1
6.18E-21,1.24E-27,1,3,3,1
2.30E-20,4.68E-24,1,3,3,1
3.92E-21,8.60E-26,1,3,3,1
3.42E-17,7.30E-20,1,3,3,1
5.74E-12,1.20E-14,1,3,3,1
5.26E-12,2.12E-12,1,3,3,1
5.89E-12,5.94E-12,1,3,3,1
1.17E-14,2.25E-16,1,3,3,1
3.13E-11,3.55E-15,1,3,3,1
1.63E-08,7.09E-11,1,3,3,1
3.16E-05,0.009686005,0.990282297,3,3,1
1.81E-10,1,2.76E-08,2,2,1
0.99616915,0.003660206,0.00017069,1,1,1
0.999966264,2.96E-05,4.17E-06,1,1,1
1,5.99E-10,2.68E-10,1,1,1
1,1.16E-13,8.31E-14,1,1,1
1,1.04E-20,5.88E-20,1,1,1
1,4.03E-14,3.81E-14,1,1,1
1,4.25E-14,2.16E-14,1,1,1
1,1.23E-19,1.03E-19,1,1,1
1,5.36E-28,3.20E-27,1,1,1
1,9.51E-24,1.62E-23,1,1,1
1,3.07E-15,4.62E-16,1,1,1
1,4.92E-25,5.31E-25,1,1,1
1,1.09E-32,4.11E-32,1,1,1
1,2.40E-27,3.63E-27,1,1,1
1,1.84E-22,1.01E-22,1,1,1
1,5.95E-25,2.29E-25,1,1,1
1,1.78E-24,2.95E-25,1,1,1
1,1.26E-33,1.95E-33,1,1,1
1,4.78E-33,8.28E-33,1,1,1
1,2.12E-29,3.09E-29,1,1,1
1,3.49E-34,1.37E-33,1,1,1
1,9.49E-28,1.80E-28,1,1,1
1,7.10E-29,1.57E-29,1,1,1
1,6.79E-25,3.36E-25,1,1,1
1,5.87E-27,3.25E-27,1,1,1
1,1.67E-24,7.01E-25,1,1,1
1,2.39E-23,2.11E-23,1,1,1
1,1.09E-21,3.15E-22,1,1,1
1,6.29E-14,1.21E-14,1,1,1
1,5.81E-15,1.73E-15,1,1,1
1,2.04E-17,5.09E-17,1,1,1
1,1.94E-19,2.82E-19,1,1,1
1,4.04E-25,1.22E-23,1,1,1
1,9.69E-28,1.13E-25,1,1,1
1,1.83E-21,1.76E-20,1,1,1
1,5.70E-15,7.58E-16,1,1,1
1,1.13E-08,3.90E-10,1,1,1
1,9.03E-13,7.55E-15,1,1,1
1,1.31E-12,2.73E-14,1,1,1
1,3.90E-12,3.71E-14,1,1,1
1,4.50E-17,7.40E-19,1,1,1
1,2.94E-15,7.14E-17,1,1,1
1,7.29E-13,1.34E-14,1,1,1
1,1.38E-11,6.92E-14,1,1,1
1,6.79E-10,4.01E-12,1,1,1
1,4.66E-13,3.45E-15,1,1,1
1,3.70E-15,5.18E-17,1,1,1
1,6.78E-10,7.66E-12,1,1,1
1,1.04E-09,8.67E-12,1,1,1
1,1.23E-09,7.40E-12,1,1,1
0.999971032,2.87E-05,1.93E-07,1,1,1
0.999996543,3.45E-06,1.56E-08,1,1,1
0.999994278,5.57E-06,7.85E-08,1,1,1
1,3.48E-08,4.02E-10,1,1,1
1,1.49E-09,3.71E-11,1,1,1
1,1.01E-09,3.01E-11,1,1,1
1,1.83E-09,8.90E-11,1,1,1
1,2.93E-09,3.07E-11,1,1,1
1,6.44E-10,1.66E-11,1,1,1
1,1.85E-09,1.78E-11,1,1,1
1,3.23E-11,1.36E-12,1,1,1
1,2.89E-10,1.51E-11,1,1,1
1,1.21E-12,2.52E-13,1,1,1
1,1.52E-09,9.14E-11,1,1,1
1,7.76E-09,5.43E-08,1,1,1
0.999989986,3.67E-06,6.36E-06,1,1,1
0.999926329,6.35E-05,1.02E-05,1,1,1
0.999356091,3.00E-05,0.000613909,1,1,1
0.989630997,3.38E-05,0.010335174,1,1,1
0.999722779,4.75E-05,0.000229831,1,1,1
0.999909043,2.61E-05,6.49E-05,1,1,1
0.999564707,6.23E-06,0.000429071,1,1,1
0.999928117,5.78E-05,1.41E-05,1,1,1
0.999528646,0.000410709,6.06E-05,1,1,1
0.999949098,4.15E-05,9.40E-06,1,1,1
0.995810986,0.004132403,5.66E-05,1,1,1
9.95E-06,0.999984026,6.12E-06,2,2,1
3.81E-14,1,6.65E-13,2,2,1
2.27E-18,1,9.32E-19,2,2,1
1.02E-28,1,7.57E-30,2,2,1
6.55E-32,1,4.35E-33,2,2,1
1.40E-27,1,1.01E-28,2,2,1
4.50E-23,1,1.42E-24,2,2,1
3.16E-27,1,3.89E-28,2,2,1
4.02E-32,1,9.05E-33,2,2,1
1.88E-24,1,6.43E-26,2,2,1
7.04E-24,1,1.75E-22,2,2,1
1.95E-18,1,6.06E-16,2,2,1
1.68E-07,0.999897242,0.000102626,2,2,1
0.001380117,0.958574951,0.04004493,2,2,1
0.018024158,0.001636818,0.980338991,3,1,0
1.16E-08,5.80E-13,1,3,3,1
3.43E-08,2.76E-12,1,3,3,1
3.81E-09,3.35E-12,1,3,3,1
0.000200602,1.47E-07,0.999799311,3,3,1
1.35E-07,4.05E-10,0.999999881,3,3,1
0.000338325,1.66E-07,0.999661565,3,3,1
2.93E-07,2.80E-11,0.999999762,3,3,1
0.05835785,0.000117183,0.941524982,3,1,0
0.008194719,0.709287822,0.282517463,2,2,1
3.24E-08,0.999996185,3.80E-06,2,2,1
7.00E-13,1,5.25E-14,2,2,1
1.18E-16,1,9.46E-19,2,2,1
2.13E-18,1,3.09E-20,2,2,1
3.78E-17,1,2.97E-19,2,2,1
2.12E-16,1,1.42E-18,2,2,1
1.03E-15,1,7.64E-18,2,2,1
1.60E-17,1,2.22E-19,2,2,1
7.72E-14,1,3.43E-15,2,2,1
2.14E-14,1,9.66E-16,2,2,1
3.03E-13,1,6.64E-12,2,2,1
1.41E-08,0.000178677,0.999821365,3,3,1
1.83E-14,4.23E-14,1,3,3,1
0.000369485,2.97E-07,0.999630213,3,3,1
0.000179032,3.18E-09,0.999821007,3,3,1
4.64E-09,2.00E-11,1,3,3,1
8.20E-13,2.52E-12,1,3,3,1
5.73E-16,4.87E-22,1,3,3,1
1.37E-13,1.43E-18,1,3,3,1
4.57E-13,1.49E-17,1,3,3,1
5.76E-15,5.60E-20,1,3,3,1
4.00E-16,2.78E-22,1,3,3,1
3.91E-14,3.63E-19,1,3,3,1
1.46E-19,7.91E-26,1,3,3,1
8.63E-20,5.32E-26,1,3,3,1
1.75E-18,3.40E-23,1,3,3,1
2.56E-16,4.67E-21,1,3,3,1
3.70E-15,4.64E-19,1,3,3,1
6.44E-12,6.90E-16,1,3,3,1
3.24E-13,4.06E-15,1,3,3,1
1.39E-19,2.69E-23,1,3,3,1
9.17E-16,9.43E-20,1,3,3,1
1.14E-12,2.02E-14,1,3,3,1
5.33E-11,2.65E-15,1,3,3,1
2.17E-10,2.01E-12,1,3,3,1
7.49E-05,0.014595238,0.985329866,3,3,1
9.57E-07,0.999916911,8.21E-05,2,2,1
0.998031676,0.001844789,0.000123534,1,1,1
0.99998188,1.49E-05,3.20E-06,1,1,1
1,4.90E-10,2.05E-10,1,1,1
1,2.50E-11,4.65E-12,1,1,1
1,5.91E-11,9.97E-12,1,1,1
1,2.01E-17,2.63E-17,1,1,1
1,1.64E-15,7.19E-16,1,1,1
1,4.41E-32,1.00E-30,1,1,1
1,3.69E-37,1.57E-35,1,1,1
1,1.10E-23,1.58E-23,1,1,1
1,1.47E-13,4.57E-14,1,1,1
1,1.38E-17,3.06E-18,1,1,1
1,2.64E-38,4.43E-37,1,1,1
1,2.25E-27,3.24E-27,1,1,1
1,1.20E-18,1.98E-19,1,1,1
1,9.51E-23,3.16E-23,1,1,1
1,2.22E-26,4.14E-27,1,1,1
1,2.50E-30,6.93E-31,1,1,1
1,9.76E-31,1.14E-30,1,1,1
1,8.78E-32,9.12E-32,1,1,1
1,2.54E-34,4.71E-34,1,1,1
1,3.08E-28,4.81E-29,1,1,1
1,3.03E-25,5.12E-26,1,1,1
1,2.41E-25,6.18E-26,1,1,1
1,4.33E-26,4.97E-26,1,1,1
1,1.78E-21,4.41E-22,1,1,1
1,2.10E-33,2.67E-33,1,1,1
1,4.28E-26,7.56E-26,1,1,1
1,8.15E-19,3.10E-19,1,1,1
1,1.69E-16,9.20E-17,1,1,1
1,1.95E-19,9.36E-20,1,1,1
1,1.18E-16,9.63E-17,1,1,1
1,3.48E-24,4.53E-23,1,1,1
1,1.51E-28,7.84E-27,1,1,1
1,1.38E-24,1.29E-23,1,1,1
1,1.74E-19,1.22E-19,1,1,1
1,2.26E-14,1.28E-15,1,1,1
1,1.75E-16,4.64E-18,1,1,1
1,1.38E-11,2.21E-13,1,1,1
1,7.36E-13,5.19E-15,1,1,1
1,7.18E-16,6.37E-18,1,1,1
1,2.63E-19,2.98E-21,1,1,1
1,5.15E-15,3.13E-17,1,1,1
1,3.74E-12,2.03E-14,1,1,1
1,1.99E-17,3.64E-19,1,1,1
1,1.20E-13,1.99E-15,1,1,1
1,1.38E-11,7.56E-14,1,1,1
1,7.32E-12,5.34E-14,1,1,1
1,1.98E-12,1.58E-14,1,1,1
1,5.58E-12,6.30E-14,1,1,1
0.999999046,9.90E-07,1.25E-08,1,1,1
0.999997973,1.99E-06,3.22E-08,1,1,1
0.99999845,1.55E-06,2.31E-08,1,1,1
0.999999166,8.23E-07,9.06E-09,1,1,1
1,5.30E-10,1.26E-11,1,1,1
0.999999642,4.08E-07,8.82E-09,1,1,1
1,2.05E-08,1.77E-10,1,1,1
1,3.35E-10,3.19E-12,1,1,1
1,4.80E-13,2.11E-14,1,1,1
1,1.25E-10,1.75E-12,1,1,1
1,2.31E-10,2.91E-12,1,1,1
1,3.29E-11,1.13E-12,1,1,1
1,6.11E-09,1.77E-10,1,1,1
1,2.25E-08,4.48E-09,1,1,1
1,4.11E-10,6.21E-09,1,1,1
0.999994636,4.88E-06,5.03E-07,1,1,1
0.99295336,0.006950639,9.60E-05,1,1,1
0.999956489,4.09E-05,2.60E-06,1,1,1
0.999848127,0.00013351,1.84E-05,1,1,1
0.999974608,1.91E-05,6.34E-06,1,1,1
0.999191463,0.000764551,4.40E-05,1,1,1
0.999911547,2.58E-05,6.26E-05,1,1,1
0.998201966,0.00176356,3.45E-05,1,1,1
0.929768741,0.07002981,0.000201429,1,2,0
0.999722064,0.000267046,1.08E-05,1,1,1
0.634360373,0.365371346,0.000268285,1,2,0
7.05E-09,0.999999881,6.76E-08,2,2,1
3.50E-18,1,2.57E-17,2,2,1
2.82E-18,1,3.98E-19,2,2,1
8.41E-25,1,3.21E-26,2,2,1
1.00E-23,1,3.02E-25,2,2,1
5.69E-27,1,3.47E-28,2,2,1
6.99E-32,1,8.53E-33,2,2,1
1.50E-27,1,7.61E-29,2,2,1
1.57E-29,1,9.11E-31,2,2,1
3.20E-29,1,2.35E-30,2,2,1
1.74E-21,1,2.16E-22,2,2,1
5.84E-22,1,7.41E-20,2,2,1
4.65E-09,0.99999404,5.91E-06,2,2,1
8.88E-05,0.999421954,0.000489253,2,2,1
0.387588948,0.395401895,0.217009127,2,1,0
0.996391118,1.88E-05,0.003590061,1,1,1
0.006121728,1.46E-06,0.993876874,3,3,1
2.36E-06,3.14E-09,0.999997616,3,3,1
1.06E-05,4.58E-09,0.99998939,3,3,1
0.107786015,2.68E-05,0.892187178,3,1,0
2.30E-08,2.14E-11,1,3,3,1
0.00130346,4.29E-07,0.998696148,3,3,1
0.952358067,0.014103211,0.033538658,1,1,1
7.63E-05,0.999069393,0.000854352,2,2,1
3.96E-09,1,3.91E-08,2,2,1
2.10E-14,1,2.76E-16,2,2,1
1.34E-18,1,7.80E-21,2,2,1
9.81E-22,1,1.68E-23,2,2,1
4.03E-16,1,1.40E-18,2,2,1
5.29E-16,1,2.87E-18,2,2,1
2.80E-18,1,1.85E-20,2,2,1
6.35E-18,1,6.57E-20,2,2,1
5.86E-15,1,5.28E-17,2,2,1
4.51E-18,1,1.91E-19,2,2,1
9.30E-18,1,6.66E-19,2,2,1
2.65E-14,1,1.30E-11,2,2,1
1.29E-12,1.87E-09,1,3,3,1
5.13E-07,1.99E-07,0.999999285,3,3,1
3.24E-05,9.60E-09,0.999967575,3,3,1
2.14E-13,1.80E-17,1,3,3,1
2.67E-14,2.89E-15,1,3,3,1
2.34E-16,2.35E-20,1,3,3,1
4.21E-13,5.23E-18,1,3,3,1
1.20E-16,2.83E-23,1,3,3,1
5.39E-14,5.79E-19,1,3,3,1
2.59E-17,9.40E-24,1,3,3,1
5.61E-16,1.93E-22,1,3,3,1
4.92E-18,1.87E-23,1,3,3,1
5.16E-17,3.88E-22,1,3,3,1
4.56E-17,5.70E-20,1,3,3,1
6.80E-16,1.35E-18,1,3,3,1
1.38E-14,2.71E-19,1,3,3,1
1.80E-10,3.31E-12,1,3,3,1
1.16E-09,1.66E-11,1,3,3,1
4.18E-15,2.16E-17,1,3,3,1
3.89E-12,1.05E-15,1,3,3,1
5.91E-12,9.48E-14,1,3,3,1
2.56E-07,1.30E-07,0.999999642,3,3,1
3.18E-10,2.67E-10,1,3,3,1
6.44E-05,0.056612104,0.943323493,3,3,1
2.16E-06,0.999873996,0.000123885,2,2,1
0.997265577,0.002564701,0.000169788,1,1,1
0.999982834,1.41E-05,3.13E-06,1,1,1
1,1.79E-08,3.64E-09,1,1,1
1,6.26E-20,1.05E-18,1,1,1
1,1.40E-22,2.49E-21,1,1,1
1,2.74E-14,6.33E-15,1,1,1
1,3.11E-19,4.46E-19,1,1,1
1,4.58E-34,1.45E-32,1,1,1
1,6.65E-27,1.46E-26,1,1,1
1,6.59E-28,2.12E-27,1,1,1
1,1.58E-17,8.97E-18,1,1,1
1,4.25E-17,1.41E-17,1,1,1
1,1.09E-29,9.37E-29,1,1,1
1,2.62E-32,8.25E-32,1,1,1
1,4.49E-23,1.49E-23,1,1,1
1,3.34E-20,1.05E-20,1,1,1
1,5.49E-25,9.95E-26,1,1,1
1,1.11E-34,5.11E-35,1,1,1
1,6.04E-22,1.25E-22,1,1,1
1,1.09E-25,6.52E-26,1,1,1
1,9.64E-27,5.86E-27,1,1,1
1,3.65E-27,5.23E-28,1,1,1
1,1.05E-33,8.97E-34,1,1,1
1,1.23E-24,5.74E-25,1,1,1
1,6.43E-25,1.63E-25,1,1,1
1,4.53E-22,2.46E-22,1,1,1
1,1.31E-21,1.17E-21,1,1,1
1,3.12E-13,3.37E-14,1,1,1
1,7.88E-21,1.43E-21,1,1,1
1,3.16E-26,5.90E-26,1,1,1
1,6.05E-19,9.50E-19,1,1,1
1,1.97E-20,3.27E-20,1,1,1
1,9.53E-23,7.82E-22,1,1,1
1,1.31E-14,4.67E-15,1,1,1
1,6.46E-21,1.59E-20,1,1,1
1,1.00E-17,3.21E-18,1,1,1
1,2.98E-16,1.77E-17,1,1,1
1,1.52E-11,2.18E-13,1,1,1
1,1.34E-12,3.05E-14,1,1,1
1,2.10E-10,1.82E-12,1,1,1
1,4.73E-18,5.38E-20,1,1,1
1,2.29E-21,2.56E-23,1,1,1
1,3.25E-14,2.19E-16,1,1,1
1,5.08E-17,9.20E-19,1,1,1
1,4.06E-17,2.34E-18,1,1,1
1,2.05E-11,2.50E-13,1,1,1
1,1.82E-08,2.36E-10,1,1,1
1,9.23E-12,3.04E-13,1,1,1
1,4.15E-10,5.28E-12,1,1,1
1,2.27E-08,2.49E-10,1,1,1
0.999087453,0.000902377,1.01E-05,1,1,1
0.99996984,2.98E-05,3.72E-07,1,1,1
0.999994278,5.60E-06,6.59E-08,1,1,1
0.999994516,5.50E-06,5.96E-08,1,1,1
0.999995828,4.02E-06,7.51E-08,1,1,1
1,1.47E-10,7.34E-12,1,1,1
1,3.62E-08,1.02E-09,1,1,1
1,4.21E-09,5.10E-11,1,1,1
1,5.40E-12,1.88E-13,1,1,1
1,7.97E-09,8.28E-11,1,1,1
1,6.54E-11,1.25E-12,1,1,1
1,9.97E-09,1.26E-10,1,1,1
1,1.21E-09,2.36E-11,1,1,1
1,2.97E-09,4.69E-11,1,1,1
0.999999881,1.38E-07,1.46E-08,1,1,1
0.999994636,3.57E-06,1.78E-06,1,1,1
0.999798715,0.000192204,9.05E-06,1,1,1
0.99836427,0.001623015,1.27E-05,1,1,1
0.797164261,0.202612013,0.000223798,1,2,0
0.999963045,2.92E-05,7.74E-06,1,1,1
0.99823916,0.0017184,4.24E-05,1,1,1
0.999837995,0.000154935,7.05E-06,1,1,1
0.997553051,0.002424833,2.21E-05,1,1,1
0.986744463,0.013220159,3.54E-05,1,1,1
0.972279966,0.027658544,6.15E-05,1,2,0
0.04553964,0.954135418,0.000325014,2,2,1
5.77E-10,1,2.11E-09,2,2,1
9.97E-18,1,7.15E-18,2,2,1
1.30E-27,1,1.21E-28,2,2,1
2.48E-26,1,1.58E-27,2,2,1
9.61E-29,1,5.85E-30,2,2,1
5.97E-26,1,1.51E-27,2,2,1
1.75E-29,1,9.53E-31,2,2,1
4.52E-26,1,1.16E-27,2,2,1
1.13E-30,1,1.57E-31,2,2,1
7.50E-30,1,7.78E-31,2,2,1
3.22E-23,1,1.27E-23,2,2,1
7.85E-19,1,5.34E-19,2,2,1
4.87E-13,1,8.12E-10,2,2,1
1.64E-05,0.999367535,0.000616197,2,2,1
0.315689772,0.66807586,0.016234374,2,1,0
0.999382019,5.61E-05,0.000561802,1,1,1
0.799820423,2.67E-05,0.200152814,1,1,1
0.071683131,7.13E-06,0.928309739,3,3,1
0.056498095,4.35E-06,0.943497479,3,3,1
0.903270006,0.000390964,0.096339054,1,1,1
0.021948662,5.19E-05,0.977999389,3,1,0
0.995083451,0.000160035,0.00475661,1,1,1
0.00046454,0.999293804,0.000241548,2,2,1
1.33E-06,0.999998569,1.04E-07,2,2,1
2.81E-12,1,3.68E-14,2,2,1
1.48E-18,1,2.19E-20,2,2,1
4.00E-19,1,3.83E-21,2,2,1
7.56E-19,1,5.40E-21,2,2,1
6.05E-20,1,3.71E-22,2,2,1
3.15E-19,1,1.16E-21,2,2,1
3.49E-19,1,2.53E-21,2,2,1
6.42E-18,1,5.27E-20,2,2,1
1.13E-21,1,1.02E-23,2,2,1
3.22E-20,1,3.41E-22,2,2,1
1.73E-14,1,1.34E-15,2,2,1
1.85E-14,1,5.09E-12,2,2,1
5.13E-14,1.20E-09,1,3,3,1
1.98E-10,2.60E-09,1,3,3,1
1.24E-13,3.26E-16,1,3,3,1
1.10E-12,1.20E-15,1,3,3,1
1.80E-14,3.86E-19,1,3,3,1
1.75E-08,1.22E-06,0.999998808,3,3,1
3.78E-14,4.91E-16,1,3,3,1
3.00E-15,1.30E-21,1,3,3,1
2.12E-17,4.99E-23,1,3,3,1
8.83E-17,1.53E-23,1,3,3,1
5.50E-18,4.00E-24,1,3,3,1
3.86E-13,5.37E-18,1,3,3,1
2.86E-20,9.46E-27,1,3,3,1
4.40E-12,3.17E-15,1,3,3,1
2.17E-16,4.32E-19,1,3,3,1
5.27E-19,3.76E-22,1,3,3,1
7.48E-21,8.17E-24,1,3,3,1
1.75E-10,1.88E-09,1,3,3,1
1.11E-08,1.63E-07,0.999999881,3,3,1
3.30E-13,2.61E-14,1,3,3,1
3.53E-09,1.91E-09,1,3,3,1
1.03E-09,4.82E-09,1,3,3,1
8.67E-10,6.58E-09,1,3,3,1
1.26E-08,4.12E-06,0.999995828,3,3,1
1.29E-05,0.994137168,0.005849966,2,2,1
0.999533176,0.000438415,2.85E-05,1,1,1
0.999998569,1.29E-06,1.57E-07,1,1,1
1,4.23E-16,6.72E-16,1,1,1
1,1.87E-13,6.86E-14,1,1,1
1,1.64E-15,7.14E-16,1,1,1
1,6.98E-17,3.85E-17,1,1,1
1,1.68E-33,1.15E-31,1,1,1
1,2.97E-29,6.83E-29,1,1,1
1,9.55E-27,1.51E-26,1,1,1
1,8.37E-24,1.58E-23,1,1,1
1,3.19E-22,3.43E-22,1,1,1
1,5.15E-38,2.06E-36,1,1,1
1,1.31E-32,3.39E-32,1,1,1
1,2.88E-22,1.28E-21,1,1,1
1,4.66E-31,3.18E-31,1,1,1
1,1.66E-32,1.39E-32,1,1,1
1,1.53E-29,4.86E-30,1,1,1
1,7.84E-18,4.86E-19,1,1,1
1,4.43E-17,2.81E-18,1,1,1
1,3.43E-27,7.66E-28,1,1,1
1,5.32E-33,2.75E-33,1,1,1
1,5.30E-28,9.47E-29,1,1,1
1,1.26E-20,1.55E-21,1,1,1
1,5.69E-27,1.95E-27,1,1,1
1,1.82E-20,3.10E-21,1,1,1
1,3.52E-25,4.35E-26,1,1,1
1,3.14E-26,5.81E-27,1,1,1
1,4.76E-23,6.54E-24,1,1,1
1,1.05E-24,8.81E-25,1,1,1
1,1.02E-18,5.31E-19,1,1,1
1,2.46E-10,1.49E-11,1,1,1
1,7.03E-10,6.78E-11,1,1,1
1,6.58E-13,9.52E-14,1,1,1
1,2.72E-19,1.73E-19,1,1,1
1,2.74E-19,7.93E-20,1,1,1
1,8.45E-15,1.08E-15,1,1,1
1,3.67E-15,1.92E-16,1,1,1
1,6.08E-10,1.54E-11,1,1,1
1,3.38E-10,6.37E-12,1,1,1
1,5.65E-26,4.01E-27,1,1,1
1,5.78E-16,5.81E-18,1,1,1
1,2.93E-19,5.02E-21,1,1,1
1,1.86E-21,2.56E-22,1,1,1
1,2.87E-18,7.61E-19,1,1,1
1,7.27E-14,6.28E-15,1,1,1
1,9.66E-09,1.89E-10,1,1,1
0.999999881,7.36E-08,1.19E-09,1,1,1
0.999446213,0.000550345,3.41E-06,1,1,1
0.99722302,0.002757452,1.95E-05,1,1,1
0.004197865,0.995627165,0.000174924,2,2,1
0.065959089,0.933543921,0.00049698,2,2,1
0.999111593,0.000880619,7.79E-06,1,1,1
0.999617934,0.000378182,3.87E-06,1,1,1
0.999975681,2.40E-05,2.08E-07,1,1,1
1,3.64E-08,1.77E-09,1,1,1
0.999998212,1.74E-06,2.06E-08,1,1,1
0.999997497,2.55E-06,2.71E-08,1,1,1
1,2.10E-09,3.18E-11,1,1,1
1,3.51E-08,1.90E-10,1,1,1
1,3.77E-09,6.67E-11,1,1,1
1,2.62E-09,9.11E-11,1,1,1
1,2.29E-08,5.83E-10,1,1,1
1,1.21E-10,4.43E-11,1,1,1
1,4.12E-11,4.67E-10,1,1,1
0.999999762,6.12E-08,1.14E-07,1,1,1
0.999982715,1.69E-05,3.22E-07,1,1,1
0.750778675,0.249016672,0.000204564,1,2,0
0.956973195,0.042844474,0.000182302,1,2,0
0.996189654,0.003670943,0.000139386,1,1,1
0.915872216,0.082641982,0.001485789,1,1,1
0.974279404,0.024561631,0.001158948,1,1,1
0.977778733,0.022137549,8.37E-05,1,2,0
0.480934769,0.518179417,0.00088579,2,2,1
0.51750958,0.4819583,0.00053209,1,2,0
9.58E-07,0.999997139,1.88E-06,2,2,1
1.04E-13,1,2.23E-13,2,2,1
1.25E-22,1,2.08E-23,2,2,1
2.87E-32,1,1.19E-32,2,2,1
1.73E-29,1,3.23E-30,2,2,1
2.71E-34,1,5.10E-35,2,2,1
1.17E-28,1,5.01E-30,2,2,1
4.98E-25,1,1.64E-26,2,2,1
5.39E-25,1,1.22E-26,2,2,1
6.82E-31,1,1.03E-31,2,2,1
7.14E-28,1,5.64E-29,2,2,1
7.10E-21,1,5.37E-22,2,2,1
3.09E-21,1,6.20E-21,2,2,1
1.25E-13,1,6.39E-11,2,2,1
5.50E-06,0.999801695,0.000192889,2,2,1
0.41205886,0.549915552,0.038025621,2,1,0
0.953187644,0.00040073,0.04641157,1,1,1
0.999670267,0.000103049,0.00022668,1,1,1
0.998544693,0.000108471,0.00134693,1,1,1
0.190325379,1.87E-05,0.809655964,3,3,1
0.091611668,5.99E-06,0.908382416,3,3,1
0.354092449,0.000100898,0.64580667,3,1,0
0.999262869,0.000601597,0.000135609,1,1,1
4.46E-05,0.999948144,7.27E-06,2,2,1
4.77E-10,1,4.40E-11,2,2,1
7.27E-14,1,4.47E-16,2,2,1
1.03E-16,1,7.61E-19,2,2,1
1.17E-17,1,8.47E-20,2,2,1
2.17E-20,1,1.77E-22,2,2,1
7.73E-23,1,9.90E-25,2,2,1
5.76E-21,1,6.72E-23,2,2,1
3.84E-22,1,1.79E-24,2,2,1
2.91E-20,1,9.39E-23,2,2,1
3.22E-22,1,6.11E-24,2,2,1
5.00E-19,1,5.42E-21,2,2,1
7.93E-19,1,2.39E-19,2,2,1
4.98E-16,1,4.34E-15,2,2,1
1.09E-08,0.02038281,0.979617178,3,3,1
4.70E-14,6.04E-12,1,3,3,1
1.22E-13,2.49E-14,1,3,3,1
2.32E-13,6.65E-15,1,3,3,1
9.85E-18,1.65E-23,1,3,3,1
8.68E-13,4.71E-16,1,3,3,1
1.31E-14,2.16E-17,1,3,3,1
2.20E-16,5.18E-23,1,3,3,1
7.93E-21,1.85E-28,1,3,3,1
5.22E-21,1.70E-28,1,3,3,1
1.08E-14,2.22E-20,1,3,3,1
5.51E-17,5.74E-24,1,3,3,1
2.88E-14,4.30E-20,1,3,3,1
2.23E-14,7.72E-19,1,3,3,1
1.42E-12,1.22E-13,1,3,3,1
9.94E-15,4.98E-15,1,3,3,1
1.80E-16,9.07E-17,1,3,3,1
7.28E-11,2.69E-09,1,3,3,1
6.44E-10,1.04E-08,1,3,3,1
2.28E-11,1.28E-10,1,3,3,1
1.05E-09,2.46E-09,1,3,3,1
4.51E-05,0.002559443,0.997395515,3,3,1
4.89E-08,4.37E-07,0.999999523,3,3,1
1.36E-09,1.12E-10,1,3,3,1
1.33E-07,0.999993682,6.14E-06,2,2,1
0.999926567,5.97E-05,1.38E-05,1,1,1
1,1.56E-09,6.67E-09,1,1,1
1,3.87E-14,8.85E-14,1,1,1
1,4.19E-14,1.14E-14,1,1,1
1,2.04E-15,1.30E-15,1,1,1
1,1.09E-20,1.10E-20,1,1,1
1,1.88E-30,4.99E-29,1,1,1
1,7.43E-23,1.47E-22,1,1,1
1,5.42E-35,2.90E-34,1,1,1
1,2.32E-28,6.12E-28,1,1,1
1,0,0,1,1,1
1,5.87E-26,6.22E-26,1,1,1
1,0,0,1,1,1
1,1.20E-36,8.22E-36,1,1,1
1,7.14E-31,6.13E-31,1,1,1
1,4.40E-33,2.82E-33,1,1,1
1,2.74E-28,5.69E-29,1,1,1
1,5.83E-38,0,1,1,1
1,3.09E-26,3.44E-27,1,1,1
1,2.09E-34,6.22E-35,1,1,1
1,5.59E-28,4.01E-29,1,1,1
1,1.29E-28,6.27E-30,1,1,1
1,9.25E-24,5.28E-25,1,1,1
1,4.20E-30,3.13E-30,1,1,1
1,9.98E-30,3.31E-30,1,1,1
1,7.56E-28,1.12E-28,1,1,1
1,1.83E-22,1.87E-23,1,1,1
1,5.16E-23,9.27E-24,1,1,1
1,3.33E-16,1.31E-16,1,1,1
1,1.52E-09,1.02E-10,1,1,1
1,8.41E-09,1.36E-09,1,1,1
0.999999881,8.31E-08,2.30E-09,1,1,1
1,2.22E-10,2.04E-11,1,1,1
1,4.63E-17,9.89E-18,1,1,1
1,1.08E-20,5.17E-21,1,1,1
1,2.80E-16,1.99E-17,1,1,1
1,6.72E-14,3.80E-15,1,1,1
1,3.29E-16,1.85E-17,1,1,1
1,1.49E-13,3.51E-15,1,1,1
1,5.39E-16,1.30E-17,1,1,1
1,1.51E-16,2.75E-18,1,1,1
1,6.11E-26,2.10E-26,1,1,1
1,6.93E-22,3.73E-22,1,1,1
1,5.45E-16,2.13E-16,1,1,1
1,3.62E-13,8.62E-14,1,1,1
0.999999166,8.85E-07,3.49E-08,1,1,1
0.998615623,0.001369301,1.51E-05,1,1,1
0.000177703,0.999803364,1.90E-05,2,2,1
0.000142296,0.999824464,3.33E-05,2,2,1
4.07E-07,0.999999285,3.77E-07,2,2,1
1.56E-09,1,4.40E-09,2,2,1
0.00055943,0.999418378,2.21E-05,2,2,1
0.004691462,0.995190859,0.000117647,2,2,1
0.737130582,0.262574792,0.000294599,1,1,1
0.999998689,1.33E-06,1.88E-08,1,1,1
0.9998191,0.000179284,1.64E-06,1,1,1
0.999999762,2.40E-07,4.66E-09,1,1,1
1,1.74E-10,4.17E-12,1,1,1
0.999999881,6.11E-08,5.00E-10,1,1,1
1,6.24E-12,2.27E-13,1,1,1
1,4.89E-11,1.38E-12,1,1,1
1,9.66E-12,1.13E-12,1,1,1
1,2.11E-12,2.03E-13,1,1,1
1,8.47E-13,1.31E-13,1,1,1
1,4.21E-14,9.41E-13,1,1,1
0.999962807,3.66E-05,6.20E-07,1,1,1
0.866351724,0.133406073,0.000242149,1,1,1
0.213881254,0.784035921,0.002082864,2,1,0
0.037590582,0.961853027,0.000556313,2,1,0
0.012893017,0.98639816,0.000708788,2,1,0
0.000854109,0.999000847,0.000145058,2,2,1
0.003993148,0.995823979,0.000182966,2,2,1
0.000474033,0.999383926,0.000142066,2,2,1
0.0115343,0.987773359,0.000692387,2,2,1
1.37E-06,0.999992728,5.98E-06,2,2,1
4.37E-12,1,5.68E-12,2,2,1
6.35E-22,1,2.00E-22,2,2,1
6.11E-26,1,1.26E-26,2,2,1
1.24E-28,1,1.49E-29,2,2,1
3.46E-27,1,2.17E-28,2,2,1
6.70E-25,1,4.03E-26,2,2,1
9.98E-25,1,5.83E-26,2,2,1
2.86E-31,1,1.39E-32,2,2,1
9.88E-25,1,5.13E-26,2,2,1
4.97E-25,1,2.27E-26,2,2,1
1.08E-23,1,1.22E-24,2,2,1
2.42E-22,1,3.51E-22,2,2,1
7.54E-11,1,5.03E-09,2,2,1
8.21E-06,0.998350501,0.00164132,2,2,1
0.513797343,0.409666389,0.076536268,1,1,1
0.988850534,5.93E-05,0.011090164,1,1,1
0.999749005,0.000208555,4.25E-05,1,1,1
0.999968886,2.22E-05,8.94E-06,1,1,1
0.470169216,8.83E-05,0.529742479,3,3,1
0.101088271,1.01E-05,0.898901582,3,3,1
0.978714645,2.27E-05,0.021262681,1,1,1
0.997466207,0.002093056,0.000440765,1,1,1
0.001523802,0.997160912,0.001315255,2,2,1
2.67E-08,1,4.86E-08,2,2,1
7.11E-17,1,4.66E-19,2,2,1
2.30E-19,1,6.12E-22,2,2,1
1.35E-24,1,1.94E-26,2,2,1
3.28E-19,1,1.05E-21,2,2,1
5.80E-23,1,1.34E-24,2,2,1
2.98E-22,1,7.38E-24,2,2,1
2.29E-21,1,1.90E-23,2,2,1
4.44E-22,1,6.28E-24,2,2,1
1.40E-19,1,1.93E-21,2,2,1
1.20E-19,1,1.30E-21,2,2,1
3.37E-17,1,4.45E-19,2,2,1
1.28E-12,1,1.94E-12,2,2,1
2.89E-10,3.55E-06,0.999996424,3,3,1
9.89E-18,1.32E-15,1,3,3,1
1.12E-19,6.85E-19,1,3,3,1
3.73E-14,1.17E-14,1,3,3,1
5.80E-18,3.37E-21,1,3,3,1
4.76E-17,5.40E-23,1,3,3,1
1.08E-17,4.88E-23,1,3,3,1
3.00E-18,3.14E-25,1,3,3,1
4.74E-20,1.34E-26,1,3,3,1
3.04E-20,8.31E-27,1,3,3,1
1.25E-18,5.40E-25,1,3,3,1
9.15E-20,2.77E-27,1,3,3,1
7.19E-13,5.09E-17,1,3,3,1
1.10E-08,3.33E-12,1,3,3,1
9.83E-15,3.72E-17,1,3,3,1
7.70E-17,2.03E-19,1,3,3,1
3.32E-08,7.57E-06,0.999992371,3,3,1
1.86E-11,9.47E-10,1,3,3,1
2.84E-07,0.000194198,0.99980551,3,3,1
7.88E-11,2.06E-10,1,3,3,1
6.85E-10,1.14E-08,1,3,3,1
4.37E-06,2.73E-05,0.99996841,3,3,1
0.000235844,0.23264873,0.767115414,3,3,1
2.17E-08,3.74E-11,1,3,3,1
1.67E-05,0.999847054,0.000136178,2,2,1
0.99998045,1.12E-05,8.31E-06,1,1,1
1,2.19E-15,2.35E-14,1,1,1
1,3.06E-14,9.29E-15,1,1,1
1,3.22E-22,8.09E-22,1,1,1
1,6.09E-24,1.91E-23,1,1,1
1,1.68E-22,3.08E-22,1,1,1
1,2.57E-31,7.63E-31,1,1,1
1,3.32E-29,1.05E-28,1,1,1
1,7.05E-26,3.68E-26,1,1,1
1,0,0,1,1,1
1,1.75E-26,7.64E-27,1,1,1
1,0,0,1,1,1
1,4.75E-38,5.56E-37,1,1,1
1,2.75E-36,2.40E-36,1,1,1
1,7.62E-31,1.94E-31,1,1,1
1,7.48E-32,2.25E-32,1,1,1
1,0,0,1,1,1
1,5.51E-24,7.08E-25,1,1,1
1,2.72E-29,2.48E-30,1,1,1
1,2.08E-32,1.78E-33,1,1,1
1,1.48E-28,1.17E-29,1,1,1
1,1.49E-37,3.89E-38,1,1,1
1,1.02E-32,1.56E-33,1,1,1
1,4.21E-28,1.68E-28,1,1,1
1,9.17E-19,2.69E-20,1,1,1
0.999973536,2.62E-05,1.94E-07,1,1,1
0.158545747,0.841385722,6.85E-05,2,2,1
0.945884645,0.054027189,8.81E-05,1,1,1
4.25E-07,0.999999523,6.02E-09,2,2,1
0.000810319,0.999188125,1.53E-06,2,2,1
0.997637391,0.002348259,1.44E-05,1,1,1
0.999997735,2.19E-06,1.26E-07,1,1,1
0.999999166,7.89E-07,2.77E-08,1,1,1
1,7.81E-12,1.27E-12,1,1,1
1,3.49E-12,2.11E-13,1,1,1
1,2.50E-16,3.92E-17,1,1,1
1,5.84E-14,3.90E-15,1,1,1
1,4.55E-15,1.62E-16,1,1,1
1,9.37E-16,2.85E-17,1,1,1
1,6.57E-14,1.02E-15,1,1,1
1,2.39E-17,6.31E-19,1,1,1
1,2.80E-14,1.57E-15,1,1,1
1,5.12E-12,5.81E-13,1,1,1
0.999985933,1.20E-05,2.16E-06,1,1,1
0.004161243,0.995725155,0.000113618,2,1,0
4.09E-06,0.99999547,4.46E-07,2,2,1
5.00E-13,1,1.22E-12,2,2,1
1.97E-11,1,1.06E-11,2,2,1
2.24E-09,1,5.99E-11,2,2,1
3.23E-14,1,2.14E-14,2,2,1
5.02E-08,1,5.97E-09,2,2,1
8.50E-07,0.999998927,2.88E-07,2,2,1
0.000281436,0.999669909,4.86E-05,2,2,1
0.999529839,0.000463958,6.14E-06,1,1,1
0.999998569,1.49E-06,2.19E-08,1,1,1
0.999998212,1.83E-06,3.10E-08,1,1,1
1,5.28E-10,7.49E-12,1,1,1
1,8.24E-10,8.39E-12,1,1,1
1,6.59E-11,1.95E-12,1,1,1
1,2.14E-11,1.78E-12,1,1,1
1,1.20E-11,8.25E-13,1,1,1
1,8.02E-13,3.70E-14,1,1,1
1,4.85E-10,5.09E-12,1,1,1
0.999997377,2.66E-06,2.46E-08,1,1,1
0.996825337,0.003141161,3.36E-05,1,1,1
0.058786366,0.939111531,0.002102062,2,1,0
0.000219145,0.999655604,0.000125267,2,1,0
3.20E-07,0.999997497,2.12E-06,2,2,1
9.39E-06,0.999977589,1.30E-05,2,2,1
1.86E-07,0.999998808,9.33E-07,2,2,1
4.36E-07,0.999993563,5.99E-06,2,2,1
3.25E-05,0.999930024,3.74E-05,2,2,1
6.59E-06,0.999983788,9.63E-06,2,2,1
1.02E-06,0.999996662,2.24E-06,2,2,1
3.74E-06,0.999993801,2.45E-06,2,2,1
1.48E-16,1,8.51E-16,2,2,1
2.65E-27,1,3.22E-27,2,2,1
1.34E-21,1,1.89E-22,2,2,1
1.23E-21,1,1.27E-22,2,2,1
5.41E-29,1,8.83E-30,2,2,1
8.81E-23,1,5.44E-24,2,2,1
1.01E-34,1,2.31E-35,2,2,1
7.42E-31,1,7.41E-32,2,2,1
2.38E-19,1,1.44E-20,2,2,1
1.57E-25,1,1.62E-25,2,2,1
7.36E-21,1,2.00E-18,2,2,1
2.63E-07,0.999992967,6.84E-06,2,2,1
0.000179943,0.99963367,0.000186376,2,2,1
0.849330008,0.1479716,0.002698464,1,1,1
0.999870062,5.12E-06,0.000124812,1,1,1
0.999985099,1.38E-05,1.09E-06,1,1,1
0.999991179,6.41E-06,2.33E-06,1,1,1
0.999941826,9.79E-06,4.84E-05,1,1,1
0.999907017,1.71E-05,7.60E-05,1,1,1
0.99772054,5.68E-05,0.002222639,1,1,1
0.994233191,0.000655037,0.005111725,1,1,1
4.08E-06,0.999960899,3.50E-05,2,2,1
9.72E-11,1,1.64E-10,2,2,1
5.89E-16,1,2.30E-17,2,2,1
8.74E-20,1,8.80E-22,2,2,1
1.19E-20,1,1.88E-22,2,2,1
1.71E-17,1,1.61E-19,2,2,1
4.08E-24,1,9.33E-26,2,2,1
7.40E-20,1,1.75E-21,2,2,1
3.46E-29,1,7.01E-31,2,2,1
3.93E-23,1,3.03E-25,2,2,1
1.45E-25,1,2.79E-27,2,2,1
2.48E-18,1,2.52E-20,2,2,1
6.73E-16,1,1.11E-17,2,2,1
2.77E-10,1,4.40E-09,2,2,1
1.38E-13,1.34E-12,1,3,3,1
3.21E-17,4.49E-16,1,3,3,1
1.75E-20,6.44E-21,1,3,3,1
2.28E-20,2.40E-23,1,3,3,1
2.61E-19,1.92E-22,1,3,3,1
8.22E-20,4.95E-24,1,3,3,1
6.75E-19,3.22E-23,1,3,3,1
2.47E-18,1.14E-25,1,3,3,1
1.08E-19,6.32E-26,1,3,3,1
9.44E-16,2.30E-21,1,3,3,1
1.96E-17,1.21E-24,1,3,3,1
4.04E-17,2.70E-24,1,3,3,1
7.09E-17,2.16E-23,1,3,3,1
7.69E-15,4.68E-20,1,3,3,1
2.28E-14,7.00E-20,1,3,3,1
4.33E-10,1.97E-11,1,3,3,1
4.76E-11,2.29E-10,1,3,3,1
5.24E-08,8.76E-05,0.999912381,3,3,1
2.14E-08,6.06E-06,0.99999392,3,3,1
7.55E-08,1.19E-06,0.999998689,3,3,1
2.58E-05,0.000570174,0.999403954,3,3,1
0.000352994,0.049701419,0.949945629,3,3,1
4.45E-06,5.18E-07,0.999994993,3,3,1
5.09E-06,7.04E-09,0.999994874,3,3,1
0.999883771,4.84E-05,6.78E-05,1,1,1
1,5.15E-15,1.38E-14,1,1,1
1,2.83E-21,3.62E-20,1,1,1
1,2.88E-24,1.44E-23,1,1,1
1,3.79E-18,1.71E-18,1,1,1
1,1.34E-31,1.56E-30,1,1,1
1,7.16E-33,1.91E-32,1,1,1
1,3.36E-26,2.43E-26,1,1,1
1,2.86E-27,1.29E-27,1,1,1
1,1.90E-21,5.22E-22,1,1,1
1,3.50E-34,2.19E-34,1,1,1
1,1.27E-36,3.33E-37,1,1,1
1,2.81E-25,2.75E-26,1,1,1
1,1.43E-27,2.67E-28,1,1,1
1,3.67E-30,7.42E-31,1,1,1
1,6.76E-32,7.06E-33,1,1,1
1,1.58E-32,1.08E-33,1,1,1
1,1.88E-38,0,1,1,1
1,1.84E-30,2.21E-31,1,1,1
1,3.29E-29,1.14E-30,1,1,1
1,1.38E-33,2.05E-34,1,1,1
1,8.68E-37,7.02E-38,1,1,1
1,0,0,1,1,1
1,2.26E-23,1.35E-24,1,1,1
1,5.86E-09,6.53E-11,1,1,1
2.18E-06,0.999997854,1.02E-08,2,2,1
1.36E-09,1,1.82E-11,2,2,1
4.04E-14,1,5.30E-16,2,2,1
7.76E-11,1,3.69E-13,2,2,1
3.96E-11,1,1.16E-13,2,2,1
9.32E-11,1,1.77E-12,2,2,1
6.24E-06,0.999993801,2.98E-08,2,2,1
0.997911751,0.002077139,1.10E-05,1,1,1
0.999999881,1.66E-07,2.22E-08,1,1,1
1,5.39E-15,5.97E-16,1,1,1
1,8.67E-17,1.25E-17,1,1,1
1,5.38E-13,4.22E-14,1,1,1
1,3.36E-17,1.16E-18,1,1,1
1,6.39E-16,1.29E-17,1,1,1
1,1.29E-20,5.88E-22,1,1,1
1,7.89E-22,3.05E-22,1,1,1
1,1.97E-13,1.38E-14,1,1,1
1,1.02E-10,3.14E-10,1,1,1
0.300375819,0.69906044,0.000563711,2,1,0
1.41E-05,0.999985099,8.61E-07,2,2,1
3.78E-09,1,1.94E-09,2,2,1
2.01E-13,1,7.17E-15,2,2,1
3.31E-10,1,1.20E-11,2,2,1
8.58E-16,1,8.42E-17,2,2,1
6.75E-15,1,2.03E-15,2,2,1
8.66E-13,1,5.90E-13,2,2,1
3.14E-17,1,1.30E-17,2,2,1
2.28E-09,1,9.23E-10,2,2,1
0.003039077,0.996907532,5.33E-05,2,2,1
0.995852709,0.004119715,2.75E-05,1,1,1
0.999998093,1.86E-06,3.08E-08,1,1,1
1,2.15E-08,3.24E-10,1,1,1
1,8.43E-12,4.41E-13,1,1,1
1,2.97E-18,1.71E-17,1,1,1
1,8.88E-13,3.01E-13,1,1,1
1,7.72E-13,2.37E-14,1,1,1
1,2.17E-11,3.86E-13,1,1,1
1,3.16E-10,4.09E-12,1,1,1
0.826321781,0.173009336,0.000668849,1,1,1
1.75E-05,0.999916196,6.62E-05,2,2,1
3.54E-07,0.999997139,2.50E-06,2,2,1
3.20E-07,0.999998569,1.05E-06,2,2,1
1.60E-09,1,9.42E-09,2,2,1
3.82E-08,0.999999881,1.22E-07,2,2,1
4.75E-10,1,2.58E-09,2,2,1
2.54E-09,1,1.92E-08,2,2,1
1.17E-08,0.999999881,1.17E-07,2,2,1
1.46E-09,0.999999881,1.31E-07,2,2,1
3.26E-08,0.999997854,2.15E-06,2,2,1
2.51E-08,0.999999166,7.97E-07,2,2,1
1.46E-13,1,9.04E-13,2,2,1
2.38E-21,1,3.87E-21,2,2,1
3.23E-22,1,1.01E-22,2,2,1
3.89E-32,1,8.79E-32,2,2,1
2.53E-32,1,1.69E-32,2,2,1
2.10E-24,1,4.31E-25,2,2,1
2.34E-30,1,6.03E-31,2,2,1
5.12E-28,1,1.55E-28,2,2,1
7.14E-31,1,1.63E-30,2,2,1
2.90E-20,1,4.49E-19,2,2,1
1.27E-09,1,2.18E-08,2,2,1
0.000120388,0.999790013,8.96E-05,2,2,1
0.037732966,0.961477339,0.000789708,2,2,1
0.894266605,0.105121963,0.000611348,1,2,0
0.999949455,5.22E-06,4.53E-05,1,1,1
0.999942899,3.77E-05,1.94E-05,1,1,1
0.999992847,5.11E-06,2.02E-06,1,1,1
0.998833239,4.64E-06,0.001162127,1,1,1
0.23698245,2.40E-05,0.762993574,3,3,1
0.999214053,0.000121433,0.000664605,1,1,1
0.997692704,5.93E-05,0.002247931,1,1,1
3.29E-06,0.999670863,0.000325839,2,2,1
1.37E-13,1,2.58E-12,2,2,1
6.73E-16,1,2.98E-17,2,2,1
2.30E-17,1,1.32E-19,2,2,1
5.59E-20,1,2.81E-22,2,2,1
6.11E-21,1,2.24E-23,2,2,1
2.92E-19,1,2.22E-21,2,2,1
1.03E-17,1,1.19E-19,2,2,1
3.08E-24,1,1.90E-26,2,2,1
1.11E-21,1,1.02E-23,2,2,1
1.60E-15,1,2.17E-17,2,2,1
2.20E-13,1,6.20E-15,2,2,1
4.39E-16,1,1.73E-15,2,2,1
2.06E-08,0.000382604,0.999617338,3,3,1
1.47E-07,0.00356927,0.996430576,3,3,1
3.63E-10,1.42E-07,0.999999881,3,3,1
4.11E-17,5.26E-16,1,3,3,1
2.08E-21,1.41E-24,1,3,3,1
3.91E-23,4.05E-28,1,3,3,1
2.17E-22,1.95E-27,1,3,3,1
3.40E-15,1.91E-20,1,3,3,1
2.01E-18,2.16E-25,1,3,3,1
4.72E-19,1.89E-24,1,3,3,1
4.36E-11,1.43E-15,1,3,3,1
1.10E-13,1.47E-19,1,3,3,1
1.19E-23,3.08E-32,1,3,3,1
4.71E-22,1.58E-28,1,3,3,1
2.85E-11,7.11E-18,1,3,3,1
2.23E-09,8.19E-14,1,3,3,1
6.92E-10,2.65E-13,1,3,3,1
8.25E-08,9.51E-10,0.999999881,3,3,1
6.87E-05,0.000317034,0.999614239,3,3,1
2.19E-08,9.22E-08,0.999999881,3,3,1
0.001808728,0.536478281,0.461712986,2,2,1
5.19E-08,1.41E-07,0.999999762,3,3,1
9.27E-05,0.000769245,0.999137998,3,3,1
9.19E-06,1.25E-10,0.999990821,3,3,1
2.64E-06,7.80E-13,0.999997377,3,3,1
0.999994636,3.29E-07,5.04E-06,1,1,1
1,8.95E-19,3.36E-17,1,1,1
1,2.37E-16,2.29E-16,1,1,1
1,4.41E-16,2.09E-16,1,1,1
1,1.62E-15,4.83E-16,1,1,1
1,5.62E-24,2.33E-24,1,1,1
1,1.58E-24,7.34E-25,1,1,1
1,4.87E-35,4.94E-35,1,1,1
1,3.60E-28,1.08E-28,1,1,1
1,4.44E-24,5.84E-25,1,1,1
1,1.04E-18,4.58E-20,1,1,1
1,2.49E-24,6.95E-26,1,1,1
1,3.30E-30,5.16E-31,1,1,1
1,1.55E-25,6.56E-27,1,1,1
1,4.09E-25,4.06E-26,1,1,1
1,6.70E-19,1.55E-20,1,1,1
1,1.27E-18,5.61E-20,1,1,1
1,6.31E-27,4.59E-28,1,1,1
1,2.17E-28,1.07E-29,1,1,1
1,9.06E-35,5.41E-36,1,1,1
1,5.36E-35,2.77E-36,1,1,1
1,1.41E-25,6.61E-27,1,1,1
1,8.88E-18,1.15E-19,1,1,1
0.999999881,8.48E-08,7.56E-10,1,1,1
0.001567555,0.998417854,1.46E-05,2,2,1
1.21E-06,0.999998808,7.23E-09,2,2,1
3.11E-08,1,1.63E-10,2,2,1
3.42E-12,1,1.56E-14,2,2,1
1.33E-13,1,6.95E-16,2,2,1
5.20E-10,1,1.89E-12,2,2,1
3.34E-10,1,3.03E-12,2,2,1
3.11E-13,1,7.33E-15,2,2,1
1.34E-06,0.999998689,3.28E-09,2,2,1
0.999942422,5.69E-05,5.92E-07,1,1,1
1,2.25E-12,6.23E-13,1,1,1
1,1.77E-13,1.02E-14,1,1,1
1,9.40E-13,2.65E-14,1,1,1
1,2.98E-18,3.47E-19,1,1,1
1,3.57E-17,1.18E-18,1,1,1
1,1.07E-20,2.09E-21,1,1,1
1,2.13E-29,5.22E-29,1,1,1
1,4.57E-09,1.58E-10,1,1,1
0.986418068,0.013380135,0.000201743,1,1,1
1.57E-08,1,2.48E-09,2,2,1
5.82E-14,1,2.79E-15,2,2,1
7.41E-13,1,2.96E-14,2,2,1
9.11E-18,1,4.24E-19,2,2,1
3.14E-12,1,4.52E-14,2,2,1
2.29E-14,1,1.43E-15,2,2,1
8.93E-18,1,4.81E-19,2,2,1
3.89E-14,1,3.73E-15,2,2,1
9.54E-13,1,5.72E-14,2,2,1
2.32E-16,1,1.28E-16,2,2,1
3.52E-09,1,1.34E-09,2,2,1
0.072951004,0.926551104,0.000497918,2,2,1
0.774233758,0.225121439,0.000644872,1,2,0
1,2.31E-12,6.16E-14,1,1,1
1,3.24E-08,5.92E-10,1,1,1
1,3.48E-13,8.44E-15,1,1,1
1,5.55E-13,3.12E-14,1,1,1
1,2.24E-10,1.93E-12,1,1,1
1,1.32E-12,2.73E-14,1,1,1
0.999998927,1.04E-06,1.76E-08,1,1,1
0.00168262,0.997960329,0.000356991,2,2,1
2.91E-05,0.999958396,1.25E-05,2,2,1
5.81E-06,0.999993682,5.28E-07,2,2,1
9.75E-11,1,1.40E-11,2,2,1
5.46E-12,1,1.69E-12,2,2,1
4.50E-12,1,3.07E-12,2,2,1
3.86E-12,1,4.71E-12,2,2,1
3.98E-11,1,7.44E-11,2,2,1
8.06E-13,1,4.25E-12,2,2,1
1.01E-07,0.999999523,3.94E-07,2,2,1
4.39E-08,0.999999046,9.05E-07,2,2,1
4.96E-09,0.999999523,5.32E-07,2,2,1
7.56E-09,0.999999642,3.22E-07,2,2,1
2.23E-14,1,1.05E-13,2,2,1
1.69E-23,1,2.15E-22,2,2,1
2.62E-27,1,3.66E-27,2,2,1
1.55E-25,1,8.02E-26,2,2,1
1.52E-26,1,1.63E-26,2,2,1
1.11E-26,1,8.31E-27,2,2,1
6.94E-26,1,6.86E-25,2,2,1
3.43E-22,1,4.01E-20,2,2,1
2.79E-10,1,3.10E-08,2,2,1
5.76E-07,0.999993205,6.24E-06,2,2,1
0.005242398,0.994331956,0.000425637,2,2,1
0.00257301,0.996388435,0.001038557,2,2,1
0.989741445,0.010050897,0.000207647,1,1,1
0.999996305,4.64E-08,3.74E-06,1,1,1
0.999975681,1.27E-05,1.16E-05,1,1,1
0.999816716,4.66E-06,0.000178713,1,1,1
0.904663801,1.47E-05,0.095321558,1,3,0
0.010848579,2.66E-06,0.989148796,3,3,1
0.999121726,3.65E-05,0.000841772,1,1,1
0.999138832,0.000366636,0.000494576,1,1,1
0.017550996,0.818484783,0.163964197,2,2,1
8.41E-09,1,2.66E-08,2,2,1
1.13E-16,1,4.24E-17,2,2,1
1.20E-19,1,2.07E-21,2,2,1
1.95E-20,1,1.79E-22,2,2,1
2.60E-19,1,2.08E-21,2,2,1
7.43E-22,1,4.63E-24,2,2,1
1.42E-19,1,8.06E-22,2,2,1
2.36E-16,1,2.32E-18,2,2,1
3.52E-19,1,5.23E-21,2,2,1
4.16E-19,1,1.25E-20,2,2,1
1.48E-16,1,4.95E-17,2,2,1
9.68E-10,0.999981403,1.86E-05,2,2,1
3.36E-14,1.46E-12,1,3,3,1
7.72E-12,2.87E-09,1,3,3,1
5.50E-11,6.14E-09,1,3,3,1
1.41E-18,2.84E-19,1,3,3,1
5.54E-22,2.10E-25,1,3,3,1
2.48E-18,1.33E-23,1,3,3,1
9.93E-14,1.79E-17,1,3,3,1
2.07E-16,3.34E-21,1,3,3,1
2.32E-21,3.04E-28,1,3,3,1
1.21E-18,1.51E-24,1,3,3,1
8.11E-14,3.26E-18,1,3,3,1
3.59E-13,8.18E-19,1,3,3,1
4.99E-19,2.55E-26,1,3,3,1
1.33E-14,2.03E-19,1,3,3,1
8.22E-16,6.78E-22,1,3,3,1
7.36E-12,1.89E-16,1,3,3,1
2.70E-10,6.95E-15,1,3,3,1
1.73E-09,1.03E-11,1,3,3,1
7.78E-05,3.00E-07,0.999921918,3,3,1
0.026090726,0.000121895,0.973787427,3,3,1
1.24E-05,6.80E-06,0.999980807,3,3,1
3.40E-05,0.002317982,0.99764806,3,3,1
2.40E-05,0.968071878,0.031904161,2,2,1
2.11E-05,2.21E-05,0.999956846,3,3,1
1.16E-05,4.23E-13,0.999988437,3,3,1
1,4.92E-08,8.75E-09,1,1,1
1,5.93E-09,8.45E-10,1,1,1
1,6.04E-14,2.79E-14,1,1,1
1,2.05E-11,1.90E-12,1,1,1
1,5.69E-16,1.72E-16,1,1,1
1,1.82E-17,2.81E-18,1,1,1
1,0,0,1,1,1
1,2.51E-38,1.42E-38,1,1,1
1,1.30E-23,1.16E-24,1,1,1
1,3.73E-16,5.87E-18,1,1,1
1,1.56E-24,3.11E-26,1,1,1
1,2.26E-27,2.07E-28,1,1,1
1,3.49E-27,2.67E-28,1,1,1
1,2.54E-25,6.12E-27,1,1,1
1,6.89E-17,1.56E-18,1,1,1
1,2.99E-35,1.46E-36,1,1,1
1,1.09E-21,2.86E-23,1,1,1
1,2.38E-22,3.53E-24,1,1,1
1,1.80E-22,2.91E-24,1,1,1
1,2.25E-18,3.47E-20,1,1,1
1,1.60E-17,1.58E-19,1,1,1
0.999999642,4.16E-07,3.00E-09,1,1,1
0.001678873,0.998306394,1.48E-05,2,2,1
8.22E-11,1,1.99E-12,2,2,1
2.62E-13,1,1.16E-15,2,2,1
3.67E-14,1,2.72E-16,2,2,1
4.56E-17,1,2.55E-19,2,2,1
5.02E-17,1,1.31E-18,2,2,1
2.36E-15,1,1.94E-17,2,2,1
1.13E-16,1,5.52E-19,2,2,1
8.87E-16,1,7.91E-18,2,2,1
2.16E-12,1,4.64E-14,2,2,1
3.71E-08,1,1.29E-09,2,2,1
0.999972224,2.74E-05,4.02E-07,1,1,1
1,2.79E-12,7.71E-14,1,1,1
1,3.59E-18,4.34E-19,1,1,1
1,2.88E-17,2.41E-18,1,1,1
1,4.54E-27,7.51E-28,1,1,1
1,2.12E-17,2.85E-18,1,1,1
1,5.12E-20,7.39E-20,1,1,1
0.999999404,3.38E-07,1.90E-07,1,1,1
2.72E-06,0.999996662,5.96E-07,2,2,1
4.71E-16,1,4.82E-16,2,2,1
1.91E-14,1,1.42E-15,2,2,1
4.89E-11,1,2.55E-13,2,2,1
2.83E-12,1,1.17E-14,2,2,1
1.99E-11,1,1.32E-13,2,2,1
1.41E-14,1,9.10E-17,2,2,1
1.10E-13,1,1.82E-15,2,2,1
2.73E-17,1,2.69E-18,2,2,1
6.56E-18,1,2.30E-19,2,2,1
1.41E-15,1,3.23E-16,2,2,1
1.46E-10,1,2.80E-11,2,2,1
0.004410442,0.995464265,0.000125293,2,2,1
0.50389725,0.495457321,0.000645459,1,2,0
0.999999404,6.50E-07,3.76E-09,1,1,1
1,6.31E-09,1.08E-10,1,1,1
1,2.88E-11,1.25E-12,1,1,1
1,2.01E-12,4.35E-14,1,1,1
1,5.02E-12,1.75E-13,1,1,1
1,2.73E-11,3.90E-13,1,1,1
0.999902248,9.54E-05,2.34E-06,1,1,1
4.63E-06,0.999993801,1.53E-06,2,2,1
8.86E-08,0.999999881,3.19E-08,2,2,1
1.05E-13,1,7.41E-15,2,2,1
3.59E-12,1,1.82E-13,2,2,1
3.64E-12,1,2.68E-13,2,2,1
1.93E-11,1,5.26E-13,2,2,1
2.27E-17,1,1.06E-18,2,2,1
1.35E-11,1,3.88E-13,2,2,1
2.47E-10,1,1.84E-12,2,2,1
1.72E-10,1,3.46E-10,2,2,1
7.20E-09,1,5.72E-08,2,2,1
5.20E-09,0.999999762,2.83E-07,2,2,1
3.79E-08,0.999999523,5.05E-07,2,2,1
2.25E-13,1,6.95E-12,2,2,1
3.44E-15,1,1.64E-14,2,2,1
4.88E-18,1,1.36E-16,2,2,1
1.59E-21,1,5.62E-21,2,2,1
1.09E-20,1,9.36E-21,2,2,1
7.29E-22,1,1.47E-21,2,2,1
4.20E-20,1,2.18E-18,2,2,1
1.77E-13,1,2.52E-11,2,2,1
4.96E-08,0.999997258,2.74E-06,2,2,1
2.52E-05,0.999914289,6.05E-05,2,2,1
0.040199794,0.959128976,0.00067131,2,2,1
0.135565728,0.863072574,0.001361695,2,2,1
0.999743521,0.000251501,4.99E-06,1,1,1
0.999986053,1.89E-06,1.20E-05,1,1,1
0.99993515,4.93E-07,6.44E-05,1,1,1
0.915960789,7.44E-07,0.084038459,1,1,1
0.679077446,8.24E-06,0.320914239,1,3,0
0.347744405,4.76E-05,0.65220803,3,3,1
0.001623154,8.64E-08,0.998376727,3,3,1
0.400890499,1.13E-05,0.599098206,3,3,1
0.672589362,0.001920048,0.325490594,1,1,1
2.85E-07,0.999999166,5.41E-07,2,2,1
3.73E-16,1,4.76E-17,2,2,1
2.67E-18,1,2.66E-19,2,2,1
1.03E-19,1,4.33E-21,2,2,1
1.34E-18,1,2.68E-20,2,2,1
2.74E-23,1,4.69E-25,2,2,1
1.10E-20,1,1.33E-22,2,2,1
2.02E-14,1,1.97E-16,2,2,1
9.83E-21,1,6.94E-22,2,2,1
4.26E-15,1,9.12E-16,2,2,1
2.50E-08,0.985148013,0.014852071,2,2,1
1.18E-12,3.93E-09,1,3,3,1
9.73E-07,7.01E-07,0.999998331,3,3,1
5.52E-12,2.83E-11,1,3,3,1
6.01E-15,7.05E-15,1,3,3,1
6.20E-21,5.85E-25,1,3,3,1
4.62E-19,5.66E-22,1,3,3,1
6.50E-18,1.59E-21,1,3,3,1
1.24E-13,2.45E-17,1,3,3,1
1.94E-17,5.11E-23,1,3,3,1
2.19E-22,2.28E-30,1,3,3,1
7.98E-19,3.52E-26,1,3,3,1
7.97E-13,2.52E-18,1,3,3,1
1.57E-11,1.31E-15,1,3,3,1
4.69E-12,1.62E-18,1,3,3,1
3.24E-11,8.97E-16,1,3,3,1
1.94E-10,2.50E-14,1,3,3,1
7.88E-09,7.07E-14,1,3,3,1
2.16E-07,7.59E-12,0.999999762,3,3,1
3.41E-10,1.16E-12,1,3,3,1
2.82E-09,9.15E-11,1,3,3,1
7.39E-15,1.17E-16,1,3,3,1
2.51E-09,1.60E-14,1,3,3,1
9.78E-06,0.000205287,0.999784887,3,3,1
6.84E-06,0.990986526,0.009006622,2,2,1
0.000161464,0.999629974,0.000208573,2,2,1
0.999997973,6.59E-07,1.27E-06,1,1,1
0.999983788,1.48E-05,1.27E-06,1,1,1
1,1.90E-08,2.13E-09,1,1,1
1,5.90E-13,1.49E-12,1,1,1
1,3.03E-14,1.01E-14,1,1,1
1,5.46E-11,1.61E-12,1,1,1
1,2.89E-23,2.40E-24,1,1,1
1,3.12E-30,6.55E-31,1,1,1
1,1.15E-19,4.22E-21,1,1,1
1,1.92E-14,3.84E-16,1,1,1
1,2.92E-13,2.91E-15,1,1,1
1,6.96E-19,1.59E-20,1,1,1
1,4.98E-24,1.62E-25,1,1,1
1,5.58E-20,1.18E-21,1,1,1
1,2.71E-19,2.07E-21,1,1,1
1,5.30E-31,1.07E-32,1,1,1
1,4.99E-26,1.36E-27,1,1,1
1,3.95E-19,3.91E-21,1,1,1
1,3.70E-19,3.28E-21,1,1,1
1,2.23E-16,2.49E-18,1,1,1
1,2.51E-13,1.91E-15,1,1,1
0.026955398,0.973007619,3.70E-05,2,2,1
1.25E-11,1,2.17E-13,2,2,1
3.66E-14,1,4.95E-16,2,2,1
4.30E-15,1,4.47E-17,2,2,1
5.82E-15,1,4.67E-17,2,2,1
3.11E-15,1,1.75E-17,2,2,1
6.62E-15,1,4.63E-17,2,2,1
6.99E-15,1,2.67E-17,2,2,1
7.57E-18,1,8.65E-20,2,2,1
2.10E-15,1,2.42E-17,2,2,1
1.96E-10,1,7.98E-13,2,2,1
3.29E-11,1,1.02E-12,2,2,1
0.046592884,0.953379095,2.81E-05,2,2,1
0.999998689,1.31E-06,3.10E-08,1,1,1
1,4.44E-10,7.38E-12,1,1,1
1,1.39E-25,1.77E-26,1,1,1
1,5.63E-26,9.02E-26,1,1,1
1,2.83E-23,1.01E-23,1,1,1
1,3.36E-14,2.48E-15,1,1,1
0.000495156,0.999486685,1.81E-05,2,2,1
5.95E-11,1,9.04E-13,2,2,1
2.83E-12,1,6.48E-14,2,2,1
1.81E-13,1,3.04E-15,2,2,1
6.87E-13,1,5.28E-15,2,2,1
1.52E-13,1,6.50E-16,2,2,1
4.31E-13,1,2.56E-15,2,2,1
1.51E-14,1,7.31E-17,2,2,1
4.83E-15,1,3.14E-17,2,2,1
3.41E-18,1,4.31E-20,2,2,1
6.01E-19,1,6.66E-20,2,2,1
6.17E-20,1,1.37E-20,2,2,1
9.25E-14,1,1.42E-14,2,2,1
3.16E-05,0.999961853,6.57E-06,2,2,1
0.944159508,0.055563457,0.000276994,1,2,0
0.999999166,8.68E-07,9.70E-09,1,1,1
0.999999762,2.67E-07,4.80E-09,1,1,1
1,3.04E-08,6.51E-10,1,1,1
1,7.10E-09,1.17E-10,1,1,1
1,3.82E-12,1.11E-13,1,1,1
0.999998927,1.09E-06,1.02E-08,1,1,1
0.012473297,0.987219334,0.000307396,2,2,1
1.79E-09,1,4.15E-10,2,2,1
6.22E-09,1,2.24E-10,2,2,1
6.44E-14,1,2.26E-15,2,2,1
6.96E-17,1,1.10E-18,2,2,1
1.83E-17,1,1.68E-19,2,2,1
1.34E-13,1,1.04E-15,2,2,1
3.39E-16,1,2.47E-18,2,2,1
1.35E-11,1,2.30E-17,2,2,1
3.69E-09,1,9.30E-14,2,2,1
1.03E-12,1,3.43E-13,2,2,1
2.98E-14,1,4.39E-13,2,2,1
7.71E-09,0.999999642,4.05E-07,2,2,1
5.10E-09,0.999999642,3.40E-07,2,2,1
6.39E-09,0.999999642,3.48E-07,2,2,1
6.02E-14,1,2.99E-12,2,2,1
5.66E-17,1,2.53E-15,2,2,1
7.43E-17,1,2.97E-15,2,2,1
1.26E-19,1,8.64E-18,2,2,1
7.64E-15,1,8.44E-13,2,2,1
0.002396348,0.997506797,9.69E-05,2,2,1
0.000906417,0.99902451,6.91E-05,2,2,1
0.000379565,0.999446929,0.000173422,2,2,1
0.009055851,0.990033567,0.000910496,2,2,1
0.998644531,0.001313305,4.21E-05,1,1,1
0.99959594,0.000396228,7.83E-06,1,1,1
0.999990582,6.65E-06,2.75E-06,1,1,1
0.999951959,1.11E-05,3.69E-05,1,1,1
0.999985933,4.28E-06,9.81E-06,1,1,1
0.999988914,6.31E-06,4.77E-06,1,1,1
0.203980893,5.70E-06,0.796013415,3,3,1
0.000354036,1.12E-07,0.999645829,3,3,1
0.024660714,3.14E-06,0.975336194,3,3,1
0.923407614,3.86E-05,0.076553799,1,1,1
0.853780091,0.002813688,0.143406257,1,1,1
0.003278854,0.988080263,0.008640879,2,2,1
3.02E-11,1,9.71E-11,2,2,1
1.44E-18,1,6.64E-18,2,2,1
8.69E-18,1,2.47E-19,2,2,1
9.39E-20,1,2.58E-21,2,2,1
6.70E-19,1,2.62E-20,2,2,1
9.98E-20,1,1.18E-20,2,2,1
2.77E-18,1,3.90E-18,2,2,1
2.18E-12,1,7.36E-11,2,2,1
8.77E-08,0.999623775,0.000376053,2,2,1
9.15E-11,5.07E-08,1,3,3,1
8.21E-18,2.86E-18,1,3,3,1
7.83E-18,1.51E-19,1,3,3,1
2.41E-19,3.69E-23,1,3,3,1
4.57E-18,4.59E-20,1,3,3,1
5.49E-23,6.80E-28,1,3,3,1
4.83E-22,4.65E-28,1,3,3,1
1.14E-18,1.38E-22,1,3,3,1
3.34E-19,1.35E-24,1,3,3,1
6.45E-17,3.26E-22,1,3,3,1
8.36E-21,2.69E-27,1,3,3,1
5.09E-12,1.64E-16,1,3,3,1
4.17E-12,2.41E-17,1,3,3,1
4.76E-10,3.34E-14,1,3,3,1
3.72E-15,5.00E-22,1,3,3,1
1.01E-10,3.36E-15,1,3,3,1
1.04E-10,2.03E-11,1,3,3,1
3.46E-05,3.97E-07,0.999964952,3,3,1
6.77E-09,1.59E-09,1,3,3,1
1.13E-10,5.88E-13,1,3,3,1
5.61E-05,5.27E-07,0.999943376,3,3,1
0.745044291,0.000469307,0.254486382,1,3,0
1.19E-05,4.26E-07,0.999987602,3,3,1
3.19E-08,2.11E-06,0.999997854,3,3,1
5.30E-07,0.000876974,0.999122441,3,3,1
0.000719586,0.996283829,0.00299659,2,2,1
0.999999404,1.28E-07,5.25E-07,1,1,1
0.999996662,2.41E-06,9.47E-07,1,1,1
1,1.43E-11,7.70E-11,1,1,1
1,5.27E-08,5.16E-10,1,1,1
0.999620914,0.000374165,4.91E-06,1,1,1
1,3.84E-15,1.44E-16,1,1,1
1,4.92E-13,1.66E-14,1,1,1
1,6.58E-10,1.37E-11,1,1,1
0.999968886,3.10E-05,1.23E-07,1,1,1
0.190986231,0.808746159,0.000267674,2,1,0
0.999985337,1.45E-05,9.39E-08,1,1,1
1,6.91E-12,1.67E-13,1,1,1
1,1.82E-17,2.52E-19,1,1,1
1,1.54E-20,4.01E-22,1,1,1
1,8.63E-28,2.08E-29,1,1,1
1,8.24E-22,9.49E-24,1,1,1
1,2.45E-30,4.45E-32,1,1,1
1,6.79E-29,1.58E-30,1,1,1
1,6.27E-17,5.40E-19,1,1,1
1,3.62E-09,3.19E-11,1,1,1
3.86E-08,1,2.39E-09,2,2,1
2.68E-12,1,2.08E-14,2,2,1
6.56E-16,1,8.17E-18,2,2,1
3.80E-15,1,2.94E-17,2,2,1
1.62E-14,1,1.07E-16,2,2,1
1.32E-17,1,3.62E-19,2,2,1
2.86E-17,1,2.98E-19,2,2,1
3.71E-19,1,6.05E-21,2,2,1
2.26E-18,1,2.05E-20,2,2,1
9.21E-19,1,8.71E-21,2,2,1
4.96E-13,1,3.21E-15,2,2,1
3.62E-11,1,3.86E-13,2,2,1
2.87E-07,0.999999762,9.42E-09,2,2,1
0.999993443,6.43E-06,7.38E-08,1,1,1
1,1.59E-13,4.57E-15,1,1,1
1,1.63E-23,6.46E-24,1,1,1
1,4.07E-18,1.26E-18,1,1,1
1,1.75E-17,1.00E-18,1,1,1
1,2.53E-08,1.96E-09,1,1,1
5.41E-10,1,1.86E-10,2,2,1
1.90E-15,1,5.23E-17,2,2,1
1.90E-16,1,1.68E-18,2,2,1
1.38E-15,1,7.62E-18,2,2,1
2.80E-15,1,2.64E-17,2,2,1
8.01E-18,1,2.04E-20,2,2,1
1.54E-16,1,1.21E-18,2,2,1
7.49E-16,1,3.25E-18,2,2,1
2.61E-17,1,2.56E-19,2,2,1
4.77E-20,1,1.12E-21,2,2,1
1.84E-18,1,6.83E-20,2,2,1
2.31E-19,1,6.66E-20,2,2,1
1.31E-15,1,5.01E-15,2,2,1
0.000802327,0.999177992,1.96E-05,2,2,1
0.581939161,0.417019218,0.001041531,1,2,0
1,5.77E-08,1.30E-09,1,1,1
0.999999285,7.61E-07,1.25E-08,1,1,1
1,9.55E-13,2.77E-14,1,1,1
1,3.21E-13,7.44E-15,1,1,1
1,1.66E-13,3.21E-15,1,1,1
0.996827781,0.003148673,2.35E-05,1,1,1
1.47E-06,0.999998093,4.53E-07,2,2,1
9.35E-14,1,1.22E-14,2,2,1
1.26E-09,1,5.81E-12,2,2,1
1.17E-10,1,1.96E-13,2,2,1
7.50E-12,1,1.72E-14,2,2,1
5.60E-14,1,2.61E-16,2,2,1
1.15E-11,1,5.02E-14,2,2,1
1.13E-15,1,1.64E-17,2,2,1
9.96E-16,1,2.18E-18,2,2,1
5.80E-12,1,6.29E-17,2,2,1
1.80E-13,1,5.65E-16,2,2,1
2.27E-15,1,8.66E-15,2,2,1
3.56E-11,1,1.06E-09,2,2,1
4.40E-09,0.999999881,1.57E-07,2,2,1
4.91E-07,0.999987006,1.26E-05,2,2,1
1.21E-09,0.999999762,2.06E-07,2,2,1
1.19E-09,1,1.98E-08,2,2,1
3.12E-07,0.999998689,9.31E-07,2,2,1
0.000382179,0.999560297,5.76E-05,2,2,1
0.001556164,0.998368323,7.55E-05,2,2,1
0.032351602,0.967149258,0.000499108,2,2,1
0.114794329,0.884024382,0.001181394,2,2,1
0.423074126,0.576470375,0.00045545,2,1,0
0.966741443,0.033176292,8.23E-05,1,1,1
0.999931931,6.26E-05,5.46E-06,1,1,1
0.99950099,0.000454276,4.47E-05,1,1,1
0.999708354,5.27E-08,0.000291586,1,1,1
0.969569206,4.61E-06,0.030426228,1,1,1
0.997651041,1.09E-06,0.002347863,1,1,1
0.959543228,5.89E-09,0.040456746,1,1,1
0.271546543,5.90E-06,0.728447556,3,3,1
0.240371153,1.25E-05,0.759616375,3,3,1
0.922580838,5.72E-05,0.077361979,1,1,1
0.979435325,3.11E-05,0.020533618,1,1,1
0.072677292,3.84E-07,0.927322328,3,1,0
0.00031213,2.05E-06,0.999685884,3,3,1
0.000100851,0.995624721,0.004274417,2,2,1
4.87E-10,1,1.05E-08,2,2,1
1.27E-14,1,7.47E-14,2,2,1
1.35E-17,1,2.38E-18,2,2,1
1.26E-14,1,5.79E-15,2,2,1
1.14E-14,1,5.84E-14,2,2,1
1.90E-11,4.82E-08,1,3,3,1
4.31E-14,1.04E-13,1,3,3,1
3.95E-07,2.67E-08,0.999999523,3,3,1
4.99E-11,6.91E-11,1,3,3,1
1.87E-14,1.60E-14,1,3,3,1
6.99E-14,2.47E-16,1,3,3,1
5.95E-23,1.11E-29,1,3,3,1
2.66E-25,1.32E-32,1,3,3,1
3.33E-21,4.71E-29,1,3,3,1
2.39E-17,1.41E-23,1,3,3,1
2.09E-09,1.19E-13,1,3,3,1
3.03E-15,1.07E-20,1,3,3,1
1.20E-21,4.93E-29,1,3,3,1
3.18E-14,7.71E-20,1,3,3,1
2.97E-12,1.64E-16,1,3,3,1
2.56E-10,1.00E-14,1,3,3,1
3.56E-14,1.80E-19,1,3,3,1
2.31E-14,4.42E-20,1,3,3,1
2.41E-10,7.17E-15,1,3,3,1
4.36E-05,0.001268212,0.998688281,3,3,1
4.69E-06,0.988262832,0.011732509,2,2,1
4.96E-08,1.08E-06,0.999998927,3,3,1
2.88E-10,1.53E-12,1,3,3,1
1.71E-06,5.24E-11,0.999998331,3,3,1
0.000151372,4.78E-06,0.999843836,3,3,1
4.00E-07,1.81E-08,0.999999523,3,3,1
3.91E-09,7.23E-07,0.999999285,3,3,1
5.04E-05,0.997990966,0.001958636,2,2,1
4.65E-06,0.999995112,1.96E-07,2,2,1
0.999999762,1.09E-08,2.71E-07,1,1,1
0.999994636,1.26E-06,4.08E-06,1,1,1
0.999999762,9.67E-08,1.46E-07,1,1,1
0.999869823,0.000128734,1.38E-06,1,1,1
0.58351475,0.416414857,7.04E-05,1,2,0
0.917615831,0.082193896,0.000190224,1,1,1
1.28E-05,0.999987006,2.15E-07,2,2,1
0.892151415,0.10776636,8.22E-05,1,1,1
1,2.48E-13,4.93E-15,1,1,1
1,2.45E-25,1.50E-26,1,1,1
1,2.44E-28,9.16E-30,1,1,1
1,1.59E-31,1.23E-32,1,1,1
1,1.42E-31,5.46E-33,1,1,1
1,4.01E-18,5.78E-20,1,1,1
0.999906778,9.28E-05,4.78E-07,1,1,1
7.00E-12,1,9.64E-14,2,2,1
2.45E-12,1,1.84E-14,2,2,1
2.67E-14,1,1.73E-16,2,2,1
9.25E-14,1,3.45E-16,2,2,1
4.34E-14,1,2.73E-16,2,2,1
1.56E-14,1,8.57E-17,2,2,1
2.14E-17,1,1.64E-19,2,2,1
2.60E-21,1,3.34E-23,2,2,1
7.79E-15,1,6.67E-17,2,2,1
4.10E-17,1,4.67E-19,2,2,1
2.28E-17,1,2.28E-19,2,2,1
2.99E-14,1,6.26E-16,2,2,1
2.18E-06,0.999997854,5.25E-08,2,2,1
0.999965668,3.40E-05,2.91E-07,1,1,1
1,1.35E-16,4.22E-18,1,1,1
1,2.49E-29,2.91E-28,1,1,1
1,1.18E-24,2.70E-24,1,1,1
1,2.70E-15,2.08E-16,1,1,1
0.139158055,0.860167325,0.000674614,2,1,0
1.81E-10,1,3.24E-12,2,2,1
9.72E-13,1,1.25E-14,2,2,1
5.84E-18,1,8.35E-20,2,2,1
2.04E-18,1,2.39E-20,2,2,1
2.94E-16,1,2.38E-18,2,2,1
6.99E-19,1,9.04E-21,2,2,1
1.32E-14,1,9.81E-17,2,2,1
3.66E-16,1,1.80E-18,2,2,1
6.78E-16,1,2.75E-18,2,2,1
2.26E-21,1,4.13E-23,2,2,1
2.72E-17,1,6.11E-19,2,2,1
2.27E-18,1,2.24E-19,2,2,1
9.05E-15,1,1.31E-14,2,2,1
0.002527512,0.997433722,3.88E-05,2,2,1
0.999999881,1.78E-07,4.68E-09,1,1,1
1,9.23E-09,8.91E-11,1,1,1
1,2.28E-09,7.00E-11,1,1,1
1,9.83E-13,1.05E-14,1,1,1
1,3.27E-11,4.61E-13,1,1,1
1,3.03E-10,5.94E-12,1,1,1
0.000470999,0.999472797,5.62E-05,2,2,1
1.68E-11,1,2.12E-11,2,2,1
1.84E-15,1,4.72E-16,2,2,1
2.06E-13,1,2.18E-15,2,2,1
1.45E-10,1,8.05E-13,2,2,1
2.39E-09,1,3.25E-12,2,2,1
7.53E-12,1,1.66E-14,2,2,1
2.03E-13,1,9.39E-16,2,2,1
2.09E-11,1,6.64E-14,2,2,1
5.25E-14,1,2.10E-16,2,2,1
2.12E-12,1,5.01E-15,2,2,1
1.64E-14,1,1.05E-15,2,2,1
2.02E-15,1,2.62E-15,2,2,1
7.35E-13,1,1.36E-10,2,2,1
1.70E-09,0.999999881,1.28E-07,2,2,1
0.000415164,0.999484181,0.000100683,2,2,1
6.87E-06,0.999985218,7.89E-06,2,2,1
8.78E-05,0.999876618,3.55E-05,2,2,1
0.270131975,0.712698936,0.017169083,2,1,0
0.009001585,0.990233064,0.000765305,2,2,1
0.044355247,0.953063011,0.002581707,2,2,1
0.042655282,0.956472278,0.000872518,2,2,1
0.043737266,0.954740763,0.001522083,2,2,1
0.999356449,0.000627458,1.61E-05,1,1,1
0.999441683,0.000545242,1.32E-05,1,1,1
0.999937892,5.85E-05,3.61E-06,1,1,1
0.999864101,3.86E-07,0.000135535,1,1,1
0.953644156,3.63E-09,0.046355858,1,1,1
0.939306259,2.49E-08,0.060693726,1,1,1
0.999518633,4.64E-07,0.000480865,1,1,1
0.003638186,1.87E-08,0.996361792,3,3,1
0.035162017,5.86E-07,0.964837372,3,3,1
0.409383714,2.37E-05,0.590592563,3,3,1
0.008891299,1.63E-06,0.991107047,3,3,1
0.035743266,8.44E-06,0.9642483,3,3,1
0.490060031,1.15E-05,0.509928465,3,3,1
0.000104293,5.83E-08,0.999895692,3,3,1
3.15E-05,1.18E-07,0.99996841,3,3,1
4.93E-05,0.000701014,0.999249637,3,3,1
9.48E-07,0.000347882,0.999651194,3,3,1
1.16E-07,0.999999285,6.23E-07,2,2,1
4.62E-09,1,4.97E-08,2,2,1
1.51E-05,0.93364346,0.066341497,2,2,1
3.42E-08,4.73E-08,0.999999881,3,3,1
3.09E-16,1.03E-19,1,3,3,1
4.80E-13,1.73E-16,1,3,3,1
3.84E-09,2.86E-11,1,3,3,1
1.78E-19,4.46E-23,1,3,3,1
9.77E-21,3.50E-26,1,3,3,1
6.52E-23,4.17E-30,1,3,3,1
3.63E-22,1.40E-30,1,3,3,1
2.38E-21,7.99E-28,1,3,3,1
6.96E-17,1.72E-23,1,3,3,1
1.77E-13,6.43E-19,1,3,3,1
2.31E-13,3.62E-18,1,3,3,1
9.14E-14,2.80E-19,1,3,3,1
6.30E-14,1.07E-19,1,3,3,1
6.85E-16,2.57E-18,1,3,3,1
3.33E-09,1.34E-12,1,3,3,1
5.09E-12,2.36E-15,1,3,3,1
4.06E-28,2.24E-28,1,3,3,1
3.60E-12,4.28E-16,1,3,3,1
0.21171695,0.00022406,0.788058996,3,1,0
0.641113162,0.137879834,0.221007004,1,1,1
1.60E-09,5.18E-11,1,3,3,1
4.57E-11,8.04E-16,1,3,3,1
0.00148458,1.71E-06,0.998513758,3,3,1
1.77E-05,0.000152865,0.999829412,3,3,1
0.003275553,0.431635648,0.565088809,3,2,0
1.91E-06,0.999987841,1.02E-05,2,2,1
1.32E-06,0.999998689,2.02E-08,2,2,1
0.999993682,2.13E-06,4.21E-06,1,1,1
0.999990225,4.26E-06,5.48E-06,1,1,1
0.000416776,0.99958235,8.29E-07,2,2,1
0.99999547,4.46E-06,6.65E-08,1,1,1
1,8.54E-17,8.32E-18,1,1,1
1,7.31E-18,1.47E-19,1,1,1
1,1.52E-26,9.34E-28,1,1,1
1,2.98E-28,2.76E-29,1,1,1
1,1.53E-19,5.85E-21,1,1,1
0.000774307,0.999225378,3.12E-07,2,2,1
3.75E-10,1,6.32E-12,2,2,1
2.61E-15,1,2.30E-17,2,2,1
3.81E-19,1,3.84E-21,2,2,1
7.38E-16,1,5.49E-18,2,2,1
8.40E-17,1,1.26E-18,2,2,1
8.49E-18,1,7.35E-20,2,2,1
1.41E-15,1,1.31E-17,2,2,1
8.12E-17,1,2.22E-18,2,2,1
3.56E-19,1,4.97E-21,2,2,1
1.58E-18,1,2.94E-20,2,2,1
7.02E-16,1,1.19E-17,2,2,1
1.09E-13,1,6.09E-15,2,2,1
8.15E-05,0.999916315,2.09E-06,2,2,1
1,2.68E-09,5.21E-11,1,1,1
1,1.16E-19,1.94E-20,1,1,1
1,1.60E-32,2.42E-32,1,1,1
1,5.95E-22,4.66E-22,1,1,1
1,9.05E-16,1.62E-16,1,1,1
4.86E-05,0.999950171,1.16E-06,2,2,1
1.28E-10,1,1.39E-12,2,2,1
5.48E-14,1,1.02E-15,2,2,1
1.36E-12,1,1.34E-14,2,2,1
2.74E-14,1,3.14E-16,2,2,1
4.54E-17,1,5.49E-19,2,2,1
1.03E-11,1,5.78E-14,2,2,1
3.50E-18,1,8.89E-20,2,2,1
1.76E-20,1,1.41E-22,2,2,1
8.69E-21,1,1.35E-22,2,2,1
3.95E-23,1,1.04E-24,2,2,1
3.25E-20,1,2.28E-21,2,2,1
1.98E-16,1,6.35E-17,2,2,1
1.47E-14,1,1.54E-13,2,2,1
0.000162756,0.99979645,4.07E-05,2,2,1
0.983893514,0.016096849,9.66E-06,1,1,1
1,7.91E-11,2.61E-12,1,1,1
1,3.57E-11,1.09E-12,1,1,1
1,2.97E-12,3.08E-14,1,1,1
1,8.59E-14,1.90E-15,1,1,1
0.999999762,1.98E-07,7.19E-09,1,1,1
0.001126821,0.998856306,1.69E-05,2,2,1
6.73E-16,1,9.51E-17,2,2,1
3.08E-14,1,8.38E-16,2,2,1
5.67E-15,1,4.32E-17,2,2,1
1.46E-15,1,6.84E-18,2,2,1
6.20E-11,1,1.73E-13,2,2,1
1.04E-13,1,6.39E-16,2,2,1
7.36E-12,1,5.62E-14,2,2,1
3.72E-13,1,3.17E-15,2,2,1
2.27E-12,1,6.88E-15,2,2,1
9.35E-11,1,7.20E-13,2,2,1
2.05E-15,1,3.84E-16,2,2,1
4.56E-15,1,1.01E-14,2,2,1
1.44E-10,1,3.09E-09,2,2,1
4.21E-08,0.999999762,2.20E-07,2,2,1
0.420311093,0.578927875,0.000761105,2,1,0
0.05497735,0.944413126,0.000609509,2,1,0
0.25592643,0.743556798,0.000516754,2,2,1
0.068033755,0.930650711,0.001315581,2,2,1
0.024259387,0.975353181,0.000387414,2,2,1
0.276069731,0.722864866,0.001065421,2,2,1
0.999458015,0.000379501,0.000162531,1,1,1
0.814293087,0.185487136,0.000219801,1,2,0
0.999980092,1.93E-05,5.40E-07,1,1,1
0.99999392,5.95E-06,1.51E-07,1,1,1
0.999994397,4.25E-06,1.30E-06,1,1,1
0.999935627,9.45E-08,6.42E-05,1,1,1
0.995651662,2.73E-08,0.004348311,1,1,1
0.998236895,1.08E-12,0.001763132,1,1,1
0.999166489,6.39E-08,0.000833466,1,1,1
0.016247312,7.36E-08,0.983752608,3,3,1
3.39E-06,6.69E-12,0.999996662,3,3,1
0.001365812,1.18E-06,0.998632967,3,3,1
3.36E-06,8.34E-11,0.999996662,3,3,1
0.000322177,8.95E-08,0.999677777,3,3,1
1.42E-07,3.06E-12,0.999999881,3,3,1
2.68E-09,1.55E-14,1,3,3,1
5.24E-05,2.65E-10,0.999947667,3,3,1
1.80E-06,1.96E-09,0.999998212,3,3,1
2.19E-09,1.36E-12,1,3,3,1
1.64E-09,9.94E-12,1,3,3,1
1.49E-05,5.44E-09,0.999985099,3,3,1
5.47E-05,1.85E-06,0.999943495,3,3,1
7.93E-06,1.46E-08,0.999992013,3,3,1
5.50E-13,3.39E-16,1,3,3,1
5.64E-11,7.87E-16,1,3,3,1
1.40E-10,1.04E-14,1,3,3,1
1.80E-16,3.62E-20,1,3,3,1
2.42E-18,2.14E-25,1,3,3,1
5.78E-18,2.23E-25,1,3,3,1
6.05E-22,1.35E-30,1,3,3,1
2.97E-19,9.05E-26,1,3,3,1
2.17E-15,4.43E-21,1,3,3,1
6.63E-17,1.67E-23,1,3,3,1
3.18E-19,4.25E-25,1,3,3,1
8.36E-19,7.29E-25,1,3,3,1
2.32E-13,1.12E-17,1,3,3,1
2.08E-24,6.47E-25,1,3,3,1
9.38E-19,4.33E-21,1,3,3,1
1.11E-23,5.74E-23,1,3,3,1
4.19E-11,6.81E-13,1,3,3,1
2.67E-25,3.43E-26,1,3,3,1
1.58E-14,9.04E-14,1,3,3,1
1.73E-18,2.92E-18,1,3,3,1
7.50E-05,4.78E-09,0.999925017,3,3,1
0.954538345,0.02174731,0.023714337,1,1,1
1.39E-05,0.999761522,0.000224713,2,2,1
2.11E-08,0.999976397,2.36E-05,2,2,1
5.54E-09,1,1.02E-08,2,2,1
2.28E-09,1,3.72E-10,2,2,1
1,5.24E-11,3.06E-09,1,1,1
0.999987602,5.50E-07,1.18E-05,1,1,1
1,5.43E-08,5.58E-09,1,1,1
1,1.80E-15,1.94E-16,1,1,1
1,1.27E-23,1.04E-24,1,1,1
1,1.69E-29,3.00E-30,1,1,1
1,1.11E-14,4.06E-16,1,1,1
1.01E-12,1,2.73E-14,2,2,1
4.47E-16,1,1.46E-17,2,2,1
4.28E-19,1,1.14E-20,2,2,1
2.34E-23,1,7.03E-25,2,2,1
6.69E-20,1,1.12E-21,2,2,1
7.75E-15,1,5.09E-17,2,2,1
1.56E-12,1,9.36E-15,2,2,1
4.12E-20,1,7.84E-22,2,2,1
1.75E-16,1,2.48E-18,2,2,1
1.67E-19,1,3.03E-21,2,2,1
2.68E-18,1,7.27E-20,2,2,1
6.61E-17,1,5.47E-18,2,2,1
2.86E-12,1,2.83E-13,2,2,1
0.977816761,0.022116043,6.72E-05,1,1,1
0.999998212,1.78E-06,4.12E-08,1,1,1
1,6.77E-23,2.07E-23,1,1,1
1,2.87E-23,4.12E-24,1,1,1
1,1.92E-29,1.91E-28,1,1,1
1,9.60E-23,2.24E-22,1,1,1
9.35E-08,0.999999881,1.68E-08,2,2,1
6.21E-12,1,1.35E-13,2,2,1
8.00E-14,1,1.35E-15,2,2,1
3.59E-14,1,5.45E-16,2,2,1
8.18E-15,1,9.45E-17,2,2,1
4.98E-16,1,3.02E-18,2,2,1
5.47E-16,1,5.29E-18,2,2,1
7.57E-15,1,1.14E-16,2,2,1
2.50E-17,1,3.50E-19,2,2,1
3.28E-19,1,3.13E-21,2,2,1
2.57E-18,1,4.48E-20,2,2,1
2.30E-19,1,8.30E-21,2,2,1
4.98E-14,1,2.54E-14,2,2,1
8.36E-09,1,1.02E-08,2,2,1
0.011298912,0.988484919,0.00021624,2,2,1
0.99908638,0.000906762,6.95E-06,1,1,1
1,1.34E-10,1.85E-12,1,1,1
1,3.80E-10,7.33E-12,1,1,1
1,4.52E-14,7.10E-16,1,1,1
1,2.10E-10,2.75E-12,1,1,1
0.88997215,0.109688245,0.000339627,1,1,1
7.44E-08,0.999999762,6.39E-08,2,2,1
2.64E-11,1,1.93E-12,2,2,1
4.34E-14,1,2.13E-15,2,2,1
2.17E-12,1,2.19E-14,2,2,1
5.29E-12,1,2.70E-14,2,2,1
2.33E-12,1,6.17E-15,2,2,1
1.75E-11,1,4.50E-14,2,2,1
8.27E-19,1,6.97E-21,2,2,1
2.80E-14,1,9.78E-16,2,2,1
6.92E-12,1,9.88E-14,2,2,1
4.20E-12,1,1.02E-13,2,2,1
1.53E-14,1,1.07E-15,2,2,1
5.14E-14,1,1.66E-13,2,2,1
2.20E-09,1,4.76E-08,2,2,1
1.47E-06,0.999994755,3.83E-06,2,2,1
0.933058381,0.066646241,0.000295449,1,1,1
0.244705617,0.75409919,0.00119518,2,1,0
0.853224337,0.146517426,0.000258203,1,1,1
0.392606437,0.605783463,0.001610017,2,1,0
0.984780431,0.015187029,3.25E-05,1,1,1
0.27673015,0.722321451,0.00094835,2,2,1
0.998795509,0.001188762,1.57E-05,1,1,1
0.999983072,1.50E-05,1.96E-06,1,1,1
0.999999881,1.29E-07,3.90E-08,1,1,1
0.999999762,1.83E-07,5.20E-08,1,1,1
0.999996305,3.48E-06,2.32E-07,1,1,1
0.999989986,8.21E-06,1.74E-06,1,1,1
0.999999285,5.49E-10,6.87E-07,1,1,1
0.999998569,2.57E-08,1.46E-06,1,1,1
0.999934316,4.30E-07,6.53E-05,1,1,1
0.999490857,3.11E-06,0.000506055,1,1,1
0.132686093,9.97E-07,0.867312908,3,3,1
1.35E-05,8.36E-09,0.999986529,3,3,1
0.007425028,1.19E-06,0.992573738,3,3,1
0.000393401,1.12E-07,0.99960655,3,3,1
9.36E-07,1.18E-09,0.999999046,3,3,1
2.53E-10,3.44E-14,1,3,3,1
7.89E-09,4.02E-15,1,3,3,1
8.74E-08,4.29E-13,0.999999881,3,3,1
1.34E-10,3.46E-16,1,3,3,1
2.66E-06,3.81E-09,0.999997377,3,3,1
7.75E-07,2.66E-11,0.999999166,3,3,1
1.96E-08,1.07E-13,1,3,3,1
2.62E-09,7.76E-15,1,3,3,1
4.64E-13,2.81E-18,1,3,3,1
4.38E-07,2.65E-12,0.999999523,3,3,1
1.17E-10,1.24E-16,1,3,3,1
4.47E-18,1.10E-23,1,3,3,1
3.22E-17,8.00E-23,1,3,3,1
4.70E-16,3.02E-22,1,3,3,1
1.05E-14,1.17E-20,1,3,3,1
1.80E-18,1.11E-24,1,3,3,1
2.97E-21,5.84E-28,1,3,3,1
7.12E-21,5.84E-27,1,3,3,1
7.05E-21,5.61E-28,1,3,3,1
1.30E-17,3.06E-23,1,3,3,1
1.19E-22,2.56E-24,1,3,3,1
8.14E-11,1.86E-12,1,3,3,1
2.19E-19,2.74E-19,1,3,3,1
0.006043623,0.000186344,0.993770063,3,3,1
3.81E-18,6.92E-21,1,3,3,1
2.72E-10,3.27E-09,1,3,3,1
1.55E-13,1.31E-12,1,3,3,1
9.00E-06,1.23E-05,0.999978662,3,3,1
0.002747068,1.79E-07,0.997252762,3,3,1
0.000521945,0.997821927,0.001656089,2,2,1
7.41E-08,0.999999881,2.47E-10,2,2,1
1.44E-07,0.999999881,5.03E-10,2,2,1
1.89E-14,1,8.91E-17,2,2,1
0.999977469,2.22E-05,3.75E-07,1,1,1
1,1.71E-17,2.37E-17,1,1,1
1,4.81E-30,1.61E-30,1,1,1
1,4.63E-25,9.61E-26,1,1,1
1,4.33E-09,9.44E-11,1,1,1
2.02E-10,1,4.42E-12,2,2,1
4.62E-15,1,5.39E-17,2,2,1
3.39E-17,1,2.08E-18,2,2,1
1.91E-20,1,1.64E-21,2,2,1
6.53E-17,1,6.19E-19,2,2,1
1.61E-19,1,2.09E-21,2,2,1
3.88E-19,1,4.43E-21,2,2,1
2.18E-17,1,1.51E-19,2,2,1
1.64E-19,1,2.72E-21,2,2,1
2.21E-23,1,1.74E-24,2,2,1
7.88E-16,1,3.63E-17,2,2,1
3.43E-12,1,9.93E-14,2,2,1
0.999787152,0.000212169,6.99E-07,1,1,1
1,2.07E-10,9.83E-12,1,1,1
1,4.85E-17,1.68E-18,1,1,1
1,2.17E-25,1.18E-25,1,1,1
1,1.89E-29,3.75E-29,1,1,1
1,3.87E-33,3.66E-32,1,1,1
1,5.96E-23,3.92E-23,1,1,1
2.66E-05,0.999971032,2.33E-06,2,2,1
1.42E-10,1,1.92E-12,2,2,1
1.27E-10,1,1.65E-12,2,2,1
5.71E-12,1,3.02E-14,2,2,1
2.00E-12,1,1.88E-14,2,2,1
2.14E-19,1,1.86E-21,2,2,1
4.29E-21,1,2.09E-23,2,2,1
9.48E-17,1,7.06E-19,2,2,1
1.92E-16,1,2.28E-18,2,2,1
5.87E-17,1,7.95E-19,2,2,1
6.45E-17,1,1.20E-18,2,2,1
4.51E-12,1,3.24E-13,2,2,1
1.54E-11,1,5.70E-11,2,2,1
0.054924045,0.944926858,0.000149172,2,2,1
0.999998569,1.39E-06,1.17E-08,1,1,1
1,1.13E-08,1.54E-10,1,1,1
1,7.26E-09,1.09E-10,1,1,1
1,7.69E-11,1.34E-12,1,1,1
1,2.86E-13,2.09E-15,1,1,1
1,1.19E-10,2.55E-12,1,1,1
0.997035623,0.002946259,1.82E-05,1,1,1
1.42E-08,1,1.19E-08,2,2,1
1.24E-14,1,1.70E-15,2,2,1
1.47E-15,1,7.47E-17,2,2,1
2.90E-12,1,2.46E-14,2,2,1
6.95E-11,1,3.96E-13,2,2,1
1.39E-15,1,2.97E-18,2,2,1
1.67E-12,1,7.63E-15,2,2,1
8.24E-14,1,9.53E-16,2,2,1
4.05E-14,1,1.01E-15,2,2,1
1.30E-14,1,5.41E-16,2,2,1
1.14E-16,1,2.97E-17,2,2,1
5.52E-12,1,9.11E-12,2,2,1
8.23E-11,1,1.28E-09,2,2,1
3.87E-09,0.999999762,1.91E-07,2,2,1
0.012017041,0.98743248,0.000550538,2,2,1
0.939989567,0.05965665,0.00035373,1,2,0
0.948580205,0.051328246,9.15E-05,1,1,1
0.999792516,0.00020578,1.66E-06,1,1,1
0.973914623,0.025953699,0.000131673,1,1,1
0.999997854,2.11E-06,2.60E-08,1,1,1
0.999943852,5.57E-05,3.47E-07,1,1,1
0.99295491,0.007027935,1.71E-05,1,1,1
0.999986649,1.32E-05,7.80E-08,1,1,1
0.999996424,3.58E-06,2.15E-08,1,1,1
1,1.62E-08,1.57E-09,1,1,1
0.999998808,1.15E-06,4.10E-08,1,1,1
1,6.98E-09,1.70E-09,1,1,1
1,7.17E-12,8.11E-10,1,1,1
1,4.33E-09,1.48E-08,1,1,1
1,3.48E-09,1.53E-09,1,1,1
0.998720825,1.01E-06,0.001278131,1,1,1
0.999813735,7.04E-07,0.000185601,1,1,1
0.999805033,2.45E-05,0.000170528,1,1,1
0.987870872,8.42E-05,0.012044954,1,1,1
0.980600178,1.54E-05,0.019384412,1,1,1
0.503578603,6.63E-05,0.496355116,1,1,1
0.993531644,9.30E-05,0.006375233,1,1,1
3.25E-10,4.52E-14,1,3,3,1
6.90E-08,3.11E-14,0.999999881,3,3,1
7.88E-10,1.78E-14,1,3,3,1
0.024686545,7.88E-07,0.97531271,3,3,1
1.34E-05,1.10E-09,0.999986649,3,3,1
1.16E-11,4.28E-17,1,3,3,1
4.60E-15,3.00E-22,1,3,3,1
7.61E-13,1.54E-18,1,3,3,1
1.29E-13,3.77E-20,1,3,3,1
8.40E-13,1.07E-17,1,3,3,1
2.06E-16,1.38E-22,1,3,3,1
4.84E-17,5.33E-23,1,3,3,1
4.28E-12,3.89E-18,1,3,3,1
2.37E-12,2.41E-18,1,3,3,1
4.71E-20,4.83E-26,1,3,3,1
1.18E-21,2.36E-28,1,3,3,1
6.37E-17,1.31E-22,1,3,3,1
2.16E-15,1.69E-20,1,3,3,1
8.39E-21,2.96E-27,1,3,3,1
8.00E-25,4.09E-23,1,3,3,1
1.03E-08,4.32E-09,1,3,3,1
4.82E-11,1.31E-12,1,3,3,1
5.91E-25,5.45E-26,1,3,3,1
2.80E-13,1.96E-12,1,3,3,1
1.99E-10,3.38E-09,1,3,3,1
1.24E-06,2.98E-06,0.999995828,3,3,1
2.66E-13,4.17E-14,1,3,3,1
0.001328241,1.42E-05,0.998657584,3,3,1
3.62E-08,1,3.21E-08,2,2,1
1.70E-09,1,8.99E-12,2,2,1
3.29E-12,1,8.21E-15,2,2,1
0.999994397,5.53E-06,1.25E-07,1,1,1
1,1.97E-15,6.54E-17,1,1,1
1,2.87E-28,1.50E-29,1,1,1
1,1.64E-21,6.41E-23,1,1,1
0.999999762,2.23E-07,2.37E-09,1,1,1
3.25E-09,1,2.54E-11,2,2,1
8.20E-15,1,1.20E-16,2,2,1
1.63E-15,1,3.97E-17,2,2,1
6.99E-16,1,1.47E-17,2,2,1
6.39E-16,1,6.73E-18,2,2,1
1.58E-10,1,1.09E-12,2,2,1
9.44E-16,1,7.47E-18,2,2,1
8.14E-15,1,4.48E-17,2,2,1
4.64E-12,1,8.32E-14,2,2,1
2.56E-14,1,1.95E-15,2,2,1
1.18E-10,1,2.70E-12,2,2,1
0.999752223,0.000247729,2.43E-08,1,1,1
1,2.14E-09,3.85E-11,1,1,1
1,2.70E-10,7.45E-12,1,1,1
1,4.88E-20,6.32E-21,1,1,1
1,4.04E-27,1.07E-27,1,1,1
1,2.41E-24,3.89E-25,1,1,1
1,1.10E-33,3.80E-32,1,1,1
1,1.08E-25,4.02E-25,1,1,1
0.999999166,8.82E-07,4.58E-08,1,1,1
2.79E-10,1,9.50E-11,2,2,1
7.12E-13,1,1.55E-14,2,2,1
2.16E-12,1,1.89E-14,2,2,1
9.15E-17,1,1.06E-18,2,2,1
4.48E-16,1,1.32E-17,2,2,1
3.65E-12,1,1.09E-13,2,2,1
2.03E-16,1,4.03E-18,2,2,1
2.14E-14,1,3.21E-16,2,2,1
4.08E-15,1,2.68E-16,2,2,1
5.18E-13,1,2.49E-13,2,2,1
1.13E-08,1,1.67E-08,2,2,1
0.044883128,0.954898894,0.000217965,2,2,1
0.999981403,1.84E-05,1.95E-07,1,1,1
1,1.86E-13,1.94E-15,1,1,1
1,3.64E-09,3.92E-11,1,1,1
1,3.76E-11,1.66E-12,1,1,1
1,4.54E-12,8.32E-14,1,1,1
1,3.10E-14,3.11E-16,1,1,1
1,2.80E-13,2.43E-15,1,1,1
0.999923825,7.51E-05,1.09E-06,1,1,1
2.30E-07,0.999999642,6.18E-08,2,2,1
2.00E-15,1,6.00E-16,2,2,1
6.25E-12,1,7.89E-14,2,2,1
6.68E-12,1,4.77E-14,2,2,1
1.24E-11,1,1.09E-13,2,2,1
8.24E-15,1,1.28E-16,2,2,1
8.74E-16,1,9.06E-18,2,2,1
2.15E-16,1,1.87E-17,2,2,1
2.94E-11,1,9.20E-13,2,2,1
1.16E-15,1,1.55E-16,2,2,1
4.16E-12,1,2.52E-12,2,2,1
6.18E-11,1,1.15E-09,2,2,1
4.13E-07,0.999999046,5.43E-07,2,2,1
0.000311659,0.999547184,0.000141063,2,2,1
0.972916186,0.026575919,0.000507853,1,1,1
0.998859763,0.001122573,1.77E-05,1,1,1
0.999999523,5.15E-07,5.34E-09,1,1,1
1,2.02E-09,4.37E-11,1,1,1
0.999999523,4.51E-07,9.24E-09,1,1,1
1,3.76E-08,5.73E-10,1,1,1
1,1.48E-08,2.36E-10,1,1,1
0.999999762,2.06E-07,3.07E-09,1,1,1
1,4.11E-08,9.74E-10,1,1,1
0.999999642,4.11E-07,2.79E-09,1,1,1
0.999999881,1.01E-07,1.96E-09,1,1,1
1,1.57E-09,8.37E-11,1,1,1
0.999999762,1.96E-07,8.95E-09,1,1,1
0.999996901,2.98E-06,1.35E-07,1,1,1
0.999999881,9.52E-08,2.08E-08,1,1,1
0.999999881,6.56E-08,1.05E-08,1,1,1
0.999990463,3.05E-11,9.50E-06,1,1,1
0.999983311,5.28E-06,1.15E-05,1,1,1
0.999995232,1.07E-06,3.71E-06,1,1,1
0.99988091,3.14E-05,8.77E-05,1,1,1
0.999874711,5.79E-05,6.74E-05,1,1,1
0.897500157,7.46E-05,0.1024253,1,1,1
0.969542444,8.35E-05,0.03037397,1,1,1
4.22E-05,5.73E-08,0.9999578,3,3,1
1.06E-11,2.23E-15,1,3,3,1
2.80E-10,8.23E-15,1,3,3,1
0.000179209,5.00E-08,0.999820769,3,3,1
1.43E-07,6.74E-12,0.999999881,3,3,1
3.55E-09,4.29E-15,1,3,3,1
4.64E-14,1.71E-20,1,3,3,1
5.09E-19,2.89E-24,1,3,3,1
8.82E-13,1.51E-18,1,3,3,1
1.08E-16,1.69E-23,1,3,3,1
5.64E-15,2.66E-21,1,3,3,1
2.12E-11,7.66E-16,1,3,3,1
1.93E-14,1.23E-18,1,3,3,1
3.81E-15,4.96E-20,1,3,3,1
7.45E-17,6.66E-22,1,3,3,1
3.40E-20,1.08E-26,1,3,3,1
5.01E-18,3.48E-24,1,3,3,1
2.74E-17,6.50E-22,1,3,3,1
1.02E-21,1.14E-23,1,3,3,1
1.60E-21,4.00E-18,1,3,3,1
1.57E-14,2.01E-14,1,3,3,1
1.12E-22,8.84E-22,1,3,3,1
2.03E-17,8.59E-16,1,3,3,1
5.51E-16,7.76E-16,1,3,3,1
8.03E-10,6.89E-10,1,3,3,1
0.000203796,0.000144516,0.99965167,3,3,1
4.44E-05,7.03E-06,0.999948621,3,3,1
0.006623512,0.986879826,0.006496611,2,2,1
1.02E-08,1,1.78E-10,2,2,1
6.79E-11,1,4.01E-13,2,2,1
0.999155045,0.000843033,1.89E-06,1,1,1
1,1.90E-16,7.26E-18,1,1,1
1,3.64E-21,1.03E-22,1,1,1
1,1.63E-11,2.68E-13,1,1,1
1,2.58E-08,8.97E-11,1,1,1
2.51E-07,0.999999762,1.67E-09,2,2,1
4.88E-14,1,1.23E-15,2,2,1
1.32E-16,1,2.68E-18,2,2,1
1.09E-14,1,3.16E-16,2,2,1
1.78E-13,1,2.64E-15,2,2,1
4.10E-11,1,9.11E-13,2,2,1
4.15E-16,1,1.96E-17,2,2,1
2.89E-17,1,7.42E-19,2,2,1
2.88E-12,1,1.54E-13,2,2,1
0.952106774,0.047892515,7.18E-07,1,1,1
1,1.15E-08,5.17E-11,1,1,1
1,1.05E-10,2.48E-12,1,1,1
1,1.28E-17,6.32E-19,1,1,1
1,1.25E-17,4.41E-19,1,1,1
1,2.43E-25,1.82E-26,1,1,1
1,1.07E-25,2.09E-26,1,1,1
1,6.25E-21,6.09E-22,1,1,1
1,2.01E-30,1.99E-29,1,1,1
1,4.53E-18,9.29E-19,1,1,1
1,3.00E-12,3.68E-13,1,1,1
9.16E-07,0.999999046,2.23E-08,2,2,1
5.28E-14,1,5.49E-15,2,2,1
2.75E-13,1,8.26E-15,2,2,1
7.83E-15,1,9.48E-17,2,2,1
1.85E-18,1,8.86E-20,2,2,1
1.73E-12,1,2.89E-14,2,2,1
3.38E-12,1,7.91E-14,2,2,1
1.77E-13,1,5.50E-14,2,2,1
1.08E-12,1,6.59E-13,2,2,1
1.32E-08,1,2.68E-08,2,2,1
0.182081923,0.817393005,0.000524994,2,2,1
0.997640491,0.002349074,1.04E-05,1,1,1
1,5.22E-09,6.68E-11,1,1,1
1,3.65E-11,2.49E-13,1,1,1
1,1.03E-11,1.67E-13,1,1,1
1,6.50E-10,9.90E-12,1,1,1
1,2.72E-10,2.17E-12,1,1,1
1,1.94E-17,1.63E-19,1,1,1
1,5.04E-11,1.01E-12,1,1,1
1,2.32E-08,3.72E-10,1,1,1
2.19E-05,0.999976158,1.94E-06,2,2,1
1.35E-13,1,1.66E-13,2,2,1
3.08E-12,1,1.01E-13,2,2,1
2.83E-10,1,2.92E-12,2,2,1
1.14E-14,1,6.56E-16,2,2,1
6.47E-16,1,2.14E-17,2,2,1
9.53E-15,1,1.99E-16,2,2,1
3.94E-15,1,2.70E-15,2,2,1
4.66E-15,1,3.12E-14,2,2,1
1.67E-11,1,3.84E-11,2,2,1
1.17E-07,0.999999642,2.20E-07,2,2,1
1.56E-07,0.999998808,1.10E-06,2,2,1
0.002090792,0.997802794,0.000106481,2,2,1
0.854951262,0.14474912,0.000299594,1,1,1
0.991668463,0.008302017,2.96E-05,1,1,1
0.999999881,7.81E-08,1.22E-09,1,1,1
1,1.17E-09,1.02E-10,1,1,1
1,6.44E-09,2.77E-10,1,1,1
0.999999881,1.54E-07,3.51E-09,1,1,1
1,4.17E-14,4.39E-15,1,1,1
1,1.30E-08,1.87E-10,1,1,1
1,1.31E-09,2.75E-11,1,1,1
1,2.62E-08,3.46E-10,1,1,1
0.999999881,7.50E-08,1.30E-09,1,1,1
1,3.93E-10,8.87E-12,1,1,1
1,1.98E-12,1.44E-13,1,1,1
1,1.45E-09,3.49E-11,1,1,1
1,2.56E-09,1.40E-10,1,1,1
1,2.84E-10,4.32E-10,1,1,1
1,7.09E-11,1.13E-10,1,1,1
0.99999845,7.74E-12,1.59E-06,1,1,1
0.999959826,2.27E-07,3.99E-05,1,1,1
0.999523044,4.58E-06,0.000472498,1,1,1
0.990020037,9.93E-05,0.009880713,1,1,1
0.999814808,1.42E-05,0.000171045,1,1,1
0.826215088,5.88E-05,0.173726067,1,1,1
0.996276259,5.48E-05,0.003669075,1,1,1
4.60E-06,8.86E-09,0.999995351,3,3,1
1.38E-11,1.87E-15,1,3,3,1
2.89E-07,2.45E-11,0.999999762,3,3,1
2.08E-08,8.78E-12,1,3,3,1
2.90E-06,2.04E-10,0.999997139,3,3,1
5.57E-11,3.19E-17,1,3,3,1
7.24E-16,2.75E-22,1,3,3,1
2.19E-18,3.29E-23,1,3,3,1
2.43E-11,1.75E-16,1,3,3,1
2.17E-17,2.53E-23,1,3,3,1
2.07E-09,1.71E-14,1,3,3,1
4.69E-07,6.58E-11,0.999999523,3,3,1
1.62E-11,3.54E-16,1,3,3,1
7.81E-19,9.04E-26,1,3,3,1
1.38E-16,3.40E-23,1,3,3,1
1.38E-16,2.93E-22,1,3,3,1
1.55E-11,9.74E-16,1,3,3,1
1.89E-14,4.69E-16,1,3,3,1
4.50E-19,7.32E-19,1,3,3,1
1.55E-22,2.91E-22,1,3,3,1
1.09E-20,1.25E-18,1,3,3,1
3.74E-11,1.63E-09,1,3,3,1
8.13E-17,5.64E-15,1,3,3,1
1.26E-13,1.55E-13,1,3,3,1
1.98E-08,3.51E-09,1,3,3,1
0.005296419,0.001725773,0.992977798,3,3,1
8.80E-05,7.33E-06,0.999904633,3,3,1
0.003974452,0.995877028,0.000148564,2,2,1
4.00E-09,1,4.55E-11,2,2,1
0.985247731,0.014707263,4.50E-05,1,1,1
1,3.80E-18,1.87E-19,1,1,1
1,5.12E-21,2.04E-22,1,1,1
1,1.71E-23,2.33E-25,1,1,1
1,1.36E-19,1.11E-21,1,1,1
0.139548719,0.860448599,2.62E-06,2,2,1
2.00E-13,1,1.15E-14,2,2,1
6.03E-15,1,1.26E-16,2,2,1
5.77E-15,1,1.09E-16,2,2,1
1.70E-16,1,3.52E-18,2,2,1
3.78E-17,1,1.05E-18,2,2,1
6.26E-14,1,1.33E-15,2,2,1
2.15E-16,1,3.10E-17,2,2,1
2.45E-13,1,2.17E-14,2,2,1
1,1.21E-08,3.16E-11,1,1,1
1,1.57E-12,1.79E-14,1,1,1
1,7.03E-25,1.07E-26,1,1,1
1,2.25E-22,4.65E-24,1,1,1
1,1.42E-29,2.45E-30,1,1,1
1,1.31E-29,8.15E-31,1,1,1
1,2.08E-31,6.66E-32,1,1,1
1,1.66E-28,1.02E-28,1,1,1
1,3.81E-20,4.72E-21,1,1,1
1,3.12E-23,9.74E-24,1,1,1
1,1.75E-16,2.55E-17,1,1,1
1,5.92E-11,1.56E-12,1,1,1
0.016472217,0.983518898,8.89E-06,2,2,1
0.000224061,0.999771297,4.68E-06,2,2,1
2.25E-11,1,2.40E-12,2,2,1
1.37E-13,1,1.47E-14,2,2,1
7.33E-12,1,3.63E-13,2,2,1
4.62E-12,1,3.55E-13,2,2,1
2.94E-07,0.999999762,5.80E-08,2,2,1
1.13E-05,0.999987721,1.10E-06,2,2,1
0.920293629,0.079538487,0.000167834,1,1,1
0.999996901,3.08E-06,1.47E-08,1,1,1
1,5.45E-10,4.79E-12,1,1,1
1,3.56E-11,1.74E-13,1,1,1
1,2.34E-11,2.34E-13,1,1,1
1,1.73E-12,1.53E-14,1,1,1
1,3.48E-09,2.69E-11,1,1,1
1,2.71E-11,2.77E-13,1,1,1
1,1.33E-17,3.36E-19,1,1,1
1,4.35E-14,9.84E-16,1,1,1
1,1.70E-09,1.96E-11,1,1,1
0.999973297,2.60E-05,7.03E-07,1,1,1
7.53E-08,0.999999881,5.53E-08,2,2,1
2.39E-11,1,3.71E-12,2,2,1
1.70E-13,1,1.40E-14,2,2,1
1.41E-12,1,1.36E-13,2,2,1
6.54E-14,1,1.63E-14,2,2,1
2.19E-13,1,1.06E-13,2,2,1
8.10E-10,1,5.22E-09,2,2,1
1.79E-06,0.999996305,1.87E-06,2,2,1
5.49E-08,0.999999642,3.39E-07,2,2,1
1.89E-06,0.999994755,3.30E-06,2,2,1
0.007738694,0.992116988,0.000144332,2,2,1
0.867148638,0.132277101,0.000574221,1,1,1
0.987760425,0.012171463,6.80E-05,1,1,1
0.999200284,0.000793335,6.40E-06,1,1,1
0.999993205,6.59E-06,2.15E-07,1,1,1
1,1.40E-10,7.67E-12,1,1,1
1,2.05E-11,5.91E-13,1,1,1
1,4.68E-10,1.98E-11,1,1,1
1,4.50E-12,1.89E-13,1,1,1
1,1.14E-12,8.87E-14,1,1,1
0.999999762,2.02E-07,4.96E-09,1,1,1
1,1.09E-10,3.04E-12,1,1,1
1,4.38E-10,2.06E-11,1,1,1
1,3.60E-08,1.12E-09,1,1,1
1,4.60E-13,2.00E-13,1,1,1
0.999999881,6.18E-08,2.66E-09,1,1,1
0.999999881,7.29E-08,2.63E-09,1,1,1
1,8.34E-09,1.65E-09,1,1,1
1,8.60E-11,5.26E-11,1,1,1
1,3.71E-12,1.05E-09,1,1,1
0.99999845,3.92E-07,1.18E-06,1,1,1
0.99999094,1.54E-06,7.53E-06,1,1,1
0.999515891,1.49E-05,0.000469244,1,1,1
0.996943533,7.13E-06,0.003049371,1,1,1
0.997956872,1.82E-05,0.002024892,1,1,1
0.241952851,1.42E-05,0.758032918,3,1,0
2.09E-05,1.75E-09,0.999979138,3,3,1
0.00110658,3.32E-08,0.99889344,3,3,1
8.51E-05,3.92E-09,0.999914885,3,3,1
1.78E-06,4.37E-12,0.999998212,3,3,1
1.62E-09,6.07E-13,1,3,3,1
1.02E-10,1.82E-16,1,3,3,1
9.92E-12,1.34E-17,1,3,3,1
6.37E-08,1.19E-11,0.999999881,3,3,1
2.92E-08,9.95E-13,1,3,3,1
6.91E-09,9.38E-14,1,3,3,1
1.21E-13,2.13E-19,1,3,3,1
2.25E-11,1.56E-16,1,3,3,1
2.88E-13,5.36E-18,1,3,3,1
4.85E-18,1.47E-24,1,3,3,1
2.59E-15,2.71E-20,1,3,3,1
1.63E-07,4.18E-11,0.999999881,3,3,1
2.48E-10,7.65E-16,1,3,3,1
1.72E-23,1.34E-22,1,3,3,1
4.03E-19,4.90E-18,1,3,3,1
3.39E-12,6.23E-11,1,3,3,1
1.07E-15,8.25E-14,1,3,3,1
3.67E-13,1.16E-11,1,3,3,1
7.38E-16,1.53E-16,1,3,3,1
1.92E-11,2.19E-10,1,3,3,1
6.29E-11,4.77E-11,1,3,3,1
9.41E-12,1.99E-11,1,3,3,1
0.086178057,0.003454228,0.910367727,3,3,1
1.51E-05,0.999984622,1.82E-07,2,2,1
3.80E-10,1,1.07E-12,2,2,1
0.947190285,0.052770603,3.91E-05,1,1,1
1,2.89E-15,2.97E-17,1,1,1
1,3.63E-34,2.63E-36,1,1,1
1,9.53E-31,5.85E-33,1,1,1
1,4.57E-28,1.69E-30,1,1,1
1,1.01E-12,7.85E-15,1,1,1
0.000527499,0.999472558,2.25E-08,2,2,1
2.24E-06,0.999997735,3.22E-09,2,2,1
3.34E-10,1,1.29E-11,2,2,1
2.78E-11,1,4.08E-13,2,2,1
7.59E-17,1,7.40E-18,2,2,1
1.48E-13,1,1.55E-14,2,2,1
0.005876475,0.994123399,6.01E-08,2,2,1
0.999987602,1.24E-05,6.51E-09,1,1,1
1,8.61E-11,5.40E-13,1,1,1
1,4.19E-18,3.58E-20,1,1,1
1,4.63E-26,6.22E-28,1,1,1
1,4.94E-15,1.47E-16,1,1,1
1,8.09E-27,4.55E-28,1,1,1
1,1.16E-24,5.50E-26,1,1,1
1,2.77E-36,3.22E-36,1,1,1
1,7.00E-30,7.61E-30,1,1,1
1,4.24E-24,1.09E-24,1,1,1
1,6.75E-25,9.30E-26,1,1,1
1,7.42E-25,2.54E-24,1,1,1
1,2.62E-18,1.30E-18,1,1,1
1,8.95E-10,1.28E-11,1,1,1
0.996934891,0.003055018,1.01E-05,1,1,1
0.005762384,0.994203746,3.39E-05,2,2,1
2.81E-07,0.999999762,3.64E-08,2,2,1
2.65E-05,0.999971032,2.54E-06,2,2,1
0.000114674,0.999881506,3.79E-06,2,2,1
0.493483454,0.506165743,0.000350833,2,1,0
0.961813867,0.038136765,4.93E-05,1,1,1
0.998066366,0.001928765,4.86E-06,1,1,1
1,5.36E-11,2.77E-13,1,1,1
1,1.12E-09,5.67E-12,1,1,1
1,1.37E-09,1.63E-11,1,1,1
1,1.46E-12,8.14E-15,1,1,1
1,3.43E-12,3.69E-14,1,1,1
1,5.85E-09,1.21E-10,1,1,1
1,4.71E-15,5.77E-17,1,1,1
1,9.64E-18,1.73E-19,1,1,1
1,4.25E-17,1.69E-18,1,1,1
1,1.13E-13,2.67E-15,1,1,1
1,3.48E-12,1.47E-13,1,1,1
0.90349102,0.09646,4.90E-05,1,2,0
1.09E-05,0.999988317,7.33E-07,2,2,1
3.63E-08,1,1.63E-08,2,2,1
5.78E-08,1,2.28E-08,2,2,1
2.54E-10,1,5.27E-10,2,2,1
5.99E-07,0.999998927,4.52E-07,2,2,1
0.004757852,0.9948349,0.00040724,2,1,0
0.0034001,0.99587822,0.000721731,2,2,1
0.004911204,0.994794428,0.000294308,2,1,0
0.047240745,0.9521299,0.00062941,2,1,0
0.034310736,0.965269744,0.000419553,2,2,1
0.986286819,0.013501322,0.000211856,1,1,1
0.999997854,2.15E-06,3.66E-08,1,1,1
0.999996066,3.90E-06,4.33E-08,1,1,1
1,1.25E-09,6.33E-11,1,1,1
1,1.97E-14,2.29E-15,1,1,1
1,4.04E-10,2.30E-11,1,1,1
1,2.11E-14,2.47E-15,1,1,1
1,1.34E-20,4.52E-21,1,1,1
1,1.26E-14,1.14E-15,1,1,1
1,4.04E-13,1.85E-14,1,1,1
1,8.25E-10,2.80E-11,1,1,1
1,8.22E-13,6.03E-14,1,1,1
1,6.46E-12,7.02E-13,1,1,1
1,8.73E-14,2.81E-14,1,1,1
1,1.47E-09,1.57E-10,1,1,1
1,7.28E-10,9.89E-11,1,1,1
1,3.68E-10,4.67E-11,1,1,1
1,5.56E-09,6.32E-10,1,1,1
1,3.35E-11,2.18E-10,1,1,1
1,7.54E-12,4.44E-10,1,1,1
0.999999881,3.54E-10,1.13E-07,1,1,1
0.999999523,3.04E-08,4.83E-07,1,1,1
0.999886632,1.08E-07,0.000113288,1,1,1
0.999804676,9.27E-08,0.00019525,1,1,1
0.994235575,4.49E-06,0.005759975,1,1,1
0.999938369,3.93E-06,5.77E-05,1,1,1
0.991311789,7.83E-06,0.008680447,1,1,1
0.998607814,9.90E-07,0.001391314,1,1,1
0.001175616,8.02E-08,0.998824298,3,3,1
0.938851595,9.49E-09,0.061148457,1,1,1
1.59E-05,3.77E-11,0.999984026,3,3,1
1.35E-12,2.70E-17,1,3,3,1
2.35E-06,2.21E-10,0.999997616,3,3,1
1.40E-05,2.26E-09,0.999986053,3,3,1
4.64E-09,6.14E-14,1,3,3,1
1.93E-10,1.83E-15,1,3,3,1
1.96E-12,5.63E-17,1,3,3,1
1.73E-14,1.83E-19,1,3,3,1
5.80E-17,5.44E-22,1,3,3,1
3.72E-14,1.82E-18,1,3,3,1
1.26E-09,4.64E-14,1,3,3,1
1.04E-27,1.27E-26,1,3,3,1
1.80E-17,5.17E-17,1,3,3,1
6.07E-18,5.62E-18,1,3,3,1
1.28E-19,1.55E-19,1,3,3,1
1.72E-16,6.82E-15,1,3,3,1
2.92E-17,6.52E-16,1,3,3,1
7.60E-15,9.38E-14,1,3,3,1
8.76E-15,2.70E-13,1,3,3,1
1.94E-12,8.25E-12,1,3,3,1
1.74E-12,5.36E-12,1,3,3,1
0.000812787,9.48E-05,0.99909234,3,3,1
4.62E-06,0.999995351,1.81E-08,2,2,1
1.95E-14,1,2.35E-17,2,2,1
0.999956608,4.26E-05,8.31E-07,1,1,1
1,4.24E-15,8.09E-17,1,1,1
1,4.83E-30,3.54E-32,1,1,1
1,1.19E-34,1.73E-36,1,1,1
1,3.74E-34,2.54E-36,1,1,1
1,1.38E-14,5.71E-17,1,1,1
1,7.53E-17,2.71E-19,1,1,1
1,8.41E-16,5.57E-18,1,1,1
1,5.76E-08,1.64E-11,1,1,1
0.999897242,0.000102623,7.89E-08,1,1,1
0.013637692,0.986361146,1.20E-06,2,2,1
0.012838523,0.987161458,1.10E-08,2,2,1
1,3.73E-15,7.40E-18,1,1,1
1,3.04E-15,1.37E-17,1,1,1
1,3.35E-17,1.68E-19,1,1,1
1,3.89E-30,4.76E-32,1,1,1
1,1.09E-29,1.08E-31,1,1,1
1,1.44E-25,2.76E-27,1,1,1
1,6.58E-27,8.19E-29,1,1,1
1,3.43E-35,4.70E-36,1,1,1
1,0,0,1,1,1
1,2.17E-36,2.06E-36,1,1,1
1,3.37E-27,8.00E-28,1,1,1
1,4.98E-35,1.81E-34,1,1,1
1,4.76E-21,8.49E-22,1,1,1
1,7.01E-24,3.53E-24,1,1,1
1,3.32E-17,3.27E-18,1,1,1
1,3.10E-17,4.41E-18,1,1,1
1,3.61E-10,2.99E-12,1,1,1
0.999999404,6.22E-07,8.12E-09,1,1,1
0.9998312,0.000168243,5.02E-07,1,1,1
0.99999702,3.03E-06,1.80E-08,1,1,1
0.999994159,5.81E-06,3.56E-08,1,1,1
0.999999881,6.16E-08,2.21E-10,1,1,1
1,2.76E-11,1.20E-13,1,1,1
1,3.27E-14,1.31E-16,1,1,1
1,4.86E-11,1.09E-13,1,1,1
1,1.67E-12,9.34E-15,1,1,1
1,3.82E-16,3.42E-18,1,1,1
1,1.85E-09,4.21E-11,1,1,1
1,4.37E-09,7.28E-11,1,1,1
1,2.28E-10,4.49E-12,1,1,1
1,2.07E-12,4.40E-14,1,1,1
1,8.77E-19,3.98E-20,1,1,1
1,4.94E-14,1.08E-15,1,1,1
1,1.65E-15,5.27E-17,1,1,1
1,9.16E-09,1.17E-10,1,1,1
0.999982476,1.71E-05,3.11E-07,1,1,1
0.182534188,0.815876961,0.001588888,2,2,1
0.000537922,0.999351323,0.000110758,2,2,1
0.010378461,0.988521695,0.001099827,2,2,1
0.956273139,0.043138981,0.00058785,1,1,1
0.996132731,0.003799871,6.75E-05,1,1,1
0.694160879,0.304375499,0.001463637,1,1,1
0.992967486,0.0068478,0.000184742,1,1,1
0.994442046,0.005521775,3.62E-05,1,1,1
0.99975127,0.000243715,4.99E-06,1,1,1
0.999997377,2.63E-06,3.53E-08,1,1,1
0.999999881,9.32E-08,1.83E-09,1,1,1
1,1.80E-08,5.61E-10,1,1,1
1,1.59E-10,7.57E-12,1,1,1
1,2.90E-11,7.38E-13,1,1,1
1,1.16E-08,2.88E-10,1,1,1
1,8.20E-09,3.37E-10,1,1,1
1,3.06E-13,1.82E-14,1,1,1
1,1.07E-09,4.40E-11,1,1,1
1,5.67E-15,4.78E-16,1,1,1
1,4.09E-10,3.16E-11,1,1,1
1,5.81E-16,8.85E-17,1,1,1
1,3.58E-11,1.44E-12,1,1,1
1,4.48E-12,2.82E-13,1,1,1
1,3.50E-13,3.30E-14,1,1,1
1,4.59E-13,3.38E-14,1,1,1
1,1.09E-11,1.09E-12,1,1,1
1,3.57E-09,3.24E-10,1,1,1
1,5.29E-10,9.42E-11,1,1,1
1,2.00E-13,1.90E-12,1,1,1
1,1.59E-11,1.06E-10,1,1,1
1,8.51E-12,3.50E-11,1,1,1
0.999999881,7.41E-09,7.75E-08,1,1,1
0.999999881,2.15E-09,1.78E-07,1,1,1
0.999983788,4.49E-08,1.62E-05,1,1,1
0.999999642,1.04E-07,2.44E-07,1,1,1
0.999729216,8.46E-09,0.000270739,1,1,1
0.999475777,1.65E-08,0.000524273,1,1,1
0.992411911,1.47E-09,0.007588009,1,1,1
0.995712042,2.49E-07,0.004287749,1,1,1
0.895543396,1.54E-09,0.104456581,1,1,1
8.18E-06,2.04E-10,0.999991775,3,3,1
1.30E-06,5.68E-11,0.999998689,3,3,1
3.01E-06,5.90E-10,0.99999702,3,3,1
0.005148246,6.56E-07,0.994851053,3,3,1
2.31E-13,6.72E-19,1,3,3,1
5.07E-12,9.00E-17,1,3,3,1
1.16E-14,5.75E-20,1,3,3,1
9.42E-20,4.26E-27,1,3,3,1
8.99E-14,7.21E-15,1,3,3,1
3.00E-09,4.33E-12,1,3,3,1
5.55E-20,1.84E-19,1,3,3,1
6.12E-11,3.51E-10,1,3,3,1
1.69E-13,3.18E-15,1,3,3,1
3.14E-19,1.46E-17,1,3,3,1
2.30E-24,5.01E-24,1,3,3,1
2.79E-17,1.36E-15,1,3,3,1
7.16E-14,9.87E-13,1,3,3,1
9.62E-17,1.09E-14,1,3,3,1
9.61E-15,2.04E-13,1,3,3,1
3.27E-12,2.26E-12,1,3,3,1
0.006969091,4.10E-06,0.993026853,3,3,1
1.89E-05,0.999979496,1.66E-06,2,2,1
3.15E-08,1,5.00E-11,2,2,1
1,5.84E-08,1.51E-09,1,1,1
1,7.02E-17,8.79E-19,1,1,1
1,0,0,1,1,1
1,1.49E-35,1.51E-37,1,1,1
1,3.68E-24,2.39E-26,1,1,1
1,1.17E-23,5.19E-26,1,1,1
1,6.71E-24,1.20E-26,1,1,1
1,1.76E-17,6.34E-20,1,1,1
1,5.18E-30,3.38E-32,1,1,1
1,7.48E-23,1.68E-25,1,1,1
1,6.46E-21,2.61E-23,1,1,1
1,6.47E-18,7.26E-20,1,1,1
1,2.46E-15,4.75E-17,1,1,1
1,2.42E-23,1.17E-25,1,1,1
1,2.86E-16,2.63E-18,1,1,1
1,1.84E-23,1.19E-25,1,1,1
1,2.27E-36,3.99E-38,1,1,1
1,2.69E-34,1.01E-35,1,1,1
1,3.25E-24,5.32E-26,1,1,1
1,1.31E-36,5.78E-38,1,1,1
1,0,0,1,1,1
1,0,0,1,1,1
1,6.15E-36,5.46E-36,1,1,1
1,0,2.71E-38,1,1,1
1,2.42E-29,1.68E-29,1,1,1
1,6.20E-23,1.07E-23,1,1,1
1,9.40E-21,1.44E-21,1,1,1
1,2.03E-32,3.05E-32,1,1,1
1,7.00E-19,6.92E-20,1,1,1
1,4.95E-11,7.07E-13,1,1,1
1,2.86E-11,2.86E-13,1,1,1
1,4.37E-10,2.95E-12,1,1,1
1,1.17E-12,8.77E-15,1,1,1
1,6.79E-10,3.39E-12,1,1,1
1,3.44E-09,2.91E-11,1,1,1
1,5.55E-16,2.90E-18,1,1,1
1,1.11E-14,7.43E-17,1,1,1
1,3.89E-15,2.81E-17,1,1,1
1,4.00E-18,5.45E-20,1,1,1
1,7.52E-11,1.63E-12,1,1,1
1,2.74E-13,5.66E-15,1,1,1
1,2.64E-16,4.35E-18,1,1,1
1,1.63E-14,2.27E-16,1,1,1
1,1.19E-19,3.90E-21,1,1,1
1,5.97E-21,4.83E-22,1,1,1
1,1.27E-16,5.16E-18,1,1,1
1,2.67E-12,4.97E-14,1,1,1
0.999999642,3.61E-07,3.77E-09,1,1,1
0.999897718,0.000100929,1.27E-06,1,1,1
0.999999762,2.42E-07,9.76E-09,1,1,1
0.999999046,9.12E-07,1.95E-08,1,1,1
0.999841571,0.000155715,2.80E-06,1,1,1
0.999987721,1.21E-05,2.83E-07,1,1,1
1,2.88E-08,9.99E-10,1,1,1
0.999999166,8.64E-07,1.82E-08,1,1,1
0.999997139,2.78E-06,8.54E-08,1,1,1
0.999997139,2.78E-06,1.32E-07,1,1,1
0.999999881,1.09E-07,6.30E-09,1,1,1
1,1.95E-14,3.36E-15,1,1,1
1,6.89E-11,2.48E-12,1,1,1
1,7.58E-13,5.14E-14,1,1,1
1,4.84E-13,3.20E-14,1,1,1
1,1.21E-13,1.72E-14,1,1,1
1,1.79E-09,6.87E-11,1,1,1
1,6.34E-17,1.16E-17,1,1,1
1,5.19E-11,1.29E-12,1,1,1
1,7.75E-09,1.81E-10,1,1,1
1,2.39E-10,6.93E-12,1,1,1
1,1.02E-16,9.85E-18,1,1,1
1,7.62E-16,2.09E-16,1,1,1
1,7.70E-15,9.20E-16,1,1,1
1,2.55E-12,7.61E-14,1,1,1
1,1.41E-11,7.42E-13,1,1,1
1,2.42E-15,8.99E-16,1,1,1
1,6.45E-11,1.42E-11,1,1,1
1,7.50E-10,3.36E-11,1,1,1
1,2.58E-12,2.99E-12,1,1,1
1,7.05E-12,3.18E-11,1,1,1
1,1.28E-08,7.02E-10,1,1,1
1,8.58E-09,1.18E-09,1,1,1
1,7.91E-11,4.62E-11,1,1,1
1,1.65E-13,2.09E-11,1,1,1
1,1.08E-12,4.06E-11,1,1,1
1,3.39E-10,1.93E-10,1,1,1
1,1.03E-09,4.04E-08,1,1,1
0.999860644,1.19E-11,0.000139315,1,1,1
0.984715044,1.48E-08,0.015284958,1,1,1
0.999981403,2.81E-08,1.86E-05,1,1,1
0.924945354,1.38E-06,0.075053334,1,3,0
4.12E-05,2.08E-10,0.999958754,3,3,1
0.42328167,1.65E-05,0.57670182,3,1,0
6.83E-05,8.31E-09,0.999931693,3,3,1
8.74E-11,1.07E-15,1,3,3,1
9.59E-13,3.15E-17,1,3,3,1
1.34E-08,1.21E-12,1,3,3,1
2.74E-15,1.83E-18,1,3,3,1
6.25E-15,8.82E-15,1,3,3,1
3.15E-18,2.53E-16,1,3,3,1
5.83E-17,1.14E-15,1,3,3,1
1.26E-18,7.66E-19,1,3,3,1
4.26E-08,2.89E-07,0.999999642,3,3,1
1.07E-18,1.97E-17,1,3,3,1
2.08E-15,1.75E-14,1,3,3,1
1.71E-11,3.04E-10,1,3,3,1
2.74E-13,1.05E-11,1,3,3,1
4.98E-18,8.01E-17,1,3,3,1
1.64E-17,1.27E-16,1,3,3,1
2.41E-05,6.86E-08,0.999975801,3,3,1
0.053163167,0.000234522,0.946602345,3,3,1
2.07E-05,0.999943733,3.55E-05,2,2,1
1.04E-09,1,1.52E-12,2,2,1
1,4.55E-12,7.98E-13,1,1,1
1,3.73E-20,6.68E-22,1,1,1
1,3.31E-32,1.92E-34,1,1,1
1,0,0,1,1,1
1,1.47E-21,9.87E-24,1,1,1
1,1.72E-21,8.28E-24,1,1,1
1,2.41E-23,1.31E-25,1,1,1
1,1.52E-19,6.38E-22,1,1,1
1,4.33E-33,1.49E-35,1,1,1
1,3.00E-34,8.78E-37,1,1,1
1,2.05E-34,6.74E-37,1,1,1
1,7.97E-20,5.45E-22,1,1,1
1,5.33E-29,2.48E-31,1,1,1
1,1.83E-31,6.50E-34,1,1,1
1,4.40E-24,2.37E-26,1,1,1
1,2.82E-35,5.52E-37,1,1,1
1,0,0,1,1,1
1,0,0,1,1,1
1,5.38E-27,4.45E-29,1,1,1
1,1.50E-28,1.89E-30,1,1,1
1,1.18E-36,2.33E-38,1,1,1
1,7.03E-33,8.01E-34,1,1,1
1,6.89E-34,1.34E-34,1,1,1
1,2.46E-32,7.50E-33,1,1,1
1,1.69E-33,1.91E-33,1,1,1
1,1.35E-17,3.53E-19,1,1,1
1,1.74E-28,3.20E-29,1,1,1
1,3.08E-37,3.66E-36,1,1,1
1,4.90E-22,7.41E-23,1,1,1
1,7.68E-15,5.15E-16,1,1,1
1,1.41E-12,2.65E-14,1,1,1
1,5.03E-15,6.99E-17,1,1,1
1,4.58E-15,4.54E-17,1,1,1
1,2.34E-12,1.48E-14,1,1,1
1,1.54E-16,1.25E-18,1,1,1
1,1.37E-18,5.95E-21,1,1,1
1,1.19E-17,9.67E-20,1,1,1
1,5.90E-12,4.00E-14,1,1,1
1,1.93E-13,2.18E-15,1,1,1
1,2.81E-11,5.24E-13,1,1,1
1,7.33E-14,1.65E-15,1,1,1
1,4.19E-11,6.94E-13,1,1,1
1,3.99E-10,4.38E-12,1,1,1
1,6.32E-20,1.23E-21,1,1,1
1,8.44E-15,2.16E-16,1,1,1
1,1.64E-18,5.84E-20,1,1,1
1,3.80E-12,9.17E-14,1,1,1
1,1.62E-09,3.84E-11,1,1,1
0.999998569,1.44E-06,2.66E-08,1,1,1
0.999998927,1.13E-06,2.21E-08,1,1,1
1,1.77E-10,8.94E-12,1,1,1
1,2.85E-16,1.06E-16,1,1,1
1,8.99E-14,1.51E-14,1,1,1
1,8.80E-14,4.60E-15,1,1,1
1,3.17E-10,2.42E-11,1,1,1
1,6.46E-10,3.24E-11,1,1,1
1,1.52E-10,1.36E-11,1,1,1
1,4.06E-13,1.11E-13,1,1,1
1,2.34E-11,2.66E-12,1,1,1
1,5.06E-17,1.01E-17,1,1,1
1,5.18E-14,1.52E-15,1,1,1
1,3.51E-13,1.74E-14,1,1,1
1,1.76E-14,1.04E-15,1,1,1
1,3.44E-18,2.58E-19,1,1,1
1,1.81E-15,1.62E-16,1,1,1
1,3.33E-11,1.23E-12,1,1,1
1,1.77E-09,4.05E-11,1,1,1
1,6.10E-09,1.64E-10,1,1,1
1,7.90E-11,2.62E-12,1,1,1
1,2.88E-12,2.59E-13,1,1,1
1,3.70E-10,7.42E-12,1,1,1
0.999999881,1.08E-07,2.54E-09,1,1,1
1,4.98E-10,2.47E-11,1,1,1
1,1.14E-12,1.00E-13,1,1,1
1,7.05E-11,7.12E-12,1,1,1
1,5.62E-11,7.11E-12,1,1,1
1,8.38E-13,6.02E-13,1,1,1
1,1.35E-08,5.86E-09,1,1,1
1,1.74E-10,7.23E-11,1,1,1
0.999998808,1.21E-06,5.40E-08,1,1,1
1,8.54E-09,3.83E-10,1,1,1
1,1.65E-12,3.66E-13,1,1,1
1,1.89E-09,5.05E-10,1,1,1
1,7.09E-11,2.49E-11,1,1,1
1,1.04E-08,2.15E-09,1,1,1
1,3.71E-11,1.58E-10,1,1,1
0.999999046,2.51E-09,9.04E-07,1,1,1
0.999342263,2.85E-08,0.000657694,1,1,1
0.99955529,2.23E-08,0.00044475,1,1,1
0.719417632,1.61E-08,0.280582368,1,1,1
0.972492993,4.18E-06,0.027502792,1,1,1
0.204606041,3.55E-07,0.795393586,3,3,1
0.011043063,1.11E-07,0.988956869,3,3,1
1.05E-12,7.33E-17,1,3,3,1
6.13E-08,3.15E-11,0.999999881,3,3,1
1.65E-12,5.96E-15,1,3,3,1
1.30E-20,2.07E-20,1,3,3,1
3.10E-18,8.58E-17,1,3,3,1
0.829150319,0.020449605,0.150400072,1,1,1
0.994941235,0.003750894,0.001307918,1,1,1
2.99E-06,1.22E-05,0.99998486,3,3,1
1.69E-13,1.22E-12,1,3,3,1
8.50E-06,8.67E-06,0.999982834,3,3,1
1.40E-09,1.46E-08,1,3,3,1
2.29E-12,3.25E-11,1,3,3,1
7.18E-10,9.73E-10,1,3,3,1
2.27E-21,7.70E-22,1,3,3,1
9.63E-16,4.09E-18,1,3,3,1
0.543553948,0.000395195,0.456050843,1,3,0
0.001130911,0.998815417,5.37E-05,2,2,1
6.44E-06,0.999993563,5.11E-10,2,2,1
3.47E-05,0.99996531,3.50E-08,2,2,1
2.81E-05,0.999971867,8.84E-09,2,2,1
1.25E-06,0.999998689,1.64E-08,2,2,1
1,8.21E-15,6.04E-15,1,1,1
1,3.19E-27,1.04E-27,1,1,1
1,0,0,1,1,1
1,2.26E-38,0,1,1,1
1,0,0,1,1,1
1,4.22E-26,7.73E-28,1,1,1
1,1.24E-21,9.88E-24,1,1,1
1,1.07E-25,2.67E-28,1,1,1
1,2.47E-32,5.74E-35,1,1,1
1,2.19E-35,1.61E-37,1,1,1
1,7.46E-33,1.22E-35,1,1,1
1,0,0,1,1,1
1,1.41E-31,1.08E-33,1,1,1
1,1.55E-32,5.53E-35,1,1,1
1,0,0,1,1,1
1,0,0,1,1,1
1,6.91E-31,3.62E-33,1,1,1
1,4.87E-33,1.63E-35,1,1,1
1,3.88E-36,7.48E-38,1,1,1
1,4.91E-36,2.45E-38,1,1,1
1,1.04E-30,2.06E-32,1,1,1
1,2.68E-27,1.64E-29,1,1,1
1,8.27E-26,1.17E-27,1,1,1
1,3.99E-23,1.17E-24,1,1,1
1,5.08E-25,3.41E-26,1,1,1
1,1.19E-30,3.21E-31,1,1,1
1,2.45E-30,2.45E-30,1,1,1
1,1.45E-27,2.99E-28,1,1,1
1,8.27E-35,2.47E-34,1,1,1
1,2.86E-24,1.45E-25,1,1,1
1,1.54E-11,2.62E-13,1,1,1
1,7.13E-12,1.89E-13,1,1,1
1,4.19E-13,4.91E-15,1,1,1
1,1.26E-15,7.17E-18,1,1,1
1,3.36E-17,2.39E-19,1,1,1
1,2.08E-19,4.24E-21,1,1,1
1,6.83E-14,4.21E-16,1,1,1
1,3.11E-13,4.32E-15,1,1,1
1,2.49E-15,2.83E-17,1,1,1
1,4.66E-16,5.07E-18,1,1,1
1,4.52E-12,7.97E-14,1,1,1
1,1.99E-08,3.30E-10,1,1,1
0.999999285,7.42E-07,1.66E-08,1,1,1
1,2.33E-09,3.15E-11,1,1,1
1,6.31E-18,1.93E-19,1,1,1
1,2.22E-20,8.14E-22,1,1,1
1,5.56E-19,2.27E-20,1,1,1
1,2.27E-15,7.76E-17,1,1,1
0.99999392,6.12E-06,5.12E-08,1,1,1
0.999992967,6.90E-06,1.58E-07,1,1,1
0.999999642,3.14E-07,6.22E-09,1,1,1
1,4.66E-10,2.92E-11,1,1,1
1,6.42E-17,1.56E-17,1,1,1
1,2.07E-16,5.76E-17,1,1,1
1,3.94E-10,1.46E-11,1,1,1
1,1.08E-15,2.89E-16,1,1,1
1,7.83E-15,9.64E-16,1,1,1
1,5.01E-13,2.30E-13,1,1,1
1,3.03E-15,5.64E-16,1,1,1
1,5.99E-13,5.31E-14,1,1,1
1,2.44E-16,3.09E-17,1,1,1
1,1.55E-17,7.00E-18,1,1,1
1,2.08E-13,5.87E-15,1,1,1
1,3.02E-15,3.27E-16,1,1,1
1,3.08E-15,3.13E-16,1,1,1
1,4.69E-15,7.17E-16,1,1,1
1,2.53E-12,1.38E-13,1,1,1
1,7.75E-15,9.50E-16,1,1,1
1,7.17E-15,6.27E-16,1,1,1
1,1.13E-11,3.14E-13,1,1,1
1,3.07E-10,7.87E-12,1,1,1
1,7.91E-11,1.23E-12,1,1,1
1,1.80E-10,4.11E-12,1,1,1
1,1.19E-09,9.29E-11,1,1,1
1,2.54E-12,1.13E-13,1,1,1
1,4.34E-11,8.75E-13,1,1,1
1,1.14E-09,2.95E-11,1,1,1
1,1.14E-10,2.77E-11,1,1,1
1,4.23E-08,2.88E-09,1,1,1
1,4.22E-09,8.26E-10,1,1,1
1,7.81E-10,6.70E-11,1,1,1
1,1.53E-08,7.73E-10,1,1,1
1,9.13E-11,1.12E-11,1,1,1
1,3.77E-14,9.12E-15,1,1,1
1,8.36E-12,9.34E-13,1,1,1
1,1.27E-09,1.56E-10,1,1,1
1,2.10E-11,2.17E-11,1,1,1
1,3.35E-10,4.66E-10,1,1,1
1,2.46E-09,4.62E-08,1,1,1
0.999930978,1.34E-08,6.90E-05,1,1,1
0.999309182,3.25E-10,0.000690791,1,1,1
0.999776781,4.34E-06,0.000218961,1,1,1
0.999174178,8.15E-10,0.000825792,1,1,1
0.980587602,3.08E-06,0.019409385,1,1,1
0.007774603,1.18E-06,0.992224216,3,3,1
0.001482305,4.02E-07,0.998517334,3,3,1
2.19E-08,9.15E-12,1,3,3,1
7.55E-24,2.08E-23,1,3,3,1
7.15E-21,2.72E-20,1,3,3,1
1.71E-15,2.69E-14,1,3,3,1
7.51E-07,2.17E-06,0.99999702,3,3,1
3.08E-15,1.21E-13,1,3,3,1
1.85E-18,9.41E-17,1,3,3,1
1.98E-14,3.46E-13,1,3,3,1
9.43E-06,1.12E-05,0.999979377,3,3,1
1.17E-14,8.40E-16,1,3,3,1
0.021627828,6.88E-06,0.978365302,3,1,0
0.031899814,0.00057894,0.96752131,3,1,0
5.12E-12,4.77E-14,1,3,3,1
0.991657376,0.003975112,0.004367582,1,1,1
0.862791538,0.033690095,0.103518337,1,1,1
0.958769381,0.041207399,2.32E-05,1,1,1
0.489780813,0.510184705,3.45E-05,2,2,1
2.58E-06,0.999997377,1.08E-09,2,2,1
2.50E-08,1,3.46E-11,2,2,1
2.78E-07,0.999999762,2.22E-10,2,2,1
0.999999881,7.78E-08,2.50E-09,1,1,1
1,9.31E-17,1.66E-17,1,1,1
1,9.20E-38,8.36E-38,1,1,1
1,0,0,1,1,1
1,3.72E-29,2.70E-30,1,1,1
1,0,0,1,1,1
1,0,0,1,1,1
1,8.97E-35,1.11E-36,1,1,1
1,2.61E-21,2.13E-23,1,1,1
1,1.22E-20,2.45E-22,1,1,1
1,7.46E-21,1.52E-22,1,1,1
1,3.73E-29,2.94E-31,1,1,1
1,4.79E-38,0,1,1,1
1,8.57E-33,3.64E-35,1,1,1
1,3.95E-35,1.31E-37,1,1,1
1,8.23E-31,2.78E-33,1,1,1
1,0,0,1,1,1
1,4.09E-37,0,1,1,1
1,6.80E-38,0,1,1,1
1,2.00E-25,9.03E-28,1,1,1
1,0,0,1,1,1
1,2.65E-30,2.64E-32,1,1,1
1,1.23E-36,0,1,1,1
1,9.65E-38,0,1,1,1
1,3.68E-29,9.56E-31,1,1,1
1,2.47E-30,1.20E-31,1,1,1
1,6.72E-37,6.53E-37,1,1,1
1,1.65E-28,8.23E-29,1,1,1
1,1.46E-24,1.53E-25,1,1,1
1,8.79E-31,2.27E-31,1,1,1
1,6.66E-36,6.61E-36,1,1,1
1,1.00E-17,2.62E-19,1,1,1
1,4.17E-14,1.43E-15,1,1,1
1,8.68E-17,1.62E-18,1,1,1
1,9.20E-19,1.25E-20,1,1,1
1,3.57E-17,6.29E-19,1,1,1
1,1.08E-21,2.51E-23,1,1,1
1,2.33E-15,5.46E-17,1,1,1
1,6.26E-13,7.19E-15,1,1,1
1,2.49E-10,2.56E-12,1,1,1
1,1.33E-09,1.94E-11,1,1,1
0.99978596,0.000213089,9.69E-07,1,1,1
0.996278703,0.003706815,1.45E-05,1,1,1
0.866821527,0.133020848,0.000157647,1,1,1
0.99998951,1.04E-05,1.35E-07,1,1,1
1,3.03E-09,9.16E-11,1,1,1
1,2.79E-14,1.20E-15,1,1,1
1,1.79E-15,4.81E-17,1,1,1
1,4.79E-11,1.01E-12,1,1,1
1,6.16E-09,1.54E-10,1,1,1
1,5.11E-10,3.51E-11,1,1,1
1,3.05E-10,2.32E-11,1,1,1
1,1.37E-08,3.21E-10,1,1,1
1,8.56E-11,3.06E-12,1,1,1
1,2.30E-11,1.05E-12,1,1,1
1,1.03E-17,5.81E-17,1,1,1
1,3.67E-20,3.54E-19,1,1,1
1,6.06E-15,1.04E-15,1,1,1
1,5.83E-18,1.86E-18,1,1,1
1,1.85E-13,1.09E-14,1,1,1
1,4.62E-14,3.93E-15,1,1,1
1,8.24E-15,4.18E-16,1,1,1
1,1.64E-14,6.24E-16,1,1,1
1,3.02E-16,2.72E-17,1,1,1
1,3.25E-15,2.62E-16,1,1,1
1,1.50E-11,7.10E-13,1,1,1
1,1.06E-09,3.47E-11,1,1,1
1,4.14E-10,7.63E-12,1,1,1
1,7.53E-09,1.77E-10,1,1,1
1,3.80E-15,2.15E-16,1,1,1
1,2.06E-14,1.09E-15,1,1,1
1,1.08E-09,3.07E-11,1,1,1
1,4.17E-14,1.20E-15,1,1,1
1,1.70E-10,4.43E-12,1,1,1
1,3.17E-13,1.81E-14,1,1,1
1,3.44E-12,1.26E-13,1,1,1
1,1.63E-12,5.77E-14,1,1,1
1,3.12E-12,1.25E-13,1,1,1
1,3.62E-10,3.30E-11,1,1,1
1,1.94E-09,2.50E-09,1,1,1
1,9.07E-11,1.35E-09,1,1,1
1,1.24E-12,7.38E-13,1,1,1
1,9.61E-10,2.45E-11,1,1,1
1,1.09E-13,1.29E-14,1,1,1
1,3.93E-14,2.19E-14,1,1,1
1,3.84E-10,4.70E-11,1,1,1
1,6.04E-11,2.44E-11,1,1,1
1,8.18E-12,4.73E-11,1,1,1
1,3.64E-12,2.98E-10,1,1,1
1,1.45E-09,8.24E-09,1,1,1
1,1.06E-09,9.23E-09,1,1,1
0.999999881,3.91E-10,1.77E-07,1,1,1
0.999738514,2.45E-09,0.000261467,1,1,1
0.999999285,8.88E-11,7.24E-07,1,1,1
0.999998808,1.05E-07,1.02E-06,1,1,1
0.993946016,5.83E-07,0.006053446,1,1,1
2.02E-07,1.18E-12,0.999999762,3,3,1
6.80E-12,2.53E-17,1,3,3,1
9.97E-11,4.38E-13,1,3,3,1
1.05E-11,4.79E-16,1,3,3,1
1.49E-13,2.35E-12,1,3,3,1
1.38E-12,9.49E-12,1,3,3,1
8.98E-14,9.71E-12,1,3,3,1
5.56E-15,1.35E-13,1,3,3,1
1.27E-20,8.63E-20,1,3,3,1
6.96E-16,1.37E-14,1,3,3,1
6.22E-13,1.26E-12,1,3,3,1
2.18E-15,8.09E-15,1,3,3,1
2.59E-09,7.29E-10,1,3,3,1
0.000598163,1.61E-08,0.999401808,3,3,1
0.839606762,1.91E-05,0.160374075,1,1,1
0.014404727,0.960325658,0.025269622,2,2,1
0.999313235,0.000685081,1.70E-06,1,1,1
0.998409092,0.001583955,7.08E-06,1,1,1
0.094413556,0.905583441,3.07E-06,2,2,1
0.016232692,0.983766794,5.12E-07,2,2,1
9.67E-05,0.999903321,1.31E-08,2,2,1
9.45E-13,1,3.62E-15,2,2,1
3.58E-11,1,2.79E-14,2,2,1
0.214510098,0.785489857,1.35E-07,2,2,1
1,4.10E-13,1.55E-13,1,1,1
1,2.95E-17,1.86E-17,1,1,1
1,9.89E-31,1.07E-29,1,1,1
1,0,0,1,1,1
1,0,0,1,1,1
1,1.72E-32,4.05E-33,1,1,1
1,0,0,1,1,1
1,1.69E-37,1.73E-38,1,1,1
1,2.85E-36,6.89E-38,1,1,1
1,1.16E-24,2.83E-26,1,1,1
1,4.15E-18,1.98E-19,1,1,1
1,1.47E-17,3.54E-19,1,1,1
1,1.08E-25,1.14E-27,1,1,1
1,6.01E-37,0,1,1,1
1,5.85E-28,3.15E-30,1,1,1
1,3.23E-36,2.82E-38,1,1,1
1,0,0,1,1,1
1,2.19E-32,5.38E-35,1,1,1
1,0,0,1,1,1
1,0,0,1,1,1
1,0,0,1,1,1
1,0,0,1,1,1
1,1.74E-32,1.56E-35,1,1,1
1,0,0,1,1,1
1,1.13E-32,6.90E-35,1,1,1
1,0,0,1,1,1
1,1.04E-37,0,1,1,1
1,2.83E-37,8.19E-38,1,1,1
1,5.93E-26,8.98E-27,1,1,1
1,5.45E-19,1.43E-20,1,1,1
1,1.62E-28,1.07E-29,1,1,1
1,3.53E-19,1.43E-20,1,1,1
1,7.30E-17,2.32E-18,1,1,1
1,1.21E-23,2.86E-25,1,1,1
1,3.45E-18,6.49E-20,1,1,1
1,2.26E-14,2.55E-16,1,1,1
1,6.41E-19,1.60E-20,1,1,1
1,9.39E-19,4.86E-20,1,1,1
1,6.88E-16,2.40E-17,1,1,1
0.999999762,1.85E-07,3.08E-09,1,1,1
0.999999762,2.48E-07,1.85E-09,1,1,1
0.000329683,0.999662161,8.10E-06,2,2,1
2.83E-06,0.999996901,2.49E-07,2,2,1
3.34E-05,0.999965429,1.18E-06,2,2,1
4.44E-10,1,2.42E-10,2,2,1
8.51E-06,0.999991298,2.38E-07,2,2,1
0.000202962,0.999778688,1.84E-05,2,2,1
0.99997437,2.52E-05,3.30E-07,1,1,1
1,1.85E-08,4.34E-10,1,1,1
1,7.82E-10,1.95E-11,1,1,1
0.999965906,3.36E-05,4.59E-07,1,1,1
1,5.83E-08,1.34E-09,1,1,1
1,3.01E-12,2.88E-13,1,1,1
1,2.91E-16,1.28E-16,1,1,1
1,7.90E-14,1.40E-14,1,1,1
1,4.61E-14,1.47E-14,1,1,1
1,4.59E-16,1.28E-16,1,1,1
1,2.57E-21,1.82E-21,1,1,1
1,1.50E-16,1.90E-17,1,1,1
1,1.02E-17,8.60E-19,1,1,1
1,1.40E-16,8.34E-18,1,1,1
1,5.95E-16,3.16E-17,1,1,1
1,1.26E-18,4.68E-20,1,1,1
1,4.90E-14,1.61E-15,1,1,1
1,5.33E-12,2.20E-13,1,1,1
1,3.81E-10,6.63E-12,1,1,1
1,1.19E-10,4.69E-12,1,1,1
1,2.92E-14,1.67E-15,1,1,1
1,7.44E-15,4.66E-16,1,1,1
0.999999881,1.00E-07,3.63E-09,1,1,1
1,4.56E-16,2.03E-17,1,1,1
1,1.77E-12,4.75E-14,1,1,1
0.999999762,2.41E-07,7.10E-09,1,1,1
0.999997973,1.99E-06,1.98E-08,1,1,1
0.999999762,1.79E-07,3.18E-09,1,1,1
1,5.86E-09,7.26E-11,1,1,1
1,5.41E-11,2.80E-12,1,1,1
1,1.31E-10,1.34E-11,1,1,1
1,3.63E-08,4.14E-10,1,1,1
0.999999881,1.69E-07,4.55E-09,1,1,1
0.999362409,0.000632897,4.67E-06,1,1,1
1,1.09E-08,9.56E-10,1,1,1
1,5.58E-12,8.10E-12,1,1,1
0.999999881,7.13E-08,2.11E-09,1,1,1
1,5.89E-10,3.24E-11,1,1,1
1,1.04E-10,1.31E-11,1,1,1
1,1.54E-10,1.07E-11,1,1,1
1,9.73E-09,3.30E-10,1,1,1
1,4.19E-10,1.19E-10,1,1,1
1,5.10E-09,8.10E-09,1,1,1
0.999999881,1.78E-07,4.15E-08,1,1,1
1,5.76E-08,4.34E-09,1,1,1
1,2.16E-11,1.56E-10,1,1,1
0.999998808,3.76E-10,1.23E-06,1,1,1
1,2.45E-14,2.02E-11,1,1,1
1,1.07E-09,1.21E-09,1,1,1
0.999922156,5.60E-09,7.79E-05,1,1,1
0.003033509,5.11E-09,0.996966541,3,3,1
4.09E-11,1.99E-18,1,3,3,1
1.67E-09,2.01E-13,1,3,3,1
1.46E-11,9.87E-15,1,3,3,1
1.72E-06,2.91E-09,0.999998331,3,3,1
6.77E-14,4.68E-13,1,3,3,1
1.41E-15,5.85E-17,1,3,3,1
2.28E-13,1.89E-12,1,3,3,1
9.37E-14,7.13E-13,1,3,3,1
5.53E-09,1.40E-08,1,3,3,1
2.80E-16,1.32E-14,1,3,3,1
1.03E-05,2.25E-06,0.999987364,3,3,1
0.00308085,0.000455379,0.996463835,3,3,1
1.36E-08,1.25E-11,1,3,3,1
0.295707047,2.32E-05,0.704269648,3,3,1
0.000176762,0.600291848,0.399531394,2,2,1
2.22E-10,1,2.47E-12,2,2,1
0.990945697,0.009045476,8.83E-06,1,1,1
1,5.87E-09,1.26E-10,1,1,1
1,1.08E-08,1.30E-10,1,1,1
1,3.72E-10,2.15E-11,1,1,1
1,1.01E-08,1.09E-10,1,1,1
1,2.67E-31,7.46E-28,1,1,1
1,1.41E-17,9.90E-18,1,1,1
1,5.24E-19,6.51E-19,1,1,1
1,1.51E-25,6.77E-25,1,1,1
1,8.40E-35,2.70E-33,1,1,1
1,0,0,1,1,1
1,0,0,1,1,1
1,0,0,1,1,1
1,2.43E-25,1.53E-25,1,1,1
1,0,0,1,1,1
1,0,0,1,1,1
1,3.13E-29,2.76E-30,1,1,1
1,1.09E-15,4.55E-17,1,1,1
1,4.72E-19,3.35E-20,1,1,1
1,2.09E-29,3.50E-31,1,1,1
1,5.93E-37,0,1,1,1
1,0,0,1,1,1
1,0,0,1,1,1
1,0,0,1,1,1
1,0,0,1,1,1
1,1.73E-37,0,1,1,1
1,0,0,1,1,1
1,0,0,1,1,1
1,2.57E-29,2.76E-32,1,1,1
1,1.43E-33,1.71E-36,1,1,1
1,4.66E-29,9.92E-32,1,1,1
1,1.12E-31,8.26E-35,1,1,1
1,3.25E-38,0,1,1,1
1,9.02E-29,1.60E-31,1,1,1
1,1.02E-29,1.60E-31,1,1,1
1,7.23E-25,2.96E-26,1,1,1
1,1.12E-18,1.87E-20,1,1,1
1,1.92E-14,5.15E-16,1,1,1
1,1.55E-14,4.71E-16,1,1,1
1,1.29E-16,3.22E-18,1,1,1
1,4.30E-26,3.03E-27,1,1,1
1,9.86E-28,7.89E-29,1,1,1
1,1.34E-24,1.71E-25,1,1,1
1,2.62E-27,1.53E-27,1,1,1
1,8.73E-19,4.90E-20,1,1,1
1,5.50E-10,1.02E-11,1,1,1
0.958003581,0.041872416,0.000124052,1,1,1
7.82E-07,0.999998927,2.50E-07,2,2,1
7.04E-08,0.999999881,1.73E-08,2,2,1
2.26E-12,1,7.89E-13,2,2,1
3.72E-10,1,6.45E-11,2,2,1
1.91E-12,1,3.26E-13,2,2,1
2.84E-12,1,1.84E-12,2,2,1
1.21E-09,1,4.35E-10,2,2,1
1.58E-05,0.999983549,7.15E-07,2,2,1
0.996702015,0.003269391,2.86E-05,1,1,1
1,4.07E-08,1.52E-09,1,1,1
1,2.81E-08,1.23E-09,1,1,1
0.999999642,3.99E-07,1.43E-08,1,1,1
1,5.43E-13,5.98E-14,1,1,1
1,2.69E-19,1.93E-20,1,1,1
1,5.80E-16,8.00E-17,1,1,1
1,2.60E-16,1.97E-17,1,1,1
1,3.25E-15,2.38E-16,1,1,1
1,3.54E-15,1.18E-16,1,1,1
1,1.48E-16,1.12E-17,1,1,1
1,6.22E-21,1.59E-21,1,1,1
1,1.46E-16,5.68E-18,1,1,1
1,4.14E-12,8.25E-14,1,1,1
1,2.03E-14,6.05E-16,1,1,1
1,3.22E-18,1.10E-19,1,1,1
1,8.82E-18,6.78E-19,1,1,1
1,4.90E-13,1.64E-14,1,1,1
1,2.48E-18,1.08E-19,1,1,1
1,3.07E-20,2.20E-21,1,1,1
1,3.21E-09,6.18E-11,1,1,1
0.999997616,2.41E-06,3.34E-08,1,1,1
1,4.82E-11,2.59E-12,1,1,1
1,1.26E-10,1.76E-12,1,1,1
0.999999881,1.65E-07,2.29E-09,1,1,1
0.999756992,0.000240592,2.38E-06,1,1,1
0.999986529,1.33E-05,2.82E-07,1,1,1
1,1.85E-08,5.87E-10,1,1,1
0.999999523,4.77E-07,8.47E-09,1,1,1
0.999999881,1.35E-07,3.12E-09,1,1,1
0.999994278,5.55E-06,6.14E-08,1,1,1
0.999999642,3.81E-07,7.08E-09,1,1,1
0.999999404,6.41E-07,2.73E-09,1,1,1
1,1.16E-08,5.09E-10,1,1,1
1,3.73E-12,1.44E-12,1,1,1
1,3.61E-09,6.18E-11,1,1,1
1,2.16E-08,9.32E-10,1,1,1
1,1.40E-10,4.20E-12,1,1,1
1,1.50E-09,3.62E-11,1,1,1
1,8.60E-10,2.62E-11,1,1,1
0.999999642,3.68E-07,1.81E-08,1,1,1
0.999997377,2.42E-06,2.47E-07,1,1,1
1,5.96E-11,1.63E-10,1,1,1
1,1.21E-14,4.80E-13,1,1,1
1,1.96E-10,8.49E-11,1,1,1
1,4.79E-10,7.31E-10,1,1,1
1,1.23E-13,2.20E-12,1,1,1
1,4.69E-10,3.95E-10,1,1,1
1,8.70E-12,5.34E-09,1,1,1
0.997726381,6.88E-13,0.00227358,1,1,1
0.000295289,3.86E-13,0.999704659,3,3,1
5.02E-07,6.37E-11,0.999999523,3,3,1
8.57E-08,4.70E-10,0.999999881,3,3,1
4.29E-13,3.03E-13,1,3,3,1
2.02E-17,4.64E-20,1,3,3,1
7.73E-10,5.09E-10,1,3,3,1
3.59E-10,1.04E-09,1,3,3,1
8.28E-08,6.02E-09,0.999999881,3,3,1
2.76E-12,4.08E-12,1,3,3,1
1.10E-11,7.59E-11,1,3,3,1
1.20E-07,2.39E-07,0.999999642,3,3,1
1.76E-07,1.86E-09,0.999999881,3,3,1
0.062902704,4.40E-06,0.9370929,3,3,1
0.351703316,0.000698476,0.647598207,3,1,0
0.001143398,0.875459015,0.123397589,2,2,1
1.54E-12,1,4.59E-13,2,2,1
0.999999642,3.54E-07,1.32E-08,1,1,1
1,9.26E-12,2.01E-12,1,1,1
1,9.17E-17,1.54E-15,1,1,1
1,5.10E-25,6.04E-23,1,1,1
1,2.60E-28,5.86E-25,1,1,1
1,4.02E-33,2.26E-29,1,1,1
1,3.17E-24,7.93E-24,1,1,1
1,9.61E-18,6.40E-18,1,1,1
1,4.13E-30,6.12E-28,1,1,1
1,0,1.93E-36,1,1,1
1,0,0,1,1,1
1,0,0,1,1,1
1,0,0,1,1,1
1,0,0,1,1,1
1,0,0,1,1,1
1,0,0,1,1,1
1,8.47E-29,1.38E-29,1,1,1
1,1.07E-21,1.41E-22,1,1,1
1,6.69E-23,2.55E-24,1,1,1
1,9.56E-32,1.34E-33,1,1,1
1,0,0,1,1,1
1,0,0,1,1,1
1,0,0,1,1,1
1,0,0,1,1,1
1,0,0,1,1,1
1,0,0,1,1,1
1,5.28E-35,2.15E-37,1,1,1
1,4.00E-26,3.06E-28,1,1,1
1,8.55E-28,7.85E-31,1,1,1
1,3.03E-28,3.71E-31,1,1,1
1,1.14E-20,1.51E-23,1,1,1
1,2.59E-24,1.97E-27,1,1,1
1,1.95E-24,2.16E-27,1,1,1
1,5.57E-28,3.28E-31,1,1,1
1,3.95E-19,1.30E-21,1,1,1
1,2.39E-15,1.01E-17,1,1,1
1,7.55E-15,3.63E-17,1,1,1
1,1.72E-13,1.34E-15,1,1,1
1,1.94E-15,5.81E-17,1,1,1
1,6.30E-22,1.60E-23,1,1,1
1,3.35E-25,2.02E-26,1,1,1
1,5.35E-20,2.08E-21,1,1,1
1,1.85E-14,5.46E-16,1,1,1
1,8.35E-26,2.29E-26,1,1,1
1,2.04E-27,1.99E-27,1,1,1
1,2.05E-09,1.96E-10,1,1,1
3.04E-05,0.999967337,2.23E-06,2,2,1
1.42E-11,1,6.15E-12,2,2,1
2.71E-14,1,1.38E-14,2,2,1
1.46E-13,1,5.39E-14,2,2,1
2.16E-12,1,1.61E-13,2,2,1
2.85E-15,1,1.22E-16,2,2,1
4.06E-15,1,4.71E-16,2,2,1
2.81E-13,1,5.57E-14,2,2,1
1.59E-10,1,9.09E-11,2,2,1
7.26E-05,0.999926209,1.16E-06,2,2,1
0.986989141,0.012877934,0.000132983,1,1,1
0.999997616,2.38E-06,4.94E-08,1,1,1
1,1.29E-08,5.66E-10,1,1,1
1,1.70E-15,5.53E-17,1,1,1
1,3.71E-20,1.50E-20,1,1,1
1,1.47E-19,1.96E-20,1,1,1
1,8.78E-19,1.19E-19,1,1,1
1,1.12E-12,3.83E-14,1,1,1
1,3.31E-10,2.57E-12,1,1,1
1,2.27E-12,6.86E-14,1,1,1
1,2.67E-17,7.90E-19,1,1,1
1,8.67E-17,2.77E-18,1,1,1
1,8.18E-15,2.00E-16,1,1,1
1,2.40E-14,5.08E-16,1,1,1
1,3.29E-19,6.52E-21,1,1,1
1,6.06E-14,1.87E-15,1,1,1
1,5.18E-20,1.81E-21,1,1,1
1,1.80E-17,6.30E-19,1,1,1
1,5.22E-17,2.42E-18,1,1,1
1,1.12E-10,2.30E-12,1,1,1
0.999998689,1.35E-06,2.15E-08,1,1,1
1,4.75E-10,8.97E-12,1,1,1
1,4.84E-12,9.43E-14,1,1,1
1,3.00E-09,9.29E-11,1,1,1
0.999999404,5.46E-07,9.49E-09,1,1,1
0.999999166,8.62E-07,9.48E-09,1,1,1
0.999998569,1.42E-06,3.40E-08,1,1,1
0.999999523,5.36E-07,1.01E-08,1,1,1
0.999958396,4.12E-05,4.79E-07,1,1,1
0.999975085,2.47E-05,2.51E-07,1,1,1
0.999999642,3.12E-07,6.33E-09,1,1,1
1,5.49E-10,1.91E-10,1,1,1
1,5.39E-10,2.95E-11,1,1,1
1,1.75E-10,1.19E-11,1,1,1
1,1.48E-08,5.20E-10,1,1,1
1,1.36E-11,4.88E-13,1,1,1
1,1.18E-10,4.92E-12,1,1,1
1,1.13E-09,2.71E-11,1,1,1
1,4.79E-09,1.86E-10,1,1,1
1,1.60E-12,3.77E-13,1,1,1
1,1.84E-08,1.52E-09,1,1,1
1,9.32E-12,4.95E-12,1,1,1
1,1.79E-12,1.36E-12,1,1,1
0.999999762,2.07E-07,9.90E-09,1,1,1
1,6.24E-10,4.85E-11,1,1,1
1,1.11E-10,7.22E-12,1,1,1
1,6.72E-10,1.02E-09,1,1,1
1,3.97E-10,2.50E-08,1,1,1
1,7.25E-13,3.31E-08,1,1,1
0.95711863,9.16E-12,0.04288134,1,1,1
0.084206238,4.10E-09,0.915793777,3,3,1
0.001742571,2.10E-08,0.998257458,3,3,1
6.05E-05,7.14E-09,0.999939442,3,3,1
8.76E-13,1.09E-13,1,3,3,1
4.23E-06,2.56E-09,0.999995828,3,3,1
1.75E-06,3.88E-08,0.999998212,3,3,1
0.000533678,9.74E-08,0.99946624,3,3,1
0.566441298,0.000120152,0.43343854,1,3,0
0.00048564,4.22E-06,0.999510169,3,3,1
1.71E-06,1.81E-08,0.999998331,3,3,1
0.017286031,1.72E-05,0.982696772,3,3,1
1.47E-06,1.32E-11,0.999998569,3,3,1
0.0008392,1.54E-06,0.999159217,3,3,1
0.000120724,0.99799037,0.001888897,2,2,1
2.86E-09,1,7.23E-11,2,2,1
1,1.35E-09,1.45E-09,1,1,1
1,4.11E-14,3.12E-13,1,1,1
1,9.17E-22,1.92E-19,1,1,1
1,1.17E-33,3.06E-29,1,1,1
1,0,1.81E-36,1,1,1
1,0,0,1,1,1
1,0,0,1,1,1
1,3.74E-32,1.44E-29,1,1,1
1,0,0,1,1,1
1,0,0,1,1,1
1,0,0,1,1,1
1,0,0,1,1,1
1,0,0,1,1,1
1,0,0,1,1,1
1,0,0,1,1,1
1,0,0,1,1,1
1,0,0,1,1,1
1,5.00E-32,4.79E-32,1,1,1
1,3.50E-29,5.80E-30,1,1,1
1,0,0,1,1,1
1,0,0,1,1,1
1,0,0,1,1,1
1,1.22E-34,1.38E-35,1,1,1
1,0,0,1,1,1
1,0,0,1,1,1
1,2.02E-34,4.79E-36,1,1,1
1,4.65E-26,1.20E-27,1,1,1
1,1.00E-26,5.21E-29,1,1,1
1,1.19E-24,2.96E-27,1,1,1
1,1.11E-21,6.00E-25,1,1,1
0.999995708,4.33E-06,2.26E-09,1,1,1
0.999999642,3.43E-07,8.09E-10,1,1,1
0.950276136,0.049714405,9.51E-06,1,1,1
0.993954837,0.006041389,3.85E-06,1,1,1
0.999963999,3.60E-05,5.28E-08,1,1,1
0.998127043,0.001870195,2.79E-06,1,1,1
0.999999881,7.71E-08,5.01E-10,1,1,1
1,1.20E-25,1.51E-27,1,1,1
1,1.55E-21,2.45E-23,1,1,1
1,5.66E-20,1.44E-21,1,1,1
1,1.09E-22,9.11E-24,1,1,1
1,1.31E-23,2.73E-23,1,1,1
1,1.19E-22,9.05E-23,1,1,1
1,1.11E-24,4.13E-25,1,1,1
1,1.17E-21,1.64E-21,1,1,1
0.533839464,0.465926588,0.000233913,1,1,1
7.25E-06,0.99999249,2.22E-07,2,2,1
7.37E-10,1,4.47E-11,2,2,1
2.04E-14,1,8.28E-16,2,2,1
2.19E-16,1,1.51E-17,2,2,1
1.79E-15,1,6.31E-17,2,2,1
3.59E-15,1,5.11E-17,2,2,1
5.86E-16,1,3.44E-17,2,2,1
1.08E-14,1,2.11E-16,2,2,1
4.95E-15,1,3.32E-16,2,2,1
9.33E-09,1,1.86E-09,2,2,1
0.00017299,0.999798477,2.86E-05,2,2,1
1,6.33E-09,9.96E-11,1,1,1
1,2.92E-09,5.24E-11,1,1,1
1,7.68E-20,3.14E-21,1,1,1
1,7.36E-19,1.35E-19,1,1,1
1,1.96E-14,1.15E-15,1,1,1
1,1.03E-13,4.33E-15,1,1,1
1,1.15E-16,1.14E-17,1,1,1
1,2.54E-17,7.16E-19,1,1,1
1,9.30E-17,1.91E-18,1,1,1
1,1.66E-15,5.58E-17,1,1,1
1,4.24E-15,7.92E-17,1,1,1
1,1.90E-13,3.33E-15,1,1,1
1,4.33E-14,7.37E-16,1,1,1
1,3.34E-13,4.11E-15,1,1,1
1,2.73E-12,5.79E-14,1,1,1
1,3.13E-14,5.85E-16,1,1,1
1,6.95E-13,1.17E-14,1,1,1
1,5.34E-15,1.09E-16,1,1,1
1,9.36E-10,1.59E-11,1,1,1
0.999999881,1.59E-07,2.79E-09,1,1,1
1,5.59E-09,6.70E-11,1,1,1
1,2.37E-09,2.35E-11,1,1,1
0.999994755,5.19E-06,4.73E-08,1,1,1
0.999889255,0.000108896,1.76E-06,1,1,1
0.99921906,0.000766296,1.46E-05,1,1,1
0.99999702,2.83E-06,7.90E-08,1,1,1
0.999922395,7.74E-05,2.65E-07,1,1,1
0.999814928,0.000181436,3.73E-06,1,1,1
0.999999881,1.36E-07,2.85E-08,1,1,1
0.999984503,1.54E-05,7.57E-08,1,1,1
0.999999523,5.11E-07,7.48E-09,1,1,1
0.999999404,6.39E-07,8.22E-09,1,1,1
0.999999881,6.84E-08,4.89E-10,1,1,1
1,6.95E-10,4.77E-11,1,1,1
1,2.45E-14,3.58E-15,1,1,1
1,2.28E-12,4.22E-13,1,1,1
1,1.86E-12,3.16E-13,1,1,1
1,2.96E-12,3.24E-13,1,1,1
0.999999285,6.59E-07,3.05E-08,1,1,1
0.999999881,1.10E-07,3.69E-09,1,1,1
1,8.58E-12,1.88E-12,1,1,1
1,8.49E-15,2.53E-14,1,1,1
1,3.93E-11,5.19E-12,1,1,1
1,1.11E-10,1.10E-11,1,1,1
1,4.25E-10,5.35E-11,1,1,1
1,5.91E-10,3.09E-09,1,1,1
1,1.49E-12,2.56E-12,1,1,1
1,1.08E-13,2.08E-12,1,1,1
1,7.18E-11,3.04E-08,1,1,1
0.996178508,2.33E-08,0.003821494,1,3,0
0.739120185,1.26E-07,0.260879755,1,3,0
0.215271875,3.01E-07,0.784727812,3,1,0
0.002004767,0.000198403,0.997796893,3,3,1
0.964789569,0.004933281,0.030277075,1,1,1
0.000248046,5.12E-07,0.999751389,3,3,1
1.62E-07,9.01E-10,0.999999881,3,3,1
1.33E-10,1.02E-12,1,3,3,1
2.64E-06,1.32E-07,0.999997258,3,3,1
1.20E-10,3.71E-13,1,3,3,1
0.001273336,1.37E-07,0.998726547,3,3,1
0.000637681,4.52E-08,0.99936229,3,3,1
1.93E-05,0.002782599,0.997198105,3,3,1
1.94E-06,0.999997854,2.23E-07,2,2,1
1,9.58E-14,3.01E-12,1,1,1
1,1.52E-25,2.92E-21,1,1,1
1,8.98E-32,5.88E-27,1,1,1
1,0,5.50E-34,1,1,1
1,0,0,1,1,1
1,0,0,1,1,1
1,3.69E-35,8.18E-32,1,1,1
1,0,0,1,1,1
1,0,0,1,1,1
1,0,0,1,1,1
1,0,0,1,1,1
1,0,0,1,1,1
1,0,0,1,1,1
1,0,0,1,1,1
1,0,0,1,1,1
1,0,0,1,1,1
1,3.06E-36,6.64E-36,1,1,1
1,2.24E-37,2.18E-37,1,1,1
1,0,0,1,1,1
1,0,0,1,1,1
1,0,0,1,1,1
1,0,0,1,1,1
1,0,0,1,1,1
1,1.55E-26,9.61E-28,1,1,1
1,1.02E-32,6.36E-34,1,1,1
1,3.73E-35,6.22E-37,1,1,1
1,1.46E-16,8.72E-19,1,1,1
1,2.52E-10,8.46E-13,1,1,1
0.99999249,7.48E-06,2.65E-08,1,1,1
3.54E-06,0.999996424,2.54E-08,2,2,1
5.77E-10,1,1.73E-11,2,2,1
1.08E-13,1,6.54E-15,2,2,1
3.98E-10,1,2.62E-11,2,2,1
5.82E-10,1,3.91E-11,2,2,1
8.45E-05,0.999914646,8.50E-07,2,2,1
0.434792131,0.565103948,0.000103908,2,1,0
0.999999881,1.01E-07,1.25E-09,1,1,1
1,3.03E-19,1.01E-20,1,1,1
1,3.62E-23,1.65E-24,1,1,1
1,5.03E-25,2.81E-26,1,1,1
1,3.02E-21,8.69E-23,1,1,1
1,6.40E-17,3.85E-18,1,1,1
1,1.45E-17,9.05E-19,1,1,1
1,5.83E-11,5.35E-13,1,1,1
0.999312878,0.000684557,2.62E-06,1,1,1
2.09E-05,0.999979138,4.58E-08,2,2,1
2.08E-12,1,2.48E-13,2,2,1
2.84E-13,1,1.26E-14,2,2,1
7.89E-16,1,1.23E-16,2,2,1
7.34E-14,1,7.24E-16,2,2,1
2.30E-13,1,3.61E-15,2,2,1
1.29E-11,1,1.15E-13,2,2,1
5.26E-14,1,3.06E-16,2,2,1
1.35E-14,1,6.35E-16,2,2,1
8.80E-15,1,6.82E-15,2,2,1
1.26E-06,0.999998331,3.73E-07,2,2,1
0.221378118,0.778427482,0.000194451,2,1,0
1,2.07E-10,3.03E-12,1,1,1
1,6.20E-12,9.32E-14,1,1,1
1,4.05E-14,2.08E-15,1,1,1
1,9.02E-19,1.27E-20,1,1,1
1,2.09E-14,2.31E-16,1,1,1
1,2.39E-18,3.58E-20,1,1,1
1,8.71E-17,1.41E-18,1,1,1
1,3.14E-19,1.20E-20,1,1,1
1,9.34E-12,1.45E-13,1,1,1
1,3.20E-15,4.58E-17,1,1,1
1,8.55E-13,1.21E-14,1,1,1
1,1.21E-15,3.14E-17,1,1,1
1,3.36E-15,6.09E-17,1,1,1
1,1.25E-11,2.37E-13,1,1,1
1,4.78E-12,9.34E-14,1,1,1
1,2.46E-12,4.08E-14,1,1,1
1,3.34E-14,1.31E-15,1,1,1
1,2.81E-15,1.11E-16,1,1,1
0.999999523,4.80E-07,3.25E-09,1,1,1
1,2.38E-08,2.64E-10,1,1,1
0.999996662,3.30E-06,2.95E-08,1,1,1
0.999796808,0.000201227,2.06E-06,1,1,1
0.979415178,0.020472245,0.000112523,1,1,1
0.988684475,0.011288057,2.75E-05,1,1,1
0.941479743,0.058305614,0.0002147,1,1,1
0.927925825,0.071792513,0.000281646,1,1,1
0.98557359,0.014347356,7.91E-05,1,1,1
0.996743679,0.003236663,1.96E-05,1,1,1
0.932144701,0.067693569,0.000161728,1,1,1
0.999853969,0.000145104,9.78E-07,1,1,1
0.999906301,9.33E-05,3.04E-07,1,1,1
0.999998569,1.39E-06,6.14E-09,1,1,1
1,2.74E-09,1.40E-10,1,1,1
1,1.60E-14,1.89E-15,1,1,1
1,6.47E-12,2.37E-12,1,1,1
1,2.67E-13,5.40E-14,1,1,1
1,1.81E-12,2.05E-13,1,1,1
1,2.16E-11,5.63E-12,1,1,1
1,4.28E-13,4.79E-13,1,1,1
1,1.64E-12,4.25E-13,1,1,1
1,7.22E-15,1.12E-14,1,1,1
1,1.92E-10,2.47E-11,1,1,1
1,1.47E-11,2.30E-12,1,1,1
1,1.14E-16,2.57E-14,1,1,1
1,1.02E-15,1.88E-13,1,1,1
1,2.73E-18,2.18E-16,1,1,1
1,4.54E-14,1.07E-12,1,1,1
1,3.07E-09,2.41E-09,1,1,1
0.999999166,6.06E-10,7.99E-07,1,1,1
0.999985933,3.89E-07,1.37E-05,1,1,1
0.985195637,0.006069374,0.008734906,1,1,1
7.37E-07,0.999969482,2.98E-05,2,2,1
6.86E-06,0.999989986,3.11E-06,2,2,1
0.002124549,0.997367442,0.000508096,2,2,1
9.01E-07,0.99999845,5.99E-07,2,2,1
2.69E-05,0.999972582,4.88E-07,2,2,1
2.19E-06,0.999997854,3.50E-09,2,2,1
1.60E-06,0.99999845,9.21E-09,2,2,1
2.76E-05,0.999970436,2.01E-06,2,2,1
3.93E-08,1.76E-06,0.999998212,3,3,1
4.95E-06,0.999964356,3.06E-05,2,2,1
1,5.23E-11,2.44E-09,1,1,1
1,5.57E-12,1.27E-11,1,1,1
1,1.91E-28,2.42E-25,1,1,1
1,0,7.02E-35,1,1,1
1,0,2.79E-37,1,1,1
1,0,0,1,1,1
1,0,0,1,1,1
1,0,0,1,1,1
1,0,0,1,1,1
1,0,0,1,1,1
1,0,0,1,1,1
1,0,0,1,1,1
1,0,0,1,1,1
1,0,0,1,1,1
1,5.15E-36,8.02E-35,1,1,1
1,7.79E-30,3.64E-29,1,1,1
1,3.26E-38,1.08E-36,1,1,1
1,1.15E-34,2.09E-34,1,1,1
1,0,0,1,1,1
1,0,0,1,1,1
1,0,0,1,1,1
1,0,0,1,1,1
1,0,0,1,1,1
1,1.92E-31,5.73E-32,1,1,1
1,7.46E-28,2.74E-29,1,1,1
1,2.62E-32,1.38E-33,1,1,1
1,3.93E-14,6.65E-16,1,1,1
0.999465168,0.000534477,4.12E-07,1,1,1
6.38E-11,1,1.95E-12,2,2,1
4.74E-15,1,1.38E-16,2,2,1
1.33E-14,1,2.17E-16,2,2,1
8.19E-14,1,8.25E-16,2,2,1
9.96E-13,1,2.66E-14,2,2,1
2.98E-11,1,4.71E-13,2,2,1
1.55E-16,1,7.92E-18,2,2,1
2.48E-16,1,1.14E-17,2,2,1
3.08E-05,0.999969006,1.26E-07,2,2,1
0.999999046,9.42E-07,4.08E-08,1,1,1
1,1.67E-18,6.80E-20,1,1,1
1,4.50E-22,1.11E-23,1,1,1
1,1.41E-28,1.05E-29,1,1,1
1,2.26E-19,3.71E-21,1,1,1
1,1.53E-13,2.56E-15,1,1,1
1,3.14E-18,1.12E-19,1,1,1
0.999999881,8.91E-08,1.55E-09,1,1,1
0.98835665,0.011642378,9.31E-07,1,1,1
4.20E-05,0.999958038,4.61E-09,2,2,1
9.08E-11,1,2.23E-12,2,2,1
4.49E-15,1,3.00E-16,2,2,1
9.17E-14,1,2.80E-15,2,2,1
7.33E-16,1,1.50E-17,2,2,1
1.33E-11,1,1.25E-13,2,2,1
7.86E-15,1,1.18E-16,2,2,1
2.03E-10,1,3.19E-12,2,2,1
1.42E-11,1,2.83E-12,2,2,1
3.54E-09,1,1.09E-09,2,2,1
0.000568362,0.999396563,3.50E-05,2,2,1
0.999990106,9.88E-06,3.47E-08,1,1,1
1,1.62E-09,4.31E-12,1,1,1
1,4.63E-19,2.45E-21,1,1,1
1,5.36E-18,1.76E-20,1,1,1
1,7.19E-19,9.64E-21,1,1,1
1,9.96E-13,1.01E-14,1,1,1
1,1.93E-15,4.42E-17,1,1,1
1,3.03E-14,3.73E-16,1,1,1
1,5.02E-16,1.26E-17,1,1,1
1,2.72E-12,3.60E-14,1,1,1
1,2.24E-13,4.29E-15,1,1,1
1,1.30E-11,1.02E-13,1,1,1
1,1.06E-11,2.15E-13,1,1,1
1,2.61E-10,3.86E-12,1,1,1
1,3.25E-13,1.87E-14,1,1,1
1,1.14E-12,1.73E-14,1,1,1
1,8.06E-14,3.72E-15,1,1,1
1,2.26E-15,9.58E-17,1,1,1
1,4.64E-09,3.33E-11,1,1,1
1,9.78E-12,1.23E-13,1,1,1
0.999823272,0.000174834,1.88E-06,1,1,1
0.751796722,0.246470496,0.001732716,1,2,0
0.011505273,0.987479866,0.00101479,2,2,1
0.028692635,0.970628798,0.000678569,2,1,0
0.056647506,0.942421317,0.000931283,2,1,0
1.19E-06,0.999991059,7.76E-06,2,2,1
1.90E-08,0.999999166,8.77E-07,2,2,1
0.003496787,0.996130586,0.000372624,2,1,0
0.065494001,0.932834327,0.001671611,2,1,0
0.986595392,0.013374361,3.02E-05,1,1,1
0.99987638,0.000122598,9.91E-07,1,1,1
0.999650359,0.000344681,4.98E-06,1,1,1
1,5.87E-08,5.62E-09,1,1,1
1,9.22E-13,1.17E-13,1,1,1
1,3.44E-10,5.12E-11,1,1,1
1,1.33E-15,1.04E-15,1,1,1
1,8.24E-09,3.68E-10,1,1,1
1,1.30E-10,1.06E-11,1,1,1
1,4.30E-13,1.73E-13,1,1,1
1,1.24E-16,3.22E-16,1,1,1
1,2.67E-12,6.14E-13,1,1,1
1,4.60E-11,4.81E-12,1,1,1
1,9.15E-15,6.33E-15,1,1,1
1,2.65E-14,1.75E-13,1,1,1
1,3.95E-13,5.73E-12,1,1,1
1,1.14E-10,4.06E-11,1,1,1
1,1.41E-10,1.41E-10,1,1,1
1,6.65E-10,2.79E-08,1,1,1
0.999999642,1.41E-11,4.11E-07,1,1,1
0.976658523,1.62E-06,0.023339827,1,1,1
0.008539372,0.002918329,0.988542318,3,3,1
1.63E-05,0.999768555,0.000215174,2,2,1
3.27E-07,0.999999642,6.20E-09,2,2,1
0.000142432,0.954908192,0.044949383,2,2,1
8.43E-05,0.999914289,1.28E-06,2,2,1
1,2.90E-20,4.84E-16,1,1,1
1,7.09E-37,8.66E-31,1,1,1
1,0,5.67E-36,1,1,1
1,0,0,1,1,1
1,0,2.15E-38,1,1,1
1,7.19E-32,1.80E-28,1,1,1
1,0,0,1,1,1
1,0,0,1,1,1
1,0,0,1,1,1
1,0,0,1,1,1
1,0,0,1,1,1
1,0,0,1,1,1
1,0,0,1,1,1
1,0,0,1,1,1
1,0,0,1,1,1
1,0,0,1,1,1
1,0,0,1,1,1
1,0,0,1,1,1
1,0,0,1,1,1
1,0,4.99E-37,1,1,1
1,0,0,1,1,1
1,0,0,1,1,1
1,0,2.92E-38,1,1,1
1,3.79E-27,7.56E-28,1,1,1
1,1.30E-19,8.14E-21,1,1,1
0.999990582,9.48E-06,5.60E-08,1,1,1
1.13E-10,1,1.29E-12,2,2,1
5.28E-14,1,1.17E-15,2,2,1
1.92E-17,1,9.09E-20,2,2,1
2.52E-18,1,2.35E-20,2,2,1
1.90E-14,1,1.58E-16,2,2,1
8.37E-12,1,3.72E-14,2,2,1
3.00E-19,1,1.47E-21,2,2,1
4.23E-16,1,7.69E-18,2,2,1
2.51E-23,1,1.35E-24,2,2,1
8.85E-12,1,6.29E-13,2,2,1
7.27E-06,0.999992728,3.60E-08,2,2,1
1,2.63E-11,1.78E-12,1,1,1
1,9.14E-19,6.95E-20,1,1,1
1,4.55E-27,5.41E-29,1,1,1
1,1.44E-24,1.59E-26,1,1,1
1,2.96E-16,5.41E-18,1,1,1
1,2.27E-20,3.67E-22,1,1,1
1,4.48E-15,4.21E-17,1,1,1
1,8.79E-16,1.12E-17,1,1,1
1,4.04E-11,1.14E-12,1,1,1
0.86769098,0.1323089,1.00E-07,1,1,1
2.29E-05,0.999976873,2.20E-07,2,2,1
1.36E-11,1,5.33E-13,2,2,1
7.93E-10,1,1.86E-11,2,2,1
2.13E-09,1,1.48E-11,2,2,1
5.98E-16,1,5.50E-18,2,2,1
2.52E-13,1,8.29E-15,2,2,1
1.51E-09,1,1.66E-10,2,2,1
1.23E-07,0.999999881,1.06E-08,2,2,1
8.32E-06,0.999988556,3.04E-06,2,2,1
0.999997735,2.24E-06,1.86E-08,1,1,1
1,3.22E-10,4.40E-12,1,1,1
1,3.75E-13,6.33E-15,1,1,1
1,4.01E-11,4.78E-13,1,1,1
1,8.98E-15,1.19E-16,1,1,1
1,1.12E-15,2.37E-17,1,1,1
1,1.70E-12,2.05E-14,1,1,1
1,1.24E-13,1.17E-15,1,1,1
1,3.51E-15,4.86E-17,1,1,1
1,1.31E-10,3.02E-12,1,1,1
1,5.91E-11,7.28E-13,1,1,1
1,1.33E-14,2.76E-16,1,1,1
1,7.69E-10,1.25E-11,1,1,1
1,2.05E-11,4.41E-13,1,1,1
1,2.67E-11,3.05E-13,1,1,1
1,2.74E-11,6.69E-13,1,1,1
1,4.29E-10,8.94E-12,1,1,1
1,1.55E-14,3.77E-16,1,1,1
1,1.31E-08,1.63E-10,1,1,1
0.999999881,6.23E-08,1.48E-09,1,1,1
0.994476616,0.005477255,4.62E-05,1,1,1
0.042898137,0.956013381,0.001088514,2,2,1
2.51E-06,0.99999392,3.59E-06,2,2,1
0.00016768,0.999796689,3.56E-05,2,2,1
4.10E-07,0.999998927,7.35E-07,2,2,1
1.55E-09,1,2.37E-09,2,2,1
2.63E-08,0.999999881,6.81E-08,2,2,1
2.33E-08,0.999999881,1.63E-07,2,2,1
2.23E-08,0.999999404,6.03E-07,2,2,1
9.81E-08,0.999991536,8.37E-06,2,2,1
0.921749771,0.077754252,0.000496043,1,1,1
0.988359928,0.011550448,8.97E-05,1,1,1
1,1.11E-10,2.69E-11,1,1,1
1,4.45E-11,1.97E-11,1,1,1
1,3.99E-11,1.06E-11,1,1,1
1,3.68E-08,1.22E-09,1,1,1
1,4.47E-10,3.06E-11,1,1,1
1,2.17E-11,1.25E-12,1,1,1
1,3.52E-12,2.01E-13,1,1,1
1,3.28E-12,3.60E-13,1,1,1
1,1.44E-10,7.23E-12,1,1,1
1,4.59E-12,5.16E-13,1,1,1
1,5.39E-12,1.30E-12,1,1,1
1,7.09E-12,1.33E-12,1,1,1
1,1.14E-08,1.27E-09,1,1,1
1,4.04E-11,5.24E-12,1,1,1
1,1.76E-10,5.35E-10,1,1,1
0.999999762,1.11E-09,2.07E-07,1,1,1
0.999996662,1.26E-08,3.35E-06,1,1,1
0.47117421,1.42E-07,0.528825641,3,1,0
0.000337237,0.038529031,0.961133718,3,3,1
0.000312895,0.999130547,0.000556629,2,2,1
0.000627745,0.999344528,2.78E-05,2,2,1
1,1.23E-25,2.41E-18,1,1,1
1,0,2.78E-38,1,1,1
1,3.28E-37,1.13E-30,1,1,1
1,0,0,1,1,1
1,0,0,1,1,1
1,0,0,1,1,1
1,0,0,1,1,1
1,0,0,1,1,1
1,0,0,1,1,1
1,0,0,1,1,1
1,0,0,1,1,1
1,0,0,1,1,1
1,7.44E-35,9.57E-33,1,1,1
1,4.31E-38,2.11E-35,1,1,1
1,0,1.54E-36,1,1,1
1,0,0,1,1,1
1,0,0,1,1,1
1,0,2.14E-38,1,1,1
1,0,0,1,1,1
1,0,0,1,1,1
1,6.75E-29,1.90E-28,1,1,1
1,0,0,1,1,1
1,2.13E-31,3.47E-31,1,1,1
1,7.08E-33,1.87E-32,1,1,1
1,4.54E-12,1.04E-12,1,1,1
3.34E-06,0.999996662,1.43E-08,2,2,1
1.14E-14,1,4.67E-16,2,2,1
1.22E-17,1,1.65E-19,2,2,1
2.12E-20,1,3.27E-22,2,2,1
7.09E-21,1,1.42E-22,2,2,1
2.14E-16,1,2.67E-18,2,2,1
1.30E-15,1,9.83E-18,2,2,1
1.29E-19,1,5.88E-22,2,2,1
3.43E-17,1,3.10E-19,2,2,1
5.67E-16,1,2.94E-18,2,2,1
8.09E-15,1,3.51E-16,2,2,1
8.26E-09,1,2.67E-10,2,2,1
0.999993086,6.83E-06,1.13E-07,1,1,1
1,7.72E-14,1.89E-15,1,1,1
1,4.54E-25,9.01E-27,1,1,1
1,9.94E-20,7.54E-22,1,1,1
1,4.06E-18,4.72E-20,1,1,1
1,1.57E-13,1.52E-15,1,1,1
1,1.66E-10,2.95E-12,1,1,1
1,1.09E-21,1.96E-23,1,1,1
1,3.01E-18,7.09E-20,1,1,1
1,2.14E-16,3.22E-18,1,1,1
0.999998212,1.80E-06,1.37E-08,1,1,1
0.033435989,0.966474712,8.93E-05,2,2,1
1.13E-10,1,1.34E-11,2,2,1
2.21E-11,1,1.97E-13,2,2,1
1.27E-14,1,2.80E-16,2,2,1
3.31E-13,1,8.65E-15,2,2,1
2.91E-09,1,7.93E-11,2,2,1
2.35E-07,0.999999762,2.17E-08,2,2,1
0.000161304,0.999821603,1.72E-05,2,2,1
0.999997973,2.00E-06,1.39E-08,1,1,1
1,3.39E-08,4.02E-10,1,1,1
1,4.87E-12,5.51E-14,1,1,1
1,5.92E-11,7.83E-13,1,1,1
1,4.86E-17,1.37E-18,1,1,1
1,1.19E-18,3.47E-20,1,1,1
1,5.56E-12,4.40E-14,1,1,1
1,1.87E-11,1.55E-13,1,1,1
1,7.62E-12,2.20E-13,1,1,1
1,4.19E-14,4.64E-16,1,1,1
1,9.23E-14,8.94E-16,1,1,1
1,3.12E-15,2.68E-17,1,1,1
1,3.62E-13,3.68E-15,1,1,1
1,4.06E-08,4.26E-10,1,1,1
0.999999762,2.95E-07,2.86E-09,1,1,1
0.999999762,2.64E-07,1.37E-09,1,1,1
1,4.72E-09,8.19E-11,1,1,1
1,3.58E-10,4.81E-12,1,1,1
1,1.84E-09,2.10E-11,1,1,1
0.99999702,2.95E-06,2.20E-08,1,1,1
0.977009475,0.022834029,0.000156576,1,1,1
1.33E-05,0.999978542,8.23E-06,2,2,1
1.02E-05,0.999982715,7.20E-06,2,2,1
1.59E-06,0.999998093,3.29E-07,2,2,1
4.35E-11,1,2.09E-11,2,2,1
9.79E-11,1,9.85E-12,2,2,1
1.43E-13,1,5.19E-14,2,2,1
4.79E-10,1,5.31E-10,2,2,1
1.82E-10,1,3.45E-09,2,2,1
5.62E-10,1,5.36E-09,2,2,1
1.27E-05,0.9999367,5.06E-05,2,2,1
0.99532783,0.004598266,7.39E-05,1,1,1
0.999999762,2.17E-07,9.41E-09,1,1,1
1,9.60E-16,1.28E-14,1,1,1
1,3.65E-15,2.61E-15,1,1,1
1,1.74E-10,7.46E-12,1,1,1
1,2.15E-09,1.00E-10,1,1,1
1,3.78E-10,1.62E-11,1,1,1
1,1.11E-10,7.20E-12,1,1,1
1,4.61E-09,1.73E-10,1,1,1
1,2.94E-13,4.41E-14,1,1,1
1,1.74E-12,3.60E-13,1,1,1
1,3.74E-09,1.64E-10,1,1,1
1,5.36E-09,2.30E-10,1,1,1
0.999999881,1.63E-07,1.05E-08,1,1,1
1,3.46E-08,6.37E-09,1,1,1
1,1.10E-08,8.22E-09,1,1,1
0.999999762,2.15E-10,2.07E-07,1,1,1
0.999988317,2.16E-09,1.16E-05,1,1,1
0.999863267,1.05E-06,0.000135682,1,1,1
0.003463897,0.1741198,0.822416365,3,3,1
9.04E-06,0.995805025,0.004185915,2,2,1
1,1.46E-19,3.78E-14,1,1,1
1,0,8.79E-33,1,1,1
1,0,5.42E-37,1,1,1
1,0,4.06E-38,1,1,1
1,0,0,1,1,1
1,0,1.38E-38,1,1,1
1,0,0,1,1,1
1,0,0,1,1,1
1,0,0,1,1,1
1,1.41E-36,2.23E-33,1,1,1
1,4.38E-31,2.07E-29,1,1,1
1,0,0,1,1,1
1,1.51E-30,1.23E-28,1,1,1
1,4.25E-28,8.37E-27,1,1,1
1,6.21E-31,5.08E-29,1,1,1
1,2.90E-33,3.52E-31,1,1,1
1,1.94E-26,2.45E-25,1,1,1
1,0,0,1,1,1
1,0,2.47E-38,1,1,1
1,0,0,1,1,1
1,0,0,1,1,1
1,1.46E-37,3.40E-36,1,1,1
1,2.23E-31,8.21E-31,1,1,1
1,1.07E-25,5.83E-26,1,1,1
0.001103879,0.998895884,2.45E-07,2,2,1
1.50E-13,1,2.38E-15,2,2,1
8.01E-18,1,8.49E-20,2,2,1
3.54E-18,1,1.26E-20,2,2,1
2.62E-18,1,2.54E-20,2,2,1
3.05E-15,1,1.17E-17,2,2,1
4.41E-20,1,6.76E-22,2,2,1
1.22E-16,1,8.09E-19,2,2,1
3.33E-17,1,3.63E-19,2,2,1
5.45E-11,1,3.44E-13,2,2,1
1.32E-16,1,2.70E-18,2,2,1
6.52E-14,1,1.02E-15,2,2,1
2.05E-11,1,1.12E-12,2,2,1
3.18E-08,1,6.30E-10,2,2,1
1,4.36E-08,8.50E-10,1,1,1
1,3.31E-13,5.42E-15,1,1,1
1,6.75E-19,1.53E-21,1,1,1
1,1.98E-24,5.43E-26,1,1,1
1,1.63E-19,8.93E-22,1,1,1
1,6.20E-18,2.98E-20,1,1,1
1,1.20E-15,8.87E-18,1,1,1
1,1.69E-30,1.12E-32,1,1,1
1,1.76E-23,4.01E-25,1,1,1
1,9.05E-10,1.78E-11,1,1,1
0.925413847,0.074532837,5.33E-05,1,1,1
2.93E-08,1,4.72E-10,2,2,1
4.54E-15,1,5.85E-16,2,2,1
6.84E-13,1,2.73E-14,2,2,1
1.06E-09,1,2.36E-11,2,2,1
4.59E-10,1,6.72E-11,2,2,1
0.000115296,0.99988234,2.44E-06,2,2,1
0.998852849,0.001144428,2.74E-06,1,1,1
0.999999404,6.36E-07,7.54E-10,1,1,1
1,2.83E-15,2.31E-17,1,1,1
1,2.61E-13,3.21E-15,1,1,1
1,6.42E-16,8.45E-18,1,1,1
1,2.80E-18,2.17E-19,1,1,1
1,3.55E-17,1.36E-18,1,1,1
1,5.34E-12,6.33E-14,1,1,1
1,6.10E-18,7.94E-20,1,1,1
1,9.61E-15,1.41E-16,1,1,1
1,4.45E-13,3.06E-15,1,1,1
1,3.77E-11,7.04E-13,1,1,1
1,3.41E-14,9.29E-17,1,1,1
1,3.12E-16,2.30E-18,1,1,1
1,4.12E-11,6.10E-13,1,1,1
1,1.14E-09,8.75E-12,1,1,1
1,1.54E-09,1.97E-12,1,1,1
1,1.84E-15,1.50E-17,1,1,1
1,8.44E-13,8.86E-15,1,1,1
1,1.48E-08,1.86E-10,1,1,1
0.997922361,0.002057307,2.04E-05,1,1,1
3.20E-05,0.999960184,7.79E-06,2,2,1
1.09E-07,0.999999881,1.41E-08,2,2,1
3.34E-08,1,1.95E-09,2,2,1
5.77E-10,1,1.73E-11,2,2,1
1.38E-11,1,2.96E-13,2,2,1
9.51E-18,1,6.44E-19,2,2,1
2.38E-15,1,6.01E-17,2,2,1
8.14E-13,1,1.08E-13,2,2,1
2.87E-13,1,1.19E-13,2,2,1
7.71E-12,1,2.06E-11,2,2,1
4.79E-12,1,2.90E-11,2,2,1
0.000157195,0.999770224,7.26E-05,2,2,1
0.999983072,1.63E-05,6.40E-07,1,1,1
1,1.14E-08,5.95E-10,1,1,1
1,1.13E-13,5.94E-14,1,1,1
1,8.49E-10,3.00E-11,1,1,1
1,1.86E-08,4.01E-10,1,1,1
1,3.41E-10,1.65E-11,1,1,1
0.999999046,1.01E-06,1.68E-08,1,1,1
1,9.18E-11,3.02E-12,1,1,1
1,3.39E-09,9.70E-11,1,1,1
1,1.38E-09,5.58E-11,1,1,1
1,4.36E-08,1.46E-09,1,1,1
1,1.93E-08,1.39E-09,1,1,1
0.999994397,5.39E-06,2.01E-07,1,1,1
0.999999762,1.95E-07,1.18E-08,1,1,1
1,2.23E-08,4.23E-09,1,1,1
1,1.82E-08,2.60E-08,1,1,1
0.999999881,3.64E-08,1.50E-07,1,1,1
0.999860883,3.05E-06,0.000136,1,1,1
0.007566761,0.00452339,0.987909794,3,3,1
0.000140569,0.130493611,0.869365811,3,3,1
1,5.74E-18,2.53E-13,1,1,1
1,2.01E-27,6.12E-21,1,1,1
1,2.42E-31,5.19E-26,1,1,1
1,0,0,1,1,1
1,0,0,1,1,1
1,1.05E-33,2.46E-29,1,1,1
1,1.67E-35,4.08E-31,1,1,1
1,0,2.76E-35,1,1,1
1,0,0,1,1,1
1,0,3.80E-38,1,1,1
1,6.96E-34,5.35E-32,1,1,1
1,1.43E-38,1.57E-34,1,1,1
1,1.40E-32,1.49E-30,1,1,1
1,3.18E-28,4.64E-27,1,1,1
1,8.63E-28,1.88E-26,1,1,1
1,8.05E-23,3.97E-22,1,1,1
1,6.29E-33,2.19E-30,1,1,1
1,3.07E-34,3.79E-32,1,1,1
1,0,0,1,1,1
1,0,0,1,1,1
1,0,0,1,1,1
1,5.49E-30,4.76E-29,1,1,1
1,8.35E-29,3.98E-28,1,1,1
1,2.61E-14,1.62E-14,1,1,1
2.70E-10,1,3.80E-12,2,2,1
7.23E-16,1,9.89E-18,2,2,1
1.26E-21,1,3.79E-23,2,2,1
2.62E-21,1,8.04E-23,2,2,1
4.25E-21,1,4.51E-23,2,2,1
4.83E-15,1,2.09E-17,2,2,1
7.93E-19,1,1.23E-20,2,2,1
3.34E-17,1,3.06E-19,2,2,1
4.97E-18,1,4.35E-20,2,2,1
3.31E-18,1,4.23E-20,2,2,1
7.46E-17,1,7.55E-19,2,2,1
3.60E-20,1,6.13E-22,2,2,1
1.48E-16,1,9.20E-18,2,2,1
6.46E-12,1,2.31E-13,2,2,1
0.990721464,0.009269338,9.26E-06,1,1,1
1,3.89E-12,4.78E-14,1,1,1
1,6.49E-22,5.94E-24,1,1,1
1,2.03E-25,1.54E-26,1,1,1
1,7.28E-18,3.44E-20,1,1,1
1,3.33E-15,1.33E-17,1,1,1
1,9.30E-20,5.84E-22,1,1,1
1,4.61E-23,2.23E-25,1,1,1
1,4.91E-19,6.78E-21,1,1,1
1,5.17E-20,7.65E-22,1,1,1
0.999569356,0.000428845,1.78E-06,1,1,1
0.006806059,0.993174136,1.98E-05,2,2,1
2.72E-06,0.999997139,7.29E-08,2,2,1
5.82E-09,1,9.15E-11,2,2,1
5.16E-07,0.999999523,4.09E-09,2,2,1
0.964208901,0.035762273,2.89E-05,1,1,1
0.099237755,0.900476635,0.000285622,2,2,1
0.999999523,4.73E-07,3.03E-09,1,1,1
1,3.02E-11,1.76E-13,1,1,1
1,1.02E-11,8.14E-14,1,1,1
1,3.29E-13,5.40E-15,1,1,1
1,2.68E-14,6.43E-16,1,1,1
1,1.60E-16,6.62E-18,1,1,1
1,3.49E-17,8.22E-19,1,1,1
1,6.52E-14,1.69E-15,1,1,1
1,4.19E-16,8.80E-18,1,1,1
1,3.05E-12,1.14E-13,1,1,1
1,8.48E-16,1.49E-17,1,1,1
1,5.28E-16,1.13E-17,1,1,1
1,3.65E-16,1.90E-18,1,1,1
1,8.54E-16,7.76E-18,1,1,1
1,2.38E-12,2.87E-14,1,1,1
1,2.46E-13,1.65E-15,1,1,1
1,2.41E-12,1.98E-14,1,1,1
1,1.61E-09,1.42E-11,1,1,1
0.999995589,4.41E-06,5.74E-08,1,1,1
0.999949694,4.98E-05,4.87E-07,1,1,1
5.42E-05,0.999939919,5.84E-06,2,2,1
2.34E-11,1,1.06E-11,2,2,1
1.65E-12,1,1.33E-13,2,2,1
4.07E-10,1,2.03E-11,2,2,1
5.25E-13,1,1.06E-14,2,2,1
1.33E-15,1,2.17E-17,2,2,1
4.59E-17,1,6.03E-19,2,2,1
3.11E-17,1,4.59E-19,2,2,1
4.20E-18,1,1.27E-19,2,2,1
3.96E-21,1,1.67E-21,2,2,1
6.85E-18,1,7.69E-18,2,2,1
6.07E-15,1,1.90E-14,2,2,1
7.56E-10,1,1.23E-09,2,2,1
0.982304811,0.017554339,0.000140877,1,1,1
1,4.34E-10,5.52E-11,1,1,1
1,2.51E-12,5.14E-13,1,1,1
1,1.80E-15,1.15E-15,1,1,1
1,7.59E-17,3.78E-17,1,1,1
1,5.00E-16,5.44E-16,1,1,1
1,9.55E-11,3.48E-12,1,1,1
0.999999762,2.33E-07,7.54E-09,1,1,1
1,2.38E-08,5.65E-10,1,1,1
1,1.16E-08,5.31E-10,1,1,1
0.999999881,1.57E-07,5.65E-09,1,1,1
0.999999166,8.17E-07,2.25E-08,1,1,1
0.99920398,0.000788982,7.06E-06,1,1,1
0.999996781,3.11E-06,7.65E-08,1,1,1
0.999967217,3.19E-05,8.59E-07,1,1,1
0.999998212,4.83E-07,1.31E-06,1,1,1
0.999944806,1.06E-05,4.46E-05,1,1,1
0.606412888,3.26E-06,0.393583834,1,3,0
0.140252978,7.56E-05,0.859671354,3,1,0
5.32E-05,0.001447433,0.998499393,3,3,1
1,1.13E-17,2.27E-14,1,1,1
1,2.64E-27,9.63E-24,1,1,1
1,3.33E-31,1.81E-26,1,1,1
1,0,0,1,1,1
1,0,0,1,1,1
1,0,8.07E-36,1,1,1
1,0,0,1,1,1
1,3.31E-35,3.50E-32,1,1,1
1,1.87E-19,3.49E-19,1,1,1
1,9.59E-35,2.26E-32,1,1,1
1,1.44E-27,3.14E-26,1,1,1
1,7.58E-25,5.93E-24,1,1,1
1,3.25E-37,9.39E-35,1,1,1
1,1.74E-29,1.15E-27,1,1,1
1,5.12E-29,9.49E-28,1,1,1
1,2.30E-26,2.30E-25,1,1,1
1,2.40E-33,1.82E-31,1,1,1
1,0,2.97E-38,1,1,1
1,0,0,1,1,1
1,2.12E-28,4.71E-28,1,1,1
1,1.48E-29,1.20E-28,1,1,1
1,9.28E-34,1.15E-31,1,1,1
1,2.05E-14,4.05E-14,1,1,1
1.07E-09,1,1.66E-12,2,2,1
2.31E-14,1,1.21E-16,2,2,1
5.85E-17,1,5.62E-19,2,2,1
4.81E-24,1,1.30E-25,2,2,1
1.09E-23,1,1.94E-25,2,2,1
3.20E-21,1,3.75E-23,2,2,1
4.24E-20,1,3.37E-22,2,2,1
2.02E-17,1,1.58E-19,2,2,1
2.15E-21,1,2.70E-23,2,2,1
8.57E-20,1,1.30E-21,2,2,1
6.85E-18,1,1.75E-19,2,2,1
1.48E-15,1,4.69E-17,2,2,1
3.55E-16,1,3.35E-17,2,2,1
7.77E-09,1,5.74E-11,2,2,1
0.936007619,0.063972227,2.02E-05,1,1,1
1,2.18E-12,3.22E-13,1,1,1
1,1.08E-14,5.25E-15,1,1,1
1,9.66E-22,1.06E-22,1,1,1
1,1.89E-18,2.44E-19,1,1,1
1,1.23E-24,1.64E-24,1,1,1
1,5.71E-23,5.91E-24,1,1,1
1,1.89E-26,4.01E-28,1,1,1
1,3.38E-21,1.83E-23,1,1,1
1,1.51E-19,4.97E-21,1,1,1
1,2.06E-09,2.65E-11,1,1,1
0.999999881,1.71E-07,7.12E-10,1,1,1
0.088934921,0.910966754,9.84E-05,2,2,1
0.999794185,0.000203252,2.57E-06,1,1,1
1,2.45E-13,4.78E-10,1,1,1
1,4.90E-12,1.19E-09,1,1,1
1,1.33E-08,2.56E-10,1,1,1
1,3.55E-13,5.48E-15,1,1,1
1,9.12E-15,1.77E-16,1,1,1
1,1.25E-17,2.01E-19,1,1,1
1,2.74E-15,2.78E-17,1,1,1
1,4.73E-13,4.20E-15,1,1,1
1,5.90E-16,3.65E-17,1,1,1
1,2.37E-14,3.35E-16,1,1,1
1,2.29E-11,4.48E-13,1,1,1
1,1.80E-12,2.80E-14,1,1,1
1,4.35E-19,1.79E-20,1,1,1
1,2.88E-14,6.97E-16,1,1,1
1,7.49E-13,1.71E-14,1,1,1
1,3.07E-14,3.25E-16,1,1,1
1,6.30E-10,1.52E-11,1,1,1
1,1.40E-12,8.08E-15,1,1,1
1,1.00E-12,7.73E-15,1,1,1
1,4.11E-09,6.60E-11,1,1,1
1,9.03E-10,6.09E-12,1,1,1
1,1.61E-09,1.41E-11,1,1,1
0.99936384,0.000629538,6.62E-06,1,1,1
0.00011679,0.999878645,4.49E-06,2,2,1
4.90E-13,1,3.99E-14,2,2,1
1.63E-14,1,3.33E-16,2,2,1
4.69E-12,1,2.17E-14,2,2,1
1.03E-12,1,4.32E-15,2,2,1
1.72E-18,1,1.19E-20,2,2,1
4.29E-17,1,3.76E-19,2,2,1
1.58E-21,1,5.89E-23,2,2,1
7.09E-22,1,2.78E-23,2,2,1
4.84E-22,1,1.52E-23,2,2,1
3.84E-20,1,3.64E-21,2,2,1
9.80E-18,1,2.38E-18,2,2,1
2.57E-13,1,2.64E-13,2,2,1
1.27E-05,0.999975085,1.21E-05,2,2,1
1,3.88E-09,8.49E-10,1,1,1
1,1.70E-13,4.47E-13,1,1,1
1,1.26E-16,3.63E-16,1,1,1
1,5.31E-16,1.82E-16,1,1,1
1,2.58E-21,9.07E-20,1,1,1
1,1.97E-10,2.19E-11,1,1,1
0.999999881,9.03E-08,7.33E-09,1,1,1
1,5.87E-08,2.66E-09,1,1,1
0.997748792,0.002227204,2.40E-05,1,1,1
0.999984384,1.50E-05,5.98E-07,1,1,1
0.999765575,0.000231902,2.53E-06,1,1,1
0.982390165,0.017503662,0.000106184,1,1,1
0.997472942,0.002515804,1.12E-05,1,1,1
0.999989152,1.05E-05,3.38E-07,1,1,1
0.997952342,0.001877085,0.000170653,1,1,1
0.999983668,1.14E-06,1.52E-05,1,1,1
0.961842597,1.63E-06,0.038155824,1,3,0
7.73E-06,5.24E-08,0.999992251,3,3,1
3.39E-06,2.16E-07,0.999996424,3,3,1
6.12E-07,0.000925294,0.999074101,3,3,1
1,6.24E-18,1.14E-14,1,1,1
1,1.75E-28,9.48E-24,1,1,1
1,5.65E-23,5.93E-20,1,1,1
1,9.59E-36,1.73E-31,1,1,1
1,0,9.12E-34,1,1,1
1,7.50E-29,2.67E-26,1,1,1
1,0,1.73E-35,1,1,1
1,8.68E-30,1.95E-28,1,1,1
1,0,1.66E-35,1,1,1
1,7.13E-34,1.58E-31,1,1,1
1,6.26E-23,2.05E-22,1,1,1
1,6.88E-17,5.90E-17,1,1,1
1,2.06E-35,8.41E-33,1,1,1
1,1.43E-27,4.29E-26,1,1,1
1,2.38E-18,2.32E-18,1,1,1
1,0,0,1,1,1
1,3.22E-32,3.55E-30,1,1,1
1,5.97E-34,9.08E-32,1,1,1
1,2.05E-28,7.27E-27,1,1,1
1,1.45E-31,3.21E-30,1,1,1
1,3.52E-35,7.35E-34,1,1,1
1,1.29E-14,3.56E-15,1,1,1
1,6.24E-10,2.55E-10,1,1,1
1.34E-07,0.999999881,9.37E-11,2,2,1
4.50E-18,1,3.42E-20,2,2,1
1.71E-17,1,1.90E-19,2,2,1
4.72E-20,1,7.47E-22,2,2,1
8.58E-23,1,1.57E-24,2,2,1
9.90E-22,1,9.12E-24,2,2,1
2.60E-24,1,4.31E-26,2,2,1
4.03E-23,1,8.92E-25,2,2,1
8.76E-19,1,1.01E-20,2,2,1
6.96E-21,1,9.67E-23,2,2,1
1.15E-21,1,7.83E-23,2,2,1
1.27E-18,1,2.39E-19,2,2,1
3.98E-15,1,2.08E-16,2,2,1
2.36E-12,1,9.54E-14,2,2,1
2.47E-06,0.999997497,7.93E-09,2,2,1
1,7.04E-09,4.93E-10,1,1,1
1,3.84E-17,5.69E-16,1,1,1
1,1.41E-23,7.49E-23,1,1,1
1,5.99E-21,6.83E-22,1,1,1
1,3.68E-15,7.15E-17,1,1,1
1,2.50E-17,2.50E-19,1,1,1
1,1.16E-17,2.10E-19,1,1,1
1,4.84E-21,2.48E-23,1,1,1
1,4.45E-21,3.51E-23,1,1,1
1,3.71E-16,5.43E-18,1,1,1
1,2.79E-09,8.09E-11,1,1,1
1,2.39E-11,1.01E-12,1,1,1
1,2.78E-14,1.10E-11,1,1,1
0.999999762,1.83E-12,1.86E-07,1,1,1
1,1.49E-15,2.45E-10,1,1,1
1,4.44E-13,2.18E-12,1,1,1
1,9.92E-14,2.43E-14,1,1,1
1,2.32E-13,4.86E-15,1,1,1
1,7.03E-19,1.36E-20,1,1,1
1,7.95E-16,3.85E-17,1,1,1
1,1.25E-14,2.22E-16,1,1,1
1,6.57E-18,1.04E-18,1,1,1
1,7.28E-13,1.13E-14,1,1,1
1,3.56E-14,3.68E-15,1,1,1
1,1.03E-16,1.14E-16,1,1,1
1,9.64E-16,1.93E-16,1,1,1
1,2.46E-14,1.22E-15,1,1,1
1,5.49E-13,3.03E-14,1,1,1
1,9.10E-13,2.38E-14,1,1,1
1,1.71E-14,1.55E-16,1,1,1
1,9.22E-10,1.38E-11,1,1,1
1,1.23E-09,1.89E-11,1,1,1
1,1.34E-13,2.76E-15,1,1,1
1,5.15E-18,1.00E-19,1,1,1
1,1.27E-12,3.83E-15,1,1,1
0.99829179,0.001691654,1.65E-05,1,1,1
5.16E-05,0.999944687,3.67E-06,2,2,1
8.52E-13,1,3.12E-14,2,2,1
1.09E-13,1,1.62E-15,2,2,1
3.35E-12,1,1.97E-14,2,2,1
4.52E-14,1,3.12E-16,2,2,1
1.55E-13,1,3.75E-16,2,2,1
9.46E-17,1,4.24E-19,2,2,1
1.64E-19,1,2.42E-21,2,2,1
1.84E-15,1,9.39E-18,2,2,1
2.31E-19,1,4.31E-21,2,2,1
1.67E-23,1,2.46E-24,2,2,1
7.95E-17,1,2.18E-17,2,2,1
4.00E-12,1,1.65E-11,2,2,1
1.63E-07,0.999999285,5.94E-07,2,2,1
0.99991715,7.96E-05,3.17E-06,1,1,1
1,8.58E-13,1.54E-12,1,1,1
1,4.92E-11,4.25E-12,1,1,1
1,2.72E-08,6.09E-10,1,1,1
1,6.97E-10,4.39E-11,1,1,1
0.999989867,9.52E-06,5.99E-07,1,1,1
0.97819978,0.021594413,0.000205845,1,1,1
0.001223769,0.998596489,0.000179695,2,2,1
0.028502585,0.96850419,0.002993228,2,2,1
0.006563828,0.992014408,0.001421699,2,2,1
0.010892038,0.988545001,0.000562909,2,2,1
0.006564808,0.992893755,0.000541351,2,2,1
0.05292039,0.94588089,0.001198775,2,2,1
0.070949353,0.925919831,0.003130768,2,2,1
0.989418447,0.010502414,7.92E-05,1,1,1
0.996313989,0.002643768,0.001042181,1,1,1
0.446332842,0.00053211,0.553135037,3,1,0
0.001321778,0.000244295,0.998433888,3,3,1
6.26E-07,5.12E-11,0.999999404,3,3,1
2.56E-05,0.003219176,0.996755183,3,3,1
0.000201621,2.31E-05,0.999775231,3,3,1
1,2.01E-10,7.23E-10,1,1,1
1,3.69E-19,6.55E-17,1,1,1
1,4.20E-21,3.77E-19,1,1,1
1,1.32E-21,1.87E-20,1,1,1
1,4.91E-28,5.48E-25,1,1,1
1,6.68E-27,4.49E-25,1,1,1
1,1.21E-22,1.22E-21,1,1,1
1,7.72E-23,3.60E-22,1,1,1
1,3.19E-20,8.16E-20,1,1,1
1,1.56E-24,5.58E-24,1,1,1
1,3.17E-16,2.93E-16,1,1,1
1,1.13E-17,5.31E-18,1,1,1
1,2.68E-13,9.12E-14,1,1,1
1,3.57E-27,2.96E-26,1,1,1
1,1.32E-26,1.89E-25,1,1,1
1,0,0,1,1,1
1,1.80E-31,8.36E-30,1,1,1
1,6.94E-30,2.21E-28,1,1,1
1,2.91E-35,2.63E-33,1,1,1
1,0,0,1,1,1
1,4.33E-22,7.60E-22,1,1,1
1,6.29E-22,2.06E-22,1,1,1
0.999997616,2.41E-06,7.47E-09,1,1,1
2.37E-10,1,3.09E-13,2,2,1
3.02E-18,1,3.06E-20,2,2,1
8.01E-17,1,6.98E-19,2,2,1
1.60E-20,1,1.80E-22,2,2,1
3.64E-18,1,4.35E-20,2,2,1
3.95E-18,1,3.18E-20,2,2,1
8.04E-23,1,1.26E-24,2,2,1
1.58E-23,1,2.76E-25,2,2,1
3.80E-19,1,5.06E-21,2,2,1
1.57E-18,1,1.54E-20,2,2,1
4.09E-21,1,1.11E-22,2,2,1
2.22E-18,1,1.44E-19,2,2,1
1.63E-14,1,1.56E-15,2,2,1
2.74E-15,1,1.28E-16,2,2,1
2.95E-10,1,1.13E-12,2,2,1
0.999995708,1.66E-06,2.67E-06,1,1,1
1,1.89E-14,2.09E-12,1,1,1
1,3.33E-21,2.18E-19,1,1,1
1,4.19E-17,3.53E-17,1,1,1
1,3.61E-15,4.20E-15,1,1,1
1,1.17E-14,5.10E-16,1,1,1
1,3.41E-13,7.53E-15,1,1,1
1,4.82E-23,5.21E-25,1,1,1
1,1.87E-25,2.38E-26,1,1,1
1,5.47E-19,1.14E-20,1,1,1
1,7.24E-20,8.84E-17,1,1,1
1,3.75E-16,6.69E-10,1,1,1
1,1.88E-19,2.97E-11,1,1,1
1,1.18E-17,8.94E-10,1,1,1
1,6.35E-19,6.03E-12,1,1,1
1,5.19E-16,8.04E-12,1,1,1
1,2.60E-18,3.86E-16,1,1,1
1,3.51E-18,5.01E-18,1,1,1
1,1.27E-18,7.92E-20,1,1,1
1,4.03E-16,2.19E-17,1,1,1
1,8.08E-17,2.82E-18,1,1,1
1,2.70E-21,6.47E-20,1,1,1
1,2.37E-16,9.19E-17,1,1,1
1,3.93E-14,2.44E-14,1,1,1
1,1.13E-13,2.20E-13,1,1,1
1,2.65E-16,3.84E-15,1,1,1
1,1.37E-11,4.23E-12,1,1,1
1,8.48E-10,1.64E-10,1,1,1
1,3.03E-10,1.57E-11,1,1,1
1,2.69E-11,8.65E-13,1,1,1
1,3.89E-14,2.17E-15,1,1,1
1,3.57E-14,5.99E-16,1,1,1
1,2.06E-16,3.12E-18,1,1,1
1,5.92E-18,1.98E-19,1,1,1
1,2.71E-12,2.75E-14,1,1,1
0.099340975,0.90009594,0.000563135,2,2,1
1.10E-08,1,2.03E-09,2,2,1
6.65E-11,1,1.33E-12,2,2,1
2.59E-15,1,8.92E-17,2,2,1
8.39E-14,1,1.05E-15,2,2,1
2.05E-16,1,2.02E-18,2,2,1
8.98E-16,1,7.95E-18,2,2,1
4.53E-18,1,1.18E-20,2,2,1
4.18E-19,1,5.66E-21,2,2,1
1.64E-21,1,2.38E-23,2,2,1
2.25E-23,1,1.26E-24,2,2,1
2.41E-21,1,8.90E-22,2,2,1
3.47E-19,1,1.46E-18,2,2,1
1.24E-11,1,1.05E-10,2,2,1
5.99E-08,0.999999523,3.01E-07,2,2,1
0.999810278,0.000186562,3.20E-06,1,1,1
0.999999881,9.77E-08,3.54E-09,1,1,1
1,2.76E-09,1.20E-10,1,1,1
1,5.84E-08,1.47E-09,1,1,1
0.921355665,0.078259937,0.00038444,1,1,1
1.98E-05,0.99996686,1.34E-05,2,2,1
5.98E-09,1,1.18E-08,2,2,1
1.85E-09,1,2.34E-09,2,2,1
3.06E-09,0.999999881,1.51E-07,2,2,1
6.15E-09,0.999999523,4.32E-07,2,2,1
6.03E-09,0.99999845,1.52E-06,2,2,1
8.21E-05,0.999865055,5.28E-05,2,2,1
0.00917369,0.989700437,0.001125851,2,2,1
0.020217076,0.978149712,0.001633171,2,2,1
0.346693128,0.650251448,0.003055335,2,2,1
0.996536851,0.000907052,0.002556086,1,1,1
0.975445747,0.004759162,0.019795101,1,1,1
0.542293549,0.022231992,0.435474485,1,1,1
0.000102704,2.11E-08,0.999897242,3,3,1
4.24E-05,5.34E-06,0.999952197,3,3,1
0.000984871,0.000258095,0.998757005,3,3,1
0.024781732,1.18E-05,0.975206435,3,3,1
1,4.06E-11,5.41E-10,1,1,1
1,1.84E-11,3.91E-11,1,1,1
1,1.13E-10,5.33E-11,1,1,1
1,2.07E-19,1.31E-18,1,1,1
1,4.07E-31,6.84E-28,1,1,1
1,2.90E-22,9.82E-21,1,1,1
1,2.43E-28,6.28E-26,1,1,1
1,7.45E-29,3.34E-27,1,1,1
1,1.88E-23,1.32E-22,1,1,1
1,7.94E-18,6.92E-18,1,1,1
1,7.94E-14,3.97E-14,1,1,1
1,3.54E-10,1.02E-10,1,1,1
1,4.71E-10,1.00E-10,1,1,1
1,8.08E-14,1.47E-14,1,1,1
1,3.18E-29,9.78E-28,1,1,1
1,0,0,1,1,1
1,9.50E-22,1.96E-21,1,1,1
1,1.57E-29,3.38E-28,1,1,1
1,1.96E-30,6.15E-29,1,1,1
1,0,0,1,1,1
1,2.64E-33,7.13E-32,1,1,1
1,1.21E-27,6.51E-27,1,1,1
1,6.69E-13,2.56E-13,1,1,1
2.15E-07,0.999999762,2.29E-10,2,2,1
1.26E-16,1,7.76E-19,2,2,1
3.98E-21,1,2.81E-23,2,2,1
1.07E-17,1,1.31E-19,2,2,1
5.38E-25,1,9.72E-27,2,2,1
2.71E-18,1,2.36E-20,2,2,1
5.84E-22,1,1.41E-23,2,2,1
8.00E-20,1,1.21E-21,2,2,1
7.21E-18,1,1.17E-19,2,2,1
4.06E-18,1,2.96E-20,2,2,1
4.63E-20,1,3.25E-22,2,2,1
2.14E-22,1,8.13E-24,2,2,1
3.36E-19,1,2.77E-20,2,2,1
4.34E-17,1,2.45E-18,2,2,1
6.48E-12,1,3.94E-14,2,2,1
0.96740216,0.032587808,9.98E-06,1,1,1
1,2.87E-08,1.23E-08,1,1,1
1,5.04E-11,7.58E-10,1,1,1
1,1.42E-12,3.85E-11,1,1,1
0.999987245,1.28E-05,1.23E-08,1,1,1
0.999812782,0.000187189,1.93E-10,1,1,1
1,8.91E-10,1.73E-11,1,1,1
1,2.06E-12,1.33E-14,1,1,1
1,3.34E-14,8.83E-16,1,1,1
1,4.97E-18,2.07E-15,1,1,1
1,6.14E-17,5.08E-09,1,1,1
0.999999285,1.18E-15,7.43E-07,1,1,1
1,1.76E-21,1.11E-10,1,1,1
1,3.12E-26,2.97E-15,1,1,1
1,1.77E-26,8.83E-17,1,1,1
1,8.54E-18,1.67E-12,1,1,1
1,2.06E-21,7.64E-17,1,1,1
1,3.42E-15,3.01E-16,1,1,1
1,1.42E-16,8.45E-18,1,1,1
1,5.05E-16,5.17E-17,1,1,1
1,1.83E-23,5.45E-23,1,1,1
1,4.25E-24,1.69E-22,1,1,1
1,4.24E-17,8.00E-17,1,1,1
1,1.61E-09,1.31E-10,1,1,1
1,6.70E-13,2.46E-12,1,1,1
1,8.20E-15,2.12E-13,1,1,1
1,5.38E-18,2.82E-16,1,1,1
1,2.67E-11,7.17E-11,1,1,1
1,2.58E-10,1.94E-11,1,1,1
1,7.44E-10,5.82E-11,1,1,1
1,3.41E-10,2.52E-11,1,1,1
1,1.14E-08,1.26E-09,1,1,1
1,2.07E-13,1.81E-14,1,1,1
1,2.10E-09,6.18E-11,1,1,1
1,2.26E-10,1.07E-12,1,1,1
0.000903522,0.999049127,4.73E-05,2,2,1
2.37E-08,1,2.42E-09,2,2,1
2.55E-14,1,1.19E-15,2,2,1
4.09E-15,1,4.03E-17,2,2,1
2.04E-16,1,1.62E-18,2,2,1
5.14E-13,1,2.52E-15,2,2,1
2.13E-14,1,1.26E-16,2,2,1
2.94E-17,1,2.90E-19,2,2,1
4.59E-16,1,1.01E-17,2,2,1
7.18E-20,1,2.30E-21,2,2,1
1.49E-17,1,2.00E-18,2,2,1
1.73E-15,1,3.61E-15,2,2,1
3.97E-10,1,7.71E-10,2,2,1
9.92E-07,0.999997258,1.80E-06,2,2,1
1.96E-07,0.999999523,2.48E-07,2,2,1
0.000771649,0.99914062,8.77E-05,2,2,1
0.980200052,0.01969873,0.000101145,1,1,1
0.984385431,0.015520998,9.35E-05,1,1,1
0.001018134,0.998909831,7.20E-05,2,2,1
4.01E-06,0.999992609,3.31E-06,2,2,1
1.52E-08,1,8.39E-09,2,2,1
8.73E-09,1,3.02E-10,2,2,1
1.01E-12,1,4.80E-14,2,2,1
7.42E-13,1,1.21E-13,2,2,1
3.65E-12,1,3.57E-11,2,2,1
2.52E-09,1,3.34E-08,2,2,1
9.60E-09,0.999999404,5.54E-07,2,2,1
6.37E-05,0.99984026,9.59E-05,2,2,1
0.000189963,0.999444306,0.000365816,2,2,1
0.015159382,0.983476281,0.001364342,2,2,1
0.547658265,0.437997222,0.014344477,1,2,0
0.126114473,0.116079599,0.757805943,3,3,1
0.006037379,0.001877452,0.992085159,3,3,1
0.741405964,0.038158782,0.220435306,1,1,1
0.135811821,0.002388054,0.861800134,3,1,0
3.76E-05,4.24E-10,0.999962449,3,3,1
0.001153935,4.48E-08,0.998846054,3,3,1
0.987587631,0.000496432,0.011915931,1,1,1
0.999998927,7.40E-07,3.60E-07,1,1,1
1,3.37E-09,2.40E-09,1,1,1
1,2.12E-09,4.89E-10,1,1,1
1,1.69E-19,9.51E-19,1,1,1
1,1.42E-27,5.39E-25,1,1,1
1,1.09E-17,1.89E-17,1,1,1
1,4.84E-21,1.08E-20,1,1,1
1,5.60E-19,9.32E-19,1,1,1
1,2.38E-09,4.75E-10,1,1,1
1,3.27E-09,4.48E-10,1,1,1
0.999994874,4.77E-06,4.05E-07,1,1,1
0.999976039,2.26E-05,1.40E-06,1,1,1
0.999571025,0.000407154,2.18E-05,1,1,1
1,3.34E-08,3.48E-09,1,1,1
1,4.31E-18,1.05E-18,1,1,1
1,2.09E-25,1.01E-24,1,1,1
1,6.41E-23,2.44E-22,1,1,1
1,2.63E-19,1.59E-19,1,1,1
1,4.56E-21,5.81E-21,1,1,1
1,5.01E-18,3.01E-18,1,1,1
1,7.06E-16,2.59E-16,1,1,1
1,6.94E-23,7.20E-23,1,1,1
1,1.22E-12,3.54E-13,1,1,1
9.36E-05,0.999906421,1.75E-09,2,2,1
2.23E-15,1,2.22E-17,2,2,1
1.10E-21,1,1.75E-23,2,2,1
5.36E-21,1,1.32E-22,2,2,1
5.62E-19,1,5.75E-21,2,2,1
1.26E-22,1,2.38E-24,2,2,1
1.98E-20,1,2.76E-22,2,2,1
4.33E-22,1,5.71E-24,2,2,1
6.66E-23,1,1.81E-24,2,2,1
1.86E-19,1,3.12E-21,2,2,1
2.43E-15,1,1.78E-17,2,2,1
2.81E-21,1,1.01E-22,2,2,1
7.49E-22,1,2.21E-23,2,2,1
1.48E-18,1,3.05E-20,2,2,1
1.97E-13,1,5.32E-15,2,2,1
3.73E-12,1,8.52E-14,2,2,1
0.999081373,0.000915172,3.48E-06,1,1,1
0.999999285,1.80E-08,7.68E-07,1,1,1
0.999166846,0.00083299,2.68E-07,1,1,1
2.92E-06,0.999997139,1.09E-10,2,2,1
1.44E-07,0.999999881,3.91E-10,2,2,1
0.999670863,0.000329037,1.06E-07,1,1,1
1,5.96E-10,6.40E-11,1,1,1
1,2.94E-14,1.26E-13,1,1,1
1,9.67E-18,6.39E-12,1,1,1
1,2.58E-16,1.76E-09,1,1,1
0.999999523,4.62E-17,5.26E-07,1,1,1
1,1.66E-23,1.84E-09,1,1,1
1,1.28E-20,4.04E-12,1,1,1
1,2.37E-25,1.75E-16,1,1,1
1,1.14E-17,4.56E-13,1,1,1
1,7.18E-18,1.01E-14,1,1,1
1,1.35E-16,2.16E-17,1,1,1
1,2.11E-14,1.35E-15,1,1,1
1,2.68E-15,2.25E-16,1,1,1
1,6.97E-22,4.89E-21,1,1,1
1,5.32E-18,7.87E-18,1,1,1
1,2.46E-13,1.81E-13,1,1,1
1,4.13E-13,1.90E-13,1,1,1
1,2.51E-16,4.88E-14,1,1,1
1,9.60E-15,5.55E-11,1,1,1
1,4.72E-16,2.09E-14,1,1,1
1,2.25E-10,1.93E-09,1,1,1
1,2.83E-09,2.15E-09,1,1,1
1,2.07E-09,5.74E-10,1,1,1
1,2.86E-09,9.10E-10,1,1,1
1,2.60E-09,6.20E-09,1,1,1
1,2.18E-10,5.24E-11,1,1,1
1,3.19E-09,1.39E-10,1,1,1
0.999999881,6.22E-08,7.46E-10,1,1,1
0.000392721,0.999594629,1.27E-05,2,2,1
3.98E-09,1,2.26E-10,2,2,1
6.85E-13,1,1.38E-14,2,2,1
1.55E-15,1,2.48E-17,2,2,1
1.94E-15,1,1.12E-17,2,2,1
1.35E-13,1,8.03E-16,2,2,1
2.34E-15,1,1.74E-17,2,2,1
1.10E-15,1,9.55E-18,2,2,1
3.25E-11,1,1.45E-13,2,2,1
5.03E-16,1,6.25E-17,2,2,1
1.21E-14,1,1.54E-14,2,2,1
6.42E-11,1,2.76E-10,2,2,1
1.11E-05,0.999979019,9.90E-06,2,2,1
0.268347383,0.730858207,0.000794435,2,1,0
3.91E-06,0.999991894,4.19E-06,2,2,1
1.13E-07,0.999999762,1.35E-07,2,2,1
3.55E-05,0.999956369,8.15E-06,2,2,1
1.20E-08,1,1.76E-08,2,2,1
4.63E-07,0.999999404,1.66E-07,2,2,1
3.11E-06,0.999996305,6.11E-07,2,2,1
2.78E-10,1,4.27E-11,2,2,1
1.69E-11,1,3.56E-13,2,2,1
7.92E-14,1,2.33E-15,2,2,1
2.26E-12,1,6.28E-14,2,2,1
3.86E-13,1,4.07E-14,2,2,1
8.47E-13,1,1.05E-12,2,2,1
1.84E-12,1,7.96E-12,2,2,1
1.74E-07,0.999998093,1.84E-06,2,2,1
1.21E-05,0.999950409,3.76E-05,2,2,1
0.158281922,0.839338958,0.002379048,2,2,1
0.308741391,0.686462224,0.004796412,2,2,1
0.097311467,0.869348407,0.033340137,2,2,1
0.004738247,0.260808229,0.734453559,3,3,1
0.591156125,0.031941917,0.376902044,1,1,1
0.992163539,0.004632905,0.003203429,1,1,1
0.002649344,7.69E-09,0.997350693,3,3,1
1.25E-07,2.32E-12,0.999999881,3,3,1
3.89E-06,7.40E-10,0.999996066,3,3,1
0.933599472,0.000102627,0.066297874,1,1,1
0.999720037,0.000260224,1.97E-05,1,1,1
0.999997139,2.34E-06,5.17E-07,1,1,1
1,3.24E-09,1.13E-09,1,1,1
1,4.38E-08,9.34E-09,1,1,1
1,2.35E-16,3.93E-16,1,1,1
1,4.76E-11,1.85E-11,1,1,1
1,2.48E-09,6.78E-10,1,1,1
1,2.64E-11,6.63E-12,1,1,1
1,2.01E-10,3.83E-11,1,1,1
0.999996185,3.46E-06,3.01E-07,1,1,1
0.999992967,6.70E-06,3.40E-07,1,1,1
0.999841213,0.000153285,5.50E-06,1,1,1
0.999352992,0.000616583,3.04E-05,1,1,1
0.999728262,0.000257833,1.39E-05,1,1,1
0.999974728,2.35E-05,1.77E-06,1,1,1
1,5.44E-12,7.88E-13,1,1,1
1,1.56E-13,6.39E-14,1,1,1
1,9.36E-18,7.68E-18,1,1,1
1,3.58E-15,1.37E-15,1,1,1
1,2.43E-17,1.77E-17,1,1,1
1,1.06E-19,8.92E-20,1,1,1
1,3.69E-19,2.72E-19,1,1,1
1,2.33E-27,1.01E-26,1,1,1
1,9.00E-16,5.38E-16,1,1,1
6.96E-09,1,4.77E-12,2,2,1
1.56E-13,1,7.68E-16,2,2,1
1.78E-18,1,1.88E-20,2,2,1
4.42E-21,1,7.96E-23,2,2,1
5.13E-24,1,1.60E-25,2,2,1
2.15E-19,1,4.51E-21,2,2,1
2.20E-20,1,2.76E-22,2,2,1
6.79E-19,1,1.31E-20,2,2,1
2.82E-23,1,7.17E-25,2,2,1
7.72E-18,1,1.21E-19,2,2,1
2.18E-16,1,4.75E-18,2,2,1
3.23E-16,1,6.24E-18,2,2,1
6.86E-16,1,7.55E-18,2,2,1
1.09E-18,1,2.99E-20,2,2,1
6.68E-20,1,1.92E-21,2,2,1
3.53E-12,1,9.11E-14,2,2,1
1.40E-11,1,4.89E-13,2,2,1
1.37E-09,1,6.14E-12,2,2,1
1.08E-10,1,1.02E-12,2,2,1
5.50E-11,1,3.96E-13,2,2,1
0.263505667,0.736490548,3.80E-06,2,1,0
0.999999166,1.09E-07,6.94E-07,1,1,1
1,2.47E-12,3.79E-11,1,1,1
1,2.99E-13,1.20E-09,1,1,1
1,9.05E-15,2.59E-08,1,1,1
1,5.49E-16,3.73E-08,1,1,1
1,6.97E-24,2.05E-10,1,1,1
1,1.18E-20,7.96E-12,1,1,1
1,1.34E-21,4.89E-14,1,1,1
1,4.62E-18,1.72E-12,1,1,1
1,3.60E-19,8.59E-16,1,1,1
1,2.41E-20,1.69E-19,1,1,1
1,9.55E-17,8.09E-18,1,1,1
1,1.05E-19,3.04E-20,1,1,1
1,6.86E-20,1.02E-20,1,1,1
1,3.72E-19,1.20E-19,1,1,1
1,1.57E-18,2.93E-19,1,1,1
1,5.84E-19,1.64E-18,1,1,1
1,9.36E-16,1.67E-15,1,1,1
1,2.78E-15,2.05E-14,1,1,1
1,2.31E-12,7.48E-12,1,1,1
1,4.86E-11,1.65E-09,1,1,1
1,1.64E-16,2.88E-14,1,1,1
1,4.30E-14,2.97E-11,1,1,1
0.999999642,6.83E-08,2.16E-07,1,1,1
1,1.30E-09,6.62E-09,1,1,1
0.999999762,2.12E-07,3.42E-08,1,1,1
1,3.06E-08,2.61E-09,1,1,1
0.999896765,0.000102464,7.55E-07,1,1,1
6.23E-07,0.999999404,3.89E-08,2,2,1
1.84E-12,1,2.99E-14,2,2,1
3.81E-14,1,2.50E-16,2,2,1
5.37E-15,1,6.51E-17,2,2,1
1.14E-15,1,7.93E-18,2,2,1
1.74E-14,1,1.35E-16,2,2,1
3.33E-13,1,3.59E-15,2,2,1
8.85E-16,1,1.10E-17,2,2,1
9.51E-17,1,2.03E-18,2,2,1
1.93E-15,1,1.02E-15,2,2,1
3.49E-15,1,3.55E-14,2,2,1
2.92E-07,0.999999046,7.17E-07,2,2,1
1.89E-05,0.999945521,3.56E-05,2,2,1
2.79E-05,0.9999125,5.96E-05,2,2,1
6.95E-05,0.999892354,3.81E-05,2,2,1
1.02E-07,0.999999881,3.35E-08,2,2,1
9.01E-15,1,3.42E-14,2,2,1
2.25E-15,1,5.89E-15,2,2,1
1.31E-09,1,6.00E-10,2,2,1
4.62E-10,1,2.39E-10,2,2,1
2.33E-08,1,2.49E-10,2,2,1
1.49E-20,1,8.86E-22,2,2,1
3.07E-17,1,1.41E-19,2,2,1
1.66E-16,1,7.84E-19,2,2,1
1.09E-18,1,3.58E-20,2,2,1
8.24E-13,1,3.30E-14,2,2,1
2.12E-11,1,1.96E-12,2,2,1
2.36E-06,0.999997258,3.64E-07,2,2,1
1.88E-05,0.999976158,5.02E-06,2,2,1
0.001241633,0.998401463,0.00035692,2,2,1
0.996657372,0.003248117,9.44E-05,1,1,1
0.171476886,0.808510423,0.02001261,2,2,1
0.204910055,0.772912383,0.022177575,2,2,1
0.999641538,0.000314896,4.36E-05,1,1,1
0.991543531,0.004921963,0.003534427,1,1,1
0.363609761,3.81E-07,0.636389852,3,3,1
0.001035446,7.74E-08,0.998964429,3,3,1
0.145440161,3.82E-06,0.854556024,3,3,1
0.910600245,0.036776852,0.052622836,1,1,1
4.71E-05,0.000322667,0.999630213,3,3,1
0.999995112,3.97E-06,9.96E-07,1,1,1
1,8.72E-11,8.87E-11,1,1,1
0.999999881,1.00E-07,1.77E-08,1,1,1
1,1.09E-09,3.29E-10,1,1,1
1,2.35E-14,1.81E-14,1,1,1
1,6.33E-09,1.84E-09,1,1,1
1,3.98E-08,5.28E-09,1,1,1
0.999818742,0.000171169,1.02E-05,1,1,1
0.999996543,3.23E-06,2.45E-07,1,1,1
0.999984503,1.48E-05,7.64E-07,1,1,1
0.999999762,2.00E-07,9.62E-09,1,1,1
0.999978542,2.01E-05,1.31E-06,1,1,1
0.999823153,0.000168856,7.96E-06,1,1,1
0.999377728,0.000591875,3.04E-05,1,1,1
0.999449909,0.000524119,2.60E-05,1,1,1
1,2.50E-13,4.78E-14,1,1,1
1,2.63E-21,3.81E-21,1,1,1
1,2.49E-24,8.55E-24,1,1,1
1,1.80E-28,3.94E-27,1,1,1
1,1.76E-21,3.90E-21,1,1,1
1,6.21E-33,4.12E-31,1,1,1
1,1.02E-26,1.78E-26,1,1,1
1,1.32E-20,4.89E-21,1,1,1
0.999999881,7.98E-08,8.34E-10,1,1,1
5.42E-15,1,1.19E-17,2,2,1
1.99E-18,1,4.33E-20,2,2,1
1.80E-21,1,5.57E-23,2,2,1
2.07E-23,1,4.46E-25,2,2,1
3.69E-21,1,4.18E-23,2,2,1
6.59E-19,1,8.51E-21,2,2,1
9.95E-21,1,1.60E-22,2,2,1
1.50E-21,1,2.00E-23,2,2,1
6.19E-15,1,6.33E-17,2,2,1
1.05E-17,1,2.05E-19,2,2,1
3.22E-24,1,1.29E-25,2,2,1
1.48E-23,1,3.80E-25,2,2,1
2.66E-15,1,2.17E-17,2,2,1
7.97E-17,1,2.08E-18,2,2,1
1.58E-09,1,1.60E-11,2,2,1
3.41E-13,1,5.28E-15,2,2,1
4.13E-18,1,7.82E-20,2,2,1
1.17E-19,1,1.73E-21,2,2,1
1.76E-14,1,2.33E-16,2,2,1
9.70E-12,1,1.35E-13,2,2,1
0.825897217,0.174026489,7.63E-05,1,1,1
1,1.22E-12,2.00E-09,1,1,1
1,1.93E-15,3.91E-10,1,1,1
1,7.14E-15,4.33E-08,1,1,1
1,1.19E-18,1.64E-08,1,1,1
1,1.11E-17,3.90E-09,1,1,1
1,2.54E-20,1.11E-11,1,1,1
1,1.41E-24,1.13E-14,1,1,1
1,1.78E-14,7.87E-11,1,1,1
1,4.83E-18,7.98E-15,1,1,1
1,2.13E-19,1.77E-18,1,1,1
1,1.43E-17,6.91E-17,1,1,1
1,1.12E-23,2.72E-22,1,1,1
1,3.93E-11,2.44E-12,1,1,1
1,3.33E-17,2.93E-18,1,1,1
1,1.12E-18,1.51E-19,1,1,1
1,2.04E-20,1.47E-21,1,1,1
1,7.09E-20,9.48E-21,1,1,1
1,5.26E-19,2.71E-19,1,1,1
1,4.30E-17,1.24E-17,1,1,1
1,1.70E-13,8.64E-13,1,1,1
1,8.08E-13,7.33E-11,1,1,1
1,3.14E-09,8.10E-09,1,1,1
0.999999762,1.22E-08,1.98E-07,1,1,1
0.999992847,9.80E-07,6.18E-06,1,1,1
0.999999762,5.45E-08,2.31E-07,1,1,1
1,1.03E-13,1.22E-13,1,1,1
0.999833822,0.000164657,1.58E-06,1,1,1
0.004675798,0.995316505,7.68E-06,2,2,1
1.22E-14,1,1.84E-15,2,2,1
5.91E-14,1,1.79E-15,2,2,1
1.32E-13,1,1.12E-15,2,2,1
3.48E-13,1,4.07E-15,2,2,1
2.73E-13,1,2.13E-15,2,2,1
5.58E-17,1,1.43E-18,2,2,1
1.84E-12,1,2.28E-14,2,2,1
7.98E-14,1,3.09E-15,2,2,1
3.71E-12,1,1.22E-11,2,2,1
1.68E-06,0.999996305,1.99E-06,2,2,1
0.002939309,0.996537447,0.000523321,2,2,1
0.011040993,0.988365054,0.000593917,2,2,1
6.90E-06,0.999981284,1.17E-05,2,2,1
7.24E-08,0.999999762,1.22E-07,2,2,1
3.27E-12,1,2.35E-12,2,2,1
3.96E-16,1,1.46E-16,2,2,1
2.28E-18,1,5.69E-19,2,2,1
7.41E-11,1,2.80E-12,2,2,1
1.64E-18,1,1.37E-19,2,2,1
3.55E-16,1,3.47E-18,2,2,1
3.09E-14,1,3.38E-16,2,2,1
1.43E-12,1,4.57E-15,2,2,1
4.78E-13,1,4.24E-15,2,2,1
4.16E-21,1,1.27E-22,2,2,1
2.46E-18,1,5.30E-20,2,2,1
1.37E-12,1,3.93E-14,2,2,1
6.03E-06,0.999993682,1.87E-07,2,2,1
2.12E-09,1,2.61E-10,2,2,1
5.96E-06,0.999985337,8.73E-06,2,2,1
0.427564085,0.56992811,0.002507815,2,2,1
0.779708862,0.218083188,0.00220794,1,2,0
0.663939178,0.333443046,0.002617835,1,2,0
0.999999523,2.78E-08,4.83E-07,1,1,1
0.999901652,6.16E-05,3.67E-05,1,1,1
0.94091171,6.83E-07,0.059087612,1,3,0
0.998302817,0.000404133,0.001293052,1,1,1
0.998882949,2.42E-05,0.001092904,1,1,1
0.817194819,0.000654002,0.182151243,1,1,1
0.001974966,2.36E-05,0.998001397,3,3,1
1.20E-07,5.02E-09,0.999999881,3,3,1
2.15E-05,4.14E-07,0.999978065,3,3,1
9.61E-11,2.54E-08,1,3,3,1
1.76E-11,4.70E-10,1,3,3,1
9.74E-08,9.85E-05,0.999901414,3,3,1
0.999926925,6.81E-05,4.98E-06,1,1,1
0.999999881,9.99E-08,5.23E-08,1,1,1
1,5.09E-13,1.03E-12,1,1,1
1,5.54E-11,2.63E-11,1,1,1
0.999973178,2.51E-05,1.68E-06,1,1,1
0.999504447,0.000474206,2.13E-05,1,1,1
0.999091506,0.000864007,4.46E-05,1,1,1
0.999998927,9.86E-07,1.43E-07,1,1,1
1,8.22E-09,1.09E-09,1,1,1
0.999999166,8.06E-07,4.35E-08,1,1,1
0.999979138,1.98E-05,1.01E-06,1,1,1
0.99997282,2.72E-05,2.40E-09,1,1,1
0.999995708,4.12E-06,1.08E-07,1,1,1
0.999452174,0.000525195,2.26E-05,1,1,1
0.999520659,0.000455844,2.35E-05,1,1,1
0.999998569,1.27E-06,1.01E-07,1,1,1
0.999997854,2.00E-06,1.37E-07,1,1,1
1,1.26E-14,1.81E-15,1,1,1
1,1.89E-14,5.32E-15,1,1,1
1,1.16E-33,3.35E-31,1,1,1
1,4.28E-26,2.23E-25,1,1,1
1,8.78E-34,1.54E-32,1,1,1
1,6.27E-28,1.42E-27,1,1,1
1,8.19E-26,9.22E-26,1,1,1
0.995843709,0.004156035,2.04E-07,1,1,1
1.61E-14,1,1.58E-16,2,2,1
5.38E-16,1,6.81E-18,2,2,1
1.58E-20,1,4.07E-22,2,2,1
3.64E-21,1,6.87E-23,2,2,1
1.22E-20,1,1.95E-22,2,2,1
2.39E-21,1,5.20E-23,2,2,1
1.34E-21,1,3.00E-23,2,2,1
1.60E-15,1,1.79E-17,2,2,1
2.28E-18,1,2.58E-20,2,2,1
5.46E-18,1,6.61E-20,2,2,1
5.62E-22,1,1.23E-23,2,2,1
2.15E-13,1,1.25E-15,2,2,1
1.80E-18,1,2.42E-20,2,2,1
1.54E-21,1,4.58E-23,2,2,1
3.54E-16,1,7.12E-18,2,2,1
2.70E-16,1,5.38E-18,2,2,1
2.68E-14,1,3.46E-16,2,2,1
1.04E-15,1,2.66E-17,2,2,1
2.39E-15,1,7.89E-17,2,2,1
5.63E-08,1,3.23E-10,2,2,1
0.999995947,3.71E-10,4.04E-06,1,1,1
1,2.47E-14,8.39E-09,1,1,1
0.999995589,1.07E-11,4.39E-06,1,1,1
1,2.38E-18,3.51E-09,1,1,1
0.999999642,1.14E-16,3.19E-07,1,1,1
1,2.57E-25,1.14E-11,1,1,1
1,1.12E-22,2.41E-13,1,1,1
1,2.40E-20,5.53E-14,1,1,1
1,2.79E-23,1.15E-16,1,1,1
1,3.05E-21,5.39E-18,1,1,1
1,1.60E-25,1.99E-21,1,1,1
1,1.15E-18,9.33E-18,1,1,1
1,8.99E-13,6.13E-14,1,1,1
1,2.35E-14,2.17E-15,1,1,1
1,8.37E-20,1.48E-19,1,1,1
1,1.05E-15,1.31E-16,1,1,1
1,2.16E-15,2.22E-16,1,1,1
1,7.79E-13,1.48E-13,1,1,1
1,9.25E-16,6.12E-17,1,1,1
1,1.65E-13,4.39E-13,1,1,1
1,2.59E-13,3.61E-12,1,1,1
1,1.65E-09,2.02E-08,1,1,1
0.999998808,1.54E-07,1.10E-06,1,1,1
0.999973416,1.54E-05,1.11E-05,1,1,1
0.999998808,6.40E-07,5.72E-07,1,1,1
0.999999523,1.95E-07,1.90E-07,1,1,1
1,2.58E-09,5.55E-11,1,1,1
0.965815306,0.034149781,3.49E-05,1,1,1
0.000117292,0.999882698,3.19E-08,2,2,1
6.77E-15,1,1.29E-15,2,2,1
1.92E-17,1,4.94E-19,2,2,1
1.34E-08,1,4.20E-11,2,2,1
1.97E-15,1,2.35E-17,2,2,1
7.83E-17,1,1.61E-18,2,2,1
2.07E-15,1,1.18E-16,2,2,1
2.51E-14,1,7.79E-15,2,2,1
4.71E-06,0.999994397,8.70E-07,2,2,1
0.410153449,0.588966966,0.000879622,2,1,0
0.999983191,1.67E-05,1.62E-07,1,1,1
0.99998939,1.05E-05,1.44E-07,1,1,1
0.003684122,0.996037722,0.000278108,2,2,1
2.38E-05,0.999974966,1.26E-06,2,2,1
6.53E-11,1,1.21E-11,2,2,1
3.54E-14,1,6.99E-15,2,2,1
2.58E-11,1,1.10E-12,2,2,1
5.62E-13,1,2.37E-14,2,2,1
3.86E-15,1,9.31E-17,2,2,1
2.21E-16,1,3.24E-18,2,2,1
1.47E-17,1,2.98E-19,2,2,1
3.43E-14,1,2.60E-16,2,2,1
1.17E-13,1,1.75E-15,2,2,1
1.13E-16,1,1.24E-18,2,2,1
1.21E-17,1,2.57E-19,2,2,1
1.14E-18,1,1.57E-20,2,2,1
2.17E-15,1,5.81E-17,2,2,1
1.73E-18,1,4.38E-19,2,2,1
1.97E-10,1,1.34E-10,2,2,1
5.75E-05,0.999608099,0.000334428,2,2,1
0.299400002,0.69284898,0.007751006,2,1,0
0.999848604,0.000140288,1.11E-05,1,1,1
0.999989748,9.63E-06,5.58E-07,1,1,1
0.999998927,9.54E-07,1.79E-07,1,1,1
0.999999881,5.74E-08,9.89E-08,1,1,1
0.999997973,5.57E-07,1.44E-06,1,1,1
0.999990106,3.87E-06,6.05E-06,1,1,1
0.946759999,2.02E-05,0.053219777,1,1,1
0.887282014,0.000122989,0.112594992,1,1,1
7.20E-06,2.83E-07,0.99999249,3,3,1
1.09E-06,1.38E-06,0.999997497,3,3,1
2.41E-08,5.41E-12,1,3,3,1
3.90E-09,1.33E-05,0.999986768,3,3,1
9.69E-09,1.34E-05,0.999986529,3,3,1
4.21E-11,6.52E-09,1,3,3,1
1.74E-07,0.000607475,0.99939239,3,3,1
0.996064126,0.003887381,4.84E-05,1,1,1
0.999998331,1.34E-06,3.69E-07,1,1,1
1,5.64E-08,9.19E-09,1,1,1
1,2.54E-10,6.36E-11,1,1,1
0.999969006,2.92E-05,1.77E-06,1,1,1
0.999894619,0.000100071,5.28E-06,1,1,1
0.999649644,0.00033086,1.95E-05,1,1,1
0.999984264,1.47E-05,1.11E-06,1,1,1
1,3.38E-10,4.76E-11,1,1,1
0.999997497,2.46E-06,6.10E-09,1,1,1
0.999999046,9.05E-07,5.42E-09,1,1,1
0.999960542,3.92E-05,2.27E-07,1,1,1
0.999869227,0.000128732,1.98E-06,1,1,1
0.999753654,0.000246166,7.84E-08,1,1,1
0.999988198,1.15E-05,2.63E-07,1,1,1
0.999123752,0.000833769,4.25E-05,1,1,1
1,2.16E-08,1.45E-09,1,1,1
1,2.50E-14,4.94E-15,1,1,1
1,2.49E-14,9.03E-15,1,1,1
1,1.03E-24,2.90E-24,1,1,1
1,4.14E-25,6.60E-25,1,1,1
1,6.75E-37,6.86E-35,1,1,1
1,0,0,1,1,1
1,2.73E-35,8.31E-34,1,1,1
1,1.04E-20,5.14E-21,1,1,1
0.999988317,1.17E-05,5.93E-09,1,1,1
2.94E-05,0.999970555,1.27E-08,2,2,1
6.00E-12,1,1.67E-14,2,2,1
4.20E-20,1,4.17E-22,2,2,1
1.60E-22,1,3.61E-24,2,2,1
2.30E-25,1,9.22E-27,2,2,1
2.91E-20,1,5.16E-22,2,2,1
1.74E-17,1,1.20E-19,2,2,1
3.35E-18,1,3.04E-20,2,2,1
1.55E-22,1,2.73E-24,2,2,1
1.18E-20,1,3.13E-22,2,2,1
2.18E-19,1,2.49E-21,2,2,1
2.87E-19,1,2.87E-21,2,2,1
4.04E-22,1,4.17E-24,2,2,1
2.72E-12,1,1.78E-14,2,2,1
4.67E-10,1,2.93E-12,2,2,1
1.71E-16,1,1.70E-18,2,2,1
8.30E-16,1,1.14E-17,2,2,1
2.43E-18,1,1.58E-19,2,2,1
2.44E-14,1,2.35E-15,2,2,1
0.999816,2.91E-05,0.000154989,1,1,1
0.999967813,5.24E-10,3.22E-05,1,1,1
0.999999881,4.29E-13,1.66E-07,1,1,1
1,4.30E-19,5.13E-09,1,1,1
1,1.06E-21,4.13E-12,1,1,1
1,8.30E-27,2.58E-13,1,1,1
1,4.52E-22,4.94E-11,1,1,1
1,3.88E-24,2.01E-13,1,1,1
1,5.05E-19,1.81E-12,1,1,1
1,1.60E-18,1.73E-13,1,1,1
1,1.35E-17,1.03E-12,1,1,1
1,1.87E-20,3.21E-15,1,1,1
1,2.03E-14,1.16E-14,1,1,1
1,5.39E-17,1.77E-15,1,1,1
1,2.28E-14,2.76E-13,1,1,1
1,1.27E-12,1.69E-13,1,1,1
1,3.57E-11,1.85E-12,1,1,1
1,2.83E-09,1.37E-10,1,1,1
1,1.69E-13,1.70E-14,1,1,1
1,5.87E-17,3.56E-17,1,1,1
1,2.20E-12,4.63E-13,1,1,1
1,9.84E-11,3.02E-09,1,1,1
0.999999881,1.84E-10,6.33E-08,1,1,1
0.999999404,3.72E-08,6.09E-07,1,1,1
0.999999881,2.90E-08,1.65E-07,1,1,1
1,3.28E-09,2.22E-08,1,1,1
1,1.14E-10,1.78E-11,1,1,1
0.999999404,5.65E-07,1.60E-08,1,1,1
0.990001678,0.009998057,2.84E-07,1,1,1
6.18E-11,1,1.67E-12,2,2,1
8.39E-15,1,3.04E-16,2,2,1
1.01E-11,1,1.76E-13,2,2,1
1.76E-14,1,2.53E-16,2,2,1
2.49E-15,1,9.60E-17,2,2,1
1.31E-11,1,2.84E-12,2,2,1
4.71E-08,1,3.70E-09,2,2,1
0.081697598,0.917616129,0.000686311,2,2,1
0.999941707,5.74E-05,7.96E-07,1,1,1
1,1.29E-08,1.63E-10,1,1,1
0.999995828,4.01E-06,9.90E-08,1,1,1
0.752952576,0.245425478,0.001621947,1,2,0
7.37E-05,0.999909759,1.65E-05,2,2,1
5.57E-08,1,3.93E-09,2,2,1
2.40E-13,1,2.46E-14,2,2,1
2.78E-15,1,2.17E-16,2,2,1
9.39E-14,1,2.25E-15,2,2,1
6.08E-16,1,2.12E-17,2,2,1
9.35E-15,1,1.31E-16,2,2,1
3.15E-12,1,1.47E-14,2,2,1
1.17E-14,1,8.25E-17,2,2,1
1.16E-11,1,5.50E-14,2,2,1
8.01E-17,1,1.08E-18,2,2,1
7.27E-21,1,2.54E-22,2,2,1
1.12E-20,1,3.70E-22,2,2,1
1.70E-16,1,4.01E-18,2,2,1
1.04E-15,1,6.40E-17,2,2,1
1.05E-15,1,6.18E-15,2,2,1
5.04E-05,0.999822676,0.000126942,2,2,1
0.435463071,0.561777234,0.00275966,2,1,0
0.999959111,4.03E-05,5.75E-07,1,1,1
1,8.08E-10,9.77E-11,1,1,1
0.999999762,2.82E-07,2.07E-08,1,1,1
0.999999762,1.02E-07,1.40E-07,1,1,1
0.999945998,5.66E-08,5.40E-05,1,1,1
0.999981761,7.22E-07,1.76E-05,1,1,1
0.992793202,5.49E-06,0.007201381,1,1,1
4.01E-06,1.40E-12,0.999995947,3,3,1
0.139723733,0.027145779,0.833130538,3,1,0
3.98E-07,2.93E-06,0.999996662,3,3,1
1.04E-09,6.22E-11,1,3,3,1
4.47E-08,1.05E-11,1,3,3,1
0.000521557,0.001679248,0.997799218,3,3,1
2.26E-08,9.18E-07,0.999999046,3,3,1
1.13E-08,1.69E-06,0.999998331,3,3,1
3.96E-11,1.04E-08,1,3,3,1
6.57E-11,3.32E-08,1,3,3,1
1.41E-10,5.11E-08,1,3,3,1
0.999765098,0.00021972,1.52E-05,1,1,1
0.999944329,5.29E-05,2.75E-06,1,1,1
0.999989986,9.45E-06,5.68E-07,1,1,1
0.999994755,4.92E-06,3.85E-07,1,1,1
0.999999762,1.99E-07,2.24E-08,1,1,1
0.999968648,2.96E-05,1.69E-06,1,1,1
0.99936384,0.000603401,3.27E-05,1,1,1
0.999993563,6.11E-06,3.88E-07,1,1,1
1,3.01E-08,3.38E-10,1,1,1
0.998551548,0.00144787,5.43E-07,1,1,1
0.999369442,0.000630617,4.46E-08,1,1,1
0.811162233,0.188831419,6.37E-06,1,1,1
0.999236226,0.000763403,3.91E-07,1,1,1
0.999846935,0.000153018,4.39E-08,1,1,1
0.999939561,5.77E-05,2.79E-06,1,1,1
0.999992132,7.29E-06,5.52E-07,1,1,1
0.999999881,1.09E-07,9.41E-09,1,1,1
1,3.24E-11,5.28E-12,1,1,1
1,1.90E-20,1.89E-20,1,1,1
1,1.34E-29,6.82E-29,1,1,1
1,3.87E-33,1.03E-31,1,1,1
1,0,0,1,1,1
1,0,0,1,1,1
1,3.46E-36,1.35E-34,1,1,1
1,3.07E-23,1.37E-23,1,1,1
1,1.65E-18,5.81E-19,1,1,1
0.999999642,3.73E-07,3.43E-09,1,1,1
2.58E-10,1,4.42E-13,2,2,1
3.16E-20,1,3.53E-22,2,2,1
1.34E-20,1,2.67E-22,2,2,1
3.05E-20,1,5.65E-22,2,2,1
1.35E-18,1,1.84E-20,2,2,1
6.99E-19,1,5.59E-21,2,2,1
1.65E-19,1,2.31E-21,2,2,1
1.99E-17,1,1.64E-19,2,2,1
2.85E-20,1,6.92E-22,2,2,1
3.51E-17,1,5.95E-19,2,2,1
4.22E-18,1,5.29E-20,2,2,1
2.31E-15,1,2.07E-17,2,2,1
9.43E-19,1,1.41E-20,2,2,1
3.89E-17,1,4.34E-19,2,2,1
6.79E-20,1,7.32E-22,2,2,1
1.82E-17,1,5.26E-19,2,2,1
6.15E-16,1,4.53E-17,2,2,1
0.000290103,0.999709666,1.82E-07,2,2,1
0.999999523,2.93E-09,4.94E-07,1,1,1
1,3.95E-16,1.27E-10,1,1,1
1,1.29E-22,1.68E-12,1,1,1
1,2.10E-22,2.22E-12,1,1,1
1,6.86E-22,2.98E-11,1,1,1
1,9.36E-24,4.19E-13,1,1,1
1,1.14E-24,5.04E-11,1,1,1
1,1.22E-23,1.79E-13,1,1,1
1,1.22E-21,3.11E-11,1,1,1
1,8.79E-24,4.47E-14,1,1,1
1,5.47E-26,8.00E-14,1,1,1
1,7.25E-25,1.26E-15,1,1,1
1,1.88E-18,8.49E-13,1,1,1
1,1.63E-19,3.00E-13,1,1,1
1,2.12E-16,8.33E-15,1,1,1
1,8.87E-14,1.95E-14,1,1,1
1,1.66E-13,5.00E-14,1,1,1
1,2.61E-22,3.74E-23,1,1,1
1,4.13E-19,1.21E-19,1,1,1
1,3.39E-14,1.88E-14,1,1,1
1,7.80E-10,3.49E-08,1,1,1
1,2.17E-09,2.36E-08,1,1,1
0.999999881,1.32E-10,1.06E-07,1,1,1
0.999992371,2.06E-07,7.38E-06,1,1,1
0.999989867,1.51E-07,1.01E-05,1,1,1
1,1.40E-12,4.49E-12,1,1,1
1,5.20E-11,2.89E-12,1,1,1
0.999875784,0.000123693,5.29E-07,1,1,1
0.707445741,0.292542517,1.17E-05,1,1,1
3.92E-06,0.999996066,1.31E-09,2,2,1
1.62E-05,0.999983788,5.24E-08,2,2,1
3.13E-11,1,5.04E-12,2,2,1
2.11E-09,1,1.34E-10,2,2,1
0.000288334,0.999707043,4.66E-06,2,2,1
0.000120861,0.999863267,1.59E-05,2,2,1
0.952756226,0.046783175,0.000460599,1,1,1
0.999999523,4.82E-07,7.75E-09,1,1,1
1,5.48E-12,2.32E-13,1,1,1
1,3.39E-08,2.91E-10,1,1,1
1,1.75E-09,3.09E-11,1,1,1
0.000575408,0.999418974,5.55E-06,2,2,1
1.85E-07,0.999999762,6.50E-09,2,2,1
3.76E-12,1,8.50E-13,2,2,1
5.44E-14,1,2.56E-14,2,2,1
9.61E-13,1,3.22E-14,2,2,1
1.67E-14,1,6.23E-16,2,2,1
1.15E-10,1,1.23E-12,2,2,1
1.12E-17,1,1.40E-19,2,2,1
2.59E-14,1,1.17E-16,2,2,1
2.95E-12,1,2.22E-14,2,2,1
1.81E-16,1,1.04E-18,2,2,1
3.67E-18,1,8.35E-20,2,2,1
4.21E-18,1,8.31E-20,2,2,1
9.55E-19,1,2.17E-20,2,2,1
3.24E-19,1,9.36E-21,2,2,1
9.78E-17,1,2.27E-16,2,2,1
9.12E-07,0.999992609,6.40E-06,2,2,1
0.938106775,0.058520254,0.00337289,1,1,1
0.999997139,2.74E-06,7.57E-08,1,1,1
1,8.13E-13,1.16E-12,1,1,1
1,5.76E-11,8.07E-12,1,1,1
1,2.14E-09,8.02E-10,1,1,1
1,3.06E-09,1.08E-08,1,1,1
0.999997854,6.95E-07,1.44E-06,1,1,1
0.99993217,4.56E-07,6.74E-05,1,1,1
0.039014183,1.79E-08,0.96098578,3,3,1
0.012516831,4.26E-07,0.987482786,3,3,1
5.41E-06,5.88E-05,0.999935865,3,3,1
5.26E-06,3.77E-07,0.999994397,3,3,1
7.20E-07,2.89E-08,0.999999285,3,3,1
1.65E-10,2.54E-10,1,3,3,1
7.60E-09,9.63E-10,1,3,3,1
1.89E-06,3.48E-07,0.999997735,3,3,1
0.056957278,0.075572208,0.867470503,3,3,1
2.89E-06,4.43E-05,0.999952793,3,3,1
4.61E-11,1.12E-10,1,3,3,1
5.22E-10,2.17E-07,0.999999762,3,3,1
0.000291239,0.817980766,0.181727976,2,2,1
0.998519361,0.001380516,0.000100111,1,1,1
0.999996781,2.93E-06,2.32E-07,1,1,1
0.999999523,4.27E-07,3.34E-08,1,1,1
0.999994755,4.91E-06,3.29E-07,1,1,1
1,1.81E-08,4.57E-09,1,1,1
0.999999762,1.80E-07,2.93E-08,1,1,1
0.999998927,9.78E-07,9.30E-08,1,1,1
0.999992013,7.69E-06,3.03E-07,1,1,1
1,2.91E-08,1.89E-10,1,1,1
0.999880791,0.000119074,1.53E-07,1,1,1
0.998697519,0.001300493,1.89E-06,1,1,1
0.998809338,0.001190208,4.44E-07,1,1,1
0.979312062,0.02067117,1.68E-05,1,1,1
0.987960517,0.012013535,2.59E-05,1,1,1
0.999884129,0.000114692,1.13E-06,1,1,1
0.999995112,4.49E-06,3.34E-07,1,1,1
0.999996662,3.09E-06,2.88E-07,1,1,1
0.999999881,8.00E-08,1.03E-08,1,1,1
1,2.77E-10,4.49E-11,1,1,1
1,5.30E-19,2.56E-19,1,1,1
1,4.98E-27,1.61E-26,1,1,1
1,8.56E-34,3.29E-32,1,1,1
1,0,0,1,1,1
1,0,0,1,1,1
1,1.69E-28,2.69E-28,1,1,1
1,8.45E-25,7.08E-25,1,1,1
1,7.17E-21,2.99E-21,1,1,1
0.989812672,0.010182247,5.02E-06,1,1,1
2.56E-12,1,8.51E-15,2,2,1
8.39E-14,1,1.02E-15,2,2,1
1.40E-19,1,2.12E-21,2,2,1
1.01E-18,1,1.41E-20,2,2,1
1.36E-18,1,2.42E-20,2,2,1
5.43E-20,1,7.89E-22,2,2,1
3.07E-21,1,5.82E-23,2,2,1
2.55E-20,1,2.93E-22,2,2,1
1.91E-22,1,3.86E-24,2,2,1
6.63E-21,1,6.62E-23,2,2,1
4.13E-20,1,3.07E-22,2,2,1
1.03E-22,1,7.03E-25,2,2,1
2.34E-22,1,7.42E-24,2,2,1
3.57E-18,1,4.80E-20,2,2,1
3.48E-20,1,2.96E-21,2,2,1
5.97E-14,1,3.00E-15,2,2,1
0.571865678,0.428127676,6.70E-06,1,1,1
1,5.47E-22,1.18E-18,1,1,1
1,2.04E-15,4.25E-11,1,1,1
1,3.33E-22,9.15E-16,1,1,1
1,3.75E-23,3.12E-15,1,1,1
1,5.36E-25,1.64E-14,1,1,1
1,6.55E-24,1.35E-13,1,1,1
1,1.55E-24,6.73E-13,1,1,1
1,7.93E-25,2.59E-14,1,1,1
1,8.16E-25,4.26E-14,1,1,1
1,2.13E-25,1.54E-15,1,1,1
1,5.34E-28,2.60E-16,1,1,1
1,3.76E-24,2.96E-13,1,1,1
1,1.52E-21,2.05E-09,1,1,1
1,1.50E-23,9.22E-11,1,1,1
1,3.08E-24,2.21E-14,1,1,1
1,5.33E-21,3.09E-16,1,1,1
1,5.74E-19,1.69E-17,1,1,1
1,4.87E-16,3.80E-16,1,1,1
1,4.07E-16,2.48E-16,1,1,1
1,6.59E-15,9.03E-14,1,1,1
1,4.07E-10,1.71E-09,1,1,1
1,3.17E-09,5.76E-09,1,1,1
0.999999642,1.82E-07,1.21E-07,1,1,1
1,8.06E-10,6.49E-10,1,1,1
1,1.39E-11,4.07E-11,1,1,1
1,1.17E-11,8.67E-13,1,1,1
1,2.35E-12,1.56E-13,1,1,1
1,3.01E-08,1.55E-09,1,1,1
0.999994278,2.44E-06,3.37E-06,1,1,1
1,1.01E-09,2.04E-08,1,1,1
0.999909759,8.90E-05,1.22E-06,1,1,1
0.816780269,0.183075204,0.000144512,1,1,1
0.529800653,0.469818264,0.000381001,1,2,0
0.923747063,0.075662203,0.00059082,1,1,1
0.995386302,0.004570236,4.35E-05,1,1,1
0.999961972,3.76E-05,3.61E-07,1,1,1
1,9.00E-10,2.77E-11,1,1,1
1,9.36E-11,2.27E-12,1,1,1
0.999999881,8.56E-08,1.44E-09,1,1,1
0.393751234,0.605840683,0.000408022,2,2,1
7.04E-05,0.999928951,6.52E-07,2,2,1
4.69E-09,1,2.00E-10,2,2,1
3.79E-12,1,1.96E-12,2,2,1
7.07E-11,1,6.24E-12,2,2,1
6.94E-16,1,1.50E-16,2,2,1
2.00E-14,1,8.45E-16,2,2,1
3.64E-16,1,7.27E-18,2,2,1
1.12E-16,1,1.14E-18,2,2,1
1.30E-11,1,8.33E-14,2,2,1
9.68E-08,0.999999881,9.63E-10,2,2,1
1.26E-16,1,3.90E-18,2,2,1
1.16E-18,1,1.52E-20,2,2,1
5.71E-21,1,8.58E-23,2,2,1
6.27E-21,1,3.35E-22,2,2,1
2.18E-18,1,2.05E-19,2,2,1
6.60E-17,1,1.48E-16,2,2,1
7.48E-05,0.999852419,7.27E-05,2,2,1
0.997913659,0.002039583,4.68E-05,1,1,1
1,1.78E-08,1.31E-09,1,1,1
1,3.97E-17,1.76E-15,1,1,1
1,2.91E-13,1.26E-13,1,1,1
1,4.85E-16,2.21E-14,1,1,1
1,1.18E-10,2.44E-10,1,1,1
1,2.61E-08,7.04E-09,1,1,1
0.999999285,2.12E-07,4.94E-07,1,1,1
0.99656564,1.30E-07,0.003434261,1,3,0
0.473971874,9.88E-07,0.526027083,3,3,1
0.521697521,0.129923135,0.348379344,1,1,1
4.33E-06,2.65E-07,0.999995351,3,3,1
0.000480996,2.87E-07,0.999518752,3,3,1
2.51E-10,5.28E-12,1,3,3,1
2.58E-11,5.21E-12,1,3,3,1
1.18E-12,5.42E-13,1,3,3,1
7.48E-07,3.84E-08,0.999999166,3,3,1
3.01E-11,2.88E-11,1,3,3,1
1.25E-13,2.33E-12,1,3,3,1
2.56E-09,2.27E-07,0.999999762,3,3,1
7.55E-08,0.000603212,0.999396682,3,3,1
7.02E-05,0.999901891,2.79E-05,2,2,1
0.940544665,0.058464609,0.000990674,1,1,1
0.999998093,1.76E-06,1.18E-07,1,1,1
0.999997139,2.57E-06,2.17E-07,1,1,1
0.999999642,3.95E-07,4.66E-08,1,1,1
1,5.61E-09,1.11E-09,1,1,1
0.999999046,7.76E-07,9.16E-08,1,1,1
0.999802887,0.000188006,9.20E-06,1,1,1
0.999879003,0.000120204,7.84E-07,1,1,1
0.999822676,0.000176961,3.00E-07,1,1,1
0.986619413,0.013377188,3.44E-06,1,1,1
0.971235871,0.02875999,4.21E-06,1,1,1
0.999899387,9.22E-05,8.42E-06,1,1,1
1,1.81E-08,5.33E-09,1,1,1
0.999976993,2.15E-05,1.50E-06,1,1,1
1,4.44E-09,6.17E-10,1,1,1
1,1.98E-16,1.28E-16,1,1,1
1,1.52E-20,4.13E-21,1,1,1
1,8.16E-24,6.30E-24,1,1,1
1,1.18E-28,2.71E-28,1,1,1
1,0,0,1,1,1
1,3.21E-25,5.43E-26,1,1,1
1,1.49E-18,8.46E-20,1,1,1
1,1.75E-15,2.00E-16,1,1,1
1,1.36E-10,8.51E-12,1,1,1
0.999228358,0.00077005,1.58E-06,1,1,1
1.70E-10,1,3.42E-13,2,2,1
6.56E-12,1,4.53E-14,2,2,1
7.20E-17,1,7.20E-19,2,2,1
2.67E-21,1,8.57E-23,2,2,1
6.56E-15,1,7.77E-17,2,2,1
1.63E-13,1,5.85E-16,2,2,1
1.26E-16,1,6.43E-19,2,2,1
3.26E-20,1,3.29E-22,2,2,1
1.46E-22,1,1.81E-24,2,2,1
4.70E-21,1,8.69E-23,2,2,1
2.95E-22,1,4.55E-24,2,2,1
1.64E-18,1,1.62E-20,2,2,1
2.76E-17,1,2.84E-19,2,2,1
5.72E-15,1,3.09E-16,2,2,1
1.17E-08,1,1.53E-12,2,2,1
0.999998689,1.22E-06,1.69E-07,1,1,1
1,1.16E-15,5.40E-12,1,1,1
1,4.41E-22,6.13E-14,1,1,1
1,4.79E-28,6.74E-19,1,1,1
1,8.75E-25,2.24E-16,1,1,1
1,5.99E-23,3.62E-15,1,1,1
1,1.67E-28,9.42E-19,1,1,1
1,9.14E-24,2.94E-14,1,1,1
1,1.25E-26,1.81E-16,1,1,1
1,3.09E-15,4.92E-12,1,1,1
1,9.43E-20,6.95E-14,1,1,1
1,6.33E-25,1.31E-16,1,1,1
1,1.98E-24,4.42E-17,1,1,1
1,2.56E-24,7.78E-16,1,1,1
1,1.85E-23,2.19E-15,1,1,1
1,9.78E-25,9.80E-17,1,1,1
1,3.72E-24,1.46E-17,1,1,1
1,3.52E-21,2.88E-17,1,1,1
1,1.97E-19,1.22E-17,1,1,1
1,9.29E-17,8.87E-15,1,1,1
1,1.89E-19,4.24E-18,1,1,1
1,1.27E-12,2.44E-09,1,1,1
0.999999881,3.71E-08,6.85E-08,1,1,1
1,1.94E-09,2.58E-09,1,1,1
1,1.86E-11,5.15E-12,1,1,1
1,7.08E-15,2.01E-14,1,1,1
1,9.04E-12,2.73E-12,1,1,1
1,1.54E-11,1.51E-12,1,1,1
1,1.31E-12,9.06E-12,1,1,1
1,2.31E-10,3.72E-09,1,1,1
0.999986649,2.08E-07,1.31E-05,1,1,1
1,8.64E-09,4.12E-08,1,1,1
0.99998033,1.00E-05,9.69E-06,1,1,1
1,8.73E-09,3.08E-09,1,1,1
1,1.57E-10,7.23E-11,1,1,1
0.999999881,7.93E-08,3.63E-09,1,1,1
1,1.32E-10,2.93E-11,1,1,1
1,2.34E-09,1.44E-10,1,1,1
1,8.71E-10,2.72E-11,1,1,1
1,2.62E-10,4.99E-12,1,1,1
0.999930263,6.95E-05,2.02E-07,1,1,1
0.000489005,0.999418378,9.26E-05,2,2,1
4.29E-07,0.999999523,2.18E-08,2,2,1
5.41E-11,1,2.87E-11,2,2,1
8.25E-13,1,1.52E-13,2,2,1
3.75E-16,1,4.46E-16,2,2,1
1.37E-16,1,5.16E-17,2,2,1
7.84E-11,1,4.90E-12,2,2,1
2.80E-14,1,4.90E-15,2,2,1
1.44E-13,1,4.73E-15,2,2,1
7.70E-10,1,1.15E-11,2,2,1
5.84E-13,1,9.14E-15,2,2,1
2.82E-19,1,7.59E-21,2,2,1
3.41E-19,1,1.07E-20,2,2,1
5.81E-20,1,1.32E-20,2,2,1
8.45E-17,1,1.10E-16,2,2,1
9.81E-16,1,2.21E-14,2,2,1
0.722041488,0.276180297,0.001778184,1,1,1
0.99990201,9.55E-05,2.53E-06,1,1,1
1,5.25E-11,9.83E-12,1,1,1
1,4.54E-15,5.06E-15,1,1,1
1,1.38E-11,1.18E-12,1,1,1
1,3.89E-12,8.67E-13,1,1,1
1,1.54E-11,3.63E-12,1,1,1
1,9.24E-11,1.13E-11,1,1,1
1,5.98E-12,1.83E-11,1,1,1
0.999999762,3.25E-10,2.00E-07,1,1,1
0.9959656,3.05E-08,0.004034359,1,1,1
0.999549329,0.000210327,0.000240306,1,1,1
0.184294671,0.003639376,0.812065959,3,1,0
3.49E-08,8.96E-09,1,3,3,1
6.99E-12,1.72E-13,1,3,3,1
5.26E-11,2.26E-13,1,3,3,1
3.40E-08,8.34E-08,0.999999881,3,3,1
8.60E-07,1.49E-08,0.999999166,3,3,1
4.01E-07,2.99E-08,0.999999523,3,3,1
1.64E-10,2.03E-11,1,3,3,1
2.76E-09,7.87E-09,1,3,3,1
5.23E-08,4.68E-06,0.999995232,3,3,1
0.000201624,0.994118214,0.00568017,2,2,1
0.991826773,0.007869131,0.000304159,1,1,1
0.999996305,3.35E-06,3.75E-07,1,1,1
0.999999881,1.33E-07,2.15E-08,1,1,1
0.99999845,1.41E-06,1.41E-07,1,1,1
0.9999156,7.96E-05,4.76E-06,1,1,1
0.999933839,6.22E-05,3.89E-06,1,1,1
0.999550164,0.000429256,2.06E-05,1,1,1
0.999909401,8.74E-05,3.25E-06,1,1,1
0.999967098,3.25E-05,5.33E-07,1,1,1
0.984568,0.015427577,4.47E-06,1,1,1
0.997226059,0.002772159,1.78E-06,1,1,1
0.999999404,4.33E-07,8.05E-08,1,1,1
0.999690056,0.000294477,1.55E-05,1,1,1
0.999999046,7.94E-07,9.28E-08,1,1,1
1,8.30E-14,2.29E-14,1,1,1
1,7.20E-17,2.11E-17,1,1,1
1,8.93E-17,1.34E-17,1,1,1
1,5.96E-23,4.18E-23,1,1,1
1,2.93E-18,1.45E-18,1,1,1
1,8.07E-21,4.60E-21,1,1,1
1,1.14E-21,2.58E-22,1,1,1
1,2.14E-16,1.42E-17,1,1,1
1,2.84E-14,2.82E-15,1,1,1
1,9.09E-11,1.89E-11,1,1,1
4.89E-06,0.999995112,4.67E-09,2,2,1
4.87E-13,1,3.82E-15,2,2,1
2.21E-17,1,2.56E-19,2,2,1
3.39E-21,1,8.69E-23,2,2,1
8.46E-22,1,8.51E-24,2,2,1
3.96E-19,1,5.07E-21,2,2,1
1.33E-21,1,2.22E-23,2,2,1
2.61E-19,1,2.73E-21,2,2,1
4.90E-17,1,3.20E-19,2,2,1
3.94E-21,1,6.05E-23,2,2,1
5.13E-24,1,7.28E-26,2,2,1
3.32E-21,1,3.54E-23,2,2,1
1.72E-15,1,4.58E-17,2,2,1
4.88E-18,1,6.68E-19,2,2,1
3.93E-05,0.99996078,1.06E-10,2,2,1
1,3.87E-13,2.34E-12,1,1,1
1,6.45E-20,3.86E-19,1,1,1
1,4.67E-23,2.44E-17,1,1,1
1,3.02E-28,4.77E-19,1,1,1
1,2.22E-25,1.55E-18,1,1,1
1,2.60E-27,7.79E-20,1,1,1
1,5.49E-29,1.88E-21,1,1,1
1,6.33E-21,5.66E-16,1,1,1
1,7.38E-21,1.64E-17,1,1,1
1,1.23E-20,2.32E-16,1,1,1
1,4.36E-17,9.22E-15,1,1,1
1,1.43E-17,1.07E-15,1,1,1
1,1.38E-23,9.69E-20,1,1,1
1,8.29E-26,8.89E-21,1,1,1
1,1.51E-20,2.07E-16,1,1,1
1,1.31E-16,1.12E-14,1,1,1
1,2.23E-23,6.41E-20,1,1,1
1,5.18E-22,3.16E-18,1,1,1
1,3.16E-17,2.74E-15,1,1,1
1,1.30E-20,3.98E-18,1,1,1
1,5.73E-17,1.01E-13,1,1,1
1,8.42E-17,4.55E-14,1,1,1
1,1.56E-14,7.40E-13,1,1,1
1,3.58E-10,4.66E-09,1,1,1
1,2.55E-09,2.92E-09,1,1,1
1,5.83E-13,5.47E-12,1,1,1
1,1.48E-10,1.21E-10,1,1,1
1,1.52E-16,1.28E-13,1,1,1
1,4.99E-14,1.95E-11,1,1,1
1,3.26E-11,3.77E-09,1,1,1
0.999998927,1.99E-09,1.07E-06,1,1,1
1,2.13E-11,5.06E-09,1,1,1
0.999999881,7.47E-08,4.34E-08,1,1,1
1,3.02E-09,1.60E-08,1,1,1
1,7.27E-12,4.16E-12,1,1,1
1,8.40E-11,1.98E-11,1,1,1
1,1.75E-08,3.82E-09,1,1,1
1,5.51E-10,1.44E-10,1,1,1
1,4.54E-12,1.39E-12,1,1,1
1,2.18E-10,2.61E-12,1,1,1
0.999974251,2.54E-05,3.94E-07,1,1,1
0.1980647,0.801227033,0.000708322,2,2,1
0.000127493,0.999859452,1.30E-05,2,2,1
3.18E-09,1,1.79E-09,2,2,1
1.86E-14,1,1.15E-14,2,2,1
4.77E-16,1,3.57E-16,2,2,1
3.16E-17,1,4.24E-17,2,2,1
1.95E-15,1,1.05E-15,2,2,1
4.15E-12,1,6.57E-13,2,2,1
1.90E-13,1,1.32E-14,2,2,1
9.61E-13,1,2.50E-14,2,2,1
4.11E-16,1,1.01E-17,2,2,1
3.51E-15,1,8.84E-17,2,2,1
3.86E-18,1,1.72E-19,2,2,1
3.91E-21,1,5.89E-21,2,2,1
5.92E-14,1,2.92E-12,2,2,1
0.001232848,0.99861753,0.000149635,2,2,1
0.985545576,0.013965117,0.000489344,1,1,1
0.999987364,1.23E-05,3.32E-07,1,1,1
1,6.42E-18,7.26E-17,1,1,1
1,2.78E-15,7.08E-16,1,1,1
1,1.39E-10,1.02E-11,1,1,1
1,1.73E-10,1.71E-11,1,1,1
1,4.75E-10,6.64E-11,1,1,1
1,3.95E-10,3.06E-11,1,1,1
1,1.69E-10,1.91E-10,1,1,1
1,3.50E-13,8.66E-11,1,1,1
0.999999762,4.10E-08,2.81E-07,1,1,1
0.759147942,1.57E-05,0.240836427,1,3,0
0.151743591,2.91E-06,0.848253489,3,3,1
4.42E-09,2.20E-11,1,3,3,1
3.68E-13,2.00E-17,1,3,3,1
2.51E-12,3.86E-15,1,3,3,1
2.55E-09,2.31E-10,1,3,3,1
3.73E-07,3.87E-07,0.999999285,3,3,1
1.36E-07,1.81E-08,0.999999881,3,3,1
2.67E-07,7.94E-09,0.999999762,3,3,1
1.90E-05,6.29E-05,0.999918222,3,3,1
3.67E-10,2.60E-08,1,3,3,1
4.63E-06,0.012316457,0.987678945,3,3,1
0.993050814,0.006635433,0.000313679,1,1,1
0.999948978,4.67E-05,4.32E-06,1,1,1
0.999998569,1.15E-06,2.77E-07,1,1,1
0.999977469,2.09E-05,1.67E-06,1,1,1
0.99918741,0.00076752,4.50E-05,1,1,1
0.998990357,0.000954369,5.53E-05,1,1,1
0.999426365,0.000554623,1.91E-05,1,1,1
0.999425411,0.000547371,2.73E-05,1,1,1
0.999801934,0.000192062,6.11E-06,1,1,1
0.999949694,4.98E-05,4.80E-07,1,1,1
0.997266769,0.002705302,2.80E-05,1,1,1
0.999732435,0.000255717,1.18E-05,1,1,1
0.999987364,1.18E-05,8.01E-07,1,1,1
1,1.73E-13,3.24E-14,1,1,1
1,8.03E-22,3.58E-22,1,1,1
1,5.83E-24,3.16E-24,1,1,1
1,3.21E-28,1.61E-27,1,1,1
1,1.25E-21,6.99E-22,1,1,1
1,5.98E-19,1.48E-19,1,1,1
1,4.78E-23,2.36E-23,1,1,1
1,4.69E-25,1.31E-25,1,1,1
1,6.58E-24,6.36E-25,1,1,1
1,2.12E-15,2.53E-16,1,1,1
0.9912889,0.00869694,1.42E-05,1,1,1
8.29E-08,0.999999881,4.02E-10,2,2,1
7.03E-17,1,8.12E-19,2,2,1
3.04E-25,1,5.12E-27,2,2,1
2.85E-22,1,6.36E-24,2,2,1
1.29E-19,1,4.21E-21,2,2,1
7.92E-15,1,5.04E-17,2,2,1
1.32E-19,1,2.56E-21,2,2,1
8.97E-23,1,1.68E-24,2,2,1
4.78E-18,1,6.16E-20,2,2,1
3.08E-19,1,3.29E-21,2,2,1
4.52E-15,1,2.59E-17,2,2,1
3.82E-11,1,9.90E-13,2,2,1
1.44E-13,1,1.12E-15,2,2,1
1,1.65E-13,4.28E-16,1,1,1
1,4.84E-20,2.27E-20,1,1,1
1,4.12E-25,6.85E-25,1,1,1
1,1.42E-28,1.64E-22,1,1,1
1,8.13E-26,1.25E-19,1,1,1
1,6.25E-21,1.48E-15,1,1,1
1,8.41E-27,8.50E-21,1,1,1
1,1.82E-29,1.87E-22,1,1,1
1,1.18E-21,8.63E-18,1,1,1
1,2.94E-22,2.01E-18,1,1,1
1,1.56E-20,2.49E-17,1,1,1
1,1.68E-16,3.10E-15,1,1,1
1,4.05E-21,1.22E-17,1,1,1
1,2.37E-20,1.34E-17,1,1,1
1,4.65E-20,5.57E-18,1,1,1
1,1.46E-26,4.66E-21,1,1,1
1,1.25E-18,2.30E-17,1,1,1
1,5.01E-13,1.56E-12,1,1,1
1,4.91E-15,6.65E-14,1,1,1
1,8.81E-19,4.21E-18,1,1,1
1,4.97E-20,3.70E-18,1,1,1
1,3.59E-12,1.73E-10,1,1,1
1,9.92E-16,7.33E-14,1,1,1
1,2.07E-16,7.61E-12,1,1,1
1,2.25E-13,1.25E-11,1,1,1
1,6.46E-09,9.86E-09,1,1,1
1,1.16E-10,6.87E-11,1,1,1
1,7.05E-11,2.12E-10,1,1,1
1,3.82E-19,6.63E-15,1,1,1
1,3.80E-17,1.29E-11,1,1,1
1,6.34E-13,2.44E-09,1,1,1
0.999999404,1.16E-09,5.50E-07,1,1,1
1,6.97E-12,3.16E-09,1,1,1
0.999999523,1.95E-09,5.30E-07,1,1,1
1,1.69E-08,1.92E-08,1,1,1
1,2.86E-09,2.79E-09,1,1,1
1,1.96E-12,1.30E-10,1,1,1
1,3.88E-13,4.36E-12,1,1,1
0.999999881,1.19E-07,5.71E-09,1,1,1
1,2.75E-13,3.91E-14,1,1,1
1,2.24E-13,6.22E-15,1,1,1
1,1.12E-09,1.72E-11,1,1,1
0.999997973,2.00E-06,2.67E-08,1,1,1
5.55E-05,0.999910712,3.37E-05,2,2,1
8.69E-07,0.999998689,4.88E-07,2,2,1
9.46E-13,1,6.93E-13,2,2,1
1.78E-10,1,9.83E-11,2,2,1
2.25E-13,1,3.47E-13,2,2,1
7.93E-14,1,1.82E-13,2,2,1
1.03E-15,1,6.37E-15,2,2,1
4.03E-11,1,1.31E-11,2,2,1
1.14E-12,1,3.24E-13,2,2,1
1.36E-16,1,1.36E-16,2,2,1
6.94E-19,1,1.74E-18,2,2,1
8.91E-15,1,5.35E-15,2,2,1
3.25E-14,1,8.54E-14,2,2,1
0.004169076,0.99528259,0.000548215,2,2,1
0.933511257,0.065949291,0.000539434,1,1,1
0.999997973,1.93E-06,6.48E-08,1,1,1
1,1.47E-09,5.64E-11,1,1,1
1,2.27E-20,5.42E-19,1,1,1
1,1.04E-22,7.20E-22,1,1,1
1,1.89E-17,2.34E-17,1,1,1
1,2.91E-17,5.07E-17,1,1,1
1,1.68E-15,8.47E-16,1,1,1
1,3.91E-15,1.41E-15,1,1,1
1,1.82E-11,9.55E-12,1,1,1
1,1.33E-08,2.07E-09,1,1,1
0.999999881,4.48E-10,1.37E-07,1,1,1
0.970911145,1.67E-06,0.029087208,1,3,0
0.453065068,1.24E-06,0.546933711,3,3,1
6.78E-06,4.19E-10,0.999993205,3,3,1
4.04E-10,8.68E-15,1,3,3,1
1.22E-14,8.18E-20,1,3,3,1
5.95E-08,3.75E-07,0.999999523,3,3,1
1.02E-05,2.93E-06,0.999986887,3,3,1
4.33E-10,1.50E-09,1,3,3,1
1.07E-09,1.69E-10,1,3,3,1
5.07E-07,3.57E-06,0.999995947,3,3,1
2.23E-05,0.001023572,0.998954177,3,3,1
5.16E-05,0.960858643,0.039089691,2,2,1
0.999300241,0.000663412,3.63E-05,1,1,1
0.999911547,8.11E-05,7.41E-06,1,1,1
0.999932528,6.36E-05,3.87E-06,1,1,1
0.999927998,6.74E-05,4.66E-06,1,1,1
0.999994636,4.93E-06,5.01E-07,1,1,1
0.999999881,1.13E-07,2.07E-08,1,1,1
0.999998808,1.14E-06,4.56E-08,1,1,1
0.999972343,2.66E-05,1.12E-06,1,1,1
0.999925137,7.38E-05,1.08E-06,1,1,1
0.999771655,0.000224726,3.53E-06,1,1,1
0.999870658,0.000122255,7.05E-06,1,1,1
0.999989152,1.02E-05,7.60E-07,1,1,1
1,9.49E-14,3.85E-14,1,1,1
1,3.46E-23,5.44E-23,1,1,1
1,4.63E-23,3.28E-23,1,1,1
1,6.76E-22,5.87E-22,1,1,1
1,5.01E-21,3.36E-21,1,1,1
1,6.80E-31,7.01E-29,1,1,1
1,1.75E-26,8.42E-25,1,1,1
1,1.12E-26,4.45E-26,1,1,1
1,3.92E-21,2.21E-21,1,1,1
1,5.23E-16,3.01E-17,1,1,1
0.999974728,2.50E-05,2.83E-07,1,1,1
1.99E-14,1,2.04E-16,2,2,1
3.87E-19,1,5.23E-21,2,2,1
3.90E-21,1,6.87E-23,2,2,1
1.02E-21,1,2.22E-23,2,2,1
1.86E-18,1,3.32E-20,2,2,1
9.72E-21,1,9.52E-23,2,2,1
2.53E-19,1,2.75E-21,2,2,1
2.15E-16,1,1.45E-18,2,2,1
7.81E-15,1,7.20E-17,2,2,1
3.26E-19,1,4.97E-21,2,2,1
1.13E-16,1,2.14E-18,2,2,1
3.57E-14,1,1.53E-15,2,2,1
5.34E-06,0.999994636,4.10E-10,2,2,1
1,5.13E-18,2.17E-19,1,1,1
1,1.59E-20,1.37E-21,1,1,1
1,7.06E-29,1.17E-26,1,1,1
1,4.04E-33,7.61E-27,1,1,1
1,2.17E-24,5.94E-19,1,1,1
1,4.21E-23,9.50E-18,1,1,1
1,6.16E-25,6.13E-19,1,1,1
1,8.81E-28,4.58E-22,1,1,1
1,6.36E-19,3.41E-17,1,1,1
1,8.84E-21,2.06E-18,1,1,1
1,2.75E-25,3.41E-20,1,1,1
1,9.79E-19,1.68E-17,1,1,1
1,3.48E-25,2.51E-21,1,1,1
1,2.56E-16,1.50E-15,1,1,1
1,1.34E-20,1.77E-18,1,1,1
1,1.05E-16,1.33E-14,1,1,1
1,3.19E-20,1.10E-17,1,1,1
1,1.18E-14,6.49E-13,1,1,1
1,6.80E-17,1.23E-15,1,1,1
1,1.31E-18,1.48E-16,1,1,1
1,1.69E-18,8.73E-17,1,1,1
1,5.02E-17,3.01E-15,1,1,1
1,5.70E-13,8.17E-11,1,1,1
1,8.03E-18,2.16E-13,1,1,1
0.999999762,6.96E-11,2.64E-07,1,1,1
1,1.75E-09,6.77E-09,1,1,1
1,1.12E-12,2.38E-11,1,1,1
1,1.01E-11,2.35E-10,1,1,1
1,5.62E-14,1.04E-11,1,1,1
1,2.16E-17,4.50E-13,1,1,1
0.999999285,1.27E-08,6.93E-07,1,1,1
1,4.15E-13,1.25E-09,1,1,1
1,1.99E-12,2.03E-08,1,1,1
0.999999523,1.65E-08,4.59E-07,1,1,1
0.999999046,8.83E-07,5.96E-08,1,1,1
1,5.63E-12,1.40E-09,1,1,1
1,6.14E-12,8.74E-11,1,1,1
1,5.30E-09,9.87E-10,1,1,1
1,1.65E-09,9.85E-11,1,1,1
1,1.52E-11,5.03E-13,1,1,1
1,1.38E-17,6.89E-19,1,1,1
1,4.87E-10,7.93E-12,1,1,1
0.999999881,1.31E-07,1.86E-09,1,1,1
0.999998927,1.06E-06,2.50E-08,1,1,1
0.001460169,0.99849391,4.59E-05,2,2,1
3.74E-08,0.999999762,2.07E-07,2,2,1
4.90E-09,1,5.03E-08,2,2,1
4.73E-05,0.999941111,1.15E-05,2,2,1
1.26E-05,0.999966979,2.04E-05,2,2,1
9.13E-07,0.999995947,3.10E-06,2,2,1
6.50E-07,0.999997735,1.66E-06,2,2,1
8.28E-11,1,7.88E-10,2,2,1
2.28E-12,1,3.31E-11,2,2,1
1.62E-11,1,1.17E-09,2,2,1
3.12E-05,0.999961495,7.44E-06,2,2,1
0.52565819,0.472861052,0.00148077,1,1,1
0.9996562,0.000337332,6.43E-06,1,1,1
1,3.32E-10,2.07E-10,1,1,1
1,1.97E-10,9.35E-12,1,1,1
1,5.00E-10,3.81E-11,1,1,1
1,2.44E-24,1.92E-22,1,1,1
1,7.99E-23,1.94E-21,1,1,1
1,5.31E-16,5.52E-16,1,1,1
1,1.76E-23,1.44E-20,1,1,1
1,4.21E-24,1.22E-21,1,1,1
1,7.22E-18,1.15E-17,1,1,1
1,1.69E-11,1.96E-11,1,1,1
0.999999881,1.21E-07,1.08E-08,1,1,1
0.999945164,2.13E-08,5.49E-05,1,1,1
0.999919295,4.90E-06,7.58E-05,1,1,1
0.999753654,5.53E-05,0.000191065,1,1,1
0.018045356,1.75E-06,0.981952965,3,3,1
0.108080745,3.08E-05,0.89188838,3,3,1
2.20E-11,3.42E-15,1,3,3,1
1.88E-09,4.77E-09,1,3,3,1
8.06E-07,2.21E-08,0.999999166,3,3,1
4.73E-05,0.003815132,0.996137559,3,3,1
1.08E-10,5.59E-12,1,3,3,1
3.79E-06,1.99E-07,0.999996066,3,3,1
0.085766152,0.24051562,0.673718214,3,3,1
4.62E-05,0.991522074,0.008431711,2,2,1
0.9926247,0.007179678,0.000195625,1,1,1
0.999979258,1.87E-05,2.05E-06,1,1,1
0.999895096,9.93E-05,5.60E-06,1,1,1
0.999670625,0.000313055,1.64E-05,1,1,1
0.999846458,0.000144444,9.08E-06,1,1,1
0.999999881,1.46E-07,3.10E-08,1,1,1
0.99999845,1.44E-06,1.43E-07,1,1,1
0.999998331,1.63E-06,2.66E-08,1,1,1
0.999984145,1.54E-05,4.84E-07,1,1,1
0.999962211,3.66E-05,1.16E-06,1,1,1
0.999872804,0.000120835,6.29E-06,1,1,1
0.999999881,1.52E-07,3.70E-08,1,1,1
1,4.27E-09,6.64E-10,1,1,1
1,8.67E-20,3.74E-20,1,1,1
1,4.41E-19,1.73E-19,1,1,1
1,4.39E-16,8.15E-17,1,1,1
1,1.38E-14,2.42E-15,1,1,1
1,2.29E-20,2.16E-20,1,1,1
1,1.95E-17,2.29E-17,1,1,1
1,1.14E-21,2.19E-21,1,1,1
1,2.22E-22,5.43E-22,1,1,1
1,1.92E-16,2.51E-17,1,1,1
1,4.38E-08,2.69E-09,1,1,1
9.94E-12,1,1.29E-14,2,2,1
7.99E-20,1,1.10E-21,2,2,1
4.26E-20,1,6.15E-22,2,2,1
5.36E-14,1,6.29E-16,2,2,1
1.39E-20,1,2.53E-22,2,2,1
2.45E-20,1,3.11E-22,2,2,1
5.93E-21,1,9.59E-23,2,2,1
3.84E-20,1,4.57E-22,2,2,1
4.58E-19,1,5.00E-21,2,2,1
1.08E-19,1,1.55E-21,2,2,1
3.61E-18,1,1.12E-19,2,2,1
3.85E-08,1,6.71E-12,2,2,1
1,1.22E-11,1.85E-12,1,1,1
1,2.93E-14,2.01E-15,1,1,1
1,5.29E-22,4.13E-20,1,1,1
1,5.91E-29,9.44E-25,1,1,1
1,4.23E-28,7.63E-23,1,1,1
1,8.15E-24,2.31E-19,1,1,1
1,1.59E-25,1.34E-21,1,1,1
1,6.92E-30,5.77E-26,1,1,1
1,2.48E-31,2.07E-27,1,1,1
1,1.07E-25,6.94E-24,1,1,1
1,7.38E-19,2.28E-18,1,1,1
1,1.93E-24,7.16E-22,1,1,1
1,1.91E-28,1.45E-25,1,1,1
1,1.25E-31,1.57E-25,1,1,1
1,2.33E-25,4.24E-22,1,1,1
1,6.38E-23,6.80E-19,1,1,1
1,1.31E-22,1.87E-18,1,1,1
1,7.05E-27,4.42E-20,1,1,1
1,1.37E-23,1.34E-17,1,1,1
1,2.84E-21,5.69E-19,1,1,1
1,2.40E-17,6.26E-16,1,1,1
1,3.74E-19,9.99E-17,1,1,1
1,2.01E-11,4.79E-11,1,1,1
1,4.41E-11,1.62E-10,1,1,1
0.999999166,3.92E-07,4.81E-07,1,1,1
1,7.02E-09,2.08E-08,1,1,1
1,3.53E-10,6.95E-09,1,1,1
0.999999881,5.51E-08,1.38E-07,1,1,1
0.999999762,9.93E-08,1.04E-07,1,1,1
1,8.95E-13,4.31E-11,1,1,1
1,6.48E-14,3.96E-12,1,1,1
0.999999642,1.09E-07,2.76E-07,1,1,1
1,9.10E-11,2.38E-08,1,1,1
1,7.25E-11,2.56E-09,1,1,1
1,9.80E-09,4.63E-08,1,1,1
1,1.66E-11,4.71E-11,1,1,1
1,6.73E-11,1.64E-09,1,1,1
1,1.51E-10,3.55E-11,1,1,1
1,3.56E-10,1.21E-10,1,1,1
1,3.89E-08,1.95E-09,1,1,1
1,1.21E-10,7.71E-12,1,1,1
1,3.05E-13,9.96E-15,1,1,1
1,1.94E-10,3.68E-12,1,1,1
1,4.00E-14,7.65E-16,1,1,1
0.999999166,8.78E-07,7.84E-09,1,1,1
0.999997973,2.01E-06,1.34E-08,1,1,1
0.99988234,0.000116449,1.15E-06,1,1,1
0.999512434,0.000479832,7.80E-06,1,1,1
0.000914089,0.998709083,0.00037685,2,2,1
1.53E-06,0.99999404,4.41E-06,2,2,1
0.000266956,0.99964726,8.57E-05,2,2,1
7.80E-05,0.99974066,0.000181321,2,2,1
0.999997616,2.28E-06,1.12E-07,1,1,1
0.992711663,0.007176795,0.000111549,1,1,1
0.971870542,0.027928315,0.000201096,1,1,1
0.999316216,0.00067186,1.19E-05,1,1,1
0.999961138,3.79E-05,9.57E-07,1,1,1
1,4.89E-08,8.21E-10,1,1,1
1,9.29E-19,4.66E-18,1,1,1
1,1.70E-25,5.34E-23,1,1,1
1,3.19E-20,8.99E-19,1,1,1
1,3.64E-23,1.07E-21,1,1,1
1,1.59E-17,1.79E-17,1,1,1
1,1.38E-18,3.31E-18,1,1,1
1,2.24E-14,6.63E-15,1,1,1
1,2.49E-17,2.66E-16,1,1,1
1,1.70E-15,2.79E-15,1,1,1
1,8.42E-12,5.65E-12,1,1,1
1,7.19E-09,6.43E-10,1,1,1
0.999999523,2.36E-07,1.81E-07,1,1,1
0.99997735,1.80E-05,4.64E-06,1,1,1
0.999971747,1.46E-05,1.38E-05,1,1,1
0.031857792,4.28E-06,0.96813792,3,3,1
0.000465885,2.19E-08,0.99953413,3,3,1
2.65E-09,1.62E-13,1,3,3,1
6.36E-13,1.15E-17,1,3,3,1
2.17E-06,1.15E-07,0.999997735,3,3,1
0.003421319,0.00039081,0.996187866,3,3,1
3.28E-06,1.12E-05,0.999985576,3,3,1
0.001510557,0.000177057,0.998312354,3,3,1
0.002000629,0.592106283,0.405893087,2,2,1
0.000330006,0.994468093,0.0052018,2,2,1
0.977813363,0.021911846,0.000274716,1,1,1
0.999999523,5.25E-07,4.51E-08,1,1,1
0.999998212,1.64E-06,1.50E-07,1,1,1
0.999993324,5.88E-06,8.34E-07,1,1,1
0.999992251,7.07E-06,7.43E-07,1,1,1
0.999998093,1.51E-06,3.15E-07,1,1,1
0.999999642,3.32E-07,4.02E-08,1,1,1
0.999999881,1.47E-07,1.18E-08,1,1,1
0.999898911,9.89E-05,2.27E-06,1,1,1
0.999985337,1.46E-05,1.78E-07,1,1,1
0.999914527,8.08E-05,4.62E-06,1,1,1
1,2.84E-10,1.38E-10,1,1,1
1,8.18E-14,9.65E-15,1,1,1
1,1.78E-09,2.08E-10,1,1,1
1,1.44E-10,1.24E-11,1,1,1
1,1.74E-10,3.30E-11,1,1,1
1,1.46E-13,2.44E-14,1,1,1
1,2.48E-20,3.01E-20,1,1,1
1,1.06E-22,3.02E-21,1,1,1
1,2.12E-18,7.23E-18,1,1,1
1,3.75E-17,6.12E-18,1,1,1
1,6.51E-11,6.88E-12,1,1,1
1.40E-05,0.999986053,9.27E-09,2,2,1
5.31E-20,1,7.15E-22,2,2,1
2.42E-20,1,7.02E-22,2,2,1
3.42E-14,1,5.22E-16,2,2,1
1.76E-13,1,1.83E-15,2,2,1
7.36E-18,1,1.17E-19,2,2,1
1.87E-17,1,1.59E-19,2,2,1
4.20E-22,1,2.03E-23,2,2,1
2.15E-20,1,4.01E-22,2,2,1
8.75E-18,1,2.32E-19,2,2,1
2.10E-17,1,8.19E-19,2,2,1
0.999993324,6.62E-06,2.53E-10,1,1,1
1,7.36E-18,4.97E-18,1,1,1
1,3.72E-22,3.04E-22,1,1,1
1,6.88E-28,5.16E-24,1,1,1
1,2.07E-29,6.24E-25,1,1,1
1,8.23E-27,7.15E-22,1,1,1
1,1.84E-34,1.91E-29,1,1,1
1,1.05E-26,1.99E-25,1,1,1
1,5.97E-31,1.26E-27,1,1,1
1,8.61E-25,1.84E-24,1,1,1
1,1.16E-22,7.30E-22,1,1,1
1,3.80E-24,3.09E-23,1,1,1
1,3.81E-23,3.00E-21,1,1,1
1,2.26E-25,1.62E-22,1,1,1
1,1.74E-28,2.99E-21,1,1,1
1,1.61E-28,2.28E-23,1,1,1
1,3.15E-26,6.77E-20,1,1,1
1,1.08E-26,2.47E-18,1,1,1
1,1.60E-30,6.65E-23,1,1,1
1,1.46E-29,5.14E-23,1,1,1
1,1.18E-25,4.72E-21,1,1,1
1,9.67E-15,1.37E-14,1,1,1
1,1.24E-14,8.72E-15,1,1,1
1,4.76E-11,9.96E-11,1,1,1
1,7.19E-17,1.80E-13,1,1,1
1,2.11E-09,5.47E-09,1,1,1
0.999999762,1.86E-08,1.89E-07,1,1,1
1,1.76E-17,4.67E-13,1,1,1
1,1.11E-11,6.19E-09,1,1,1
1,4.82E-09,3.57E-08,1,1,1
1,2.21E-11,1.18E-09,1,1,1
1,1.22E-12,3.84E-11,1,1,1
1,4.34E-12,7.19E-11,1,1,1
1,1.44E-12,1.42E-10,1,1,1
1,1.83E-11,1.14E-09,1,1,1
1,3.54E-14,9.28E-13,1,1,1
1,2.80E-12,2.19E-11,1,1,1
1,2.48E-14,3.94E-14,1,1,1
1,2.32E-10,1.95E-11,1,1,1
1,9.57E-10,9.52E-11,1,1,1
1,4.10E-10,5.72E-11,1,1,1
1,2.77E-11,2.08E-12,1,1,1
1,5.20E-16,1.29E-17,1,1,1
1,1.26E-11,4.38E-13,1,1,1
1,2.82E-15,2.14E-16,1,1,1
1,9.55E-14,1.42E-15,1,1,1
1,4.69E-10,7.84E-12,1,1,1
1,1.19E-10,1.98E-12,1,1,1
1,1.54E-10,1.90E-12,1,1,1
0.999994516,5.40E-06,8.09E-08,1,1,1
1,5.37E-09,6.90E-11,1,1,1
0.999998569,1.38E-06,2.04E-08,1,1,1
0.999980092,1.95E-05,4.74E-07,1,1,1
1,1.43E-15,1.40E-16,1,1,1
1,1.84E-14,3.78E-15,1,1,1
1,1.17E-12,6.18E-14,1,1,1
1,2.72E-12,1.90E-13,1,1,1
1,1.26E-10,4.62E-12,1,1,1
1,1.69E-14,2.53E-15,1,1,1
1,5.16E-16,2.93E-16,1,1,1
1,9.07E-18,6.76E-18,1,1,1
1,5.80E-16,3.94E-16,1,1,1
1,1.43E-21,1.58E-20,1,1,1
1,3.29E-13,5.77E-14,1,1,1
1,2.66E-10,2.55E-11,1,1,1
1,1.55E-18,6.20E-18,1,1,1
1,7.44E-22,4.68E-20,1,1,1
1,4.40E-15,1.25E-14,1,1,1
1,1.44E-13,1.51E-13,1,1,1
1,2.52E-11,1.19E-11,1,1,1
0.999999285,1.20E-07,5.56E-07,1,1,1
0.999983191,3.94E-07,1.65E-05,1,1,1
0.792607725,2.38E-06,0.207389891,1,3,0
0.001147213,1.56E-08,0.99885273,3,3,1
0.014599474,3.63E-07,0.98540014,3,1,0
3.58E-10,3.41E-13,1,3,3,1
7.85E-11,1.38E-13,1,3,3,1
5.49E-07,6.17E-06,0.999993324,3,3,1
1.03E-07,4.82E-11,0.999999881,3,3,1
1.15E-05,2.78E-06,0.999985695,3,3,1
9.32E-05,0.002219968,0.997686744,3,3,1
0.000163959,0.017380111,0.982455969,3,3,1
1.61E-05,0.92643106,0.073552847,2,2,1
0.994704783,0.005241196,5.41E-05,1,1,1
0.999936461,5.90E-05,4.51E-06,1,1,1
0.999999762,2.66E-07,3.92E-08,1,1,1
0.999891758,0.000103543,4.61E-06,1,1,1
0.999884605,0.000108469,6.86E-06,1,1,1
0.999981165,1.69E-05,1.91E-06,1,1,1
1,3.83E-08,1.03E-08,1,1,1
0.999996185,3.35E-06,4.72E-07,1,1,1
0.999960065,3.67E-05,3.17E-06,1,1,1
0.999010205,0.000935627,5.42E-05,1,1,1
0.999927044,6.88E-05,4.22E-06,1,1,1
1,5.54E-10,7.05E-11,1,1,1
1,6.94E-12,1.67E-12,1,1,1
1,3.49E-10,5.41E-11,1,1,1
1,1.23E-09,1.98E-10,1,1,1
1,3.38E-12,6.83E-13,1,1,1
1,1.42E-22,6.34E-22,1,1,1
1,2.45E-13,4.58E-14,1,1,1
1,1.07E-17,9.10E-17,1,1,1
1,3.37E-19,1.83E-18,1,1,1
1,1.08E-18,9.71E-20,1,1,1
1,9.05E-12,5.73E-13,1,1,1
4.01E-07,0.999999642,2.94E-11,2,2,1
3.71E-12,1,3.94E-14,2,2,1
4.21E-14,1,1.62E-15,2,2,1
2.21E-06,0.999997735,3.00E-10,2,2,1
0.000208792,0.999791205,2.14E-08,2,2,1
3.86E-13,1,2.76E-15,2,2,1
5.04E-20,1,2.91E-21,2,2,1
1.23E-18,1,1.26E-19,2,2,1
2.93E-14,1,6.31E-17,2,2,1
0.999999881,1.43E-07,1.68E-12,1,1,1
1,5.96E-14,2.23E-14,1,1,1
1,2.47E-22,7.46E-21,1,1,1
1,4.78E-27,8.79E-25,1,1,1
1,2.30E-23,1.69E-21,1,1,1
1,9.43E-29,2.92E-24,1,1,1
1,4.56E-30,1.92E-25,1,1,1
1,4.33E-31,2.18E-28,1,1,1
1,2.47E-28,4.60E-27,1,1,1
1,2.28E-38,5.34E-35,1,1,1
1,0,8.66E-35,1,1,1
1,6.96E-35,4.56E-32,1,1,1
1,3.68E-36,5.55E-32,1,1,1
1,3.12E-21,6.95E-21,1,1,1
1,5.42E-24,1.93E-21,1,1,1
1,3.33E-24,1.46E-20,1,1,1
1,9.66E-25,7.78E-19,1,1,1
1,6.91E-26,2.25E-18,1,1,1
1,1.64E-26,5.34E-19,1,1,1
1,3.29E-24,1.52E-17,1,1,1
1,5.11E-26,3.91E-19,1,1,1
1,5.41E-22,2.97E-18,1,1,1
1,3.83E-18,2.23E-16,1,1,1
1,7.75E-15,2.33E-14,1,1,1
1,8.10E-17,2.97E-14,1,1,1
1,2.96E-17,1.12E-14,1,1,1
1,7.14E-12,4.11E-09,1,1,1
1,1.94E-17,2.14E-12,1,1,1
1,2.84E-14,4.89E-10,1,1,1
1,6.94E-13,1.14E-09,1,1,1
1,2.23E-12,2.16E-08,1,1,1
1,2.38E-10,1.58E-08,1,1,1
1,2.07E-11,2.92E-09,1,1,1
0.999999762,7.93E-08,1.08E-07,1,1,1
1,1.10E-09,5.49E-10,1,1,1
1,1.68E-13,2.55E-12,1,1,1
1,4.89E-12,2.69E-11,1,1,1
1,1.53E-13,3.48E-14,1,1,1
1,3.75E-16,1.77E-16,1,1,1
1,3.28E-14,9.57E-15,1,1,1
1,1.81E-15,1.50E-16,1,1,1
1,1.32E-13,1.24E-14,1,1,1
1,4.03E-12,1.08E-13,1,1,1
1,1.91E-17,1.53E-18,1,1,1
1,3.13E-13,5.18E-15,1,1,1
1,2.10E-11,1.30E-12,1,1,1
1,2.97E-10,1.36E-11,1,1,1
1,1.31E-13,3.19E-15,1,1,1
1,7.30E-12,2.85E-13,1,1,1
1,2.02E-10,5.45E-12,1,1,1
1,1.58E-12,3.37E-14,1,1,1
1,2.10E-10,2.92E-12,1,1,1
1,4.39E-12,1.23E-13,1,1,1
1,6.84E-10,4.99E-12,1,1,1
1,5.90E-13,1.31E-14,1,1,1
1,6.14E-11,2.10E-12,1,1,1
1,1.78E-12,1.40E-13,1,1,1
1,1.48E-09,6.78E-11,1,1,1
1,5.41E-13,4.37E-14,1,1,1
1,1.08E-15,2.48E-16,1,1,1
1,7.38E-15,1.32E-15,1,1,1
1,3.59E-18,2.44E-18,1,1,1
1,3.14E-23,2.59E-22,1,1,1
1,7.74E-17,5.88E-17,1,1,1
1,5.58E-13,1.69E-13,1,1,1
1,1.43E-12,3.33E-13,1,1,1
1,1.71E-13,4.50E-14,1,1,1
1,1.06E-15,3.97E-16,1,1,1
1,3.28E-16,1.63E-16,1,1,1
1,1.80E-17,1.88E-16,1,1,1
1,1.06E-14,1.37E-11,1,1,1
1,1.21E-08,3.93E-09,1,1,1
0.999870658,1.93E-08,0.000129366,1,1,1
0.999864817,1.11E-06,0.000134118,1,1,1
0.000890236,5.36E-09,0.999109685,3,3,1
0.005903663,3.63E-07,0.994095922,3,1,0
1.99E-11,4.55E-14,1,3,3,1
4.61E-05,5.08E-07,0.999953389,3,3,1
9.58E-06,0.165386781,0.834603667,3,2,0
0.000437356,0.855960846,0.143601865,2,2,1
0.001589251,0.931650996,0.066759728,2,2,1
0.003010514,0.985875785,0.011113645,2,2,1
0.003014463,0.987941921,0.009043641,2,2,1
1.82E-07,0.999997139,2.56E-06,2,2,1
0.399414867,0.60048908,9.61E-05,2,2,1
0.999857187,0.000138151,4.65E-06,1,1,1
0.999997616,2.20E-06,2.17E-07,1,1,1
0.99992311,7.26E-05,4.28E-06,1,1,1
0.999992132,7.25E-06,5.91E-07,1,1,1
0.999996066,3.25E-06,6.98E-07,1,1,1
0.999995828,3.64E-06,5.15E-07,1,1,1
0.999997497,2.29E-06,2.73E-07,1,1,1
0.999997139,2.55E-06,3.88E-07,1,1,1
0.999452651,0.000522229,2.51E-05,1,1,1
0.999384761,0.000587248,2.80E-05,1,1,1
1,1.44E-09,4.94E-10,1,1,1
0.999998569,1.33E-06,1.36E-07,1,1,1
0.999856591,0.000135903,7.49E-06,1,1,1
0.999990821,8.66E-06,5.28E-07,1,1,1
1,2.70E-13,1.07E-13,1,1,1
1,2.23E-15,1.17E-15,1,1,1
1,1.93E-14,7.84E-15,1,1,1
1,5.12E-21,1.45E-18,1,1,1
1,2.81E-32,9.29E-27,1,1,1
1,6.03E-29,6.57E-25,1,1,1
1,1.04E-19,3.43E-20,1,1,1
1,9.16E-09,7.44E-12,1,1,1
0.973093748,0.026906293,7.46E-11,1,2,0
0.999524593,0.000475368,1.23E-09,1,1,1
1,1.27E-20,3.89E-18,1,1,1
1,4.52E-19,3.37E-17,1,1,1
0.999992013,8.04E-06,2.35E-09,1,1,1
2.09E-06,0.999997854,7.58E-12,2,2,1
5.23E-05,0.999947667,7.84E-12,2,2,1
0.999999642,3.67E-07,1.33E-12,1,1,1
1,7.15E-17,4.52E-17,1,1,1
1,1.05E-21,1.57E-19,1,1,1
1,1.89E-24,3.74E-22,1,1,1
1,2.95E-29,4.61E-26,1,1,1
1,1.42E-24,6.08E-23,1,1,1
1,3.39E-27,8.46E-24,1,1,1
1,1.05E-21,5.89E-20,1,1,1
1,2.83E-25,3.01E-25,1,1,1
1,1.54E-34,1.82E-31,1,1,1
1,3.97E-31,8.38E-30,1,1,1
1,8.17E-30,1.89E-27,1,1,1
1,2.80E-27,3.55E-26,1,1,1
1,2.81E-25,6.65E-24,1,1,1
1,1.81E-21,3.90E-18,1,1,1
1,4.92E-26,5.59E-21,1,1,1
1,2.30E-28,2.07E-21,1,1,1
1,6.73E-27,3.38E-20,1,1,1
1,1.88E-24,2.02E-18,1,1,1
1,7.53E-24,2.33E-17,1,1,1
1,3.21E-20,2.77E-14,1,1,1
1,1.33E-21,9.34E-16,1,1,1
1,3.59E-21,3.43E-16,1,1,1
1,1.97E-16,4.25E-14,1,1,1
1,9.42E-20,2.37E-14,1,1,1
1,1.29E-18,2.73E-14,1,1,1
1,1.05E-18,1.13E-12,1,1,1
1,2.39E-16,2.70E-10,1,1,1
1,4.05E-19,1.15E-10,1,1,1
1,4.79E-16,1.56E-09,1,1,1
0.999999881,2.17E-13,6.04E-08,1,1,1
1,9.48E-12,3.24E-09,1,1,1
1,9.47E-09,5.17E-08,1,1,1
1,1.95E-11,7.40E-10,1,1,1
0.999998569,4.71E-07,8.99E-07,1,1,1
1,8.73E-09,6.10E-09,1,1,1
0.999999762,1.82E-07,4.62E-08,1,1,1
1,2.41E-09,4.41E-09,1,1,1
1,1.97E-14,8.67E-14,1,1,1
1,7.05E-12,1.56E-12,1,1,1
1,1.00E-14,7.87E-15,1,1,1
1,3.44E-13,6.34E-14,1,1,1
1,3.47E-13,1.16E-14,1,1,1
1,9.98E-15,5.47E-16,1,1,1
1,1.88E-17,2.70E-18,1,1,1
1,1.97E-13,2.41E-14,1,1,1
1,4.57E-12,2.79E-13,1,1,1
1,1.91E-10,9.93E-12,1,1,1
1,5.70E-15,2.70E-16,1,1,1
1,1.03E-12,2.92E-14,1,1,1
1,3.90E-17,4.04E-18,1,1,1
1,5.49E-14,3.12E-15,1,1,1
1,1.12E-11,7.41E-13,1,1,1
1,2.32E-13,1.17E-14,1,1,1
1,2.16E-09,9.68E-11,1,1,1
1,4.70E-11,2.30E-12,1,1,1
1,3.16E-14,4.92E-15,1,1,1
1,5.40E-09,2.79E-10,1,1,1
1,1.79E-12,9.05E-14,1,1,1
1,1.99E-16,3.63E-17,1,1,1
1,6.45E-21,2.46E-20,1,1,1
1,1.11E-19,1.29E-19,1,1,1
1,4.30E-22,5.54E-21,1,1,1
1,7.71E-18,1.56E-17,1,1,1
1,9.84E-17,3.96E-17,1,1,1
1,7.76E-19,2.82E-18,1,1,1
1,6.83E-14,3.26E-14,1,1,1
1,6.29E-15,6.83E-15,1,1,1
1,6.87E-14,2.27E-14,1,1,1
1,1.30E-13,1.12E-13,1,1,1
1,1.26E-16,1.41E-13,1,1,1
1,3.16E-13,3.72E-10,1,1,1
1,1.97E-10,6.94E-09,1,1,1
0.999999046,8.49E-08,8.68E-07,1,1,1
0.880194008,4.39E-07,0.11980556,1,3,0
4.84E-08,2.84E-14,1,3,3,1
8.84E-12,5.19E-16,1,3,3,1
4.48E-08,6.38E-09,1,3,3,1
0.000403122,8.33E-06,0.999588549,3,3,1
8.17E-06,0.989404202,0.010587732,2,2,1
2.89E-06,0.999899268,9.78E-05,2,2,1
0.022944223,0.951353192,0.025702624,2,2,1
0.019456584,0.963864267,0.016679168,2,2,1
0.151864305,0.803691268,0.044444405,2,2,1
0.297076702,0.699188292,0.003734989,2,1,0
0.005806103,0.994191825,2.02E-06,2,2,1
0.999946713,5.13E-05,1.92E-06,1,1,1
0.999999881,6.59E-08,1.11E-08,1,1,1
0.999927282,6.87E-05,4.06E-06,1,1,1
0.999988794,1.04E-05,7.88E-07,1,1,1
0.999994993,4.40E-06,5.49E-07,1,1,1
0.999995828,3.59E-06,6.02E-07,1,1,1
0.999999881,1.30E-07,1.93E-08,1,1,1
0.999833941,0.000157248,8.80E-06,1,1,1
0.999163866,0.000796537,3.97E-05,1,1,1
0.999617934,0.000364963,1.71E-05,1,1,1
1,5.61E-09,2.72E-09,1,1,1
0.999883533,0.000110357,6.08E-06,1,1,1
0.998884499,0.001059528,5.60E-05,1,1,1
0.999522924,0.000455401,2.17E-05,1,1,1
1,3.88E-11,1.42E-11,1,1,1
1,6.58E-13,1.67E-13,1,1,1
1,4.18E-14,2.51E-14,1,1,1
1,4.56E-20,1.27E-19,1,1,1
1,1.61E-20,1.36E-18,1,1,1
1,5.57E-28,2.79E-24,1,1,1
1,1.29E-27,3.99E-25,1,1,1
1,6.89E-18,4.12E-18,1,1,1
1,6.66E-27,4.15E-26,1,1,1
1,6.14E-12,1.82E-13,1,1,1
1,1.82E-14,2.24E-12,1,1,1
1,1.90E-25,2.11E-24,1,1,1
1,1.00E-25,2.01E-24,1,1,1
1,1.40E-12,4.10E-16,1,1,1
1,1.05E-11,1.69E-13,1,1,1
1,2.86E-17,4.64E-17,1,1,1
1,1.81E-24,2.97E-21,1,1,1
1,6.69E-27,3.65E-24,1,1,1
1,3.13E-30,1.11E-24,1,1,1
1,5.76E-26,3.52E-23,1,1,1
1,1.40E-25,6.10E-23,1,1,1
1,9.99E-31,2.99E-27,1,1,1
1,4.26E-31,1.80E-27,1,1,1
1,6.81E-33,1.12E-29,1,1,1
1,8.92E-36,1.99E-30,1,1,1
1,1.21E-26,9.16E-26,1,1,1
1,2.13E-31,6.65E-29,1,1,1
1,3.95E-32,2.18E-28,1,1,1
1,1.80E-28,7.89E-25,1,1,1
1,5.19E-25,8.85E-19,1,1,1
1,2.37E-29,1.47E-21,1,1,1
1,1.42E-20,3.38E-16,1,1,1
1,1.55E-25,1.01E-18,1,1,1
1,6.14E-28,8.94E-20,1,1,1
1,3.08E-26,4.98E-19,1,1,1
1,8.61E-27,3.51E-19,1,1,1
1,6.80E-21,3.40E-15,1,1,1
1,1.00E-20,7.09E-15,1,1,1
1,1.04E-20,3.12E-14,1,1,1
1,8.64E-17,3.44E-12,1,1,1
1,9.55E-18,9.69E-12,1,1,1
1,2.77E-19,2.83E-13,1,1,1
1,1.05E-18,2.44E-10,1,1,1
1,2.09E-17,8.37E-10,1,1,1
1,6.89E-18,6.06E-11,1,1,1
1,6.57E-14,1.73E-08,1,1,1
0.999999762,5.04E-09,1.93E-07,1,1,1
0.999999881,1.22E-08,1.43E-07,1,1,1
0.999998689,1.08E-08,1.25E-06,1,1,1
0.999999404,3.49E-07,2.88E-07,1,1,1
1,6.58E-10,5.06E-10,1,1,1
1,4.06E-10,6.76E-10,1,1,1
0.999999404,4.74E-07,1.39E-07,1,1,1
1,2.18E-10,3.21E-10,1,1,1
1,2.57E-10,9.35E-11,1,1,1
1,2.63E-13,2.02E-14,1,1,1
1,8.05E-09,2.00E-10,1,1,1
1,2.06E-11,1.01E-12,1,1,1
1,1.35E-14,9.18E-16,1,1,1
1,1.61E-17,6.39E-18,1,1,1
1,9.49E-17,1.35E-17,1,1,1
1,4.03E-11,2.27E-12,1,1,1
1,1.02E-16,5.94E-18,1,1,1
1,1.64E-17,2.33E-18,1,1,1
1,1.88E-12,9.98E-14,1,1,1
1,3.15E-11,1.78E-12,1,1,1
1,1.24E-12,6.30E-14,1,1,1
1,2.23E-14,2.41E-15,1,1,1
1,5.99E-18,1.25E-18,1,1,1
1,2.55E-18,4.69E-19,1,1,1
1,8.55E-13,4.39E-14,1,1,1
1,1.37E-14,4.25E-15,1,1,1
1,1.70E-13,1.92E-14,1,1,1
1,5.07E-11,3.49E-12,1,1,1
1,5.87E-16,1.64E-16,1,1,1
1,2.76E-24,7.33E-23,1,1,1
1,4.86E-17,3.41E-17,1,1,1
1,9.25E-23,3.63E-21,1,1,1
1,1.79E-21,8.02E-21,1,1,1
1,7.33E-22,1.49E-20,1,1,1
1,1.24E-13,4.57E-14,1,1,1
1,4.45E-11,5.59E-12,1,1,1
1,2.37E-12,3.08E-13,1,1,1
1,3.07E-10,5.74E-11,1,1,1
1,1.26E-11,5.84E-12,1,1,1
1,1.22E-12,5.26E-12,1,1,1
0.999999881,1.44E-07,2.17E-08,1,1,1
0.999999642,3.07E-07,4.37E-08,1,1,1
0.999999881,8.25E-09,9.30E-08,1,1,1
0.999980688,2.38E-09,1.93E-05,1,1,1
0.005919558,1.52E-07,0.994080245,3,3,1
3.31E-06,2.47E-08,0.999996662,3,3,1
2.70E-06,2.63E-05,0.999971032,3,3,1
4.20E-05,0.031302072,0.968655944,3,2,0
9.28E-07,0.999890327,0.000108686,2,2,1
0.004079841,0.950109303,0.045810957,2,2,1
0.249242216,0.745193899,0.005563898,2,1,0
0.923901677,0.070833713,0.005264554,1,1,1
0.999413371,0.000433307,0.000153356,1,1,1
0.94307059,0.056823146,0.000106234,1,1,1
0.999995589,4.09E-06,4.04E-07,1,1,1
0.999961734,3.44E-05,3.96E-06,1,1,1
0.999961257,3.57E-05,2.98E-06,1,1,1
0.999992013,6.87E-06,1.09E-06,1,1,1
0.999994755,4.76E-06,5.16E-07,1,1,1
0.999994278,5.13E-06,5.50E-07,1,1,1
0.999058902,0.00089048,5.07E-05,1,1,1
0.999600112,0.000375898,2.39E-05,1,1,1
0.999898076,9.64E-05,5.44E-06,1,1,1
1,1.08E-09,1.64E-10,1,1,1
0.999595702,0.000385889,1.85E-05,1,1,1
0.999186575,0.000770437,4.30E-05,1,1,1
0.999983549,1.54E-05,1.09E-06,1,1,1
0.999999881,1.24E-07,1.21E-08,1,1,1
1,1.53E-13,5.40E-14,1,1,1
1,7.68E-14,1.84E-14,1,1,1
1,2.24E-16,4.20E-16,1,1,1
1,1.82E-25,3.09E-22,1,1,1
1,1.50E-22,7.03E-19,1,1,1
1,5.14E-14,1.42E-12,1,1,1
1,5.76E-15,1.02E-12,1,1,1
1,8.75E-19,1.02E-16,1,1,1
1,1.50E-15,4.78E-17,1,1,1
1,4.66E-18,3.28E-17,1,1,1
1,1.97E-22,7.94E-18,1,1,1
1,4.24E-22,1.51E-18,1,1,1
1,1.41E-15,2.47E-15,1,1,1
1,4.68E-27,1.97E-23,1,1,1
1,1.10E-23,2.74E-20,1,1,1
1,2.13E-21,1.50E-16,1,1,1
1,1.05E-24,1.35E-19,1,1,1
1,1.16E-31,2.20E-26,1,1,1
1,8.45E-25,7.35E-23,1,1,1
1,1.53E-29,3.30E-28,1,1,1
1,1.26E-30,5.56E-28,1,1,1
1,8.47E-36,1.06E-30,1,1,1
1,2.97E-38,4.89E-33,1,1,1
1,6.20E-29,1.15E-25,1,1,1
1,1.69E-36,4.22E-32,1,1,1
1,1.10E-28,3.45E-25,1,1,1
1,9.13E-26,2.82E-23,1,1,1
1,6.96E-22,1.51E-18,1,1,1
1,2.41E-13,1.19E-11,1,1,1
1,2.09E-17,6.34E-15,1,1,1
1,5.30E-18,6.26E-15,1,1,1
1,1.23E-17,4.35E-14,1,1,1
1,2.87E-19,4.01E-14,1,1,1
1,2.17E-20,3.09E-15,1,1,1
1,7.04E-25,2.05E-17,1,1,1
1,1.36E-27,1.16E-19,1,1,1
1,4.75E-23,9.46E-15,1,1,1
1,5.84E-18,2.37E-12,1,1,1
1,8.25E-13,2.95E-09,1,1,1
0.999999881,8.18E-11,7.23E-08,1,1,1
1,6.17E-16,2.64E-10,1,1,1
1,3.54E-20,1.19E-11,1,1,1
1,5.23E-20,2.28E-11,1,1,1
0.999999881,1.13E-12,1.73E-07,1,1,1
0.999998927,1.92E-11,1.08E-06,1,1,1
0.999997735,4.62E-10,2.30E-06,1,1,1
0.999999642,5.11E-10,3.97E-07,1,1,1
0.99999547,1.45E-07,4.39E-06,1,1,1
0.999999881,7.52E-10,8.81E-08,1,1,1
1,3.79E-08,4.69E-08,1,1,1
0.999999046,6.44E-07,3.11E-07,1,1,1
0.999959946,3.21E-05,7.88E-06,1,1,1
0.999998689,7.22E-07,6.08E-07,1,1,1
1,4.08E-14,1.58E-14,1,1,1
1,2.67E-14,4.62E-15,1,1,1
1,2.43E-11,3.66E-12,1,1,1
1,1.67E-16,6.03E-18,1,1,1
1,6.15E-18,6.22E-19,1,1,1
1,1.55E-17,3.39E-18,1,1,1
1,3.71E-16,3.70E-17,1,1,1
1,1.65E-16,5.28E-18,1,1,1
1,2.26E-18,1.94E-19,1,1,1
1,7.18E-20,9.76E-21,1,1,1
1,1.02E-15,8.37E-17,1,1,1
1,1.61E-15,7.44E-17,1,1,1
1,8.11E-13,1.00E-13,1,1,1
1,7.66E-12,1.36E-12,1,1,1
1,4.14E-17,1.17E-17,1,1,1
1,1.81E-15,2.69E-16,1,1,1
1,5.22E-22,7.26E-21,1,1,1
1,3.28E-18,2.85E-18,1,1,1
1,3.34E-13,4.80E-14,1,1,1
1,2.22E-13,4.87E-14,1,1,1
1,2.33E-16,1.66E-16,1,1,1
1,2.77E-20,8.46E-20,1,1,1
1,8.60E-19,1.87E-18,1,1,1
1,5.13E-25,1.73E-22,1,1,1
1,4.59E-25,5.81E-22,1,1,1
1,2.19E-24,3.66E-22,1,1,1
1,9.98E-26,5.81E-22,1,1,1
1,1.76E-16,1.39E-15,1,1,1
1,5.73E-13,6.03E-13,1,1,1
1,1.09E-11,3.21E-12,1,1,1
1,7.45E-12,2.32E-11,1,1,1
1,3.49E-14,4.63E-11,1,1,1
0.999999881,3.69E-08,1.37E-07,1,1,1
0.999999404,4.94E-07,1.47E-07,1,1,1
0.999986529,1.60E-06,1.19E-05,1,1,1
0.999506354,2.08E-08,0.000493625,1,1,1
0.000225805,4.55E-09,0.999774158,3,3,1
5.17E-05,4.85E-06,0.999943376,3,3,1
2.38E-08,8.14E-05,0.99991858,3,3,1
3.23E-06,0.000782467,0.999214292,3,3,1
1.44E-05,0.979382515,0.020603051,2,2,1
0.000372621,0.981833994,0.017793313,2,2,1
0.986440718,0.012395686,0.001163616,1,1,1
0.993411124,0.006569666,1.92E-05,1,1,1
0.999469697,0.000528229,2.17E-06,1,1,1
0.999653459,0.000339204,7.38E-06,1,1,1
0.999485135,0.000491785,2.30E-05,1,1,1
0.998251855,0.001682295,6.58E-05,1,1,1
0.999137521,0.000815015,4.74E-05,1,1,1
0.999988198,1.08E-05,9.01E-07,1,1,1
0.999999762,2.77E-07,3.60E-08,1,1,1
0.999996185,3.47E-06,3.07E-07,1,1,1
1,4.31E-08,5.11E-09,1,1,1
0.999867916,0.000126386,5.75E-06,1,1,1
0.999911189,8.41E-05,4.72E-06,1,1,1
1,3.97E-08,4.46E-09,1,1,1
1,1.35E-11,3.81E-12,1,1,1
1,5.23E-18,4.79E-18,1,1,1
1,1.77E-13,5.38E-14,1,1,1
1,1.38E-14,3.58E-15,1,1,1
1,4.55E-33,1.83E-27,1,1,1
1,1.10E-35,2.34E-29,1,1,1
1,3.75E-24,1.19E-19,1,1,1
1,2.14E-21,4.24E-17,1,1,1
1,5.32E-15,1.02E-14,1,1,1
1,5.91E-22,4.15E-20,1,1,1
1,2.58E-18,1.32E-15,1,1,1
1,7.84E-13,1.70E-10,1,1,1
1,2.76E-16,5.85E-13,1,1,1
1,1.02E-19,7.81E-17,1,1,1
1,2.72E-23,7.01E-20,1,1,1
1,1.51E-16,3.45E-15,1,1,1
1,8.13E-19,4.35E-15,1,1,1
1,9.70E-18,4.87E-14,1,1,1
1,2.28E-27,8.16E-21,1,1,1
1,4.80E-30,8.64E-25,1,1,1
1,2.73E-26,1.87E-23,1,1,1
1,3.12E-32,1.57E-28,1,1,1
1,0,1.27E-36,1,1,1
1,2.73E-33,4.19E-29,1,1,1
1,8.84E-36,5.54E-30,1,1,1
1,3.05E-29,1.24E-24,1,1,1
1,2.05E-31,3.51E-26,1,1,1
1,1.75E-25,1.16E-20,1,1,1
1,4.57E-20,3.99E-18,1,1,1
1,5.79E-25,1.35E-20,1,1,1
1,1.22E-19,1.05E-15,1,1,1
1,2.18E-18,9.18E-14,1,1,1
1,8.57E-18,5.60E-14,1,1,1
1,2.07E-19,1.64E-14,1,1,1
1,7.04E-19,5.13E-15,1,1,1
1,2.47E-19,2.10E-14,1,1,1
1,3.51E-20,5.80E-16,1,1,1
1,9.99E-19,1.14E-13,1,1,1
1,3.73E-19,1.70E-13,1,1,1
1,7.25E-18,6.57E-12,1,1,1
1,4.23E-21,6.18E-14,1,1,1
1,1.12E-16,2.87E-12,1,1,1
1,3.03E-11,2.13E-08,1,1,1
1,1.14E-15,1.58E-09,1,1,1
1,5.51E-14,2.25E-08,1,1,1
1,8.19E-16,3.24E-11,1,1,1
0.999999881,7.94E-12,1.27E-07,1,1,1
1,1.97E-11,7.60E-09,1,1,1
0.999999881,8.99E-10,1.76E-07,1,1,1
0.999999762,4.62E-08,2.35E-07,1,1,1
0.999996305,1.30E-06,2.39E-06,1,1,1
0.999972582,2.27E-05,4.76E-06,1,1,1
1,4.40E-10,2.35E-09,1,1,1
1,2.07E-13,1.80E-13,1,1,1
1,4.71E-12,8.38E-13,1,1,1
1,2.19E-11,4.42E-12,1,1,1
1,1.87E-11,1.01E-12,1,1,1
1,5.44E-14,1.93E-15,1,1,1
1,1.13E-14,4.85E-16,1,1,1
1,3.57E-16,1.85E-17,1,1,1
1,1.15E-16,1.16E-17,1,1,1
1,7.15E-14,2.79E-15,1,1,1
1,7.55E-19,3.09E-20,1,1,1
1,2.13E-18,7.37E-20,1,1,1
1,2.44E-18,2.39E-19,1,1,1
1,2.78E-16,4.67E-17,1,1,1
1,6.12E-19,5.40E-19,1,1,1
1,7.48E-17,4.52E-17,1,1,1
1,2.92E-14,7.02E-15,1,1,1
1,2.75E-15,4.67E-16,1,1,1
1,2.17E-18,4.94E-18,1,1,1
1,3.22E-13,3.92E-14,1,1,1
1,4.93E-14,4.92E-15,1,1,1
1,5.77E-14,1.62E-14,1,1,1
1,4.42E-14,7.04E-15,1,1,1
1,1.68E-14,1.06E-14,1,1,1
1,1.71E-21,1.51E-20,1,1,1
1,6.10E-19,1.08E-18,1,1,1
1,9.54E-18,1.75E-17,1,1,1
1,5.69E-16,4.33E-16,1,1,1
1,1.82E-18,1.59E-17,1,1,1
1,2.68E-19,1.32E-16,1,1,1
1,6.62E-14,1.08E-13,1,1,1
1,3.87E-14,1.59E-12,1,1,1
1,3.98E-10,1.02E-09,1,1,1
0.999999881,6.62E-13,9.66E-08,1,1,1
0.999992371,2.43E-08,7.61E-06,1,1,1
0.999984503,9.99E-06,5.43E-06,1,1,1
0.999977231,1.29E-05,9.94E-06,1,1,1
0.998797178,1.26E-05,0.001190263,1,1,1
0.998938978,0.00024431,0.000816664,1,1,1
0.0006312,0.01583657,0.98353219,3,3,1
7.68E-07,0.001114879,0.99888438,3,3,1
6.28E-06,0.42997238,0.570021331,3,3,1
9.81E-05,0.455308735,0.544593215,3,2,0
0.000267684,0.999248326,0.000484006,2,2,1
0.015400589,0.984441817,0.000157591,2,2,1
0.997702181,0.002295908,1.93E-06,1,1,1
0.999893785,0.000105131,1.04E-06,1,1,1
0.998990953,0.000999456,9.54E-06,1,1,1
0.993754864,0.006101625,0.000143439,1,1,1
0.998976827,0.000982526,4.07E-05,1,1,1
0.999996185,3.40E-06,3.72E-07,1,1,1
0.999998093,1.84E-06,1.39E-07,1,1,1
1,1.34E-10,2.50E-11,1,1,1
0.999999881,1.34E-07,1.35E-08,1,1,1
1,3.53E-15,2.03E-15,1,1,1
1,2.46E-10,3.88E-11,1,1,1
1,6.63E-17,6.19E-17,1,1,1
1,6.58E-16,3.67E-16,1,1,1
1,1.81E-18,5.43E-18,1,1,1
1,1.35E-24,2.05E-20,1,1,1
1,6.49E-24,3.86E-21,1,1,1
1,1.11E-29,2.57E-22,1,1,1
1,5.81E-22,5.04E-18,1,1,1
1,4.23E-15,2.15E-14,1,1,1
1,2.26E-19,2.05E-16,1,1,1
1,4.04E-16,2.38E-13,1,1,1
1,1.33E-24,2.19E-16,1,1,1
1,6.09E-24,2.04E-17,1,1,1
1,1.26E-24,4.29E-18,1,1,1
1,8.20E-22,5.24E-16,1,1,1
1,1.82E-16,3.84E-14,1,1,1
1,3.57E-24,4.35E-17,1,1,1
1,1.29E-28,5.84E-21,1,1,1
1,5.43E-32,1.59E-24,1,1,1
1,1.60E-38,8.33E-32,1,1,1
1,3.75E-24,1.56E-20,1,1,1
1,1.61E-37,5.27E-31,1,1,1
1,2.00E-28,6.87E-24,1,1,1
1,2.86E-32,1.67E-27,1,1,1
1,2.68E-32,1.92E-27,1,1,1
1,1.04E-35,4.39E-27,1,1,1
1,2.83E-37,2.66E-27,1,1,1
1,1.67E-29,7.95E-24,1,1,1
1,3.03E-25,2.52E-20,1,1,1
1,4.22E-26,4.56E-19,1,1,1
1,1.23E-22,3.22E-16,1,1,1
1,2.38E-21,1.50E-14,1,1,1
1,8.99E-19,3.30E-13,1,1,1
1,5.39E-22,3.99E-15,1,1,1
1,2.51E-19,8.21E-15,1,1,1
1,1.30E-14,1.90E-12,1,1,1
1,5.22E-17,1.38E-13,1,1,1
1,8.78E-22,3.17E-16,1,1,1
1,5.18E-19,7.61E-13,1,1,1
1,3.76E-18,6.38E-12,1,1,1
1,2.29E-20,5.58E-15,1,1,1
1,8.73E-13,7.43E-10,1,1,1
1,5.01E-10,1.04E-08,1,1,1
1,1.10E-08,2.99E-08,1,1,1
1,1.16E-10,3.34E-09,1,1,1
0.999999762,6.08E-11,2.31E-07,1,1,1
1,2.10E-12,6.33E-09,1,1,1
1,1.12E-08,5.32E-08,1,1,1
1,1.70E-08,5.82E-08,1,1,1
0.999895215,9.05E-05,1.44E-05,1,1,1
0.999999642,7.96E-08,1.96E-07,1,1,1
0.999998569,5.66E-07,8.61E-07,1,1,1
1,1.37E-12,2.54E-12,1,1,1
0.999999762,2.85E-07,1.69E-08,1,1,1
0.999998331,1.61E-06,5.89E-08,1,1,1
1,8.94E-11,1.95E-12,1,1,1
1,5.68E-09,4.88E-11,1,1,1
1,1.75E-16,2.83E-18,1,1,1
1,1.13E-13,2.81E-15,1,1,1
1,1.67E-12,1.60E-13,1,1,1
1,1.48E-18,2.54E-19,1,1,1
1,1.33E-26,9.46E-27,1,1,1
1,2.68E-17,2.14E-18,1,1,1
1,1.12E-24,3.74E-25,1,1,1
1,4.62E-18,1.09E-18,1,1,1
1,1.43E-19,2.43E-19,1,1,1
1,4.41E-18,2.37E-18,1,1,1
1,2.94E-17,3.49E-17,1,1,1
1,2.12E-15,1.61E-15,1,1,1
1,5.03E-22,5.70E-22,1,1,1
1,3.52E-23,1.77E-22,1,1,1
1,3.26E-21,2.40E-21,1,1,1
1,2.17E-12,1.56E-13,1,1,1
1,3.31E-10,1.08E-11,1,1,1
1,4.28E-13,9.00E-14,1,1,1
1,5.71E-18,3.64E-18,1,1,1
1,2.30E-13,8.92E-14,1,1,1
1,7.46E-17,1.92E-16,1,1,1
1,4.92E-18,5.23E-17,1,1,1
1,7.03E-11,4.29E-12,1,1,1
1,9.88E-14,6.68E-14,1,1,1
1,3.95E-16,3.35E-15,1,1,1
1,4.11E-12,2.57E-11,1,1,1
1,4.48E-14,2.66E-13,1,1,1
1,1.26E-08,1.64E-08,1,1,1
0.999984503,2.21E-10,1.55E-05,1,1,1
0.998964071,1.50E-07,0.001035845,1,1,1
0.999986172,2.02E-06,1.18E-05,1,1,1
0.999971747,1.58E-05,1.25E-05,1,1,1
0.999933839,3.50E-05,3.11E-05,1,1,1
0.976579845,0.005917443,0.017502701,1,1,1
4.15E-06,0.000701496,0.999294281,3,3,1
6.81E-08,0.00015251,0.999847412,3,3,1
8.45E-09,0.000873734,0.999126256,3,3,1
2.45E-11,1.22E-09,1,3,3,1
3.80E-05,0.081338443,0.918623626,3,2,0
0.002853156,0.994838178,0.002308712,2,2,1
0.307034045,0.692213297,0.000752631,2,1,0
0.991549015,0.008416435,3.45E-05,1,1,1
0.992272019,0.007664569,6.33E-05,1,1,1
0.99962163,0.000359629,1.88E-05,1,1,1
0.999602139,0.000378165,1.96E-05,1,1,1
0.999999881,8.99E-08,1.49E-08,1,1,1
1,2.78E-15,8.05E-16,1,1,1
1,1.19E-14,3.40E-15,1,1,1
1,1.57E-14,2.33E-15,1,1,1
1,2.04E-19,2.27E-19,1,1,1
1,1.46E-18,1.60E-18,1,1,1
1,4.64E-17,1.50E-17,1,1,1
1,1.04E-23,6.02E-23,1,1,1
1,6.76E-23,1.24E-19,1,1,1
1,1.73E-20,9.87E-18,1,1,1
1,2.48E-17,5.51E-16,1,1,1
1,1.46E-21,7.27E-18,1,1,1
1,6.51E-19,5.16E-16,1,1,1
1,3.88E-18,1.87E-15,1,1,1
1,3.30E-21,4.23E-15,1,1,1
1,1.11E-22,3.22E-16,1,1,1
1,5.38E-27,4.76E-18,1,1,1
1,1.54E-22,4.46E-16,1,1,1
1,8.96E-24,2.83E-16,1,1,1
1,5.38E-23,1.37E-15,1,1,1
1,1.32E-31,6.17E-25,1,1,1
1,3.12E-28,6.10E-21,1,1,1
1,2.30E-37,3.48E-30,1,1,1
1,4.28E-31,1.85E-23,1,1,1
1,0,6.60E-33,1,1,1
1,2.10E-26,1.66E-23,1,1,1
1,2.74E-26,1.07E-21,1,1,1
1,3.98E-38,3.00E-30,1,1,1
1,5.44E-33,2.28E-23,1,1,1
1,1.40E-21,9.19E-16,1,1,1
1,5.21E-30,2.85E-21,1,1,1
1,3.53E-27,1.25E-19,1,1,1
1,4.42E-27,1.18E-17,1,1,1
1,3.53E-27,1.79E-18,1,1,1
1,4.00E-27,1.45E-18,1,1,1
1,5.64E-23,5.93E-15,1,1,1
1,1.99E-27,3.43E-19,1,1,1
1,5.94E-21,1.41E-14,1,1,1
1,3.32E-18,1.56E-13,1,1,1
1,1.38E-20,5.48E-15,1,1,1
1,8.61E-23,4.00E-17,1,1,1
1,1.95E-17,3.25E-13,1,1,1
1,2.49E-19,2.26E-14,1,1,1
1,2.30E-15,2.61E-12,1,1,1
1,2.65E-09,3.15E-09,1,1,1
1,2.93E-10,3.74E-09,1,1,1
0.999845624,0.000127393,2.69E-05,1,1,1
0.999909997,8.34E-05,6.54E-06,1,1,1
1,1.12E-09,1.89E-08,1,1,1
1,7.44E-11,4.39E-09,1,1,1
0.999932528,6.08E-05,6.71E-06,1,1,1
0.999998808,1.03E-06,1.69E-07,1,1,1
0.999989629,9.13E-06,1.15E-06,1,1,1
1,4.83E-10,5.75E-11,1,1,1
0.999998689,1.26E-06,2.81E-08,1,1,1
0.999995351,4.52E-06,8.59E-08,1,1,1
0.999991417,8.50E-06,8.04E-08,1,1,1
0.999999642,3.69E-07,4.27E-10,1,1,1
0.999999642,3.07E-07,9.15E-10,1,1,1
1,2.35E-10,7.96E-13,1,1,1
1,2.27E-14,1.38E-16,1,1,1
1,1.54E-15,7.35E-17,1,1,1
1,7.99E-18,7.40E-19,1,1,1
1,1.52E-16,1.03E-17,1,1,1
1,6.76E-20,7.51E-21,1,1,1
1,2.08E-19,2.47E-20,1,1,1
1,1.28E-18,1.87E-19,1,1,1
1,7.92E-11,5.79E-12,1,1,1
1,3.75E-15,1.27E-15,1,1,1
1,1.24E-16,1.18E-16,1,1,1
1,2.31E-17,2.24E-17,1,1,1
1,5.77E-20,2.29E-19,1,1,1
1,2.90E-18,1.53E-18,1,1,1
1,1.62E-14,3.79E-15,1,1,1
1,5.46E-16,1.21E-16,1,1,1
1,2.52E-12,1.44E-13,1,1,1
1,7.03E-13,3.79E-14,1,1,1
1,7.78E-15,1.34E-15,1,1,1
1,3.10E-12,1.67E-13,1,1,1
1,2.12E-10,7.97E-12,1,1,1
1,1.47E-12,4.57E-13,1,1,1
1,1.83E-17,5.49E-16,1,1,1
1,3.31E-13,3.33E-13,1,1,1
1,6.08E-13,1.01E-13,1,1,1
1,1.81E-12,7.79E-12,1,1,1
1,8.80E-12,1.42E-10,1,1,1
1,6.57E-10,5.69E-09,1,1,1
0.999999642,1.80E-08,3.28E-07,1,1,1
0.999970436,7.99E-07,2.87E-05,1,1,1
0.999940395,4.91E-06,5.48E-05,1,1,1
0.98616451,2.19E-05,0.013813655,1,1,1
0.189882159,2.47E-06,0.810115397,3,3,1
0.909782946,5.15E-05,0.090165652,1,1,1
0.902402103,0.001932808,0.095665164,1,1,1
1.69E-05,0.00201514,0.997967899,3,3,1
1.32E-08,8.68E-06,0.999991298,3,3,1
4.76E-09,0.001713259,0.998286664,3,3,1
4.55E-16,2.92E-13,1,3,3,1
3.84E-09,4.98E-06,0.999994993,3,3,1
0.002318119,0.470077157,0.527604699,3,2,0
0.613655031,0.381047368,0.00529763,1,1,1
0.999979854,1.63E-05,3.97E-06,1,1,1
0.999675155,0.000323548,1.29E-06,1,1,1
0.999346673,0.000621766,3.15E-05,1,1,1
0.999398351,0.000572444,2.92E-05,1,1,1
0.99999392,5.75E-06,3.94E-07,1,1,1
1,3.59E-17,2.37E-17,1,1,1
1,1.13E-18,5.72E-19,1,1,1
1,2.30E-15,5.61E-16,1,1,1
1,9.33E-26,1.53E-25,1,1,1
1,1.69E-21,2.20E-21,1,1,1
1,1.20E-17,1.96E-18,1,1,1
1,1.53E-22,7.01E-23,1,1,1
1,1.71E-25,7.40E-25,1,1,1
1,2.49E-24,2.23E-22,1,1,1
1,1.24E-21,3.26E-19,1,1,1
1,2.04E-16,4.76E-15,1,1,1
1,1.90E-16,4.92E-15,1,1,1
1,6.85E-17,1.22E-13,1,1,1
1,1.76E-17,3.76E-13,1,1,1
1,2.45E-26,2.03E-17,1,1,1
1,4.35E-26,1.25E-17,1,1,1
1,1.62E-27,7.88E-19,1,1,1
1,4.69E-23,1.31E-15,1,1,1
1,2.14E-24,1.90E-16,1,1,1
1,3.63E-22,1.85E-14,1,1,1
1,2.50E-23,2.90E-17,1,1,1
1,3.86E-24,5.90E-19,1,1,1
1,3.38E-29,9.08E-21,1,1,1
1,3.39E-37,3.56E-30,1,1,1
1,4.78E-21,1.12E-17,1,1,1
1,4.21E-30,4.01E-24,1,1,1
1,2.84E-31,2.33E-23,1,1,1
1,1.76E-36,1.88E-26,1,1,1
1,7.67E-32,9.49E-22,1,1,1
1,3.54E-31,2.20E-21,1,1,1
1,1.33E-25,1.48E-15,1,1,1
1,8.02E-25,2.84E-17,1,1,1
1,7.31E-25,2.67E-18,1,1,1
1,5.52E-20,2.64E-14,1,1,1
1,2.79E-21,1.13E-14,1,1,1
1,5.47E-24,7.05E-18,1,1,1
1,7.57E-19,8.19E-14,1,1,1
1,7.41E-19,1.79E-13,1,1,1
1,5.90E-16,4.20E-12,1,1,1
1,2.20E-14,4.06E-11,1,1,1
1,6.24E-13,1.44E-09,1,1,1
1,4.63E-14,1.53E-10,1,1,1
0.999999762,7.84E-08,8.11E-08,1,1,1
1,1.54E-09,1.50E-08,1,1,1
0.999999762,2.88E-08,2.15E-07,1,1,1
0.999935746,5.69E-05,7.38E-06,1,1,1
0.854283333,0.144339263,0.001377361,1,2,0
0.999999404,2.41E-07,3.02E-07,1,1,1
0.999999523,2.74E-07,2.55E-07,1,1,1
0.999932528,5.39E-05,1.36E-05,1,1,1
0.999949813,4.85E-05,1.65E-06,1,1,1
0.770871758,0.228980914,0.000147331,1,1,1
0.977852881,0.022134036,1.31E-05,1,1,1
0.999979258,2.07E-05,2.41E-08,1,1,1
0.996794999,0.003198872,6.20E-06,1,1,1
0.99942708,0.000572853,1.37E-07,1,1,1
0.99906975,0.000929901,4.06E-07,1,1,1
0.999999046,8.99E-07,3.86E-09,1,1,1
1,6.55E-11,5.08E-13,1,1,1
1,9.29E-10,1.21E-11,1,1,1
1,3.74E-19,9.29E-21,1,1,1
1,7.48E-20,1.24E-20,1,1,1
1,2.05E-18,2.49E-19,1,1,1
1,4.95E-13,4.39E-14,1,1,1
1,1.04E-12,1.20E-13,1,1,1
1,5.71E-18,5.72E-19,1,1,1
1,1.37E-15,2.04E-16,1,1,1
1,2.33E-15,1.57E-16,1,1,1
1,4.06E-13,4.14E-14,1,1,1
1,1.73E-17,1.47E-17,1,1,1
1,4.23E-20,4.39E-19,1,1,1
1,2.22E-15,1.22E-15,1,1,1
1,1.73E-16,2.92E-17,1,1,1
1,5.37E-21,8.98E-21,1,1,1
1,4.11E-15,8.83E-16,1,1,1
1,4.71E-15,4.19E-16,1,1,1
1,1.55E-11,5.80E-13,1,1,1
1,8.32E-11,2.65E-12,1,1,1
1,1.93E-11,1.44E-12,1,1,1
1,4.90E-10,2.38E-11,1,1,1
1,2.16E-10,1.69E-11,1,1,1
1,3.44E-12,5.15E-12,1,1,1
1,5.19E-10,7.53E-11,1,1,1
1,2.83E-10,8.71E-11,1,1,1
0.999999881,3.40E-10,1.13E-07,1,1,1
0.999993324,2.90E-08,6.71E-06,1,1,1
0.999998569,6.41E-07,8.63E-07,1,1,1
0.999972463,7.60E-06,1.99E-05,1,1,1
0.99657464,8.46E-06,0.003416938,1,1,1
0.998370945,2.41E-05,0.001605092,1,1,1
0.004443206,4.36E-06,0.995552361,3,3,1
0.439559817,0.000265689,0.560174465,3,1,0
6.45E-05,5.88E-08,0.999935508,3,3,1
8.74E-07,0.000319389,0.999679804,3,3,1
7.01E-10,2.78E-07,0.999999762,3,3,1
3.48E-09,7.66E-05,0.999923348,3,3,1
5.44E-13,2.33E-10,1,3,3,1
1.68E-10,5.43E-07,0.999999404,3,3,1
0.002972192,0.58319205,0.413835764,2,2,1
0.042624984,0.956539035,0.000836021,2,1,0
0.999690294,0.000295043,1.46E-05,1,1,1
0.740667403,0.259310812,2.18E-05,1,1,1
0.999791563,0.000196022,1.24E-05,1,1,1
0.999941587,5.51E-05,3.28E-06,1,1,1
0.99990499,8.97E-05,5.34E-06,1,1,1
0.999996543,3.18E-06,2.47E-07,1,1,1
1,7.47E-14,3.19E-14,1,1,1
1,3.67E-15,1.13E-15,1,1,1
1,1.68E-19,1.61E-19,1,1,1
1,7.33E-29,5.78E-28,1,1,1
1,3.79E-28,2.47E-27,1,1,1
1,2.78E-18,2.00E-18,1,1,1
1,1.32E-37,2.12E-34,1,1,1
1,2.58E-34,1.10E-28,1,1,1
1,1.74E-24,2.96E-22,1,1,1
1,8.91E-21,1.56E-19,1,1,1
1,1.01E-18,2.28E-17,1,1,1
1,8.05E-13,1.77E-12,1,1,1
1,1.55E-11,8.70E-11,1,1,1
1,1.64E-19,2.87E-15,1,1,1
1,7.82E-28,3.68E-19,1,1,1
1,4.71E-31,1.75E-20,1,1,1
1,1.16E-27,6.99E-18,1,1,1
1,2.60E-20,4.47E-13,1,1,1
1,6.84E-20,1.51E-13,1,1,1
1,7.76E-29,1.86E-20,1,1,1
1,1.84E-29,1.18E-20,1,1,1
1,1.48E-24,6.78E-18,1,1,1
1,9.54E-25,2.90E-19,1,1,1
1,6.73E-29,1.35E-20,1,1,1
1,3.62E-27,5.32E-20,1,1,1
1,1.76E-28,4.55E-22,1,1,1
1,2.04E-29,1.44E-22,1,1,1
1,1.39E-28,2.29E-20,1,1,1
1,3.40E-33,6.34E-23,1,1,1
1,1.12E-29,2.35E-19,1,1,1
1,2.01E-22,1.35E-15,1,1,1
1,2.84E-23,8.23E-16,1,1,1
1,2.93E-27,1.07E-19,1,1,1
1,1.44E-18,1.22E-13,1,1,1
1,1.21E-19,1.08E-14,1,1,1
1,6.05E-16,1.95E-12,1,1,1
1,5.30E-20,9.74E-16,1,1,1
1,6.29E-20,1.55E-13,1,1,1
1,3.78E-15,2.33E-11,1,1,1
1,3.26E-16,7.17E-11,1,1,1
1,2.38E-10,2.31E-08,1,1,1
1,1.09E-10,3.32E-09,1,1,1
1,9.70E-10,3.08E-08,1,1,1
0.000131444,0.999868393,1.65E-07,2,2,1
2.77E-05,0.999972224,7.34E-08,2,2,1
1.86E-08,1,3.29E-10,2,2,1
3.86E-11,1,1.15E-12,2,2,1
0.002989929,0.996998549,1.15E-05,2,2,1
8.31E-10,1,2.85E-11,2,2,1
3.11E-06,0.999996901,1.16E-08,2,2,1
0.955464661,0.044469882,6.54E-05,1,1,1
0.00431426,0.995673835,1.19E-05,2,2,1
0.014443676,0.985551,5.30E-06,2,2,1
0.023171701,0.976717114,0.000111192,2,2,1
0.016018046,0.983828664,0.000153299,2,2,1
0.999970555,2.91E-05,2.93E-07,1,1,1
0.999998093,1.93E-06,3.45E-08,1,1,1
1,3.17E-11,3.94E-13,1,1,1
1,1.98E-14,5.19E-16,1,1,1
1,9.91E-20,2.89E-21,1,1,1
1,4.32E-13,1.41E-14,1,1,1
1,3.68E-14,2.05E-15,1,1,1
1,4.60E-15,3.99E-16,1,1,1
1,1.47E-17,5.91E-18,1,1,1
1,1.02E-20,1.58E-20,1,1,1
1,9.07E-15,2.27E-15,1,1,1
1,1.21E-11,1.36E-12,1,1,1
1,2.59E-13,1.84E-14,1,1,1
1,1.57E-15,1.09E-16,1,1,1
1,1.01E-13,1.72E-14,1,1,1
1,7.35E-14,7.04E-15,1,1,1
1,6.01E-14,3.88E-15,1,1,1
1,5.51E-12,1.59E-13,1,1,1
1,1.81E-12,6.93E-14,1,1,1
1,2.14E-15,8.33E-16,1,1,1
1,1.34E-08,6.59E-10,1,1,1
1,2.21E-08,9.63E-10,1,1,1
1,1.57E-09,3.46E-10,1,1,1
1,4.07E-16,4.01E-14,1,1,1
1,1.60E-12,1.21E-10,1,1,1
0.999999762,6.42E-10,2.17E-07,1,1,1
0.999999523,3.11E-09,4.31E-07,1,1,1
0.999997616,1.47E-06,9.98E-07,1,1,1
0.999836564,3.06E-06,0.000160357,1,1,1
0.997329712,2.24E-06,0.002668034,1,1,1
0.999400854,2.80E-05,0.000571158,1,1,1
0.996531308,0.000216871,0.003251783,1,1,1
0.98599875,0.005560293,0.008441011,1,1,1
0.000127315,2.68E-05,0.999845862,3,3,1
7.92E-06,4.63E-06,0.999987483,3,3,1
0.000385599,0.034943484,0.964670956,3,3,1
2.15E-10,2.30E-09,1,3,3,1
1.33E-07,0.016076911,0.983922899,3,3,1
6.78E-12,1.05E-09,1,3,3,1
7.23E-12,7.98E-11,1,3,3,1
4.59E-05,0.936511815,0.063442253,2,2,1
0.000941313,0.528539956,0.470518738,2,2,1
4.43E-07,0.999994397,5.08E-06,2,2,1
2.02E-09,1,5.04E-10,2,2,1
0.999930978,6.50E-05,3.92E-06,1,1,1
0.999612153,0.000368868,1.91E-05,1,1,1
0.999651551,0.000331307,1.72E-05,1,1,1
0.999975801,2.29E-05,1.35E-06,1,1,1
0.999998689,1.23E-06,1.25E-07,1,1,1
1,4.16E-15,1.50E-15,1,1,1
1,2.04E-16,9.02E-17,1,1,1
1,2.41E-16,7.28E-17,1,1,1
1,1.86E-23,8.15E-23,1,1,1
1,1.78E-33,2.03E-32,1,1,1
1,2.23E-33,8.25E-32,1,1,1
1,4.32E-35,9.19E-32,1,1,1
1,4.08E-33,1.09E-28,1,1,1
1,5.57E-30,1.11E-25,1,1,1
1,1.25E-22,6.92E-20,1,1,1
1,2.52E-21,1.31E-17,1,1,1
1,8.51E-21,1.44E-18,1,1,1
1,1.53E-19,1.15E-15,1,1,1
1,1.16E-15,1.24E-13,1,1,1
1,3.64E-20,3.27E-15,1,1,1
1,4.40E-27,3.50E-19,1,1,1
1,7.73E-28,5.28E-19,1,1,1
1,4.41E-18,3.27E-13,1,1,1
1,2.67E-18,1.36E-13,1,1,1
1,2.05E-18,1.79E-13,1,1,1
1,2.72E-22,1.59E-14,1,1,1
1,3.68E-29,1.75E-20,1,1,1
1,1.13E-26,3.18E-19,1,1,1
1,7.55E-30,4.74E-22,1,1,1
1,2.78E-27,7.22E-20,1,1,1
1,4.42E-35,5.60E-25,1,1,1
1,4.92E-33,2.45E-24,1,1,1
1,9.36E-24,8.13E-17,1,1,1
1,1.98E-28,8.21E-21,1,1,1
1,1.27E-26,6.65E-20,1,1,1
1,2.58E-27,2.45E-19,1,1,1
1,7.32E-30,5.85E-21,1,1,1
1,2.75E-26,1.35E-19,1,1,1
1,1.20E-21,1.45E-15,1,1,1
1,1.29E-22,9.15E-18,1,1,1
1,3.98E-17,3.62E-15,1,1,1
1,3.52E-19,2.40E-18,1,1,1
1,4.00E-17,5.04E-14,1,1,1
1,2.02E-15,1.31E-11,1,1,1
1,4.88E-13,1.13E-09,1,1,1
0.999989152,8.88E-06,2.04E-06,1,1,1
0.010258952,0.989739597,1.53E-06,2,2,1
6.74E-12,1,3.89E-14,2,2,1
4.70E-06,0.999995232,1.60E-07,2,2,1
0.0003404,0.999623418,3.61E-05,2,2,1
0.017597746,0.982132077,0.000270197,2,2,1
1.16E-05,0.999985933,2.39E-06,2,2,1
0.000301265,0.999696136,2.64E-06,2,2,1
0.999998689,1.32E-06,9.56E-09,1,1,1
1,6.38E-16,2.43E-17,1,1,1
1,5.57E-22,1.02E-22,1,1,1
1,1.86E-20,5.24E-21,1,1,1
1,8.27E-13,4.33E-14,1,1,1
1,4.03E-18,7.88E-19,1,1,1
1,3.19E-22,3.32E-22,1,1,1
1,1.89E-17,8.25E-18,1,1,1
1,3.13E-15,5.83E-16,1,1,1
1,2.01E-19,7.93E-20,1,1,1
1,3.20E-14,1.68E-15,1,1,1
1,9.22E-14,8.40E-15,1,1,1
1,4.41E-15,4.42E-16,1,1,1
1,1.16E-14,1.35E-15,1,1,1
1,5.99E-10,1.93E-11,1,1,1
1,8.21E-12,2.93E-13,1,1,1
1,3.03E-13,4.10E-14,1,1,1
1,2.79E-11,6.87E-13,1,1,1
1,1.77E-08,2.04E-10,1,1,1
1,4.36E-08,6.51E-10,1,1,1
1,1.86E-13,6.67E-13,1,1,1
1,1.40E-15,2.43E-12,1,1,1
0.999999762,6.80E-10,2.07E-07,1,1,1
0.999971032,1.24E-07,2.88E-05,1,1,1
0.999930024,1.69E-06,6.83E-05,1,1,1
0.806806326,0.00010462,0.193089068,1,1,1
0.997229397,3.33E-07,0.002770212,1,1,1
0.996047676,8.14E-06,0.003944071,1,1,1
0.986041009,3.07E-05,0.013928303,1,1,1
0.997203112,0.002194832,0.000602074,1,1,1
5.72E-06,4.95E-08,0.999994278,3,3,1
2.88E-08,8.14E-10,1,3,3,1
6.76E-05,5.28E-05,0.999879599,3,3,1
1.30E-08,1.49E-06,0.99999845,3,3,1
1.56E-09,9.68E-07,0.999999046,3,3,1
4.31E-14,4.61E-13,1,3,3,1
1.81E-10,3.34E-10,1,3,3,1
0.001252176,0.517046094,0.481701761,2,2,1
1.57E-07,0.999982119,1.78E-05,2,2,1
6.28E-13,1,2.79E-10,2,2,1
7.62E-12,1,2.70E-11,2,2,1
0.99980396,0.000187692,8.37E-06,1,1,1
0.999916077,8.19E-05,2.08E-06,1,1,1
0.999477446,0.000497479,2.52E-05,1,1,1
0.999999762,1.86E-07,2.14E-08,1,1,1
0.999996066,3.64E-06,2.56E-07,1,1,1
1,2.36E-08,1.99E-09,1,1,1
1,1.54E-19,1.82E-19,1,1,1
1,1.25E-11,2.03E-12,1,1,1
1,2.79E-23,4.38E-23,1,1,1
1,6.53E-28,3.13E-27,1,1,1
1,2.91E-38,9.17E-36,1,1,1
1,4.89E-34,4.07E-33,1,1,1
1,2.98E-27,2.54E-27,1,1,1
1,0,1.06E-34,1,1,1
1,2.69E-36,1.17E-30,1,1,1
1,2.89E-34,3.32E-28,1,1,1
1,1.86E-20,1.10E-17,1,1,1
1,1.94E-19,3.95E-17,1,1,1
1,1.69E-16,3.77E-13,1,1,1
1,1.10E-11,4.51E-11,1,1,1
1,2.74E-18,1.46E-13,1,1,1
1,2.12E-21,2.09E-16,1,1,1
1,8.42E-18,4.77E-13,1,1,1
1,4.97E-18,2.69E-13,1,1,1
1,3.31E-18,8.76E-12,1,1,1
1,7.81E-30,2.50E-20,1,1,1
1,2.13E-26,1.52E-20,1,1,1
1,8.21E-29,1.96E-21,1,1,1
1,3.14E-32,1.63E-24,1,1,1
1,1.65E-26,2.07E-20,1,1,1
1,4.79E-33,2.21E-24,1,1,1
1,2.19E-32,3.66E-23,1,1,1
1,9.93E-32,8.38E-25,1,1,1
1,6.38E-26,8.44E-20,1,1,1
1,7.99E-29,8.12E-22,1,1,1
1,4.31E-24,1.21E-18,1,1,1
1,2.50E-25,1.32E-21,1,1,1
1,7.57E-25,1.07E-19,1,1,1
1,3.50E-22,3.88E-18,1,1,1
1,1.99E-18,9.81E-17,1,1,1
1,1.13E-11,1.67E-12,1,1,1
1,1.37E-10,8.37E-12,1,1,1
1,1.97E-14,5.17E-15,1,1,1
1,3.44E-10,1.39E-10,1,1,1
1,3.95E-15,5.91E-12,1,1,1
6.20E-07,0.999999285,9.27E-08,2,2,1
2.07E-06,0.999997497,5.22E-07,2,2,1
0.999996781,3.15E-06,7.68E-08,1,1,1
1,1.53E-13,1.12E-14,1,1,1
1,5.01E-14,2.83E-15,1,1,1
1,1.96E-11,7.44E-13,1,1,1
1,8.24E-13,3.75E-14,1,1,1
1,4.00E-14,5.62E-15,1,1,1
1,7.12E-13,5.95E-14,1,1,1
1,9.67E-17,8.53E-18,1,1,1
1,3.55E-23,2.36E-23,1,1,1
1,2.78E-26,2.43E-26,1,1,1
1,1.51E-14,1.29E-15,1,1,1
1,8.16E-11,3.61E-12,1,1,1
1,1.22E-10,4.84E-12,1,1,1
1,1.12E-11,7.06E-13,1,1,1
0.999999881,6.19E-08,3.45E-09,1,1,1
1,5.66E-10,6.01E-11,1,1,1
1,8.91E-11,3.47E-12,1,1,1
1,1.28E-08,2.36E-10,1,1,1
1,1.47E-09,6.32E-11,1,1,1
0.999999642,3.87E-07,3.33E-08,1,1,1
1,1.95E-11,2.30E-10,1,1,1
1,1.39E-09,3.01E-08,1,1,1
0.999728501,5.65E-08,0.000271474,1,1,1
0.999952793,4.04E-07,4.68E-05,1,1,1
0.890182018,2.62E-05,0.109791785,1,1,1
0.460093945,1.43E-06,0.539904654,3,3,1
0.001065106,3.85E-08,0.998934805,3,3,1
0.001126317,2.56E-08,0.998873651,3,3,1
0.987137675,0.000200349,0.012661959,1,1,1
0.843963742,0.000294597,0.155741632,1,1,1
1.19E-05,5.03E-08,0.999988079,3,3,1
7.67E-08,5.52E-08,0.999999881,3,3,1
3.12E-13,1.74E-14,1,3,3,1
5.06E-10,1.05E-07,0.999999881,3,3,1
7.73E-10,2.11E-08,1,3,3,1
6.80E-11,8.51E-10,1,3,3,1
0.000462901,0.011700945,0.987836182,3,3,1
7.25E-06,0.999698997,0.000293756,2,2,1
2.21E-12,1,1.78E-10,2,2,1
1.09E-12,1,7.30E-12,2,2,1
0.997620046,0.002293749,8.62E-05,1,1,1
0.99979037,0.000197764,1.19E-05,1,1,1
0.999974132,2.44E-05,1.44E-06,1,1,1
0.999787271,0.000202651,1.01E-05,1,1,1
0.999989867,9.45E-06,6.71E-07,1,1,1
1,3.58E-08,3.18E-09,1,1,1
1,4.05E-09,6.19E-10,1,1,1
1,5.68E-11,1.11E-11,1,1,1
1,3.21E-11,8.88E-12,1,1,1
1,6.69E-09,1.07E-09,1,1,1
1,3.65E-16,1.38E-16,1,1,1
1,5.19E-15,9.64E-16,1,1,1
1,1.04E-29,6.70E-29,1,1,1
1,0,0,1,1,1
1,1.08E-28,1.82E-28,1,1,1
1,4.23E-37,2.17E-33,1,1,1
1,1.60E-34,2.69E-30,1,1,1
1,1.60E-32,7.46E-28,1,1,1
1,3.62E-25,4.14E-21,1,1,1
1,3.90E-17,7.24E-16,1,1,1
0.999998689,1.20E-06,8.72E-08,1,1,1
1,1.81E-11,7.30E-11,1,1,1
1,4.66E-16,9.48E-13,1,1,1
1,1.32E-15,4.18E-13,1,1,1
1,3.73E-19,4.00E-15,1,1,1
1,8.71E-26,8.99E-16,1,1,1
1,1.39E-21,1.54E-15,1,1,1
1,5.99E-21,1.71E-14,1,1,1
1,9.61E-22,9.64E-15,1,1,1
1,1.39E-17,3.83E-14,1,1,1
1,7.92E-29,1.30E-21,1,1,1
1,3.51E-25,4.18E-19,1,1,1
1,2.43E-32,6.19E-25,1,1,1
1,3.44E-28,1.05E-20,1,1,1
1,2.88E-30,7.07E-25,1,1,1
1,1.10E-17,1.18E-15,1,1,1
1,3.51E-18,2.14E-15,1,1,1
1,4.72E-18,6.53E-17,1,1,1
1,3.86E-23,1.46E-21,1,1,1
1,4.28E-18,3.34E-18,1,1,1
1,2.82E-18,1.70E-18,1,1,1
1,4.15E-12,2.77E-13,1,1,1
1,4.58E-10,4.02E-11,1,1,1
1,1.15E-08,8.87E-10,1,1,1
1,7.78E-09,8.41E-10,1,1,1
0.998178363,0.001812341,9.28E-06,1,1,1
0.99999547,4.44E-06,6.32E-08,1,1,1
0.999999523,4.55E-07,7.73E-09,1,1,1
1,2.60E-09,3.57E-11,1,1,1
1,4.17E-13,1.37E-14,1,1,1
1,2.27E-13,1.02E-14,1,1,1
1,4.88E-15,2.73E-16,1,1,1
1,1.48E-18,5.66E-20,1,1,1
1,5.91E-25,6.52E-25,1,1,1
1,9.92E-17,2.40E-17,1,1,1
1,1.27E-16,1.44E-17,1,1,1
1,1.56E-12,8.01E-14,1,1,1
1,3.76E-09,1.58E-10,1,1,1
1,2.85E-09,1.03E-10,1,1,1
1,2.30E-12,5.22E-13,1,1,1
1,9.84E-09,6.41E-10,1,1,1
1,5.05E-08,1.48E-09,1,1,1
0.999998927,1.07E-06,2.02E-08,1,1,1
0.999999642,1.94E-07,6.16E-08,1,1,1
0.999999404,2.96E-07,3.52E-07,1,1,1
0.999999762,2.61E-10,2.55E-07,1,1,1
0.999499559,5.37E-08,0.000500375,1,1,1
0.999046743,3.55E-06,0.000949624,1,1,1
0.009134368,4.50E-07,0.990865171,3,3,1
0.000620451,6.31E-09,0.999379516,3,3,1
0.000680034,2.41E-10,0.99932003,3,3,1
0.00488351,2.05E-06,0.995114446,3,3,1
0.83343631,7.77E-05,0.16648604,1,1,1
0.022809708,3.38E-05,0.97715646,3,3,1
3.42E-11,2.62E-12,1,3,3,1
1.10E-13,8.41E-15,1,3,3,1
7.05E-15,1.58E-16,1,3,3,1
2.60E-09,4.42E-08,1,3,3,1
3.27E-07,1.16E-06,0.999998569,3,3,1
1.28E-10,2.15E-10,1,3,3,1
7.60E-10,3.12E-09,1,3,3,1
0.000148816,0.966598213,0.033253085,2,2,1
2.40E-07,0.999611676,0.000388099,2,2,1
1.20E-11,1,1.91E-10,2,2,1
0.999056756,0.000894509,4.87E-05,1,1,1
0.99980408,0.000185229,1.07E-05,1,1,1
0.999862909,0.000130495,6.51E-06,1,1,1
0.999986172,1.28E-05,9.43E-07,1,1,1
0.999994159,5.36E-06,4.62E-07,1,1,1
0.999976039,2.24E-05,1.59E-06,1,1,1
1,2.06E-08,2.98E-09,1,1,1
1,2.11E-15,1.58E-15,1,1,1
1,1.74E-11,5.43E-12,1,1,1
1,3.76E-15,2.24E-15,1,1,1
1,2.99E-21,3.85E-21,1,1,1
1,5.81E-20,4.03E-20,1,1,1
1,4.17E-27,9.80E-27,1,1,1
1,8.38E-19,9.25E-20,1,1,1
1,2.98E-30,9.06E-30,1,1,1
1,8.04E-33,2.40E-30,1,1,1
1,6.59E-36,2.90E-31,1,1,1
1,4.33E-34,4.08E-30,1,1,1
1,4.77E-26,4.20E-22,1,1,1
1,2.18E-20,2.15E-18,1,1,1
1,1.85E-12,7.60E-12,1,1,1
1,3.02E-09,6.37E-10,1,1,1
1,2.79E-12,6.15E-11,1,1,1
1,3.53E-22,1.05E-18,1,1,1
1,1.79E-27,4.48E-19,1,1,1
1,1.87E-29,5.07E-18,1,1,1
1,1.66E-21,3.73E-14,1,1,1
1,7.76E-18,1.89E-12,1,1,1
1,1.98E-18,3.71E-13,1,1,1
1,2.17E-26,1.96E-16,1,1,1
1,3.39E-31,5.44E-24,1,1,1
1,2.88E-31,4.62E-26,1,1,1
1,6.60E-28,1.08E-21,1,1,1
1,2.79E-25,1.96E-19,1,1,1
1,4.79E-24,9.96E-19,1,1,1
1,4.24E-21,2.11E-20,1,1,1
1,2.21E-17,9.05E-18,1,1,1
1,7.59E-18,2.00E-18,1,1,1
1,8.21E-17,2.83E-18,1,1,1
1,1.84E-16,4.61E-18,1,1,1
1,7.80E-17,5.34E-18,1,1,1
0.999999881,1.71E-07,5.27E-09,1,1,1
1,3.74E-12,8.22E-13,1,1,1
1,1.64E-08,7.42E-11,1,1,1
0.683294773,0.316332191,0.000373053,1,1,1
0.998436272,0.001555003,8.73E-06,1,1,1
1,9.31E-10,1.56E-11,1,1,1
1,1.04E-18,7.10E-20,1,1,1
1,8.13E-18,4.83E-19,1,1,1
1,2.26E-12,1.27E-13,1,1,1
1,1.38E-13,9.06E-15,1,1,1
1,1.86E-13,1.02E-14,1,1,1
1,5.07E-15,3.03E-16,1,1,1
1,1.39E-15,4.86E-16,1,1,1
1,8.31E-10,4.61E-11,1,1,1
1,6.06E-10,2.62E-11,1,1,1
1,9.22E-10,7.23E-11,1,1,1
1,4.10E-10,7.88E-11,1,1,1
1,2.59E-09,1.34E-09,1,1,1
1,5.00E-08,2.81E-08,1,1,1
0.999996662,1.51E-06,1.78E-06,1,1,1
0.999994159,4.14E-06,1.61E-06,1,1,1
0.999985456,1.11E-05,3.41E-06,1,1,1
0.999960542,1.69E-05,2.25E-05,1,1,1
0.999867797,7.94E-06,0.000124249,1,1,1
0.911162376,0.000111372,0.088726357,1,1,1
0.303459883,2.37E-05,0.696516395,3,3,1
0.008011375,6.36E-07,0.991988063,3,3,1
0.000165389,3.44E-09,0.999834538,3,3,1
8.29E-05,6.51E-06,0.999910593,3,3,1
0.002279649,2.92E-06,0.9977175,3,3,1
2.89E-12,5.52E-14,1,3,3,1
2.88E-12,1.83E-14,1,3,3,1
1.01E-15,1.75E-18,1,3,3,1
1.83E-14,1.31E-15,1,3,3,1
5.95E-11,5.90E-13,1,3,3,1
4.79E-10,4.86E-11,1,3,3,1
2.22E-12,1.44E-13,1,3,3,1
3.11E-06,0.002994552,0.997002304,3,3,1
5.00E-07,0.999929786,6.97E-05,2,2,1
5.56E-08,0.999994874,5.09E-06,2,2,1
2.07E-11,1,2.05E-10,2,2,1
0.999237657,0.000727323,3.50E-05,1,1,1
0.999571145,0.000407208,2.17E-05,1,1,1
0.999937892,5.89E-05,3.21E-06,1,1,1
0.999894977,9.98E-05,5.27E-06,1,1,1
0.99999094,7.97E-06,1.11E-06,1,1,1
0.999996901,2.89E-06,2.89E-07,1,1,1
0.999971628,2.72E-05,1.16E-06,1,1,1
1,6.34E-09,1.16E-09,1,1,1
1,2.72E-17,3.98E-17,1,1,1
1,7.99E-11,1.29E-11,1,1,1
1,1.43E-17,1.28E-17,1,1,1
1,5.42E-27,1.82E-26,1,1,1
1,9.39E-28,3.16E-27,1,1,1
1,3.17E-23,3.31E-23,1,1,1
1,4.77E-32,3.48E-31,1,1,1
1,3.77E-35,1.22E-32,1,1,1
1,7.22E-27,3.63E-26,1,1,1
1,2.02E-23,4.33E-23,1,1,1
1,9.36E-20,2.10E-19,1,1,1
1,3.10E-30,5.85E-25,1,1,1
1,4.03E-14,1.12E-12,1,1,1
1,9.14E-09,2.05E-09,1,1,1
1,1.98E-10,4.68E-11,1,1,1
1,1.21E-13,4.86E-13,1,1,1
1,1.20E-16,6.05E-15,1,1,1
1,1.15E-23,3.43E-16,1,1,1
1,1.09E-17,2.43E-13,1,1,1
1,9.93E-21,1.54E-14,1,1,1
1,3.50E-25,1.90E-18,1,1,1
1,4.47E-33,2.39E-23,1,1,1
1,3.58E-26,2.10E-16,1,1,1
1,9.56E-34,2.32E-25,1,1,1
1,6.58E-15,1.89E-13,1,1,1
1,5.95E-21,2.19E-16,1,1,1
1,3.23E-25,1.09E-20,1,1,1
1,2.05E-23,1.83E-23,1,1,1
1,4.03E-21,6.06E-22,1,1,1
1,5.20E-17,1.59E-18,1,1,1
1,6.31E-18,1.40E-19,1,1,1
1,1.69E-15,9.46E-17,1,1,1
1,1.22E-13,2.96E-14,1,1,1
0.999927998,7.20E-05,4.52E-08,1,1,1
0.777403891,0.222317562,0.000278546,1,1,1
0.999999523,4.86E-07,6.91E-09,1,1,1
1,2.90E-12,3.13E-14,1,1,1
1,2.96E-15,1.18E-16,1,1,1
1,2.03E-14,3.21E-16,1,1,1
1,3.87E-14,1.81E-15,1,1,1
1,6.08E-21,2.70E-21,1,1,1
1,7.03E-12,4.82E-13,1,1,1
1,1.16E-09,6.00E-11,1,1,1
1,2.68E-12,1.03E-13,1,1,1
1,5.17E-09,1.56E-10,1,1,1
1,2.24E-11,5.13E-12,1,1,1
1,3.51E-10,3.25E-09,1,1,1
0.999999642,6.00E-08,2.01E-07,1,1,1
0.999996424,1.50E-06,2.08E-06,1,1,1
0.99998188,1.70E-05,1.07E-06,1,1,1
0.999985933,2.65E-06,1.14E-05,1,1,1
0.999995351,3.73E-06,1.00E-06,1,1,1
0.99231112,2.50E-06,0.007686425,1,1,1
0.208659425,5.07E-08,0.79134047,3,3,1
0.286191195,1.80E-05,0.713790715,3,3,1
0.999438226,2.46E-05,0.000537113,1,1,1
0.98582691,0.000105156,0.014067881,1,1,1
0.065892711,4.27E-06,0.934103072,3,3,1
0.980261326,0.000247451,0.019491138,1,1,1
0.846288443,0.023168292,0.130543277,1,1,1
1.59E-08,5.40E-11,1,3,3,1
6.10E-10,1.20E-10,1,3,3,1
3.16E-15,9.54E-19,1,3,3,1
1.19E-15,5.21E-18,1,3,3,1
2.27E-18,5.08E-23,1,3,3,1
1.00E-14,5.47E-17,1,3,3,1
1.35E-11,2.62E-14,1,3,3,1
8.55E-11,3.06E-10,1,3,3,1
9.94E-05,0.069247544,0.930653095,3,3,1
0.000207946,0.973573267,0.026218727,2,2,1
1.57E-06,0.999988317,1.02E-05,2,2,1
0.999733269,0.000245529,2.12E-05,1,1,1
0.999844551,0.000144842,1.07E-05,1,1,1
0.999969602,2.84E-05,1.89E-06,1,1,1
0.999969363,2.63E-05,4.32E-06,1,1,1
0.99978143,0.000207839,1.07E-05,1,1,1
0.999992251,7.00E-06,7.30E-07,1,1,1
0.999949574,4.67E-05,3.67E-06,1,1,1
0.999692917,0.000292049,1.50E-05,1,1,1
1,3.90E-12,1.16E-12,1,1,1
1,5.59E-17,7.88E-17,1,1,1
0.999999762,2.34E-07,2.58E-08,1,1,1
1,4.01E-20,7.20E-20,1,1,1
1,1.03E-27,2.70E-26,1,1,1
1,0,0,1,1,1
1,1.19E-30,4.11E-30,1,1,1
1,5.14E-30,1.16E-29,1,1,1
1,0,0,1,1,1
1,2.13E-36,8.85E-34,1,1,1
1,2.03E-28,1.74E-27,1,1,1
1,9.48E-25,7.38E-24,1,1,1
1,7.01E-22,1.20E-19,1,1,1
1,6.97E-20,2.39E-16,1,1,1
1,1.22E-14,4.24E-14,1,1,1
1,3.45E-11,8.63E-11,1,1,1
1,1.13E-14,1.26E-12,1,1,1
1,1.72E-16,8.10E-14,1,1,1
1,1.51E-15,3.35E-12,1,1,1
1,2.43E-12,4.62E-11,1,1,1
1,1.31E-17,1.82E-12,1,1,1
1,3.01E-20,3.89E-14,1,1,1
1,2.24E-36,1.19E-23,1,1,1
1,4.52E-24,1.85E-12,1,1,1
1,5.99E-16,1.32E-11,1,1,1
1,3.26E-18,1.26E-15,1,1,1
1,1.07E-25,1.18E-19,1,1,1
1,2.19E-21,8.51E-18,1,1,1
1,5.72E-22,2.21E-21,1,1,1
1,3.81E-19,4.50E-21,1,1,1
1,1.42E-20,5.62E-23,1,1,1
1,1.01E-13,1.76E-15,1,1,1
1,2.56E-14,3.04E-15,1,1,1
1,7.49E-18,3.92E-17,1,1,1
0.059793923,0.939760625,0.000445433,2,2,1
0.973516881,0.026363106,0.000119967,1,1,1
1,5.60E-08,5.08E-10,1,1,1
1,5.17E-11,6.51E-13,1,1,1
1,1.02E-11,2.13E-13,1,1,1
1,1.53E-15,3.71E-17,1,1,1
1,1.79E-16,4.80E-18,1,1,1
1,7.04E-13,1.81E-14,1,1,1
1,1.13E-10,4.41E-12,1,1,1
1,1.67E-11,8.01E-13,1,1,1
1,1.69E-08,5.52E-10,1,1,1
1,1.38E-08,8.87E-10,1,1,1
1,2.63E-08,2.35E-09,1,1,1
1,1.18E-08,4.42E-08,1,1,1
0.999995708,2.54E-06,1.77E-06,1,1,1
0.999994874,2.12E-06,2.97E-06,1,1,1
0.999992609,6.80E-06,6.44E-07,1,1,1
0.999943972,3.17E-05,2.43E-05,1,1,1
0.874624372,1.78E-06,0.125373885,1,1,1
0.000142888,1.60E-11,0.999857068,3,3,1
0.00023303,2.15E-09,0.999767005,3,3,1
5.28E-05,2.01E-11,0.99994719,3,3,1
0.901287496,1.95E-05,0.098693088,1,1,1
0.000122163,3.02E-08,0.99987781,3,3,1
3.38E-05,1.05E-07,0.999966145,3,3,1
0.706382096,0.000659463,0.292958468,1,1,1
0.094192795,0.000275521,0.905531645,3,1,0
3.62E-08,4.13E-11,1,3,3,1
2.36E-11,5.28E-15,1,3,3,1
1.52E-14,7.66E-17,1,3,3,1
1.36E-16,4.70E-21,1,3,3,1
1.12E-15,1.57E-19,1,3,3,1
6.65E-11,8.83E-14,1,3,3,1
1.20E-08,1.60E-09,1,3,3,1
1.64E-06,4.08E-05,0.999957561,3,3,1
0.0356347,0.82932359,0.135041714,2,2,1
6.83E-05,0.998044848,0.001886829,2,2,1
0.005029307,0.994694293,0.000276379,2,2,1
0.999745667,0.000237044,1.73E-05,1,1,1
0.999836564,0.00014243,2.10E-05,1,1,1
0.999996543,3.14E-06,3.02E-07,1,1,1
0.999993205,6.30E-06,4.73E-07,1,1,1
0.99999845,1.41E-06,1.76E-07,1,1,1
0.999890089,0.0001049,4.95E-06,1,1,1
0.999999404,5.97E-07,5.09E-08,1,1,1
0.999999642,4.11E-07,4.40E-08,1,1,1
1,6.34E-15,4.43E-15,1,1,1
1,4.31E-19,1.11E-18,1,1,1
1,1.90E-14,6.24E-15,1,1,1
1,3.11E-22,1.66E-21,1,1,1
1,6.67E-21,9.76E-21,1,1,1
1,1.50E-20,6.75E-21,1,1,1
1,5.02E-30,1.28E-29,1,1,1
1,8.18E-23,7.27E-23,1,1,1
1,6.01E-27,1.10E-26,1,1,1
1,9.86E-26,1.95E-25,1,1,1
1,1.51E-22,1.20E-22,1,1,1
1,3.82E-21,3.96E-21,1,1,1
1,5.33E-17,3.95E-17,1,1,1
1,7.26E-19,3.34E-17,1,1,1
1,6.28E-10,1.13E-10,1,1,1
1,2.26E-12,7.91E-12,1,1,1
1,6.67E-19,1.10E-15,1,1,1
1,9.01E-21,6.55E-16,1,1,1
1,9.83E-18,2.82E-13,1,1,1
1,2.75E-16,4.01E-12,1,1,1
1,1.36E-16,9.92E-13,1,1,1
1,2.46E-27,4.43E-17,1,1,1
1,5.49E-35,1.12E-19,1,1,1
1,8.39E-27,9.21E-17,1,1,1
1,5.36E-21,1.50E-13,1,1,1
1,1.62E-24,8.39E-19,1,1,1
1,1.61E-21,6.28E-18,1,1,1
1,2.70E-23,1.77E-22,1,1,1
1,1.35E-26,4.91E-28,1,1,1
1,2.59E-14,1.19E-16,1,1,1
1,1.44E-14,7.48E-17,1,1,1
1,1.47E-11,1.20E-13,1,1,1
0.999995232,4.72E-06,3.30E-08,1,1,1
0.002683171,0.997162104,0.000154827,2,2,1
0.996526301,0.003448001,2.57E-05,1,1,1
1,5.37E-10,6.55E-12,1,1,1
1,2.42E-11,4.13E-13,1,1,1
1,5.05E-13,6.80E-15,1,1,1
1,1.25E-11,1.65E-13,1,1,1
1,7.00E-13,1.18E-14,1,1,1
1,1.72E-12,3.12E-14,1,1,1
1,1.53E-10,8.87E-12,1,1,1
1,4.24E-10,4.41E-11,1,1,1
1,4.46E-08,2.71E-09,1,1,1
0.999999881,8.83E-08,6.01E-09,1,1,1
0.999999762,2.24E-07,2.28E-08,1,1,1
0.999997973,5.40E-07,1.43E-06,1,1,1
0.99994719,5.09E-05,1.86E-06,1,1,1
0.999974489,2.42E-05,1.25E-06,1,1,1
0.999855518,1.24E-05,0.000132028,1,1,1
0.998617768,1.71E-06,0.001380572,1,1,1
0.833122253,3.54E-06,0.166874215,1,1,1
9.63E-06,6.05E-12,0.999990344,3,3,1
0.000131359,9.92E-10,0.999868631,3,3,1
0.246059328,4.41E-06,0.753936231,3,3,1
2.14E-06,1.35E-10,0.999997854,3,3,1
0.000105666,1.56E-07,0.999894142,3,3,1
6.17E-05,5.89E-08,0.99993825,3,3,1
1.03E-09,2.89E-13,1,3,3,1
3.21E-06,1.71E-10,0.999996781,3,3,1
5.48E-15,4.03E-20,1,3,3,1
2.34E-11,4.50E-14,1,3,3,1
2.55E-14,2.12E-18,1,3,3,1
8.66E-17,1.11E-20,1,3,3,1
5.36E-12,1.58E-15,1,3,3,1
2.85E-05,6.36E-08,0.99997139,3,3,1
3.29E-07,2.02E-09,0.999999642,3,3,1
4.37E-06,3.35E-05,0.999962091,3,3,1
9.99E-05,0.993520677,0.006379517,2,2,1
1.87E-07,0.999960303,3.95E-05,2,2,1
2.50E-07,0.99779886,0.002200931,2,2,1
0.999923468,7.06E-05,5.91E-06,1,1,1
0.999814928,0.000175202,9.84E-06,1,1,1
0.999991894,7.27E-06,8.38E-07,1,1,1
1,1.13E-08,2.95E-09,1,1,1
1,2.71E-10,1.50E-10,1,1,1
0.999997973,1.87E-06,1.42E-07,1,1,1
0.999999642,3.93E-07,3.78E-08,1,1,1
0.99999845,1.46E-06,1.15E-07,1,1,1
1,2.56E-26,1.65E-24,1,1,1
1,1.20E-16,8.08E-17,1,1,1
1,2.42E-12,1.36E-12,1,1,1
1,1.40E-17,1.75E-17,1,1,1
1,3.42E-10,5.00E-11,1,1,1
1,1.08E-22,1.52E-22,1,1,1
1,4.91E-32,6.82E-31,1,1,1
1,3.68E-31,2.48E-30,1,1,1
1,2.48E-35,5.53E-34,1,1,1
1,2.11E-29,4.29E-29,1,1,1
1,9.35E-24,1.81E-23,1,1,1
1,5.27E-27,3.61E-26,1,1,1
1,2.81E-28,1.38E-26,1,1,1
1,1.98E-18,4.40E-17,1,1,1
1,1.11E-12,1.93E-13,1,1,1
1,8.35E-13,2.36E-12,1,1,1
1,2.94E-14,3.41E-13,1,1,1
1,4.70E-14,2.43E-12,1,1,1
1,6.69E-19,3.71E-13,1,1,1
1,4.36E-25,4.25E-17,1,1,1
1,3.60E-17,6.29E-12,1,1,1
1,7.10E-21,2.07E-11,1,1,1
1,2.63E-23,1.50E-12,1,1,1
1,3.60E-18,4.20E-12,1,1,1
1,2.81E-18,4.04E-12,1,1,1
1,5.49E-16,6.69E-13,1,1,1
1,9.10E-17,9.90E-16,1,1,1
1,5.59E-24,1.79E-23,1,1,1
1,3.91E-21,4.57E-23,1,1,1
1,2.58E-16,1.01E-18,1,1,1
0.999999762,1.85E-07,2.87E-09,1,1,1
0.999771535,0.00022813,3.50E-07,1,1,1
2.42E-13,1,3.87E-15,2,2,1
0.005494597,0.994349182,0.000156243,2,2,1
0.999325752,0.000669288,5.03E-06,1,1,1
1,1.05E-09,1.37E-11,1,1,1
1,4.00E-15,7.73E-17,1,1,1
1,1.30E-11,2.44E-13,1,1,1
1,5.49E-10,1.52E-11,1,1,1
1,1.69E-11,7.96E-13,1,1,1
1,3.75E-15,3.44E-15,1,1,1
1,3.29E-11,1.09E-11,1,1,1
0.999998808,1.18E-06,1.47E-08,1,1,1
0.999999404,6.13E-07,2.53E-08,1,1,1
1,5.92E-08,1.71E-09,1,1,1
0.999998331,1.20E-06,4.74E-07,1,1,1
0.999989867,8.35E-06,1.80E-06,1,1,1
0.999972463,2.52E-05,2.44E-06,1,1,1
0.999992251,3.90E-06,3.86E-06,1,1,1
0.999923944,3.94E-05,3.67E-05,1,1,1
0.058037508,9.95E-08,0.941962361,3,3,1
0.429426044,1.68E-06,0.570572317,3,3,1
0.147031844,5.14E-05,0.852916777,3,3,1
0.000224872,2.84E-09,0.999775112,3,3,1
1.49E-06,4.01E-11,0.999998569,3,3,1
0.004984152,6.42E-07,0.995015204,3,3,1
2.78E-05,4.02E-08,0.999972105,3,3,1
2.13E-13,3.82E-18,1,3,3,1
3.80E-10,6.83E-13,1,3,3,1
1.17E-15,3.20E-20,1,3,3,1
1.33E-13,9.95E-18,1,3,3,1
2.50E-13,8.35E-18,1,3,3,1
5.22E-13,2.24E-16,1,3,3,1
5.50E-10,3.36E-13,1,3,3,1
1.54E-07,5.33E-10,0.999999881,3,3,1
7.16E-06,1.03E-07,0.999992728,3,3,1
3.98E-05,2.62E-06,0.999957561,3,3,1
9.90E-06,0.000598199,0.999391913,3,3,1
2.79E-06,0.995846808,0.004150365,2,2,1
1.50E-07,0.999714792,0.000285097,2,2,1
0.999910831,8.13E-05,7.88E-06,1,1,1
0.999899149,9.51E-05,5.67E-06,1,1,1
0.999999404,4.75E-07,7.07E-08,1,1,1
1,4.35E-08,6.43E-09,1,1,1
0.999999523,5.07E-07,4.29E-08,1,1,1
1,1.10E-08,1.60E-09,1,1,1
0.999873161,0.00011979,7.00E-06,1,1,1
1,1.28E-18,3.09E-18,1,1,1
1,8.72E-18,9.39E-18,1,1,1
1,7.38E-13,1.60E-13,1,1,1
1,8.47E-19,2.07E-18,1,1,1
1,1.53E-12,3.15E-13,1,1,1
1,2.66E-18,1.08E-18,1,1,1
1,4.29E-35,3.54E-33,1,1,1
1,1.88E-33,3.63E-32,1,1,1
1,6.42E-35,1.72E-33,1,1,1
1,4.93E-26,8.62E-26,1,1,1
1,3.04E-25,8.44E-25,1,1,1
1,1.18E-29,3.76E-28,1,1,1
1,1.55E-17,2.89E-18,1,1,1
1,2.59E-13,7.69E-14,1,1,1
1,3.26E-19,1.32E-17,1,1,1
1,2.98E-12,1.72E-12,1,1,1
1,8.14E-18,1.18E-15,1,1,1
1,3.38E-16,2.41E-12,1,1,1
1,4.71E-14,1.03E-10,1,1,1
1,1.03E-12,3.99E-10,1,1,1
1,2.70E-17,1.69E-11,1,1,1
1,1.51E-25,3.46E-15,1,1,1
1,5.21E-22,4.01E-12,1,1,1
1,2.97E-19,3.98E-12,1,1,1
1,1.38E-17,1.81E-11,1,1,1
1,1.79E-21,3.39E-18,1,1,1
1,9.09E-17,4.68E-16,1,1,1
1,4.05E-17,2.62E-17,1,1,1
1,6.99E-13,8.39E-15,1,1,1
1,1.40E-09,1.95E-11,1,1,1
0.002365244,0.997634649,6.07E-08,2,2,1
1.50E-12,1,2.43E-14,2,2,1
8.27E-08,0.999999881,3.84E-08,2,2,1
0.001728296,0.998103261,0.000168311,2,2,1
0.999983668,1.61E-05,2.64E-07,1,1,1
0.999999762,2.27E-07,2.54E-09,1,1,1
1,3.03E-10,5.95E-12,1,1,1
1,1.35E-11,4.82E-13,1,1,1
1,3.62E-12,1.73E-13,1,1,1
1,3.73E-12,4.71E-13,1,1,1
0.999999881,1.20E-07,6.86E-09,1,1,1
0.999999523,4.68E-07,1.93E-08,1,1,1
0.999998808,1.17E-06,3.82E-08,1,1,1
0.999999404,5.02E-07,6.56E-08,1,1,1
0.999999166,1.23E-07,7.47E-07,1,1,1
0.999999404,3.72E-07,1.92E-07,1,1,1
0.999990821,6.74E-06,2.40E-06,1,1,1
0.999998927,6.61E-07,3.55E-07,1,1,1
0.99988544,9.88E-05,1.57E-05,1,1,1
0.996159673,1.07E-05,0.003829655,1,1,1
0.958882391,4.50E-06,0.041113123,1,1,1
0.000851123,1.05E-09,0.999148846,3,3,1
7.46E-07,1.14E-12,0.999999285,3,3,1
0.001018055,3.89E-08,0.998981893,3,3,1
0.076689273,6.39E-06,0.923304379,3,3,1
0.781123877,0.000158957,0.218717203,1,1,1
0.867835641,0.000160501,0.132003888,1,1,1
2.12E-09,1.19E-13,1,3,3,1
1.47E-12,3.07E-16,1,3,3,1
5.24E-13,4.29E-17,1,3,3,1
8.90E-10,5.40E-12,1,3,3,1
3.35E-14,4.11E-18,1,3,3,1
1.95E-11,2.64E-15,1,3,3,1
1.69E-08,2.24E-11,1,3,3,1
3.65E-07,1.54E-09,0.999999642,3,3,1
5.23E-09,2.80E-11,1,3,3,1
1.24E-09,3.05E-13,1,3,3,1
1.90E-06,0.004051162,0.995946944,3,2,0
2.27E-08,0.98766613,0.012333882,2,2,1
0.999594271,0.00036556,4.02E-05,1,1,1
0.999998569,1.27E-06,1.33E-07,1,1,1
0.999998093,1.63E-06,2.62E-07,1,1,1
1,4.32E-08,5.82E-09,1,1,1
1,2.93E-09,6.35E-10,1,1,1
0.999985337,1.36E-05,1.05E-06,1,1,1
0.999998331,1.53E-06,1.64E-07,1,1,1
1,2.19E-19,1.68E-18,1,1,1
1,7.88E-22,5.98E-21,1,1,1
1,1.22E-17,1.20E-17,1,1,1
1,1.32E-14,8.48E-15,1,1,1
1,3.55E-12,4.96E-13,1,1,1
1,1.17E-24,3.64E-24,1,1,1
1,2.35E-33,6.10E-32,1,1,1
1,0,7.15E-37,1,1,1
1,9.07E-27,2.22E-26,1,1,1
1,4.64E-28,8.34E-28,1,1,1
1,7.07E-28,3.55E-27,1,1,1
1,4.73E-24,3.58E-24,1,1,1
1,4.66E-13,3.25E-14,1,1,1
1,1.75E-21,1.07E-20,1,1,1
1,2.91E-23,1.66E-20,1,1,1
1,3.46E-15,1.81E-15,1,1,1
1,6.40E-11,2.19E-11,1,1,1
1,7.78E-11,5.11E-11,1,1,1
1,1.82E-12,1.60E-09,1,1,1
1,1.02E-16,5.32E-12,1,1,1
1,1.37E-17,2.43E-11,1,1,1
1,1.66E-15,8.45E-10,1,1,1
1,8.17E-15,3.90E-09,1,1,1
1,3.83E-15,1.43E-10,1,1,1
1,4.87E-15,7.67E-11,1,1,1
1,8.48E-21,1.37E-15,1,1,1
1,7.50E-16,2.93E-14,1,1,1
1,1.03E-12,4.06E-13,1,1,1
0.999998212,1.78E-06,1.94E-08,1,1,1
6.29E-07,0.999999404,6.59E-10,2,2,1
1.34E-13,1,2.15E-15,2,2,1
0.00117671,0.998765469,5.78E-05,2,2,1
0.003596206,0.996154964,0.000248835,2,2,1
0.996944487,0.003036406,1.92E-05,1,1,1
1,1.67E-08,2.03E-10,1,1,1
1,2.73E-14,6.45E-16,1,1,1
1,3.05E-09,6.98E-11,1,1,1
1,6.38E-10,1.58E-11,1,1,1
1,1.53E-08,5.87E-10,1,1,1
1,6.16E-09,8.18E-10,1,1,1
0.999999881,1.16E-07,8.85E-09,1,1,1
0.999999762,1.84E-07,2.12E-08,1,1,1
0.999999881,1.66E-07,2.09E-08,1,1,1
0.999999762,8.94E-08,9.24E-08,1,1,1
0.999975801,1.35E-05,1.07E-05,1,1,1
0.999981999,5.48E-06,1.25E-05,1,1,1
0.934141994,2.61E-06,0.065855458,1,3,0
0.009895605,1.48E-07,0.990104258,3,3,1
0.985030591,3.73E-06,0.01496566,1,1,1
0.997479856,9.23E-06,0.002510821,1,1,1
0.000413102,5.31E-10,0.99958688,3,3,1
6.24E-08,3.47E-14,0.999999881,3,3,1
6.26E-06,1.35E-10,0.999993682,3,3,1
0.958362162,8.56E-05,0.041552242,1,1,1
0.157995865,1.88E-05,0.841985345,3,1,0
0.000592126,3.73E-07,0.99940753,3,3,1
4.10E-10,4.82E-14,1,3,3,1
1.93E-12,1.08E-16,1,3,3,1
6.25E-05,3.93E-07,0.999937177,3,3,1
2.36E-10,2.10E-12,1,3,3,1
2.46E-08,8.70E-11,1,3,3,1
2.46E-11,2.23E-13,1,3,3,1
0.000217357,3.85E-07,0.999782264,3,3,1
1.36E-06,7.12E-10,0.999998689,3,3,1
4.63E-09,2.90E-09,1,3,3,1
3.34E-07,0.651701033,0.348298639,2,2,1
3.36E-08,0.999490738,0.000509242,2,2,1
0.999574482,0.000403676,2.18E-05,1,1,1
0.999911547,8.11E-05,7.21E-06,1,1,1
0.999919057,7.66E-05,4.43E-06,1,1,1
1,2.35E-09,6.59E-10,1,1,1
1,1.39E-10,4.37E-11,1,1,1
1,6.80E-12,4.41E-12,1,1,1
1,2.88E-16,5.57E-16,1,1,1
1,7.51E-18,2.43E-17,1,1,1
1,4.49E-12,1.34E-12,1,1,1
1,9.70E-12,3.27E-12,1,1,1
1,3.28E-12,7.87E-13,1,1,1
1,7.82E-21,9.39E-21,1,1,1
1,3.80E-34,5.57E-32,1,1,1
1,2.33E-28,6.12E-28,1,1,1
1,7.51E-33,2.11E-31,1,1,1
1,4.20E-26,6.73E-26,1,1,1
1,2.48E-24,8.19E-25,1,1,1
1,1.67E-21,7.62E-22,1,1,1
1,1.52E-17,3.12E-18,1,1,1
1,6.22E-22,1.55E-21,1,1,1
1,5.89E-22,2.87E-21,1,1,1
1,5.90E-25,2.02E-22,1,1,1
1,1.47E-13,8.74E-14,1,1,1
1,2.22E-11,4.38E-12,1,1,1
1,1.43E-10,4.41E-11,1,1,1
1,1.62E-15,9.35E-12,1,1,1
1,3.48E-20,4.55E-13,1,1,1
1,3.10E-14,3.40E-10,1,1,1
1,3.55E-12,4.97E-09,1,1,1
1,8.77E-12,6.68E-10,1,1,1
1,4.18E-18,1.59E-14,1,1,1
1,1.17E-19,3.20E-17,1,1,1
1,7.12E-22,7.73E-20,1,1,1
1,8.77E-12,7.32E-12,1,1,1
0.008203281,0.991795719,1.09E-06,2,1,0
1.02E-15,1,8.55E-18,2,2,1
0.008884561,0.990802765,0.000312591,2,2,1
0.978726745,0.021145396,0.00012782,1,1,1
0.999999523,5.20E-07,4.45E-09,1,1,1
1,3.92E-11,5.79E-13,1,1,1
1,4.00E-10,2.29E-11,1,1,1
1,1.62E-09,7.37E-11,1,1,1
1,2.36E-10,6.46E-11,1,1,1
1,9.61E-10,1.68E-09,1,1,1
1,1.17E-10,5.26E-10,1,1,1
0.999999881,6.76E-08,2.08E-08,1,1,1
0.999999642,1.87E-07,9.03E-08,1,1,1
0.999999404,5.99E-07,3.32E-08,1,1,1
0.999998212,4.92E-07,1.33E-06,1,1,1
0.999931216,2.86E-06,6.59E-05,1,1,1
0.968292773,7.33E-07,0.03170656,1,3,0
0.722784817,1.54E-07,0.277215004,1,3,0
0.106508188,2.90E-07,0.893491566,3,3,1
0.995799124,1.90E-05,0.004181899,1,1,1
0.999941349,1.98E-05,3.89E-05,1,1,1
0.015339029,2.11E-07,0.984660804,3,3,1
0.000423762,8.13E-09,0.999576271,3,3,1
0.981691957,0.000165385,0.018142721,1,1,1
0.539578259,2.26E-05,0.460399151,1,1,1
7.85E-05,9.16E-09,0.99992156,3,3,1
2.13E-09,1.59E-12,1,3,3,1
7.99E-15,4.03E-19,1,3,3,1
1.63E-07,3.86E-10,0.999999881,3,3,1
6.81E-09,7.24E-11,1,3,3,1
8.42E-14,1.32E-16,1,3,3,1
5.55E-15,6.98E-18,1,3,3,1
1.19E-10,3.47E-13,1,3,3,1
2.76E-08,1.41E-10,1,3,3,1
6.88E-09,2.78E-09,1,3,3,1
2.84E-07,0.622851968,0.377147734,2,2,1
3.86E-09,0.999417186,0.000582806,2,2,1
2.22E-10,0.999999881,8.64E-08,2,2,1
0.999971271,2.60E-05,2.79E-06,1,1,1
0.999683738,0.00030166,1.47E-05,1,1,1
1,1.54E-09,4.05E-10,1,1,1
1,1.97E-09,5.66E-10,1,1,1
1,2.95E-11,1.52E-11,1,1,1
1,1.32E-17,9.84E-17,1,1,1
1,1.30E-16,4.68E-16,1,1,1
1,1.17E-15,1.19E-15,1,1,1
1,6.49E-14,2.45E-14,1,1,1
1,3.83E-15,1.52E-15,1,1,1
1,7.94E-24,1.09E-23,1,1,1
1,2.23E-23,3.49E-23,1,1,1
1,5.96E-18,1.69E-18,1,1,1
1,6.08E-21,5.04E-21,1,1,1
1,8.16E-23,5.07E-23,1,1,1
1,3.93E-28,3.77E-28,1,1,1
1,7.42E-24,2.30E-24,1,1,1
1,4.84E-17,3.78E-18,1,1,1
1,8.55E-23,3.29E-22,1,1,1
1,1.54E-24,3.87E-23,1,1,1
1,1.23E-24,3.51E-20,1,1,1
1,3.01E-21,3.73E-16,1,1,1
1,4.14E-12,1.01E-11,1,1,1
1,2.70E-11,5.62E-11,1,1,1
1,3.34E-11,6.61E-11,1,1,1
1,3.58E-14,7.75E-10,1,1,1
1,3.30E-22,3.46E-14,1,1,1
1,1.00E-13,4.69E-10,1,1,1
1,4.13E-15,3.73E-11,1,1,1
1,3.04E-18,1.35E-16,1,1,1
1,3.18E-18,2.92E-16,1,1,1
1,1.82E-10,1.06E-11,1,1,1
0.998215854,0.001781177,2.95E-06,1,1,1
3.53E-09,1,6.32E-12,2,2,1
1.64E-05,0.999976158,7.45E-06,2,2,1
7.52E-06,0.999978185,1.43E-05,2,2,1
0.999988317,1.15E-05,1.57E-07,1,1,1
0.999999881,1.04E-07,1.29E-09,1,1,1
1,6.04E-10,7.21E-12,1,1,1
1,4.96E-09,9.49E-11,1,1,1
1,3.67E-10,5.09E-11,1,1,1
1,5.01E-08,7.26E-09,1,1,1
0.999999762,1.79E-07,1.31E-08,1,1,1
1,3.40E-12,1.55E-11,1,1,1
1,2.38E-08,4.52E-08,1,1,1
0.999999523,3.95E-07,7.81E-08,1,1,1
0.999996185,3.30E-06,4.86E-07,1,1,1
0.99999392,4.79E-06,1.28E-06,1,1,1
0.999024987,1.30E-05,0.000961932,1,1,1
0.999969006,2.97E-06,2.80E-05,1,1,1
0.999894619,4.53E-06,0.000100815,1,1,1
0.999965072,2.97E-05,5.23E-06,1,1,1
0.999964118,2.87E-05,7.19E-06,1,1,1
0.999928951,2.25E-05,4.85E-05,1,1,1
0.999569833,1.93E-05,0.000410825,1,1,1
0.985883892,5.25E-05,0.014063522,1,1,1
0.987180293,0.000127792,0.012691848,1,1,1
0.497374147,4.45E-05,0.502581239,3,1,0
4.27E-06,3.75E-08,0.999995708,3,3,1
1.05E-11,1.16E-15,1,3,3,1
2.35E-14,1.97E-17,1,3,3,1
3.76E-14,2.83E-18,1,3,3,1
9.99E-16,2.86E-20,1,3,3,1
7.71E-14,2.03E-17,1,3,3,1
1.11E-10,4.21E-14,1,3,3,1
2.28E-11,9.99E-15,1,3,3,1
2.77E-07,6.09E-06,0.999993682,3,3,1
3.24E-08,0.998796701,0.001203225,2,2,1
1.62E-10,0.999999881,1.46E-07,2,2,1
8.70E-10,0.999999881,1.62E-07,2,2,1
0.999939799,5.68E-05,3.44E-06,1,1,1
0.999894857,9.33E-05,1.18E-05,1,1,1
1,4.68E-09,1.60E-09,1,1,1
0.999946237,5.10E-05,2.79E-06,1,1,1
0.999966025,3.19E-05,2.07E-06,1,1,1
1,1.68E-13,3.01E-13,1,1,1
1,1.12E-13,1.18E-13,1,1,1
1,1.90E-13,1.92E-13,1,1,1
1,8.78E-17,1.14E-16,1,1,1
0.999999762,2.43E-07,3.16E-08,1,1,1
1,6.32E-16,2.92E-16,1,1,1
1,3.20E-20,2.06E-20,1,1,1
1,5.57E-24,1.51E-23,1,1,1
1,3.71E-23,8.79E-23,1,1,1
1,1.51E-35,9.81E-34,1,1,1
1,2.38E-30,2.14E-29,1,1,1
1,4.14E-22,9.07E-23,1,1,1
1,2.04E-16,2.67E-17,1,1,1
1,1.84E-28,1.89E-27,1,1,1
1,2.34E-27,8.80E-26,1,1,1
1,3.45E-19,8.64E-18,1,1,1
1,9.71E-21,5.64E-16,1,1,1
1,3.50E-16,7.37E-14,1,1,1
1,6.10E-14,1.55E-12,1,1,1
1,1.79E-17,7.63E-13,1,1,1
1,2.02E-21,2.45E-13,1,1,1
1,6.54E-22,4.91E-14,1,1,1
1,2.14E-17,1.14E-12,1,1,1
1,8.34E-22,7.41E-15,1,1,1
1,3.67E-17,9.26E-16,1,1,1
1,2.25E-12,1.11E-13,1,1,1
0.999992132,7.50E-06,3.15E-07,1,1,1
9.21E-13,1,1.70E-15,2,2,1
5.35E-15,1,2.66E-17,2,2,1
1.41E-06,0.999995828,2.75E-06,2,2,1
0.187462479,0.811538279,0.000999225,2,1,0
0.999854326,0.000144038,1.72E-06,1,1,1
0.999910831,8.85E-05,5.47E-07,1,1,1
0.999999881,1.65E-07,2.00E-09,1,1,1
1,2.64E-09,9.13E-11,1,1,1
1,2.62E-09,8.06E-11,1,1,1
0.999999881,1.19E-07,3.34E-09,1,1,1
0.999999881,1.30E-07,6.86E-09,1,1,1
0.999999762,2.05E-07,3.42E-08,1,1,1
1,2.41E-10,6.29E-10,1,1,1
0.999998927,9.61E-07,1.10E-07,1,1,1
0.999991298,1.08E-06,7.63E-06,1,1,1
0.999996424,2.71E-06,8.03E-07,1,1,1
0.99999404,9.96E-07,4.98E-06,1,1,1
0.999878526,9.00E-06,0.000112435,1,1,1
0.999984622,5.20E-06,1.02E-05,1,1,1
0.999535203,0.000153387,0.000311446,1,1,1
0.999403119,6.86E-05,0.000528272,1,1,1
0.99979943,0.000142416,5.81E-05,1,1,1
0.995189548,0.000481104,0.004329369,1,1,1
0.816655755,8.01E-06,0.183336213,1,1,1
0.999435604,0.000374307,0.00019005,1,1,1
0.000698757,2.34E-05,0.99927789,3,3,1
2.39E-09,1.20E-11,1,3,3,1
2.33E-11,1.26E-13,1,3,3,1
9.07E-14,5.40E-17,1,3,3,1
2.62E-12,2.14E-15,1,3,3,1
1.70E-10,3.81E-13,1,3,3,1
7.17E-11,4.76E-14,1,3,3,1
3.51E-09,5.93E-12,1,3,3,1
2.27E-07,2.69E-05,0.999972939,3,3,1
1.18E-06,0.879800737,0.120198131,2,2,1
1.68E-10,0.999999404,6.17E-07,2,2,1
5.37E-08,0.999992251,7.77E-06,2,2,1
2.56E-06,0.999502063,0.000495434,2,2,1
0.999999642,3.24E-07,5.52E-08,1,1,1
1,1.58E-08,6.72E-09,1,1,1
0.999999642,3.97E-07,4.48E-08,1,1,1
0.999997735,2.04E-06,1.94E-07,1,1,1
0.999999762,2.29E-07,2.94E-08,1,1,1
1,4.05E-11,2.21E-11,1,1,1
1,7.70E-15,9.13E-15,1,1,1
1,7.91E-11,2.91E-11,1,1,1
0.999997854,2.06E-06,1.63E-07,1,1,1
1,4.15E-09,8.57E-10,1,1,1
1,1.32E-17,4.44E-18,1,1,1
1,1.30E-18,7.49E-19,1,1,1
1,5.57E-22,4.52E-22,1,1,1
1,3.13E-27,1.88E-26,1,1,1
1,2.07E-23,6.91E-24,1,1,1
1,2.24E-21,5.12E-22,1,1,1
1,2.50E-20,5.18E-21,1,1,1
1,1.17E-22,6.00E-23,1,1,1
1,6.76E-29,2.69E-27,1,1,1
1,3.05E-14,5.09E-14,1,1,1
1,8.99E-21,3.77E-17,1,1,1
1,2.28E-15,1.00E-12,1,1,1
1,2.96E-12,8.52E-11,1,1,1
1,2.06E-19,5.08E-14,1,1,1
1,1.85E-14,1.38E-11,1,1,1
1,1.26E-24,1.55E-16,1,1,1
1,5.75E-23,6.18E-16,1,1,1
1,1.69E-24,9.56E-18,1,1,1
1,4.65E-13,1.04E-13,1,1,1
1,5.37E-08,2.11E-09,1,1,1
3.43E-07,0.999999642,4.82E-11,2,2,1
3.89E-19,1,3.56E-21,2,2,1
1.58E-06,0.999995589,2.83E-06,2,2,1
0.003696582,0.996165514,0.000137859,2,2,1
0.99964571,0.000349772,4.48E-06,1,1,1
0.998639405,0.001339944,2.06E-05,1,1,1
0.999995112,4.90E-06,2.31E-08,1,1,1
1,2.69E-08,4.30E-10,1,1,1
1,2.51E-11,7.79E-12,1,1,1
1,2.70E-08,1.25E-09,1,1,1
0.999999762,2.02E-07,6.28E-09,1,1,1
0.999999404,5.37E-07,1.66E-08,1,1,1
0.999999642,3.46E-07,5.15E-08,1,1,1
0.999993205,6.58E-06,2.86E-07,1,1,1
0.999999285,1.83E-07,5.10E-07,1,1,1
0.999998331,4.73E-07,1.24E-06,1,1,1
0.999978304,2.78E-06,1.90E-05,1,1,1
0.999993086,2.87E-06,4.07E-06,1,1,1
0.999986172,9.48E-06,4.33E-06,1,1,1
0.999977827,1.93E-05,2.80E-06,1,1,1
0.996702015,3.04E-05,0.003267606,1,1,1
0.999627233,1.64E-05,0.000356373,1,1,1
0.955608428,3.89E-05,0.044352733,1,1,1
0.945456147,1.99E-05,0.054523904,1,1,1
0.973596394,0.000111811,0.026291776,1,1,1
3.33E-06,2.25E-07,0.999996424,3,3,1
0.000569486,3.17E-05,0.999398828,3,3,1
3.18E-09,1.07E-10,1,3,3,1
8.26E-12,7.62E-14,1,3,3,1
1.86E-10,4.25E-13,1,3,3,1
3.43E-13,2.91E-16,1,3,3,1
1.13E-08,1.10E-10,1,3,3,1
3.00E-09,1.01E-11,1,3,3,1
7.73E-09,7.40E-05,0.999925971,3,3,1
3.82E-07,0.989251912,0.010747679,2,2,1
4.15E-08,0.999062598,0.000937458,2,2,1
5.34E-07,0.985931158,0.014068248,2,2,1
4.72E-06,0.999963999,3.13E-05,2,2,1
1,4.65E-08,1.91E-08,1,1,1
0.999999762,2.45E-07,3.35E-08,1,1,1
0.999999404,4.62E-07,6.23E-08,1,1,1
1,3.46E-09,7.12E-10,1,1,1
1,1.27E-11,6.93E-12,1,1,1
1,3.42E-12,1.97E-12,1,1,1
0.999993324,6.14E-06,4.34E-07,1,1,1
0.999998212,1.64E-06,1.61E-07,1,1,1
0.999998093,1.80E-06,1.33E-07,1,1,1
1,7.48E-15,1.28E-15,1,1,1
1,1.83E-23,3.86E-23,1,1,1
1,3.71E-26,1.35E-25,1,1,1
1,1.13E-19,4.04E-20,1,1,1
1,1.94E-25,1.67E-25,1,1,1
1,1.01E-23,4.63E-24,1,1,1
1,1.43E-29,8.63E-29,1,1,1
1,2.08E-22,5.17E-23,1,1,1
1,3.90E-24,2.34E-23,1,1,1
1,2.12E-22,1.93E-20,1,1,1
1,7.62E-15,9.42E-15,1,1,1
1,1.85E-14,4.07E-13,1,1,1
1,3.59E-15,4.22E-13,1,1,1
1,5.06E-16,9.34E-13,1,1,1
1,2.66E-13,8.81E-11,1,1,1
1,1.66E-16,8.80E-12,1,1,1
1,3.37E-23,4.74E-15,1,1,1
1,5.51E-24,9.31E-19,1,1,1
1,2.41E-16,3.60E-16,1,1,1
0.999281585,0.000714318,4.11E-06,1,1,1
6.62E-11,1,3.54E-14,2,2,1
2.55E-07,0.999998927,8.81E-07,2,2,1
0.000115057,0.999826968,5.81E-05,2,2,1
0.908976018,0.090470247,0.00055366,1,1,1
0.999792993,0.000205625,1.45E-06,1,1,1
0.99992919,7.04E-05,3.67E-07,1,1,1
1,1.80E-10,4.09E-12,1,1,1
1,9.86E-09,4.26E-10,1,1,1
1,3.93E-10,1.15E-10,1,1,1
0.999999046,8.35E-07,6.04E-08,1,1,1
0.999999642,4.08E-07,3.44E-08,1,1,1
0.999988556,1.13E-05,2.32E-07,1,1,1
0.999997258,2.36E-06,3.10E-07,1,1,1
0.999999166,6.05E-07,1.82E-07,1,1,1
0.999996185,3.63E-06,2.75E-07,1,1,1
0.99999547,4.21E-06,3.14E-07,1,1,1
0.999952674,3.32E-05,1.42E-05,1,1,1
0.999949574,4.75E-05,2.95E-06,1,1,1
0.99998033,1.91E-05,6.22E-07,1,1,1
0.999987602,1.05E-05,1.90E-06,1,1,1
0.999917746,5.71E-05,2.52E-05,1,1,1
0.990007997,0.000190206,0.009801743,1,1,1
0.993763506,0.000180916,0.006055585,1,1,1
2.14E-05,1.60E-09,0.999978542,3,3,1
4.27E-07,7.37E-10,0.999999523,3,3,1
0.00024335,8.31E-06,0.99974829,3,3,1
0.002831105,5.41E-05,0.997114778,3,3,1
6.18E-11,6.96E-14,1,3,3,1
1.03E-09,5.60E-12,1,3,3,1
4.69E-12,1.76E-14,1,3,3,1
1.64E-13,2.06E-15,1,3,3,1
1.87E-06,7.39E-08,0.999998093,3,3,1
4.53E-08,4.35E-06,0.999995589,3,3,1
8.77E-08,0.907166719,0.092833199,2,2,1
3.30E-10,0.99993825,6.18E-05,2,2,1
4.59E-07,0.997811258,0.002188275,2,2,1
0.007288968,0.99177438,0.000936772,2,2,1
0.999986887,1.21E-05,9.41E-07,1,1,1
0.999979258,1.96E-05,1.19E-06,1,1,1
0.999999881,1.63E-07,2.09E-08,1,1,1
1,3.10E-11,1.53E-11,1,1,1
1,6.95E-15,1.55E-14,1,1,1
1,2.92E-14,4.87E-14,1,1,1
1,6.20E-09,2.06E-09,1,1,1
1,3.54E-08,3.74E-09,1,1,1
1,1.51E-10,2.79E-11,1,1,1
1,8.15E-13,1.70E-13,1,1,1
1,2.43E-18,9.19E-19,1,1,1
1,3.78E-28,2.23E-27,1,1,1
1,1.04E-29,1.38E-28,1,1,1
1,1.59E-28,1.19E-27,1,1,1
1,2.10E-29,1.17E-28,1,1,1
1,1.48E-20,3.78E-21,1,1,1
1,9.77E-21,4.42E-21,1,1,1
1,3.48E-16,1.14E-16,1,1,1
1,6.40E-14,6.05E-15,1,1,1
1,6.05E-12,2.19E-12,1,1,1
1,1.21E-10,2.74E-10,1,1,1
1,3.51E-11,3.68E-11,1,1,1
1,1.04E-17,6.36E-14,1,1,1
1,4.89E-19,2.29E-14,1,1,1
1,5.44E-25,6.87E-16,1,1,1
1,1.29E-23,4.17E-15,1,1,1
1,2.09E-21,1.48E-17,1,1,1
1,7.28E-09,3.23E-10,1,1,1
0.003963665,0.996036351,4.89E-08,2,2,1
0.000102036,0.999870181,2.77E-05,2,2,1
0.547419488,0.449808389,0.002772119,1,1,1
0.995516479,0.004455083,2.85E-05,1,1,1
1,3.35E-09,6.79E-11,1,1,1
1,1.44E-08,1.12E-10,1,1,1
1,4.56E-09,1.78E-10,1,1,1
1,5.16E-08,2.94E-09,1,1,1
0.999999881,1.64E-07,3.90E-09,1,1,1
0.999999881,9.33E-08,1.77E-09,1,1,1
0.999999762,2.12E-07,1.43E-08,1,1,1
0.999999642,3.44E-07,1.44E-08,1,1,1
0.999999881,6.72E-08,3.57E-08,1,1,1
0.999999642,1.86E-07,1.16E-07,1,1,1
0.999998569,1.19E-06,1.94E-07,1,1,1
0.999995232,4.55E-06,2.07E-07,1,1,1
0.999990106,8.13E-06,1.79E-06,1,1,1
0.99998486,1.42E-05,9.42E-07,1,1,1
0.999664068,9.40E-05,0.000241972,1,1,1
0.999663711,1.07E-06,0.00033528,1,1,1
0.999928713,1.46E-05,5.67E-05,1,1,1
0.94072938,0.000111628,0.059159044,1,1,1
1.32E-05,6.76E-09,0.999986768,3,3,1
4.07E-08,1.09E-10,1,3,3,1
0.000116453,3.62E-06,0.999879956,3,3,1
2.75E-05,2.21E-06,0.999970317,3,3,1
2.86E-08,2.14E-11,1,3,3,1
8.70E-12,7.90E-15,1,3,3,1
4.71E-12,9.70E-14,1,3,3,1
2.13E-12,2.65E-15,1,3,3,1
2.56E-09,1.95E-09,1,3,3,1
1.62E-07,3.19E-05,0.999967933,3,3,1
1.54E-06,0.462884218,0.537114263,3,2,0
6.95E-10,0.999445975,0.000554036,2,2,1
2.29E-06,0.999140024,0.000857679,2,2,1
0.020936051,0.977593422,0.001470523,2,2,1
0.999928594,6.76E-05,3.78E-06,1,1,1
0.999999881,1.29E-07,2.24E-08,1,1,1
1,8.09E-11,3.16E-11,1,1,1
1,8.90E-15,1.54E-14,1,1,1
1,1.85E-14,2.96E-14,1,1,1
1,2.58E-14,1.98E-14,1,1,1
1,7.47E-12,2.90E-12,1,1,1
1,5.56E-11,1.35E-11,1,1,1
0.999999523,4.86E-07,2.96E-08,1,1,1
1,1.69E-19,6.82E-20,1,1,1
1,2.71E-25,2.29E-24,1,1,1
1,7.77E-35,3.19E-32,1,1,1
1,1.23E-26,2.02E-26,1,1,1
1,1.26E-15,1.07E-16,1,1,1
1,5.02E-13,3.75E-14,1,1,1
0.999999881,1.19E-07,7.97E-09,1,1,1
1,1.08E-11,2.16E-12,1,1,1
1,1.31E-09,2.79E-10,1,1,1
0.999997377,2.34E-06,2.98E-07,1,1,1
1,3.10E-11,2.55E-10,1,1,1
1,2.53E-10,6.30E-11,1,1,1
1,4.60E-16,6.56E-13,1,1,1
1,1.16E-17,7.79E-14,1,1,1
1,2.56E-24,7.73E-16,1,1,1
1,1.63E-19,5.58E-14,1,1,1
1,2.22E-17,7.57E-17,1,1,1
0.999994993,4.67E-06,3.12E-07,1,1,1
9.40E-11,1,1.09E-13,2,2,1
9.62E-06,0.99998188,8.43E-06,2,2,1
8.96E-05,0.999853969,5.65E-05,2,2,1
0.985744655,0.014196029,5.93E-05,1,1,1
0.999996424,3.60E-06,3.19E-08,1,1,1
1,1.42E-09,4.48E-11,1,1,1
1,1.36E-08,1.98E-10,1,1,1
1,9.56E-10,2.03E-11,1,1,1
1,3.76E-11,3.83E-12,1,1,1
1,3.85E-10,1.46E-11,1,1,1
1,1.99E-09,1.79E-10,1,1,1
1,3.08E-08,1.93E-08,1,1,1
0.999999166,8.08E-07,3.42E-08,1,1,1
0.999999642,3.65E-07,3.30E-08,1,1,1
0.999991775,7.95E-06,2.38E-07,1,1,1
0.999966264,3.12E-05,2.46E-06,1,1,1
0.999998689,1.54E-07,1.17E-06,1,1,1
0.999989033,9.49E-06,1.48E-06,1,1,1
0.999890685,0.000105308,4.06E-06,1,1,1
0.999056518,5.74E-06,0.000937741,1,1,1
0.997335136,1.34E-05,0.002651508,1,1,1
0.804585874,8.72E-06,0.195405409,1,3,0
0.002549493,1.07E-06,0.997449458,3,3,1
3.17E-06,4.76E-08,0.999996781,3,3,1
4.38E-07,5.87E-10,0.999999523,3,3,1
3.55E-08,1.33E-10,1,3,3,1
5.78E-11,1.99E-14,1,3,3,1
2.51E-14,5.87E-18,1,3,3,1
2.22E-12,2.07E-14,1,3,3,1
3.08E-09,8.42E-12,1,3,3,1
2.92E-12,1.47E-11,1,3,3,1
1.36E-06,9.16E-05,0.999907017,3,3,1
1.76E-06,0.970404685,0.029593538,2,2,1
2.10E-09,0.999999166,8.37E-07,2,2,1
2.34E-06,0.999856949,0.000140663,2,2,1
0.000249522,0.999331117,0.000419353,2,2,1
0.215986863,0.768497407,0.015515707,2,2,1
0.99985683,0.000135338,7.91E-06,1,1,1
0.999941111,5.57E-05,3.20E-06,1,1,1
0.999999881,8.08E-08,1.83E-08,1,1,1
1,6.03E-12,6.82E-12,1,1,1
1,7.26E-13,6.62E-13,1,1,1
1,1.65E-13,1.76E-13,1,1,1
1,9.31E-13,2.84E-13,1,1,1
1,1.87E-09,3.03E-10,1,1,1
1,1.27E-08,7.19E-10,1,1,1
1,2.27E-14,6.99E-15,1,1,1
1,1.46E-36,2.04E-33,1,1,1
1,1.34E-30,5.29E-29,1,1,1
1,1.66E-20,5.95E-21,1,1,1
1,5.44E-14,3.53E-15,1,1,1
1,5.03E-18,5.78E-19,1,1,1
1,9.26E-12,3.49E-13,1,1,1
1,6.22E-11,1.38E-11,1,1,1
1,4.61E-10,9.29E-11,1,1,1
1,1.77E-09,5.57E-10,1,1,1
1,1.21E-08,1.93E-09,1,1,1
1,5.22E-11,1.61E-10,1,1,1
1,4.91E-14,9.71E-13,1,1,1
1,4.05E-16,1.01E-12,1,1,1
1,3.07E-17,4.68E-12,1,1,1
1,1.28E-16,3.49E-13,1,1,1
1,1.34E-18,6.92E-19,1,1,1
0.999958634,4.12E-05,7.77E-08,1,1,1
0.000188943,0.999763548,4.76E-05,2,2,1
0.937574029,0.062051393,0.000374495,1,1,1
0.999989986,1.00E-05,2.08E-08,1,1,1
0.999999762,2.83E-07,2.22E-09,1,1,1
1,1.86E-10,6.13E-12,1,1,1
1,8.59E-11,4.17E-12,1,1,1
1,7.69E-11,3.68E-12,1,1,1
1,8.63E-10,6.01E-11,1,1,1
1,1.61E-13,3.20E-14,1,1,1
1,4.82E-12,6.56E-13,1,1,1
0.999998808,1.14E-06,3.89E-08,1,1,1
0.999999642,3.70E-07,9.57E-09,1,1,1
0.999999881,1.01E-08,6.24E-08,1,1,1
0.999914527,3.87E-06,8.16E-05,1,1,1
0.994000196,2.84E-08,0.005999804,1,3,0
0.999934435,5.82E-05,7.35E-06,1,1,1
0.999852061,0.000142969,4.98E-06,1,1,1
0.999815524,0.000138801,4.57E-05,1,1,1
0.999502182,2.13E-05,0.00047654,1,1,1
0.024080282,8.47E-07,0.975918829,3,3,1
1.53E-05,8.24E-10,0.999984622,3,3,1
0.001880293,4.63E-06,0.998115063,3,3,1
7.12E-07,5.12E-10,0.999999285,3,3,1
7.12E-07,2.35E-09,0.999999285,3,3,1
3.53E-10,2.30E-12,1,3,3,1
2.29E-11,1.42E-14,1,3,3,1
7.64E-13,9.22E-16,1,3,3,1
7.98E-10,1.12E-11,1,3,3,1
3.58E-09,1.22E-07,0.999999881,3,3,1
4.14E-09,1.11E-06,0.999998927,3,3,1
7.98E-07,0.996408641,0.003590486,2,2,1
2.09E-09,0.999999523,4.41E-07,2,2,1
2.51E-06,0.999942183,5.53E-05,2,2,1
5.82E-07,0.999997377,2.01E-06,2,2,1
0.005121013,0.994780958,9.79E-05,2,2,1
0.999991536,7.57E-06,8.38E-07,1,1,1
0.999998927,9.04E-07,1.27E-07,1,1,1
1,4.07E-12,4.97E-12,1,1,1
1,6.84E-15,3.01E-14,1,1,1
1,1.15E-13,6.75E-14,1,1,1
1,2.81E-16,5.68E-16,1,1,1
1,2.89E-18,6.79E-18,1,1,1
1,1.45E-20,4.62E-20,1,1,1
1,6.66E-14,5.56E-15,1,1,1
1,2.02E-17,7.54E-18,1,1,1
1,1.25E-19,2.14E-20,1,1,1
1,8.46E-15,4.73E-16,1,1,1
1,3.37E-11,1.59E-12,1,1,1
1,2.41E-13,2.53E-14,1,1,1
1,1.13E-15,2.74E-16,1,1,1
1,4.83E-13,1.20E-13,1,1,1
1,3.23E-15,1.41E-14,1,1,1
1,1.26E-13,1.02E-11,1,1,1
1,1.39E-09,5.00E-10,1,1,1
1,1.30E-09,2.91E-10,1,1,1
1,1.22E-15,6.42E-13,1,1,1
1,9.61E-20,7.81E-15,1,1,1
1,4.22E-20,2.53E-15,1,1,1
1,7.58E-18,3.66E-16,1,1,1
1,2.27E-11,2.35E-12,1,1,1
7.73E-06,0.999992251,7.19E-10,2,2,1
4.69E-06,0.999987841,7.52E-06,2,2,1
0.244867593,0.753832221,0.001300247,2,1,0
0.998767614,0.001230901,1.58E-06,1,1,1
0.999844551,0.000154774,5.85E-07,1,1,1
1,3.05E-10,3.21E-12,1,1,1
1,4.94E-10,4.06E-12,1,1,1
1,5.93E-12,5.78E-13,1,1,1
1,5.36E-13,1.44E-13,1,1,1
1,5.49E-12,2.64E-12,1,1,1
1,2.74E-09,1.68E-10,1,1,1
1,9.84E-09,2.25E-09,1,1,1
1,1.17E-08,7.26E-09,1,1,1
0.999999881,2.45E-08,8.37E-08,1,1,1
0.999998569,1.30E-07,1.33E-06,1,1,1
0.999996185,2.72E-07,3.53E-06,1,1,1
0.99999392,2.09E-07,5.79E-06,1,1,1
0.999740064,0.000255327,4.69E-06,1,1,1
0.999538183,0.000405407,5.65E-05,1,1,1
0.988635182,4.94E-05,0.011315442,1,1,1
0.157497197,5.90E-06,0.842496932,3,3,1
0.002758065,2.60E-07,0.997241616,3,3,1
1.42E-06,3.02E-09,0.999998569,3,3,1
1.55E-05,1.51E-07,0.999984264,3,3,1
2.82E-08,2.12E-11,1,3,3,1
1.26E-09,1.43E-13,1,3,3,1
6.01E-12,8.26E-16,1,3,3,1
6.96E-12,1.84E-16,1,3,3,1
4.29E-09,3.08E-10,1,3,3,1
1.27E-05,2.91E-07,0.999987006,3,3,1
1.02E-07,7.96E-07,0.999999046,3,3,1
1.72E-07,1.62E-05,0.999983668,3,3,1
1.99E-07,0.999993205,6.56E-06,2,2,1
2.27E-08,0.99999845,1.50E-06,2,2,1
1.88E-05,0.999967813,1.34E-05,2,2,1
4.54E-07,0.999999523,2.57E-08,2,2,1
0.989418983,0.010394279,0.000186685,1,1,1
0.999968767,2.88E-05,2.36E-06,1,1,1
1,7.38E-09,1.52E-09,1,1,1
1,1.41E-10,5.16E-11,1,1,1
1,6.21E-16,1.47E-15,1,1,1
1,1.48E-15,1.37E-15,1,1,1
1,1.16E-15,9.83E-16,1,1,1
1,8.12E-09,3.44E-10,1,1,1
1,4.63E-15,9.93E-16,1,1,1
1,5.73E-24,6.21E-24,1,1,1
1,2.56E-18,3.96E-19,1,1,1
0.999999881,5.97E-08,3.90E-09,1,1,1
1,1.57E-10,8.74E-12,1,1,1
1,3.87E-14,3.33E-15,1,1,1
1,3.37E-16,2.65E-16,1,1,1
1,5.61E-16,1.31E-15,1,1,1
1,1.80E-17,2.46E-15,1,1,1
1,1.32E-15,2.18E-13,1,1,1
1,8.70E-15,1.15E-12,1,1,1
1,1.31E-18,1.83E-15,1,1,1
1,1.24E-23,5.37E-18,1,1,1
1,6.94E-26,3.79E-19,1,1,1
1,3.08E-22,7.26E-18,1,1,1
1,3.28E-18,1.54E-17,1,1,1
1,1.67E-10,5.89E-11,1,1,1
9.95E-10,1,1.83E-13,2,2,1
1.33E-07,0.999999523,3.29E-07,2,2,1
0.009175977,0.99053359,0.000290494,2,2,1
0.995514572,0.004449008,3.64E-05,1,1,1
0.999915004,8.44E-05,5.38E-07,1,1,1
0.999984264,1.56E-05,6.70E-08,1,1,1
1,2.23E-10,4.42E-12,1,1,1
1,9.82E-09,2.22E-10,1,1,1
0.999998569,1.41E-06,1.62E-08,1,1,1
0.999999881,1.12E-07,4.72E-09,1,1,1
1,2.20E-09,1.80E-10,1,1,1
1,7.19E-12,1.82E-12,1,1,1
1,1.25E-09,3.13E-10,1,1,1
0.999999881,8.04E-08,1.80E-08,1,1,1
0.999998569,9.14E-09,1.44E-06,1,1,1
0.999999285,3.65E-07,3.23E-07,1,1,1
0.999992371,1.64E-07,7.49E-06,1,1,1
0.999905109,3.23E-05,6.26E-05,1,1,1
0.999406099,0.000574289,1.97E-05,1,1,1
0.999978304,8.89E-06,1.28E-05,1,1,1
0.997421503,3.93E-05,0.002539206,1,1,1
0.997703254,0.000134953,0.002161727,1,1,1
4.40E-06,1.66E-10,0.999995589,3,3,1
3.90E-06,2.45E-08,0.999996066,3,3,1
4.95E-09,2.15E-12,1,3,3,1
3.47E-09,8.95E-12,1,3,3,1
3.85E-10,1.12E-09,1,3,3,1
2.83E-14,1.59E-19,1,3,3,1
3.73E-15,9.33E-20,1,3,3,1
9.44E-09,1.83E-08,1,3,3,1
1.04E-08,1.32E-11,1,3,3,1
0.000312269,0.002585792,0.997101963,3,3,1
1.04E-05,0.998972535,0.001017043,2,2,1
2.30E-10,1,6.67E-09,2,2,1
2.47E-07,0.999999523,2.47E-07,2,2,1
8.17E-09,1,5.30E-10,2,2,1
0.998649776,0.001319376,3.09E-05,1,1,1
0.999964118,3.34E-05,2.50E-06,1,1,1
1,1.78E-08,2.61E-09,1,1,1
1,4.46E-13,3.17E-13,1,1,1
1,5.24E-12,1.95E-12,1,1,1
1,1.70E-12,3.63E-13,1,1,1
1,3.68E-12,7.62E-13,1,1,1
1,5.63E-16,1.75E-16,1,1,1
1,6.17E-19,2.07E-19,1,1,1
1,3.98E-17,4.03E-18,1,1,1
1,2.98E-09,2.08E-10,1,1,1
1,4.99E-09,1.26E-10,1,1,1
1,5.07E-11,3.41E-12,1,1,1
1,6.54E-09,6.31E-10,1,1,1
1,1.35E-11,3.32E-12,1,1,1
1,5.89E-14,2.58E-14,1,1,1
1,1.42E-11,6.30E-12,1,1,1
1,3.69E-12,2.78E-12,1,1,1
1,1.14E-14,2.05E-13,1,1,1
1,1.48E-26,2.05E-19,1,1,1
1,5.07E-23,4.52E-17,1,1,1
1,8.24E-23,2.71E-17,1,1,1
1,1.40E-11,2.83E-12,1,1,1
0.999990702,9.35E-06,4.81E-08,1,1,1
7.16E-13,1,2.02E-15,2,2,1
1.17E-06,0.999998212,6.00E-07,2,2,1
1.61E-06,0.999993205,5.20E-06,2,2,1
0.999631405,0.000366226,2.33E-06,1,1,1
0.999937773,6.19E-05,3.90E-07,1,1,1
0.999998927,1.02E-06,5.76E-09,1,1,1
1,3.92E-10,1.56E-11,1,1,1
1,8.82E-11,2.07E-12,1,1,1
1,1.31E-10,3.07E-12,1,1,1
1,3.44E-09,1.02E-10,1,1,1
1,5.39E-10,8.10E-11,1,1,1
1,1.49E-09,6.39E-11,1,1,1
1,1.30E-08,1.59E-09,1,1,1
1,3.57E-08,3.81E-09,1,1,1
0.999998331,1.52E-06,1.36E-07,1,1,1
0.999999166,7.35E-07,1.73E-07,1,1,1
0.999943614,3.59E-05,2.04E-05,1,1,1
0.999924421,5.88E-05,1.66E-05,1,1,1
0.999871254,8.92E-05,3.96E-05,1,1,1
0.836863458,6.85E-06,0.163129658,1,1,1
0.004598449,1.92E-08,0.995401502,3,3,1
0.99340713,0.000206814,0.006386092,1,1,1
0.071169585,5.38E-06,0.928825021,3,3,1
3.91E-08,1.58E-12,1,3,3,1
1.92E-06,1.85E-09,0.999998093,3,3,1
2.83E-07,2.57E-09,0.999999762,3,3,1
1.55E-07,0.964352787,0.035647076,2,2,1
1.11E-10,2.92E-08,1,3,3,1
2.63E-10,9.94E-09,1,3,3,1
3.23E-09,9.22E-05,0.999907851,3,3,1
6.09E-06,0.136469036,0.863524914,3,3,1
2.43E-07,2.43E-05,0.999975443,3,3,1
9.15E-07,0.999904156,9.49E-05,2,2,1
1.64E-05,0.999978185,5.36E-06,2,2,1
1.89E-07,0.999999642,1.13E-07,2,2,1
3.61E-12,1,2.74E-12,2,2,1
0.998985946,0.000999698,1.43E-05,1,1,1
0.999994636,4.73E-06,5.99E-07,1,1,1
0.999999762,2.88E-07,1.98E-08,1,1,1
1,5.09E-11,1.22E-11,1,1,1
1,4.47E-16,3.82E-16,1,1,1
1,1.12E-12,3.71E-13,1,1,1
1,5.71E-15,2.10E-15,1,1,1
1,2.32E-23,3.12E-22,1,1,1
1,6.18E-22,2.33E-21,1,1,1
1,2.83E-15,2.76E-16,1,1,1
1,5.53E-12,2.59E-13,1,1,1
1,6.23E-14,4.14E-15,1,1,1
1,2.72E-10,2.50E-11,1,1,1
1,3.31E-09,3.96E-10,1,1,1
1,8.04E-14,2.76E-14,1,1,1
1,3.47E-14,7.59E-14,1,1,1
1,4.35E-14,2.96E-14,1,1,1
1,8.69E-14,7.12E-14,1,1,1
1,3.61E-16,1.20E-13,1,1,1
1,1.21E-25,2.03E-18,1,1,1
1,6.70E-24,1.08E-18,1,1,1
1,2.28E-19,1.09E-15,1,1,1
1,7.50E-13,9.31E-14,1,1,1
0.989417732,0.010581811,4.71E-07,1,1,1
1.06E-05,0.999984622,4.79E-06,2,2,1
6.79E-06,0.999988198,4.98E-06,2,2,1
0.875680745,0.12405999,0.000259261,1,1,1
0.999999881,1.58E-07,3.04E-09,1,1,1
0.999999881,9.08E-08,1.33E-09,1,1,1
1,3.15E-11,1.04E-12,1,1,1
1,8.93E-11,4.37E-12,1,1,1
1,1.14E-08,2.21E-10,1,1,1
1,9.53E-10,3.56E-11,1,1,1
1,4.94E-11,4.60E-12,1,1,1
1,2.45E-10,1.48E-11,1,1,1
1,1.04E-09,7.38E-11,1,1,1
0.999999881,8.57E-08,7.76E-09,1,1,1
0.999997377,2.49E-06,1.10E-07,1,1,1
0.99999249,3.27E-08,7.47E-06,1,1,1
0.999996185,2.14E-06,1.65E-06,1,1,1
0.999919415,6.40E-05,1.65E-05,1,1,1
0.986297846,0.000971522,0.012730691,1,1,1
0.999904394,1.47E-05,8.09E-05,1,1,1
0.07397183,8.48E-07,0.926027298,3,3,1
0.064791746,4.75E-06,0.935203493,3,3,1
0.00208299,3.86E-07,0.997916639,3,3,1
1.34E-08,3.55E-12,1,3,3,1
6.17E-09,4.63E-12,1,3,3,1
1.15E-07,3.71E-08,0.999999881,3,3,1
2.90E-06,0.572223365,0.427773744,2,2,1
1.06E-07,0.998698831,0.001300993,2,2,1
3.59E-09,2.25E-05,0.999977469,3,3,1
3.69E-09,0.999318004,0.000682026,2,2,1
2.75E-05,0.004772265,0.995200157,3,3,1
2.03E-06,0.950848162,0.049149759,2,3,0
4.25E-05,0.999806941,0.000150678,2,2,1
0.153037056,0.846260846,0.000702132,2,2,1
4.88E-10,1,1.83E-09,2,2,1
8.00E-10,1,2.12E-10,2,2,1
1.08E-07,0.999999881,2.02E-09,2,2,1
0.992595375,0.007345475,5.91E-05,1,1,1
0.998218477,0.001744791,3.68E-05,1,1,1
0.99999845,1.30E-06,2.26E-07,1,1,1
1,1.99E-10,4.82E-11,1,1,1
1,2.39E-13,1.34E-13,1,1,1
1,3.76E-13,6.04E-14,1,1,1
1,5.37E-14,1.19E-14,1,1,1
1,8.46E-13,7.76E-14,1,1,1
1,5.14E-10,1.11E-11,1,1,1
1,1.10E-09,2.58E-11,1,1,1
0.999999881,8.48E-08,3.14E-09,1,1,1
1,4.16E-16,6.49E-17,1,1,1
1,4.28E-11,1.04E-12,1,1,1
1,1.98E-14,5.24E-15,1,1,1
1,8.67E-11,8.93E-12,1,1,1
1,1.36E-12,2.33E-13,1,1,1
1,3.33E-14,8.24E-15,1,1,1
1,1.69E-16,9.98E-16,1,1,1
1,6.57E-21,6.22E-18,1,1,1
1,3.41E-26,9.29E-18,1,1,1
1,3.21E-18,8.27E-16,1,1,1
1,1.34E-21,2.13E-18,1,1,1
1,2.22E-14,1.32E-14,1,1,1
0.996203005,0.003796897,1.37E-07,1,1,1
0.000114931,0.99986279,2.23E-05,2,2,1
2.97E-07,0.999998212,1.49E-06,2,2,1
0.996308744,0.003657575,3.36E-05,1,1,1
0.999999404,5.76E-07,2.53E-09,1,1,1
1,5.43E-09,5.51E-11,1,1,1
1,2.17E-10,2.22E-11,1,1,1
1,1.58E-09,8.49E-11,1,1,1
1,1.15E-12,1.56E-13,1,1,1
1,3.80E-08,5.35E-10,1,1,1
1,1.12E-09,5.46E-11,1,1,1
1,3.75E-12,3.55E-13,1,1,1
1,2.09E-08,4.36E-10,1,1,1
0.999999881,1.32E-07,3.82E-09,1,1,1
0.999999166,7.32E-07,1.45E-07,1,1,1
0.999965429,7.37E-08,3.44E-05,1,1,1
0.999973416,4.73E-06,2.18E-05,1,1,1
0.814377189,2.18E-06,0.185620666,1,1,1
0.999952674,3.97E-05,7.62E-06,1,1,1
0.99953568,0.000403508,6.09E-05,1,1,1
0.998654485,9.30E-06,0.001336237,1,1,1
0.957024395,2.16E-05,0.042954016,1,1,1
2.41E-05,2.39E-08,0.99997592,3,3,1
4.09E-07,2.63E-10,0.999999642,3,3,1
9.46E-12,1.10E-16,1,3,3,1
3.85E-08,1.10E-06,0.999998808,3,3,1
3.58E-08,0.998877943,0.001122013,2,2,1
4.34E-08,0.001047035,0.998952866,3,3,1
7.99E-09,0.002662936,0.997337043,3,3,1
6.92E-12,0.999996543,3.47E-06,2,2,1
6.97E-12,0.999999762,1.95E-07,2,2,1
7.01E-11,0.999999881,1.34E-07,2,2,1
4.92E-07,0.999996066,3.44E-06,2,2,1
7.32E-10,1,6.87E-09,2,2,1
4.66E-09,0.999999881,6.71E-08,2,2,1
2.20E-07,0.999999523,2.29E-07,2,2,1
1.74E-08,1,7.57E-10,2,2,1
0.99072367,0.009236541,3.97E-05,1,1,1
0.999965191,3.36E-05,1.19E-06,1,1,1
1,7.02E-10,2.21E-10,1,1,1
1,2.52E-13,1.77E-13,1,1,1
1,4.99E-17,9.69E-17,1,1,1
1,1.06E-17,1.35E-17,1,1,1
1,1.24E-11,1.87E-12,1,1,1
1,2.16E-14,5.55E-15,1,1,1
1,8.02E-14,1.20E-14,1,1,1
1,2.25E-08,6.37E-10,1,1,1
0.999999881,8.67E-08,5.72E-09,1,1,1
0.999999523,4.66E-07,1.43E-08,1,1,1
0.999999881,8.62E-08,7.07E-09,1,1,1
0.000154434,0.999830604,1.49E-05,2,2,1
0.566253722,0.432885498,0.000860725,1,1,1
0.999995947,4.10E-06,5.40E-08,1,1,1
1,1.72E-08,3.94E-10,1,1,1
1,8.66E-10,5.48E-11,1,1,1
1,4.85E-09,1.44E-10,1,1,1
1,4.29E-11,1.48E-12,1,1,1
1,3.52E-09,7.97E-11,1,1,1
0.999999881,9.15E-08,2.18E-09,1,1,1
0.999999881,7.17E-08,2.91E-09,1,1,1
1,3.98E-10,3.48E-11,1,1,1
1,4.87E-10,1.33E-10,1,1,1
1,4.78E-08,5.66E-08,1,1,1
0.99998498,1.04E-05,4.62E-06,1,1,1
0.955290794,3.42E-07,0.04470893,1,1,1
0.999451935,0.000523662,2.44E-05,1,1,1
0.99984467,0.000145557,9.82E-06,1,1,1
0.999662399,0.000301499,3.61E-05,1,1,1
0.919237852,3.19E-05,0.080730237,1,1,1
0.998473108,0.000220375,0.001306591,1,1,1
1.77E-05,6.90E-07,0.999981642,3,3,1
8.74E-08,2.74E-08,0.999999881,3,3,1
5.53E-12,1.82E-16,1,3,3,1
1.85E-08,2.03E-07,0.999999762,3,3,1
4.41E-08,0.00027358,0.999726355,3,3,1
2.26E-08,0.999474704,0.000525357,2,2,1
1.14E-08,0.972046196,0.027953763,2,2,1
3.42E-12,0.999999881,1.54E-07,2,2,1
1.03E-11,1,7.20E-09,2,2,1
6.90E-12,1,1.49E-08,2,2,1
1.74E-10,0.999999881,8.34E-08,2,2,1
3.84E-08,0.999999523,4.53E-07,2,2,1
2.28E-09,1,4.89E-08,2,2,1
5.39E-06,0.999939799,5.49E-05,2,2,1
8.57E-06,0.999991298,1.53E-07,2,2,1
1,2.52E-12,2.18E-13,1,1,1
1,3.39E-09,2.39E-10,1,1,1
1,6.30E-16,1.56E-16,1,1,1
1,4.67E-16,4.44E-17,1,1,1
1,2.27E-14,4.88E-15,1,1,1
1,4.93E-12,8.90E-13,1,1,1
1,1.76E-16,1.38E-15,1,1,1
1,1.32E-15,3.07E-13,1,1,1
1,3.71E-21,8.34E-17,1,1,1
1,2.91E-27,1.44E-20,1,1,1
1,6.11E-17,1.39E-15,1,1,1
1,1.28E-15,3.35E-15,1,1,1
0.984939754,0.015059298,9.19E-07,1,1,1
3.51E-15,1,1.03E-17,2,2,1
2.34E-05,0.999964356,1.23E-05,2,2,1
0.488066852,0.511329174,0.000603956,2,1,0
0.999394774,0.000603364,1.90E-06,1,1,1
0.999999881,1.37E-07,1.07E-09,1,1,1
1,1.46E-12,2.42E-13,1,1,1
1,8.21E-12,9.83E-13,1,1,1
1,2.38E-10,9.58E-12,1,1,1
1,1.42E-10,1.52E-11,1,1,1
1,2.50E-08,5.87E-10,1,1,1
0.999999881,1.37E-07,5.32E-09,1,1,1
1,1.93E-08,6.85E-10,1,1,1
0.999999881,6.26E-08,1.37E-08,1,1,1
0.999997973,1.80E-06,2.40E-07,1,1,1
0.999990225,9.71E-06,1.62E-07,1,1,1
0.999990463,8.56E-06,9.23E-07,1,1,1
0.997856557,0.000905293,0.001238163,1,1,1
0.99981004,0.000127503,6.24E-05,1,1,1
0.999845505,0.000143449,1.09E-05,1,1,1
0.999686837,4.90E-05,0.000264165,1,1,1
0.953323185,0.00180883,0.044867892,1,1,1
0.002966758,0.000327197,0.996706069,3,3,1
2.58E-07,3.22E-07,0.999999404,3,3,1
5.58E-11,1.73E-13,1,3,3,1
4.43E-09,7.93E-09,1,3,3,1
8.55E-06,0.005765714,0.9942258,3,3,1
1.58E-08,0.999998808,1.22E-06,2,2,1
5.67E-12,0.999995351,4.60E-06,2,2,1
2.24E-11,1,4.41E-08,2,2,1
1.26E-10,1,1.16E-08,2,2,1
6.35E-11,1,3.00E-08,2,2,1
1.37E-08,0.999998689,1.33E-06,2,2,1
1.34E-08,0.999999762,2.08E-07,2,2,1
1.16E-06,0.999997735,1.11E-06,2,2,1
2.71E-05,0.999836445,0.00013646,2,2,1
9.03E-05,0.999896526,1.31E-05,2,2,1
0.994718373,0.005246408,3.53E-05,1,1,1
0.99996388,3.19E-05,4.18E-06,1,1,1
0.999999881,1.65E-07,1.88E-08,1,1,1
0.999998808,1.04E-06,1.25E-07,1,1,1
0.999999881,1.22E-07,2.35E-08,1,1,1
1,2.91E-10,1.06E-10,1,1,1
1,2.35E-16,3.22E-16,1,1,1
1,6.80E-16,6.30E-16,1,1,1
1,5.97E-15,1.94E-15,1,1,1
1,2.59E-13,3.18E-14,1,1,1
1,5.19E-13,2.44E-14,1,1,1
1,6.85E-12,4.21E-13,1,1,1
1,1.43E-08,3.52E-10,1,1,1
1,1.93E-10,7.64E-12,1,1,1
1,8.25E-12,2.93E-13,1,1,1
1,3.90E-11,2.82E-12,1,1,1
1,8.27E-19,1.62E-18,1,1,1
1,8.17E-12,1.75E-12,1,1,1
1,1.06E-12,9.68E-13,1,1,1
1,2.13E-20,7.40E-16,1,1,1
1,5.72E-17,6.23E-15,1,1,1
1,3.18E-14,1.83E-12,1,1,1
1,9.89E-16,8.46E-14,1,1,1
1,3.97E-09,4.45E-10,1,1,1
0.997456372,0.002543583,3.26E-08,1,1,1
1.69E-14,1,1.38E-17,2,2,1
9.78E-05,0.999872684,2.95E-05,2,2,1
0.838522613,0.160689637,0.000787747,1,1,1
0.99996531,3.46E-05,1.61E-07,1,1,1
0.999994755,5.29E-06,2.04E-08,1,1,1
0.999999881,1.17E-07,1.37E-09,1,1,1
1,9.55E-11,9.77E-13,1,1,1
1,1.95E-11,7.45E-13,1,1,1
1,1.18E-11,8.11E-13,1,1,1
0.999999881,1.45E-07,2.26E-09,1,1,1
1,1.56E-08,4.99E-10,1,1,1
1,4.61E-10,5.34E-11,1,1,1
1,3.16E-10,9.28E-11,1,1,1
0.999999046,9.61E-07,2.99E-08,1,1,1
0.999999404,4.17E-07,2.11E-07,1,1,1
0.999986172,9.43E-08,1.38E-05,1,1,1
0.999964476,4.94E-06,3.06E-05,1,1,1
0.999883771,0.000114292,1.91E-06,1,1,1
1.37E-06,1.81E-07,0.99999845,3,3,1
0.987216651,2.66E-06,0.012780614,1,1,1
0.000161383,2.39E-07,0.999838352,3,3,1
3.12E-05,4.86E-08,0.999968648,3,3,1
1.28E-08,1.78E-09,1,3,3,1
1.41E-09,8.61E-09,1,3,3,1
3.75E-06,0.000195734,0.999800503,3,3,1
1.53E-07,0.002865354,0.997134447,3,3,1
6.89E-06,0.984856725,0.015136274,2,2,1
9.30E-13,1,5.19E-09,2,2,1
2.75E-13,1,3.94E-09,2,2,1
2.89E-12,1,9.09E-10,2,2,1
1.32E-11,1,7.46E-10,2,2,1
0.999991536,6.86E-06,1.60E-06,1,1,1
0.999998331,1.20E-06,4.53E-07,1,1,1
0.999992013,7.42E-06,5.53E-07,1,1,1
0.999923587,7.22E-05,4.16E-06,1,1,1
1,4.63E-08,8.03E-09,1,1,1
1,2.00E-08,3.63E-09,1,1,1
1,6.00E-15,7.61E-15,1,1,1
1,1.18E-12,4.43E-13,1,1,1
0.999999881,1.29E-07,1.21E-08,1,1,1
1,3.07E-10,1.01E-11,1,1,1
1,6.16E-11,5.33E-12,1,1,1
1,5.30E-11,6.26E-12,1,1,1
0.999934673,6.37E-05,1.59E-06,1,1,1
1,1.70E-08,6.06E-10,1,1,1
1,6.59E-10,2.35E-11,1,1,1
1,2.27E-21,7.46E-21,1,1,1
0.999999881,1.21E-07,4.59E-09,1,1,1
1,1.16E-08,8.79E-10,1,1,1
1,3.19E-12,1.00E-12,1,1,1
1,1.18E-16,3.41E-14,1,1,1
1,7.61E-16,4.72E-14,1,1,1
1,1.31E-17,6.27E-14,1,1,1
1,4.97E-27,2.48E-21,1,1,1
1,3.52E-16,8.99E-16,1,1,1
0.894120514,0.105879441,1.29E-07,1,1,1
1.14E-16,1,2.15E-19,2,2,1
0.000153391,0.999776185,7.04E-05,2,2,1
0.991017699,0.008783322,0.000198922,1,1,1
0.999902964,9.61E-05,9.21E-07,1,1,1
0.999998689,1.36E-06,6.80E-09,1,1,1
1,1.40E-11,1.62E-13,1,1,1
1,5.04E-10,7.30E-12,1,1,1
1,8.18E-11,1.06E-12,1,1,1
1,2.36E-12,4.52E-14,1,1,1
1,6.91E-09,4.86E-10,1,1,1
1,6.93E-10,3.93E-11,1,1,1
1,1.26E-09,2.73E-10,1,1,1
1,1.05E-08,3.51E-09,1,1,1
0.999999404,5.51E-07,3.47E-08,1,1,1
0.99999845,1.56E-06,2.88E-08,1,1,1
0.999994993,4.38E-06,5.73E-07,1,1,1
0.999997735,1.01E-06,1.34E-06,1,1,1
0.999965429,3.05E-05,4.10E-06,1,1,1
0.005115515,3.13E-05,0.994853199,3,3,1
0.723084807,6.53E-05,0.276849866,1,1,1
1.36E-08,3.28E-13,1,3,3,1
2.02E-08,1.87E-07,0.999999762,3,3,1
3.03E-11,4.59E-10,1,3,3,1
1.58E-06,0.601136982,0.398861438,2,2,1
1.48E-07,1.68E-05,0.999982953,3,3,1
5.11E-08,0.999373734,0.000626343,2,2,1
8.59E-09,0.999980092,1.99E-05,2,2,1
4.92E-11,1,4.11E-10,2,2,1
3.43E-12,1,2.92E-08,2,2,1
1.72E-12,1,4.87E-11,2,2,1
0.999835849,0.000151333,1.28E-05,1,1,1
1,4.27E-08,2.04E-08,1,1,1
0.999999881,8.91E-08,1.57E-08,1,1,1
0.999963284,3.47E-05,2.08E-06,1,1,1
1,4.51E-09,1.35E-09,1,1,1
1,6.29E-12,3.12E-12,1,1,1
1,1.38E-14,5.91E-15,1,1,1
1,1.10E-09,1.23E-10,1,1,1
1,6.08E-10,8.37E-11,1,1,1
0.999998331,1.56E-06,9.08E-08,1,1,1
1,1.40E-09,5.73E-11,1,1,1
1,1.36E-09,9.03E-11,1,1,1
1,1.37E-08,6.42E-10,1,1,1
1,1.27E-10,8.31E-12,1,1,1
1,1.81E-10,1.06E-11,1,1,1
1,1.96E-13,2.07E-14,1,1,1
0.999999881,1.45E-07,9.81E-09,1,1,1
1,1.62E-12,3.58E-13,1,1,1
1,4.16E-10,3.58E-11,1,1,1
1,1.09E-16,6.16E-14,1,1,1
1,3.86E-23,1.37E-17,1,1,1
1,4.53E-22,4.90E-17,1,1,1
1,7.66E-24,6.08E-18,1,1,1
1,3.55E-21,1.87E-19,1,1,1
1,9.35E-11,5.61E-11,1,1,1
3.20E-09,1,5.44E-12,2,2,1
8.22E-06,0.999982357,9.40E-06,2,2,1
0.669268787,0.329227597,0.001503636,1,1,1
0.999999881,7.10E-08,8.64E-10,1,1,1
1,1.08E-11,3.10E-13,1,1,1
1,1.09E-09,3.90E-11,1,1,1
1,5.58E-10,1.13E-11,1,1,1
1,1.81E-13,6.82E-15,1,1,1
1,1.05E-09,1.65E-11,1,1,1
1,8.70E-10,1.84E-11,1,1,1
0.999999881,7.25E-08,7.43E-10,1,1,1
1,1.68E-08,1.25E-09,1,1,1
0.999999166,8.37E-07,5.52E-08,1,1,1
0.999999642,4.10E-07,2.12E-08,1,1,1
0.999996543,3.27E-06,2.27E-07,1,1,1
0.999985576,1.43E-05,1.62E-07,1,1,1
0.999989867,9.39E-06,7.25E-07,1,1,1
0.999939919,4.51E-06,5.56E-05,1,1,1
0.999410272,8.53E-05,0.000504484,1,1,1
0.207398012,2.64E-05,0.792575598,3,3,1
2.57E-05,6.84E-08,0.999974132,3,3,1
6.44E-10,3.36E-09,1,3,3,1
1.50E-11,1.18E-11,1,3,3,1
3.44E-08,2.18E-05,0.999978185,3,3,1
2.41E-06,0.789370179,0.210627317,2,3,0
6.22E-09,0.999962091,3.80E-05,2,2,1
3.00E-11,0.999994874,5.15E-06,2,2,1
3.28E-11,1,1.09E-09,2,2,1
5.85E-11,1,7.13E-09,2,2,1
3.89E-11,1,5.02E-09,2,2,1
0.999990225,8.60E-06,1.15E-06,1,1,1
1,2.48E-08,1.27E-08,1,1,1
1,1.29E-10,1.64E-10,1,1,1
1,3.38E-12,5.76E-12,1,1,1
1,5.63E-12,3.19E-12,1,1,1
1,4.57E-22,1.18E-20,1,1,1
1,1.77E-19,5.33E-19,1,1,1
1,4.68E-13,1.91E-13,1,1,1
1,1.15E-09,9.33E-11,1,1,1
0.999998331,1.55E-06,7.50E-08,1,1,1
1,4.95E-10,3.25E-11,1,1,1
1,2.97E-09,3.53E-10,1,1,1
1,4.32E-08,3.17E-09,1,1,1
0.999999881,8.93E-08,5.73E-09,1,1,1
1,1.08E-10,5.49E-12,1,1,1
1,6.20E-09,4.28E-10,1,1,1
1,7.95E-13,4.48E-14,1,1,1
1,1.16E-10,1.03E-11,1,1,1
1,2.20E-15,4.83E-14,1,1,1
1,4.56E-12,2.60E-11,1,1,1
1,2.69E-15,7.78E-13,1,1,1
1,8.78E-16,1.34E-12,1,1,1
1,4.66E-19,1.96E-15,1,1,1
1,6.30E-22,7.41E-20,1,1,1
1,1.47E-19,1.56E-18,1,1,1
0.009452638,0.99054724,7.60E-08,2,2,1
0.000143201,0.999760091,9.67E-05,2,2,1
0.984730363,0.015100601,0.000169028,1,1,1
1,1.32E-08,2.18E-10,1,1,1
1,1.91E-12,2.41E-14,1,1,1
1,1.13E-08,4.99E-11,1,1,1
1,3.58E-09,3.99E-11,1,1,1
1,1.22E-09,1.13E-11,1,1,1
1,2.10E-08,4.54E-10,1,1,1
0.999999523,4.71E-07,5.26E-09,1,1,1
1,3.56E-08,5.28E-10,1,1,1
0.999995589,4.31E-06,7.59E-08,1,1,1
0.999992609,7.14E-06,2.86E-07,1,1,1
0.999999166,7.80E-07,1.52E-08,1,1,1
1,1.82E-08,4.21E-09,1,1,1
0.999996662,2.89E-06,4.30E-07,1,1,1
0.999977827,1.99E-05,2.27E-06,1,1,1
0.999267519,1.99E-06,0.000730484,1,1,1
0.999364555,4.32E-05,0.0005923,1,1,1
1.59E-05,3.07E-09,0.999984145,3,3,1
8.99E-06,8.04E-08,0.99999094,3,3,1
3.39E-09,3.24E-08,1,3,3,1
2.64E-08,1.79E-08,1,3,3,1
4.47E-06,3.07E-05,0.999964833,3,3,1
8.74E-10,0.999651313,0.00034874,2,2,1
1.21E-10,0.999999523,4.22E-07,2,2,1
8.09E-13,1,3.07E-10,2,2,1
1.47E-09,1,3.86E-08,2,2,1
2.76E-10,1,2.44E-09,2,2,1
1.85E-11,1,3.04E-10,2,2,1
0.999998927,9.71E-07,1.11E-07,1,1,1
1,4.58E-11,3.40E-11,1,1,1
1,3.51E-09,8.89E-10,1,1,1
1,9.50E-13,9.78E-13,1,1,1
1,4.02E-14,3.08E-14,1,1,1
1,3.71E-21,4.86E-20,1,1,1
1,9.18E-18,1.28E-17,1,1,1
1,3.45E-13,5.02E-14,1,1,1
1,8.18E-12,7.23E-13,1,1,1
1,2.65E-13,3.09E-14,1,1,1
1,6.35E-15,8.22E-16,1,1,1
1,3.74E-11,1.87E-12,1,1,1
1,3.59E-10,2.13E-11,1,1,1
1,6.23E-11,8.27E-12,1,1,1
1,1.48E-22,1.03E-22,1,1,1
1,8.57E-18,1.75E-18,1,1,1
1,8.98E-13,3.50E-14,1,1,1
1,1.36E-10,1.19E-11,1,1,1
1,1.49E-13,6.88E-13,1,1,1
1,5.23E-13,4.21E-13,1,1,1
1,2.99E-17,6.86E-09,1,1,1
1,1.94E-21,5.82E-16,1,1,1
1,1.69E-18,1.20E-15,1,1,1
1,9.14E-23,8.32E-20,1,1,1
1,6.48E-22,4.29E-19,1,1,1
0.999901295,9.86E-05,1.83E-08,1,1,1
0.826469123,0.172304437,0.001226429,1,1,1
0.999994993,5.00E-06,3.53E-08,1,1,1
1,2.30E-12,2.96E-14,1,1,1
1,6.14E-11,5.85E-13,1,1,1
1,2.22E-12,3.15E-14,1,1,1
1,7.16E-15,1.45E-16,1,1,1
1,9.60E-10,2.65E-11,1,1,1
1,1.46E-08,9.19E-11,1,1,1
0.999998331,1.67E-06,2.56E-08,1,1,1
0.999974847,2.51E-05,1.65E-07,1,1,1
0.999828696,0.000169142,2.18E-06,1,1,1
0.999994636,5.22E-06,9.05E-08,1,1,1
0.999983072,1.66E-05,3.15E-07,1,1,1
0.999988556,1.09E-05,5.33E-07,1,1,1
0.999988437,9.25E-06,2.32E-06,1,1,1
0.999908686,1.19E-06,9.01E-05,1,1,1
0.991351843,0.000158186,0.008489878,1,1,1
0.999822557,1.74E-05,0.000160015,1,1,1
1.65E-07,6.12E-11,0.999999881,3,3,1
9.06E-06,1.21E-07,0.999990821,3,3,1
1.69E-07,1.01E-05,0.999989748,3,3,1
9.41E-08,0.004098603,0.995901287,3,3,1
3.73E-07,1.77E-05,0.99998188,3,3,1
2.91E-09,0.999970198,2.98E-05,2,2,1
1.19E-08,0.999994636,5.33E-06,2,2,1
4.78E-11,1,4.55E-09,2,2,1
2.73E-10,1,5.96E-09,2,2,1
5.15E-11,1,2.79E-10,2,2,1
0.999952435,4.32E-05,4.35E-06,1,1,1
0.999997616,2.01E-06,4.13E-07,1,1,1
1,4.94E-08,1.28E-08,1,1,1
1,7.18E-10,2.41E-10,1,1,1
1,1.25E-08,2.33E-09,1,1,1
0.999999881,1.04E-07,1.83E-08,1,1,1
1,4.66E-10,4.24E-11,1,1,1
1,1.62E-22,1.17E-21,1,1,1
1,1.20E-13,2.28E-14,1,1,1
1,1.77E-14,2.77E-15,1,1,1
1,1.78E-10,1.21E-11,1,1,1
1,1.13E-11,8.03E-13,1,1,1
1,2.61E-10,1.34E-11,1,1,1
1,1.63E-11,1.57E-12,1,1,1
1,3.70E-16,4.17E-17,1,1,1
1,4.07E-17,1.24E-17,1,1,1
1,1.62E-16,7.20E-17,1,1,1
1,2.05E-10,1.06E-11,1,1,1
1,1.94E-09,1.89E-10,1,1,1
1,1.27E-13,8.87E-14,1,1,1
1,5.18E-16,7.06E-15,1,1,1
1,2.24E-13,1.20E-11,1,1,1
1,3.87E-26,4.73E-17,1,1,1
1,1.70E-16,2.01E-12,1,1,1
1,2.29E-22,2.49E-19,1,1,1
1,7.09E-15,2.67E-14,1,1,1
0.907455444,0.092544384,1.64E-07,1,1,1
6.12E-05,0.999927163,1.15E-05,2,2,1
0.858474195,0.140470505,0.001055344,1,1,1
1,4.41E-08,5.96E-10,1,1,1
1,3.77E-10,7.10E-12,1,1,1
1,4.54E-09,3.63E-11,1,1,1
1,3.08E-11,3.86E-13,1,1,1
1,5.29E-15,4.96E-16,1,1,1
0.999999881,7.45E-08,1.85E-09,1,1,1
0.999999881,1.35E-07,1.08E-08,1,1,1
0.999966621,3.11E-05,2.27E-06,1,1,1
0.999982476,1.68E-05,6.82E-07,1,1,1
0.999943376,5.41E-05,2.50E-06,1,1,1
0.99962616,0.000371691,2.20E-06,1,1,1
0.999936461,6.29E-05,5.94E-07,1,1,1
0.999979973,1.98E-05,2.04E-07,1,1,1
0.648470044,0.350821882,0.00070804,1,2,0
0.928031266,0.070357025,0.001611803,1,1,1
0.94308573,0.032912545,0.024001781,1,2,0
0.977766275,0.000146315,0.022087453,1,1,1
1.15E-06,8.61E-10,0.999998808,3,3,1
1.47E-09,4.29E-10,1,3,3,1
1.02E-07,1.41E-07,0.999999762,3,3,1
8.87E-08,0.000184473,0.999815404,3,3,1
3.20E-07,1.19E-07,0.999999523,3,3,1
5.11E-06,0.871946216,0.128048718,2,2,1
2.20E-09,0.99990344,9.65E-05,2,2,1
2.15E-10,1,2.35E-08,2,2,1
2.24E-10,1,3.63E-09,2,2,1
8.62E-13,1,2.98E-11,2,2,1
0.999998093,1.59E-06,3.48E-07,1,1,1
0.999999523,4.21E-07,5.11E-08,1,1,1
1,2.49E-08,5.29E-09,1,1,1
1,1.20E-08,2.98E-09,1,1,1
0.999994755,4.73E-06,4.32E-07,1,1,1
0.999998212,1.69E-06,1.36E-07,1,1,1
1,5.46E-10,7.87E-11,1,1,1
1,1.65E-15,8.48E-16,1,1,1
1,5.37E-12,6.92E-13,1,1,1
1,1.53E-10,1.25E-11,1,1,1
1,1.96E-11,2.27E-12,1,1,1
1,1.57E-10,1.69E-11,1,1,1
0.999999881,8.73E-08,8.72E-09,1,1,1
1,1.77E-12,1.29E-13,1,1,1
1,5.06E-19,1.31E-19,1,1,1
1,1.49E-15,2.17E-16,1,1,1
1,1.63E-11,6.06E-13,1,1,1
1,4.16E-17,7.00E-17,1,1,1
1,2.80E-12,1.66E-13,1,1,1
1,7.62E-12,3.37E-12,1,1,1
1,1.82E-13,3.86E-12,1,1,1
1,4.05E-15,6.54E-13,1,1,1
1,2.26E-20,6.33E-15,1,1,1
1,1.30E-23,1.85E-15,1,1,1
1,6.66E-20,2.57E-15,1,1,1
1,1.50E-19,1.15E-17,1,1,1
0.999965668,3.43E-05,3.86E-08,1,1,1
4.80E-18,1,3.31E-20,2,2,1
1.21E-06,0.999994755,4.03E-06,2,2,1
0.907603621,0.092019595,0.00037689,1,1,1
0.999982953,1.70E-05,1.57E-07,1,1,1
0.999992728,7.18E-06,1.29E-07,1,1,1
0.999937773,6.18E-05,5.07E-07,1,1,1
0.999999881,1.04E-07,1.00E-09,1,1,1
1,1.67E-09,1.50E-10,1,1,1
0.999999523,5.33E-07,4.21E-08,1,1,1
0.999939322,5.70E-05,3.68E-06,1,1,1
0.99863857,0.001303216,5.82E-05,1,1,1
0.997381389,0.002506602,0.000112044,1,1,1
0.999791563,0.000202378,6.09E-06,1,1,1
0.998982608,0.001010108,7.29E-06,1,1,1
0.994073689,0.005911592,1.47E-05,1,1,1
0.525243223,0.474079609,0.000677199,1,2,0
0.001183214,0.997717142,0.001099683,2,2,1
0.011987009,0.985903263,0.00210976,2,2,1
0.091290973,0.726798117,0.181910932,2,2,1
0.990311742,0.005736784,0.003951484,1,1,1
2.92E-05,2.36E-08,0.999970794,3,3,1
2.18E-06,5.34E-08,0.999997735,3,3,1
6.55E-08,1.38E-10,0.999999881,3,3,1
1.82E-10,5.72E-09,1,3,3,1
5.95E-09,2.64E-08,1,3,3,1
5.33E-07,2.64E-05,0.999973059,3,3,1
1.20E-07,0.998916149,0.001083754,2,2,1
2.62E-11,1,2.96E-09,2,2,1
6.39E-11,1,9.20E-10,2,2,1
1.35E-10,1,1.55E-09,2,2,1
1.11E-10,1,2.79E-09,2,2,1
0.999574721,0.000404662,2.06E-05,1,1,1
0.999994397,5.10E-06,4.45E-07,1,1,1
0.9998492,0.000142039,8.75E-06,1,1,1
0.999999642,3.02E-07,3.20E-08,1,1,1
0.999997377,2.37E-06,2.46E-07,1,1,1
1,1.34E-09,3.27E-10,1,1,1
1,6.43E-13,3.50E-13,1,1,1
1,9.30E-16,4.44E-16,1,1,1
1,2.10E-15,5.60E-16,1,1,1
1,7.34E-11,5.38E-12,1,1,1
1,1.57E-09,1.23E-10,1,1,1
1,4.22E-10,5.01E-11,1,1,1
1,4.06E-09,2.34E-10,1,1,1
1,1.09E-13,1.08E-14,1,1,1
1,6.28E-10,4.96E-11,1,1,1
1,2.72E-10,1.91E-11,1,1,1
1,4.75E-13,4.75E-14,1,1,1
1,9.81E-11,7.43E-12,1,1,1
1,3.34E-08,2.64E-09,1,1,1
1,6.24E-09,8.90E-10,1,1,1
1,4.62E-15,8.00E-14,1,1,1
1,5.74E-14,3.44E-12,1,1,1
1,1.25E-15,1.14E-11,1,1,1
1,6.48E-18,3.56E-11,1,1,1
1,4.78E-17,8.25E-14,1,1,1
1,3.83E-15,2.79E-14,1,1,1
1,5.79E-11,2.05E-11,1,1,1
0.00100522,0.998994768,6.76E-09,2,2,1
6.86E-06,0.999983549,9.56E-06,2,2,1
0.235549301,0.762587368,0.001863311,2,1,0
0.987247109,0.012577206,0.000175737,1,1,1
0.999991417,8.38E-06,2.69E-07,1,1,1
0.987353206,0.012632451,1.44E-05,1,2,0
3.80E-05,0.999949217,1.27E-05,2,2,1
2.63E-05,0.999917746,5.59E-05,2,2,1
6.68E-05,0.999911427,2.18E-05,2,2,1
0.993376553,0.006490214,0.00013326,1,1,1
0.99905616,0.000887946,5.58E-05,1,1,1
0.999753654,0.000235939,1.04E-05,1,1,1
0.999707043,0.000279279,1.37E-05,1,1,1
0.999752104,0.000235257,1.26E-05,1,1,1
0.326642931,0.671704113,0.001652965,2,2,1
0.136607036,0.8620978,0.001295189,2,2,1
0.006794973,0.992701292,0.000503754,2,2,1
0.021055406,0.978231728,0.000712816,2,2,1
0.181622252,0.809625208,0.008752508,2,2,1
0.99054116,0.008562267,0.000896618,1,1,1
0.012092407,0.001333704,0.986573875,3,3,1
6.40E-08,8.00E-10,0.999999881,3,3,1
1.41E-08,3.26E-12,1,3,3,1
3.91E-06,8.15E-05,0.999914646,3,3,1
2.36E-11,6.41E-13,1,3,3,1
3.09E-07,2.51E-08,0.999999642,3,3,1
3.34E-06,0.392106563,0.607890129,3,2,0
4.56E-10,1,1.04E-08,2,2,1
2.07E-11,1,8.32E-10,2,2,1
5.51E-10,1,7.08E-09,2,2,1
1.12E-13,1,3.83E-12,2,2,1
0.884867072,0.114949502,0.000183387,1,1,1
0.999928355,7.04E-05,1.19E-06,1,1,1
0.9998734,0.000123771,2.82E-06,1,1,1
0.999851704,0.000139968,8.34E-06,1,1,1
0.999961495,3.57E-05,2.80E-06,1,1,1
0.999999881,1.43E-07,1.71E-08,1,1,1
0.999998808,1.12E-06,1.17E-07,1,1,1
1,2.01E-12,5.42E-13,1,1,1
1,6.35E-17,6.03E-17,1,1,1
1,1.11E-18,8.07E-19,1,1,1
1,2.97E-15,4.82E-16,1,1,1
1,6.86E-10,5.01E-11,1,1,1
0.999996662,3.12E-06,1.82E-07,1,1,1
1,2.52E-10,2.01E-11,1,1,1
1,2.20E-15,2.67E-16,1,1,1
1,1.68E-15,1.64E-16,1,1,1
1,5.68E-10,6.23E-11,1,1,1
1,7.11E-12,7.45E-13,1,1,1
1,2.20E-15,2.24E-16,1,1,1
1,5.43E-12,1.48E-12,1,1,1
1,9.57E-14,4.32E-13,1,1,1
1,4.94E-10,1.31E-10,1,1,1
1,1.01E-13,3.39E-12,1,1,1
1,6.92E-17,7.76E-13,1,1,1
1,9.87E-17,1.02E-11,1,1,1
1,2.31E-20,3.88E-15,1,1,1
1,7.85E-16,6.69E-14,1,1,1
1,5.54E-10,2.80E-11,1,1,1
0.108006127,0.891992033,1.82E-06,2,1,0
3.96E-05,0.999926805,3.36E-05,2,2,1
0.929217875,0.070417292,0.000364873,1,1,1
0.999974132,2.51E-05,6.93E-07,1,1,1
0.999999166,8.77E-07,1.47E-08,1,1,1
0.999999642,3.32E-07,8.13E-09,1,1,1
0.00657704,0.993292928,0.000130006,2,2,1
3.06E-07,0.999998093,1.52E-06,2,2,1
0.000922151,0.99898082,9.71E-05,2,2,1
0.999567449,0.000412627,1.99E-05,1,1,1
0.999997139,2.67E-06,2.49E-07,1,1,1
0.946835995,0.052793372,0.000370661,1,1,1
0.166783556,0.832396269,0.000820196,2,1,0
0.002993454,0.995312691,0.001693836,2,2,1
0.000863475,0.99863714,0.000499419,2,2,1
0.131991968,0.866408885,0.001599104,2,2,1
0.612651706,0.386626244,0.000722095,1,2,0
0.872632802,0.047417726,0.079949461,1,2,0
0.242904618,0.753322601,0.003772767,2,2,1
3.30E-07,1.30E-07,0.999999523,3,3,1
9.36E-10,7.06E-14,1,3,3,1
1.63E-06,1.71E-06,0.999996662,3,3,1
2.92E-10,2.55E-12,1,3,3,1
1.89E-10,5.42E-13,1,3,3,1
4.73E-06,1.09E-05,0.999984384,3,3,1
5.05E-08,0.999998331,1.73E-06,2,2,1
3.09E-10,1,1.99E-08,2,2,1
5.21E-10,1,3.78E-09,2,2,1
1.22E-08,0.999999762,2.43E-07,2,2,1
0.998484671,0.001485592,2.97E-05,1,1,1
0.998859644,0.001110264,3.02E-05,1,1,1
0.999710381,0.000278543,1.11E-05,1,1,1
0.999997497,2.28E-06,2.11E-07,1,1,1
0.999999762,2.27E-07,4.31E-08,1,1,1
1,3.20E-09,5.57E-10,1,1,1
1,5.20E-12,2.23E-12,1,1,1
1,5.94E-11,1.81E-11,1,1,1
1,4.44E-13,9.27E-14,1,1,1
1,1.78E-17,6.23E-18,1,1,1
1,1.36E-15,3.09E-16,1,1,1
1,2.61E-09,1.89E-10,1,1,1
1,1.46E-09,1.69E-10,1,1,1
1,2.24E-16,4.51E-17,1,1,1
1,9.32E-20,1.70E-20,1,1,1
1,5.67E-15,7.22E-16,1,1,1
1,2.25E-17,4.40E-18,1,1,1
1,2.81E-12,1.90E-13,1,1,1
1,2.02E-11,2.82E-12,1,1,1
1,1.81E-11,9.29E-13,1,1,1
1,4.11E-10,2.28E-11,1,1,1
1,2.89E-12,1.78E-12,1,1,1
1,7.08E-13,4.06E-12,1,1,1
1,4.85E-14,6.83E-12,1,1,1
1,1.97E-15,4.02E-11,1,1,1
1,1.36E-17,5.93E-12,1,1,1
1,1.21E-18,3.20E-14,1,1,1
1,1.07E-17,1.95E-15,1,1,1
1,3.86E-11,8.77E-12,1,1,1
0.002021261,0.99785322,0.000125459,2,2,1
0.050811727,0.948764026,0.000424217,2,1,0
0.999753058,0.000245644,1.37E-06,1,1,1
0.999999523,5.26E-07,1.38E-08,1,1,1
0.999997854,2.06E-06,6.35E-08,1,1,1
0.99999392,6.00E-06,8.70E-08,1,1,1
0.999974728,2.48E-05,4.42E-07,1,1,1
0.612768352,0.386340648,0.000890983,1,1,1
0.970658779,0.029189328,0.000151946,1,1,1
0.992727518,0.007073503,0.000198959,1,1,1
0.818296492,0.181097209,0.000606234,1,1,1
0.023745421,0.976079285,0.000175278,2,1,0
0.00031686,0.999584734,9.84E-05,2,2,1
3.77E-05,0.999845028,0.000117235,2,2,1
0.010302052,0.982385814,0.007312177,2,2,1
0.000466409,0.998846173,0.000687358,2,2,1
0.07219401,0.855739772,0.072066233,2,2,1
0.979811966,0.017205479,0.002982519,1,1,1
7.50E-08,4.24E-09,0.999999881,3,3,1
1.47E-10,1.01E-15,1,3,3,1
5.43E-12,5.27E-16,1,3,3,1
3.15E-08,2.35E-11,1,3,3,1
0.007454962,6.53E-06,0.992538512,3,3,1
0.087785423,0.000109352,0.912105203,3,3,1
1.11E-07,0.999992132,7.74E-06,2,2,1
4.27E-08,0.999997735,2.32E-06,2,2,1
1.10E-08,0.999999523,4.24E-07,2,2,1
2.17E-07,0.999999166,5.90E-07,2,2,1
6.94E-09,1,1.68E-08,2,2,1
0.998749614,0.001199925,5.05E-05,1,1,1
0.978764176,0.021197107,3.88E-05,1,1,1
0.99958092,0.000417883,1.25E-06,1,1,1
0.999717295,0.000272536,1.01E-05,1,1,1
0.999904156,9.07E-05,5.17E-06,1,1,1
1,1.45E-10,3.47E-10,1,1,1
1,2.05E-13,1.09E-13,1,1,1
1,5.35E-08,4.37E-09,1,1,1
0.999999166,7.48E-07,6.87E-08,1,1,1
0.999998331,1.58E-06,1.28E-07,1,1,1
1,1.33E-15,6.15E-16,1,1,1
1,2.49E-18,8.48E-19,1,1,1
1,4.29E-15,3.43E-16,1,1,1
1,4.29E-12,4.29E-13,1,1,1
1,7.24E-09,6.43E-10,1,1,1
1,1.23E-14,5.55E-16,1,1,1
1,2.35E-29,2.23E-28,1,1,1
1,1.70E-20,3.22E-20,1,1,1
1,1.61E-11,1.22E-12,1,1,1
1,2.55E-12,4.77E-13,1,1,1
1,5.58E-10,4.33E-11,1,1,1
1,2.21E-13,2.97E-14,1,1,1
1,2.16E-12,1.37E-12,1,1,1
1,1.46E-13,3.76E-13,1,1,1
1,1.25E-13,9.84E-12,1,1,1
1,1.58E-13,2.97E-09,1,1,1
1,9.31E-20,3.13E-13,1,1,1
1,4.28E-26,1.92E-19,1,1,1
1,2.99E-20,2.45E-16,1,1,1
1,1.82E-13,5.09E-13,1,1,1
0.999845624,0.000152195,2.20E-06,1,1,1
0.000465417,0.999461949,7.26E-05,2,2,1
0.986018896,0.013839019,0.000142107,1,1,1
0.999999881,1.63E-07,4.58E-09,1,1,1
1,4.06E-09,3.05E-10,1,1,1
1,3.39E-08,4.66E-10,1,1,1
0.999999762,2.02E-07,1.42E-09,1,1,1
0.999981046,1.87E-05,2.29E-07,1,1,1
0.976053953,0.023777153,0.000168805,1,1,1
0.972991347,0.026866214,0.000142453,1,1,1
1.35E-06,0.999992847,5.86E-06,2,2,1
1.03E-06,0.99999404,4.94E-06,2,2,1
1.27E-08,0.999998689,1.27E-06,2,2,1
8.21E-10,0.999996066,3.95E-06,2,2,1
0.000176706,0.997997105,0.00182614,2,2,1
0.018462244,0.978337049,0.003200691,2,2,1
0.227612227,0.763967276,0.008420538,2,2,1
0.000438689,1.87E-05,0.999542594,3,3,1
2.95E-06,3.58E-09,0.99999702,3,3,1
5.14E-07,4.17E-10,0.999999523,3,3,1
1.44E-05,7.03E-09,0.999985576,3,3,1
0.000631448,4.68E-07,0.999368131,3,3,1
0.000183141,1.04E-06,0.999815881,3,3,1
0.005764579,3.07E-05,0.9942047,3,3,1
0.000943453,0.522973597,0.476082951,2,2,1
3.69E-06,0.999807537,0.000188749,2,2,1
3.06E-09,0.999999762,1.85E-07,2,2,1
1.22E-05,0.999712884,0.00027476,2,2,1
4.12E-08,0.999999642,2.99E-07,2,2,1
0.952449143,0.047508974,4.19E-05,1,1,1
0.968996644,0.030938402,6.49E-05,1,1,1
0.995074451,0.00486322,6.23E-05,1,1,1
0.999998927,1.03E-06,2.15E-08,1,1,1
0.999952197,4.16E-05,6.24E-06,1,1,1
1,1.20E-10,9.52E-11,1,1,1
1,1.82E-14,4.04E-14,1,1,1
1,2.27E-11,1.07E-11,1,1,1
1,5.83E-10,9.49E-11,1,1,1
1,2.20E-10,8.48E-11,1,1,1
1,4.65E-18,1.94E-18,1,1,1
1,1.39E-21,1.48E-21,1,1,1
1,1.01E-14,2.90E-15,1,1,1
1,1.48E-20,8.78E-21,1,1,1
1,2.10E-18,6.18E-19,1,1,1
1,5.28E-25,9.87E-25,1,1,1
1,4.24E-17,6.47E-18,1,1,1
1,5.20E-13,7.25E-14,1,1,1
1,4.28E-12,5.05E-13,1,1,1
1,9.26E-13,1.06E-13,1,1,1
0.999999881,7.89E-08,8.42E-09,1,1,1
0.999999762,2.73E-07,2.39E-08,1,1,1
1,6.22E-12,3.54E-12,1,1,1
1,7.94E-12,1.06E-11,1,1,1
1,1.52E-25,3.50E-21,1,1,1
1,1.88E-21,2.13E-15,1,1,1
1,1.95E-25,1.61E-17,1,1,1
1,6.20E-26,9.92E-18,1,1,1
1,1.80E-19,1.51E-14,1,1,1
1,7.56E-17,6.03E-14,1,1,1
1,6.63E-10,3.41E-10,1,1,1
0.001491176,0.998304129,0.000204693,2,2,1
0.999971867,2.71E-05,9.82E-07,1,1,1
1,7.15E-09,2.38E-10,1,1,1
1,9.99E-09,4.68E-10,1,1,1
1,6.30E-10,3.18E-11,1,1,1
1,3.08E-09,1.66E-10,1,1,1
0.999995351,4.69E-06,4.02E-08,1,1,1
0.998271942,0.00170282,2.53E-05,1,1,1
0.299191833,0.699981689,0.000826449,2,1,0
0.985353291,0.014526035,0.000120751,1,1,1
1.89E-07,0.999995947,3.82E-06,2,2,1
0.004465731,0.995439708,9.46E-05,2,2,1
1.40E-07,0.999996066,3.79E-06,2,2,1
1.05E-05,0.99994278,4.68E-05,2,2,1
0.000155226,0.998349786,0.001495047,2,2,1
0.002958989,0.98005563,0.016985403,2,2,1
0.608931124,0.332422763,0.05864609,1,1,1
4.18E-09,2.99E-10,1,3,3,1
2.47E-08,9.51E-11,1,3,3,1
6.22E-05,5.16E-08,0.999937773,3,3,1
0.000120583,6.17E-07,0.999878764,3,3,1
1.34E-05,1.18E-08,0.999986529,3,3,1
2.12E-06,2.66E-09,0.999997854,3,3,1
1.58E-06,1.01E-07,0.999998331,3,3,1
4.27E-08,0.999999404,5.52E-07,2,2,1
1.39E-07,0.999993682,6.14E-06,2,2,1
7.90E-07,0.99997735,2.18E-05,2,2,1
7.20E-06,0.999962926,3.00E-05,2,2,1
4.30E-07,0.999999404,1.09E-07,2,2,1
0.965295613,0.034498662,0.000205713,1,1,1
0.990775645,0.00920859,1.58E-05,1,1,1
0.999665618,0.000331094,3.38E-06,1,1,1
0.999462426,0.000536845,7.65E-07,1,1,1
1,4.05E-08,5.20E-09,1,1,1
0.999998212,1.48E-06,3.10E-07,1,1,1
1,1.59E-08,7.53E-09,1,1,1
1,2.64E-08,3.97E-09,1,1,1
1,9.65E-09,1.29E-09,1,1,1
1,2.26E-13,7.10E-14,1,1,1
1,5.40E-10,1.02E-10,1,1,1
1,3.16E-21,9.43E-21,1,1,1
1,7.57E-16,1.79E-16,1,1,1
1,4.85E-15,4.59E-16,1,1,1
1,6.66E-16,5.31E-17,1,1,1
1,4.51E-22,3.76E-22,1,1,1
1,3.06E-18,5.61E-19,1,1,1
1,8.45E-14,1.00E-14,1,1,1
1,7.91E-10,9.45E-11,1,1,1
1,1.77E-09,1.39E-10,1,1,1
1,1.37E-10,1.94E-11,1,1,1
1,1.61E-10,1.44E-11,1,1,1
1,7.55E-15,8.61E-15,1,1,1
1,2.98E-25,1.38E-22,1,1,1
1,9.60E-26,4.57E-21,1,1,1
1,3.86E-17,5.61E-13,1,1,1
1,4.50E-24,1.01E-14,1,1,1
1,4.28E-22,4.33E-14,1,1,1
1,3.68E-28,1.41E-19,1,1,1
1,2.00E-25,1.77E-17,1,1,1
1,3.66E-24,2.38E-18,1,1,1
1,1.17E-14,2.03E-13,1,1,1
0.803805768,0.196168408,2.57E-05,1,1,1
0.000309743,0.999611795,7.86E-05,2,2,1
0.998359621,0.001616256,2.41E-05,1,1,1
0.999981284,1.85E-05,2.72E-07,1,1,1
1,8.38E-10,3.55E-11,1,1,1
1,1.89E-09,8.10E-11,1,1,1
1,2.30E-10,8.59E-12,1,1,1
1,1.82E-09,4.42E-11,1,1,1
1,2.56E-10,5.41E-12,1,1,1
0.999999642,3.23E-07,6.87E-09,1,1,1
0.999649525,0.00034512,5.35E-06,1,1,1
0.222637326,0.776682734,0.000679863,2,1,0
0.957910717,0.041872449,0.00021683,1,1,1
4.83E-08,0.999999046,9.22E-07,2,2,1
6.13E-08,0.999996424,3.48E-06,2,2,1
2.97E-07,0.999986291,1.34E-05,2,2,1
3.53E-07,0.999981642,1.80E-05,2,2,1
4.42E-05,0.999056518,0.000899265,2,2,1
0.003369652,0.928831518,0.067798838,2,2,1
2.32E-08,1.31E-06,0.999998689,3,3,1
1.89E-06,2.37E-08,0.999998093,3,3,1
0.001011298,3.03E-05,0.998958349,3,3,1
3.59E-05,1.27E-07,0.999963999,3,3,1
0.949834287,0.003207783,0.04695785,1,1,1
5.47E-06,8.00E-07,0.999993682,3,3,1
0.000232494,4.28E-05,0.999724686,3,3,1
1.89E-09,1,3.31E-08,2,2,1
3.90E-08,0.999998569,1.48E-06,2,2,1
1.04E-05,0.997687936,0.002301715,2,2,1
0.001103912,0.989134252,0.00976186,2,2,1
0.253138036,0.622946978,0.123914972,2,2,1
0.968178928,0.031737581,8.35E-05,1,1,1
0.974459946,0.02552598,1.41E-05,1,1,1
0.995441556,0.004550558,7.89E-06,1,1,1
0.998357117,0.001641787,1.11E-06,1,1,1
1,1.50E-08,2.84E-09,1,1,1
1,3.08E-08,1.09E-08,1,1,1
1,1.14E-10,5.17E-11,1,1,1
1,1.13E-11,2.99E-12,1,1,1
1,1.07E-17,9.27E-18,1,1,1
1,5.83E-14,4.40E-14,1,1,1
1,2.93E-15,1.45E-15,1,1,1
1,6.42E-09,7.84E-10,1,1,1
1,3.97E-09,4.85E-10,1,1,1
1,9.27E-11,1.23E-11,1,1,1
1,5.92E-17,1.05E-17,1,1,1
1,5.79E-13,7.86E-14,1,1,1
1,5.87E-16,1.13E-16,1,1,1
1,3.39E-20,3.39E-20,1,1,1
1,5.41E-18,6.54E-18,1,1,1
1,4.53E-16,1.15E-16,1,1,1
1,1.06E-17,2.20E-17,1,1,1
1,3.21E-16,7.04E-16,1,1,1
1,3.68E-21,5.23E-19,1,1,1
1,1.44E-30,4.80E-26,1,1,1
1,5.60E-25,8.91E-18,1,1,1
1,4.11E-27,4.93E-18,1,1,1
1,5.60E-24,2.78E-15,1,1,1
1,4.64E-29,5.35E-20,1,1,1
1,2.81E-27,1.13E-21,1,1,1
1,3.33E-26,3.96E-20,1,1,1
1,2.11E-22,9.42E-18,1,1,1
1,3.74E-21,1.96E-18,1,1,1
1,3.78E-12,4.00E-11,1,1,1
3.50E-06,0.999996543,7.11E-10,2,2,1
0.999964595,3.37E-05,1.62E-06,1,1,1
0.999961972,3.61E-05,1.97E-06,1,1,1
1,3.86E-09,6.71E-11,1,1,1
1,1.27E-08,4.51E-10,1,1,1
1,1.10E-08,5.50E-10,1,1,1
0.999999881,8.28E-08,1.19E-09,1,1,1
0.999999642,3.87E-07,1.58E-08,1,1,1
0.999999762,2.13E-07,3.73E-09,1,1,1
0.999827623,0.000171699,5.70E-07,1,1,1
0.99997735,2.20E-05,5.73E-07,1,1,1
0.001003867,0.998974085,2.21E-05,2,2,1
0.00013248,0.999851227,1.64E-05,2,2,1
0.000422547,0.999572575,4.93E-06,2,2,1
8.21E-08,0.99999845,1.46E-06,2,2,1
5.59E-07,0.999997497,1.88E-06,2,2,1
8.92E-10,0.999998212,1.76E-06,2,2,1
5.42E-05,0.724318027,0.275627762,2,2,1
1.49E-07,6.00E-07,0.999999285,3,3,1
0.000285979,0.001448526,0.998265564,3,3,1
0.000182536,0.000823418,0.998994052,3,3,1
5.88E-05,2.08E-07,0.999940991,3,3,1
0.001440366,3.71E-06,0.998555958,3,3,1
1.00E-05,4.40E-06,0.999985576,3,3,1
8.19E-06,0.002099212,0.997892678,3,3,1
2.10E-08,0.999998331,1.62E-06,2,2,1
3.13E-07,0.999988794,1.08E-05,2,2,1
3.85E-06,0.999926448,6.97E-05,2,2,1
0.002321372,0.990743697,0.006934959,2,2,1
0.085710049,0.908548295,0.005741673,2,2,1
0.98622942,0.013692844,7.77E-05,1,1,1
0.999809325,0.000188966,1.79E-06,1,1,1
0.999843478,0.000155468,1.02E-06,1,1,1
1,4.03E-08,5.10E-10,1,1,1
0.999999881,1.03E-07,5.00E-09,1,1,1
1,8.24E-10,9.62E-11,1,1,1
0.999999881,1.27E-07,9.86E-09,1,1,1
1,7.72E-11,8.99E-12,1,1,1
1,3.51E-11,9.71E-12,1,1,1
1,7.69E-09,7.27E-10,1,1,1
0.999999881,9.62E-08,1.27E-08,1,1,1
1,2.50E-08,2.17E-09,1,1,1
1,4.54E-12,6.20E-13,1,1,1
1,3.22E-13,5.41E-14,1,1,1
1,4.05E-16,4.62E-17,1,1,1
1,1.32E-23,4.66E-23,1,1,1
1,1.49E-20,1.22E-20,1,1,1
1,7.66E-21,3.24E-20,1,1,1
1,4.12E-23,1.14E-19,1,1,1
1,3.45E-15,2.74E-15,1,1,1
1,1.43E-22,1.90E-19,1,1,1
1,1.32E-27,7.78E-24,1,1,1
1,8.42E-27,1.42E-22,1,1,1
1,3.48E-30,2.85E-22,1,1,1
1,3.33E-27,1.64E-19,1,1,1
1,2.30E-27,2.81E-19,1,1,1
1,1.02E-36,2.39E-27,1,1,1
1,9.11E-33,5.76E-25,1,1,1
1,1.28E-27,2.42E-19,1,1,1
1,4.09E-21,2.35E-17,1,1,1
1,1.77E-22,3.03E-19,1,1,1
1,3.41E-18,6.22E-15,1,1,1
1,6.69E-13,2.32E-12,1,1,1
1,1.08E-11,1.04E-11,1,1,1
0.999142051,0.000857807,1.56E-07,1,1,1
0.01775022,0.982092857,0.00015691,2,2,1
0.999120891,0.000866373,1.27E-05,1,1,1
0.999989033,1.08E-05,9.92E-08,1,1,1
0.999940634,5.89E-05,4.33E-07,1,1,1
0.999999642,3.29E-07,3.34E-09,1,1,1
0.999998927,1.04E-06,1.05E-08,1,1,1
1,1.80E-08,5.01E-10,1,1,1
1,3.66E-08,2.16E-09,1,1,1
0.999999762,2.26E-07,7.89E-09,1,1,1
0.999982595,1.72E-05,1.03E-07,1,1,1
0.843345881,0.156231374,0.000422796,1,1,1
4.99E-07,0.999999285,2.52E-07,2,2,1
4.94E-07,0.999999404,8.54E-08,2,2,1
5.95E-06,0.999993801,2.94E-07,2,2,1
4.72E-09,0.999998569,1.38E-06,2,2,1
6.08E-10,0.999997854,2.09E-06,2,2,1
1.24E-09,0.999997616,2.37E-06,2,2,1
2.09E-07,0.023016801,0.976982951,3,2,0
6.39E-05,0.144972384,0.85496372,3,2,0
2.44E-06,0.000605804,0.999391794,3,3,1
0.000211574,4.27E-05,0.999745667,3,3,1
2.21E-05,1.46E-07,0.999977708,3,3,1
1.16E-05,0.000467556,0.999520779,3,3,1
0.0007856,0.556812286,0.442402154,2,3,0
1.18E-06,0.997176647,0.002822116,2,2,1
1.14E-08,0.999861002,0.000138992,2,2,1
3.35E-08,0.999989271,1.07E-05,2,2,1
0.001644719,0.989229739,0.009125561,2,2,1
0.999771297,0.00021876,9.87E-06,1,1,1
0.999983072,1.55E-05,1.47E-06,1,1,1
0.999985099,1.39E-05,1.04E-06,1,1,1
0.999999881,1.66E-07,1.77E-08,1,1,1
0.999982357,1.64E-05,1.26E-06,1,1,1
0.999999881,1.36E-07,9.97E-09,1,1,1
1,1.03E-08,1.22E-09,1,1,1
1,1.56E-10,2.17E-11,1,1,1
1,1.17E-16,9.40E-17,1,1,1
1,1.73E-10,2.63E-11,1,1,1
0.999999762,2.60E-07,3.09E-08,1,1,1
1,4.89E-09,8.02E-10,1,1,1
1,6.36E-10,7.34E-11,1,1,1
1,5.96E-13,1.59E-13,1,1,1
1,4.14E-35,9.12E-33,1,1,1
1,1.43E-28,2.03E-26,1,1,1
1,1.80E-26,1.43E-24,1,1,1
1,2.94E-17,4.37E-17,1,1,1
1,1.43E-27,1.39E-23,1,1,1
1,7.66E-22,1.33E-18,1,1,1
1,2.47E-26,2.46E-22,1,1,1
1,1.68E-32,3.06E-26,1,1,1
1,1.21E-25,8.52E-20,1,1,1
1,1.60E-23,1.01E-17,1,1,1
1,5.93E-24,1.16E-17,1,1,1
1,4.89E-32,4.47E-24,1,1,1
1,5.14E-33,6.12E-24,1,1,1
1,4.11E-27,3.53E-19,1,1,1
1,5.64E-27,3.40E-19,1,1,1
1,4.25E-18,2.91E-13,1,1,1
1,5.79E-21,1.12E-15,1,1,1
1,2.31E-21,1.73E-16,1,1,1
1,4.13E-16,7.38E-15,1,1,1
1,9.23E-16,1.06E-15,1,1,1
1,2.72E-08,2.65E-10,1,1,1
0.908776999,0.091221467,1.47E-06,1,1,1
0.0056833,0.994229794,8.69E-05,2,2,1
0.998675644,0.001314287,1.00E-05,1,1,1
0.999855638,0.000138053,6.36E-06,1,1,1
0.999999523,4.27E-07,6.21E-09,1,1,1
0.999988794,1.11E-05,1.14E-07,1,1,1
1,5.16E-11,3.93E-12,1,1,1
1,1.60E-10,1.19E-11,1,1,1
1,1.09E-08,4.94E-10,1,1,1
1,6.06E-09,6.18E-10,1,1,1
0.99999547,4.46E-06,7.95E-08,1,1,1
0.925339818,0.074617215,4.29E-05,1,1,1
7.23E-05,0.999923706,3.90E-06,2,2,1
9.96E-09,1,9.05E-09,2,2,1
1.21E-08,1,1.08E-08,2,2,1
3.56E-09,0.999981284,1.87E-05,2,2,1
4.17E-08,0.999981046,1.89E-05,2,2,1
1.12E-07,0.998479307,0.001520555,2,2,1
3.84E-05,0.825539887,0.174421757,2,2,1
1.18E-06,0.000484658,0.999514222,3,3,1
2.78E-07,1.27E-06,0.99999845,3,3,1
1.18E-07,2.95E-10,0.999999881,3,3,1
2.56E-07,3.08E-07,0.999999404,3,3,1
1.96E-06,0.99924624,0.000751859,2,2,1
0.000104138,0.995811939,0.004083959,2,2,1
6.49E-09,0.999998689,1.33E-06,2,2,1
2.48E-05,0.999344647,0.000630558,2,2,1
2.74E-05,0.999745071,0.000227512,2,2,1
0.999981761,1.61E-05,2.15E-06,1,1,1
0.999996066,3.45E-06,5.01E-07,1,1,1
0.99997735,2.11E-05,1.54E-06,1,1,1
0.999998569,1.15E-06,2.00E-07,1,1,1
0.99999845,1.45E-06,1.27E-07,1,1,1
1,4.08E-09,4.31E-10,1,1,1
1,2.41E-09,4.12E-10,1,1,1
1,1.53E-14,9.58E-15,1,1,1
1,3.67E-18,3.28E-18,1,1,1
0.999999881,8.36E-08,8.18E-09,1,1,1
0.999999881,1.12E-07,1.29E-08,1,1,1
1,6.58E-11,1.32E-11,1,1,1
1,5.10E-11,8.53E-12,1,1,1
1,4.57E-24,2.52E-23,1,1,1
1,1.06E-28,1.81E-26,1,1,1
1,6.88E-27,1.52E-24,1,1,1
1,1.92E-38,2.19E-33,1,1,1
1,7.45E-21,3.36E-18,1,1,1
1,9.36E-28,5.01E-25,1,1,1
1,9.30E-34,7.88E-27,1,1,1
1,9.69E-33,5.56E-26,1,1,1
1,1.08E-24,1.80E-20,1,1,1
1,2.33E-24,3.74E-19,1,1,1
1,5.10E-26,1.81E-20,1,1,1
1,2.39E-23,6.19E-17,1,1,1
1,2.41E-29,4.22E-24,1,1,1
1,8.28E-30,7.30E-21,1,1,1
1,1.81E-18,8.89E-12,1,1,1
1,3.20E-19,4.00E-14,1,1,1
1,5.60E-22,5.13E-16,1,1,1
1,2.55E-25,3.21E-19,1,1,1
1,8.42E-32,5.04E-25,1,1,1
1,2.32E-19,4.10E-17,1,1,1
1,4.67E-15,1.91E-16,1,1,1
1,1.08E-11,2.91E-13,1,1,1
1,4.22E-13,8.00E-15,1,1,1
1,2.80E-09,1.91E-10,1,1,1
6.55E-07,0.999999404,1.19E-09,2,2,1
0.055204421,0.944550931,0.000244694,2,2,1
0.999997377,2.67E-06,5.06E-08,1,1,1
1,2.15E-08,6.15E-10,1,1,1
0.999986649,1.32E-05,9.94E-08,1,1,1
0.999999881,7.72E-08,1.51E-09,1,1,1
1,6.06E-09,1.54E-10,1,1,1
1,2.56E-10,1.30E-11,1,1,1
1,3.50E-11,6.77E-12,1,1,1
1,4.41E-11,1.02E-11,1,1,1
1,3.98E-11,5.25E-11,1,1,1
1,3.38E-08,1.49E-09,1,1,1
0.998836935,0.001156293,6.75E-06,1,1,1
5.11E-07,0.999999285,1.95E-07,2,2,1
3.47E-08,0.999992371,7.67E-06,2,2,1
7.06E-09,0.999998212,1.80E-06,2,2,1
5.76E-08,0.999469578,0.000530449,2,2,1
8.11E-08,2.12E-06,0.999997854,3,3,1
5.43E-05,0.000553832,0.999391913,3,3,1
4.58E-08,7.37E-08,0.999999881,3,3,1
0.004223927,0.856656015,0.139120072,2,2,1
7.99E-07,0.999970675,2.85E-05,2,2,1
1.59E-05,0.99952805,0.00045612,2,2,1
2.73E-07,0.999980569,1.92E-05,2,2,1
2.20E-07,0.999995232,4.52E-06,2,2,1
4.08E-05,0.999804914,0.000154403,2,2,1
0.996786118,0.003071446,0.000142469,1,1,1
0.999932051,6.65E-05,1.38E-06,1,1,1
0.999991894,7.97E-06,1.19E-07,1,1,1
0.999999523,5.01E-07,5.39E-08,1,1,1
0.999999642,3.54E-07,3.41E-08,1,1,1
1,1.08E-09,2.74E-10,1,1,1
1,5.81E-10,1.79E-10,1,1,1
1,6.59E-09,7.98E-10,1,1,1
1,1.78E-14,8.32E-15,1,1,1
1,1.66E-14,8.40E-15,1,1,1
1,3.49E-12,1.25E-12,1,1,1
1,2.29E-22,2.06E-21,1,1,1
1,4.47E-23,1.05E-22,1,1,1
1,1.11E-16,1.86E-17,1,1,1
1,5.62E-21,5.93E-21,1,1,1
1,2.10E-27,5.02E-26,1,1,1
1,5.15E-35,6.56E-30,1,1,1
1,4.99E-23,4.16E-20,1,1,1
1,3.31E-34,6.61E-29,1,1,1
1,6.20E-26,1.56E-21,1,1,1
1,1.30E-27,9.47E-22,1,1,1
1,9.84E-23,1.43E-18,1,1,1
1,1.06E-19,3.07E-16,1,1,1
1,2.06E-19,6.92E-16,1,1,1
1,8.14E-25,1.24E-19,1,1,1
1,3.39E-15,1.38E-12,1,1,1
1,5.63E-19,1.64E-14,1,1,1
1,1.17E-20,1.06E-16,1,1,1
1,3.91E-19,4.13E-15,1,1,1
1,2.57E-23,5.28E-19,1,1,1
1,4.58E-22,4.36E-19,1,1,1
1,6.91E-20,4.28E-18,1,1,1
1,1.88E-16,1.20E-17,1,1,1
1,9.06E-17,5.89E-19,1,1,1
1,2.30E-19,7.50E-22,1,1,1
1,6.13E-18,1.08E-19,1,1,1
1,7.34E-10,2.20E-11,1,1,1
0.910889745,0.089030012,8.02E-05,1,1,1
1.51E-07,0.999999881,3.00E-09,2,2,1
0.00275617,0.997132421,0.000111356,2,2,1
0.064591929,0.935168982,0.000239121,2,2,1
0.998122633,0.001859029,1.83E-05,1,1,1
0.999959469,3.99E-05,5.47E-07,1,1,1
1,2.55E-10,1.47E-11,1,1,1
0.999999881,7.67E-08,1.82E-09,1,1,1
1,9.44E-09,2.48E-10,1,1,1
1,2.27E-09,1.86E-10,1,1,1
1,2.20E-10,1.16E-10,1,1,1
1,5.08E-10,8.95E-11,1,1,1
1,3.12E-10,1.04E-10,1,1,1
1,3.41E-09,2.73E-09,1,1,1
0.999999881,1.09E-07,1.34E-08,1,1,1
0.997943342,0.002045302,1.13E-05,1,1,1
4.49E-07,0.999999285,1.87E-07,2,2,1
1.32E-09,0.999999762,2.58E-07,2,2,1
1.28E-09,0.999999881,1.17E-07,2,2,1
3.71E-08,0.999999046,9.13E-07,2,2,1
1.29E-08,0.999992132,7.82E-06,2,2,1
4.61E-07,0.998735368,0.001264195,2,2,1
6.36E-07,0.962451398,0.03754792,2,2,1
2.20E-05,0.953468025,0.046509881,2,2,1
4.67E-06,0.999867201,0.000128096,2,2,1
0.000962593,0.990339696,0.008697635,2,2,1
1.41E-07,0.999994397,5.52E-06,2,2,1
4.74E-06,0.999895573,9.96E-05,2,2,1
0.031759124,0.963197887,0.005043036,2,2,1
0.001445141,0.998552859,1.99E-06,2,2,1
0.802692592,0.19721131,9.61E-05,1,1,1
0.99920553,0.000786968,7.46E-06,1,1,1
0.999774039,0.000215701,1.03E-05,1,1,1
0.999988198,1.11E-05,7.69E-07,1,1,1
0.999999285,6.51E-07,9.45E-08,1,1,1
0.999999642,2.08E-07,6.57E-08,1,1,1
1,3.66E-10,3.08E-10,1,1,1
1,4.73E-13,3.09E-13,1,1,1
1,1.27E-15,1.89E-15,1,1,1
1,5.80E-08,1.09E-08,1,1,1
1,7.02E-18,1.20E-17,1,1,1
1,1.84E-14,6.88E-15,1,1,1
1,3.09E-13,3.89E-14,1,1,1
1,6.08E-26,2.19E-24,1,1,1
1,2.47E-32,6.13E-30,1,1,1
1,1.19E-35,6.31E-30,1,1,1
1,4.94E-36,7.06E-31,1,1,1
1,1.03E-25,3.77E-20,1,1,1
1,2.62E-20,7.28E-18,1,1,1
1,1.37E-17,5.64E-15,1,1,1
1,2.21E-22,4.54E-18,1,1,1
1,8.58E-22,9.04E-19,1,1,1
1,2.93E-20,3.34E-18,1,1,1
1,4.85E-21,1.90E-17,1,1,1
1,3.31E-20,7.40E-16,1,1,1
1,3.03E-16,1.47E-13,1,1,1
1,1.54E-20,5.98E-17,1,1,1
1,3.79E-17,2.99E-15,1,1,1
1,7.06E-17,1.53E-16,1,1,1
1,3.60E-16,6.40E-17,1,1,1
1,3.84E-17,9.75E-19,1,1,1
1,5.83E-20,2.73E-22,1,1,1
1,1.32E-24,1.15E-26,1,1,1
1,1.26E-20,1.00E-22,1,1,1
1,1.18E-20,7.94E-23,1,1,1
1,4.06E-13,8.10E-15,1,1,1
0.999998808,1.16E-06,1.25E-08,1,1,1
0.99999845,1.49E-06,4.54E-08,1,1,1
0.990872204,0.009104029,2.38E-05,1,1,1
0.098788217,0.901150405,6.14E-05,2,2,1
0.762808204,0.237064824,0.000126964,1,1,1
0.999994874,5.17E-06,3.59E-08,1,1,1
0.999993682,6.05E-06,2.36E-07,1,1,1
0.999996305,3.61E-06,1.28E-07,1,1,1
0.999999523,4.76E-07,7.17E-09,1,1,1
0.999967456,3.22E-05,4.06E-07,1,1,1
1,9.61E-10,1.78E-11,1,1,1
1,5.75E-08,1.54E-09,1,1,1
1,2.50E-09,2.49E-10,1,1,1
1,3.70E-08,3.31E-09,1,1,1
0.999999762,1.95E-07,2.50E-08,1,1,1
0.999999523,5.24E-07,3.61E-08,1,1,1
0.999999523,5.13E-07,3.75E-08,1,1,1
0.99998796,1.17E-05,4.04E-07,1,1,1
0.995457768,0.004517523,2.47E-05,1,1,1
1.97E-05,0.999978542,1.74E-06,2,2,1
6.15E-10,0.999999881,1.26E-07,2,2,1
3.28E-09,0.999998569,1.49E-06,2,2,1
1.47E-08,0.999991655,8.32E-06,2,2,1
3.51E-09,0.999995232,4.71E-06,2,2,1
1.85E-09,0.999977112,2.29E-05,2,2,1
1.14E-08,0.999986768,1.32E-05,2,2,1
1.19E-06,0.999908566,9.02E-05,2,2,1
4.99E-07,0.999995947,3.62E-06,2,2,1
1.63E-06,0.999984264,1.41E-05,2,2,1
5.80E-07,0.999988675,1.07E-05,2,2,1
0.999985576,1.31E-05,1.31E-06,1,1,1
0.999997973,1.69E-06,4.10E-07,1,1,1
1,5.55E-08,1.32E-08,1,1,1
1,1.25E-11,7.59E-12,1,1,1
1,4.71E-15,1.19E-14,1,1,1
1,5.55E-13,6.35E-13,1,1,1
1,1.34E-16,1.80E-16,1,1,1
1,2.14E-19,7.32E-19,1,1,1
1,1.49E-21,4.28E-21,1,1,1
1,3.15E-16,1.34E-16,1,1,1
1,3.52E-24,3.89E-23,1,1,1
1,9.73E-19,9.03E-18,1,1,1
1,6.10E-21,9.81E-19,1,1,1
1,1.10E-15,8.34E-14,1,1,1
1,2.29E-13,2.70E-13,1,1,1
1,6.29E-21,2.31E-18,1,1,1
1,5.18E-25,7.16E-21,1,1,1
1,1.28E-26,7.55E-22,1,1,1
1,6.79E-21,3.97E-18,1,1,1
1,1.12E-20,7.45E-16,1,1,1
1,3.34E-20,5.19E-16,1,1,1
1,3.94E-16,7.22E-14,1,1,1
1,1.14E-15,5.28E-15,1,1,1
1,1.10E-13,1.46E-14,1,1,1
1,3.47E-16,4.78E-18,1,1,1
1,1.31E-20,3.36E-23,1,1,1
1,8.64E-20,7.12E-22,1,1,1
1,1.34E-23,2.02E-25,1,1,1
1,8.22E-17,6.54E-19,1,1,1
1,6.99E-19,1.07E-20,1,1,1
1,4.95E-24,7.25E-26,1,1,1
1,4.58E-19,8.07E-21,1,1,1
1,7.81E-18,2.04E-19,1,1,1
1,1.41E-12,2.34E-14,1,1,1
1,1.63E-15,7.36E-17,1,1,1
0.999553502,0.000442716,3.87E-06,1,1,1
0.010818018,0.989089787,9.23E-05,2,2,1
0.999620795,0.000377761,1.39E-06,1,1,1
0.999994874,5.05E-06,8.86E-08,1,1,1
0.999582231,0.000413208,4.49E-06,1,1,1
0.999971628,2.82E-05,2.80E-07,1,1,1
0.999999642,4.05E-07,5.83E-09,1,1,1
0.999999762,1.86E-07,8.95E-09,1,1,1
1,2.62E-08,1.02E-09,1,1,1
1,3.47E-10,2.14E-11,1,1,1
1,3.06E-08,6.03E-10,1,1,1
1,5.49E-09,1.34E-10,1,1,1
0.999996305,3.54E-06,9.41E-08,1,1,1
0.999999523,5.32E-07,2.04E-08,1,1,1
0.999999762,2.19E-07,1.20E-08,1,1,1
0.999999166,7.48E-07,8.17E-08,1,1,1
0.999999166,7.94E-07,5.53E-08,1,1,1
0.999994755,4.89E-06,3.41E-07,1,1,1
0.99993825,5.95E-05,2.26E-06,1,1,1
0.996690035,0.003258629,5.13E-05,1,1,1
2.53E-09,0.999997497,2.54E-06,2,2,1
1.18E-08,0.999999642,3.81E-07,2,2,1
6.01E-09,1,2.86E-08,2,2,1
2.53E-10,0.999999881,8.53E-08,2,2,1
7.26E-08,0.999993443,6.41E-06,2,2,1
1.19E-07,0.999996066,3.77E-06,2,2,1
3.99E-06,0.999989033,7.02E-06,2,2,1
9.02E-06,0.999979496,1.14E-05,2,2,1
0.000336209,0.999482632,0.00018109,2,2,1
0.999997377,2.34E-06,2.89E-07,1,1,1
1,2.26E-09,9.67E-10,1,1,1
1,6.90E-14,2.12E-13,1,1,1
1,2.44E-10,5.88E-11,1,1,1
1,5.45E-16,3.79E-16,1,1,1
1,9.60E-20,1.14E-19,1,1,1
1,4.51E-17,2.30E-17,1,1,1
1,2.70E-22,1.12E-20,1,1,1
1,5.95E-21,5.26E-20,1,1,1
1,5.10E-20,1.14E-18,1,1,1
1,2.63E-22,1.80E-20,1,1,1
1,3.75E-26,1.38E-23,1,1,1
1,2.97E-23,5.10E-21,1,1,1
1,9.07E-29,4.50E-25,1,1,1
1,5.09E-32,4.28E-28,1,1,1
1,7.01E-30,1.23E-25,1,1,1
1,1.76E-17,1.70E-15,1,1,1
1,4.20E-16,1.89E-16,1,1,1
1,2.17E-21,2.72E-19,1,1,1
1,1.31E-21,4.76E-21,1,1,1
1,2.47E-21,2.99E-22,1,1,1
1,5.74E-23,1.02E-24,1,1,1
1,1.74E-18,9.02E-21,1,1,1
1,4.18E-21,1.95E-23,1,1,1
1,1.19E-21,2.01E-23,1,1,1
1,2.80E-25,2.88E-27,1,1,1
1,4.73E-36,1.52E-37,1,1,1
1,2.10E-25,6.32E-27,1,1,1
1,3.29E-20,3.22E-21,1,1,1
1,9.75E-21,1.29E-21,1,1,1
1,6.82E-21,6.13E-22,1,1,1
1,1.03E-12,3.70E-14,1,1,1
0.999999881,7.28E-08,2.11E-09,1,1,1
1,2.30E-08,8.76E-10,1,1,1
0.093219571,0.906576753,0.000203732,2,2,1
0.999995351,4.48E-06,6.75E-08,1,1,1
0.999659657,0.000338678,1.67E-06,1,1,1
0.998307586,0.001684022,8.33E-06,1,1,1
0.999999046,9.52E-07,2.93E-08,1,1,1
0.999999285,6.72E-07,1.38E-08,1,1,1
0.999995708,4.26E-06,4.91E-08,1,1,1
0.999999762,1.87E-07,7.22E-09,1,1,1
0.999998927,1.13E-06,3.72E-08,1,1,1
0.999999285,6.97E-07,3.50E-08,1,1,1
1,4.32E-10,2.84E-11,1,1,1
1,2.58E-09,1.34E-10,1,1,1
1,3.60E-10,3.06E-11,1,1,1
1,1.06E-08,1.31E-09,1,1,1
1,2.33E-08,1.47E-09,1,1,1
0.999961257,3.66E-05,2.18E-06,1,1,1
0.999997377,2.55E-06,1.16E-07,1,1,1
0.999998212,1.70E-06,1.24E-07,1,1,1
0.999988317,1.05E-05,1.14E-06,1,1,1
0.999999642,3.92E-07,1.93E-08,1,1,1
0.999997973,1.90E-06,9.12E-08,1,1,1
0.999482989,0.000507508,9.58E-06,1,1,1
4.07E-09,0.999988198,1.18E-05,2,2,1
5.32E-10,1,1.09E-08,2,2,1
2.06E-10,1,1.60E-09,2,2,1
1.20E-08,0.999999881,1.01E-07,2,2,1
7.61E-08,0.999994397,5.52E-06,2,2,1
1.41E-06,0.999993801,4.77E-06,2,2,1
4.95E-05,0.999893188,5.73E-05,2,2,1
0.000539829,0.999356329,0.00010392,2,2,1
0.999999881,6.72E-08,1.51E-08,1,1,1
1,5.61E-10,1.82E-10,1,1,1
1,1.92E-13,1.06E-13,1,1,1
1,7.51E-15,4.16E-15,1,1,1
1,6.34E-17,1.95E-17,1,1,1
1,3.22E-20,1.20E-19,1,1,1
1,2.48E-20,2.45E-20,1,1,1
1,3.91E-19,1.28E-17,1,1,1
1,4.72E-19,5.05E-19,1,1,1
1,7.51E-30,3.36E-27,1,1,1
1,8.63E-36,2.11E-30,1,1,1
1,6.40E-27,6.82E-25,1,1,1
1,1.63E-21,6.55E-22,1,1,1
1,1.12E-25,9.04E-23,1,1,1
1,1.04E-22,4.75E-20,1,1,1
1,2.57E-23,8.22E-22,1,1,1
1,2.34E-23,1.71E-20,1,1,1
1,5.21E-24,2.03E-23,1,1,1
1,1.17E-20,2.00E-22,1,1,1
1,4.54E-26,4.57E-28,1,1,1
1,6.09E-19,5.01E-21,1,1,1
1,1.04E-26,3.03E-28,1,1,1
1,1.75E-28,1.06E-29,1,1,1
1,2.10E-21,2.70E-23,1,1,1
1,0,0,1,1,1
1,1.03E-34,3.73E-35,1,1,1
1,2.44E-33,1.19E-33,1,1,1
1,1.34E-29,7.98E-30,1,1,1
1,1.15E-24,1.54E-25,1,1,1
1,4.10E-16,2.04E-16,1,1,1
1,4.55E-12,6.45E-13,1,1,1
1,1.84E-10,7.33E-11,1,1,1
0.999985933,1.39E-05,1.06E-07,1,1,1
1,7.77E-09,6.07E-10,1,1,1
0.999610841,0.000388791,3.86E-07,1,1,1
0.999075174,0.000924832,9.84E-09,1,1,1
1,8.11E-10,4.33E-10,1,1,1
0.002868029,0.997131944,3.56E-08,2,2,1
2.26E-09,1,7.86E-11,2,2,1
0.003450031,0.996526778,2.32E-05,2,2,1
0.999972343,2.76E-05,9.76E-08,1,1,1
0.999959588,4.02E-05,2.34E-07,1,1,1
1,8.54E-09,1.27E-10,1,1,1
0.999861956,0.000137116,9.81E-07,1,1,1
0.999999881,9.37E-08,3.80E-09,1,1,1
1,3.82E-08,5.16E-10,1,1,1
0.999999762,2.13E-07,4.04E-09,1,1,1
0.999997377,2.58E-06,4.83E-08,1,1,1
0.999981403,1.83E-05,3.96E-07,1,1,1
0.999999523,5.16E-07,9.92E-09,1,1,1
1,5.90E-08,1.66E-09,1,1,1
1,1.23E-09,8.64E-11,1,1,1
1,1.13E-11,2.06E-12,1,1,1
0.999999881,1.06E-07,4.36E-09,1,1,1
0.999999881,6.38E-08,6.08E-09,1,1,1
1,5.79E-08,6.16E-09,1,1,1
0.999998689,1.22E-06,6.53E-08,1,1,1
0.999999285,5.39E-07,1.07E-07,1,1,1
0.999960661,3.84E-05,9.40E-07,1,1,1
0.999983311,1.59E-05,8.33E-07,1,1,1
0.999996543,3.20E-06,2.60E-07,1,1,1
0.999963164,3.57E-05,1.09E-06,1,1,1
0.899426639,0.10042306,0.00015036,1,1,1
7.03E-08,0.999991179,8.69E-06,2,2,1
9.61E-07,0.999998808,1.96E-07,2,2,1
7.34E-09,1,2.04E-08,2,2,1
1.01E-07,0.999999762,1.78E-07,2,2,1
1.99E-05,0.999978542,1.61E-06,2,2,1
0.000168075,0.999794185,3.78E-05,2,2,1
1,4.61E-10,1.39E-10,1,1,1
1,2.60E-16,3.24E-16,1,1,1
1,7.48E-14,2.17E-14,1,1,1
1,4.69E-16,1.95E-16,1,1,1
1,3.74E-29,6.61E-27,1,1,1
1,3.89E-29,3.79E-26,1,1,1
1,2.11E-15,2.06E-16,1,1,1
1,8.30E-18,1.92E-18,1,1,1
1,9.15E-27,9.76E-26,1,1,1
1,6.59E-34,4.50E-32,1,1,1
1,1.52E-30,1.76E-29,1,1,1
1,3.22E-28,3.39E-27,1,1,1
1,9.26E-33,2.51E-30,1,1,1
1,2.53E-22,1.33E-21,1,1,1
1,1.25E-25,1.70E-24,1,1,1
1,1.55E-32,4.39E-30,1,1,1
1,8.61E-21,7.38E-22,1,1,1
1,2.41E-20,3.17E-22,1,1,1
1,1.78E-29,9.99E-32,1,1,1
1,7.80E-27,8.76E-29,1,1,1
1,1.18E-30,5.76E-32,1,1,1
1,1.19E-22,3.28E-24,1,1,1
1,5.20E-21,2.74E-22,1,1,1
1,1.72E-27,2.15E-28,1,1,1
1,1.24E-37,2.93E-37,1,1,1
1,1.69E-30,2.03E-30,1,1,1
1,2.23E-22,2.12E-22,1,1,1
1,3.10E-33,2.32E-32,1,1,1
1,3.37E-28,7.30E-27,1,1,1
1,1.63E-24,2.03E-23,1,1,1
1,1.64E-23,4.09E-23,1,1,1
1,3.27E-16,9.36E-16,1,1,1
1,8.60E-17,5.62E-15,1,1,1
1,3.94E-13,3.29E-12,1,1,1
1,2.90E-21,3.68E-17,1,1,1
1,2.70E-15,2.27E-11,1,1,1
1,1.51E-14,3.76E-11,1,1,1
0.999989867,8.20E-06,1.87E-06,1,1,1
0.000196095,0.999803483,4.60E-07,2,2,1
8.31E-06,0.999991655,4.11E-08,2,2,1
0.028107287,0.971852064,4.07E-05,2,2,1
0.000765685,0.999233603,6.95E-07,2,2,1
6.24E-11,1,1.64E-11,2,2,1
1.32E-09,1,3.76E-10,2,2,1
3.38E-08,1,1.06E-09,2,2,1
1.27E-06,0.999998569,9.22E-08,2,2,1
4.31E-08,1,7.27E-09,2,2,1
5.19E-05,0.999947667,5.00E-07,2,2,1
0.033946298,0.966029406,2.43E-05,2,1,0
0.933600426,0.066375621,2.40E-05,1,1,1
0.999999762,2.79E-07,9.65E-10,1,1,1
0.999994397,5.55E-06,1.17E-08,1,1,1
0.999999285,7.71E-07,5.32E-09,1,1,1
0.999942064,5.77E-05,2.20E-07,1,1,1
0.999996305,3.70E-06,3.01E-08,1,1,1
0.999998927,1.02E-06,8.98E-09,1,1,1
1,5.41E-09,7.10E-11,1,1,1
0.999994993,4.96E-06,4.00E-08,1,1,1
0.999999642,3.56E-07,6.47E-09,1,1,1
1,2.37E-10,4.74E-12,1,1,1
0.999999881,1.14E-07,1.60E-09,1,1,1
0.999999881,5.99E-08,1.68E-09,1,1,1
1,5.01E-09,2.04E-10,1,1,1
1,2.82E-09,1.20E-10,1,1,1
0.999999762,2.12E-07,6.18E-09,1,1,1
1,4.86E-08,1.63E-09,1,1,1
1,1.54E-09,8.84E-11,1,1,1
1,1.33E-10,1.22E-11,1,1,1
1,1.63E-10,1.33E-11,1,1,1
1,2.51E-09,1.12E-10,1,1,1
1,1.75E-09,7.61E-10,1,1,1
0.999999404,5.71E-07,3.29E-08,1,1,1
1,4.98E-08,6.91E-09,1,1,1
1,2.36E-08,3.06E-09,1,1,1
0.999999881,1.78E-07,2.58E-08,1,1,1
0.999999046,8.65E-07,1.10E-07,1,1,1
0.999996662,3.07E-06,2.68E-07,1,1,1
0.99889046,0.001100025,9.53E-06,1,1,1
1.06E-06,0.999998331,6.30E-07,2,2,1
2.75E-06,0.999992371,4.94E-06,2,2,1
5.05E-06,0.999993324,1.61E-06,2,2,1
7.83E-07,0.999999046,1.26E-07,2,2,1
3.42E-07,0.999999642,2.52E-08,2,2,1
1,7.31E-16,5.46E-14,1,1,1
1,6.19E-16,1.78E-15,1,1,1
1,3.17E-25,7.60E-23,1,1,1
1,1.26E-37,2.66E-33,1,1,1
1,2.79E-26,6.61E-25,1,1,1
1,1.02E-16,1.93E-17,1,1,1
1,9.06E-28,1.45E-26,1,1,1
1,4.93E-31,4.27E-29,1,1,1
1,8.26E-30,1.36E-28,1,1,1
1,3.20E-21,1.77E-22,1,1,1
1,4.63E-25,3.58E-25,1,1,1
1,5.48E-33,9.04E-32,1,1,1
1,1.30E-23,3.58E-24,1,1,1
1,2.01E-23,2.03E-23,1,1,1
1,1.68E-22,6.16E-24,1,1,1
1,5.31E-22,1.82E-23,1,1,1
1,1.44E-25,3.18E-27,1,1,1
1,1.22E-25,2.09E-27,1,1,1
1,2.16E-20,6.71E-22,1,1,1
1,3.09E-22,2.76E-23,1,1,1
1,2.91E-27,1.58E-28,1,1,1
1,3.18E-26,1.36E-26,1,1,1
1,1.34E-28,2.76E-28,1,1,1
1,3.04E-37,5.12E-36,1,1,1
1,6.86E-32,4.16E-31,1,1,1
1,7.42E-26,2.69E-25,1,1,1
1,5.04E-28,1.74E-27,1,1,1
1,7.51E-33,9.97E-31,1,1,1
1,2.02E-29,7.39E-28,1,1,1
1,5.32E-23,2.40E-22,1,1,1
1,2.11E-25,5.65E-23,1,1,1
1,2.70E-22,7.74E-21,1,1,1
1,9.46E-29,2.30E-25,1,1,1
1,2.93E-33,2.29E-28,1,1,1
1,6.46E-30,8.64E-25,1,1,1
1,1.16E-15,3.68E-13,1,1,1
1,4.43E-10,9.08E-09,1,1,1
1,2.39E-13,2.10E-10,1,1,1
1,2.94E-13,2.17E-10,1,1,1
1,3.94E-12,3.41E-10,1,1,1
1,5.75E-09,2.40E-08,1,1,1
0.99984169,0.000153579,4.69E-06,1,1,1
0.999762118,0.000233953,3.97E-06,1,1,1
0.974225998,0.025738154,3.59E-05,1,1,1
0.998517931,0.001478887,3.25E-06,1,1,1
0.977990866,0.021969901,3.93E-05,1,1,1
0.999254763,0.000740553,4.63E-06,1,1,1
0.999999642,4.09E-07,4.29E-09,1,1,1
1,8.46E-10,4.29E-12,1,1,1
1,5.61E-14,2.42E-16,1,1,1
1,5.54E-11,3.46E-13,1,1,1
0.999999881,6.25E-08,6.75E-10,1,1,1
1,2.47E-09,6.45E-11,1,1,1
1,4.28E-09,3.65E-11,1,1,1
0.999999881,1.37E-07,1.37E-09,1,1,1
1,1.86E-08,5.79E-10,1,1,1
1,2.16E-11,2.88E-13,1,1,1
1,4.24E-15,1.00E-16,1,1,1
1,1.13E-10,2.79E-12,1,1,1
1,3.54E-10,9.90E-12,1,1,1
1,2.93E-09,1.33E-10,1,1,1
1,7.90E-10,7.00E-11,1,1,1
1,4.27E-08,9.19E-10,1,1,1
1,5.99E-09,2.14E-10,1,1,1
1,1.80E-08,9.32E-10,1,1,1
1,9.43E-09,2.90E-10,1,1,1
1,1.97E-08,1.44E-09,1,1,1
1,5.87E-09,4.95E-10,1,1,1
0.999999642,3.70E-07,3.67E-08,1,1,1
0.999999762,2.33E-07,2.00E-08,1,1,1
0.999999404,5.88E-07,2.67E-08,1,1,1
1,1.48E-09,2.98E-10,1,1,1
0.999999881,8.07E-08,8.61E-09,1,1,1
0.999999166,7.44E-07,8.47E-08,1,1,1
0.999983311,1.58E-05,9.73E-07,1,1,1
0.99997282,2.53E-05,1.82E-06,1,1,1
0.999727309,0.000265804,6.96E-06,1,1,1
0.00020309,0.999774039,2.29E-05,2,2,1
0.003887355,0.993767858,0.002344826,2,2,1
8.12E-05,0.999915719,3.15E-06,2,2,1
1,1.13E-16,1.11E-14,1,1,1
1,1.57E-14,9.44E-15,1,1,1
1,2.15E-29,3.33E-27,1,1,1
1,3.13E-26,3.88E-24,1,1,1
1,3.27E-13,1.34E-13,1,1,1
1,8.09E-11,1.09E-11,1,1,1
1,1.93E-31,6.05E-30,1,1,1
1,1.27E-29,4.94E-29,1,1,1
1,2.45E-35,2.85E-35,1,1,1
1,2.08E-28,1.10E-28,1,1,1
1,1.67E-31,9.97E-32,1,1,1
1,4.65E-25,2.95E-26,1,1,1
1,9.17E-31,6.16E-31,1,1,1
1,1.60E-34,6.44E-35,1,1,1
1,0,0,1,1,1
1,5.05E-33,5.66E-34,1,1,1
1,9.56E-21,2.23E-22,1,1,1
1,1.33E-20,9.11E-22,1,1,1
1,3.27E-25,8.36E-26,1,1,1
1,3.23E-23,1.21E-23,1,1,1
1,0,0,1,1,1
1,0,0,1,1,1
1,0,0,1,1,1
1,0,0,1,1,1
1,3.38E-30,1.39E-29,1,1,1
1,1.40E-29,3.62E-28,1,1,1
1,0,2.65E-36,1,1,1
1,6.45E-36,1.15E-33,1,1,1
1,3.34E-21,3.69E-20,1,1,1
1,0,1.22E-35,1,1,1
1,4.37E-38,1.44E-33,1,1,1
1,0,1.56E-37,1,1,1
1,0,3.25E-35,1,1,1
1,4.84E-36,1.73E-31,1,1,1
1,5.38E-32,1.22E-27,1,1,1
1,6.81E-30,5.77E-25,1,1,1
1,8.88E-25,5.54E-20,1,1,1
1,3.19E-23,1.16E-18,1,1,1
1,2.97E-20,1.58E-16,1,1,1
1,4.98E-17,1.77E-14,1,1,1
1,9.69E-13,1.99E-11,1,1,1
1,1.46E-08,2.51E-09,1,1,1
0.999991059,7.31E-06,1.73E-06,1,1,1
0.999998808,1.21E-06,5.30E-08,1,1,1
0.999985337,1.42E-05,4.32E-07,1,1,1
0.999999881,1.25E-07,2.24E-09,1,1,1
1,1.25E-12,2.14E-14,1,1,1
1,4.93E-15,8.37E-17,1,1,1
1,1.48E-14,4.71E-16,1,1,1
1,3.97E-10,5.81E-12,1,1,1
1,1.12E-08,1.84E-10,1,1,1
1,1.24E-10,1.48E-12,1,1,1
1,1.19E-08,7.99E-10,1,1,1
1,2.76E-11,5.98E-12,1,1,1
1,1.43E-10,3.62E-11,1,1,1
1,1.98E-11,1.21E-12,1,1,1
1,2.49E-12,1.39E-13,1,1,1
1,3.21E-10,1.46E-11,1,1,1
1,4.46E-11,2.24E-12,1,1,1
0.999999762,2.66E-07,6.69E-09,1,1,1
1,2.58E-11,2.19E-12,1,1,1
1,1.17E-09,6.54E-11,1,1,1
1,3.32E-08,5.72E-10,1,1,1
1,5.63E-08,6.21E-09,1,1,1
1,2.21E-08,1.32E-09,1,1,1
1,1.23E-08,6.58E-10,1,1,1
1,1.44E-09,8.16E-11,1,1,1
0.999992371,7.41E-06,2.82E-07,1,1,1
1,1.50E-08,1.85E-09,1,1,1
0.99998486,1.43E-05,8.03E-07,1,1,1
0.99999702,2.80E-06,1.00E-07,1,1,1
0.999963164,3.38E-05,3.03E-06,1,1,1
0.997435987,0.002399673,0.000164297,1,1,1
0.999996424,3.21E-06,3.25E-07,1,1,1
0.999980092,1.87E-05,1.15E-06,1,1,1
0.99998939,9.92E-06,7.24E-07,1,1,1
0.001794793,0.998148561,5.67E-05,2,2,1
1,1.23E-19,7.49E-17,1,1,1
1,5.97E-24,8.85E-22,1,1,1
1,0,4.96E-37,1,1,1
1,6.20E-34,1.17E-30,1,1,1
1,1.54E-25,1.75E-23,1,1,1
1,8.22E-24,1.44E-23,1,1,1
1,7.31E-27,2.59E-26,1,1,1
1,3.94E-31,3.22E-31,1,1,1
1,1.18E-31,5.69E-32,1,1,1
1,3.70E-27,5.58E-28,1,1,1
1,1.08E-35,5.38E-36,1,1,1
1,4.73E-37,2.02E-36,1,1,1
1,1.60E-38,9.79E-38,1,1,1
1,1.74E-38,0,1,1,1
1,4.65E-32,7.76E-33,1,1,1
1,1.02E-27,3.21E-28,1,1,1
1,3.53E-33,6.37E-34,1,1,1
1,1.43E-33,1.23E-34,1,1,1
1,2.87E-27,5.18E-28,1,1,1
1,0,0,1,1,1
1,0,0,1,1,1
1,0,0,1,1,1
1,0,0,1,1,1
1,0,0,1,1,1
1,7.81E-24,5.68E-24,1,1,1
1,1.04E-28,4.13E-28,1,1,1
1,2.36E-28,9.74E-28,1,1,1
1,2.38E-21,1.26E-21,1,1,1
1,1.03E-32,1.81E-29,1,1,1
1,0,2.01E-35,1,1,1
1,6.62E-33,1.50E-30,1,1,1
1,0,3.48E-36,1,1,1
1,0,3.69E-38,1,1,1
1,1.45E-34,1.22E-30,1,1,1
1,2.87E-31,1.63E-26,1,1,1
1,1.57E-31,3.46E-26,1,1,1
1,1.22E-29,2.62E-24,1,1,1
1,1.69E-23,2.53E-19,1,1,1
1,1.56E-21,7.44E-18,1,1,1
1,2.50E-17,3.27E-14,1,1,1
1,2.62E-17,1.24E-14,1,1,1
1,6.28E-10,4.45E-09,1,1,1
1,1.97E-10,3.74E-09,1,1,1
1,1.57E-14,3.08E-12,1,1,1
1,1.24E-08,1.86E-08,1,1,1
0.999997258,2.53E-06,2.54E-07,1,1,1
1,5.29E-10,2.55E-11,1,1,1
1,2.57E-13,1.95E-14,1,1,1
1,4.11E-09,2.78E-10,1,1,1
1,1.37E-10,1.07E-11,1,1,1
1,8.70E-09,2.83E-10,1,1,1
1,4.11E-14,2.10E-16,1,1,1
1,5.54E-17,2.59E-18,1,1,1
1,7.11E-13,1.27E-11,1,1,1
1,4.02E-10,5.52E-10,1,1,1
1,6.06E-10,5.03E-11,1,1,1
1,1.09E-11,6.90E-12,1,1,1
1,6.86E-11,1.35E-11,1,1,1
1,5.25E-09,1.19E-10,1,1,1
0.999998689,1.31E-06,5.14E-08,1,1,1
0.999999881,1.22E-07,1.34E-09,1,1,1
0.999999881,7.91E-08,3.35E-09,1,1,1
1,3.17E-08,2.99E-09,1,1,1
1,1.03E-08,1.62E-09,1,1,1
0.999999762,2.23E-07,2.38E-08,1,1,1
1,2.52E-09,2.12E-10,1,1,1
1,7.59E-09,5.97E-10,1,1,1
0.999999762,2.32E-07,1.15E-08,1,1,1
0.999997139,2.76E-06,1.01E-07,1,1,1
0.999993443,6.50E-06,1.01E-07,1,1,1
0.999904394,9.19E-05,3.75E-06,1,1,1
0.999598682,0.000385948,1.54E-05,1,1,1
0.997480094,0.002418766,0.000101224,1,1,1
0.999997497,2.08E-06,4.29E-07,1,1,1
0.999997497,2.31E-06,2.10E-07,1,1,1
0.999979496,1.95E-05,1.04E-06,1,1,1
0.308042258,0.691570818,0.000386876,2,2,1
3.23E-08,1,3.76E-08,2,2,1
1,3.95E-18,3.00E-15,1,1,1
1,1.13E-33,2.51E-29,1,1,1
1,0,1.75E-37,1,1,1
1,0,5.17E-36,1,1,1
1,0,0,1,1,1
1,6.29E-31,6.03E-29,1,1,1
1,1.35E-36,1.10E-33,1,1,1
1,3.83E-33,5.18E-33,1,1,1
1,1.21E-34,1.15E-34,1,1,1
1,4.18E-25,1.78E-25,1,1,1
1,1.12E-26,2.45E-27,1,1,1
1,5.31E-27,7.91E-28,1,1,1
1,2.72E-32,3.77E-33,1,1,1
1,7.63E-28,1.47E-28,1,1,1
1,4.39E-33,7.72E-34,1,1,1
1,2.97E-23,1.49E-24,1,1,1
1,5.37E-27,4.94E-28,1,1,1
1,6.02E-27,7.82E-28,1,1,1
1,1.33E-30,3.59E-31,1,1,1
1,1.83E-34,2.61E-34,1,1,1
1,4.22E-35,9.92E-36,1,1,1
1,5.24E-38,4.46E-38,1,1,1
1,2.85E-23,3.19E-24,1,1,1
1,9.15E-26,4.99E-27,1,1,1
1,2.25E-22,2.33E-23,1,1,1
1,2.46E-27,2.97E-27,1,1,1
1,1.12E-26,1.56E-26,1,1,1
1,3.07E-19,8.39E-20,1,1,1
1,2.67E-27,5.36E-26,1,1,1
1,2.39E-31,9.60E-28,1,1,1
1,0,0,1,1,1
1,0,0,1,1,1
1,0,5.64E-34,1,1,1
1,1.74E-28,5.89E-26,1,1,1
1,1.10E-21,3.48E-20,1,1,1
1,5.06E-28,3.19E-24,1,1,1
1,5.42E-26,3.05E-22,1,1,1
1,1.11E-25,3.67E-22,1,1,1
1,1.11E-21,2.76E-19,1,1,1
1,1.91E-12,1.73E-10,1,1,1
1,1.19E-13,1.13E-11,1,1,1
1,3.94E-18,1.24E-14,1,1,1
1,8.87E-12,1.36E-09,1,1,1
1,3.08E-17,3.80E-11,1,1,1
1,1.76E-10,3.90E-09,1,1,1
1,6.74E-09,4.42E-08,1,1,1
1,1.75E-10,1.48E-09,1,1,1
1,3.13E-10,5.88E-10,1,1,1
1,3.71E-10,9.26E-11,1,1,1
1,5.98E-10,2.67E-10,1,1,1
1,5.59E-10,2.99E-10,1,1,1
1,3.86E-14,3.77E-12,1,1,1
1,3.11E-09,6.91E-09,1,1,1
1,5.31E-09,2.00E-08,1,1,1
0.999983311,4.64E-06,1.20E-05,1,1,1
1,6.10E-12,1.18E-12,1,1,1
1,4.29E-13,4.84E-14,1,1,1
1,4.97E-13,2.64E-13,1,1,1
1,9.31E-09,3.71E-10,1,1,1
0.999999881,6.65E-08,5.57E-09,1,1,1
1,3.53E-08,1.31E-09,1,1,1
1,2.80E-09,2.10E-10,1,1,1
0.999999642,3.97E-07,2.16E-08,1,1,1
0.999999881,7.37E-08,2.17E-08,1,1,1
0.999999881,1.29E-07,2.28E-08,1,1,1
0.999999881,1.60E-07,1.98E-08,1,1,1
0.999999881,6.84E-08,7.49E-09,1,1,1
0.999999881,6.23E-08,6.22E-09,1,1,1
0.999997139,2.62E-06,2.21E-07,1,1,1
0.99997437,2.37E-05,1.91E-06,1,1,1
0.999983072,1.60E-05,1.00E-06,1,1,1
0.999475896,0.000497814,2.64E-05,1,1,1
0.999988675,1.05E-05,8.88E-07,1,1,1
0.999864697,0.00012706,8.16E-06,1,1,1
0.999760807,0.000235609,3.58E-06,1,1,1
0.99998033,1.89E-05,8.90E-07,1,1,1
0.999807417,0.000186368,6.17E-06,1,1,1
0.914815664,0.085021734,0.000162622,1,1,1
7.59E-09,1,2.85E-08,2,2,1
1,6.03E-25,5.61E-22,1,1,1
1,8.38E-24,2.64E-22,1,1,1
1,0,2.39E-35,1,1,1
1,1.43E-35,1.23E-32,1,1,1
1,0,0,1,1,1
1,1.42E-34,9.83E-32,1,1,1
1,0,7.12E-37,1,1,1
1,8.74E-25,5.18E-25,1,1,1
1,1.04E-28,6.52E-29,1,1,1
1,4.22E-19,3.41E-19,1,1,1
1,2.37E-21,2.22E-22,1,1,1
1,1.10E-21,9.21E-23,1,1,1
1,1.07E-23,1.32E-24,1,1,1
1,2.91E-26,1.88E-27,1,1,1
1,6.13E-22,4.13E-23,1,1,1
1,7.25E-22,1.18E-22,1,1,1
1,1.92E-21,6.08E-23,1,1,1
1,1.50E-27,4.20E-28,1,1,1
1,4.70E-32,1.00E-32,1,1,1
1,2.94E-38,2.90E-38,1,1,1
1,5.90E-35,1.17E-35,1,1,1
1,1.76E-32,6.18E-33,1,1,1
1,1.01E-26,8.64E-28,1,1,1
1,3.89E-15,2.01E-16,1,1,1
1,2.96E-21,4.69E-22,1,1,1
1,7.19E-30,2.01E-29,1,1,1
1,1.14E-33,2.38E-32,1,1,1
1,3.42E-29,9.94E-28,1,1,1
1,0,1.82E-35,1,1,1
1,1.27E-35,1.49E-31,1,1,1
1,0,1.67E-37,1,1,1
1,0,2.32E-36,1,1,1
1,7.27E-36,6.84E-32,1,1,1
1,7.18E-35,3.28E-30,1,1,1
1,2.78E-26,8.90E-24,1,1,1
1,1.54E-25,9.95E-23,1,1,1
1,5.97E-22,1.17E-19,1,1,1
1,1.21E-27,4.90E-24,1,1,1
1,1.28E-18,1.78E-15,1,1,1
1,4.43E-12,2.50E-11,1,1,1
1,7.25E-16,3.19E-13,1,1,1
1,7.69E-19,1.59E-14,1,1,1
1,4.08E-15,8.32E-12,1,1,1
1,3.98E-18,1.17E-13,1,1,1
1,4.00E-09,3.48E-08,1,1,1
0.999999642,4.93E-08,3.71E-07,1,1,1
0.999964237,3.63E-06,3.22E-05,1,1,1
0.999996066,9.21E-07,2.95E-06,1,1,1
0.999999881,8.33E-09,7.92E-08,1,1,1
1,3.48E-09,1.53E-08,1,1,1
0.999998808,3.54E-07,8.42E-07,1,1,1
1,1.01E-11,6.04E-09,1,1,1
0.999995708,5.40E-08,4.27E-06,1,1,1
0.999695182,1.10E-06,0.000303737,1,1,1
0.999875665,3.21E-07,0.000123969,1,1,1
1,2.04E-10,7.31E-09,1,1,1
1,2.59E-14,1.30E-13,1,1,1
1,5.25E-09,1.31E-09,1,1,1
1,1.84E-10,2.73E-11,1,1,1
0.999999881,8.75E-08,3.20E-09,1,1,1
1,8.23E-10,5.74E-11,1,1,1
1,2.68E-09,3.35E-10,1,1,1
0.999996185,3.57E-06,2.34E-07,1,1,1
0.999998927,1.12E-06,2.74E-08,1,1,1
0.999996901,2.99E-06,6.85E-08,1,1,1
0.999984264,1.53E-05,3.86E-07,1,1,1
0.999990463,9.15E-06,3.05E-07,1,1,1
0.999996424,3.49E-06,1.37E-07,1,1,1
0.999600589,0.000395161,4.30E-06,1,1,1
0.99890852,0.001080116,1.13E-05,1,1,1
0.996563375,0.003391428,4.53E-05,1,1,1
0.99022454,0.009705251,7.02E-05,1,1,1
0.992352545,0.007601801,4.56E-05,1,1,1
0.999526143,0.00045719,1.67E-05,1,1,1
0.999931455,6.46E-05,3.90E-06,1,1,1
0.999980807,1.74E-05,1.77E-06,1,1,1
0.999458134,0.000523497,1.83E-05,1,1,1
0.997674048,0.002292156,3.38E-05,1,1,1
0.0554455,0.944291949,0.000262489,2,1,0
1,2.27E-24,1.98E-21,1,1,1
1,1.65E-29,1.39E-26,1,1,1
1,3.60E-36,2.16E-32,1,1,1
1,0,2.63E-37,1,1,1
1,1.76E-36,2.33E-33,1,1,1
1,2.34E-25,7.82E-25,1,1,1
1,1.92E-35,5.39E-34,1,1,1
1,2.61E-33,1.44E-31,1,1,1
1,6.85E-27,4.10E-27,1,1,1
1,4.27E-13,3.17E-14,1,1,1
1,2.24E-19,2.67E-20,1,1,1
1,1.32E-28,3.35E-29,1,1,1
1,5.36E-27,6.10E-28,1,1,1
1,2.83E-33,7.86E-34,1,1,1
1,2.68E-29,7.41E-30,1,1,1
1,1.54E-31,7.79E-32,1,1,1
1,6.08E-36,1.93E-36,1,1,1
1,5.81E-27,2.75E-27,1,1,1
1,2.42E-31,2.19E-31,1,1,1
1,1.62E-30,1.22E-30,1,1,1
1,1.46E-27,5.15E-28,1,1,1
1,1.48E-30,9.77E-31,1,1,1
1,1.52E-25,8.67E-27,1,1,1
1,2.88E-20,3.11E-21,1,1,1
1,2.32E-24,1.12E-23,1,1,1
1,6.50E-25,5.16E-24,1,1,1
1,9.30E-33,5.25E-31,1,1,1
1,1.18E-36,1.30E-33,1,1,1
1,0,0,1,1,1
1,0,0,1,1,1
1,0,0,1,1,1
1,2.48E-36,8.05E-33,1,1,1
1,0,1.28E-36,1,1,1
1,1.30E-25,1.13E-23,1,1,1
1,2.04E-36,2.70E-32,1,1,1
1,0,3.09E-36,1,1,1
1,0,1.83E-34,1,1,1
1,9.26E-32,6.69E-27,1,1,1
1,3.14E-28,5.23E-24,1,1,1
1,5.92E-22,2.11E-18,1,1,1
1,5.01E-17,3.95E-13,1,1,1
1,2.13E-16,3.52E-13,1,1,1
1,7.62E-20,9.81E-15,1,1,1
1,2.89E-14,4.07E-10,1,1,1
1,5.97E-14,1.14E-10,1,1,1
0.999998927,1.27E-09,1.09E-06,1,1,1
0.999920249,1.74E-06,7.80E-05,1,1,1
0.999984622,1.11E-06,1.44E-05,1,1,1
0.999930859,1.54E-05,5.37E-05,1,1,1
0.999991894,2.83E-07,7.90E-06,1,1,1
0.999747217,1.14E-06,0.000251536,1,1,1
0.999999881,1.25E-09,1.10E-07,1,1,1
0.999995708,1.20E-07,4.19E-06,1,1,1
0.999964118,8.03E-07,3.51E-05,1,1,1
0.99870944,1.75E-05,0.001273025,1,1,1
0.999999762,1.20E-07,6.63E-08,1,1,1
1,8.67E-10,1.43E-09,1,1,1
1,9.56E-09,3.35E-08,1,1,1
0.999999523,3.87E-07,1.04E-07,1,1,1
1,9.03E-10,3.43E-10,1,1,1
1,2.27E-09,1.37E-10,1,1,1
0.999999762,2.52E-07,5.93E-09,1,1,1
0.999999642,4.12E-07,1.38E-08,1,1,1
0.998795629,0.001191242,1.31E-05,1,1,1
0.995462596,0.004518454,1.90E-05,1,1,1
0.001969634,0.99799794,3.24E-05,2,2,1
4.60E-06,0.999994636,6.84E-07,2,2,1
4.86E-08,0.999999881,1.04E-07,2,2,1
5.57E-08,1,4.62E-08,2,2,1
2.37E-06,0.999996901,7.60E-07,2,2,1
2.57E-06,0.999996424,9.64E-07,2,2,1
3.79E-09,1,9.18E-09,2,2,1
7.55E-09,1,9.12E-09,2,2,1
3.56E-09,1,3.35E-09,2,2,1
0.037578277,0.962274551,0.000147138,2,1,0
0.996506989,0.003458449,3.45E-05,1,1,1
0.999910116,8.46E-05,5.32E-06,1,1,1
0.999679327,0.000308256,1.23E-05,1,1,1
0.987133503,0.012771016,9.55E-05,1,1,1
4.45E-05,0.999952078,3.48E-06,2,2,1
1,4.23E-24,2.49E-22,1,1,1
1,8.20E-33,3.36E-29,1,1,1
1,0,1.46E-34,1,1,1
1,2.17E-33,4.61E-31,1,1,1
1,9.35E-30,9.27E-28,1,1,1
1,4.37E-37,1.87E-34,1,1,1
1,1.66E-35,1.03E-31,1,1,1
1,1.55E-38,2.75E-35,1,1,1
1,3.36E-35,4.59E-33,1,1,1
1,2.80E-27,5.85E-28,1,1,1
1,2.43E-29,1.84E-30,1,1,1
1,1.43E-22,4.10E-24,1,1,1
1,1.06E-30,2.13E-31,1,1,1
1,8.11E-33,8.05E-34,1,1,1
1,7.77E-35,6.02E-35,1,1,1
1,0,1.47E-38,1,1,1
1,6.65E-37,9.58E-36,1,1,1
1,1.95E-33,5.65E-33,1,1,1
1,5.30E-27,2.41E-27,1,1,1
1,5.31E-38,2.94E-37,1,1,1
1,6.35E-35,8.99E-35,1,1,1
1,2.63E-32,4.50E-32,1,1,1
1,9.57E-25,2.90E-25,1,1,1
1,1.52E-22,2.80E-22,1,1,1
1,2.60E-15,4.54E-15,1,1,1
1,1.61E-18,3.21E-17,1,1,1
1,1.12E-22,7.48E-22,1,1,1
1,3.23E-35,4.80E-33,1,1,1
1,8.49E-37,1.08E-33,1,1,1
1,0,0,1,1,1
1,2.35E-36,4.69E-33,1,1,1
1,1.54E-26,7.91E-25,1,1,1
1,1.52E-33,3.93E-30,1,1,1
1,6.30E-27,6.98E-25,1,1,1
1,2.03E-32,6.66E-29,1,1,1
1,6.71E-34,6.20E-30,1,1,1
1,3.43E-35,3.20E-30,1,1,1
1,4.05E-21,9.35E-19,1,1,1
1,9.22E-21,4.75E-18,1,1,1
1,3.38E-16,4.07E-14,1,1,1
1,2.56E-20,1.21E-15,1,1,1
1,1.71E-16,3.04E-13,1,1,1
1,2.89E-21,6.91E-16,1,1,1
1,1.39E-17,1.51E-13,1,1,1
1,2.10E-13,1.83E-09,1,1,1
0.999999881,1.04E-11,9.72E-08,1,1,1
0.999995708,3.57E-09,4.23E-06,1,1,1
0.998253763,0.000513336,0.001232852,1,1,1
0.999362528,7.02E-05,0.000567161,1,1,1
0.9989779,0.000237274,0.00078487,1,1,1
0.998760223,2.66E-05,0.001213265,1,1,1
0.999999762,3.59E-08,2.11E-07,1,1,1
0.999999762,6.40E-10,2.29E-07,1,1,1
0.999999881,2.76E-10,8.09E-08,1,1,1
0.999834418,1.54E-05,0.000150106,1,1,1
1,1.24E-10,1.45E-10,1,1,1
1,1.29E-10,2.07E-09,1,1,1
0.999999046,5.31E-07,4.18E-07,1,1,1
0.999997735,1.93E-07,1.98E-06,1,1,1
0.999992132,5.57E-06,2.29E-06,1,1,1
0.999986172,1.15E-05,2.36E-06,1,1,1
1,4.07E-09,3.48E-10,1,1,1
0.999999762,2.39E-07,8.28E-09,1,1,1
0.999939919,5.92E-05,8.90E-07,1,1,1
0.962274313,0.037670035,5.57E-05,1,1,1
0.000988981,0.998997748,1.33E-05,2,2,1
3.12E-06,0.999996424,5.17E-07,2,2,1
1.25E-07,0.999999762,9.37E-08,2,2,1
1.30E-09,1,3.27E-09,2,2,1
1.83E-10,1,2.69E-09,2,2,1
6.79E-07,0.999999046,2.61E-07,2,2,1
8.06E-12,1,1.05E-10,2,2,1
3.77E-10,1,1.18E-09,2,2,1
4.57E-12,1,1.91E-11,2,2,1
3.93E-11,1,1.72E-10,2,2,1
1.63E-09,1,2.22E-08,2,2,1
0.002119321,0.997832477,4.81E-05,2,2,1
0.990695477,0.009186303,0.000118275,1,1,1
0.650564551,0.34878087,0.000654546,1,1,1
0.992802918,0.007014493,0.000182557,1,1,1
2.56E-05,0.999971747,2.74E-06,2,2,1
1,2.15E-24,6.65E-23,1,1,1
1,5.51E-36,2.90E-32,1,1,1
1,0,0,1,1,1
1,0,1.19E-36,1,1,1
1,1.54E-30,7.98E-29,1,1,1
1,8.37E-29,1.79E-27,1,1,1
1,1.91E-19,4.71E-19,1,1,1
1,4.46E-25,1.15E-23,1,1,1
1,2.15E-38,9.77E-35,1,1,1
1,1.25E-25,3.10E-23,1,1,1
1,1.50E-22,3.01E-23,1,1,1
1,1.29E-36,3.00E-37,1,1,1
1,1.70E-33,5.53E-34,1,1,1
1,0,0,1,1,1
1,0,0,1,1,1
1,0,0,1,1,1
1,0,0,1,1,1
1,2.46E-38,1.92E-36,1,1,1
1,6.75E-32,2.20E-31,1,1,1
1,4.11E-33,4.24E-32,1,1,1
1,0,8.13E-38,1,1,1
1,6.47E-35,3.46E-34,1,1,1
1,2.29E-27,2.84E-27,1,1,1
1,3.70E-21,2.69E-21,1,1,1
1,2.20E-16,3.38E-16,1,1,1
1,2.29E-16,2.39E-15,1,1,1
1,7.26E-24,4.37E-22,1,1,1
1,5.70E-38,8.03E-35,1,1,1
1,0,6.97E-38,1,1,1
1,0,0,1,1,1
1,0,0,1,1,1
1,0,7.93E-35,1,1,1
1,2.56E-31,5.55E-29,1,1,1
1,6.58E-32,3.13E-29,1,1,1
1,5.42E-28,1.09E-25,1,1,1
1,4.19E-32,8.60E-28,1,1,1
1,1.30E-30,4.65E-27,1,1,1
1,2.48E-20,8.31E-19,1,1,1
1,1.86E-22,1.32E-19,1,1,1
1,4.70E-17,5.33E-15,1,1,1
1,1.83E-16,8.08E-15,1,1,1
1,2.49E-16,4.89E-14,1,1,1
1,5.65E-20,1.35E-15,1,1,1
1,5.32E-14,2.56E-11,1,1,1
0.999999642,5.80E-08,3.01E-07,1,1,1
0.999997735,2.29E-07,2.08E-06,1,1,1
1,7.78E-12,2.01E-09,1,1,1
1,9.27E-10,2.96E-08,1,1,1
1,2.06E-10,6.66E-09,1,1,1
1,7.42E-12,9.94E-11,1,1,1
1,9.17E-13,7.17E-11,1,1,1
1,8.59E-13,3.85E-13,1,1,1
1,6.76E-15,4.15E-16,1,1,1
1,8.22E-14,1.75E-13,1,1,1
1,4.77E-11,1.52E-09,1,1,1
1,3.11E-09,7.40E-09,1,1,1
0.999995828,9.33E-07,3.23E-06,1,1,1
0.999999881,2.76E-08,6.32E-08,1,1,1
0.999999881,1.60E-07,2.45E-08,1,1,1
0.999986887,1.21E-05,9.75E-07,1,1,1
0.999999642,2.21E-07,1.44E-07,1,1,1
0.999999642,4.01E-07,2.58E-08,1,1,1
1,2.30E-08,9.73E-10,1,1,1
0.999999881,1.04E-07,5.78E-09,1,1,1
0.999955177,4.38E-05,9.35E-07,1,1,1
0.643838465,0.355169594,0.000991912,1,1,1
0.229152724,0.769990981,0.000856318,2,1,0
1.45E-07,0.999999762,1.58E-07,2,2,1
1.42E-09,1,3.06E-09,2,2,1
8.52E-11,1,7.01E-10,2,2,1
8.18E-09,1,6.34E-09,2,2,1
1.94E-10,1,4.44E-10,2,2,1
4.14E-10,1,2.35E-10,2,2,1
2.73E-11,1,3.03E-11,2,2,1
8.84E-12,1,3.16E-11,2,2,1
1.42E-11,1,8.28E-10,2,2,1
2.93E-06,0.999994278,2.77E-06,2,2,1
0.001533124,0.997756779,0.000710087,2,2,1
0.781129301,0.217435002,0.001435684,1,2,0
0.999303579,0.000657416,3.89E-05,1,1,1
0.989320755,0.010476629,0.000202598,1,1,1
2.00E-07,0.999999642,1.76E-07,2,2,1
1,1.00E-13,5.09E-12,1,1,1
1,3.80E-25,1.67E-23,1,1,1
1,9.05E-38,3.62E-34,1,1,1
1,1.29E-35,2.26E-32,1,1,1
1,2.85E-34,4.26E-32,1,1,1
1,0,0,1,1,1
1,0,1.06E-35,1,1,1
1,7.04E-37,3.37E-31,1,1,1
1,7.79E-33,6.91E-28,1,1,1
1,3.20E-32,1.92E-29,1,1,1
1,1.72E-26,1.40E-22,1,1,1
1,4.81E-17,1.43E-15,1,1,1
1,3.03E-14,3.10E-15,1,1,1
1,5.05E-14,1.22E-15,1,1,1
1,1.84E-32,1.76E-32,1,1,1
1,2.76E-36,1.23E-35,1,1,1
1,3.47E-37,1.73E-35,1,1,1
1,0,3.57E-37,1,1,1
1,0,0,1,1,1
1,0,0,1,1,1
1,9.82E-32,3.99E-31,1,1,1
1,3.79E-32,2.13E-31,1,1,1
1,1.70E-29,4.60E-29,1,1,1
1,2.52E-28,2.63E-27,1,1,1
1,1.06E-16,7.90E-17,1,1,1
1,1.82E-21,3.54E-20,1,1,1
1,1.01E-17,1.29E-16,1,1,1
1,5.81E-29,4.95E-26,1,1,1
1,0,0,1,1,1
1,0,0,1,1,1
1,0,0,1,1,1
1,0,0,1,1,1
1,0,2.97E-35,1,1,1
1,5.96E-30,7.81E-28,1,1,1
1,2.26E-29,4.45E-27,1,1,1
1,7.70E-31,4.83E-28,1,1,1
1,0,5.79E-34,1,1,1
1,6.82E-26,5.13E-23,1,1,1
1,2.96E-26,1.48E-23,1,1,1
1,1.77E-20,1.67E-17,1,1,1
1,1.06E-20,8.64E-18,1,1,1
1,4.74E-15,2.91E-14,1,1,1
1,4.76E-19,1.01E-16,1,1,1
1,1.02E-17,1.42E-15,1,1,1
1,1.37E-13,1.42E-12,1,1,1
0.99999702,2.12E-06,7.90E-07,1,1,1
0.999999642,2.74E-07,8.68E-08,1,1,1
1,4.50E-11,6.23E-11,1,1,1
1,4.80E-15,3.12E-15,1,1,1
1,6.05E-09,1.65E-10,1,1,1
0.999999881,1.45E-07,2.81E-10,1,1,1
1,8.48E-11,3.47E-13,1,1,1
1,1.28E-12,1.94E-14,1,1,1
1,1.96E-13,6.88E-14,1,1,1
1,3.13E-10,7.01E-11,1,1,1
1,1.75E-10,3.44E-11,1,1,1
1,5.91E-09,4.25E-10,1,1,1
1,3.38E-08,4.55E-09,1,1,1
0.999999881,1.14E-07,2.73E-08,1,1,1
1,8.18E-09,4.62E-09,1,1,1
0.999999642,3.55E-07,3.09E-08,1,1,1
0.999991655,7.96E-06,3.26E-07,1,1,1
0.999999404,5.41E-07,3.25E-08,1,1,1
1,1.78E-09,3.52E-10,1,1,1
1,6.64E-11,1.26E-11,1,1,1
1,1.48E-08,7.48E-10,1,1,1
0.99998498,1.48E-05,2.25E-07,1,1,1
0.000188157,0.999800622,1.12E-05,2,2,1
1.41E-08,1,2.33E-08,2,2,1
1.25E-09,1,2.27E-09,2,2,1
5.59E-11,1,1.43E-10,2,2,1
1.47E-10,1,2.96E-10,2,2,1
1.10E-09,1,1.65E-09,2,2,1
3.81E-10,1,3.27E-10,2,2,1
2.34E-10,1,6.25E-10,2,2,1
3.21E-10,1,6.22E-10,2,2,1
1.38E-11,1,1.05E-10,2,2,1
2.45E-11,1,3.82E-10,2,2,1
0.000397779,0.999396801,0.000205439,2,2,1
0.040565938,0.957758486,0.001675611,2,2,1
0.16144,0.837042511,0.001517534,2,2,1
0.961607695,0.038063411,0.000328889,1,1,1
0.990038514,0.009747414,0.000214117,1,1,1
1.78E-08,1,2.30E-08,2,2,1
2.85E-09,1,6.43E-09,2,2,1
1.11E-08,1,2.21E-08,2,2,1
2.24E-09,1,9.73E-09,2,2,1
1,2.62E-16,2.83E-14,1,1,1
1,2.25E-25,4.85E-24,1,1,1
1,5.00E-35,1.96E-32,1,1,1
1,0,0,1,1,1
1,0,0,1,1,1
1,0,0,1,1,1
1,0,1.62E-37,1,1,1
1,0,0,1,1,1
1,1.58E-35,5.84E-31,1,1,1
1,5.21E-27,7.70E-25,1,1,1
1,2.26E-21,7.23E-18,1,1,1
1,2.17E-21,2.22E-17,1,1,1
1,2.50E-08,3.52E-10,1,1,1
1,3.66E-09,3.78E-11,1,1,1
1,8.93E-22,2.57E-22,1,1,1
1,4.12E-25,1.53E-25,1,1,1
1,6.02E-27,1.94E-26,1,1,1
1,3.74E-27,2.11E-25,1,1,1
1,2.87E-34,5.49E-33,1,1,1
1,0,0,1,1,1
1,0,0,1,1,1
1,1.88E-30,9.98E-29,1,1,1
1,1.41E-20,4.91E-19,1,1,1
1,3.12E-20,8.44E-18,1,1,1
1,2.16E-14,2.20E-13,1,1,1
1,1.80E-15,1.76E-14,1,1,1
1,6.52E-23,1.36E-21,1,1,1
1,6.56E-26,2.14E-24,1,1,1
1,3.74E-34,3.02E-32,1,1,1
1,0,0,1,1,1
1,0,0,1,1,1
1,0,9.60E-38,1,1,1
1,3.92E-38,2.36E-35,1,1,1
1,2.27E-20,1.01E-19,1,1,1
1,1.57E-30,3.13E-28,1,1,1
1,1.41E-32,2.17E-29,1,1,1
1,2.97E-38,2.13E-32,1,1,1
1,1.66E-31,1.15E-26,1,1,1
1,4.26E-12,5.13E-12,1,1,1
1,5.21E-11,9.85E-11,1,1,1
1,1.21E-25,1.09E-21,1,1,1
1,1.60E-20,7.83E-19,1,1,1
1,8.25E-18,5.15E-17,1,1,1
1,9.11E-17,4.91E-15,1,1,1
1,3.05E-11,2.04E-11,1,1,1
1,1.28E-10,6.48E-11,1,1,1
1,1.61E-14,2.73E-14,1,1,1
1,5.49E-16,3.07E-18,1,1,1
1,6.93E-13,1.70E-15,1,1,1
0.999999523,4.34E-07,4.85E-10,1,1,1
1,3.29E-13,5.30E-16,1,1,1
1,1.04E-13,7.01E-15,1,1,1
1,3.99E-11,6.85E-12,1,1,1
1,1.94E-11,1.05E-12,1,1,1
1,5.76E-08,1.36E-09,1,1,1
1,8.63E-10,6.24E-11,1,1,1
0.999999881,1.36E-07,2.98E-09,1,1,1
1,1.32E-09,4.53E-11,1,1,1
1,5.39E-10,7.54E-11,1,1,1
1,8.72E-12,1.03E-12,1,1,1
1,2.35E-10,1.38E-10,1,1,1
1,5.45E-09,2.83E-09,1,1,1
0.999999523,5.20E-07,4.29E-08,1,1,1
0.999999881,1.34E-07,2.09E-08,1,1,1
0.999999523,7.59E-08,3.48E-07,1,1,1
1,5.79E-11,3.48E-12,1,1,1
0.999999523,4.25E-07,1.44E-08,1,1,1
0.995152235,0.00474088,0.000106944,1,1,1
1.85E-05,0.99997282,8.73E-06,2,2,1
1.12E-06,0.999998569,3.63E-07,2,2,1
2.07E-09,1,1.73E-09,2,2,1
2.26E-12,1,1.75E-11,2,2,1
4.78E-10,1,5.15E-10,2,2,1
1.08E-10,1,2.99E-10,2,2,1
4.08E-10,1,1.02E-09,2,2,1
1.96E-11,1,1.34E-10,2,2,1
1.89E-10,1,6.66E-11,2,2,1
7.38E-12,1,8.78E-11,2,2,1
8.55E-08,0.999999762,1.04E-07,2,2,1
9.66E-07,0.99999392,5.15E-06,2,2,1
0.000340029,0.997707367,0.001952557,2,2,1
0.109685853,0.849048972,0.041265119,2,2,1
0.991012752,0.008728787,0.000258457,1,1,1
0.012502109,0.987416744,8.11E-05,2,2,1
1.58E-09,1,6.30E-09,2,2,1
1.47E-08,1,3.77E-08,2,2,1
2.97E-08,0.999999762,2.03E-07,2,2,1
4.52E-08,0.999997854,2.14E-06,2,2,1
1.18E-08,0.999999762,2.19E-07,2,2,1
1.12E-07,0.999997377,2.45E-06,2,2,1
1,3.29E-15,1.06E-14,1,1,1
1,1.09E-28,1.16E-26,1,1,1
1,7.69E-36,1.59E-32,1,1,1
1,0,7.01E-38,1,1,1
1,3.73E-29,2.44E-28,1,1,1
1,1.63E-29,6.35E-29,1,1,1
1,2.93E-24,6.72E-24,1,1,1
1,0,3.69E-35,1,1,1
1,0,7.51E-33,1,1,1
1,2.95E-22,6.87E-19,1,1,1
1,2.03E-21,4.58E-17,1,1,1
1,2.86E-16,3.90E-14,1,1,1
1,3.30E-15,9.02E-15,1,1,1
0.999998093,1.93E-06,4.75E-10,1,1,1
1,1.44E-10,1.02E-13,1,1,1
1,1.13E-20,6.21E-21,1,1,1
1,5.96E-18,2.57E-18,1,1,1
1,5.86E-28,2.09E-27,1,1,1
1,4.85E-38,2.43E-36,1,1,1
1,0,0,1,1,1
1,0,0,1,1,1
1,2.24E-17,2.13E-16,1,1,1
1,3.42E-11,1.14E-10,1,1,1
1,1.16E-09,8.11E-10,1,1,1
0.999984026,1.57E-05,2.05E-07,1,1,1
1,2.44E-10,2.40E-10,1,1,1
1,7.44E-19,3.17E-18,1,1,1
1,1.51E-24,3.64E-24,1,1,1
1,1.26E-35,7.96E-34,1,1,1
1,0,0,1,1,1
1,8.82E-34,3.33E-32,1,1,1
1,0,0,1,1,1
1,0,3.48E-37,1,1,1
1,2.88E-15,8.41E-16,1,1,1
1,3.75E-29,3.01E-27,1,1,1
1,4.50E-35,1.21E-30,1,1,1
1,1.91E-35,1.78E-29,1,1,1
1,3.44E-20,3.77E-19,1,1,1
1,1.21E-09,8.16E-10,1,1,1
1,2.03E-17,2.73E-15,1,1,1
1,1.18E-16,1.43E-15,1,1,1
1,7.58E-16,3.55E-16,1,1,1
1,1.10E-13,1.65E-13,1,1,1
1,2.66E-17,5.29E-17,1,1,1
1,1.61E-17,4.42E-16,1,1,1
1,1.10E-14,3.45E-15,1,1,1
1,2.04E-14,5.40E-14,1,1,1
1,3.26E-09,7.47E-12,1,1,1
0.999999881,8.56E-08,4.36E-11,1,1,1
1,1.07E-12,2.03E-15,1,1,1
1,6.33E-19,2.31E-19,1,1,1
1,6.25E-17,2.44E-17,1,1,1
1,1.45E-11,1.01E-12,1,1,1
1,2.28E-08,9.99E-10,1,1,1
0.999999881,9.23E-08,2.24E-09,1,1,1
1,1.12E-12,4.27E-14,1,1,1
1,1.52E-08,3.42E-10,1,1,1
1,8.03E-10,4.14E-11,1,1,1
1,4.11E-12,2.20E-13,1,1,1
1,4.06E-11,2.24E-12,1,1,1
1,1.64E-13,2.12E-14,1,1,1
1,3.61E-10,5.55E-11,1,1,1
1,1.51E-12,1.65E-13,1,1,1
1,1.80E-14,2.37E-15,1,1,1
1,1.97E-12,1.26E-13,1,1,1
1,3.59E-10,9.17E-12,1,1,1
0.999848008,0.000146479,5.49E-06,1,1,1
0.337763101,0.660960317,0.001276561,2,1,0
1.51E-05,0.999980092,4.75E-06,2,2,1
1.01E-06,0.999998569,4.79E-07,2,2,1
2.43E-08,1,1.66E-08,2,2,1
1.68E-12,1,2.56E-12,2,2,1
1.25E-09,1,5.81E-10,2,2,1
2.55E-10,1,2.66E-10,2,2,1
1.55E-10,1,1.77E-10,2,2,1
3.08E-10,1,8.83E-11,2,2,1
6.53E-10,1,1.22E-09,2,2,1
2.73E-10,1,2.72E-09,2,2,1
2.76E-10,1,1.43E-09,2,2,1
0.00421654,0.995163321,0.000620075,2,2,1
6.65E-05,0.999408126,0.00052534,2,2,1
0.090183899,0.905552208,0.0042639,2,2,1
0.00040503,0.999505401,8.96E-05,2,2,1
0.000114113,0.999876857,9.10E-06,2,2,1
9.99E-09,1,1.48E-08,2,2,1
2.76E-08,0.999999881,1.32E-07,2,2,1
6.62E-09,0.999999881,1.22E-07,2,2,1
6.44E-07,0.999989867,9.56E-06,2,2,1
3.03E-08,0.999998331,1.66E-06,2,2,1
5.35E-08,0.999987841,1.21E-05,2,2,1
2.51E-07,0.99999845,1.26E-06,2,2,1
0.999999881,8.23E-08,2.23E-08,1,1,1
1,8.33E-24,5.98E-22,1,1,1
1,2.90E-37,1.55E-33,1,1,1
1,5.63E-34,7.79E-32,1,1,1
1,1.49E-35,4.47E-33,1,1,1
1,0,0,1,1,1
1,9.26E-33,8.71E-32,1,1,1
1,2.43E-34,1.21E-32,1,1,1
1,0,1.15E-36,1,1,1
1,6.41E-30,6.41E-27,1,1,1
1,1.32E-27,9.18E-24,1,1,1
1,2.15E-24,5.22E-20,1,1,1
1,3.10E-21,7.25E-18,1,1,1
1,1.68E-13,4.86E-14,1,1,1
0.99505192,0.004947231,8.66E-07,1,1,1
1,1.60E-09,4.86E-12,1,1,1
1,1.12E-16,5.93E-18,1,1,1
1,2.02E-21,1.34E-22,1,1,1
1,6.23E-31,9.30E-31,1,1,1
1,0,0,1,1,1
1,6.16E-34,1.52E-33,1,1,1
1,3.95E-19,3.62E-19,1,1,1
1,6.21E-13,8.27E-12,1,1,1
1,3.00E-09,6.52E-10,1,1,1
0.999999881,1.19E-07,1.84E-08,1,1,1
1,1.74E-08,1.30E-09,1,1,1
1,4.53E-15,4.93E-14,1,1,1
1,3.50E-17,8.24E-16,1,1,1
1,7.39E-26,2.39E-25,1,1,1
1,1.20E-31,2.90E-30,1,1,1
1,3.16E-37,5.94E-35,1,1,1
1,1.23E-21,1.45E-21,1,1,1
1,7.08E-24,6.88E-24,1,1,1
1,9.28E-22,3.33E-21,1,1,1
1,1.61E-20,3.18E-20,1,1,1
1,2.79E-27,1.99E-26,1,1,1
1,2.10E-22,3.49E-21,1,1,1
1,1.72E-25,4.90E-24,1,1,1
1,5.46E-17,1.21E-16,1,1,1
1,5.57E-20,1.61E-19,1,1,1
1,9.17E-11,8.07E-12,1,1,1
1,6.90E-11,1.31E-12,1,1,1
1,7.55E-10,1.33E-11,1,1,1
1,8.96E-15,4.49E-16,1,1,1
1,4.12E-15,3.66E-17,1,1,1
1,5.74E-16,5.06E-18,1,1,1
1,2.85E-11,1.44E-13,1,1,1
1,5.22E-10,5.62E-13,1,1,1
1,1.16E-12,1.98E-15,1,1,1
1,2.14E-14,1.67E-16,1,1,1
1,2.09E-19,1.17E-20,1,1,1
1,1.12E-15,1.56E-16,1,1,1
1,2.96E-12,1.33E-13,1,1,1
1,7.87E-13,4.19E-14,1,1,1
1,6.48E-10,1.56E-11,1,1,1
1,1.11E-11,7.56E-13,1,1,1
1,1.34E-13,2.34E-14,1,1,1
1,1.10E-08,3.09E-10,1,1,1
1,5.86E-11,2.95E-12,1,1,1
1,3.52E-11,1.47E-12,1,1,1
1,1.84E-09,5.22E-11,1,1,1
1,3.79E-09,2.63E-10,1,1,1
1,4.40E-12,1.15E-13,1,1,1
1,8.75E-14,6.00E-15,1,1,1
1,2.29E-13,3.93E-14,1,1,1
1,8.54E-09,2.82E-10,1,1,1
0.999997973,1.91E-06,9.39E-08,1,1,1
0.99965632,0.000324207,1.94E-05,1,1,1
0.991057038,0.008774234,0.000168722,1,1,1
0.643419564,0.355772436,0.000807972,1,1,1
2.09E-05,0.999966979,1.21E-05,2,2,1
4.82E-06,0.99999404,1.16E-06,2,2,1
1.90E-09,1,2.11E-09,2,2,1
8.75E-09,1,5.82E-09,2,2,1
1.58E-09,1,1.63E-09,2,2,1
6.68E-09,1,1.88E-09,2,2,1
3.99E-09,1,3.58E-10,2,2,1
5.02E-09,1,4.89E-10,2,2,1
2.43E-09,1,1.68E-09,2,2,1
5.21E-10,1,5.19E-10,2,2,1
1.25E-10,1,6.65E-10,2,2,1
2.55E-09,1,1.64E-08,2,2,1
0.001840673,0.997687936,0.000471445,2,2,1
0.001347233,0.998358428,0.000294328,2,2,1
0.000363911,0.999596417,3.97E-05,2,2,1
2.20E-08,0.999999881,1.05E-07,2,2,1
2.20E-08,0.999999881,8.23E-08,2,2,1
1.03E-06,0.999997735,1.16E-06,2,2,1
4.32E-07,0.999994993,4.55E-06,2,2,1
0.001901606,0.997897744,0.000200738,2,2,1
1.82E-05,0.999948978,3.28E-05,2,2,1
1.96E-06,0.99999392,4.16E-06,2,2,1
1.46E-06,0.999995947,2.67E-06,2,2,1
2.19E-07,0.999998689,1.12E-06,2,2,1
1,2.13E-12,9.65E-12,1,1,1
1,2.65E-18,9.05E-18,1,1,1
1,1.40E-29,1.32E-27,1,1,1
1,7.15E-25,2.08E-24,1,1,1
1,1.21E-29,2.41E-28,1,1,1
1,9.69E-26,3.81E-25,1,1,1
1,6.82E-34,5.58E-32,1,1,1
1,0,7.28E-37,1,1,1
1,9.04E-38,9.38E-35,1,1,1
1,0,1.26E-35,1,1,1
1,3.87E-37,4.18E-33,1,1,1
1,1.65E-31,8.32E-27,1,1,1
1,5.98E-18,3.28E-16,1,1,1
1,4.42E-08,1.14E-10,1,1,1
0.998704553,0.001295463,4.16E-08,1,1,1
1,8.56E-16,4.36E-18,1,1,1
1,1.04E-16,2.15E-18,1,1,1
1,2.40E-19,2.32E-21,1,1,1
1,4.36E-25,2.53E-26,1,1,1
1,8.19E-23,2.74E-23,1,1,1
1,3.11E-18,1.75E-18,1,1,1
1,1.41E-08,4.15E-09,1,1,1
1,4.74E-11,1.85E-10,1,1,1
1,9.49E-09,5.79E-10,1,1,1
1,4.95E-12,6.80E-12,1,1,1
1,8.07E-13,6.68E-12,1,1,1
1,5.59E-12,1.62E-11,1,1,1
1,5.72E-20,1.01E-19,1,1,1
1,4.25E-31,2.85E-30,1,1,1
1,2.31E-33,4.03E-32,1,1,1
1,1.35E-31,4.83E-30,1,1,1
1,0,1.25E-36,1,1,1
1,1.77E-23,3.35E-23,1,1,1
1,7.53E-28,1.27E-26,1,1,1
1,8.10E-27,4.87E-26,1,1,1
1,3.11E-32,1.08E-30,1,1,1
1,1.54E-28,4.84E-27,1,1,1
1,2.02E-26,1.61E-25,1,1,1
1,4.56E-18,3.58E-18,1,1,1
1,6.09E-19,1.03E-18,1,1,1
1,1.33E-14,7.45E-16,1,1,1
1,1.97E-09,4.47E-12,1,1,1
1,2.49E-09,3.18E-11,1,1,1
1,6.72E-15,7.55E-17,1,1,1
1,1.91E-19,1.71E-21,1,1,1
1,2.52E-13,8.89E-15,1,1,1
1,8.17E-14,1.23E-17,1,1,1
1,2.72E-10,4.15E-13,1,1,1
1,2.56E-13,2.09E-15,1,1,1
1,1.15E-13,7.14E-15,1,1,1
1,4.37E-14,6.15E-16,1,1,1
1,7.80E-13,2.62E-14,1,1,1
1,1.04E-08,1.10E-10,1,1,1
0.999999523,4.77E-07,3.80E-09,1,1,1
1,1.20E-12,3.94E-14,1,1,1
1,4.08E-11,2.87E-12,1,1,1
1,2.23E-12,6.34E-13,1,1,1
1,1.20E-12,1.02E-13,1,1,1
1,2.72E-09,8.47E-11,1,1,1
1,9.10E-10,4.04E-11,1,1,1
1,2.34E-10,1.11E-11,1,1,1
1,2.71E-09,3.41E-10,1,1,1
1,8.09E-13,4.82E-14,1,1,1
1,3.10E-10,1.52E-11,1,1,1
1,3.44E-12,5.21E-13,1,1,1
1,4.42E-12,9.38E-13,1,1,1
1,5.81E-11,8.25E-12,1,1,1
0.999999404,6.09E-07,5.62E-08,1,1,1
0.999992728,6.80E-06,4.45E-07,1,1,1
0.999901056,9.66E-05,2.35E-06,1,1,1
0.534602582,0.464576989,0.000820481,1,2,0
1.62E-06,0.99999702,1.31E-06,2,2,1
6.33E-09,1,1.23E-08,2,2,1
8.16E-08,0.999999762,6.37E-08,2,2,1
3.14E-07,0.999999642,3.07E-08,2,2,1
5.62E-07,0.999999404,2.77E-08,2,2,1
7.91E-10,1,8.79E-11,2,2,1
6.13E-09,1,1.00E-09,2,2,1
6.86E-11,1,7.28E-11,2,2,1
6.48E-10,1,1.29E-09,2,2,1
1.19E-10,1,3.19E-10,2,2,1
6.16E-12,1,7.35E-11,2,2,1
4.38E-09,1,1.11E-08,2,2,1
1.45E-07,0.999999046,8.56E-07,2,2,1
0.000174498,0.999762833,6.27E-05,2,2,1
1.05E-07,0.999999404,4.45E-07,2,2,1
1.89E-09,1,3.06E-08,2,2,1
5.67E-08,0.999999762,2.44E-07,2,2,1
1.84E-06,0.999996305,1.95E-06,2,2,1
0.00889982,0.990695,0.000405244,2,2,1
0.03561601,0.962717056,0.001666938,2,2,1
0.206664696,0.79097563,0.002359724,2,2,1
0.008627615,0.990809441,0.000562941,2,2,1
9.14E-08,0.999999404,4.26E-07,2,2,1
1,2.00E-13,9.31E-13,1,1,1
1,1.68E-27,9.40E-25,1,1,1
1,3.93E-19,1.06E-18,1,1,1
1,9.02E-31,4.04E-29,1,1,1
1,3.36E-29,5.90E-28,1,1,1
1,4.70E-29,2.30E-28,1,1,1
1,5.52E-32,2.62E-30,1,1,1
1,1.15E-26,2.53E-26,1,1,1
1,8.94E-37,8.82E-34,1,1,1
1,2.89E-33,1.15E-29,1,1,1
1,1.12E-35,1.10E-31,1,1,1
1,1.24E-24,1.25E-21,1,1,1
1,3.73E-15,4.73E-15,1,1,1
1,7.31E-15,5.46E-16,1,1,1
1,2.33E-13,1.29E-16,1,1,1
1,3.32E-23,5.91E-25,1,1,1
1,2.04E-18,1.09E-20,1,1,1
1,4.10E-22,1.47E-24,1,1,1
1,1.94E-19,3.32E-22,1,1,1
1,6.06E-22,6.67E-24,1,1,1
1,3.44E-12,7.42E-14,1,1,1
1,1.24E-11,1.85E-12,1,1,1
0.999995351,4.55E-06,6.27E-08,1,1,1
1,1.98E-17,3.03E-16,1,1,1
1,2.91E-15,6.22E-14,1,1,1
1,5.67E-12,2.12E-11,1,1,1
1,2.70E-12,3.25E-12,1,1,1
1,9.52E-23,3.63E-22,1,1,1
1,2.01E-21,6.76E-22,1,1,1
1,1.70E-27,3.50E-27,1,1,1
1,8.82E-32,6.00E-31,1,1,1
1,1.69E-19,8.16E-20,1,1,1
1,1.75E-17,4.46E-18,1,1,1
1,3.13E-17,1.36E-17,1,1,1
1,1.55E-20,1.82E-20,1,1,1
1,4.86E-27,9.61E-27,1,1,1
1,1.06E-28,1.29E-27,1,1,1
1,3.36E-28,5.43E-28,1,1,1
1,2.19E-30,2.66E-29,1,1,1
1,8.14E-17,4.32E-18,1,1,1
1,1.19E-17,1.28E-18,1,1,1
1,5.86E-14,1.68E-15,1,1,1
1,1.02E-15,2.15E-16,1,1,1
1,1.43E-18,1.16E-19,1,1,1
1,8.39E-16,9.53E-17,1,1,1
1,4.06E-14,7.27E-16,1,1,1
1,1.59E-15,1.76E-17,1,1,1
1,6.98E-16,8.85E-18,1,1,1
1,4.03E-12,1.16E-13,1,1,1
1,6.13E-16,7.70E-17,1,1,1
1,2.15E-11,4.30E-13,1,1,1
1,9.58E-10,1.84E-11,1,1,1
0.999999881,1.16E-07,2.34E-09,1,1,1
1,3.35E-10,1.82E-12,1,1,1
1,1.47E-09,6.67E-11,1,1,1
1,2.14E-13,1.21E-14,1,1,1
1,1.09E-09,1.14E-09,1,1,1
1,5.87E-11,9.11E-12,1,1,1
1,3.08E-11,1.38E-12,1,1,1
1,1.21E-09,4.98E-11,1,1,1
1,1.36E-09,9.87E-11,1,1,1
1,3.28E-12,4.54E-13,1,1,1
1,1.52E-11,5.00E-13,1,1,1
1,2.97E-12,1.06E-13,1,1,1
1,2.63E-13,2.95E-14,1,1,1
1,8.60E-11,6.93E-12,1,1,1
1,1.77E-09,1.06E-10,1,1,1
0.999999881,8.77E-08,4.08E-09,1,1,1
0.999997735,2.13E-06,9.91E-08,1,1,1
0.999578655,0.000411878,9.37E-06,1,1,1
0.951808393,0.047493301,0.000698371,1,1,1
0.000391252,0.999568522,4.02E-05,2,2,1
3.92E-07,0.999999404,1.88E-07,2,2,1
1.81E-07,0.999999762,4.07E-08,2,2,1
9.15E-09,1,5.67E-09,2,2,1
4.81E-06,0.999994993,2.81E-07,2,2,1
1.56E-06,0.999998331,6.19E-08,2,2,1
1.44E-08,1,1.32E-09,2,2,1
4.79E-10,1,1.07E-10,2,2,1
2.08E-13,1,7.01E-13,2,2,1
4.41E-11,1,1.32E-10,2,2,1
1.30E-11,1,5.64E-11,2,2,1
6.37E-11,1,1.71E-10,2,2,1
9.56E-12,1,7.26E-10,2,2,1
6.55E-09,0.999999881,1.47E-07,2,2,1
4.93E-09,1,4.77E-08,2,2,1
4.22E-07,0.99999845,1.03E-06,2,2,1
1.36E-06,0.999996781,1.90E-06,2,2,1
5.46E-08,0.999999762,2.87E-07,2,2,1
2.17E-05,0.999961257,1.71E-05,2,2,1
0.07139986,0.927389622,0.001210598,2,2,1
0.999590576,0.000160176,0.000249232,1,1,1
0.998029649,0.001424029,0.000546281,1,1,1
0.000298328,0.999635577,6.62E-05,2,2,1
1,2.91E-13,4.28E-12,1,1,1
1,6.66E-29,1.12E-24,1,1,1
1,1.39E-35,5.24E-31,1,1,1
1,7.68E-37,5.96E-33,1,1,1
1,0,4.01E-37,1,1,1
1,0,0,1,1,1
1,1.08E-24,2.97E-24,1,1,1
1,0,4.37E-38,1,1,1
1,3.25E-37,4.00E-35,1,1,1
1,0,6.25E-36,1,1,1
1,4.61E-29,1.96E-25,1,1,1
1,9.33E-29,1.20E-25,1,1,1
1,5.99E-17,1.04E-15,1,1,1
1,8.25E-13,4.00E-14,1,1,1
1,1.01E-12,8.86E-15,1,1,1
1,7.19E-20,1.82E-22,1,1,1
1,2.18E-26,5.16E-28,1,1,1
1,2.17E-16,1.33E-18,1,1,1
1,6.27E-20,3.06E-22,1,1,1
1,3.67E-23,9.46E-26,1,1,1
1,1.41E-19,1.62E-22,1,1,1
1,9.55E-12,4.68E-14,1,1,1
1,2.97E-09,2.72E-12,1,1,1
0.999650478,0.000348164,1.28E-06,1,1,1
1,8.77E-09,6.20E-10,1,1,1
1,1.10E-17,5.45E-18,1,1,1
1,5.03E-18,7.13E-17,1,1,1
1,8.47E-16,1.01E-15,1,1,1
1,3.95E-23,2.89E-23,1,1,1
1,9.12E-25,1.15E-24,1,1,1
1,2.07E-23,2.39E-24,1,1,1
1,7.54E-21,2.72E-21,1,1,1
1,1.12E-21,1.19E-21,1,1,1
1,1.79E-20,7.74E-21,1,1,1
1,9.92E-21,1.43E-21,1,1,1
1,1.18E-26,1.49E-26,1,1,1
1,1.15E-15,3.22E-16,1,1,1
1,2.01E-21,9.44E-22,1,1,1
1,3.06E-22,2.32E-22,1,1,1
1,4.02E-22,1.12E-22,1,1,1
1,5.70E-27,2.40E-26,1,1,1
1,5.33E-20,7.55E-21,1,1,1
1,9.51E-24,2.25E-25,1,1,1
1,1.94E-22,2.82E-24,1,1,1
1,5.26E-16,1.37E-17,1,1,1
1,2.05E-14,2.77E-15,1,1,1
1,2.99E-22,2.71E-24,1,1,1
1,8.28E-18,6.80E-20,1,1,1
1,3.12E-13,1.59E-14,1,1,1
1,1.53E-14,1.59E-16,1,1,1
1,6.39E-17,8.39E-19,1,1,1
1,2.22E-12,2.23E-14,1,1,1
1,4.92E-08,7.56E-10,1,1,1
1,1.33E-09,3.59E-12,1,1,1
1,3.58E-08,1.02E-09,1,1,1
0.999999881,6.19E-08,8.40E-10,1,1,1
1,1.17E-09,2.43E-11,1,1,1
1,5.14E-13,2.10E-14,1,1,1
1,9.00E-12,4.88E-13,1,1,1
1,2.58E-09,1.09E-10,1,1,1
1,9.86E-13,6.22E-14,1,1,1
1,2.58E-13,1.59E-14,1,1,1
1,1.01E-13,1.94E-14,1,1,1
1,1.11E-11,3.68E-12,1,1,1
1,4.72E-09,2.59E-10,1,1,1
1,5.14E-10,2.38E-11,1,1,1
1,1.24E-11,1.79E-12,1,1,1
1,5.12E-11,5.85E-12,1,1,1
1,5.73E-08,2.15E-09,1,1,1
1,3.68E-08,1.68E-09,1,1,1
0.999987125,1.26E-05,2.87E-07,1,1,1
0.998412251,0.001562861,2.49E-05,1,1,1
0.848255217,0.150716975,0.00102777,1,1,1
0.996690392,0.003282157,2.75E-05,1,1,1
0.892868161,0.106696256,0.00043555,1,1,1
0.104647078,0.894788384,0.00056464,2,1,0
1.07E-05,0.999988079,1.18E-06,2,2,1
4.03E-07,0.999999642,4.26E-08,2,2,1
4.33E-09,1,2.69E-09,2,2,1
6.84E-10,1,3.27E-10,2,2,1
4.83E-12,1,1.56E-11,2,2,1
4.45E-11,1,2.92E-11,2,2,1
1.93E-12,1,2.00E-11,2,2,1
4.42E-11,1,2.21E-11,2,2,1
1.16E-12,1,8.56E-11,2,2,1
4.01E-12,1,1.62E-10,2,2,1
3.08E-11,1,1.99E-09,2,2,1
1.25E-09,0.999999881,7.38E-08,2,2,1
3.53E-07,0.999998927,7.11E-07,2,2,1
8.64E-09,1,3.25E-08,2,2,1
4.98E-08,0.999999881,1.77E-07,2,2,1
1.04E-05,0.999956846,3.28E-05,2,2,1
0.993903816,0.005309943,0.000786208,1,1,1
0.995056987,0.003971478,0.000971512,1,1,1
1,2.01E-08,3.52E-09,1,1,1
1,1.80E-18,4.88E-18,1,1,1
1,2.47E-24,3.93E-23,1,1,1
1,3.40E-18,1.78E-18,1,1,1
1,2.28E-18,6.45E-19,1,1,1
1,8.48E-21,6.87E-21,1,1,1
1,5.92E-22,9.73E-22,1,1,1
1,7.09E-27,7.70E-26,1,1,1
1,4.30E-29,2.30E-27,1,1,1
1,1.34E-32,6.98E-29,1,1,1
1,4.01E-24,3.86E-21,1,1,1
1,7.52E-22,2.48E-20,1,1,1
1,5.06E-25,5.65E-24,1,1,1
1,6.39E-20,2.68E-21,1,1,1
1,2.27E-22,9.62E-24,1,1,1
1,0,0,1,1,1
1,0,0,1,1,1
1,2.41E-12,2.02E-14,1,1,1
1,2.64E-19,4.34E-22,1,1,1
1,2.80E-23,3.11E-26,1,1,1
1,3.22E-16,1.10E-18,1,1,1
1,6.02E-12,1.16E-14,1,1,1
1,2.45E-14,8.66E-17,1,1,1
1,5.19E-14,4.80E-16,1,1,1
1,2.08E-11,2.23E-13,1,1,1
1,2.64E-10,7.71E-12,1,1,1
1,1.76E-15,1.61E-16,1,1,1
1,4.21E-15,1.83E-16,1,1,1
1,3.26E-11,9.69E-13,1,1,1
1,1.75E-13,5.72E-15,1,1,1
1,4.31E-15,1.25E-16,1,1,1
1,1.11E-14,6.08E-16,1,1,1
1,3.52E-32,1.04E-30,1,1,1
1,1.41E-16,3.16E-17,1,1,1
1,8.18E-13,5.65E-14,1,1,1
1,2.11E-16,1.69E-17,1,1,1
1,8.13E-14,5.52E-15,1,1,1
1,5.01E-21,6.94E-22,1,1,1
1,7.33E-19,1.15E-19,1,1,1
1,4.42E-26,3.59E-26,1,1,1
1,5.02E-22,8.13E-23,1,1,1
1,1.25E-23,3.45E-24,1,1,1
1,2.69E-17,7.27E-19,1,1,1
1,1.31E-14,1.98E-16,1,1,1
1,7.67E-14,1.07E-15,1,1,1
1,6.44E-19,1.11E-20,1,1,1
1,5.02E-15,1.21E-15,1,1,1
1,5.13E-12,5.61E-14,1,1,1
1,8.53E-14,2.37E-16,1,1,1
1,4.71E-13,3.71E-15,1,1,1
1,4.06E-13,3.13E-15,1,1,1
1,2.15E-10,2.10E-12,1,1,1
1,4.75E-13,9.13E-16,1,1,1
1,5.60E-14,1.70E-16,1,1,1
1,6.37E-11,6.47E-13,1,1,1
1,4.69E-09,3.98E-11,1,1,1
0.999995708,4.18E-06,7.00E-08,1,1,1
0.999999642,3.70E-07,5.48E-09,1,1,1
1,6.84E-12,4.98E-13,1,1,1
1,1.47E-13,1.27E-14,1,1,1
1,1.28E-11,6.78E-13,1,1,1
1,2.31E-12,5.66E-13,1,1,1
1,3.24E-11,3.99E-12,1,1,1
1,9.07E-10,1.97E-10,1,1,1
1,3.59E-12,9.75E-12,1,1,1
1,6.99E-14,3.83E-14,1,1,1
1,2.42E-10,2.50E-11,1,1,1
1,1.09E-09,1.81E-10,1,1,1
1,5.26E-10,5.76E-11,1,1,1
1,1.38E-11,2.46E-12,1,1,1
1,1.42E-08,1.95E-09,1,1,1
1,2.61E-09,2.72E-10,1,1,1
0.999327183,0.000667576,5.27E-06,1,1,1
0.997244358,0.002736348,1.93E-05,1,1,1
0.967100918,0.032749698,0.000149429,1,1,1
0.987872124,0.012079169,4.88E-05,1,1,1
0.00021053,0.999782741,6.74E-06,2,2,1
2.54E-05,0.999973297,1.31E-06,2,2,1
5.29E-09,1,2.97E-09,2,2,1
4.86E-11,1,4.15E-10,2,2,1
4.71E-11,1,6.26E-11,2,2,1
3.91E-11,1,6.92E-10,2,2,1
4.52E-11,1,2.12E-09,2,2,1
1.92E-11,1,4.06E-10,2,2,1
5.55E-12,1,7.42E-10,2,2,1
5.27E-11,1,2.71E-10,2,2,1
2.41E-10,1,4.06E-10,2,2,1
1.12E-11,1,2.12E-10,2,2,1
1.47E-09,1,9.22E-09,2,2,1
6.78E-09,1,1.05E-08,2,2,1
1.49E-07,0.999999762,1.13E-07,2,2,1
8.44E-05,0.999901652,1.39E-05,2,2,1
0.000160547,0.999817431,2.20E-05,2,2,1
2.14E-05,0.99996984,8.67E-06,2,2,1
1,4.47E-11,4.88E-11,1,1,1
1,1.41E-14,7.04E-15,1,1,1
1,2.55E-22,1.59E-21,1,1,1
1,6.14E-18,1.80E-18,1,1,1
1,2.29E-32,7.42E-30,1,1,1
1,1.73E-35,2.38E-32,1,1,1
1,7.39E-32,2.83E-29,1,1,1
1,5.32E-33,1.75E-29,1,1,1
1,6.34E-25,6.84E-23,1,1,1
1,1.48E-21,1.21E-19,1,1,1
1,1.04E-22,7.99E-21,1,1,1
1,6.67E-22,3.80E-22,1,1,1
1,2.96E-23,8.67E-24,1,1,1
1,1.48E-20,2.35E-22,1,1,1
1,2.50E-21,6.18E-23,1,1,1
1,7.81E-21,1.68E-22,1,1,1
1,8.81E-18,4.47E-20,1,1,1
1,8.92E-18,9.47E-20,1,1,1
1,2.34E-21,4.47E-24,1,1,1
1,2.27E-25,5.79E-28,1,1,1
1,1.15E-16,2.78E-19,1,1,1
1,5.38E-11,1.52E-13,1,1,1
1,2.10E-13,3.05E-16,1,1,1
1,7.95E-11,2.70E-13,1,1,1
1,2.31E-14,2.07E-16,1,1,1
1,1.01E-19,7.37E-21,1,1,1
0.999999881,1.26E-07,9.91E-09,1,1,1
0.999999881,6.79E-08,5.19E-09,1,1,1
0.999952555,4.38E-05,3.55E-06,1,1,1
0.999998689,1.22E-06,8.53E-08,1,1,1
0.999995351,4.51E-06,1.39E-07,1,1,1
0.999505997,0.000493335,7.44E-07,1,1,1
1,1.51E-09,5.04E-11,1,1,1
1,6.50E-18,1.18E-18,1,1,1
1,8.38E-18,1.77E-18,1,1,1
1,1.34E-17,7.56E-19,1,1,1
1,4.28E-19,5.92E-20,1,1,1
1,2.37E-20,5.27E-21,1,1,1
1,1.15E-23,2.32E-24,1,1,1
1,5.67E-19,8.37E-20,1,1,1
1,1.58E-19,3.49E-20,1,1,1
1,3.19E-22,1.78E-22,1,1,1
1,1.67E-20,3.78E-22,1,1,1
1,2.44E-19,1.59E-21,1,1,1
1,4.18E-20,3.17E-22,1,1,1
1,1.08E-19,4.83E-21,1,1,1
1,1.28E-11,5.17E-13,1,1,1
1,2.25E-15,3.12E-18,1,1,1
1,1.26E-13,2.48E-15,1,1,1
1,1.02E-20,2.00E-23,1,1,1
1,3.27E-17,9.58E-20,1,1,1
1,2.62E-17,4.63E-20,1,1,1
1,2.70E-14,1.89E-16,1,1,1
1,7.16E-22,1.18E-23,1,1,1
0.999999881,1.01E-07,8.07E-10,1,1,1
0.999999642,3.11E-07,2.04E-09,1,1,1
0.999464929,0.000533753,1.37E-06,1,1,1
0.999974132,2.54E-05,4.20E-07,1,1,1
0.999999404,5.56E-07,1.44E-08,1,1,1
1,1.29E-08,5.66E-10,1,1,1
1,5.38E-11,1.99E-12,1,1,1
1,7.66E-13,1.70E-13,1,1,1
1,1.00E-10,4.39E-11,1,1,1
1,5.83E-14,7.66E-14,1,1,1
1,3.58E-13,1.09E-12,1,1,1
1,2.56E-12,3.67E-13,1,1,1
1,4.26E-09,3.84E-10,1,1,1
1,4.09E-09,4.96E-10,1,1,1
1,5.08E-10,2.01E-10,1,1,1
1,4.18E-10,3.14E-10,1,1,1
1,1.67E-10,4.40E-10,1,1,1
1,1.42E-09,2.09E-10,1,1,1
0.999950171,4.84E-05,1.40E-06,1,1,1
1,9.58E-09,1.18E-09,1,1,1
0.999650121,0.000344252,5.56E-06,1,1,1
0.973611355,0.026294274,9.44E-05,1,1,1
9.43E-08,0.999999881,2.64E-08,2,2,1
1.58E-08,1,5.23E-10,2,2,1
5.38E-08,1,4.24E-09,2,2,1
2.82E-10,1,5.88E-11,2,2,1
1.99E-11,1,8.85E-11,2,2,1
4.13E-12,1,1.51E-11,2,2,1
3.96E-12,1,5.22E-10,2,2,1
2.80E-12,1,1.65E-10,2,2,1
6.77E-12,1,1.03E-10,2,2,1
8.49E-12,1,2.35E-10,2,2,1
3.81E-11,1,2.33E-10,2,2,1
1.67E-11,1,5.75E-11,2,2,1
1.44E-10,1,1.16E-09,2,2,1
3.56E-09,1,1.79E-08,2,2,1
1.48E-07,0.999999642,2.34E-07,2,2,1
0.999999166,7.35E-07,1.05E-07,1,1,1
1,1.92E-11,2.87E-12,1,1,1
1,3.37E-15,4.21E-15,1,1,1
1,2.24E-18,4.06E-17,1,1,1
1,1.01E-19,1.09E-18,1,1,1
1,3.98E-35,3.86E-32,1,1,1
1,1.01E-37,1.54E-34,1,1,1
1,2.21E-30,1.54E-28,1,1,1
1,6.68E-23,1.62E-21,1,1,1
1,8.21E-22,3.61E-20,1,1,1
1,2.99E-21,1.89E-20,1,1,1
1,3.03E-15,1.18E-15,1,1,1
1,5.72E-23,6.38E-24,1,1,1
1,2.67E-20,6.99E-22,1,1,1
1,5.26E-17,3.98E-19,1,1,1
1,2.34E-28,6.74E-30,1,1,1
1,3.00E-19,5.87E-21,1,1,1
1,6.78E-16,1.44E-17,1,1,1
1,7.44E-22,2.55E-24,1,1,1
1,4.65E-27,7.24E-30,1,1,1
1,6.07E-14,3.82E-17,1,1,1
1,6.06E-21,1.42E-23,1,1,1
1,3.70E-11,9.49E-14,1,1,1
1,1.48E-11,7.63E-14,1,1,1
1,2.00E-08,1.45E-10,1,1,1
1,1.53E-08,9.98E-11,1,1,1
1,2.01E-08,5.11E-10,1,1,1
0.999988556,1.11E-05,3.06E-07,1,1,1
0.999580681,0.000400661,1.87E-05,1,1,1
0.999999523,1.75E-07,3.24E-07,1,1,1
0.95605582,0.043904308,3.99E-05,1,1,1
5.49E-05,0.999944329,7.91E-07,2,2,1
3.42E-06,0.999996543,3.38E-08,2,2,1
0.956045508,0.043940675,1.37E-05,1,1,1
0.940690756,0.059158023,0.000151201,1,1,1
0.999915361,8.30E-05,1.72E-06,1,1,1
0.999999642,3.51E-07,2.72E-08,1,1,1
0.999999404,5.92E-07,4.28E-08,1,1,1
1,1.47E-08,4.68E-10,1,1,1
1,1.92E-13,8.90E-15,1,1,1
1,3.84E-14,2.22E-15,1,1,1
1,4.64E-08,5.28E-10,1,1,1
1,2.11E-09,2.32E-11,1,1,1
1,1.22E-16,2.18E-18,1,1,1
1,6.69E-24,2.35E-24,1,1,1
1,4.83E-22,8.74E-23,1,1,1
1,7.54E-20,8.81E-21,1,1,1
1,2.37E-15,1.12E-16,1,1,1
1,2.74E-15,2.02E-17,1,1,1
1,2.75E-15,6.22E-18,1,1,1
1,1.03E-20,5.64E-23,1,1,1
1,1.32E-17,4.79E-20,1,1,1
1,7.37E-16,3.82E-18,1,1,1
1,3.59E-11,1.70E-13,1,1,1
0.999999881,7.36E-08,3.18E-10,1,1,1
0.999999642,3.93E-07,4.00E-09,1,1,1
0.999999762,2.42E-07,2.60E-09,1,1,1
0.999998093,1.93E-06,3.39E-08,1,1,1
0.999993563,6.40E-06,2.52E-08,1,1,1
0.999999046,9.07E-07,1.26E-08,1,1,1
1,4.92E-08,9.83E-10,1,1,1
1,2.54E-08,5.75E-10,1,1,1
1,8.38E-09,4.27E-10,1,1,1
1,1.63E-10,1.35E-11,1,1,1
1,1.99E-13,9.67E-14,1,1,1
1,1.94E-10,3.25E-11,1,1,1
1,5.27E-09,1.22E-10,1,1,1
1,2.28E-08,1.34E-09,1,1,1
1,1.35E-08,6.81E-10,1,1,1
1,2.88E-09,1.59E-10,1,1,1
1,2.11E-09,1.82E-10,1,1,1
1,5.27E-09,6.48E-10,1,1,1
1,2.44E-08,2.09E-09,1,1,1
0.999999881,1.55E-07,1.26E-08,1,1,1
0.999993086,6.39E-06,4.56E-07,1,1,1
0.99661839,0.003328789,5.27E-05,1,1,1
0.654393673,0.34522295,0.000383439,1,1,1
6.51E-08,0.999999881,3.89E-08,2,2,1
3.46E-08,1,2.33E-08,2,2,1
4.03E-08,1,2.88E-09,2,2,1
1.73E-09,1,4.49E-10,2,2,1
5.14E-10,1,2.48E-10,2,2,1
5.19E-11,1,2.94E-11,2,2,1
4.07E-11,1,9.65E-10,2,2,1
7.31E-10,1,2.56E-09,2,2,1
4.49E-10,1,2.18E-08,2,2,1
1.20E-10,1,9.23E-10,2,2,1
5.65E-12,1,2.89E-11,2,2,1
4.02E-11,1,2.40E-10,2,2,1
7.54E-11,1,1.24E-09,2,2,1
1,1.42E-12,4.47E-12,1,1,1
1,7.72E-15,6.86E-15,1,1,1
1,1.12E-32,5.38E-29,1,1,1
1,4.57E-23,1.05E-20,1,1,1
1,4.25E-25,7.85E-23,1,1,1
1,7.79E-30,8.08E-28,1,1,1
1,3.51E-26,1.20E-25,1,1,1
1,2.22E-26,5.88E-26,1,1,1
1,1.99E-24,1.76E-24,1,1,1
1,3.74E-20,2.67E-20,1,1,1
1,2.42E-30,6.02E-29,1,1,1
1,1.46E-26,2.21E-25,1,1,1
1,7.83E-26,1.16E-26,1,1,1
1,4.76E-19,2.33E-20,1,1,1
1,2.16E-13,4.73E-15,1,1,1
1,6.58E-17,9.32E-19,1,1,1
1,5.90E-16,1.10E-17,1,1,1
1,6.05E-24,1.95E-25,1,1,1
1,9.74E-16,1.58E-17,1,1,1
1,6.89E-20,3.29E-22,1,1,1
1,2.50E-11,2.74E-14,1,1,1
1,2.79E-14,1.30E-16,1,1,1
1,7.88E-10,1.47E-11,1,1,1
0.999999881,7.70E-08,7.99E-11,1,1,1
0.999998212,1.81E-06,3.69E-09,1,1,1
0.999883056,0.000116514,4.07E-07,1,1,1
0.999991894,8.01E-06,1.21E-07,1,1,1
0.169834584,0.830153883,1.15E-05,2,2,1
0.265107185,0.734876513,1.63E-05,2,2,1
0.012105856,0.98787272,2.14E-05,2,2,1
0.000559937,0.999439657,3.73E-07,2,2,1
1.28E-06,0.999998689,1.87E-08,2,2,1
6.86E-10,1,2.89E-11,2,2,1
1.54E-09,1,5.07E-11,2,2,1
4.33E-07,0.999999523,8.57E-09,2,2,1
1.69E-07,0.999999881,4.56E-09,2,2,1
1.02E-09,1,4.36E-11,2,2,1
1.77E-07,0.999999881,2.93E-09,2,2,1
3.81E-05,0.999961734,6.20E-08,2,2,1
0.999999762,2.10E-07,1.20E-09,1,1,1
0.999999762,2.24E-07,8.00E-09,1,1,1
0.999898672,0.000100833,5.27E-07,1,1,1
0.999996424,3.53E-06,8.53E-09,1,1,1
1,7.07E-13,7.64E-15,1,1,1
1,1.42E-14,5.84E-16,1,1,1
1,9.18E-16,2.40E-17,1,1,1
1,1.16E-18,9.02E-21,1,1,1
1,4.24E-21,3.14E-23,1,1,1
1,7.17E-18,9.21E-21,1,1,1
1,5.47E-14,1.84E-16,1,1,1
1,1.32E-17,8.52E-20,1,1,1
1,6.53E-14,5.27E-16,1,1,1
1,6.20E-11,5.67E-13,1,1,1
1,8.97E-09,1.04E-10,1,1,1
0.999996901,3.09E-06,2.40E-08,1,1,1
0.999998689,1.29E-06,7.11E-09,1,1,1
1,5.16E-08,7.54E-10,1,1,1
0.999952912,4.69E-05,1.08E-07,1,1,1
1,6.44E-15,9.42E-17,1,1,1
1,4.50E-08,9.93E-10,1,1,1
0.999999523,4.69E-07,6.47E-09,1,1,1
0.99999845,1.50E-06,3.27E-08,1,1,1
0.999999642,3.36E-07,8.20E-09,1,1,1
1,1.13E-10,7.16E-12,1,1,1
0.999998689,1.29E-06,2.17E-08,1,1,1
1,3.68E-08,1.57E-09,1,1,1
0.999999762,2.47E-07,4.16E-09,1,1,1
1,1.93E-09,1.04E-10,1,1,1
0.999999881,9.68E-08,2.57E-09,1,1,1
0.999999762,1.86E-07,5.22E-09,1,1,1
0.999999285,6.68E-07,1.24E-08,1,1,1
0.999979138,2.04E-05,4.43E-07,1,1,1
0.999997616,2.24E-06,6.86E-08,1,1,1
0.999995112,4.61E-06,1.85E-07,1,1,1
0.999966621,3.27E-05,7.34E-07,1,1,1
0.999963164,3.54E-05,1.39E-06,1,1,1
0.999207914,0.000780008,1.21E-05,1,1,1
0.40936774,0.589775085,0.000857202,2,2,1
6.28E-06,0.999991894,1.81E-06,2,2,1
5.67E-08,1,2.14E-08,2,2,1
3.24E-09,1,1.23E-10,2,2,1
6.39E-09,1,6.67E-10,2,2,1
2.57E-11,1,4.87E-12,2,2,1
1.74E-10,1,8.80E-11,2,2,1
3.37E-10,1,3.32E-10,2,2,1
1.35E-10,1,2.94E-09,2,2,1
1.09E-10,1,2.70E-09,2,2,1
4.27E-10,1,2.19E-09,2,2,1
1.73E-11,1,9.20E-11,2,2,1
2.51E-09,1,9.02E-10,2,2,1
0.999998689,1.09E-06,2.21E-07,1,1,1
1,2.07E-14,3.78E-14,1,1,1
1,7.22E-23,4.21E-21,1,1,1
1,7.22E-36,3.56E-31,1,1,1
1,4.00E-31,1.55E-27,1,1,1
1,1.04E-37,1.98E-33,1,1,1
1,3.09E-35,7.70E-33,1,1,1
1,8.05E-24,1.15E-23,1,1,1
1,7.90E-17,1.77E-17,1,1,1
1,1.29E-19,1.94E-20,1,1,1
1,3.29E-24,1.30E-24,1,1,1
1,7.13E-23,1.59E-23,1,1,1
1,9.25E-29,1.34E-28,1,1,1
1,3.73E-15,2.44E-16,1,1,1
1,2.47E-11,4.66E-12,1,1,1
1,1.95E-11,2.00E-12,1,1,1
1,3.57E-09,1.52E-10,1,1,1
1,1.35E-12,1.18E-13,1,1,1
1,9.55E-12,5.53E-13,1,1,1
1,1.85E-11,8.86E-13,1,1,1
1,4.94E-17,2.46E-18,1,1,1
1,3.38E-19,2.42E-21,1,1,1
1,2.51E-13,2.71E-15,1,1,1
0.999847651,0.000152374,1.74E-09,1,1,1
0.029212128,0.970786273,1.63E-06,2,2,1
0.015679492,0.984319031,1.56E-06,2,2,1
4.60E-05,0.999953628,3.53E-07,2,2,1
4.32E-05,0.999956727,9.73E-08,2,2,1
7.37E-07,0.999999285,1.52E-09,2,2,1
2.34E-09,1,4.92E-11,2,2,1
2.93E-08,1,5.09E-10,2,2,1
8.20E-12,1,6.96E-13,2,2,1
3.82E-09,1,1.27E-10,2,2,1
2.39E-09,1,4.07E-11,2,2,1
4.45E-11,1,5.75E-13,2,2,1
9.87E-13,1,4.26E-14,2,2,1
3.50E-11,1,1.61E-12,2,2,1
1.14E-10,1,6.28E-12,2,2,1
2.10E-10,1,1.63E-11,2,2,1
7.87E-07,0.999999166,2.17E-09,2,2,1
0.999761045,0.000239,2.55E-08,1,1,1
0.999999762,1.80E-07,4.73E-10,1,1,1
0.999999881,1.57E-07,2.23E-09,1,1,1
1,8.64E-18,4.56E-19,1,1,1
1,3.16E-17,2.76E-18,1,1,1
1,7.09E-16,6.28E-18,1,1,1
1,7.18E-15,2.01E-16,1,1,1
1,1.63E-17,1.58E-19,1,1,1
1,5.56E-13,4.22E-15,1,1,1
1,1.97E-11,1.32E-13,1,1,1
0.999996901,3.10E-06,3.69E-08,1,1,1
1,5.92E-11,7.57E-13,1,1,1
0.999999762,2.91E-07,1.90E-09,1,1,1
0.999958277,4.14E-05,3.42E-07,1,1,1
0.000138414,0.999850154,1.14E-05,2,2,1
0.029968217,0.970013261,1.84E-05,2,1,0
0.000397071,0.999593794,9.22E-06,2,2,1
0.999999285,6.56E-07,4.87E-10,1,1,1
0.999999642,3.30E-07,2.75E-09,1,1,1
1,1.34E-15,1.22E-16,1,1,1
1,1.08E-11,3.60E-13,1,1,1
1,4.65E-08,1.07E-09,1,1,1
1,9.30E-09,1.94E-10,1,1,1
1,6.63E-10,1.75E-11,1,1,1
1,1.80E-12,1.32E-13,1,1,1
0.999996424,3.57E-06,7.60E-09,1,1,1
0.999999285,6.82E-07,1.52E-08,1,1,1
0.999998808,1.15E-06,9.58E-09,1,1,1
1,1.88E-09,6.00E-10,1,1,1
1,2.28E-10,1.49E-10,1,1,1
0.999999762,2.71E-07,1.94E-08,1,1,1
0.999995589,4.32E-06,1.01E-07,1,1,1
0.999999523,5.33E-07,3.16E-08,1,1,1
0.99999094,8.71E-06,3.22E-07,1,1,1
0.999937057,6.24E-05,5.79E-07,1,1,1
0.999999762,2.10E-07,2.40E-08,1,1,1
0.994847178,0.004866291,0.000286468,1,1,1
0.914367318,0.085194111,0.000438507,1,1,1
0.00010026,0.999887228,1.25E-05,2,2,1
1.38E-06,0.999997735,8.90E-07,2,2,1
4.34E-08,1,9.76E-09,2,2,1
1.94E-06,0.999998093,1.61E-08,2,2,1
2.44E-07,0.999999762,3.24E-08,2,2,1
4.54E-11,1,1.34E-11,2,2,1
1.33E-12,1,8.23E-12,2,2,1
1.35E-09,1,4.00E-10,2,2,1
4.42E-09,1,1.30E-08,2,2,1
6.49E-09,1,3.11E-08,2,2,1
8.76E-09,1,5.84E-09,2,2,1
9.22E-10,1,1.70E-09,2,2,1
4.36E-09,1,1.46E-08,2,2,1
1,2.95E-15,3.02E-13,1,1,1
1,4.26E-24,2.32E-21,1,1,1
1,7.96E-19,1.06E-17,1,1,1
1,2.16E-19,5.39E-19,1,1,1
1,7.20E-32,2.84E-28,1,1,1
1,0,5.48E-38,1,1,1
1,0,7.56E-35,1,1,1
1,4.94E-26,1.13E-25,1,1,1
1,1.00E-17,1.77E-18,1,1,1
1,3.98E-29,1.60E-27,1,1,1
1,1.43E-33,1.06E-31,1,1,1
1,1.45E-23,4.73E-24,1,1,1
1,8.38E-27,4.16E-27,1,1,1
1,1.99E-20,5.61E-21,1,1,1
1,3.00E-10,5.40E-11,1,1,1
1,5.38E-08,1.69E-09,1,1,1
0.999995232,4.80E-06,3.75E-08,1,1,1
0.999986291,1.37E-05,3.45E-08,1,1,1
0.999998808,1.16E-06,1.31E-08,1,1,1
1,5.65E-10,1.80E-10,1,1,1
1,5.62E-13,1.35E-13,1,1,1
1,6.57E-13,2.09E-13,1,1,1
0.974400163,0.025599448,3.85E-07,1,2,0
0.009345572,0.990654409,5.08E-08,2,2,1
2.89E-05,0.999971032,7.74E-08,2,2,1
2.91E-08,1,3.70E-10,2,2,1
0.004581111,0.99541676,2.16E-06,2,2,1
0.000151682,0.999848127,1.32E-07,2,2,1
6.44E-09,1,2.41E-10,2,2,1
2.12E-10,1,1.80E-11,2,2,1
5.09E-11,1,2.88E-12,2,2,1
4.25E-10,1,2.24E-11,2,2,1
1.25E-09,1,6.08E-11,2,2,1
7.62E-07,0.999999285,4.07E-09,2,2,1
1.12E-05,0.999988794,3.79E-08,2,2,1
1.20E-09,1,1.21E-11,2,2,1
2.48E-13,1,6.82E-15,2,2,1
1.10E-10,1,1.59E-11,2,2,1
9.41E-05,0.999905705,1.06E-07,2,2,1
3.25E-06,0.999996781,4.26E-08,2,2,1
0.961016476,0.038983297,2.62E-07,1,1,1
0.999981642,1.84E-05,2.29E-08,1,1,1
1,2.58E-11,6.74E-13,1,1,1
1,1.69E-15,6.86E-17,1,1,1
1,6.49E-17,2.56E-18,1,1,1
1,2.15E-17,8.53E-19,1,1,1
1,9.21E-16,1.28E-17,1,1,1
1,3.66E-17,1.24E-18,1,1,1
1,4.57E-15,5.26E-17,1,1,1
0.999996901,3.09E-06,3.91E-08,1,1,1
0.908796608,0.091148928,5.45E-05,1,1,1
0.89192158,0.108075976,2.47E-06,1,1,1
0.239342883,0.760641396,1.56E-05,2,1,0
0.002340987,0.997658134,8.85E-07,2,1,0
0.008851601,0.991146147,2.19E-06,2,1,0
0.056844201,0.943151057,4.74E-06,2,1,0
0.923628271,0.076368257,3.56E-06,1,1,1
0.999999285,6.69E-07,1.15E-09,1,1,1
1,3.87E-17,8.03E-18,1,1,1
1,7.87E-12,2.63E-11,1,1,1
1,5.74E-16,3.49E-17,1,1,1
1,9.05E-13,4.85E-14,1,1,1
1,2.94E-13,1.30E-14,1,1,1
1,3.90E-14,1.06E-14,1,1,1
1,4.11E-11,1.47E-11,1,1,1
0.999999881,1.16E-07,6.31E-09,1,1,1
1,7.62E-10,1.02E-10,1,1,1
1,3.49E-10,1.49E-11,1,1,1
1,3.70E-08,1.93E-09,1,1,1
0.999999762,2.79E-07,7.99E-09,1,1,1
0.999881864,0.000117145,9.57E-07,1,1,1
0.999990702,8.95E-06,3.09E-07,1,1,1
0.999859333,0.000137959,2.71E-06,1,1,1
0.999966502,3.30E-05,4.85E-07,1,1,1
0.999985337,1.43E-05,3.20E-07,1,1,1
0.999821484,0.000169391,9.12E-06,1,1,1
0.987255216,0.012706019,3.88E-05,1,1,1
0.038555477,0.961301029,0.000143513,2,2,1
5.61E-07,0.999999285,1.08E-07,2,2,1
4.55E-07,0.999999523,3.67E-08,2,2,1
3.76E-07,0.999999642,8.91E-09,2,2,1
1.75E-08,1,3.31E-09,2,2,1
5.76E-08,1,3.19E-08,2,2,1
1.32E-07,0.999999881,4.15E-08,2,2,1
6.83E-10,1,3.42E-10,2,2,1
4.80E-10,1,6.03E-11,2,2,1
1.22E-08,1,1.03E-09,2,2,1
4.47E-07,0.999999285,2.14E-07,2,2,1
6.08E-08,0.999999881,5.58E-08,2,2,1
2.56E-06,0.999997139,3.34E-07,2,2,1
2.76E-07,0.999999762,2.08E-08,2,2,1
1,1.89E-16,2.63E-14,1,1,1
1,1.26E-32,9.25E-28,1,1,1
1,1.89E-26,1.89E-23,1,1,1
1,1.72E-36,5.05E-32,1,1,1
1,2.50E-14,4.64E-15,1,1,1
1,0,3.25E-35,1,1,1
1,6.52E-29,2.56E-27,1,1,1
1,1.42E-26,4.85E-25,1,1,1
1,4.94E-25,7.09E-24,1,1,1
1,2.78E-32,1.41E-30,1,1,1
1,1.39E-32,2.13E-31,1,1,1
1,1.93E-34,6.19E-34,1,1,1
1,5.64E-23,7.77E-24,1,1,1
1,2.54E-20,4.70E-21,1,1,1
1,1.50E-16,1.29E-16,1,1,1
1,2.28E-08,5.26E-10,1,1,1
0.996418953,0.003579866,1.22E-06,1,1,1
0.108483538,0.891502619,1.38E-05,2,1,0
0.996935129,0.003064833,3.90E-08,1,1,1
1,5.23E-13,8.20E-12,1,1,1
1,1.07E-14,2.67E-14,1,1,1
1,5.25E-08,1.22E-08,1,1,1
0.991050959,0.008936752,1.23E-05,1,1,1
0.867209077,0.132789433,1.44E-06,1,2,0
0.269232094,0.730726898,4.10E-05,2,1,0
1.09E-05,0.999989152,3.20E-08,2,2,1
0.000470428,0.999529481,1.19E-07,2,2,1
4.81E-05,0.999951363,5.41E-07,2,2,1
1.84E-09,1,8.50E-11,2,2,1
1.89E-11,1,1.08E-12,2,2,1
1.07E-09,1,3.16E-11,2,2,1
3.38E-10,1,1.54E-11,2,2,1
1.44E-06,0.999998569,7.38E-09,2,2,1
0.011524682,0.988457263,1.81E-05,2,2,1
0.990534842,0.009444631,2.06E-05,1,1,1
0.829257071,0.170741469,1.49E-06,1,1,1
1.07E-07,0.999999881,1.33E-09,2,2,1
0.00692876,0.993069172,2.14E-06,2,2,1
0.999999881,1.76E-07,1.03E-08,1,1,1
0.449865937,0.550113142,2.09E-05,2,1,0
1,1.43E-10,8.42E-13,1,1,1
1,3.04E-13,1.11E-14,1,1,1
1,7.01E-09,2.88E-10,1,1,1
1,9.70E-09,1.03E-10,1,1,1
1,1.16E-14,1.61E-16,1,1,1
1,3.33E-15,4.28E-17,1,1,1
1,7.59E-10,8.96E-12,1,1,1
1,1.71E-08,3.32E-10,1,1,1
1,2.81E-08,2.55E-10,1,1,1
0.962641478,0.037351727,6.77E-06,1,1,1
0.999454677,0.000545328,3.14E-08,1,1,1
0.998235464,0.001764546,5.80E-08,1,1,1
0.906091928,0.093907259,8.99E-07,1,1,1
0.283079505,0.71691829,2.20E-06,2,1,0
0.619570494,0.380428612,9.21E-07,1,1,1
0.99990344,9.65E-05,7.36E-08,1,1,1
1,8.78E-14,4.33E-15,1,1,1
1,1.09E-13,3.85E-15,1,1,1
1,5.75E-16,5.81E-17,1,1,1
1,1.48E-14,2.59E-13,1,1,1
1,1.07E-13,1.43E-14,1,1,1
1,2.12E-14,4.15E-14,1,1,1
1,4.88E-11,1.84E-11,1,1,1
1,1.14E-13,6.19E-14,1,1,1
1,1.25E-11,5.12E-12,1,1,1
1,3.93E-08,2.22E-08,1,1,1
1,4.29E-09,3.82E-10,1,1,1
1,2.13E-09,2.34E-10,1,1,1
0.999972343,2.75E-05,1.93E-07,1,1,1
1,1.28E-09,1.74E-10,1,1,1
1,4.75E-11,3.38E-11,1,1,1
1,1.41E-08,1.44E-09,1,1,1
1,1.24E-09,1.56E-09,1,1,1
0.999999762,1.94E-07,4.09E-08,1,1,1
0.999988794,1.04E-05,6.78E-07,1,1,1
0.999810755,0.000186545,2.77E-06,1,1,1
0.999993086,6.77E-06,1.54E-07,1,1,1
0.999985814,1.30E-05,1.17E-06,1,1,1
2.21E-06,0.999997139,5.52E-07,2,2,1
3.69E-05,0.999961853,1.30E-06,2,2,1
1.12E-07,0.999999881,2.14E-08,2,2,1
5.14E-10,1,8.45E-10,2,2,1
2.49E-09,1,2.84E-09,2,2,1
7.64E-09,1,5.87E-09,2,2,1
9.00E-09,1,1.34E-08,2,2,1
9.82E-09,1,4.20E-08,2,2,1
1.79E-09,1,1.46E-08,2,2,1
3.86E-07,0.999999523,6.94E-08,2,2,1
3.03E-05,0.999967933,1.75E-06,2,2,1
0.00040853,0.999588192,3.35E-06,2,2,1
9.38E-06,0.999990344,1.83E-07,2,2,1
1,8.15E-20,7.25E-17,1,1,1
1,4.35E-21,3.18E-18,1,1,1
1,2.71E-27,3.73E-25,1,1,1
1,8.97E-28,1.70E-25,1,1,1
1,8.22E-33,4.86E-30,1,1,1
1,1.88E-21,2.43E-21,1,1,1
1,9.50E-28,7.57E-26,1,1,1
1,7.14E-26,9.21E-25,1,1,1
1,1.16E-30,1.57E-27,1,1,1
1,1.72E-27,3.99E-25,1,1,1
1,2.89E-25,4.74E-24,1,1,1
1,1.90E-20,1.10E-20,1,1,1
1,1.45E-30,1.76E-30,1,1,1
1,8.19E-27,4.74E-27,1,1,1
1,3.71E-21,2.20E-22,1,1,1
1,6.60E-18,2.06E-18,1,1,1
1,7.77E-15,1.40E-14,1,1,1
1,3.32E-12,1.40E-12,1,1,1
1,1.59E-15,2.70E-15,1,1,1
1,5.56E-17,3.11E-16,1,1,1
1,1.72E-25,5.75E-22,1,1,1
1,7.44E-25,1.19E-22,1,1,1
1,7.89E-10,9.11E-11,1,1,1
1,3.49E-12,9.31E-13,1,1,1
1,9.39E-13,2.31E-13,1,1,1
1,3.54E-10,3.34E-11,1,1,1
1,8.86E-12,1.19E-11,1,1,1
1,1.72E-17,3.41E-16,1,1,1
0.000181505,0.999818385,1.20E-07,2,2,1
1.63E-08,1,4.48E-10,2,2,1
2.68E-11,1,1.26E-12,2,2,1
1.17E-10,1,7.30E-12,2,2,1
2.02E-07,0.999999762,4.23E-10,2,2,1
0.607963383,0.392008245,2.83E-05,1,1,1
0.999582827,0.00040074,1.64E-05,1,1,1
0.999913454,8.24E-05,4.17E-06,1,1,1
0.999195755,0.000802528,1.64E-06,1,1,1
1.95E-05,0.99998045,5.35E-08,2,2,1
0.871034443,0.128955901,9.65E-06,1,1,1
1,2.61E-11,1.11E-12,1,1,1
1,3.78E-12,1.23E-13,1,1,1
1,4.58E-17,4.17E-17,1,1,1
1,1.16E-11,4.10E-13,1,1,1
0.99999547,4.48E-06,2.50E-08,1,1,1
0.999901175,9.83E-05,4.40E-07,1,1,1
1,4.94E-11,7.92E-13,1,1,1
1,2.37E-09,4.53E-11,1,1,1
0.999997497,2.53E-06,2.48E-08,1,1,1
0.999997497,2.53E-06,9.49E-09,1,1,1
0.999995708,4.30E-06,4.23E-09,1,1,1
0.999883413,0.000116536,1.14E-08,1,1,1
0.995370686,0.004627862,1.47E-06,1,1,1
1,2.67E-08,4.56E-10,1,1,1
0.999999642,3.28E-07,3.37E-09,1,1,1
1,7.74E-09,1.75E-10,1,1,1
1,9.13E-09,1.65E-10,1,1,1
1,4.18E-11,1.00E-12,1,1,1
1,2.01E-11,3.19E-13,1,1,1
1,5.78E-13,2.08E-14,1,1,1
1,2.27E-16,1.44E-18,1,1,1
1,1.27E-12,1.16E-11,1,1,1
1,3.05E-11,1.90E-11,1,1,1
1,1.14E-15,2.28E-15,1,1,1
1,1.76E-09,3.82E-10,1,1,1
1,3.55E-10,2.73E-10,1,1,1
1,1.67E-08,1.80E-08,1,1,1
1,4.27E-09,1.29E-09,1,1,1
1,6.21E-10,1.80E-09,1,1,1
1,1.08E-09,2.58E-09,1,1,1
0.999999881,8.24E-08,8.44E-09,1,1,1
0.999999762,1.84E-07,8.07E-09,1,1,1
0.999999762,2.15E-07,8.97E-09,1,1,1
0.999854326,0.000143956,1.72E-06,1,1,1
1,2.13E-08,7.40E-09,1,1,1
1,5.51E-11,1.22E-08,1,1,1
0.999999881,3.00E-10,1.02E-07,1,1,1
1,3.75E-09,1.30E-08,1,1,1
0.999990463,7.49E-06,1.99E-06,1,1,1
0.999981046,1.67E-05,2.30E-06,1,1,1
0.877478898,0.121670701,0.000850405,1,1,1
0.304801643,0.691436827,0.003761468,2,1,0
0.000324097,0.999653339,2.25E-05,2,2,1
6.25E-06,0.99999249,1.36E-06,2,2,1
1.15E-07,0.999999762,8.54E-08,2,2,1
9.04E-09,1,1.53E-08,2,2,1
7.06E-10,1,4.15E-10,2,2,1
4.16E-10,1,1.63E-09,2,2,1
1.62E-08,1,4.06E-08,2,2,1
1.85E-05,0.999981165,4.04E-07,2,2,1
0.006531717,0.993457377,1.09E-05,2,2,1
0.397610039,0.601300478,0.001089556,2,1,0
0.43071422,0.569089055,0.000196667,2,1,0
1,3.22E-13,5.72E-12,1,1,1
1,2.15E-16,2.71E-15,1,1,1
1,6.03E-27,4.16E-24,1,1,1
1,4.98E-25,5.76E-24,1,1,1
1,3.14E-25,4.13E-24,1,1,1
1,6.48E-22,1.06E-20,1,1,1
1,3.19E-25,5.16E-24,1,1,1
1,7.98E-28,5.78E-26,1,1,1
1,2.89E-26,3.29E-24,1,1,1
1,3.94E-25,6.16E-23,1,1,1
1,1.33E-23,6.53E-22,1,1,1
1,3.71E-22,2.39E-21,1,1,1
1,1.94E-26,5.77E-26,1,1,1
1,4.39E-28,2.73E-27,1,1,1
1,4.36E-24,1.99E-24,1,1,1
1,6.74E-21,2.36E-21,1,1,1
1,6.97E-20,1.45E-19,1,1,1
1,4.00E-19,4.45E-19,1,1,1
1,1.33E-31,1.81E-27,1,1,1
1,2.20E-37,5.78E-32,1,1,1
1,1.16E-36,1.06E-32,1,1,1
1,1.30E-16,3.24E-16,1,1,1
1,3.84E-16,3.22E-16,1,1,1
1,3.01E-18,3.44E-17,1,1,1
1,2.99E-25,3.81E-24,1,1,1
1,2.79E-16,2.85E-16,1,1,1
1,2.18E-27,2.26E-24,1,1,1
1,5.67E-29,1.73E-24,1,1,1
1,1.03E-18,2.78E-14,1,1,1
0.999914646,7.94E-05,5.97E-06,1,1,1
1.15E-06,0.999998808,2.88E-08,2,2,1
1.58E-05,0.999984264,2.36E-08,2,2,1
0.884976506,0.115009174,1.44E-05,1,1,1
0.999997735,2.13E-06,7.93E-08,1,1,1
1,4.42E-09,2.05E-09,1,1,1
0.999449909,0.000528504,2.16E-05,1,1,1
0.999234676,0.000757341,7.94E-06,1,1,1
0.999895334,0.000104253,3.89E-07,1,1,1
0.760040522,0.239891917,6.76E-05,1,1,1
0.999997973,2.06E-06,5.08E-08,1,1,1
1,8.37E-12,3.83E-12,1,1,1
1,6.12E-21,3.73E-21,1,1,1
1,1.01E-13,6.67E-15,1,1,1
0.999782145,0.000217281,5.91E-07,1,1,1
0.999632835,0.000366533,5.54E-07,1,1,1
0.999868393,0.000131474,7.04E-08,1,1,1
0.995308459,0.004689415,2.10E-06,1,1,1
0.999994516,5.31E-06,6.29E-08,1,1,1
0.999996543,3.32E-06,1.29E-07,1,1,1
1,1.39E-08,5.43E-11,1,1,1
0.999817193,0.000182197,5.53E-07,1,1,1
0.99998951,1.04E-05,1.52E-07,1,1,1
1,6.92E-10,1.89E-10,1,1,1
1,1.86E-11,1.77E-11,1,1,1
1,1.13E-08,1.01E-08,1,1,1
1,2.36E-11,8.04E-12,1,1,1
1,4.17E-09,9.00E-10,1,1,1
1,5.07E-09,1.12E-09,1,1,1
1,5.12E-11,3.45E-12,1,1,1
1,5.03E-15,3.65E-15,1,1,1
1,2.09E-13,1.01E-10,1,1,1
1,3.27E-15,1.45E-13,1,1,1
1,5.21E-12,1.50E-11,1,1,1
1,1.30E-11,6.65E-12,1,1,1
1,4.27E-09,2.36E-09,1,1,1
0.999998093,1.63E-06,2.97E-07,1,1,1
0.999999881,1.24E-07,1.29E-08,1,1,1
0.999999523,4.81E-07,4.55E-08,1,1,1
1,3.16E-11,4.08E-11,1,1,1
0.99998641,1.24E-05,1.16E-06,1,1,1
0.999996543,3.16E-06,2.81E-07,1,1,1
0.999861717,0.000128945,9.35E-06,1,1,1
0.999856114,0.000133596,1.03E-05,1,1,1
0.999999285,5.53E-07,1.36E-07,1,1,1
1,6.27E-09,4.45E-09,1,1,1
0.999999523,2.32E-07,2.33E-07,1,1,1
0.999999881,1.24E-07,1.25E-08,1,1,1
1,5.91E-08,1.24E-08,1,1,1
0.999998331,1.59E-06,1.51E-07,1,1,1
0.999960423,2.89E-05,1.06E-05,1,1,1
0.90820539,0.09121035,0.000584368,1,1,1
3.83E-07,0.999999642,5.40E-08,2,2,1
1.34E-07,0.999999881,2.40E-09,2,2,1
1.16E-07,0.999999881,9.68E-10,2,2,1
1.99E-06,0.999997973,4.54E-08,2,2,1
8.17E-09,1,1.76E-09,2,2,1
9.23E-10,1,3.67E-10,2,2,1
1.03E-06,0.999998808,1.33E-07,2,2,1
0.010727813,0.989009082,0.000263063,2,2,1
0.357839823,0.640966535,0.001193616,2,2,1
0.752488494,0.246496946,0.001014553,1,1,1
0.988345623,0.011241375,0.000413121,1,1,1
0.999448717,0.000507688,4.36E-05,1,1,1
1,7.15E-11,5.49E-10,1,1,1
1,1.19E-18,1.07E-17,1,1,1
1,7.76E-25,6.98E-23,1,1,1
1,3.24E-24,6.96E-22,1,1,1
1,7.19E-32,1.56E-28,1,1,1
1,9.21E-28,1.93E-25,1,1,1
1,1.04E-27,5.08E-26,1,1,1
1,1.89E-33,6.03E-32,1,1,1
1,3.87E-28,3.57E-27,1,1,1
1,4.71E-32,9.07E-30,1,1,1
1,7.39E-16,6.20E-16,1,1,1
1,2.41E-24,1.35E-23,1,1,1
1,5.54E-28,2.82E-27,1,1,1
1,1.96E-19,4.85E-20,1,1,1
1,2.49E-27,6.86E-27,1,1,1
1,1.23E-19,2.96E-20,1,1,1
1,4.10E-32,1.18E-30,1,1,1
1,9.39E-32,2.03E-28,1,1,1
1,0,1.56E-36,1,1,1
1,0,0,1,1,1
1,0,0,1,1,1
1,1.95E-36,1.11E-31,1,1,1
1,4.08E-37,1.03E-32,1,1,1
1,0,7.86E-36,1,1,1
1,0,3.31E-36,1,1,1
1,2.24E-26,3.56E-24,1,1,1
1,9.79E-26,2.27E-23,1,1,1
1,3.82E-32,2.17E-26,1,1,1
1,3.52E-26,6.32E-20,1,1,1
1,2.12E-13,1.36E-12,1,1,1
0.999991298,8.73E-06,4.91E-08,1,1,1
1,3.66E-11,2.05E-10,1,1,1
0.999999881,6.87E-08,1.23E-09,1,1,1
1,6.70E-11,1.33E-10,1,1,1
1,7.16E-13,1.02E-11,1,1,1
1,9.97E-12,1.14E-10,1,1,1
0.999780715,0.0002073,1.21E-05,1,1,1
0.996583939,0.003392425,2.36E-05,1,1,1
0.999972343,2.75E-05,2.29E-07,1,1,1
1,2.98E-09,1.43E-09,1,1,1
1,4.37E-11,9.45E-12,1,1,1
1,4.39E-10,1.31E-10,1,1,1
1,3.03E-13,1.12E-14,1,1,1
1,7.16E-11,7.82E-13,1,1,1
0.99999845,1.51E-06,2.19E-09,1,1,1
0.999949932,4.99E-05,7.20E-08,1,1,1
0.999938965,6.09E-05,6.72E-08,1,1,1
1,2.49E-08,8.44E-10,1,1,1
1,1.77E-09,2.33E-11,1,1,1
1,5.87E-11,8.57E-13,1,1,1
0.999984741,1.52E-05,8.88E-08,1,1,1
0.999984503,1.51E-05,3.31E-07,1,1,1
0.999993086,6.52E-06,3.91E-07,1,1,1
0.999993205,6.17E-06,5.79E-07,1,1,1
0.999977708,1.99E-05,2.44E-06,1,1,1
0.999991417,7.75E-06,8.18E-07,1,1,1
0.999966025,2.93E-05,4.65E-06,1,1,1
0.999969006,3.01E-05,1.01E-06,1,1,1
1,8.36E-10,2.41E-10,1,1,1
1,1.83E-12,1.60E-12,1,1,1
1,5.88E-14,2.85E-11,1,1,1
1,2.43E-17,2.16E-16,1,1,1
1,5.29E-08,1.23E-09,1,1,1
1,4.40E-09,5.31E-10,1,1,1
0.999999285,7.19E-07,3.36E-08,1,1,1
1,2.97E-09,5.20E-10,1,1,1
1,3.34E-09,4.86E-10,1,1,1
1,1.60E-08,4.00E-09,1,1,1
0.999991536,8.06E-06,3.68E-07,1,1,1
0.999986172,1.30E-05,8.24E-07,1,1,1
0.999998212,1.57E-06,2.03E-07,1,1,1
0.996675968,0.003175123,0.000148888,1,1,1
0.999995708,3.98E-06,3.01E-07,1,1,1
0.999998808,1.05E-06,1.02E-07,1,1,1
0.999974012,2.52E-05,8.47E-07,1,1,1
0.999999762,1.94E-07,1.17E-08,1,1,1
1,1.21E-08,2.98E-09,1,1,1
0.999999762,2.12E-07,1.51E-08,1,1,1
0.999999762,1.99E-07,2.46E-08,1,1,1
0.999985814,1.30E-05,1.20E-06,1,1,1
0.008040493,0.991940975,1.85E-05,2,2,1
0.000611708,0.999384284,3.91E-06,2,2,1
0.000127554,0.99987042,2.08E-06,2,2,1
6.99E-05,0.999929309,7.28E-07,2,2,1
8.78E-06,0.999991179,2.57E-08,2,2,1
0.000949806,0.999048769,1.48E-06,2,2,1
7.74E-06,0.999992013,2.35E-07,2,2,1
0.130795941,0.869091332,0.000112729,2,2,1
0.999082923,0.000894121,2.29E-05,1,1,1
0.999970794,2.65E-05,2.77E-06,1,1,1
0.995898545,0.004022127,7.93E-05,1,1,1
0.99977535,0.000203268,2.14E-05,1,1,1
0.999941349,5.68E-05,1.75E-06,1,1,1
0.999999523,3.54E-07,1.09E-07,1,1,1
1,3.94E-21,4.14E-19,1,1,1
1,1.18E-24,3.63E-22,1,1,1
1,1.21E-26,1.43E-24,1,1,1
1,6.53E-31,3.56E-28,1,1,1
1,1.20E-33,3.83E-31,1,1,1
1,9.63E-24,8.74E-23,1,1,1
1,1.76E-23,3.40E-24,1,1,1
1,1.14E-28,1.63E-29,1,1,1
1,0,0,1,1,1
1,1.45E-25,1.67E-25,1,1,1
1,1.44E-21,6.08E-22,1,1,1
1,4.48E-22,7.44E-23,1,1,1
1,4.12E-21,4.98E-21,1,1,1
1,0,0,1,1,1
1,0,1.32E-36,1,1,1
1,2.81E-33,2.89E-31,1,1,1
1,0,0,1,1,1
1,0,0,1,1,1
1,0,3.53E-35,1,1,1
1,0,0,1,1,1
1,0,0,1,1,1
1,0,3.44E-37,1,1,1
1,0,2.42E-37,1,1,1
1,0,0,1,1,1
1,0,5.11E-36,1,1,1
1,1.41E-38,6.31E-34,1,1,1
1,3.86E-29,1.18E-24,1,1,1
1,7.26E-22,1.87E-18,1,1,1
1,1.18E-20,1.23E-17,1,1,1
1,1.74E-23,1.11E-17,1,1,1
1,1.61E-23,3.74E-17,1,1,1
1,1.06E-17,8.03E-16,1,1,1
1,6.80E-12,1.05E-10,1,1,1
1,2.52E-13,1.80E-11,1,1,1
1,7.95E-16,2.00E-13,1,1,1
1,3.42E-13,6.33E-12,1,1,1
1,1.07E-08,5.50E-09,1,1,1
1,2.49E-18,1.05E-15,1,1,1
1,2.13E-22,5.43E-18,1,1,1
1,3.34E-15,7.97E-15,1,1,1
1,1.85E-18,7.16E-18,1,1,1
1,1.21E-10,7.06E-11,1,1,1
1,6.09E-13,9.35E-13,1,1,1
1,3.12E-09,7.09E-11,1,1,1
0.999999762,1.79E-07,4.85E-09,1,1,1
0.99999845,1.60E-06,8.02E-10,1,1,1
0.999999523,4.26E-07,4.89E-10,1,1,1
0.999999523,5.25E-07,8.81E-10,1,1,1
0.999500513,0.000492465,6.98E-06,1,1,1
0.999989152,1.06E-05,2.81E-07,1,1,1
1,2.53E-18,3.54E-18,1,1,1
1,6.71E-15,6.19E-13,1,1,1
1,1.29E-09,5.11E-09,1,1,1
1,1.10E-10,2.18E-09,1,1,1
1,2.35E-08,4.90E-08,1,1,1
1,1.95E-08,4.45E-08,1,1,1
0.999953747,2.40E-06,4.39E-05,1,1,1
1,5.06E-15,1.24E-14,1,1,1
1,5.80E-11,5.05E-10,1,1,1
1,4.31E-10,2.30E-10,1,1,1
1,5.03E-12,9.97E-13,1,1,1
0.999999523,4.77E-07,5.21E-08,1,1,1
0.999993443,6.44E-06,1.66E-07,1,1,1
0.999999404,5.87E-07,3.42E-08,1,1,1
1,1.40E-09,3.03E-10,1,1,1
0.999999881,7.44E-08,6.67E-09,1,1,1
0.999999881,1.25E-07,1.43E-08,1,1,1
0.999031901,0.000929068,3.90E-05,1,1,1
0.999673247,0.000313648,1.31E-05,1,1,1
0.999459207,0.000513766,2.71E-05,1,1,1
0.992800117,0.007111846,8.80E-05,1,1,1
0.999931335,6.12E-05,7.50E-06,1,1,1
0.999940991,4.62E-05,1.27E-05,1,1,1
0.999999762,2.15E-07,2.48E-08,1,1,1
1,4.83E-09,1.11E-09,1,1,1
0.999987125,1.21E-05,6.89E-07,1,1,1
0.999992609,7.04E-06,3.01E-07,1,1,1
0.999771059,0.000219813,9.22E-06,1,1,1
0.999965668,2.78E-05,6.53E-06,1,1,1
0.979891479,0.020086531,2.20E-05,1,1,1
0.989047706,0.010940496,1.18E-05,1,1,1
0.993362904,0.006619476,1.76E-05,1,1,1
0.161691576,0.838298321,1.01E-05,2,2,1
0.994051397,0.00593828,1.03E-05,1,1,1
0.999984622,1.50E-05,3.26E-07,1,1,1
0.999957442,3.99E-05,2.63E-06,1,1,1
0.999999404,2.64E-07,3.07E-07,1,1,1
0.999999642,2.73E-07,9.46E-08,1,1,1
0.999998808,6.31E-07,5.59E-07,1,1,1
0.999907255,8.39E-05,8.81E-06,1,1,1
0.996371865,0.003490892,0.00013733,1,1,1
0.999738514,0.000258682,2.69E-06,1,1,1
1,1.19E-11,7.27E-11,1,1,1
1,4.49E-26,3.95E-23,1,1,1
1,1.47E-30,2.07E-28,1,1,1
1,1.50E-38,5.75E-35,1,1,1
1,1.76E-32,2.47E-30,1,1,1
1,2.77E-18,3.10E-19,1,1,1
1,8.59E-23,4.11E-23,1,1,1
1,7.47E-25,1.23E-25,1,1,1
1,1.72E-16,1.09E-17,1,1,1
1,5.13E-26,1.53E-26,1,1,1
1,1.46E-29,4.39E-29,1,1,1
1,4.09E-19,8.47E-20,1,1,1
1,4.14E-23,5.82E-23,1,1,1
1,8.08E-34,2.22E-32,1,1,1
1,0,2.12E-36,1,1,1
1,6.93E-38,1.33E-34,1,1,1
1,8.62E-32,4.32E-29,1,1,1
1,0,0,1,1,1
1,0,0,1,1,1
1,0,0,1,1,1
1,0,0,1,1,1
1,2.34E-35,7.13E-31,1,1,1
1,0,0,1,1,1
1,0,0,1,1,1
1,0,0,1,1,1
1,0,0,1,1,1
1,0,5.36E-37,1,1,1
1,0,1.53E-36,1,1,1
1,3.37E-33,4.24E-29,1,1,1
1,1.87E-35,1.92E-31,1,1,1
1,1.60E-29,2.01E-24,1,1,1
1,4.29E-27,2.62E-23,1,1,1
1,6.42E-26,4.06E-21,1,1,1
1,5.04E-21,8.82E-16,1,1,1
1,2.80E-17,1.49E-13,1,1,1
1,3.61E-14,2.83E-12,1,1,1
1,3.16E-14,1.35E-12,1,1,1
1,2.12E-11,2.41E-11,1,1,1
1,1.26E-20,1.11E-17,1,1,1
1,3.73E-23,1.74E-19,1,1,1
1,7.52E-30,4.11E-24,1,1,1
1,7.34E-25,1.22E-20,1,1,1
1,4.05E-25,1.16E-21,1,1,1
1,7.29E-15,8.21E-13,1,1,1
1,2.83E-17,2.23E-16,1,1,1
1,1.47E-08,2.87E-09,1,1,1
0.999872923,0.000126535,4.44E-07,1,1,1
0.99999845,1.60E-06,2.04E-09,1,1,1
1,2.19E-10,1.01E-13,1,1,1
0.999999762,2.91E-07,6.29E-09,1,1,1
1,7.50E-09,2.86E-10,1,1,1
1,2.83E-12,4.30E-12,1,1,1
1,3.61E-17,3.72E-14,1,1,1
1,1.88E-10,2.24E-08,1,1,1
1,1.09E-09,4.17E-08,1,1,1
0.999999523,1.18E-09,4.48E-07,1,1,1
0.999998927,5.80E-07,4.24E-07,1,1,1
0.999999762,1.29E-07,1.61E-07,1,1,1
0.999999881,1.75E-09,7.18E-08,1,1,1
0.999999762,2.12E-07,1.82E-08,1,1,1
1,3.42E-09,1.08E-10,1,1,1
1,1.69E-09,4.12E-11,1,1,1
0.999996185,3.39E-06,4.78E-07,1,1,1
1,1.67E-09,7.98E-11,1,1,1
0.999999642,3.46E-07,1.07E-08,1,1,1
1,1.99E-08,1.83E-09,1,1,1
0.999999881,6.90E-08,8.84E-09,1,1,1
0.999989152,9.13E-06,1.65E-06,1,1,1
0.99996841,2.79E-05,3.75E-06,1,1,1
0.999977946,2.02E-05,1.77E-06,1,1,1
0.998055696,0.001930757,1.35E-05,1,1,1
0.999993324,5.49E-06,1.19E-06,1,1,1
0.999993443,5.76E-06,7.81E-07,1,1,1
0.99990797,7.79E-05,1.41E-05,1,1,1
0.999798834,0.000168113,3.30E-05,1,1,1
0.999998093,1.70E-06,2.17E-07,1,1,1
0.999893427,0.00010048,6.03E-06,1,1,1
0.999978781,1.23E-05,8.97E-06,1,1,1
0.999998093,1.21E-06,6.60E-07,1,1,1
0.999259174,0.000653665,8.72E-05,1,1,1
0.999890924,0.000103907,5.07E-06,1,1,1
0.999999285,5.45E-07,7.38E-08,1,1,1
0.99999702,2.93E-06,3.95E-08,1,1,1
0.967031777,0.032949012,1.92E-05,1,1,1
1,8.59E-09,8.15E-09,1,1,1
1,2.69E-10,7.92E-10,1,1,1
0.999999642,2.75E-07,1.05E-07,1,1,1
0.999999404,3.85E-07,1.96E-07,1,1,1
0.999966025,2.58E-05,8.20E-06,1,1,1
0.999908924,7.48E-05,1.63E-05,1,1,1
0.999902844,9.05E-05,6.67E-06,1,1,1
0.999988794,1.04E-05,6.94E-07,1,1,1
0.99990201,9.79E-05,1.10E-07,1,1,1
1,2.28E-08,8.02E-09,1,1,1
1,6.50E-20,6.19E-19,1,1,1
1,5.54E-23,2.32E-22,1,1,1
1,3.33E-34,1.40E-32,1,1,1
1,4.03E-14,2.73E-15,1,1,1
1,7.78E-18,1.02E-18,1,1,1
1,1.22E-29,2.90E-29,1,1,1
1,3.72E-19,2.99E-20,1,1,1
1,1.72E-21,2.06E-22,1,1,1
1,1.51E-21,3.27E-22,1,1,1
1,1.55E-25,1.10E-25,1,1,1
1,1.12E-24,7.68E-25,1,1,1
1,4.38E-20,6.88E-21,1,1,1
1,0,5.13E-38,1,1,1
1,2.50E-35,2.68E-33,1,1,1
1,1.49E-34,3.53E-32,1,1,1
1,2.77E-35,2.19E-32,1,1,1
1,0,0,1,1,1
1,0,0,1,1,1
1,0,0,1,1,1
1,0,0,1,1,1
1,0,0,1,1,1
1,0,0,1,1,1
1,5.96E-36,5.73E-31,1,1,1
1,2.20E-37,1.63E-32,1,1,1
1,0,0,1,1,1
1,0,0,1,1,1
1,0,1.15E-37,1,1,1
1,0,0,1,1,1
1,0,0,1,1,1
1,3.40E-21,1.98E-19,1,1,1
1,1.70E-32,2.04E-27,1,1,1
1,7.33E-23,1.20E-18,1,1,1
1,1.65E-18,9.80E-14,1,1,1
1,3.96E-23,4.27E-17,1,1,1
1,1.73E-23,1.93E-16,1,1,1
1,6.94E-19,8.68E-14,1,1,1
1,6.72E-19,1.42E-15,1,1,1
1,1.31E-32,7.22E-26,1,1,1
1,6.18E-32,8.22E-25,1,1,1
1,2.09E-34,4.64E-27,1,1,1
1,6.86E-23,1.50E-19,1,1,1
1,3.88E-27,9.33E-23,1,1,1
1,4.36E-16,3.37E-14,1,1,1
1,5.47E-21,2.08E-16,1,1,1
1,6.06E-09,2.60E-09,1,1,1
1,4.14E-09,5.92E-10,1,1,1
0.999999166,7.77E-07,1.22E-09,1,1,1
1,2.54E-08,2.43E-10,1,1,1
0.999999881,9.50E-08,4.07E-09,1,1,1
1,1.96E-10,1.17E-10,1,1,1
1,8.13E-17,1.13E-15,1,1,1
0.999994397,6.38E-10,5.65E-06,1,1,1
0.999999523,8.45E-09,4.49E-07,1,1,1
0.999999404,3.58E-09,5.54E-07,1,1,1
0.999995947,7.71E-08,3.88E-06,1,1,1
0.999997616,3.66E-07,2.06E-06,1,1,1
0.999985456,5.84E-07,1.40E-05,1,1,1
1,2.69E-08,1.78E-09,1,1,1
0.999999762,2.39E-07,1.59E-08,1,1,1
1,2.89E-09,2.08E-10,1,1,1
1,1.74E-08,1.76E-09,1,1,1
1,8.01E-09,8.48E-10,1,1,1
1,3.95E-09,7.94E-10,1,1,1
0.999999881,1.06E-07,1.03E-08,1,1,1
0.999999404,4.31E-07,7.51E-08,1,1,1
0.99999392,5.72E-06,3.23E-07,1,1,1
0.999890089,0.000108032,1.85E-06,1,1,1
0.999731839,0.00026262,5.44E-06,1,1,1
0.999995947,3.71E-06,4.00E-07,1,1,1
0.999998927,4.85E-07,5.40E-07,1,1,1
0.999931335,6.29E-05,5.71E-06,1,1,1
0.999590337,0.000371083,3.86E-05,1,1,1
0.99979347,0.000183276,2.33E-05,1,1,1
1,1.59E-08,3.01E-08,1,1,1
0.999990106,7.07E-06,2.83E-06,1,1,1
0.999931574,4.73E-05,2.10E-05,1,1,1
0.999970436,1.63E-05,1.33E-05,1,1,1
0.999827623,0.000133646,3.87E-05,1,1,1
0.999854445,0.000133621,1.20E-05,1,1,1
0.999999285,5.28E-07,1.84E-07,1,1,1
1,1.99E-08,3.07E-08,1,1,1
0.999999881,1.30E-07,5.21E-08,1,1,1
0.996273279,0.003674184,5.25E-05,1,1,1
0.999708235,0.000256006,3.57E-05,1,1,1
0.999998569,1.02E-06,3.10E-07,1,1,1
0.999999523,3.65E-07,8.48E-08,1,1,1
0.999999881,8.99E-08,2.28E-08,1,1,1
0.999993086,6.65E-06,2.51E-07,1,1,1
0.999999762,2.97E-07,1.99E-08,1,1,1
0.999999881,1.39E-07,1.20E-08,1,1,1
0.999990821,8.95E-06,2.31E-07,1,1,1
0.975989223,0.024000235,1.04E-05,1,1,1
0.999998927,9.60E-07,1.50E-07,1,1,1
1,6.19E-20,1.44E-19,1,1,1
1,3.51E-26,1.31E-23,1,1,1
1,4.39E-28,1.55E-25,1,1,1
1,9.42E-17,2.98E-17,1,1,1
1,2.20E-30,1.22E-29,1,1,1
1,3.45E-32,2.33E-31,1,1,1
1,1.69E-27,1.38E-28,1,1,1
1,8.49E-31,2.66E-31,1,1,1
1,4.41E-19,5.88E-20,1,1,1
1,1.11E-32,4.20E-32,1,1,1
1,0,2.53E-37,1,1,1
1,0,0,1,1,1
1,0,0,1,1,1
1,0,0,1,1,1
1,0,0,1,1,1
1,0,0,1,1,1
1,5.14E-37,6.10E-33,1,1,1
1,0,5.12E-35,1,1,1
1,0,1.92E-38,1,1,1
1,0,1.42E-38,1,1,1
1,8.51E-36,1.79E-29,1,1,1
1,5.42E-30,2.31E-23,1,1,1
1,2.35E-25,3.44E-21,1,1,1
1,1.34E-30,3.76E-26,1,1,1
1,1.72E-34,1.09E-29,1,1,1
1,0,1.59E-35,1,1,1
1,0,2.37E-36,1,1,1
1,0,0,1,1,1
1,0,9.05E-37,1,1,1
1,0,1.09E-34,1,1,1
1,2.51E-36,3.26E-31,1,1,1
1,5.14E-33,6.35E-28,1,1,1
1,6.94E-27,1.19E-22,1,1,1
1,4.25E-32,1.04E-25,1,1,1
1,1.96E-29,1.49E-22,1,1,1
1,1.25E-29,2.71E-23,1,1,1
1,8.24E-34,1.58E-25,1,1,1
1,3.52E-34,3.12E-26,1,1,1
1,4.74E-35,2.62E-26,1,1,1
1,0,2.70E-32,1,1,1
1,0,2.27E-33,1,1,1
1,3.02E-22,8.29E-19,1,1,1
1,7.29E-23,6.34E-18,1,1,1
1,2.46E-14,2.59E-12,1,1,1
1,7.19E-11,1.97E-09,1,1,1
1,1.74E-14,6.11E-13,1,1,1
1,3.34E-10,1.43E-10,1,1,1
1,1.21E-09,8.02E-09,1,1,1
1,5.14E-12,2.50E-10,1,1,1
1,3.44E-19,3.84E-16,1,1,1
1,5.58E-18,1.26E-13,1,1,1
1,4.80E-12,1.09E-08,1,1,1
1,1.32E-13,5.45E-12,1,1,1
1,4.31E-15,1.95E-13,1,1,1
0.999998331,1.29E-07,1.49E-06,1,1,1
0.999999881,7.61E-08,1.38E-08,1,1,1
1,8.89E-09,2.31E-09,1,1,1
0.999999642,3.20E-07,2.61E-08,1,1,1
0.999999642,3.81E-07,1.50E-08,1,1,1
1,8.30E-09,1.28E-09,1,1,1
0.999960542,3.72E-05,2.32E-06,1,1,1
0.99998498,1.45E-05,4.68E-07,1,1,1
0.999978065,2.13E-05,6.24E-07,1,1,1
0.99998498,1.42E-05,8.36E-07,1,1,1
0.999992728,7.14E-06,1.07E-07,1,1,1
0.999590576,0.000398991,1.04E-05,1,1,1
0.999913454,8.52E-05,1.44E-06,1,1,1
0.999966621,2.91E-05,4.23E-06,1,1,1
0.999998689,1.03E-06,2.43E-07,1,1,1
0.999999642,1.78E-07,2.76E-07,1,1,1
0.999997973,1.30E-06,7.06E-07,1,1,1
0.999997854,1.72E-06,4.61E-07,1,1,1
0.999485016,0.000463773,5.13E-05,1,1,1
0.999988437,9.66E-06,1.85E-06,1,1,1
0.999942899,4.59E-05,1.12E-05,1,1,1
0.999996781,1.56E-06,1.69E-06,1,1,1
0.999967575,2.31E-05,9.40E-06,1,1,1
0.999999881,3.62E-08,7.42E-08,1,1,1
0.999964952,2.67E-05,8.35E-06,1,1,1
1,5.33E-10,3.44E-09,1,1,1
1,1.81E-11,9.31E-10,1,1,1
1,1.42E-11,8.42E-11,1,1,1
0.999999404,3.91E-07,1.84E-07,1,1,1
0.999866486,0.000122242,1.12E-05,1,1,1
0.999909639,8.69E-05,3.50E-06,1,1,1
0.999986172,1.27E-05,1.02E-06,1,1,1
0.999998093,1.74E-06,7.96E-08,1,1,1
0.995079994,0.004901497,1.85E-05,1,1,1
0.984093964,0.015804363,0.000101761,1,1,1
0.999959111,4.07E-05,1.75E-07,1,1,1
0.216213629,0.78377229,1.41E-05,2,1,0
1,4.05E-12,7.23E-12,1,1,1
1,4.78E-26,2.40E-24,1,1,1
1,2.81E-23,5.06E-22,1,1,1
1,1.05E-21,1.63E-21,1,1,1
1,3.06E-24,1.22E-23,1,1,1
1,2.63E-26,1.35E-26,1,1,1
1,5.65E-17,2.25E-18,1,1,1
1,3.87E-24,9.62E-25,1,1,1
1,1.71E-28,5.64E-29,1,1,1
1,1.90E-28,1.12E-28,1,1,1
1,1.70E-22,5.03E-23,1,1,1
1,2.43E-26,5.21E-26,1,1,1
1,3.20E-30,5.83E-29,1,1,1
1,0,0,1,1,1
1,0,0,1,1,1
1,8.03E-38,1.72E-34,1,1,1
1,1.06E-32,1.21E-29,1,1,1
1,2.82E-25,3.70E-23,1,1,1
1,5.63E-26,8.65E-23,1,1,1
1,7.72E-20,1.09E-16,1,1,1
1,1.81E-15,1.96E-12,1,1,1
0.999999642,2.64E-08,3.57E-07,1,1,1
1,5.61E-10,2.28E-08,1,1,1
1,8.32E-17,3.91E-12,1,1,1
1,2.19E-13,9.25E-12,1,1,1
1,1.03E-21,2.88E-19,1,1,1
1,2.97E-34,1.62E-30,1,1,1
1,0,3.16E-34,1,1,1
1,4.02E-26,1.48E-23,1,1,1
1,9.57E-36,3.82E-31,1,1,1
1,1.28E-35,5.00E-31,1,1,1
1,1.35E-37,1.74E-32,1,1,1
1,7.03E-36,4.99E-31,1,1,1
1,1.87E-33,5.33E-29,1,1,1
1,8.52E-30,1.67E-25,1,1,1
1,0,3.16E-33,1,1,1
1,0,1.94E-32,1,1,1
1,1.17E-31,6.02E-24,1,1,1
1,6.05E-33,1.54E-25,1,1,1
1,2.85E-33,1.45E-25,1,1,1
1,0,2.61E-32,1,1,1
1,0,1.62E-31,1,1,1
1,5.77E-32,2.81E-25,1,1,1
1,7.39E-21,1.21E-16,1,1,1
1,6.05E-15,2.74E-12,1,1,1
1,2.42E-23,2.17E-17,1,1,1
1,6.60E-25,7.87E-19,1,1,1
1,8.73E-21,7.60E-15,1,1,1
1,9.90E-19,2.28E-13,1,1,1
1,2.39E-19,2.34E-13,1,1,1
1,6.86E-18,1.66E-12,1,1,1
1,7.89E-16,4.64E-10,1,1,1
1,5.70E-14,3.01E-12,1,1,1
1,1.86E-13,9.88E-13,1,1,1
1,2.64E-15,1.81E-14,1,1,1
1,1.53E-09,3.04E-10,1,1,1
1,8.51E-10,2.05E-10,1,1,1
1,1.01E-10,1.80E-11,1,1,1
1,3.20E-09,8.82E-11,1,1,1
0.999987364,1.24E-05,2.92E-07,1,1,1
1,4.55E-11,7.58E-12,1,1,1
0.999993563,5.91E-06,4.90E-07,1,1,1
1,3.34E-09,5.76E-10,1,1,1
0.999997735,2.15E-06,1.15E-07,1,1,1
0.999930143,6.61E-05,3.75E-06,1,1,1
0.999991298,7.89E-06,8.08E-07,1,1,1
0.99700886,0.002962227,2.89E-05,1,1,1
0.999968767,2.94E-05,1.86E-06,1,1,1
0.999980211,1.65E-05,3.37E-06,1,1,1
0.999999762,1.64E-07,8.55E-08,1,1,1
0.999999881,6.56E-08,2.55E-08,1,1,1
0.999992728,6.68E-06,5.81E-07,1,1,1
0.999998927,9.12E-07,7.92E-08,1,1,1
1,7.98E-09,1.28E-09,1,1,1
0.999998093,1.51E-06,3.17E-07,1,1,1
0.999563634,0.000389167,4.72E-05,1,1,1
0.99982518,0.000135065,3.99E-05,1,1,1
0.999999285,2.85E-07,5.13E-07,1,1,1
1,2.84E-10,5.85E-10,1,1,1
1,3.35E-11,1.32E-10,1,1,1
1,2.70E-08,2.22E-08,1,1,1
1,5.32E-12,2.06E-11,1,1,1
1,1.13E-13,4.11E-12,1,1,1
1,4.03E-12,7.98E-12,1,1,1
1,1.15E-11,9.47E-12,1,1,1
0.999999046,8.11E-07,1.26E-07,1,1,1
0.999558747,0.00043493,6.28E-06,1,1,1
0.995598793,0.004342068,5.91E-05,1,1,1
0.872353256,0.127534762,0.000112002,1,1,1
0.985938251,0.014000758,6.10E-05,1,1,1
1,1.07E-12,5.41E-12,1,1,1
1,7.53E-16,1.18E-15,1,1,1
1,1.37E-21,2.59E-21,1,1,1
1,3.44E-21,3.14E-20,1,1,1
1,1.29E-28,1.22E-27,1,1,1
1,1.21E-20,7.78E-22,1,1,1
1,1.42E-26,2.01E-26,1,1,1
1,1.15E-36,3.66E-36,1,1,1
1,1.11E-27,1.44E-27,1,1,1
1,2.19E-24,9.37E-25,1,1,1
1,2.19E-28,2.56E-28,1,1,1
1,0,0,1,1,1
1,2.44E-37,1.14E-34,1,1,1
1,0,0,1,1,1
1,0,0,1,1,1
1,0,0,1,1,1
1,0,3.29E-38,1,1,1
1,5.10E-35,7.07E-31,1,1,1
1,1.73E-27,1.86E-22,1,1,1
1,1.38E-08,1.14E-10,1,1,1
0.013811152,0.98618418,4.67E-06,2,2,1
0.053826533,0.946166039,7.50E-06,2,2,1
0.000223981,0.999775231,8.73E-07,2,2,1
3.41E-05,0.999965787,1.71E-07,2,2,1
0.103501707,0.896495998,2.39E-06,2,2,1
1,1.64E-15,1.81E-14,1,1,1
1,3.51E-26,3.88E-24,1,1,1
1,0,0,1,1,1
1,0,0,1,1,1
1,0,1.11E-37,1,1,1
1,0,1.04E-35,1,1,1
1,0,0,1,1,1
1,0,9.22E-34,1,1,1
1,8.28E-38,2.37E-32,1,1,1
1,0,0,1,1,1
1,0,0,1,1,1
1,0,2.35E-34,1,1,1
1,3.07E-38,2.10E-25,1,1,1
1,4.02E-37,4.07E-27,1,1,1
1,0,1.17E-30,1,1,1
1,5.31E-33,3.29E-26,1,1,1
1,4.21E-32,5.25E-25,1,1,1
1,2.95E-26,4.34E-21,1,1,1
1,4.80E-23,1.22E-18,1,1,1
1,6.34E-22,1.75E-17,1,1,1
1,1.18E-30,4.39E-22,1,1,1
1,6.26E-29,1.52E-20,1,1,1
1,4.46E-25,3.70E-18,1,1,1
1,8.84E-23,2.11E-16,1,1,1
1,5.24E-23,6.42E-17,1,1,1
1,4.21E-18,1.38E-12,1,1,1
1,4.53E-15,3.28E-11,1,1,1
1,1.83E-11,5.81E-10,1,1,1
1,1.67E-10,2.15E-10,1,1,1
0.999999881,1.35E-07,6.55E-09,1,1,1
1,2.97E-09,6.31E-10,1,1,1
1,3.30E-08,6.96E-09,1,1,1
1,9.41E-10,3.95E-11,1,1,1
1,2.91E-09,2.64E-10,1,1,1
0.999995947,3.89E-06,1.09E-07,1,1,1
1,2.05E-08,3.53E-09,1,1,1
0.999999762,2.54E-07,9.11E-09,1,1,1
0.999999642,3.23E-07,2.60E-08,1,1,1
0.999994874,4.89E-06,2.49E-07,1,1,1
0.999927998,6.98E-05,2.20E-06,1,1,1
0.999999762,1.82E-07,1.81E-08,1,1,1
0.999753654,0.000230366,1.60E-05,1,1,1
0.99984026,0.000152625,7.06E-06,1,1,1
0.999981999,1.58E-05,2.12E-06,1,1,1
1,1.44E-08,2.52E-09,1,1,1
1,2.56E-08,1.27E-08,1,1,1
1,1.10E-09,2.26E-10,1,1,1
1,1.13E-10,1.42E-11,1,1,1
1,1.54E-08,9.77E-10,1,1,1
1,1.04E-09,1.79E-10,1,1,1
0.999990225,7.72E-06,2.03E-06,1,1,1
0.999992132,5.22E-06,2.59E-06,1,1,1
0.999999642,2.21E-07,6.54E-08,1,1,1
0.999992251,6.30E-06,1.44E-06,1,1,1
1,2.10E-08,3.30E-09,1,1,1
1,1.05E-13,2.48E-12,1,1,1
1,1.87E-10,2.21E-10,1,1,1
1,1.91E-12,8.20E-12,1,1,1
1,7.80E-12,7.93E-12,1,1,1
1,8.60E-12,1.45E-11,1,1,1
0.99999702,2.86E-06,9.15E-08,1,1,1
0.999977112,2.26E-05,2.21E-07,1,1,1
0.971854746,0.028115651,2.95E-05,1,1,1
0.999002755,0.000990666,6.59E-06,1,1,1
1,7.45E-10,1.89E-10,1,1,1
1,3.06E-13,9.21E-14,1,1,1
1,1.14E-11,1.19E-12,1,1,1
1,1.65E-19,3.13E-19,1,1,1
1,8.79E-27,3.91E-26,1,1,1
1,1.52E-24,2.39E-24,1,1,1
1,1.53E-28,6.27E-29,1,1,1
1,2.16E-21,1.28E-21,1,1,1
1,1.75E-24,1.17E-24,1,1,1
1,0,0,1,1,1
1,1.03E-34,1.07E-33,1,1,1
1,1.69E-33,7.98E-32,1,1,1
1,2.28E-38,1.88E-35,1,1,1
1,0,0,1,1,1
1,0,0,1,1,1
1,0,0,1,1,1
1,0,0,1,1,1
1,8.09E-27,2.34E-25,1,1,1
1,3.54E-27,9.26E-23,1,1,1
1,1.93E-14,4.82E-14,1,1,1
0.99999845,1.51E-06,1.00E-08,1,1,1
0.999999762,1.91E-07,2.37E-08,1,1,1
0.827376068,0.172611684,1.22E-05,1,2,0
0.00063674,0.999363124,6.58E-08,2,2,1
1,1.38E-09,4.43E-11,1,1,1
1,5.50E-25,1.12E-22,1,1,1
1,0,1.40E-36,1,1,1
1,0,0,1,1,1
1,0,0,1,1,1
1,4.53E-36,2.93E-32,1,1,1
1,0,0,1,1,1
1,0,1.58E-34,1,1,1
1,2.76E-38,2.11E-33,1,1,1
1,0,0,1,1,1
1,0,0,1,1,1
1,0,2.05E-36,1,1,1
1,0,0,1,1,1
1,0,9.10E-36,1,1,1
1,1.02E-29,1.00E-24,1,1,1
1,1.43E-31,2.03E-20,1,1,1
1,4.79E-31,1.12E-20,1,1,1
1,1.43E-30,2.18E-18,1,1,1
1,0,3.90E-28,1,1,1
1,1.00E-31,1.16E-25,1,1,1
1,1.07E-34,8.35E-27,1,1,1
1,0,6.41E-32,1,1,1
1,3.98E-34,3.27E-26,1,1,1
1,1.84E-34,3.52E-25,1,1,1
1,7.42E-20,1.98E-14,1,1,1
1,3.80E-24,2.62E-17,1,1,1
1,1.54E-22,4.01E-17,1,1,1
1,5.24E-14,5.23E-11,1,1,1
1,7.99E-14,2.75E-13,1,1,1
1,1.20E-12,4.65E-14,1,1,1
1,4.94E-13,2.43E-13,1,1,1
1,1.25E-09,2.44E-10,1,1,1
1,5.23E-10,1.61E-10,1,1,1
1,1.27E-10,1.80E-11,1,1,1
1,5.77E-10,8.81E-11,1,1,1
1,2.23E-10,3.34E-11,1,1,1
1,4.44E-10,5.59E-11,1,1,1
0.999999762,2.93E-07,4.26E-08,1,1,1
1,4.20E-08,4.04E-09,1,1,1
1,7.94E-09,2.54E-09,1,1,1
1,1.81E-09,2.71E-10,1,1,1
0.999999881,1.55E-07,1.43E-08,1,1,1
0.999935389,6.26E-05,2.05E-06,1,1,1
0.999998808,1.09E-06,6.19E-08,1,1,1
0.999999881,6.75E-08,1.81E-08,1,1,1
0.999999881,5.96E-08,1.20E-08,1,1,1
1,4.43E-08,1.32E-08,1,1,1
1,2.32E-09,5.07E-10,1,1,1
1,2.45E-08,1.49E-09,1,1,1
0.999999762,1.90E-07,8.91E-09,1,1,1
0.999998093,1.42E-06,4.26E-07,1,1,1
0.999598444,0.000379563,2.21E-05,1,1,1
0.99997139,2.68E-05,1.82E-06,1,1,1
0.999961138,3.48E-05,4.02E-06,1,1,1
0.999997616,2.35E-06,2.83E-08,1,1,1
1,1.44E-11,5.50E-11,1,1,1
1,5.14E-13,7.11E-12,1,1,1
1,1.19E-12,4.20E-12,1,1,1
1,3.09E-12,1.06E-11,1,1,1
1,1.18E-09,1.35E-10,1,1,1
0.999999404,4.23E-07,6.86E-08,1,1,1
0.999244809,0.000744892,1.04E-05,1,1,1
0.996920347,0.003076286,3.45E-06,1,1,1
0.999999642,3.76E-07,1.79E-08,1,1,1
0.999999642,3.64E-07,2.45E-08,1,1,1
0.999999523,5.25E-07,2.94E-08,1,1,1
1,3.61E-11,6.31E-12,1,1,1
1,3.79E-18,1.11E-17,1,1,1
1,1.25E-22,1.16E-22,1,1,1
1,1.27E-28,1.40E-27,1,1,1
1,2.73E-30,1.54E-29,1,1,1
1,2.73E-23,2.95E-23,1,1,1
1,1.60E-23,1.16E-23,1,1,1
1,2.05E-28,5.79E-28,1,1,1
1,2.39E-27,6.72E-27,1,1,1
1,9.52E-37,7.62E-35,1,1,1
1,0,0,1,1,1
1,0,0,1,1,1
1,0,0,1,1,1
1,0,0,1,1,1
1,0,0,1,1,1
1,6.13E-26,7.75E-24,1,1,1
1,2.96E-34,1.38E-29,1,1,1
1,6.06E-32,2.79E-27,1,1,1
1,5.75E-24,1.78E-19,1,1,1
1,1.43E-19,2.02E-15,1,1,1
1,8.10E-09,1.80E-09,1,1,1
0.999996185,3.79E-06,3.70E-09,1,1,1
1,5.22E-20,3.51E-18,1,1,1
1,4.57E-24,1.23E-23,1,1,1
1,2.56E-33,7.33E-32,1,1,1
1,7.58E-30,7.12E-28,1,1,1
1,0,1.19E-36,1,1,1
1,0,5.92E-38,1,1,1
1,0,0,1,1,1
1,5.86E-37,1.29E-31,1,1,1
1,0,0,1,1,1
1,0,1.00E-33,1,1,1
1,0,0,1,1,1
1,0,2.19E-36,1,1,1
1,0,0,1,1,1
1,8.30E-30,1.90E-25,1,1,1
1,8.25E-33,4.93E-26,1,1,1
1,6.42E-33,2.50E-26,1,1,1
1,1.04E-33,2.69E-28,1,1,1
1,0,1.49E-31,1,1,1
1,4.04E-30,4.54E-25,1,1,1
1,0,3.60E-37,1,1,1
1,0,0,1,1,1
1,0,1.83E-35,1,1,1
1,0,2.77E-29,1,1,1
1,4.68E-36,3.19E-27,1,1,1
1,1.53E-27,1.63E-20,1,1,1
1,4.33E-20,6.32E-15,1,1,1
1,1.14E-15,2.43E-11,1,1,1
1,2.13E-20,7.32E-15,1,1,1
1,1.09E-14,6.53E-15,1,1,1
1,4.40E-11,7.73E-12,1,1,1
1,2.22E-11,1.27E-11,1,1,1
1,6.56E-11,1.42E-11,1,1,1
1,2.31E-08,1.06E-09,1,1,1
1,4.00E-08,1.77E-09,1,1,1
1,6.32E-12,2.48E-13,1,1,1
0.99999845,1.59E-06,3.41E-08,1,1,1
0.999999404,5.83E-07,4.35E-08,1,1,1
0.999999285,7.10E-07,2.56E-08,1,1,1
0.999890804,0.000105677,3.47E-06,1,1,1
0.999978304,2.09E-05,8.20E-07,1,1,1
0.999999881,8.46E-08,1.10E-08,1,1,1
0.999999404,5.44E-07,3.47E-08,1,1,1
0.999998927,9.86E-07,9.18E-08,1,1,1
1,2.28E-08,2.24E-09,1,1,1
0.999999762,2.58E-07,3.10E-08,1,1,1
1,5.40E-09,1.55E-09,1,1,1
0.999999523,3.03E-07,6.10E-08,1,1,1
0.999999285,5.99E-07,1.18E-07,1,1,1
0.999999523,4.21E-07,1.57E-08,1,1,1
0.99999404,5.64E-06,3.45E-07,1,1,1
0.999994397,4.51E-06,1.13E-06,1,1,1
0.999872923,0.00011604,1.10E-05,1,1,1
0.998458385,0.001408642,0.000132921,1,1,1
0.999974489,2.39E-05,1.71E-06,1,1,1
1,3.10E-09,1.28E-09,1,1,1
1,1.65E-10,8.25E-10,1,1,1
1,1.55E-11,1.75E-10,1,1,1
1,2.74E-14,1.96E-12,1,1,1
1,2.87E-09,1.93E-09,1,1,1
1,2.39E-08,5.59E-09,1,1,1
0.999956608,4.17E-05,1.76E-06,1,1,1
0.999911904,8.59E-05,2.11E-06,1,1,1
0.997943342,0.002045575,1.11E-05,1,1,1
0.999976516,2.33E-05,2.65E-07,1,1,1
1,1.48E-15,1.06E-14,1,1,1
1,8.97E-23,1.47E-20,1,1,1
1,4.09E-20,2.42E-19,1,1,1
1,5.59E-32,2.57E-29,1,1,1
1,2.17E-33,3.01E-31,1,1,1
1,3.47E-35,5.52E-33,1,1,1
1,2.95E-23,4.56E-23,1,1,1
1,1.00E-21,1.21E-21,1,1,1
1,2.27E-31,1.80E-30,1,1,1
1,4.67E-35,4.72E-33,1,1,1
1,1.13E-21,7.82E-22,1,1,1
1,5.80E-32,1.27E-30,1,1,1
1,0,0,1,1,1
1,0,7.73E-36,1,1,1
1,0,0,1,1,1
1,0,0,1,1,1
1,0,0,1,1,1
1,0,0,1,1,1
1,0,1.19E-35,1,1,1
1,1.15E-28,3.83E-26,1,1,1
1,4.64E-25,4.49E-22,1,1,1
1,2.67E-25,3.04E-22,1,1,1
1,4.31E-19,7.81E-17,1,1,1
1,1.87E-19,5.50E-18,1,1,1
1,8.21E-25,6.96E-24,1,1,1
1,3.18E-23,1.48E-22,1,1,1
1,1.16E-36,9.19E-34,1,1,1
1,6.48E-31,2.56E-28,1,1,1
1,0,0,1,1,1
1,3.12E-38,3.03E-33,1,1,1
1,3.97E-26,8.92E-24,1,1,1
1,2.37E-32,2.24E-28,1,1,1
1,6.94E-34,7.35E-25,1,1,1
1,0,1.43E-38,1,1,1
1,0,2.30E-33,1,1,1
1,0,3.20E-35,1,1,1
1,0,0,1,1,1
1,0,2.71E-38,1,1,1
1,5.78E-32,2.33E-24,1,1,1
1,1.64E-36,1.31E-29,1,1,1
1,0,1.04E-31,1,1,1
1,0,2.62E-31,1,1,1
1,0,4.83E-33,1,1,1
1,0,3.92E-35,1,1,1
1,0,0,1,1,1
1,0,7.67E-33,1,1,1
1,8.56E-31,7.30E-24,1,1,1
1,1.72E-27,2.36E-21,1,1,1
1,2.68E-20,2.01E-16,1,1,1
1,2.95E-12,1.74E-09,1,1,1
1,1.21E-20,5.32E-16,1,1,1
1,1.11E-12,7.10E-11,1,1,1
1,1.94E-10,1.22E-10,1,1,1
0.999999762,2.01E-07,1.56E-08,1,1,1
1,2.34E-10,1.52E-11,1,1,1
1,9.65E-11,7.95E-12,1,1,1
1,1.85E-12,5.03E-13,1,1,1
1,4.42E-08,3.32E-09,1,1,1
1,1.46E-09,1.08E-10,1,1,1
0.999998689,1.27E-06,4.05E-08,1,1,1
0.99999702,2.83E-06,1.44E-07,1,1,1
0.999989033,1.07E-05,2.32E-07,1,1,1
0.999991179,8.75E-06,1.55E-07,1,1,1
1,4.38E-08,2.27E-09,1,1,1
0.999999881,1.04E-07,1.31E-08,1,1,1
0.999996781,3.05E-06,1.54E-07,1,1,1
0.999999642,4.00E-07,4.78E-08,1,1,1
1,3.19E-09,2.24E-10,1,1,1
1,4.96E-08,1.76E-08,1,1,1
0.999923468,6.83E-05,8.19E-06,1,1,1
0.999188244,0.000805666,6.02E-06,1,1,1
0.991278708,0.008617521,0.0001037,1,1,1
0.999392152,0.000566605,4.13E-05,1,1,1
0.999855757,0.000129311,1.49E-05,1,1,1
0.999987841,8.67E-06,3.51E-06,1,1,1
0.999730885,0.000245046,2.41E-05,1,1,1
0.999939561,5.58E-05,4.59E-06,1,1,1
0.998526692,0.001410297,6.30E-05,1,1,1
1,1.80E-08,1.09E-08,1,1,1
1,2.09E-10,1.46E-10,1,1,1
1,2.89E-12,8.15E-12,1,1,1
1,8.71E-16,9.58E-14,1,1,1
1,1.37E-14,1.73E-12,1,1,1
1,1.51E-10,8.27E-11,1,1,1
0.999999762,1.94E-07,2.20E-08,1,1,1
0.999991894,7.52E-06,5.72E-07,1,1,1
1,1.40E-08,2.37E-09,1,1,1
1,7.59E-14,1.82E-13,1,1,1
1,7.01E-11,1.89E-11,1,1,1
1,3.31E-08,2.13E-09,1,1,1
1,2.92E-25,1.75E-23,1,1,1
1,4.59E-28,5.02E-26,1,1,1
1,0,7.19E-37,1,1,1
1,9.16E-32,4.26E-30,1,1,1
1,2.35E-21,2.91E-21,1,1,1
1,0,0,1,1,1
1,5.82E-17,1.85E-17,1,1,1
1,2.69E-22,3.08E-22,1,1,1
1,1.00E-29,2.59E-27,1,1,1
1,0,0,1,1,1
1,2.33E-36,2.14E-33,1,1,1
1,1.63E-34,1.01E-31,1,1,1
1,0,0,1,1,1
1,1.51E-37,4.65E-34,1,1,1
1,2.23E-24,1.02E-22,1,1,1
1,6.01E-34,1.74E-30,1,1,1
1,4.30E-34,1.16E-30,1,1,1
1,8.05E-29,7.17E-25,1,1,1
1,2.04E-34,9.97E-29,1,1,1
1,4.21E-21,3.09E-18,1,1,1
1,8.66E-20,3.74E-19,1,1,1
1,6.44E-26,3.74E-25,1,1,1
1,2.74E-37,2.21E-35,1,1,1
1,0,0,1,1,1
1,4.01E-29,8.54E-27,1,1,1
1,0,1.51E-35,1,1,1
1,5.83E-35,2.67E-30,1,1,1
1,3.81E-37,5.68E-33,1,1,1
1,0,0,1,1,1
1,0,0,1,1,1
1,1.04E-24,1.22E-22,1,1,1
1,4.41E-31,3.65E-27,1,1,1
1,0,0,1,1,1
1,0,1.98E-37,1,1,1
1,0,6.56E-30,1,1,1
1,1.32E-27,2.05E-21,1,1,1
1,3.57E-38,2.67E-30,1,1,1
1,1.02E-34,2.87E-28,1,1,1
1,2.93E-34,1.88E-28,1,1,1
1,5.36E-37,4.92E-31,1,1,1
1,3.79E-36,4.45E-30,1,1,1
1,2.93E-33,1.13E-27,1,1,1
1,5.65E-25,3.06E-21,1,1,1
1,4.14E-22,1.33E-17,1,1,1
1,7.37E-27,2.17E-20,1,1,1
1,7.92E-27,4.56E-21,1,1,1
1,5.69E-20,4.78E-16,1,1,1
1,5.63E-12,2.74E-10,1,1,1
1,3.21E-11,7.50E-10,1,1,1
1,3.72E-10,1.08E-09,1,1,1
1,1.07E-08,6.64E-09,1,1,1
1,3.14E-10,1.82E-10,1,1,1
1,4.86E-11,8.32E-12,1,1,1
1,4.56E-10,4.30E-12,1,1,1
1,8.84E-10,1.73E-11,1,1,1
1,6.91E-10,7.55E-12,1,1,1
1,2.06E-09,4.48E-11,1,1,1
1,9.46E-10,8.69E-11,1,1,1
1,1.05E-08,6.97E-10,1,1,1
0.999992728,7.08E-06,2.77E-07,1,1,1
0.999998093,1.74E-06,7.05E-08,1,1,1
0.999997497,2.25E-06,2.93E-07,1,1,1
0.999999881,8.02E-08,1.53E-08,1,1,1
0.999995708,4.00E-06,2.34E-07,1,1,1
1,2.24E-09,2.45E-10,1,1,1
0.999999762,1.95E-07,5.67E-08,1,1,1
0.99995327,4.07E-05,6.03E-06,1,1,1
0.99941361,0.000576505,9.86E-06,1,1,1
0.99990046,9.68E-05,2.79E-06,1,1,1
0.998602092,0.00137226,2.58E-05,1,1,1
0.996975183,0.00300326,2.15E-05,1,1,1
0.99954623,0.000394162,5.96E-05,1,1,1
0.999694943,0.000269427,3.56E-05,1,1,1
0.99806875,0.001854756,7.65E-05,1,1,1
0.999860048,0.000120125,1.98E-05,1,1,1
1,1.40E-09,9.53E-10,1,1,1
1,6.14E-13,9.04E-12,1,1,1
1,4.24E-20,4.93E-17,1,1,1
1,1.31E-16,5.22E-14,1,1,1
1,5.15E-11,1.13E-09,1,1,1
1,4.40E-13,7.20E-12,1,1,1
1,1.81E-10,5.39E-09,1,1,1
1,2.54E-12,3.49E-11,1,1,1
1,3.91E-10,4.23E-11,1,1,1
1,7.15E-15,6.80E-15,1,1,1
1,1.54E-29,1.95E-27,1,1,1
1,1.48E-33,5.06E-32,1,1,1
1,1.76E-16,1.65E-17,1,1,1
1,7.39E-13,4.33E-14,1,1,1
1,3.14E-15,8.70E-16,1,1,1
1,7.89E-28,7.68E-27,1,1,1
1,4.82E-18,3.16E-18,1,1,1
1,1.57E-34,2.23E-32,1,1,1
1,3.97E-36,4.99E-33,1,1,1
1,0,1.58E-36,1,1,1
1,1.11E-20,3.18E-20,1,1,1
1,2.78E-14,1.75E-14,1,1,1
1,2.19E-28,1.23E-25,1,1,1
1,4.33E-34,1.23E-30,1,1,1
1,6.96E-31,1.53E-27,1,1,1
1,0,1.87E-33,1,1,1
1,4.45E-26,2.90E-22,1,1,1
1,4.05E-24,6.83E-20,1,1,1
1,1.25E-19,1.09E-15,1,1,1
1,2.84E-11,6.06E-11,1,1,1
1,3.45E-13,2.40E-14,1,1,1
1,3.96E-24,1.88E-23,1,1,1
1,8.89E-26,3.61E-25,1,1,1
1,5.82E-24,2.67E-23,1,1,1
1,1.40E-26,4.17E-22,1,1,1
1,4.02E-23,1.31E-20,1,1,1
1,2.65E-23,2.06E-21,1,1,1
1,5.33E-25,6.30E-23,1,1,1
1,1.86E-26,7.22E-24,1,1,1
1,2.01E-36,1.07E-32,1,1,1
1,0,2.38E-36,1,1,1
1,0,0,1,1,1
1,0,2.51E-34,1,1,1
1,1.51E-31,5.81E-26,1,1,1
1,2.42E-37,4.41E-27,1,1,1
1,1.14E-25,9.49E-21,1,1,1
1,1.50E-30,1.49E-27,1,1,1
1,0,1.07E-31,1,1,1
1,1.44E-23,1.07E-21,1,1,1
1,3.83E-29,8.75E-25,1,1,1
1,9.15E-38,7.01E-31,1,1,1
1,1.53E-29,2.70E-24,1,1,1
1,1.64E-24,1.20E-20,1,1,1
1,3.26E-15,1.42E-13,1,1,1
1,8.64E-19,4.33E-15,1,1,1
1,1.22E-17,2.31E-15,1,1,1
1,1.27E-15,4.57E-13,1,1,1
1,1.96E-11,2.64E-10,1,1,1
1,1.06E-10,1.03E-10,1,1,1
1,7.14E-12,2.37E-12,1,1,1
0.999999762,1.98E-07,1.16E-08,1,1,1
1,9.44E-11,3.14E-12,1,1,1
1,3.39E-11,4.58E-12,1,1,1
1,5.52E-10,3.99E-11,1,1,1
1,3.28E-11,6.05E-12,1,1,1
1,2.27E-09,9.37E-11,1,1,1
0.999999404,5.81E-07,1.88E-08,1,1,1
0.999999881,1.37E-07,8.46E-09,1,1,1
0.999998808,1.25E-06,2.43E-08,1,1,1
1,1.10E-09,3.10E-10,1,1,1
1,3.79E-08,7.84E-09,1,1,1
1,3.25E-08,7.44E-09,1,1,1
1,1.63E-10,4.96E-11,1,1,1
0.999999881,6.16E-08,8.59E-09,1,1,1
1,7.48E-12,1.81E-12,1,1,1
1,2.71E-08,2.13E-09,1,1,1
1,7.00E-09,2.49E-09,1,1,1
0.999977946,1.92E-05,2.82E-06,1,1,1
0.996085048,0.003853314,6.17E-05,1,1,1
0.995191216,0.004734694,7.42E-05,1,1,1
0.999910593,8.90E-05,4.32E-07,1,1,1
0.999964714,3.46E-05,7.45E-07,1,1,1
0.999996066,3.81E-06,7.74E-08,1,1,1
0.999916553,8.22E-05,1.13E-06,1,1,1
0.999985456,1.14E-05,3.19E-06,1,1,1
1,1.48E-10,2.27E-09,1,1,1
1,7.04E-14,1.52E-11,1,1,1
1,1.56E-15,2.57E-14,1,1,1
1,3.56E-19,1.82E-15,1,1,1
1,2.84E-15,5.79E-13,1,1,1
1,1.08E-11,8.26E-11,1,1,1
1,1.07E-13,5.15E-11,1,1,1
1,1.42E-14,6.19E-12,1,1,1
1,1.90E-11,9.03E-13,1,1,1
1,2.15E-09,7.75E-11,1,1,1
1,1.09E-12,2.42E-14,1,1,1
1,2.82E-12,2.18E-13,1,1,1
1,1.14E-34,1.96E-32,1,1,1
1,2.77E-16,6.74E-17,1,1,1
1,1.76E-30,8.50E-29,1,1,1
1,5.18E-35,9.53E-33,1,1,1
1,1.10E-30,2.41E-29,1,1,1
1,2.57E-29,2.76E-28,1,1,1
1,6.26E-27,2.75E-25,1,1,1
1,1.08E-29,2.32E-27,1,1,1
1,1.82E-33,2.46E-29,1,1,1
1,1.00E-30,4.58E-27,1,1,1
1,0,2.16E-37,1,1,1
1,2.33E-28,5.02E-25,1,1,1
1,1.68E-32,4.35E-28,1,1,1
1,5.32E-15,7.00E-13,1,1,1
1,4.43E-12,3.70E-10,1,1,1
1,3.86E-14,2.35E-11,1,1,1
0.99765718,0.002340191,2.64E-06,1,1,1
1,2.09E-09,1.45E-09,1,1,1
1,6.06E-18,8.71E-18,1,1,1
1,2.98E-26,1.66E-24,1,1,1
1,4.79E-32,8.41E-30,1,1,1
1,5.77E-27,6.47E-25,1,1,1
1,2.08E-18,1.66E-17,1,1,1
1,1.86E-18,1.31E-17,1,1,1
1,6.46E-16,1.41E-15,1,1,1
1,2.96E-31,1.05E-26,1,1,1
1,6.12E-35,3.11E-30,1,1,1
1,6.12E-37,8.42E-33,1,1,1
1,0,4.81E-36,1,1,1
1,0,1.25E-36,1,1,1
1,2.89E-35,5.52E-29,1,1,1
1,4.89E-26,8.39E-22,1,1,1
1,2.47E-22,5.54E-18,1,1,1
1,1.41E-28,5.08E-24,1,1,1
1,4.19E-37,1.22E-29,1,1,1
1,1.78E-37,1.03E-31,1,1,1
1,0,2.06E-31,1,1,1
1,1.67E-35,1.44E-28,1,1,1
1,2.34E-21,9.94E-18,1,1,1
1,2.06E-27,2.00E-22,1,1,1
1,5.03E-25,8.56E-20,1,1,1
1,1.49E-18,1.58E-15,1,1,1
1,5.03E-15,8.10E-14,1,1,1
1,1.30E-15,1.95E-15,1,1,1
1,1.08E-11,6.93E-12,1,1,1
1,4.54E-11,3.56E-11,1,1,1
1,1.03E-11,1.36E-12,1,1,1
1,2.23E-10,7.94E-12,1,1,1
0.999996781,3.27E-06,3.60E-08,1,1,1
1,3.78E-11,9.25E-13,1,1,1
1,1.97E-08,6.37E-10,1,1,1
1,4.69E-08,2.00E-09,1,1,1
0.999999881,8.08E-08,2.71E-09,1,1,1
1,3.02E-09,2.22E-10,1,1,1
1,3.91E-08,2.55E-09,1,1,1
0.999999881,8.51E-08,3.84E-09,1,1,1
1,7.90E-10,1.57E-10,1,1,1
1,3.89E-09,5.71E-10,1,1,1
1,8.12E-12,7.18E-12,1,1,1
1,2.65E-13,9.37E-13,1,1,1
1,1.10E-12,3.58E-12,1,1,1
1,2.29E-10,3.35E-11,1,1,1
1,1.34E-08,1.31E-09,1,1,1
1,1.44E-08,2.47E-09,1,1,1
0.999999881,7.91E-08,1.32E-08,1,1,1
0.99909246,0.000855966,5.16E-05,1,1,1
0.997431934,0.002559224,8.75E-06,1,1,1
0.99994266,5.66E-05,7.51E-07,1,1,1
0.999980211,1.97E-05,7.68E-08,1,1,1
0.999998569,1.45E-06,4.36E-09,1,1,1
0.999974489,2.53E-05,8.66E-08,1,1,1
1,8.03E-13,1.13E-11,1,1,1
1,4.68E-16,7.47E-14,1,1,1
1,2.35E-21,1.10E-16,1,1,1
1,1.30E-15,2.98E-14,1,1,1
1,8.57E-10,3.30E-09,1,1,1
1,1.29E-15,3.66E-12,1,1,1
1,5.02E-11,2.25E-09,1,1,1
1,3.45E-10,1.87E-08,1,1,1
1,1.11E-14,5.08E-15,1,1,1
1,1.85E-15,2.71E-16,1,1,1
1,3.44E-19,3.27E-19,1,1,1
1,3.53E-17,3.79E-17,1,1,1
1,1.04E-25,1.67E-24,1,1,1
1,5.74E-26,1.26E-24,1,1,1
1,7.68E-31,3.29E-29,1,1,1
1,2.86E-31,2.18E-29,1,1,1
1,6.17E-34,5.63E-32,1,1,1
1,3.48E-25,2.51E-24,1,1,1
1,6.59E-38,1.37E-33,1,1,1
1,4.09E-22,6.61E-21,1,1,1
1,2.12E-31,1.81E-28,1,1,1
1,1.64E-21,1.58E-20,1,1,1
1,2.36E-26,7.78E-24,1,1,1
1,3.77E-30,1.72E-25,1,1,1
1,4.64E-20,7.39E-17,1,1,1
1,8.39E-14,3.47E-11,1,1,1
1,9.37E-11,8.42E-10,1,1,1
0.831353843,0.168630406,1.58E-05,1,1,1
1,1.24E-08,5.82E-10,1,1,1
1,2.33E-17,6.26E-17,1,1,1
1,2.37E-32,1.93E-29,1,1,1
1,0,3.69E-38,1,1,1
1,1.97E-33,2.49E-31,1,1,1
1,6.89E-19,2.19E-18,1,1,1
1,3.87E-25,7.79E-24,1,1,1
1,4.26E-34,1.81E-29,1,1,1
1,3.56E-27,1.50E-24,1,1,1
1,0,5.12E-38,1,1,1
1,0,6.05E-38,1,1,1
1,0,2.69E-38,1,1,1
1,3.34E-25,1.99E-22,1,1,1
1,2.32E-18,5.31E-13,1,1,1
1,4.83E-19,6.16E-13,1,1,1
1,1.61E-29,2.75E-21,1,1,1
1,4.53E-29,2.36E-25,1,1,1
1,9.14E-34,5.05E-29,1,1,1
1,6.66E-30,1.86E-25,1,1,1
1,0,3.88E-33,1,1,1
1,8.11E-35,1.84E-27,1,1,1
1,1.15E-30,3.10E-24,1,1,1
1,9.75E-25,1.33E-19,1,1,1
1,3.11E-24,1.29E-19,1,1,1
1,1.72E-17,2.76E-15,1,1,1
1,4.39E-17,2.38E-16,1,1,1
1,1.54E-19,1.81E-19,1,1,1
1,2.33E-11,5.79E-12,1,1,1
1,3.28E-12,1.07E-12,1,1,1
1,1.04E-09,1.74E-10,1,1,1
1,2.28E-08,8.10E-10,1,1,1
0.999986768,1.30E-05,2.44E-07,1,1,1
0.999988198,1.17E-05,1.58E-07,1,1,1
1,1.48E-08,7.37E-10,1,1,1
0.999966025,3.29E-05,1.05E-06,1,1,1
1,1.50E-11,7.08E-13,1,1,1
1,7.64E-12,4.57E-13,1,1,1
1,3.14E-09,2.93E-10,1,1,1
0.999999881,8.70E-08,3.51E-09,1,1,1
0.999999881,1.26E-07,6.65E-09,1,1,1
1,5.05E-10,6.64E-11,1,1,1
1,8.94E-12,5.22E-12,1,1,1
1,9.92E-09,5.06E-09,1,1,1
1,2.59E-09,4.94E-10,1,1,1
1,3.66E-08,7.31E-09,1,1,1
1,3.11E-09,9.64E-10,1,1,1
1,3.18E-09,3.17E-09,1,1,1
0.998339415,0.001606079,5.45E-05,1,1,1
0.999587953,0.000392098,1.99E-05,1,1,1
0.999970555,2.78E-05,1.62E-06,1,1,1
0.999874949,0.000124095,8.99E-07,1,1,1
0.999998927,1.05E-06,1.04E-08,1,1,1
0.999966025,3.36E-05,3.24E-07,1,1,1
1,2.63E-09,1.32E-10,1,1,1
1,1.28E-15,3.24E-14,1,1,1
1,3.80E-18,3.86E-15,1,1,1
1,3.26E-20,1.29E-16,1,1,1
1,1.44E-13,1.10E-11,1,1,1
0.999101639,0.00082717,7.12E-05,1,1,1
1,5.48E-15,1.92E-11,1,1,1
0.999999523,4.08E-11,4.20E-07,1,1,1
1,7.61E-13,2.18E-09,1,1,1
1,3.55E-11,2.39E-12,1,1,1
1,1.64E-21,8.47E-21,1,1,1
1,2.28E-22,3.06E-21,1,1,1
1,0,1.93E-37,1,1,1
1,5.60E-28,2.47E-26,1,1,1
1,0,2.62E-38,1,1,1
1,7.14E-34,8.12E-32,1,1,1
1,7.65E-33,6.73E-31,1,1,1
1,0,0,1,1,1
1,0,3.40E-38,1,1,1
1,0,0,1,1,1
1,0,1.53E-33,1,1,1
1,0,0,1,1,1
1,0,2.09E-33,1,1,1
1,3.57E-30,1.14E-22,1,1,1
1,2.49E-20,1.87E-15,1,1,1
1,2.32E-19,2.35E-14,1,1,1
1,8.27E-14,4.30E-12,1,1,1
0.999970913,2.89E-05,1.29E-07,1,1,1
1,3.06E-12,3.15E-13,1,1,1
1,7.76E-28,1.12E-25,1,1,1
1,1.17E-37,9.20E-35,1,1,1
1,0,0,1,1,1
1,1.03E-34,6.21E-32,1,1,1
1,2.00E-36,5.37E-33,1,1,1
1,1.04E-19,4.93E-18,1,1,1
1,2.70E-20,1.09E-16,1,1,1
1,4.92E-26,2.01E-21,1,1,1
1,2.64E-33,1.14E-30,1,1,1
1,1.18E-37,1.16E-33,1,1,1
1,0,3.08E-37,1,1,1
1,2.16E-15,3.71E-14,1,1,1
1,8.59E-35,3.21E-30,1,1,1
1,4.72E-19,2.74E-14,1,1,1
1,3.63E-29,5.53E-22,1,1,1
1,4.40E-26,7.46E-21,1,1,1
1,5.90E-33,7.51E-28,1,1,1
1,6.66E-37,6.66E-31,1,1,1
1,4.28E-31,9.94E-26,1,1,1
1,1.36E-26,1.04E-21,1,1,1
1,5.66E-21,5.68E-17,1,1,1
1,1.87E-25,4.15E-21,1,1,1
1,1.02E-24,1.36E-19,1,1,1
1,3.26E-17,3.11E-16,1,1,1
1,1.21E-14,4.16E-15,1,1,1
1,2.62E-18,4.13E-18,1,1,1
1,3.00E-11,1.27E-12,1,1,1
1,2.28E-10,1.54E-11,1,1,1
1,3.36E-12,3.65E-13,1,1,1
1,7.18E-12,4.39E-13,1,1,1
0.999998808,1.25E-06,2.45E-08,1,1,1
1,8.17E-09,2.21E-10,1,1,1
1,3.61E-09,9.34E-11,1,1,1
1,1.97E-08,1.55E-09,1,1,1
1,5.56E-10,6.15E-11,1,1,1
1,2.31E-09,2.60E-10,1,1,1
1,1.46E-10,1.76E-11,1,1,1
1,9.93E-10,2.47E-10,1,1,1
1,1.55E-08,3.25E-09,1,1,1
1,3.77E-09,4.32E-10,1,1,1
1,1.51E-09,4.25E-10,1,1,1
1,6.38E-09,2.07E-09,1,1,1
1,3.25E-10,3.38E-10,1,1,1
1,1.61E-08,3.77E-09,1,1,1
0.999995112,3.76E-06,1.17E-06,1,1,1
0.99985683,0.000135477,7.58E-06,1,1,1
0.994825602,0.004982529,0.000191861,1,1,1
0.999955773,4.13E-05,2.88E-06,1,1,1
0.999998808,6.88E-07,4.48E-07,1,1,1
0.999999523,3.86E-07,7.98E-08,1,1,1
0.999991536,8.33E-06,6.67E-08,1,1,1
0.999999642,3.45E-07,1.48E-08,1,1,1
1,1.28E-10,1.58E-10,1,1,1
1,5.12E-12,7.32E-12,1,1,1
1,6.72E-16,1.97E-13,1,1,1
1,2.67E-17,1.41E-14,1,1,1
1,8.45E-17,1.44E-13,1,1,1
0.999999881,1.06E-09,8.25E-08,1,1,1
1,1.32E-14,7.09E-11,1,1,1
1,2.11E-17,3.26E-12,1,1,1
1,9.80E-21,3.00E-19,1,1,1
1,4.15E-34,3.99E-30,1,1,1
1,0,0,1,1,1
1,2.83E-23,2.24E-22,1,1,1
1,3.88E-22,2.44E-21,1,1,1
1,1.65E-15,5.14E-16,1,1,1
1,1.27E-29,5.21E-28,1,1,1
1,5.69E-26,1.96E-24,1,1,1
1,1.23E-37,4.95E-33,1,1,1
1,1.64E-31,7.09E-29,1,1,1
1,3.72E-29,2.99E-26,1,1,1
1,1.40E-36,1.64E-32,1,1,1
1,1.66E-33,3.11E-28,1,1,1
1,3.62E-31,1.76E-24,1,1,1
1,3.41E-32,9.51E-23,1,1,1
1,1.67E-30,5.86E-22,1,1,1
1,5.49E-10,2.63E-09,1,1,1
1,4.15E-14,5.26E-12,1,1,1
1,7.78E-14,2.14E-12,1,1,1
1,5.51E-25,2.15E-22,1,1,1
1,7.29E-20,7.94E-20,1,1,1
1,1.35E-23,1.51E-22,1,1,1
1,3.82E-34,5.87E-32,1,1,1
1,4.13E-35,3.16E-32,1,1,1
1,7.12E-31,5.25E-25,1,1,1
1,1.09E-27,4.53E-23,1,1,1
1,3.04E-28,8.51E-23,1,1,1
1,1.12E-35,2.95E-30,1,1,1
1,3.32E-29,3.74E-27,1,1,1
1,5.54E-25,1.65E-23,1,1,1
1,3.18E-28,1.03E-21,1,1,1
1,5.17E-29,2.65E-23,1,1,1
1,9.42E-27,1.65E-20,1,1,1
1,4.96E-26,8.92E-23,1,1,1
1,6.15E-18,6.45E-16,1,1,1
1,6.19E-23,1.92E-20,1,1,1
1,1.13E-29,5.84E-26,1,1,1
1,6.82E-30,1.85E-25,1,1,1
1,1.93E-23,3.36E-20,1,1,1
1,5.71E-21,1.81E-17,1,1,1
1,4.07E-22,7.03E-19,1,1,1
1,7.23E-21,1.25E-18,1,1,1
1,2.41E-16,8.34E-16,1,1,1
1,1.32E-13,5.41E-14,1,1,1
1,5.68E-17,5.19E-18,1,1,1
1,9.47E-15,5.80E-16,1,1,1
1,2.65E-13,3.35E-15,1,1,1
1,2.93E-10,8.22E-12,1,1,1
1,1.41E-10,2.77E-12,1,1,1
0.999999881,6.70E-08,3.12E-09,1,1,1
1,2.46E-09,5.58E-11,1,1,1
1,1.51E-10,1.06E-11,1,1,1
1,4.94E-12,3.25E-13,1,1,1
1,2.13E-10,3.87E-11,1,1,1
1,7.05E-09,1.80E-09,1,1,1
1,1.19E-10,6.60E-11,1,1,1
1,4.86E-10,1.74E-10,1,1,1
1,9.37E-09,4.45E-09,1,1,1
1,1.96E-10,7.23E-11,1,1,1
1,4.91E-10,2.57E-10,1,1,1
1,3.85E-08,1.79E-08,1,1,1
1,1.04E-08,2.51E-09,1,1,1
0.999997973,1.85E-06,1.48E-07,1,1,1
0.999959707,3.82E-05,1.99E-06,1,1,1
0.999705732,0.00026334,3.09E-05,1,1,1
0.995776117,0.004130438,9.34E-05,1,1,1
0.999985337,1.41E-05,6.40E-07,1,1,1
0.999996781,2.72E-06,4.74E-07,1,1,1
0.999986291,1.33E-05,5.26E-07,1,1,1
0.999952793,4.66E-05,5.60E-07,1,1,1
0.999955893,4.33E-05,8.21E-07,1,1,1
0.999959111,3.97E-05,1.16E-06,1,1,1
0.999999762,1.03E-07,1.05E-07,1,1,1
1,1.42E-09,9.68E-10,1,1,1
1,6.66E-15,5.52E-13,1,1,1
1,1.89E-15,2.43E-12,1,1,1
1,1.14E-09,1.09E-08,1,1,1
0.999999523,2.50E-07,1.97E-07,1,1,1
1,1.85E-15,1.41E-14,1,1,1
1,5.36E-36,8.14E-32,1,1,1
1,2.73E-30,1.16E-27,1,1,1
1,8.11E-22,2.76E-21,1,1,1
1,5.88E-28,8.70E-26,1,1,1
1,6.73E-23,5.75E-22,1,1,1
1,1.60E-21,4.15E-21,1,1,1
1,1.33E-22,1.50E-21,1,1,1
1,1.43E-31,2.14E-28,1,1,1
1,8.40E-37,1.50E-32,1,1,1
1,6.91E-21,8.06E-20,1,1,1
1,6.95E-34,2.81E-29,1,1,1
1,8.23E-31,3.79E-25,1,1,1
1,5.97E-30,6.41E-22,1,1,1
1,1.60E-31,5.57E-22,1,1,1
1,7.03E-19,3.73E-13,1,1,1
1,3.14E-22,1.71E-16,1,1,1
1,7.84E-15,9.90E-12,1,1,1
1,1.73E-11,9.79E-10,1,1,1
1,1.23E-16,1.20E-14,1,1,1
1,1.66E-08,9.30E-09,1,1,1
1,4.85E-22,2.69E-21,1,1,1
1,0,4.53E-38,1,1,1
1,1.16E-27,1.24E-25,1,1,1
1,1.94E-34,4.98E-28,1,1,1
1,2.30E-30,2.90E-25,1,1,1
1,9.01E-37,4.74E-30,1,1,1
1,0,5.32E-37,1,1,1
1,1.29E-38,7.23E-32,1,1,1
1,2.64E-36,1.51E-32,1,1,1
1,2.29E-32,6.22E-29,1,1,1
1,1.45E-32,1.44E-28,1,1,1
1,2.96E-21,1.55E-19,1,1,1
1,8.13E-29,3.47E-25,1,1,1
1,1.39E-35,3.36E-30,1,1,1
1,1.86E-23,4.10E-21,1,1,1
1,4.68E-34,7.78E-30,1,1,1
1,6.62E-34,2.38E-28,1,1,1
1,2.60E-29,5.70E-24,1,1,1
1,8.97E-28,1.56E-23,1,1,1
1,1.62E-24,6.45E-21,1,1,1
1,1.68E-17,1.85E-16,1,1,1
1,5.86E-18,6.79E-16,1,1,1
1,1.16E-14,1.72E-14,1,1,1
1,1.01E-10,1.05E-11,1,1,1
1,2.66E-11,9.56E-13,1,1,1
1,1.49E-12,2.40E-14,1,1,1
1,5.24E-12,2.73E-13,1,1,1
1,2.15E-14,2.89E-16,1,1,1
1,2.90E-10,5.59E-12,1,1,1
1,4.33E-11,1.47E-12,1,1,1
1,1.32E-13,3.67E-15,1,1,1
1,5.73E-11,1.64E-11,1,1,1
0.999997973,1.88E-06,6.86E-08,1,1,1
1,1.35E-08,5.63E-10,1,1,1
1,4.66E-09,5.56E-10,1,1,1
1,8.57E-13,2.68E-13,1,1,1
1,2.33E-10,9.74E-11,1,1,1
1,5.27E-08,2.58E-08,1,1,1
1,1.56E-09,7.36E-10,1,1,1
1,1.18E-09,7.55E-10,1,1,1
1,5.89E-08,4.37E-08,1,1,1
0.99999702,2.30E-06,7.61E-07,1,1,1
0.999977827,1.56E-05,6.51E-06,1,1,1
0.999989867,8.13E-06,1.99E-06,1,1,1
0.996433854,0.003503838,6.22E-05,1,1,1
0.999955773,4.22E-05,2.02E-06,1,1,1
0.999915123,7.65E-05,8.29E-06,1,1,1
0.999723375,0.000240506,3.61E-05,1,1,1
0.99998939,7.94E-06,2.57E-06,1,1,1
0.999999642,3.14E-07,2.65E-08,1,1,1
0.999976635,2.03E-05,3.05E-06,1,1,1
1,4.05E-10,6.47E-10,1,1,1
1,2.82E-09,3.72E-10,1,1,1
1,9.00E-12,2.61E-11,1,1,1
1,1.62E-18,4.23E-15,1,1,1
1,3.29E-16,2.59E-12,1,1,1
1,1.10E-14,2.33E-12,1,1,1
1,1.24E-14,2.12E-14,1,1,1
1,1.11E-22,9.25E-21,1,1,1
1,4.72E-24,6.34E-23,1,1,1
1,1.21E-29,8.30E-28,1,1,1
1,3.04E-18,1.84E-18,1,1,1
1,1.28E-30,4.71E-27,1,1,1
1,1.20E-34,2.05E-30,1,1,1
1,0,1.79E-37,1,1,1
1,7.81E-33,4.34E-29,1,1,1
1,1.53E-19,8.77E-19,1,1,1
1,1.91E-34,9.85E-30,1,1,1
1,2.48E-30,5.81E-24,1,1,1
1,5.73E-34,2.60E-24,1,1,1
1,9.62E-26,2.29E-18,1,1,1
1,2.22E-21,1.83E-14,1,1,1
1,1.34E-19,6.16E-15,1,1,1
1,2.56E-17,4.09E-13,1,1,1
1,1.06E-20,3.60E-15,1,1,1
1,1.55E-08,4.28E-09,1,1,1
1,2.22E-15,2.78E-14,1,1,1
1,7.14E-27,3.47E-24,1,1,1
1,1.88E-36,9.61E-34,1,1,1
1,1.32E-35,8.22E-33,1,1,1
1,1.38E-32,1.54E-28,1,1,1
1,1.70E-24,2.31E-19,1,1,1
1,5.94E-18,4.76E-15,1,1,1
1,4.65E-29,5.07E-25,1,1,1
1,3.62E-29,1.71E-24,1,1,1
1,1.89E-25,9.10E-24,1,1,1
1,4.37E-31,1.29E-26,1,1,1
1,6.54E-29,1.80E-25,1,1,1
1,2.71E-21,2.76E-19,1,1,1
1,7.97E-30,1.46E-24,1,1,1
1,2.29E-21,2.67E-18,1,1,1
1,0,2.62E-36,1,1,1
1,5.36E-31,1.21E-26,1,1,1
1,1.52E-24,7.77E-21,1,1,1
1,2.01E-26,1.41E-21,1,1,1
1,4.06E-26,1.20E-22,1,1,1
1,5.43E-20,2.55E-17,1,1,1
1,6.28E-13,1.72E-12,1,1,1
1,8.47E-12,2.72E-12,1,1,1
1,9.91E-11,5.26E-12,1,1,1
1,1.35E-11,1.40E-12,1,1,1
1,8.79E-14,3.32E-15,1,1,1
1,5.76E-14,1.45E-15,1,1,1
1,3.01E-15,7.67E-17,1,1,1
1,3.62E-09,1.70E-10,1,1,1
1,1.40E-08,7.15E-10,1,1,1
1,5.46E-13,2.78E-14,1,1,1
1,2.98E-16,3.54E-17,1,1,1
1,2.84E-11,9.35E-12,1,1,1
0.999997735,2.11E-06,1.22E-07,1,1,1
0.999999523,5.28E-07,1.01E-08,1,1,1
0.999999881,1.60E-07,3.62E-08,1,1,1
1,6.69E-12,1.92E-12,1,1,1
1,1.65E-08,1.28E-09,1,1,1
1,6.82E-13,1.89E-13,1,1,1
1,3.91E-12,2.43E-12,1,1,1
1,1.02E-08,2.97E-09,1,1,1
0.99998045,1.60E-05,3.56E-06,1,1,1
0.999995708,3.09E-06,1.17E-06,1,1,1
0.999992132,5.50E-06,2.34E-06,1,1,1
0.999992847,3.62E-06,3.58E-06,1,1,1
0.998004138,0.001950621,4.52E-05,1,1,1
0.999977946,2.02E-05,1.95E-06,1,1,1
1,3.75E-09,4.95E-10,1,1,1
0.999999762,2.97E-07,2.71E-08,1,1,1
0.999979019,1.98E-05,1.15E-06,1,1,1
0.999999166,7.90E-07,5.47E-08,1,1,1
0.999732912,0.000251803,1.53E-05,1,1,1
0.999934793,5.62E-05,9.03E-06,1,1,1
0.999952197,4.77E-05,1.00E-07,1,1,1
0.999950051,4.99E-05,8.75E-09,1,1,1
0.999989152,1.08E-05,4.07E-08,1,1,1
0.999999881,1.48E-07,2.38E-10,1,1,1
1,1.84E-21,2.90E-19,1,1,1
1,3.27E-21,1.51E-19,1,1,1
1,4.74E-22,2.24E-20,1,1,1
1,3.83E-25,6.13E-23,1,1,1
1,1.40E-29,8.50E-27,1,1,1
1,6.51E-37,1.15E-31,1,1,1
1,2.40E-28,2.07E-25,1,1,1
1,3.29E-18,8.67E-18,1,1,1
1,8.19E-35,4.59E-31,1,1,1
1,9.87E-38,9.84E-33,1,1,1
1,9.69E-32,2.36E-26,1,1,1
1,2.87E-30,1.00E-22,1,1,1
1,1.88E-23,3.38E-17,1,1,1
1,2.44E-22,3.60E-15,1,1,1
1,3.38E-29,5.22E-20,1,1,1
1,5.11E-20,1.59E-13,1,1,1
1,7.78E-21,6.27E-14,1,1,1
1,8.45E-20,5.68E-17,1,1,1
1,9.34E-27,1.67E-24,1,1,1
1,0,3.85E-38,1,1,1
1,9.64E-31,2.47E-28,1,1,1
1,1.57E-27,3.54E-26,1,1,1
1,2.88E-24,5.71E-20,1,1,1
1,5.30E-14,9.62E-12,1,1,1
1,1.16E-13,2.43E-12,1,1,1
1,6.24E-19,3.11E-17,1,1,1
1,4.44E-31,6.70E-26,1,1,1
1,5.18E-20,5.20E-19,1,1,1
1,5.63E-23,4.43E-21,1,1,1
1,5.62E-26,3.81E-23,1,1,1
1,2.31E-20,8.86E-19,1,1,1
1,2.68E-33,1.49E-28,1,1,1
1,4.16E-30,1.14E-26,1,1,1
1,2.19E-31,2.63E-27,1,1,1
1,0,1.12E-37,1,1,1
1,1.88E-25,2.42E-22,1,1,1
1,6.88E-18,1.43E-16,1,1,1
1,1.13E-11,5.53E-11,1,1,1
1,7.35E-12,2.66E-11,1,1,1
1,1.54E-13,3.79E-13,1,1,1
1,4.96E-12,1.65E-12,1,1,1
1,1.32E-10,1.12E-11,1,1,1
1,1.16E-18,2.14E-19,1,1,1
1,8.34E-15,1.66E-16,1,1,1
1,1.35E-13,3.20E-15,1,1,1
1,8.65E-15,2.94E-16,1,1,1
1,1.91E-09,8.51E-11,1,1,1
0.999999881,1.66E-07,6.04E-09,1,1,1
1,8.25E-16,6.14E-17,1,1,1
1,1.30E-08,1.76E-09,1,1,1
0.999999881,1.20E-07,4.57E-09,1,1,1
0.999999762,1.85E-07,1.28E-08,1,1,1
1,8.66E-09,1.15E-09,1,1,1
1,3.84E-13,4.41E-13,1,1,1
1,5.06E-11,3.15E-11,1,1,1
1,5.40E-08,4.73E-09,1,1,1
1,3.25E-11,7.17E-12,1,1,1
0.999996901,2.84E-06,2.60E-07,1,1,1
0.999935269,6.03E-05,4.42E-06,1,1,1
0.999965787,3.09E-05,3.27E-06,1,1,1
0.99997139,2.62E-05,2.34E-06,1,1,1
0.999999404,4.99E-07,1.36E-07,1,1,1
0.999993324,6.11E-06,5.54E-07,1,1,1
0.999640822,0.000341986,1.71E-05,1,1,1
0.999997258,2.42E-06,3.14E-07,1,1,1
0.999998689,1.20E-06,1.34E-07,1,1,1
0.999999881,1.09E-07,1.12E-08,1,1,1
0.999998808,1.03E-06,7.24E-08,1,1,1
0.999999881,1.11E-07,1.05E-08,1,1,1
0.996697545,0.003060507,0.000242041,1,1,1
0.999995232,4.01E-06,6.58E-07,1,1,1
0.999999046,9.72E-07,1.88E-08,1,1,1
1,2.27E-08,9.78E-10,1,1,1
0.996029913,0.003970027,4.62E-08,1,1,1
1,5.07E-23,2.94E-21,1,1,1
1,8.42E-22,9.27E-20,1,1,1
1,1.20E-20,8.10E-20,1,1,1
1,3.94E-22,3.66E-21,1,1,1
1,1.92E-22,1.89E-20,1,1,1
1,2.09E-28,9.22E-26,1,1,1
1,1.89E-32,3.38E-29,1,1,1
1,1.12E-30,1.07E-26,1,1,1
1,2.22E-23,1.89E-20,1,1,1
1,5.70E-28,3.22E-23,1,1,1
1,2.36E-20,2.77E-17,1,1,1
1,1.23E-19,7.26E-16,1,1,1
1,1.75E-24,2.15E-17,1,1,1
1,3.57E-23,3.19E-17,1,1,1
1,8.75E-23,3.46E-19,1,1,1
1,7.08E-33,6.15E-30,1,1,1
1,3.38E-33,7.71E-32,1,1,1
1,7.14E-28,5.91E-27,1,1,1
1,8.10E-27,1.57E-25,1,1,1
1,2.75E-30,3.84E-27,1,1,1
1,1.01E-16,2.04E-13,1,1,1
1,3.44E-10,3.65E-10,1,1,1
1,1.24E-10,1.00E-10,1,1,1
1,2.52E-15,3.17E-15,1,1,1
1,5.85E-31,1.19E-26,1,1,1
1,6.28E-36,3.32E-32,1,1,1
1,0,0,1,1,1
1,2.11E-22,6.50E-21,1,1,1
1,4.03E-21,1.42E-19,1,1,1
1,3.92E-32,2.43E-28,1,1,1
1,9.52E-34,6.46E-30,1,1,1
1,8.90E-33,3.22E-28,1,1,1
1,4.41E-24,5.08E-22,1,1,1
1,3.64E-14,3.57E-12,1,1,1
1,1.19E-11,8.49E-10,1,1,1
1,4.84E-15,4.08E-13,1,1,1
1,1.78E-18,2.30E-16,1,1,1
1,8.17E-22,1.30E-19,1,1,1
1,2.69E-18,2.53E-18,1,1,1
1,5.76E-17,3.32E-17,1,1,1
1,2.69E-12,2.07E-13,1,1,1
1,1.84E-13,4.40E-15,1,1,1
1,1.56E-18,2.13E-20,1,1,1
1,1.08E-12,5.17E-14,1,1,1
1,6.81E-09,3.30E-10,1,1,1
1,7.90E-10,6.82E-11,1,1,1
1,2.53E-15,9.97E-17,1,1,1
1,2.64E-14,5.19E-15,1,1,1
1,7.95E-10,8.61E-11,1,1,1
1,9.30E-10,1.23E-10,1,1,1
1,8.77E-12,4.09E-12,1,1,1
1,4.18E-12,7.83E-13,1,1,1
1,1.15E-10,1.54E-11,1,1,1
1,6.08E-09,1.22E-09,1,1,1
1,6.57E-11,2.53E-11,1,1,1
0.999999404,4.26E-07,1.06E-07,1,1,1
0.999995589,4.07E-06,3.26E-07,1,1,1
0.999899864,9.52E-05,4.86E-06,1,1,1
0.999994755,5.07E-06,2.41E-07,1,1,1
0.999994993,4.70E-06,3.50E-07,1,1,1
1,4.68E-08,6.29E-09,1,1,1
0.999948382,4.90E-05,2.59E-06,1,1,1
1,2.09E-09,6.94E-10,1,1,1
0.999997258,2.46E-06,2.17E-07,1,1,1
0.999991775,7.78E-06,4.45E-07,1,1,1
1,4.76E-10,9.76E-09,1,1,1
0.999872923,0.00011976,7.32E-06,1,1,1
0.999921799,7.48E-05,3.33E-06,1,1,1
0.999971509,2.37E-05,4.80E-06,1,1,1
0.989478767,0.010469602,5.16E-05,1,1,1
0.992000699,0.007998389,9.17E-07,1,1,1
1,1.03E-18,6.03E-18,1,1,1
1,2.22E-09,2.16E-10,1,1,1
1,1.49E-15,3.36E-15,1,1,1
1,9.55E-18,8.53E-17,1,1,1
1,6.89E-25,1.13E-22,1,1,1
1,8.12E-29,2.52E-26,1,1,1
1,3.22E-12,7.09E-13,1,1,1
1,1.02E-26,2.84E-23,1,1,1
1,1.33E-24,5.50E-22,1,1,1
1,6.63E-14,4.03E-13,1,1,1
1,8.34E-22,6.01E-19,1,1,1
1,1.52E-21,4.80E-18,1,1,1
1,2.06E-12,2.82E-12,1,1,1
1,6.36E-28,2.04E-26,1,1,1
1,1.66E-33,6.38E-32,1,1,1
1,6.42E-26,4.37E-26,1,1,1
1,1.68E-31,3.48E-31,1,1,1
1,6.75E-28,2.35E-26,1,1,1
1,2.42E-23,8.64E-19,1,1,1
1,4.10E-11,1.68E-10,1,1,1
0.999988079,1.18E-05,8.44E-08,1,1,1
0.999811471,0.000188326,2.77E-07,1,1,1
1,6.39E-24,6.90E-20,1,1,1
1,2.55E-30,2.21E-26,1,1,1
1,1.47E-32,3.15E-29,1,1,1
1,2.96E-35,3.74E-31,1,1,1
1,4.24E-22,9.71E-20,1,1,1
1,1.92E-28,8.85E-26,1,1,1
1,1.52E-34,1.71E-30,1,1,1
1,2.07E-29,7.51E-27,1,1,1
1,2.36E-30,2.84E-26,1,1,1
1,4.38E-25,7.43E-21,1,1,1
1,5.77E-14,1.31E-10,1,1,1
1,7.39E-14,5.07E-11,1,1,1
1,2.79E-12,1.94E-11,1,1,1
1,2.85E-19,6.43E-18,1,1,1
1,4.46E-24,6.97E-22,1,1,1
1,7.92E-21,6.14E-20,1,1,1
1,3.74E-16,4.28E-17,1,1,1
1,1.46E-16,2.40E-18,1,1,1
1,3.01E-15,1.47E-17,1,1,1
1,3.42E-15,9.99E-18,1,1,1
1,1.53E-11,7.10E-13,1,1,1
1,1.08E-11,6.80E-13,1,1,1
1,2.52E-12,2.51E-13,1,1,1
1,2.68E-11,2.14E-12,1,1,1
1,1.84E-11,3.18E-12,1,1,1
1,1.13E-08,1.27E-09,1,1,1
1,5.30E-11,7.26E-12,1,1,1
1,2.17E-13,7.45E-14,1,1,1
0.999999285,7.34E-07,3.25E-08,1,1,1
1,2.69E-08,3.11E-09,1,1,1
1,3.89E-09,5.44E-10,1,1,1
1,2.62E-10,6.73E-11,1,1,1
0.999971151,2.74E-05,1.41E-06,1,1,1
0.999991894,7.50E-06,5.63E-07,1,1,1
0.999997377,2.47E-06,1.32E-07,1,1,1
0.999999881,6.52E-08,1.41E-08,1,1,1
0.999989033,1.05E-05,4.46E-07,1,1,1
1,7.09E-09,2.52E-09,1,1,1
0.999953985,4.18E-05,4.20E-06,1,1,1
0.999978542,2.00E-05,1.49E-06,1,1,1
0.999997258,2.37E-06,3.83E-07,1,1,1
0.999972463,2.50E-05,2.45E-06,1,1,1
0.999962211,2.70E-05,1.08E-05,1,1,1
0.999747097,0.000218849,3.40E-05,1,1,1
0.999998689,1.25E-06,7.57E-08,1,1,1
0.999101877,0.000894182,3.90E-06,1,1,1
0.999534607,0.000461752,3.75E-06,1,1,1
1,1.81E-10,3.89E-10,1,1,1
0.999991059,8.67E-06,2.31E-07,1,1,1
1,6.51E-09,7.01E-10,1,1,1
1,5.33E-17,1.11E-16,1,1,1
1,1.31E-18,2.81E-18,1,1,1
1,7.56E-21,9.38E-20,1,1,1
1,4.78E-17,2.89E-16,1,1,1
1,8.24E-21,1.53E-18,1,1,1
1,4.92E-11,4.28E-12,1,1,1
1,2.09E-18,2.50E-17,1,1,1
1,9.70E-19,2.97E-18,1,1,1
1,1.92E-18,3.11E-19,1,1,1
1,6.50E-20,3.01E-21,1,1,1
1,1.15E-32,3.49E-32,1,1,1
1,1.69E-29,5.52E-29,1,1,1
1,7.47E-23,4.25E-23,1,1,1
1,1.75E-19,2.13E-17,1,1,1
1,9.75E-14,2.40E-11,1,1,1
0.999995232,4.48E-06,2.54E-07,1,1,1
0.027000319,0.972999036,6.48E-07,2,2,1
0.117102757,0.882887304,1.00E-05,2,2,1
1,3.92E-16,1.22E-13,1,1,1
1,3.14E-31,2.39E-27,1,1,1
1,7.60E-35,7.18E-31,1,1,1
1,1.84E-24,3.62E-22,1,1,1
1,1.02E-26,1.60E-24,1,1,1
1,8.62E-27,6.13E-25,1,1,1
1,9.91E-36,6.24E-32,1,1,1
1,0,1.76E-36,1,1,1
1,5.62E-24,5.82E-22,1,1,1
1,5.91E-17,3.60E-14,1,1,1
1,2.42E-14,2.08E-12,1,1,1
1,1.65E-09,2.99E-09,1,1,1
1,2.63E-22,1.17E-19,1,1,1
1,1.96E-24,8.31E-22,1,1,1
1,2.52E-20,3.77E-19,1,1,1
1,5.33E-17,1.91E-17,1,1,1
1,7.13E-14,3.45E-14,1,1,1
1,1.56E-11,4.53E-12,1,1,1
1,2.12E-08,6.45E-10,1,1,1
1,2.11E-08,9.14E-10,1,1,1
1,4.79E-10,2.07E-11,1,1,1
1,2.95E-12,4.13E-13,1,1,1
1,4.81E-10,2.43E-11,1,1,1
1,1.33E-11,1.70E-12,1,1,1
1,5.40E-11,1.01E-11,1,1,1
1,3.34E-09,4.27E-10,1,1,1
1,1.67E-09,1.06E-10,1,1,1
1,3.07E-11,4.87E-12,1,1,1
0.999999762,2.30E-07,1.54E-08,1,1,1
1,1.72E-08,5.21E-09,1,1,1
1,7.99E-09,3.12E-09,1,1,1
0.999999762,1.93E-07,2.33E-08,1,1,1
0.999987125,1.21E-05,6.75E-07,1,1,1
0.999993443,6.24E-06,3.27E-07,1,1,1
0.999812663,0.000179274,8.09E-06,1,1,1
0.999999762,2.21E-07,1.68E-08,1,1,1
0.999996424,3.26E-06,3.90E-07,1,1,1
0.999997854,1.95E-06,2.39E-07,1,1,1
0.999983191,1.56E-05,1.21E-06,1,1,1
0.99785322,0.002084237,6.26E-05,1,1,1
0.999640226,0.00035328,6.48E-06,1,1,1
0.999993443,5.08E-06,1.47E-06,1,1,1
0.999654174,0.000315424,3.04E-05,1,1,1
0.985048294,0.014373773,0.000578016,1,1,1
0.999912381,8.65E-05,1.05E-06,1,1,1
0.999999881,7.73E-08,9.59E-10,1,1,1
1,7.32E-11,1.47E-10,1,1,1
0.999999881,1.53E-07,1.56E-08,1,1,1
1,5.41E-14,3.72E-14,1,1,1
1,1.23E-14,9.74E-15,1,1,1
0.999999046,8.38E-07,1.37E-07,1,1,1
1,3.65E-12,1.71E-11,1,1,1
1,2.07E-12,1.50E-11,1,1,1
1,4.90E-10,7.29E-12,1,1,1
1,8.60E-19,1.96E-18,1,1,1
1,3.75E-15,4.48E-16,1,1,1
1,2.63E-13,4.01E-15,1,1,1
1,6.14E-18,4.44E-19,1,1,1
1,1.48E-26,7.22E-27,1,1,1
1,8.48E-25,4.53E-25,1,1,1
1,1.22E-20,4.01E-19,1,1,1
1,5.23E-09,3.06E-09,1,1,1
0.997269571,0.002728753,1.63E-06,1,1,1
0.90956068,0.090423107,1.62E-05,1,1,1
0.000183045,0.999816597,3.72E-07,2,2,1
0.001026228,0.998973727,1.40E-07,2,2,1
1,5.37E-12,7.83E-10,1,1,1
1,5.24E-19,1.14E-17,1,1,1
1,5.00E-32,2.02E-29,1,1,1
1,0,1.30E-33,1,1,1
1,0,2.28E-36,1,1,1
1,1.48E-35,2.09E-29,1,1,1
1,0,1.66E-38,1,1,1
1,3.91E-35,2.88E-31,1,1,1
1,3.68E-28,1.40E-24,1,1,1
0.999964476,3.51E-05,4.66E-07,1,1,1
1,5.98E-17,7.79E-17,1,1,1
1,5.42E-29,1.38E-25,1,1,1
1,1.15E-27,1.68E-25,1,1,1
1,1.42E-19,4.91E-19,1,1,1
1,1.01E-17,2.41E-17,1,1,1
1,1.70E-15,3.59E-15,1,1,1
1,2.50E-17,2.43E-17,1,1,1
1,2.16E-11,3.04E-12,1,1,1
0.999999881,1.69E-07,7.35E-09,1,1,1
1,2.73E-09,1.53E-10,1,1,1
1,1.98E-10,1.72E-11,1,1,1
1,1.31E-08,7.08E-10,1,1,1
1,8.49E-09,1.09E-09,1,1,1
1,3.03E-12,3.38E-13,1,1,1
1,3.91E-12,1.84E-12,1,1,1
1,4.14E-12,7.28E-13,1,1,1
1,3.22E-14,1.80E-14,1,1,1
1,1.38E-08,1.43E-09,1,1,1
0.999999642,3.02E-07,2.53E-08,1,1,1
0.999998331,1.53E-06,6.50E-08,1,1,1
1,5.63E-09,8.79E-10,1,1,1
1,1.21E-08,2.71E-09,1,1,1
0.999999881,1.69E-07,2.89E-08,1,1,1
0.999930382,6.73E-05,2.42E-06,1,1,1
0.999996662,3.02E-06,3.65E-07,1,1,1
0.999997377,2.53E-06,1.08E-07,1,1,1
0.999962926,2.89E-05,8.15E-06,1,1,1
0.999998569,1.11E-06,3.72E-07,1,1,1
0.999811471,0.000160603,2.80E-05,1,1,1
0.999936342,6.06E-05,3.12E-06,1,1,1
0.999943972,5.08E-05,5.19E-06,1,1,1
0.999976635,1.03E-05,1.31E-05,1,1,1
0.999706686,0.00018822,0.00010513,1,1,1
0.995249033,0.004449978,0.000300975,1,1,1
0.999981999,1.60E-05,1.99E-06,1,1,1
0.999999523,4.73E-07,3.05E-09,1,1,1
1,1.59E-10,2.86E-10,1,1,1
1,1.03E-12,3.08E-12,1,1,1
1,1.54E-08,2.99E-09,1,1,1
1,4.26E-15,1.09E-13,1,1,1
0.998655558,0.001336521,7.89E-06,1,1,1
0.999999523,5.24E-07,1.92E-08,1,1,1
1,8.16E-15,3.88E-15,1,1,1
1,1.01E-17,1.94E-18,1,1,1
1,6.78E-20,2.41E-20,1,1,1
1,6.55E-15,1.09E-16,1,1,1
1,3.79E-17,8.99E-19,1,1,1
1,1.11E-14,2.44E-16,1,1,1
1,8.23E-18,9.21E-19,1,1,1
1,1.10E-10,2.78E-10,1,1,1
0.999996424,3.63E-06,1.15E-08,1,1,1
0.994970739,0.005029059,1.97E-07,1,1,1
0.999761641,0.000238273,1.15E-07,1,1,1
0.999988079,1.19E-05,6.96E-09,1,1,1
0.999986649,1.33E-05,1.41E-08,1,1,1
0.999998212,1.42E-06,3.12E-07,1,1,1
1,1.48E-14,1.65E-14,1,1,1
1,0,2.15E-37,1,1,1
1,2.44E-36,1.11E-32,1,1,1
1,5.99E-36,2.06E-32,1,1,1
1,3.30E-34,7.92E-30,1,1,1
1,0,3.68E-38,1,1,1
1,2.04E-34,6.65E-30,1,1,1
1,2.85E-16,3.79E-16,1,1,1
1,9.24E-25,7.46E-24,1,1,1
1,2.23E-24,4.89E-23,1,1,1
1,4.15E-24,8.44E-23,1,1,1
1,4.04E-24,1.30E-22,1,1,1
1,6.02E-21,7.85E-20,1,1,1
1,2.19E-18,3.97E-18,1,1,1
1,1.20E-10,3.58E-11,1,1,1
1,1.61E-12,4.87E-14,1,1,1
1,7.70E-09,4.65E-10,1,1,1
1,2.40E-10,1.58E-12,1,1,1
0.999938607,6.11E-05,2.48E-07,1,1,1
0.999999881,8.94E-08,7.48E-09,1,1,1
1,1.60E-10,9.00E-12,1,1,1
1,8.30E-12,1.04E-13,1,1,1
1,5.65E-13,4.19E-14,1,1,1
1,1.38E-11,4.84E-12,1,1,1
1,3.68E-10,7.77E-11,1,1,1
1,2.48E-11,8.44E-12,1,1,1
1,6.71E-11,3.54E-11,1,1,1
1,4.81E-09,8.69E-10,1,1,1
1,4.48E-09,5.06E-10,1,1,1
0.999999046,7.89E-07,1.04E-07,1,1,1
1,5.12E-08,2.34E-08,1,1,1
0.99999845,1.23E-06,3.79E-07,1,1,1
0.999996185,3.36E-06,4.67E-07,1,1,1
0.999788821,0.000204631,6.60E-06,1,1,1
0.999998331,1.39E-06,2.91E-07,1,1,1
0.999994755,4.58E-06,7.10E-07,1,1,1
0.999999881,6.77E-08,2.28E-08,1,1,1
0.999986768,1.08E-05,2.33E-06,1,1,1
0.999916673,7.83E-05,4.97E-06,1,1,1
0.999973416,1.53E-05,1.13E-05,1,1,1
0.999341547,0.000495393,0.000163045,1,1,1
0.994868875,0.004926604,0.000204621,1,1,1
0.997150123,0.002782407,6.75E-05,1,1,1
0.999992728,1.63E-06,5.61E-06,1,1,1
1,2.84E-08,3.65E-09,1,1,1
1,2.31E-09,2.70E-09,1,1,1
0.999999881,1.12E-07,8.65E-09,1,1,1
0.999800026,0.000199363,5.89E-07,1,1,1
1,1.07E-09,5.10E-11,1,1,1
1,8.39E-11,1.54E-12,1,1,1
1,1.02E-16,7.72E-18,1,1,1
1,1.38E-20,1.15E-21,1,1,1
1,4.75E-19,8.56E-21,1,1,1
1,2.82E-14,2.22E-16,1,1,1
1,1.64E-16,9.26E-18,1,1,1
1,7.56E-15,8.54E-15,1,1,1
1,1.33E-09,3.50E-10,1,1,1
1,6.59E-10,6.23E-11,1,1,1
1,1.95E-11,1.47E-12,1,1,1
0.999999881,6.11E-08,2.61E-10,1,1,1
1,4.41E-09,1.63E-10,1,1,1
0.999713004,0.000286379,5.63E-07,1,1,1
1,2.95E-11,2.91E-11,1,1,1
1,3.48E-14,1.42E-14,1,1,1
1,1.16E-26,5.78E-24,1,1,1
1,1.25E-28,7.75E-25,1,1,1
1,3.69E-38,8.30E-34,1,1,1
1,0,1.10E-33,1,1,1
1,2.55E-37,1.26E-32,1,1,1
1,1.96E-27,9.85E-26,1,1,1
1,8.00E-24,1.18E-23,1,1,1
1,2.43E-32,8.06E-29,1,1,1
1,2.22E-25,6.63E-24,1,1,1
1,1.68E-32,6.42E-26,1,1,1
1,1.80E-25,4.09E-23,1,1,1
1,4.86E-18,1.12E-16,1,1,1
1,5.09E-17,4.83E-17,1,1,1
1,2.71E-15,1.47E-16,1,1,1
1,4.79E-13,8.24E-15,1,1,1
1,3.07E-12,3.98E-14,1,1,1
1,1.58E-12,5.56E-14,1,1,1
1,1.18E-11,1.09E-13,1,1,1
1,8.33E-13,1.78E-14,1,1,1
1,1.85E-14,3.87E-15,1,1,1
1,5.72E-13,1.29E-13,1,1,1
1,6.58E-11,1.64E-11,1,1,1
1,1.03E-08,2.04E-09,1,1,1
1,6.92E-10,1.73E-10,1,1,1
0.999999642,2.62E-07,6.02E-08,1,1,1
1,4.47E-15,1.33E-14,1,1,1
1,1.12E-12,9.93E-13,1,1,1
1,5.03E-10,8.03E-11,1,1,1
1,1.45E-08,3.72E-09,1,1,1
1,3.41E-08,1.14E-08,1,1,1
0.999982238,1.33E-05,4.36E-06,1,1,1
0.999986768,1.21E-05,1.15E-06,1,1,1
0.999407411,0.000576653,1.60E-05,1,1,1
0.999966383,2.74E-05,6.25E-06,1,1,1
0.999988675,1.02E-05,1.03E-06,1,1,1
0.999999762,1.00E-07,7.65E-08,1,1,1
1,2.03E-09,2.26E-08,1,1,1
0.999830246,0.000152667,1.70E-05,1,1,1
0.994197249,0.00568416,0.000118679,1,1,1
0.986546874,0.013440998,1.21E-05,1,1,1
0.999998093,1.68E-06,2.01E-07,1,1,1
0.999999881,2.80E-09,7.45E-08,1,1,1
1,6.57E-11,3.02E-11,1,1,1
0.998586535,0.001413365,1.72E-07,1,1,1
1,5.31E-09,1.09E-10,1,1,1
1,8.37E-16,7.90E-17,1,1,1
1,9.35E-17,1.91E-18,1,1,1
1,8.04E-15,6.27E-17,1,1,1
1,2.19E-10,4.01E-12,1,1,1
1,2.32E-20,1.42E-21,1,1,1
1,3.90E-13,4.09E-14,1,1,1
1,1.84E-08,4.35E-09,1,1,1
1,1.94E-14,1.12E-13,1,1,1
1,4.49E-22,2.85E-18,1,1,1
1,5.82E-11,6.45E-11,1,1,1
0.998751998,0.001247916,6.46E-08,1,1,1
1,2.21E-12,1.74E-12,1,1,1
1,4.38E-10,7.66E-12,1,1,1
1,4.92E-18,1.83E-16,1,1,1
1,3.44E-25,9.24E-24,1,1,1
1,1.78E-25,4.70E-22,1,1,1
1,0,1.04E-32,1,1,1
1,1.21E-31,3.28E-27,1,1,1
1,1.07E-24,2.99E-22,1,1,1
1,2.37E-25,5.52E-24,1,1,1
1,7.73E-28,1.75E-26,1,1,1
1,1.35E-32,3.52E-29,1,1,1
1,5.30E-18,3.05E-18,1,1,1
1,2.27E-20,8.69E-20,1,1,1
1,3.08E-18,7.69E-17,1,1,1
1,8.60E-16,4.44E-15,1,1,1
1,4.46E-23,7.42E-21,1,1,1
1,7.93E-19,9.95E-18,1,1,1
1,4.21E-12,1.67E-12,1,1,1
1,5.86E-09,2.46E-10,1,1,1
0.999999881,7.17E-08,2.88E-09,1,1,1
1,7.28E-11,3.24E-12,1,1,1
1,4.23E-09,1.56E-10,1,1,1
1,9.98E-09,5.13E-10,1,1,1
1,6.14E-13,7.44E-14,1,1,1
1,3.50E-15,1.58E-15,1,1,1
1,1.09E-10,8.88E-11,1,1,1
1,6.54E-09,1.65E-09,1,1,1
1,1.22E-08,6.51E-09,1,1,1
0.999999285,6.44E-07,1.14E-07,1,1,1
1,3.90E-08,1.18E-08,1,1,1
0.999999881,1.43E-07,3.37E-08,1,1,1
0.999998093,1.76E-06,1.02E-07,1,1,1
0.999997616,2.11E-06,2.05E-07,1,1,1
0.999998689,1.11E-06,1.96E-07,1,1,1
0.999563634,0.000425076,1.13E-05,1,1,1
0.997652352,0.00231625,3.14E-05,1,1,1
0.999101758,0.000880228,1.80E-05,1,1,1
0.999999881,1.22E-07,2.96E-08,1,1,1
0.999999642,1.81E-07,7.52E-08,1,1,1
0.999999642,1.98E-07,1.64E-07,1,1,1
0.99998033,1.61E-05,3.55E-06,1,1,1
0.995953083,0.003938976,0.000107961,1,1,1
0.964565039,0.035411291,2.36E-05,1,1,1
1,2.70E-08,5.00E-09,1,1,1
1,8.58E-11,7.50E-10,1,1,1
1,6.35E-09,3.56E-08,1,1,1
0.999984145,1.59E-05,1.31E-08,1,1,1
1,1.13E-10,4.18E-12,1,1,1
1,3.78E-13,2.22E-15,1,1,1
1,1.47E-12,1.44E-14,1,1,1
1,5.01E-14,4.83E-16,1,1,1
1,4.16E-16,1.44E-18,1,1,1
1,3.68E-15,8.19E-17,1,1,1
1,5.82E-12,1.50E-13,1,1,1
1,2.97E-12,2.57E-13,1,1,1
1,1.29E-09,4.28E-10,1,1,1
1,2.82E-18,4.31E-15,1,1,1
1,8.07E-15,2.47E-13,1,1,1
1,4.00E-10,1.07E-10,1,1,1
1,3.34E-08,1.29E-10,1,1,1
0.999999881,1.71E-07,5.84E-10,1,1,1
1,6.19E-14,1.18E-13,1,1,1
1,8.74E-17,2.95E-16,1,1,1
1,7.63E-23,8.67E-22,1,1,1
1,2.77E-24,2.13E-21,1,1,1
1,3.90E-20,1.62E-17,1,1,1
1,7.71E-22,7.40E-17,1,1,1
1,7.84E-30,3.15E-26,1,1,1
1,1.29E-26,2.78E-25,1,1,1
1,1.26E-30,2.35E-27,1,1,1
1,1.88E-29,7.28E-27,1,1,1
1,4.29E-28,2.28E-26,1,1,1
1,1.34E-20,3.73E-19,1,1,1
1,1.01E-25,5.84E-22,1,1,1
1,3.02E-25,4.98E-22,1,1,1
1,1.36E-17,9.32E-16,1,1,1
1,9.56E-22,1.13E-18,1,1,1
1,5.88E-18,1.08E-17,1,1,1
1,2.41E-13,3.48E-14,1,1,1
1,6.77E-10,2.98E-11,1,1,1
1,1.09E-11,5.42E-13,1,1,1
1,3.23E-10,4.05E-12,1,1,1
1,2.26E-09,1.32E-10,1,1,1
1,1.60E-13,5.08E-15,1,1,1
1,3.06E-13,3.47E-14,1,1,1
1,1.15E-09,2.57E-10,1,1,1
1,1.56E-10,9.02E-11,1,1,1
0.999994278,5.32E-06,3.81E-07,1,1,1
0.999893427,0.000103017,3.59E-06,1,1,1
0.999999404,5.02E-07,6.61E-08,1,1,1
1,4.49E-12,2.59E-12,1,1,1
1,9.07E-11,2.32E-11,1,1,1
0.99999404,5.37E-06,6.47E-07,1,1,1
0.998724639,0.001259419,1.60E-05,1,1,1
0.625886261,0.373708636,0.000405142,1,2,0
0.968218565,0.0317665,1.49E-05,1,1,1
0.999994397,5.63E-06,2.74E-08,1,1,1
0.999988675,1.01E-05,1.17E-06,1,1,1
0.999997377,1.71E-06,9.68E-07,1,1,1
0.999998331,1.00E-07,1.57E-06,1,1,1
0.999954104,4.15E-05,4.46E-06,1,1,1
0.98822242,0.01175445,2.31E-05,1,1,1
0.999998808,1.19E-06,3.53E-08,1,1,1
0.99999249,7.49E-06,3.08E-08,1,1,1
0.99998343,4.84E-06,1.16E-05,1,1,1
1,3.15E-11,1.91E-13,1,1,1
1,7.50E-11,1.10E-13,1,1,1
1,1.08E-19,8.26E-21,1,1,1
1,9.63E-18,2.01E-19,1,1,1
1,2.26E-12,1.01E-13,1,1,1
0.9999367,6.32E-05,1.03E-07,1,1,1
1,2.35E-08,1.31E-11,1,1,1
1,2.35E-12,3.93E-15,1,1,1
1,2.39E-11,4.99E-13,1,1,1
0.999998808,1.18E-06,9.30E-11,1,1,1
1,1.22E-13,1.15E-14,1,1,1
1,7.29E-17,6.75E-15,1,1,1
1,3.27E-11,1.02E-11,1,1,1
1,4.84E-10,6.90E-10,1,1,1
1,5.77E-14,3.52E-15,1,1,1
1,3.82E-22,2.45E-21,1,1,1
1,1.35E-19,2.73E-19,1,1,1
1,9.90E-13,1.72E-11,1,1,1
1,1.04E-11,5.61E-12,1,1,1
1,3.41E-17,1.52E-16,1,1,1
1,1.27E-26,1.01E-24,1,1,1
1,7.81E-30,2.16E-26,1,1,1
1,2.58E-22,3.49E-19,1,1,1
1,5.20E-25,6.28E-24,1,1,1
1,1.02E-20,1.48E-17,1,1,1
1,3.86E-23,3.92E-20,1,1,1
1,1.00E-20,2.86E-18,1,1,1
1,4.37E-22,4.08E-19,1,1,1
1,3.40E-16,2.62E-15,1,1,1
1,2.63E-12,1.04E-11,1,1,1
1,2.47E-12,2.63E-12,1,1,1
1,1.50E-13,2.59E-14,1,1,1
1,1.41E-14,6.56E-15,1,1,1
1,1.63E-11,4.79E-13,1,1,1
1,2.55E-09,1.24E-10,1,1,1
1,1.57E-12,8.67E-14,1,1,1
1,7.39E-13,3.92E-14,1,1,1
1,9.19E-12,7.79E-12,1,1,1
1,1.44E-14,3.55E-14,1,1,1
1,2.93E-09,4.82E-09,1,1,1
1,3.12E-10,3.59E-10,1,1,1
1,6.39E-12,1.05E-11,1,1,1
1,7.07E-12,3.60E-12,1,1,1
1,8.61E-11,5.42E-12,1,1,1
1,1.47E-10,2.29E-11,1,1,1
0.999999046,8.51E-07,6.29E-08,1,1,1
0.999973178,2.68E-05,3.55E-08,1,1,1
0.999967098,3.28E-05,4.09E-08,1,1,1
0.999999881,1.73E-07,2.56E-08,1,1,1
0.999998569,1.13E-07,1.29E-06,1,1,1
0.999997973,1.78E-08,2.00E-06,1,1,1
0.999997258,1.32E-06,1.37E-06,1,1,1
0.845643103,0.153709993,0.000646846,1,2,0
0.999999285,6.67E-07,1.19E-08,1,1,1
1,1.69E-09,9.91E-11,1,1,1
0.999933124,2.72E-05,3.97E-05,1,1,1
0.99986589,0.000129267,4.77E-06,1,1,1
1,7.66E-13,5.21E-15,1,1,1
1,7.20E-21,3.61E-20,1,1,1
1,7.58E-20,4.23E-19,1,1,1
1,5.44E-12,6.09E-13,1,1,1
1,2.32E-11,3.02E-13,1,1,1
1,2.48E-09,6.53E-13,1,1,1
1,7.24E-12,2.73E-14,1,1,1
0.999980569,1.95E-05,4.60E-11,1,1,1
1,5.43E-09,2.19E-12,1,1,1
0.999924183,7.58E-05,2.43E-09,1,1,1
1,8.57E-16,2.39E-14,1,1,1
1,1.46E-11,1.24E-11,1,1,1
1,7.97E-13,8.37E-11,1,1,1
1,3.30E-16,2.50E-16,1,1,1
1,4.76E-19,1.65E-19,1,1,1
1,5.82E-15,1.62E-15,1,1,1
0.999999881,1.02E-07,1.64E-08,1,1,1
1,1.71E-11,4.05E-11,1,1,1
1,5.36E-18,3.28E-18,1,1,1
1,1.10E-32,8.93E-30,1,1,1
1,4.84E-28,2.47E-26,1,1,1
1,1.65E-25,2.38E-23,1,1,1
1,5.01E-26,1.17E-23,1,1,1
1,9.61E-26,1.11E-22,1,1,1
1,6.83E-25,6.90E-21,1,1,1
1,2.62E-29,5.75E-25,1,1,1
1,2.13E-24,9.00E-21,1,1,1
1,8.79E-15,7.18E-14,1,1,1
1,8.97E-14,1.01E-13,1,1,1
1,2.45E-16,1.09E-15,1,1,1
1,5.12E-17,1.38E-16,1,1,1
1,1.65E-10,1.09E-11,1,1,1
1,4.71E-11,2.46E-12,1,1,1
1,6.87E-09,5.75E-10,1,1,1
1,2.79E-10,3.44E-11,1,1,1
1,8.38E-13,1.63E-13,1,1,1
1,1.90E-11,5.48E-12,1,1,1
1,2.38E-13,3.02E-13,1,1,1
1,6.42E-13,4.09E-13,1,1,1
1,3.66E-10,9.92E-11,1,1,1
1,5.56E-13,2.88E-13,1,1,1
1,6.24E-10,5.95E-11,1,1,1
0.99998498,1.47E-05,2.82E-07,1,1,1
1,3.34E-09,3.40E-11,1,1,1
0.999999404,5.51E-07,1.30E-08,1,1,1
0.999595582,0.000404098,3.96E-07,1,1,1
1,1.27E-08,5.61E-09,1,1,1
0.999999523,1.25E-08,4.40E-07,1,1,1
0.999999642,1.52E-07,2.12E-07,1,1,1
0.999989748,6.99E-06,3.20E-06,1,1,1
0.999980688,1.81E-05,1.16E-06,1,1,1
0.998476446,0.00150963,1.39E-05,1,1,1
1,1.64E-08,2.45E-09,1,1,1
1,1.07E-09,6.26E-09,1,1,1
0.999999881,6.77E-10,8.01E-08,1,1,1
1,2.08E-20,5.87E-19,1,1,1
1,1.00E-20,5.23E-19,1,1,1
1,2.99E-19,2.51E-18,1,1,1
1,3.00E-16,1.57E-16,1,1,1
1,2.19E-15,7.98E-16,1,1,1
1,4.47E-11,1.22E-14,1,1,1
0.999959946,4.01E-05,2.07E-11,1,1,1
1,2.42E-09,1.89E-13,1,1,1
0.999951959,4.81E-05,7.10E-09,1,1,1
0.89278084,0.107218608,5.58E-07,1,1,1
0.998838007,0.001162058,3.56E-08,1,1,1
0.999999881,1.30E-07,2.26E-09,1,1,1
1,5.51E-13,3.41E-14,1,1,1
1,4.11E-19,7.45E-19,1,1,1
0.999999404,5.34E-07,7.24E-08,1,1,1
1,1.94E-08,5.25E-09,1,1,1
1,6.11E-15,3.82E-15,1,1,1
1,4.55E-25,1.14E-23,1,1,1
1,1.05E-24,5.92E-24,1,1,1
1,3.88E-26,1.81E-23,1,1,1
1,2.69E-25,5.61E-23,1,1,1
1,3.83E-29,1.67E-26,1,1,1
1,9.32E-20,1.48E-17,1,1,1
1,6.54E-29,1.75E-24,1,1,1
1,2.10E-21,1.06E-19,1,1,1
1,1.31E-20,1.58E-18,1,1,1
1,1.26E-15,2.88E-15,1,1,1
1,2.24E-14,3.78E-14,1,1,1
1,3.13E-13,7.53E-14,1,1,1
1,1.37E-08,5.94E-10,1,1,1
1,1.06E-16,5.87E-16,1,1,1
1,7.56E-14,4.11E-14,1,1,1
1,1.04E-12,4.36E-13,1,1,1
1,8.77E-16,4.16E-16,1,1,1
1,9.47E-15,4.98E-15,1,1,1
1,3.83E-12,1.02E-12,1,1,1
1,1.97E-11,4.81E-12,1,1,1
1,2.11E-10,4.85E-11,1,1,1
1,9.34E-10,3.11E-10,1,1,1
0.999999642,3.04E-07,3.19E-08,1,1,1
1,1.75E-18,5.48E-17,1,1,1
0.999999762,2.68E-07,8.31E-10,1,1,1
0.999996781,3.24E-06,5.02E-08,1,1,1
0.999997973,2.04E-06,2.99E-08,1,1,1
0.999846101,0.000145673,8.25E-06,1,1,1
0.999950767,4.56E-05,3.53E-06,1,1,1
0.999975681,1.78E-05,6.58E-06,1,1,1
0.999997139,2.01E-06,8.08E-07,1,1,1
0.999965549,3.18E-05,2.60E-06,1,1,1
0.999387503,0.000560529,5.20E-05,1,1,1
0.999999523,4.49E-07,5.54E-08,1,1,1
0.999999881,6.52E-08,5.90E-08,1,1,1
0.999993324,5.18E-06,1.59E-06,1,1,1
0.949888647,0.050111301,1.01E-07,1,1,1
1,8.15E-34,2.15E-28,1,1,1
1,1.23E-21,1.69E-19,1,1,1
1,9.29E-16,6.16E-15,1,1,1
1,7.84E-22,1.86E-19,1,1,1
1,1.02E-12,2.53E-14,1,1,1
0.994875848,0.005124179,2.07E-09,1,1,1
0.997220278,0.002779749,1.32E-10,1,1,1
0.999432385,0.000567642,1.51E-10,1,1,1
0.894161463,0.10583856,4.18E-08,1,1,1
0.032629889,0.967369914,2.42E-07,2,2,1
0.307365298,0.692633927,7.67E-07,2,2,1
1,3.96E-17,1.52E-18,1,1,1
1,1.63E-19,2.58E-18,1,1,1
1,8.01E-22,1.80E-20,1,1,1
1,6.21E-20,6.10E-20,1,1,1
1,7.21E-18,1.74E-17,1,1,1
1,3.32E-25,3.33E-22,1,1,1
1,0,2.02E-31,1,1,1
1,3.40E-26,4.69E-22,1,1,1
1,8.62E-22,8.83E-20,1,1,1
1,7.45E-20,2.33E-19,1,1,1
1,2.41E-26,2.06E-22,1,1,1
1,1.37E-22,2.83E-20,1,1,1
1,1.48E-17,4.65E-16,1,1,1
1,2.73E-20,2.97E-18,1,1,1
1,1.86E-17,1.98E-16,1,1,1
1,1.51E-11,2.30E-11,1,1,1
1,3.00E-09,4.15E-10,1,1,1
1,6.48E-12,1.51E-12,1,1,1
1,1.05E-12,1.79E-13,1,1,1
1,2.56E-10,3.70E-11,1,1,1
1,1.81E-17,7.88E-17,1,1,1
1,3.37E-15,5.08E-15,1,1,1
1,1.89E-09,2.99E-10,1,1,1
1,3.25E-18,4.54E-19,1,1,1
1,2.90E-11,3.90E-12,1,1,1
1,1.57E-10,3.70E-11,1,1,1
1,1.41E-11,6.34E-12,1,1,1
1,2.99E-11,9.15E-12,1,1,1
1,1.08E-09,7.23E-11,1,1,1
1,5.11E-09,1.23E-09,1,1,1
0.999955535,4.05E-05,3.89E-06,1,1,1
0.999986529,1.28E-05,7.53E-07,1,1,1
0.999995947,3.28E-06,6.75E-07,1,1,1
1,7.75E-09,9.07E-09,1,1,1
0.99999392,5.04E-06,1.07E-06,1,1,1
0.999991894,7.72E-06,4.07E-07,1,1,1
0.999993563,5.53E-06,9.86E-07,1,1,1
0.999908686,8.48E-05,6.58E-06,1,1,1
0.998653173,0.001319477,2.72E-05,1,1,1
0.999999881,1.05E-07,1.77E-08,1,1,1
1,4.01E-10,1.84E-10,1,1,1
1,3.58E-21,1.41E-16,1,1,1
1,2.68E-23,1.77E-18,1,1,1
1,7.98E-21,7.38E-18,1,1,1
1,2.87E-22,1.38E-19,1,1,1
1,2.73E-19,9.94E-18,1,1,1
1,5.88E-10,1.70E-12,1,1,1
0.999884129,0.000115858,1.43E-10,1,1,1
1,1.69E-08,4.06E-12,1,1,1
0.999989867,1.01E-05,2.36E-11,1,1,1
0.026323486,0.973676085,4.60E-07,2,2,1
0.001645482,0.998354554,2.71E-08,2,2,1
1,4.74E-09,1.50E-12,1,1,1
1,3.12E-19,3.43E-17,1,1,1
1,4.12E-17,9.97E-16,1,1,1
1,6.05E-15,4.17E-15,1,1,1
1,5.79E-23,1.09E-19,1,1,1
1,4.39E-34,1.27E-28,1,1,1
1,0,7.45E-31,1,1,1
1,7.21E-37,1.19E-29,1,1,1
1,1.35E-24,3.19E-22,1,1,1
1,1.11E-26,3.11E-23,1,1,1
1,4.56E-23,2.08E-19,1,1,1
1,1.67E-17,3.65E-16,1,1,1
1,5.92E-16,2.10E-14,1,1,1
1,1.28E-11,3.57E-11,1,1,1
1,2.76E-18,8.32E-17,1,1,1
1,2.55E-14,2.48E-13,1,1,1
1,4.86E-10,5.08E-10,1,1,1
1,1.22E-11,1.05E-11,1,1,1
1,3.93E-14,1.92E-13,1,1,1
1,6.49E-15,2.92E-14,1,1,1
1,1.35E-14,1.53E-13,1,1,1
1,1.19E-13,1.71E-13,1,1,1
1,2.90E-08,1.23E-09,1,1,1
1,7.25E-14,2.24E-14,1,1,1
0.999999642,3.50E-07,1.97E-08,1,1,1
0.999971509,2.81E-05,3.19E-07,1,1,1
0.999999166,8.00E-07,4.19E-08,1,1,1
1,8.84E-10,5.69E-10,1,1,1
1,5.44E-10,1.84E-11,1,1,1
1,2.18E-11,6.34E-11,1,1,1
0.999886274,0.000106946,6.75E-06,1,1,1
0.999983549,1.47E-05,1.82E-06,1,1,1
0.999990106,8.06E-06,1.81E-06,1,1,1
0.999998212,1.28E-06,4.31E-07,1,1,1
0.9997316,0.000258995,9.41E-06,1,1,1
0.999998927,9.41E-07,1.71E-07,1,1,1
1,5.74E-11,6.68E-11,1,1,1
1,2.52E-09,2.41E-09,1,1,1
0.999999881,3.38E-09,1.12E-07,1,1,1
1,4.16E-10,3.65E-11,1,1,1
1,1.66E-21,1.10E-17,1,1,1
1,1.93E-22,1.89E-18,1,1,1
1,2.05E-20,1.03E-18,1,1,1
1,7.00E-14,2.61E-14,1,1,1
1,8.99E-13,1.10E-14,1,1,1
0.999999881,8.60E-08,1.62E-12,1,1,1
1,1.66E-12,1.29E-14,1,1,1
1,4.63E-14,1.84E-14,1,1,1
0.999928117,7.18E-05,1.46E-10,1,1,1
1,5.57E-14,5.57E-16,1,1,1
1,1.56E-13,1.87E-15,1,1,1
1,3.91E-18,4.79E-15,1,1,1
1,1.36E-20,3.34E-20,1,1,1
1,2.02E-26,1.63E-23,1,1,1
1,9.73E-25,2.21E-20,1,1,1
1,0,4.10E-32,1,1,1
1,2.29E-34,1.57E-28,1,1,1
1,7.75E-23,1.19E-20,1,1,1
1,7.48E-21,1.68E-17,1,1,1
1,8.91E-21,1.16E-18,1,1,1
1,8.57E-16,5.26E-14,1,1,1
1,6.26E-20,1.04E-16,1,1,1
1,1.77E-19,5.70E-16,1,1,1
1,6.11E-15,3.75E-12,1,1,1
1,3.19E-17,1.51E-15,1,1,1
1,1.80E-16,3.27E-14,1,1,1
1,1.28E-15,1.34E-13,1,1,1
1,1.43E-15,3.07E-14,1,1,1
1,1.98E-18,1.77E-16,1,1,1
1,1.06E-17,1.13E-14,1,1,1
1,1.96E-14,3.67E-14,1,1,1
1,1.70E-14,1.14E-13,1,1,1
1,3.79E-13,1.52E-13,1,1,1
1,9.83E-14,4.40E-14,1,1,1
1,1.42E-11,6.87E-13,1,1,1
1,4.38E-14,1.11E-15,1,1,1
1,1.24E-12,1.23E-12,1,1,1
0.999999762,2.89E-07,5.48E-08,1,1,1
0.999953151,4.51E-05,1.65E-06,1,1,1
0.99998045,1.86E-05,9.57E-07,1,1,1
0.999983788,1.40E-05,2.17E-06,1,1,1
0.999964952,3.27E-05,2.37E-06,1,1,1
0.999978304,1.72E-05,4.58E-06,1,1,1
0.999996781,2.63E-06,5.88E-07,1,1,1
0.999999285,2.89E-07,4.50E-07,1,1,1
0.999999523,2.78E-07,2.34E-07,1,1,1
0.999999881,6.75E-08,4.96E-08,1,1,1
1,1.80E-11,1.24E-10,1,1,1
1,2.11E-10,9.84E-10,1,1,1
0.999999642,3.64E-07,2.89E-09,1,1,1
1,3.23E-25,9.79E-21,1,1,1
1,1.65E-21,4.61E-19,1,1,1
1,1.00E-17,7.44E-18,1,1,1
1,8.46E-15,1.53E-16,1,1,1
1,5.39E-23,1.73E-23,1,1,1
1,9.03E-24,1.70E-23,1,1,1
1,9.90E-22,6.65E-21,1,1,1
1,1.63E-20,4.07E-21,1,1,1
1,5.61E-23,9.37E-21,1,1,1
1,6.02E-25,1.30E-22,1,1,1
1,4.35E-19,6.46E-18,1,1,1
1,3.24E-28,1.84E-26,1,1,1
1,2.31E-23,4.30E-19,1,1,1
1,1.97E-25,2.48E-20,1,1,1
1,6.87E-30,2.76E-25,1,1,1
1,2.37E-29,2.91E-26,1,1,1
1,2.57E-18,2.35E-17,1,1,1
1,7.20E-17,2.58E-14,1,1,1
1,5.36E-21,3.83E-18,1,1,1
1,5.55E-24,1.36E-19,1,1,1
1,8.07E-19,5.05E-16,1,1,1
1,2.60E-16,6.19E-14,1,1,1
1,2.93E-19,7.49E-16,1,1,1
1,1.47E-22,3.14E-18,1,1,1
1,3.06E-16,1.13E-13,1,1,1
1,2.01E-19,5.68E-17,1,1,1
1,4.22E-19,9.07E-17,1,1,1
1,1.84E-21,5.16E-16,1,1,1
1,3.98E-16,4.13E-14,1,1,1
1,1.59E-18,1.03E-17,1,1,1
1,2.56E-15,2.68E-15,1,1,1
1,1.10E-11,1.79E-11,1,1,1
1,3.24E-11,1.46E-11,1,1,1
0.999986649,1.23E-05,1.02E-06,1,1,1
1,5.88E-08,1.55E-09,1,1,1
1,1.23E-12,8.29E-14,1,1,1
1,1.88E-10,1.26E-10,1,1,1
0.999983549,1.55E-05,1.01E-06,1,1,1
0.999998569,1.31E-06,1.26E-07,1,1,1
1,2.78E-08,1.85E-09,1,1,1
0.999999642,3.39E-07,5.23E-08,1,1,1
0.99656868,0.003333385,9.78E-05,1,1,1
1,2.54E-09,4.60E-09,1,1,1
0.99999392,5.14E-06,9.54E-07,1,1,1
0.999988437,1.04E-05,1.16E-06,1,1,1
0.999955773,3.80E-05,6.17E-06,1,1,1
0.999975801,1.48E-05,9.43E-06,1,1,1
1,5.89E-08,1.12E-08,1,1,1
1,2.98E-24,4.11E-21,1,1,1
1,8.84E-19,4.09E-18,1,1,1
1,6.24E-23,7.97E-21,1,1,1
1,4.48E-20,1.71E-20,1,1,1
1,1.23E-14,2.18E-15,1,1,1
1,1.28E-19,7.62E-19,1,1,1
1,1.77E-20,1.55E-18,1,1,1
1,1.67E-21,6.48E-20,1,1,1
1,2.47E-21,4.00E-19,1,1,1
1,9.33E-23,2.08E-20,1,1,1
1,5.80E-25,4.90E-23,1,1,1
1,3.49E-21,7.03E-19,1,1,1
1,1.94E-24,3.76E-18,1,1,1
1,2.90E-23,7.21E-19,1,1,1
1,2.85E-25,7.83E-22,1,1,1
1,6.54E-25,9.78E-23,1,1,1
1,2.03E-17,1.47E-15,1,1,1
1,3.59E-21,1.96E-17,1,1,1
1,2.82E-23,4.89E-18,1,1,1
1,2.67E-15,6.93E-14,1,1,1
1,4.05E-14,4.73E-12,1,1,1
0.999999881,1.27E-07,2.20E-08,1,1,1
1,2.11E-21,2.26E-18,1,1,1
1,2.77E-19,3.73E-17,1,1,1
1,1.98E-18,7.10E-16,1,1,1
1,2.66E-17,1.91E-13,1,1,1
1,1.04E-17,1.07E-14,1,1,1
1,1.54E-15,3.12E-14,1,1,1
1,1.40E-12,4.73E-13,1,1,1
1,7.46E-18,2.47E-16,1,1,1
0.999999762,1.97E-07,3.19E-08,1,1,1
1,1.30E-11,5.65E-13,1,1,1
1,7.45E-14,2.67E-14,1,1,1
0.999990463,9.05E-06,5.08E-07,1,1,1
0.999962926,3.52E-05,1.96E-06,1,1,1
0.999999881,1.48E-07,1.24E-08,1,1,1
1,2.32E-08,1.78E-09,1,1,1
1,5.44E-08,6.92E-09,1,1,1
0.999996305,3.41E-06,2.79E-07,1,1,1
1,8.16E-11,4.85E-11,1,1,1
1,4.29E-12,7.79E-11,1,1,1
1,3.83E-09,1.51E-08,1,1,1
1,2.44E-09,6.69E-09,1,1,1
1,7.94E-15,1.27E-11,1,1,1
0.99999094,8.35E-06,7.41E-07,1,1,1
1,5.14E-10,7.59E-09,1,1,1
1,6.99E-13,2.04E-10,1,1,1
0.790812552,0.209126949,6.05E-05,1,2,0
1,6.50E-12,6.18E-12,1,1,1
1,5.23E-15,1.65E-15,1,1,1
1,2.64E-20,1.65E-20,1,1,1
1,6.46E-19,9.81E-19,1,1,1
1,1.56E-23,2.77E-22,1,1,1
1,1.10E-23,4.23E-21,1,1,1
1,7.98E-18,1.41E-16,1,1,1
1,1.67E-21,1.20E-20,1,1,1
1,8.97E-27,6.20E-25,1,1,1
1,3.29E-19,5.44E-18,1,1,1
1,2.02E-16,3.49E-16,1,1,1
1,1.64E-27,1.39E-23,1,1,1
1,1.34E-23,1.21E-19,1,1,1
1,2.07E-17,2.88E-16,1,1,1
1,1.54E-20,5.21E-20,1,1,1
1,5.25E-25,4.99E-22,1,1,1
1,6.38E-23,3.30E-19,1,1,1
1,1.65E-26,8.15E-22,1,1,1
1,1.21E-20,1.89E-16,1,1,1
1,1.19E-19,6.96E-16,1,1,1
1,3.07E-18,2.25E-15,1,1,1
1,1.36E-17,1.03E-14,1,1,1
1,7.51E-19,3.44E-16,1,1,1
1,9.54E-14,1.39E-12,1,1,1
1,6.06E-16,2.11E-13,1,1,1
1,3.31E-14,3.08E-13,1,1,1
1,3.45E-10,3.40E-10,1,1,1
1,1.66E-17,1.86E-15,1,1,1
1,2.05E-13,3.53E-12,1,1,1
1,4.48E-10,3.75E-11,1,1,1
1,1.49E-08,1.75E-09,1,1,1
1,2.86E-09,1.70E-09,1,1,1
0.999991894,6.88E-06,1.16E-06,1,1,1
0.999999881,9.07E-08,1.91E-08,1,1,1
1,3.23E-08,7.18E-09,1,1,1
0.999999762,1.95E-07,2.11E-08,1,1,1
0.999991298,8.28E-06,4.56E-07,1,1,1
0.999999762,1.92E-07,2.42E-08,1,1,1
1,7.85E-13,1.26E-11,1,1,1
1,8.34E-12,3.04E-11,1,1,1
1,2.05E-17,1.12E-13,1,1,1
1,3.76E-15,1.46E-12,1,1,1
1,3.76E-17,1.56E-12,1,1,1
0.999996543,9.84E-07,2.51E-06,1,1,1
1,1.24E-12,1.14E-10,1,1,1
1,6.35E-15,2.40E-13,1,1,1
1,2.15E-14,1.63E-13,1,1,1
0.999994993,4.93E-06,1.15E-07,1,1,1
1,2.02E-10,2.46E-12,1,1,1
1,1.43E-14,1.14E-14,1,1,1
1,5.31E-17,4.06E-17,1,1,1
1,8.06E-14,6.28E-14,1,1,1
1,1.88E-19,8.97E-16,1,1,1
1,2.53E-19,6.75E-15,1,1,1
1,1.19E-23,1.77E-20,1,1,1
1,7.68E-28,2.13E-25,1,1,1
1,1.55E-22,1.60E-19,1,1,1
1,8.11E-21,1.91E-18,1,1,1
1,6.54E-18,4.68E-18,1,1,1
1,4.13E-20,8.36E-19,1,1,1
1,1.94E-24,8.24E-21,1,1,1
1,6.38E-20,1.79E-16,1,1,1
1,7.49E-25,1.53E-19,1,1,1
1,3.43E-22,7.10E-18,1,1,1
1,2.04E-22,2.96E-17,1,1,1
1,1.51E-18,1.12E-14,1,1,1
1,9.58E-17,6.85E-15,1,1,1
1,1.22E-18,4.09E-15,1,1,1
1,1.30E-13,3.20E-13,1,1,1
1,9.56E-13,4.27E-12,1,1,1
1,6.64E-16,1.70E-14,1,1,1
1,3.15E-14,7.34E-14,1,1,1
1,1.03E-10,1.22E-10,1,1,1
0.999999881,1.31E-07,2.53E-08,1,1,1
0.999999166,7.28E-07,6.05E-08,1,1,1
0.999999881,1.43E-07,1.22E-08,1,1,1
0.999994636,4.63E-06,6.84E-07,1,1,1
0.999999881,1.43E-07,3.50E-08,1,1,1
0.999999881,6.12E-08,1.28E-08,1,1,1
0.999999642,4.11E-07,5.24E-08,1,1,1
1,2.67E-09,3.50E-10,1,1,1
1,1.08E-09,4.53E-10,1,1,1
1,3.75E-16,2.01E-13,1,1,1
1,1.10E-19,3.50E-15,1,1,1
1,1.49E-16,1.94E-12,1,1,1
1,3.95E-12,1.90E-09,1,1,1
0.999999642,3.93E-08,3.20E-07,1,1,1
0.999999642,9.49E-11,3.06E-07,1,1,1
0.999999881,1.22E-10,9.36E-08,1,1,1
1,1.91E-11,2.88E-10,1,1,1
1,8.00E-12,7.11E-12,1,1,1
1,2.00E-12,3.75E-12,1,1,1
1,1.78E-14,1.05E-13,1,1,1
1,2.28E-09,1.28E-10,1,1,1
0.999988079,1.17E-05,1.89E-07,1,1,1
1,2.57E-15,7.44E-16,1,1,1
1,4.09E-13,1.98E-13,1,1,1
1,1.24E-16,6.82E-16,1,1,1
1,3.45E-16,1.68E-13,1,1,1
1,9.11E-25,1.01E-21,1,1,1
1,7.39E-29,5.07E-24,1,1,1
1,1.15E-28,1.50E-24,1,1,1
1,1.28E-18,3.34E-16,1,1,1
1,8.49E-22,4.35E-20,1,1,1
1,7.63E-32,1.64E-26,1,1,1
1,6.04E-24,4.33E-19,1,1,1
1,2.22E-17,4.42E-14,1,1,1
1,2.84E-25,1.23E-19,1,1,1
1,5.60E-22,7.77E-18,1,1,1
1,7.80E-23,2.16E-18,1,1,1
1,2.73E-16,9.16E-14,1,1,1
1,2.96E-18,6.02E-15,1,1,1
1,3.13E-19,3.48E-15,1,1,1
1,7.78E-20,6.26E-16,1,1,1
1,1.32E-19,7.71E-17,1,1,1
1,2.87E-12,2.59E-11,1,1,1
1,1.81E-08,1.10E-08,1,1,1
1,2.94E-13,2.33E-12,1,1,1
1,8.86E-11,2.03E-10,1,1,1
1,2.41E-09,7.52E-10,1,1,1
1,3.98E-08,9.28E-09,1,1,1
0.999991179,7.20E-06,1.64E-06,1,1,1
1,1.69E-08,3.13E-09,1,1,1
1,9.92E-14,3.71E-13,1,1,1
1,2.00E-12,1.32E-12,1,1,1
0.999994516,5.18E-06,3.61E-07,1,1,1
1,3.32E-21,1.43E-16,1,1,1
1,5.02E-13,1.24E-10,1,1,1
1,5.18E-12,2.30E-10,1,1,1
0.999993086,4.41E-06,2.47E-06,1,1,1
0.999999285,1.26E-07,6.13E-07,1,1,1
0.999999642,3.08E-08,4.08E-07,1,1,1
0.999999762,5.13E-09,2.78E-07,1,1,1
1,6.77E-10,2.50E-09,1,1,1
1,3.61E-18,2.41E-14,1,1,1
1,5.27E-13,4.14E-12,1,1,1
1,1.93E-17,3.71E-15,1,1,1
1,2.26E-11,2.85E-11,1,1,1
1,4.61E-09,3.04E-10,1,1,1
1,5.54E-13,2.27E-13,1,1,1
1,5.80E-15,6.99E-15,1,1,1
1,4.35E-14,8.34E-13,1,1,1
1,1.57E-27,1.05E-20,1,1,1
1,1.30E-20,5.24E-17,1,1,1
1,1.95E-18,1.81E-16,1,1,1
1,1.25E-17,2.40E-17,1,1,1
1,3.45E-20,7.21E-18,1,1,1
1,8.70E-15,3.09E-14,1,1,1
1,8.31E-17,1.76E-13,1,1,1
1,2.22E-22,2.69E-16,1,1,1
1,2.29E-23,1.33E-18,1,1,1
1,1.23E-19,2.66E-17,1,1,1
1,1.84E-24,4.33E-20,1,1,1
1,9.01E-17,3.51E-13,1,1,1
1,6.21E-17,9.72E-14,1,1,1
1,4.45E-19,4.09E-16,1,1,1
1,2.18E-13,1.64E-11,1,1,1
1,2.62E-15,4.28E-13,1,1,1
1,7.89E-19,6.41E-15,1,1,1
1,1.05E-15,1.81E-12,1,1,1
1,3.69E-13,2.13E-12,1,1,1
1,3.78E-13,7.01E-12,1,1,1
1,1.62E-09,1.26E-09,1,1,1
1,6.30E-11,7.49E-11,1,1,1
0.999999881,1.14E-07,1.47E-08,1,1,1
1,3.48E-11,6.55E-12,1,1,1
1,1.38E-12,1.98E-12,1,1,1
0.999968767,2.97E-05,1.57E-06,1,1,1
1,1.04E-10,2.29E-10,1,1,1
0.999936223,5.37E-05,1.01E-05,1,1,1
0.99998641,6.79E-06,6.75E-06,1,1,1
0.999983072,1.21E-05,4.72E-06,1,1,1
0.99995625,3.17E-05,1.20E-05,1,1,1
0.99997735,1.69E-05,5.73E-06,1,1,1
0.999994993,6.05E-07,4.40E-06,1,1,1
0.999998808,6.52E-07,5.37E-07,1,1,1
1,2.41E-13,1.67E-11,1,1,1
0.999999881,8.89E-08,6.21E-10,1,1,1
1,3.02E-15,6.24E-12,1,1,1
1,1.01E-11,2.44E-11,1,1,1
1,1.37E-17,2.75E-16,1,1,1
1,7.34E-25,2.18E-21,1,1,1
1,2.22E-17,3.83E-15,1,1,1
1,1.54E-16,1.22E-14,1,1,1
1,3.56E-15,5.94E-14,1,1,1
1,7.65E-23,8.38E-21,1,1,1
1,5.18E-22,1.39E-18,1,1,1
1,2.39E-19,1.13E-15,1,1,1
1,1.04E-22,1.14E-18,1,1,1
1,3.44E-24,2.26E-18,1,1,1
1,3.79E-21,1.27E-15,1,1,1
1,2.55E-19,9.67E-16,1,1,1
1,2.82E-19,1.36E-16,1,1,1
1,9.88E-21,1.30E-16,1,1,1
1,1.54E-21,1.83E-18,1,1,1
1,2.76E-23,2.65E-19,1,1,1
1,8.91E-18,3.04E-15,1,1,1
1,1.47E-18,3.74E-15,1,1,1
1,4.73E-23,3.67E-18,1,1,1
1,3.19E-20,2.50E-15,1,1,1
1,1.07E-22,2.99E-17,1,1,1
1,2.97E-16,8.37E-13,1,1,1
1,3.36E-13,1.67E-11,1,1,1
1,3.81E-10,1.13E-08,1,1,1
1,3.30E-10,1.13E-09,1,1,1
1,1.79E-08,1.90E-09,1,1,1
0.999986649,1.23E-05,1.07E-06,1,1,1
1,1.55E-12,6.08E-11,1,1,1
1,6.62E-11,5.99E-10,1,1,1
0.99999094,8.25E-06,8.49E-07,1,1,1
0.999998569,8.23E-07,5.86E-07,1,1,1
1,1.36E-15,7.30E-12,1,1,1
1,9.97E-12,1.87E-08,1,1,1
0.999881268,8.15E-05,3.72E-05,1,1,1
0.999999881,1.42E-09,9.37E-08,1,1,1
1,1.39E-11,6.94E-10,1,1,1
1,3.81E-11,1.93E-09,1,1,1
1,1.43E-09,4.13E-09,1,1,1
0.002432854,0.997567177,1.92E-09,2,2,1
1,1.08E-08,1.88E-09,1,1,1
1,8.10E-16,3.24E-13,1,1,1
1,2.96E-13,2.46E-12,1,1,1
1,8.97E-22,8.46E-20,1,1,1
1,8.93E-22,1.83E-19,1,1,1
1,8.26E-18,2.91E-16,1,1,1
1,1.36E-13,2.02E-12,1,1,1
1,1.03E-18,3.68E-17,1,1,1
1,6.02E-23,2.81E-20,1,1,1
1,1.13E-24,5.35E-19,1,1,1
1,3.13E-25,1.44E-20,1,1,1
1,3.35E-25,9.13E-20,1,1,1
1,1.49E-21,2.53E-17,1,1,1
1,1.93E-21,2.26E-17,1,1,1
1,4.20E-25,1.20E-20,1,1,1
1,5.80E-24,2.37E-19,1,1,1
1,3.37E-20,1.65E-17,1,1,1
1,4.27E-15,2.45E-13,1,1,1
1,1.40E-13,3.01E-12,1,1,1
1,1.73E-27,6.24E-22,1,1,1
1,3.90E-20,6.33E-16,1,1,1
1,1.58E-22,2.00E-16,1,1,1
1,2.23E-15,1.94E-12,1,1,1
1,9.89E-12,1.39E-10,1,1,1
1,5.84E-13,3.59E-10,1,1,1
1,2.02E-13,8.88E-11,1,1,1
1,1.48E-15,1.99E-13,1,1,1
1,3.90E-11,9.11E-10,1,1,1
1,2.76E-10,6.46E-10,1,1,1
1,4.71E-11,5.49E-10,1,1,1
1,8.72E-14,2.91E-11,1,1,1
1,2.61E-12,6.54E-11,1,1,1
0.999999166,4.77E-07,3.61E-07,1,1,1
1,3.05E-08,2.95E-08,1,1,1
1,3.36E-16,1.45E-12,1,1,1
0.999967337,4.15E-07,3.23E-05,1,1,1
0.999999881,9.80E-10,1.43E-07,1,1,1
1,6.70E-11,3.53E-08,1,1,1
1,2.67E-10,1.56E-08,1,1,1
0.000102201,0.999897838,2.76E-09,2,2,1
0.999999285,7.14E-07,9.96E-10,1,1,1
1,2.43E-18,7.03E-14,1,1,1
1,1.18E-16,2.01E-14,1,1,1
1,6.94E-20,5.77E-18,1,1,1
1,2.07E-19,1.99E-17,1,1,1
1,3.81E-19,9.04E-17,1,1,1
1,4.24E-26,4.78E-22,1,1,1
1,9.83E-23,1.32E-19,1,1,1
1,1.18E-24,4.13E-21,1,1,1
1,2.54E-22,3.10E-18,1,1,1
1,6.81E-22,1.39E-17,1,1,1
1,8.35E-21,6.68E-17,1,1,1
1,3.45E-22,1.76E-19,1,1,1
1,2.23E-17,1.18E-15,1,1,1
1,5.61E-18,8.64E-16,1,1,1
1,6.88E-18,1.43E-14,1,1,1
1,3.05E-23,1.88E-17,1,1,1
1,1.81E-25,1.85E-18,1,1,1
1,2.98E-25,1.81E-18,1,1,1
1,2.74E-18,2.27E-14,1,1,1
1,5.48E-16,7.03E-12,1,1,1
1,1.17E-19,1.45E-13,1,1,1
1,4.58E-12,6.04E-10,1,1,1
1,1.51E-13,1.38E-10,1,1,1
1,2.16E-14,1.71E-12,1,1,1
1,9.77E-14,5.15E-10,1,1,1
1,1.37E-09,2.78E-09,1,1,1
0.999997258,2.11E-06,5.68E-07,1,1,1
1,1.83E-11,2.02E-10,1,1,1
1,1.79E-12,1.03E-09,1,1,1
1,2.46E-12,5.23E-10,1,1,1
1,3.66E-14,2.63E-11,1,1,1
1,1.81E-11,3.67E-09,1,1,1
0.999999762,1.64E-08,1.98E-07,1,1,1
0.999999881,6.24E-09,1.66E-07,1,1,1
1,7.55E-14,1.41E-10,1,1,1
1,6.99E-17,8.38E-12,1,1,1
1,9.17E-09,1.29E-08,1,1,1
1,7.07E-17,1.04E-13,1,1,1
1,6.29E-22,2.71E-16,1,1,1
1,9.19E-21,1.01E-16,1,1,1
1,6.99E-12,5.32E-12,1,1,1
1,2.57E-15,2.68E-13,1,1,1
1,1.39E-23,1.05E-19,1,1,1
1,2.10E-22,7.38E-21,1,1,1
1,5.64E-27,4.37E-23,1,1,1
1,7.92E-24,2.51E-20,1,1,1
1,9.69E-28,1.13E-21,1,1,1
1,9.95E-27,3.95E-21,1,1,1
1,1.38E-25,2.67E-20,1,1,1
1,2.72E-26,3.60E-21,1,1,1
1,2.91E-19,4.97E-16,1,1,1
1,3.71E-24,1.16E-17,1,1,1
1,3.20E-29,4.45E-22,1,1,1
1,1.56E-23,1.78E-18,1,1,1
1,7.43E-30,5.20E-21,1,1,1
1,1.91E-16,6.51E-12,1,1,1
1,3.31E-13,2.13E-11,1,1,1
1,3.41E-27,8.31E-20,1,1,1
1,5.46E-19,8.05E-14,1,1,1
1,4.33E-16,2.64E-10,1,1,1
1,2.19E-13,2.47E-10,1,1,1
0.999998689,6.10E-07,7.73E-07,1,1,1
1,1.36E-08,2.39E-08,1,1,1
0.999999642,2.64E-07,1.66E-07,1,1,1
1,1.69E-18,4.44E-15,1,1,1
1,2.70E-18,7.51E-15,1,1,1
1,2.18E-12,4.31E-09,1,1,1
0.999845982,0.000127706,2.63E-05,1,1,1
1,3.91E-12,2.24E-11,1,1,1
0.999999642,5.73E-08,3.86E-07,1,1,1
0.999999881,4.38E-10,7.23E-08,1,1,1
1,2.58E-20,2.78E-13,1,1,1
1,3.96E-16,5.69E-13,1,1,1
1,7.93E-14,6.96E-12,1,1,1
1,4.91E-22,9.45E-17,1,1,1
1,1.19E-15,7.65E-12,1,1,1
1,1.11E-14,4.40E-14,1,1,1
1,4.40E-14,9.91E-14,1,1,1
1,8.32E-15,3.19E-14,1,1,1
1,9.37E-14,1.95E-13,1,1,1
1,9.36E-19,5.76E-17,1,1,1
1,4.44E-23,4.43E-19,1,1,1
1,2.76E-26,9.80E-20,1,1,1
1,1.67E-27,6.50E-22,1,1,1
1,1.55E-25,3.92E-22,1,1,1
1,3.28E-23,1.73E-19,1,1,1
1,1.14E-23,3.73E-19,1,1,1
1,2.70E-26,3.51E-19,1,1,1
1,3.58E-31,1.94E-21,1,1,1
1,7.38E-29,5.05E-22,1,1,1
1,1.15E-27,8.07E-19,1,1,1
1,2.59E-20,6.64E-14,1,1,1
1,4.10E-22,1.80E-15,1,1,1
1,1.37E-20,1.16E-12,1,1,1
1,7.64E-16,2.75E-12,1,1,1
1,3.26E-10,6.14E-09,1,1,1
1,1.23E-10,2.89E-09,1,1,1
1,6.14E-12,2.48E-09,1,1,1
0.999999762,2.53E-07,4.67E-08,1,1,1
1,1.14E-13,1.80E-10,1,1,1
1,8.16E-15,9.29E-13,1,1,1
0.999996781,1.68E-06,1.60E-06,1,1,1
0.999999881,1.55E-08,1.20E-07,1,1,1
0.99998951,1.33E-20,1.05E-05,1,1,1
0.999998331,7.79E-21,1.66E-06,1,1,1
1,2.11E-15,6.39E-12,1,1,1
1,5.90E-22,1.20E-15,1,1,1
1,2.01E-19,5.42E-14,1,1,1
1,1.63E-18,4.54E-15,1,1,1
1,2.80E-16,3.04E-13,1,1,1
1,6.47E-12,8.33E-12,1,1,1
1,2.06E-08,1.03E-09,1,1,1
1,6.37E-16,2.94E-15,1,1,1
1,3.56E-26,2.75E-22,1,1,1
1,2.82E-27,5.04E-23,1,1,1
1,6.91E-26,2.07E-21,1,1,1
1,1.45E-23,2.59E-19,1,1,1
1,1.14E-24,4.51E-20,1,1,1
1,8.28E-26,2.07E-20,1,1,1
1,5.67E-19,1.20E-16,1,1,1
1,3.63E-26,3.12E-20,1,1,1
1,2.97E-32,4.42E-23,1,1,1
1,1.40E-33,3.77E-22,1,1,1
1,1.81E-30,4.68E-22,1,1,1
1,4.86E-25,9.43E-17,1,1,1
1,7.24E-21,4.65E-16,1,1,1
1,4.42E-16,1.43E-13,1,1,1
1,1.41E-22,6.31E-15,1,1,1
1,1.52E-19,2.23E-12,1,1,1
1,1.55E-12,1.82E-09,1,1,1
1,9.25E-15,3.48E-10,1,1,1
1,2.27E-10,5.25E-09,1,1,1
1,1.72E-10,4.23E-08,1,1,1
1,3.70E-09,3.00E-08,1,1,1
0.999990702,8.20E-06,1.02E-06,1,1,1
0.999999046,3.47E-07,5.65E-07,1,1,1
0.999997854,6.99E-07,1.39E-06,1,1,1
0.999999642,1.36E-07,2.47E-07,1,1,1
1,1.01E-15,3.25E-11,1,1,1
1,3.37E-22,1.73E-14,1,1,1
1,3.31E-23,5.20E-15,1,1,1
1,2.85E-19,4.87E-12,1,1,1
1,4.41E-20,2.87E-14,1,1,1
1,1.44E-09,2.21E-09,1,1,1
1,1.92E-09,8.49E-10,1,1,1
1,2.59E-13,2.50E-13,1,1,1
1,2.34E-23,1.39E-19,1,1,1
1,4.57E-22,1.48E-18,1,1,1
1,3.46E-28,1.83E-22,1,1,1
1,1.64E-20,5.29E-17,1,1,1
1,6.82E-23,1.09E-17,1,1,1
1,1.33E-30,1.40E-22,1,1,1
1,1.82E-24,1.17E-19,1,1,1
1,1.27E-24,4.08E-19,1,1,1
1,1.27E-23,2.65E-18,1,1,1
1,3.55E-23,7.58E-17,1,1,1
1,7.29E-27,1.14E-19,1,1,1
1,1.45E-28,5.23E-21,1,1,1
1,3.01E-21,1.58E-16,1,1,1
1,7.10E-16,1.30E-12,1,1,1
1,1.29E-20,2.80E-15,1,1,1
1,1.67E-11,2.04E-10,1,1,1
1,1.83E-10,3.00E-08,1,1,1
0.999999881,1.47E-08,6.75E-08,1,1,1
0.999999881,1.02E-08,1.76E-07,1,1,1
1,1.58E-16,2.71E-11,1,1,1
1,1.42E-15,1.31E-10,1,1,1
0.999999881,1.66E-08,8.98E-08,1,1,1
0.999999881,3.24E-10,6.10E-08,1,1,1
1,1.01E-11,5.81E-08,1,1,1
1,4.01E-16,2.96E-11,1,1,1
1,1.35E-22,6.44E-16,1,1,1
1,7.45E-19,8.80E-13,1,1,1
1,5.90E-22,3.12E-13,1,1,1
1,1.50E-21,1.25E-15,1,1,1
1,5.58E-25,1.41E-18,1,1,1
1,9.36E-26,2.16E-21,1,1,1
1,3.56E-21,6.96E-19,1,1,1
1,1.66E-21,1.44E-17,1,1,1
1,3.27E-18,3.76E-14,1,1,1
1,1.82E-17,2.34E-14,1,1,1
1,1.12E-22,2.15E-17,1,1,1
1,1.86E-22,1.06E-17,1,1,1
1,1.18E-25,7.70E-18,1,1,1
1,1.54E-15,3.31E-12,1,1,1
1,2.41E-15,3.66E-14,1,1,1
1,1.71E-25,1.03E-18,1,1,1
1,3.78E-21,1.11E-15,1,1,1
1,2.19E-20,5.93E-15,1,1,1
1,2.71E-22,2.89E-16,1,1,1
1,3.47E-18,7.91E-12,1,1,1
1,8.84E-18,1.32E-11,1,1,1
1,3.06E-19,7.73E-12,1,1,1
1,1.33E-13,1.81E-09,1,1,1
1,3.93E-09,3.29E-09,1,1,1
1,7.78E-13,1.74E-09,1,1,1
1,4.27E-13,1.39E-09,1,1,1
1,4.22E-16,2.05E-10,1,1,1
0.999992132,8.16E-08,7.76E-06,1,1,1
0.999998689,4.41E-07,8.50E-07,1,1,1
1,8.04E-17,2.45E-12,1,1,1
1,5.61E-25,1.72E-17,1,1,1
1,8.88E-22,5.97E-15,1,1,1
1,1.52E-21,1.26E-13,1,1,1
1,3.69E-15,2.07E-11,1,1,1
1,9.35E-11,1.14E-09,1,1,1
1,2.20E-14,7.21E-12,1,1,1
1,1.24E-15,4.55E-14,1,1,1
1,4.08E-20,1.32E-13,1,1,1
1,2.57E-22,2.60E-15,1,1,1
1,5.14E-28,1.39E-20,1,1,1
1,2.56E-27,5.70E-20,1,1,1
1,1.19E-26,3.10E-19,1,1,1
1,6.99E-24,1.92E-14,1,1,1
1,4.66E-25,6.49E-20,1,1,1
1,2.03E-23,4.35E-18,1,1,1
1,2.99E-13,6.30E-13,1,1,1
1,1.37E-11,1.21E-11,1,1,1
1,9.36E-18,2.31E-14,1,1,1
1,1.25E-17,1.21E-14,1,1,1
1,1.17E-12,2.74E-10,1,1,1
1,1.76E-12,2.54E-09,1,1,1
1,2.03E-12,8.37E-10,1,1,1
1,7.09E-12,9.99E-11,1,1,1
1,2.29E-09,2.64E-08,1,1,1
1,1.11E-10,3.48E-10,1,1,1
1,1.32E-13,9.22E-10,1,1,1
0.999999762,1.13E-10,1.99E-07,1,1,1
0.999999881,1.88E-11,1.45E-07,1,1,1
1,4.91E-19,5.40E-12,1,1,1
1,2.57E-24,5.88E-16,1,1,1
1,1.90E-24,3.39E-16,1,1,1
1,1.37E-21,2.75E-14,1,1,1
1,1.01E-15,1.40E-10,1,1,1
1,2.56E-16,2.61E-12,1,1,1
1,3.46E-15,8.11E-11,1,1,1
1,2.13E-10,6.54E-10,1,1,1
1,1.01E-16,1.78E-12,1,1,1
1,2.09E-23,1.01E-14,1,1,1
1,3.34E-22,6.03E-14,1,1,1
1,3.79E-29,1.17E-21,1,1,1
1,1.22E-28,1.03E-20,1,1,1
1,1.27E-21,1.04E-15,1,1,1
1,4.40E-21,9.24E-16,1,1,1
1,1.80E-20,1.02E-16,1,1,1
1,2.96E-24,2.60E-19,1,1,1
1,5.04E-19,6.24E-15,1,1,1
1,5.27E-17,6.85E-15,1,1,1
1,1.62E-17,2.17E-13,1,1,1
1,1.18E-17,8.86E-12,1,1,1
1,2.72E-14,5.32E-12,1,1,1
1,6.88E-13,1.74E-11,1,1,1
1,4.98E-11,4.22E-10,1,1,1
1,6.54E-12,7.01E-11,1,1,1
0.999998808,1.52E-08,1.19E-06,1,1,1
1,2.39E-13,2.36E-09,1,1,1
1,1.26E-11,7.58E-09,1,1,1
0.999998212,2.14E-07,1.49E-06,1,1,1
0.999992132,3.46E-06,4.39E-06,1,1,1
1,6.66E-22,1.62E-14,1,1,1
1,1.56E-21,1.22E-14,1,1,1
1,1.39E-16,4.52E-11,1,1,1
1,5.19E-14,9.50E-11,1,1,1
1,3.96E-17,1.91E-12,1,1,1
1,7.84E-14,3.18E-11,1,1,1
1,3.18E-15,4.11E-11,1,1,1
1,1.30E-21,1.50E-13,1,1,1
1,2.87E-23,1.53E-12,1,1,1
1,1.23E-26,7.12E-16,1,1,1
1,8.51E-32,1.36E-21,1,1,1
1,5.06E-20,1.03E-16,1,1,1
1,3.18E-23,1.71E-17,1,1,1
1,5.11E-24,4.13E-19,1,1,1
1,1.83E-22,8.93E-18,1,1,1
1,6.10E-22,6.33E-18,1,1,1
1,4.02E-25,1.32E-20,1,1,1
1,2.47E-16,5.25E-13,1,1,1
1,5.85E-17,5.62E-12,1,1,1
1,3.08E-13,1.26E-11,1,1,1
1,1.92E-20,3.70E-16,1,1,1
1,2.32E-13,2.51E-10,1,1,1
1,7.41E-14,1.03E-10,1,1,1
0.999993682,4.20E-06,2.15E-06,1,1,1
1,1.30E-13,1.83E-10,1,1,1
1,1.05E-13,1.62E-10,1,1,1
1,2.65E-12,2.15E-09,1,1,1
1,4.48E-16,5.21E-10,1,1,1
1,6.69E-17,8.23E-11,1,1,1
0.999999523,1.12E-08,4.96E-07,1,1,1
0.999999762,1.21E-08,2.56E-07,1,1,1
1,3.18E-13,6.00E-11,1,1,1
1,5.56E-15,4.40E-12,1,1,1
1,5.68E-15,1.30E-12,1,1,1
1,2.99E-19,5.06E-12,1,1,1
1,5.48E-16,7.33E-10,1,1,1
1,2.97E-25,1.64E-12,1,1,1
1,3.48E-22,5.74E-13,1,1,1
1,3.65E-26,8.34E-16,1,1,1
1,1.87E-21,2.17E-17,1,1,1
1,3.24E-23,9.38E-17,1,1,1
1,5.81E-20,8.27E-17,1,1,1
1,1.09E-16,6.96E-14,1,1,1
1,3.46E-24,2.13E-19,1,1,1
1,1.79E-16,1.40E-12,1,1,1
1,1.81E-16,8.21E-12,1,1,1
1,3.83E-14,9.32E-11,1,1,1
1,7.17E-16,2.03E-12,1,1,1
1,3.47E-17,7.51E-13,1,1,1
0.999998093,6.89E-11,1.88E-06,1,1,1
0.999993682,4.57E-06,1.77E-06,1,1,1
0.999999642,4.10E-10,3.31E-07,1,1,1
1,9.39E-16,1.51E-10,1,1,1
0.999999523,1.51E-10,4.43E-07,1,1,1
0.999988556,9.91E-06,1.56E-06,1,1,1
1,1.12E-10,8.62E-09,1,1,1
0.999998093,9.25E-08,1.76E-06,1,1,1
0.999999762,5.77E-09,2.81E-07,1,1,1
1,1.87E-14,1.71E-09,1,1,1
1,3.47E-11,7.94E-10,1,1,1
1,8.86E-16,2.05E-11,1,1,1
1,1.12E-16,9.43E-13,1,1,1
1,7.33E-19,4.26E-12,1,1,1
1,2.36E-19,3.50E-11,1,1,1
1,1.53E-20,2.68E-10,1,1,1
1,3.23E-18,1.61E-10,1,1,1
1,8.15E-15,2.29E-13,1,1,1
1,1.80E-18,1.13E-14,1,1,1
1,3.38E-27,3.93E-19,1,1,1
1,4.91E-20,1.50E-15,1,1,1
1,1.75E-22,1.37E-17,1,1,1
1,3.62E-26,2.84E-20,1,1,1
1,5.87E-16,5.84E-11,1,1,1
1,3.75E-14,4.97E-11,1,1,1
1,8.33E-19,9.15E-14,1,1,1
1,3.00E-13,2.16E-09,1,1,1
1,7.02E-12,6.28E-09,1,1,1
1,1.99E-15,6.28E-11,1,1,1
0.999999762,5.38E-10,2.36E-07,1,1,1
0.999999881,1.73E-11,1.36E-07,1,1,1
0.999999523,5.33E-08,4.23E-07,1,1,1
0.999999523,8.86E-10,4.36E-07,1,1,1
0.999997854,1.88E-06,2.61E-07,1,1,1
0.999916196,6.65E-05,1.72E-05,1,1,1
1,7.02E-15,1.16E-10,1,1,1
1,1.54E-18,5.86E-13,1,1,1
1,4.64E-17,1.25E-10,1,1,1
1,2.29E-15,1.18E-12,1,1,1
1,1.53E-13,1.78E-10,1,1,1
1,3.72E-15,5.74E-09,1,1,1
1,5.00E-14,1.91E-08,1,1,1
0.999998808,2.50E-11,1.24E-06,1,1,1
0.999999762,9.42E-14,2.45E-07,1,1,1
1,7.19E-18,1.11E-12,1,1,1
1,6.75E-25,2.35E-18,1,1,1
1,1.82E-24,9.89E-16,1,1,1
1,2.47E-26,2.07E-18,1,1,1
1,2.31E-23,2.42E-16,1,1,1
1,3.24E-20,8.51E-14,1,1,1
1,1.95E-14,2.40E-11,1,1,1
1,4.64E-11,1.53E-09,1,1,1
1,4.06E-11,6.95E-09,1,1,1
1,1.93E-13,3.62E-09,1,1,1
1,4.48E-13,1.30E-09,1,1,1
1,1.51E-13,1.39E-09,1,1,1
0.999999881,6.44E-11,1.57E-07,1,1,1
1,2.15E-13,2.80E-08,1,1,1
0.999999881,5.50E-13,9.22E-08,1,1,1
1,2.23E-13,3.57E-09,1,1,1
0.999999881,1.24E-08,8.49E-08,1,1,1
0.99999845,1.28E-07,1.45E-06,1,1,1
1,2.94E-17,2.24E-12,1,1,1
1,2.08E-16,4.77E-11,1,1,1
1,1.81E-17,1.15E-11,1,1,1
1,7.15E-14,2.99E-13,1,1,1
1,4.10E-21,7.14E-13,1,1,1
1,4.19E-18,4.29E-11,1,1,1
1,7.80E-13,1.93E-08,1,1,1
0.999999881,4.34E-14,8.73E-08,1,1,1
1,1.08E-18,6.87E-11,1,1,1
1,9.30E-15,3.88E-09,1,1,1
1,7.95E-17,1.85E-10,1,1,1
1,1.01E-24,3.06E-15,1,1,1
1,1.17E-24,5.23E-16,1,1,1
1,4.34E-15,1.22E-11,1,1,1
1,1.62E-16,5.81E-11,1,1,1
1,2.46E-13,4.76E-10,1,1,1
1,5.45E-13,1.52E-08,1,1,1
1,4.50E-15,8.95E-10,1,1,1
1,2.89E-13,1.96E-09,1,1,1
0.999999881,5.06E-11,7.08E-08,1,1,1
1,4.09E-09,3.95E-08,1,1,1
1,4.52E-12,2.82E-09,1,1,1
1,2.40E-10,1.36E-08,1,1,1
0.999999881,1.58E-11,1.50E-07,1,1,1
0.999999881,1.70E-13,1.59E-07,1,1,1
1,9.49E-16,7.08E-11,1,1,1
1,3.06E-15,1.75E-10,1,1,1
1,3.49E-14,7.43E-10,1,1,1
1,1.82E-18,8.97E-12,1,1,1
1,2.16E-11,4.22E-08,1,1,1
1,1.11E-10,2.68E-10,1,1,1
1,2.00E-10,2.69E-11,1,1,1
1,5.61E-16,1.28E-11,1,1,1
1,7.59E-14,5.09E-12,1,1,1
1,1.73E-12,1.72E-08,1,1,1
1,3.69E-19,8.48E-10,1,1,1
1,2.66E-14,9.84E-09,1,1,1
1,1.21E-13,1.71E-08,1,1,1
0.999999523,3.37E-12,5.30E-07,1,1,1
1,1.20E-12,3.76E-10,1,1,1
1,1.10E-15,1.83E-12,1,1,1
1,6.70E-11,1.39E-09,1,1,1
1,1.38E-09,2.82E-08,1,1,1
1,7.45E-18,1.71E-11,1,1,1
0.999999642,3.32E-10,3.66E-07,1,1,1
1,8.34E-17,6.64E-10,1,1,1
1,2.13E-15,7.64E-09,1,1,1
0.999999285,2.19E-07,4.86E-07,1,1,1
1,6.28E-10,4.54E-08,1,1,1
0.999999881,2.38E-11,9.31E-08,1,1,1
1,2.28E-15,1.97E-08,1,1,1
0.999999762,3.78E-09,2.22E-07,1,1,1
1,3.24E-11,2.47E-08,1,1,1
1,6.20E-19,7.27E-11,1,1,1
1,2.81E-16,1.98E-10,1,1,1
1,8.11E-13,9.32E-09,1,1,1
1,4.69E-16,2.00E-10,1,1,1
1,4.78E-14,2.03E-13,1,1,1
1,6.07E-17,7.60E-15,1,1,1
1,2.04E-08,1.78E-09,1,1,1
1,1.73E-13,7.87E-11,1,1,1
1,1.00E-12,1.10E-11,1,1,1
1,1.22E-09,3.20E-08,1,1,1
1,4.04E-13,3.55E-09,1,1,1
1,1.91E-13,4.68E-10,1,1,1
1,2.57E-15,5.62E-11,1,1,1
1,4.68E-16,2.68E-12,1,1,1
1,2.48E-13,3.98E-12,1,1,1
1,2.03E-14,3.06E-12,1,1,1
1,1.73E-15,1.80E-12,1,1,1
1,1.24E-12,1.94E-09,1,1,1
0.999999642,5.44E-08,3.74E-07,1,1,1
1,2.35E-12,1.14E-09,1,1,1
1,3.31E-12,2.59E-08,1,1,1
1,6.81E-14,1.09E-08,1,1,1
0.999999404,1.13E-09,6.51E-07,1,1,1
0.999999762,2.26E-11,2.57E-07,1,1,1
0.999997973,2.19E-10,2.06E-06,1,1,1
0.999999762,6.12E-08,1.13E-07,1,1,1
0.999998569,1.80E-07,1.16E-06,1,1,1
0.999992609,4.15E-06,3.23E-06,1,1,1
0.999999881,8.66E-10,1.18E-07,1,1,1
1,4.17E-16,4.09E-11,1,1,1
1,5.30E-16,1.75E-09,1,1,1
1,5.28E-15,9.10E-10,1,1,1
1,1.47E-10,4.39E-11,1,1,1
1,3.10E-19,9.65E-18,1,1,1
1,8.40E-10,2.96E-10,1,1,1
0.999999762,2.44E-07,2.04E-08,1,1,1
0.999999881,6.66E-08,1.36E-08,1,1,1
0.999998808,1.06E-06,1.57E-07,1,1,1
0.999999523,4.09E-07,6.70E-08,1,1,1
1,1.08E-09,3.13E-09,1,1,1
1,1.71E-11,2.30E-11,1,1,1
1,2.17E-10,6.56E-10,1,1,1
1,3.14E-10,1.37E-10,1,1,1
1,3.44E-15,1.66E-13,1,1,1
1,3.24E-16,7.32E-13,1,1,1
1,5.44E-18,7.61E-13,1,1,1
1,2.02E-11,2.97E-09,1,1,1
1,8.55E-11,5.05E-09,1,1,1
1,4.62E-10,2.43E-08,1,1,1
1,3.99E-16,5.04E-11,1,1,1
1,1.64E-21,1.98E-13,1,1,1
1,1.61E-15,1.14E-08,1,1,1
0.999999523,3.00E-11,5.13E-07,1,1,1
0.999998331,4.21E-09,1.63E-06,1,1,1
0.999987125,9.84E-06,2.97E-06,1,1,1
0.999999762,3.80E-08,2.07E-07,1,1,1
0.999995589,1.14E-07,4.26E-06,1,1,1
1,1.45E-12,7.45E-09,1,1,1
0.999999881,9.99E-11,9.86E-08,1,1,1
1,2.37E-09,5.55E-08,1,1,1
0.999367535,0.000632456,3.54E-08,1,1,1
1,6.43E-11,1.23E-10,1,1,1
1,2.23E-15,1.38E-14,1,1,1
1,5.17E-08,4.50E-09,1,1,1
0.999994993,4.78E-06,2.53E-07,1,1,1
0.999983311,1.55E-05,1.17E-06,1,1,1
0.999999285,6.19E-07,1.14E-07,1,1,1
0.999999881,9.81E-08,1.73E-08,1,1,1
0.999996901,2.78E-06,3.37E-07,1,1,1
1,1.10E-10,3.83E-11,1,1,1
1,2.65E-09,6.51E-10,1,1,1
1,5.36E-09,2.76E-09,1,1,1
1,7.27E-10,1.13E-09,1,1,1
1,2.28E-08,2.35E-08,1,1,1
0.999952078,4.79E-05,5.42E-08,1,1,1
1,6.27E-09,1.01E-08,1,1,1
0.999999285,1.38E-08,7.09E-07,1,1,1
0.999998927,1.46E-07,9.75E-07,1,1,1
0.999998689,3.53E-08,1.32E-06,1,1,1
0.999998093,3.13E-08,1.92E-06,1,1,1
0.999989867,2.08E-06,8.05E-06,1,1,1
0.999998689,9.46E-10,1.31E-06,1,1,1
0.999999404,2.51E-10,5.74E-07,1,1,1
1,8.70E-13,6.62E-12,1,1,1
1,4.25E-08,4.02E-09,1,1,1
0.999995232,4.36E-06,2.99E-07,1,1,1
0.999920249,7.51E-05,4.67E-06,1,1,1
0.999980807,1.79E-05,1.31E-06,1,1,1
0.999993205,6.26E-06,5.10E-07,1,1,1
0.999999642,3.45E-07,3.44E-08,1,1,1
1,1.07E-09,9.60E-11,1,1,1
1,6.38E-14,6.00E-14,1,1,1
1,1.22E-15,2.60E-14,1,1,1
1,7.86E-15,1.36E-13,1,1,1
1,4.63E-15,1.92E-13,1,1,1
1,2.39E-09,9.28E-10,1,1,1
0.999999881,8.83E-08,6.30E-09,1,1,1
1,1.41E-08,1.17E-09,1,1,1
0.999983907,1.50E-05,1.08E-06,1,1,1
0.999980927,1.77E-05,1.46E-06,1,1,1
0.999955654,4.21E-05,2.27E-06,1,1,1
0.999991775,7.73E-06,4.29E-07,1,1,1
1,2.13E-09,7.11E-10,1,1,1
1,6.41E-16,1.41E-13,1,1,1
1,5.40E-08,3.37E-08,1,1,1
0.999997616,2.12E-06,1.89E-07,1,1,1
0.999989867,9.54E-06,5.72E-07,1,1,1
0.999994278,5.31E-06,3.96E-07,1,1,1
0.999999285,6.94E-07,3.29E-08,1,1,1
0.999998808,1.10E-06,1.02E-07,1,1,1
0.999998093,1.79E-06,1.25E-07,1,1,1
0.999998927,8.44E-07,2.22E-07,1,1,1
0.999849677,0.000140874,9.37E-06,1,1,1
0.999996901,2.97E-06,1.28E-07,1,1,1
0.999914169,8.06E-05,5.27E-06,1,1,1
1,3.93E-08,2.87E-09,1,1,1
0.999998331,1.54E-06,6.97E-08,1,1,1
1,1.32E-13,2.52E-13,1,1,1
0.999999642,3.37E-07,4.11E-08,1,1,1
0.999999881,7.27E-08,4.64E-09,1,1,1
0.999997616,2.31E-06,1.54E-07,1,1,1
0.999999523,4.24E-07,4.41E-08,1,1,1
1,9.44E-15,2.02E-13,1,1,1
,,,,,26283
