1,193,0
2,193,0
3,193,0
4,193,0
5,193,0
6,193,0
7,193,0
8,193,0
9,193,0
10,193,0
11,193,0
12,193,0
13,193,0
14,193,0
15,193,0
16,193,0
17,193,0
18,193,0
19,193,0
20,193,0
21,193,0
22,193,0
23,193,0
24,193,0
25,193,0
26,193,0
27,193,0
28,193,0
29,193,0
30,193,0
31,193,0
32,193,0
33,193,0
34,193,0
35,193,0
36,193,0
37,193,0
38,193,0
39,193,0
40,193,0
41,193,0
42,193,0
43,193,0
44,193,0
45,193,0
46,193,0
47,193,0
48,193,0
49,193,0
50,193,0
51,193,0
52,193,0
53,193,0
54,193,0
55,193,0
56,193,0
57,193,0
58,193,0
59,193,0
60,193,0
61,193,0
62,193,0
63,193,0
64,193,0
65,193,0
66,193,0
67,193,0
68,193,0
69,193,0
70,193,0
71,193,0
72,193,0
73,193,0
74,193,0
75,193,0
76,193,0
77,193,0
78,193,0
79,193,0
80,193,0
81,193,0
82,193,0
83,193,0
84,193,0
85,193,0
86,193,0
87,193,0
88,193,0
89,193,0
90,193,0
91,193,0
92,193,0
93,193,0
94,193,0
95,193,0
96,193,0
97,193,0
98,193,0
99,193,0
100,193,0
101,193,0
102,193,0
103,193,0
104,193,0
105,193,0
106,193,0
107,193,0
108,193,0
109,193,0
110,193,0
111,193,0
112,193,0
113,193,0
114,193,0
115,193,0
116,193,0
117,193,0
118,193,0
119,193,0
120,193,0
121,193,0
122,193,0
123,193,0
124,193,0
125,193,0
126,193,0
127,193,0
128,193,0
129,193,0
130,193,0
131,193,0
132,193,0
133,193,0
134,193,0
135,193,0
136,193,0
137,193,0
138,193,0
139,193,0
140,193,0
141,193,0
142,193,0
143,193,0
144,193,0
145,193,0
146,193,0
147,193,0
148,193,0
149,193,0
150,193,0
151,193,0
152,193,0
153,193,0
154,193,0
155,193,0
156,193,0
157,193,0
158,193,0
159,193,0
160,193,0
161,193,0
162,193,0
163,193,0
164,193,0
165,193,0
166,193,0
167,193,0
168,193,0
169,193,0
170,193,0
171,193,0
172,193,0
173,193,0
174,193,0
175,193,0
176,193,0
177,193,0
178,193,0
179,193,0
180,193,0
181,193,0
182,193,0
183,193,0
184,193,0
185,193,0
186,193,0
187,193,0
188,193,0
189,193,0
190,193,0
191,193,0
192,193,0
193,193,0
194,193,0
195,193,0
196,193,0
197,193,0
198,193,0
199,193,0
200,193,0
201,193,0
202,193,0
203,193,0
204,193,0
205,193,0
206,193,0
207,193,0
208,193,0
209,193,0
210,193,0
211,193,0
212,193,0
213,193,0
214,193,2
215,193,2
216,193,2
217,193,2
218,193,2
219,193,2
220,193,2
221,193,2
222,193,2
223,193,2
224,193,2
225,193,2
226,193,2
227,193,2
228,193,2
229,193,2
230,193,2
231,193,2
232,193,2
233,193,2
234,193,0
235,193,0
236,193,0
237,193,0
238,193,0
239,193,0
240,193,0
241,193,0
242,193,0
243,193,0
244,193,0
245,193,0
246,193,0
247,193,0
248,193,0
249,193,0
250,193,0
251,193,0
252,193,0
253,193,0
254,193,0
255,193,0
256,193,0
257,193,0
258,193,0
259,193,0
260,193,0
261,193,0
262,193,0
263,193,0
264,193,0
265,193,0
266,193,0
267,193,0
268,193,0
269,193,0
270,193,0
271,193,0
272,193,0
273,193,0
274,193,0
275,193,0
276,193,0
277,193,0
278,193,0
279,193,0
280,193,0
281,193,0
282,193,0
283,193,0
284,193,0
285,193,0
286,193,0
287,193,0
288,193,0
289,193,0
290,193,0
291,193,0
292,193,0
293,193,0
294,193,0
295,193,0
296,193,0
297,193,0
298,193,0
299,193,0
300,193,0
301,193,0
302,193,0
303,193,0
304,193,0
305,193,0
306,193,0
307,193,0
308,193,0
309,193,0
310,193,0
311,193,0
312,193,0
313,193,0
314,193,0
315,193,0
316,193,0
317,193,0
318,193,0
319,193,0
320,193,0
321,193,0
322,193,0
323,193,0
324,193,0
325,193,0
326,193,0
327,193,0
328,193,0
329,193,0
330,193,0
331,193,0
332,193,0
333,193,0
334,193,0
335,193,0
336,193,0
337,193,0
338,193,0
339,193,0
340,193,0
341,193,0
342,193,0
343,193,0
344,193,0
345,193,0
346,193,0
347,193,0
348,193,0
349,193,0
350,193,0
351,193,0
352,193,0
353,193,0
354,193,0
355,193,0
356,193,0
357,193,0
358,193,0
359,193,0
360,193,0
361,193,0
362,193,0
363,193,0
364,193,0
365,193,0
366,193,0
367,193,0
368,193,0
369,193,0
370,193,0
371,193,0
372,193,0
373,193,0
374,193,0
375,193,0
376,193,0
377,193,0
378,193,0
379,193,0
380,193,0
381,193,0
382,193,0
383,193,0
384,193,0
385,193,0
386,193,0
387,193,0
388,193,0
389,193,0
390,193,0
1,192,0
2,192,0
3,192,0
4,192,0
5,192,0
6,192,0
7,192,0
8,192,0
9,192,0
10,192,0
11,192,0
12,192,0
13,192,0
14,192,0
15,192,0
16,192,0
17,192,0
18,192,0
19,192,0
20,192,0
21,192,0
22,192,0
23,192,0
24,192,0
25,192,0
26,192,0
27,192,0
28,192,0
29,192,0
30,192,0
31,192,0
32,192,0
33,192,0
34,192,0
35,192,0
36,192,0
37,192,0
38,192,0
39,192,0
40,192,0
41,192,0
42,192,0
43,192,0
44,192,0
45,192,0
46,192,0
47,192,0
48,192,0
49,192,0
50,192,0
51,192,0
52,192,0
53,192,0
54,192,0
55,192,0
56,192,0
57,192,0
58,192,0
59,192,0
60,192,0
61,192,0
62,192,0
63,192,0
64,192,0
65,192,0
66,192,0
67,192,0
68,192,0
69,192,0
70,192,0
71,192,0
72,192,0
73,192,0
74,192,0
75,192,0
76,192,0
77,192,0
78,192,0
79,192,0
80,192,0
81,192,0
82,192,0
83,192,0
84,192,0
85,192,0
86,192,0
87,192,0
88,192,0
89,192,0
90,192,0
91,192,0
92,192,0
93,192,0
94,192,0
95,192,0
96,192,0
97,192,0
98,192,0
99,192,0
100,192,0
101,192,0
102,192,0
103,192,0
104,192,0
105,192,0
106,192,0
107,192,0
108,192,0
109,192,0
110,192,0
111,192,0
112,192,0
113,192,0
114,192,0
115,192,0
116,192,0
117,192,0
118,192,0
119,192,0
120,192,0
121,192,0
122,192,0
123,192,0
124,192,0
125,192,0
126,192,0
127,192,0
128,192,0
129,192,0
130,192,0
131,192,0
132,192,0
133,192,0
134,192,0
135,192,0
136,192,0
137,192,0
138,192,0
139,192,0
140,192,0
141,192,0
142,192,0
143,192,0
144,192,0
145,192,0
146,192,0
147,192,0
148,192,0
149,192,0
150,192,0
151,192,0
152,192,0
153,192,0
154,192,0
155,192,0
156,192,0
157,192,0
158,192,0
159,192,0
160,192,0
161,192,0
162,192,0
163,192,0
164,192,0
165,192,0
166,192,0
167,192,0
168,192,0
169,192,0
170,192,0
171,192,0
172,192,0
173,192,0
174,192,0
175,192,0
176,192,0
177,192,0
178,192,0
179,192,0
180,192,0
181,192,0
182,192,0
183,192,0
184,192,0
185,192,0
186,192,0
187,192,0
188,192,0
189,192,0
190,192,0
191,192,0
192,192,0
193,192,0
194,192,0
195,192,0
196,192,0
197,192,0
198,192,0
199,192,0
200,192,0
201,192,0
202,192,0
203,192,0
204,192,0
205,192,0
206,192,0
207,192,0
208,192,0
209,192,0
210,192,0
211,192,0
212,192,0
213,192,0
214,192,2
215,192,2
216,192,2
217,192,2
218,192,2
219,192,2
220,192,2
221,192,2
222,192,2
223,192,2
224,192,2
225,192,2
226,192,2
227,192,2
228,192,2
229,192,2
230,192,2
231,192,2
232,192,2
233,192,2
234,192,0
235,192,0
236,192,0
237,192,0
238,192,0
239,192,0
240,192,0
241,192,0
242,192,0
243,192,0
244,192,0
245,192,0
246,192,0
247,192,0
248,192,0
249,192,0
250,192,0
251,192,0
252,192,0
253,192,0
254,192,0
255,192,0
256,192,0
257,192,0
258,192,0
259,192,0
260,192,0
261,192,0
262,192,0
263,192,0
264,192,0
265,192,0
266,192,0
267,192,0
268,192,0
269,192,0
270,192,0
271,192,0
272,192,0
273,192,0
274,192,0
275,192,0
276,192,0
277,192,0
278,192,0
279,192,0
280,192,0
281,192,0
282,192,0
283,192,0
284,192,0
285,192,0
286,192,0
287,192,0
288,192,0
289,192,0
290,192,0
291,192,0
292,192,0
293,192,0
294,192,0
295,192,0
296,192,0
297,192,0
298,192,0
299,192,0
300,192,0
301,192,0
302,192,0
303,192,0
304,192,0
305,192,0
306,192,0
307,192,0
308,192,0
309,192,0
310,192,0
311,192,0
312,192,0
313,192,0
314,192,0
315,192,0
316,192,0
317,192,0
318,192,0
319,192,0
320,192,0
321,192,0
322,192,0
323,192,0
324,192,0
325,192,0
326,192,0
327,192,0
328,192,0
329,192,0
330,192,0
331,192,0
332,192,0
333,192,0
334,192,0
335,192,0
336,192,0
337,192,0
338,192,0
339,192,0
340,192,0
341,192,0
342,192,0
343,192,0
344,192,0
345,192,0
346,192,0
347,192,0
348,192,0
349,192,0
350,192,0
351,192,0
352,192,0
353,192,0
354,192,0
355,192,0
356,192,0
357,192,0
358,192,0
359,192,0
360,192,0
361,192,0
362,192,0
363,192,0
364,192,0
365,192,0
366,192,0
367,192,0
368,192,0
369,192,0
370,192,0
371,192,0
372,192,0
373,192,0
374,192,0
375,192,0
376,192,0
377,192,0
378,192,0
379,192,0
380,192,0
381,192,0
382,192,0
383,192,0
384,192,0
385,192,0
386,192,0
387,192,0
388,192,0
389,192,0
390,192,0
1,191,0
2,191,0
3,191,0
4,191,0
5,191,0
6,191,0
7,191,0
8,191,0
9,191,0
10,191,0
11,191,0
12,191,0
13,191,0
14,191,0
15,191,0
16,191,0
17,191,0
18,191,0
19,191,0
20,191,0
21,191,0
22,191,0
23,191,0
24,191,0
25,191,0
26,191,0
27,191,0
28,191,0
29,191,0
30,191,0
31,191,0
32,191,0
33,191,0
34,191,0
35,191,0
36,191,0
37,191,0
38,191,0
39,191,0
40,191,0
41,191,0
42,191,0
43,191,0
44,191,0
45,191,0
46,191,0
47,191,0
48,191,0
49,191,0
50,191,0
51,191,0
52,191,0
53,191,0
54,191,0
55,191,0
56,191,0
57,191,0
58,191,0
59,191,0
60,191,0
61,191,0
62,191,0
63,191,0
64,191,0
65,191,0
66,191,0
67,191,0
68,191,0
69,191,0
70,191,0
71,191,0
72,191,0
73,191,0
74,191,0
75,191,0
76,191,0
77,191,0
78,191,0
79,191,0
80,191,0
81,191,0
82,191,0
83,191,0
84,191,0
85,191,0
86,191,0
87,191,0
88,191,0
89,191,0
90,191,0
91,191,0
92,191,0
93,191,0
94,191,0
95,191,0
96,191,0
97,191,0
98,191,0
99,191,0
100,191,0
101,191,0
102,191,0
103,191,0
104,191,0
105,191,0
106,191,0
107,191,0
108,191,0
109,191,0
110,191,0
111,191,0
112,191,0
113,191,0
114,191,0
115,191,0
116,191,0
117,191,0
118,191,0
119,191,0
120,191,0
121,191,0
122,191,0
123,191,0
124,191,0
125,191,0
126,191,0
127,191,0
128,191,0
129,191,0
130,191,0
131,191,0
132,191,0
133,191,0
134,191,0
135,191,0
136,191,0
137,191,0
138,191,0
139,191,0
140,191,0
141,191,0
142,191,0
143,191,0
144,191,0
145,191,0
146,191,0
147,191,0
148,191,0
149,191,0
150,191,0
151,191,0
152,191,0
153,191,0
154,191,0
155,191,0
156,191,0
157,191,0
158,191,0
159,191,0
160,191,0
161,191,0
162,191,0
163,191,0
164,191,0
165,191,0
166,191,0
167,191,0
168,191,0
169,191,0
170,191,0
171,191,0
172,191,0
173,191,0
174,191,0
175,191,0
176,191,0
177,191,0
178,191,0
179,191,0
180,191,0
181,191,0
182,191,0
183,191,0
184,191,0
185,191,0
186,191,0
187,191,0
188,191,0
189,191,0
190,191,0
191,191,0
192,191,0
193,191,0
194,191,0
195,191,0
196,191,0
197,191,0
198,191,0
199,191,0
200,191,0
201,191,0
202,191,0
203,191,0
204,191,0
205,191,0
206,191,0
207,191,0
208,191,0
209,191,0
210,191,0
211,191,0
212,191,0
213,191,0
214,191,2
215,191,2
216,191,2
217,191,2
218,191,2
219,191,2
220,191,2
221,191,2
222,191,2
223,191,2
224,191,2
225,191,2
226,191,2
227,191,2
228,191,2
229,191,2
230,191,2
231,191,2
232,191,2
233,191,2
234,191,0
235,191,0
236,191,0
237,191,0
238,191,0
239,191,0
240,191,0
241,191,0
242,191,0
243,191,0
244,191,0
245,191,0
246,191,0
247,191,0
248,191,0
249,191,0
250,191,0
251,191,0
252,191,0
253,191,0
254,191,0
255,191,0
256,191,0
257,191,0
258,191,0
259,191,0
260,191,0
261,191,0
262,191,0
263,191,0
264,191,0
265,191,0
266,191,0
267,191,0
268,191,0
269,191,0
270,191,0
271,191,0
272,191,0
273,191,0
274,191,0
275,191,0
276,191,0
277,191,0
278,191,0
279,191,0
280,191,0
281,191,0
282,191,0
283,191,0
284,191,0
285,191,0
286,191,0
287,191,0
288,191,0
289,191,0
290,191,0
291,191,0
292,191,0
293,191,0
294,191,0
295,191,0
296,191,0
297,191,0
298,191,0
299,191,0
300,191,0
301,191,0
302,191,0
303,191,0
304,191,0
305,191,0
306,191,0
307,191,0
308,191,0
309,191,0
310,191,0
311,191,0
312,191,0
313,191,0
314,191,0
315,191,0
316,191,0
317,191,0
318,191,0
319,191,0
320,191,0
321,191,0
322,191,0
323,191,0
324,191,0
325,191,0
326,191,0
327,191,0
328,191,0
329,191,0
330,191,0
331,191,0
332,191,0
333,191,0
334,191,0
335,191,0
336,191,0
337,191,0
338,191,0
339,191,0
340,191,0
341,191,0
342,191,0
343,191,0
344,191,0
345,191,0
346,191,0
347,191,0
348,191,0
349,191,0
350,191,0
351,191,0
352,191,0
353,191,0
354,191,0
355,191,0
356,191,0
357,191,0
358,191,0
359,191,0
360,191,0
361,191,0
362,191,0
363,191,0
364,191,0
365,191,0
366,191,0
367,191,0
368,191,0
369,191,0
370,191,0
371,191,0
372,191,0
373,191,0
374,191,0
375,191,0
376,191,0
377,191,0
378,191,0
379,191,0
380,191,0
381,191,0
382,191,0
383,191,0
384,191,0
385,191,0
386,191,0
387,191,0
388,191,0
389,191,0
390,191,0
1,190,0
2,190,0
3,190,0
4,190,0
5,190,0
6,190,0
7,190,0
8,190,0
9,190,0
10,190,0
11,190,0
12,190,0
13,190,0
14,190,0
15,190,0
16,190,0
17,190,0
18,190,0
19,190,0
20,190,0
21,190,0
22,190,0
23,190,0
24,190,0
25,190,0
26,190,0
27,190,0
28,190,0
29,190,0
30,190,0
31,190,0
32,190,0
33,190,0
34,190,0
35,190,0
36,190,0
37,190,0
38,190,0
39,190,0
40,190,0
41,190,0
42,190,0
43,190,0
44,190,0
45,190,0
46,190,0
47,190,0
48,190,0
49,190,0
50,190,0
51,190,0
52,190,0
53,190,0
54,190,0
55,190,0
56,190,0
57,190,0
58,190,0
59,190,0
60,190,0
61,190,0
62,190,0
63,190,0
64,190,0
65,190,0
66,190,0
67,190,0
68,190,0
69,190,0
70,190,0
71,190,0
72,190,0
73,190,0
74,190,0
75,190,0
76,190,0
77,190,0
78,190,0
79,190,0
80,190,0
81,190,0
82,190,0
83,190,0
84,190,0
85,190,0
86,190,0
87,190,0
88,190,0
89,190,0
90,190,0
91,190,0
92,190,0
93,190,0
94,190,0
95,190,0
96,190,0
97,190,0
98,190,0
99,190,0
100,190,0
101,190,0
102,190,0
103,190,0
104,190,0
105,190,0
106,190,0
107,190,0
108,190,0
109,190,0
110,190,0
111,190,0
112,190,0
113,190,0
114,190,0
115,190,0
116,190,0
117,190,0
118,190,0
119,190,0
120,190,0
121,190,0
122,190,0
123,190,0
124,190,0
125,190,0
126,190,0
127,190,0
128,190,0
129,190,0
130,190,0
131,190,0
132,190,0
133,190,0
134,190,0
135,190,0
136,190,0
137,190,0
138,190,0
139,190,0
140,190,0
141,190,0
142,190,0
143,190,0
144,190,0
145,190,0
146,190,0
147,190,0
148,190,0
149,190,0
150,190,0
151,190,0
152,190,0
153,190,0
154,190,0
155,190,0
156,190,0
157,190,0
158,190,0
159,190,0
160,190,0
161,190,0
162,190,0
163,190,0
164,190,0
165,190,0
166,190,0
167,190,0
168,190,0
169,190,0
170,190,0
171,190,0
172,190,0
173,190,0
174,190,0
175,190,0
176,190,0
177,190,0
178,190,0
179,190,0
180,190,0
181,190,0
182,190,0
183,190,0
184,190,0
185,190,0
186,190,0
187,190,0
188,190,0
189,190,0
190,190,0
191,190,0
192,190,0
193,190,2
194,190,2
195,190,2
196,190,2
197,190,0
198,190,0
199,190,0
200,190,0
201,190,0
202,190,0
203,190,0
204,190,0
205,190,0
206,190,0
207,190,0
208,190,0
209,190,0
210,190,0
211,190,0
212,190,2
213,190,2
214,190,2
215,190,2
216,190,2
217,190,2
218,190,2
219,190,2
220,190,2
221,190,2
222,190,2
223,190,2
224,190,2
225,190,2
226,190,2
227,190,2
228,190,2
229,190,2
230,190,2
231,190,2
232,190,2
233,190,2
234,190,2
235,190,2
236,190,2
237,190,0
238,190,0
239,190,0
240,190,0
241,190,0
242,190,0
243,190,0
244,190,0
245,190,0
246,190,0
247,190,0
248,190,0
249,190,0
250,190,0
251,190,0
252,190,0
253,190,0
254,190,0
255,190,0
256,190,0
257,190,0
258,190,0
259,190,0
260,190,0
261,190,0
262,190,0
263,190,0
264,190,0
265,190,0
266,190,0
267,190,0
268,190,0
269,190,0
270,190,0
271,190,0
272,190,0
273,190,0
274,190,0
275,190,0
276,190,0
277,190,0
278,190,0
279,190,0
280,190,0
281,190,0
282,190,0
283,190,0
284,190,0
285,190,0
286,190,0
287,190,0
288,190,0
289,190,0
290,190,0
291,190,0
292,190,0
293,190,0
294,190,0
295,190,0
296,190,0
297,190,0
298,190,0
299,190,0
300,190,0
301,190,0
302,190,0
303,190,0
304,190,0
305,190,0
306,190,0
307,190,0
308,190,0
309,190,0
310,190,0
311,190,0
312,190,0
313,190,0
314,190,0
315,190,0
316,190,0
317,190,0
318,190,0
319,190,0
320,190,0
321,190,0
322,190,0
323,190,0
324,190,0
325,190,0
326,190,0
327,190,0
328,190,0
329,190,0
330,190,0
331,190,0
332,190,0
333,190,0
334,190,0
335,190,0
336,190,0
337,190,0
338,190,0
339,190,0
340,190,0
341,190,0
342,190,0
343,190,0
344,190,0
345,190,0
346,190,0
347,190,0
348,190,0
349,190,0
350,190,0
351,190,0
352,190,0
353,190,0
354,190,0
355,190,0
356,190,0
357,190,0
358,190,0
359,190,0
360,190,0
361,190,0
362,190,0
363,190,0
364,190,0
365,190,0
366,190,0
367,190,0
368,190,0
369,190,0
370,190,0
371,190,0
372,190,0
373,190,0
374,190,0
375,190,0
376,190,0
377,190,0
378,190,0
379,190,0
380,190,0
381,190,0
382,190,0
383,190,0
384,190,0
385,190,0
386,190,0
387,190,0
388,190,0
389,190,0
390,190,0
1,189,0
2,189,0
3,189,0
4,189,0
5,189,0
6,189,0
7,189,0
8,189,0
9,189,0
10,189,0
11,189,0
12,189,0
13,189,0
14,189,0
15,189,0
16,189,0
17,189,0
18,189,0
19,189,0
20,189,0
21,189,0
22,189,0
23,189,0
24,189,0
25,189,0
26,189,0
27,189,0
28,189,0
29,189,0
30,189,0
31,189,0
32,189,0
33,189,0
34,189,0
35,189,0
36,189,0
37,189,0
38,189,0
39,189,0
40,189,0
41,189,0
42,189,0
43,189,0
44,189,0
45,189,0
46,189,0
47,189,0
48,189,0
49,189,0
50,189,0
51,189,0
52,189,0
53,189,0
54,189,0
55,189,0
56,189,0
57,189,0
58,189,0
59,189,0
60,189,0
61,189,0
62,189,0
63,189,0
64,189,0
65,189,0
66,189,0
67,189,0
68,189,0
69,189,0
70,189,0
71,189,0
72,189,0
73,189,0
74,189,0
75,189,0
76,189,0
77,189,0
78,189,0
79,189,0
80,189,0
81,189,0
82,189,0
83,189,0
84,189,0
85,189,0
86,189,0
87,189,0
88,189,0
89,189,0
90,189,0
91,189,0
92,189,0
93,189,0
94,189,0
95,189,0
96,189,0
97,189,0
98,189,0
99,189,0
100,189,0
101,189,0
102,189,0
103,189,0
104,189,0
105,189,0
106,189,0
107,189,0
108,189,0
109,189,0
110,189,0
111,189,0
112,189,0
113,189,0
114,189,0
115,189,0
116,189,0
117,189,0
118,189,0
119,189,0
120,189,0
121,189,0
122,189,0
123,189,0
124,189,0
125,189,0
126,189,0
127,189,0
128,189,0
129,189,0
130,189,0
131,189,0
132,189,0
133,189,0
134,189,0
135,189,0
136,189,0
137,189,0
138,189,0
139,189,0
140,189,0
141,189,0
142,189,0
143,189,0
144,189,0
145,189,0
146,189,0
147,189,0
148,189,0
149,189,0
150,189,0
151,189,0
152,189,0
153,189,0
154,189,0
155,189,0
156,189,0
157,189,0
158,189,0
159,189,0
160,189,0
161,189,0
162,189,0
163,189,0
164,189,0
165,189,0
166,189,0
167,189,0
168,189,0
169,189,0
170,189,0
171,189,0
172,189,0
173,189,0
174,189,0
175,189,0
176,189,0
177,189,0
178,189,0
179,189,0
180,189,0
181,189,0
182,189,0
183,189,0
184,189,0
185,189,0
186,189,0
187,189,0
188,189,0
189,189,0
190,189,2
191,189,2
192,189,2
193,189,2
194,189,2
195,189,2
196,189,2
197,189,2
198,189,2
199,189,0
200,189,0
201,189,0
202,189,0
203,189,0
204,189,0
205,189,0
206,189,0
207,189,0
208,189,0
209,189,0
210,189,2
211,189,2
212,189,2
213,189,2
214,189,2
215,189,2
216,189,2
217,189,2
218,189,2
219,189,2
220,189,2
221,189,2
222,189,2
223,189,2
224,189,2
225,189,2
226,189,2
227,189,2
228,189,2
229,189,2
230,189,2
231,189,2
232,189,2
233,189,2
234,189,2
235,189,2
236,189,2
237,189,2
238,189,0
239,189,0
240,189,0
241,189,0
242,189,0
243,189,0
244,189,0
245,189,0
246,189,0
247,189,0
248,189,0
249,189,0
250,189,0
251,189,0
252,189,0
253,189,0
254,189,0
255,189,0
256,189,0
257,189,0
258,189,0
259,189,0
260,189,0
261,189,0
262,189,0
263,189,0
264,189,0
265,189,0
266,189,0
267,189,0
268,189,0
269,189,0
270,189,0
271,189,0
272,189,0
273,189,0
274,189,0
275,189,0
276,189,0
277,189,0
278,189,0
279,189,0
280,189,0
281,189,0
282,189,0
283,189,0
284,189,0
285,189,0
286,189,0
287,189,0
288,189,0
289,189,0
290,189,0
291,189,0
292,189,0
293,189,0
294,189,0
295,189,0
296,189,0
297,189,0
298,189,0
299,189,0
300,189,0
301,189,0
302,189,0
303,189,0
304,189,0
305,189,0
306,189,0
307,189,0
308,189,0
309,189,0
310,189,0
311,189,0
312,189,0
313,189,0
314,189,0
315,189,0
316,189,0
317,189,0
318,189,0
319,189,0
320,189,0
321,189,0
322,189,0
323,189,0
324,189,0
325,189,0
326,189,0
327,189,0
328,189,0
329,189,0
330,189,0
331,189,0
332,189,0
333,189,0
334,189,0
335,189,0
336,189,0
337,189,0
338,189,0
339,189,0
340,189,0
341,189,0
342,189,0
343,189,0
344,189,0
345,189,0
346,189,0
347,189,0
348,189,0
349,189,0
350,189,0
351,189,0
352,189,0
353,189,0
354,189,0
355,189,0
356,189,0
357,189,0
358,189,0
359,189,0
360,189,0
361,189,0
362,189,0
363,189,0
364,189,0
365,189,0
366,189,0
367,189,0
368,189,0
369,189,0
370,189,0
371,189,0
372,189,0
373,189,0
374,189,0
375,189,0
376,189,0
377,189,0
378,189,0
379,189,0
380,189,0
381,189,0
382,189,0
383,189,0
384,189,0
385,189,0
386,189,0
387,189,0
388,189,0
389,189,0
390,189,0
1,188,0
2,188,0
3,188,0
4,188,0
5,188,0
6,188,0
7,188,0
8,188,0
9,188,0
10,188,0
11,188,0
12,188,0
13,188,0
14,188,0
15,188,0
16,188,0
17,188,0
18,188,0
19,188,0
20,188,0
21,188,0
22,188,0
23,188,0
24,188,0
25,188,0
26,188,0
27,188,0
28,188,0
29,188,0
30,188,0
31,188,0
32,188,0
33,188,0
34,188,0
35,188,0
36,188,0
37,188,0
38,188,0
39,188,0
40,188,0
41,188,0
42,188,0
43,188,0
44,188,0
45,188,0
46,188,0
47,188,0
48,188,0
49,188,0
50,188,0
51,188,0
52,188,0
53,188,0
54,188,0
55,188,0
56,188,0
57,188,0
58,188,0
59,188,0
60,188,0
61,188,0
62,188,0
63,188,0
64,188,0
65,188,0
66,188,0
67,188,0
68,188,0
69,188,0
70,188,0
71,188,0
72,188,0
73,188,0
74,188,0
75,188,0
76,188,0
77,188,0
78,188,0
79,188,0
80,188,0
81,188,0
82,188,0
83,188,0
84,188,0
85,188,0
86,188,0
87,188,0
88,188,0
89,188,0
90,188,0
91,188,0
92,188,0
93,188,0
94,188,0
95,188,0
96,188,0
97,188,0
98,188,0
99,188,0
100,188,0
101,188,0
102,188,0
103,188,0
104,188,0
105,188,0
106,188,0
107,188,0
108,188,0
109,188,0
110,188,0
111,188,0
112,188,0
113,188,0
114,188,0
115,188,0
116,188,0
117,188,0
118,188,0
119,188,0
120,188,0
121,188,0
122,188,0
123,188,0
124,188,0
125,188,0
126,188,0
127,188,0
128,188,0
129,188,0
130,188,0
131,188,0
132,188,0
133,188,0
134,188,0
135,188,0
136,188,0
137,188,0
138,188,0
139,188,0
140,188,0
141,188,0
142,188,0
143,188,0
144,188,0
145,188,0
146,188,0
147,188,0
148,188,0
149,188,0
150,188,0
151,188,0
152,188,0
153,188,0
154,188,0
155,188,0
156,188,0
157,188,0
158,188,0
159,188,0
160,188,0
161,188,0
162,188,0
163,188,0
164,188,0
165,188,0
166,188,0
167,188,0
168,188,0
169,188,0
170,188,0
171,188,0
172,188,0
173,188,0
174,188,0
175,188,0
176,188,0
177,188,0
178,188,0
179,188,0
180,188,0
181,188,0
182,188,0
183,188,0
184,188,0
185,188,0
186,188,0
187,188,0
188,188,2
189,188,2
190,188,2
191,188,2
192,188,2
193,188,2
194,188,2
195,188,2
196,188,2
197,188,2
198,188,2
199,188,2
200,188,2
201,188,0
202,188,0
203,188,0
204,188,0
205,188,0
206,188,0
207,188,0
208,188,2
209,188,2
210,188,2
211,188,2
212,188,2
213,188,2
214,188,2
215,188,2
216,188,2
217,188,2
218,188,2
219,188,2
220,188,2
221,188,2
222,188,2
223,188,2
224,188,2
225,188,2
226,188,2
227,188,2
228,188,2
229,188,2
230,188,2
231,188,2
232,188,2
233,188,2
234,188,2
235,188,2
236,188,2
237,188,2
238,188,2
239,188,2
240,188,2
241,188,2
242,188,2
243,188,0
244,188,0
245,188,0
246,188,0
247,188,0
248,188,0
249,188,0
250,188,0
251,188,0
252,188,0
253,188,0
254,188,0
255,188,0
256,188,0
257,188,0
258,188,0
259,188,0
260,188,0
261,188,0
262,188,0
263,188,0
264,188,0
265,188,0
266,188,0
267,188,0
268,188,0
269,188,0
270,188,0
271,188,0
272,188,0
273,188,0
274,188,0
275,188,0
276,188,0
277,188,0
278,188,0
279,188,0
280,188,0
281,188,0
282,188,0
283,188,0
284,188,0
285,188,0
286,188,0
287,188,0
288,188,0
289,188,0
290,188,0
291,188,0
292,188,0
293,188,0
294,188,0
295,188,0
296,188,0
297,188,0
298,188,0
299,188,0
300,188,0
301,188,0
302,188,0
303,188,0
304,188,0
305,188,0
306,188,0
307,188,0
308,188,0
309,188,0
310,188,0
311,188,0
312,188,0
313,188,0
314,188,0
315,188,0
316,188,0
317,188,0
318,188,0
319,188,0
320,188,0
321,188,0
322,188,0
323,188,0
324,188,0
325,188,0
326,188,0
327,188,0
328,188,0
329,188,0
330,188,0
331,188,0
332,188,0
333,188,0
334,188,0
335,188,0
336,188,0
337,188,0
338,188,0
339,188,0
340,188,0
341,188,0
342,188,0
343,188,0
344,188,0
345,188,0
346,188,0
347,188,0
348,188,0
349,188,0
350,188,0
351,188,0
352,188,0
353,188,0
354,188,0
355,188,0
356,188,0
357,188,0
358,188,0
359,188,0
360,188,0
361,188,0
362,188,0
363,188,0
364,188,0
365,188,0
366,188,0
367,188,0
368,188,0
369,188,0
370,188,0
371,188,0
372,188,0
373,188,0
374,188,0
375,188,0
376,188,0
377,188,0
378,188,0
379,188,0
380,188,0
381,188,0
382,188,0
383,188,0
384,188,0
385,188,0
386,188,0
387,188,0
388,188,0
389,188,0
390,188,0
1,187,0
2,187,0
3,187,0
4,187,0
5,187,0
6,187,0
7,187,0
8,187,0
9,187,0
10,187,0
11,187,0
12,187,0
13,187,0
14,187,0
15,187,0
16,187,0
17,187,0
18,187,0
19,187,0
20,187,0
21,187,0
22,187,0
23,187,0
24,187,0
25,187,0
26,187,0
27,187,0
28,187,0
29,187,0
30,187,0
31,187,0
32,187,0
33,187,0
34,187,0
35,187,0
36,187,0
37,187,0
38,187,0
39,187,0
40,187,0
41,187,0
42,187,0
43,187,0
44,187,0
45,187,0
46,187,0
47,187,0
48,187,0
49,187,0
50,187,0
51,187,0
52,187,0
53,187,0
54,187,0
55,187,0
56,187,0
57,187,0
58,187,0
59,187,0
60,187,0
61,187,0
62,187,0
63,187,0
64,187,0
65,187,0
66,187,0
67,187,0
68,187,0
69,187,0
70,187,0
71,187,0
72,187,0
73,187,0
74,187,0
75,187,0
76,187,0
77,187,0
78,187,0
79,187,0
80,187,0
81,187,0
82,187,0
83,187,0
84,187,0
85,187,0
86,187,0
87,187,0
88,187,0
89,187,0
90,187,0
91,187,0
92,187,0
93,187,0
94,187,0
95,187,0
96,187,0
97,187,0
98,187,0
99,187,0
100,187,0
101,187,0
102,187,0
103,187,0
104,187,0
105,187,0
106,187,0
107,187,0
108,187,0
109,187,0
110,187,0
111,187,0
112,187,0
113,187,0
114,187,0
115,187,0
116,187,0
117,187,0
118,187,0
119,187,0
120,187,0
121,187,0
122,187,0
123,187,0
124,187,0
125,187,0
126,187,0
127,187,0
128,187,0
129,187,0
130,187,0
131,187,0
132,187,0
133,187,0
134,187,0
135,187,0
136,187,0
137,187,0
138,187,0
139,187,0
140,187,0
141,187,0
142,187,0
143,187,0
144,187,0
145,187,0
146,187,0
147,187,0
148,187,0
149,187,0
150,187,0
151,187,0
152,187,0
153,187,0
154,187,0
155,187,0
156,187,0
157,187,0
158,187,0
159,187,0
160,187,0
161,187,0
162,187,0
163,187,0
164,187,0
165,187,0
166,187,0
167,187,0
168,187,0
169,187,0
170,187,0
171,187,0
172,187,0
173,187,0
174,187,0
175,187,0
176,187,0
177,187,0
178,187,0
179,187,0
180,187,0
181,187,0
182,187,0
183,187,0
184,187,0
185,187,0
186,187,0
187,187,2
188,187,2
189,187,2
190,187,2
191,187,2
192,187,2
193,187,2
194,187,2
195,187,2
196,187,2
197,187,2
198,187,2
199,187,2
200,187,2
201,187,2
202,187,2
203,187,2
204,187,2
205,187,2
206,187,2
207,187,2
208,187,2
209,187,2
210,187,2
211,187,2
212,187,2
213,187,2
214,187,2
215,187,2
216,187,2
217,187,2
218,187,2
219,187,2
220,187,2
221,187,2
222,187,2
223,187,2
224,187,2
225,187,2
226,187,2
227,187,2
228,187,2
229,187,2
230,187,2
231,187,2
232,187,2
233,187,2
234,187,2
235,187,2
236,187,2
237,187,2
238,187,2
239,187,2
240,187,2
241,187,2
242,187,2
243,187,0
244,187,0
245,187,0
246,187,0
247,187,0
248,187,0
249,187,0
250,187,0
251,187,0
252,187,0
253,187,0
254,187,0
255,187,2
256,187,2
257,187,2
258,187,2
259,187,2
260,187,2
261,187,2
262,187,2
263,187,0
264,187,0
265,187,0
266,187,0
267,187,0
268,187,0
269,187,0
270,187,0
271,187,0
272,187,0
273,187,0
274,187,0
275,187,0
276,187,0
277,187,0
278,187,0
279,187,0
280,187,0
281,187,0
282,187,0
283,187,0
284,187,0
285,187,0
286,187,0
287,187,0
288,187,0
289,187,0
290,187,0
291,187,0
292,187,0
293,187,0
294,187,0
295,187,0
296,187,0
297,187,0
298,187,0
299,187,0
300,187,0
301,187,0
302,187,0
303,187,0
304,187,0
305,187,0
306,187,0
307,187,0
308,187,0
309,187,0
310,187,0
311,187,0
312,187,0
313,187,0
314,187,0
315,187,0
316,187,0
317,187,0
318,187,0
319,187,0
320,187,0
321,187,0
322,187,0
323,187,0
324,187,0
325,187,0
326,187,0
327,187,0
328,187,0
329,187,0
330,187,0
331,187,0
332,187,0
333,187,0
334,187,0
335,187,0
336,187,0
337,187,0
338,187,0
339,187,0
340,187,0
341,187,0
342,187,0
343,187,0
344,187,0
345,187,0
346,187,0
347,187,0
348,187,0
349,187,0
350,187,0
351,187,0
352,187,0
353,187,0
354,187,0
355,187,0
356,187,0
357,187,0
358,187,0
359,187,0
360,187,0
361,187,0
362,187,0
363,187,0
364,187,0
365,187,0
366,187,0
367,187,0
368,187,0
369,187,0
370,187,0
371,187,0
372,187,0
373,187,0
374,187,0
375,187,0
376,187,0
377,187,0
378,187,0
379,187,0
380,187,0
381,187,0
382,187,0
383,187,0
384,187,0
385,187,0
386,187,0
387,187,0
388,187,0
389,187,0
390,187,0
1,186,0
2,186,0
3,186,0
4,186,0
5,186,0
6,186,0
7,186,0
8,186,0
9,186,0
10,186,0
11,186,0
12,186,0
13,186,0
14,186,0
15,186,0
16,186,0
17,186,0
18,186,0
19,186,0
20,186,0
21,186,0
22,186,0
23,186,0
24,186,0
25,186,0
26,186,0
27,186,0
28,186,0
29,186,0
30,186,0
31,186,0
32,186,0
33,186,0
34,186,0
35,186,0
36,186,0
37,186,0
38,186,0
39,186,0
40,186,0
41,186,0
42,186,0
43,186,0
44,186,0
45,186,0
46,186,0
47,186,0
48,186,0
49,186,0
50,186,0
51,186,0
52,186,0
53,186,0
54,186,0
55,186,0
56,186,0
57,186,0
58,186,0
59,186,0
60,186,0
61,186,0
62,186,0
63,186,0
64,186,0
65,186,0
66,186,0
67,186,0
68,186,0
69,186,0
70,186,0
71,186,0
72,186,0
73,186,0
74,186,0
75,186,0
76,186,0
77,186,0
78,186,0
79,186,0
80,186,0
81,186,0
82,186,0
83,186,0
84,186,0
85,186,0
86,186,0
87,186,0
88,186,0
89,186,0
90,186,0
91,186,0
92,186,0
93,186,0
94,186,0
95,186,0
96,186,0
97,186,0
98,186,0
99,186,0
100,186,0
101,186,0
102,186,0
103,186,0
104,186,0
105,186,0
106,186,0
107,186,0
108,186,0
109,186,0
110,186,0
111,186,0
112,186,0
113,186,0
114,186,0
115,186,0
116,186,0
117,186,0
118,186,0
119,186,0
120,186,0
121,186,0
122,186,0
123,186,0
124,186,0
125,186,0
126,186,0
127,186,0
128,186,0
129,186,0
130,186,0
131,186,0
132,186,0
133,186,0
134,186,0
135,186,0
136,186,0
137,186,0
138,186,0
139,186,0
140,186,0
141,186,0
142,186,0
143,186,0
144,186,0
145,186,0
146,186,0
147,186,0
148,186,0
149,186,0
150,186,0
151,186,0
152,186,0
153,186,0
154,186,0
155,186,0
156,186,0
157,186,0
158,186,0
159,186,0
160,186,0
161,186,0
162,186,0
163,186,0
164,186,0
165,186,0
166,186,0
167,186,0
168,186,0
169,186,0
170,186,0
171,186,0
172,186,0
173,186,0
174,186,0
175,186,0
176,186,0
177,186,0
178,186,0
179,186,0
180,186,0
181,186,0
182,186,0
183,186,0
184,186,0
185,186,2
186,186,2
187,186,2
188,186,2
189,186,2
190,186,2
191,186,2
192,186,2
193,186,2
194,186,2
195,186,2
196,186,2
197,186,2
198,186,2
199,186,2
200,186,2
201,186,2
202,186,2
203,186,2
204,186,2
205,186,2
206,186,2
207,186,2
208,186,2
209,186,2
210,186,2
211,186,2
212,186,2
213,186,2
214,186,2
215,186,2
216,186,2
217,186,2
218,186,2
219,186,2
220,186,2
221,186,2
222,186,2
223,186,2
224,186,2
225,186,2
226,186,2
227,186,2
228,186,2
229,186,2
230,186,2
231,186,2
232,186,2
233,186,2
234,186,2
235,186,2
236,186,2
237,186,2
238,186,2
239,186,2
240,186,2
241,186,2
242,186,2
243,186,2
244,186,2
245,186,2
246,186,0
247,186,0
248,186,0
249,186,0
250,186,0
251,186,0
252,186,2
253,186,2
254,186,2
255,186,2
256,186,2
257,186,2
258,186,2
259,186,2
260,186,2
261,186,2
262,186,2
263,186,2
264,186,2
265,186,2
266,186,2
267,186,2
268,186,0
269,186,0
270,186,0
271,186,0
272,186,0
273,186,0
274,186,0
275,186,0
276,186,0
277,186,0
278,186,0
279,186,0
280,186,0
281,186,0
282,186,0
283,186,0
284,186,0
285,186,0
286,186,0
287,186,0
288,186,0
289,186,0
290,186,0
291,186,0
292,186,0
293,186,0
294,186,0
295,186,0
296,186,0
297,186,0
298,186,0
299,186,0
300,186,0
301,186,0
302,186,0
303,186,0
304,186,0
305,186,0
306,186,0
307,186,0
308,186,0
309,186,0
310,186,0
311,186,0
312,186,0
313,186,0
314,186,0
315,186,0
316,186,0
317,186,0
318,186,0
319,186,0
320,186,0
321,186,0
322,186,0
323,186,0
324,186,0
325,186,0
326,186,0
327,186,0
328,186,0
329,186,0
330,186,0
331,186,0
332,186,0
333,186,0
334,186,0
335,186,0
336,186,0
337,186,0
338,186,0
339,186,0
340,186,0
341,186,0
342,186,0
343,186,0
344,186,0
345,186,0
346,186,0
347,186,0
348,186,0
349,186,0
350,186,0
351,186,0
352,186,0
353,186,0
354,186,0
355,186,0
356,186,0
357,186,0
358,186,0
359,186,0
360,186,0
361,186,0
362,186,0
363,186,0
364,186,0
365,186,0
366,186,0
367,186,0
368,186,0
369,186,0
370,186,0
371,186,0
372,186,0
373,186,0
374,186,0
375,186,0
376,186,0
377,186,0
378,186,0
379,186,0
380,186,0
381,186,0
382,186,0
383,186,0
384,186,0
385,186,0
386,186,0
387,186,0
388,186,0
389,186,0
390,186,0
1,185,0
2,185,0
3,185,0
4,185,0
5,185,0
6,185,0
7,185,0
8,185,0
9,185,0
10,185,0
11,185,0
12,185,0
13,185,0
14,185,0
15,185,0
16,185,0
17,185,0
18,185,0
19,185,0
20,185,0
21,185,0
22,185,0
23,185,0
24,185,0
25,185,0
26,185,0
27,185,0
28,185,0
29,185,0
30,185,0
31,185,0
32,185,0
33,185,0
34,185,0
35,185,0
36,185,0
37,185,0
38,185,0
39,185,0
40,185,0
41,185,0
42,185,0
43,185,0
44,185,0
45,185,0
46,185,0
47,185,0
48,185,0
49,185,0
50,185,0
51,185,0
52,185,0
53,185,0
54,185,0
55,185,0
56,185,0
57,185,0
58,185,0
59,185,0
60,185,0
61,185,0
62,185,0
63,185,0
64,185,0
65,185,0
66,185,0
67,185,0
68,185,0
69,185,0
70,185,0
71,185,0
72,185,0
73,185,0
74,185,0
75,185,0
76,185,0
77,185,0
78,185,0
79,185,0
80,185,0
81,185,0
82,185,0
83,185,0
84,185,0
85,185,0
86,185,0
87,185,0
88,185,0
89,185,0
90,185,0
91,185,0
92,185,0
93,185,0
94,185,0
95,185,0
96,185,0
97,185,0
98,185,0
99,185,0
100,185,0
101,185,0
102,185,0
103,185,0
104,185,0
105,185,0
106,185,0
107,185,0
108,185,0
109,185,0
110,185,0
111,185,0
112,185,0
113,185,0
114,185,0
115,185,0
116,185,0
117,185,0
118,185,0
119,185,0
120,185,0
121,185,0
122,185,0
123,185,0
124,185,0
125,185,0
126,185,0
127,185,0
128,185,0
129,185,0
130,185,0
131,185,0
132,185,0
133,185,0
134,185,0
135,185,0
136,185,0
137,185,0
138,185,0
139,185,0
140,185,0
141,185,0
142,185,0
143,185,0
144,185,0
145,185,0
146,185,0
147,185,0
148,185,0
149,185,0
150,185,0
151,185,0
152,185,0
153,185,0
154,185,0
155,185,0
156,185,0
157,185,0
158,185,0
159,185,0
160,185,0
161,185,0
162,185,0
163,185,0
164,185,0
165,185,0
166,185,0
167,185,0
168,185,0
169,185,0
170,185,0
171,185,0
172,185,0
173,185,0
174,185,0
175,185,0
176,185,0
177,185,0
178,185,0
179,185,0
180,185,0
181,185,0
182,185,0
183,185,0
184,185,2
185,185,2
186,185,2
187,185,2
188,185,2
189,185,2
190,185,2
191,185,2
192,185,2
193,185,2
194,185,2
195,185,2
196,185,2
197,185,2
198,185,2
199,185,2
200,185,2
201,185,2
202,185,2
203,185,2
204,185,2
205,185,2
206,185,2
207,185,2
208,185,2
209,185,2
210,185,2
211,185,2
212,185,2
213,185,2
214,185,2
215,185,2
216,185,2
217,185,2
218,185,2
219,185,2
220,185,2
221,185,2
222,185,2
223,185,2
224,185,2
225,185,2
226,185,2
227,185,2
228,185,2
229,185,2
230,185,2
231,185,2
232,185,2
233,185,2
234,185,2
235,185,2
236,185,2
237,185,2
238,185,2
239,185,2
240,185,2
241,185,2
242,185,2
243,185,2
244,185,2
245,185,2
246,185,2
247,185,2
248,185,2
249,185,2
250,185,2
251,185,2
252,185,2
253,185,2
254,185,2
255,185,2
256,185,2
257,185,2
258,185,2
259,185,2
260,185,2
261,185,2
262,185,2
263,185,2
264,185,2
265,185,2
266,185,2
267,185,2
268,185,2
269,185,0
270,185,0
271,185,0
272,185,0
273,185,0
274,185,0
275,185,0
276,185,0
277,185,0
278,185,0
279,185,0
280,185,0
281,185,0
282,185,0
283,185,0
284,185,0
285,185,0
286,185,0
287,185,0
288,185,0
289,185,0
290,185,0
291,185,0
292,185,0
293,185,0
294,185,0
295,185,0
296,185,0
297,185,0
298,185,0
299,185,0
300,185,0
301,185,0
302,185,0
303,185,0
304,185,0
305,185,0
306,185,0
307,185,0
308,185,0
309,185,0
310,185,0
311,185,0
312,185,0
313,185,0
314,185,0
315,185,0
316,185,0
317,185,0
318,185,0
319,185,0
320,185,0
321,185,0
322,185,0
323,185,0
324,185,0
325,185,0
326,185,0
327,185,0
328,185,0
329,185,0
330,185,0
331,185,0
332,185,0
333,185,0
334,185,0
335,185,0
336,185,0
337,185,0
338,185,0
339,185,0
340,185,0
341,185,0
342,185,0
343,185,0
344,185,0
345,185,0
346,185,0
347,185,0
348,185,0
349,185,0
350,185,0
351,185,0
352,185,0
353,185,0
354,185,0
355,185,0
356,185,0
357,185,0
358,185,0
359,185,0
360,185,0
361,185,0
362,185,0
363,185,0
364,185,0
365,185,0
366,185,0
367,185,0
368,185,0
369,185,0
370,185,0
371,185,0
372,185,0
373,185,0
374,185,0
375,185,0
376,185,0
377,185,0
378,185,0
379,185,0
380,185,0
381,185,0
382,185,0
383,185,0
384,185,0
385,185,0
386,185,0
387,185,0
388,185,0
389,185,0
390,185,0
1,184,0
2,184,0
3,184,0
4,184,0
5,184,0
6,184,0
7,184,0
8,184,0
9,184,0
10,184,0
11,184,0
12,184,0
13,184,0
14,184,0
15,184,0
16,184,0
17,184,0
18,184,0
19,184,0
20,184,0
21,184,0
22,184,0
23,184,0
24,184,0
25,184,0
26,184,0
27,184,0
28,184,0
29,184,0
30,184,0
31,184,0
32,184,0
33,184,0
34,184,0
35,184,0
36,184,0
37,184,0
38,184,0
39,184,0
40,184,0
41,184,0
42,184,0
43,184,0
44,184,0
45,184,0
46,184,0
47,184,0
48,184,0
49,184,0
50,184,0
51,184,0
52,184,0
53,184,0
54,184,0
55,184,0
56,184,0
57,184,0
58,184,0
59,184,0
60,184,0
61,184,0
62,184,0
63,184,0
64,184,0
65,184,0
66,184,0
67,184,0
68,184,0
69,184,0
70,184,0
71,184,0
72,184,0
73,184,0
74,184,0
75,184,0
76,184,0
77,184,0
78,184,0
79,184,0
80,184,0
81,184,0
82,184,0
83,184,0
84,184,0
85,184,0
86,184,0
87,184,0
88,184,0
89,184,0
90,184,0
91,184,0
92,184,0
93,184,0
94,184,0
95,184,0
96,184,0
97,184,0
98,184,0
99,184,0
100,184,0
101,184,0
102,184,0
103,184,0
104,184,0
105,184,0
106,184,0
107,184,0
108,184,0
109,184,0
110,184,0
111,184,0
112,184,0
113,184,0
114,184,0
115,184,0
116,184,0
117,184,0
118,184,0
119,184,0
120,184,0
121,184,0
122,184,0
123,184,0
124,184,0
125,184,0
126,184,0
127,184,0
128,184,0
129,184,0
130,184,0
131,184,0
132,184,0
133,184,0
134,184,0
135,184,0
136,184,0
137,184,0
138,184,0
139,184,0
140,184,0
141,184,0
142,184,0
143,184,0
144,184,0
145,184,0
146,184,0
147,184,0
148,184,0
149,184,0
150,184,0
151,184,0
152,184,0
153,184,0
154,184,0
155,184,0
156,184,0
157,184,0
158,184,0
159,184,0
160,184,0
161,184,0
162,184,0
163,184,0
164,184,0
165,184,0
166,184,0
167,184,0
168,184,0
169,184,0
170,184,0
171,184,0
172,184,0
173,184,0
174,184,0
175,184,0
176,184,0
177,184,0
178,184,0
179,184,0
180,184,0
181,184,0
182,184,0
183,184,2
184,184,2
185,184,2
186,184,2
187,184,2
188,184,2
189,184,2
190,184,2
191,184,2
192,184,2
193,184,2
194,184,2
195,184,2
196,184,2
197,184,2
198,184,2
199,184,2
200,184,2
201,184,2
202,184,2
203,184,2
204,184,2
205,184,2
206,184,2
207,184,2
208,184,2
209,184,2
210,184,2
211,184,2
212,184,2
213,184,2
214,184,2
215,184,2
216,184,2
217,184,2
218,184,2
219,184,2
220,184,2
221,184,2
222,184,2
223,184,2
224,184,2
225,184,2
226,184,2
227,184,2
228,184,2
229,184,2
230,184,2
231,184,2
232,184,2
233,184,2
234,184,2
235,184,2
236,184,2
237,184,2
238,184,2
239,184,2
240,184,2
241,184,2
242,184,2
243,184,2
244,184,2
245,184,2
246,184,2
247,184,2
248,184,2
249,184,2
250,184,2
251,184,2
252,184,2
253,184,2
254,184,2
255,184,2
256,184,2
257,184,2
258,184,2
259,184,2
260,184,2
261,184,2
262,184,2
263,184,2
264,184,2
265,184,2
266,184,2
267,184,2
268,184,2
269,184,2
270,184,0
271,184,0
272,184,0
273,184,0
274,184,0
275,184,0
276,184,0
277,184,0
278,184,0
279,184,0
280,184,0
281,184,0
282,184,0
283,184,0
284,184,0
285,184,0
286,184,0
287,184,0
288,184,0
289,184,0
290,184,0
291,184,0
292,184,0
293,184,0
294,184,0
295,184,0
296,184,0
297,184,0
298,184,0
299,184,0
300,184,0
301,184,0
302,184,0
303,184,0
304,184,0
305,184,0
306,184,0
307,184,0
308,184,0
309,184,0
310,184,0
311,184,0
312,184,0
313,184,0
314,184,0
315,184,0
316,184,0
317,184,0
318,184,0
319,184,0
320,184,0
321,184,0
322,184,0
323,184,0
324,184,0
325,184,0
326,184,0
327,184,0
328,184,0
329,184,0
330,184,0
331,184,0
332,184,0
333,184,0
334,184,0
335,184,0
336,184,0
337,184,0
338,184,0
339,184,0
340,184,0
341,184,0
342,184,0
343,184,0
344,184,0
345,184,0
346,184,0
347,184,0
348,184,0
349,184,0
350,184,0
351,184,0
352,184,0
353,184,0
354,184,0
355,184,0
356,184,0
357,184,0
358,184,0
359,184,0
360,184,0
361,184,0
362,184,0
363,184,0
364,184,0
365,184,0
366,184,0
367,184,0
368,184,0
369,184,0
370,184,0
371,184,0
372,184,0
373,184,0
374,184,0
375,184,0
376,184,0
377,184,0
378,184,0
379,184,0
380,184,0
381,184,0
382,184,0
383,184,0
384,184,0
385,184,0
386,184,0
387,184,0
388,184,0
389,184,0
390,184,0
1,183,0
2,183,0
3,183,0
4,183,0
5,183,0
6,183,0
7,183,0
8,183,0
9,183,0
10,183,0
11,183,0
12,183,0
13,183,0
14,183,0
15,183,0
16,183,0
17,183,0
18,183,0
19,183,0
20,183,0
21,183,0
22,183,0
23,183,0
24,183,0
25,183,0
26,183,0
27,183,0
28,183,0
29,183,0
30,183,0
31,183,0
32,183,0
33,183,0
34,183,0
35,183,0
36,183,0
37,183,0
38,183,0
39,183,0
40,183,0
41,183,0
42,183,0
43,183,0
44,183,0
45,183,0
46,183,0
47,183,0
48,183,0
49,183,0
50,183,0
51,183,0
52,183,0
53,183,0
54,183,0
55,183,0
56,183,0
57,183,0
58,183,0
59,183,0
60,183,0
61,183,0
62,183,0
63,183,0
64,183,0
65,183,0
66,183,0
67,183,0
68,183,0
69,183,0
70,183,0
71,183,0
72,183,0
73,183,0
74,183,0
75,183,0
76,183,0
77,183,0
78,183,0
79,183,0
80,183,0
81,183,0
82,183,0
83,183,0
84,183,0
85,183,0
86,183,0
87,183,0
88,183,0
89,183,0
90,183,0
91,183,0
92,183,0
93,183,0
94,183,0
95,183,0
96,183,0
97,183,0
98,183,0
99,183,0
100,183,0
101,183,0
102,183,0
103,183,0
104,183,0
105,183,0
106,183,0
107,183,0
108,183,0
109,183,0
110,183,0
111,183,0
112,183,0
113,183,0
114,183,0
115,183,0
116,183,0
117,183,0
118,183,0
119,183,0
120,183,0
121,183,0
122,183,0
123,183,0
124,183,0
125,183,0
126,183,0
127,183,0
128,183,0
129,183,0
130,183,0
131,183,0
132,183,0
133,183,0
134,183,0
135,183,0
136,183,0
137,183,0
138,183,0
139,183,0
140,183,0
141,183,0
142,183,0
143,183,0
144,183,0
145,183,0
146,183,0
147,183,0
148,183,0
149,183,0
150,183,0
151,183,0
152,183,0
153,183,0
154,183,0
155,183,0
156,183,0
157,183,0
158,183,0
159,183,0
160,183,0
161,183,0
162,183,0
163,183,0
164,183,0
165,183,0
166,183,0
167,183,0
168,183,0
169,183,0
170,183,0
171,183,0
172,183,0
173,183,0
174,183,0
175,183,0
176,183,0
177,183,0
178,183,0
179,183,0
180,183,0
181,183,0
182,183,2
183,183,2
184,183,2
185,183,2
186,183,2
187,183,2
188,183,2
189,183,2
190,183,2
191,183,2
192,183,2
193,183,2
194,183,2
195,183,2
196,183,2
197,183,2
198,183,2
199,183,2
200,183,2
201,183,2
202,183,2
203,183,2
204,183,2
205,183,2
206,183,2
207,183,2
208,183,2
209,183,2
210,183,2
211,183,2
212,183,2
213,183,2
214,183,2
215,183,2
216,183,2
217,183,2
218,183,2
219,183,2
220,183,2
221,183,2
222,183,2
223,183,2
224,183,2
225,183,2
226,183,2
227,183,2
228,183,2
229,183,2
230,183,2
231,183,2
232,183,2
233,183,2
234,183,2
235,183,2
236,183,2
237,183,2
238,183,2
239,183,2
240,183,2
241,183,2
242,183,2
243,183,2
244,183,2
245,183,2
246,183,2
247,183,2
248,183,2
249,183,2
250,183,2
251,183,2
252,183,2
253,183,2
254,183,2
255,183,2
256,183,2
257,183,2
258,183,2
259,183,2
260,183,2
261,183,2
262,183,2
263,183,2
264,183,2
265,183,2
266,183,2
267,183,2
268,183,2
269,183,2
270,183,2
271,183,0
272,183,0
273,183,0
274,183,0
275,183,0
276,183,0
277,183,0
278,183,0
279,183,0
280,183,0
281,183,0
282,183,0
283,183,0
284,183,0
285,183,0
286,183,0
287,183,0
288,183,0
289,183,0
290,183,0
291,183,0
292,183,0
293,183,0
294,183,0
295,183,0
296,183,0
297,183,0
298,183,0
299,183,0
300,183,0
301,183,0
302,183,0
303,183,0
304,183,0
305,183,0
306,183,0
307,183,0
308,183,0
309,183,0
310,183,0
311,183,0
312,183,0
313,183,0
314,183,0
315,183,0
316,183,0
317,183,0
318,183,0
319,183,0
320,183,0
321,183,0
322,183,0
323,183,0
324,183,0
325,183,0
326,183,0
327,183,0
328,183,0
329,183,0
330,183,0
331,183,0
332,183,0
333,183,0
334,183,0
335,183,0
336,183,0
337,183,0
338,183,0
339,183,0
340,183,0
341,183,0
342,183,0
343,183,0
344,183,0
345,183,0
346,183,0
347,183,0
348,183,0
349,183,0
350,183,0
351,183,0
352,183,0
353,183,0
354,183,0
355,183,0
356,183,0
357,183,0
358,183,0
359,183,0
360,183,0
361,183,0
362,183,0
363,183,0
364,183,0
365,183,0
366,183,0
367,183,0
368,183,0
369,183,0
370,183,0
371,183,0
372,183,0
373,183,0
374,183,0
375,183,0
376,183,0
377,183,0
378,183,0
379,183,0
380,183,0
381,183,0
382,183,0
383,183,0
384,183,0
385,183,0
386,183,0
387,183,0
388,183,0
389,183,0
390,183,0
1,182,0
2,182,0
3,182,0
4,182,0
5,182,0
6,182,0
7,182,0
8,182,0
9,182,0
10,182,0
11,182,0
12,182,0
13,182,0
14,182,0
15,182,0
16,182,0
17,182,0
18,182,0
19,182,0
20,182,0
21,182,0
22,182,0
23,182,0
24,182,0
25,182,0
26,182,0
27,182,0
28,182,0
29,182,0
30,182,0
31,182,0
32,182,0
33,182,0
34,182,0
35,182,0
36,182,0
37,182,0
38,182,0
39,182,0
40,182,0
41,182,0
42,182,0
43,182,0
44,182,0
45,182,0
46,182,0
47,182,0
48,182,0
49,182,0
50,182,0
51,182,0
52,182,0
53,182,0
54,182,0
55,182,0
56,182,0
57,182,0
58,182,0
59,182,0
60,182,0
61,182,0
62,182,0
63,182,0
64,182,0
65,182,0
66,182,0
67,182,0
68,182,0
69,182,0
70,182,0
71,182,0
72,182,0
73,182,0
74,182,0
75,182,0
76,182,0
77,182,0
78,182,0
79,182,0
80,182,0
81,182,0
82,182,0
83,182,0
84,182,0
85,182,0
86,182,0
87,182,0
88,182,0
89,182,0
90,182,0
91,182,0
92,182,0
93,182,0
94,182,0
95,182,0
96,182,0
97,182,0
98,182,0
99,182,0
100,182,0
101,182,0
102,182,0
103,182,0
104,182,0
105,182,0
106,182,0
107,182,0
108,182,0
109,182,0
110,182,0
111,182,0
112,182,0
113,182,0
114,182,0
115,182,0
116,182,0
117,182,0
118,182,0
119,182,0
120,182,2
121,182,2
122,182,2
123,182,2
124,182,2
125,182,2
126,182,2
127,182,2
128,182,2
129,182,2
130,182,0
131,182,0
132,182,0
133,182,0
134,182,0
135,182,0
136,182,0
137,182,0
138,182,0
139,182,0
140,182,0
141,182,2
142,182,2
143,182,2
144,182,2
145,182,0
146,182,0
147,182,0
148,182,0
149,182,0
150,182,0
151,182,0
152,182,0
153,182,0
154,182,0
155,182,0
156,182,0
157,182,0
158,182,0
159,182,0
160,182,0
161,182,0
162,182,0
163,182,0
164,182,0
165,182,0
166,182,0
167,182,0
168,182,0
169,182,0
170,182,0
171,182,0
172,182,0
173,182,0
174,182,0
175,182,0
176,182,0
177,182,0
178,182,0
179,182,0
180,182,0
181,182,2
182,182,2
183,182,2
184,182,2
185,182,2
186,182,2
187,182,2
188,182,2
189,182,2
190,182,2
191,182,2
192,182,2
193,182,2
194,182,2
195,182,2
196,182,2
197,182,2
198,182,2
199,182,2
200,182,2
201,182,2
202,182,2
203,182,2
204,182,2
205,182,2
206,182,2
207,182,2
208,182,2
209,182,2
210,182,2
211,182,2
212,182,2
213,182,2
214,182,2
215,182,2
216,182,2
217,182,2
218,182,2
219,182,2
220,182,2
221,182,2
222,182,2
223,182,2
224,182,2
225,182,2
226,182,2
227,182,2
228,182,2
229,182,2
230,182,2
231,182,2
232,182,2
233,182,2
234,182,2
235,182,2
236,182,2
237,182,2
238,182,2
239,182,2
240,182,2
241,182,2
242,182,2
243,182,2
244,182,2
245,182,2
246,182,2
247,182,2
248,182,2
249,182,2
250,182,2
251,182,2
252,182,2
253,182,2
254,182,2
255,182,2
256,182,2
257,182,2
258,182,2
259,182,2
260,182,2
261,182,2
262,182,2
263,182,2
264,182,2
265,182,2
266,182,2
267,182,2
268,182,2
269,182,2
270,182,2
271,182,2
272,182,0
273,182,0
274,182,0
275,182,0
276,182,0
277,182,0
278,182,0
279,182,0
280,182,0
281,182,0
282,182,0
283,182,0
284,182,0
285,182,0
286,182,0
287,182,0
288,182,0
289,182,0
290,182,0
291,182,0
292,182,0
293,182,0
294,182,0
295,182,0
296,182,0
297,182,0
298,182,0
299,182,0
300,182,0
301,182,0
302,182,0
303,182,0
304,182,0
305,182,0
306,182,0
307,182,0
308,182,0
309,182,0
310,182,0
311,182,0
312,182,0
313,182,0
314,182,0
315,182,0
316,182,0
317,182,0
318,182,0
319,182,0
320,182,0
321,182,0
322,182,0
323,182,0
324,182,0
325,182,0
326,182,0
327,182,0
328,182,0
329,182,0
330,182,0
331,182,0
332,182,0
333,182,0
334,182,0
335,182,0
336,182,0
337,182,0
338,182,0
339,182,0
340,182,0
341,182,0
342,182,0
343,182,0
344,182,0
345,182,0
346,182,0
347,182,0
348,182,0
349,182,0
350,182,0
351,182,0
352,182,0
353,182,0
354,182,0
355,182,0
356,182,0
357,182,0
358,182,0
359,182,0
360,182,0
361,182,0
362,182,0
363,182,0
364,182,0
365,182,0
366,182,0
367,182,0
368,182,0
369,182,0
370,182,0
371,182,0
372,182,0
373,182,0
374,182,0
375,182,0
376,182,0
377,182,0
378,182,0
379,182,0
380,182,0
381,182,0
382,182,0
383,182,0
384,182,0
385,182,0
386,182,0
387,182,0
388,182,0
389,182,0
390,182,0
1,181,0
2,181,0
3,181,0
4,181,0
5,181,0
6,181,0
7,181,0
8,181,0
9,181,0
10,181,0
11,181,0
12,181,0
13,181,0
14,181,0
15,181,0
16,181,0
17,181,0
18,181,0
19,181,0
20,181,0
21,181,0
22,181,0
23,181,0
24,181,0
25,181,0
26,181,0
27,181,0
28,181,0
29,181,0
30,181,0
31,181,0
32,181,0
33,181,0
34,181,0
35,181,0
36,181,0
37,181,0
38,181,0
39,181,0
40,181,0
41,181,0
42,181,0
43,181,0
44,181,0
45,181,0
46,181,0
47,181,0
48,181,0
49,181,0
50,181,0
51,181,0
52,181,0
53,181,0
54,181,0
55,181,0
56,181,0
57,181,0
58,181,0
59,181,0
60,181,0
61,181,0
62,181,0
63,181,0
64,181,0
65,181,0
66,181,0
67,181,0
68,181,0
69,181,0
70,181,0
71,181,0
72,181,0
73,181,0
74,181,0
75,181,0
76,181,0
77,181,0
78,181,0
79,181,0
80,181,0
81,181,0
82,181,0
83,181,0
84,181,0
85,181,0
86,181,0
87,181,0
88,181,0
89,181,0
90,181,0
91,181,0
92,181,0
93,181,0
94,181,0
95,181,0
96,181,0
97,181,0
98,181,0
99,181,0
100,181,0
101,181,0
102,181,0
103,181,0
104,181,0
105,181,0
106,181,0
107,181,0
108,181,0
109,181,0
110,181,0
111,181,0
112,181,0
113,181,0
114,181,0
115,181,0
116,181,0
117,181,0
118,181,2
119,181,2
120,181,2
121,181,2
122,181,2
123,181,2
124,181,2
125,181,2
126,181,2
127,181,2
128,181,2
129,181,2
130,181,2
131,181,2
132,181,0
133,181,0
134,181,0
135,181,0
136,181,0
137,181,0
138,181,0
139,181,2
140,181,2
141,181,2
142,181,2
143,181,2
144,181,2
145,181,2
146,181,2
147,181,2
148,181,2
149,181,0
150,181,0
151,181,0
152,181,0
153,181,0
154,181,0
155,181,0
156,181,0
157,181,0
158,181,0
159,181,0
160,181,0
161,181,0
162,181,0
163,181,0
164,181,0
165,181,0
166,181,0
167,181,0
168,181,0
169,181,0
170,181,0
171,181,0
172,181,0
173,181,0
174,181,0
175,181,0
176,181,0
177,181,0
178,181,0
179,181,2
180,181,2
181,181,2
182,181,2
183,181,2
184,181,2
185,181,2
186,181,2
187,181,2
188,181,2
189,181,2
190,181,2
191,181,2
192,181,2
193,181,2
194,181,2
195,181,2
196,181,2
197,181,2
198,181,2
199,181,2
200,181,2
201,181,2
202,181,2
203,181,2
204,181,2
205,181,2
206,181,2
207,181,2
208,181,2
209,181,2
210,181,2
211,181,2
212,181,2
213,181,2
214,181,2
215,181,2
216,181,2
217,181,2
218,181,2
219,181,2
220,181,2
221,181,2
222,181,2
223,181,2
224,181,2
225,181,2
226,181,2
227,181,2
228,181,2
229,181,2
230,181,2
231,181,2
232,181,2
233,181,2
234,181,2
235,181,2
236,181,2
237,181,2
238,181,2
239,181,2
240,181,2
241,181,2
242,181,2
243,181,2
244,181,2
245,181,2
246,181,2
247,181,2
248,181,2
249,181,2
250,181,2
251,181,2
252,181,2
253,181,2
254,181,2
255,181,2
256,181,2
257,181,2
258,181,2
259,181,2
260,181,2
261,181,2
262,181,2
263,181,2
264,181,2
265,181,2
266,181,2
267,181,2
268,181,2
269,181,2
270,181,2
271,181,2
272,181,2
273,181,0
274,181,0
275,181,0
276,181,0
277,181,0
278,181,0
279,181,0
280,181,0
281,181,0
282,181,0
283,181,0
284,181,0
285,181,0
286,181,0
287,181,0
288,181,0
289,181,0
290,181,0
291,181,0
292,181,0
293,181,0
294,181,0
295,181,0
296,181,0
297,181,0
298,181,0
299,181,0
300,181,0
301,181,0
302,181,0
303,181,0
304,181,0
305,181,0
306,181,0
307,181,0
308,181,0
309,181,0
310,181,0
311,181,0
312,181,0
313,181,0
314,181,0
315,181,0
316,181,0
317,181,0
318,181,0
319,181,0
320,181,0
321,181,0
322,181,0
323,181,0
324,181,0
325,181,0
326,181,0
327,181,0
328,181,0
329,181,0
330,181,0
331,181,0
332,181,0
333,181,0
334,181,0
335,181,0
336,181,0
337,181,0
338,181,0
339,181,0
340,181,0
341,181,0
342,181,0
343,181,0
344,181,0
345,181,0
346,181,0
347,181,0
348,181,0
349,181,0
350,181,0
351,181,0
352,181,0
353,181,0
354,181,0
355,181,0
356,181,0
357,181,0
358,181,0
359,181,0
360,181,0
361,181,0
362,181,0
363,181,0
364,181,0
365,181,0
366,181,0
367,181,0
368,181,0
369,181,0
370,181,0
371,181,0
372,181,0
373,181,0
374,181,0
375,181,0
376,181,0
377,181,0
378,181,0
379,181,0
380,181,0
381,181,0
382,181,0
383,181,0
384,181,0
385,181,0
386,181,0
387,181,0
388,181,0
389,181,0
390,181,0
1,180,0
2,180,0
3,180,0
4,180,0
5,180,0
6,180,0
7,180,0
8,180,0
9,180,0
10,180,0
11,180,0
12,180,0
13,180,0
14,180,0
15,180,0
16,180,0
17,180,0
18,180,0
19,180,0
20,180,0
21,180,0
22,180,0
23,180,0
24,180,0
25,180,0
26,180,0
27,180,0
28,180,0
29,180,0
30,180,0
31,180,0
32,180,0
33,180,0
34,180,0
35,180,0
36,180,0
37,180,0
38,180,0
39,180,0
40,180,0
41,180,0
42,180,0
43,180,0
44,180,0
45,180,0
46,180,0
47,180,0
48,180,0
49,180,0
50,180,0
51,180,0
52,180,0
53,180,0
54,180,0
55,180,0
56,180,0
57,180,0
58,180,0
59,180,0
60,180,0
61,180,0
62,180,0
63,180,0
64,180,0
65,180,0
66,180,0
67,180,0
68,180,0
69,180,0
70,180,0
71,180,0
72,180,0
73,180,0
74,180,0
75,180,0
76,180,0
77,180,0
78,180,0
79,180,0
80,180,0
81,180,0
82,180,0
83,180,0
84,180,0
85,180,0
86,180,0
87,180,0
88,180,0
89,180,0
90,180,0
91,180,0
92,180,0
93,180,0
94,180,0
95,180,0
96,180,0
97,180,0
98,180,0
99,180,0
100,180,0
101,180,0
102,180,0
103,180,0
104,180,0
105,180,0
106,180,0
107,180,0
108,180,0
109,180,0
110,180,0
111,180,0
112,180,0
113,180,0
114,180,0
115,180,0
116,180,2
117,180,2
118,180,2
119,180,2
120,180,2
121,180,2
122,180,2
123,180,2
124,180,2
125,180,2
126,180,2
127,180,2
128,180,2
129,180,2
130,180,2
131,180,2
132,180,2
133,180,2
134,180,2
135,180,2
136,180,2
137,180,2
138,180,2
139,180,2
140,180,2
141,180,2
142,180,2
143,180,2
144,180,2
145,180,2
146,180,2
147,180,2
148,180,2
149,180,2
150,180,2
151,180,2
152,180,2
153,180,2
154,180,2
155,180,2
156,180,2
157,180,2
158,180,2
159,180,2
160,180,2
161,180,2
162,180,2
163,180,0
164,180,0
165,180,0
166,180,0
167,180,0
168,180,0
169,180,0
170,180,0
171,180,0
172,180,0
173,180,0
174,180,0
175,180,2
176,180,2
177,180,2
178,180,2
179,180,2
180,180,2
181,180,2
182,180,2
183,180,2
184,180,2
185,180,2
186,180,2
187,180,2
188,180,2
189,180,2
190,180,2
191,180,2
192,180,2
193,180,2
194,180,2
195,180,2
196,180,2
197,180,2
198,180,2
199,180,2
200,180,2
201,180,2
202,180,2
203,180,2
204,180,2
205,180,2
206,180,2
207,180,2
208,180,2
209,180,2
210,180,2
211,180,2
212,180,2
213,180,2
214,180,2
215,180,2
216,180,2
217,180,2
218,180,2
219,180,2
220,180,2
221,180,2
222,180,2
223,180,2
224,180,2
225,180,2
226,180,2
227,180,2
228,180,2
229,180,2
230,180,2
231,180,2
232,180,2
233,180,2
234,180,2
235,180,2
236,180,2
237,180,2
238,180,2
239,180,2
240,180,2
241,180,2
242,180,2
243,180,2
244,180,2
245,180,2
246,180,2
247,180,2
248,180,2
249,180,2
250,180,2
251,180,2
252,180,2
253,180,2
254,180,2
255,180,2
256,180,2
257,180,2
258,180,2
259,180,2
260,180,2
261,180,2
262,180,2
263,180,2
264,180,2
265,180,2
266,180,2
267,180,2
268,180,2
269,180,2
270,180,2
271,180,2
272,180,2
273,180,0
274,180,0
275,180,0
276,180,0
277,180,0
278,180,0
279,180,0
280,180,0
281,180,0
282,180,0
283,180,0
284,180,0
285,180,0
286,180,0
287,180,0
288,180,0
289,180,0
290,180,0
291,180,0
292,180,0
293,180,0
294,180,0
295,180,0
296,180,0
297,180,0
298,180,0
299,180,0
300,180,0
301,180,0
302,180,0
303,180,0
304,180,0
305,180,0
306,180,0
307,180,0
308,180,0
309,180,0
310,180,0
311,180,0
312,180,0
313,180,0
314,180,0
315,180,0
316,180,0
317,180,0
318,180,0
319,180,0
320,180,0
321,180,0
322,180,0
323,180,0
324,180,0
325,180,0
326,180,0
327,180,0
328,180,0
329,180,0
330,180,0
331,180,0
332,180,0
333,180,0
334,180,0
335,180,0
336,180,0
337,180,0
338,180,0
339,180,0
340,180,0
341,180,0
342,180,0
343,180,0
344,180,0
345,180,0
346,180,0
347,180,0
348,180,0
349,180,0
350,180,0
351,180,0
352,180,0
353,180,0
354,180,0
355,180,0
356,180,0
357,180,0
358,180,0
359,180,0
360,180,0
361,180,0
362,180,0
363,180,0
364,180,0
365,180,0
366,180,0
367,180,0
368,180,0
369,180,0
370,180,0
371,180,0
372,180,0
373,180,0
374,180,0
375,180,0
376,180,0
377,180,0
378,180,0
379,180,0
380,180,0
381,180,0
382,180,0
383,180,0
384,180,0
385,180,0
386,180,0
387,180,0
388,180,0
389,180,0
390,180,0
1,179,0
2,179,0
3,179,0
4,179,0
5,179,0
6,179,0
7,179,0
8,179,0
9,179,0
10,179,0
11,179,0
12,179,0
13,179,0
14,179,0
15,179,0
16,179,0
17,179,0
18,179,0
19,179,0
20,179,0
21,179,0
22,179,0
23,179,0
24,179,0
25,179,0
26,179,0
27,179,0
28,179,0
29,179,0
30,179,0
31,179,0
32,179,0
33,179,0
34,179,0
35,179,0
36,179,0
37,179,0
38,179,0
39,179,0
40,179,0
41,179,0
42,179,0
43,179,0
44,179,0
45,179,0
46,179,0
47,179,0
48,179,0
49,179,0
50,179,0
51,179,0
52,179,0
53,179,0
54,179,0
55,179,0
56,179,0
57,179,0
58,179,0
59,179,0
60,179,0
61,179,0
62,179,0
63,179,0
64,179,0
65,179,0
66,179,0
67,179,0
68,179,0
69,179,0
70,179,0
71,179,0
72,179,0
73,179,0
74,179,0
75,179,0
76,179,0
77,179,0
78,179,0
79,179,0
80,179,0
81,179,0
82,179,0
83,179,0
84,179,0
85,179,0
86,179,0
87,179,0
88,179,0
89,179,0
90,179,0
91,179,0
92,179,0
93,179,0
94,179,0
95,179,0
96,179,0
97,179,0
98,179,0
99,179,0
100,179,0
101,179,0
102,179,0
103,179,0
104,179,0
105,179,0
106,179,0
107,179,0
108,179,0
109,179,0
110,179,0
111,179,0
112,179,0
113,179,0
114,179,0
115,179,0
116,179,2
117,179,2
118,179,2
119,179,2
120,179,2
121,179,2
122,179,2
123,179,2
124,179,2
125,179,2
126,179,2
127,179,2
128,179,2
129,179,2
130,179,2
131,179,2
132,179,2
133,179,2
134,179,2
135,179,2
136,179,2
137,179,2
138,179,2
139,179,2
140,179,2
141,179,2
142,179,2
143,179,2
144,179,2
145,179,2
146,179,2
147,179,2
148,179,2
149,179,2
150,179,2
151,179,2
152,179,2
153,179,2
154,179,2
155,179,2
156,179,2
157,179,2
158,179,2
159,179,2
160,179,2
161,179,2
162,179,2
163,179,2
164,179,2
165,179,2
166,179,0
167,179,0
168,179,0
169,179,0
170,179,0
171,179,0
172,179,0
173,179,2
174,179,2
175,179,2
176,179,2
177,179,2
178,179,2
179,179,2
180,179,2
181,179,2
182,179,2
183,179,2
184,179,2
185,179,2
186,179,2
187,179,2
188,179,2
189,179,2
190,179,2
191,179,2
192,179,2
193,179,2
194,179,2
195,179,2
196,179,2
197,179,2
198,179,2
199,179,2
200,179,2
201,179,2
202,179,2
203,179,2
204,179,2
205,179,2
206,179,2
207,179,2
208,179,2
209,179,2
210,179,2
211,179,2
212,179,2
213,179,2
214,179,2
215,179,2
216,179,2
217,179,2
218,179,2
219,179,2
220,179,2
221,179,2
222,179,2
223,179,2
224,179,2
225,179,2
226,179,2
227,179,2
228,179,2
229,179,2
230,179,2
231,179,2
232,179,2
233,179,2
234,179,2
235,179,2
236,179,2
237,179,2
238,179,2
239,179,2
240,179,2
241,179,2
242,179,2
243,179,2
244,179,2
245,179,2
246,179,2
247,179,2
248,179,2
249,179,2
250,179,2
251,179,2
252,179,2
253,179,2
254,179,2
255,179,2
256,179,2
257,179,2
258,179,2
259,179,2
260,179,2
261,179,2
262,179,2
263,179,2
264,179,2
265,179,2
266,179,2
267,179,2
268,179,2
269,179,2
270,179,2
271,179,2
272,179,0
273,179,0
274,179,0
275,179,0
276,179,0
277,179,0
278,179,0
279,179,0
280,179,0
281,179,0
282,179,0
283,179,0
284,179,0
285,179,0
286,179,0
287,179,0
288,179,0
289,179,0
290,179,0
291,179,0
292,179,0
293,179,0
294,179,0
295,179,0
296,179,0
297,179,0
298,179,0
299,179,0
300,179,0
301,179,0
302,179,0
303,179,0
304,179,0
305,179,0
306,179,0
307,179,0
308,179,0
309,179,0
310,179,0
311,179,0
312,179,0
313,179,0
314,179,0
315,179,0
316,179,0
317,179,0
318,179,0
319,179,0
320,179,0
321,179,0
322,179,0
323,179,0
324,179,0
325,179,0
326,179,0
327,179,0
328,179,0
329,179,0
330,179,0
331,179,0
332,179,0
333,179,0
334,179,0
335,179,0
336,179,0
337,179,0
338,179,0
339,179,0
340,179,0
341,179,0
342,179,0
343,179,0
344,179,0
345,179,0
346,179,0
347,179,0
348,179,0
349,179,0
350,179,0
351,179,0
352,179,0
353,179,0
354,179,0
355,179,0
356,179,0
357,179,0
358,179,0
359,179,0
360,179,0
361,179,0
362,179,0
363,179,0
364,179,0
365,179,0
366,179,0
367,179,0
368,179,0
369,179,0
370,179,0
371,179,0
372,179,0
373,179,0
374,179,0
375,179,0
376,179,0
377,179,0
378,179,0
379,179,0
380,179,0
381,179,0
382,179,0
383,179,0
384,179,0
385,179,0
386,179,0
387,179,0
388,179,0
389,179,0
390,179,0
1,178,0
2,178,0
3,178,0
4,178,0
5,178,0
6,178,0
7,178,0
8,178,0
9,178,0
10,178,0
11,178,0
12,178,0
13,178,0
14,178,0
15,178,0
16,178,0
17,178,0
18,178,0
19,178,0
20,178,0
21,178,0
22,178,0
23,178,0
24,178,0
25,178,0
26,178,0
27,178,0
28,178,0
29,178,0
30,178,0
31,178,0
32,178,0
33,178,0
34,178,0
35,178,0
36,178,0
37,178,0
38,178,0
39,178,0
40,178,0
41,178,0
42,178,0
43,178,0
44,178,0
45,178,0
46,178,0
47,178,0
48,178,0
49,178,0
50,178,0
51,178,0
52,178,0
53,178,0
54,178,0
55,178,0
56,178,0
57,178,0
58,178,0
59,178,0
60,178,0
61,178,0
62,178,0
63,178,0
64,178,0
65,178,0
66,178,0
67,178,0
68,178,0
69,178,0
70,178,0
71,178,0
72,178,0
73,178,0
74,178,0
75,178,0
76,178,0
77,178,0
78,178,0
79,178,0
80,178,0
81,178,0
82,178,0
83,178,0
84,178,0
85,178,0
86,178,0
87,178,0
88,178,0
89,178,0
90,178,0
91,178,0
92,178,0
93,178,0
94,178,0
95,178,0
96,178,0
97,178,0
98,178,0
99,178,0
100,178,0
101,178,0
102,178,0
103,178,0
104,178,0
105,178,0
106,178,0
107,178,0
108,178,0
109,178,0
110,178,0
111,178,0
112,178,0
113,178,0
114,178,0
115,178,2
116,178,2
117,178,2
118,178,2
119,178,2
120,178,2
121,178,2
122,178,2
123,178,2
124,178,2
125,178,2
126,178,2
127,178,2
128,178,2
129,178,2
130,178,2
131,178,2
132,178,2
133,178,2
134,178,2
135,178,2
136,178,2
137,178,2
138,178,2
139,178,2
140,178,2
141,178,2
142,178,2
143,178,2
144,178,2
145,178,2
146,178,2
147,178,2
148,178,2
149,178,2
150,178,2
151,178,2
152,178,2
153,178,2
154,178,2
155,178,2
156,178,2
157,178,2
158,178,2
159,178,2
160,178,2
161,178,2
162,178,2
163,178,2
164,178,2
165,178,2
166,178,2
167,178,2
168,178,2
169,178,2
170,178,2
171,178,2
172,178,2
173,178,2
174,178,2
175,178,2
176,178,2
177,178,2
178,178,2
179,178,2
180,178,2
181,178,2
182,178,2
183,178,2
184,178,2
185,178,2
186,178,2
187,178,2
188,178,2
189,178,2
190,178,2
191,178,2
192,178,2
193,178,2
194,178,2
195,178,2
196,178,2
197,178,2
198,178,2
199,178,2
200,178,2
201,178,2
202,178,2
203,178,2
204,178,2
205,178,2
206,178,2
207,178,0
208,178,0
209,178,0
210,178,0
211,178,0
212,178,0
213,178,0
214,178,0
215,178,0
216,178,0
217,178,0
218,178,0
219,178,0
220,178,0
221,178,0
222,178,0
223,178,0
224,178,0
225,178,0
226,178,0
227,178,0
228,178,0
229,178,0
230,178,0
231,178,0
232,178,2
233,178,2
234,178,2
235,178,2
236,178,2
237,178,2
238,178,2
239,178,2
240,178,2
241,178,2
242,178,2
243,178,2
244,178,2
245,178,2
246,178,2
247,178,2
248,178,2
249,178,2
250,178,2
251,178,2
252,178,2
253,178,2
254,178,2
255,178,2
256,178,2
257,178,2
258,178,2
259,178,2
260,178,2
261,178,2
262,178,2
263,178,2
264,178,2
265,178,2
266,178,2
267,178,2
268,178,2
269,178,2
270,178,2
271,178,2
272,178,0
273,178,0
274,178,0
275,178,0
276,178,0
277,178,0
278,178,0
279,178,0
280,178,0
281,178,0
282,178,0
283,178,0
284,178,0
285,178,0
286,178,0
287,178,0
288,178,0
289,178,0
290,178,0
291,178,0
292,178,0
293,178,0
294,178,0
295,178,0
296,178,0
297,178,0
298,178,0
299,178,0
300,178,0
301,178,0
302,178,0
303,178,0
304,178,0
305,178,0
306,178,0
307,178,0
308,178,0
309,178,0
310,178,0
311,178,0
312,178,0
313,178,0
314,178,0
315,178,0
316,178,0
317,178,0
318,178,0
319,178,0
320,178,0
321,178,0
322,178,0
323,178,0
324,178,0
325,178,0
326,178,0
327,178,0
328,178,0
329,178,0
330,178,0
331,178,0
332,178,0
333,178,0
334,178,0
335,178,0
336,178,0
337,178,0
338,178,0
339,178,0
340,178,0
341,178,0
342,178,0
343,178,0
344,178,0
345,178,0
346,178,0
347,178,0
348,178,0
349,178,0
350,178,0
351,178,0
352,178,0
353,178,0
354,178,0
355,178,0
356,178,0
357,178,0
358,178,0
359,178,0
360,178,0
361,178,0
362,178,0
363,178,0
364,178,0
365,178,0
366,178,0
367,178,0
368,178,0
369,178,0
370,178,0
371,178,0
372,178,0
373,178,0
374,178,0
375,178,0
376,178,0
377,178,0
378,178,0
379,178,0
380,178,0
381,178,0
382,178,0
383,178,0
384,178,0
385,178,0
386,178,0
387,178,0
388,178,0
389,178,0
390,178,0
1,177,0
2,177,0
3,177,0
4,177,0
5,177,0
6,177,0
7,177,0
8,177,0
9,177,0
10,177,0
11,177,0
12,177,0
13,177,0
14,177,0
15,177,0
16,177,0
17,177,0
18,177,0
19,177,0
20,177,0
21,177,0
22,177,0
23,177,0
24,177,0
25,177,0
26,177,0
27,177,0
28,177,0
29,177,0
30,177,0
31,177,0
32,177,0
33,177,0
34,177,0
35,177,0
36,177,0
37,177,0
38,177,0
39,177,0
40,177,0
41,177,0
42,177,0
43,177,0
44,177,0
45,177,0
46,177,0
47,177,0
48,177,0
49,177,0
50,177,0
51,177,0
52,177,0
53,177,0
54,177,0
55,177,0
56,177,0
57,177,0
58,177,0
59,177,0
60,177,0
61,177,0
62,177,0
63,177,0
64,177,0
65,177,0
66,177,0
67,177,0
68,177,0
69,177,0
70,177,0
71,177,0
72,177,0
73,177,0
74,177,0
75,177,0
76,177,0
77,177,0
78,177,0
79,177,0
80,177,0
81,177,0
82,177,0
83,177,0
84,177,0
85,177,0
86,177,0
87,177,0
88,177,0
89,177,0
90,177,0
91,177,0
92,177,0
93,177,0
94,177,0
95,177,0
96,177,0
97,177,0
98,177,0
99,177,0
100,177,0
101,177,0
102,177,0
103,177,0
104,177,0
105,177,0
106,177,0
107,177,0
108,177,0
109,177,0
110,177,0
111,177,0
112,177,0
113,177,0
114,177,0
115,177,2
116,177,2
117,177,2
118,177,2
119,177,2
120,177,2
121,177,2
122,177,2
123,177,2
124,177,2
125,177,2
126,177,2
127,177,2
128,177,2
129,177,2
130,177,2
131,177,2
132,177,2
133,177,2
134,177,2
135,177,2
136,177,2
137,177,2
138,177,2
139,177,2
140,177,2
141,177,2
142,177,2
143,177,2
144,177,2
145,177,2
146,177,2
147,177,2
148,177,2
149,177,2
150,177,2
151,177,2
152,177,2
153,177,2
154,177,2
155,177,2
156,177,2
157,177,2
158,177,2
159,177,2
160,177,2
161,177,2
162,177,2
163,177,2
164,177,2
165,177,2
166,177,2
167,177,2
168,177,2
169,177,2
170,177,2
171,177,2
172,177,2
173,177,2
174,177,2
175,177,2
176,177,2
177,177,2
178,177,2
179,177,2
180,177,2
181,177,2
182,177,2
183,177,2
184,177,2
185,177,2
186,177,2
187,177,2
188,177,2
189,177,2
190,177,2
191,177,2
192,177,2
193,177,0
194,177,0
195,177,0
196,177,0
197,177,0
198,177,0
199,177,0
200,177,0
201,177,0
202,177,3
203,177,3
204,177,3
205,177,3
206,177,3
207,177,3
208,177,3
209,177,3
210,177,3
211,177,3
212,177,3
213,177,3
214,177,3
215,177,3
216,177,3
217,177,3
218,177,3
219,177,3
220,177,3
221,177,3
222,177,3
223,177,3
224,177,3
225,177,3
226,177,3
227,177,3
228,177,3
229,177,3
230,177,3
231,177,3
232,177,0
233,177,0
234,177,0
235,177,0
236,177,2
237,177,2
238,177,2
239,177,2
240,177,2
241,177,2
242,177,2
243,177,2
244,177,2
245,177,2
246,177,2
247,177,2
248,177,2
249,177,2
250,177,2
251,177,2
252,177,2
253,177,2
254,177,2
255,177,2
256,177,2
257,177,2
258,177,2
259,177,2
260,177,2
261,177,2
262,177,2
263,177,2
264,177,2
265,177,2
266,177,2
267,177,2
268,177,2
269,177,2
270,177,2
271,177,0
272,177,0
273,177,0
274,177,0
275,177,0
276,177,0
277,177,0
278,177,0
279,177,0
280,177,0
281,177,0
282,177,0
283,177,0
284,177,0
285,177,0
286,177,0
287,177,0
288,177,0
289,177,0
290,177,0
291,177,0
292,177,0
293,177,0
294,177,0
295,177,0
296,177,0
297,177,0
298,177,0
299,177,0
300,177,0
301,177,0
302,177,0
303,177,0
304,177,0
305,177,0
306,177,0
307,177,0
308,177,0
309,177,0
310,177,0
311,177,0
312,177,0
313,177,0
314,177,0
315,177,0
316,177,0
317,177,0
318,177,0
319,177,0
320,177,0
321,177,0
322,177,0
323,177,0
324,177,0
325,177,0
326,177,0
327,177,0
328,177,0
329,177,0
330,177,0
331,177,0
332,177,0
333,177,0
334,177,0
335,177,0
336,177,0
337,177,0
338,177,0
339,177,0
340,177,0
341,177,0
342,177,0
343,177,0
344,177,0
345,177,0
346,177,0
347,177,0
348,177,0
349,177,0
350,177,0
351,177,0
352,177,0
353,177,0
354,177,0
355,177,0
356,177,0
357,177,0
358,177,0
359,177,0
360,177,0
361,177,0
362,177,0
363,177,0
364,177,0
365,177,0
366,177,0
367,177,0
368,177,0
369,177,0
370,177,0
371,177,0
372,177,0
373,177,0
374,177,0
375,177,0
376,177,0
377,177,0
378,177,0
379,177,0
380,177,0
381,177,0
382,177,0
383,177,0
384,177,0
385,177,0
386,177,0
387,177,0
388,177,0
389,177,0
390,177,0
1,176,0
2,176,0
3,176,0
4,176,0
5,176,0
6,176,0
7,176,0
8,176,0
9,176,0
10,176,0
11,176,0
12,176,0
13,176,0
14,176,0
15,176,0
16,176,0
17,176,0
18,176,0
19,176,0
20,176,0
21,176,0
22,176,0
23,176,0
24,176,0
25,176,0
26,176,0
27,176,0
28,176,0
29,176,0
30,176,0
31,176,0
32,176,0
33,176,0
34,176,0
35,176,0
36,176,0
37,176,0
38,176,0
39,176,0
40,176,0
41,176,0
42,176,0
43,176,0
44,176,0
45,176,0
46,176,0
47,176,0
48,176,0
49,176,0
50,176,0
51,176,0
52,176,0
53,176,0
54,176,0
55,176,0
56,176,0
57,176,0
58,176,0
59,176,0
60,176,0
61,176,0
62,176,0
63,176,0
64,176,0
65,176,0
66,176,0
67,176,0
68,176,0
69,176,0
70,176,0
71,176,0
72,176,0
73,176,0
74,176,0
75,176,0
76,176,0
77,176,0
78,176,0
79,176,0
80,176,0
81,176,0
82,176,0
83,176,0
84,176,0
85,176,0
86,176,0
87,176,0
88,176,0
89,176,0
90,176,0
91,176,0
92,176,0
93,176,0
94,176,0
95,176,0
96,176,0
97,176,0
98,176,0
99,176,0
100,176,0
101,176,0
102,176,0
103,176,0
104,176,0
105,176,0
106,176,0
107,176,0
108,176,0
109,176,0
110,176,0
111,176,0
112,176,0
113,176,0
114,176,0
115,176,2
116,176,2
117,176,2
118,176,2
119,176,2
120,176,2
121,176,2
122,176,2
123,176,2
124,176,2
125,176,2
126,176,2
127,176,2
128,176,2
129,176,2
130,176,2
131,176,2
132,176,2
133,176,2
134,176,2
135,176,2
136,176,2
137,176,2
138,176,2
139,176,2
140,176,2
141,176,2
142,176,2
143,176,2
144,176,2
145,176,2
146,176,2
147,176,2
148,176,2
149,176,2
150,176,2
151,176,2
152,176,2
153,176,2
154,176,2
155,176,2
156,176,2
157,176,2
158,176,2
159,176,2
160,176,2
161,176,2
162,176,2
163,176,2
164,176,2
165,176,2
166,176,2
167,176,2
168,176,2
169,176,2
170,176,2
171,176,2
172,176,2
173,176,2
174,176,2
175,176,2
176,176,2
177,176,2
178,176,2
179,176,2
180,176,2
181,176,2
182,176,2
183,176,2
184,176,2
185,176,2
186,176,2
187,176,2
188,176,2
189,176,0
190,176,0
191,176,0
192,176,0
193,176,3
194,176,3
195,176,3
196,176,3
197,176,3
198,176,3
199,176,3
200,176,3
201,176,3
202,176,3
203,176,3
204,176,3
205,176,3
206,176,3
207,176,3
208,176,3
209,176,3
210,176,3
211,176,3
212,176,3
213,176,3
214,176,3
215,176,3
216,176,3
217,176,3
218,176,3
219,176,3
220,176,3
221,176,3
222,176,3
223,176,3
224,176,3
225,176,3
226,176,3
227,176,3
228,176,3
229,176,3
230,176,3
231,176,3
232,176,3
233,176,3
234,176,3
235,176,0
236,176,0
237,176,0
238,176,2
239,176,2
240,176,2
241,176,2
242,176,2
243,176,2
244,176,2
245,176,2
246,176,2
247,176,2
248,176,2
249,176,2
250,176,2
251,176,2
252,176,2
253,176,2
254,176,2
255,176,2
256,176,2
257,176,2
258,176,2
259,176,2
260,176,2
261,176,2
262,176,2
263,176,2
264,176,2
265,176,2
266,176,2
267,176,2
268,176,2
269,176,2
270,176,2
271,176,0
272,176,0
273,176,0
274,176,0
275,176,0
276,176,0
277,176,0
278,176,0
279,176,0
280,176,0
281,176,0
282,176,0
283,176,0
284,176,0
285,176,0
286,176,0
287,176,0
288,176,0
289,176,0
290,176,0
291,176,0
292,176,0
293,176,0
294,176,0
295,176,0
296,176,0
297,176,0
298,176,0
299,176,0
300,176,0
301,176,0
302,176,0
303,176,0
304,176,0
305,176,0
306,176,0
307,176,0
308,176,0
309,176,0
310,176,0
311,176,0
312,176,0
313,176,0
314,176,0
315,176,0
316,176,0
317,176,0
318,176,0
319,176,0
320,176,0
321,176,0
322,176,0
323,176,0
324,176,0
325,176,0
326,176,0
327,176,0
328,176,0
329,176,0
330,176,0
331,176,0
332,176,0
333,176,0
334,176,0
335,176,0
336,176,0
337,176,0
338,176,0
339,176,0
340,176,0
341,176,0
342,176,0
343,176,0
344,176,0
345,176,0
346,176,0
347,176,0
348,176,0
349,176,0
350,176,0
351,176,0
352,176,0
353,176,0
354,176,0
355,176,0
356,176,0
357,176,0
358,176,0
359,176,0
360,176,0
361,176,0
362,176,0
363,176,0
364,176,0
365,176,0
366,176,0
367,176,0
368,176,0
369,176,0
370,176,0
371,176,0
372,176,0
373,176,0
374,176,0
375,176,0
376,176,0
377,176,0
378,176,0
379,176,0
380,176,0
381,176,0
382,176,0
383,176,0
384,176,0
385,176,0
386,176,0
387,176,0
388,176,0
389,176,0
390,176,0
1,175,0
2,175,0
3,175,0
4,175,0
5,175,0
6,175,0
7,175,0
8,175,0
9,175,0
10,175,0
11,175,0
12,175,0
13,175,0
14,175,0
15,175,0
16,175,0
17,175,0
18,175,0
19,175,0
20,175,0
21,175,0
22,175,0
23,175,0
24,175,0
25,175,0
26,175,0
27,175,0
28,175,0
29,175,0
30,175,0
31,175,0
32,175,0
33,175,0
34,175,0
35,175,0
36,175,0
37,175,0
38,175,0
39,175,0
40,175,0
41,175,0
42,175,0
43,175,0
44,175,0
45,175,0
46,175,0
47,175,0
48,175,0
49,175,0
50,175,0
51,175,0
52,175,0
53,175,0
54,175,0
55,175,0
56,175,0
57,175,0
58,175,0
59,175,0
60,175,0
61,175,0
62,175,0
63,175,0
64,175,0
65,175,0
66,175,0
67,175,0
68,175,0
69,175,0
70,175,0
71,175,0
72,175,0
73,175,0
74,175,0
75,175,0
76,175,0
77,175,0
78,175,0
79,175,0
80,175,0
81,175,0
82,175,0
83,175,0
84,175,0
85,175,0
86,175,0
87,175,0
88,175,0
89,175,0
90,175,0
91,175,0
92,175,0
93,175,0
94,175,0
95,175,0
96,175,0
97,175,0
98,175,0
99,175,0
100,175,0
101,175,0
102,175,0
103,175,0
104,175,0
105,175,0
106,175,0
107,175,0
108,175,0
109,175,0
110,175,0
111,175,0
112,175,0
113,175,0
114,175,2
115,175,2
116,175,2
117,175,2
118,175,2
119,175,2
120,175,2
121,175,2
122,175,2
123,175,2
124,175,2
125,175,2
126,175,2
127,175,2
128,175,2
129,175,2
130,175,2
131,175,2
132,175,2
133,175,2
134,175,2
135,175,2
136,175,2
137,175,2
138,175,2
139,175,2
140,175,2
141,175,2
142,175,2
143,175,2
144,175,2
145,175,2
146,175,2
147,175,2
148,175,2
149,175,2
150,175,2
151,175,2
152,175,2
153,175,2
154,175,2
155,175,2
156,175,2
157,175,2
158,175,2
159,175,2
160,175,2
161,175,2
162,175,2
163,175,2
164,175,2
165,175,2
166,175,2
167,175,2
168,175,2
169,175,2
170,175,2
171,175,2
172,175,2
173,175,2
174,175,2
175,175,2
176,175,2
177,175,2
178,175,2
179,175,2
180,175,2
181,175,2
182,175,2
183,175,2
184,175,0
185,175,0
186,175,3
187,175,3
188,175,3
189,175,3
190,175,3
191,175,3
192,175,3
193,175,3
194,175,3
195,175,3
196,175,3
197,175,3
198,175,3
199,175,3
200,175,3
201,175,3
202,175,3
203,175,3
204,175,3
205,175,3
206,175,3
207,175,3
208,175,3
209,175,3
210,175,3
211,175,3
212,175,3
213,175,3
214,175,3
215,175,3
216,175,3
217,175,3
218,175,3
219,175,3
220,175,3
221,175,3
222,175,3
223,175,3
224,175,3
225,175,3
226,175,3
227,175,3
228,175,3
229,175,3
230,175,3
231,175,3
232,175,3
233,175,3
234,175,3
235,175,3
236,175,3
237,175,3
238,175,3
239,175,0
240,175,0
241,175,0
242,175,2
243,175,2
244,175,2
245,175,2
246,175,2
247,175,2
248,175,2
249,175,2
250,175,2
251,175,2
252,175,2
253,175,2
254,175,2
255,175,2
256,175,2
257,175,2
258,175,2
259,175,2
260,175,2
261,175,2
262,175,2
263,175,2
264,175,2
265,175,2
266,175,2
267,175,2
268,175,2
269,175,2
270,175,2
271,175,0
272,175,0
273,175,0
274,175,0
275,175,0
276,175,0
277,175,0
278,175,0
279,175,0
280,175,0
281,175,0
282,175,0
283,175,0
284,175,0
285,175,0
286,175,0
287,175,0
288,175,0
289,175,0
290,175,0
291,175,0
292,175,0
293,175,0
294,175,0
295,175,0
296,175,0
297,175,0
298,175,0
299,175,0
300,175,0
301,175,0
302,175,0
303,175,0
304,175,0
305,175,0
306,175,0
307,175,0
308,175,0
309,175,0
310,175,0
311,175,0
312,175,0
313,175,0
314,175,0
315,175,0
316,175,0
317,175,0
318,175,0
319,175,0
320,175,0
321,175,0
322,175,0
323,175,0
324,175,0
325,175,0
326,175,0
327,175,0
328,175,0
329,175,0
330,175,0
331,175,0
332,175,0
333,175,0
334,175,0
335,175,0
336,175,0
337,175,0
338,175,0
339,175,0
340,175,0
341,175,0
342,175,0
343,175,0
344,175,0
345,175,0
346,175,0
347,175,0
348,175,0
349,175,0
350,175,0
351,175,0
352,175,0
353,175,0
354,175,0
355,175,0
356,175,0
357,175,0
358,175,0
359,175,0
360,175,0
361,175,0
362,175,0
363,175,0
364,175,0
365,175,0
366,175,0
367,175,0
368,175,0
369,175,0
370,175,0
371,175,0
372,175,0
373,175,0
374,175,0
375,175,0
376,175,0
377,175,0
378,175,0
379,175,0
380,175,0
381,175,0
382,175,0
383,175,0
384,175,0
385,175,0
386,175,0
387,175,0
388,175,0
389,175,0
390,175,0
1,174,0
2,174,0
3,174,0
4,174,0
5,174,0
6,174,0
7,174,0
8,174,0
9,174,0
10,174,0
11,174,0
12,174,0
13,174,0
14,174,0
15,174,0
16,174,0
17,174,0
18,174,0
19,174,0
20,174,0
21,174,0
22,174,0
23,174,0
24,174,0
25,174,0
26,174,0
27,174,0
28,174,0
29,174,0
30,174,0
31,174,0
32,174,0
33,174,0
34,174,0
35,174,0
36,174,0
37,174,0
38,174,0
39,174,0
40,174,0
41,174,0
42,174,0
43,174,0
44,174,0
45,174,0
46,174,0
47,174,0
48,174,0
49,174,0
50,174,0
51,174,0
52,174,0
53,174,0
54,174,0
55,174,0
56,174,0
57,174,0
58,174,0
59,174,0
60,174,0
61,174,0
62,174,0
63,174,0
64,174,0
65,174,0
66,174,0
67,174,0
68,174,0
69,174,0
70,174,0
71,174,0
72,174,0
73,174,0
74,174,0
75,174,0
76,174,0
77,174,0
78,174,0
79,174,0
80,174,0
81,174,0
82,174,0
83,174,0
84,174,0
85,174,0
86,174,0
87,174,0
88,174,0
89,174,0
90,174,0
91,174,0
92,174,0
93,174,0
94,174,0
95,174,0
96,174,0
97,174,0
98,174,0
99,174,0
100,174,0
101,174,0
102,174,0
103,174,0
104,174,0
105,174,0
106,174,0
107,174,0
108,174,0
109,174,0
110,174,0
111,174,0
112,174,0
113,174,0
114,174,2
115,174,2
116,174,2
117,174,2
118,174,2
119,174,2
120,174,2
121,174,2
122,174,2
123,174,2
124,174,2
125,174,2
126,174,2
127,174,2
128,174,2
129,174,2
130,174,2
131,174,2
132,174,2
133,174,2
134,174,2
135,174,2
136,174,2
137,174,2
138,174,2
139,174,2
140,174,2
141,174,2
142,174,2
143,174,2
144,174,2
145,174,2
146,174,2
147,174,2
148,174,2
149,174,2
150,174,2
151,174,2
152,174,2
153,174,2
154,174,2
155,174,2
156,174,2
157,174,2
158,174,2
159,174,2
160,174,2
161,174,2
162,174,2
163,174,2
164,174,2
165,174,2
166,174,2
167,174,2
168,174,2
169,174,2
170,174,2
171,174,2
172,174,2
173,174,2
174,174,2
175,174,2
176,174,2
177,174,2
178,174,2
179,174,2
180,174,2
181,174,0
182,174,0
183,174,3
184,174,3
185,174,3
186,174,3
187,174,3
188,174,3
189,174,3
190,174,3
191,174,3
192,174,3
193,174,3
194,174,3
195,174,3
196,174,3
197,174,3
198,174,3
199,174,3
200,174,3
201,174,3
202,174,3
203,174,3
204,174,3
205,174,3
206,174,3
207,174,3
208,174,3
209,174,3
210,174,3
211,174,3
212,174,3
213,174,3
214,174,3
215,174,3
216,174,3
217,174,3
218,174,3
219,174,3
220,174,3
221,174,3
222,174,3
223,174,3
224,174,3
225,174,3
226,174,3
227,174,3
228,174,3
229,174,3
230,174,3
231,174,3
232,174,3
233,174,3
234,174,3
235,174,3
236,174,3
237,174,3
238,174,3
239,174,3
240,174,3
241,174,3
242,174,0
243,174,0
244,174,0
245,174,2
246,174,2
247,174,2
248,174,2
249,174,2
250,174,2
251,174,2
252,174,2
253,174,2
254,174,2
255,174,2
256,174,2
257,174,2
258,174,2
259,174,2
260,174,2
261,174,2
262,174,2
263,174,2
264,174,2
265,174,2
266,174,2
267,174,2
268,174,2
269,174,2
270,174,2
271,174,0
272,174,0
273,174,0
274,174,0
275,174,0
276,174,0
277,174,0
278,174,0
279,174,0
280,174,0
281,174,0
282,174,0
283,174,0
284,174,0
285,174,0
286,174,0
287,174,0
288,174,0
289,174,0
290,174,0
291,174,0
292,174,0
293,174,0
294,174,0
295,174,0
296,174,0
297,174,0
298,174,0
299,174,0
300,174,0
301,174,0
302,174,0
303,174,0
304,174,0
305,174,0
306,174,0
307,174,0
308,174,0
309,174,0
310,174,0
311,174,0
312,174,0
313,174,0
314,174,0
315,174,0
316,174,0
317,174,0
318,174,0
319,174,0
320,174,0
321,174,0
322,174,0
323,174,0
324,174,0
325,174,0
326,174,0
327,174,0
328,174,0
329,174,0
330,174,0
331,174,0
332,174,0
333,174,0
334,174,0
335,174,0
336,174,0
337,174,0
338,174,0
339,174,0
340,174,0
341,174,0
342,174,0
343,174,0
344,174,0
345,174,0
346,174,0
347,174,0
348,174,0
349,174,0
350,174,0
351,174,0
352,174,0
353,174,0
354,174,0
355,174,0
356,174,0
357,174,0
358,174,0
359,174,0
360,174,0
361,174,0
362,174,0
363,174,0
364,174,0
365,174,0
366,174,0
367,174,0
368,174,0
369,174,0
370,174,0
371,174,0
372,174,0
373,174,0
374,174,0
375,174,0
376,174,0
377,174,0
378,174,0
379,174,0
380,174,0
381,174,0
382,174,0
383,174,0
384,174,0
385,174,0
386,174,0
387,174,0
388,174,0
389,174,0
390,174,0
1,173,0
2,173,0
3,173,0
4,173,0
5,173,0
6,173,0
7,173,0
8,173,0
9,173,0
10,173,0
11,173,0
12,173,0
13,173,0
14,173,0
15,173,0
16,173,0
17,173,0
18,173,0
19,173,0
20,173,0
21,173,0
22,173,0
23,173,0
24,173,0
25,173,0
26,173,0
27,173,0
28,173,0
29,173,0
30,173,0
31,173,0
32,173,0
33,173,0
34,173,0
35,173,0
36,173,0
37,173,0
38,173,0
39,173,0
40,173,0
41,173,0
42,173,0
43,173,0
44,173,0
45,173,0
46,173,0
47,173,0
48,173,0
49,173,0
50,173,0
51,173,0
52,173,0
53,173,0
54,173,0
55,173,0
56,173,0
57,173,0
58,173,0
59,173,0
60,173,0
61,173,0
62,173,0
63,173,0
64,173,0
65,173,0
66,173,0
67,173,0
68,173,0
69,173,0
70,173,0
71,173,0
72,173,0
73,173,0
74,173,0
75,173,0
76,173,0
77,173,0
78,173,0
79,173,0
80,173,0
81,173,0
82,173,0
83,173,0
84,173,0
85,173,0
86,173,0
87,173,0
88,173,0
89,173,0
90,173,0
91,173,0
92,173,0
93,173,0
94,173,0
95,173,0
96,173,0
97,173,0
98,173,0
99,173,0
100,173,0
101,173,0
102,173,0
103,173,0
104,173,0
105,173,0
106,173,0
107,173,0
108,173,0
109,173,0
110,173,0
111,173,0
112,173,0
113,173,0
114,173,2
115,173,2
116,173,2
117,173,2
118,173,2
119,173,2
120,173,2
121,173,2
122,173,2
123,173,2
124,173,2
125,173,2
126,173,2
127,173,2
128,173,2
129,173,2
130,173,2
131,173,2
132,173,2
133,173,2
134,173,2
135,173,2
136,173,2
137,173,2
138,173,2
139,173,2
140,173,2
141,173,2
142,173,2
143,173,2
144,173,2
145,173,2
146,173,2
147,173,2
148,173,2
149,173,2
150,173,2
151,173,2
152,173,2
153,173,2
154,173,2
155,173,2
156,173,2
157,173,2
158,173,2
159,173,2
160,173,2
161,173,2
162,173,2
163,173,2
164,173,2
165,173,2
166,173,2
167,173,2
168,173,2
169,173,2
170,173,2
171,173,2
172,173,2
173,173,2
174,173,2
175,173,2
176,173,2
177,173,2
178,173,0
179,173,0
180,173,3
181,173,3
182,173,3
183,173,3
184,173,3
185,173,3
186,173,3
187,173,3
188,173,3
189,173,3
190,173,3
191,173,3
192,173,3
193,173,3
194,173,3
195,173,3
196,173,3
197,173,3
198,173,3
199,173,3
200,173,3
201,173,3
202,173,3
203,173,3
204,173,3
205,173,3
206,173,3
207,173,3
208,173,3
209,173,3
210,173,3
211,173,3
212,173,3
213,173,3
214,173,3
215,173,3
216,173,3
217,173,3
218,173,3
219,173,3
220,173,3
221,173,3
222,173,3
223,173,3
224,173,3
225,173,3
226,173,3
227,173,3
228,173,3
229,173,3
230,173,3
231,173,3
232,173,3
233,173,3
234,173,3
235,173,3
236,173,3
237,173,3
238,173,3
239,173,3
240,173,3
241,173,3
242,173,3
243,173,3
244,173,3
245,173,3
246,173,0
247,173,0
248,173,0
249,173,2
250,173,2
251,173,2
252,173,2
253,173,2
254,173,2
255,173,2
256,173,2
257,173,2
258,173,2
259,173,2
260,173,2
261,173,2
262,173,2
263,173,2
264,173,2
265,173,2
266,173,2
267,173,2
268,173,2
269,173,2
270,173,2
271,173,0
272,173,0
273,173,0
274,173,0
275,173,0
276,173,0
277,173,0
278,173,0
279,173,0
280,173,2
281,173,2
282,173,2
283,173,2
284,173,0
285,173,0
286,173,0
287,173,0
288,173,0
289,173,0
290,173,0
291,173,0
292,173,0
293,173,0
294,173,0
295,173,0
296,173,0
297,173,0
298,173,0
299,173,0
300,173,0
301,173,0
302,173,0
303,173,0
304,173,0
305,173,0
306,173,0
307,173,0
308,173,0
309,173,0
310,173,0
311,173,0
312,173,0
313,173,0
314,173,0
315,173,0
316,173,0
317,173,0
318,173,0
319,173,0
320,173,0
321,173,0
322,173,0
323,173,0
324,173,0
325,173,0
326,173,0
327,173,0
328,173,0
329,173,0
330,173,0
331,173,0
332,173,0
333,173,0
334,173,0
335,173,0
336,173,0
337,173,0
338,173,0
339,173,0
340,173,0
341,173,0
342,173,0
343,173,0
344,173,0
345,173,0
346,173,0
347,173,0
348,173,0
349,173,0
350,173,0
351,173,0
352,173,0
353,173,0
354,173,0
355,173,0
356,173,0
357,173,0
358,173,0
359,173,0
360,173,0
361,173,0
362,173,0
363,173,0
364,173,0
365,173,0
366,173,0
367,173,0
368,173,0
369,173,0
370,173,0
371,173,0
372,173,0
373,173,0
374,173,0
375,173,0
376,173,0
377,173,0
378,173,0
379,173,0
380,173,0
381,173,0
382,173,0
383,173,0
384,173,0
385,173,0
386,173,0
387,173,0
388,173,0
389,173,0
390,173,0
1,172,0
2,172,0
3,172,0
4,172,0
5,172,0
6,172,0
7,172,0
8,172,0
9,172,0
10,172,0
11,172,0
12,172,0
13,172,0
14,172,0
15,172,0
16,172,0
17,172,0
18,172,0
19,172,0
20,172,0
21,172,0
22,172,0
23,172,0
24,172,0
25,172,0
26,172,0
27,172,0
28,172,0
29,172,0
30,172,0
31,172,0
32,172,0
33,172,0
34,172,0
35,172,0
36,172,0
37,172,0
38,172,0
39,172,0
40,172,0
41,172,0
42,172,0
43,172,0
44,172,0
45,172,0
46,172,0
47,172,0
48,172,0
49,172,0
50,172,0
51,172,0
52,172,0
53,172,0
54,172,0
55,172,0
56,172,0
57,172,0
58,172,0
59,172,0
60,172,0
61,172,0
62,172,0
63,172,0
64,172,0
65,172,0
66,172,0
67,172,0
68,172,0
69,172,0
70,172,0
71,172,0
72,172,0
73,172,0
74,172,0
75,172,0
76,172,0
77,172,0
78,172,0
79,172,0
80,172,0
81,172,0
82,172,0
83,172,0
84,172,0
85,172,0
86,172,0
87,172,0
88,172,0
89,172,0
90,172,0
91,172,0
92,172,0
93,172,0
94,172,0
95,172,0
96,172,0
97,172,0
98,172,0
99,172,0
100,172,0
101,172,0
102,172,0
103,172,0
104,172,0
105,172,0
106,172,0
107,172,0
108,172,0
109,172,0
110,172,0
111,172,0
112,172,0
113,172,0
114,172,2
115,172,2
116,172,2
117,172,2
118,172,2
119,172,2
120,172,2
121,172,2
122,172,2
123,172,2
124,172,2
125,172,2
126,172,2
127,172,2
128,172,2
129,172,2
130,172,2
131,172,2
132,172,2
133,172,2
134,172,2
135,172,2
136,172,2
137,172,2
138,172,2
139,172,2
140,172,2
141,172,2
142,172,2
143,172,2
144,172,2
145,172,2
146,172,2
147,172,2
148,172,2
149,172,2
150,172,2
151,172,2
152,172,2
153,172,2
154,172,2
155,172,2
156,172,2
157,172,2
158,172,2
159,172,2
160,172,2
161,172,2
162,172,2
163,172,2
164,172,2
165,172,2
166,172,2
167,172,2
168,172,2
169,172,2
170,172,2
171,172,2
172,172,2
173,172,2
174,172,2
175,172,2
176,172,2
177,172,0
178,172,0
179,172,3
180,172,3
181,172,3
182,172,3
183,172,3
184,172,3
185,172,3
186,172,3
187,172,3
188,172,3
189,172,3
190,172,3
191,172,3
192,172,3
193,172,3
194,172,3
195,172,3
196,172,3
197,172,3
198,172,3
199,172,3
200,172,3
201,172,3
202,172,3
203,172,3
204,172,3
205,172,3
206,172,3
207,172,3
208,172,3
209,172,3
210,172,3
211,172,3
212,172,3
213,172,3
214,172,3
215,172,3
216,172,3
217,172,3
218,172,3
219,172,3
220,172,3
221,172,3
222,172,3
223,172,3
224,172,3
225,172,3
226,172,3
227,172,3
228,172,3
229,172,3
230,172,3
231,172,3
232,172,3
233,172,3
234,172,3
235,172,3
236,172,3
237,172,3
238,172,3
239,172,3
240,172,3
241,172,3
242,172,3
243,172,3
244,172,3
245,172,3
246,172,3
247,172,3
248,172,0
249,172,0
250,172,0
251,172,2
252,172,2
253,172,2
254,172,2
255,172,2
256,172,2
257,172,2
258,172,2
259,172,2
260,172,2
261,172,2
262,172,2
263,172,2
264,172,2
265,172,2
266,172,2
267,172,2
268,172,2
269,172,2
270,172,2
271,172,2
272,172,2
273,172,2
274,172,2
275,172,2
276,172,2
277,172,2
278,172,2
279,172,2
280,172,2
281,172,2
282,172,2
283,172,2
284,172,2
285,172,2
286,172,0
287,172,0
288,172,0
289,172,0
290,172,0
291,172,0
292,172,0
293,172,0
294,172,0
295,172,0
296,172,0
297,172,0
298,172,0
299,172,0
300,172,0
301,172,0
302,172,0
303,172,0
304,172,0
305,172,0
306,172,0
307,172,0
308,172,0
309,172,0
310,172,0
311,172,0
312,172,0
313,172,0
314,172,0
315,172,0
316,172,0
317,172,0
318,172,0
319,172,0
320,172,0
321,172,0
322,172,0
323,172,0
324,172,0
325,172,0
326,172,0
327,172,0
328,172,0
329,172,0
330,172,0
331,172,0
332,172,0
333,172,0
334,172,0
335,172,0
336,172,0
337,172,0
338,172,0
339,172,0
340,172,0
341,172,0
342,172,0
343,172,0
344,172,0
345,172,0
346,172,0
347,172,0
348,172,0
349,172,0
350,172,0
351,172,0
352,172,0
353,172,0
354,172,0
355,172,0
356,172,0
357,172,0
358,172,0
359,172,0
360,172,0
361,172,0
362,172,0
363,172,0
364,172,0
365,172,0
366,172,0
367,172,0
368,172,0
369,172,0
370,172,0
371,172,0
372,172,0
373,172,0
374,172,0
375,172,0
376,172,0
377,172,0
378,172,0
379,172,0
380,172,0
381,172,0
382,172,0
383,172,0
384,172,0
385,172,0
386,172,0
387,172,0
388,172,0
389,172,0
390,172,0
1,171,0
2,171,0
3,171,0
4,171,0
5,171,0
6,171,0
7,171,0
8,171,0
9,171,0
10,171,0
11,171,0
12,171,0
13,171,0
14,171,0
15,171,0
16,171,0
17,171,0
18,171,0
19,171,0
20,171,0
21,171,0
22,171,0
23,171,0
24,171,0
25,171,0
26,171,0
27,171,0
28,171,0
29,171,0
30,171,0
31,171,0
32,171,0
33,171,0
34,171,0
35,171,0
36,171,0
37,171,0
38,171,0
39,171,0
40,171,0
41,171,0
42,171,0
43,171,0
44,171,0
45,171,0
46,171,0
47,171,0
48,171,0
49,171,0
50,171,0
51,171,0
52,171,0
53,171,0
54,171,0
55,171,0
56,171,0
57,171,0
58,171,0
59,171,0
60,171,0
61,171,0
62,171,0
63,171,0
64,171,0
65,171,0
66,171,0
67,171,0
68,171,0
69,171,0
70,171,0
71,171,0
72,171,0
73,171,0
74,171,0
75,171,0
76,171,0
77,171,0
78,171,0
79,171,0
80,171,0
81,171,0
82,171,0
83,171,0
84,171,0
85,171,0
86,171,0
87,171,0
88,171,0
89,171,0
90,171,0
91,171,0
92,171,0
93,171,0
94,171,0
95,171,0
96,171,0
97,171,0
98,171,0
99,171,0
100,171,0
101,171,0
102,171,0
103,171,0
104,171,0
105,171,0
106,171,0
107,171,0
108,171,0
109,171,0
110,171,0
111,171,0
112,171,0
113,171,2
114,171,2
115,171,2
116,171,2
117,171,2
118,171,2
119,171,2
120,171,2
121,171,2
122,171,2
123,171,2
124,171,2
125,171,2
126,171,2
127,171,2
128,171,2
129,171,2
130,171,2
131,171,2
132,171,2
133,171,2
134,171,2
135,171,2
136,171,2
137,171,2
138,171,2
139,171,2
140,171,2
141,171,2
142,171,2
143,171,2
144,171,2
145,171,2
146,171,2
147,171,2
148,171,2
149,171,2
150,171,2
151,171,2
152,171,2
153,171,2
154,171,2
155,171,2
156,171,2
157,171,2
158,171,2
159,171,2
160,171,2
161,171,2
162,171,2
163,171,2
164,171,2
165,171,2
166,171,2
167,171,2
168,171,2
169,171,2
170,171,2
171,171,2
172,171,2
173,171,2
174,171,2
175,171,2
176,171,0
177,171,3
178,171,3
179,171,3
180,171,3
181,171,3
182,171,3
183,171,3
184,171,3
185,171,3
186,171,3
187,171,3
188,171,3
189,171,3
190,171,3
191,171,3
192,171,3
193,171,3
194,171,3
195,171,3
196,171,3
197,171,3
198,171,3
199,171,3
200,171,3
201,171,3
202,171,3
203,171,3
204,171,3
205,171,3
206,171,3
207,171,3
208,171,3
209,171,3
210,171,3
211,171,3
212,171,3
213,171,3
214,171,3
215,171,3
216,171,3
217,171,3
218,171,3
219,171,3
220,171,3
221,171,3
222,171,3
223,171,3
224,171,3
225,171,3
226,171,3
227,171,3
228,171,3
229,171,3
230,171,3
231,171,3
232,171,3
233,171,3
234,171,3
235,171,3
236,171,3
237,171,3
238,171,3
239,171,3
240,171,3
241,171,3
242,171,3
243,171,3
244,171,3
245,171,3
246,171,3
247,171,3
248,171,3
249,171,3
250,171,3
251,171,0
252,171,0
253,171,2
254,171,2
255,171,2
256,171,2
257,171,2
258,171,2
259,171,2
260,171,2
261,171,2
262,171,2
263,171,2
264,171,2
265,171,2
266,171,2
267,171,2
268,171,2
269,171,2
270,171,2
271,171,2
272,171,2
273,171,2
274,171,2
275,171,2
276,171,2
277,171,2
278,171,2
279,171,2
280,171,2
281,171,2
282,171,2
283,171,2
284,171,2
285,171,2
286,171,2
287,171,2
288,171,0
289,171,0
290,171,0
291,171,0
292,171,0
293,171,0
294,171,0
295,171,0
296,171,0
297,171,0
298,171,0
299,171,0
300,171,0
301,171,0
302,171,0
303,171,0
304,171,0
305,171,0
306,171,0
307,171,0
308,171,0
309,171,0
310,171,0
311,171,0
312,171,0
313,171,0
314,171,0
315,171,0
316,171,0
317,171,0
318,171,0
319,171,0
320,171,0
321,171,0
322,171,0
323,171,0
324,171,0
325,171,0
326,171,0
327,171,0
328,171,0
329,171,0
330,171,0
331,171,0
332,171,0
333,171,0
334,171,0
335,171,0
336,171,0
337,171,0
338,171,0
339,171,0
340,171,0
341,171,0
342,171,0
343,171,0
344,171,0
345,171,0
346,171,0
347,171,0
348,171,0
349,171,0
350,171,0
351,171,0
352,171,0
353,171,0
354,171,0
355,171,0
356,171,0
357,171,0
358,171,0
359,171,0
360,171,0
361,171,0
362,171,0
363,171,0
364,171,0
365,171,0
366,171,0
367,171,0
368,171,0
369,171,0
370,171,0
371,171,0
372,171,0
373,171,0
374,171,0
375,171,0
376,171,0
377,171,0
378,171,0
379,171,0
380,171,0
381,171,0
382,171,0
383,171,0
384,171,0
385,171,0
386,171,0
387,171,0
388,171,0
389,171,0
390,171,0
1,170,0
2,170,0
3,170,0
4,170,0
5,170,0
6,170,0
7,170,0
8,170,0
9,170,0
10,170,0
11,170,0
12,170,0
13,170,0
14,170,0
15,170,0
16,170,0
17,170,0
18,170,0
19,170,0
20,170,0
21,170,0
22,170,0
23,170,0
24,170,0
25,170,0
26,170,0
27,170,0
28,170,0
29,170,0
30,170,0
31,170,0
32,170,0
33,170,0
34,170,0
35,170,0
36,170,0
37,170,0
38,170,0
39,170,0
40,170,0
41,170,0
42,170,0
43,170,0
44,170,0
45,170,0
46,170,0
47,170,0
48,170,0
49,170,0
50,170,0
51,170,0
52,170,0
53,170,0
54,170,0
55,170,0
56,170,0
57,170,0
58,170,0
59,170,0
60,170,0
61,170,0
62,170,0
63,170,0
64,170,0
65,170,0
66,170,0
67,170,0
68,170,0
69,170,0
70,170,0
71,170,0
72,170,0
73,170,0
74,170,0
75,170,0
76,170,0
77,170,0
78,170,0
79,170,0
80,170,0
81,170,0
82,170,0
83,170,0
84,170,0
85,170,0
86,170,0
87,170,0
88,170,0
89,170,0
90,170,0
91,170,0
92,170,0
93,170,0
94,170,0
95,170,0
96,170,0
97,170,0
98,170,0
99,170,0
100,170,0
101,170,0
102,170,0
103,170,0
104,170,0
105,170,0
106,170,0
107,170,0
108,170,0
109,170,0
110,170,0
111,170,0
112,170,0
113,170,2
114,170,2
115,170,2
116,170,2
117,170,2
118,170,2
119,170,2
120,170,2
121,170,2
122,170,2
123,170,2
124,170,2
125,170,2
126,170,2
127,170,2
128,170,2
129,170,2
130,170,2
131,170,2
132,170,2
133,170,2
134,170,2
135,170,2
136,170,2
137,170,2
138,170,2
139,170,2
140,170,2
141,170,2
142,170,2
143,170,2
144,170,2
145,170,2
146,170,2
147,170,2
148,170,2
149,170,2
150,170,2
151,170,2
152,170,2
153,170,2
154,170,2
155,170,2
156,170,2
157,170,2
158,170,2
159,170,2
160,170,2
161,170,2
162,170,2
163,170,0
164,170,0
165,170,0
166,170,0
167,170,0
168,170,0
169,170,0
170,170,0
171,170,2
172,170,2
173,170,2
174,170,2
175,170,2
176,170,0
177,170,3
178,170,3
179,170,3
180,170,3
181,170,3
182,170,3
183,170,3
184,170,3
185,170,3
186,170,3
187,170,3
188,170,3
189,170,3
190,170,3
191,170,3
192,170,3
193,170,3
194,170,3
195,170,3
196,170,3
197,170,3
198,170,3
199,170,3
200,170,3
201,170,3
202,170,3
203,170,3
204,170,3
205,170,3
206,170,3
207,170,3
208,170,3
209,170,3
210,170,3
211,170,3
212,170,3
213,170,3
214,170,3
215,170,3
216,170,3
217,170,3
218,170,3
219,170,3
220,170,3
221,170,3
222,170,3
223,170,3
224,170,3
225,170,3
226,170,3
227,170,3
228,170,3
229,170,3
230,170,3
231,170,3
232,170,3
233,170,3
234,170,3
235,170,3
236,170,3
237,170,3
238,170,3
239,170,3
240,170,3
241,170,3
242,170,3
243,170,3
244,170,3
245,170,3
246,170,3
247,170,3
248,170,3
249,170,3
250,170,3
251,170,3
252,170,0
253,170,2
254,170,2
255,170,2
256,170,2
257,170,2
258,170,2
259,170,2
260,170,2
261,170,2
262,170,2
263,170,2
264,170,2
265,170,2
266,170,2
267,170,2
268,170,2
269,170,2
270,170,2
271,170,2
272,170,2
273,170,2
274,170,2
275,170,2
276,170,2
277,170,2
278,170,2
279,170,2
280,170,2
281,170,2
282,170,2
283,170,2
284,170,2
285,170,2
286,170,2
287,170,2
288,170,2
289,170,0
290,170,0
291,170,0
292,170,0
293,170,0
294,170,0
295,170,0
296,170,0
297,170,0
298,170,0
299,170,0
300,170,0
301,170,0
302,170,0
303,170,0
304,170,0
305,170,0
306,170,0
307,170,0
308,170,0
309,170,0
310,170,0
311,170,0
312,170,0
313,170,0
314,170,0
315,170,0
316,170,0
317,170,0
318,170,0
319,170,0
320,170,0
321,170,0
322,170,0
323,170,0
324,170,0
325,170,0
326,170,0
327,170,0
328,170,0
329,170,0
330,170,0
331,170,0
332,170,0
333,170,0
334,170,0
335,170,0
336,170,0
337,170,0
338,170,0
339,170,0
340,170,0
341,170,0
342,170,0
343,170,0
344,170,0
345,170,0
346,170,0
347,170,0
348,170,0
349,170,0
350,170,0
351,170,0
352,170,0
353,170,0
354,170,0
355,170,0
356,170,0
357,170,0
358,170,0
359,170,0
360,170,0
361,170,0
362,170,0
363,170,0
364,170,0
365,170,0
366,170,0
367,170,0
368,170,0
369,170,0
370,170,0
371,170,0
372,170,0
373,170,0
374,170,0
375,170,0
376,170,0
377,170,0
378,170,0
379,170,0
380,170,0
381,170,0
382,170,0
383,170,0
384,170,0
385,170,0
386,170,0
387,170,0
388,170,0
389,170,0
390,170,0
1,169,0
2,169,0
3,169,0
4,169,0
5,169,0
6,169,0
7,169,0
8,169,0
9,169,0
10,169,0
11,169,0
12,169,0
13,169,0
14,169,0
15,169,0
16,169,0
17,169,0
18,169,0
19,169,0
20,169,0
21,169,0
22,169,0
23,169,0
24,169,0
25,169,0
26,169,0
27,169,0
28,169,0
29,169,0
30,169,0
31,169,0
32,169,0
33,169,0
34,169,0
35,169,0
36,169,0
37,169,0
38,169,0
39,169,0
40,169,0
41,169,0
42,169,0
43,169,0
44,169,0
45,169,0
46,169,0
47,169,0
48,169,0
49,169,0
50,169,0
51,169,0
52,169,0
53,169,0
54,169,0
55,169,0
56,169,0
57,169,0
58,169,0
59,169,0
60,169,0
61,169,0
62,169,0
63,169,0
64,169,0
65,169,0
66,169,0
67,169,0
68,169,0
69,169,0
70,169,0
71,169,0
72,169,0
73,169,0
74,169,0
75,169,0
76,169,0
77,169,0
78,169,0
79,169,0
80,169,0
81,169,0
82,169,0
83,169,0
84,169,0
85,169,0
86,169,0
87,169,0
88,169,0
89,169,0
90,169,0
91,169,0
92,169,0
93,169,0
94,169,0
95,169,0
96,169,0
97,169,0
98,169,0
99,169,0
100,169,0
101,169,0
102,169,0
103,169,0
104,169,0
105,169,0
106,169,0
107,169,0
108,169,0
109,169,0
110,169,0
111,169,0
112,169,0
113,169,2
114,169,2
115,169,2
116,169,2
117,169,2
118,169,2
119,169,2
120,169,2
121,169,2
122,169,2
123,169,2
124,169,2
125,169,2
126,169,2
127,169,2
128,169,2
129,169,2
130,169,2
131,169,2
132,169,2
133,169,2
134,169,2
135,169,2
136,169,2
137,169,2
138,169,2
139,169,2
140,169,2
141,169,2
142,169,2
143,169,2
144,169,2
145,169,2
146,169,2
147,169,2
148,169,2
149,169,2
150,169,2
151,169,2
152,169,2
153,169,2
154,169,2
155,169,2
156,169,2
157,169,2
158,169,2
159,169,2
160,169,0
161,169,0
162,169,0
163,169,0
164,169,3
165,169,3
166,169,3
167,169,3
168,169,3
169,169,3
170,169,3
171,169,3
172,169,3
173,169,3
174,169,3
175,169,3
176,169,3
177,169,3
178,169,3
179,169,3
180,169,3
181,169,3
182,169,3
183,169,3
184,169,3
185,169,3
186,169,3
187,169,3
188,169,3
189,169,3
190,169,3
191,169,3
192,169,3
193,169,3
194,169,3
195,169,3
196,169,3
197,169,3
198,169,3
199,169,3
200,169,3
201,169,3
202,169,3
203,169,3
204,169,3
205,169,3
206,169,3
207,169,3
208,169,3
209,169,3
210,169,3
211,169,3
212,169,3
213,169,3
214,169,3
215,169,3
216,169,3
217,169,3
218,169,3
219,169,3
220,169,3
221,169,3
222,169,3
223,169,3
224,169,3
225,169,3
226,169,3
227,169,3
228,169,3
229,169,3
230,169,3
231,169,3
232,169,3
233,169,3
234,169,3
235,169,3
236,169,3
237,169,3
238,169,3
239,169,3
240,169,3
241,169,3
242,169,3
243,169,3
244,169,3
245,169,3
246,169,3
247,169,3
248,169,3
249,169,3
250,169,3
251,169,3
252,169,3
253,169,0
254,169,0
255,169,2
256,169,2
257,169,2
258,169,2
259,169,2
260,169,2
261,169,2
262,169,2
263,169,2
264,169,2
265,169,2
266,169,2
267,169,2
268,169,2
269,169,2
270,169,2
271,169,2
272,169,2
273,169,2
274,169,2
275,169,2
276,169,2
277,169,2
278,169,2
279,169,2
280,169,2
281,169,2
282,169,2
283,169,2
284,169,2
285,169,2
286,169,2
287,169,2
288,169,2
289,169,0
290,169,0
291,169,0
292,169,0
293,169,0
294,169,0
295,169,0
296,169,0
297,169,0
298,169,0
299,169,2
300,169,2
301,169,2
302,169,2
303,169,2
304,169,0
305,169,0
306,169,0
307,169,0
308,169,0
309,169,0
310,169,0
311,169,0
312,169,0
313,169,0
314,169,0
315,169,0
316,169,0
317,169,0
318,169,0
319,169,0
320,169,0
321,169,0
322,169,0
323,169,0
324,169,0
325,169,0
326,169,0
327,169,0
328,169,0
329,169,0
330,169,0
331,169,0
332,169,0
333,169,0
334,169,0
335,169,0
336,169,0
337,169,0
338,169,0
339,169,0
340,169,0
341,169,0
342,169,0
343,169,0
344,169,0
345,169,0
346,169,0
347,169,0
348,169,0
349,169,0
350,169,0
351,169,0
352,169,0
353,169,0
354,169,0
355,169,0
356,169,0
357,169,0
358,169,0
359,169,0
360,169,0
361,169,0
362,169,0
363,169,0
364,169,0
365,169,0
366,169,0
367,169,0
368,169,0
369,169,0
370,169,0
371,169,0
372,169,0
373,169,0
374,169,0
375,169,0
376,169,0
377,169,0
378,169,0
379,169,0
380,169,0
381,169,0
382,169,0
383,169,0
384,169,0
385,169,0
386,169,0
387,169,0
388,169,0
389,169,0
390,169,0
1,168,0
2,168,0
3,168,0
4,168,0
5,168,0
6,168,0
7,168,0
8,168,0
9,168,0
10,168,0
11,168,0
12,168,0
13,168,0
14,168,0
15,168,0
16,168,0
17,168,0
18,168,0
19,168,0
20,168,0
21,168,0
22,168,0
23,168,0
24,168,0
25,168,0
26,168,0
27,168,0
28,168,0
29,168,0
30,168,0
31,168,0
32,168,0
33,168,0
34,168,0
35,168,0
36,168,0
37,168,0
38,168,0
39,168,0
40,168,0
41,168,0
42,168,0
43,168,0
44,168,0
45,168,0
46,168,0
47,168,0
48,168,0
49,168,0
50,168,0
51,168,0
52,168,0
53,168,0
54,168,0
55,168,0
56,168,0
57,168,0
58,168,0
59,168,0
60,168,0
61,168,0
62,168,0
63,168,0
64,168,0
65,168,0
66,168,0
67,168,0
68,168,0
69,168,0
70,168,0
71,168,0
72,168,0
73,168,0
74,168,0
75,168,0
76,168,0
77,168,0
78,168,0
79,168,0
80,168,0
81,168,0
82,168,0
83,168,0
84,168,0
85,168,0
86,168,0
87,168,0
88,168,0
89,168,0
90,168,0
91,168,0
92,168,0
93,168,0
94,168,0
95,168,0
96,168,0
97,168,0
98,168,0
99,168,0
100,168,0
101,168,0
102,168,0
103,168,0
104,168,0
105,168,0
106,168,0
107,168,0
108,168,0
109,168,0
110,168,0
111,168,0
112,168,2
113,168,2
114,168,2
115,168,2
116,168,2
117,168,2
118,168,2
119,168,2
120,168,2
121,168,2
122,168,2
123,168,2
124,168,2
125,168,2
126,168,2
127,168,2
128,168,2
129,168,2
130,168,2
131,168,2
132,168,2
133,168,2
134,168,2
135,168,2
136,168,2
137,168,2
138,168,2
139,168,2
140,168,2
141,168,2
142,168,2
143,168,2
144,168,2
145,168,2
146,168,2
147,168,2
148,168,2
149,168,2
150,168,2
151,168,2
152,168,2
153,168,2
154,168,2
155,168,2
156,168,2
157,168,2
158,168,2
159,168,0
160,168,0
161,168,0
162,168,3
163,168,3
164,168,3
165,168,3
166,168,3
167,168,3
168,168,3
169,168,3
170,168,3
171,168,3
172,168,3
173,168,3
174,168,3
175,168,3
176,168,3
177,168,3
178,168,3
179,168,3
180,168,3
181,168,3
182,168,3
183,168,3
184,168,3
185,168,3
186,168,3
187,168,3
188,168,3
189,168,3
190,168,3
191,168,3
192,168,3
193,168,3
194,168,3
195,168,3
196,168,3
197,168,3
198,168,3
199,168,3
200,168,3
201,168,3
202,168,3
203,168,3
204,168,3
205,168,3
206,168,3
207,168,3
208,168,3
209,168,3
210,168,3
211,168,3
212,168,3
213,168,3
214,168,3
215,168,3
216,168,3
217,168,3
218,168,3
219,168,3
220,168,3
221,168,3
222,168,3
223,168,3
224,168,3
225,168,3
226,168,3
227,168,3
228,168,3
229,168,3
230,168,3
231,168,3
232,168,3
233,168,3
234,168,3
235,168,3
236,168,3
237,168,3
238,168,3
239,168,3
240,168,3
241,168,3
242,168,3
243,168,3
244,168,3
245,168,3
246,168,3
247,168,3
248,168,3
249,168,3
250,168,3
251,168,3
252,168,3
253,168,3
254,168,0
255,168,2
256,168,2
257,168,2
258,168,2
259,168,2
260,168,2
261,168,2
262,168,2
263,168,2
264,168,2
265,168,2
266,168,2
267,168,2
268,168,2
269,168,2
270,168,2
271,168,2
272,168,2
273,168,2
274,168,2
275,168,2
276,168,2
277,168,2
278,168,2
279,168,2
280,168,2
281,168,2
282,168,2
283,168,2
284,168,2
285,168,2
286,168,2
287,168,2
288,168,2
289,168,2
290,168,2
291,168,2
292,168,2
293,168,2
294,168,2
295,168,2
296,168,2
297,168,2
298,168,2
299,168,2
300,168,2
301,168,2
302,168,2
303,168,2
304,168,2
305,168,2
306,168,0
307,168,0
308,168,0
309,168,0
310,168,0
311,168,0
312,168,0
313,168,0
314,168,0
315,168,0
316,168,0
317,168,0
318,168,0
319,168,0
320,168,0
321,168,0
322,168,0
323,168,0
324,168,0
325,168,0
326,168,0
327,168,0
328,168,0
329,168,0
330,168,0
331,168,0
332,168,0
333,168,0
334,168,0
335,168,0
336,168,0
337,168,0
338,168,0
339,168,0
340,168,0
341,168,0
342,168,0
343,168,0
344,168,0
345,168,0
346,168,0
347,168,0
348,168,0
349,168,0
350,168,0
351,168,0
352,168,0
353,168,0
354,168,0
355,168,0
356,168,0
357,168,0
358,168,0
359,168,0
360,168,0
361,168,0
362,168,0
363,168,0
364,168,0
365,168,0
366,168,0
367,168,0
368,168,0
369,168,0
370,168,0
371,168,0
372,168,0
373,168,0
374,168,0
375,168,0
376,168,0
377,168,0
378,168,0
379,168,0
380,168,0
381,168,0
382,168,0
383,168,0
384,168,0
385,168,0
386,168,0
387,168,0
388,168,0
389,168,0
390,168,0
1,167,0
2,167,0
3,167,0
4,167,0
5,167,0
6,167,0
7,167,0
8,167,0
9,167,0
10,167,0
11,167,0
12,167,0
13,167,0
14,167,0
15,167,0
16,167,0
17,167,0
18,167,0
19,167,0
20,167,0
21,167,0
22,167,0
23,167,0
24,167,0
25,167,0
26,167,0
27,167,0
28,167,0
29,167,0
30,167,0
31,167,0
32,167,0
33,167,0
34,167,0
35,167,0
36,167,0
37,167,0
38,167,0
39,167,0
40,167,0
41,167,0
42,167,0
43,167,0
44,167,0
45,167,0
46,167,0
47,167,0
48,167,0
49,167,0
50,167,0
51,167,0
52,167,0
53,167,0
54,167,0
55,167,0
56,167,0
57,167,0
58,167,0
59,167,0
60,167,0
61,167,0
62,167,0
63,167,0
64,167,0
65,167,0
66,167,0
67,167,0
68,167,0
69,167,0
70,167,0
71,167,0
72,167,0
73,167,0
74,167,0
75,167,0
76,167,0
77,167,0
78,167,0
79,167,0
80,167,0
81,167,0
82,167,0
83,167,0
84,167,0
85,167,0
86,167,0
87,167,0
88,167,0
89,167,0
90,167,0
91,167,0
92,167,0
93,167,0
94,167,0
95,167,0
96,167,0
97,167,0
98,167,0
99,167,0
100,167,0
101,167,0
102,167,0
103,167,0
104,167,0
105,167,0
106,167,0
107,167,0
108,167,0
109,167,0
110,167,2
111,167,2
112,167,2
113,167,2
114,167,2
115,167,2
116,167,2
117,167,2
118,167,2
119,167,2
120,167,2
121,167,2
122,167,2
123,167,2
124,167,2
125,167,2
126,167,2
127,167,2
128,167,2
129,167,2
130,167,2
131,167,2
132,167,2
133,167,2
134,167,2
135,167,2
136,167,2
137,167,2
138,167,2
139,167,2
140,167,2
141,167,2
142,167,2
143,167,2
144,167,2
145,167,2
146,167,2
147,167,2
148,167,2
149,167,2
150,167,2
151,167,2
152,167,2
153,167,2
154,167,2
155,167,2
156,167,2
157,167,2
158,167,0
159,167,0
160,167,3
161,167,3
162,167,3
163,167,3
164,167,3
165,167,3
166,167,3
167,167,3
168,167,3
169,167,3
170,167,3
171,167,3
172,167,3
173,167,3
174,167,3
175,167,3
176,167,3
177,167,3
178,167,3
179,167,3
180,167,3
181,167,3
182,167,3
183,167,3
184,167,3
185,167,3
186,167,3
187,167,3
188,167,3
189,167,3
190,167,3
191,167,3
192,167,3
193,167,3
194,167,3
195,167,3
196,167,3
197,167,3
198,167,3
199,167,3
200,167,3
201,167,3
202,167,3
203,167,3
204,167,3
205,167,3
206,167,3
207,167,3
208,167,3
209,167,3
210,167,3
211,167,3
212,167,3
213,167,3
214,167,3
215,167,3
216,167,3
217,167,3
218,167,3
219,167,3
220,167,3
221,167,3
222,167,3
223,167,3
224,167,3
225,167,3
226,167,3
227,167,3
228,167,3
229,167,3
230,167,3
231,167,3
232,167,3
233,167,3
234,167,3
235,167,3
236,167,3
237,167,3
238,167,3
239,167,3
240,167,3
241,167,3
242,167,3
243,167,3
244,167,3
245,167,3
246,167,3
247,167,3
248,167,3
249,167,3
250,167,3
251,167,3
252,167,3
253,167,3
254,167,3
255,167,0
256,167,0
257,167,2
258,167,2
259,167,2
260,167,2
261,167,2
262,167,2
263,167,2
264,167,2
265,167,2
266,167,2
267,167,2
268,167,2
269,167,2
270,167,2
271,167,2
272,167,2
273,167,2
274,167,2
275,167,2
276,167,2
277,167,2
278,167,2
279,167,2
280,167,2
281,167,2
282,167,2
283,167,2
284,167,2
285,167,2
286,167,2
287,167,2
288,167,2
289,167,2
290,167,2
291,167,2
292,167,2
293,167,2
294,167,2
295,167,2
296,167,2
297,167,2
298,167,2
299,167,2
300,167,2
301,167,2
302,167,2
303,167,2
304,167,2
305,167,2
306,167,2
307,167,2
308,167,0
309,167,0
310,167,0
311,167,0
312,167,0
313,167,0
314,167,0
315,167,0
316,167,0
317,167,0
318,167,0
319,167,0
320,167,0
321,167,0
322,167,0
323,167,0
324,167,0
325,167,0
326,167,0
327,167,0
328,167,0
329,167,0
330,167,0
331,167,0
332,167,0
333,167,0
334,167,0
335,167,0
336,167,0
337,167,0
338,167,0
339,167,0
340,167,0
341,167,0
342,167,0
343,167,0
344,167,0
345,167,0
346,167,0
347,167,0
348,167,0
349,167,0
350,167,0
351,167,0
352,167,0
353,167,0
354,167,0
355,167,0
356,167,0
357,167,0
358,167,0
359,167,0
360,167,0
361,167,0
362,167,0
363,167,0
364,167,0
365,167,0
366,167,0
367,167,0
368,167,0
369,167,0
370,167,0
371,167,0
372,167,0
373,167,0
374,167,0
375,167,0
376,167,0
377,167,0
378,167,0
379,167,0
380,167,0
381,167,0
382,167,0
383,167,0
384,167,0
385,167,0
386,167,0
387,167,0
388,167,0
389,167,0
390,167,0
1,166,0
2,166,0
3,166,0
4,166,0
5,166,0
6,166,0
7,166,0
8,166,0
9,166,0
10,166,0
11,166,0
12,166,0
13,166,0
14,166,0
15,166,0
16,166,0
17,166,0
18,166,0
19,166,0
20,166,0
21,166,0
22,166,0
23,166,0
24,166,0
25,166,0
26,166,0
27,166,0
28,166,0
29,166,0
30,166,0
31,166,0
32,166,0
33,166,0
34,166,0
35,166,0
36,166,0
37,166,0
38,166,0
39,166,0
40,166,0
41,166,0
42,166,0
43,166,0
44,166,0
45,166,0
46,166,0
47,166,0
48,166,0
49,166,0
50,166,0
51,166,0
52,166,0
53,166,0
54,166,0
55,166,0
56,166,0
57,166,0
58,166,0
59,166,0
60,166,0
61,166,0
62,166,0
63,166,0
64,166,0
65,166,0
66,166,0
67,166,0
68,166,0
69,166,0
70,166,0
71,166,0
72,166,0
73,166,0
74,166,0
75,166,0
76,166,0
77,166,0
78,166,0
79,166,0
80,166,0
81,166,0
82,166,0
83,166,0
84,166,0
85,166,0
86,166,0
87,166,0
88,166,0
89,166,0
90,166,0
91,166,0
92,166,0
93,166,0
94,166,0
95,166,0
96,166,0
97,166,0
98,166,0
99,166,0
100,166,0
101,166,0
102,166,0
103,166,0
104,166,0
105,166,0
106,166,0
107,166,0
108,166,0
109,166,0
110,166,2
111,166,2
112,166,2
113,166,2
114,166,2
115,166,2
116,166,2
117,166,2
118,166,2
119,166,2
120,166,2
121,166,2
122,166,2
123,166,2
124,166,2
125,166,2
126,166,2
127,166,2
128,166,2
129,166,2
130,166,2
131,166,2
132,166,2
133,166,2
134,166,2
135,166,2
136,166,2
137,166,2
138,166,2
139,166,2
140,166,2
141,166,2
142,166,2
143,166,2
144,166,2
145,166,2
146,166,2
147,166,2
148,166,2
149,166,2
150,166,2
151,166,2
152,166,2
153,166,2
154,166,2
155,166,2
156,166,2
157,166,0
158,166,0
159,166,3
160,166,3
161,166,3
162,166,3
163,166,3
164,166,3
165,166,3
166,166,3
167,166,3
168,166,3
169,166,3
170,166,3
171,166,3
172,166,3
173,166,3
174,166,3
175,166,3
176,166,3
177,166,3
178,166,3
179,166,3
180,166,3
181,166,3
182,166,3
183,166,3
184,166,3
185,166,3
186,166,3
187,166,3
188,166,3
189,166,3
190,166,3
191,166,3
192,166,3
193,166,3
194,166,3
195,166,3
196,166,3
197,166,3
198,166,3
199,166,3
200,166,3
201,166,3
202,166,3
203,166,3
204,166,3
205,166,3
206,166,3
207,166,3
208,166,3
209,166,3
210,166,3
211,166,3
212,166,3
213,166,3
214,166,3
215,166,3
216,166,3
217,166,3
218,166,3
219,166,3
220,166,3
221,166,3
222,166,3
223,166,3
224,166,3
225,166,3
226,166,3
227,166,3
228,166,3
229,166,3
230,166,3
231,166,3
232,166,3
233,166,3
234,166,3
235,166,3
236,166,3
237,166,3
238,166,3
239,166,3
240,166,3
241,166,3
242,166,3
243,166,3
244,166,3
245,166,3
246,166,3
247,166,3
248,166,3
249,166,3
250,166,3
251,166,3
252,166,3
253,166,3
254,166,3
255,166,3
256,166,0
257,166,0
258,166,2
259,166,2
260,166,2
261,166,2
262,166,2
263,166,2
264,166,2
265,166,2
266,166,2
267,166,2
268,166,2
269,166,2
270,166,2
271,166,2
272,166,2
273,166,2
274,166,2
275,166,2
276,166,2
277,166,2
278,166,2
279,166,2
280,166,2
281,166,2
282,166,2
283,166,2
284,166,2
285,166,2
286,166,2
287,166,2
288,166,2
289,166,2
290,166,2
291,166,2
292,166,2
293,166,2
294,166,2
295,166,2
296,166,2
297,166,2
298,166,2
299,166,2
300,166,2
301,166,2
302,166,2
303,166,2
304,166,2
305,166,2
306,166,2
307,166,0
308,166,0
309,166,0
310,166,0
311,166,0
312,166,0
313,166,0
314,166,0
315,166,0
316,166,0
317,166,0
318,166,0
319,166,0
320,166,0
321,166,0
322,166,0
323,166,0
324,166,0
325,166,0
326,166,0
327,166,0
328,166,0
329,166,0
330,166,0
331,166,0
332,166,0
333,166,0
334,166,0
335,166,0
336,166,0
337,166,0
338,166,0
339,166,0
340,166,0
341,166,0
342,166,0
343,166,0
344,166,0
345,166,0
346,166,0
347,166,0
348,166,0
349,166,0
350,166,0
351,166,0
352,166,0
353,166,0
354,166,0
355,166,0
356,166,0
357,166,0
358,166,0
359,166,0
360,166,0
361,166,0
362,166,0
363,166,0
364,166,0
365,166,0
366,166,0
367,166,0
368,166,0
369,166,0
370,166,0
371,166,0
372,166,0
373,166,0
374,166,0
375,166,0
376,166,0
377,166,0
378,166,0
379,166,0
380,166,0
381,166,0
382,166,0
383,166,0
384,166,0
385,166,0
386,166,0
387,166,0
388,166,0
389,166,0
390,166,0
1,165,0
2,165,0
3,165,0
4,165,0
5,165,0
6,165,0
7,165,0
8,165,0
9,165,0
10,165,0
11,165,0
12,165,0
13,165,0
14,165,0
15,165,0
16,165,0
17,165,0
18,165,0
19,165,0
20,165,0
21,165,0
22,165,0
23,165,0
24,165,0
25,165,0
26,165,0
27,165,0
28,165,0
29,165,0
30,165,0
31,165,0
32,165,0
33,165,0
34,165,0
35,165,0
36,165,0
37,165,0
38,165,0
39,165,0
40,165,0
41,165,0
42,165,0
43,165,0
44,165,0
45,165,0
46,165,0
47,165,0
48,165,0
49,165,0
50,165,0
51,165,0
52,165,0
53,165,0
54,165,0
55,165,0
56,165,0
57,165,0
58,165,0
59,165,0
60,165,0
61,165,0
62,165,0
63,165,0
64,165,0
65,165,0
66,165,0
67,165,0
68,165,0
69,165,0
70,165,0
71,165,0
72,165,0
73,165,0
74,165,0
75,165,0
76,165,0
77,165,0
78,165,0
79,165,0
80,165,0
81,165,0
82,165,0
83,165,0
84,165,0
85,165,0
86,165,0
87,165,0
88,165,0
89,165,0
90,165,0
91,165,0
92,165,0
93,165,0
94,165,0
95,165,0
96,165,0
97,165,0
98,165,0
99,165,0
100,165,0
101,165,0
102,165,0
103,165,0
104,165,0
105,165,0
106,165,0
107,165,0
108,165,2
109,165,2
110,165,2
111,165,2
112,165,2
113,165,2
114,165,2
115,165,2
116,165,2
117,165,2
118,165,2
119,165,2
120,165,2
121,165,2
122,165,2
123,165,2
124,165,2
125,165,2
126,165,2
127,165,2
128,165,2
129,165,2
130,165,2
131,165,2
132,165,2
133,165,2
134,165,2
135,165,2
136,165,2
137,165,2
138,165,2
139,165,2
140,165,2
141,165,2
142,165,2
143,165,2
144,165,2
145,165,2
146,165,2
147,165,2
148,165,2
149,165,2
150,165,2
151,165,2
152,165,2
153,165,2
154,165,2
155,165,2
156,165,0
157,165,0
158,165,3
159,165,3
160,165,3
161,165,3
162,165,3
163,165,3
164,165,3
165,165,3
166,165,3
167,165,3
168,165,3
169,165,3
170,165,3
171,165,3
172,165,3
173,165,3
174,165,3
175,165,3
176,165,3
177,165,3
178,165,3
179,165,3
180,165,3
181,165,3
182,165,3
183,165,3
184,165,3
185,165,3
186,165,3
187,165,3
188,165,3
189,165,3
190,165,3
191,165,3
192,165,3
193,165,3
194,165,3
195,165,3
196,165,3
197,165,3
198,165,3
199,165,3
200,165,3
201,165,3
202,165,3
203,165,3
204,165,3
205,165,3
206,165,3
207,165,3
208,165,3
209,165,3
210,165,3
211,165,3
212,165,3
213,165,3
214,165,3
215,165,3
216,165,3
217,165,3
218,165,3
219,165,3
220,165,3
221,165,3
222,165,3
223,165,3
224,165,3
225,165,3
226,165,3
227,165,3
228,165,3
229,165,3
230,165,3
231,165,3
232,165,3
233,165,3
234,165,3
235,165,3
236,165,3
237,165,3
238,165,3
239,165,3
240,165,3
241,165,3
242,165,3
243,165,3
244,165,3
245,165,3
246,165,3
247,165,3
248,165,3
249,165,3
250,165,3
251,165,3
252,165,3
253,165,3
254,165,3
255,165,3
256,165,3
257,165,0
258,165,0
259,165,0
260,165,0
261,165,0
262,165,2
263,165,0
264,165,0
265,165,0
266,165,0
267,165,0
268,165,0
269,165,0
270,165,0
271,165,0
272,165,0
273,165,3
274,165,3
275,165,0
276,165,2
277,165,2
278,165,2
279,165,2
280,165,2
281,165,2
282,165,2
283,165,2
284,165,2
285,165,2
286,165,2
287,165,2
288,165,2
289,165,2
290,165,2
291,165,2
292,165,2
293,165,2
294,165,2
295,165,2
296,165,2
297,165,2
298,165,2
299,165,2
300,165,2
301,165,2
302,165,2
303,165,2
304,165,2
305,165,2
306,165,0
307,165,0
308,165,0
309,165,3
310,165,0
311,165,0
312,165,0
313,165,0
314,165,0
315,165,0
316,165,0
317,165,0
318,165,0
319,165,0
320,165,0
321,165,0
322,165,0
323,165,0
324,165,0
325,165,0
326,165,0
327,165,0
328,165,0
329,165,0
330,165,0
331,165,0
332,165,0
333,165,0
334,165,0
335,165,0
336,165,0
337,165,0
338,165,0
339,165,0
340,165,0
341,165,0
342,165,0
343,165,0
344,165,0
345,165,0
346,165,0
347,165,0
348,165,0
349,165,0
350,165,0
351,165,0
352,165,0
353,165,0
354,165,0
355,165,0
356,165,0
357,165,0
358,165,0
359,165,0
360,165,0
361,165,0
362,165,0
363,165,0
364,165,0
365,165,0
366,165,0
367,165,0
368,165,0
369,165,0
370,165,0
371,165,0
372,165,0
373,165,0
374,165,0
375,165,0
376,165,0
377,165,0
378,165,0
379,165,0
380,165,0
381,165,0
382,165,0
383,165,0
384,165,0
385,165,0
386,165,0
387,165,0
388,165,0
389,165,0
390,165,0
1,164,0
2,164,0
3,164,0
4,164,0
5,164,0
6,164,0
7,164,0
8,164,0
9,164,0
10,164,0
11,164,0
12,164,0
13,164,0
14,164,0
15,164,0
16,164,0
17,164,0
18,164,0
19,164,0
20,164,0
21,164,0
22,164,0
23,164,0
24,164,0
25,164,0
26,164,0
27,164,0
28,164,0
29,164,0
30,164,0
31,164,0
32,164,0
33,164,0
34,164,0
35,164,0
36,164,0
37,164,0
38,164,0
39,164,0
40,164,0
41,164,0
42,164,0
43,164,0
44,164,0
45,164,0
46,164,0
47,164,0
48,164,0
49,164,0
50,164,0
51,164,0
52,164,0
53,164,0
54,164,0
55,164,0
56,164,0
57,164,0
58,164,0
59,164,0
60,164,0
61,164,0
62,164,0
63,164,0
64,164,0
65,164,0
66,164,0
67,164,0
68,164,0
69,164,0
70,164,0
71,164,0
72,164,0
73,164,0
74,164,0
75,164,0
76,164,0
77,164,0
78,164,0
79,164,0
80,164,0
81,164,0
82,164,0
83,164,0
84,164,0
85,164,0
86,164,0
87,164,0
88,164,0
89,164,0
90,164,0
91,164,0
92,164,0
93,164,0
94,164,0
95,164,0
96,164,0
97,164,0
98,164,0
99,164,0
100,164,0
101,164,0
102,164,0
103,164,0
104,164,0
105,164,0
106,164,0
107,164,0
108,164,2
109,164,2
110,164,2
111,164,2
112,164,2
113,164,2
114,164,2
115,164,2
116,164,2
117,164,2
118,164,2
119,164,2
120,164,2
121,164,2
122,164,2
123,164,2
124,164,2
125,164,2
126,164,2
127,164,2
128,164,2
129,164,2
130,164,2
131,164,2
132,164,2
133,164,2
134,164,2
135,164,2
136,164,2
137,164,2
138,164,2
139,164,2
140,164,2
141,164,2
142,164,2
143,164,2
144,164,2
145,164,2
146,164,2
147,164,2
148,164,2
149,164,2
150,164,2
151,164,2
152,164,2
153,164,2
154,164,0
155,164,0
156,164,3
157,164,3
158,164,3
159,164,3
160,164,3
161,164,3
162,164,3
163,164,3
164,164,3
165,164,3
166,164,3
167,164,3
168,164,3
169,164,3
170,164,3
171,164,3
172,164,3
173,164,3
174,164,3
175,164,3
176,164,3
177,164,3
178,164,3
179,164,3
180,164,3
181,164,3
182,164,3
183,164,3
184,164,3
185,164,3
186,164,3
187,164,3
188,164,3
189,164,3
190,164,3
191,164,3
192,164,3
193,164,3
194,164,3
195,164,3
196,164,3
197,164,3
198,164,3
199,164,3
200,164,3
201,164,3
202,164,3
203,164,3
204,164,3
205,164,3
206,164,3
207,164,3
208,164,3
209,164,3
210,164,3
211,164,3
212,164,3
213,164,3
214,164,3
215,164,3
216,164,3
217,164,3
218,164,3
219,164,3
220,164,3
221,164,3
222,164,3
223,164,3
224,164,3
225,164,3
226,164,3
227,164,3
228,164,3
229,164,3
230,164,3
231,164,3
232,164,3
233,164,3
234,164,3
235,164,3
236,164,3
237,164,3
238,164,3
239,164,3
240,164,3
241,164,3
242,164,3
243,164,3
244,164,3
245,164,3
246,164,3
247,164,3
248,164,3
249,164,3
250,164,3
251,164,3
252,164,3
253,164,3
254,164,3
255,164,3
256,164,3
257,164,3
258,164,3
259,164,3
260,164,3
261,164,3
262,164,3
263,164,3
264,164,3
265,164,3
266,164,3
267,164,3
268,164,3
269,164,3
270,164,3
271,164,3
272,164,3
273,164,3
274,164,3
275,164,3
276,164,3
277,164,0
278,164,2
279,164,2
280,164,2
281,164,2
282,164,2
283,164,2
284,164,2
285,164,2
286,164,2
287,164,2
288,164,2
289,164,2
290,164,2
291,164,2
292,164,2
293,164,2
294,164,2
295,164,2
296,164,2
297,164,2
298,164,2
299,164,2
300,164,2
301,164,2
302,164,2
303,164,2
304,164,2
305,164,0
306,164,3
307,164,3
308,164,3
309,164,3
310,164,3
311,164,3
312,164,3
313,164,3
314,164,0
315,164,0
316,164,0
317,164,0
318,164,0
319,164,0
320,164,0
321,164,0
322,164,0
323,164,0
324,164,0
325,164,0
326,164,0
327,164,0
328,164,0
329,164,0
330,164,0
331,164,0
332,164,0
333,164,0
334,164,0
335,164,0
336,164,0
337,164,0
338,164,0
339,164,0
340,164,0
341,164,0
342,164,0
343,164,0
344,164,0
345,164,0
346,164,0
347,164,0
348,164,0
349,164,0
350,164,0
351,164,0
352,164,0
353,164,0
354,164,0
355,164,0
356,164,0
357,164,0
358,164,0
359,164,0
360,164,0
361,164,0
362,164,0
363,164,0
364,164,0
365,164,0
366,164,0
367,164,0
368,164,0
369,164,0
370,164,0
371,164,0
372,164,0
373,164,0
374,164,0
375,164,0
376,164,0
377,164,0
378,164,0
379,164,0
380,164,0
381,164,0
382,164,0
383,164,0
384,164,0
385,164,0
386,164,0
387,164,0
388,164,0
389,164,0
390,164,0
1,163,0
2,163,0
3,163,0
4,163,0
5,163,0
6,163,0
7,163,0
8,163,0
9,163,0
10,163,0
11,163,0
12,163,0
13,163,0
14,163,0
15,163,0
16,163,0
17,163,0
18,163,0
19,163,0
20,163,0
21,163,0
22,163,0
23,163,0
24,163,0
25,163,0
26,163,0
27,163,0
28,163,0
29,163,0
30,163,0
31,163,0
32,163,0
33,163,0
34,163,0
35,163,0
36,163,0
37,163,0
38,163,0
39,163,0
40,163,0
41,163,0
42,163,0
43,163,0
44,163,0
45,163,0
46,163,0
47,163,0
48,163,0
49,163,0
50,163,0
51,163,0
52,163,0
53,163,0
54,163,0
55,163,0
56,163,0
57,163,0
58,163,0
59,163,0
60,163,0
61,163,0
62,163,0
63,163,0
64,163,0
65,163,0
66,163,0
67,163,0
68,163,0
69,163,0
70,163,0
71,163,0
72,163,0
73,163,0
74,163,0
75,163,0
76,163,0
77,163,0
78,163,0
79,163,0
80,163,0
81,163,0
82,163,0
83,163,0
84,163,0
85,163,0
86,163,0
87,163,0
88,163,0
89,163,0
90,163,0
91,163,0
92,163,0
93,163,0
94,163,0
95,163,0
96,163,0
97,163,0
98,163,0
99,163,0
100,163,0
101,163,0
102,163,0
103,163,0
104,163,0
105,163,0
106,163,2
107,163,2
108,163,2
109,163,2
110,163,2
111,163,2
112,163,2
113,163,2
114,163,2
115,163,2
116,163,2
117,163,2
118,163,2
119,163,2
120,163,2
121,163,2
122,163,2
123,163,2
124,163,2
125,163,2
126,163,2
127,163,2
128,163,2
129,163,2
130,163,2
131,163,2
132,163,2
133,163,2
134,163,2
135,163,2
136,163,2
137,163,2
138,163,2
139,163,2
140,163,2
141,163,2
142,163,2
143,163,2
144,163,2
145,163,2
146,163,2
147,163,2
148,163,2
149,163,2
150,163,2
151,163,2
152,163,2
153,163,0
154,163,0
155,163,0
156,163,3
157,163,3
158,163,3
159,163,3
160,163,3
161,163,3
162,163,3
163,163,3
164,163,3
165,163,3
166,163,3
167,163,3
168,163,3
169,163,3
170,163,3
171,163,3
172,163,3
173,163,3
174,163,3
175,163,3
176,163,3
177,163,3
178,163,3
179,163,3
180,163,3
181,163,3
182,163,3
183,163,3
184,163,3
185,163,3
186,163,3
187,163,3
188,163,3
189,163,3
190,163,3
191,163,3
192,163,3
193,163,3
194,163,3
195,163,3
196,163,3
197,163,3
198,163,3
199,163,3
200,163,3
201,163,3
202,163,3
203,163,3
204,163,3
205,163,3
206,163,3
207,163,3
208,163,3
209,163,3
210,163,3
211,163,3
212,163,3
213,163,3
214,163,3
215,163,3
216,163,3
217,163,3
218,163,3
219,163,3
220,163,3
221,163,3
222,163,3
223,163,3
224,163,3
225,163,3
226,163,3
227,163,3
228,163,3
229,163,3
230,163,3
231,163,3
232,163,3
233,163,3
234,163,3
235,163,3
236,163,3
237,163,3
238,163,3
239,163,3
240,163,3
241,163,3
242,163,3
243,163,3
244,163,3
245,163,3
246,163,3
247,163,3
248,163,3
249,163,3
250,163,3
251,163,3
252,163,3
253,163,3
254,163,3
255,163,3
256,163,3
257,163,3
258,163,3
259,163,3
260,163,3
261,163,3
262,163,3
263,163,3
264,163,3
265,163,3
266,163,3
267,163,3
268,163,3
269,163,3
270,163,3
271,163,3
272,163,3
273,163,3
274,163,3
275,163,3
276,163,3
277,163,3
278,163,2
279,163,2
280,163,2
281,163,2
282,163,2
283,163,2
284,163,2
285,163,2
286,163,2
287,163,2
288,163,2
289,163,2
290,163,2
291,163,2
292,163,2
293,163,2
294,163,2
295,163,2
296,163,2
297,163,2
298,163,2
299,163,2
300,163,2
301,163,2
302,163,2
303,163,2
304,163,0
305,163,0
306,163,3
307,163,3
308,163,3
309,163,3
310,163,3
311,163,3
312,163,3
313,163,3
314,163,3
315,163,0
316,163,0
317,163,0
318,163,0
319,163,0
320,163,0
321,163,0
322,163,0
323,163,0
324,163,0
325,163,0
326,163,0
327,163,0
328,163,0
329,163,0
330,163,0
331,163,0
332,163,0
333,163,0
334,163,0
335,163,0
336,163,0
337,163,0
338,163,0
339,163,0
340,163,0
341,163,0
342,163,0
343,163,0
344,163,0
345,163,0
346,163,0
347,163,0
348,163,0
349,163,0
350,163,0
351,163,0
352,163,0
353,163,0
354,163,0
355,163,0
356,163,0
357,163,0
358,163,0
359,163,0
360,163,0
361,163,0
362,163,0
363,163,0
364,163,0
365,163,0
366,163,0
367,163,0
368,163,0
369,163,0
370,163,0
371,163,0
372,163,0
373,163,0
374,163,0
375,163,0
376,163,0
377,163,0
378,163,0
379,163,0
380,163,0
381,163,0
382,163,0
383,163,0
384,163,0
385,163,0
386,163,0
387,163,0
388,163,0
389,163,0
390,163,0
1,162,0
2,162,0
3,162,0
4,162,0
5,162,0
6,162,0
7,162,0
8,162,0
9,162,0
10,162,0
11,162,0
12,162,0
13,162,0
14,162,0
15,162,0
16,162,0
17,162,0
18,162,0
19,162,0
20,162,0
21,162,0
22,162,0
23,162,0
24,162,0
25,162,0
26,162,0
27,162,0
28,162,0
29,162,0
30,162,0
31,162,0
32,162,0
33,162,0
34,162,0
35,162,0
36,162,0
37,162,0
38,162,0
39,162,0
40,162,0
41,162,0
42,162,0
43,162,0
44,162,0
45,162,0
46,162,0
47,162,0
48,162,0
49,162,0
50,162,0
51,162,0
52,162,0
53,162,0
54,162,0
55,162,0
56,162,0
57,162,0
58,162,0
59,162,0
60,162,0
61,162,0
62,162,0
63,162,0
64,162,0
65,162,0
66,162,0
67,162,0
68,162,0
69,162,0
70,162,0
71,162,0
72,162,0
73,162,0
74,162,0
75,162,0
76,162,0
77,162,0
78,162,0
79,162,0
80,162,0
81,162,0
82,162,0
83,162,0
84,162,0
85,162,0
86,162,0
87,162,0
88,162,0
89,162,0
90,162,0
91,162,0
92,162,0
93,162,0
94,162,0
95,162,0
96,162,0
97,162,0
98,162,0
99,162,0
100,162,0
101,162,0
102,162,0
103,162,0
104,162,0
105,162,2
106,162,2
107,162,2
108,162,2
109,162,2
110,162,2
111,162,2
112,162,2
113,162,2
114,162,2
115,162,2
116,162,2
117,162,2
118,162,2
119,162,2
120,162,2
121,162,2
122,162,2
123,162,2
124,162,2
125,162,2
126,162,2
127,162,2
128,162,2
129,162,2
130,162,2
131,162,2
132,162,2
133,162,2
134,162,2
135,162,2
136,162,2
137,162,2
138,162,2
139,162,2
140,162,2
141,162,2
142,162,2
143,162,2
144,162,2
145,162,2
146,162,2
147,162,2
148,162,2
149,162,2
150,162,2
151,162,2
152,162,0
153,162,0
154,162,3
155,162,3
156,162,3
157,162,3
158,162,3
159,162,3
160,162,3
161,162,3
162,162,3
163,162,3
164,162,3
165,162,3
166,162,3
167,162,3
168,162,3
169,162,3
170,162,3
171,162,3
172,162,3
173,162,3
174,162,3
175,162,3
176,162,3
177,162,3
178,162,3
179,162,3
180,162,3
181,162,3
182,162,3
183,162,3
184,162,3
185,162,3
186,162,3
187,162,3
188,162,3
189,162,3
190,162,3
191,162,3
192,162,3
193,162,3
194,162,3
195,162,3
196,162,3
197,162,3
198,162,3
199,162,3
200,162,3
201,162,3
202,162,3
203,162,3
204,162,3
205,162,3
206,162,3
207,162,3
208,162,3
209,162,3
210,162,3
211,162,3
212,162,3
213,162,3
214,162,3
215,162,3
216,162,3
217,162,3
218,162,3
219,162,3
220,162,3
221,162,3
222,162,3
223,162,3
224,162,3
225,162,3
226,162,3
227,162,3
228,162,3
229,162,3
230,162,3
231,162,3
232,162,3
233,162,3
234,162,3
235,162,3
236,162,3
237,162,3
238,162,3
239,162,3
240,162,3
241,162,3
242,162,3
243,162,3
244,162,3
245,162,3
246,162,3
247,162,3
248,162,3
249,162,3
250,162,3
251,162,3
252,162,3
253,162,3
254,162,3
255,162,3
256,162,3
257,162,3
258,162,3
259,162,3
260,162,3
261,162,3
262,162,3
263,162,3
264,162,3
265,162,3
266,162,3
267,162,3
268,162,3
269,162,3
270,162,3
271,162,3
272,162,3
273,162,3
274,162,3
275,162,3
276,162,3
277,162,3
278,162,0
279,162,2
280,162,2
281,162,2
282,162,2
283,162,2
284,162,2
285,162,2
286,162,2
287,162,2
288,162,2
289,162,2
290,162,2
291,162,2
292,162,2
293,162,2
294,162,2
295,162,2
296,162,2
297,162,2
298,162,2
299,162,2
300,162,2
301,162,2
302,162,0
303,162,0
304,162,3
305,162,3
306,162,3
307,162,3
308,162,3
309,162,3
310,162,3
311,162,3
312,162,3
313,162,3
314,162,3
315,162,3
316,162,0
317,162,0
318,162,0
319,162,0
320,162,0
321,162,0
322,162,0
323,162,0
324,162,0
325,162,0
326,162,0
327,162,0
328,162,0
329,162,0
330,162,0
331,162,0
332,162,0
333,162,0
334,162,0
335,162,0
336,162,0
337,162,0
338,162,0
339,162,0
340,162,0
341,162,0
342,162,0
343,162,0
344,162,0
345,162,0
346,162,0
347,162,0
348,162,0
349,162,0
350,162,0
351,162,0
352,162,0
353,162,0
354,162,0
355,162,0
356,162,0
357,162,0
358,162,0
359,162,0
360,162,0
361,162,0
362,162,0
363,162,0
364,162,0
365,162,0
366,162,0
367,162,0
368,162,0
369,162,0
370,162,0
371,162,0
372,162,0
373,162,0
374,162,0
375,162,0
376,162,0
377,162,0
378,162,0
379,162,0
380,162,0
381,162,0
382,162,0
383,162,0
384,162,0
385,162,0
386,162,0
387,162,0
388,162,0
389,162,0
390,162,0
1,161,0
2,161,0
3,161,0
4,161,0
5,161,0
6,161,0
7,161,0
8,161,0
9,161,0
10,161,0
11,161,0
12,161,0
13,161,0
14,161,0
15,161,0
16,161,0
17,161,0
18,161,0
19,161,0
20,161,0
21,161,0
22,161,0
23,161,0
24,161,0
25,161,0
26,161,0
27,161,0
28,161,0
29,161,0
30,161,0
31,161,0
32,161,0
33,161,0
34,161,0
35,161,0
36,161,0
37,161,0
38,161,0
39,161,0
40,161,0
41,161,0
42,161,0
43,161,0
44,161,0
45,161,0
46,161,0
47,161,0
48,161,0
49,161,0
50,161,0
51,161,0
52,161,0
53,161,0
54,161,0
55,161,0
56,161,0
57,161,0
58,161,0
59,161,0
60,161,0
61,161,0
62,161,0
63,161,0
64,161,0
65,161,0
66,161,0
67,161,0
68,161,0
69,161,0
70,161,0
71,161,0
72,161,0
73,161,0
74,161,0
75,161,0
76,161,0
77,161,0
78,161,0
79,161,0
80,161,0
81,161,0
82,161,0
83,161,0
84,161,0
85,161,0
86,161,0
87,161,0
88,161,0
89,161,0
90,161,0
91,161,0
92,161,0
93,161,0
94,161,0
95,161,0
96,161,0
97,161,0
98,161,0
99,161,0
100,161,0
101,161,0
102,161,0
103,161,2
104,161,2
105,161,2
106,161,2
107,161,2
108,161,2
109,161,2
110,161,2
111,161,2
112,161,2
113,161,2
114,161,2
115,161,2
116,161,2
117,161,2
118,161,2
119,161,2
120,161,2
121,161,2
122,161,2
123,161,2
124,161,2
125,161,2
126,161,2
127,161,2
128,161,2
129,161,2
130,161,2
131,161,2
132,161,2
133,161,2
134,161,2
135,161,2
136,161,2
137,161,2
138,161,2
139,161,2
140,161,2
141,161,2
142,161,2
143,161,2
144,161,2
145,161,2
146,161,2
147,161,2
148,161,2
149,161,2
150,161,2
151,161,0
152,161,0
153,161,3
154,161,3
155,161,3
156,161,3
157,161,3
158,161,3
159,161,3
160,161,3
161,161,3
162,161,3
163,161,3
164,161,3
165,161,3
166,161,3
167,161,3
168,161,3
169,161,3
170,161,3
171,161,3
172,161,3
173,161,3
174,161,3
175,161,3
176,161,3
177,161,3
178,161,3
179,161,3
180,161,3
181,161,3
182,161,3
183,161,3
184,161,3
185,161,3
186,161,3
187,161,3
188,161,3
189,161,3
190,161,3
191,161,3
192,161,3
193,161,3
194,161,3
195,161,3
196,161,3
197,161,3
198,161,3
199,161,3
200,161,3
201,161,3
202,161,3
203,161,3
204,161,3
205,161,3
206,161,3
207,161,3
208,161,3
209,161,3
210,161,3
211,161,3
212,161,3
213,161,3
214,161,3
215,161,3
216,161,3
217,161,3
218,161,3
219,161,3
220,161,3
221,161,3
222,161,3
223,161,3
224,161,3
225,161,3
226,161,3
227,161,3
228,161,3
229,161,3
230,161,3
231,161,3
232,161,3
233,161,3
234,161,3
235,161,3
236,161,3
237,161,3
238,161,3
239,161,3
240,161,3
241,161,3
242,161,3
243,161,3
244,161,3
245,161,3
246,161,3
247,161,3
248,161,3
249,161,3
250,161,3
251,161,3
252,161,3
253,161,3
254,161,3
255,161,3
256,161,3
257,161,3
258,161,3
259,161,3
260,161,3
261,161,3
262,161,3
263,161,3
264,161,3
265,161,3
266,161,3
267,161,3
268,161,3
269,161,3
270,161,3
271,161,3
272,161,3
273,161,3
274,161,3
275,161,3
276,161,3
277,161,3
278,161,0
279,161,2
280,161,2
281,161,2
282,161,2
283,161,2
284,161,2
285,161,2
286,161,2
287,161,2
288,161,2
289,161,2
290,161,2
291,161,2
292,161,2
293,161,2
294,161,2
295,161,2
296,161,2
297,161,2
298,161,2
299,161,2
300,161,2
301,161,0
302,161,0
303,161,3
304,161,3
305,161,3
306,161,3
307,161,3
308,161,3
309,161,3
310,161,3
311,161,3
312,161,3
313,161,3
314,161,3
315,161,3
316,161,3
317,161,3
318,161,0
319,161,0
320,161,0
321,161,0
322,161,0
323,161,0
324,161,0
325,161,0
326,161,0
327,161,0
328,161,0
329,161,0
330,161,0
331,161,0
332,161,0
333,161,0
334,161,0
335,161,0
336,161,0
337,161,0
338,161,0
339,161,0
340,161,0
341,161,0
342,161,0
343,161,0
344,161,0
345,161,0
346,161,0
347,161,0
348,161,0
349,161,0
350,161,0
351,161,0
352,161,0
353,161,0
354,161,0
355,161,0
356,161,0
357,161,0
358,161,0
359,161,0
360,161,0
361,161,0
362,161,0
363,161,0
364,161,0
365,161,0
366,161,0
367,161,0
368,161,0
369,161,0
370,161,0
371,161,0
372,161,0
373,161,0
374,161,0
375,161,0
376,161,0
377,161,0
378,161,0
379,161,0
380,161,0
381,161,0
382,161,0
383,161,0
384,161,0
385,161,0
386,161,0
387,161,0
388,161,0
389,161,0
390,161,0
1,160,0
2,160,0
3,160,0
4,160,0
5,160,0
6,160,0
7,160,0
8,160,0
9,160,0
10,160,0
11,160,0
12,160,0
13,160,0
14,160,0
15,160,0
16,160,0
17,160,0
18,160,0
19,160,0
20,160,0
21,160,0
22,160,0
23,160,0
24,160,0
25,160,0
26,160,0
27,160,0
28,160,0
29,160,0
30,160,0
31,160,0
32,160,0
33,160,0
34,160,0
35,160,0
36,160,0
37,160,0
38,160,0
39,160,0
40,160,0
41,160,0
42,160,0
43,160,0
44,160,0
45,160,0
46,160,0
47,160,0
48,160,0
49,160,0
50,160,0
51,160,0
52,160,0
53,160,0
54,160,0
55,160,0
56,160,0
57,160,0
58,160,0
59,160,0
60,160,0
61,160,0
62,160,0
63,160,0
64,160,0
65,160,0
66,160,0
67,160,0
68,160,0
69,160,0
70,160,0
71,160,0
72,160,0
73,160,0
74,160,0
75,160,0
76,160,0
77,160,0
78,160,0
79,160,0
80,160,0
81,160,0
82,160,0
83,160,0
84,160,0
85,160,0
86,160,0
87,160,0
88,160,0
89,160,0
90,160,0
91,160,0
92,160,0
93,160,0
94,160,0
95,160,0
96,160,0
97,160,0
98,160,0
99,160,0
100,160,0
101,160,0
102,160,2
103,160,2
104,160,2
105,160,2
106,160,2
107,160,2
108,160,2
109,160,2
110,160,2
111,160,2
112,160,2
113,160,2
114,160,2
115,160,2
116,160,2
117,160,2
118,160,2
119,160,2
120,160,2
121,160,2
122,160,2
123,160,2
124,160,2
125,160,2
126,160,2
127,160,2
128,160,2
129,160,2
130,160,2
131,160,2
132,160,2
133,160,2
134,160,2
135,160,2
136,160,2
137,160,2
138,160,2
139,160,2
140,160,2
141,160,2
142,160,2
143,160,2
144,160,2
145,160,2
146,160,2
147,160,2
148,160,2
149,160,2
150,160,0
151,160,0
152,160,3
153,160,3
154,160,3
155,160,3
156,160,3
157,160,3
158,160,3
159,160,3
160,160,3
161,160,3
162,160,3
163,160,3
164,160,3
165,160,3
166,160,3
167,160,3
168,160,3
169,160,3
170,160,3
171,160,3
172,160,3
173,160,3
174,160,3
175,160,3
176,160,3
177,160,3
178,160,3
179,160,3
180,160,3
181,160,3
182,160,3
183,160,3
184,160,3
185,160,3
186,160,3
187,160,3
188,160,3
189,160,3
190,160,3
191,160,3
192,160,3
193,160,3
194,160,3
195,160,3
196,160,3
197,160,3
198,160,3
199,160,3
200,160,3
201,160,3
202,160,3
203,160,3
204,160,3
205,160,3
206,160,3
207,160,3
208,160,3
209,160,3
210,160,3
211,160,3
212,160,3
213,160,3
214,160,3
215,160,3
216,160,3
217,160,3
218,160,3
219,160,3
220,160,3
221,160,3
222,160,3
223,160,3
224,160,3
225,160,3
226,160,3
227,160,3
228,160,3
229,160,3
230,160,3
231,160,3
232,160,3
233,160,3
234,160,3
235,160,3
236,160,3
237,160,3
238,160,3
239,160,3
240,160,3
241,160,3
242,160,3
243,160,3
244,160,3
245,160,3
246,160,3
247,160,3
248,160,3
249,160,3
250,160,3
251,160,3
252,160,3
253,160,3
254,160,3
255,160,3
256,160,3
257,160,3
258,160,3
259,160,3
260,160,3
261,160,3
262,160,3
263,160,3
264,160,3
265,160,3
266,160,3
267,160,3
268,160,3
269,160,3
270,160,3
271,160,3
272,160,3
273,160,3
274,160,3
275,160,3
276,160,3
277,160,3
278,160,3
279,160,0
280,160,2
281,160,2
282,160,2
283,160,2
284,160,2
285,160,2
286,160,2
287,160,2
288,160,2
289,160,2
290,160,2
291,160,2
292,160,2
293,160,2
294,160,2
295,160,2
296,160,2
297,160,2
298,160,2
299,160,2
300,160,0
301,160,0
302,160,3
303,160,3
304,160,3
305,160,3
306,160,3
307,160,3
308,160,3
309,160,3
310,160,3
311,160,3
312,160,3
313,160,3
314,160,3
315,160,3
316,160,3
317,160,3
318,160,3
319,160,3
320,160,0
321,160,0
322,160,0
323,160,0
324,160,0
325,160,0
326,160,0
327,160,0
328,160,0
329,160,0
330,160,0
331,160,0
332,160,0
333,160,0
334,160,0
335,160,0
336,160,0
337,160,0
338,160,0
339,160,0
340,160,0
341,160,0
342,160,0
343,160,0
344,160,0
345,160,0
346,160,0
347,160,0
348,160,0
349,160,0
350,160,0
351,160,0
352,160,0
353,160,0
354,160,0
355,160,0
356,160,0
357,160,0
358,160,0
359,160,0
360,160,0
361,160,0
362,160,0
363,160,0
364,160,0
365,160,0
366,160,0
367,160,0
368,160,0
369,160,0
370,160,0
371,160,0
372,160,0
373,160,0
374,160,0
375,160,0
376,160,0
377,160,0
378,160,0
379,160,0
380,160,0
381,160,0
382,160,0
383,160,0
384,160,0
385,160,0
386,160,0
387,160,0
388,160,0
389,160,0
390,160,0
1,159,0
2,159,0
3,159,0
4,159,0
5,159,0
6,159,0
7,159,0
8,159,0
9,159,0
10,159,0
11,159,0
12,159,0
13,159,0
14,159,0
15,159,0
16,159,0
17,159,0
18,159,0
19,159,0
20,159,0
21,159,0
22,159,0
23,159,0
24,159,0
25,159,0
26,159,0
27,159,0
28,159,0
29,159,0
30,159,0
31,159,0
32,159,0
33,159,0
34,159,0
35,159,0
36,159,0
37,159,0
38,159,0
39,159,0
40,159,0
41,159,0
42,159,0
43,159,0
44,159,0
45,159,0
46,159,0
47,159,0
48,159,0
49,159,0
50,159,0
51,159,0
52,159,0
53,159,0
54,159,0
55,159,0
56,159,0
57,159,0
58,159,0
59,159,0
60,159,0
61,159,0
62,159,0
63,159,0
64,159,0
65,159,0
66,159,0
67,159,0
68,159,0
69,159,0
70,159,0
71,159,0
72,159,0
73,159,0
74,159,0
75,159,0
76,159,0
77,159,0
78,159,0
79,159,0
80,159,0
81,159,0
82,159,0
83,159,0
84,159,0
85,159,0
86,159,0
87,159,0
88,159,0
89,159,0
90,159,0
91,159,0
92,159,0
93,159,0
94,159,0
95,159,0
96,159,0
97,159,0
98,159,0
99,159,0
100,159,0
101,159,2
102,159,2
103,159,2
104,159,2
105,159,2
106,159,2
107,159,2
108,159,2
109,159,2
110,159,2
111,159,2
112,159,2
113,159,2
114,159,2
115,159,2
116,159,2
117,159,2
118,159,2
119,159,2
120,159,2
121,159,2
122,159,2
123,159,2
124,159,2
125,159,2
126,159,2
127,159,2
128,159,2
129,159,2
130,159,2
131,159,2
132,159,2
133,159,2
134,159,2
135,159,2
136,159,2
137,159,2
138,159,2
139,159,2
140,159,2
141,159,2
142,159,2
143,159,2
144,159,2
145,159,2
146,159,2
147,159,2
148,159,2
149,159,2
150,159,0
151,159,0
152,159,3
153,159,3
154,159,3
155,159,3
156,159,3
157,159,3
158,159,3
159,159,3
160,159,3
161,159,3
162,159,3
163,159,3
164,159,3
165,159,3
166,159,3
167,159,3
168,159,3
169,159,3
170,159,3
171,159,3
172,159,3
173,159,3
174,159,3
175,159,3
176,159,3
177,159,3
178,159,3
179,159,3
180,159,3
181,159,3
182,159,3
183,159,3
184,159,3
185,159,3
186,159,3
187,159,3
188,159,3
189,159,3
190,159,3
191,159,3
192,159,3
193,159,3
194,159,3
195,159,3
196,159,3
197,159,3
198,159,3
199,159,3
200,159,3
201,159,3
202,159,3
203,159,3
204,159,3
205,159,3
206,159,3
207,159,3
208,159,3
209,159,3
210,159,3
211,159,3
212,159,3
213,159,3
214,159,3
215,159,3
216,159,3
217,159,3
218,159,3
219,159,3
220,159,3
221,159,3
222,159,3
223,159,3
224,159,3
225,159,3
226,159,3
227,159,3
228,159,3
229,159,3
230,159,3
231,159,3
232,159,3
233,159,3
234,159,3
235,159,3
236,159,3
237,159,3
238,159,3
239,159,3
240,159,3
241,159,3
242,159,3
243,159,3
244,159,3
245,159,3
246,159,3
247,159,3
248,159,3
249,159,3
250,159,3
251,159,3
252,159,3
253,159,3
254,159,3
255,159,3
256,159,3
257,159,3
258,159,3
259,159,3
260,159,3
261,159,3
262,159,3
263,159,3
264,159,3
265,159,3
266,159,3
267,159,3
268,159,3
269,159,3
270,159,3
271,159,3
272,159,3
273,159,3
274,159,3
275,159,3
276,159,3
277,159,3
278,159,3
279,159,3
280,159,0
281,159,2
282,159,2
283,159,2
284,159,2
285,159,2
286,159,2
287,159,2
288,159,2
289,159,2
290,159,2
291,159,2
292,159,2
293,159,2
294,159,2
295,159,2
296,159,2
297,159,2
298,159,0
299,159,0
300,159,0
301,159,3
302,159,3
303,159,3
304,159,3
305,159,3
306,159,3
307,159,3
308,159,3
309,159,3
310,159,3
311,159,3
312,159,3
313,159,3
314,159,3
315,159,3
316,159,3
317,159,3
318,159,3
319,159,3
320,159,3
321,159,0
322,159,0
323,159,0
324,159,0
325,159,0
326,159,0
327,159,0
328,159,0
329,159,0
330,159,0
331,159,0
332,159,0
333,159,0
334,159,0
335,159,0
336,159,0
337,159,0
338,159,0
339,159,0
340,159,0
341,159,0
342,159,0
343,159,0
344,159,0
345,159,0
346,159,0
347,159,0
348,159,0
349,159,0
350,159,0
351,159,0
352,159,0
353,159,0
354,159,0
355,159,0
356,159,0
357,159,0
358,159,0
359,159,0
360,159,0
361,159,0
362,159,0
363,159,0
364,159,0
365,159,0
366,159,0
367,159,0
368,159,0
369,159,0
370,159,0
371,159,0
372,159,0
373,159,0
374,159,0
375,159,0
376,159,0
377,159,0
378,159,0
379,159,0
380,159,0
381,159,0
382,159,0
383,159,0
384,159,0
385,159,0
386,159,0
387,159,0
388,159,0
389,159,0
390,159,0
1,158,0
2,158,0
3,158,0
4,158,0
5,158,0
6,158,0
7,158,0
8,158,0
9,158,0
10,158,0
11,158,0
12,158,0
13,158,0
14,158,0
15,158,0
16,158,0
17,158,0
18,158,0
19,158,0
20,158,0
21,158,0
22,158,0
23,158,0
24,158,0
25,158,0
26,158,0
27,158,0
28,158,0
29,158,0
30,158,0
31,158,0
32,158,0
33,158,0
34,158,0
35,158,0
36,158,0
37,158,0
38,158,0
39,158,0
40,158,0
41,158,0
42,158,0
43,158,0
44,158,0
45,158,0
46,158,0
47,158,0
48,158,0
49,158,0
50,158,0
51,158,0
52,158,0
53,158,0
54,158,0
55,158,0
56,158,0
57,158,0
58,158,0
59,158,0
60,158,0
61,158,0
62,158,0
63,158,0
64,158,0
65,158,0
66,158,0
67,158,0
68,158,0
69,158,0
70,158,0
71,158,0
72,158,0
73,158,0
74,158,0
75,158,0
76,158,0
77,158,0
78,158,0
79,158,0
80,158,0
81,158,0
82,158,0
83,158,0
84,158,0
85,158,0
86,158,0
87,158,0
88,158,0
89,158,0
90,158,0
91,158,0
92,158,0
93,158,0
94,158,0
95,158,0
96,158,0
97,158,0
98,158,0
99,158,0
100,158,2
101,158,2
102,158,2
103,158,2
104,158,2
105,158,2
106,158,2
107,158,2
108,158,2
109,158,2
110,158,2
111,158,2
112,158,2
113,158,2
114,158,2
115,158,2
116,158,2
117,158,2
118,158,2
119,158,2
120,158,2
121,158,2
122,158,2
123,158,2
124,158,2
125,158,2
126,158,2
127,158,2
128,158,2
129,158,2
130,158,2
131,158,2
132,158,2
133,158,2
134,158,2
135,158,2
136,158,2
137,158,2
138,158,2
139,158,2
140,158,2
141,158,2
142,158,2
143,158,2
144,158,2
145,158,2
146,158,2
147,158,2
148,158,2
149,158,0
150,158,0
151,158,3
152,158,3
153,158,3
154,158,3
155,158,3
156,158,3
157,158,3
158,158,3
159,158,3
160,158,3
161,158,3
162,158,3
163,158,3
164,158,3
165,158,3
166,158,3
167,158,3
168,158,3
169,158,3
170,158,3
171,158,3
172,158,3
173,158,3
174,158,3
175,158,3
176,158,3
177,158,3
178,158,3
179,158,3
180,158,3
181,158,3
182,158,3
183,158,3
184,158,3
185,158,3
186,158,3
187,158,3
188,158,3
189,158,3
190,158,3
191,158,3
192,158,3
193,158,3
194,158,3
195,158,3
196,158,3
197,158,3
198,158,3
199,158,3
200,158,3
201,158,3
202,158,3
203,158,3
204,158,3
205,158,3
206,158,3
207,158,3
208,158,3
209,158,3
210,158,3
211,158,3
212,158,3
213,158,3
214,158,3
215,158,3
216,158,3
217,158,3
218,158,3
219,158,3
220,158,3
221,158,3
222,158,3
223,158,3
224,158,3
225,158,3
226,158,3
227,158,3
228,158,3
229,158,3
230,158,3
231,158,3
232,158,3
233,158,3
234,158,3
235,158,3
236,158,3
237,158,3
238,158,3
239,158,3
240,158,3
241,158,3
242,158,3
243,158,3
244,158,3
245,158,3
246,158,3
247,158,3
248,158,3
249,158,3
250,158,3
251,158,3
252,158,3
253,158,3
254,158,3
255,158,3
256,158,3
257,158,3
258,158,3
259,158,3
260,158,3
261,158,3
262,158,3
263,158,3
264,158,3
265,158,3
266,158,3
267,158,3
268,158,3
269,158,3
270,158,3
271,158,3
272,158,3
273,158,3
274,158,3
275,158,3
276,158,3
277,158,3
278,158,3
279,158,3
280,158,0
281,158,0
282,158,2
283,158,2
284,158,2
285,158,2
286,158,2
287,158,2
288,158,2
289,158,2
290,158,2
291,158,2
292,158,0
293,158,0
294,158,0
295,158,3
296,158,3
297,158,3
298,158,3
299,158,3
300,158,3
301,158,3
302,158,3
303,158,3
304,158,3
305,158,3
306,158,3
307,158,3
308,158,3
309,158,3
310,158,3
311,158,3
312,158,3
313,158,3
314,158,3
315,158,3
316,158,3
317,158,3
318,158,3
319,158,3
320,158,3
321,158,0
322,158,0
323,158,0
324,158,0
325,158,0
326,158,0
327,158,0
328,158,0
329,158,0
330,158,0
331,158,0
332,158,0
333,158,0
334,158,0
335,158,0
336,158,0
337,158,0
338,158,0
339,158,0
340,158,0
341,158,0
342,158,0
343,158,0
344,158,0
345,158,0
346,158,0
347,158,0
348,158,0
349,158,0
350,158,0
351,158,0
352,158,0
353,158,0
354,158,0
355,158,0
356,158,0
357,158,0
358,158,0
359,158,0
360,158,0
361,158,0
362,158,0
363,158,0
364,158,0
365,158,0
366,158,0
367,158,0
368,158,0
369,158,0
370,158,0
371,158,0
372,158,0
373,158,0
374,158,0
375,158,0
376,158,0
377,158,0
378,158,0
379,158,0
380,158,0
381,158,0
382,158,0
383,158,0
384,158,0
385,158,0
386,158,0
387,158,0
388,158,0
389,158,0
390,158,0
1,157,0
2,157,0
3,157,0
4,157,0
5,157,0
6,157,0
7,157,0
8,157,0
9,157,0
10,157,0
11,157,0
12,157,0
13,157,0
14,157,0
15,157,0
16,157,0
17,157,0
18,157,0
19,157,0
20,157,0
21,157,0
22,157,0
23,157,0
24,157,0
25,157,0
26,157,0
27,157,0
28,157,0
29,157,0
30,157,0
31,157,0
32,157,0
33,157,0
34,157,0
35,157,0
36,157,0
37,157,0
38,157,0
39,157,0
40,157,0
41,157,0
42,157,0
43,157,0
44,157,0
45,157,0
46,157,0
47,157,0
48,157,0
49,157,0
50,157,0
51,157,0
52,157,0
53,157,0
54,157,0
55,157,0
56,157,0
57,157,0
58,157,0
59,157,0
60,157,0
61,157,0
62,157,0
63,157,0
64,157,0
65,157,0
66,157,0
67,157,0
68,157,0
69,157,0
70,157,0
71,157,0
72,157,0
73,157,0
74,157,0
75,157,0
76,157,0
77,157,0
78,157,0
79,157,0
80,157,0
81,157,0
82,157,0
83,157,0
84,157,0
85,157,0
86,157,0
87,157,0
88,157,0
89,157,0
90,157,0
91,157,0
92,157,0
93,157,0
94,157,0
95,157,0
96,157,0
97,157,0
98,157,2
99,157,2
100,157,2
101,157,2
102,157,2
103,157,2
104,157,2
105,157,2
106,157,2
107,157,2
108,157,2
109,157,2
110,157,2
111,157,2
112,157,2
113,157,2
114,157,2
115,157,2
116,157,2
117,157,2
118,157,2
119,157,2
120,157,2
121,157,2
122,157,2
123,157,2
124,157,2
125,157,2
126,157,2
127,157,2
128,157,2
129,157,2
130,157,2
131,157,2
132,157,2
133,157,2
134,157,2
135,157,2
136,157,2
137,157,2
138,157,2
139,157,2
140,157,2
141,157,2
142,157,2
143,157,2
144,157,2
145,157,2
146,157,2
147,157,2
148,157,2
149,157,0
150,157,3
151,157,3
152,157,3
153,157,3
154,157,3
155,157,3
156,157,3
157,157,3
158,157,3
159,157,3
160,157,3
161,157,3
162,157,3
163,157,3
164,157,3
165,157,3
166,157,3
167,157,3
168,157,3
169,157,3
170,157,3
171,157,3
172,157,3
173,157,3
174,157,3
175,157,3
176,157,3
177,157,3
178,157,3
179,157,3
180,157,3
181,157,3
182,157,3
183,157,3
184,157,3
185,157,3
186,157,3
187,157,3
188,157,3
189,157,3
190,157,3
191,157,3
192,157,3
193,157,3
194,157,3
195,157,3
196,157,3
197,157,3
198,157,3
199,157,3
200,157,3
201,157,3
202,157,3
203,157,3
204,157,3
205,157,3
206,157,3
207,157,3
208,157,3
209,157,3
210,157,3
211,157,3
212,157,3
213,157,3
214,157,3
215,157,3
216,157,3
217,157,3
218,157,3
219,157,3
220,157,3
221,157,3
222,157,3
223,157,3
224,157,3
225,157,3
226,157,3
227,157,3
228,157,3
229,157,3
230,157,3
231,157,3
232,157,3
233,157,3
234,157,3
235,157,3
236,157,3
237,157,3
238,157,3
239,157,3
240,157,3
241,157,3
242,157,3
243,157,3
244,157,3
245,157,3
246,157,3
247,157,3
248,157,3
249,157,3
250,157,3
251,157,3
252,157,3
253,157,3
254,157,3
255,157,3
256,157,3
257,157,3
258,157,3
259,157,3
260,157,3
261,157,3
262,157,3
263,157,3
264,157,3
265,157,3
266,157,3
267,157,3
268,157,3
269,157,3
270,157,3
271,157,3
272,157,3
273,157,3
274,157,3
275,157,3
276,157,3
277,157,3
278,157,3
279,157,3
280,157,3
281,157,0
282,157,0
283,157,2
284,157,2
285,157,2
286,157,2
287,157,2
288,157,2
289,157,2
290,157,2
291,157,0
292,157,3
293,157,3
294,157,3
295,157,3
296,157,3
297,157,3
298,157,3
299,157,3
300,157,3
301,157,3
302,157,3
303,157,3
304,157,3
305,157,3
306,157,3
307,157,3
308,157,3
309,157,3
310,157,3
311,157,3
312,157,3
313,157,3
314,157,3
315,157,3
316,157,3
317,157,3
318,157,3
319,157,3
320,157,3
321,157,3
322,157,0
323,157,0
324,157,0
325,157,0
326,157,0
327,157,0
328,157,0
329,157,0
330,157,0
331,157,0
332,157,0
333,157,0
334,157,0
335,157,0
336,157,0
337,157,0
338,157,0
339,157,0
340,157,0
341,157,0
342,157,0
343,157,0
344,157,0
345,157,0
346,157,0
347,157,0
348,157,0
349,157,0
350,157,0
351,157,0
352,157,0
353,157,0
354,157,0
355,157,0
356,157,0
357,157,0
358,157,0
359,157,0
360,157,0
361,157,0
362,157,0
363,157,0
364,157,0
365,157,0
366,157,0
367,157,0
368,157,0
369,157,0
370,157,0
371,157,0
372,157,0
373,157,0
374,157,0
375,157,0
376,157,0
377,157,0
378,157,0
379,157,0
380,157,0
381,157,0
382,157,0
383,157,0
384,157,0
385,157,0
386,157,0
387,157,0
388,157,0
389,157,0
390,157,0
1,156,0
2,156,0
3,156,0
4,156,0
5,156,0
6,156,0
7,156,0
8,156,0
9,156,0
10,156,0
11,156,0
12,156,0
13,156,0
14,156,0
15,156,0
16,156,0
17,156,0
18,156,0
19,156,0
20,156,0
21,156,0
22,156,0
23,156,0
24,156,0
25,156,0
26,156,0
27,156,0
28,156,0
29,156,0
30,156,0
31,156,0
32,156,0
33,156,0
34,156,0
35,156,0
36,156,0
37,156,0
38,156,0
39,156,0
40,156,0
41,156,0
42,156,0
43,156,0
44,156,0
45,156,0
46,156,0
47,156,0
48,156,0
49,156,0
50,156,0
51,156,0
52,156,0
53,156,0
54,156,0
55,156,0
56,156,0
57,156,0
58,156,0
59,156,0
60,156,0
61,156,0
62,156,0
63,156,0
64,156,0
65,156,0
66,156,0
67,156,0
68,156,0
69,156,0
70,156,0
71,156,0
72,156,0
73,156,0
74,156,0
75,156,0
76,156,0
77,156,0
78,156,0
79,156,0
80,156,0
81,156,0
82,156,0
83,156,0
84,156,0
85,156,0
86,156,0
87,156,0
88,156,0
89,156,0
90,156,0
91,156,0
92,156,0
93,156,0
94,156,0
95,156,0
96,156,2
97,156,2
98,156,2
99,156,2
100,156,2
101,156,2
102,156,2
103,156,2
104,156,2
105,156,2
106,156,2
107,156,2
108,156,2
109,156,2
110,156,2
111,156,2
112,156,2
113,156,2
114,156,2
115,156,2
116,156,2
117,156,2
118,156,2
119,156,2
120,156,2
121,156,2
122,156,2
123,156,2
124,156,2
125,156,2
126,156,2
127,156,2
128,156,2
129,156,2
130,156,2
131,156,2
132,156,2
133,156,2
134,156,2
135,156,2
136,156,2
137,156,2
138,156,2
139,156,2
140,156,2
141,156,2
142,156,2
143,156,2
144,156,2
145,156,2
146,156,2
147,156,2
148,156,2
149,156,0
150,156,3
151,156,3
152,156,3
153,156,3
154,156,3
155,156,3
156,156,3
157,156,3
158,156,3
159,156,3
160,156,3
161,156,3
162,156,3
163,156,3
164,156,3
165,156,3
166,156,3
167,156,3
168,156,3
169,156,3
170,156,3
171,156,3
172,156,3
173,156,3
174,156,3
175,156,3
176,156,3
177,156,3
178,156,3
179,156,3
180,156,3
181,156,3
182,156,3
183,156,3
184,156,3
185,156,3
186,156,3
187,156,3
188,156,3
189,156,3
190,156,3
191,156,3
192,156,3
193,156,3
194,156,3
195,156,3
196,156,3
197,156,3
198,156,3
199,156,3
200,156,3
201,156,3
202,156,3
203,156,3
204,156,3
205,156,3
206,156,3
207,156,3
208,156,3
209,156,3
210,156,3
211,156,3
212,156,3
213,156,3
214,156,3
215,156,3
216,156,3
217,156,3
218,156,3
219,156,3
220,156,3
221,156,3
222,156,3
223,156,3
224,156,3
225,156,3
226,156,3
227,156,3
228,156,3
229,156,3
230,156,3
231,156,3
232,156,3
233,156,3
234,156,3
235,156,3
236,156,3
237,156,3
238,156,3
239,156,3
240,156,3
241,156,3
242,156,3
243,156,3
244,156,3
245,156,3
246,156,3
247,156,3
248,156,3
249,156,3
250,156,3
251,156,3
252,156,3
253,156,3
254,156,3
255,156,3
256,156,3
257,156,3
258,156,3
259,156,3
260,156,3
261,156,3
262,156,3
263,156,3
264,156,3
265,156,3
266,156,3
267,156,3
268,156,3
269,156,3
270,156,3
271,156,3
272,156,3
273,156,3
274,156,3
275,156,3
276,156,3
277,156,3
278,156,3
279,156,3
280,156,3
281,156,3
282,156,0
283,156,0
284,156,0
285,156,0
286,156,0
287,156,0
288,156,0
289,156,0
290,156,3
291,156,3
292,156,3
293,156,3
294,156,3
295,156,3
296,156,3
297,156,3
298,156,3
299,156,3
300,156,3
301,156,3
302,156,3
303,156,3
304,156,3
305,156,3
306,156,3
307,156,3
308,156,3
309,156,3
310,156,3
311,156,3
312,156,3
313,156,3
314,156,3
315,156,3
316,156,3
317,156,3
318,156,3
319,156,3
320,156,3
321,156,3
322,156,3
323,156,3
324,156,3
325,156,0
326,156,0
327,156,0
328,156,0
329,156,0
330,156,0
331,156,0
332,156,0
333,156,0
334,156,0
335,156,0
336,156,0
337,156,0
338,156,0
339,156,0
340,156,0
341,156,0
342,156,0
343,156,0
344,156,0
345,156,0
346,156,0
347,156,0
348,156,0
349,156,0
350,156,0
351,156,0
352,156,0
353,156,0
354,156,0
355,156,0
356,156,0
357,156,0
358,156,0
359,156,0
360,156,0
361,156,0
362,156,0
363,156,0
364,156,0
365,156,0
366,156,0
367,156,0
368,156,0
369,156,0
370,156,0
371,156,0
372,156,0
373,156,0
374,156,0
375,156,0
376,156,0
377,156,0
378,156,0
379,156,0
380,156,0
381,156,0
382,156,0
383,156,0
384,156,0
385,156,0
386,156,0
387,156,0
388,156,0
389,156,0
390,156,0
1,155,0
2,155,0
3,155,0
4,155,0
5,155,0
6,155,0
7,155,0
8,155,0
9,155,0
10,155,0
11,155,0
12,155,0
13,155,0
14,155,0
15,155,0
16,155,0
17,155,0
18,155,0
19,155,0
20,155,0
21,155,0
22,155,0
23,155,0
24,155,0
25,155,0
26,155,0
27,155,0
28,155,0
29,155,0
30,155,0
31,155,0
32,155,0
33,155,0
34,155,0
35,155,0
36,155,0
37,155,0
38,155,0
39,155,0
40,155,0
41,155,0
42,155,0
43,155,0
44,155,0
45,155,0
46,155,0
47,155,0
48,155,0
49,155,0
50,155,0
51,155,0
52,155,0
53,155,0
54,155,0
55,155,0
56,155,0
57,155,0
58,155,0
59,155,0
60,155,0
61,155,0
62,155,0
63,155,0
64,155,0
65,155,0
66,155,0
67,155,0
68,155,0
69,155,0
70,155,0
71,155,0
72,155,0
73,155,0
74,155,0
75,155,0
76,155,0
77,155,0
78,155,0
79,155,0
80,155,0
81,155,0
82,155,0
83,155,0
84,155,0
85,155,0
86,155,0
87,155,0
88,155,0
89,155,0
90,155,0
91,155,0
92,155,0
93,155,0
94,155,0
95,155,0
96,155,2
97,155,2
98,155,2
99,155,2
100,155,2
101,155,2
102,155,2
103,155,2
104,155,2
105,155,2
106,155,2
107,155,2
108,155,2
109,155,2
110,155,2
111,155,2
112,155,2
113,155,2
114,155,2
115,155,2
116,155,2
117,155,2
118,155,2
119,155,2
120,155,2
121,155,2
122,155,2
123,155,2
124,155,2
125,155,2
126,155,2
127,155,2
128,155,2
129,155,2
130,155,2
131,155,2
132,155,2
133,155,2
134,155,2
135,155,2
136,155,2
137,155,2
138,155,2
139,155,2
140,155,2
141,155,2
142,155,2
143,155,2
144,155,2
145,155,2
146,155,2
147,155,2
148,155,2
149,155,0
150,155,3
151,155,3
152,155,3
153,155,3
154,155,3
155,155,3
156,155,3
157,155,3
158,155,3
159,155,3
160,155,3
161,155,3
162,155,3
163,155,3
164,155,3
165,155,3
166,155,3
167,155,3
168,155,3
169,155,3
170,155,3
171,155,3
172,155,3
173,155,3
174,155,3
175,155,3
176,155,3
177,155,3
178,155,3
179,155,3
180,155,3
181,155,3
182,155,3
183,155,3
184,155,3
185,155,3
186,155,3
187,155,3
188,155,3
189,155,3
190,155,3
191,155,3
192,155,3
193,155,3
194,155,3
195,155,3
196,155,3
197,155,3
198,155,3
199,155,3
200,155,3
201,155,3
202,155,3
203,155,3
204,155,3
205,155,3
206,155,3
207,155,3
208,155,3
209,155,3
210,155,3
211,155,3
212,155,3
213,155,3
214,155,3
215,155,3
216,155,3
217,155,3
218,155,3
219,155,3
220,155,3
221,155,3
222,155,3
223,155,3
224,155,3
225,155,3
226,155,3
227,155,3
228,155,3
229,155,3
230,155,3
231,155,3
232,155,3
233,155,3
234,155,3
235,155,3
236,155,3
237,155,3
238,155,3
239,155,3
240,155,3
241,155,3
242,155,3
243,155,3
244,155,3
245,155,3
246,155,3
247,155,3
248,155,3
249,155,3
250,155,3
251,155,3
252,155,3
253,155,3
254,155,3
255,155,3
256,155,3
257,155,3
258,155,3
259,155,3
260,155,3
261,155,3
262,155,3
263,155,3
264,155,3
265,155,3
266,155,3
267,155,3
268,155,3
269,155,3
270,155,3
271,155,3
272,155,3
273,155,3
274,155,3
275,155,3
276,155,3
277,155,3
278,155,3
279,155,3
280,155,3
281,155,3
282,155,3
283,155,3
284,155,3
285,155,3
286,155,3
287,155,3
288,155,3
289,155,3
290,155,3
291,155,3
292,155,3
293,155,3
294,155,3
295,155,3
296,155,3
297,155,3
298,155,3
299,155,3
300,155,3
301,155,3
302,155,3
303,155,3
304,155,3
305,155,3
306,155,3
307,155,3
308,155,3
309,155,3
310,155,3
311,155,3
312,155,3
313,155,3
314,155,3
315,155,3
316,155,3
317,155,3
318,155,3
319,155,3
320,155,3
321,155,3
322,155,3
323,155,3
324,155,3
325,155,3
326,155,3
327,155,3
328,155,3
329,155,3
330,155,3
331,155,3
332,155,3
333,155,3
334,155,0
335,155,0
336,155,0
337,155,0
338,155,0
339,155,0
340,155,0
341,155,0
342,155,0
343,155,0
344,155,0
345,155,0
346,155,0
347,155,0
348,155,0
349,155,0
350,155,0
351,155,0
352,155,0
353,155,0
354,155,0
355,155,0
356,155,0
357,155,0
358,155,0
359,155,0
360,155,0
361,155,0
362,155,0
363,155,0
364,155,0
365,155,0
366,155,0
367,155,0
368,155,0
369,155,0
370,155,0
371,155,0
372,155,0
373,155,0
374,155,0
375,155,0
376,155,0
377,155,0
378,155,0
379,155,0
380,155,0
381,155,0
382,155,0
383,155,0
384,155,0
385,155,0
386,155,0
387,155,0
388,155,0
389,155,0
390,155,0
1,154,0
2,154,0
3,154,0
4,154,0
5,154,0
6,154,0
7,154,0
8,154,0
9,154,0
10,154,0
11,154,0
12,154,0
13,154,0
14,154,0
15,154,0
16,154,0
17,154,0
18,154,0
19,154,0
20,154,0
21,154,0
22,154,0
23,154,0
24,154,0
25,154,0
26,154,0
27,154,0
28,154,0
29,154,0
30,154,0
31,154,0
32,154,0
33,154,0
34,154,0
35,154,0
36,154,0
37,154,0
38,154,0
39,154,0
40,154,0
41,154,0
42,154,0
43,154,0
44,154,0
45,154,0
46,154,0
47,154,0
48,154,0
49,154,0
50,154,0
51,154,0
52,154,0
53,154,0
54,154,0
55,154,0
56,154,0
57,154,0
58,154,0
59,154,0
60,154,0
61,154,0
62,154,0
63,154,0
64,154,0
65,154,0
66,154,0
67,154,0
68,154,0
69,154,0
70,154,0
71,154,0
72,154,0
73,154,0
74,154,0
75,154,0
76,154,0
77,154,0
78,154,0
79,154,0
80,154,0
81,154,0
82,154,0
83,154,0
84,154,0
85,154,0
86,154,0
87,154,0
88,154,0
89,154,0
90,154,0
91,154,0
92,154,0
93,154,0
94,154,0
95,154,2
96,154,2
97,154,2
98,154,2
99,154,2
100,154,2
101,154,2
102,154,2
103,154,2
104,154,2
105,154,2
106,154,2
107,154,2
108,154,2
109,154,2
110,154,2
111,154,2
112,154,2
113,154,2
114,154,2
115,154,2
116,154,2
117,154,2
118,154,2
119,154,2
120,154,2
121,154,2
122,154,2
123,154,2
124,154,2
125,154,2
126,154,2
127,154,2
128,154,2
129,154,2
130,154,2
131,154,2
132,154,2
133,154,2
134,154,2
135,154,2
136,154,2
137,154,2
138,154,2
139,154,2
140,154,2
141,154,2
142,154,2
143,154,2
144,154,2
145,154,2
146,154,2
147,154,2
148,154,0
149,154,0
150,154,3
151,154,3
152,154,3
153,154,3
154,154,3
155,154,3
156,154,3
157,154,3
158,154,3
159,154,3
160,154,3
161,154,3
162,154,3
163,154,3
164,154,3
165,154,3
166,154,3
167,154,3
168,154,3
169,154,3
170,154,3
171,154,3
172,154,3
173,154,3
174,154,3
175,154,3
176,154,3
177,154,3
178,154,3
179,154,3
180,154,3
181,154,3
182,154,3
183,154,3
184,154,3
185,154,3
186,154,3
187,154,3
188,154,3
189,154,3
190,154,3
191,154,3
192,154,3
193,154,3
194,154,3
195,154,3
196,154,3
197,154,3
198,154,3
199,154,3
200,154,3
201,154,3
202,154,3
203,154,3
204,154,3
205,154,3
206,154,3
207,154,3
208,154,3
209,154,3
210,154,3
211,154,3
212,154,3
213,154,3
214,154,3
215,154,3
216,154,3
217,154,3
218,154,3
219,154,3
220,154,3
221,154,3
222,154,3
223,154,3
224,154,3
225,154,3
226,154,3
227,154,3
228,154,3
229,154,3
230,154,3
231,154,3
232,154,3
233,154,3
234,154,3
235,154,3
236,154,3
237,154,3
238,154,3
239,154,3
240,154,3
241,154,3
242,154,3
243,154,3
244,154,3
245,154,3
246,154,3
247,154,3
248,154,3
249,154,3
250,154,3
251,154,3
252,154,3
253,154,3
254,154,3
255,154,3
256,154,3
257,154,3
258,154,3
259,154,3
260,154,3
261,154,3
262,154,3
263,154,3
264,154,3
265,154,3
266,154,3
267,154,3
268,154,3
269,154,3
270,154,3
271,154,3
272,154,3
273,154,3
274,154,3
275,154,3
276,154,3
277,154,3
278,154,3
279,154,3
280,154,3
281,154,3
282,154,3
283,154,3
284,154,3
285,154,3
286,154,3
287,154,3
288,154,3
289,154,3
290,154,3
291,154,3
292,154,3
293,154,3
294,154,3
295,154,3
296,154,3
297,154,3
298,154,3
299,154,3
300,154,3
301,154,3
302,154,3
303,154,3
304,154,3
305,154,3
306,154,3
307,154,3
308,154,3
309,154,3
310,154,3
311,154,3
312,154,3
313,154,3
314,154,3
315,154,3
316,154,3
317,154,3
318,154,3
319,154,3
320,154,3
321,154,3
322,154,3
323,154,3
324,154,3
325,154,3
326,154,3
327,154,3
328,154,3
329,154,3
330,154,3
331,154,3
332,154,3
333,154,3
334,154,3
335,154,3
336,154,3
337,154,3
338,154,3
339,154,3
340,154,0
341,154,0
342,154,0
343,154,0
344,154,0
345,154,0
346,154,0
347,154,0
348,154,0
349,154,0
350,154,0
351,154,0
352,154,0
353,154,0
354,154,0
355,154,0
356,154,0
357,154,0
358,154,0
359,154,0
360,154,0
361,154,0
362,154,0
363,154,0
364,154,0
365,154,0
366,154,0
367,154,0
368,154,0
369,154,0
370,154,0
371,154,0
372,154,0
373,154,0
374,154,0
375,154,0
376,154,0
377,154,0
378,154,0
379,154,0
380,154,0
381,154,0
382,154,0
383,154,0
384,154,0
385,154,0
386,154,0
387,154,0
388,154,0
389,154,0
390,154,0
1,153,0
2,153,0
3,153,0
4,153,0
5,153,0
6,153,0
7,153,0
8,153,0
9,153,0
10,153,0
11,153,0
12,153,0
13,153,0
14,153,0
15,153,0
16,153,0
17,153,0
18,153,0
19,153,0
20,153,0
21,153,0
22,153,0
23,153,0
24,153,0
25,153,0
26,153,0
27,153,0
28,153,0
29,153,0
30,153,0
31,153,0
32,153,0
33,153,0
34,153,0
35,153,0
36,153,0
37,153,0
38,153,0
39,153,0
40,153,0
41,153,0
42,153,0
43,153,0
44,153,0
45,153,0
46,153,0
47,153,0
48,153,0
49,153,0
50,153,0
51,153,0
52,153,0
53,153,0
54,153,0
55,153,0
56,153,0
57,153,0
58,153,0
59,153,0
60,153,0
61,153,0
62,153,0
63,153,0
64,153,0
65,153,0
66,153,0
67,153,0
68,153,0
69,153,0
70,153,0
71,153,0
72,153,0
73,153,0
74,153,0
75,153,0
76,153,0
77,153,0
78,153,0
79,153,0
80,153,0
81,153,0
82,153,0
83,153,0
84,153,0
85,153,0
86,153,0
87,153,0
88,153,0
89,153,0
90,153,0
91,153,0
92,153,0
93,153,0
94,153,2
95,153,2
96,153,2
97,153,2
98,153,2
99,153,2
100,153,2
101,153,2
102,153,2
103,153,2
104,153,2
105,153,2
106,153,2
107,153,2
108,153,2
109,153,2
110,153,2
111,153,2
112,153,2
113,153,2
114,153,2
115,153,2
116,153,2
117,153,2
118,153,2
119,153,2
120,153,2
121,153,2
122,153,2
123,153,2
124,153,2
125,153,2
126,153,2
127,153,2
128,153,2
129,153,2
130,153,2
131,153,2
132,153,2
133,153,2
134,153,2
135,153,2
136,153,2
137,153,2
138,153,2
139,153,2
140,153,2
141,153,2
142,153,2
143,153,2
144,153,2
145,153,2
146,153,2
147,153,2
148,153,0
149,153,0
150,153,3
151,153,3
152,153,3
153,153,3
154,153,3
155,153,3
156,153,3
157,153,3
158,153,3
159,153,3
160,153,3
161,153,3
162,153,3
163,153,3
164,153,3
165,153,3
166,153,3
167,153,3
168,153,3
169,153,3
170,153,3
171,153,3
172,153,3
173,153,3
174,153,3
175,153,3
176,153,3
177,153,3
178,153,3
179,153,3
180,153,3
181,153,3
182,153,3
183,153,3
184,153,3
185,153,3
186,153,3
187,153,3
188,153,3
189,153,3
190,153,3
191,153,3
192,153,3
193,153,3
194,153,3
195,153,3
196,153,3
197,153,3
198,153,3
199,153,3
200,153,3
201,153,3
202,153,3
203,153,3
204,153,3
205,153,3
206,153,3
207,153,3
208,153,3
209,153,3
210,153,3
211,153,3
212,153,3
213,153,3
214,153,3
215,153,3
216,153,3
217,153,3
218,153,3
219,153,3
220,153,3
221,153,3
222,153,3
223,153,3
224,153,3
225,153,3
226,153,3
227,153,3
228,153,3
229,153,3
230,153,3
231,153,3
232,153,3
233,153,3
234,153,3
235,153,3
236,153,3
237,153,3
238,153,3
239,153,3
240,153,3
241,153,3
242,153,3
243,153,3
244,153,3
245,153,3
246,153,3
247,153,3
248,153,3
249,153,3
250,153,3
251,153,3
252,153,3
253,153,3
254,153,3
255,153,3
256,153,3
257,153,3
258,153,3
259,153,3
260,153,3
261,153,3
262,153,3
263,153,3
264,153,3
265,153,3
266,153,3
267,153,3
268,153,3
269,153,3
270,153,3
271,153,3
272,153,3
273,153,3
274,153,3
275,153,3
276,153,3
277,153,3
278,153,3
279,153,3
280,153,3
281,153,3
282,153,3
283,153,3
284,153,3
285,153,3
286,153,3
287,153,3
288,153,3
289,153,3
290,153,3
291,153,3
292,153,3
293,153,3
294,153,3
295,153,3
296,153,3
297,153,3
298,153,3
299,153,3
300,153,3
301,153,3
302,153,3
303,153,3
304,153,3
305,153,3
306,153,3
307,153,3
308,153,3
309,153,3
310,153,3
311,153,3
312,153,3
313,153,3
314,153,3
315,153,3
316,153,3
317,153,3
318,153,3
319,153,3
320,153,3
321,153,3
322,153,3
323,153,3
324,153,3
325,153,3
326,153,3
327,153,3
328,153,3
329,153,3
330,153,3
331,153,3
332,153,3
333,153,3
334,153,3
335,153,3
336,153,3
337,153,3
338,153,3
339,153,3
340,153,0
341,153,0
342,153,0
343,153,0
344,153,0
345,153,0
346,153,0
347,153,0
348,153,0
349,153,0
350,153,0
351,153,0
352,153,0
353,153,0
354,153,0
355,153,0
356,153,0
357,153,0
358,153,0
359,153,0
360,153,0
361,153,0
362,153,0
363,153,0
364,153,0
365,153,0
366,153,0
367,153,0
368,153,0
369,153,0
370,153,0
371,153,0
372,153,0
373,153,0
374,153,0
375,153,0
376,153,0
377,153,0
378,153,0
379,153,0
380,153,0
381,153,0
382,153,0
383,153,0
384,153,0
385,153,0
386,153,0
387,153,0
388,153,0
389,153,0
390,153,0
1,152,0
2,152,0
3,152,0
4,152,0
5,152,0
6,152,0
7,152,0
8,152,0
9,152,0
10,152,0
11,152,0
12,152,0
13,152,0
14,152,0
15,152,0
16,152,0
17,152,0
18,152,0
19,152,0
20,152,0
21,152,0
22,152,0
23,152,0
24,152,0
25,152,0
26,152,0
27,152,0
28,152,0
29,152,0
30,152,0
31,152,0
32,152,0
33,152,0
34,152,0
35,152,0
36,152,0
37,152,0
38,152,0
39,152,0
40,152,0
41,152,0
42,152,0
43,152,0
44,152,0
45,152,0
46,152,0
47,152,0
48,152,0
49,152,0
50,152,0
51,152,0
52,152,0
53,152,0
54,152,0
55,152,0
56,152,0
57,152,0
58,152,0
59,152,0
60,152,0
61,152,0
62,152,0
63,152,0
64,152,0
65,152,0
66,152,0
67,152,0
68,152,0
69,152,0
70,152,0
71,152,0
72,152,0
73,152,0
74,152,0
75,152,0
76,152,0
77,152,0
78,152,0
79,152,0
80,152,0
81,152,0
82,152,0
83,152,0
84,152,0
85,152,0
86,152,0
87,152,0
88,152,0
89,152,0
90,152,0
91,152,0
92,152,0
93,152,2
94,152,2
95,152,2
96,152,2
97,152,2
98,152,2
99,152,2
100,152,2
101,152,2
102,152,2
103,152,2
104,152,2
105,152,2
106,152,2
107,152,2
108,152,2
109,152,2
110,152,2
111,152,2
112,152,2
113,152,2
114,152,2
115,152,2
116,152,2
117,152,2
118,152,2
119,152,2
120,152,2
121,152,2
122,152,2
123,152,2
124,152,2
125,152,2
126,152,2
127,152,2
128,152,2
129,152,2
130,152,2
131,152,2
132,152,2
133,152,2
134,152,2
135,152,2
136,152,2
137,152,2
138,152,2
139,152,2
140,152,2
141,152,2
142,152,2
143,152,2
144,152,2
145,152,2
146,152,2
147,152,2
148,152,0
149,152,3
150,152,3
151,152,3
152,152,3
153,152,3
154,152,3
155,152,3
156,152,3
157,152,3
158,152,3
159,152,3
160,152,3
161,152,3
162,152,3
163,152,3
164,152,3
165,152,3
166,152,3
167,152,3
168,152,3
169,152,3
170,152,3
171,152,3
172,152,3
173,152,3
174,152,3
175,152,3
176,152,3
177,152,3
178,152,3
179,152,3
180,152,3
181,152,3
182,152,3
183,152,3
184,152,3
185,152,3
186,152,3
187,152,3
188,152,3
189,152,3
190,152,3
191,152,3
192,152,3
193,152,3
194,152,3
195,152,3
196,152,3
197,152,3
198,152,3
199,152,3
200,152,3
201,152,3
202,152,3
203,152,3
204,152,3
205,152,3
206,152,3
207,152,3
208,152,3
209,152,3
210,152,3
211,152,3
212,152,3
213,152,3
214,152,3
215,152,3
216,152,3
217,152,3
218,152,3
219,152,3
220,152,3
221,152,3
222,152,3
223,152,3
224,152,3
225,152,3
226,152,3
227,152,3
228,152,3
229,152,3
230,152,3
231,152,3
232,152,3
233,152,3
234,152,3
235,152,3
236,152,3
237,152,3
238,152,3
239,152,3
240,152,3
241,152,3
242,152,3
243,152,3
244,152,3
245,152,3
246,152,3
247,152,3
248,152,3
249,152,3
250,152,3
251,152,3
252,152,3
253,152,3
254,152,3
255,152,3
256,152,3
257,152,3
258,152,3
259,152,3
260,152,3
261,152,3
262,152,3
263,152,3
264,152,3
265,152,3
266,152,3
267,152,3
268,152,3
269,152,3
270,152,3
271,152,3
272,152,3
273,152,3
274,152,3
275,152,3
276,152,3
277,152,3
278,152,3
279,152,3
280,152,3
281,152,3
282,152,3
283,152,3
284,152,3
285,152,3
286,152,3
287,152,3
288,152,3
289,152,3
290,152,3
291,152,3
292,152,3
293,152,3
294,152,3
295,152,3
296,152,3
297,152,3
298,152,3
299,152,3
300,152,3
301,152,3
302,152,3
303,152,3
304,152,3
305,152,3
306,152,3
307,152,3
308,152,3
309,152,3
310,152,3
311,152,3
312,152,3
313,152,3
314,152,3
315,152,3
316,152,3
317,152,3
318,152,3
319,152,3
320,152,3
321,152,3
322,152,3
323,152,3
324,152,3
325,152,3
326,152,3
327,152,3
328,152,3
329,152,3
330,152,3
331,152,3
332,152,3
333,152,3
334,152,3
335,152,3
336,152,3
337,152,3
338,152,3
339,152,3
340,152,3
341,152,0
342,152,0
343,152,0
344,152,0
345,152,0
346,152,0
347,152,0
348,152,0
349,152,0
350,152,0
351,152,0
352,152,0
353,152,0
354,152,0
355,152,0
356,152,0
357,152,0
358,152,0
359,152,0
360,152,0
361,152,0
362,152,0
363,152,0
364,152,0
365,152,0
366,152,0
367,152,0
368,152,0
369,152,0
370,152,0
371,152,0
372,152,0
373,152,0
374,152,0
375,152,0
376,152,0
377,152,0
378,152,0
379,152,0
380,152,0
381,152,0
382,152,0
383,152,0
384,152,0
385,152,0
386,152,0
387,152,0
388,152,0
389,152,0
390,152,0
1,151,0
2,151,0
3,151,0
4,151,0
5,151,0
6,151,0
7,151,0
8,151,0
9,151,0
10,151,0
11,151,0
12,151,0
13,151,0
14,151,0
15,151,0
16,151,0
17,151,0
18,151,0
19,151,0
20,151,0
21,151,0
22,151,0
23,151,0
24,151,0
25,151,0
26,151,0
27,151,0
28,151,0
29,151,0
30,151,0
31,151,0
32,151,0
33,151,0
34,151,0
35,151,0
36,151,0
37,151,0
38,151,0
39,151,0
40,151,0
41,151,0
42,151,0
43,151,0
44,151,0
45,151,0
46,151,0
47,151,0
48,151,0
49,151,0
50,151,0
51,151,0
52,151,0
53,151,0
54,151,0
55,151,0
56,151,0
57,151,0
58,151,0
59,151,0
60,151,0
61,151,0
62,151,0
63,151,0
64,151,0
65,151,0
66,151,0
67,151,0
68,151,0
69,151,0
70,151,0
71,151,0
72,151,0
73,151,0
74,151,0
75,151,0
76,151,0
77,151,0
78,151,0
79,151,0
80,151,0
81,151,0
82,151,0
83,151,0
84,151,0
85,151,0
86,151,0
87,151,0
88,151,0
89,151,0
90,151,0
91,151,0
92,151,2
93,151,2
94,151,2
95,151,2
96,151,2
97,151,2
98,151,2
99,151,2
100,151,2
101,151,2
102,151,2
103,151,2
104,151,2
105,151,2
106,151,2
107,151,2
108,151,2
109,151,2
110,151,2
111,151,2
112,151,2
113,151,2
114,151,2
115,151,2
116,151,2
117,151,2
118,151,2
119,151,2
120,151,2
121,151,2
122,151,2
123,151,2
124,151,2
125,151,2
126,151,2
127,151,2
128,151,2
129,151,2
130,151,2
131,151,2
132,151,2
133,151,2
134,151,2
135,151,2
136,151,2
137,151,2
138,151,2
139,151,2
140,151,2
141,151,2
142,151,2
143,151,2
144,151,2
145,151,2
146,151,2
147,151,0
148,151,0
149,151,3
150,151,3
151,151,3
152,151,3
153,151,3
154,151,3
155,151,3
156,151,3
157,151,3
158,151,3
159,151,3
160,151,3
161,151,3
162,151,3
163,151,3
164,151,3
165,151,3
166,151,3
167,151,3
168,151,3
169,151,3
170,151,3
171,151,3
172,151,3
173,151,3
174,151,3
175,151,3
176,151,3
177,151,3
178,151,3
179,151,3
180,151,3
181,151,3
182,151,3
183,151,3
184,151,3
185,151,3
186,151,3
187,151,3
188,151,3
189,151,3
190,151,3
191,151,3
192,151,3
193,151,3
194,151,3
195,151,3
196,151,3
197,151,3
198,151,3
199,151,3
200,151,3
201,151,3
202,151,3
203,151,3
204,151,3
205,151,3
206,151,3
207,151,3
208,151,3
209,151,3
210,151,3
211,151,3
212,151,3
213,151,3
214,151,3
215,151,3
216,151,3
217,151,3
218,151,3
219,151,3
220,151,3
221,151,3
222,151,3
223,151,3
224,151,3
225,151,3
226,151,3
227,151,3
228,151,3
229,151,3
230,151,3
231,151,3
232,151,3
233,151,3
234,151,3
235,151,3
236,151,3
237,151,3
238,151,3
239,151,3
240,151,3
241,151,3
242,151,3
243,151,3
244,151,3
245,151,3
246,151,3
247,151,3
248,151,3
249,151,3
250,151,3
251,151,3
252,151,3
253,151,3
254,151,3
255,151,3
256,151,3
257,151,3
258,151,3
259,151,3
260,151,3
261,151,3
262,151,3
263,151,3
264,151,3
265,151,3
266,151,3
267,151,3
268,151,3
269,151,3
270,151,3
271,151,3
272,151,3
273,151,3
274,151,3
275,151,3
276,151,3
277,151,3
278,151,3
279,151,3
280,151,3
281,151,3
282,151,3
283,151,3
284,151,3
285,151,3
286,151,3
287,151,3
288,151,3
289,151,3
290,151,3
291,151,3
292,151,3
293,151,3
294,151,3
295,151,3
296,151,3
297,151,3
298,151,3
299,151,3
300,151,3
301,151,3
302,151,3
303,151,3
304,151,3
305,151,3
306,151,3
307,151,3
308,151,3
309,151,3
310,151,3
311,151,3
312,151,3
313,151,3
314,151,3
315,151,3
316,151,3
317,151,3
318,151,3
319,151,3
320,151,3
321,151,3
322,151,3
323,151,3
324,151,3
325,151,3
326,151,3
327,151,3
328,151,3
329,151,3
330,151,3
331,151,3
332,151,3
333,151,3
334,151,3
335,151,3
336,151,3
337,151,3
338,151,3
339,151,3
340,151,3
341,151,3
342,151,3
343,151,3
344,151,3
345,151,3
346,151,3
347,151,0
348,151,0
349,151,0
350,151,0
351,151,0
352,151,0
353,151,0
354,151,0
355,151,0
356,151,0
357,151,0
358,151,0
359,151,0
360,151,0
361,151,0
362,151,0
363,151,0
364,151,0
365,151,0
366,151,0
367,151,0
368,151,0
369,151,0
370,151,0
371,151,0
372,151,0
373,151,0
374,151,0
375,151,0
376,151,0
377,151,0
378,151,0
379,151,0
380,151,0
381,151,0
382,151,0
383,151,0
384,151,0
385,151,0
386,151,0
387,151,0
388,151,0
389,151,0
390,151,0
1,150,0
2,150,0
3,150,0
4,150,0
5,150,0
6,150,0
7,150,0
8,150,0
9,150,0
10,150,0
11,150,0
12,150,0
13,150,0
14,150,0
15,150,0
16,150,0
17,150,0
18,150,0
19,150,0
20,150,0
21,150,0
22,150,0
23,150,0
24,150,0
25,150,0
26,150,0
27,150,0
28,150,0
29,150,0
30,150,0
31,150,0
32,150,0
33,150,0
34,150,0
35,150,0
36,150,0
37,150,0
38,150,0
39,150,0
40,150,0
41,150,0
42,150,0
43,150,0
44,150,0
45,150,0
46,150,0
47,150,0
48,150,0
49,150,0
50,150,0
51,150,0
52,150,0
53,150,0
54,150,0
55,150,0
56,150,0
57,150,0
58,150,0
59,150,0
60,150,0
61,150,0
62,150,0
63,150,0
64,150,0
65,150,0
66,150,0
67,150,0
68,150,0
69,150,0
70,150,0
71,150,0
72,150,0
73,150,0
74,150,0
75,150,0
76,150,0
77,150,0
78,150,0
79,150,0
80,150,0
81,150,0
82,150,0
83,150,0
84,150,0
85,150,0
86,150,0
87,150,0
88,150,0
89,150,0
90,150,0
91,150,2
92,150,2
93,150,2
94,150,2
95,150,2
96,150,2
97,150,2
98,150,2
99,150,2
100,150,2
101,150,2
102,150,2
103,150,2
104,150,2
105,150,2
106,150,2
107,150,2
108,150,2
109,150,2
110,150,2
111,150,2
112,150,2
113,150,2
114,150,2
115,150,2
116,150,2
117,150,2
118,150,2
119,150,2
120,150,2
121,150,2
122,150,2
123,150,2
124,150,2
125,150,2
126,150,2
127,150,2
128,150,2
129,150,2
130,150,2
131,150,2
132,150,2
133,150,2
134,150,2
135,150,2
136,150,2
137,150,2
138,150,2
139,150,2
140,150,2
141,150,2
142,150,2
143,150,2
144,150,2
145,150,2
146,150,2
147,150,0
148,150,0
149,150,3
150,150,3
151,150,3
152,150,3
153,150,3
154,150,3
155,150,3
156,150,3
157,150,3
158,150,3
159,150,3
160,150,3
161,150,3
162,150,3
163,150,3
164,150,3
165,150,3
166,150,3
167,150,3
168,150,3
169,150,3
170,150,3
171,150,3
172,150,3
173,150,3
174,150,3
175,150,3
176,150,3
177,150,3
178,150,3
179,150,3
180,150,3
181,150,3
182,150,3
183,150,3
184,150,3
185,150,3
186,150,3
187,150,3
188,150,3
189,150,3
190,150,3
191,150,3
192,150,3
193,150,3
194,150,3
195,150,3
196,150,3
197,150,3
198,150,3
199,150,3
200,150,3
201,150,3
202,150,3
203,150,3
204,150,3
205,150,3
206,150,3
207,150,3
208,150,3
209,150,3
210,150,3
211,150,3
212,150,3
213,150,3
214,150,3
215,150,3
216,150,3
217,150,3
218,150,3
219,150,3
220,150,3
221,150,3
222,150,3
223,150,3
224,150,3
225,150,3
226,150,3
227,150,3
228,150,3
229,150,3
230,150,3
231,150,3
232,150,3
233,150,3
234,150,3
235,150,3
236,150,3
237,150,3
238,150,3
239,150,3
240,150,3
241,150,3
242,150,3
243,150,3
244,150,3
245,150,3
246,150,3
247,150,3
248,150,3
249,150,3
250,150,3
251,150,3
252,150,3
253,150,3
254,150,3
255,150,3
256,150,3
257,150,3
258,150,3
259,150,3
260,150,3
261,150,3
262,150,3
263,150,3
264,150,3
265,150,3
266,150,3
267,150,3
268,150,3
269,150,3
270,150,3
271,150,3
272,150,3
273,150,3
274,150,3
275,150,3
276,150,3
277,150,3
278,150,3
279,150,3
280,150,3
281,150,3
282,150,3
283,150,3
284,150,3
285,150,3
286,150,3
287,150,3
288,150,3
289,150,3
290,150,3
291,150,3
292,150,3
293,150,3
294,150,3
295,150,3
296,150,3
297,150,3
298,150,3
299,150,3
300,150,3
301,150,3
302,150,3
303,150,3
304,150,3
305,150,3
306,150,3
307,150,3
308,150,3
309,150,3
310,150,3
311,150,3
312,150,3
313,150,3
314,150,3
315,150,3
316,150,3
317,150,3
318,150,3
319,150,3
320,150,3
321,150,3
322,150,3
323,150,3
324,150,3
325,150,3
326,150,3
327,150,3
328,150,3
329,150,3
330,150,3
331,150,3
332,150,3
333,150,3
334,150,3
335,150,3
336,150,3
337,150,3
338,150,3
339,150,3
340,150,3
341,150,3
342,150,3
343,150,3
344,150,3
345,150,3
346,150,3
347,150,3
348,150,3
349,150,0
350,150,0
351,150,0
352,150,0
353,150,0
354,150,0
355,150,0
356,150,0
357,150,0
358,150,0
359,150,0
360,150,0
361,150,0
362,150,0
363,150,0
364,150,0
365,150,0
366,150,0
367,150,0
368,150,0
369,150,0
370,150,0
371,150,0
372,150,0
373,150,0
374,150,0
375,150,0
376,150,0
377,150,0
378,150,0
379,150,0
380,150,0
381,150,0
382,150,0
383,150,0
384,150,0
385,150,0
386,150,0
387,150,0
388,150,0
389,150,0
390,150,0
1,149,0
2,149,0
3,149,0
4,149,0
5,149,0
6,149,0
7,149,0
8,149,0
9,149,0
10,149,0
11,149,0
12,149,0
13,149,0
14,149,0
15,149,0
16,149,0
17,149,0
18,149,0
19,149,0
20,149,0
21,149,0
22,149,0
23,149,0
24,149,0
25,149,0
26,149,0
27,149,0
28,149,0
29,149,0
30,149,0
31,149,0
32,149,0
33,149,0
34,149,0
35,149,0
36,149,0
37,149,0
38,149,0
39,149,0
40,149,0
41,149,0
42,149,0
43,149,0
44,149,0
45,149,0
46,149,1
47,149,0
48,149,0
49,149,1
50,149,1
51,149,0
52,149,0
53,149,1
54,149,0
55,149,1
56,149,0
57,149,0
58,149,0
59,149,0
60,149,0
61,149,0
62,149,0
63,149,0
64,149,0
65,149,0
66,149,0
67,149,0
68,149,0
69,149,0
70,149,0
71,149,0
72,149,0
73,149,0
74,149,0
75,149,0
76,149,0
77,149,0
78,149,0
79,149,0
80,149,0
81,149,0
82,149,0
83,149,0
84,149,0
85,149,0
86,149,0
87,149,0
88,149,0
89,149,0
90,149,0
91,149,2
92,149,2
93,149,2
94,149,2
95,149,2
96,149,2
97,149,2
98,149,2
99,149,2
100,149,2
101,149,2
102,149,2
103,149,2
104,149,2
105,149,2
106,149,2
107,149,2
108,149,2
109,149,2
110,149,2
111,149,2
112,149,2
113,149,2
114,149,2
115,149,2
116,149,2
117,149,2
118,149,2
119,149,2
120,149,2
121,149,2
122,149,2
123,149,2
124,149,2
125,149,2
126,149,2
127,149,2
128,149,2
129,149,2
130,149,2
131,149,2
132,149,2
133,149,2
134,149,2
135,149,2
136,149,2
137,149,2
138,149,2
139,149,2
140,149,2
141,149,2
142,149,2
143,149,2
144,149,2
145,149,2
146,149,0
147,149,0
148,149,3
149,149,3
150,149,3
151,149,3
152,149,3
153,149,3
154,149,3
155,149,3
156,149,3
157,149,3
158,149,3
159,149,3
160,149,3
161,149,3
162,149,3
163,149,3
164,149,3
165,149,3
166,149,3
167,149,3
168,149,3
169,149,3
170,149,3
171,149,3
172,149,3
173,149,3
174,149,3
175,149,3
176,149,3
177,149,3
178,149,3
179,149,3
180,149,3
181,149,3
182,149,3
183,149,3
184,149,3
185,149,3
186,149,3
187,149,3
188,149,3
189,149,3
190,149,3
191,149,3
192,149,3
193,149,3
194,149,3
195,149,3
196,149,3
197,149,3
198,149,3
199,149,3
200,149,3
201,149,3
202,149,3
203,149,3
204,149,3
205,149,3
206,149,3
207,149,3
208,149,3
209,149,3
210,149,3
211,149,3
212,149,3
213,149,3
214,149,3
215,149,3
216,149,3
217,149,3
218,149,3
219,149,3
220,149,3
221,149,3
222,149,3
223,149,3
224,149,3
225,149,3
226,149,3
227,149,3
228,149,3
229,149,3
230,149,3
231,149,3
232,149,3
233,149,3
234,149,3
235,149,3
236,149,3
237,149,3
238,149,3
239,149,3
240,149,3
241,149,3
242,149,3
243,149,3
244,149,3
245,149,3
246,149,3
247,149,3
248,149,3
249,149,3
250,149,3
251,149,3
252,149,3
253,149,3
254,149,3
255,149,3
256,149,3
257,149,3
258,149,3
259,149,3
260,149,3
261,149,3
262,149,3
263,149,3
264,149,3
265,149,3
266,149,3
267,149,3
268,149,3
269,149,3
270,149,3
271,149,3
272,149,3
273,149,3
274,149,3
275,149,3
276,149,3
277,149,3
278,149,3
279,149,3
280,149,3
281,149,3
282,149,3
283,149,3
284,149,3
285,149,3
286,149,3
287,149,3
288,149,3
289,149,3
290,149,3
291,149,3
292,149,3
293,149,3
294,149,3
295,149,3
296,149,3
297,149,3
298,149,3
299,149,3
300,149,3
301,149,3
302,149,3
303,149,3
304,149,3
305,149,3
306,149,3
307,149,3
308,149,3
309,149,3
310,149,3
311,149,3
312,149,3
313,149,3
314,149,3
315,149,3
316,149,3
317,149,3
318,149,3
319,149,3
320,149,3
321,149,3
322,149,3
323,149,3
324,149,3
325,149,3
326,149,3
327,149,3
328,149,3
329,149,3
330,149,3
331,149,3
332,149,3
333,149,3
334,149,3
335,149,3
336,149,3
337,149,3
338,149,3
339,149,3
340,149,3
341,149,3
342,149,3
343,149,3
344,149,3
345,149,3
346,149,3
347,149,3
348,149,3
349,149,3
350,149,3
351,149,3
352,149,0
353,149,0
354,149,0
355,149,0
356,149,0
357,149,0
358,149,0
359,149,0
360,149,0
361,149,0
362,149,0
363,149,0
364,149,0
365,149,0
366,149,0
367,149,0
368,149,0
369,149,0
370,149,0
371,149,0
372,149,0
373,149,0
374,149,0
375,149,0
376,149,0
377,149,0
378,149,0
379,149,0
380,149,0
381,149,0
382,149,0
383,149,0
384,149,0
385,149,0
386,149,0
387,149,0
388,149,0
389,149,0
390,149,0
1,148,0
2,148,0
3,148,0
4,148,0
5,148,0
6,148,0
7,148,0
8,148,0
9,148,0
10,148,0
11,148,0
12,148,0
13,148,0
14,148,0
15,148,0
16,148,0
17,148,0
18,148,0
19,148,0
20,148,0
21,148,0
22,148,0
23,148,0
24,148,0
25,148,0
26,148,0
27,148,0
28,148,0
29,148,0
30,148,0
31,148,0
32,148,0
33,148,0
34,148,0
35,148,0
36,148,0
37,148,0
38,148,0
39,148,0
40,148,0
41,148,0
42,148,0
43,148,0
44,148,1
45,148,1
46,148,1
47,148,1
48,148,1
49,148,1
50,148,1
51,148,1
52,148,1
53,148,1
54,148,1
55,148,1
56,148,1
57,148,1
58,148,1
59,148,1
60,148,0
61,148,0
62,148,1
63,148,1
64,148,0
65,148,0
66,148,0
67,148,0
68,148,0
69,148,0
70,148,0
71,148,0
72,148,1
73,148,0
74,148,0
75,148,1
76,148,1
77,148,1
78,148,0
79,148,0
80,148,0
81,148,0
82,148,0
83,148,0
84,148,0
85,148,0
86,148,0
87,148,0
88,148,0
89,148,2
90,148,2
91,148,2
92,148,2
93,148,2
94,148,2
95,148,2
96,148,2
97,148,2
98,148,2
99,148,2
100,148,2
101,148,2
102,148,2
103,148,2
104,148,2
105,148,2
106,148,2
107,148,2
108,148,2
109,148,2
110,148,2
111,148,2
112,148,2
113,148,2
114,148,2
115,148,2
116,148,2
117,148,2
118,148,2
119,148,2
120,148,2
121,148,2
122,148,2
123,148,2
124,148,2
125,148,2
126,148,2
127,148,2
128,148,2
129,148,2
130,148,2
131,148,2
132,148,2
133,148,2
134,148,2
135,148,2
136,148,2
137,148,2
138,148,2
139,148,2
140,148,2
141,148,2
142,148,2
143,148,2
144,148,2
145,148,2
146,148,0
147,148,0
148,148,3
149,148,3
150,148,3
151,148,3
152,148,3
153,148,3
154,148,3
155,148,3
156,148,3
157,148,3
158,148,3
159,148,3
160,148,3
161,148,3
162,148,3
163,148,3
164,148,3
165,148,3
166,148,3
167,148,3
168,148,3
169,148,3
170,148,3
171,148,3
172,148,3
173,148,3
174,148,3
175,148,3
176,148,3
177,148,3
178,148,3
179,148,3
180,148,3
181,148,3
182,148,3
183,148,3
184,148,3
185,148,3
186,148,3
187,148,3
188,148,3
189,148,3
190,148,3
191,148,3
192,148,3
193,148,3
194,148,3
195,148,3
196,148,3
197,148,3
198,148,3
199,148,3
200,148,3
201,148,3
202,148,3
203,148,3
204,148,3
205,148,3
206,148,3
207,148,3
208,148,3
209,148,3
210,148,3
211,148,3
212,148,3
213,148,3
214,148,3
215,148,3
216,148,3
217,148,3
218,148,3
219,148,3
220,148,3
221,148,3
222,148,3
223,148,3
224,148,3
225,148,3
226,148,3
227,148,3
228,148,3
229,148,3
230,148,3
231,148,3
232,148,3
233,148,3
234,148,3
235,148,3
236,148,3
237,148,3
238,148,3
239,148,3
240,148,3
241,148,3
242,148,3
243,148,3
244,148,3
245,148,3
246,148,3
247,148,3
248,148,3
249,148,3
250,148,3
251,148,3
252,148,3
253,148,3
254,148,3
255,148,3
256,148,3
257,148,3
258,148,3
259,148,3
260,148,3
261,148,3
262,148,3
263,148,3
264,148,3
265,148,3
266,148,3
267,148,3
268,148,3
269,148,3
270,148,3
271,148,3
272,148,3
273,148,3
274,148,3
275,148,3
276,148,3
277,148,3
278,148,3
279,148,3
280,148,3
281,148,3
282,148,3
283,148,3
284,148,3
285,148,3
286,148,3
287,148,3
288,148,3
289,148,3
290,148,3
291,148,3
292,148,3
293,148,3
294,148,3
295,148,3
296,148,3
297,148,3
298,148,3
299,148,3
300,148,3
301,148,3
302,148,3
303,148,3
304,148,3
305,148,3
306,148,3
307,148,3
308,148,3
309,148,3
310,148,3
311,148,3
312,148,3
313,148,3
314,148,3
315,148,3
316,148,3
317,148,3
318,148,3
319,148,3
320,148,3
321,148,3
322,148,3
323,148,3
324,148,3
325,148,3
326,148,3
327,148,3
328,148,3
329,148,3
330,148,3
331,148,3
332,148,3
333,148,3
334,148,3
335,148,3
336,148,3
337,148,3
338,148,3
339,148,3
340,148,3
341,148,3
342,148,3
343,148,3
344,148,3
345,148,3
346,148,3
347,148,3
348,148,3
349,148,3
350,148,3
351,148,3
352,148,3
353,148,3
354,148,0
355,148,0
356,148,0
357,148,0
358,148,0
359,148,0
360,148,0
361,148,0
362,148,0
363,148,0
364,148,0
365,148,0
366,148,0
367,148,0
368,148,0
369,148,0
370,148,0
371,148,0
372,148,0
373,148,0
374,148,0
375,148,0
376,148,0
377,148,0
378,148,0
379,148,0
380,148,0
381,148,0
382,148,0
383,148,0
384,148,0
385,148,0
386,148,0
387,148,0
388,148,0
389,148,0
390,148,0
1,147,0
2,147,0
3,147,0
4,147,0
5,147,0
6,147,0
7,147,0
8,147,0
9,147,0
10,147,0
11,147,0
12,147,0
13,147,0
14,147,0
15,147,0
16,147,0
17,147,0
18,147,0
19,147,0
20,147,0
21,147,0
22,147,0
23,147,0
24,147,0
25,147,0
26,147,0
27,147,0
28,147,0
29,147,0
30,147,0
31,147,0
32,147,0
33,147,0
34,147,0
35,147,0
36,147,0
37,147,0
38,147,0
39,147,0
40,147,0
41,147,0
42,147,0
43,147,0
44,147,1
45,147,1
46,147,1
47,147,1
48,147,1
49,147,1
50,147,1
51,147,1
52,147,1
53,147,1
54,147,1
55,147,1
56,147,1
57,147,1
58,147,1
59,147,1
60,147,1
61,147,1
62,147,1
63,147,1
64,147,1
65,147,1
66,147,1
67,147,1
68,147,1
69,147,1
70,147,1
71,147,1
72,147,1
73,147,1
74,147,1
75,147,1
76,147,1
77,147,1
78,147,1
79,147,0
80,147,0
81,147,0
82,147,0
83,147,0
84,147,0
85,147,0
86,147,0
87,147,2
88,147,2
89,147,2
90,147,2
91,147,2
92,147,2
93,147,2
94,147,2
95,147,2
96,147,2
97,147,2
98,147,2
99,147,2
100,147,2
101,147,2
102,147,2
103,147,2
104,147,2
105,147,2
106,147,2
107,147,2
108,147,2
109,147,2
110,147,2
111,147,2
112,147,2
113,147,2
114,147,2
115,147,2
116,147,2
117,147,2
118,147,2
119,147,2
120,147,2
121,147,2
122,147,2
123,147,2
124,147,2
125,147,2
126,147,2
127,147,2
128,147,2
129,147,2
130,147,2
131,147,2
132,147,2
133,147,2
134,147,2
135,147,2
136,147,2
137,147,2
138,147,2
139,147,2
140,147,2
141,147,2
142,147,2
143,147,2
144,147,2
145,147,2
146,147,0
147,147,0
148,147,3
149,147,3
150,147,3
151,147,3
152,147,3
153,147,3
154,147,3
155,147,3
156,147,3
157,147,3
158,147,3
159,147,3
160,147,3
161,147,3
162,147,3
163,147,3
164,147,3
165,147,3
166,147,3
167,147,3
168,147,3
169,147,3
170,147,3
171,147,3
172,147,3
173,147,3
174,147,3
175,147,3
176,147,3
177,147,3
178,147,3
179,147,3
180,147,3
181,147,3
182,147,3
183,147,3
184,147,3
185,147,3
186,147,3
187,147,3
188,147,3
189,147,3
190,147,3
191,147,3
192,147,3
193,147,3
194,147,3
195,147,3
196,147,3
197,147,3
198,147,3
199,147,3
200,147,3
201,147,3
202,147,3
203,147,3
204,147,3
205,147,3
206,147,3
207,147,3
208,147,3
209,147,3
210,147,3
211,147,3
212,147,3
213,147,3
214,147,3
215,147,3
216,147,3
217,147,3
218,147,3
219,147,3
220,147,3
221,147,3
222,147,3
223,147,3
224,147,3
225,147,3
226,147,3
227,147,3
228,147,3
229,147,3
230,147,3
231,147,3
232,147,3
233,147,3
234,147,3
235,147,3
236,147,3
237,147,3
238,147,3
239,147,3
240,147,3
241,147,3
242,147,3
243,147,3
244,147,3
245,147,3
246,147,3
247,147,3
248,147,3
249,147,3
250,147,3
251,147,3
252,147,3
253,147,3
254,147,3
255,147,3
256,147,3
257,147,3
258,147,3
259,147,3
260,147,3
261,147,3
262,147,3
263,147,3
264,147,3
265,147,3
266,147,3
267,147,3
268,147,3
269,147,3
270,147,3
271,147,3
272,147,3
273,147,3
274,147,3
275,147,3
276,147,3
277,147,3
278,147,3
279,147,3
280,147,3
281,147,3
282,147,3
283,147,3
284,147,3
285,147,3
286,147,3
287,147,3
288,147,3
289,147,3
290,147,3
291,147,3
292,147,3
293,147,3
294,147,3
295,147,3
296,147,3
297,147,3
298,147,3
299,147,3
300,147,3
301,147,3
302,147,3
303,147,3
304,147,3
305,147,3
306,147,3
307,147,3
308,147,3
309,147,3
310,147,3
311,147,3
312,147,3
313,147,3
314,147,3
315,147,3
316,147,3
317,147,3
318,147,3
319,147,3
320,147,3
321,147,3
322,147,3
323,147,3
324,147,3
325,147,3
326,147,3
327,147,3
328,147,3
329,147,3
330,147,3
331,147,3
332,147,3
333,147,3
334,147,3
335,147,3
336,147,3
337,147,3
338,147,3
339,147,3
340,147,3
341,147,3
342,147,3
343,147,3
344,147,3
345,147,3
346,147,3
347,147,3
348,147,3
349,147,3
350,147,3
351,147,3
352,147,3
353,147,3
354,147,0
355,147,0
356,147,0
357,147,0
358,147,0
359,147,0
360,147,0
361,147,0
362,147,0
363,147,0
364,147,0
365,147,0
366,147,0
367,147,0
368,147,0
369,147,0
370,147,0
371,147,0
372,147,0
373,147,0
374,147,0
375,147,0
376,147,0
377,147,0
378,147,0
379,147,0
380,147,0
381,147,0
382,147,0
383,147,0
384,147,0
385,147,0
386,147,0
387,147,0
388,147,0
389,147,0
390,147,0
1,146,0
2,146,0
3,146,0
4,146,0
5,146,0
6,146,0
7,146,0
8,146,0
9,146,0
10,146,0
11,146,0
12,146,0
13,146,0
14,146,0
15,146,0
16,146,0
17,146,0
18,146,0
19,146,0
20,146,0
21,146,0
22,146,0
23,146,0
24,146,0
25,146,0
26,146,0
27,146,0
28,146,0
29,146,0
30,146,0
31,146,0
32,146,0
33,146,0
34,146,0
35,146,0
36,146,1
37,146,0
38,146,0
39,146,0
40,146,0
41,146,0
42,146,0
43,146,1
44,146,1
45,146,1
46,146,1
47,146,1
48,146,1
49,146,1
50,146,1
51,146,1
52,146,1
53,146,1
54,146,1
55,146,1
56,146,1
57,146,1
58,146,1
59,146,1
60,146,1
61,146,1
62,146,1
63,146,1
64,146,1
65,146,1
66,146,1
67,146,1
68,146,1
69,146,1
70,146,1
71,146,1
72,146,1
73,146,1
74,146,1
75,146,1
76,146,0
77,146,0
78,146,0
79,146,0
80,146,0
81,146,0
82,146,0
83,146,0
84,146,2
85,146,2
86,146,2
87,146,2
88,146,2
89,146,2
90,146,2
91,146,2
92,146,2
93,146,2
94,146,2
95,146,2
96,146,2
97,146,2
98,146,2
99,146,2
100,146,2
101,146,2
102,146,2
103,146,2
104,146,2
105,146,2
106,146,2
107,146,2
108,146,2
109,146,2
110,146,2
111,146,2
112,146,2
113,146,2
114,146,2
115,146,2
116,146,2
117,146,2
118,146,2
119,146,2
120,146,2
121,146,2
122,146,2
123,146,2
124,146,2
125,146,2
126,146,2
127,146,2
128,146,2
129,146,2
130,146,2
131,146,2
132,146,2
133,146,2
134,146,2
135,146,2
136,146,2
137,146,2
138,146,2
139,146,2
140,146,2
141,146,2
142,146,2
143,146,2
144,146,2
145,146,2
146,146,0
147,146,3
148,146,3
149,146,3
150,146,3
151,146,3
152,146,3
153,146,3
154,146,3
155,146,3
156,146,3
157,146,3
158,146,3
159,146,3
160,146,3
161,146,3
162,146,3
163,146,3
164,146,3
165,146,3
166,146,3
167,146,3
168,146,3
169,146,3
170,146,3
171,146,3
172,146,3
173,146,3
174,146,3
175,146,3
176,146,3
177,146,3
178,146,3
179,146,3
180,146,3
181,146,3
182,146,3
183,146,3
184,146,3
185,146,3
186,146,3
187,146,3
188,146,3
189,146,3
190,146,3
191,146,3
192,146,3
193,146,3
194,146,3
195,146,3
196,146,3
197,146,3
198,146,3
199,146,3
200,146,3
201,146,3
202,146,3
203,146,3
204,146,3
205,146,3
206,146,3
207,146,3
208,146,3
209,146,3
210,146,3
211,146,3
212,146,3
213,146,3
214,146,3
215,146,3
216,146,3
217,146,3
218,146,3
219,146,3
220,146,3
221,146,3
222,146,3
223,146,3
224,146,3
225,146,3
226,146,3
227,146,3
228,146,3
229,146,3
230,146,3
231,146,3
232,146,3
233,146,3
234,146,3
235,146,3
236,146,3
237,146,3
238,146,3
239,146,3
240,146,3
241,146,3
242,146,3
243,146,3
244,146,3
245,146,3
246,146,3
247,146,3
248,146,3
249,146,3
250,146,3
251,146,3
252,146,3
253,146,3
254,146,3
255,146,3
256,146,3
257,146,3
258,146,3
259,146,3
260,146,3
261,146,3
262,146,3
263,146,3
264,146,3
265,146,3
266,146,3
267,146,3
268,146,3
269,146,3
270,146,3
271,146,3
272,146,3
273,146,3
274,146,3
275,146,3
276,146,3
277,146,3
278,146,3
279,146,3
280,146,3
281,146,3
282,146,3
283,146,3
284,146,3
285,146,3
286,146,3
287,146,3
288,146,3
289,146,3
290,146,3
291,146,3
292,146,3
293,146,3
294,146,3
295,146,3
296,146,3
297,146,3
298,146,3
299,146,3
300,146,3
301,146,3
302,146,3
303,146,3
304,146,3
305,146,3
306,146,3
307,146,3
308,146,3
309,146,3
310,146,3
311,146,3
312,146,3
313,146,3
314,146,3
315,146,3
316,146,3
317,146,3
318,146,3
319,146,3
320,146,3
321,146,3
322,146,3
323,146,3
324,146,3
325,146,3
326,146,3
327,146,3
328,146,3
329,146,3
330,146,3
331,146,3
332,146,3
333,146,3
334,146,3
335,146,3
336,146,3
337,146,3
338,146,3
339,146,3
340,146,3
341,146,3
342,146,3
343,146,3
344,146,3
345,146,3
346,146,3
347,146,3
348,146,3
349,146,3
350,146,3
351,146,3
352,146,3
353,146,3
354,146,3
355,146,3
356,146,0
357,146,0
358,146,0
359,146,0
360,146,0
361,146,0
362,146,0
363,146,0
364,146,0
365,146,0
366,146,0
367,146,0
368,146,0
369,146,0
370,146,0
371,146,0
372,146,0
373,146,0
374,146,0
375,146,0
376,146,0
377,146,0
378,146,0
379,146,0
380,146,0
381,146,0
382,146,0
383,146,0
384,146,0
385,146,0
386,146,0
387,146,0
388,146,0
389,146,0
390,146,0
1,145,0
2,145,0
3,145,0
4,145,0
5,145,0
6,145,0
7,145,0
8,145,0
9,145,0
10,145,0
11,145,0
12,145,0
13,145,0
14,145,0
15,145,0
16,145,0
17,145,0
18,145,0
19,145,0
20,145,0
21,145,0
22,145,0
23,145,0
24,145,0
25,145,0
26,145,0
27,145,0
28,145,0
29,145,0
30,145,0
31,145,0
32,145,0
33,145,0
34,145,0
35,145,0
36,145,0
37,145,0
38,145,1
39,145,1
40,145,1
41,145,1
42,145,1
43,145,1
44,145,1
45,145,1
46,145,1
47,145,1
48,145,1
49,145,1
50,145,1
51,145,1
52,145,1
53,145,1
54,145,1
55,145,1
56,145,1
57,145,1
58,145,1
59,145,1
60,145,1
61,145,1
62,145,1
63,145,1
64,145,1
65,145,1
66,145,1
67,145,1
68,145,1
69,145,1
70,145,0
71,145,0
72,145,1
73,145,1
74,145,0
75,145,0
76,145,0
77,145,0
78,145,0
79,145,0
80,145,2
81,145,2
82,145,2
83,145,2
84,145,2
85,145,2
86,145,2
87,145,2
88,145,2
89,145,2
90,145,2
91,145,2
92,145,2
93,145,2
94,145,2
95,145,2
96,145,2
97,145,2
98,145,2
99,145,2
100,145,2
101,145,2
102,145,2
103,145,2
104,145,2
105,145,2
106,145,2
107,145,2
108,145,2
109,145,2
110,145,2
111,145,2
112,145,2
113,145,2
114,145,2
115,145,2
116,145,2
117,145,2
118,145,2
119,145,2
120,145,2
121,145,2
122,145,2
123,145,2
124,145,2
125,145,2
126,145,2
127,145,2
128,145,2
129,145,2
130,145,2
131,145,2
132,145,2
133,145,2
134,145,2
135,145,2
136,145,2
137,145,2
138,145,2
139,145,2
140,145,2
141,145,2
142,145,2
143,145,2
144,145,2
145,145,2
146,145,0
147,145,3
148,145,3
149,145,3
150,145,3
151,145,3
152,145,3
153,145,3
154,145,3
155,145,3
156,145,3
157,145,3
158,145,3
159,145,3
160,145,3
161,145,3
162,145,3
163,145,3
164,145,3
165,145,3
166,145,3
167,145,3
168,145,3
169,145,3
170,145,3
171,145,3
172,145,3
173,145,3
174,145,3
175,145,3
176,145,3
177,145,3
178,145,3
179,145,3
180,145,3
181,145,3
182,145,3
183,145,3
184,145,3
185,145,3
186,145,3
187,145,3
188,145,3
189,145,3
190,145,3
191,145,3
192,145,3
193,145,3
194,145,3
195,145,3
196,145,3
197,145,3
198,145,3
199,145,3
200,145,3
201,145,3
202,145,3
203,145,3
204,145,3
205,145,3
206,145,3
207,145,3
208,145,3
209,145,3
210,145,3
211,145,3
212,145,3
213,145,3
214,145,3
215,145,3
216,145,3
217,145,3
218,145,3
219,145,3
220,145,3
221,145,3
222,145,3
223,145,3
224,145,3
225,145,3
226,145,3
227,145,3
228,145,3
229,145,3
230,145,3
231,145,3
232,145,3
233,145,3
234,145,3
235,145,3
236,145,3
237,145,3
238,145,3
239,145,3
240,145,3
241,145,3
242,145,3
243,145,3
244,145,3
245,145,3
246,145,3
247,145,3
248,145,3
249,145,3
250,145,3
251,145,3
252,145,3
253,145,3
254,145,3
255,145,3
256,145,3
257,145,3
258,145,3
259,145,3
260,145,3
261,145,3
262,145,3
263,145,3
264,145,3
265,145,3
266,145,3
267,145,3
268,145,3
269,145,3
270,145,3
271,145,3
272,145,3
273,145,3
274,145,3
275,145,3
276,145,3
277,145,3
278,145,3
279,145,3
280,145,3
281,145,3
282,145,3
283,145,3
284,145,3
285,145,3
286,145,3
287,145,3
288,145,3
289,145,3
290,145,3
291,145,3
292,145,3
293,145,3
294,145,3
295,145,3
296,145,3
297,145,3
298,145,3
299,145,3
300,145,3
301,145,3
302,145,3
303,145,3
304,145,3
305,145,3
306,145,3
307,145,3
308,145,3
309,145,3
310,145,3
311,145,3
312,145,3
313,145,3
314,145,3
315,145,3
316,145,3
317,145,3
318,145,3
319,145,3
320,145,3
321,145,3
322,145,3
323,145,3
324,145,3
325,145,3
326,145,3
327,145,3
328,145,3
329,145,3
330,145,3
331,145,3
332,145,3
333,145,3
334,145,3
335,145,3
336,145,3
337,145,3
338,145,3
339,145,3
340,145,3
341,145,3
342,145,3
343,145,3
344,145,3
345,145,3
346,145,3
347,145,3
348,145,3
349,145,3
350,145,3
351,145,3
352,145,3
353,145,3
354,145,3
355,145,3
356,145,0
357,145,0
358,145,0
359,145,0
360,145,0
361,145,0
362,145,0
363,145,0
364,145,0
365,145,0
366,145,0
367,145,0
368,145,0
369,145,0
370,145,0
371,145,0
372,145,0
373,145,0
374,145,0
375,145,0
376,145,0
377,145,0
378,145,0
379,145,0
380,145,0
381,145,0
382,145,0
383,145,0
384,145,0
385,145,0
386,145,0
387,145,0
388,145,0
389,145,0
390,145,0
1,144,0
2,144,0
3,144,0
4,144,0
5,144,0
6,144,0
7,144,0
8,144,0
9,144,0
10,144,0
11,144,0
12,144,0
13,144,0
14,144,0
15,144,0
16,144,0
17,144,0
18,144,0
19,144,0
20,144,0
21,144,0
22,144,0
23,144,0
24,144,0
25,144,0
26,144,0
27,144,0
28,144,0
29,144,0
30,144,0
31,144,0
32,144,0
33,144,0
34,144,0
35,144,0
36,144,0
37,144,0
38,144,0
39,144,1
40,144,1
41,144,1
42,144,1
43,144,1
44,144,1
45,144,1
46,144,1
47,144,1
48,144,1
49,144,1
50,144,1
51,144,1
52,144,1
53,144,1
54,144,1
55,144,1
56,144,1
57,144,1
58,144,1
59,144,1
60,144,1
61,144,1
62,144,1
63,144,1
64,144,1
65,144,1
66,144,1
67,144,1
68,144,1
69,144,1
70,144,1
71,144,0
72,144,0
73,144,0
74,144,0
75,144,0
76,144,0
77,144,0
78,144,2
79,144,2
80,144,2
81,144,2
82,144,2
83,144,2
84,144,2
85,144,2
86,144,2
87,144,2
88,144,2
89,144,2
90,144,2
91,144,2
92,144,2
93,144,2
94,144,2
95,144,2
96,144,2
97,144,2
98,144,2
99,144,2
100,144,2
101,144,2
102,144,2
103,144,2
104,144,2
105,144,2
106,144,2
107,144,2
108,144,2
109,144,2
110,144,2
111,144,2
112,144,2
113,144,2
114,144,2
115,144,2
116,144,2
117,144,2
118,144,2
119,144,2
120,144,2
121,144,2
122,144,2
123,144,2
124,144,2
125,144,2
126,144,2
127,144,2
128,144,2
129,144,2
130,144,2
131,144,2
132,144,2
133,144,2
134,144,2
135,144,2
136,144,2
137,144,2
138,144,2
139,144,2
140,144,2
141,144,2
142,144,2
143,144,2
144,144,2
145,144,0
146,144,0
147,144,3
148,144,3
149,144,3
150,144,3
151,144,3
152,144,3
153,144,3
154,144,3
155,144,3
156,144,3
157,144,3
158,144,3
159,144,3
160,144,3
161,144,3
162,144,3
163,144,3
164,144,3
165,144,3
166,144,3
167,144,3
168,144,3
169,144,3
170,144,3
171,144,3
172,144,3
173,144,3
174,144,3
175,144,3
176,144,3
177,144,3
178,144,3
179,144,3
180,144,3
181,144,3
182,144,3
183,144,3
184,144,3
185,144,3
186,144,3
187,144,3
188,144,3
189,144,3
190,144,3
191,144,3
192,144,3
193,144,3
194,144,3
195,144,3
196,144,3
197,144,3
198,144,3
199,144,3
200,144,3
201,144,3
202,144,3
203,144,3
204,144,3
205,144,3
206,144,3
207,144,3
208,144,3
209,144,3
210,144,3
211,144,3
212,144,3
213,144,3
214,144,3
215,144,3
216,144,3
217,144,3
218,144,3
219,144,3
220,144,3
221,144,3
222,144,3
223,144,3
224,144,3
225,144,3
226,144,3
227,144,3
228,144,3
229,144,3
230,144,3
231,144,3
232,144,3
233,144,3
234,144,3
235,144,3
236,144,3
237,144,3
238,144,3
239,144,3
240,144,3
241,144,3
242,144,3
243,144,3
244,144,3
245,144,3
246,144,3
247,144,3
248,144,3
249,144,3
250,144,3
251,144,3
252,144,3
253,144,3
254,144,3
255,144,3
256,144,3
257,144,3
258,144,3
259,144,3
260,144,3
261,144,3
262,144,3
263,144,3
264,144,3
265,144,3
266,144,3
267,144,3
268,144,3
269,144,3
270,144,3
271,144,3
272,144,3
273,144,3
274,144,3
275,144,3
276,144,3
277,144,3
278,144,3
279,144,3
280,144,3
281,144,3
282,144,3
283,144,3
284,144,3
285,144,3
286,144,3
287,144,3
288,144,3
289,144,3
290,144,3
291,144,3
292,144,3
293,144,3
294,144,3
295,144,3
296,144,3
297,144,3
298,144,3
299,144,3
300,144,3
301,144,3
302,144,3
303,144,3
304,144,3
305,144,3
306,144,3
307,144,3
308,144,3
309,144,3
310,144,3
311,144,3
312,144,3
313,144,3
314,144,3
315,144,3
316,144,3
317,144,3
318,144,3
319,144,3
320,144,3
321,144,3
322,144,3
323,144,3
324,144,3
325,144,3
326,144,3
327,144,3
328,144,3
329,144,3
330,144,3
331,144,3
332,144,3
333,144,3
334,144,3
335,144,3
336,144,3
337,144,3
338,144,3
339,144,3
340,144,3
341,144,3
342,144,3
343,144,3
344,144,3
345,144,3
346,144,3
347,144,3
348,144,3
349,144,3
350,144,3
351,144,3
352,144,3
353,144,3
354,144,3
355,144,3
356,144,3
357,144,3
358,144,3
359,144,0
360,144,0
361,144,0
362,144,0
363,144,0
364,144,0
365,144,0
366,144,0
367,144,0
368,144,0
369,144,0
370,144,0
371,144,0
372,144,0
373,144,0
374,144,0
375,144,0
376,144,0
377,144,0
378,144,0
379,144,0
380,144,0
381,144,0
382,144,0
383,144,0
384,144,0
385,144,0
386,144,0
387,144,0
388,144,0
389,144,0
390,144,0
1,143,0
2,143,0
3,143,0
4,143,0
5,143,0
6,143,0
7,143,0
8,143,0
9,143,0
10,143,0
11,143,0
12,143,0
13,143,0
14,143,0
15,143,0
16,143,0
17,143,0
18,143,0
19,143,0
20,143,0
21,143,0
22,143,0
23,143,0
24,143,0
25,143,0
26,143,0
27,143,0
28,143,0
29,143,0
30,143,0
31,143,0
32,143,0
33,143,0
34,143,1
35,143,1
36,143,1
37,143,1
38,143,0
39,143,1
40,143,1
41,143,1
42,143,1
43,143,1
44,143,1
45,143,1
46,143,1
47,143,1
48,143,1
49,143,1
50,143,1
51,143,1
52,143,1
53,143,1
54,143,1
55,143,1
56,143,1
57,143,1
58,143,1
59,143,1
60,143,1
61,143,1
62,143,1
63,143,1
64,143,1
65,143,1
66,143,1
67,143,1
68,143,1
69,143,1
70,143,0
71,143,0
72,143,0
73,143,0
74,143,0
75,143,2
76,143,2
77,143,2
78,143,2
79,143,2
80,143,2
81,143,2
82,143,2
83,143,2
84,143,2
85,143,2
86,143,2
87,143,2
88,143,2
89,143,2
90,143,2
91,143,2
92,143,2
93,143,2
94,143,2
95,143,2
96,143,2
97,143,2
98,143,2
99,143,2
100,143,2
101,143,2
102,143,2
103,143,2
104,143,2
105,143,2
106,143,2
107,143,2
108,143,2
109,143,2
110,143,2
111,143,2
112,143,2
113,143,2
114,143,2
115,143,2
116,143,2
117,143,2
118,143,2
119,143,2
120,143,2
121,143,2
122,143,2
123,143,2
124,143,2
125,143,2
126,143,2
127,143,2
128,143,2
129,143,2
130,143,2
131,143,2
132,143,2
133,143,2
134,143,2
135,143,2
136,143,2
137,143,2
138,143,2
139,143,2
140,143,2
141,143,2
142,143,2
143,143,2
144,143,2
145,143,0
146,143,0
147,143,3
148,143,3
149,143,3
150,143,3
151,143,3
152,143,3
153,143,3
154,143,3
155,143,3
156,143,3
157,143,3
158,143,3
159,143,3
160,143,3
161,143,3
162,143,3
163,143,3
164,143,3
165,143,3
166,143,3
167,143,3
168,143,3
169,143,3
170,143,3
171,143,3
172,143,3
173,143,3
174,143,3
175,143,3
176,143,3
177,143,3
178,143,3
179,143,3
180,143,3
181,143,3
182,143,3
183,143,3
184,143,3
185,143,3
186,143,3
187,143,3
188,143,3
189,143,3
190,143,3
191,143,3
192,143,3
193,143,3
194,143,3
195,143,3
196,143,3
197,143,3
198,143,3
199,143,3
200,143,3
201,143,3
202,143,3
203,143,3
204,143,3
205,143,3
206,143,3
207,143,3
208,143,3
209,143,3
210,143,3
211,143,3
212,143,3
213,143,3
214,143,3
215,143,3
216,143,3
217,143,3
218,143,3
219,143,3
220,143,3
221,143,3
222,143,3
223,143,3
224,143,3
225,143,3
226,143,3
227,143,3
228,143,3
229,143,3
230,143,3
231,143,3
232,143,3
233,143,3
234,143,3
235,143,3
236,143,3
237,143,3
238,143,3
239,143,3
240,143,3
241,143,3
242,143,3
243,143,3
244,143,3
245,143,3
246,143,3
247,143,3
248,143,3
249,143,3
250,143,3
251,143,3
252,143,3
253,143,3
254,143,3
255,143,3
256,143,3
257,143,3
258,143,3
259,143,3
260,143,3
261,143,3
262,143,3
263,143,3
264,143,3
265,143,3
266,143,3
267,143,3
268,143,3
269,143,3
270,143,3
271,143,3
272,143,3
273,143,3
274,143,3
275,143,3
276,143,3
277,143,3
278,143,3
279,143,3
280,143,3
281,143,3
282,143,3
283,143,3
284,143,3
285,143,3
286,143,3
287,143,3
288,143,3
289,143,3
290,143,3
291,143,3
292,143,3
293,143,3
294,143,3
295,143,3
296,143,3
297,143,3
298,143,3
299,143,3
300,143,3
301,143,3
302,143,3
303,143,3
304,143,3
305,143,3
306,143,3
307,143,3
308,143,3
309,143,3
310,143,3
311,143,3
312,143,3
313,143,3
314,143,3
315,143,3
316,143,3
317,143,3
318,143,3
319,143,3
320,143,3
321,143,3
322,143,3
323,143,3
324,143,3
325,143,3
326,143,3
327,143,3
328,143,3
329,143,3
330,143,3
331,143,3
332,143,3
333,143,3
334,143,3
335,143,3
336,143,3
337,143,3
338,143,3
339,143,3
340,143,3
341,143,3
342,143,3
343,143,3
344,143,3
345,143,3
346,143,3
347,143,3
348,143,3
349,143,3
350,143,3
351,143,3
352,143,3
353,143,3
354,143,3
355,143,3
356,143,3
357,143,3
358,143,3
359,143,3
360,143,3
361,143,3
362,143,3
363,143,0
364,143,0
365,143,0
366,143,0
367,143,0
368,143,0
369,143,0
370,143,0
371,143,0
372,143,0
373,143,0
374,143,0
375,143,0
376,143,0
377,143,0
378,143,0
379,143,0
380,143,0
381,143,0
382,143,0
383,143,0
384,143,0
385,143,0
386,143,0
387,143,0
388,143,0
389,143,0
390,143,0
1,142,0
2,142,0
3,142,0
4,142,0
5,142,0
6,142,0
7,142,0
8,142,0
9,142,0
10,142,0
11,142,0
12,142,0
13,142,0
14,142,0
15,142,0
16,142,0
17,142,0
18,142,0
19,142,0
20,142,0
21,142,0
22,142,0
23,142,0
24,142,0
25,142,0
26,142,0
27,142,0
28,142,0
29,142,0
30,142,0
31,142,0
32,142,0
33,142,1
34,142,1
35,142,1
36,142,1
37,142,1
38,142,1
39,142,1
40,142,1
41,142,1
42,142,1
43,142,1
44,142,1
45,142,1
46,142,1
47,142,1
48,142,1
49,142,1
50,142,1
51,142,1
52,142,1
53,142,1
54,142,1
55,142,1
56,142,1
57,142,1
58,142,1
59,142,1
60,142,1
61,142,1
62,142,1
63,142,1
64,142,1
65,142,1
66,142,1
67,142,0
68,142,1
69,142,1
70,142,0
71,142,0
72,142,0
73,142,0
74,142,2
75,142,2
76,142,2
77,142,2
78,142,2
79,142,2
80,142,2
81,142,2
82,142,2
83,142,2
84,142,2
85,142,2
86,142,2
87,142,2
88,142,2
89,142,2
90,142,2
91,142,2
92,142,2
93,142,2
94,142,2
95,142,2
96,142,2
97,142,2
98,142,2
99,142,2
100,142,2
101,142,2
102,142,2
103,142,2
104,142,2
105,142,2
106,142,2
107,142,2
108,142,2
109,142,2
110,142,2
111,142,2
112,142,2
113,142,2
114,142,2
115,142,2
116,142,2
117,142,2
118,142,2
119,142,2
120,142,2
121,142,2
122,142,2
123,142,2
124,142,2
125,142,2
126,142,2
127,142,2
128,142,2
129,142,2
130,142,2
131,142,2
132,142,2
133,142,2
134,142,2
135,142,2
136,142,2
137,142,2
138,142,2
139,142,2
140,142,2
141,142,2
142,142,2
143,142,2
144,142,2
145,142,0
146,142,0
147,142,3
148,142,3
149,142,3
150,142,3
151,142,3
152,142,3
153,142,3
154,142,3
155,142,3
156,142,3
157,142,3
158,142,3
159,142,3
160,142,3
161,142,3
162,142,3
163,142,3
164,142,3
165,142,3
166,142,3
167,142,3
168,142,3
169,142,3
170,142,3
171,142,3
172,142,3
173,142,3
174,142,3
175,142,3
176,142,3
177,142,3
178,142,3
179,142,3
180,142,3
181,142,3
182,142,3
183,142,3
184,142,3
185,142,3
186,142,3
187,142,3
188,142,3
189,142,3
190,142,3
191,142,3
192,142,3
193,142,3
194,142,3
195,142,3
196,142,3
197,142,3
198,142,3
199,142,3
200,142,3
201,142,3
202,142,3
203,142,3
204,142,3
205,142,3
206,142,3
207,142,3
208,142,3
209,142,3
210,142,3
211,142,3
212,142,3
213,142,3
214,142,3
215,142,3
216,142,3
217,142,3
218,142,3
219,142,3
220,142,3
221,142,3
222,142,3
223,142,3
224,142,3
225,142,3
226,142,3
227,142,3
228,142,3
229,142,3
230,142,3
231,142,3
232,142,3
233,142,3
234,142,3
235,142,3
236,142,3
237,142,3
238,142,3
239,142,3
240,142,3
241,142,3
242,142,3
243,142,3
244,142,3
245,142,3
246,142,3
247,142,3
248,142,3
249,142,3
250,142,3
251,142,3
252,142,3
253,142,3
254,142,3
255,142,3
256,142,3
257,142,3
258,142,3
259,142,3
260,142,3
261,142,3
262,142,3
263,142,3
264,142,3
265,142,3
266,142,3
267,142,3
268,142,3
269,142,3
270,142,3
271,142,3
272,142,3
273,142,3
274,142,3
275,142,3
276,142,3
277,142,3
278,142,3
279,142,3
280,142,3
281,142,3
282,142,3
283,142,3
284,142,3
285,142,3
286,142,3
287,142,3
288,142,3
289,142,3
290,142,3
291,142,3
292,142,3
293,142,3
294,142,3
295,142,3
296,142,3
297,142,3
298,142,3
299,142,3
300,142,3
301,142,3
302,142,3
303,142,3
304,142,3
305,142,3
306,142,3
307,142,3
308,142,3
309,142,3
310,142,3
311,142,3
312,142,3
313,142,3
314,142,3
315,142,3
316,142,3
317,142,3
318,142,3
319,142,3
320,142,3
321,142,3
322,142,3
323,142,3
324,142,3
325,142,3
326,142,3
327,142,3
328,142,3
329,142,3
330,142,3
331,142,3
332,142,3
333,142,3
334,142,3
335,142,3
336,142,3
337,142,3
338,142,3
339,142,3
340,142,3
341,142,3
342,142,3
343,142,3
344,142,3
345,142,3
346,142,3
347,142,3
348,142,3
349,142,3
350,142,3
351,142,3
352,142,3
353,142,3
354,142,3
355,142,3
356,142,3
357,142,3
358,142,3
359,142,3
360,142,3
361,142,3
362,142,3
363,142,3
364,142,3
365,142,3
366,142,3
367,142,3
368,142,0
369,142,0
370,142,0
371,142,0
372,142,0
373,142,0
374,142,0
375,142,0
376,142,0
377,142,0
378,142,0
379,142,0
380,142,0
381,142,0
382,142,0
383,142,0
384,142,0
385,142,0
386,142,0
387,142,0
388,142,0
389,142,0
390,142,0
1,141,0
2,141,0
3,141,0
4,141,0
5,141,0
6,141,0
7,141,0
8,141,0
9,141,0
10,141,0
11,141,0
12,141,0
13,141,0
14,141,0
15,141,0
16,141,0
17,141,0
18,141,0
19,141,0
20,141,0
21,141,0
22,141,0
23,141,0
24,141,0
25,141,0
26,141,0
27,141,0
28,141,0
29,141,0
30,141,0
31,141,0
32,141,0
33,141,0
34,141,1
35,141,1
36,141,1
37,141,1
38,141,1
39,141,1
40,141,1
41,141,1
42,141,1
43,141,1
44,141,1
45,141,1
46,141,1
47,141,1
48,141,1
49,141,1
50,141,1
51,141,1
52,141,1
53,141,1
54,141,1
55,141,1
56,141,1
57,141,1
58,141,1
59,141,1
60,141,1
61,141,1
62,141,1
63,141,1
64,141,1
65,141,1
66,141,1
67,141,0
68,141,0
69,141,0
70,141,0
71,141,0
72,141,0
73,141,2
74,141,2
75,141,2
76,141,2
77,141,2
78,141,2
79,141,2
80,141,2
81,141,2
82,141,2
83,141,2
84,141,2
85,141,2
86,141,2
87,141,2
88,141,2
89,141,2
90,141,2
91,141,2
92,141,2
93,141,2
94,141,2
95,141,2
96,141,2
97,141,2
98,141,2
99,141,2
100,141,2
101,141,2
102,141,2
103,141,2
104,141,2
105,141,2
106,141,2
107,141,2
108,141,2
109,141,2
110,141,2
111,141,2
112,141,2
113,141,2
114,141,2
115,141,2
116,141,2
117,141,2
118,141,2
119,141,2
120,141,2
121,141,2
122,141,2
123,141,2
124,141,2
125,141,2
126,141,2
127,141,2
128,141,2
129,141,2
130,141,2
131,141,2
132,141,2
133,141,2
134,141,2
135,141,2
136,141,2
137,141,2
138,141,2
139,141,2
140,141,2
141,141,2
142,141,2
143,141,2
144,141,2
145,141,0
146,141,0
147,141,3
148,141,3
149,141,3
150,141,3
151,141,3
152,141,3
153,141,3
154,141,3
155,141,3
156,141,3
157,141,3
158,141,3
159,141,3
160,141,3
161,141,3
162,141,3
163,141,3
164,141,3
165,141,3
166,141,3
167,141,3
168,141,3
169,141,3
170,141,3
171,141,3
172,141,3
173,141,3
174,141,3
175,141,3
176,141,3
177,141,3
178,141,3
179,141,3
180,141,3
181,141,3
182,141,3
183,141,3
184,141,3
185,141,3
186,141,3
187,141,3
188,141,3
189,141,3
190,141,3
191,141,3
192,141,3
193,141,3
194,141,3
195,141,3
196,141,3
197,141,3
198,141,3
199,141,3
200,141,3
201,141,3
202,141,3
203,141,3
204,141,3
205,141,3
206,141,3
207,141,3
208,141,3
209,141,3
210,141,3
211,141,3
212,141,3
213,141,3
214,141,3
215,141,3
216,141,3
217,141,3
218,141,3
219,141,3
220,141,3
221,141,3
222,141,3
223,141,3
224,141,3
225,141,3
226,141,3
227,141,3
228,141,3
229,141,3
230,141,3
231,141,3
232,141,3
233,141,3
234,141,3
235,141,3
236,141,3
237,141,3
238,141,3
239,141,3
240,141,3
241,141,3
242,141,3
243,141,3
244,141,3
245,141,3
246,141,3
247,141,3
248,141,3
249,141,3
250,141,3
251,141,3
252,141,3
253,141,3
254,141,3
255,141,3
256,141,3
257,141,3
258,141,3
259,141,3
260,141,3
261,141,3
262,141,3
263,141,3
264,141,3
265,141,3
266,141,3
267,141,3
268,141,3
269,141,3
270,141,3
271,141,3
272,141,3
273,141,3
274,141,3
275,141,3
276,141,3
277,141,3
278,141,3
279,141,3
280,141,3
281,141,3
282,141,3
283,141,3
284,141,3
285,141,3
286,141,3
287,141,3
288,141,3
289,141,3
290,141,3
291,141,3
292,141,3
293,141,3
294,141,3
295,141,3
296,141,3
297,141,3
298,141,3
299,141,3
300,141,3
301,141,3
302,141,3
303,141,3
304,141,3
305,141,3
306,141,3
307,141,3
308,141,3
309,141,3
310,141,3
311,141,3
312,141,3
313,141,3
314,141,3
315,141,3
316,141,3
317,141,3
318,141,3
319,141,3
320,141,3
321,141,3
322,141,3
323,141,3
324,141,3
325,141,3
326,141,3
327,141,3
328,141,3
329,141,3
330,141,3
331,141,3
332,141,3
333,141,3
334,141,3
335,141,3
336,141,3
337,141,3
338,141,3
339,141,3
340,141,3
341,141,3
342,141,3
343,141,3
344,141,3
345,141,3
346,141,3
347,141,3
348,141,3
349,141,3
350,141,3
351,141,3
352,141,3
353,141,3
354,141,3
355,141,3
356,141,3
357,141,3
358,141,3
359,141,3
360,141,3
361,141,3
362,141,3
363,141,3
364,141,3
365,141,3
366,141,3
367,141,3
368,141,3
369,141,3
370,141,3
371,141,0
372,141,0
373,141,0
374,141,0
375,141,0
376,141,0
377,141,0
378,141,0
379,141,0
380,141,0
381,141,0
382,141,0
383,141,0
384,141,0
385,141,0
386,141,0
387,141,0
388,141,0
389,141,0
390,141,0
1,140,0
2,140,0
3,140,0
4,140,0
5,140,0
6,140,0
7,140,0
8,140,0
9,140,0
10,140,0
11,140,0
12,140,0
13,140,0
14,140,0
15,140,0
16,140,0
17,140,0
18,140,0
19,140,0
20,140,0
21,140,0
22,140,0
23,140,0
24,140,0
25,140,0
26,140,0
27,140,0
28,140,0
29,140,0
30,140,0
31,140,0
32,140,0
33,140,0
34,140,0
35,140,1
36,140,1
37,140,1
38,140,1
39,140,1
40,140,1
41,140,1
42,140,1
43,140,1
44,140,1
45,140,1
46,140,1
47,140,1
48,140,1
49,140,1
50,140,1
51,140,1
52,140,1
53,140,1
54,140,1
55,140,1
56,140,1
57,140,1
58,140,1
59,140,1
60,140,1
61,140,1
62,140,1
63,140,1
64,140,1
65,140,1
66,140,1
67,140,0
68,140,0
69,140,0
70,140,0
71,140,0
72,140,2
73,140,2
74,140,2
75,140,2
76,140,2
77,140,2
78,140,2
79,140,2
80,140,2
81,140,2
82,140,2
83,140,2
84,140,2
85,140,2
86,140,2
87,140,2
88,140,2
89,140,2
90,140,2
91,140,2
92,140,2
93,140,2
94,140,2
95,140,2
96,140,2
97,140,2
98,140,2
99,140,2
100,140,2
101,140,2
102,140,2
103,140,2
104,140,2
105,140,2
106,140,2
107,140,2
108,140,2
109,140,2
110,140,2
111,140,2
112,140,2
113,140,2
114,140,2
115,140,2
116,140,2
117,140,2
118,140,2
119,140,2
120,140,2
121,140,2
122,140,2
123,140,2
124,140,2
125,140,2
126,140,2
127,140,2
128,140,2
129,140,2
130,140,2
131,140,2
132,140,2
133,140,2
134,140,2
135,140,2
136,140,2
137,140,2
138,140,2
139,140,2
140,140,2
141,140,2
142,140,2
143,140,2
144,140,2
145,140,0
146,140,3
147,140,3
148,140,3
149,140,3
150,140,3
151,140,3
152,140,3
153,140,3
154,140,3
155,140,3
156,140,3
157,140,3
158,140,3
159,140,3
160,140,3
161,140,3
162,140,3
163,140,3
164,140,3
165,140,3
166,140,3
167,140,3
168,140,3
169,140,3
170,140,3
171,140,3
172,140,3
173,140,3
174,140,3
175,140,3
176,140,3
177,140,3
178,140,3
179,140,3
180,140,3
181,140,3
182,140,3
183,140,3
184,140,3
185,140,3
186,140,3
187,140,3
188,140,3
189,140,3
190,140,3
191,140,3
192,140,3
193,140,3
194,140,3
195,140,3
196,140,3
197,140,3
198,140,3
199,140,3
200,140,3
201,140,3
202,140,3
203,140,3
204,140,3
205,140,3
206,140,3
207,140,3
208,140,3
209,140,3
210,140,3
211,140,3
212,140,3
213,140,3
214,140,3
215,140,3
216,140,3
217,140,3
218,140,3
219,140,3
220,140,3
221,140,3
222,140,3
223,140,3
224,140,3
225,140,3
226,140,3
227,140,3
228,140,3
229,140,3
230,140,3
231,140,3
232,140,3
233,140,3
234,140,3
235,140,3
236,140,3
237,140,3
238,140,3
239,140,3
240,140,3
241,140,3
242,140,3
243,140,3
244,140,3
245,140,3
246,140,3
247,140,3
248,140,3
249,140,3
250,140,3
251,140,3
252,140,3
253,140,3
254,140,3
255,140,3
256,140,3
257,140,3
258,140,3
259,140,3
260,140,3
261,140,3
262,140,3
263,140,3
264,140,3
265,140,3
266,140,3
267,140,3
268,140,3
269,140,3
270,140,3
271,140,3
272,140,3
273,140,3
274,140,3
275,140,3
276,140,3
277,140,3
278,140,3
279,140,3
280,140,3
281,140,3
282,140,3
283,140,3
284,140,3
285,140,3
286,140,3
287,140,3
288,140,3
289,140,3
290,140,3
291,140,3
292,140,3
293,140,3
294,140,3
295,140,3
296,140,3
297,140,3
298,140,3
299,140,3
300,140,3
301,140,3
302,140,3
303,140,3
304,140,3
305,140,3
306,140,3
307,140,3
308,140,3
309,140,3
310,140,3
311,140,3
312,140,3
313,140,3
314,140,3
315,140,3
316,140,3
317,140,3
318,140,3
319,140,3
320,140,3
321,140,3
322,140,3
323,140,3
324,140,3
325,140,3
326,140,3
327,140,3
328,140,3
329,140,3
330,140,3
331,140,3
332,140,3
333,140,3
334,140,3
335,140,3
336,140,3
337,140,3
338,140,3
339,140,3
340,140,3
341,140,3
342,140,3
343,140,3
344,140,3
345,140,3
346,140,3
347,140,3
348,140,3
349,140,3
350,140,3
351,140,3
352,140,3
353,140,3
354,140,3
355,140,3
356,140,3
357,140,3
358,140,3
359,140,3
360,140,3
361,140,3
362,140,3
363,140,3
364,140,3
365,140,3
366,140,3
367,140,3
368,140,3
369,140,3
370,140,3
371,140,3
372,140,0
373,140,0
374,140,0
375,140,0
376,140,0
377,140,0
378,140,0
379,140,0
380,140,0
381,140,0
382,140,0
383,140,0
384,140,0
385,140,0
386,140,0
387,140,0
388,140,0
389,140,0
390,140,0
1,139,0
2,139,0
3,139,0
4,139,0
5,139,0
6,139,0
7,139,0
8,139,0
9,139,0
10,139,0
11,139,0
12,139,0
13,139,0
14,139,0
15,139,0
16,139,0
17,139,0
18,139,0
19,139,0
20,139,0
21,139,0
22,139,0
23,139,0
24,139,0
25,139,0
26,139,0
27,139,0
28,139,0
29,139,0
30,139,0
31,139,0
32,139,0
33,139,0
34,139,0
35,139,0
36,139,0
37,139,0
38,139,1
39,139,1
40,139,1
41,139,1
42,139,1
43,139,1
44,139,1
45,139,1
46,139,1
47,139,1
48,139,1
49,139,1
50,139,1
51,139,1
52,139,1
53,139,1
54,139,1
55,139,1
56,139,1
57,139,1
58,139,1
59,139,1
60,139,1
61,139,1
62,139,1
63,139,1
64,139,1
65,139,1
66,139,1
67,139,0
68,139,0
69,139,0
70,139,0
71,139,2
72,139,2
73,139,2
74,139,2
75,139,2
76,139,2
77,139,2
78,139,2
79,139,2
80,139,2
81,139,2
82,139,2
83,139,2
84,139,2
85,139,2
86,139,2
87,139,2
88,139,2
89,139,2
90,139,2
91,139,2
92,139,2
93,139,2
94,139,2
95,139,2
96,139,2
97,139,2
98,139,2
99,139,2
100,139,2
101,139,2
102,139,2
103,139,2
104,139,2
105,139,2
106,139,2
107,139,2
108,139,2
109,139,2
110,139,2
111,139,2
112,139,2
113,139,2
114,139,2
115,139,2
116,139,2
117,139,2
118,139,2
119,139,2
120,139,2
121,139,2
122,139,2
123,139,2
124,139,2
125,139,2
126,139,2
127,139,2
128,139,2
129,139,2
130,139,2
131,139,2
132,139,2
133,139,2
134,139,2
135,139,2
136,139,2
137,139,2
138,139,2
139,139,2
140,139,2
141,139,2
142,139,2
143,139,2
144,139,2
145,139,0
146,139,3
147,139,3
148,139,3
149,139,3
150,139,3
151,139,3
152,139,3
153,139,3
154,139,3
155,139,3
156,139,3
157,139,3
158,139,3
159,139,3
160,139,3
161,139,3
162,139,3
163,139,3
164,139,3
165,139,3
166,139,3
167,139,3
168,139,3
169,139,3
170,139,3
171,139,3
172,139,3
173,139,3
174,139,3
175,139,3
176,139,3
177,139,3
178,139,3
179,139,3
180,139,3
181,139,3
182,139,3
183,139,3
184,139,3
185,139,3
186,139,3
187,139,3
188,139,3
189,139,3
190,139,3
191,139,3
192,139,3
193,139,3
194,139,3
195,139,3
196,139,3
197,139,3
198,139,3
199,139,3
200,139,3
201,139,3
202,139,3
203,139,3
204,139,3
205,139,3
206,139,3
207,139,3
208,139,3
209,139,3
210,139,3
211,139,3
212,139,3
213,139,3
214,139,3
215,139,3
216,139,3
217,139,3
218,139,3
219,139,3
220,139,3
221,139,3
222,139,3
223,139,3
224,139,3
225,139,3
226,139,3
227,139,3
228,139,3
229,139,3
230,139,3
231,139,3
232,139,3
233,139,3
234,139,3
235,139,3
236,139,3
237,139,3
238,139,3
239,139,3
240,139,3
241,139,3
242,139,3
243,139,3
244,139,3
245,139,3
246,139,3
247,139,3
248,139,3
249,139,3
250,139,3
251,139,3
252,139,3
253,139,3
254,139,3
255,139,3
256,139,3
257,139,3
258,139,3
259,139,3
260,139,3
261,139,3
262,139,3
263,139,3
264,139,3
265,139,3
266,139,3
267,139,3
268,139,3
269,139,3
270,139,3
271,139,3
272,139,3
273,139,3
274,139,3
275,139,3
276,139,3
277,139,3
278,139,3
279,139,3
280,139,3
281,139,3
282,139,3
283,139,3
284,139,3
285,139,3
286,139,3
287,139,3
288,139,3
289,139,3
290,139,3
291,139,3
292,139,3
293,139,3
294,139,3
295,139,3
296,139,3
297,139,3
298,139,3
299,139,3
300,139,3
301,139,3
302,139,3
303,139,3
304,139,3
305,139,3
306,139,3
307,139,3
308,139,3
309,139,3
310,139,3
311,139,3
312,139,3
313,139,3
314,139,3
315,139,3
316,139,3
317,139,3
318,139,3
319,139,3
320,139,3
321,139,3
322,139,3
323,139,3
324,139,3
325,139,3
326,139,3
327,139,3
328,139,3
329,139,3
330,139,3
331,139,3
332,139,3
333,139,3
334,139,3
335,139,3
336,139,3
337,139,3
338,139,3
339,139,3
340,139,3
341,139,3
342,139,3
343,139,3
344,139,3
345,139,3
346,139,3
347,139,3
348,139,3
349,139,3
350,139,3
351,139,3
352,139,3
353,139,3
354,139,3
355,139,3
356,139,3
357,139,3
358,139,3
359,139,3
360,139,3
361,139,3
362,139,3
363,139,3
364,139,3
365,139,3
366,139,3
367,139,3
368,139,3
369,139,3
370,139,3
371,139,3
372,139,0
373,139,0
374,139,0
375,139,0
376,139,0
377,139,0
378,139,0
379,139,0
380,139,0
381,139,0
382,139,0
383,139,0
384,139,0
385,139,0
386,139,0
387,139,0
388,139,0
389,139,0
390,139,0
1,138,0
2,138,0
3,138,0
4,138,0
5,138,0
6,138,0
7,138,0
8,138,0
9,138,0
10,138,0
11,138,0
12,138,0
13,138,0
14,138,0
15,138,0
16,138,0
17,138,0
18,138,0
19,138,0
20,138,0
21,138,0
22,138,0
23,138,0
24,138,0
25,138,0
26,138,0
27,138,0
28,138,0
29,138,0
30,138,0
31,138,0
32,138,0
33,138,0
34,138,0
35,138,1
36,138,1
37,138,0
38,138,0
39,138,0
40,138,1
41,138,1
42,138,1
43,138,1
44,138,1
45,138,1
46,138,1
47,138,1
48,138,1
49,138,1
50,138,1
51,138,1
52,138,1
53,138,1
54,138,1
55,138,1
56,138,1
57,138,1
58,138,1
59,138,1
60,138,1
61,138,1
62,138,1
63,138,1
64,138,1
65,138,0
66,138,0
67,138,0
68,138,0
69,138,0
70,138,2
71,138,2
72,138,2
73,138,2
74,138,2
75,138,2
76,138,2
77,138,2
78,138,2
79,138,2
80,138,2
81,138,2
82,138,2
83,138,2
84,138,2
85,138,2
86,138,2
87,138,2
88,138,2
89,138,2
90,138,2
91,138,2
92,138,2
93,138,2
94,138,2
95,138,2
96,138,2
97,138,2
98,138,2
99,138,2
100,138,2
101,138,2
102,138,2
103,138,2
104,138,2
105,138,2
106,138,2
107,138,2
108,138,2
109,138,2
110,138,2
111,138,2
112,138,2
113,138,2
114,138,2
115,138,2
116,138,2
117,138,2
118,138,2
119,138,2
120,138,2
121,138,2
122,138,2
123,138,2
124,138,2
125,138,2
126,138,2
127,138,2
128,138,2
129,138,2
130,138,2
131,138,2
132,138,2
133,138,2
134,138,2
135,138,2
136,138,2
137,138,2
138,138,2
139,138,2
140,138,2
141,138,2
142,138,2
143,138,2
144,138,0
145,138,0
146,138,3
147,138,3
148,138,3
149,138,3
150,138,3
151,138,3
152,138,3
153,138,3
154,138,3
155,138,3
156,138,3
157,138,3
158,138,3
159,138,3
160,138,3
161,138,3
162,138,3
163,138,3
164,138,3
165,138,3
166,138,3
167,138,3
168,138,3
169,138,3
170,138,3
171,138,3
172,138,3
173,138,3
174,138,3
175,138,3
176,138,3
177,138,3
178,138,3
179,138,3
180,138,3
181,138,3
182,138,3
183,138,3
184,138,3
185,138,3
186,138,3
187,138,3
188,138,3
189,138,3
190,138,3
191,138,3
192,138,3
193,138,3
194,138,3
195,138,3
196,138,3
197,138,3
198,138,3
199,138,3
200,138,3
201,138,3
202,138,3
203,138,3
204,138,3
205,138,3
206,138,3
207,138,3
208,138,3
209,138,3
210,138,3
211,138,3
212,138,3
213,138,3
214,138,3
215,138,3
216,138,3
217,138,3
218,138,3
219,138,3
220,138,3
221,138,3
222,138,3
223,138,3
224,138,3
225,138,3
226,138,3
227,138,3
228,138,3
229,138,3
230,138,3
231,138,3
232,138,3
233,138,3
234,138,3
235,138,3
236,138,3
237,138,3
238,138,3
239,138,3
240,138,3
241,138,3
242,138,3
243,138,3
244,138,3
245,138,3
246,138,3
247,138,3
248,138,3
249,138,3
250,138,3
251,138,3
252,138,3
253,138,3
254,138,3
255,138,3
256,138,3
257,138,3
258,138,3
259,138,3
260,138,3
261,138,3
262,138,3
263,138,3
264,138,3
265,138,3
266,138,3
267,138,3
268,138,3
269,138,3
270,138,3
271,138,3
272,138,3
273,138,3
274,138,3
275,138,3
276,138,3
277,138,3
278,138,3
279,138,3
280,138,3
281,138,3
282,138,3
283,138,3
284,138,3
285,138,3
286,138,3
287,138,3
288,138,3
289,138,3
290,138,3
291,138,3
292,138,3
293,138,3
294,138,3
295,138,3
296,138,3
297,138,3
298,138,3
299,138,3
300,138,3
301,138,3
302,138,3
303,138,3
304,138,3
305,138,3
306,138,3
307,138,3
308,138,3
309,138,3
310,138,3
311,138,3
312,138,3
313,138,3
314,138,3
315,138,3
316,138,3
317,138,3
318,138,3
319,138,3
320,138,3
321,138,3
322,138,3
323,138,3
324,138,3
325,138,3
326,138,3
327,138,3
328,138,3
329,138,3
330,138,3
331,138,3
332,138,3
333,138,3
334,138,3
335,138,3
336,138,3
337,138,3
338,138,3
339,138,3
340,138,3
341,138,3
342,138,3
343,138,3
344,138,3
345,138,3
346,138,3
347,138,3
348,138,3
349,138,3
350,138,3
351,138,3
352,138,3
353,138,3
354,138,3
355,138,3
356,138,3
357,138,3
358,138,3
359,138,3
360,138,3
361,138,3
362,138,3
363,138,3
364,138,3
365,138,3
366,138,3
367,138,3
368,138,3
369,138,3
370,138,3
371,138,3
372,138,3
373,138,3
374,138,0
375,138,0
376,138,0
377,138,0
378,138,0
379,138,0
380,138,0
381,138,0
382,138,0
383,138,0
384,138,0
385,138,0
386,138,0
387,138,0
388,138,0
389,138,0
390,138,0
1,137,0
2,137,0
3,137,0
4,137,0
5,137,0
6,137,0
7,137,0
8,137,0
9,137,0
10,137,0
11,137,0
12,137,0
13,137,0
14,137,0
15,137,0
16,137,0
17,137,0
18,137,0
19,137,0
20,137,0
21,137,0
22,137,0
23,137,0
24,137,0
25,137,0
26,137,0
27,137,0
28,137,0
29,137,0
30,137,1
31,137,1
32,137,1
33,137,1
34,137,1
35,137,1
36,137,1
37,137,1
38,137,1
39,137,1
40,137,1
41,137,1
42,137,1
43,137,1
44,137,1
45,137,1
46,137,1
47,137,1
48,137,1
49,137,1
50,137,1
51,137,1
52,137,1
53,137,1
54,137,1
55,137,1
56,137,1
57,137,1
58,137,1
59,137,1
60,137,1
61,137,1
62,137,1
63,137,1
64,137,1
65,137,1
66,137,0
67,137,0
68,137,0
69,137,2
70,137,2
71,137,2
72,137,2
73,137,2
74,137,2
75,137,2
76,137,2
77,137,2
78,137,2
79,137,2
80,137,2
81,137,2
82,137,2
83,137,2
84,137,2
85,137,2
86,137,2
87,137,2
88,137,2
89,137,2
90,137,2
91,137,2
92,137,2
93,137,2
94,137,2
95,137,2
96,137,2
97,137,2
98,137,2
99,137,2
100,137,2
101,137,2
102,137,2
103,137,2
104,137,2
105,137,2
106,137,2
107,137,2
108,137,2
109,137,2
110,137,2
111,137,2
112,137,2
113,137,2
114,137,2
115,137,2
116,137,2
117,137,2
118,137,2
119,137,2
120,137,2
121,137,2
122,137,2
123,137,2
124,137,2
125,137,2
126,137,2
127,137,2
128,137,2
129,137,2
130,137,2
131,137,2
132,137,2
133,137,2
134,137,2
135,137,2
136,137,2
137,137,2
138,137,2
139,137,2
140,137,2
141,137,2
142,137,2
143,137,2
144,137,0
145,137,0
146,137,3
147,137,3
148,137,3
149,137,3
150,137,3
151,137,3
152,137,3
153,137,3
154,137,3
155,137,3
156,137,3
157,137,3
158,137,3
159,137,3
160,137,3
161,137,3
162,137,3
163,137,3
164,137,3
165,137,3
166,137,3
167,137,3
168,137,3
169,137,3
170,137,3
171,137,3
172,137,3
173,137,3
174,137,3
175,137,3
176,137,3
177,137,3
178,137,3
179,137,3
180,137,3
181,137,3
182,137,3
183,137,3
184,137,3
185,137,3
186,137,3
187,137,3
188,137,3
189,137,3
190,137,3
191,137,3
192,137,3
193,137,3
194,137,3
195,137,3
196,137,3
197,137,3
198,137,3
199,137,3
200,137,3
201,137,3
202,137,3
203,137,3
204,137,3
205,137,3
206,137,3
207,137,3
208,137,3
209,137,3
210,137,3
211,137,3
212,137,3
213,137,3
214,137,3
215,137,3
216,137,3
217,137,3
218,137,3
219,137,3
220,137,3
221,137,3
222,137,3
223,137,3
224,137,3
225,137,3
226,137,3
227,137,3
228,137,3
229,137,3
230,137,3
231,137,3
232,137,3
233,137,3
234,137,3
235,137,3
236,137,3
237,137,3
238,137,3
239,137,3
240,137,3
241,137,3
242,137,3
243,137,3
244,137,3
245,137,3
246,137,3
247,137,3
248,137,3
249,137,3
250,137,3
251,137,3
252,137,3
253,137,3
254,137,3
255,137,3
256,137,3
257,137,3
258,137,3
259,137,3
260,137,3
261,137,3
262,137,3
263,137,3
264,137,3
265,137,3
266,137,3
267,137,3
268,137,3
269,137,3
270,137,3
271,137,3
272,137,3
273,137,3
274,137,3
275,137,3
276,137,3
277,137,3
278,137,3
279,137,3
280,137,3
281,137,3
282,137,3
283,137,3
284,137,3
285,137,3
286,137,3
287,137,3
288,137,3
289,137,3
290,137,3
291,137,3
292,137,3
293,137,3
294,137,3
295,137,3
296,137,3
297,137,3
298,137,3
299,137,3
300,137,3
301,137,3
302,137,3
303,137,3
304,137,3
305,137,3
306,137,3
307,137,3
308,137,3
309,137,3
310,137,3
311,137,3
312,137,3
313,137,3
314,137,3
315,137,3
316,137,3
317,137,3
318,137,3
319,137,3
320,137,3
321,137,3
322,137,3
323,137,3
324,137,3
325,137,3
326,137,3
327,137,3
328,137,3
329,137,3
330,137,3
331,137,3
332,137,3
333,137,3
334,137,3
335,137,3
336,137,3
337,137,3
338,137,3
339,137,3
340,137,3
341,137,3
342,137,3
343,137,3
344,137,3
345,137,3
346,137,3
347,137,3
348,137,3
349,137,3
350,137,3
351,137,3
352,137,3
353,137,3
354,137,3
355,137,3
356,137,3
357,137,3
358,137,3
359,137,3
360,137,3
361,137,3
362,137,3
363,137,3
364,137,3
365,137,3
366,137,3
367,137,3
368,137,3
369,137,3
370,137,3
371,137,3
372,137,3
373,137,3
374,137,0
375,137,0
376,137,0
377,137,0
378,137,0
379,137,0
380,137,0
381,137,0
382,137,0
383,137,0
384,137,0
385,137,0
386,137,0
387,137,0
388,137,0
389,137,0
390,137,0
1,136,0
2,136,0
3,136,0
4,136,0
5,136,0
6,136,0
7,136,0
8,136,0
9,136,0
10,136,0
11,136,0
12,136,0
13,136,0
14,136,0
15,136,0
16,136,0
17,136,0
18,136,0
19,136,0
20,136,0
21,136,0
22,136,0
23,136,0
24,136,0
25,136,0
26,136,0
27,136,0
28,136,0
29,136,1
30,136,1
31,136,1
32,136,1
33,136,1
34,136,1
35,136,1
36,136,1
37,136,1
38,136,1
39,136,1
40,136,1
41,136,1
42,136,1
43,136,1
44,136,1
45,136,1
46,136,1
47,136,1
48,136,1
49,136,1
50,136,1
51,136,1
52,136,1
53,136,1
54,136,1
55,136,1
56,136,1
57,136,1
58,136,1
59,136,1
60,136,1
61,136,1
62,136,1
63,136,1
64,136,1
65,136,0
66,136,0
67,136,0
68,136,2
69,136,2
70,136,2
71,136,2
72,136,2
73,136,2
74,136,2
75,136,2
76,136,2
77,136,2
78,136,2
79,136,2
80,136,2
81,136,2
82,136,2
83,136,2
84,136,2
85,136,2
86,136,2
87,136,2
88,136,2
89,136,2
90,136,2
91,136,2
92,136,2
93,136,2
94,136,2
95,136,2
96,136,2
97,136,2
98,136,2
99,136,2
100,136,2
101,136,2
102,136,2
103,136,2
104,136,2
105,136,2
106,136,2
107,136,2
108,136,2
109,136,2
110,136,2
111,136,2
112,136,2
113,136,2
114,136,2
115,136,2
116,136,2
117,136,2
118,136,2
119,136,2
120,136,2
121,136,2
122,136,2
123,136,2
124,136,2
125,136,2
126,136,2
127,136,2
128,136,2
129,136,2
130,136,2
131,136,2
132,136,2
133,136,2
134,136,2
135,136,2
136,136,2
137,136,2
138,136,2
139,136,2
140,136,2
141,136,2
142,136,2
143,136,2
144,136,0
145,136,0
146,136,3
147,136,3
148,136,3
149,136,3
150,136,3
151,136,3
152,136,3
153,136,3
154,136,3
155,136,3
156,136,3
157,136,3
158,136,3
159,136,3
160,136,3
161,136,3
162,136,3
163,136,3
164,136,3
165,136,3
166,136,3
167,136,3
168,136,3
169,136,3
170,136,3
171,136,3
172,136,3
173,136,3
174,136,3
175,136,3
176,136,3
177,136,3
178,136,3
179,136,3
180,136,3
181,136,3
182,136,3
183,136,3
184,136,3
185,136,3
186,136,3
187,136,3
188,136,3
189,136,3
190,136,3
191,136,3
192,136,3
193,136,3
194,136,3
195,136,3
196,136,3
197,136,3
198,136,3
199,136,3
200,136,3
201,136,3
202,136,3
203,136,3
204,136,3
205,136,3
206,136,3
207,136,3
208,136,3
209,136,3
210,136,3
211,136,3
212,136,3
213,136,3
214,136,3
215,136,3
216,136,3
217,136,3
218,136,3
219,136,3
220,136,3
221,136,3
222,136,3
223,136,3
224,136,3
225,136,3
226,136,3
227,136,3
228,136,3
229,136,3
230,136,3
231,136,3
232,136,3
233,136,3
234,136,3
235,136,3
236,136,3
237,136,3
238,136,3
239,136,3
240,136,3
241,136,3
242,136,3
243,136,3
244,136,3
245,136,3
246,136,3
247,136,3
248,136,3
249,136,3
250,136,3
251,136,3
252,136,3
253,136,3
254,136,3
255,136,3
256,136,3
257,136,3
258,136,3
259,136,3
260,136,3
261,136,3
262,136,3
263,136,3
264,136,3
265,136,3
266,136,3
267,136,3
268,136,3
269,136,3
270,136,3
271,136,3
272,136,3
273,136,3
274,136,3
275,136,3
276,136,3
277,136,3
278,136,3
279,136,3
280,136,3
281,136,3
282,136,3
283,136,3
284,136,3
285,136,3
286,136,3
287,136,3
288,136,3
289,136,3
290,136,3
291,136,3
292,136,3
293,136,3
294,136,3
295,136,3
296,136,3
297,136,3
298,136,3
299,136,3
300,136,3
301,136,3
302,136,3
303,136,3
304,136,3
305,136,3
306,136,3
307,136,3
308,136,3
309,136,3
310,136,3
311,136,3
312,136,3
313,136,3
314,136,3
315,136,3
316,136,3
317,136,3
318,136,3
319,136,3
320,136,3
321,136,3
322,136,3
323,136,3
324,136,3
325,136,3
326,136,3
327,136,3
328,136,3
329,136,3
330,136,3
331,136,3
332,136,3
333,136,3
334,136,3
335,136,3
336,136,3
337,136,3
338,136,3
339,136,3
340,136,3
341,136,3
342,136,3
343,136,3
344,136,3
345,136,3
346,136,3
347,136,3
348,136,3
349,136,3
350,136,3
351,136,3
352,136,3
353,136,3
354,136,3
355,136,3
356,136,3
357,136,3
358,136,3
359,136,3
360,136,3
361,136,3
362,136,3
363,136,3
364,136,3
365,136,3
366,136,3
367,136,3
368,136,3
369,136,3
370,136,3
371,136,3
372,136,3
373,136,3
374,136,3
375,136,0
376,136,0
377,136,0
378,136,0
379,136,0
380,136,0
381,136,0
382,136,0
383,136,0
384,136,0
385,136,0
386,136,0
387,136,0
388,136,0
389,136,0
390,136,0
1,135,0
2,135,0
3,135,0
4,135,0
5,135,0
6,135,0
7,135,0
8,135,0
9,135,0
10,135,0
11,135,0
12,135,0
13,135,0
14,135,0
15,135,0
16,135,0
17,135,0
18,135,0
19,135,0
20,135,0
21,135,0
22,135,0
23,135,0
24,135,0
25,135,0
26,135,0
27,135,0
28,135,0
29,135,1
30,135,1
31,135,1
32,135,1
33,135,1
34,135,1
35,135,1
36,135,1
37,135,1
38,135,1
39,135,1
40,135,1
41,135,1
42,135,1
43,135,1
44,135,1
45,135,1
46,135,1
47,135,1
48,135,1
49,135,1
50,135,1
51,135,1
52,135,1
53,135,1
54,135,1
55,135,1
56,135,1
57,135,1
58,135,1
59,135,1
60,135,1
61,135,1
62,135,0
63,135,0
64,135,1
65,135,0
66,135,0
67,135,0
68,135,2
69,135,2
70,135,2
71,135,2
72,135,2
73,135,2
74,135,2
75,135,2
76,135,2
77,135,2
78,135,2
79,135,2
80,135,2
81,135,2
82,135,2
83,135,2
84,135,2
85,135,2
86,135,2
87,135,2
88,135,2
89,135,2
90,135,2
91,135,2
92,135,2
93,135,2
94,135,2
95,135,2
96,135,2
97,135,2
98,135,2
99,135,2
100,135,2
101,135,2
102,135,2
103,135,2
104,135,2
105,135,2
106,135,2
107,135,2
108,135,2
109,135,2
110,135,2
111,135,2
112,135,2
113,135,2
114,135,2
115,135,2
116,135,2
117,135,2
118,135,2
119,135,2
120,135,2
121,135,2
122,135,2
123,135,2
124,135,2
125,135,2
126,135,2
127,135,2
128,135,2
129,135,2
130,135,2
131,135,2
132,135,2
133,135,2
134,135,2
135,135,2
136,135,2
137,135,2
138,135,2
139,135,2
140,135,2
141,135,2
142,135,2
143,135,2
144,135,0
145,135,0
146,135,3
147,135,3
148,135,3
149,135,3
150,135,3
151,135,3
152,135,3
153,135,3
154,135,3
155,135,3
156,135,3
157,135,3
158,135,3
159,135,3
160,135,3
161,135,3
162,135,3
163,135,3
164,135,3
165,135,3
166,135,3
167,135,3
168,135,3
169,135,3
170,135,3
171,135,3
172,135,3
173,135,3
174,135,3
175,135,3
176,135,3
177,135,3
178,135,3
179,135,3
180,135,3
181,135,3
182,135,3
183,135,3
184,135,3
185,135,3
186,135,3
187,135,3
188,135,3
189,135,3
190,135,3
191,135,3
192,135,3
193,135,3
194,135,3
195,135,3
196,135,3
197,135,3
198,135,3
199,135,3
200,135,3
201,135,3
202,135,3
203,135,3
204,135,3
205,135,3
206,135,3
207,135,3
208,135,3
209,135,3
210,135,3
211,135,3
212,135,3
213,135,3
214,135,3
215,135,3
216,135,3
217,135,3
218,135,3
219,135,3
220,135,3
221,135,3
222,135,3
223,135,3
224,135,3
225,135,3
226,135,3
227,135,3
228,135,3
229,135,3
230,135,3
231,135,3
232,135,3
233,135,3
234,135,3
235,135,3
236,135,3
237,135,3
238,135,3
239,135,3
240,135,3
241,135,3
242,135,3
243,135,3
244,135,3
245,135,3
246,135,3
247,135,3
248,135,3
249,135,3
250,135,3
251,135,3
252,135,3
253,135,3
254,135,3
255,135,3
256,135,3
257,135,3
258,135,3
259,135,3
260,135,3
261,135,3
262,135,3
263,135,3
264,135,3
265,135,3
266,135,3
267,135,3
268,135,3
269,135,3
270,135,3
271,135,3
272,135,3
273,135,3
274,135,3
275,135,3
276,135,3
277,135,3
278,135,3
279,135,3
280,135,3
281,135,3
282,135,3
283,135,3
284,135,3
285,135,3
286,135,3
287,135,3
288,135,3
289,135,3
290,135,3
291,135,3
292,135,3
293,135,3
294,135,3
295,135,3
296,135,3
297,135,3
298,135,3
299,135,3
300,135,3
301,135,3
302,135,3
303,135,3
304,135,3
305,135,3
306,135,3
307,135,3
308,135,3
309,135,3
310,135,3
311,135,3
312,135,3
313,135,3
314,135,3
315,135,3
316,135,3
317,135,3
318,135,3
319,135,3
320,135,3
321,135,3
322,135,3
323,135,3
324,135,3
325,135,3
326,135,3
327,135,3
328,135,3
329,135,3
330,135,3
331,135,3
332,135,3
333,135,3
334,135,3
335,135,3
336,135,3
337,135,3
338,135,3
339,135,3
340,135,3
341,135,3
342,135,3
343,135,3
344,135,3
345,135,3
346,135,3
347,135,3
348,135,3
349,135,3
350,135,3
351,135,3
352,135,3
353,135,3
354,135,3
355,135,3
356,135,3
357,135,3
358,135,3
359,135,3
360,135,3
361,135,3
362,135,3
363,135,3
364,135,3
365,135,3
366,135,3
367,135,3
368,135,3
369,135,3
370,135,3
371,135,3
372,135,3
373,135,3
374,135,3
375,135,0
376,135,0
377,135,0
378,135,0
379,135,0
380,135,0
381,135,0
382,135,0
383,135,0
384,135,0
385,135,0
386,135,0
387,135,0
388,135,0
389,135,0
390,135,0
1,134,0
2,134,0
3,134,0
4,134,0
5,134,0
6,134,0
7,134,0
8,134,0
9,134,0
10,134,0
11,134,0
12,134,0
13,134,0
14,134,0
15,134,0
16,134,0
17,134,0
18,134,0
19,134,0
20,134,0
21,134,0
22,134,0
23,134,0
24,134,0
25,134,0
26,134,0
27,134,0
28,134,0
29,134,1
30,134,0
31,134,1
32,134,1
33,134,1
34,134,1
35,134,1
36,134,1
37,134,1
38,134,1
39,134,1
40,134,1
41,134,1
42,134,1
43,134,1
44,134,1
45,134,1
46,134,1
47,134,1
48,134,1
49,134,1
50,134,1
51,134,1
52,134,1
53,134,1
54,134,1
55,134,1
56,134,1
57,134,1
58,134,1
59,134,1
60,134,1
61,134,1
62,134,1
63,134,1
64,134,1
65,134,0
66,134,0
67,134,2
68,134,2
69,134,2
70,134,2
71,134,2
72,134,2
73,134,2
74,134,2
75,134,2
76,134,2
77,134,2
78,134,2
79,134,2
80,134,2
81,134,2
82,134,2
83,134,2
84,134,2
85,134,2
86,134,2
87,134,2
88,134,2
89,134,2
90,134,2
91,134,2
92,134,2
93,134,2
94,134,2
95,134,2
96,134,2
97,134,2
98,134,2
99,134,2
100,134,2
101,134,2
102,134,2
103,134,2
104,134,2
105,134,2
106,134,2
107,134,2
108,134,2
109,134,2
110,134,2
111,134,2
112,134,2
113,134,2
114,134,2
115,134,2
116,134,2
117,134,2
118,134,2
119,134,2
120,134,2
121,134,2
122,134,2
123,134,2
124,134,2
125,134,2
126,134,2
127,134,2
128,134,2
129,134,2
130,134,2
131,134,2
132,134,2
133,134,2
134,134,2
135,134,2
136,134,2
137,134,2
138,134,2
139,134,2
140,134,2
141,134,2
142,134,2
143,134,2
144,134,0
145,134,0
146,134,3
147,134,3
148,134,3
149,134,3
150,134,3
151,134,3
152,134,3
153,134,3
154,134,3
155,134,3
156,134,3
157,134,3
158,134,3
159,134,3
160,134,3
161,134,3
162,134,3
163,134,3
164,134,3
165,134,3
166,134,3
167,134,3
168,134,3
169,134,3
170,134,3
171,134,3
172,134,3
173,134,3
174,134,3
175,134,3
176,134,3
177,134,3
178,134,3
179,134,3
180,134,3
181,134,3
182,134,3
183,134,3
184,134,3
185,134,3
186,134,3
187,134,3
188,134,3
189,134,3
190,134,3
191,134,3
192,134,3
193,134,3
194,134,3
195,134,3
196,134,3
197,134,3
198,134,3
199,134,3
200,134,3
201,134,3
202,134,3
203,134,3
204,134,3
205,134,3
206,134,3
207,134,3
208,134,3
209,134,3
210,134,3
211,134,3
212,134,3
213,134,3
214,134,3
215,134,3
216,134,3
217,134,3
218,134,3
219,134,3
220,134,3
221,134,3
222,134,3
223,134,3
224,134,3
225,134,3
226,134,3
227,134,3
228,134,3
229,134,3
230,134,3
231,134,3
232,134,3
233,134,3
234,134,3
235,134,3
236,134,3
237,134,3
238,134,3
239,134,3
240,134,3
241,134,3
242,134,3
243,134,3
244,134,3
245,134,3
246,134,3
247,134,3
248,134,3
249,134,3
250,134,3
251,134,3
252,134,3
253,134,3
254,134,3
255,134,3
256,134,3
257,134,3
258,134,3
259,134,3
260,134,3
261,134,3
262,134,3
263,134,3
264,134,3
265,134,3
266,134,3
267,134,3
268,134,3
269,134,3
270,134,3
271,134,3
272,134,3
273,134,3
274,134,3
275,134,3
276,134,3
277,134,3
278,134,3
279,134,3
280,134,3
281,134,3
282,134,3
283,134,3
284,134,3
285,134,3
286,134,3
287,134,3
288,134,3
289,134,3
290,134,3
291,134,3
292,134,3
293,134,3
294,134,3
295,134,3
296,134,3
297,134,3
298,134,3
299,134,3
300,134,3
301,134,3
302,134,3
303,134,3
304,134,3
305,134,3
306,134,3
307,134,3
308,134,3
309,134,3
310,134,3
311,134,3
312,134,3
313,134,3
314,134,3
315,134,3
316,134,3
317,134,3
318,134,3
319,134,3
320,134,3
321,134,3
322,134,3
323,134,3
324,134,3
325,134,3
326,134,3
327,134,3
328,134,3
329,134,3
330,134,3
331,134,3
332,134,3
333,134,3
334,134,3
335,134,3
336,134,3
337,134,3
338,134,3
339,134,3
340,134,3
341,134,3
342,134,3
343,134,3
344,134,3
345,134,3
346,134,3
347,134,3
348,134,3
349,134,3
350,134,3
351,134,3
352,134,3
353,134,3
354,134,3
355,134,3
356,134,3
357,134,3
358,134,3
359,134,3
360,134,3
361,134,3
362,134,3
363,134,3
364,134,3
365,134,3
366,134,3
367,134,3
368,134,3
369,134,3
370,134,3
371,134,3
372,134,3
373,134,3
374,134,3
375,134,0
376,134,0
377,134,0
378,134,0
379,134,0
380,134,0
381,134,0
382,134,0
383,134,0
384,134,0
385,134,0
386,134,0
387,134,0
388,134,0
389,134,0
390,134,0
1,133,0
2,133,0
3,133,0
4,133,0
5,133,0
6,133,0
7,133,0
8,133,0
9,133,0
10,133,0
11,133,0
12,133,0
13,133,0
14,133,0
15,133,0
16,133,0
17,133,0
18,133,0
19,133,0
20,133,0
21,133,0
22,133,0
23,133,0
24,133,0
25,133,0
26,133,0
27,133,0
28,133,0
29,133,0
30,133,0
31,133,0
32,133,0
33,133,1
34,133,1
35,133,1
36,133,1
37,133,1
38,133,1
39,133,1
40,133,1
41,133,1
42,133,1
43,133,1
44,133,1
45,133,1
46,133,1
47,133,1
48,133,1
49,133,1
50,133,1
51,133,1
52,133,1
53,133,1
54,133,1
55,133,1
56,133,1
57,133,1
58,133,1
59,133,1
60,133,1
61,133,1
62,133,1
63,133,1
64,133,0
65,133,0
66,133,0
67,133,2
68,133,2
69,133,2
70,133,2
71,133,2
72,133,2
73,133,2
74,133,2
75,133,2
76,133,2
77,133,2
78,133,2
79,133,2
80,133,2
81,133,2
82,133,2
83,133,2
84,133,2
85,133,2
86,133,2
87,133,2
88,133,2
89,133,2
90,133,2
91,133,2
92,133,2
93,133,2
94,133,2
95,133,2
96,133,2
97,133,2
98,133,2
99,133,2
100,133,2
101,133,2
102,133,2
103,133,2
104,133,2
105,133,2
106,133,2
107,133,2
108,133,2
109,133,2
110,133,2
111,133,2
112,133,2
113,133,2
114,133,2
115,133,2
116,133,2
117,133,2
118,133,2
119,133,2
120,133,2
121,133,2
122,133,2
123,133,2
124,133,2
125,133,2
126,133,2
127,133,2
128,133,2
129,133,2
130,133,2
131,133,2
132,133,2
133,133,2
134,133,2
135,133,2
136,133,2
137,133,2
138,133,2
139,133,2
140,133,2
141,133,2
142,133,2
143,133,2
144,133,0
145,133,0
146,133,3
147,133,3
148,133,3
149,133,3
150,133,3
151,133,3
152,133,3
153,133,3
154,133,3
155,133,3
156,133,3
157,133,3
158,133,3
159,133,3
160,133,3
161,133,3
162,133,3
163,133,3
164,133,3
165,133,3
166,133,3
167,133,3
168,133,3
169,133,3
170,133,3
171,133,3
172,133,3
173,133,3
174,133,3
175,133,3
176,133,3
177,133,3
178,133,3
179,133,3
180,133,3
181,133,3
182,133,3
183,133,3
184,133,3
185,133,3
186,133,3
187,133,3
188,133,3
189,133,3
190,133,3
191,133,3
192,133,3
193,133,3
194,133,3
195,133,3
196,133,3
197,133,3
198,133,3
199,133,3
200,133,3
201,133,3
202,133,3
203,133,3
204,133,3
205,133,3
206,133,3
207,133,3
208,133,3
209,133,3
210,133,3
211,133,3
212,133,3
213,133,3
214,133,3
215,133,3
216,133,3
217,133,3
218,133,3
219,133,3
220,133,3
221,133,3
222,133,3
223,133,3
224,133,3
225,133,3
226,133,3
227,133,3
228,133,3
229,133,3
230,133,3
231,133,3
232,133,3
233,133,3
234,133,3
235,133,3
236,133,3
237,133,3
238,133,3
239,133,3
240,133,3
241,133,3
242,133,3
243,133,3
244,133,3
245,133,3
246,133,3
247,133,3
248,133,3
249,133,3
250,133,3
251,133,3
252,133,3
253,133,3
254,133,3
255,133,3
256,133,3
257,133,3
258,133,3
259,133,3
260,133,3
261,133,3
262,133,3
263,133,3
264,133,3
265,133,3
266,133,3
267,133,3
268,133,3
269,133,3
270,133,3
271,133,3
272,133,3
273,133,3
274,133,3
275,133,3
276,133,3
277,133,3
278,133,3
279,133,3
280,133,3
281,133,3
282,133,3
283,133,3
284,133,3
285,133,3
286,133,3
287,133,3
288,133,3
289,133,3
290,133,3
291,133,3
292,133,3
293,133,3
294,133,3
295,133,3
296,133,3
297,133,3
298,133,3
299,133,3
300,133,3
301,133,3
302,133,3
303,133,3
304,133,3
305,133,3
306,133,3
307,133,3
308,133,3
309,133,3
310,133,3
311,133,3
312,133,3
313,133,3
314,133,3
315,133,3
316,133,3
317,133,3
318,133,3
319,133,3
320,133,3
321,133,3
322,133,3
323,133,3
324,133,3
325,133,3
326,133,3
327,133,3
328,133,3
329,133,3
330,133,3
331,133,3
332,133,3
333,133,3
334,133,3
335,133,3
336,133,3
337,133,3
338,133,3
339,133,3
340,133,3
341,133,3
342,133,3
343,133,3
344,133,3
345,133,3
346,133,3
347,133,3
348,133,3
349,133,3
350,133,3
351,133,3
352,133,3
353,133,3
354,133,3
355,133,3
356,133,3
357,133,3
358,133,3
359,133,3
360,133,3
361,133,3
362,133,3
363,133,3
364,133,3
365,133,3
366,133,3
367,133,3
368,133,3
369,133,3
370,133,3
371,133,3
372,133,3
373,133,3
374,133,3
375,133,3
376,133,0
377,133,0
378,133,0
379,133,0
380,133,0
381,133,0
382,133,0
383,133,0
384,133,0
385,133,0
386,133,0
387,133,0
388,133,0
389,133,0
390,133,0
1,132,0
2,132,0
3,132,0
4,132,0
5,132,0
6,132,0
7,132,0
8,132,0
9,132,0
10,132,0
11,132,0
12,132,0
13,132,0
14,132,0
15,132,0
16,132,0
17,132,0
18,132,0
19,132,0
20,132,0
21,132,0
22,132,0
23,132,0
24,132,0
25,132,0
26,132,0
27,132,0
28,132,0
29,132,0
30,132,1
31,132,1
32,132,1
33,132,1
34,132,1
35,132,1
36,132,1
37,132,1
38,132,1
39,132,1
40,132,1
41,132,1
42,132,1
43,132,1
44,132,1
45,132,1
46,132,1
47,132,1
48,132,1
49,132,1
50,132,1
51,132,1
52,132,1
53,132,1
54,132,1
55,132,1
56,132,1
57,132,1
58,132,1
59,132,1
60,132,1
61,132,1
62,132,1
63,132,1
64,132,0
65,132,0
66,132,0
67,132,2
68,132,2
69,132,2
70,132,2
71,132,2
72,132,2
73,132,2
74,132,2
75,132,2
76,132,2
77,132,2
78,132,2
79,132,2
80,132,2
81,132,2
82,132,2
83,132,2
84,132,2
85,132,2
86,132,2
87,132,2
88,132,2
89,132,2
90,132,2
91,132,2
92,132,2
93,132,2
94,132,2
95,132,2
96,132,2
97,132,2
98,132,2
99,132,2
100,132,2
101,132,2
102,132,2
103,132,2
104,132,2
105,132,2
106,132,2
107,132,2
108,132,2
109,132,2
110,132,2
111,132,2
112,132,2
113,132,2
114,132,2
115,132,2
116,132,2
117,132,2
118,132,2
119,132,2
120,132,2
121,132,2
122,132,2
123,132,2
124,132,2
125,132,2
126,132,2
127,132,2
128,132,2
129,132,2
130,132,2
131,132,2
132,132,2
133,132,2
134,132,2
135,132,2
136,132,2
137,132,2
138,132,2
139,132,2
140,132,2
141,132,2
142,132,2
143,132,2
144,132,0
145,132,0
146,132,3
147,132,3
148,132,3
149,132,3
150,132,3
151,132,3
152,132,3
153,132,3
154,132,3
155,132,3
156,132,3
157,132,3
158,132,3
159,132,3
160,132,3
161,132,3
162,132,3
163,132,3
164,132,3
165,132,3
166,132,3
167,132,3
168,132,3
169,132,3
170,132,3
171,132,3
172,132,3
173,132,3
174,132,3
175,132,3
176,132,3
177,132,3
178,132,3
179,132,3
180,132,3
181,132,3
182,132,3
183,132,3
184,132,3
185,132,3
186,132,3
187,132,3
188,132,3
189,132,3
190,132,3
191,132,3
192,132,3
193,132,3
194,132,3
195,132,3
196,132,3
197,132,3
198,132,3
199,132,3
200,132,3
201,132,3
202,132,3
203,132,3
204,132,3
205,132,3
206,132,3
207,132,3
208,132,3
209,132,3
210,132,3
211,132,3
212,132,3
213,132,3
214,132,3
215,132,3
216,132,3
217,132,3
218,132,3
219,132,3
220,132,3
221,132,3
222,132,3
223,132,3
224,132,3
225,132,3
226,132,3
227,132,3
228,132,3
229,132,3
230,132,3
231,132,3
232,132,3
233,132,3
234,132,3
235,132,3
236,132,3
237,132,3
238,132,3
239,132,3
240,132,3
241,132,3
242,132,3
243,132,3
244,132,3
245,132,3
246,132,3
247,132,3
248,132,3
249,132,3
250,132,3
251,132,3
252,132,3
253,132,3
254,132,3
255,132,3
256,132,3
257,132,3
258,132,3
259,132,3
260,132,3
261,132,3
262,132,3
263,132,3
264,132,3
265,132,3
266,132,3
267,132,3
268,132,3
269,132,3
270,132,3
271,132,3
272,132,3
273,132,3
274,132,3
275,132,3
276,132,3
277,132,3
278,132,3
279,132,3
280,132,3
281,132,3
282,132,3
283,132,3
284,132,3
285,132,3
286,132,3
287,132,3
288,132,3
289,132,3
290,132,3
291,132,3
292,132,3
293,132,3
294,132,3
295,132,3
296,132,3
297,132,3
298,132,3
299,132,3
300,132,3
301,132,3
302,132,3
303,132,3
304,132,3
305,132,3
306,132,3
307,132,3
308,132,3
309,132,3
310,132,3
311,132,3
312,132,3
313,132,3
314,132,3
315,132,3
316,132,3
317,132,3
318,132,3
319,132,3
320,132,3
321,132,3
322,132,3
323,132,3
324,132,3
325,132,3
326,132,3
327,132,3
328,132,3
329,132,3
330,132,3
331,132,3
332,132,3
333,132,3
334,132,3
335,132,3
336,132,3
337,132,3
338,132,3
339,132,3
340,132,3
341,132,3
342,132,3
343,132,3
344,132,3
345,132,3
346,132,3
347,132,3
348,132,3
349,132,3
350,132,3
351,132,3
352,132,3
353,132,3
354,132,3
355,132,3
356,132,3
357,132,3
358,132,3
359,132,3
360,132,3
361,132,3
362,132,3
363,132,3
364,132,3
365,132,3
366,132,3
367,132,3
368,132,3
369,132,3
370,132,3
371,132,3
372,132,3
373,132,3
374,132,3
375,132,3
376,132,0
377,132,0
378,132,0
379,132,0
380,132,0
381,132,0
382,132,0
383,132,0
384,132,0
385,132,0
386,132,0
387,132,0
388,132,0
389,132,0
390,132,0
1,131,0
2,131,0
3,131,0
4,131,0
5,131,0
6,131,0
7,131,0
8,131,0
9,131,0
10,131,0
11,131,0
12,131,0
13,131,0
14,131,0
15,131,0
16,131,0
17,131,0
18,131,0
19,131,0
20,131,0
21,131,0
22,131,0
23,131,0
24,131,0
25,131,0
26,131,0
27,131,0
28,131,1
29,131,1
30,131,1
31,131,1
32,131,1
33,131,1
34,131,1
35,131,1
36,131,1
37,131,1
38,131,1
39,131,1
40,131,1
41,131,1
42,131,1
43,131,1
44,131,1
45,131,1
46,131,1
47,131,1
48,131,1
49,131,1
50,131,1
51,131,1
52,131,1
53,131,1
54,131,1
55,131,1
56,131,1
57,131,1
58,131,1
59,131,1
60,131,1
61,131,1
62,131,1
63,131,0
64,131,0
65,131,0
66,131,0
67,131,2
68,131,2
69,131,2
70,131,2
71,131,2
72,131,2
73,131,2
74,131,2
75,131,2
76,131,2
77,131,2
78,131,2
79,131,2
80,131,2
81,131,2
82,131,2
83,131,2
84,131,2
85,131,2
86,131,2
87,131,2
88,131,2
89,131,2
90,131,2
91,131,2
92,131,2
93,131,2
94,131,2
95,131,2
96,131,2
97,131,2
98,131,2
99,131,2
100,131,2
101,131,2
102,131,2
103,131,2
104,131,2
105,131,2
106,131,2
107,131,2
108,131,2
109,131,2
110,131,2
111,131,2
112,131,2
113,131,2
114,131,2
115,131,2
116,131,2
117,131,2
118,131,2
119,131,2
120,131,2
121,131,2
122,131,2
123,131,2
124,131,2
125,131,2
126,131,2
127,131,2
128,131,2
129,131,2
130,131,2
131,131,2
132,131,2
133,131,2
134,131,2
135,131,2
136,131,2
137,131,2
138,131,2
139,131,2
140,131,2
141,131,2
142,131,2
143,131,2
144,131,0
145,131,0
146,131,3
147,131,3
148,131,3
149,131,3
150,131,3
151,131,3
152,131,3
153,131,3
154,131,3
155,131,3
156,131,3
157,131,3
158,131,3
159,131,3
160,131,3
161,131,3
162,131,3
163,131,3
164,131,3
165,131,3
166,131,3
167,131,3
168,131,3
169,131,3
170,131,3
171,131,3
172,131,3
173,131,3
174,131,3
175,131,3
176,131,3
177,131,3
178,131,3
179,131,3
180,131,3
181,131,3
182,131,3
183,131,3
184,131,3
185,131,3
186,131,3
187,131,3
188,131,3
189,131,3
190,131,3
191,131,3
192,131,3
193,131,3
194,131,3
195,131,3
196,131,3
197,131,3
198,131,3
199,131,3
200,131,3
201,131,3
202,131,3
203,131,3
204,131,3
205,131,3
206,131,3
207,131,3
208,131,3
209,131,3
210,131,3
211,131,3
212,131,3
213,131,3
214,131,3
215,131,3
216,131,3
217,131,3
218,131,3
219,131,3
220,131,3
221,131,3
222,131,3
223,131,3
224,131,3
225,131,3
226,131,3
227,131,3
228,131,3
229,131,3
230,131,3
231,131,3
232,131,3
233,131,3
234,131,3
235,131,3
236,131,3
237,131,3
238,131,3
239,131,3
240,131,3
241,131,3
242,131,3
243,131,3
244,131,3
245,131,3
246,131,3
247,131,3
248,131,3
249,131,3
250,131,3
251,131,3
252,131,3
253,131,3
254,131,3
255,131,3
256,131,3
257,131,3
258,131,3
259,131,3
260,131,3
261,131,3
262,131,3
263,131,3
264,131,3
265,131,3
266,131,3
267,131,3
268,131,3
269,131,3
270,131,3
271,131,3
272,131,3
273,131,3
274,131,3
275,131,3
276,131,3
277,131,3
278,131,3
279,131,3
280,131,3
281,131,3
282,131,3
283,131,3
284,131,3
285,131,3
286,131,3
287,131,3
288,131,3
289,131,3
290,131,3
291,131,3
292,131,3
293,131,3
294,131,3
295,131,3
296,131,3
297,131,3
298,131,3
299,131,3
300,131,3
301,131,3
302,131,3
303,131,3
304,131,3
305,131,3
306,131,3
307,131,3
308,131,3
309,131,3
310,131,3
311,131,3
312,131,3
313,131,3
314,131,3
315,131,3
316,131,3
317,131,3
318,131,3
319,131,3
320,131,3
321,131,3
322,131,3
323,131,3
324,131,3
325,131,3
326,131,3
327,131,3
328,131,3
329,131,3
330,131,3
331,131,3
332,131,3
333,131,3
334,131,3
335,131,3
336,131,3
337,131,3
338,131,3
339,131,3
340,131,3
341,131,3
342,131,3
343,131,3
344,131,3
345,131,3
346,131,3
347,131,3
348,131,3
349,131,3
350,131,3
351,131,3
352,131,3
353,131,3
354,131,3
355,131,3
356,131,3
357,131,3
358,131,3
359,131,3
360,131,3
361,131,3
362,131,3
363,131,3
364,131,3
365,131,3
366,131,3
367,131,3
368,131,3
369,131,3
370,131,3
371,131,3
372,131,3
373,131,3
374,131,3
375,131,3
376,131,0
377,131,0
378,131,0
379,131,0
380,131,0
381,131,0
382,131,0
383,131,0
384,131,0
385,131,0
386,131,0
387,131,0
388,131,0
389,131,0
390,131,0
1,130,0
2,130,0
3,130,0
4,130,0
5,130,0
6,130,0
7,130,0
8,130,0
9,130,0
10,130,0
11,130,0
12,130,0
13,130,0
14,130,0
15,130,0
16,130,0
17,130,0
18,130,0
19,130,0
20,130,0
21,130,0
22,130,0
23,130,0
24,130,0
25,130,0
26,130,0
27,130,1
28,130,1
29,130,1
30,130,1
31,130,1
32,130,1
33,130,1
34,130,1
35,130,1
36,130,1
37,130,1
38,130,1
39,130,1
40,130,1
41,130,1
42,130,1
43,130,1
44,130,1
45,130,1
46,130,1
47,130,1
48,130,1
49,130,1
50,130,1
51,130,1
52,130,1
53,130,1
54,130,1
55,130,1
56,130,1
57,130,1
58,130,1
59,130,1
60,130,1
61,130,1
62,130,1
63,130,0
64,130,0
65,130,0
66,130,0
67,130,2
68,130,2
69,130,2
70,130,2
71,130,2
72,130,2
73,130,2
74,130,2
75,130,2
76,130,2
77,130,2
78,130,2
79,130,2
80,130,2
81,130,2
82,130,2
83,130,2
84,130,2
85,130,2
86,130,2
87,130,2
88,130,2
89,130,2
90,130,2
91,130,2
92,130,2
93,130,2
94,130,2
95,130,2
96,130,2
97,130,2
98,130,2
99,130,2
100,130,2
101,130,2
102,130,2
103,130,2
104,130,2
105,130,2
106,130,2
107,130,2
108,130,2
109,130,2
110,130,2
111,130,2
112,130,2
113,130,2
114,130,2
115,130,2
116,130,2
117,130,2
118,130,2
119,130,2
120,130,2
121,130,2
122,130,2
123,130,2
124,130,2
125,130,2
126,130,2
127,130,2
128,130,2
129,130,2
130,130,2
131,130,2
132,130,2
133,130,2
134,130,2
135,130,2
136,130,2
137,130,2
138,130,2
139,130,2
140,130,2
141,130,2
142,130,2
143,130,2
144,130,0
145,130,0
146,130,3
147,130,3
148,130,3
149,130,3
150,130,3
151,130,3
152,130,3
153,130,3
154,130,3
155,130,3
156,130,3
157,130,3
158,130,3
159,130,3
160,130,3
161,130,3
162,130,3
163,130,3
164,130,3
165,130,3
166,130,3
167,130,3
168,130,3
169,130,3
170,130,3
171,130,3
172,130,3
173,130,3
174,130,3
175,130,3
176,130,3
177,130,3
178,130,3
179,130,3
180,130,3
181,130,3
182,130,3
183,130,3
184,130,3
185,130,3
186,130,3
187,130,3
188,130,3
189,130,3
190,130,3
191,130,3
192,130,3
193,130,3
194,130,3
195,130,3
196,130,3
197,130,3
198,130,3
199,130,3
200,130,3
201,130,3
202,130,3
203,130,3
204,130,3
205,130,3
206,130,3
207,130,3
208,130,3
209,130,3
210,130,3
211,130,3
212,130,3
213,130,3
214,130,3
215,130,3
216,130,3
217,130,3
218,130,3
219,130,3
220,130,3
221,130,3
222,130,3
223,130,3
224,130,3
225,130,3
226,130,3
227,130,3
228,130,3
229,130,3
230,130,3
231,130,3
232,130,3
233,130,3
234,130,3
235,130,3
236,130,3
237,130,3
238,130,3
239,130,3
240,130,3
241,130,3
242,130,3
243,130,3
244,130,3
245,130,3
246,130,3
247,130,3
248,130,3
249,130,3
250,130,3
251,130,3
252,130,3
253,130,3
254,130,3
255,130,3
256,130,3
257,130,3
258,130,3
259,130,3
260,130,3
261,130,3
262,130,3
263,130,3
264,130,3
265,130,3
266,130,3
267,130,3
268,130,3
269,130,3
270,130,3
271,130,3
272,130,3
273,130,3
274,130,3
275,130,3
276,130,3
277,130,3
278,130,3
279,130,3
280,130,3
281,130,3
282,130,3
283,130,3
284,130,3
285,130,3
286,130,3
287,130,3
288,130,3
289,130,3
290,130,3
291,130,3
292,130,3
293,130,3
294,130,3
295,130,3
296,130,3
297,130,3
298,130,3
299,130,3
300,130,3
301,130,3
302,130,3
303,130,3
304,130,3
305,130,3
306,130,3
307,130,3
308,130,3
309,130,3
310,130,3
311,130,3
312,130,3
313,130,3
314,130,3
315,130,3
316,130,3
317,130,3
318,130,3
319,130,3
320,130,3
321,130,3
322,130,3
323,130,3
324,130,3
325,130,3
326,130,3
327,130,3
328,130,3
329,130,3
330,130,3
331,130,3
332,130,3
333,130,3
334,130,3
335,130,3
336,130,3
337,130,3
338,130,3
339,130,3
340,130,3
341,130,3
342,130,3
343,130,3
344,130,3
345,130,3
346,130,3
347,130,3
348,130,3
349,130,3
350,130,3
351,130,3
352,130,3
353,130,3
354,130,3
355,130,3
356,130,3
357,130,3
358,130,3
359,130,3
360,130,3
361,130,3
362,130,3
363,130,3
364,130,3
365,130,3
366,130,3
367,130,3
368,130,3
369,130,3
370,130,3
371,130,3
372,130,3
373,130,3
374,130,3
375,130,0
376,130,0
377,130,0
378,130,0
379,130,0
380,130,0
381,130,0
382,130,0
383,130,0
384,130,0
385,130,0
386,130,0
387,130,0
388,130,0
389,130,0
390,130,0
1,129,0
2,129,0
3,129,0
4,129,0
5,129,0
6,129,0
7,129,0
8,129,0
9,129,0
10,129,0
11,129,0
12,129,0
13,129,0
14,129,0
15,129,0
16,129,0
17,129,0
18,129,0
19,129,0
20,129,0
21,129,0
22,129,0
23,129,0
24,129,0
25,129,0
26,129,0
27,129,0
28,129,1
29,129,1
30,129,1
31,129,1
32,129,1
33,129,1
34,129,1
35,129,1
36,129,1
37,129,1
38,129,1
39,129,1
40,129,1
41,129,1
42,129,1
43,129,1
44,129,1
45,129,1
46,129,1
47,129,1
48,129,1
49,129,1
50,129,1
51,129,1
52,129,1
53,129,1
54,129,1
55,129,1
56,129,1
57,129,1
58,129,1
59,129,1
60,129,1
61,129,1
62,129,1
63,129,0
64,129,0
65,129,0
66,129,0
67,129,2
68,129,2
69,129,2
70,129,2
71,129,2
72,129,2
73,129,2
74,129,2
75,129,2
76,129,2
77,129,2
78,129,2
79,129,2
80,129,2
81,129,2
82,129,2
83,129,2
84,129,2
85,129,2
86,129,2
87,129,2
88,129,2
89,129,2
90,129,2
91,129,2
92,129,2
93,129,2
94,129,2
95,129,2
96,129,2
97,129,2
98,129,2
99,129,2
100,129,2
101,129,2
102,129,2
103,129,2
104,129,2
105,129,2
106,129,2
107,129,2
108,129,2
109,129,2
110,129,2
111,129,2
112,129,2
113,129,2
114,129,2
115,129,2
116,129,2
117,129,2
118,129,2
119,129,2
120,129,2
121,129,2
122,129,2
123,129,2
124,129,2
125,129,2
126,129,2
127,129,2
128,129,2
129,129,2
130,129,2
131,129,2
132,129,2
133,129,2
134,129,2
135,129,2
136,129,2
137,129,2
138,129,2
139,129,2
140,129,2
141,129,2
142,129,2
143,129,0
144,129,0
145,129,3
146,129,3
147,129,3
148,129,3
149,129,3
150,129,3
151,129,3
152,129,3
153,129,3
154,129,3
155,129,3
156,129,3
157,129,3
158,129,3
159,129,3
160,129,3
161,129,3
162,129,3
163,129,3
164,129,3
165,129,3
166,129,3
167,129,3
168,129,3
169,129,3
170,129,3
171,129,3
172,129,3
173,129,3
174,129,3
175,129,3
176,129,3
177,129,3
178,129,3
179,129,3
180,129,3
181,129,3
182,129,3
183,129,3
184,129,3
185,129,3
186,129,3
187,129,3
188,129,3
189,129,3
190,129,3
191,129,3
192,129,3
193,129,3
194,129,3
195,129,3
196,129,3
197,129,3
198,129,3
199,129,3
200,129,3
201,129,3
202,129,3
203,129,3
204,129,3
205,129,3
206,129,3
207,129,3
208,129,3
209,129,3
210,129,3
211,129,3
212,129,3
213,129,3
214,129,3
215,129,3
216,129,3
217,129,3
218,129,3
219,129,3
220,129,3
221,129,3
222,129,3
223,129,3
224,129,3
225,129,3
226,129,3
227,129,3
228,129,3
229,129,3
230,129,3
231,129,3
232,129,3
233,129,3
234,129,3
235,129,3
236,129,3
237,129,3
238,129,3
239,129,3
240,129,3
241,129,3
242,129,3
243,129,3
244,129,3
245,129,3
246,129,3
247,129,3
248,129,3
249,129,3
250,129,3
251,129,3
252,129,3
253,129,3
254,129,3
255,129,3
256,129,3
257,129,3
258,129,3
259,129,3
260,129,3
261,129,3
262,129,3
263,129,3
264,129,3
265,129,3
266,129,3
267,129,3
268,129,3
269,129,3
270,129,3
271,129,3
272,129,3
273,129,3
274,129,3
275,129,3
276,129,3
277,129,3
278,129,3
279,129,3
280,129,3
281,129,3
282,129,3
283,129,3
284,129,3
285,129,3
286,129,3
287,129,3
288,129,3
289,129,3
290,129,3
291,129,3
292,129,3
293,129,3
294,129,3
295,129,3
296,129,3
297,129,3
298,129,3
299,129,3
300,129,3
301,129,3
302,129,3
303,129,3
304,129,3
305,129,3
306,129,3
307,129,3
308,129,3
309,129,3
310,129,3
311,129,3
312,129,3
313,129,3
314,129,3
315,129,3
316,129,3
317,129,3
318,129,3
319,129,3
320,129,3
321,129,3
322,129,3
323,129,3
324,129,3
325,129,3
326,129,3
327,129,3
328,129,3
329,129,3
330,129,3
331,129,3
332,129,3
333,129,3
334,129,3
335,129,3
336,129,3
337,129,3
338,129,3
339,129,3
340,129,3
341,129,3
342,129,3
343,129,3
344,129,3
345,129,3
346,129,3
347,129,3
348,129,3
349,129,3
350,129,3
351,129,3
352,129,3
353,129,3
354,129,3
355,129,3
356,129,3
357,129,3
358,129,3
359,129,3
360,129,3
361,129,3
362,129,3
363,129,3
364,129,3
365,129,3
366,129,3
367,129,3
368,129,3
369,129,3
370,129,3
371,129,3
372,129,3
373,129,3
374,129,3
375,129,0
376,129,0
377,129,0
378,129,0
379,129,0
380,129,0
381,129,0
382,129,0
383,129,0
384,129,0
385,129,0
386,129,0
387,129,0
388,129,0
389,129,0
390,129,0
1,128,0
2,128,0
3,128,0
4,128,0
5,128,0
6,128,0
7,128,0
8,128,0
9,128,0
10,128,0
11,128,0
12,128,0
13,128,0
14,128,0
15,128,0
16,128,0
17,128,0
18,128,0
19,128,0
20,128,0
21,128,0
22,128,0
23,128,0
24,128,0
25,128,0
26,128,0
27,128,0
28,128,1
29,128,1
30,128,1
31,128,1
32,128,1
33,128,1
34,128,1
35,128,1
36,128,1
37,128,1
38,128,1
39,128,1
40,128,1
41,128,1
42,128,1
43,128,1
44,128,1
45,128,1
46,128,1
47,128,1
48,128,1
49,128,1
50,128,1
51,128,1
52,128,1
53,128,1
54,128,1
55,128,1
56,128,1
57,128,1
58,128,1
59,128,1
60,128,1
61,128,1
62,128,1
63,128,0
64,128,0
65,128,0
66,128,0
67,128,2
68,128,2
69,128,2
70,128,2
71,128,2
72,128,2
73,128,2
74,128,2
75,128,2
76,128,2
77,128,2
78,128,2
79,128,2
80,128,2
81,128,2
82,128,2
83,128,2
84,128,2
85,128,2
86,128,2
87,128,2
88,128,2
89,128,2
90,128,2
91,128,2
92,128,2
93,128,2
94,128,2
95,128,2
96,128,2
97,128,2
98,128,2
99,128,2
100,128,2
101,128,2
102,128,2
103,128,2
104,128,2
105,128,2
106,128,2
107,128,2
108,128,2
109,128,2
110,128,2
111,128,2
112,128,2
113,128,2
114,128,2
115,128,2
116,128,2
117,128,2
118,128,2
119,128,2
120,128,2
121,128,2
122,128,2
123,128,2
124,128,2
125,128,2
126,128,2
127,128,2
128,128,2
129,128,2
130,128,2
131,128,2
132,128,2
133,128,2
134,128,2
135,128,2
136,128,2
137,128,2
138,128,2
139,128,2
140,128,2
141,128,2
142,128,2
143,128,0
144,128,0
145,128,3
146,128,3
147,128,3
148,128,3
149,128,3
150,128,3
151,128,3
152,128,3
153,128,3
154,128,3
155,128,3
156,128,3
157,128,3
158,128,3
159,128,3
160,128,3
161,128,3
162,128,3
163,128,3
164,128,3
165,128,3
166,128,3
167,128,3
168,128,3
169,128,3
170,128,3
171,128,3
172,128,3
173,128,3
174,128,3
175,128,3
176,128,3
177,128,3
178,128,3
179,128,3
180,128,3
181,128,3
182,128,3
183,128,3
184,128,3
185,128,3
186,128,3
187,128,3
188,128,3
189,128,3
190,128,3
191,128,3
192,128,3
193,128,3
194,128,3
195,128,3
196,128,3
197,128,3
198,128,3
199,128,3
200,128,3
201,128,3
202,128,3
203,128,3
204,128,3
205,128,3
206,128,3
207,128,3
208,128,3
209,128,3
210,128,3
211,128,3
212,128,3
213,128,3
214,128,3
215,128,3
216,128,3
217,128,3
218,128,3
219,128,3
220,128,3
221,128,3
222,128,3
223,128,3
224,128,3
225,128,3
226,128,3
227,128,3
228,128,3
229,128,3
230,128,3
231,128,3
232,128,3
233,128,3
234,128,3
235,128,3
236,128,3
237,128,3
238,128,3
239,128,3
240,128,3
241,128,3
242,128,3
243,128,3
244,128,3
245,128,3
246,128,3
247,128,3
248,128,3
249,128,3
250,128,3
251,128,3
252,128,3
253,128,3
254,128,3
255,128,3
256,128,3
257,128,3
258,128,3
259,128,3
260,128,3
261,128,3
262,128,3
263,128,3
264,128,3
265,128,3
266,128,3
267,128,3
268,128,3
269,128,3
270,128,3
271,128,3
272,128,3
273,128,3
274,128,3
275,128,3
276,128,3
277,128,3
278,128,3
279,128,3
280,128,3
281,128,3
282,128,3
283,128,3
284,128,3
285,128,3
286,128,3
287,128,3
288,128,3
289,128,3
290,128,3
291,128,3
292,128,3
293,128,3
294,128,3
295,128,3
296,128,3
297,128,3
298,128,3
299,128,3
300,128,3
301,128,3
302,128,3
303,128,3
304,128,3
305,128,3
306,128,3
307,128,3
308,128,3
309,128,3
310,128,3
311,128,3
312,128,3
313,128,3
314,128,3
315,128,3
316,128,3
317,128,3
318,128,3
319,128,3
320,128,3
321,128,3
322,128,3
323,128,3
324,128,3
325,128,3
326,128,3
327,128,3
328,128,3
329,128,3
330,128,3
331,128,3
332,128,3
333,128,3
334,128,3
335,128,3
336,128,3
337,128,3
338,128,3
339,128,3
340,128,3
341,128,3
342,128,3
343,128,3
344,128,3
345,128,3
346,128,3
347,128,3
348,128,3
349,128,3
350,128,3
351,128,3
352,128,3
353,128,3
354,128,3
355,128,3
356,128,3
357,128,3
358,128,3
359,128,3
360,128,3
361,128,3
362,128,3
363,128,3
364,128,3
365,128,3
366,128,3
367,128,3
368,128,3
369,128,3
370,128,3
371,128,3
372,128,3
373,128,3
374,128,3
375,128,0
376,128,0
377,128,0
378,128,0
379,128,0
380,128,0
381,128,0
382,128,0
383,128,0
384,128,0
385,128,0
386,128,0
387,128,0
388,128,0
389,128,0
390,128,0
1,127,0
2,127,0
3,127,0
4,127,0
5,127,0
6,127,0
7,127,0
8,127,0
9,127,0
10,127,0
11,127,0
12,127,0
13,127,0
14,127,0
15,127,0
16,127,0
17,127,0
18,127,0
19,127,0
20,127,0
21,127,0
22,127,0
23,127,0
24,127,0
25,127,0
26,127,0
27,127,0
28,127,1
29,127,1
30,127,1
31,127,1
32,127,1
33,127,1
34,127,1
35,127,1
36,127,1
37,127,1
38,127,1
39,127,1
40,127,1
41,127,1
42,127,1
43,127,1
44,127,1
45,127,1
46,127,1
47,127,1
48,127,1
49,127,1
50,127,1
51,127,1
52,127,1
53,127,1
54,127,1
55,127,1
56,127,1
57,127,1
58,127,1
59,127,1
60,127,1
61,127,1
62,127,1
63,127,0
64,127,0
65,127,0
66,127,0
67,127,2
68,127,2
69,127,2
70,127,2
71,127,2
72,127,2
73,127,2
74,127,2
75,127,2
76,127,2
77,127,2
78,127,2
79,127,2
80,127,2
81,127,2
82,127,2
83,127,2
84,127,2
85,127,2
86,127,2
87,127,2
88,127,2
89,127,2
90,127,2
91,127,2
92,127,2
93,127,2
94,127,2
95,127,2
96,127,2
97,127,2
98,127,2
99,127,2
100,127,2
101,127,2
102,127,2
103,127,2
104,127,2
105,127,2
106,127,2
107,127,2
108,127,2
109,127,2
110,127,2
111,127,2
112,127,2
113,127,2
114,127,2
115,127,2
116,127,2
117,127,2
118,127,2
119,127,2
120,127,2
121,127,2
122,127,2
123,127,2
124,127,2
125,127,2
126,127,2
127,127,2
128,127,2
129,127,2
130,127,2
131,127,2
132,127,2
133,127,2
134,127,2
135,127,2
136,127,2
137,127,2
138,127,2
139,127,2
140,127,2
141,127,0
142,127,0
143,127,3
144,127,3
145,127,3
146,127,3
147,127,3
148,127,3
149,127,3
150,127,3
151,127,3
152,127,3
153,127,3
154,127,3
155,127,3
156,127,3
157,127,3
158,127,3
159,127,3
160,127,3
161,127,3
162,127,3
163,127,3
164,127,3
165,127,3
166,127,3
167,127,3
168,127,3
169,127,3
170,127,3
171,127,3
172,127,3
173,127,3
174,127,3
175,127,3
176,127,3
177,127,3
178,127,3
179,127,3
180,127,3
181,127,3
182,127,3
183,127,3
184,127,3
185,127,3
186,127,3
187,127,3
188,127,3
189,127,3
190,127,3
191,127,3
192,127,3
193,127,3
194,127,3
195,127,3
196,127,3
197,127,3
198,127,3
199,127,3
200,127,3
201,127,3
202,127,3
203,127,3
204,127,3
205,127,3
206,127,3
207,127,3
208,127,3
209,127,3
210,127,3
211,127,3
212,127,3
213,127,3
214,127,3
215,127,3
216,127,3
217,127,3
218,127,3
219,127,3
220,127,3
221,127,3
222,127,3
223,127,3
224,127,3
225,127,3
226,127,3
227,127,3
228,127,3
229,127,3
230,127,3
231,127,3
232,127,3
233,127,3
234,127,3
235,127,3
236,127,3
237,127,3
238,127,3
239,127,3
240,127,3
241,127,3
242,127,3
243,127,3
244,127,3
245,127,3
246,127,3
247,127,3
248,127,3
249,127,3
250,127,3
251,127,3
252,127,3
253,127,3
254,127,3
255,127,3
256,127,3
257,127,3
258,127,3
259,127,3
260,127,3
261,127,3
262,127,3
263,127,3
264,127,3
265,127,3
266,127,3
267,127,3
268,127,3
269,127,3
270,127,3
271,127,3
272,127,3
273,127,3
274,127,3
275,127,3
276,127,3
277,127,3
278,127,3
279,127,3
280,127,3
281,127,3
282,127,3
283,127,3
284,127,3
285,127,3
286,127,3
287,127,3
288,127,3
289,127,3
290,127,3
291,127,3
292,127,3
293,127,3
294,127,3
295,127,3
296,127,3
297,127,3
298,127,3
299,127,3
300,127,3
301,127,3
302,127,3
303,127,3
304,127,3
305,127,3
306,127,3
307,127,3
308,127,3
309,127,3
310,127,3
311,127,3
312,127,3
313,127,3
314,127,3
315,127,3
316,127,3
317,127,3
318,127,3
319,127,3
320,127,3
321,127,3
322,127,3
323,127,3
324,127,3
325,127,3
326,127,3
327,127,3
328,127,3
329,127,3
330,127,3
331,127,3
332,127,3
333,127,3
334,127,3
335,127,3
336,127,3
337,127,3
338,127,3
339,127,3
340,127,3
341,127,3
342,127,3
343,127,3
344,127,3
345,127,3
346,127,3
347,127,3
348,127,3
349,127,3
350,127,3
351,127,3
352,127,3
353,127,3
354,127,3
355,127,3
356,127,3
357,127,3
358,127,3
359,127,3
360,127,3
361,127,3
362,127,3
363,127,3
364,127,3
365,127,3
366,127,3
367,127,3
368,127,3
369,127,3
370,127,3
371,127,3
372,127,3
373,127,3
374,127,3
375,127,0
376,127,0
377,127,0
378,127,0
379,127,0
380,127,0
381,127,0
382,127,0
383,127,0
384,127,0
385,127,0
386,127,0
387,127,0
388,127,0
389,127,0
390,127,0
1,126,0
2,126,0
3,126,0
4,126,0
5,126,0
6,126,0
7,126,0
8,126,0
9,126,0
10,126,0
11,126,0
12,126,0
13,126,0
14,126,0
15,126,0
16,126,0
17,126,0
18,126,0
19,126,0
20,126,0
21,126,0
22,126,0
23,126,0
24,126,0
25,126,0
26,126,0
27,126,1
28,126,1
29,126,1
30,126,1
31,126,1
32,126,1
33,126,1
34,126,1
35,126,1
36,126,1
37,126,1
38,126,1
39,126,1
40,126,1
41,126,1
42,126,1
43,126,1
44,126,1
45,126,1
46,126,1
47,126,1
48,126,1
49,126,1
50,126,1
51,126,1
52,126,1
53,126,1
54,126,1
55,126,1
56,126,1
57,126,1
58,126,1
59,126,1
60,126,1
61,126,1
62,126,1
63,126,0
64,126,0
65,126,0
66,126,0
67,126,2
68,126,2
69,126,2
70,126,2
71,126,2
72,126,2
73,126,2
74,126,2
75,126,2
76,126,2
77,126,2
78,126,2
79,126,2
80,126,2
81,126,2
82,126,2
83,126,2
84,126,2
85,126,2
86,126,2
87,126,2
88,126,2
89,126,2
90,126,2
91,126,2
92,126,2
93,126,2
94,126,2
95,126,2
96,126,2
97,126,2
98,126,2
99,126,2
100,126,2
101,126,2
102,126,2
103,126,2
104,126,2
105,126,2
106,126,2
107,126,2
108,126,2
109,126,2
110,126,2
111,126,2
112,126,2
113,126,2
114,126,2
115,126,2
116,126,2
117,126,2
118,126,2
119,126,2
120,126,2
121,126,2
122,126,2
123,126,2
124,126,2
125,126,2
126,126,2
127,126,2
128,126,2
129,126,2
130,126,2
131,126,2
132,126,2
133,126,2
134,126,2
135,126,2
136,126,2
137,126,2
138,126,2
139,126,0
140,126,0
141,126,3
142,126,3
143,126,3
144,126,3
145,126,3
146,126,3
147,126,3
148,126,3
149,126,3
150,126,3
151,126,3
152,126,3
153,126,3
154,126,3
155,126,3
156,126,3
157,126,3
158,126,3
159,126,3
160,126,3
161,126,3
162,126,3
163,126,3
164,126,3
165,126,3
166,126,3
167,126,3
168,126,3
169,126,3
170,126,3
171,126,3
172,126,3
173,126,3
174,126,3
175,126,3
176,126,3
177,126,3
178,126,3
179,126,3
180,126,3
181,126,3
182,126,3
183,126,3
184,126,3
185,126,3
186,126,3
187,126,3
188,126,3
189,126,3
190,126,3
191,126,3
192,126,3
193,126,3
194,126,3
195,126,3
196,126,3
197,126,3
198,126,3
199,126,3
200,126,3
201,126,3
202,126,3
203,126,3
204,126,3
205,126,3
206,126,3
207,126,3
208,126,3
209,126,3
210,126,3
211,126,3
212,126,3
213,126,3
214,126,3
215,126,3
216,126,3
217,126,3
218,126,3
219,126,3
220,126,3
221,126,3
222,126,3
223,126,3
224,126,3
225,126,3
226,126,3
227,126,3
228,126,3
229,126,3
230,126,3
231,126,3
232,126,3
233,126,3
234,126,3
235,126,3
236,126,3
237,126,3
238,126,3
239,126,3
240,126,3
241,126,3
242,126,3
243,126,3
244,126,3
245,126,3
246,126,3
247,126,3
248,126,3
249,126,3
250,126,3
251,126,3
252,126,3
253,126,3
254,126,3
255,126,3
256,126,3
257,126,3
258,126,3
259,126,3
260,126,3
261,126,3
262,126,3
263,126,3
264,126,3
265,126,3
266,126,3
267,126,3
268,126,3
269,126,3
270,126,3
271,126,3
272,126,3
273,126,3
274,126,3
275,126,3
276,126,3
277,126,3
278,126,3
279,126,3
280,126,3
281,126,3
282,126,3
283,126,3
284,126,3
285,126,3
286,126,3
287,126,3
288,126,3
289,126,3
290,126,3
291,126,3
292,126,3
293,126,3
294,126,3
295,126,3
296,126,3
297,126,3
298,126,3
299,126,3
300,126,3
301,126,3
302,126,3
303,126,3
304,126,3
305,126,3
306,126,3
307,126,3
308,126,3
309,126,3
310,126,3
311,126,3
312,126,3
313,126,3
314,126,3
315,126,3
316,126,3
317,126,3
318,126,3
319,126,3
320,126,3
321,126,3
322,126,3
323,126,3
324,126,3
325,126,3
326,126,3
327,126,3
328,126,3
329,126,3
330,126,3
331,126,3
332,126,3
333,126,3
334,126,3
335,126,3
336,126,3
337,126,3
338,126,3
339,126,3
340,126,3
341,126,3
342,126,3
343,126,3
344,126,3
345,126,3
346,126,3
347,126,3
348,126,3
349,126,3
350,126,3
351,126,3
352,126,3
353,126,3
354,126,3
355,126,3
356,126,3
357,126,3
358,126,3
359,126,3
360,126,3
361,126,3
362,126,3
363,126,3
364,126,3
365,126,3
366,126,3
367,126,3
368,126,3
369,126,3
370,126,3
371,126,3
372,126,3
373,126,3
374,126,3
375,126,0
376,126,0
377,126,0
378,126,0
379,126,0
380,126,0
381,126,0
382,126,0
383,126,0
384,126,0
385,126,0
386,126,0
387,126,0
388,126,0
389,126,0
390,126,0
1,125,0
2,125,0
3,125,0
4,125,0
5,125,0
6,125,0
7,125,0
8,125,0
9,125,0
10,125,0
11,125,0
12,125,0
13,125,0
14,125,0
15,125,0
16,125,0
17,125,0
18,125,0
19,125,0
20,125,0
21,125,0
22,125,0
23,125,0
24,125,0
25,125,0
26,125,0
27,125,1
28,125,1
29,125,1
30,125,1
31,125,1
32,125,1
33,125,1
34,125,1
35,125,1
36,125,1
37,125,1
38,125,1
39,125,1
40,125,1
41,125,1
42,125,1
43,125,1
44,125,1
45,125,1
46,125,1
47,125,1
48,125,1
49,125,1
50,125,1
51,125,1
52,125,1
53,125,1
54,125,1
55,125,1
56,125,1
57,125,1
58,125,1
59,125,1
60,125,1
61,125,1
62,125,1
63,125,0
64,125,0
65,125,0
66,125,0
67,125,2
68,125,2
69,125,2
70,125,2
71,125,2
72,125,2
73,125,2
74,125,2
75,125,2
76,125,2
77,125,2
78,125,2
79,125,2
80,125,2
81,125,2
82,125,2
83,125,2
84,125,2
85,125,2
86,125,2
87,125,2
88,125,2
89,125,2
90,125,2
91,125,2
92,125,2
93,125,2
94,125,2
95,125,2
96,125,2
97,125,2
98,125,2
99,125,2
100,125,2
101,125,2
102,125,2
103,125,2
104,125,2
105,125,2
106,125,2
107,125,2
108,125,2
109,125,2
110,125,2
111,125,2
112,125,2
113,125,2
114,125,2
115,125,2
116,125,2
117,125,2
118,125,2
119,125,2
120,125,2
121,125,2
122,125,2
123,125,2
124,125,2
125,125,2
126,125,2
127,125,2
128,125,2
129,125,2
130,125,2
131,125,2
132,125,2
133,125,2
134,125,2
135,125,2
136,125,0
137,125,0
138,125,0
139,125,3
140,125,3
141,125,3
142,125,3
143,125,3
144,125,3
145,125,3
146,125,3
147,125,3
148,125,3
149,125,3
150,125,3
151,125,3
152,125,3
153,125,3
154,125,3
155,125,3
156,125,3
157,125,3
158,125,3
159,125,3
160,125,3
161,125,3
162,125,3
163,125,3
164,125,3
165,125,3
166,125,3
167,125,3
168,125,3
169,125,3
170,125,3
171,125,3
172,125,3
173,125,3
174,125,3
175,125,3
176,125,3
177,125,3
178,125,3
179,125,3
180,125,3
181,125,3
182,125,3
183,125,3
184,125,3
185,125,3
186,125,3
187,125,3
188,125,3
189,125,3
190,125,3
191,125,3
192,125,3
193,125,3
194,125,3
195,125,3
196,125,3
197,125,3
198,125,3
199,125,3
200,125,3
201,125,3
202,125,3
203,125,3
204,125,3
205,125,3
206,125,3
207,125,3
208,125,3
209,125,3
210,125,3
211,125,3
212,125,3
213,125,3
214,125,3
215,125,3
216,125,3
217,125,3
218,125,3
219,125,3
220,125,3
221,125,3
222,125,3
223,125,3
224,125,3
225,125,3
226,125,3
227,125,3
228,125,3
229,125,3
230,125,3
231,125,3
232,125,3
233,125,3
234,125,3
235,125,3
236,125,3
237,125,3
238,125,3
239,125,3
240,125,3
241,125,3
242,125,3
243,125,3
244,125,3
245,125,3
246,125,3
247,125,3
248,125,3
249,125,3
250,125,3
251,125,3
252,125,3
253,125,3
254,125,3
255,125,3
256,125,3
257,125,3
258,125,3
259,125,3
260,125,3
261,125,3
262,125,3
263,125,3
264,125,3
265,125,3
266,125,3
267,125,3
268,125,3
269,125,3
270,125,3
271,125,3
272,125,3
273,125,3
274,125,3
275,125,3
276,125,3
277,125,3
278,125,3
279,125,3
280,125,3
281,125,3
282,125,3
283,125,3
284,125,3
285,125,3
286,125,3
287,125,3
288,125,3
289,125,3
290,125,3
291,125,3
292,125,3
293,125,3
294,125,3
295,125,3
296,125,3
297,125,3
298,125,3
299,125,3
300,125,3
301,125,3
302,125,3
303,125,3
304,125,3
305,125,3
306,125,3
307,125,3
308,125,3
309,125,3
310,125,3
311,125,3
312,125,3
313,125,3
314,125,3
315,125,3
316,125,3
317,125,3
318,125,3
319,125,3
320,125,3
321,125,3
322,125,3
323,125,3
324,125,3
325,125,3
326,125,3
327,125,3
328,125,3
329,125,3
330,125,3
331,125,3
332,125,3
333,125,3
334,125,3
335,125,3
336,125,3
337,125,3
338,125,3
339,125,3
340,125,3
341,125,3
342,125,3
343,125,3
344,125,3
345,125,3
346,125,3
347,125,3
348,125,3
349,125,3
350,125,3
351,125,3
352,125,3
353,125,3
354,125,3
355,125,3
356,125,3
357,125,3
358,125,3
359,125,3
360,125,3
361,125,3
362,125,3
363,125,3
364,125,3
365,125,3
366,125,3
367,125,3
368,125,3
369,125,3
370,125,3
371,125,3
372,125,3
373,125,3
374,125,0
375,125,0
376,125,0
377,125,0
378,125,0
379,125,0
380,125,0
381,125,0
382,125,0
383,125,0
384,125,0
385,125,0
386,125,0
387,125,0
388,125,0
389,125,0
390,125,0
1,124,0
2,124,0
3,124,0
4,124,0
5,124,0
6,124,0
7,124,0
8,124,0
9,124,0
10,124,0
11,124,0
12,124,0
13,124,0
14,124,0
15,124,0
16,124,0
17,124,0
18,124,0
19,124,0
20,124,0
21,124,0
22,124,0
23,124,0
24,124,0
25,124,0
26,124,0
27,124,0
28,124,1
29,124,1
30,124,1
31,124,1
32,124,1
33,124,1
34,124,1
35,124,1
36,124,1
37,124,1
38,124,1
39,124,1
40,124,1
41,124,1
42,124,1
43,124,1
44,124,1
45,124,1
46,124,1
47,124,1
48,124,1
49,124,1
50,124,1
51,124,1
52,124,1
53,124,1
54,124,1
55,124,1
56,124,1
57,124,1
58,124,1
59,124,1
60,124,1
61,124,1
62,124,1
63,124,0
64,124,0
65,124,0
66,124,0
67,124,2
68,124,2
69,124,2
70,124,2
71,124,2
72,124,2
73,124,2
74,124,2
75,124,2
76,124,2
77,124,2
78,124,2
79,124,2
80,124,2
81,124,2
82,124,2
83,124,2
84,124,2
85,124,2
86,124,2
87,124,2
88,124,2
89,124,2
90,124,2
91,124,2
92,124,2
93,124,2
94,124,2
95,124,2
96,124,2
97,124,2
98,124,2
99,124,2
100,124,2
101,124,2
102,124,2
103,124,2
104,124,2
105,124,2
106,124,2
107,124,2
108,124,2
109,124,2
110,124,2
111,124,2
112,124,2
113,124,2
114,124,2
115,124,2
116,124,2
117,124,2
118,124,2
119,124,2
120,124,2
121,124,2
122,124,2
123,124,2
124,124,2
125,124,2
126,124,2
127,124,2
128,124,2
129,124,2
130,124,2
131,124,2
132,124,0
133,124,0
134,124,0
135,124,0
136,124,0
137,124,3
138,124,3
139,124,3
140,124,3
141,124,3
142,124,3
143,124,3
144,124,3
145,124,3
146,124,3
147,124,3
148,124,3
149,124,3
150,124,3
151,124,3
152,124,3
153,124,3
154,124,3
155,124,3
156,124,3
157,124,3
158,124,3
159,124,3
160,124,3
161,124,3
162,124,3
163,124,3
164,124,3
165,124,3
166,124,3
167,124,3
168,124,3
169,124,3
170,124,3
171,124,3
172,124,3
173,124,3
174,124,3
175,124,3
176,124,3
177,124,3
178,124,3
179,124,3
180,124,3
181,124,3
182,124,3
183,124,3
184,124,3
185,124,3
186,124,3
187,124,3
188,124,3
189,124,3
190,124,3
191,124,3
192,124,3
193,124,3
194,124,3
195,124,3
196,124,3
197,124,3
198,124,3
199,124,3
200,124,3
201,124,3
202,124,3
203,124,3
204,124,3
205,124,3
206,124,3
207,124,3
208,124,3
209,124,3
210,124,3
211,124,3
212,124,3
213,124,3
214,124,3
215,124,3
216,124,3
217,124,3
218,124,3
219,124,3
220,124,3
221,124,3
222,124,3
223,124,3
224,124,3
225,124,3
226,124,3
227,124,3
228,124,3
229,124,3
230,124,3
231,124,3
232,124,3
233,124,3
234,124,3
235,124,3
236,124,3
237,124,3
238,124,3
239,124,3
240,124,3
241,124,3
242,124,3
243,124,3
244,124,3
245,124,3
246,124,3
247,124,3
248,124,3
249,124,3
250,124,3
251,124,3
252,124,3
253,124,3
254,124,3
255,124,3
256,124,3
257,124,3
258,124,3
259,124,3
260,124,3
261,124,3
262,124,3
263,124,3
264,124,3
265,124,3
266,124,3
267,124,3
268,124,3
269,124,3
270,124,3
271,124,3
272,124,3
273,124,3
274,124,3
275,124,3
276,124,3
277,124,3
278,124,3
279,124,3
280,124,3
281,124,3
282,124,3
283,124,3
284,124,3
285,124,3
286,124,3
287,124,3
288,124,3
289,124,3
290,124,3
291,124,3
292,124,3
293,124,3
294,124,3
295,124,3
296,124,3
297,124,3
298,124,3
299,124,3
300,124,3
301,124,3
302,124,3
303,124,3
304,124,3
305,124,3
306,124,3
307,124,3
308,124,3
309,124,3
310,124,3
311,124,3
312,124,3
313,124,3
314,124,3
315,124,3
316,124,3
317,124,3
318,124,3
319,124,3
320,124,3
321,124,3
322,124,3
323,124,3
324,124,3
325,124,3
326,124,3
327,124,3
328,124,3
329,124,3
330,124,3
331,124,3
332,124,3
333,124,3
334,124,3
335,124,3
336,124,3
337,124,3
338,124,3
339,124,3
340,124,3
341,124,3
342,124,3
343,124,3
344,124,3
345,124,3
346,124,3
347,124,3
348,124,3
349,124,3
350,124,3
351,124,3
352,124,3
353,124,3
354,124,3
355,124,3
356,124,3
357,124,3
358,124,3
359,124,3
360,124,3
361,124,3
362,124,3
363,124,3
364,124,3
365,124,3
366,124,3
367,124,3
368,124,3
369,124,3
370,124,3
371,124,3
372,124,3
373,124,3
374,124,0
375,124,0
376,124,0
377,124,0
378,124,0
379,124,0
380,124,0
381,124,0
382,124,0
383,124,0
384,124,0
385,124,0
386,124,0
387,124,0
388,124,0
389,124,0
390,124,0
1,123,0
2,123,0
3,123,0
4,123,0
5,123,0
6,123,0
7,123,0
8,123,0
9,123,0
10,123,0
11,123,0
12,123,0
13,123,0
14,123,0
15,123,0
16,123,0
17,123,0
18,123,0
19,123,0
20,123,0
21,123,0
22,123,0
23,123,0
24,123,0
25,123,0
26,123,0
27,123,0
28,123,0
29,123,1
30,123,1
31,123,1
32,123,1
33,123,1
34,123,1
35,123,1
36,123,1
37,123,1
38,123,1
39,123,1
40,123,1
41,123,1
42,123,1
43,123,1
44,123,1
45,123,1
46,123,1
47,123,1
48,123,1
49,123,1
50,123,1
51,123,1
52,123,1
53,123,1
54,123,1
55,123,1
56,123,1
57,123,1
58,123,1
59,123,1
60,123,1
61,123,1
62,123,1
63,123,0
64,123,0
65,123,0
66,123,0
67,123,2
68,123,2
69,123,2
70,123,2
71,123,2
72,123,2
73,123,2
74,123,2
75,123,2
76,123,2
77,123,2
78,123,2
79,123,2
80,123,2
81,123,2
82,123,2
83,123,2
84,123,2
85,123,2
86,123,2
87,123,2
88,123,2
89,123,2
90,123,2
91,123,2
92,123,2
93,123,2
94,123,2
95,123,2
96,123,2
97,123,2
98,123,2
99,123,2
100,123,2
101,123,2
102,123,2
103,123,2
104,123,2
105,123,2
106,123,2
107,123,2
108,123,2
109,123,2
110,123,2
111,123,2
112,123,2
113,123,2
114,123,2
115,123,2
116,123,2
117,123,2
118,123,2
119,123,2
120,123,2
121,123,2
122,123,2
123,123,2
124,123,2
125,123,0
126,123,0
127,123,0
128,123,0
129,123,0
130,123,0
131,123,0
132,123,0
133,123,3
134,123,3
135,123,3
136,123,3
137,123,3
138,123,3
139,123,3
140,123,3
141,123,3
142,123,3
143,123,3
144,123,3
145,123,3
146,123,3
147,123,3
148,123,3
149,123,3
150,123,3
151,123,3
152,123,3
153,123,3
154,123,3
155,123,3
156,123,3
157,123,3
158,123,3
159,123,3
160,123,3
161,123,3
162,123,3
163,123,3
164,123,3
165,123,3
166,123,3
167,123,3
168,123,3
169,123,3
170,123,3
171,123,3
172,123,3
173,123,3
174,123,3
175,123,3
176,123,3
177,123,3
178,123,3
179,123,3
180,123,3
181,123,3
182,123,3
183,123,3
184,123,3
185,123,3
186,123,3
187,123,3
188,123,3
189,123,3
190,123,3
191,123,3
192,123,3
193,123,3
194,123,3
195,123,3
196,123,3
197,123,3
198,123,3
199,123,3
200,123,3
201,123,3
202,123,3
203,123,3
204,123,3
205,123,3
206,123,3
207,123,3
208,123,3
209,123,3
210,123,3
211,123,3
212,123,3
213,123,3
214,123,3
215,123,3
216,123,3
217,123,3
218,123,3
219,123,3
220,123,3
221,123,3
222,123,3
223,123,3
224,123,3
225,123,3
226,123,3
227,123,3
228,123,3
229,123,3
230,123,3
231,123,3
232,123,3
233,123,3
234,123,3
235,123,3
236,123,3
237,123,3
238,123,3
239,123,3
240,123,3
241,123,3
242,123,3
243,123,3
244,123,3
245,123,3
246,123,3
247,123,3
248,123,3
249,123,3
250,123,3
251,123,3
252,123,3
253,123,3
254,123,3
255,123,3
256,123,3
257,123,3
258,123,3
259,123,3
260,123,3
261,123,3
262,123,3
263,123,3
264,123,3
265,123,3
266,123,3
267,123,3
268,123,3
269,123,3
270,123,3
271,123,3
272,123,3
273,123,3
274,123,3
275,123,3
276,123,3
277,123,3
278,123,3
279,123,3
280,123,3
281,123,3
282,123,3
283,123,3
284,123,3
285,123,3
286,123,3
287,123,3
288,123,3
289,123,3
290,123,3
291,123,3
292,123,3
293,123,3
294,123,3
295,123,3
296,123,3
297,123,3
298,123,3
299,123,3
300,123,3
301,123,3
302,123,3
303,123,3
304,123,3
305,123,3
306,123,3
307,123,3
308,123,3
309,123,3
310,123,3
311,123,3
312,123,3
313,123,3
314,123,3
315,123,3
316,123,3
317,123,3
318,123,3
319,123,3
320,123,3
321,123,3
322,123,3
323,123,3
324,123,3
325,123,3
326,123,3
327,123,3
328,123,3
329,123,3
330,123,3
331,123,3
332,123,3
333,123,3
334,123,3
335,123,3
336,123,3
337,123,3
338,123,3
339,123,3
340,123,3
341,123,3
342,123,3
343,123,3
344,123,3
345,123,3
346,123,3
347,123,3
348,123,3
349,123,3
350,123,3
351,123,3
352,123,3
353,123,3
354,123,3
355,123,3
356,123,3
357,123,3
358,123,3
359,123,3
360,123,3
361,123,3
362,123,3
363,123,3
364,123,3
365,123,3
366,123,3
367,123,3
368,123,3
369,123,3
370,123,3
371,123,3
372,123,3
373,123,0
374,123,0
375,123,0
376,123,0
377,123,0
378,123,0
379,123,0
380,123,0
381,123,0
382,123,0
383,123,0
384,123,0
385,123,0
386,123,0
387,123,0
388,123,0
389,123,0
390,123,0
1,122,0
2,122,0
3,122,0
4,122,0
5,122,0
6,122,0
7,122,0
8,122,0
9,122,0
10,122,0
11,122,0
12,122,0
13,122,0
14,122,0
15,122,0
16,122,0
17,122,0
18,122,0
19,122,0
20,122,0
21,122,0
22,122,0
23,122,0
24,122,0
25,122,0
26,122,0
27,122,0
28,122,0
29,122,1
30,122,1
31,122,1
32,122,1
33,122,1
34,122,1
35,122,1
36,122,1
37,122,1
38,122,1
39,122,1
40,122,1
41,122,1
42,122,1
43,122,1
44,122,1
45,122,1
46,122,1
47,122,1
48,122,1
49,122,1
50,122,1
51,122,1
52,122,1
53,122,1
54,122,1
55,122,1
56,122,1
57,122,1
58,122,1
59,122,1
60,122,1
61,122,1
62,122,1
63,122,0
64,122,0
65,122,0
66,122,0
67,122,2
68,122,2
69,122,2
70,122,2
71,122,2
72,122,2
73,122,2
74,122,2
75,122,2
76,122,2
77,122,2
78,122,2
79,122,2
80,122,2
81,122,2
82,122,2
83,122,2
84,122,2
85,122,2
86,122,2
87,122,2
88,122,2
89,122,2
90,122,2
91,122,2
92,122,2
93,122,2
94,122,2
95,122,2
96,122,2
97,122,2
98,122,2
99,122,2
100,122,2
101,122,2
102,122,2
103,122,2
104,122,2
105,122,2
106,122,2
107,122,2
108,122,2
109,122,2
110,122,2
111,122,2
112,122,2
113,122,2
114,122,2
115,122,2
116,122,2
117,122,2
118,122,2
119,122,2
120,122,2
121,122,2
122,122,0
123,122,0
124,122,0
125,122,0
126,122,0
127,122,0
128,122,3
129,122,3
130,122,3
131,122,3
132,122,3
133,122,3
134,122,3
135,122,3
136,122,3
137,122,3
138,122,3
139,122,3
140,122,3
141,122,3
142,122,3
143,122,3
144,122,3
145,122,3
146,122,3
147,122,3
148,122,3
149,122,3
150,122,3
151,122,3
152,122,3
153,122,3
154,122,3
155,122,3
156,122,3
157,122,3
158,122,3
159,122,3
160,122,3
161,122,3
162,122,3
163,122,3
164,122,3
165,122,3
166,122,3
167,122,3
168,122,3
169,122,3
170,122,3
171,122,3
172,122,3
173,122,3
174,122,3
175,122,3
176,122,3
177,122,3
178,122,3
179,122,3
180,122,3
181,122,3
182,122,3
183,122,3
184,122,3
185,122,3
186,122,3
187,122,3
188,122,3
189,122,3
190,122,3
191,122,3
192,122,3
193,122,3
194,122,3
195,122,3
196,122,3
197,122,3
198,122,3
199,122,3
200,122,3
201,122,3
202,122,3
203,122,3
204,122,3
205,122,3
206,122,3
207,122,3
208,122,3
209,122,3
210,122,3
211,122,3
212,122,3
213,122,3
214,122,3
215,122,3
216,122,3
217,122,3
218,122,3
219,122,3
220,122,3
221,122,3
222,122,3
223,122,3
224,122,3
225,122,3
226,122,3
227,122,3
228,122,3
229,122,3
230,122,3
231,122,3
232,122,3
233,122,3
234,122,3
235,122,3
236,122,3
237,122,3
238,122,3
239,122,3
240,122,3
241,122,3
242,122,3
243,122,3
244,122,3
245,122,3
246,122,3
247,122,3
248,122,3
249,122,3
250,122,3
251,122,3
252,122,3
253,122,3
254,122,3
255,122,3
256,122,3
257,122,3
258,122,3
259,122,3
260,122,3
261,122,3
262,122,3
263,122,3
264,122,3
265,122,3
266,122,3
267,122,3
268,122,3
269,122,3
270,122,3
271,122,3
272,122,3
273,122,3
274,122,3
275,122,3
276,122,3
277,122,3
278,122,3
279,122,3
280,122,3
281,122,3
282,122,3
283,122,3
284,122,3
285,122,3
286,122,3
287,122,3
288,122,3
289,122,3
290,122,3
291,122,3
292,122,3
293,122,3
294,122,3
295,122,3
296,122,3
297,122,3
298,122,3
299,122,3
300,122,3
301,122,3
302,122,3
303,122,3
304,122,3
305,122,3
306,122,3
307,122,3
308,122,3
309,122,3
310,122,3
311,122,3
312,122,3
313,122,3
314,122,3
315,122,3
316,122,3
317,122,3
318,122,3
319,122,3
320,122,3
321,122,3
322,122,3
323,122,3
324,122,3
325,122,3
326,122,3
327,122,3
328,122,3
329,122,3
330,122,3
331,122,3
332,122,3
333,122,3
334,122,3
335,122,3
336,122,3
337,122,3
338,122,3
339,122,3
340,122,3
341,122,3
342,122,3
343,122,3
344,122,3
345,122,3
346,122,3
347,122,3
348,122,3
349,122,3
350,122,3
351,122,3
352,122,3
353,122,3
354,122,3
355,122,3
356,122,3
357,122,3
358,122,3
359,122,3
360,122,3
361,122,3
362,122,3
363,122,3
364,122,3
365,122,3
366,122,3
367,122,3
368,122,3
369,122,3
370,122,3
371,122,0
372,122,0
373,122,0
374,122,0
375,122,0
376,122,0
377,122,0
378,122,0
379,122,0
380,122,0
381,122,0
382,122,0
383,122,0
384,122,0
385,122,0
386,122,0
387,122,0
388,122,0
389,122,0
390,122,0
1,121,0
2,121,0
3,121,0
4,121,0
5,121,0
6,121,0
7,121,0
8,121,0
9,121,0
10,121,0
11,121,0
12,121,0
13,121,0
14,121,0
15,121,0
16,121,0
17,121,0
18,121,0
19,121,0
20,121,0
21,121,0
22,121,0
23,121,0
24,121,0
25,121,0
26,121,0
27,121,0
28,121,0
29,121,0
30,121,1
31,121,1
32,121,1
33,121,1
34,121,1
35,121,1
36,121,1
37,121,1
38,121,1
39,121,1
40,121,1
41,121,1
42,121,1
43,121,1
44,121,1
45,121,1
46,121,1
47,121,1
48,121,1
49,121,1
50,121,1
51,121,1
52,121,1
53,121,1
54,121,1
55,121,1
56,121,1
57,121,1
58,121,1
59,121,1
60,121,1
61,121,1
62,121,1
63,121,0
64,121,0
65,121,0
66,121,0
67,121,2
68,121,2
69,121,2
70,121,2
71,121,2
72,121,2
73,121,2
74,121,2
75,121,2
76,121,2
77,121,2
78,121,2
79,121,2
80,121,2
81,121,2
82,121,2
83,121,2
84,121,2
85,121,2
86,121,2
87,121,2
88,121,2
89,121,2
90,121,2
91,121,2
92,121,2
93,121,2
94,121,2
95,121,2
96,121,2
97,121,2
98,121,2
99,121,2
100,121,2
101,121,2
102,121,2
103,121,2
104,121,2
105,121,2
106,121,2
107,121,2
108,121,2
109,121,2
110,121,2
111,121,2
112,121,2
113,121,2
114,121,2
115,121,2
116,121,2
117,121,0
118,121,0
119,121,0
120,121,0
121,121,0
122,121,0
123,121,3
124,121,3
125,121,3
126,121,3
127,121,3
128,121,3
129,121,3
130,121,3
131,121,3
132,121,3
133,121,3
134,121,3
135,121,3
136,121,3
137,121,3
138,121,3
139,121,3
140,121,3
141,121,3
142,121,3
143,121,3
144,121,3
145,121,3
146,121,3
147,121,3
148,121,3
149,121,3
150,121,3
151,121,3
152,121,3
153,121,3
154,121,3
155,121,3
156,121,3
157,121,3
158,121,3
159,121,3
160,121,3
161,121,3
162,121,3
163,121,3
164,121,3
165,121,3
166,121,3
167,121,3
168,121,3
169,121,3
170,121,3
171,121,3
172,121,3
173,121,3
174,121,3
175,121,3
176,121,3
177,121,3
178,121,3
179,121,3
180,121,3
181,121,3
182,121,3
183,121,3
184,121,3
185,121,3
186,121,3
187,121,3
188,121,3
189,121,3
190,121,3
191,121,3
192,121,3
193,121,3
194,121,3
195,121,3
196,121,3
197,121,3
198,121,3
199,121,3
200,121,3
201,121,3
202,121,3
203,121,3
204,121,3
205,121,3
206,121,3
207,121,3
208,121,3
209,121,3
210,121,3
211,121,3
212,121,3
213,121,3
214,121,3
215,121,3
216,121,3
217,121,3
218,121,3
219,121,3
220,121,3
221,121,3
222,121,3
223,121,3
224,121,3
225,121,3
226,121,3
227,121,3
228,121,3
229,121,3
230,121,3
231,121,3
232,121,3
233,121,3
234,121,3
235,121,3
236,121,3
237,121,3
238,121,3
239,121,3
240,121,3
241,121,3
242,121,3
243,121,3
244,121,3
245,121,3
246,121,3
247,121,3
248,121,3
249,121,3
250,121,3
251,121,3
252,121,3
253,121,3
254,121,3
255,121,3
256,121,3
257,121,3
258,121,3
259,121,3
260,121,3
261,121,3
262,121,3
263,121,3
264,121,3
265,121,3
266,121,3
267,121,3
268,121,3
269,121,3
270,121,3
271,121,3
272,121,3
273,121,3
274,121,3
275,121,3
276,121,3
277,121,3
278,121,3
279,121,3
280,121,3
281,121,3
282,121,3
283,121,3
284,121,3
285,121,3
286,121,3
287,121,3
288,121,3
289,121,3
290,121,3
291,121,3
292,121,3
293,121,3
294,121,3
295,121,3
296,121,3
297,121,3
298,121,3
299,121,3
300,121,3
301,121,3
302,121,3
303,121,3
304,121,3
305,121,3
306,121,3
307,121,3
308,121,3
309,121,3
310,121,3
311,121,3
312,121,3
313,121,3
314,121,3
315,121,3
316,121,3
317,121,3
318,121,3
319,121,3
320,121,3
321,121,3
322,121,3
323,121,3
324,121,3
325,121,3
326,121,3
327,121,3
328,121,3
329,121,3
330,121,3
331,121,3
332,121,3
333,121,3
334,121,3
335,121,3
336,121,3
337,121,3
338,121,3
339,121,3
340,121,3
341,121,3
342,121,3
343,121,3
344,121,3
345,121,3
346,121,3
347,121,3
348,121,3
349,121,3
350,121,3
351,121,3
352,121,3
353,121,3
354,121,3
355,121,3
356,121,3
357,121,3
358,121,3
359,121,3
360,121,3
361,121,3
362,121,3
363,121,3
364,121,3
365,121,3
366,121,3
367,121,3
368,121,3
369,121,3
370,121,0
371,121,0
372,121,0
373,121,0
374,121,0
375,121,0
376,121,0
377,121,0
378,121,0
379,121,0
380,121,0
381,121,0
382,121,0
383,121,0
384,121,0
385,121,0
386,121,0
387,121,0
388,121,0
389,121,0
390,121,0
1,120,0
2,120,0
3,120,0
4,120,0
5,120,0
6,120,0
7,120,0
8,120,0
9,120,0
10,120,0
11,120,0
12,120,0
13,120,0
14,120,0
15,120,0
16,120,0
17,120,0
18,120,0
19,120,0
20,120,0
21,120,0
22,120,0
23,120,0
24,120,0
25,120,0
26,120,0
27,120,0
28,120,0
29,120,0
30,120,0
31,120,0
32,120,1
33,120,1
34,120,1
35,120,1
36,120,1
37,120,1
38,120,1
39,120,1
40,120,1
41,120,1
42,120,1
43,120,1
44,120,1
45,120,1
46,120,1
47,120,1
48,120,1
49,120,1
50,120,1
51,120,1
52,120,1
53,120,1
54,120,1
55,120,1
56,120,1
57,120,1
58,120,1
59,120,1
60,120,1
61,120,1
62,120,1
63,120,0
64,120,0
65,120,0
66,120,0
67,120,2
68,120,2
69,120,2
70,120,2
71,120,2
72,120,2
73,120,2
74,120,2
75,120,2
76,120,2
77,120,2
78,120,2
79,120,2
80,120,2
81,120,2
82,120,2
83,120,2
84,120,2
85,120,2
86,120,2
87,120,2
88,120,2
89,120,2
90,120,2
91,120,2
92,120,2
93,120,2
94,120,2
95,120,2
96,120,2
97,120,2
98,120,2
99,120,2
100,120,2
101,120,2
102,120,2
103,120,2
104,120,2
105,120,2
106,120,2
107,120,2
108,120,2
109,120,2
110,120,2
111,120,2
112,120,2
113,120,0
114,120,0
115,120,0
116,120,0
117,120,0
118,120,0
119,120,0
120,120,3
121,120,3
122,120,3
123,120,3
124,120,3
125,120,3
126,120,3
127,120,3
128,120,3
129,120,3
130,120,3
131,120,3
132,120,3
133,120,3
134,120,3
135,120,3
136,120,3
137,120,3
138,120,3
139,120,3
140,120,3
141,120,3
142,120,3
143,120,3
144,120,3
145,120,3
146,120,3
147,120,3
148,120,3
149,120,3
150,120,3
151,120,3
152,120,3
153,120,3
154,120,3
155,120,3
156,120,3
157,120,3
158,120,3
159,120,3
160,120,3
161,120,3
162,120,3
163,120,3
164,120,3
165,120,3
166,120,3
167,120,3
168,120,3
169,120,3
170,120,3
171,120,3
172,120,3
173,120,3
174,120,3
175,120,3
176,120,3
177,120,3
178,120,3
179,120,3
180,120,3
181,120,3
182,120,3
183,120,3
184,120,3
185,120,3
186,120,3
187,120,3
188,120,3
189,120,3
190,120,3
191,120,3
192,120,3
193,120,3
194,120,3
195,120,3
196,120,3
197,120,3
198,120,3
199,120,3
200,120,3
201,120,3
202,120,3
203,120,3
204,120,3
205,120,3
206,120,3
207,120,3
208,120,3
209,120,3
210,120,3
211,120,3
212,120,3
213,120,3
214,120,3
215,120,3
216,120,3
217,120,3
218,120,3
219,120,3
220,120,3
221,120,3
222,120,3
223,120,3
224,120,3
225,120,3
226,120,3
227,120,3
228,120,3
229,120,3
230,120,3
231,120,3
232,120,3
233,120,3
234,120,3
235,120,3
236,120,3
237,120,3
238,120,3
239,120,3
240,120,3
241,120,3
242,120,3
243,120,3
244,120,3
245,120,3
246,120,3
247,120,3
248,120,3
249,120,3
250,120,3
251,120,3
252,120,3
253,120,3
254,120,3
255,120,3
256,120,3
257,120,3
258,120,3
259,120,3
260,120,3
261,120,3
262,120,3
263,120,3
264,120,3
265,120,3
266,120,3
267,120,3
268,120,3
269,120,3
270,120,3
271,120,3
272,120,3
273,120,3
274,120,3
275,120,3
276,120,3
277,120,3
278,120,3
279,120,3
280,120,3
281,120,3
282,120,3
283,120,3
284,120,3
285,120,3
286,120,3
287,120,3
288,120,3
289,120,3
290,120,3
291,120,3
292,120,3
293,120,3
294,120,3
295,120,3
296,120,3
297,120,3
298,120,3
299,120,3
300,120,3
301,120,3
302,120,3
303,120,3
304,120,3
305,120,3
306,120,3
307,120,3
308,120,3
309,120,3
310,120,3
311,120,3
312,120,3
313,120,3
314,120,3
315,120,3
316,120,3
317,120,3
318,120,3
319,120,3
320,120,3
321,120,3
322,120,3
323,120,3
324,120,3
325,120,3
326,120,3
327,120,3
328,120,3
329,120,3
330,120,3
331,120,3
332,120,3
333,120,3
334,120,3
335,120,3
336,120,3
337,120,3
338,120,3
339,120,3
340,120,3
341,120,3
342,120,3
343,120,3
344,120,3
345,120,3
346,120,3
347,120,3
348,120,3
349,120,3
350,120,3
351,120,3
352,120,3
353,120,3
354,120,3
355,120,3
356,120,3
357,120,3
358,120,3
359,120,3
360,120,3
361,120,3
362,120,3
363,120,3
364,120,3
365,120,3
366,120,3
367,120,3
368,120,3
369,120,3
370,120,0
371,120,0
372,120,0
373,120,0
374,120,0
375,120,0
376,120,0
377,120,0
378,120,0
379,120,0
380,120,0
381,120,0
382,120,0
383,120,0
384,120,0
385,120,0
386,120,0
387,120,0
388,120,0
389,120,0
390,120,0
1,119,0
2,119,0
3,119,0
4,119,0
5,119,0
6,119,0
7,119,0
8,119,0
9,119,0
10,119,0
11,119,0
12,119,0
13,119,0
14,119,0
15,119,0
16,119,0
17,119,0
18,119,0
19,119,0
20,119,0
21,119,0
22,119,0
23,119,0
24,119,0
25,119,0
26,119,0
27,119,0
28,119,0
29,119,0
30,119,0
31,119,0
32,119,1
33,119,1
34,119,1
35,119,1
36,119,1
37,119,1
38,119,1
39,119,1
40,119,1
41,119,1
42,119,1
43,119,1
44,119,1
45,119,1
46,119,1
47,119,1
48,119,1
49,119,1
50,119,1
51,119,1
52,119,1
53,119,1
54,119,1
55,119,1
56,119,1
57,119,1
58,119,1
59,119,1
60,119,1
61,119,1
62,119,1
63,119,0
64,119,0
65,119,0
66,119,0
67,119,2
68,119,2
69,119,2
70,119,2
71,119,2
72,119,2
73,119,2
74,119,2
75,119,2
76,119,2
77,119,2
78,119,2
79,119,2
80,119,2
81,119,2
82,119,2
83,119,2
84,119,2
85,119,2
86,119,2
87,119,2
88,119,2
89,119,2
90,119,2
91,119,2
92,119,2
93,119,2
94,119,2
95,119,2
96,119,2
97,119,2
98,119,2
99,119,2
100,119,2
101,119,2
102,119,2
103,119,2
104,119,2
105,119,2
106,119,2
107,119,2
108,119,2
109,119,2
110,119,2
111,119,2
112,119,0
113,119,0
114,119,0
115,119,0
116,119,0
117,119,3
118,119,3
119,119,3
120,119,3
121,119,3
122,119,3
123,119,3
124,119,3
125,119,3
126,119,3
127,119,3
128,119,3
129,119,3
130,119,3
131,119,3
132,119,3
133,119,3
134,119,3
135,119,3
136,119,3
137,119,3
138,119,3
139,119,3
140,119,3
141,119,3
142,119,3
143,119,3
144,119,3
145,119,3
146,119,3
147,119,3
148,119,3
149,119,3
150,119,3
151,119,3
152,119,3
153,119,3
154,119,3
155,119,3
156,119,3
157,119,3
158,119,3
159,119,3
160,119,3
161,119,3
162,119,3
163,119,3
164,119,3
165,119,3
166,119,3
167,119,3
168,119,3
169,119,3
170,119,3
171,119,3
172,119,3
173,119,3
174,119,3
175,119,3
176,119,3
177,119,3
178,119,3
179,119,3
180,119,3
181,119,3
182,119,3
183,119,3
184,119,3
185,119,3
186,119,3
187,119,3
188,119,3
189,119,3
190,119,3
191,119,3
192,119,3
193,119,3
194,119,3
195,119,3
196,119,3
197,119,3
198,119,3
199,119,3
200,119,3
201,119,3
202,119,3
203,119,3
204,119,3
205,119,3
206,119,3
207,119,3
208,119,3
209,119,3
210,119,3
211,119,3
212,119,3
213,119,3
214,119,3
215,119,3
216,119,3
217,119,3
218,119,3
219,119,3
220,119,3
221,119,3
222,119,3
223,119,3
224,119,3
225,119,3
226,119,3
227,119,3
228,119,3
229,119,3
230,119,3
231,119,3
232,119,3
233,119,3
234,119,3
235,119,3
236,119,3
237,119,3
238,119,3
239,119,3
240,119,3
241,119,3
242,119,3
243,119,3
244,119,3
245,119,3
246,119,3
247,119,3
248,119,3
249,119,3
250,119,3
251,119,3
252,119,3
253,119,3
254,119,3
255,119,3
256,119,3
257,119,3
258,119,3
259,119,3
260,119,3
261,119,3
262,119,3
263,119,3
264,119,3
265,119,3
266,119,3
267,119,3
268,119,3
269,119,3
270,119,3
271,119,3
272,119,3
273,119,3
274,119,3
275,119,3
276,119,3
277,119,3
278,119,3
279,119,3
280,119,3
281,119,3
282,119,3
283,119,3
284,119,3
285,119,3
286,119,3
287,119,3
288,119,3
289,119,3
290,119,3
291,119,3
292,119,3
293,119,3
294,119,3
295,119,3
296,119,3
297,119,3
298,119,3
299,119,3
300,119,3
301,119,3
302,119,3
303,119,3
304,119,3
305,119,3
306,119,3
307,119,3
308,119,3
309,119,3
310,119,3
311,119,3
312,119,3
313,119,3
314,119,3
315,119,3
316,119,3
317,119,3
318,119,3
319,119,3
320,119,3
321,119,3
322,119,3
323,119,3
324,119,3
325,119,3
326,119,3
327,119,3
328,119,3
329,119,3
330,119,3
331,119,3
332,119,3
333,119,3
334,119,3
335,119,3
336,119,3
337,119,3
338,119,3
339,119,3
340,119,3
341,119,3
342,119,3
343,119,3
344,119,3
345,119,3
346,119,3
347,119,3
348,119,3
349,119,3
350,119,3
351,119,3
352,119,3
353,119,3
354,119,3
355,119,3
356,119,3
357,119,3
358,119,3
359,119,3
360,119,3
361,119,3
362,119,3
363,119,3
364,119,3
365,119,3
366,119,3
367,119,3
368,119,3
369,119,3
370,119,0
371,119,0
372,119,0
373,119,0
374,119,0
375,119,0
376,119,0
377,119,0
378,119,0
379,119,0
380,119,0
381,119,0
382,119,0
383,119,0
384,119,0
385,119,0
386,119,0
387,119,0
388,119,0
389,119,0
390,119,0
1,118,0
2,118,0
3,118,0
4,118,0
5,118,0
6,118,0
7,118,0
8,118,0
9,118,0
10,118,0
11,118,0
12,118,0
13,118,0
14,118,0
15,118,0
16,118,0
17,118,0
18,118,0
19,118,0
20,118,0
21,118,0
22,118,0
23,118,0
24,118,0
25,118,0
26,118,0
27,118,0
28,118,0
29,118,0
30,118,0
31,118,0
32,118,1
33,118,1
34,118,1
35,118,1
36,118,1
37,118,1
38,118,1
39,118,1
40,118,1
41,118,1
42,118,1
43,118,1
44,118,1
45,118,1
46,118,1
47,118,1
48,118,1
49,118,1
50,118,1
51,118,1
52,118,1
53,118,1
54,118,1
55,118,1
56,118,1
57,118,1
58,118,1
59,118,1
60,118,1
61,118,1
62,118,1
63,118,0
64,118,0
65,118,0
66,118,0
67,118,2
68,118,2
69,118,2
70,118,2
71,118,2
72,118,2
73,118,2
74,118,2
75,118,2
76,118,2
77,118,2
78,118,2
79,118,2
80,118,2
81,118,2
82,118,2
83,118,2
84,118,2
85,118,2
86,118,2
87,118,2
88,118,2
89,118,2
90,118,2
91,118,2
92,118,2
93,118,2
94,118,2
95,118,2
96,118,2
97,118,2
98,118,2
99,118,2
100,118,2
101,118,2
102,118,2
103,118,2
104,118,2
105,118,2
106,118,2
107,118,2
108,118,2
109,118,2
110,118,2
111,118,0
112,118,0
113,118,0
114,118,3
115,118,3
116,118,3
117,118,3
118,118,3
119,118,3
120,118,3
121,118,3
122,118,3
123,118,3
124,118,3
125,118,3
126,118,3
127,118,3
128,118,3
129,118,3
130,118,3
131,118,3
132,118,3
133,118,3
134,118,3
135,118,3
136,118,3
137,118,3
138,118,3
139,118,3
140,118,3
141,118,3
142,118,3
143,118,3
144,118,3
145,118,3
146,118,3
147,118,3
148,118,3
149,118,3
150,118,3
151,118,3
152,118,3
153,118,3
154,118,3
155,118,3
156,118,3
157,118,3
158,118,3
159,118,3
160,118,3
161,118,3
162,118,3
163,118,3
164,118,3
165,118,3
166,118,3
167,118,3
168,118,3
169,118,3
170,118,3
171,118,3
172,118,3
173,118,3
174,118,3
175,118,3
176,118,3
177,118,3
178,118,3
179,118,3
180,118,3
181,118,3
182,118,3
183,118,3
184,118,3
185,118,3
186,118,3
187,118,3
188,118,3
189,118,3
190,118,3
191,118,3
192,118,3
193,118,3
194,118,3
195,118,3
196,118,3
197,118,3
198,118,3
199,118,3
200,118,3
201,118,3
202,118,3
203,118,3
204,118,3
205,118,3
206,118,3
207,118,3
208,118,3
209,118,3
210,118,3
211,118,3
212,118,3
213,118,3
214,118,3
215,118,3
216,118,3
217,118,3
218,118,3
219,118,3
220,118,3
221,118,3
222,118,3
223,118,3
224,118,3
225,118,3
226,118,3
227,118,3
228,118,3
229,118,3
230,118,3
231,118,3
232,118,3
233,118,3
234,118,3
235,118,3
236,118,3
237,118,3
238,118,3
239,118,3
240,118,3
241,118,3
242,118,3
243,118,3
244,118,3
245,118,3
246,118,3
247,118,3
248,118,3
249,118,3
250,118,3
251,118,3
252,118,3
253,118,3
254,118,3
255,118,3
256,118,3
257,118,3
258,118,3
259,118,3
260,118,3
261,118,3
262,118,3
263,118,3
264,118,3
265,118,3
266,118,3
267,118,3
268,118,3
269,118,3
270,118,3
271,118,3
272,118,3
273,118,3
274,118,3
275,118,3
276,118,3
277,118,3
278,118,3
279,118,3
280,118,3
281,118,3
282,118,3
283,118,3
284,118,3
285,118,3
286,118,3
287,118,3
288,118,3
289,118,3
290,118,3
291,118,3
292,118,3
293,118,3
294,118,3
295,118,3
296,118,3
297,118,3
298,118,3
299,118,3
300,118,3
301,118,3
302,118,3
303,118,3
304,118,3
305,118,3
306,118,3
307,118,3
308,118,3
309,118,3
310,118,3
311,118,3
312,118,3
313,118,3
314,118,3
315,118,3
316,118,3
317,118,3
318,118,3
319,118,3
320,118,3
321,118,3
322,118,3
323,118,3
324,118,3
325,118,3
326,118,3
327,118,3
328,118,3
329,118,3
330,118,3
331,118,3
332,118,3
333,118,3
334,118,3
335,118,3
336,118,3
337,118,3
338,118,3
339,118,3
340,118,3
341,118,3
342,118,3
343,118,3
344,118,3
345,118,3
346,118,3
347,118,3
348,118,3
349,118,3
350,118,3
351,118,3
352,118,3
353,118,3
354,118,3
355,118,3
356,118,3
357,118,3
358,118,3
359,118,3
360,118,3
361,118,3
362,118,3
363,118,3
364,118,3
365,118,3
366,118,3
367,118,3
368,118,3
369,118,3
370,118,0
371,118,0
372,118,0
373,118,0
374,118,0
375,118,0
376,118,0
377,118,0
378,118,0
379,118,0
380,118,0
381,118,0
382,118,0
383,118,0
384,118,0
385,118,0
386,118,0
387,118,0
388,118,0
389,118,0
390,118,0
1,117,0
2,117,0
3,117,0
4,117,0
5,117,0
6,117,0
7,117,0
8,117,0
9,117,0
10,117,0
11,117,0
12,117,0
13,117,0
14,117,0
15,117,0
16,117,0
17,117,0
18,117,0
19,117,0
20,117,0
21,117,0
22,117,0
23,117,0
24,117,0
25,117,0
26,117,0
27,117,0
28,117,0
29,117,0
30,117,0
31,117,0
32,117,0
33,117,1
34,117,1
35,117,1
36,117,1
37,117,1
38,117,1
39,117,1
40,117,1
41,117,1
42,117,1
43,117,1
44,117,1
45,117,1
46,117,1
47,117,1
48,117,1
49,117,1
50,117,1
51,117,1
52,117,1
53,117,1
54,117,1
55,117,1
56,117,1
57,117,1
58,117,1
59,117,1
60,117,1
61,117,1
62,117,1
63,117,0
64,117,0
65,117,0
66,117,2
67,117,2
68,117,2
69,117,2
70,117,2
71,117,2
72,117,2
73,117,2
74,117,2
75,117,2
76,117,2
77,117,2
78,117,2
79,117,2
80,117,2
81,117,2
82,117,2
83,117,2
84,117,2
85,117,2
86,117,2
87,117,2
88,117,2
89,117,2
90,117,2
91,117,2
92,117,2
93,117,2
94,117,2
95,117,2
96,117,2
97,117,2
98,117,2
99,117,2
100,117,2
101,117,2
102,117,2
103,117,2
104,117,2
105,117,2
106,117,2
107,117,2
108,117,2
109,117,2
110,117,0
111,117,0
112,117,0
113,117,3
114,117,3
115,117,3
116,117,3
117,117,3
118,117,3
119,117,3
120,117,3
121,117,3
122,117,3
123,117,3
124,117,3
125,117,3
126,117,3
127,117,3
128,117,3
129,117,3
130,117,3
131,117,3
132,117,3
133,117,3
134,117,3
135,117,3
136,117,3
137,117,3
138,117,3
139,117,3
140,117,3
141,117,3
142,117,3
143,117,3
144,117,3
145,117,3
146,117,3
147,117,3
148,117,3
149,117,3
150,117,3
151,117,3
152,117,3
153,117,3
154,117,3
155,117,3
156,117,3
157,117,3
158,117,3
159,117,3
160,117,3
161,117,3
162,117,3
163,117,3
164,117,3
165,117,3
166,117,3
167,117,3
168,117,3
169,117,3
170,117,3
171,117,3
172,117,3
173,117,3
174,117,3
175,117,3
176,117,3
177,117,3
178,117,3
179,117,3
180,117,3
181,117,3
182,117,3
183,117,3
184,117,3
185,117,3
186,117,3
187,117,3
188,117,3
189,117,3
190,117,3
191,117,3
192,117,3
193,117,3
194,117,3
195,117,3
196,117,3
197,117,3
198,117,3
199,117,3
200,117,3
201,117,3
202,117,3
203,117,3
204,117,3
205,117,3
206,117,3
207,117,3
208,117,3
209,117,3
210,117,3
211,117,3
212,117,3
213,117,3
214,117,3
215,117,3
216,117,3
217,117,3
218,117,3
219,117,3
220,117,3
221,117,3
222,117,3
223,117,3
224,117,3
225,117,3
226,117,3
227,117,3
228,117,3
229,117,3
230,117,3
231,117,3
232,117,3
233,117,3
234,117,3
235,117,3
236,117,3
237,117,3
238,117,3
239,117,3
240,117,3
241,117,3
242,117,3
243,117,3
244,117,3
245,117,3
246,117,3
247,117,3
248,117,3
249,117,3
250,117,3
251,117,3
252,117,3
253,117,3
254,117,3
255,117,3
256,117,3
257,117,3
258,117,3
259,117,3
260,117,3
261,117,3
262,117,3
263,117,3
264,117,3
265,117,3
266,117,3
267,117,3
268,117,3
269,117,3
270,117,3
271,117,3
272,117,3
273,117,3
274,117,3
275,117,3
276,117,3
277,117,3
278,117,3
279,117,3
280,117,3
281,117,3
282,117,3
283,117,3
284,117,3
285,117,3
286,117,3
287,117,3
288,117,3
289,117,3
290,117,3
291,117,3
292,117,3
293,117,3
294,117,3
295,117,3
296,117,3
297,117,3
298,117,3
299,117,3
300,117,3
301,117,3
302,117,3
303,117,3
304,117,3
305,117,3
306,117,3
307,117,3
308,117,3
309,117,3
310,117,3
311,117,3
312,117,3
313,117,3
314,117,3
315,117,3
316,117,3
317,117,3
318,117,3
319,117,3
320,117,3
321,117,3
322,117,3
323,117,3
324,117,3
325,117,3
326,117,3
327,117,3
328,117,3
329,117,3
330,117,3
331,117,3
332,117,3
333,117,3
334,117,3
335,117,3
336,117,3
337,117,3
338,117,3
339,117,3
340,117,3
341,117,3
342,117,3
343,117,3
344,117,3
345,117,3
346,117,3
347,117,3
348,117,3
349,117,3
350,117,3
351,117,3
352,117,3
353,117,3
354,117,3
355,117,3
356,117,3
357,117,3
358,117,3
359,117,3
360,117,3
361,117,3
362,117,3
363,117,3
364,117,3
365,117,3
366,117,3
367,117,3
368,117,3
369,117,3
370,117,0
371,117,0
372,117,0
373,117,0
374,117,0
375,117,0
376,117,0
377,117,0
378,117,0
379,117,0
380,117,0
381,117,0
382,117,0
383,117,0
384,117,0
385,117,0
386,117,0
387,117,0
388,117,0
389,117,0
390,117,0
1,116,0
2,116,0
3,116,0
4,116,0
5,116,0
6,116,0
7,116,0
8,116,0
9,116,0
10,116,0
11,116,0
12,116,0
13,116,0
14,116,0
15,116,0
16,116,0
17,116,0
18,116,0
19,116,0
20,116,0
21,116,0
22,116,0
23,116,0
24,116,0
25,116,0
26,116,0
27,116,0
28,116,0
29,116,0
30,116,0
31,116,0
32,116,1
33,116,1
34,116,1
35,116,1
36,116,1
37,116,1
38,116,1
39,116,1
40,116,1
41,116,1
42,116,1
43,116,1
44,116,1
45,116,1
46,116,1
47,116,1
48,116,1
49,116,1
50,116,1
51,116,1
52,116,1
53,116,1
54,116,1
55,116,1
56,116,1
57,116,1
58,116,1
59,116,1
60,116,1
61,116,1
62,116,1
63,116,0
64,116,0
65,116,0
66,116,2
67,116,2
68,116,2
69,116,2
70,116,2
71,116,2
72,116,2
73,116,2
74,116,2
75,116,2
76,116,2
77,116,2
78,116,2
79,116,2
80,116,2
81,116,2
82,116,2
83,116,2
84,116,2
85,116,2
86,116,2
87,116,2
88,116,2
89,116,2
90,116,2
91,116,2
92,116,2
93,116,2
94,116,2
95,116,2
96,116,2
97,116,2
98,116,2
99,116,2
100,116,2
101,116,2
102,116,2
103,116,2
104,116,2
105,116,2
106,116,2
107,116,2
108,116,2
109,116,0
110,116,0
111,116,3
112,116,3
113,116,3
114,116,3
115,116,3
116,116,3
117,116,3
118,116,3
119,116,3
120,116,3
121,116,3
122,116,3
123,116,3
124,116,3
125,116,3
126,116,3
127,116,3
128,116,3
129,116,3
130,116,3
131,116,3
132,116,3
133,116,3
134,116,3
135,116,3
136,116,3
137,116,3
138,116,3
139,116,3
140,116,3
141,116,3
142,116,3
143,116,3
144,116,3
145,116,3
146,116,3
147,116,3
148,116,3
149,116,3
150,116,3
151,116,3
152,116,3
153,116,3
154,116,3
155,116,3
156,116,3
157,116,3
158,116,3
159,116,3
160,116,3
161,116,3
162,116,3
163,116,3
164,116,3
165,116,3
166,116,3
167,116,3
168,116,3
169,116,3
170,116,3
171,116,3
172,116,3
173,116,3
174,116,3
175,116,3
176,116,3
177,116,3
178,116,3
179,116,3
180,116,3
181,116,3
182,116,3
183,116,3
184,116,3
185,116,3
186,116,3
187,116,3
188,116,3
189,116,3
190,116,3
191,116,3
192,116,3
193,116,3
194,116,3
195,116,3
196,116,3
197,116,3
198,116,3
199,116,3
200,116,3
201,116,3
202,116,3
203,116,3
204,116,3
205,116,3
206,116,3
207,116,3
208,116,3
209,116,3
210,116,3
211,116,3
212,116,3
213,116,3
214,116,3
215,116,3
216,116,3
217,116,3
218,116,3
219,116,3
220,116,3
221,116,3
222,116,3
223,116,3
224,116,3
225,116,3
226,116,3
227,116,3
228,116,3
229,116,3
230,116,3
231,116,3
232,116,3
233,116,3
234,116,3
235,116,3
236,116,3
237,116,3
238,116,3
239,116,3
240,116,3
241,116,3
242,116,3
243,116,3
244,116,3
245,116,3
246,116,3
247,116,3
248,116,3
249,116,3
250,116,3
251,116,3
252,116,3
253,116,3
254,116,3
255,116,3
256,116,3
257,116,3
258,116,3
259,116,3
260,116,3
261,116,3
262,116,3
263,116,3
264,116,3
265,116,3
266,116,3
267,116,3
268,116,3
269,116,3
270,116,3
271,116,3
272,116,3
273,116,3
274,116,3
275,116,3
276,116,3
277,116,3
278,116,3
279,116,3
280,116,3
281,116,3
282,116,3
283,116,3
284,116,3
285,116,3
286,116,3
287,116,3
288,116,3
289,116,3
290,116,3
291,116,3
292,116,3
293,116,3
294,116,3
295,116,3
296,116,3
297,116,3
298,116,3
299,116,3
300,116,3
301,116,3
302,116,3
303,116,3
304,116,3
305,116,3
306,116,3
307,116,3
308,116,3
309,116,3
310,116,3
311,116,3
312,116,3
313,116,3
314,116,3
315,116,3
316,116,3
317,116,3
318,116,3
319,116,3
320,116,3
321,116,3
322,116,3
323,116,3
324,116,3
325,116,3
326,116,3
327,116,3
328,116,3
329,116,3
330,116,3
331,116,3
332,116,3
333,116,3
334,116,3
335,116,3
336,116,3
337,116,3
338,116,3
339,116,3
340,116,3
341,116,3
342,116,3
343,116,3
344,116,3
345,116,3
346,116,3
347,116,3
348,116,3
349,116,3
350,116,3
351,116,3
352,116,3
353,116,3
354,116,3
355,116,3
356,116,3
357,116,3
358,116,3
359,116,3
360,116,3
361,116,3
362,116,3
363,116,3
364,116,3
365,116,3
366,116,3
367,116,3
368,116,3
369,116,3
370,116,0
371,116,0
372,116,0
373,116,0
374,116,0
375,116,0
376,116,0
377,116,0
378,116,0
379,116,0
380,116,0
381,116,0
382,116,0
383,116,0
384,116,0
385,116,0
386,116,0
387,116,0
388,116,0
389,116,0
390,116,0
1,115,0
2,115,0
3,115,0
4,115,0
5,115,0
6,115,0
7,115,0
8,115,0
9,115,0
10,115,0
11,115,0
12,115,0
13,115,0
14,115,0
15,115,0
16,115,0
17,115,0
18,115,0
19,115,0
20,115,0
21,115,0
22,115,0
23,115,0
24,115,0
25,115,0
26,115,0
27,115,0
28,115,0
29,115,0
30,115,0
31,115,0
32,115,1
33,115,1
34,115,1
35,115,1
36,115,1
37,115,1
38,115,1
39,115,1
40,115,1
41,115,1
42,115,1
43,115,1
44,115,1
45,115,1
46,115,1
47,115,1
48,115,1
49,115,1
50,115,1
51,115,1
52,115,1
53,115,1
54,115,1
55,115,1
56,115,1
57,115,1
58,115,1
59,115,1
60,115,1
61,115,1
62,115,1
63,115,0
64,115,0
65,115,0
66,115,2
67,115,2
68,115,2
69,115,2
70,115,2
71,115,2
72,115,2
73,115,2
74,115,2
75,115,2
76,115,2
77,115,2
78,115,2
79,115,2
80,115,2
81,115,2
82,115,2
83,115,2
84,115,2
85,115,2
86,115,2
87,115,2
88,115,2
89,115,2
90,115,2
91,115,2
92,115,2
93,115,2
94,115,2
95,115,2
96,115,2
97,115,2
98,115,2
99,115,2
100,115,2
101,115,2
102,115,2
103,115,2
104,115,2
105,115,2
106,115,2
107,115,2
108,115,0
109,115,0
110,115,0
111,115,3
112,115,3
113,115,3
114,115,3
115,115,3
116,115,3
117,115,3
118,115,3
119,115,3
120,115,3
121,115,3
122,115,3
123,115,3
124,115,3
125,115,3
126,115,3
127,115,3
128,115,3
129,115,3
130,115,3
131,115,3
132,115,3
133,115,3
134,115,3
135,115,3
136,115,3
137,115,3
138,115,3
139,115,3
140,115,3
141,115,3
142,115,3
143,115,3
144,115,3
145,115,3
146,115,3
147,115,3
148,115,3
149,115,3
150,115,3
151,115,3
152,115,3
153,115,3
154,115,3
155,115,3
156,115,3
157,115,3
158,115,3
159,115,3
160,115,3
161,115,3
162,115,3
163,115,3
164,115,3
165,115,3
166,115,3
167,115,3
168,115,3
169,115,3
170,115,3
171,115,3
172,115,3
173,115,3
174,115,3
175,115,3
176,115,3
177,115,3
178,115,3
179,115,3
180,115,3
181,115,3
182,115,3
183,115,3
184,115,3
185,115,3
186,115,3
187,115,3
188,115,3
189,115,3
190,115,3
191,115,3
192,115,3
193,115,3
194,115,3
195,115,3
196,115,3
197,115,3
198,115,3
199,115,3
200,115,3
201,115,3
202,115,3
203,115,3
204,115,3
205,115,3
206,115,3
207,115,3
208,115,3
209,115,3
210,115,3
211,115,3
212,115,3
213,115,3
214,115,3
215,115,3
216,115,3
217,115,3
218,115,3
219,115,3
220,115,3
221,115,3
222,115,3
223,115,3
224,115,3
225,115,3
226,115,3
227,115,3
228,115,3
229,115,3
230,115,3
231,115,3
232,115,3
233,115,3
234,115,3
235,115,3
236,115,3
237,115,3
238,115,3
239,115,3
240,115,3
241,115,3
242,115,3
243,115,3
244,115,3
245,115,3
246,115,3
247,115,3
248,115,3
249,115,3
250,115,3
251,115,3
252,115,3
253,115,3
254,115,3
255,115,3
256,115,3
257,115,3
258,115,3
259,115,3
260,115,3
261,115,3
262,115,3
263,115,3
264,115,3
265,115,3
266,115,3
267,115,3
268,115,3
269,115,3
270,115,3
271,115,3
272,115,3
273,115,3
274,115,3
275,115,3
276,115,3
277,115,3
278,115,3
279,115,3
280,115,3
281,115,3
282,115,3
283,115,3
284,115,3
285,115,3
286,115,3
287,115,3
288,115,3
289,115,3
290,115,3
291,115,3
292,115,3
293,115,3
294,115,3
295,115,3
296,115,3
297,115,3
298,115,3
299,115,3
300,115,3
301,115,3
302,115,3
303,115,3
304,115,3
305,115,3
306,115,3
307,115,3
308,115,3
309,115,3
310,115,3
311,115,3
312,115,3
313,115,3
314,115,3
315,115,3
316,115,3
317,115,3
318,115,3
319,115,3
320,115,3
321,115,3
322,115,3
323,115,3
324,115,3
325,115,3
326,115,3
327,115,3
328,115,3
329,115,3
330,115,3
331,115,3
332,115,3
333,115,3
334,115,3
335,115,3
336,115,3
337,115,3
338,115,3
339,115,3
340,115,3
341,115,3
342,115,3
343,115,3
344,115,3
345,115,3
346,115,3
347,115,3
348,115,3
349,115,3
350,115,3
351,115,3
352,115,3
353,115,3
354,115,3
355,115,3
356,115,3
357,115,3
358,115,3
359,115,3
360,115,3
361,115,3
362,115,3
363,115,3
364,115,3
365,115,3
366,115,3
367,115,3
368,115,3
369,115,3
370,115,0
371,115,0
372,115,0
373,115,0
374,115,0
375,115,0
376,115,0
377,115,0
378,115,0
379,115,0
380,115,0
381,115,0
382,115,0
383,115,0
384,115,0
385,115,0
386,115,0
387,115,0
388,115,0
389,115,0
390,115,0
1,114,0
2,114,0
3,114,0
4,114,0
5,114,0
6,114,0
7,114,0
8,114,0
9,114,0
10,114,0
11,114,0
12,114,0
13,114,0
14,114,0
15,114,0
16,114,0
17,114,0
18,114,0
19,114,0
20,114,0
21,114,0
22,114,0
23,114,0
24,114,0
25,114,0
26,114,0
27,114,0
28,114,0
29,114,0
30,114,0
31,114,0
32,114,1
33,114,1
34,114,1
35,114,1
36,114,1
37,114,1
38,114,1
39,114,1
40,114,1
41,114,1
42,114,1
43,114,1
44,114,1
45,114,1
46,114,1
47,114,1
48,114,1
49,114,1
50,114,1
51,114,1
52,114,1
53,114,1
54,114,1
55,114,1
56,114,1
57,114,1
58,114,1
59,114,1
60,114,1
61,114,1
62,114,1
63,114,0
64,114,0
65,114,0
66,114,2
67,114,2
68,114,2
69,114,2
70,114,2
71,114,2
72,114,2
73,114,2
74,114,2
75,114,2
76,114,2
77,114,2
78,114,2
79,114,2
80,114,2
81,114,2
82,114,2
83,114,2
84,114,2
85,114,2
86,114,2
87,114,2
88,114,2
89,114,2
90,114,2
91,114,2
92,114,2
93,114,2
94,114,2
95,114,2
96,114,2
97,114,2
98,114,2
99,114,2
100,114,2
101,114,2
102,114,2
103,114,2
104,114,2
105,114,2
106,114,0
107,114,0
108,114,0
109,114,3
110,114,3
111,114,3
112,114,3
113,114,3
114,114,3
115,114,3
116,114,3
117,114,3
118,114,3
119,114,3
120,114,3
121,114,3
122,114,3
123,114,3
124,114,3
125,114,3
126,114,3
127,114,3
128,114,3
129,114,3
130,114,3
131,114,3
132,114,3
133,114,3
134,114,3
135,114,3
136,114,3
137,114,3
138,114,3
139,114,3
140,114,3
141,114,3
142,114,3
143,114,3
144,114,3
145,114,3
146,114,3
147,114,3
148,114,3
149,114,3
150,114,3
151,114,3
152,114,3
153,114,3
154,114,3
155,114,3
156,114,3
157,114,3
158,114,3
159,114,3
160,114,3
161,114,3
162,114,3
163,114,3
164,114,3
165,114,3
166,114,3
167,114,3
168,114,3
169,114,3
170,114,3
171,114,3
172,114,3
173,114,3
174,114,3
175,114,3
176,114,3
177,114,3
178,114,3
179,114,3
180,114,3
181,114,3
182,114,3
183,114,3
184,114,3
185,114,3
186,114,3
187,114,3
188,114,3
189,114,3
190,114,3
191,114,3
192,114,3
193,114,3
194,114,3
195,114,3
196,114,3
197,114,3
198,114,3
199,114,3
200,114,3
201,114,3
202,114,3
203,114,3
204,114,3
205,114,3
206,114,3
207,114,3
208,114,3
209,114,3
210,114,3
211,114,3
212,114,3
213,114,3
214,114,3
215,114,3
216,114,3
217,114,3
218,114,3
219,114,3
220,114,3
221,114,3
222,114,3
223,114,3
224,114,3
225,114,3
226,114,3
227,114,3
228,114,3
229,114,3
230,114,3
231,114,3
232,114,3
233,114,3
234,114,3
235,114,3
236,114,3
237,114,3
238,114,3
239,114,3
240,114,3
241,114,3
242,114,3
243,114,3
244,114,3
245,114,3
246,114,3
247,114,3
248,114,3
249,114,3
250,114,3
251,114,3
252,114,3
253,114,3
254,114,3
255,114,3
256,114,3
257,114,3
258,114,3
259,114,3
260,114,3
261,114,3
262,114,3
263,114,3
264,114,3
265,114,3
266,114,3
267,114,3
268,114,3
269,114,3
270,114,3
271,114,3
272,114,3
273,114,3
274,114,3
275,114,3
276,114,3
277,114,3
278,114,3
279,114,3
280,114,3
281,114,3
282,114,3
283,114,3
284,114,3
285,114,3
286,114,3
287,114,3
288,114,3
289,114,3
290,114,3
291,114,3
292,114,3
293,114,3
294,114,3
295,114,3
296,114,3
297,114,3
298,114,3
299,114,3
300,114,3
301,114,3
302,114,3
303,114,3
304,114,3
305,114,3
306,114,3
307,114,3
308,114,3
309,114,3
310,114,3
311,114,3
312,114,3
313,114,3
314,114,3
315,114,3
316,114,3
317,114,3
318,114,3
319,114,3
320,114,3
321,114,3
322,114,3
323,114,3
324,114,3
325,114,3
326,114,3
327,114,3
328,114,3
329,114,0
330,114,0
331,114,0
332,114,0
333,114,0
334,114,0
335,114,0
336,114,0
337,114,0
338,114,0
339,114,0
340,114,0
341,114,0
342,114,0
343,114,0
344,114,0
345,114,0
346,114,0
347,114,0
348,114,0
349,114,0
350,114,0
351,114,0
352,114,0
353,114,3
354,114,3
355,114,3
356,114,3
357,114,3
358,114,3
359,114,3
360,114,3
361,114,3
362,114,3
363,114,3
364,114,3
365,114,3
366,114,3
367,114,3
368,114,3
369,114,0
370,114,0
371,114,0
372,114,0
373,114,0
374,114,0
375,114,0
376,114,0
377,114,0
378,114,0
379,114,0
380,114,0
381,114,0
382,114,0
383,114,0
384,114,0
385,114,0
386,114,0
387,114,0
388,114,0
389,114,0
390,114,0
1,113,0
2,113,0
3,113,0
4,113,0
5,113,0
6,113,0
7,113,0
8,113,0
9,113,0
10,113,0
11,113,0
12,113,0
13,113,0
14,113,0
15,113,0
16,113,0
17,113,0
18,113,0
19,113,0
20,113,0
21,113,0
22,113,0
23,113,0
24,113,0
25,113,0
26,113,0
27,113,0
28,113,0
29,113,0
30,113,0
31,113,0
32,113,0
33,113,1
34,113,1
35,113,1
36,113,1
37,113,1
38,113,1
39,113,1
40,113,1
41,113,1
42,113,1
43,113,1
44,113,1
45,113,1
46,113,1
47,113,1
48,113,1
49,113,1
50,113,1
51,113,1
52,113,1
53,113,1
54,113,1
55,113,1
56,113,1
57,113,1
58,113,1
59,113,1
60,113,1
61,113,1
62,113,1
63,113,0
64,113,0
65,113,0
66,113,2
67,113,2
68,113,2
69,113,2
70,113,2
71,113,2
72,113,2
73,113,2
74,113,2
75,113,2
76,113,2
77,113,2
78,113,2
79,113,2
80,113,2
81,113,2
82,113,2
83,113,2
84,113,2
85,113,2
86,113,2
87,113,2
88,113,2
89,113,2
90,113,2
91,113,2
92,113,2
93,113,2
94,113,2
95,113,2
96,113,2
97,113,2
98,113,2
99,113,2
100,113,2
101,113,2
102,113,2
103,113,2
104,113,2
105,113,0
106,113,0
107,113,0
108,113,3
109,113,3
110,113,3
111,113,3
112,113,3
113,113,3
114,113,3
115,113,3
116,113,3
117,113,3
118,113,3
119,113,3
120,113,3
121,113,3
122,113,3
123,113,3
124,113,3
125,113,3
126,113,3
127,113,3
128,113,3
129,113,3
130,113,3
131,113,3
132,113,3
133,113,3
134,113,3
135,113,3
136,113,3
137,113,3
138,113,3
139,113,3
140,113,3
141,113,3
142,113,3
143,113,3
144,113,3
145,113,3
146,113,3
147,113,3
148,113,3
149,113,3
150,113,3
151,113,3
152,113,3
153,113,3
154,113,3
155,113,3
156,113,3
157,113,3
158,113,3
159,113,3
160,113,3
161,113,3
162,113,3
163,113,3
164,113,3
165,113,3
166,113,3
167,113,3
168,113,3
169,113,3
170,113,3
171,113,3
172,113,3
173,113,3
174,113,3
175,113,3
176,113,3
177,113,3
178,113,3
179,113,3
180,113,3
181,113,3
182,113,3
183,113,3
184,113,3
185,113,3
186,113,3
187,113,3
188,113,3
189,113,3
190,113,3
191,113,3
192,113,3
193,113,3
194,113,3
195,113,3
196,113,3
197,113,3
198,113,3
199,113,3
200,113,3
201,113,3
202,113,3
203,113,3
204,113,3
205,113,3
206,113,3
207,113,3
208,113,3
209,113,3
210,113,3
211,113,3
212,113,3
213,113,3
214,113,3
215,113,3
216,113,3
217,113,3
218,113,3
219,113,3
220,113,3
221,113,3
222,113,3
223,113,3
224,113,3
225,113,3
226,113,3
227,113,3
228,113,3
229,113,3
230,113,3
231,113,3
232,113,3
233,113,3
234,113,3
235,113,3
236,113,3
237,113,3
238,113,3
239,113,3
240,113,3
241,113,3
242,113,3
243,113,3
244,113,3
245,113,3
246,113,3
247,113,3
248,113,3
249,113,3
250,113,3
251,113,3
252,113,3
253,113,3
254,113,3
255,113,3
256,113,3
257,113,3
258,113,3
259,113,3
260,113,3
261,113,3
262,113,3
263,113,3
264,113,3
265,113,3
266,113,3
267,113,3
268,113,3
269,113,3
270,113,3
271,113,3
272,113,3
273,113,3
274,113,3
275,113,3
276,113,3
277,113,3
278,113,3
279,113,3
280,113,3
281,113,3
282,113,3
283,113,3
284,113,3
285,113,3
286,113,3
287,113,3
288,113,3
289,113,3
290,113,3
291,113,3
292,113,3
293,113,3
294,113,3
295,113,3
296,113,3
297,113,3
298,113,3
299,113,3
300,113,3
301,113,3
302,113,3
303,113,3
304,113,3
305,113,3
306,113,3
307,113,3
308,113,3
309,113,3
310,113,3
311,113,3
312,113,3
313,113,3
314,113,3
315,113,3
316,113,3
317,113,3
318,113,3
319,113,3
320,113,3
321,113,3
322,113,3
323,113,3
324,113,3
325,113,3
326,113,3
327,113,3
328,113,3
329,113,0
330,113,0
331,113,0
332,113,0
333,113,0
334,113,0
335,113,0
336,113,0
337,113,0
338,113,0
339,113,0
340,113,0
341,113,0
342,113,0
343,113,0
344,113,0
345,113,0
346,113,0
347,113,0
348,113,0
349,113,0
350,113,0
351,113,0
352,113,0
353,113,3
354,113,3
355,113,3
356,113,3
357,113,3
358,113,3
359,113,3
360,113,3
361,113,3
362,113,3
363,113,3
364,113,3
365,113,3
366,113,3
367,113,3
368,113,3
369,113,0
370,113,0
371,113,0
372,113,0
373,113,0
374,113,0
375,113,0
376,113,0
377,113,0
378,113,0
379,113,0
380,113,0
381,113,0
382,113,0
383,113,0
384,113,0
385,113,0
386,113,0
387,113,0
388,113,0
389,113,0
390,113,0
1,112,0
2,112,0
3,112,0
4,112,0
5,112,0
6,112,0
7,112,0
8,112,0
9,112,0
10,112,0
11,112,0
12,112,0
13,112,0
14,112,0
15,112,0
16,112,0
17,112,0
18,112,0
19,112,0
20,112,0
21,112,0
22,112,0
23,112,0
24,112,0
25,112,0
26,112,0
27,112,0
28,112,0
29,112,0
30,112,0
31,112,0
32,112,0
33,112,1
34,112,1
35,112,1
36,112,1
37,112,1
38,112,1
39,112,1
40,112,1
41,112,1
42,112,1
43,112,1
44,112,1
45,112,1
46,112,1
47,112,1
48,112,1
49,112,1
50,112,1
51,112,1
52,112,1
53,112,1
54,112,1
55,112,1
56,112,1
57,112,1
58,112,1
59,112,1
60,112,1
61,112,1
62,112,1
63,112,0
64,112,0
65,112,0
66,112,2
67,112,2
68,112,2
69,112,2
70,112,2
71,112,2
72,112,2
73,112,2
74,112,2
75,112,2
76,112,2
77,112,2
78,112,2
79,112,2
80,112,2
81,112,2
82,112,2
83,112,2
84,112,2
85,112,2
86,112,2
87,112,2
88,112,2
89,112,2
90,112,2
91,112,2
92,112,2
93,112,2
94,112,2
95,112,2
96,112,2
97,112,2
98,112,2
99,112,2
100,112,2
101,112,2
102,112,2
103,112,2
104,112,0
105,112,0
106,112,0
107,112,3
108,112,3
109,112,3
110,112,3
111,112,3
112,112,3
113,112,3
114,112,3
115,112,3
116,112,3
117,112,3
118,112,3
119,112,3
120,112,3
121,112,3
122,112,3
123,112,3
124,112,3
125,112,3
126,112,3
127,112,3
128,112,3
129,112,3
130,112,3
131,112,3
132,112,3
133,112,3
134,112,3
135,112,3
136,112,3
137,112,3
138,112,3
139,112,3
140,112,3
141,112,3
142,112,3
143,112,3
144,112,3
145,112,3
146,112,3
147,112,3
148,112,3
149,112,3
150,112,3
151,112,3
152,112,3
153,112,3
154,112,3
155,112,3
156,112,3
157,112,3
158,112,3
159,112,3
160,112,3
161,112,3
162,112,3
163,112,3
164,112,3
165,112,3
166,112,3
167,112,3
168,112,3
169,112,3
170,112,3
171,112,3
172,112,3
173,112,3
174,112,3
175,112,3
176,112,3
177,112,3
178,112,3
179,112,3
180,112,3
181,112,3
182,112,3
183,112,3
184,112,3
185,112,3
186,112,3
187,112,3
188,112,3
189,112,3
190,112,3
191,112,3
192,112,3
193,112,3
194,112,3
195,112,3
196,112,3
197,112,3
198,112,3
199,112,3
200,112,3
201,112,3
202,112,3
203,112,3
204,112,3
205,112,3
206,112,3
207,112,3
208,112,3
209,112,3
210,112,3
211,112,3
212,112,3
213,112,3
214,112,3
215,112,3
216,112,3
217,112,3
218,112,3
219,112,3
220,112,3
221,112,3
222,112,3
223,112,3
224,112,3
225,112,3
226,112,3
227,112,3
228,112,3
229,112,3
230,112,3
231,112,3
232,112,3
233,112,3
234,112,3
235,112,3
236,112,3
237,112,3
238,112,3
239,112,3
240,112,3
241,112,3
242,112,3
243,112,3
244,112,3
245,112,3
246,112,3
247,112,3
248,112,3
249,112,3
250,112,3
251,112,3
252,112,3
253,112,3
254,112,3
255,112,3
256,112,3
257,112,3
258,112,3
259,112,3
260,112,3
261,112,3
262,112,3
263,112,3
264,112,3
265,112,3
266,112,3
267,112,3
268,112,3
269,112,3
270,112,3
271,112,3
272,112,3
273,112,3
274,112,3
275,112,3
276,112,3
277,112,3
278,112,3
279,112,3
280,112,3
281,112,3
282,112,3
283,112,3
284,112,3
285,112,3
286,112,3
287,112,3
288,112,3
289,112,3
290,112,3
291,112,3
292,112,3
293,112,3
294,112,3
295,112,3
296,112,3
297,112,3
298,112,3
299,112,3
300,112,3
301,112,3
302,112,3
303,112,3
304,112,3
305,112,3
306,112,3
307,112,3
308,112,3
309,112,3
310,112,3
311,112,3
312,112,3
313,112,3
314,112,3
315,112,3
316,112,3
317,112,3
318,112,3
319,112,3
320,112,3
321,112,3
322,112,3
323,112,3
324,112,3
325,112,3
326,112,3
327,112,3
328,112,0
329,112,0
330,112,0
331,112,0
332,112,0
333,112,0
334,112,0
335,112,0
336,112,0
337,112,0
338,112,0
339,112,0
340,112,0
341,112,0
342,112,0
343,112,0
344,112,0
345,112,0
346,112,0
347,112,0
348,112,0
349,112,0
350,112,0
351,112,0
352,112,0
353,112,0
354,112,3
355,112,3
356,112,3
357,112,3
358,112,3
359,112,3
360,112,3
361,112,3
362,112,3
363,112,0
364,112,0
365,112,0
366,112,0
367,112,0
368,112,0
369,112,0
370,112,0
371,112,0
372,112,0
373,112,0
374,112,0
375,112,0
376,112,0
377,112,0
378,112,0
379,112,0
380,112,0
381,112,0
382,112,0
383,112,0
384,112,0
385,112,0
386,112,0
387,112,0
388,112,0
389,112,0
390,112,0
1,111,0
2,111,0
3,111,0
4,111,0
5,111,0
6,111,0
7,111,0
8,111,0
9,111,0
10,111,0
11,111,0
12,111,0
13,111,0
14,111,0
15,111,0
16,111,0
17,111,0
18,111,0
19,111,0
20,111,0
21,111,0
22,111,0
23,111,0
24,111,0
25,111,0
26,111,0
27,111,0
28,111,0
29,111,0
30,111,0
31,111,0
32,111,0
33,111,1
34,111,1
35,111,1
36,111,1
37,111,1
38,111,1
39,111,1
40,111,1
41,111,1
42,111,1
43,111,1
44,111,1
45,111,1
46,111,1
47,111,1
48,111,1
49,111,1
50,111,1
51,111,1
52,111,1
53,111,1
54,111,1
55,111,1
56,111,1
57,111,1
58,111,1
59,111,1
60,111,1
61,111,1
62,111,1
63,111,0
64,111,0
65,111,0
66,111,2
67,111,2
68,111,2
69,111,2
70,111,2
71,111,2
72,111,2
73,111,2
74,111,2
75,111,2
76,111,2
77,111,2
78,111,2
79,111,2
80,111,2
81,111,2
82,111,2
83,111,2
84,111,2
85,111,2
86,111,2
87,111,2
88,111,2
89,111,2
90,111,2
91,111,2
92,111,2
93,111,2
94,111,2
95,111,2
96,111,2
97,111,2
98,111,2
99,111,2
100,111,2
101,111,2
102,111,2
103,111,0
104,111,0
105,111,3
106,111,3
107,111,3
108,111,3
109,111,3
110,111,3
111,111,3
112,111,3
113,111,3
114,111,3
115,111,3
116,111,3
117,111,3
118,111,3
119,111,3
120,111,3
121,111,3
122,111,3
123,111,3
124,111,3
125,111,3
126,111,3
127,111,3
128,111,3
129,111,3
130,111,3
131,111,3
132,111,3
133,111,3
134,111,3
135,111,3
136,111,3
137,111,3
138,111,3
139,111,3
140,111,3
141,111,3
142,111,3
143,111,3
144,111,3
145,111,3
146,111,3
147,111,3
148,111,3
149,111,3
150,111,3
151,111,3
152,111,3
153,111,3
154,111,3
155,111,3
156,111,3
157,111,3
158,111,3
159,111,3
160,111,3
161,111,3
162,111,3
163,111,3
164,111,3
165,111,3
166,111,3
167,111,3
168,111,3
169,111,3
170,111,3
171,111,3
172,111,3
173,111,3
174,111,3
175,111,3
176,111,3
177,111,3
178,111,3
179,111,3
180,111,3
181,111,3
182,111,3
183,111,3
184,111,3
185,111,3
186,111,3
187,111,3
188,111,3
189,111,3
190,111,3
191,111,3
192,111,3
193,111,3
194,111,3
195,111,3
196,111,3
197,111,3
198,111,3
199,111,3
200,111,3
201,111,3
202,111,3
203,111,3
204,111,3
205,111,3
206,111,3
207,111,3
208,111,3
209,111,3
210,111,3
211,111,3
212,111,3
213,111,3
214,111,3
215,111,3
216,111,3
217,111,3
218,111,3
219,111,3
220,111,3
221,111,3
222,111,3
223,111,3
224,111,3
225,111,3
226,111,3
227,111,3
228,111,3
229,111,3
230,111,3
231,111,3
232,111,3
233,111,3
234,111,3
235,111,3
236,111,3
237,111,3
238,111,3
239,111,3
240,111,3
241,111,3
242,111,3
243,111,3
244,111,3
245,111,3
246,111,3
247,111,3
248,111,3
249,111,3
250,111,3
251,111,3
252,111,3
253,111,3
254,111,3
255,111,3
256,111,3
257,111,3
258,111,3
259,111,3
260,111,3
261,111,3
262,111,3
263,111,3
264,111,3
265,111,3
266,111,3
267,111,3
268,111,3
269,111,3
270,111,3
271,111,3
272,111,3
273,111,3
274,111,3
275,111,3
276,111,3
277,111,3
278,111,3
279,111,3
280,111,3
281,111,3
282,111,3
283,111,3
284,111,3
285,111,3
286,111,3
287,111,3
288,111,3
289,111,3
290,111,3
291,111,3
292,111,3
293,111,3
294,111,3
295,111,3
296,111,3
297,111,3
298,111,3
299,111,3
300,111,3
301,111,3
302,111,3
303,111,3
304,111,3
305,111,3
306,111,3
307,111,3
308,111,3
309,111,3
310,111,3
311,111,3
312,111,3
313,111,3
314,111,3
315,111,3
316,111,3
317,111,3
318,111,3
319,111,3
320,111,3
321,111,3
322,111,3
323,111,3
324,111,3
325,111,3
326,111,3
327,111,3
328,111,0
329,111,0
330,111,0
331,111,0
332,111,0
333,111,0
334,111,0
335,111,0
336,111,0
337,111,0
338,111,0
339,111,0
340,111,0
341,111,0
342,111,0
343,111,0
344,111,0
345,111,0
346,111,0
347,111,0
348,111,0
349,111,0
350,111,0
351,111,0
352,111,0
353,111,0
354,111,0
355,111,3
356,111,3
357,111,3
358,111,3
359,111,3
360,111,3
361,111,3
362,111,0
363,111,0
364,111,0
365,111,0
366,111,0
367,111,0
368,111,0
369,111,0
370,111,0
371,111,0
372,111,0
373,111,0
374,111,0
375,111,0
376,111,0
377,111,0
378,111,0
379,111,0
380,111,0
381,111,0
382,111,0
383,111,0
384,111,0
385,111,0
386,111,0
387,111,0
388,111,0
389,111,0
390,111,0
1,110,0
2,110,0
3,110,0
4,110,0
5,110,0
6,110,0
7,110,0
8,110,0
9,110,0
10,110,0
11,110,0
12,110,0
13,110,0
14,110,0
15,110,0
16,110,0
17,110,0
18,110,0
19,110,0
20,110,0
21,110,0
22,110,0
23,110,0
24,110,0
25,110,0
26,110,0
27,110,0
28,110,0
29,110,0
30,110,0
31,110,0
32,110,0
33,110,1
34,110,1
35,110,1
36,110,1
37,110,1
38,110,1
39,110,1
40,110,1
41,110,1
42,110,1
43,110,1
44,110,1
45,110,1
46,110,1
47,110,1
48,110,1
49,110,1
50,110,1
51,110,1
52,110,1
53,110,1
54,110,1
55,110,1
56,110,1
57,110,1
58,110,1
59,110,1
60,110,1
61,110,1
62,110,1
63,110,0
64,110,0
65,110,0
66,110,2
67,110,2
68,110,2
69,110,2
70,110,2
71,110,2
72,110,2
73,110,2
74,110,2
75,110,2
76,110,2
77,110,2
78,110,2
79,110,2
80,110,2
81,110,2
82,110,2
83,110,2
84,110,2
85,110,2
86,110,2
87,110,2
88,110,2
89,110,2
90,110,2
91,110,2
92,110,2
93,110,2
94,110,2
95,110,2
96,110,2
97,110,2
98,110,2
99,110,2
100,110,2
101,110,2
102,110,0
103,110,0
104,110,3
105,110,3
106,110,3
107,110,3
108,110,3
109,110,3
110,110,3
111,110,3
112,110,3
113,110,3
114,110,3
115,110,3
116,110,3
117,110,3
118,110,3
119,110,3
120,110,3
121,110,3
122,110,3
123,110,3
124,110,3
125,110,3
126,110,3
127,110,3
128,110,3
129,110,3
130,110,3
131,110,3
132,110,3
133,110,3
134,110,3
135,110,3
136,110,3
137,110,3
138,110,3
139,110,3
140,110,3
141,110,3
142,110,3
143,110,3
144,110,3
145,110,3
146,110,3
147,110,3
148,110,3
149,110,3
150,110,3
151,110,3
152,110,3
153,110,3
154,110,3
155,110,3
156,110,3
157,110,3
158,110,3
159,110,3
160,110,3
161,110,3
162,110,3
163,110,3
164,110,3
165,110,3
166,110,3
167,110,3
168,110,3
169,110,3
170,110,3
171,110,3
172,110,3
173,110,3
174,110,3
175,110,3
176,110,3
177,110,3
178,110,3
179,110,3
180,110,3
181,110,3
182,110,3
183,110,3
184,110,3
185,110,3
186,110,3
187,110,3
188,110,3
189,110,3
190,110,3
191,110,3
192,110,3
193,110,3
194,110,3
195,110,3
196,110,3
197,110,3
198,110,3
199,110,3
200,110,3
201,110,3
202,110,3
203,110,3
204,110,3
205,110,3
206,110,3
207,110,3
208,110,3
209,110,3
210,110,3
211,110,3
212,110,3
213,110,3
214,110,3
215,110,3
216,110,3
217,110,3
218,110,3
219,110,3
220,110,3
221,110,3
222,110,3
223,110,3
224,110,3
225,110,3
226,110,3
227,110,3
228,110,3
229,110,3
230,110,3
231,110,3
232,110,3
233,110,3
234,110,3
235,110,3
236,110,3
237,110,3
238,110,3
239,110,3
240,110,3
241,110,3
242,110,3
243,110,3
244,110,3
245,110,3
246,110,3
247,110,3
248,110,3
249,110,3
250,110,3
251,110,3
252,110,3
253,110,3
254,110,3
255,110,3
256,110,3
257,110,3
258,110,3
259,110,3
260,110,3
261,110,3
262,110,3
263,110,3
264,110,3
265,110,3
266,110,3
267,110,3
268,110,3
269,110,3
270,110,3
271,110,3
272,110,3
273,110,3
274,110,3
275,110,3
276,110,3
277,110,3
278,110,3
279,110,3
280,110,3
281,110,3
282,110,3
283,110,3
284,110,3
285,110,3
286,110,3
287,110,3
288,110,3
289,110,3
290,110,3
291,110,3
292,110,3
293,110,3
294,110,3
295,110,3
296,110,3
297,110,3
298,110,3
299,110,3
300,110,3
301,110,3
302,110,3
303,110,3
304,110,3
305,110,3
306,110,3
307,110,3
308,110,3
309,110,3
310,110,3
311,110,3
312,110,3
313,110,3
314,110,3
315,110,3
316,110,3
317,110,3
318,110,3
319,110,3
320,110,3
321,110,3
322,110,3
323,110,3
324,110,3
325,110,3
326,110,3
327,110,3
328,110,0
329,110,0
330,110,0
331,110,0
332,110,0
333,110,0
334,110,0
335,110,0
336,110,0
337,110,0
338,110,0
339,110,0
340,110,0
341,110,0
342,110,0
343,110,0
344,110,0
345,110,0
346,110,0
347,110,0
348,110,0
349,110,0
350,110,0
351,110,0
352,110,0
353,110,0
354,110,0
355,110,0
356,110,0
357,110,0
358,110,3
359,110,3
360,110,0
361,110,0
362,110,0
363,110,0
364,110,0
365,110,0
366,110,0
367,110,0
368,110,0
369,110,0
370,110,0
371,110,0
372,110,0
373,110,0
374,110,0
375,110,0
376,110,0
377,110,0
378,110,0
379,110,0
380,110,0
381,110,0
382,110,0
383,110,0
384,110,0
385,110,0
386,110,0
387,110,0
388,110,0
389,110,0
390,110,0
1,109,0
2,109,0
3,109,0
4,109,0
5,109,0
6,109,0
7,109,0
8,109,0
9,109,0
10,109,0
11,109,0
12,109,0
13,109,0
14,109,0
15,109,0
16,109,0
17,109,0
18,109,0
19,109,0
20,109,0
21,109,0
22,109,0
23,109,0
24,109,0
25,109,0
26,109,0
27,109,0
28,109,0
29,109,0
30,109,0
31,109,0
32,109,0
33,109,1
34,109,1
35,109,1
36,109,1
37,109,1
38,109,1
39,109,1
40,109,1
41,109,1
42,109,1
43,109,1
44,109,1
45,109,1
46,109,1
47,109,1
48,109,1
49,109,1
50,109,1
51,109,1
52,109,1
53,109,1
54,109,1
55,109,1
56,109,1
57,109,1
58,109,1
59,109,1
60,109,1
61,109,1
62,109,1
63,109,0
64,109,0
65,109,0
66,109,2
67,109,2
68,109,2
69,109,2
70,109,2
71,109,2
72,109,2
73,109,2
74,109,2
75,109,2
76,109,2
77,109,2
78,109,2
79,109,2
80,109,2
81,109,2
82,109,2
83,109,2
84,109,2
85,109,2
86,109,2
87,109,2
88,109,2
89,109,2
90,109,2
91,109,2
92,109,2
93,109,2
94,109,2
95,109,2
96,109,2
97,109,2
98,109,2
99,109,2
100,109,2
101,109,2
102,109,0
103,109,0
104,109,3
105,109,3
106,109,3
107,109,3
108,109,3
109,109,3
110,109,3
111,109,3
112,109,3
113,109,3
114,109,3
115,109,3
116,109,3
117,109,3
118,109,3
119,109,3
120,109,3
121,109,3
122,109,3
123,109,3
124,109,3
125,109,3
126,109,3
127,109,3
128,109,3
129,109,3
130,109,3
131,109,3
132,109,3
133,109,3
134,109,3
135,109,3
136,109,3
137,109,3
138,109,3
139,109,3
140,109,3
141,109,3
142,109,3
143,109,3
144,109,3
145,109,3
146,109,3
147,109,3
148,109,3
149,109,3
150,109,3
151,109,3
152,109,3
153,109,3
154,109,3
155,109,3
156,109,3
157,109,3
158,109,3
159,109,3
160,109,3
161,109,3
162,109,3
163,109,3
164,109,3
165,109,3
166,109,3
167,109,3
168,109,3
169,109,3
170,109,3
171,109,3
172,109,3
173,109,3
174,109,3
175,109,3
176,109,3
177,109,3
178,109,3
179,109,3
180,109,3
181,109,3
182,109,3
183,109,3
184,109,3
185,109,3
186,109,3
187,109,3
188,109,3
189,109,3
190,109,3
191,109,3
192,109,3
193,109,3
194,109,3
195,109,3
196,109,3
197,109,3
198,109,3
199,109,3
200,109,3
201,109,3
202,109,3
203,109,3
204,109,3
205,109,3
206,109,3
207,109,3
208,109,3
209,109,3
210,109,3
211,109,3
212,109,3
213,109,3
214,109,3
215,109,3
216,109,3
217,109,3
218,109,3
219,109,3
220,109,3
221,109,3
222,109,3
223,109,3
224,109,3
225,109,3
226,109,3
227,109,3
228,109,3
229,109,3
230,109,3
231,109,3
232,109,3
233,109,3
234,109,3
235,109,3
236,109,3
237,109,3
238,109,3
239,109,3
240,109,3
241,109,3
242,109,3
243,109,3
244,109,3
245,109,3
246,109,3
247,109,3
248,109,3
249,109,3
250,109,3
251,109,3
252,109,3
253,109,3
254,109,3
255,109,3
256,109,3
257,109,3
258,109,3
259,109,3
260,109,3
261,109,3
262,109,3
263,109,3
264,109,3
265,109,3
266,109,3
267,109,3
268,109,3
269,109,3
270,109,3
271,109,3
272,109,3
273,109,3
274,109,3
275,109,3
276,109,3
277,109,3
278,109,3
279,109,3
280,109,3
281,109,3
282,109,3
283,109,3
284,109,3
285,109,3
286,109,3
287,109,3
288,109,3
289,109,3
290,109,3
291,109,3
292,109,3
293,109,3
294,109,3
295,109,3
296,109,3
297,109,3
298,109,3
299,109,3
300,109,3
301,109,3
302,109,3
303,109,3
304,109,3
305,109,3
306,109,3
307,109,3
308,109,3
309,109,3
310,109,3
311,109,3
312,109,3
313,109,3
314,109,3
315,109,3
316,109,3
317,109,3
318,109,3
319,109,3
320,109,3
321,109,3
322,109,3
323,109,3
324,109,3
325,109,3
326,109,3
327,109,3
328,109,0
329,109,0
330,109,0
331,109,0
332,109,0
333,109,0
334,109,0
335,109,0
336,109,0
337,109,0
338,109,0
339,109,0
340,109,0
341,109,0
342,109,0
343,109,0
344,109,0
345,109,0
346,109,0
347,109,0
348,109,0
349,109,0
350,109,0
351,109,0
352,109,0
353,109,0
354,109,0
355,109,0
356,109,0
357,109,0
358,109,0
359,109,0
360,109,0
361,109,0
362,109,0
363,109,0
364,109,0
365,109,0
366,109,0
367,109,0
368,109,0
369,109,0
370,109,0
371,109,0
372,109,0
373,109,0
374,109,0
375,109,0
376,109,0
377,109,0
378,109,0
379,109,0
380,109,0
381,109,0
382,109,0
383,109,0
384,109,0
385,109,0
386,109,0
387,109,0
388,109,0
389,109,0
390,109,0
1,108,0
2,108,0
3,108,0
4,108,0
5,108,0
6,108,0
7,108,0
8,108,0
9,108,0
10,108,0
11,108,0
12,108,0
13,108,0
14,108,0
15,108,0
16,108,0
17,108,0
18,108,0
19,108,0
20,108,0
21,108,0
22,108,0
23,108,0
24,108,0
25,108,0
26,108,0
27,108,0
28,108,0
29,108,0
30,108,0
31,108,0
32,108,0
33,108,1
34,108,1
35,108,1
36,108,1
37,108,1
38,108,1
39,108,1
40,108,1
41,108,1
42,108,1
43,108,1
44,108,1
45,108,1
46,108,1
47,108,1
48,108,1
49,108,1
50,108,1
51,108,1
52,108,1
53,108,1
54,108,1
55,108,1
56,108,1
57,108,1
58,108,1
59,108,1
60,108,1
61,108,1
62,108,1
63,108,0
64,108,0
65,108,0
66,108,2
67,108,2
68,108,2
69,108,2
70,108,2
71,108,2
72,108,2
73,108,2
74,108,2
75,108,2
76,108,2
77,108,2
78,108,2
79,108,2
80,108,2
81,108,2
82,108,2
83,108,2
84,108,2
85,108,2
86,108,2
87,108,2
88,108,2
89,108,2
90,108,2
91,108,2
92,108,2
93,108,2
94,108,2
95,108,2
96,108,2
97,108,2
98,108,2
99,108,2
100,108,2
101,108,0
102,108,0
103,108,0
104,108,3
105,108,3
106,108,3
107,108,3
108,108,3
109,108,3
110,108,3
111,108,3
112,108,3
113,108,3
114,108,3
115,108,3
116,108,3
117,108,3
118,108,3
119,108,3
120,108,3
121,108,3
122,108,3
123,108,3
124,108,3
125,108,3
126,108,3
127,108,3
128,108,3
129,108,3
130,108,3
131,108,3
132,108,3
133,108,3
134,108,3
135,108,3
136,108,3
137,108,3
138,108,3
139,108,3
140,108,3
141,108,3
142,108,3
143,108,3
144,108,3
145,108,3
146,108,3
147,108,3
148,108,3
149,108,3
150,108,3
151,108,3
152,108,3
153,108,3
154,108,3
155,108,3
156,108,3
157,108,3
158,108,3
159,108,3
160,108,3
161,108,3
162,108,3
163,108,3
164,108,3
165,108,3
166,108,3
167,108,3
168,108,3
169,108,3
170,108,3
171,108,3
172,108,3
173,108,3
174,108,3
175,108,3
176,108,3
177,108,3
178,108,3
179,108,3
180,108,3
181,108,3
182,108,3
183,108,3
184,108,3
185,108,3
186,108,3
187,108,3
188,108,3
189,108,3
190,108,3
191,108,3
192,108,3
193,108,3
194,108,3
195,108,3
196,108,3
197,108,3
198,108,3
199,108,3
200,108,3
201,108,3
202,108,3
203,108,3
204,108,3
205,108,3
206,108,3
207,108,3
208,108,3
209,108,3
210,108,3
211,108,3
212,108,3
213,108,3
214,108,3
215,108,3
216,108,3
217,108,3
218,108,3
219,108,3
220,108,3
221,108,3
222,108,3
223,108,3
224,108,3
225,108,3
226,108,3
227,108,3
228,108,3
229,108,3
230,108,3
231,108,3
232,108,3
233,108,3
234,108,3
235,108,3
236,108,3
237,108,3
238,108,3
239,108,3
240,108,3
241,108,3
242,108,3
243,108,3
244,108,3
245,108,3
246,108,3
247,108,3
248,108,3
249,108,3
250,108,3
251,108,3
252,108,3
253,108,3
254,108,3
255,108,3
256,108,3
257,108,3
258,108,3
259,108,3
260,108,3
261,108,3
262,108,3
263,108,3
264,108,3
265,108,3
266,108,3
267,108,3
268,108,3
269,108,3
270,108,3
271,108,3
272,108,3
273,108,3
274,108,3
275,108,3
276,108,3
277,108,3
278,108,3
279,108,3
280,108,3
281,108,3
282,108,3
283,108,3
284,108,3
285,108,3
286,108,3
287,108,3
288,108,3
289,108,3
290,108,3
291,108,3
292,108,3
293,108,3
294,108,3
295,108,3
296,108,3
297,108,3
298,108,3
299,108,3
300,108,3
301,108,3
302,108,3
303,108,3
304,108,3
305,108,3
306,108,3
307,108,3
308,108,3
309,108,3
310,108,3
311,108,3
312,108,3
313,108,3
314,108,3
315,108,3
316,108,3
317,108,3
318,108,3
319,108,3
320,108,3
321,108,3
322,108,3
323,108,3
324,108,3
325,108,3
326,108,3
327,108,3
328,108,0
329,108,0
330,108,0
331,108,0
332,108,0
333,108,0
334,108,0
335,108,0
336,108,0
337,108,0
338,108,0
339,108,0
340,108,0
341,108,0
342,108,0
343,108,0
344,108,0
345,108,0
346,108,0
347,108,0
348,108,0
349,108,0
350,108,0
351,108,0
352,108,0
353,108,0
354,108,0
355,108,0
356,108,0
357,108,0
358,108,0
359,108,0
360,108,0
361,108,0
362,108,0
363,108,0
364,108,0
365,108,0
366,108,0
367,108,0
368,108,0
369,108,0
370,108,0
371,108,0
372,108,0
373,108,0
374,108,0
375,108,0
376,108,0
377,108,0
378,108,0
379,108,0
380,108,0
381,108,0
382,108,0
383,108,0
384,108,0
385,108,0
386,108,0
387,108,0
388,108,0
389,108,0
390,108,0
1,107,0
2,107,0
3,107,0
4,107,0
5,107,0
6,107,0
7,107,0
8,107,0
9,107,0
10,107,0
11,107,0
12,107,0
13,107,0
14,107,0
15,107,0
16,107,0
17,107,0
18,107,0
19,107,0
20,107,0
21,107,0
22,107,0
23,107,0
24,107,0
25,107,0
26,107,0
27,107,0
28,107,0
29,107,0
30,107,0
31,107,0
32,107,0
33,107,1
34,107,1
35,107,1
36,107,1
37,107,1
38,107,1
39,107,1
40,107,1
41,107,1
42,107,1
43,107,1
44,107,1
45,107,1
46,107,1
47,107,1
48,107,1
49,107,1
50,107,1
51,107,1
52,107,1
53,107,1
54,107,1
55,107,1
56,107,1
57,107,1
58,107,1
59,107,1
60,107,1
61,107,1
62,107,1
63,107,0
64,107,0
65,107,0
66,107,2
67,107,2
68,107,2
69,107,2
70,107,2
71,107,2
72,107,2
73,107,2
74,107,2
75,107,2
76,107,2
77,107,2
78,107,2
79,107,2
80,107,2
81,107,2
82,107,2
83,107,2
84,107,2
85,107,2
86,107,2
87,107,2
88,107,2
89,107,2
90,107,2
91,107,2
92,107,2
93,107,2
94,107,2
95,107,2
96,107,2
97,107,2
98,107,2
99,107,2
100,107,2
101,107,0
102,107,0
103,107,3
104,107,3
105,107,3
106,107,3
107,107,3
108,107,3
109,107,3
110,107,3
111,107,3
112,107,3
113,107,3
114,107,3
115,107,3
116,107,3
117,107,3
118,107,3
119,107,3
120,107,3
121,107,3
122,107,3
123,107,3
124,107,3
125,107,3
126,107,3
127,107,3
128,107,3
129,107,3
130,107,3
131,107,3
132,107,3
133,107,3
134,107,3
135,107,3
136,107,3
137,107,3
138,107,3
139,107,3
140,107,3
141,107,3
142,107,3
143,107,3
144,107,3
145,107,3
146,107,3
147,107,3
148,107,3
149,107,3
150,107,3
151,107,3
152,107,3
153,107,3
154,107,3
155,107,3
156,107,3
157,107,3
158,107,3
159,107,3
160,107,3
161,107,3
162,107,3
163,107,3
164,107,3
165,107,3
166,107,3
167,107,3
168,107,3
169,107,3
170,107,3
171,107,3
172,107,3
173,107,3
174,107,3
175,107,3
176,107,3
177,107,3
178,107,3
179,107,3
180,107,3
181,107,3
182,107,3
183,107,3
184,107,3
185,107,3
186,107,3
187,107,3
188,107,3
189,107,3
190,107,3
191,107,3
192,107,3
193,107,3
194,107,3
195,107,3
196,107,3
197,107,3
198,107,3
199,107,3
200,107,3
201,107,3
202,107,3
203,107,3
204,107,3
205,107,3
206,107,3
207,107,3
208,107,3
209,107,3
210,107,3
211,107,3
212,107,3
213,107,3
214,107,3
215,107,3
216,107,3
217,107,3
218,107,3
219,107,3
220,107,3
221,107,3
222,107,3
223,107,3
224,107,3
225,107,3
226,107,3
227,107,3
228,107,3
229,107,3
230,107,3
231,107,3
232,107,3
233,107,3
234,107,3
235,107,3
236,107,3
237,107,3
238,107,3
239,107,3
240,107,3
241,107,3
242,107,3
243,107,3
244,107,3
245,107,3
246,107,3
247,107,3
248,107,3
249,107,3
250,107,3
251,107,3
252,107,3
253,107,3
254,107,3
255,107,3
256,107,3
257,107,3
258,107,3
259,107,3
260,107,3
261,107,3
262,107,3
263,107,3
264,107,3
265,107,3
266,107,3
267,107,3
268,107,3
269,107,3
270,107,3
271,107,3
272,107,3
273,107,3
274,107,3
275,107,3
276,107,3
277,107,3
278,107,3
279,107,3
280,107,3
281,107,3
282,107,3
283,107,3
284,107,3
285,107,3
286,107,3
287,107,3
288,107,3
289,107,3
290,107,3
291,107,3
292,107,3
293,107,3
294,107,3
295,107,3
296,107,3
297,107,3
298,107,3
299,107,3
300,107,3
301,107,3
302,107,3
303,107,3
304,107,3
305,107,3
306,107,3
307,107,3
308,107,3
309,107,3
310,107,3
311,107,3
312,107,3
313,107,3
314,107,3
315,107,3
316,107,3
317,107,3
318,107,3
319,107,3
320,107,3
321,107,3
322,107,3
323,107,3
324,107,3
325,107,3
326,107,3
327,107,3
328,107,0
329,107,0
330,107,0
331,107,0
332,107,0
333,107,0
334,107,0
335,107,0
336,107,0
337,107,0
338,107,0
339,107,0
340,107,0
341,107,0
342,107,0
343,107,0
344,107,0
345,107,0
346,107,0
347,107,0
348,107,0
349,107,0
350,107,0
351,107,0
352,107,0
353,107,0
354,107,0
355,107,0
356,107,0
357,107,0
358,107,0
359,107,0
360,107,0
361,107,0
362,107,0
363,107,0
364,107,0
365,107,0
366,107,0
367,107,0
368,107,0
369,107,0
370,107,0
371,107,0
372,107,0
373,107,0
374,107,0
375,107,0
376,107,0
377,107,0
378,107,0
379,107,0
380,107,0
381,107,0
382,107,0
383,107,0
384,107,0
385,107,0
386,107,0
387,107,0
388,107,0
389,107,0
390,107,0
1,106,0
2,106,0
3,106,0
4,106,0
5,106,0
6,106,0
7,106,0
8,106,0
9,106,0
10,106,0
11,106,0
12,106,0
13,106,0
14,106,0
15,106,0
16,106,0
17,106,0
18,106,0
19,106,0
20,106,0
21,106,0
22,106,0
23,106,0
24,106,0
25,106,0
26,106,0
27,106,0
28,106,0
29,106,0
30,106,0
31,106,0
32,106,0
33,106,1
34,106,1
35,106,1
36,106,1
37,106,1
38,106,1
39,106,1
40,106,1
41,106,1
42,106,1
43,106,1
44,106,1
45,106,1
46,106,1
47,106,1
48,106,1
49,106,1
50,106,1
51,106,1
52,106,1
53,106,1
54,106,1
55,106,1
56,106,1
57,106,1
58,106,1
59,106,1
60,106,1
61,106,1
62,106,1
63,106,0
64,106,0
65,106,0
66,106,2
67,106,2
68,106,2
69,106,2
70,106,2
71,106,2
72,106,2
73,106,2
74,106,2
75,106,2
76,106,2
77,106,2
78,106,2
79,106,2
80,106,2
81,106,2
82,106,2
83,106,2
84,106,2
85,106,2
86,106,2
87,106,2
88,106,2
89,106,2
90,106,2
91,106,2
92,106,2
93,106,2
94,106,2
95,106,2
96,106,2
97,106,2
98,106,2
99,106,2
100,106,2
101,106,0
102,106,0
103,106,3
104,106,3
105,106,3
106,106,3
107,106,3
108,106,3
109,106,3
110,106,3
111,106,3
112,106,3
113,106,3
114,106,3
115,106,3
116,106,3
117,106,3
118,106,3
119,106,3
120,106,3
121,106,3
122,106,3
123,106,3
124,106,3
125,106,3
126,106,3
127,106,3
128,106,3
129,106,3
130,106,3
131,106,3
132,106,3
133,106,3
134,106,3
135,106,3
136,106,3
137,106,3
138,106,3
139,106,3
140,106,3
141,106,3
142,106,3
143,106,3
144,106,3
145,106,3
146,106,3
147,106,3
148,106,3
149,106,3
150,106,3
151,106,3
152,106,3
153,106,3
154,106,3
155,106,3
156,106,3
157,106,3
158,106,3
159,106,3
160,106,3
161,106,3
162,106,3
163,106,3
164,106,3
165,106,3
166,106,3
167,106,3
168,106,3
169,106,3
170,106,3
171,106,3
172,106,3
173,106,3
174,106,3
175,106,3
176,106,3
177,106,3
178,106,3
179,106,3
180,106,3
181,106,3
182,106,3
183,106,3
184,106,3
185,106,3
186,106,3
187,106,3
188,106,3
189,106,3
190,106,3
191,106,3
192,106,3
193,106,3
194,106,3
195,106,3
196,106,3
197,106,3
198,106,3
199,106,3
200,106,3
201,106,3
202,106,3
203,106,3
204,106,3
205,106,3
206,106,3
207,106,3
208,106,3
209,106,3
210,106,3
211,106,3
212,106,3
213,106,3
214,106,3
215,106,3
216,106,3
217,106,3
218,106,3
219,106,3
220,106,3
221,106,3
222,106,3
223,106,3
224,106,3
225,106,3
226,106,3
227,106,3
228,106,3
229,106,3
230,106,3
231,106,3
232,106,3
233,106,3
234,106,3
235,106,3
236,106,3
237,106,3
238,106,3
239,106,3
240,106,3
241,106,3
242,106,3
243,106,3
244,106,3
245,106,3
246,106,3
247,106,3
248,106,3
249,106,3
250,106,3
251,106,3
252,106,3
253,106,3
254,106,3
255,106,3
256,106,3
257,106,3
258,106,3
259,106,3
260,106,3
261,106,3
262,106,3
263,106,3
264,106,3
265,106,3
266,106,3
267,106,3
268,106,3
269,106,3
270,106,3
271,106,3
272,106,3
273,106,3
274,106,3
275,106,3
276,106,3
277,106,3
278,106,3
279,106,3
280,106,3
281,106,3
282,106,3
283,106,3
284,106,3
285,106,3
286,106,3
287,106,3
288,106,3
289,106,3
290,106,3
291,106,3
292,106,3
293,106,3
294,106,3
295,106,3
296,106,3
297,106,3
298,106,3
299,106,3
300,106,3
301,106,3
302,106,3
303,106,3
304,106,3
305,106,3
306,106,3
307,106,3
308,106,3
309,106,3
310,106,3
311,106,3
312,106,3
313,106,3
314,106,3
315,106,3
316,106,3
317,106,3
318,106,3
319,106,3
320,106,3
321,106,3
322,106,3
323,106,3
324,106,3
325,106,3
326,106,3
327,106,3
328,106,0
329,106,0
330,106,0
331,106,0
332,106,0
333,106,0
334,106,0
335,106,0
336,106,0
337,106,0
338,106,0
339,106,0
340,106,0
341,106,0
342,106,0
343,106,0
344,106,0
345,106,0
346,106,0
347,106,0
348,106,0
349,106,0
350,106,0
351,106,0
352,106,0
353,106,0
354,106,0
355,106,0
356,106,0
357,106,0
358,106,0
359,106,0
360,106,0
361,106,0
362,106,0
363,106,0
364,106,0
365,106,0
366,106,0
367,106,0
368,106,0
369,106,0
370,106,0
371,106,0
372,106,0
373,106,0
374,106,0
375,106,0
376,106,0
377,106,0
378,106,0
379,106,0
380,106,0
381,106,0
382,106,0
383,106,0
384,106,0
385,106,0
386,106,0
387,106,0
388,106,0
389,106,0
390,106,0
1,105,0
2,105,0
3,105,0
4,105,0
5,105,0
6,105,0
7,105,0
8,105,0
9,105,0
10,105,0
11,105,0
12,105,0
13,105,0
14,105,0
15,105,0
16,105,0
17,105,0
18,105,0
19,105,0
20,105,0
21,105,0
22,105,0
23,105,0
24,105,0
25,105,0
26,105,0
27,105,0
28,105,0
29,105,0
30,105,0
31,105,0
32,105,0
33,105,0
34,105,1
35,105,1
36,105,1
37,105,1
38,105,1
39,105,1
40,105,1
41,105,1
42,105,1
43,105,1
44,105,1
45,105,1
46,105,1
47,105,1
48,105,1
49,105,1
50,105,1
51,105,1
52,105,1
53,105,1
54,105,1
55,105,1
56,105,1
57,105,1
58,105,1
59,105,1
60,105,1
61,105,1
62,105,1
63,105,0
64,105,0
65,105,0
66,105,2
67,105,2
68,105,2
69,105,2
70,105,2
71,105,2
72,105,2
73,105,2
74,105,2
75,105,2
76,105,2
77,105,2
78,105,2
79,105,2
80,105,2
81,105,2
82,105,2
83,105,2
84,105,2
85,105,2
86,105,2
87,105,2
88,105,2
89,105,2
90,105,2
91,105,2
92,105,2
93,105,2
94,105,2
95,105,2
96,105,2
97,105,2
98,105,2
99,105,2
100,105,2
101,105,0
102,105,0
103,105,3
104,105,3
105,105,3
106,105,3
107,105,3
108,105,3
109,105,3
110,105,3
111,105,3
112,105,3
113,105,3
114,105,3
115,105,3
116,105,3
117,105,3
118,105,3
119,105,3
120,105,3
121,105,3
122,105,3
123,105,3
124,105,3
125,105,3
126,105,3
127,105,3
128,105,3
129,105,3
130,105,3
131,105,3
132,105,3
133,105,3
134,105,3
135,105,3
136,105,3
137,105,3
138,105,3
139,105,3
140,105,3
141,105,3
142,105,3
143,105,3
144,105,3
145,105,3
146,105,3
147,105,3
148,105,3
149,105,3
150,105,3
151,105,3
152,105,3
153,105,3
154,105,3
155,105,3
156,105,3
157,105,3
158,105,3
159,105,3
160,105,3
161,105,3
162,105,3
163,105,3
164,105,3
165,105,3
166,105,3
167,105,3
168,105,3
169,105,3
170,105,3
171,105,3
172,105,3
173,105,3
174,105,3
175,105,3
176,105,3
177,105,3
178,105,3
179,105,3
180,105,3
181,105,3
182,105,3
183,105,3
184,105,3
185,105,3
186,105,3
187,105,3
188,105,3
189,105,3
190,105,3
191,105,3
192,105,3
193,105,3
194,105,3
195,105,3
196,105,3
197,105,3
198,105,3
199,105,3
200,105,3
201,105,3
202,105,3
203,105,3
204,105,3
205,105,3
206,105,3
207,105,3
208,105,3
209,105,3
210,105,3
211,105,3
212,105,3
213,105,3
214,105,3
215,105,3
216,105,3
217,105,3
218,105,3
219,105,3
220,105,3
221,105,3
222,105,3
223,105,3
224,105,3
225,105,3
226,105,3
227,105,3
228,105,3
229,105,3
230,105,3
231,105,3
232,105,3
233,105,3
234,105,3
235,105,3
236,105,3
237,105,3
238,105,3
239,105,3
240,105,3
241,105,3
242,105,3
243,105,3
244,105,3
245,105,3
246,105,3
247,105,3
248,105,3
249,105,3
250,105,3
251,105,3
252,105,3
253,105,3
254,105,3
255,105,3
256,105,3
257,105,3
258,105,3
259,105,3
260,105,3
261,105,3
262,105,3
263,105,3
264,105,3
265,105,3
266,105,3
267,105,3
268,105,3
269,105,3
270,105,3
271,105,3
272,105,3
273,105,3
274,105,3
275,105,3
276,105,3
277,105,3
278,105,3
279,105,3
280,105,3
281,105,3
282,105,3
283,105,3
284,105,3
285,105,3
286,105,3
287,105,3
288,105,3
289,105,3
290,105,3
291,105,3
292,105,3
293,105,3
294,105,3
295,105,3
296,105,3
297,105,3
298,105,3
299,105,3
300,105,3
301,105,3
302,105,3
303,105,3
304,105,3
305,105,3
306,105,3
307,105,3
308,105,3
309,105,3
310,105,3
311,105,3
312,105,3
313,105,3
314,105,3
315,105,3
316,105,3
317,105,3
318,105,3
319,105,3
320,105,3
321,105,3
322,105,3
323,105,3
324,105,3
325,105,3
326,105,3
327,105,3
328,105,0
329,105,0
330,105,0
331,105,0
332,105,0
333,105,0
334,105,0
335,105,0
336,105,0
337,105,0
338,105,0
339,105,0
340,105,0
341,105,0
342,105,0
343,105,0
344,105,0
345,105,0
346,105,0
347,105,0
348,105,0
349,105,0
350,105,0
351,105,0
352,105,0
353,105,0
354,105,0
355,105,0
356,105,0
357,105,0
358,105,0
359,105,0
360,105,0
361,105,0
362,105,0
363,105,0
364,105,0
365,105,0
366,105,0
367,105,0
368,105,0
369,105,0
370,105,0
371,105,0
372,105,0
373,105,0
374,105,0
375,105,0
376,105,0
377,105,0
378,105,0
379,105,0
380,105,0
381,105,0
382,105,0
383,105,0
384,105,0
385,105,0
386,105,0
387,105,0
388,105,0
389,105,0
390,105,0
1,104,0
2,104,0
3,104,0
4,104,0
5,104,0
6,104,0
7,104,0
8,104,0
9,104,0
10,104,0
11,104,0
12,104,0
13,104,0
14,104,0
15,104,0
16,104,0
17,104,0
18,104,0
19,104,0
20,104,0
21,104,0
22,104,0
23,104,0
24,104,0
25,104,0
26,104,0
27,104,0
28,104,0
29,104,0
30,104,0
31,104,0
32,104,0
33,104,0
34,104,1
35,104,1
36,104,1
37,104,1
38,104,1
39,104,1
40,104,1
41,104,1
42,104,1
43,104,1
44,104,1
45,104,1
46,104,1
47,104,1
48,104,1
49,104,1
50,104,1
51,104,1
52,104,1
53,104,1
54,104,1
55,104,1
56,104,1
57,104,1
58,104,1
59,104,1
60,104,1
61,104,1
62,104,1
63,104,0
64,104,0
65,104,0
66,104,2
67,104,2
68,104,2
69,104,2
70,104,2
71,104,2
72,104,2
73,104,2
74,104,2
75,104,2
76,104,2
77,104,2
78,104,2
79,104,2
80,104,2
81,104,2
82,104,2
83,104,2
84,104,2
85,104,2
86,104,2
87,104,2
88,104,2
89,104,2
90,104,2
91,104,2
92,104,2
93,104,2
94,104,2
95,104,2
96,104,2
97,104,2
98,104,2
99,104,2
100,104,2
101,104,0
102,104,0
103,104,3
104,104,3
105,104,3
106,104,3
107,104,3
108,104,3
109,104,3
110,104,3
111,104,3
112,104,3
113,104,3
114,104,3
115,104,3
116,104,3
117,104,3
118,104,3
119,104,3
120,104,3
121,104,3
122,104,3
123,104,3
124,104,3
125,104,3
126,104,3
127,104,3
128,104,3
129,104,3
130,104,3
131,104,3
132,104,3
133,104,3
134,104,3
135,104,3
136,104,3
137,104,3
138,104,3
139,104,3
140,104,3
141,104,3
142,104,3
143,104,3
144,104,3
145,104,3
146,104,3
147,104,3
148,104,3
149,104,3
150,104,3
151,104,3
152,104,3
153,104,3
154,104,3
155,104,3
156,104,3
157,104,3
158,104,3
159,104,3
160,104,3
161,104,3
162,104,3
163,104,3
164,104,3
165,104,3
166,104,3
167,104,3
168,104,3
169,104,3
170,104,3
171,104,3
172,104,3
173,104,3
174,104,3
175,104,3
176,104,3
177,104,3
178,104,3
179,104,3
180,104,3
181,104,3
182,104,3
183,104,3
184,104,3
185,104,3
186,104,3
187,104,3
188,104,3
189,104,3
190,104,3
191,104,3
192,104,3
193,104,3
194,104,3
195,104,3
196,104,3
197,104,3
198,104,3
199,104,3
200,104,3
201,104,3
202,104,3
203,104,3
204,104,3
205,104,3
206,104,3
207,104,3
208,104,3
209,104,3
210,104,3
211,104,3
212,104,3
213,104,3
214,104,3
215,104,3
216,104,3
217,104,3
218,104,3
219,104,3
220,104,3
221,104,3
222,104,3
223,104,3
224,104,3
225,104,3
226,104,3
227,104,3
228,104,3
229,104,3
230,104,3
231,104,3
232,104,3
233,104,3
234,104,3
235,104,3
236,104,3
237,104,3
238,104,3
239,104,3
240,104,3
241,104,3
242,104,3
243,104,3
244,104,3
245,104,3
246,104,3
247,104,3
248,104,3
249,104,3
250,104,3
251,104,3
252,104,3
253,104,3
254,104,3
255,104,3
256,104,3
257,104,3
258,104,3
259,104,3
260,104,3
261,104,3
262,104,3
263,104,3
264,104,3
265,104,3
266,104,3
267,104,3
268,104,3
269,104,3
270,104,3
271,104,3
272,104,3
273,104,3
274,104,3
275,104,3
276,104,3
277,104,3
278,104,3
279,104,3
280,104,3
281,104,3
282,104,3
283,104,3
284,104,3
285,104,3
286,104,3
287,104,3
288,104,3
289,104,3
290,104,3
291,104,3
292,104,3
293,104,3
294,104,3
295,104,3
296,104,3
297,104,3
298,104,3
299,104,3
300,104,3
301,104,3
302,104,3
303,104,3
304,104,3
305,104,3
306,104,3
307,104,3
308,104,3
309,104,3
310,104,3
311,104,3
312,104,3
313,104,3
314,104,3
315,104,3
316,104,3
317,104,3
318,104,3
319,104,3
320,104,3
321,104,3
322,104,3
323,104,3
324,104,3
325,104,3
326,104,3
327,104,3
328,104,0
329,104,0
330,104,0
331,104,0
332,104,0
333,104,0
334,104,0
335,104,0
336,104,0
337,104,0
338,104,0
339,104,0
340,104,0
341,104,0
342,104,0
343,104,0
344,104,0
345,104,0
346,104,0
347,104,0
348,104,0
349,104,0
350,104,0
351,104,0
352,104,0
353,104,0
354,104,0
355,104,0
356,104,0
357,104,0
358,104,0
359,104,0
360,104,0
361,104,0
362,104,0
363,104,0
364,104,0
365,104,0
366,104,0
367,104,0
368,104,0
369,104,0
370,104,0
371,104,0
372,104,0
373,104,0
374,104,0
375,104,0
376,104,0
377,104,0
378,104,0
379,104,0
380,104,0
381,104,0
382,104,0
383,104,0
384,104,0
385,104,0
386,104,0
387,104,0
388,104,0
389,104,0
390,104,0
1,103,0
2,103,0
3,103,0
4,103,0
5,103,0
6,103,0
7,103,0
8,103,0
9,103,0
10,103,0
11,103,0
12,103,0
13,103,0
14,103,0
15,103,0
16,103,0
17,103,0
18,103,0
19,103,0
20,103,0
21,103,0
22,103,0
23,103,0
24,103,0
25,103,0
26,103,0
27,103,0
28,103,0
29,103,0
30,103,0
31,103,0
32,103,0
33,103,1
34,103,1
35,103,1
36,103,1
37,103,1
38,103,1
39,103,1
40,103,1
41,103,1
42,103,1
43,103,1
44,103,1
45,103,1
46,103,1
47,103,1
48,103,1
49,103,1
50,103,1
51,103,1
52,103,1
53,103,1
54,103,1
55,103,1
56,103,1
57,103,1
58,103,1
59,103,1
60,103,1
61,103,1
62,103,1
63,103,0
64,103,0
65,103,0
66,103,2
67,103,2
68,103,2
69,103,2
70,103,2
71,103,2
72,103,2
73,103,2
74,103,2
75,103,2
76,103,2
77,103,2
78,103,2
79,103,2
80,103,2
81,103,2
82,103,2
83,103,2
84,103,2
85,103,2
86,103,2
87,103,2
88,103,2
89,103,2
90,103,2
91,103,2
92,103,2
93,103,2
94,103,2
95,103,2
96,103,2
97,103,2
98,103,2
99,103,2
100,103,2
101,103,0
102,103,0
103,103,3
104,103,3
105,103,3
106,103,3
107,103,3
108,103,3
109,103,3
110,103,3
111,103,3
112,103,3
113,103,3
114,103,3
115,103,3
116,103,3
117,103,3
118,103,3
119,103,3
120,103,3
121,103,3
122,103,3
123,103,3
124,103,3
125,103,3
126,103,3
127,103,3
128,103,3
129,103,3
130,103,3
131,103,3
132,103,3
133,103,3
134,103,3
135,103,3
136,103,3
137,103,3
138,103,3
139,103,3
140,103,3
141,103,3
142,103,3
143,103,3
144,103,3
145,103,3
146,103,3
147,103,3
148,103,3
149,103,3
150,103,3
151,103,3
152,103,3
153,103,3
154,103,3
155,103,3
156,103,3
157,103,3
158,103,3
159,103,3
160,103,3
161,103,3
162,103,3
163,103,3
164,103,3
165,103,3
166,103,3
167,103,3
168,103,3
169,103,3
170,103,3
171,103,3
172,103,3
173,103,3
174,103,3
175,103,3
176,103,3
177,103,3
178,103,3
179,103,3
180,103,3
181,103,3
182,103,3
183,103,3
184,103,3
185,103,3
186,103,3
187,103,3
188,103,3
189,103,3
190,103,3
191,103,3
192,103,3
193,103,3
194,103,3
195,103,3
196,103,3
197,103,3
198,103,3
199,103,3
200,103,3
201,103,3
202,103,3
203,103,3
204,103,3
205,103,3
206,103,3
207,103,3
208,103,3
209,103,3
210,103,3
211,103,3
212,103,3
213,103,3
214,103,3
215,103,3
216,103,3
217,103,3
218,103,3
219,103,3
220,103,3
221,103,3
222,103,3
223,103,3
224,103,3
225,103,3
226,103,3
227,103,3
228,103,3
229,103,3
230,103,3
231,103,3
232,103,3
233,103,3
234,103,3
235,103,3
236,103,3
237,103,3
238,103,3
239,103,3
240,103,3
241,103,3
242,103,3
243,103,3
244,103,3
245,103,3
246,103,3
247,103,3
248,103,3
249,103,3
250,103,3
251,103,3
252,103,3
253,103,3
254,103,3
255,103,3
256,103,3
257,103,3
258,103,3
259,103,3
260,103,3
261,103,3
262,103,3
263,103,3
264,103,3
265,103,3
266,103,3
267,103,3
268,103,3
269,103,3
270,103,3
271,103,3
272,103,3
273,103,3
274,103,3
275,103,3
276,103,3
277,103,3
278,103,3
279,103,3
280,103,3
281,103,3
282,103,3
283,103,3
284,103,3
285,103,3
286,103,3
287,103,3
288,103,3
289,103,3
290,103,3
291,103,3
292,103,3
293,103,3
294,103,3
295,103,3
296,103,3
297,103,3
298,103,3
299,103,3
300,103,3
301,103,3
302,103,3
303,103,3
304,103,3
305,103,3
306,103,3
307,103,3
308,103,3
309,103,3
310,103,3
311,103,3
312,103,3
313,103,3
314,103,3
315,103,3
316,103,3
317,103,3
318,103,3
319,103,3
320,103,3
321,103,3
322,103,3
323,103,3
324,103,3
325,103,3
326,103,3
327,103,3
328,103,0
329,103,0
330,103,0
331,103,0
332,103,0
333,103,0
334,103,0
335,103,0
336,103,0
337,103,0
338,103,0
339,103,0
340,103,0
341,103,0
342,103,0
343,103,0
344,103,0
345,103,0
346,103,0
347,103,0
348,103,0
349,103,0
350,103,0
351,103,0
352,103,0
353,103,0
354,103,0
355,103,0
356,103,0
357,103,0
358,103,0
359,103,0
360,103,0
361,103,0
362,103,0
363,103,0
364,103,0
365,103,0
366,103,0
367,103,0
368,103,0
369,103,0
370,103,0
371,103,0
372,103,0
373,103,0
374,103,0
375,103,0
376,103,0
377,103,0
378,103,0
379,103,0
380,103,0
381,103,0
382,103,0
383,103,0
384,103,0
385,103,0
386,103,0
387,103,0
388,103,0
389,103,0
390,103,0
1,102,0
2,102,0
3,102,0
4,102,0
5,102,0
6,102,0
7,102,0
8,102,0
9,102,0
10,102,0
11,102,0
12,102,0
13,102,0
14,102,0
15,102,0
16,102,0
17,102,0
18,102,0
19,102,0
20,102,0
21,102,0
22,102,0
23,102,0
24,102,0
25,102,0
26,102,0
27,102,0
28,102,0
29,102,0
30,102,0
31,102,0
32,102,0
33,102,1
34,102,1
35,102,1
36,102,1
37,102,1
38,102,1
39,102,1
40,102,1
41,102,1
42,102,1
43,102,1
44,102,1
45,102,1
46,102,1
47,102,1
48,102,1
49,102,1
50,102,1
51,102,1
52,102,1
53,102,1
54,102,1
55,102,1
56,102,1
57,102,1
58,102,1
59,102,1
60,102,1
61,102,1
62,102,0
63,102,0
64,102,0
65,102,0
66,102,2
67,102,2
68,102,2
69,102,2
70,102,2
71,102,2
72,102,2
73,102,2
74,102,2
75,102,2
76,102,2
77,102,2
78,102,2
79,102,2
80,102,2
81,102,2
82,102,2
83,102,2
84,102,2
85,102,2
86,102,2
87,102,2
88,102,2
89,102,2
90,102,2
91,102,2
92,102,2
93,102,2
94,102,2
95,102,2
96,102,2
97,102,2
98,102,2
99,102,2
100,102,2
101,102,0
102,102,0
103,102,3
104,102,3
105,102,3
106,102,3
107,102,3
108,102,3
109,102,3
110,102,3
111,102,3
112,102,3
113,102,3
114,102,3
115,102,3
116,102,3
117,102,3
118,102,3
119,102,3
120,102,3
121,102,3
122,102,3
123,102,3
124,102,3
125,102,3
126,102,3
127,102,3
128,102,3
129,102,3
130,102,3
131,102,3
132,102,3
133,102,3
134,102,3
135,102,3
136,102,3
137,102,3
138,102,3
139,102,3
140,102,3
141,102,3
142,102,3
143,102,3
144,102,3
145,102,3
146,102,3
147,102,3
148,102,3
149,102,3
150,102,3
151,102,3
152,102,3
153,102,3
154,102,3
155,102,3
156,102,3
157,102,3
158,102,3
159,102,3
160,102,3
161,102,3
162,102,3
163,102,3
164,102,3
165,102,3
166,102,3
167,102,3
168,102,3
169,102,3
170,102,3
171,102,3
172,102,3
173,102,3
174,102,3
175,102,3
176,102,3
177,102,3
178,102,3
179,102,3
180,102,3
181,102,3
182,102,3
183,102,3
184,102,3
185,102,3
186,102,3
187,102,3
188,102,3
189,102,3
190,102,3
191,102,3
192,102,3
193,102,3
194,102,3
195,102,3
196,102,3
197,102,3
198,102,3
199,102,3
200,102,3
201,102,3
202,102,3
203,102,3
204,102,3
205,102,3
206,102,3
207,102,3
208,102,3
209,102,3
210,102,3
211,102,3
212,102,3
213,102,3
214,102,3
215,102,3
216,102,3
217,102,3
218,102,3
219,102,3
220,102,3
221,102,3
222,102,3
223,102,3
224,102,3
225,102,3
226,102,3
227,102,3
228,102,3
229,102,3
230,102,3
231,102,3
232,102,3
233,102,3
234,102,3
235,102,3
236,102,3
237,102,3
238,102,3
239,102,3
240,102,3
241,102,3
242,102,3
243,102,3
244,102,3
245,102,3
246,102,3
247,102,3
248,102,3
249,102,3
250,102,3
251,102,3
252,102,3
253,102,3
254,102,3
255,102,3
256,102,3
257,102,3
258,102,3
259,102,3
260,102,3
261,102,0
262,102,0
263,102,0
264,102,0
265,102,0
266,102,0
267,102,0
268,102,3
269,102,3
270,102,3
271,102,3
272,102,3
273,102,3
274,102,3
275,102,3
276,102,3
277,102,3
278,102,3
279,102,3
280,102,3
281,102,3
282,102,3
283,102,3
284,102,3
285,102,3
286,102,3
287,102,3
288,102,3
289,102,3
290,102,3
291,102,3
292,102,3
293,102,3
294,102,3
295,102,3
296,102,3
297,102,3
298,102,3
299,102,3
300,102,3
301,102,3
302,102,3
303,102,3
304,102,3
305,102,3
306,102,3
307,102,3
308,102,3
309,102,3
310,102,3
311,102,3
312,102,3
313,102,3
314,102,3
315,102,3
316,102,3
317,102,3
318,102,3
319,102,3
320,102,3
321,102,3
322,102,3
323,102,3
324,102,3
325,102,3
326,102,3
327,102,3
328,102,3
329,102,0
330,102,0
331,102,0
332,102,0
333,102,0
334,102,0
335,102,0
336,102,0
337,102,0
338,102,0
339,102,0
340,102,0
341,102,0
342,102,0
343,102,0
344,102,0
345,102,0
346,102,0
347,102,0
348,102,0
349,102,0
350,102,0
351,102,0
352,102,0
353,102,0
354,102,0
355,102,0
356,102,0
357,102,0
358,102,0
359,102,0
360,102,0
361,102,0
362,102,0
363,102,0
364,102,0
365,102,0
366,102,0
367,102,0
368,102,0
369,102,0
370,102,0
371,102,0
372,102,0
373,102,0
374,102,0
375,102,0
376,102,0
377,102,0
378,102,0
379,102,0
380,102,0
381,102,0
382,102,0
383,102,0
384,102,0
385,102,0
386,102,0
387,102,0
388,102,0
389,102,0
390,102,0
1,101,0
2,101,0
3,101,0
4,101,0
5,101,0
6,101,0
7,101,0
8,101,0
9,101,0
10,101,0
11,101,0
12,101,0
13,101,0
14,101,0
15,101,0
16,101,0
17,101,0
18,101,0
19,101,0
20,101,0
21,101,0
22,101,0
23,101,0
24,101,0
25,101,0
26,101,0
27,101,0
28,101,0
29,101,0
30,101,0
31,101,0
32,101,0
33,101,0
34,101,0
35,101,1
36,101,1
37,101,1
38,101,1
39,101,1
40,101,1
41,101,1
42,101,1
43,101,1
44,101,1
45,101,1
46,101,1
47,101,1
48,101,1
49,101,1
50,101,1
51,101,1
52,101,1
53,101,1
54,101,1
55,101,1
56,101,1
57,101,1
58,101,1
59,101,1
60,101,1
61,101,1
62,101,1
63,101,0
64,101,0
65,101,0
66,101,2
67,101,2
68,101,2
69,101,2
70,101,2
71,101,2
72,101,2
73,101,2
74,101,2
75,101,2
76,101,2
77,101,2
78,101,2
79,101,2
80,101,2
81,101,2
82,101,2
83,101,2
84,101,2
85,101,2
86,101,2
87,101,2
88,101,2
89,101,2
90,101,2
91,101,2
92,101,2
93,101,2
94,101,2
95,101,2
96,101,2
97,101,2
98,101,2
99,101,2
100,101,2
101,101,0
102,101,0
103,101,3
104,101,3
105,101,3
106,101,3
107,101,3
108,101,3
109,101,3
110,101,3
111,101,3
112,101,3
113,101,3
114,101,3
115,101,3
116,101,3
117,101,3
118,101,3
119,101,3
120,101,3
121,101,3
122,101,3
123,101,3
124,101,3
125,101,3
126,101,3
127,101,3
128,101,3
129,101,3
130,101,3
131,101,3
132,101,3
133,101,3
134,101,3
135,101,3
136,101,3
137,101,3
138,101,3
139,101,3
140,101,3
141,101,3
142,101,3
143,101,3
144,101,3
145,101,3
146,101,3
147,101,3
148,101,3
149,101,3
150,101,3
151,101,3
152,101,3
153,101,3
154,101,3
155,101,3
156,101,3
157,101,3
158,101,3
159,101,3
160,101,3
161,101,3
162,101,3
163,101,3
164,101,3
165,101,3
166,101,3
167,101,3
168,101,3
169,101,3
170,101,3
171,101,3
172,101,3
173,101,3
174,101,3
175,101,3
176,101,3
177,101,3
178,101,3
179,101,3
180,101,3
181,101,3
182,101,3
183,101,3
184,101,3
185,101,3
186,101,3
187,101,3
188,101,3
189,101,3
190,101,3
191,101,3
192,101,3
193,101,3
194,101,3
195,101,3
196,101,3
197,101,3
198,101,3
199,101,3
200,101,3
201,101,3
202,101,3
203,101,3
204,101,3
205,101,3
206,101,3
207,101,3
208,101,3
209,101,3
210,101,3
211,101,3
212,101,3
213,101,3
214,101,3
215,101,3
216,101,3
217,101,0
218,101,0
219,101,0
220,101,0
221,101,0
222,101,0
223,101,0
224,101,0
225,101,0
226,101,0
227,101,0
228,101,0
229,101,0
230,101,0
231,101,3
232,101,3
233,101,3
234,101,3
235,101,3
236,101,3
237,101,3
238,101,3
239,101,3
240,101,3
241,101,3
242,101,3
243,101,3
244,101,3
245,101,3
246,101,3
247,101,3
248,101,3
249,101,3
250,101,3
251,101,3
252,101,3
253,101,3
254,101,3
255,101,3
256,101,3
257,101,0
258,101,0
259,101,0
260,101,0
261,101,0
262,101,0
263,101,0
264,101,0
265,101,0
266,101,0
267,101,0
268,101,0
269,101,3
270,101,3
271,101,3
272,101,3
273,101,3
274,101,3
275,101,3
276,101,3
277,101,3
278,101,3
279,101,3
280,101,3
281,101,3
282,101,3
283,101,3
284,101,3
285,101,3
286,101,3
287,101,3
288,101,3
289,101,3
290,101,3
291,101,3
292,101,3
293,101,3
294,101,3
295,101,3
296,101,3
297,101,3
298,101,3
299,101,3
300,101,3
301,101,3
302,101,3
303,101,3
304,101,3
305,101,3
306,101,3
307,101,3
308,101,3
309,101,3
310,101,3
311,101,3
312,101,3
313,101,3
314,101,3
315,101,3
316,101,3
317,101,3
318,101,3
319,101,3
320,101,3
321,101,3
322,101,3
323,101,3
324,101,3
325,101,3
326,101,3
327,101,3
328,101,3
329,101,3
330,101,0
331,101,0
332,101,0
333,101,0
334,101,0
335,101,0
336,101,0
337,101,0
338,101,0
339,101,0
340,101,0
341,101,0
342,101,0
343,101,0
344,101,0
345,101,0
346,101,0
347,101,0
348,101,0
349,101,0
350,101,0
351,101,0
352,101,0
353,101,0
354,101,0
355,101,0
356,101,0
357,101,0
358,101,0
359,101,0
360,101,0
361,101,0
362,101,0
363,101,0
364,101,0
365,101,0
366,101,0
367,101,0
368,101,0
369,101,0
370,101,0
371,101,0
372,101,0
373,101,0
374,101,0
375,101,0
376,101,0
377,101,0
378,101,0
379,101,0
380,101,0
381,101,0
382,101,0
383,101,0
384,101,0
385,101,0
386,101,0
387,101,0
388,101,0
389,101,0
390,101,0
1,100,0
2,100,0
3,100,0
4,100,0
5,100,0
6,100,0
7,100,0
8,100,0
9,100,0
10,100,0
11,100,0
12,100,0
13,100,0
14,100,0
15,100,0
16,100,0
17,100,0
18,100,0
19,100,0
20,100,0
21,100,0
22,100,0
23,100,0
24,100,0
25,100,0
26,100,0
27,100,0
28,100,0
29,100,0
30,100,0
31,100,0
32,100,0
33,100,0
34,100,0
35,100,0
36,100,0
37,100,1
38,100,1
39,100,1
40,100,1
41,100,1
42,100,1
43,100,1
44,100,1
45,100,1
46,100,1
47,100,1
48,100,1
49,100,1
50,100,1
51,100,1
52,100,1
53,100,1
54,100,1
55,100,1
56,100,1
57,100,1
58,100,1
59,100,1
60,100,1
61,100,1
62,100,1
63,100,0
64,100,0
65,100,0
66,100,2
67,100,2
68,100,2
69,100,2
70,100,2
71,100,2
72,100,2
73,100,2
74,100,2
75,100,2
76,100,2
77,100,2
78,100,2
79,100,2
80,100,2
81,100,2
82,100,2
83,100,2
84,100,2
85,100,2
86,100,2
87,100,2
88,100,2
89,100,2
90,100,2
91,100,2
92,100,2
93,100,2
94,100,2
95,100,2
96,100,2
97,100,2
98,100,2
99,100,2
100,100,2
101,100,0
102,100,0
103,100,3
104,100,3
105,100,3
106,100,3
107,100,3
108,100,3
109,100,3
110,100,3
111,100,3
112,100,3
113,100,3
114,100,3
115,100,3
116,100,3
117,100,3
118,100,3
119,100,3
120,100,3
121,100,3
122,100,3
123,100,3
124,100,3
125,100,3
126,100,3
127,100,3
128,100,3
129,100,3
130,100,3
131,100,3
132,100,3
133,100,3
134,100,3
135,100,3
136,100,3
137,100,3
138,100,3
139,100,3
140,100,3
141,100,3
142,100,3
143,100,3
144,100,3
145,100,3
146,100,3
147,100,3
148,100,3
149,100,3
150,100,3
151,100,3
152,100,3
153,100,3
154,100,3
155,100,3
156,100,3
157,100,3
158,100,3
159,100,3
160,100,3
161,100,3
162,100,3
163,100,3
164,100,3
165,100,3
166,100,3
167,100,3
168,100,3
169,100,3
170,100,3
171,100,3
172,100,3
173,100,3
174,100,3
175,100,3
176,100,3
177,100,3
178,100,3
179,100,3
180,100,3
181,100,3
182,100,3
183,100,3
184,100,3
185,100,3
186,100,3
187,100,3
188,100,3
189,100,3
190,100,3
191,100,3
192,100,3
193,100,3
194,100,3
195,100,3
196,100,3
197,100,3
198,100,3
199,100,3
200,100,3
201,100,3
202,100,3
203,100,3
204,100,3
205,100,3
206,100,3
207,100,3
208,100,3
209,100,3
210,100,3
211,100,3
212,100,3
213,100,0
214,100,0
215,100,0
216,100,0
217,100,0
218,100,0
219,100,0
220,100,0
221,100,0
222,100,0
223,100,0
224,100,0
225,100,0
226,100,0
227,100,0
228,100,0
229,100,0
230,100,0
231,100,0
232,100,3
233,100,3
234,100,3
235,100,3
236,100,3
237,100,3
238,100,3
239,100,3
240,100,3
241,100,3
242,100,3
243,100,3
244,100,3
245,100,3
246,100,3
247,100,3
248,100,3
249,100,3
250,100,3
251,100,3
252,100,3
253,100,0
254,100,0
255,100,0
256,100,0
257,100,0
258,100,0
259,100,0
260,100,0
261,100,0
262,100,0
263,100,0
264,100,0
265,100,0
266,100,0
267,100,0
268,100,0
269,100,3
270,100,3
271,100,3
272,100,3
273,100,3
274,100,3
275,100,3
276,100,3
277,100,3
278,100,3
279,100,3
280,100,3
281,100,3
282,100,3
283,100,3
284,100,3
285,100,3
286,100,3
287,100,3
288,100,3
289,100,3
290,100,3
291,100,3
292,100,3
293,100,3
294,100,3
295,100,3
296,100,3
297,100,3
298,100,3
299,100,3
300,100,3
301,100,3
302,100,3
303,100,3
304,100,3
305,100,3
306,100,3
307,100,3
308,100,3
309,100,3
310,100,3
311,100,3
312,100,3
313,100,3
314,100,3
315,100,3
316,100,3
317,100,3
318,100,3
319,100,3
320,100,3
321,100,3
322,100,3
323,100,3
324,100,3
325,100,3
326,100,3
327,100,3
328,100,3
329,100,3
330,100,3
331,100,3
332,100,3
333,100,3
334,100,0
335,100,0
336,100,0
337,100,0
338,100,0
339,100,0
340,100,0
341,100,0
342,100,0
343,100,0
344,100,0
345,100,0
346,100,0
347,100,0
348,100,0
349,100,0
350,100,0
351,100,0
352,100,0
353,100,0
354,100,0
355,100,0
356,100,0
357,100,0
358,100,0
359,100,0
360,100,0
361,100,0
362,100,0
363,100,0
364,100,0
365,100,0
366,100,0
367,100,0
368,100,0
369,100,0
370,100,0
371,100,0
372,100,0
373,100,0
374,100,0
375,100,0
376,100,0
377,100,0
378,100,0
379,100,0
380,100,0
381,100,0
382,100,0
383,100,0
384,100,0
385,100,0
386,100,0
387,100,0
388,100,0
389,100,0
390,100,0
1,99,0
2,99,0
3,99,0
4,99,0
5,99,0
6,99,0
7,99,0
8,99,0
9,99,0
10,99,0
11,99,0
12,99,0
13,99,0
14,99,0
15,99,0
16,99,0
17,99,0
18,99,0
19,99,0
20,99,0
21,99,0
22,99,0
23,99,0
24,99,0
25,99,0
26,99,0
27,99,0
28,99,0
29,99,0
30,99,0
31,99,0
32,99,0
33,99,0
34,99,1
35,99,1
36,99,1
37,99,1
38,99,1
39,99,1
40,99,1
41,99,1
42,99,1
43,99,1
44,99,1
45,99,1
46,99,1
47,99,1
48,99,1
49,99,1
50,99,1
51,99,1
52,99,1
53,99,1
54,99,1
55,99,1
56,99,1
57,99,1
58,99,1
59,99,1
60,99,1
61,99,1
62,99,1
63,99,0
64,99,0
65,99,0
66,99,2
67,99,2
68,99,2
69,99,2
70,99,2
71,99,2
72,99,2
73,99,2
74,99,2
75,99,2
76,99,2
77,99,2
78,99,2
79,99,2
80,99,2
81,99,2
82,99,2
83,99,2
84,99,2
85,99,2
86,99,2
87,99,2
88,99,2
89,99,2
90,99,2
91,99,2
92,99,2
93,99,2
94,99,2
95,99,2
96,99,2
97,99,2
98,99,2
99,99,2
100,99,2
101,99,0
102,99,0
103,99,3
104,99,3
105,99,3
106,99,3
107,99,3
108,99,3
109,99,3
110,99,3
111,99,3
112,99,3
113,99,3
114,99,3
115,99,3
116,99,3
117,99,3
118,99,3
119,99,3
120,99,3
121,99,3
122,99,3
123,99,3
124,99,3
125,99,3
126,99,3
127,99,3
128,99,3
129,99,3
130,99,3
131,99,3
132,99,3
133,99,3
134,99,3
135,99,3
136,99,3
137,99,3
138,99,3
139,99,3
140,99,3
141,99,3
142,99,3
143,99,3
144,99,3
145,99,3
146,99,3
147,99,3
148,99,3
149,99,3
150,99,3
151,99,3
152,99,3
153,99,3
154,99,3
155,99,3
156,99,3
157,99,3
158,99,3
159,99,3
160,99,3
161,99,3
162,99,3
163,99,3
164,99,3
165,99,3
166,99,3
167,99,3
168,99,3
169,99,3
170,99,3
171,99,3
172,99,3
173,99,3
174,99,3
175,99,3
176,99,3
177,99,3
178,99,3
179,99,3
180,99,3
181,99,3
182,99,3
183,99,3
184,99,3
185,99,3
186,99,3
187,99,3
188,99,3
189,99,3
190,99,3
191,99,3
192,99,3
193,99,3
194,99,3
195,99,3
196,99,3
197,99,3
198,99,3
199,99,3
200,99,3
201,99,3
202,99,3
203,99,3
204,99,3
205,99,3
206,99,0
207,99,0
208,99,0
209,99,0
210,99,0
211,99,0
212,99,0
213,99,0
214,99,0
215,99,0
216,99,0
217,99,0
218,99,0
219,99,0
220,99,0
221,99,0
222,99,0
223,99,0
224,99,0
225,99,0
226,99,0
227,99,0
228,99,0
229,99,0
230,99,0
231,99,0
232,99,0
233,99,0
234,99,0
235,99,0
236,99,0
237,99,0
238,99,0
239,99,0
240,99,3
241,99,3
242,99,3
243,99,3
244,99,3
245,99,3
246,99,3
247,99,0
248,99,0
249,99,0
250,99,0
251,99,0
252,99,0
253,99,0
254,99,0
255,99,0
256,99,0
257,99,0
258,99,0
259,99,0
260,99,0
261,99,0
262,99,0
263,99,0
264,99,0
265,99,0
266,99,0
267,99,0
268,99,0
269,99,0
270,99,3
271,99,3
272,99,3
273,99,3
274,99,3
275,99,3
276,99,3
277,99,3
278,99,3
279,99,3
280,99,3
281,99,3
282,99,3
283,99,3
284,99,3
285,99,3
286,99,3
287,99,3
288,99,3
289,99,3
290,99,3
291,99,3
292,99,3
293,99,3
294,99,3
295,99,3
296,99,3
297,99,3
298,99,3
299,99,3
300,99,3
301,99,3
302,99,3
303,99,3
304,99,3
305,99,3
306,99,3
307,99,3
308,99,3
309,99,3
310,99,3
311,99,3
312,99,3
313,99,3
314,99,3
315,99,3
316,99,3
317,99,3
318,99,3
319,99,3
320,99,3
321,99,3
322,99,3
323,99,3
324,99,3
325,99,3
326,99,3
327,99,3
328,99,3
329,99,3
330,99,3
331,99,3
332,99,3
333,99,3
334,99,3
335,99,3
336,99,3
337,99,0
338,99,0
339,99,0
340,99,0
341,99,0
342,99,0
343,99,0
344,99,0
345,99,0
346,99,0
347,99,0
348,99,0
349,99,0
350,99,0
351,99,0
352,99,0
353,99,0
354,99,0
355,99,0
356,99,0
357,99,0
358,99,0
359,99,0
360,99,0
361,99,0
362,99,0
363,99,0
364,99,0
365,99,0
366,99,0
367,99,0
368,99,0
369,99,0
370,99,0
371,99,0
372,99,0
373,99,0
374,99,0
375,99,0
376,99,0
377,99,0
378,99,0
379,99,0
380,99,0
381,99,0
382,99,0
383,99,0
384,99,0
385,99,0
386,99,0
387,99,0
388,99,0
389,99,0
390,99,0
1,98,0
2,98,0
3,98,0
4,98,0
5,98,0
6,98,0
7,98,0
8,98,0
9,98,0
10,98,0
11,98,0
12,98,0
13,98,0
14,98,0
15,98,0
16,98,0
17,98,0
18,98,0
19,98,0
20,98,0
21,98,0
22,98,0
23,98,0
24,98,0
25,98,0
26,98,0
27,98,0
28,98,0
29,98,0
30,98,0
31,98,0
32,98,0
33,98,1
34,98,1
35,98,1
36,98,1
37,98,1
38,98,1
39,98,1
40,98,1
41,98,1
42,98,1
43,98,1
44,98,1
45,98,1
46,98,1
47,98,1
48,98,1
49,98,1
50,98,1
51,98,1
52,98,1
53,98,1
54,98,1
55,98,1
56,98,1
57,98,1
58,98,1
59,98,1
60,98,1
61,98,1
62,98,1
63,98,0
64,98,0
65,98,0
66,98,2
67,98,2
68,98,2
69,98,2
70,98,2
71,98,2
72,98,2
73,98,2
74,98,2
75,98,2
76,98,2
77,98,2
78,98,2
79,98,2
80,98,2
81,98,2
82,98,2
83,98,2
84,98,2
85,98,2
86,98,2
87,98,2
88,98,2
89,98,2
90,98,2
91,98,2
92,98,2
93,98,2
94,98,2
95,98,2
96,98,2
97,98,2
98,98,2
99,98,2
100,98,2
101,98,0
102,98,0
103,98,3
104,98,3
105,98,3
106,98,3
107,98,3
108,98,3
109,98,3
110,98,3
111,98,3
112,98,3
113,98,3
114,98,3
115,98,3
116,98,3
117,98,3
118,98,3
119,98,3
120,98,3
121,98,3
122,98,3
123,98,3
124,98,3
125,98,3
126,98,3
127,98,3
128,98,3
129,98,3
130,98,3
131,98,3
132,98,3
133,98,3
134,98,3
135,98,3
136,98,3
137,98,3
138,98,3
139,98,3
140,98,3
141,98,3
142,98,3
143,98,3
144,98,3
145,98,3
146,98,3
147,98,3
148,98,3
149,98,3
150,98,3
151,98,3
152,98,3
153,98,3
154,98,3
155,98,3
156,98,3
157,98,3
158,98,3
159,98,3
160,98,3
161,98,3
162,98,3
163,98,3
164,98,3
165,98,3
166,98,3
167,98,3
168,98,3
169,98,3
170,98,3
171,98,3
172,98,3
173,98,3
174,98,3
175,98,3
176,98,3
177,98,3
178,98,3
179,98,3
180,98,3
181,98,3
182,98,3
183,98,3
184,98,3
185,98,3
186,98,3
187,98,3
188,98,3
189,98,3
190,98,3
191,98,3
192,98,3
193,98,3
194,98,3
195,98,3
196,98,3
197,98,3
198,98,3
199,98,3
200,98,3
201,98,3
202,98,3
203,98,3
204,98,3
205,98,3
206,98,0
207,98,0
208,98,0
209,98,0
210,98,0
211,98,0
212,98,0
213,98,0
214,98,0
215,98,0
216,98,0
217,98,0
218,98,0
219,98,0
220,98,0
221,98,0
222,98,0
223,98,0
224,98,0
225,98,0
226,98,0
227,98,0
228,98,0
229,98,0
230,98,0
231,98,0
232,98,0
233,98,0
234,98,0
235,98,0
236,98,0
237,98,0
238,98,0
239,98,0
240,98,0
241,98,0
242,98,0
243,98,0
244,98,0
245,98,0
246,98,0
247,98,0
248,98,0
249,98,0
250,98,0
251,98,0
252,98,0
253,98,0
254,98,0
255,98,0
256,98,0
257,98,0
258,98,0
259,98,0
260,98,0
261,98,0
262,98,0
263,98,0
264,98,0
265,98,0
266,98,0
267,98,0
268,98,0
269,98,0
270,98,3
271,98,3
272,98,3
273,98,3
274,98,3
275,98,3
276,98,3
277,98,3
278,98,3
279,98,3
280,98,3
281,98,3
282,98,3
283,98,3
284,98,3
285,98,3
286,98,3
287,98,3
288,98,3
289,98,3
290,98,3
291,98,3
292,98,3
293,98,3
294,98,3
295,98,3
296,98,3
297,98,3
298,98,3
299,98,3
300,98,3
301,98,3
302,98,3
303,98,3
304,98,3
305,98,3
306,98,3
307,98,3
308,98,3
309,98,3
310,98,3
311,98,3
312,98,3
313,98,3
314,98,3
315,98,3
316,98,3
317,98,3
318,98,3
319,98,3
320,98,3
321,98,3
322,98,3
323,98,3
324,98,3
325,98,3
326,98,3
327,98,3
328,98,3
329,98,3
330,98,3
331,98,3
332,98,3
333,98,3
334,98,3
335,98,3
336,98,3
337,98,3
338,98,0
339,98,0
340,98,0
341,98,0
342,98,0
343,98,0
344,98,0
345,98,0
346,98,0
347,98,0
348,98,0
349,98,0
350,98,0
351,98,0
352,98,0
353,98,0
354,98,0
355,98,0
356,98,0
357,98,0
358,98,0
359,98,0
360,98,0
361,98,0
362,98,0
363,98,0
364,98,0
365,98,0
366,98,0
367,98,0
368,98,0
369,98,0
370,98,0
371,98,0
372,98,0
373,98,0
374,98,0
375,98,0
376,98,0
377,98,0
378,98,0
379,98,0
380,98,0
381,98,0
382,98,0
383,98,0
384,98,0
385,98,0
386,98,0
387,98,0
388,98,0
389,98,0
390,98,0
1,97,0
2,97,0
3,97,0
4,97,0
5,97,0
6,97,0
7,97,0
8,97,0
9,97,0
10,97,0
11,97,0
12,97,0
13,97,0
14,97,0
15,97,0
16,97,0
17,97,0
18,97,0
19,97,0
20,97,0
21,97,0
22,97,0
23,97,0
24,97,0
25,97,0
26,97,0
27,97,0
28,97,0
29,97,0
30,97,0
31,97,0
32,97,0
33,97,1
34,97,1
35,97,1
36,97,1
37,97,1
38,97,1
39,97,1
40,97,1
41,97,1
42,97,1
43,97,1
44,97,1
45,97,1
46,97,1
47,97,1
48,97,1
49,97,1
50,97,1
51,97,1
52,97,1
53,97,1
54,97,1
55,97,1
56,97,1
57,97,1
58,97,1
59,97,1
60,97,1
61,97,1
62,97,1
63,97,0
64,97,0
65,97,0
66,97,2
67,97,2
68,97,2
69,97,2
70,97,2
71,97,2
72,97,2
73,97,2
74,97,2
75,97,2
76,97,2
77,97,2
78,97,2
79,97,2
80,97,2
81,97,2
82,97,2
83,97,2
84,97,2
85,97,2
86,97,2
87,97,2
88,97,2
89,97,2
90,97,2
91,97,2
92,97,2
93,97,2
94,97,2
95,97,2
96,97,2
97,97,2
98,97,2
99,97,2
100,97,2
101,97,0
102,97,0
103,97,3
104,97,3
105,97,3
106,97,3
107,97,3
108,97,3
109,97,3
110,97,3
111,97,3
112,97,3
113,97,3
114,97,3
115,97,3
116,97,3
117,97,3
118,97,3
119,97,3
120,97,3
121,97,3
122,97,3
123,97,3
124,97,3
125,97,3
126,97,3
127,97,3
128,97,3
129,97,3
130,97,3
131,97,3
132,97,3
133,97,3
134,97,3
135,97,3
136,97,3
137,97,3
138,97,3
139,97,3
140,97,3
141,97,3
142,97,3
143,97,3
144,97,3
145,97,3
146,97,3
147,97,3
148,97,3
149,97,3
150,97,3
151,97,3
152,97,3
153,97,3
154,97,3
155,97,3
156,97,3
157,97,3
158,97,3
159,97,3
160,97,3
161,97,3
162,97,3
163,97,3
164,97,3
165,97,3
166,97,3
167,97,3
168,97,3
169,97,3
170,97,3
171,97,3
172,97,3
173,97,3
174,97,3
175,97,3
176,97,3
177,97,3
178,97,3
179,97,3
180,97,3
181,97,3
182,97,3
183,97,3
184,97,3
185,97,3
186,97,3
187,97,3
188,97,3
189,97,3
190,97,3
191,97,3
192,97,3
193,97,3
194,97,3
195,97,3
196,97,3
197,97,3
198,97,3
199,97,3
200,97,3
201,97,3
202,97,3
203,97,3
204,97,3
205,97,3
206,97,0
207,97,0
208,97,0
209,97,0
210,97,0
211,97,0
212,97,0
213,97,0
214,97,0
215,97,0
216,97,0
217,97,0
218,97,0
219,97,0
220,97,0
221,97,0
222,97,0
223,97,0
224,97,0
225,97,0
226,97,0
227,97,0
228,97,0
229,97,0
230,97,0
231,97,0
232,97,0
233,97,0
234,97,0
235,97,0
236,97,0
237,97,0
238,97,0
239,97,0
240,97,0
241,97,0
242,97,0
243,97,0
244,97,0
245,97,0
246,97,0
247,97,0
248,97,0
249,97,0
250,97,0
251,97,0
252,97,0
253,97,0
254,97,0
255,97,0
256,97,0
257,97,0
258,97,0
259,97,0
260,97,0
261,97,0
262,97,0
263,97,0
264,97,0
265,97,0
266,97,0
267,97,0
268,97,0
269,97,0
270,97,0
271,97,3
272,97,3
273,97,3
274,97,3
275,97,3
276,97,3
277,97,3
278,97,3
279,97,3
280,97,3
281,97,3
282,97,3
283,97,3
284,97,3
285,97,3
286,97,3
287,97,3
288,97,3
289,97,3
290,97,3
291,97,3
292,97,3
293,97,3
294,97,3
295,97,3
296,97,3
297,97,3
298,97,3
299,97,3
300,97,3
301,97,3
302,97,3
303,97,3
304,97,3
305,97,3
306,97,3
307,97,3
308,97,3
309,97,3
310,97,3
311,97,3
312,97,3
313,97,3
314,97,3
315,97,3
316,97,3
317,97,3
318,97,3
319,97,3
320,97,3
321,97,3
322,97,3
323,97,3
324,97,3
325,97,3
326,97,3
327,97,3
328,97,3
329,97,3
330,97,3
331,97,3
332,97,3
333,97,3
334,97,3
335,97,3
336,97,3
337,97,3
338,97,0
339,97,0
340,97,0
341,97,0
342,97,0
343,97,0
344,97,0
345,97,0
346,97,0
347,97,0
348,97,0
349,97,0
350,97,0
351,97,0
352,97,0
353,97,0
354,97,0
355,97,0
356,97,0
357,97,0
358,97,0
359,97,0
360,97,0
361,97,0
362,97,0
363,97,0
364,97,0
365,97,0
366,97,0
367,97,0
368,97,0
369,97,0
370,97,0
371,97,0
372,97,0
373,97,0
374,97,0
375,97,0
376,97,0
377,97,0
378,97,0
379,97,0
380,97,0
381,97,0
382,97,0
383,97,0
384,97,0
385,97,0
386,97,0
387,97,0
388,97,0
389,97,0
390,97,0
1,96,0
2,96,0
3,96,0
4,96,0
5,96,0
6,96,0
7,96,0
8,96,0
9,96,0
10,96,0
11,96,0
12,96,0
13,96,0
14,96,0
15,96,0
16,96,0
17,96,0
18,96,0
19,96,0
20,96,0
21,96,0
22,96,0
23,96,0
24,96,0
25,96,0
26,96,0
27,96,0
28,96,0
29,96,0
30,96,0
31,96,0
32,96,0
33,96,1
34,96,1
35,96,1
36,96,1
37,96,1
38,96,1
39,96,1
40,96,1
41,96,1
42,96,1
43,96,1
44,96,1
45,96,1
46,96,1
47,96,1
48,96,1
49,96,1
50,96,1
51,96,1
52,96,1
53,96,1
54,96,1
55,96,1
56,96,1
57,96,1
58,96,1
59,96,1
60,96,1
61,96,1
62,96,1
63,96,0
64,96,0
65,96,0
66,96,2
67,96,2
68,96,2
69,96,2
70,96,2
71,96,2
72,96,2
73,96,2
74,96,2
75,96,2
76,96,2
77,96,2
78,96,2
79,96,2
80,96,2
81,96,2
82,96,2
83,96,2
84,96,2
85,96,2
86,96,2
87,96,2
88,96,2
89,96,2
90,96,2
91,96,2
92,96,2
93,96,2
94,96,2
95,96,2
96,96,2
97,96,2
98,96,2
99,96,2
100,96,2
101,96,0
102,96,0
103,96,0
104,96,3
105,96,3
106,96,3
107,96,3
108,96,3
109,96,3
110,96,3
111,96,3
112,96,3
113,96,3
114,96,3
115,96,3
116,96,3
117,96,3
118,96,3
119,96,3
120,96,3
121,96,3
122,96,3
123,96,3
124,96,3
125,96,3
126,96,3
127,96,3
128,96,3
129,96,3
130,96,3
131,96,3
132,96,3
133,96,3
134,96,3
135,96,3
136,96,3
137,96,3
138,96,3
139,96,3
140,96,3
141,96,3
142,96,3
143,96,3
144,96,3
145,96,3
146,96,3
147,96,3
148,96,3
149,96,3
150,96,3
151,96,3
152,96,3
153,96,3
154,96,3
155,96,3
156,96,3
157,96,3
158,96,3
159,96,3
160,96,3
161,96,3
162,96,3
163,96,3
164,96,3
165,96,3
166,96,3
167,96,3
168,96,3
169,96,3
170,96,3
171,96,3
172,96,3
173,96,3
174,96,3
175,96,3
176,96,3
177,96,3
178,96,3
179,96,3
180,96,3
181,96,3
182,96,3
183,96,3
184,96,3
185,96,3
186,96,3
187,96,3
188,96,3
189,96,3
190,96,3
191,96,3
192,96,3
193,96,3
194,96,3
195,96,3
196,96,3
197,96,3
198,96,3
199,96,3
200,96,3
201,96,3
202,96,3
203,96,3
204,96,3
205,96,3
206,96,0
207,96,0
208,96,0
209,96,0
210,96,0
211,96,0
212,96,0
213,96,0
214,96,0
215,96,0
216,96,0
217,96,0
218,96,0
219,96,0
220,96,0
221,96,0
222,96,0
223,96,0
224,96,0
225,96,0
226,96,0
227,96,0
228,96,0
229,96,0
230,96,0
231,96,0
232,96,0
233,96,0
234,96,0
235,96,0
236,96,0
237,96,0
238,96,0
239,96,0
240,96,0
241,96,0
242,96,0
243,96,0
244,96,0
245,96,0
246,96,0
247,96,0
248,96,0
249,96,0
250,96,0
251,96,0
252,96,0
253,96,0
254,96,0
255,96,0
256,96,0
257,96,0
258,96,0
259,96,0
260,96,0
261,96,0
262,96,0
263,96,0
264,96,0
265,96,0
266,96,0
267,96,0
268,96,0
269,96,0
270,96,0
271,96,3
272,96,3
273,96,3
274,96,3
275,96,3
276,96,3
277,96,3
278,96,3
279,96,3
280,96,3
281,96,3
282,96,3
283,96,3
284,96,3
285,96,3
286,96,3
287,96,3
288,96,3
289,96,3
290,96,3
291,96,3
292,96,3
293,96,3
294,96,3
295,96,3
296,96,3
297,96,3
298,96,3
299,96,3
300,96,3
301,96,3
302,96,3
303,96,3
304,96,3
305,96,3
306,96,3
307,96,3
308,96,3
309,96,3
310,96,3
311,96,3
312,96,3
313,96,3
314,96,3
315,96,3
316,96,3
317,96,3
318,96,3
319,96,3
320,96,3
321,96,3
322,96,3
323,96,3
324,96,3
325,96,3
326,96,3
327,96,3
328,96,3
329,96,3
330,96,3
331,96,3
332,96,3
333,96,3
334,96,3
335,96,3
336,96,3
337,96,0
338,96,0
339,96,0
340,96,0
341,96,0
342,96,0
343,96,0
344,96,0
345,96,0
346,96,0
347,96,0
348,96,0
349,96,0
350,96,0
351,96,0
352,96,0
353,96,0
354,96,0
355,96,0
356,96,0
357,96,0
358,96,0
359,96,0
360,96,0
361,96,0
362,96,0
363,96,0
364,96,0
365,96,0
366,96,0
367,96,0
368,96,0
369,96,0
370,96,0
371,96,0
372,96,0
373,96,0
374,96,0
375,96,0
376,96,0
377,96,0
378,96,0
379,96,0
380,96,0
381,96,0
382,96,0
383,96,0
384,96,0
385,96,0
386,96,0
387,96,0
388,96,0
389,96,0
390,96,0
1,95,0
2,95,0
3,95,0
4,95,0
5,95,0
6,95,0
7,95,0
8,95,0
9,95,0
10,95,0
11,95,0
12,95,0
13,95,0
14,95,0
15,95,0
16,95,0
17,95,0
18,95,0
19,95,0
20,95,0
21,95,0
22,95,0
23,95,0
24,95,0
25,95,0
26,95,0
27,95,0
28,95,0
29,95,0
30,95,0
31,95,0
32,95,0
33,95,1
34,95,1
35,95,1
36,95,1
37,95,1
38,95,1
39,95,1
40,95,1
41,95,1
42,95,1
43,95,1
44,95,1
45,95,1
46,95,1
47,95,1
48,95,1
49,95,1
50,95,1
51,95,1
52,95,1
53,95,1
54,95,1
55,95,1
56,95,1
57,95,1
58,95,1
59,95,1
60,95,1
61,95,0
62,95,0
63,95,0
64,95,0
65,95,0
66,95,2
67,95,2
68,95,2
69,95,2
70,95,2
71,95,2
72,95,2
73,95,2
74,95,2
75,95,2
76,95,2
77,95,2
78,95,2
79,95,2
80,95,2
81,95,2
82,95,2
83,95,2
84,95,2
85,95,2
86,95,2
87,95,2
88,95,2
89,95,2
90,95,2
91,95,2
92,95,2
93,95,2
94,95,2
95,95,2
96,95,2
97,95,2
98,95,2
99,95,2
100,95,2
101,95,0
102,95,0
103,95,0
104,95,3
105,95,3
106,95,3
107,95,3
108,95,3
109,95,3
110,95,3
111,95,3
112,95,3
113,95,3
114,95,3
115,95,3
116,95,3
117,95,3
118,95,3
119,95,3
120,95,3
121,95,3
122,95,3
123,95,3
124,95,3
125,95,3
126,95,3
127,95,3
128,95,3
129,95,3
130,95,3
131,95,3
132,95,3
133,95,3
134,95,3
135,95,3
136,95,3
137,95,3
138,95,3
139,95,3
140,95,3
141,95,3
142,95,3
143,95,3
144,95,3
145,95,3
146,95,3
147,95,3
148,95,3
149,95,3
150,95,3
151,95,3
152,95,3
153,95,3
154,95,3
155,95,3
156,95,3
157,95,3
158,95,3
159,95,3
160,95,3
161,95,3
162,95,3
163,95,3
164,95,3
165,95,3
166,95,3
167,95,3
168,95,3
169,95,3
170,95,3
171,95,3
172,95,3
173,95,3
174,95,3
175,95,3
176,95,3
177,95,3
178,95,3
179,95,3
180,95,3
181,95,3
182,95,3
183,95,3
184,95,3
185,95,3
186,95,3
187,95,3
188,95,3
189,95,3
190,95,3
191,95,3
192,95,3
193,95,3
194,95,3
195,95,3
196,95,3
197,95,3
198,95,3
199,95,3
200,95,3
201,95,3
202,95,3
203,95,3
204,95,3
205,95,3
206,95,0
207,95,0
208,95,0
209,95,0
210,95,0
211,95,0
212,95,0
213,95,0
214,95,0
215,95,0
216,95,0
217,95,0
218,95,0
219,95,0
220,95,0
221,95,0
222,95,0
223,95,0
224,95,0
225,95,0
226,95,0
227,95,0
228,95,0
229,95,0
230,95,0
231,95,0
232,95,0
233,95,0
234,95,0
235,95,0
236,95,0
237,95,0
238,95,0
239,95,0
240,95,0
241,95,0
242,95,0
243,95,0
244,95,0
245,95,0
246,95,0
247,95,0
248,95,0
249,95,0
250,95,0
251,95,0
252,95,0
253,95,0
254,95,0
255,95,0
256,95,0
257,95,0
258,95,0
259,95,0
260,95,0
261,95,0
262,95,0
263,95,0
264,95,0
265,95,0
266,95,0
267,95,0
268,95,0
269,95,0
270,95,0
271,95,0
272,95,0
273,95,3
274,95,3
275,95,3
276,95,3
277,95,3
278,95,3
279,95,3
280,95,3
281,95,3
282,95,3
283,95,3
284,95,3
285,95,3
286,95,3
287,95,3
288,95,3
289,95,3
290,95,3
291,95,3
292,95,3
293,95,3
294,95,3
295,95,3
296,95,3
297,95,3
298,95,3
299,95,3
300,95,3
301,95,3
302,95,3
303,95,3
304,95,3
305,95,3
306,95,3
307,95,3
308,95,3
309,95,3
310,95,3
311,95,3
312,95,3
313,95,3
314,95,3
315,95,3
316,95,3
317,95,3
318,95,3
319,95,3
320,95,3
321,95,3
322,95,3
323,95,3
324,95,3
325,95,3
326,95,3
327,95,3
328,95,3
329,95,3
330,95,3
331,95,3
332,95,3
333,95,3
334,95,3
335,95,3
336,95,3
337,95,0
338,95,0
339,95,0
340,95,0
341,95,0
342,95,0
343,95,0
344,95,0
345,95,0
346,95,0
347,95,0
348,95,0
349,95,0
350,95,0
351,95,0
352,95,0
353,95,0
354,95,0
355,95,0
356,95,0
357,95,0
358,95,0
359,95,0
360,95,0
361,95,0
362,95,0
363,95,0
364,95,0
365,95,0
366,95,0
367,95,0
368,95,0
369,95,0
370,95,0
371,95,0
372,95,0
373,95,0
374,95,0
375,95,0
376,95,0
377,95,0
378,95,0
379,95,0
380,95,0
381,95,0
382,95,0
383,95,0
384,95,0
385,95,0
386,95,0
387,95,0
388,95,0
389,95,0
390,95,0
1,94,0
2,94,0
3,94,0
4,94,0
5,94,0
6,94,0
7,94,0
8,94,0
9,94,0
10,94,0
11,94,0
12,94,0
13,94,0
14,94,0
15,94,0
16,94,0
17,94,0
18,94,0
19,94,0
20,94,0
21,94,0
22,94,0
23,94,0
24,94,0
25,94,0
26,94,0
27,94,0
28,94,0
29,94,0
30,94,0
31,94,0
32,94,0
33,94,1
34,94,1
35,94,1
36,94,1
37,94,1
38,94,1
39,94,1
40,94,1
41,94,1
42,94,1
43,94,1
44,94,1
45,94,1
46,94,1
47,94,1
48,94,1
49,94,1
50,94,1
51,94,1
52,94,1
53,94,1
54,94,1
55,94,1
56,94,1
57,94,1
58,94,1
59,94,1
60,94,1
61,94,1
62,94,0
63,94,0
64,94,0
65,94,0
66,94,2
67,94,2
68,94,2
69,94,2
70,94,2
71,94,2
72,94,2
73,94,2
74,94,2
75,94,2
76,94,2
77,94,2
78,94,2
79,94,2
80,94,2
81,94,2
82,94,2
83,94,2
84,94,2
85,94,2
86,94,2
87,94,2
88,94,2
89,94,2
90,94,2
91,94,2
92,94,2
93,94,2
94,94,2
95,94,2
96,94,2
97,94,2
98,94,2
99,94,2
100,94,2
101,94,2
102,94,0
103,94,0
104,94,3
105,94,3
106,94,3
107,94,3
108,94,3
109,94,3
110,94,3
111,94,3
112,94,3
113,94,3
114,94,3
115,94,3
116,94,3
117,94,3
118,94,3
119,94,3
120,94,3
121,94,3
122,94,3
123,94,3
124,94,3
125,94,3
126,94,3
127,94,3
128,94,3
129,94,3
130,94,3
131,94,3
132,94,3
133,94,3
134,94,3
135,94,3
136,94,3
137,94,3
138,94,3
139,94,3
140,94,3
141,94,3
142,94,3
143,94,3
144,94,3
145,94,3
146,94,3
147,94,3
148,94,3
149,94,3
150,94,3
151,94,3
152,94,3
153,94,3
154,94,3
155,94,3
156,94,3
157,94,3
158,94,3
159,94,3
160,94,3
161,94,3
162,94,3
163,94,3
164,94,3
165,94,3
166,94,3
167,94,3
168,94,3
169,94,3
170,94,3
171,94,3
172,94,3
173,94,3
174,94,3
175,94,3
176,94,3
177,94,3
178,94,3
179,94,3
180,94,3
181,94,3
182,94,3
183,94,3
184,94,3
185,94,3
186,94,3
187,94,3
188,94,3
189,94,3
190,94,3
191,94,3
192,94,3
193,94,3
194,94,3
195,94,3
196,94,3
197,94,3
198,94,3
199,94,3
200,94,3
201,94,3
202,94,3
203,94,3
204,94,3
205,94,3
206,94,0
207,94,0
208,94,0
209,94,0
210,94,0
211,94,0
212,94,0
213,94,0
214,94,0
215,94,0
216,94,0
217,94,0
218,94,0
219,94,0
220,94,0
221,94,0
222,94,0
223,94,0
224,94,0
225,94,0
226,94,0
227,94,0
228,94,0
229,94,0
230,94,0
231,94,0
232,94,0
233,94,0
234,94,0
235,94,0
236,94,0
237,94,0
238,94,0
239,94,0
240,94,0
241,94,0
242,94,0
243,94,0
244,94,0
245,94,0
246,94,0
247,94,0
248,94,0
249,94,0
250,94,0
251,94,0
252,94,0
253,94,0
254,94,0
255,94,0
256,94,0
257,94,0
258,94,0
259,94,0
260,94,0
261,94,0
262,94,0
263,94,0
264,94,0
265,94,0
266,94,0
267,94,0
268,94,0
269,94,0
270,94,0
271,94,0
272,94,0
273,94,3
274,94,3
275,94,3
276,94,3
277,94,3
278,94,3
279,94,3
280,94,3
281,94,3
282,94,3
283,94,3
284,94,3
285,94,3
286,94,3
287,94,3
288,94,3
289,94,3
290,94,3
291,94,3
292,94,3
293,94,3
294,94,3
295,94,3
296,94,3
297,94,3
298,94,3
299,94,3
300,94,3
301,94,3
302,94,3
303,94,3
304,94,3
305,94,3
306,94,3
307,94,3
308,94,3
309,94,3
310,94,3
311,94,3
312,94,3
313,94,3
314,94,3
315,94,3
316,94,3
317,94,3
318,94,3
319,94,3
320,94,3
321,94,3
322,94,3
323,94,3
324,94,3
325,94,3
326,94,3
327,94,3
328,94,3
329,94,3
330,94,3
331,94,3
332,94,3
333,94,3
334,94,3
335,94,3
336,94,3
337,94,0
338,94,0
339,94,0
340,94,0
341,94,0
342,94,0
343,94,0
344,94,0
345,94,0
346,94,0
347,94,0
348,94,0
349,94,0
350,94,0
351,94,0
352,94,0
353,94,0
354,94,0
355,94,0
356,94,0
357,94,0
358,94,0
359,94,0
360,94,0
361,94,0
362,94,0
363,94,0
364,94,0
365,94,0
366,94,0
367,94,0
368,94,0
369,94,0
370,94,0
371,94,0
372,94,0
373,94,0
374,94,0
375,94,0
376,94,0
377,94,0
378,94,0
379,94,0
380,94,0
381,94,0
382,94,0
383,94,0
384,94,0
385,94,0
386,94,0
387,94,0
388,94,0
389,94,0
390,94,0
1,93,0
2,93,0
3,93,0
4,93,0
5,93,0
6,93,0
7,93,0
8,93,0
9,93,0
10,93,0
11,93,0
12,93,0
13,93,0
14,93,0
15,93,0
16,93,0
17,93,0
18,93,0
19,93,0
20,93,0
21,93,0
22,93,0
23,93,0
24,93,0
25,93,0
26,93,0
27,93,0
28,93,0
29,93,0
30,93,0
31,93,0
32,93,0
33,93,0
34,93,1
35,93,1
36,93,1
37,93,1
38,93,1
39,93,1
40,93,1
41,93,1
42,93,1
43,93,1
44,93,1
45,93,1
46,93,1
47,93,1
48,93,1
49,93,1
50,93,1
51,93,1
52,93,1
53,93,1
54,93,1
55,93,1
56,93,1
57,93,1
58,93,1
59,93,1
60,93,1
61,93,1
62,93,0
63,93,0
64,93,0
65,93,0
66,93,2
67,93,2
68,93,2
69,93,2
70,93,2
71,93,2
72,93,2
73,93,2
74,93,2
75,93,2
76,93,2
77,93,2
78,93,2
79,93,2
80,93,2
81,93,2
82,93,2
83,93,2
84,93,2
85,93,2
86,93,2
87,93,2
88,93,2
89,93,2
90,93,2
91,93,2
92,93,2
93,93,2
94,93,2
95,93,2
96,93,2
97,93,2
98,93,2
99,93,2
100,93,2
101,93,2
102,93,0
103,93,0
104,93,3
105,93,3
106,93,3
107,93,3
108,93,3
109,93,3
110,93,3
111,93,3
112,93,3
113,93,3
114,93,3
115,93,3
116,93,3
117,93,3
118,93,3
119,93,3
120,93,3
121,93,3
122,93,3
123,93,3
124,93,3
125,93,3
126,93,3
127,93,3
128,93,3
129,93,3
130,93,3
131,93,3
132,93,3
133,93,3
134,93,3
135,93,3
136,93,3
137,93,3
138,93,3
139,93,3
140,93,3
141,93,3
142,93,3
143,93,3
144,93,3
145,93,3
146,93,3
147,93,3
148,93,3
149,93,3
150,93,3
151,93,3
152,93,3
153,93,3
154,93,3
155,93,3
156,93,3
157,93,3
158,93,3
159,93,3
160,93,3
161,93,3
162,93,3
163,93,3
164,93,3
165,93,3
166,93,3
167,93,3
168,93,3
169,93,3
170,93,3
171,93,3
172,93,3
173,93,3
174,93,3
175,93,3
176,93,3
177,93,3
178,93,3
179,93,3
180,93,3
181,93,3
182,93,3
183,93,3
184,93,3
185,93,3
186,93,3
187,93,3
188,93,3
189,93,3
190,93,3
191,93,3
192,93,3
193,93,3
194,93,3
195,93,3
196,93,3
197,93,3
198,93,3
199,93,3
200,93,3
201,93,3
202,93,3
203,93,3
204,93,3
205,93,0
206,93,0
207,93,0
208,93,0
209,93,0
210,93,0
211,93,0
212,93,0
213,93,0
214,93,0
215,93,0
216,93,0
217,93,0
218,93,0
219,93,0
220,93,0
221,93,0
222,93,0
223,93,0
224,93,0
225,93,0
226,93,0
227,93,0
228,93,0
229,93,0
230,93,0
231,93,0
232,93,0
233,93,0
234,93,0
235,93,0
236,93,0
237,93,0
238,93,0
239,93,0
240,93,0
241,93,0
242,93,0
243,93,0
244,93,0
245,93,0
246,93,0
247,93,0
248,93,0
249,93,0
250,93,0
251,93,0
252,93,0
253,93,0
254,93,0
255,93,0
256,93,0
257,93,0
258,93,0
259,93,0
260,93,0
261,93,0
262,93,0
263,93,0
264,93,0
265,93,0
266,93,0
267,93,0
268,93,0
269,93,0
270,93,0
271,93,0
272,93,0
273,93,0
274,93,0
275,93,0
276,93,3
277,93,3
278,93,3
279,93,3
280,93,3
281,93,3
282,93,3
283,93,3
284,93,3
285,93,3
286,93,3
287,93,3
288,93,3
289,93,3
290,93,3
291,93,3
292,93,3
293,93,3
294,93,3
295,93,3
296,93,3
297,93,3
298,93,3
299,93,3
300,93,3
301,93,3
302,93,3
303,93,3
304,93,3
305,93,3
306,93,3
307,93,3
308,93,3
309,93,3
310,93,3
311,93,3
312,93,3
313,93,3
314,93,3
315,93,3
316,93,3
317,93,3
318,93,3
319,93,3
320,93,3
321,93,3
322,93,3
323,93,3
324,93,3
325,93,3
326,93,3
327,93,3
328,93,3
329,93,3
330,93,3
331,93,3
332,93,3
333,93,3
334,93,3
335,93,3
336,93,3
337,93,0
338,93,0
339,93,0
340,93,0
341,93,0
342,93,0
343,93,0
344,93,0
345,93,0
346,93,0
347,93,0
348,93,0
349,93,0
350,93,0
351,93,0
352,93,0
353,93,0
354,93,0
355,93,0
356,93,0
357,93,0
358,93,0
359,93,0
360,93,0
361,93,0
362,93,0
363,93,0
364,93,0
365,93,0
366,93,0
367,93,0
368,93,0
369,93,0
370,93,0
371,93,0
372,93,0
373,93,0
374,93,0
375,93,0
376,93,0
377,93,0
378,93,0
379,93,0
380,93,0
381,93,0
382,93,0
383,93,0
384,93,0
385,93,0
386,93,0
387,93,0
388,93,0
389,93,0
390,93,0
1,92,0
2,92,0
3,92,0
4,92,0
5,92,0
6,92,0
7,92,0
8,92,0
9,92,0
10,92,0
11,92,0
12,92,0
13,92,0
14,92,0
15,92,0
16,92,0
17,92,0
18,92,0
19,92,0
20,92,0
21,92,0
22,92,0
23,92,0
24,92,0
25,92,0
26,92,0
27,92,0
28,92,0
29,92,0
30,92,0
31,92,0
32,92,0
33,92,1
34,92,1
35,92,1
36,92,1
37,92,1
38,92,1
39,92,1
40,92,1
41,92,1
42,92,1
43,92,1
44,92,1
45,92,1
46,92,1
47,92,1
48,92,1
49,92,1
50,92,1
51,92,1
52,92,1
53,92,1
54,92,1
55,92,1
56,92,1
57,92,1
58,92,1
59,92,1
60,92,1
61,92,1
62,92,0
63,92,0
64,92,0
65,92,0
66,92,2
67,92,2
68,92,2
69,92,2
70,92,2
71,92,2
72,92,2
73,92,2
74,92,2
75,92,2
76,92,2
77,92,2
78,92,2
79,92,2
80,92,2
81,92,2
82,92,2
83,92,2
84,92,2
85,92,2
86,92,2
87,92,2
88,92,2
89,92,2
90,92,2
91,92,2
92,92,2
93,92,2
94,92,2
95,92,2
96,92,2
97,92,2
98,92,2
99,92,2
100,92,2
101,92,2
102,92,0
103,92,0
104,92,3
105,92,3
106,92,3
107,92,3
108,92,3
109,92,3
110,92,3
111,92,3
112,92,3
113,92,3
114,92,3
115,92,3
116,92,3
117,92,3
118,92,3
119,92,3
120,92,3
121,92,3
122,92,3
123,92,3
124,92,3
125,92,3
126,92,3
127,92,3
128,92,3
129,92,3
130,92,3
131,92,3
132,92,3
133,92,3
134,92,3
135,92,3
136,92,3
137,92,3
138,92,3
139,92,3
140,92,3
141,92,3
142,92,3
143,92,3
144,92,3
145,92,3
146,92,3
147,92,3
148,92,3
149,92,3
150,92,3
151,92,3
152,92,3
153,92,3
154,92,3
155,92,3
156,92,3
157,92,3
158,92,3
159,92,3
160,92,3
161,92,3
162,92,3
163,92,3
164,92,3
165,92,3
166,92,3
167,92,3
168,92,3
169,92,3
170,92,3
171,92,3
172,92,3
173,92,3
174,92,3
175,92,3
176,92,3
177,92,3
178,92,3
179,92,3
180,92,3
181,92,3
182,92,3
183,92,3
184,92,3
185,92,3
186,92,3
187,92,3
188,92,3
189,92,3
190,92,3
191,92,3
192,92,3
193,92,3
194,92,3
195,92,3
196,92,3
197,92,3
198,92,3
199,92,3
200,92,3
201,92,3
202,92,3
203,92,3
204,92,3
205,92,0
206,92,0
207,92,0
208,92,0
209,92,0
210,92,0
211,92,0
212,92,0
213,92,0
214,92,0
215,92,0
216,92,0
217,92,0
218,92,0
219,92,0
220,92,0
221,92,0
222,92,0
223,92,0
224,92,0
225,92,0
226,92,0
227,92,0
228,92,0
229,92,0
230,92,0
231,92,0
232,92,0
233,92,0
234,92,0
235,92,0
236,92,0
237,92,0
238,92,0
239,92,0
240,92,0
241,92,0
242,92,0
243,92,0
244,92,0
245,92,0
246,92,0
247,92,0
248,92,0
249,92,0
250,92,0
251,92,0
252,92,0
253,92,0
254,92,0
255,92,0
256,92,0
257,92,0
258,92,0
259,92,0
260,92,0
261,92,0
262,92,0
263,92,0
264,92,0
265,92,0
266,92,0
267,92,0
268,92,0
269,92,0
270,92,0
271,92,0
272,92,0
273,92,0
274,92,0
275,92,0
276,92,0
277,92,0
278,92,0
279,92,0
280,92,3
281,92,3
282,92,3
283,92,3
284,92,3
285,92,3
286,92,3
287,92,3
288,92,3
289,92,3
290,92,3
291,92,3
292,92,3
293,92,3
294,92,3
295,92,3
296,92,3
297,92,3
298,92,3
299,92,3
300,92,3
301,92,3
302,92,3
303,92,3
304,92,3
305,92,3
306,92,3
307,92,3
308,92,3
309,92,3
310,92,3
311,92,3
312,92,3
313,92,3
314,92,3
315,92,3
316,92,3
317,92,3
318,92,3
319,92,3
320,92,3
321,92,3
322,92,3
323,92,3
324,92,3
325,92,3
326,92,3
327,92,3
328,92,3
329,92,3
330,92,3
331,92,3
332,92,3
333,92,3
334,92,3
335,92,3
336,92,0
337,92,0
338,92,0
339,92,0
340,92,0
341,92,0
342,92,0
343,92,0
344,92,0
345,92,0
346,92,0
347,92,0
348,92,0
349,92,0
350,92,0
351,92,0
352,92,0
353,92,0
354,92,0
355,92,0
356,92,0
357,92,0
358,92,0
359,92,0
360,92,0
361,92,0
362,92,0
363,92,0
364,92,0
365,92,0
366,92,0
367,92,0
368,92,0
369,92,0
370,92,0
371,92,0
372,92,0
373,92,0
374,92,0
375,92,0
376,92,0
377,92,0
378,92,0
379,92,0
380,92,0
381,92,0
382,92,0
383,92,0
384,92,0
385,92,0
386,92,0
387,92,0
388,92,0
389,92,0
390,92,0
1,91,0
2,91,0
3,91,0
4,91,0
5,91,0
6,91,0
7,91,0
8,91,0
9,91,0
10,91,0
11,91,0
12,91,0
13,91,0
14,91,0
15,91,0
16,91,0
17,91,0
18,91,0
19,91,0
20,91,0
21,91,0
22,91,0
23,91,0
24,91,0
25,91,0
26,91,0
27,91,0
28,91,0
29,91,0
30,91,0
31,91,0
32,91,0
33,91,1
34,91,1
35,91,1
36,91,1
37,91,1
38,91,1
39,91,1
40,91,1
41,91,1
42,91,1
43,91,1
44,91,1
45,91,1
46,91,1
47,91,1
48,91,1
49,91,1
50,91,1
51,91,1
52,91,1
53,91,1
54,91,1
55,91,1
56,91,1
57,91,1
58,91,1
59,91,1
60,91,1
61,91,1
62,91,0
63,91,0
64,91,0
65,91,0
66,91,2
67,91,2
68,91,2
69,91,2
70,91,2
71,91,2
72,91,2
73,91,2
74,91,2
75,91,2
76,91,2
77,91,2
78,91,2
79,91,2
80,91,2
81,91,2
82,91,2
83,91,2
84,91,2
85,91,2
86,91,2
87,91,2
88,91,2
89,91,2
90,91,2
91,91,2
92,91,2
93,91,2
94,91,2
95,91,2
96,91,2
97,91,2
98,91,2
99,91,2
100,91,2
101,91,2
102,91,0
103,91,0
104,91,3
105,91,3
106,91,3
107,91,3
108,91,3
109,91,3
110,91,3
111,91,3
112,91,3
113,91,3
114,91,3
115,91,3
116,91,3
117,91,3
118,91,3
119,91,3
120,91,3
121,91,3
122,91,3
123,91,3
124,91,3
125,91,3
126,91,3
127,91,3
128,91,3
129,91,3
130,91,3
131,91,3
132,91,3
133,91,3
134,91,3
135,91,3
136,91,3
137,91,3
138,91,3
139,91,3
140,91,3
141,91,3
142,91,3
143,91,3
144,91,3
145,91,3
146,91,3
147,91,3
148,91,3
149,91,3
150,91,3
151,91,3
152,91,3
153,91,3
154,91,3
155,91,3
156,91,3
157,91,3
158,91,3
159,91,3
160,91,3
161,91,3
162,91,3
163,91,3
164,91,3
165,91,3
166,91,3
167,91,3
168,91,3
169,91,3
170,91,3
171,91,3
172,91,3
173,91,3
174,91,3
175,91,3
176,91,3
177,91,3
178,91,3
179,91,3
180,91,3
181,91,3
182,91,3
183,91,3
184,91,3
185,91,3
186,91,3
187,91,3
188,91,3
189,91,3
190,91,3
191,91,3
192,91,3
193,91,3
194,91,3
195,91,3
196,91,3
197,91,3
198,91,3
199,91,3
200,91,3
201,91,3
202,91,3
203,91,3
204,91,0
205,91,0
206,91,0
207,91,0
208,91,0
209,91,0
210,91,0
211,91,0
212,91,0
213,91,0
214,91,0
215,91,0
216,91,0
217,91,0
218,91,0
219,91,0
220,91,0
221,91,0
222,91,0
223,91,0
224,91,0
225,91,0
226,91,0
227,91,0
228,91,0
229,91,0
230,91,0
231,91,0
232,91,0
233,91,0
234,91,0
235,91,0
236,91,0
237,91,0
238,91,0
239,91,0
240,91,0
241,91,0
242,91,0
243,91,0
244,91,0
245,91,0
246,91,0
247,91,0
248,91,0
249,91,0
250,91,0
251,91,0
252,91,0
253,91,0
254,91,0
255,91,0
256,91,0
257,91,0
258,91,0
259,91,0
260,91,0
261,91,0
262,91,0
263,91,0
264,91,0
265,91,0
266,91,0
267,91,0
268,91,0
269,91,0
270,91,0
271,91,0
272,91,0
273,91,0
274,91,0
275,91,0
276,91,0
277,91,0
278,91,0
279,91,0
280,91,0
281,91,0
282,91,0
283,91,0
284,91,3
285,91,3
286,91,3
287,91,3
288,91,3
289,91,3
290,91,3
291,91,3
292,91,3
293,91,3
294,91,3
295,91,3
296,91,3
297,91,3
298,91,3
299,91,3
300,91,3
301,91,3
302,91,3
303,91,3
304,91,3
305,91,3
306,91,3
307,91,3
308,91,3
309,91,3
310,91,3
311,91,3
312,91,3
313,91,3
314,91,3
315,91,3
316,91,3
317,91,3
318,91,3
319,91,3
320,91,3
321,91,3
322,91,3
323,91,3
324,91,3
325,91,3
326,91,3
327,91,3
328,91,3
329,91,3
330,91,3
331,91,3
332,91,3
333,91,3
334,91,3
335,91,0
336,91,0
337,91,0
338,91,0
339,91,0
340,91,0
341,91,0
342,91,0
343,91,0
344,91,0
345,91,0
346,91,0
347,91,0
348,91,0
349,91,0
350,91,0
351,91,0
352,91,0
353,91,0
354,91,0
355,91,0
356,91,0
357,91,0
358,91,0
359,91,0
360,91,0
361,91,0
362,91,0
363,91,0
364,91,0
365,91,0
366,91,0
367,91,0
368,91,0
369,91,0
370,91,0
371,91,0
372,91,0
373,91,0
374,91,0
375,91,0
376,91,0
377,91,0
378,91,0
379,91,0
380,91,0
381,91,0
382,91,0
383,91,0
384,91,0
385,91,0
386,91,0
387,91,0
388,91,0
389,91,0
390,91,0
1,90,0
2,90,0
3,90,0
4,90,0
5,90,0
6,90,0
7,90,0
8,90,0
9,90,0
10,90,0
11,90,0
12,90,0
13,90,0
14,90,0
15,90,0
16,90,0
17,90,0
18,90,0
19,90,0
20,90,0
21,90,0
22,90,0
23,90,0
24,90,0
25,90,0
26,90,0
27,90,0
28,90,0
29,90,0
30,90,0
31,90,0
32,90,1
33,90,1
34,90,1
35,90,1
36,90,1
37,90,1
38,90,1
39,90,1
40,90,1
41,90,1
42,90,1
43,90,1
44,90,1
45,90,1
46,90,1
47,90,1
48,90,1
49,90,1
50,90,1
51,90,1
52,90,1
53,90,1
54,90,1
55,90,1
56,90,1
57,90,1
58,90,1
59,90,1
60,90,1
61,90,1
62,90,0
63,90,0
64,90,0
65,90,2
66,90,2
67,90,2
68,90,2
69,90,2
70,90,2
71,90,2
72,90,2
73,90,2
74,90,2
75,90,2
76,90,2
77,90,2
78,90,2
79,90,2
80,90,2
81,90,2
82,90,2
83,90,2
84,90,2
85,90,2
86,90,2
87,90,2
88,90,2
89,90,2
90,90,2
91,90,2
92,90,2
93,90,2
94,90,2
95,90,2
96,90,2
97,90,2
98,90,2
99,90,2
100,90,2
101,90,2
102,90,0
103,90,3
104,90,3
105,90,3
106,90,3
107,90,3
108,90,3
109,90,3
110,90,3
111,90,3
112,90,3
113,90,3
114,90,3
115,90,3
116,90,3
117,90,3
118,90,3
119,90,3
120,90,3
121,90,3
122,90,3
123,90,3
124,90,3
125,90,3
126,90,3
127,90,3
128,90,3
129,90,3
130,90,3
131,90,3
132,90,3
133,90,3
134,90,3
135,90,3
136,90,3
137,90,3
138,90,3
139,90,3
140,90,3
141,90,3
142,90,3
143,90,3
144,90,3
145,90,3
146,90,3
147,90,3
148,90,3
149,90,3
150,90,3
151,90,3
152,90,3
153,90,3
154,90,3
155,90,3
156,90,3
157,90,3
158,90,3
159,90,3
160,90,3
161,90,3
162,90,3
163,90,3
164,90,3
165,90,3
166,90,3
167,90,3
168,90,3
169,90,3
170,90,3
171,90,3
172,90,3
173,90,3
174,90,3
175,90,3
176,90,3
177,90,3
178,90,3
179,90,3
180,90,3
181,90,3
182,90,3
183,90,3
184,90,3
185,90,3
186,90,3
187,90,3
188,90,3
189,90,3
190,90,3
191,90,3
192,90,3
193,90,3
194,90,3
195,90,3
196,90,3
197,90,3
198,90,3
199,90,3
200,90,3
201,90,3
202,90,3
203,90,0
204,90,0
205,90,0
206,90,0
207,90,0
208,90,0
209,90,0
210,90,0
211,90,0
212,90,0
213,90,0
214,90,0
215,90,0
216,90,0
217,90,0
218,90,0
219,90,0
220,90,0
221,90,0
222,90,0
223,90,0
224,90,0
225,90,0
226,90,0
227,90,0
228,90,0
229,90,0
230,90,0
231,90,0
232,90,0
233,90,0
234,90,0
235,90,0
236,90,0
237,90,0
238,90,0
239,90,0
240,90,0
241,90,0
242,90,0
243,90,0
244,90,0
245,90,0
246,90,0
247,90,0
248,90,0
249,90,0
250,90,0
251,90,0
252,90,0
253,90,0
254,90,0
255,90,0
256,90,0
257,90,0
258,90,0
259,90,0
260,90,0
261,90,0
262,90,0
263,90,0
264,90,0
265,90,0
266,90,0
267,90,0
268,90,0
269,90,0
270,90,0
271,90,0
272,90,0
273,90,0
274,90,0
275,90,0
276,90,0
277,90,0
278,90,0
279,90,0
280,90,0
281,90,0
282,90,0
283,90,0
284,90,0
285,90,0
286,90,0
287,90,0
288,90,0
289,90,0
290,90,0
291,90,0
292,90,0
293,90,3
294,90,3
295,90,3
296,90,3
297,90,3
298,90,3
299,90,3
300,90,3
301,90,3
302,90,3
303,90,3
304,90,3
305,90,3
306,90,3
307,90,3
308,90,3
309,90,3
310,90,3
311,90,3
312,90,3
313,90,3
314,90,3
315,90,3
316,90,3
317,90,3
318,90,3
319,90,3
320,90,3
321,90,3
322,90,3
323,90,3
324,90,3
325,90,3
326,90,3
327,90,3
328,90,3
329,90,3
330,90,3
331,90,3
332,90,3
333,90,3
334,90,0
335,90,0
336,90,0
337,90,0
338,90,0
339,90,0
340,90,0
341,90,0
342,90,0
343,90,0
344,90,0
345,90,0
346,90,0
347,90,0
348,90,0
349,90,0
350,90,0
351,90,0
352,90,0
353,90,0
354,90,0
355,90,0
356,90,0
357,90,0
358,90,0
359,90,0
360,90,0
361,90,0
362,90,0
363,90,0
364,90,0
365,90,0
366,90,0
367,90,0
368,90,0
369,90,0
370,90,0
371,90,0
372,90,0
373,90,0
374,90,0
375,90,0
376,90,0
377,90,0
378,90,0
379,90,0
380,90,0
381,90,0
382,90,0
383,90,0
384,90,0
385,90,0
386,90,0
387,90,0
388,90,0
389,90,0
390,90,0
1,89,0
2,89,0
3,89,0
4,89,0
5,89,0
6,89,0
7,89,0
8,89,0
9,89,0
10,89,0
11,89,0
12,89,0
13,89,0
14,89,0
15,89,0
16,89,0
17,89,0
18,89,0
19,89,0
20,89,0
21,89,0
22,89,0
23,89,0
24,89,0
25,89,0
26,89,0
27,89,0
28,89,0
29,89,0
30,89,0
31,89,0
32,89,1
33,89,1
34,89,1
35,89,1
36,89,1
37,89,1
38,89,1
39,89,1
40,89,1
41,89,1
42,89,1
43,89,1
44,89,1
45,89,1
46,89,1
47,89,1
48,89,1
49,89,1
50,89,1
51,89,1
52,89,1
53,89,1
54,89,1
55,89,1
56,89,1
57,89,1
58,89,1
59,89,1
60,89,1
61,89,1
62,89,0
63,89,0
64,89,0
65,89,2
66,89,2
67,89,2
68,89,2
69,89,2
70,89,2
71,89,2
72,89,2
73,89,2
74,89,2
75,89,2
76,89,2
77,89,2
78,89,2
79,89,2
80,89,2
81,89,2
82,89,2
83,89,2
84,89,2
85,89,2
86,89,2
87,89,2
88,89,2
89,89,2
90,89,2
91,89,2
92,89,2
93,89,2
94,89,2
95,89,2
96,89,2
97,89,2
98,89,2
99,89,2
100,89,2
101,89,2
102,89,0
103,89,0
104,89,3
105,89,3
106,89,3
107,89,3
108,89,3
109,89,3
110,89,3
111,89,3
112,89,3
113,89,3
114,89,3
115,89,3
116,89,3
117,89,3
118,89,3
119,89,3
120,89,3
121,89,3
122,89,3
123,89,3
124,89,3
125,89,3
126,89,3
127,89,3
128,89,3
129,89,3
130,89,3
131,89,3
132,89,3
133,89,3
134,89,3
135,89,3
136,89,3
137,89,3
138,89,3
139,89,3
140,89,3
141,89,3
142,89,3
143,89,3
144,89,3
145,89,3
146,89,3
147,89,3
148,89,3
149,89,3
150,89,3
151,89,3
152,89,3
153,89,3
154,89,3
155,89,3
156,89,3
157,89,3
158,89,3
159,89,3
160,89,3
161,89,3
162,89,3
163,89,3
164,89,3
165,89,3
166,89,3
167,89,3
168,89,3
169,89,3
170,89,3
171,89,3
172,89,3
173,89,3
174,89,3
175,89,3
176,89,3
177,89,3
178,89,3
179,89,3
180,89,3
181,89,3
182,89,3
183,89,3
184,89,3
185,89,3
186,89,3
187,89,3
188,89,3
189,89,3
190,89,3
191,89,3
192,89,3
193,89,3
194,89,3
195,89,3
196,89,3
197,89,3
198,89,3
199,89,3
200,89,3
201,89,3
202,89,3
203,89,0
204,89,0
205,89,0
206,89,0
207,89,0
208,89,0
209,89,0
210,89,0
211,89,0
212,89,0
213,89,0
214,89,0
215,89,0
216,89,0
217,89,0
218,89,0
219,89,0
220,89,0
221,89,0
222,89,0
223,89,0
224,89,0
225,89,0
226,89,0
227,89,0
228,89,0
229,89,0
230,89,0
231,89,0
232,89,0
233,89,0
234,89,0
235,89,0
236,89,0
237,89,0
238,89,0
239,89,0
240,89,0
241,89,0
242,89,0
243,89,0
244,89,0
245,89,0
246,89,0
247,89,0
248,89,0
249,89,0
250,89,0
251,89,0
252,89,0
253,89,0
254,89,0
255,89,0
256,89,0
257,89,0
258,89,0
259,89,0
260,89,0
261,89,0
262,89,0
263,89,0
264,89,0
265,89,0
266,89,0
267,89,0
268,89,0
269,89,0
270,89,0
271,89,0
272,89,0
273,89,0
274,89,0
275,89,0
276,89,0
277,89,0
278,89,0
279,89,0
280,89,0
281,89,0
282,89,0
283,89,0
284,89,0
285,89,0
286,89,0
287,89,0
288,89,0
289,89,0
290,89,0
291,89,0
292,89,0
293,89,0
294,89,3
295,89,3
296,89,3
297,89,3
298,89,3
299,89,3
300,89,3
301,89,3
302,89,3
303,89,3
304,89,3
305,89,3
306,89,3
307,89,3
308,89,3
309,89,3
310,89,3
311,89,3
312,89,3
313,89,3
314,89,3
315,89,3
316,89,3
317,89,3
318,89,3
319,89,3
320,89,3
321,89,3
322,89,3
323,89,3
324,89,3
325,89,3
326,89,3
327,89,3
328,89,3
329,89,3
330,89,3
331,89,3
332,89,3
333,89,0
334,89,0
335,89,0
336,89,0
337,89,0
338,89,0
339,89,0
340,89,0
341,89,0
342,89,0
343,89,0
344,89,0
345,89,0
346,89,0
347,89,0
348,89,0
349,89,0
350,89,0
351,89,0
352,89,0
353,89,0
354,89,0
355,89,0
356,89,0
357,89,0
358,89,0
359,89,0
360,89,0
361,89,0
362,89,0
363,89,0
364,89,0
365,89,0
366,89,0
367,89,0
368,89,0
369,89,0
370,89,0
371,89,0
372,89,0
373,89,0
374,89,0
375,89,0
376,89,0
377,89,0
378,89,0
379,89,0
380,89,0
381,89,0
382,89,0
383,89,0
384,89,0
385,89,0
386,89,0
387,89,0
388,89,0
389,89,0
390,89,0
1,88,0
2,88,0
3,88,0
4,88,0
5,88,0
6,88,0
7,88,0
8,88,0
9,88,0
10,88,0
11,88,0
12,88,0
13,88,0
14,88,0
15,88,0
16,88,0
17,88,0
18,88,0
19,88,0
20,88,0
21,88,0
22,88,0
23,88,0
24,88,0
25,88,0
26,88,0
27,88,0
28,88,0
29,88,0
30,88,0
31,88,0
32,88,1
33,88,1
34,88,1
35,88,1
36,88,1
37,88,1
38,88,1
39,88,1
40,88,1
41,88,1
42,88,1
43,88,1
44,88,1
45,88,1
46,88,1
47,88,1
48,88,1
49,88,1
50,88,1
51,88,1
52,88,1
53,88,1
54,88,1
55,88,1
56,88,1
57,88,1
58,88,1
59,88,1
60,88,1
61,88,1
62,88,0
63,88,0
64,88,0
65,88,2
66,88,2
67,88,2
68,88,2
69,88,2
70,88,2
71,88,2
72,88,2
73,88,2
74,88,2
75,88,2
76,88,2
77,88,2
78,88,2
79,88,2
80,88,2
81,88,2
82,88,2
83,88,2
84,88,2
85,88,2
86,88,2
87,88,2
88,88,2
89,88,2
90,88,2
91,88,2
92,88,2
93,88,2
94,88,2
95,88,2
96,88,2
97,88,2
98,88,2
99,88,2
100,88,2
101,88,2
102,88,0
103,88,0
104,88,3
105,88,3
106,88,3
107,88,3
108,88,3
109,88,3
110,88,3
111,88,3
112,88,3
113,88,3
114,88,3
115,88,3
116,88,3
117,88,3
118,88,3
119,88,3
120,88,3
121,88,3
122,88,3
123,88,3
124,88,3
125,88,3
126,88,3
127,88,3
128,88,3
129,88,3
130,88,3
131,88,3
132,88,3
133,88,3
134,88,3
135,88,3
136,88,3
137,88,3
138,88,3
139,88,3
140,88,3
141,88,3
142,88,3
143,88,3
144,88,3
145,88,3
146,88,3
147,88,3
148,88,3
149,88,3
150,88,3
151,88,3
152,88,3
153,88,3
154,88,3
155,88,3
156,88,3
157,88,3
158,88,3
159,88,3
160,88,3
161,88,3
162,88,3
163,88,3
164,88,3
165,88,3
166,88,3
167,88,3
168,88,3
169,88,3
170,88,3
171,88,3
172,88,3
173,88,3
174,88,3
175,88,3
176,88,3
177,88,3
178,88,3
179,88,3
180,88,3
181,88,3
182,88,3
183,88,3
184,88,3
185,88,3
186,88,3
187,88,3
188,88,3
189,88,3
190,88,3
191,88,3
192,88,3
193,88,3
194,88,3
195,88,3
196,88,3
197,88,3
198,88,3
199,88,3
200,88,3
201,88,0
202,88,0
203,88,0
204,88,0
205,88,0
206,88,0
207,88,0
208,88,0
209,88,0
210,88,0
211,88,0
212,88,0
213,88,0
214,88,0
215,88,0
216,88,0
217,88,0
218,88,0
219,88,0
220,88,0
221,88,0
222,88,0
223,88,0
224,88,0
225,88,0
226,88,0
227,88,0
228,88,0
229,88,0
230,88,0
231,88,0
232,88,0
233,88,0
234,88,0
235,88,0
236,88,0
237,88,0
238,88,0
239,88,0
240,88,0
241,88,0
242,88,0
243,88,0
244,88,0
245,88,0
246,88,0
247,88,0
248,88,0
249,88,0
250,88,0
251,88,0
252,88,0
253,88,0
254,88,0
255,88,0
256,88,0
257,88,0
258,88,0
259,88,0
260,88,0
261,88,0
262,88,0
263,88,0
264,88,0
265,88,0
266,88,0
267,88,0
268,88,0
269,88,0
270,88,0
271,88,0
272,88,0
273,88,0
274,88,0
275,88,0
276,88,0
277,88,0
278,88,0
279,88,0
280,88,0
281,88,0
282,88,0
283,88,0
284,88,0
285,88,0
286,88,0
287,88,0
288,88,0
289,88,0
290,88,0
291,88,0
292,88,0
293,88,0
294,88,0
295,88,3
296,88,3
297,88,3
298,88,3
299,88,3
300,88,3
301,88,3
302,88,3
303,88,3
304,88,3
305,88,3
306,88,3
307,88,3
308,88,3
309,88,3
310,88,3
311,88,3
312,88,3
313,88,3
314,88,3
315,88,3
316,88,3
317,88,3
318,88,3
319,88,3
320,88,3
321,88,3
322,88,3
323,88,3
324,88,3
325,88,3
326,88,3
327,88,3
328,88,3
329,88,3
330,88,3
331,88,3
332,88,0
333,88,0
334,88,0
335,88,0
336,88,0
337,88,0
338,88,0
339,88,0
340,88,0
341,88,0
342,88,0
343,88,0
344,88,0
345,88,0
346,88,0
347,88,0
348,88,0
349,88,0
350,88,0
351,88,0
352,88,0
353,88,0
354,88,0
355,88,0
356,88,0
357,88,0
358,88,0
359,88,0
360,88,0
361,88,0
362,88,0
363,88,0
364,88,0
365,88,0
366,88,0
367,88,0
368,88,0
369,88,0
370,88,0
371,88,0
372,88,0
373,88,0
374,88,0
375,88,0
376,88,0
377,88,0
378,88,0
379,88,0
380,88,0
381,88,0
382,88,0
383,88,0
384,88,0
385,88,0
386,88,0
387,88,0
388,88,0
389,88,0
390,88,0
1,87,0
2,87,0
3,87,0
4,87,0
5,87,0
6,87,0
7,87,0
8,87,0
9,87,0
10,87,0
11,87,0
12,87,0
13,87,0
14,87,0
15,87,0
16,87,0
17,87,0
18,87,0
19,87,0
20,87,0
21,87,0
22,87,0
23,87,0
24,87,0
25,87,0
26,87,0
27,87,0
28,87,0
29,87,0
30,87,0
31,87,0
32,87,1
33,87,1
34,87,1
35,87,1
36,87,1
37,87,1
38,87,1
39,87,1
40,87,1
41,87,1
42,87,1
43,87,1
44,87,1
45,87,1
46,87,1
47,87,1
48,87,1
49,87,1
50,87,1
51,87,1
52,87,1
53,87,1
54,87,1
55,87,1
56,87,1
57,87,1
58,87,1
59,87,1
60,87,1
61,87,1
62,87,0
63,87,0
64,87,0
65,87,2
66,87,2
67,87,2
68,87,2
69,87,2
70,87,2
71,87,2
72,87,2
73,87,2
74,87,2
75,87,2
76,87,2
77,87,2
78,87,2
79,87,2
80,87,2
81,87,2
82,87,2
83,87,2
84,87,2
85,87,2
86,87,2
87,87,2
88,87,2
89,87,2
90,87,2
91,87,2
92,87,2
93,87,2
94,87,2
95,87,2
96,87,2
97,87,2
98,87,2
99,87,2
100,87,2
101,87,2
102,87,0
103,87,0
104,87,3
105,87,3
106,87,3
107,87,3
108,87,3
109,87,3
110,87,3
111,87,3
112,87,3
113,87,3
114,87,3
115,87,3
116,87,3
117,87,3
118,87,3
119,87,3
120,87,3
121,87,3
122,87,3
123,87,3
124,87,3
125,87,3
126,87,3
127,87,3
128,87,3
129,87,3
130,87,3
131,87,3
132,87,3
133,87,3
134,87,3
135,87,3
136,87,3
137,87,3
138,87,3
139,87,3
140,87,3
141,87,3
142,87,3
143,87,3
144,87,3
145,87,3
146,87,3
147,87,3
148,87,3
149,87,3
150,87,3
151,87,3
152,87,3
153,87,3
154,87,3
155,87,3
156,87,3
157,87,3
158,87,3
159,87,3
160,87,3
161,87,3
162,87,3
163,87,3
164,87,3
165,87,3
166,87,3
167,87,3
168,87,3
169,87,3
170,87,3
171,87,3
172,87,3
173,87,3
174,87,3
175,87,3
176,87,3
177,87,3
178,87,3
179,87,3
180,87,3
181,87,3
182,87,3
183,87,3
184,87,3
185,87,3
186,87,3
187,87,3
188,87,3
189,87,3
190,87,3
191,87,3
192,87,3
193,87,3
194,87,3
195,87,3
196,87,3
197,87,3
198,87,3
199,87,3
200,87,0
201,87,0
202,87,0
203,87,0
204,87,0
205,87,0
206,87,0
207,87,0
208,87,0
209,87,0
210,87,0
211,87,0
212,87,0
213,87,0
214,87,0
215,87,0
216,87,0
217,87,0
218,87,0
219,87,0
220,87,0
221,87,0
222,87,0
223,87,0
224,87,0
225,87,0
226,87,0
227,87,0
228,87,0
229,87,0
230,87,0
231,87,0
232,87,0
233,87,0
234,87,0
235,87,0
236,87,0
237,87,0
238,87,0
239,87,0
240,87,0
241,87,0
242,87,0
243,87,0
244,87,0
245,87,0
246,87,0
247,87,0
248,87,0
249,87,0
250,87,0
251,87,0
252,87,0
253,87,0
254,87,0
255,87,0
256,87,0
257,87,0
258,87,0
259,87,0
260,87,0
261,87,0
262,87,0
263,87,0
264,87,0
265,87,0
266,87,0
267,87,0
268,87,0
269,87,0
270,87,0
271,87,0
272,87,0
273,87,0
274,87,0
275,87,0
276,87,0
277,87,0
278,87,0
279,87,0
280,87,0
281,87,0
282,87,0
283,87,0
284,87,0
285,87,0
286,87,0
287,87,0
288,87,0
289,87,0
290,87,0
291,87,0
292,87,0
293,87,0
294,87,0
295,87,3
296,87,3
297,87,3
298,87,3
299,87,3
300,87,3
301,87,3
302,87,3
303,87,3
304,87,3
305,87,3
306,87,3
307,87,3
308,87,3
309,87,3
310,87,3
311,87,3
312,87,3
313,87,3
314,87,3
315,87,3
316,87,3
317,87,3
318,87,3
319,87,3
320,87,3
321,87,3
322,87,3
323,87,3
324,87,3
325,87,3
326,87,3
327,87,3
328,87,3
329,87,3
330,87,3
331,87,0
332,87,0
333,87,0
334,87,0
335,87,0
336,87,0
337,87,0
338,87,0
339,87,0
340,87,0
341,87,0
342,87,0
343,87,0
344,87,0
345,87,0
346,87,0
347,87,0
348,87,0
349,87,0
350,87,0
351,87,0
352,87,0
353,87,0
354,87,0
355,87,0
356,87,0
357,87,0
358,87,0
359,87,0
360,87,0
361,87,0
362,87,0
363,87,0
364,87,0
365,87,0
366,87,0
367,87,0
368,87,0
369,87,0
370,87,0
371,87,0
372,87,0
373,87,0
374,87,0
375,87,0
376,87,0
377,87,0
378,87,0
379,87,0
380,87,0
381,87,0
382,87,0
383,87,0
384,87,0
385,87,0
386,87,0
387,87,0
388,87,0
389,87,0
390,87,0
1,86,0
2,86,0
3,86,0
4,86,0
5,86,0
6,86,0
7,86,0
8,86,0
9,86,0
10,86,0
11,86,0
12,86,0
13,86,0
14,86,0
15,86,0
16,86,0
17,86,0
18,86,0
19,86,0
20,86,0
21,86,0
22,86,0
23,86,0
24,86,0
25,86,0
26,86,0
27,86,0
28,86,0
29,86,0
30,86,0
31,86,0
32,86,1
33,86,1
34,86,1
35,86,1
36,86,1
37,86,1
38,86,1
39,86,1
40,86,1
41,86,1
42,86,1
43,86,1
44,86,1
45,86,1
46,86,1
47,86,1
48,86,1
49,86,1
50,86,1
51,86,1
52,86,1
53,86,1
54,86,1
55,86,1
56,86,1
57,86,1
58,86,1
59,86,1
60,86,1
61,86,0
62,86,0
63,86,0
64,86,0
65,86,2
66,86,2
67,86,2
68,86,2
69,86,2
70,86,2
71,86,2
72,86,2
73,86,2
74,86,2
75,86,2
76,86,2
77,86,2
78,86,2
79,86,2
80,86,2
81,86,2
82,86,2
83,86,2
84,86,2
85,86,2
86,86,2
87,86,2
88,86,2
89,86,2
90,86,2
91,86,2
92,86,2
93,86,2
94,86,2
95,86,2
96,86,2
97,86,2
98,86,2
99,86,2
100,86,2
101,86,2
102,86,0
103,86,0
104,86,3
105,86,3
106,86,3
107,86,3
108,86,3
109,86,3
110,86,3
111,86,3
112,86,3
113,86,3
114,86,3
115,86,3
116,86,3
117,86,3
118,86,3
119,86,3
120,86,3
121,86,3
122,86,3
123,86,3
124,86,3
125,86,3
126,86,3
127,86,3
128,86,3
129,86,3
130,86,3
131,86,3
132,86,3
133,86,3
134,86,3
135,86,3
136,86,3
137,86,3
138,86,3
139,86,3
140,86,3
141,86,3
142,86,3
143,86,3
144,86,3
145,86,3
146,86,3
147,86,3
148,86,3
149,86,3
150,86,3
151,86,3
152,86,3
153,86,3
154,86,3
155,86,3
156,86,3
157,86,3
158,86,3
159,86,3
160,86,3
161,86,3
162,86,3
163,86,3
164,86,3
165,86,3
166,86,3
167,86,3
168,86,3
169,86,3
170,86,3
171,86,3
172,86,3
173,86,3
174,86,3
175,86,3
176,86,3
177,86,3
178,86,3
179,86,3
180,86,3
181,86,3
182,86,3
183,86,3
184,86,3
185,86,3
186,86,3
187,86,3
188,86,3
189,86,3
190,86,3
191,86,3
192,86,3
193,86,3
194,86,3
195,86,3
196,86,3
197,86,3
198,86,3
199,86,0
200,86,0
201,86,0
202,86,0
203,86,0
204,86,0
205,86,0
206,86,0
207,86,0
208,86,0
209,86,0
210,86,0
211,86,0
212,86,0
213,86,0
214,86,0
215,86,0
216,86,0
217,86,0
218,86,0
219,86,0
220,86,0
221,86,0
222,86,0
223,86,0
224,86,0
225,86,0
226,86,0
227,86,0
228,86,0
229,86,0
230,86,0
231,86,0
232,86,0
233,86,0
234,86,0
235,86,0
236,86,0
237,86,0
238,86,0
239,86,0
240,86,0
241,86,0
242,86,0
243,86,0
244,86,0
245,86,0
246,86,0
247,86,0
248,86,0
249,86,0
250,86,0
251,86,0
252,86,0
253,86,0
254,86,0
255,86,0
256,86,0
257,86,0
258,86,0
259,86,0
260,86,0
261,86,0
262,86,0
263,86,0
264,86,0
265,86,0
266,86,0
267,86,0
268,86,0
269,86,0
270,86,0
271,86,0
272,86,0
273,86,0
274,86,0
275,86,0
276,86,0
277,86,0
278,86,0
279,86,0
280,86,0
281,86,0
282,86,0
283,86,0
284,86,0
285,86,0
286,86,0
287,86,0
288,86,0
289,86,0
290,86,0
291,86,0
292,86,0
293,86,0
294,86,0
295,86,0
296,86,3
297,86,3
298,86,3
299,86,3
300,86,3
301,86,3
302,86,3
303,86,3
304,86,3
305,86,3
306,86,3
307,86,3
308,86,3
309,86,3
310,86,3
311,86,3
312,86,3
313,86,3
314,86,3
315,86,3
316,86,3
317,86,3
318,86,3
319,86,3
320,86,3
321,86,3
322,86,3
323,86,3
324,86,3
325,86,3
326,86,3
327,86,3
328,86,3
329,86,3
330,86,0
331,86,0
332,86,0
333,86,0
334,86,0
335,86,0
336,86,0
337,86,0
338,86,0
339,86,0
340,86,0
341,86,0
342,86,0
343,86,0
344,86,0
345,86,0
346,86,0
347,86,0
348,86,0
349,86,0
350,86,0
351,86,0
352,86,0
353,86,0
354,86,0
355,86,0
356,86,0
357,86,0
358,86,0
359,86,0
360,86,0
361,86,0
362,86,0
363,86,0
364,86,0
365,86,0
366,86,0
367,86,0
368,86,0
369,86,0
370,86,0
371,86,0
372,86,0
373,86,0
374,86,0
375,86,0
376,86,0
377,86,0
378,86,0
379,86,0
380,86,0
381,86,0
382,86,0
383,86,0
384,86,0
385,86,0
386,86,0
387,86,0
388,86,0
389,86,0
390,86,0
1,85,0
2,85,0
3,85,0
4,85,0
5,85,0
6,85,0
7,85,0
8,85,0
9,85,0
10,85,0
11,85,0
12,85,0
13,85,0
14,85,0
15,85,0
16,85,0
17,85,0
18,85,0
19,85,0
20,85,0
21,85,0
22,85,0
23,85,0
24,85,0
25,85,0
26,85,0
27,85,0
28,85,0
29,85,0
30,85,0
31,85,0
32,85,1
33,85,1
34,85,1
35,85,1
36,85,1
37,85,1
38,85,1
39,85,1
40,85,1
41,85,1
42,85,1
43,85,1
44,85,1
45,85,1
46,85,1
47,85,1
48,85,1
49,85,1
50,85,1
51,85,1
52,85,1
53,85,1
54,85,1
55,85,1
56,85,1
57,85,1
58,85,1
59,85,1
60,85,1
61,85,0
62,85,0
63,85,0
64,85,0
65,85,2
66,85,2
67,85,2
68,85,2
69,85,2
70,85,2
71,85,2
72,85,2
73,85,2
74,85,2
75,85,2
76,85,2
77,85,2
78,85,2
79,85,2
80,85,2
81,85,2
82,85,2
83,85,2
84,85,2
85,85,2
86,85,2
87,85,2
88,85,2
89,85,2
90,85,2
91,85,2
92,85,2
93,85,2
94,85,2
95,85,2
96,85,2
97,85,2
98,85,2
99,85,2
100,85,2
101,85,2
102,85,0
103,85,0
104,85,3
105,85,3
106,85,3
107,85,3
108,85,3
109,85,3
110,85,3
111,85,3
112,85,3
113,85,3
114,85,3
115,85,3
116,85,3
117,85,3
118,85,3
119,85,3
120,85,3
121,85,3
122,85,3
123,85,3
124,85,3
125,85,3
126,85,3
127,85,3
128,85,3
129,85,3
130,85,3
131,85,3
132,85,3
133,85,3
134,85,3
135,85,3
136,85,3
137,85,3
138,85,3
139,85,3
140,85,3
141,85,3
142,85,3
143,85,3
144,85,3
145,85,3
146,85,3
147,85,3
148,85,3
149,85,3
150,85,3
151,85,3
152,85,3
153,85,3
154,85,3
155,85,3
156,85,3
157,85,3
158,85,3
159,85,3
160,85,3
161,85,3
162,85,3
163,85,3
164,85,3
165,85,3
166,85,3
167,85,3
168,85,3
169,85,3
170,85,3
171,85,3
172,85,3
173,85,3
174,85,3
175,85,3
176,85,3
177,85,3
178,85,3
179,85,3
180,85,3
181,85,3
182,85,3
183,85,3
184,85,3
185,85,3
186,85,3
187,85,3
188,85,3
189,85,3
190,85,3
191,85,3
192,85,3
193,85,3
194,85,3
195,85,3
196,85,0
197,85,0
198,85,0
199,85,0
200,85,0
201,85,0
202,85,0
203,85,0
204,85,0
205,85,0
206,85,0
207,85,0
208,85,0
209,85,0
210,85,0
211,85,0
212,85,0
213,85,0
214,85,0
215,85,0
216,85,0
217,85,0
218,85,0
219,85,0
220,85,0
221,85,0
222,85,0
223,85,0
224,85,0
225,85,0
226,85,0
227,85,0
228,85,0
229,85,0
230,85,0
231,85,0
232,85,0
233,85,0
234,85,0
235,85,0
236,85,0
237,85,0
238,85,0
239,85,0
240,85,0
241,85,0
242,85,0
243,85,0
244,85,0
245,85,0
246,85,0
247,85,0
248,85,0
249,85,0
250,85,0
251,85,0
252,85,0
253,85,0
254,85,0
255,85,0
256,85,0
257,85,0
258,85,0
259,85,0
260,85,0
261,85,0
262,85,0
263,85,0
264,85,0
265,85,0
266,85,0
267,85,0
268,85,0
269,85,0
270,85,0
271,85,0
272,85,0
273,85,0
274,85,0
275,85,0
276,85,0
277,85,0
278,85,0
279,85,0
280,85,0
281,85,0
282,85,0
283,85,0
284,85,0
285,85,0
286,85,0
287,85,0
288,85,0
289,85,0
290,85,0
291,85,0
292,85,0
293,85,0
294,85,0
295,85,0
296,85,3
297,85,3
298,85,3
299,85,3
300,85,3
301,85,3
302,85,3
303,85,3
304,85,3
305,85,3
306,85,3
307,85,3
308,85,3
309,85,3
310,85,3
311,85,3
312,85,3
313,85,3
314,85,3
315,85,3
316,85,3
317,85,3
318,85,3
319,85,3
320,85,3
321,85,3
322,85,3
323,85,3
324,85,3
325,85,3
326,85,3
327,85,3
328,85,3
329,85,3
330,85,0
331,85,0
332,85,0
333,85,0
334,85,0
335,85,0
336,85,0
337,85,0
338,85,0
339,85,0
340,85,0
341,85,0
342,85,0
343,85,0
344,85,0
345,85,0
346,85,0
347,85,0
348,85,0
349,85,0
350,85,0
351,85,0
352,85,0
353,85,0
354,85,0
355,85,0
356,85,0
357,85,0
358,85,0
359,85,0
360,85,0
361,85,0
362,85,0
363,85,0
364,85,0
365,85,0
366,85,0
367,85,0
368,85,0
369,85,0
370,85,0
371,85,0
372,85,0
373,85,0
374,85,0
375,85,0
376,85,0
377,85,0
378,85,0
379,85,0
380,85,0
381,85,0
382,85,0
383,85,0
384,85,0
385,85,0
386,85,0
387,85,0
388,85,0
389,85,0
390,85,0
1,84,0
2,84,0
3,84,0
4,84,0
5,84,0
6,84,0
7,84,0
8,84,0
9,84,0
10,84,0
11,84,0
12,84,0
13,84,0
14,84,0
15,84,0
16,84,0
17,84,0
18,84,0
19,84,0
20,84,0
21,84,0
22,84,0
23,84,0
24,84,0
25,84,0
26,84,0
27,84,0
28,84,0
29,84,0
30,84,0
31,84,0
32,84,1
33,84,1
34,84,1
35,84,1
36,84,1
37,84,1
38,84,1
39,84,1
40,84,1
41,84,1
42,84,1
43,84,1
44,84,1
45,84,1
46,84,1
47,84,1
48,84,1
49,84,1
50,84,1
51,84,1
52,84,1
53,84,1
54,84,1
55,84,1
56,84,1
57,84,1
58,84,1
59,84,1
60,84,1
61,84,0
62,84,0
63,84,0
64,84,2
65,84,2
66,84,2
67,84,2
68,84,2
69,84,2
70,84,2
71,84,2
72,84,2
73,84,2
74,84,2
75,84,2
76,84,2
77,84,2
78,84,2
79,84,2
80,84,2
81,84,2
82,84,2
83,84,2
84,84,2
85,84,2
86,84,2
87,84,2
88,84,2
89,84,2
90,84,2
91,84,2
92,84,2
93,84,2
94,84,2
95,84,2
96,84,2
97,84,2
98,84,2
99,84,2
100,84,2
101,84,2
102,84,0
103,84,0
104,84,3
105,84,3
106,84,3
107,84,3
108,84,3
109,84,3
110,84,3
111,84,3
112,84,3
113,84,3
114,84,3
115,84,3
116,84,3
117,84,3
118,84,3
119,84,3
120,84,3
121,84,3
122,84,3
123,84,3
124,84,3
125,84,3
126,84,3
127,84,3
128,84,3
129,84,3
130,84,3
131,84,3
132,84,3
133,84,3
134,84,3
135,84,3
136,84,3
137,84,3
138,84,3
139,84,3
140,84,3
141,84,3
142,84,3
143,84,3
144,84,3
145,84,3
146,84,3
147,84,3
148,84,3
149,84,3
150,84,3
151,84,3
152,84,3
153,84,3
154,84,3
155,84,3
156,84,3
157,84,3
158,84,3
159,84,3
160,84,3
161,84,3
162,84,3
163,84,3
164,84,3
165,84,3
166,84,3
167,84,3
168,84,3
169,84,3
170,84,3
171,84,3
172,84,3
173,84,3
174,84,3
175,84,3
176,84,3
177,84,3
178,84,3
179,84,3
180,84,3
181,84,3
182,84,3
183,84,3
184,84,3
185,84,3
186,84,3
187,84,3
188,84,3
189,84,3
190,84,3
191,84,3
192,84,3
193,84,3
194,84,3
195,84,0
196,84,0
197,84,0
198,84,0
199,84,0
200,84,0
201,84,0
202,84,0
203,84,0
204,84,0
205,84,0
206,84,0
207,84,0
208,84,0
209,84,0
210,84,0
211,84,0
212,84,0
213,84,0
214,84,0
215,84,0
216,84,0
217,84,0
218,84,0
219,84,0
220,84,0
221,84,0
222,84,0
223,84,0
224,84,0
225,84,0
226,84,0
227,84,0
228,84,0
229,84,0
230,84,0
231,84,0
232,84,0
233,84,0
234,84,0
235,84,0
236,84,0
237,84,0
238,84,0
239,84,0
240,84,0
241,84,0
242,84,0
243,84,0
244,84,0
245,84,0
246,84,0
247,84,0
248,84,0
249,84,0
250,84,0
251,84,0
252,84,0
253,84,0
254,84,0
255,84,0
256,84,0
257,84,0
258,84,0
259,84,0
260,84,0
261,84,0
262,84,0
263,84,0
264,84,0
265,84,0
266,84,0
267,84,0
268,84,0
269,84,0
270,84,0
271,84,0
272,84,0
273,84,0
274,84,0
275,84,0
276,84,0
277,84,0
278,84,0
279,84,0
280,84,0
281,84,0
282,84,0
283,84,0
284,84,0
285,84,0
286,84,0
287,84,0
288,84,0
289,84,0
290,84,0
291,84,0
292,84,0
293,84,0
294,84,0
295,84,0
296,84,0
297,84,0
298,84,0
299,84,0
300,84,0
301,84,3
302,84,3
303,84,3
304,84,3
305,84,3
306,84,3
307,84,3
308,84,3
309,84,3
310,84,3
311,84,3
312,84,3
313,84,3
314,84,3
315,84,3
316,84,3
317,84,3
318,84,3
319,84,3
320,84,3
321,84,3
322,84,3
323,84,3
324,84,3
325,84,3
326,84,3
327,84,3
328,84,3
329,84,0
330,84,0
331,84,0
332,84,0
333,84,0
334,84,0
335,84,0
336,84,0
337,84,0
338,84,0
339,84,0
340,84,0
341,84,0
342,84,0
343,84,0
344,84,0
345,84,0
346,84,0
347,84,0
348,84,0
349,84,0
350,84,0
351,84,0
352,84,0
353,84,0
354,84,0
355,84,0
356,84,0
357,84,0
358,84,0
359,84,0
360,84,0
361,84,0
362,84,0
363,84,0
364,84,0
365,84,0
366,84,0
367,84,0
368,84,0
369,84,0
370,84,0
371,84,0
372,84,0
373,84,0
374,84,0
375,84,0
376,84,0
377,84,0
378,84,0
379,84,0
380,84,0
381,84,0
382,84,0
383,84,0
384,84,0
385,84,0
386,84,0
387,84,0
388,84,0
389,84,0
390,84,0
1,83,0
2,83,0
3,83,0
4,83,0
5,83,0
6,83,0
7,83,0
8,83,0
9,83,0
10,83,0
11,83,0
12,83,0
13,83,0
14,83,0
15,83,0
16,83,0
17,83,0
18,83,0
19,83,0
20,83,0
21,83,0
22,83,0
23,83,0
24,83,0
25,83,0
26,83,0
27,83,0
28,83,0
29,83,0
30,83,0
31,83,0
32,83,1
33,83,1
34,83,1
35,83,1
36,83,1
37,83,1
38,83,1
39,83,1
40,83,1
41,83,1
42,83,1
43,83,1
44,83,1
45,83,1
46,83,1
47,83,1
48,83,1
49,83,1
50,83,1
51,83,1
52,83,1
53,83,1
54,83,1
55,83,1
56,83,1
57,83,1
58,83,1
59,83,1
60,83,0
61,83,0
62,83,0
63,83,2
64,83,2
65,83,2
66,83,2
67,83,2
68,83,2
69,83,2
70,83,2
71,83,2
72,83,2
73,83,2
74,83,2
75,83,2
76,83,2
77,83,2
78,83,2
79,83,2
80,83,2
81,83,2
82,83,2
83,83,2
84,83,2
85,83,2
86,83,2
87,83,2
88,83,2
89,83,2
90,83,2
91,83,2
92,83,2
93,83,2
94,83,2
95,83,2
96,83,2
97,83,2
98,83,2
99,83,2
100,83,0
101,83,0
102,83,0
103,83,3
104,83,3
105,83,3
106,83,3
107,83,3
108,83,3
109,83,3
110,83,3
111,83,3
112,83,3
113,83,3
114,83,3
115,83,3
116,83,3
117,83,3
118,83,3
119,83,3
120,83,3
121,83,3
122,83,3
123,83,3
124,83,3
125,83,3
126,83,3
127,83,3
128,83,3
129,83,3
130,83,3
131,83,3
132,83,3
133,83,3
134,83,3
135,83,3
136,83,3
137,83,3
138,83,3
139,83,3
140,83,3
141,83,3
142,83,3
143,83,3
144,83,3
145,83,3
146,83,3
147,83,3
148,83,3
149,83,3
150,83,3
151,83,3
152,83,3
153,83,3
154,83,3
155,83,3
156,83,3
157,83,3
158,83,3
159,83,3
160,83,3
161,83,3
162,83,3
163,83,3
164,83,3
165,83,3
166,83,3
167,83,3
168,83,3
169,83,3
170,83,3
171,83,3
172,83,3
173,83,3
174,83,3
175,83,3
176,83,3
177,83,3
178,83,3
179,83,3
180,83,3
181,83,3
182,83,3
183,83,3
184,83,3
185,83,3
186,83,3
187,83,3
188,83,3
189,83,3
190,83,3
191,83,3
192,83,3
193,83,0
194,83,0
195,83,0
196,83,0
197,83,0
198,83,0
199,83,0
200,83,0
201,83,0
202,83,0
203,83,0
204,83,0
205,83,0
206,83,0
207,83,0
208,83,0
209,83,0
210,83,0
211,83,0
212,83,0
213,83,0
214,83,0
215,83,0
216,83,0
217,83,0
218,83,0
219,83,0
220,83,0
221,83,0
222,83,0
223,83,0
224,83,0
225,83,0
226,83,0
227,83,0
228,83,0
229,83,0
230,83,0
231,83,0
232,83,0
233,83,0
234,83,0
235,83,0
236,83,0
237,83,0
238,83,0
239,83,0
240,83,0
241,83,0
242,83,0
243,83,0
244,83,0
245,83,0
246,83,0
247,83,0
248,83,0
249,83,0
250,83,0
251,83,0
252,83,0
253,83,0
254,83,0
255,83,0
256,83,0
257,83,0
258,83,0
259,83,0
260,83,0
261,83,0
262,83,0
263,83,0
264,83,0
265,83,0
266,83,0
267,83,0
268,83,0
269,83,0
270,83,0
271,83,0
272,83,0
273,83,0
274,83,0
275,83,0
276,83,0
277,83,0
278,83,0
279,83,0
280,83,0
281,83,0
282,83,0
283,83,0
284,83,0
285,83,0
286,83,0
287,83,0
288,83,0
289,83,0
290,83,0
291,83,0
292,83,0
293,83,0
294,83,0
295,83,0
296,83,0
297,83,0
298,83,0
299,83,0
300,83,0
301,83,0
302,83,0
303,83,0
304,83,0
305,83,0
306,83,3
307,83,3
308,83,3
309,83,3
310,83,3
311,83,3
312,83,3
313,83,3
314,83,3
315,83,3
316,83,3
317,83,3
318,83,3
319,83,3
320,83,3
321,83,3
322,83,3
323,83,3
324,83,3
325,83,3
326,83,3
327,83,3
328,83,0
329,83,0
330,83,0
331,83,0
332,83,0
333,83,0
334,83,0
335,83,0
336,83,0
337,83,0
338,83,0
339,83,0
340,83,0
341,83,0
342,83,0
343,83,0
344,83,0
345,83,0
346,83,0
347,83,0
348,83,0
349,83,0
350,83,0
351,83,0
352,83,0
353,83,0
354,83,0
355,83,0
356,83,0
357,83,0
358,83,0
359,83,0
360,83,0
361,83,0
362,83,0
363,83,0
364,83,0
365,83,0
366,83,0
367,83,0
368,83,0
369,83,0
370,83,0
371,83,0
372,83,0
373,83,0
374,83,0
375,83,0
376,83,0
377,83,0
378,83,0
379,83,0
380,83,0
381,83,0
382,83,0
383,83,0
384,83,0
385,83,0
386,83,0
387,83,0
388,83,0
389,83,0
390,83,0
1,82,0
2,82,0
3,82,0
4,82,0
5,82,0
6,82,0
7,82,0
8,82,0
9,82,0
10,82,0
11,82,0
12,82,0
13,82,0
14,82,0
15,82,0
16,82,0
17,82,0
18,82,0
19,82,0
20,82,0
21,82,0
22,82,0
23,82,0
24,82,0
25,82,0
26,82,0
27,82,0
28,82,0
29,82,0
30,82,0
31,82,0
32,82,1
33,82,1
34,82,1
35,82,1
36,82,1
37,82,1
38,82,1
39,82,1
40,82,1
41,82,1
42,82,1
43,82,1
44,82,1
45,82,1
46,82,1
47,82,1
48,82,1
49,82,1
50,82,1
51,82,1
52,82,1
53,82,1
54,82,1
55,82,1
56,82,1
57,82,1
58,82,1
59,82,1
60,82,0
61,82,0
62,82,0
63,82,2
64,82,2
65,82,2
66,82,2
67,82,2
68,82,2
69,82,2
70,82,2
71,82,2
72,82,2
73,82,2
74,82,2
75,82,2
76,82,2
77,82,2
78,82,2
79,82,2
80,82,2
81,82,2
82,82,2
83,82,0
84,82,0
85,82,0
86,82,0
87,82,0
88,82,0
89,82,0
90,82,0
91,82,0
92,82,0
93,82,0
94,82,0
95,82,0
96,82,0
97,82,0
98,82,0
99,82,0
100,82,0
101,82,3
102,82,3
103,82,3
104,82,3
105,82,3
106,82,3
107,82,3
108,82,3
109,82,3
110,82,3
111,82,3
112,82,3
113,82,3
114,82,3
115,82,3
116,82,3
117,82,3
118,82,3
119,82,3
120,82,3
121,82,3
122,82,3
123,82,3
124,82,3
125,82,3
126,82,3
127,82,3
128,82,3
129,82,3
130,82,3
131,82,3
132,82,3
133,82,3
134,82,3
135,82,3
136,82,3
137,82,3
138,82,3
139,82,3
140,82,3
141,82,3
142,82,3
143,82,3
144,82,3
145,82,3
146,82,3
147,82,3
148,82,3
149,82,3
150,82,3
151,82,3
152,82,3
153,82,3
154,82,3
155,82,3
156,82,3
157,82,3
158,82,3
159,82,3
160,82,3
161,82,3
162,82,3
163,82,3
164,82,3
165,82,3
166,82,3
167,82,3
168,82,3
169,82,3
170,82,3
171,82,3
172,82,3
173,82,3
174,82,3
175,82,3
176,82,3
177,82,3
178,82,3
179,82,3
180,82,3
181,82,3
182,82,3
183,82,3
184,82,3
185,82,3
186,82,3
187,82,3
188,82,3
189,82,3
190,82,3
191,82,3
192,82,0
193,82,0
194,82,0
195,82,0
196,82,0
197,82,0
198,82,0
199,82,0
200,82,0
201,82,0
202,82,0
203,82,0
204,82,0
205,82,0
206,82,0
207,82,0
208,82,0
209,82,0
210,82,0
211,82,0
212,82,0
213,82,0
214,82,0
215,82,0
216,82,0
217,82,0
218,82,0
219,82,0
220,82,0
221,82,0
222,82,0
223,82,0
224,82,0
225,82,0
226,82,0
227,82,0
228,82,0
229,82,0
230,82,0
231,82,0
232,82,0
233,82,0
234,82,0
235,82,0
236,82,0
237,82,0
238,82,0
239,82,0
240,82,0
241,82,0
242,82,0
243,82,0
244,82,0
245,82,0
246,82,0
247,82,0
248,82,0
249,82,0
250,82,0
251,82,0
252,82,0
253,82,0
254,82,0
255,82,0
256,82,0
257,82,0
258,82,0
259,82,0
260,82,0
261,82,0
262,82,0
263,82,0
264,82,0
265,82,0
266,82,0
267,82,0
268,82,0
269,82,0
270,82,0
271,82,0
272,82,0
273,82,0
274,82,0
275,82,0
276,82,0
277,82,0
278,82,0
279,82,0
280,82,0
281,82,0
282,82,0
283,82,0
284,82,0
285,82,0
286,82,0
287,82,0
288,82,0
289,82,0
290,82,0
291,82,0
292,82,0
293,82,0
294,82,0
295,82,0
296,82,0
297,82,0
298,82,0
299,82,0
300,82,0
301,82,0
302,82,0
303,82,0
304,82,0
305,82,0
306,82,0
307,82,0
308,82,0
309,82,3
310,82,3
311,82,3
312,82,3
313,82,3
314,82,3
315,82,3
316,82,3
317,82,3
318,82,3
319,82,3
320,82,3
321,82,3
322,82,3
323,82,3
324,82,3
325,82,3
326,82,3
327,82,0
328,82,0
329,82,0
330,82,0
331,82,0
332,82,0
333,82,0
334,82,0
335,82,0
336,82,0
337,82,0
338,82,0
339,82,0
340,82,0
341,82,0
342,82,0
343,82,0
344,82,0
345,82,0
346,82,0
347,82,0
348,82,0
349,82,0
350,82,0
351,82,0
352,82,0
353,82,0
354,82,0
355,82,0
356,82,0
357,82,0
358,82,0
359,82,0
360,82,0
361,82,0
362,82,0
363,82,0
364,82,0
365,82,0
366,82,0
367,82,0
368,82,0
369,82,0
370,82,0
371,82,0
372,82,0
373,82,0
374,82,0
375,82,0
376,82,0
377,82,0
378,82,0
379,82,0
380,82,0
381,82,0
382,82,0
383,82,0
384,82,0
385,82,0
386,82,0
387,82,0
388,82,0
389,82,0
390,82,0
1,81,0
2,81,0
3,81,0
4,81,0
5,81,0
6,81,0
7,81,0
8,81,0
9,81,0
10,81,0
11,81,0
12,81,0
13,81,0
14,81,0
15,81,0
16,81,0
17,81,0
18,81,0
19,81,0
20,81,0
21,81,0
22,81,0
23,81,0
24,81,0
25,81,0
26,81,0
27,81,0
28,81,0
29,81,0
30,81,0
31,81,1
32,81,1
33,81,1
34,81,1
35,81,1
36,81,1
37,81,1
38,81,1
39,81,1
40,81,1
41,81,1
42,81,1
43,81,1
44,81,1
45,81,1
46,81,1
47,81,1
48,81,1
49,81,1
50,81,1
51,81,1
52,81,1
53,81,1
54,81,1
55,81,1
56,81,1
57,81,1
58,81,1
59,81,0
60,81,0
61,81,0
62,81,0
63,81,2
64,81,2
65,81,2
66,81,2
67,81,2
68,81,2
69,81,2
70,81,2
71,81,2
72,81,2
73,81,2
74,81,2
75,81,2
76,81,2
77,81,2
78,81,2
79,81,2
80,81,0
81,81,0
82,81,0
83,81,0
84,81,3
85,81,3
86,81,3
87,81,3
88,81,3
89,81,3
90,81,3
91,81,3
92,81,3
93,81,3
94,81,3
95,81,3
96,81,3
97,81,3
98,81,3
99,81,3
100,81,3
101,81,3
102,81,3
103,81,3
104,81,3
105,81,3
106,81,3
107,81,3
108,81,3
109,81,3
110,81,3
111,81,3
112,81,3
113,81,3
114,81,3
115,81,3
116,81,3
117,81,3
118,81,3
119,81,3
120,81,3
121,81,3
122,81,3
123,81,3
124,81,3
125,81,3
126,81,3
127,81,3
128,81,3
129,81,3
130,81,3
131,81,3
132,81,3
133,81,3
134,81,3
135,81,3
136,81,3
137,81,3
138,81,3
139,81,3
140,81,3
141,81,3
142,81,3
143,81,3
144,81,3
145,81,3
146,81,3
147,81,3
148,81,3
149,81,3
150,81,3
151,81,3
152,81,3
153,81,3
154,81,3
155,81,3
156,81,3
157,81,3
158,81,3
159,81,3
160,81,3
161,81,3
162,81,3
163,81,3
164,81,3
165,81,3
166,81,3
167,81,3
168,81,3
169,81,3
170,81,3
171,81,3
172,81,3
173,81,3
174,81,3
175,81,3
176,81,3
177,81,3
178,81,3
179,81,3
180,81,3
181,81,3
182,81,3
183,81,3
184,81,3
185,81,3
186,81,3
187,81,3
188,81,3
189,81,3
190,81,3
191,81,0
192,81,0
193,81,0
194,81,0
195,81,0
196,81,0
197,81,0
198,81,0
199,81,0
200,81,0
201,81,0
202,81,0
203,81,0
204,81,0
205,81,0
206,81,0
207,81,0
208,81,0
209,81,0
210,81,0
211,81,0
212,81,0
213,81,0
214,81,0
215,81,0
216,81,0
217,81,0
218,81,0
219,81,0
220,81,0
221,81,0
222,81,0
223,81,0
224,81,0
225,81,0
226,81,0
227,81,0
228,81,0
229,81,0
230,81,0
231,81,0
232,81,0
233,81,0
234,81,0
235,81,0
236,81,0
237,81,0
238,81,0
239,81,0
240,81,0
241,81,0
242,81,0
243,81,0
244,81,0
245,81,0
246,81,0
247,81,0
248,81,0
249,81,0
250,81,0
251,81,0
252,81,0
253,81,0
254,81,0
255,81,0
256,81,0
257,81,0
258,81,0
259,81,0
260,81,0
261,81,0
262,81,0
263,81,0
264,81,0
265,81,0
266,81,0
267,81,0
268,81,0
269,81,0
270,81,0
271,81,0
272,81,0
273,81,0
274,81,0
275,81,0
276,81,0
277,81,0
278,81,0
279,81,0
280,81,0
281,81,0
282,81,0
283,81,0
284,81,0
285,81,0
286,81,0
287,81,0
288,81,0
289,81,0
290,81,0
291,81,0
292,81,0
293,81,0
294,81,0
295,81,0
296,81,0
297,81,0
298,81,0
299,81,0
300,81,0
301,81,0
302,81,0
303,81,0
304,81,0
305,81,0
306,81,0
307,81,0
308,81,0
309,81,0
310,81,0
311,81,0
312,81,0
313,81,0
314,81,0
315,81,0
316,81,0
317,81,0
318,81,0
319,81,0
320,81,0
321,81,0
322,81,3
323,81,3
324,81,3
325,81,3
326,81,0
327,81,0
328,81,0
329,81,0
330,81,0
331,81,0
332,81,0
333,81,0
334,81,0
335,81,0
336,81,0
337,81,0
338,81,0
339,81,0
340,81,0
341,81,0
342,81,0
343,81,0
344,81,0
345,81,0
346,81,0
347,81,0
348,81,0
349,81,0
350,81,0
351,81,0
352,81,0
353,81,0
354,81,0
355,81,0
356,81,0
357,81,0
358,81,0
359,81,0
360,81,0
361,81,0
362,81,0
363,81,0
364,81,0
365,81,0
366,81,0
367,81,0
368,81,0
369,81,0
370,81,0
371,81,0
372,81,0
373,81,0
374,81,0
375,81,0
376,81,0
377,81,0
378,81,0
379,81,0
380,81,0
381,81,0
382,81,0
383,81,0
384,81,0
385,81,0
386,81,0
387,81,0
388,81,0
389,81,0
390,81,0
1,80,0
2,80,0
3,80,0
4,80,0
5,80,0
6,80,0
7,80,0
8,80,0
9,80,0
10,80,0
11,80,0
12,80,0
13,80,0
14,80,0
15,80,0
16,80,0
17,80,0
18,80,0
19,80,0
20,80,0
21,80,0
22,80,0
23,80,0
24,80,0
25,80,0
26,80,0
27,80,0
28,80,0
29,80,0
30,80,0
31,80,0
32,80,1
33,80,1
34,80,1
35,80,1
36,80,1
37,80,1
38,80,1
39,80,1
40,80,1
41,80,1
42,80,1
43,80,1
44,80,1
45,80,1
46,80,1
47,80,1
48,80,1
49,80,1
50,80,1
51,80,1
52,80,1
53,80,1
54,80,1
55,80,1
56,80,1
57,80,1
58,80,1
59,80,0
60,80,0
61,80,0
62,80,2
63,80,2
64,80,2
65,80,2
66,80,2
67,80,2
68,80,2
69,80,2
70,80,2
71,80,2
72,80,2
73,80,2
74,80,2
75,80,2
76,80,2
77,80,2
78,80,2
79,80,0
80,80,0
81,80,0
82,80,3
83,80,3
84,80,3
85,80,3
86,80,3
87,80,3
88,80,3
89,80,3
90,80,3
91,80,3
92,80,3
93,80,3
94,80,3
95,80,3
96,80,3
97,80,3
98,80,3
99,80,3
100,80,3
101,80,3
102,80,3
103,80,3
104,80,3
105,80,3
106,80,3
107,80,3
108,80,3
109,80,3
110,80,3
111,80,3
112,80,3
113,80,3
114,80,3
115,80,3
116,80,3
117,80,3
118,80,3
119,80,3
120,80,3
121,80,3
122,80,3
123,80,3
124,80,3
125,80,3
126,80,3
127,80,3
128,80,3
129,80,3
130,80,3
131,80,3
132,80,3
133,80,3
134,80,3
135,80,3
136,80,3
137,80,3
138,80,3
139,80,3
140,80,3
141,80,3
142,80,3
143,80,3
144,80,3
145,80,3
146,80,3
147,80,3
148,80,3
149,80,3
150,80,3
151,80,3
152,80,3
153,80,3
154,80,3
155,80,3
156,80,3
157,80,3
158,80,3
159,80,3
160,80,3
161,80,3
162,80,3
163,80,3
164,80,3
165,80,3
166,80,3
167,80,3
168,80,3
169,80,3
170,80,3
171,80,3
172,80,3
173,80,3
174,80,3
175,80,3
176,80,3
177,80,3
178,80,3
179,80,3
180,80,3
181,80,3
182,80,3
183,80,3
184,80,3
185,80,3
186,80,3
187,80,3
188,80,3
189,80,3
190,80,0
191,80,0
192,80,0
193,80,0
194,80,0
195,80,0
196,80,0
197,80,0
198,80,0
199,80,0
200,80,0
201,80,0
202,80,0
203,80,0
204,80,0
205,80,0
206,80,0
207,80,0
208,80,0
209,80,0
210,80,0
211,80,0
212,80,0
213,80,0
214,80,0
215,80,0
216,80,0
217,80,0
218,80,0
219,80,0
220,80,0
221,80,0
222,80,0
223,80,0
224,80,0
225,80,0
226,80,0
227,80,0
228,80,0
229,80,0
230,80,0
231,80,0
232,80,0
233,80,0
234,80,0
235,80,0
236,80,0
237,80,0
238,80,0
239,80,0
240,80,0
241,80,0
242,80,0
243,80,0
244,80,0
245,80,0
246,80,0
247,80,0
248,80,0
249,80,0
250,80,0
251,80,0
252,80,0
253,80,0
254,80,0
255,80,0
256,80,0
257,80,0
258,80,0
259,80,0
260,80,0
261,80,0
262,80,0
263,80,0
264,80,0
265,80,0
266,80,0
267,80,0
268,80,0
269,80,0
270,80,0
271,80,0
272,80,0
273,80,0
274,80,0
275,80,0
276,80,0
277,80,0
278,80,0
279,80,0
280,80,0
281,80,0
282,80,0
283,80,0
284,80,0
285,80,0
286,80,0
287,80,0
288,80,0
289,80,0
290,80,0
291,80,0
292,80,0
293,80,0
294,80,0
295,80,0
296,80,0
297,80,0
298,80,0
299,80,0
300,80,0
301,80,0
302,80,0
303,80,0
304,80,0
305,80,0
306,80,0
307,80,0
308,80,0
309,80,0
310,80,0
311,80,0
312,80,0
313,80,0
314,80,0
315,80,0
316,80,0
317,80,0
318,80,0
319,80,0
320,80,0
321,80,0
322,80,3
323,80,3
324,80,3
325,80,3
326,80,0
327,80,0
328,80,0
329,80,0
330,80,0
331,80,0
332,80,0
333,80,0
334,80,0
335,80,0
336,80,0
337,80,0
338,80,0
339,80,0
340,80,0
341,80,0
342,80,0
343,80,0
344,80,0
345,80,0
346,80,0
347,80,0
348,80,0
349,80,0
350,80,0
351,80,0
352,80,0
353,80,0
354,80,0
355,80,0
356,80,0
357,80,0
358,80,0
359,80,0
360,80,0
361,80,0
362,80,0
363,80,0
364,80,0
365,80,0
366,80,0
367,80,0
368,80,0
369,80,0
370,80,0
371,80,0
372,80,0
373,80,0
374,80,0
375,80,0
376,80,0
377,80,0
378,80,0
379,80,0
380,80,0
381,80,0
382,80,0
383,80,0
384,80,0
385,80,0
386,80,0
387,80,0
388,80,0
389,80,0
390,80,0
1,79,0
2,79,0
3,79,0
4,79,0
5,79,0
6,79,0
7,79,0
8,79,0
9,79,0
10,79,0
11,79,0
12,79,0
13,79,0
14,79,0
15,79,0
16,79,0
17,79,0
18,79,0
19,79,0
20,79,0
21,79,0
22,79,0
23,79,0
24,79,0
25,79,0
26,79,0
27,79,0
28,79,0
29,79,0
30,79,0
31,79,1
32,79,0
33,79,1
34,79,1
35,79,1
36,79,1
37,79,1
38,79,1
39,79,1
40,79,1
41,79,1
42,79,1
43,79,1
44,79,1
45,79,1
46,79,1
47,79,1
48,79,1
49,79,1
50,79,1
51,79,1
52,79,1
53,79,1
54,79,1
55,79,1
56,79,1
57,79,1
58,79,0
59,79,0
60,79,0
61,79,0
62,79,2
63,79,2
64,79,2
65,79,2
66,79,2
67,79,2
68,79,2
69,79,2
70,79,2
71,79,2
72,79,2
73,79,2
74,79,2
75,79,2
76,79,2
77,79,0
78,79,0
79,79,0
80,79,3
81,79,3
82,79,3
83,79,3
84,79,3
85,79,3
86,79,3
87,79,3
88,79,3
89,79,3
90,79,3
91,79,3
92,79,3
93,79,3
94,79,3
95,79,3
96,79,3
97,79,3
98,79,3
99,79,3
100,79,3
101,79,3
102,79,3
103,79,3
104,79,3
105,79,3
106,79,3
107,79,3
108,79,3
109,79,3
110,79,3
111,79,3
112,79,3
113,79,3
114,79,3
115,79,3
116,79,3
117,79,3
118,79,3
119,79,3
120,79,3
121,79,3
122,79,3
123,79,3
124,79,3
125,79,3
126,79,3
127,79,3
128,79,3
129,79,3
130,79,3
131,79,3
132,79,3
133,79,3
134,79,3
135,79,3
136,79,3
137,79,3
138,79,3
139,79,3
140,79,3
141,79,3
142,79,3
143,79,3
144,79,3
145,79,3
146,79,3
147,79,3
148,79,3
149,79,3
150,79,3
151,79,3
152,79,3
153,79,3
154,79,3
155,79,3
156,79,3
157,79,3
158,79,3
159,79,3
160,79,3
161,79,3
162,79,3
163,79,3
164,79,3
165,79,3
166,79,3
167,79,3
168,79,3
169,79,3
170,79,3
171,79,3
172,79,3
173,79,3
174,79,3
175,79,3
176,79,3
177,79,3
178,79,3
179,79,3
180,79,3
181,79,3
182,79,3
183,79,3
184,79,3
185,79,3
186,79,3
187,79,0
188,79,0
189,79,0
190,79,0
191,79,0
192,79,0
193,79,0
194,79,0
195,79,0
196,79,0
197,79,0
198,79,0
199,79,0
200,79,0
201,79,0
202,79,0
203,79,0
204,79,0
205,79,0
206,79,0
207,79,0
208,79,0
209,79,0
210,79,0
211,79,0
212,79,0
213,79,0
214,79,0
215,79,0
216,79,0
217,79,0
218,79,0
219,79,0
220,79,0
221,79,0
222,79,0
223,79,0
224,79,0
225,79,0
226,79,0
227,79,0
228,79,0
229,79,0
230,79,0
231,79,0
232,79,0
233,79,0
234,79,0
235,79,0
236,79,0
237,79,0
238,79,0
239,79,0
240,79,0
241,79,0
242,79,0
243,79,0
244,79,0
245,79,0
246,79,0
247,79,0
248,79,0
249,79,0
250,79,0
251,79,0
252,79,0
253,79,0
254,79,0
255,79,0
256,79,0
257,79,0
258,79,0
259,79,0
260,79,0
261,79,0
262,79,0
263,79,0
264,79,0
265,79,0
266,79,0
267,79,0
268,79,0
269,79,0
270,79,0
271,79,0
272,79,0
273,79,0
274,79,0
275,79,0
276,79,0
277,79,0
278,79,0
279,79,0
280,79,0
281,79,0
282,79,0
283,79,0
284,79,0
285,79,0
286,79,0
287,79,0
288,79,0
289,79,0
290,79,0
291,79,0
292,79,0
293,79,0
294,79,0
295,79,0
296,79,0
297,79,0
298,79,0
299,79,0
300,79,0
301,79,0
302,79,0
303,79,0
304,79,0
305,79,0
306,79,0
307,79,0
308,79,0
309,79,0
310,79,0
311,79,0
312,79,0
313,79,0
314,79,0
315,79,0
316,79,0
317,79,0
318,79,0
319,79,0
320,79,0
321,79,0
322,79,0
323,79,3
324,79,3
325,79,0
326,79,0
327,79,0
328,79,0
329,79,0
330,79,0
331,79,0
332,79,0
333,79,0
334,79,0
335,79,0
336,79,0
337,79,0
338,79,0
339,79,0
340,79,0
341,79,0
342,79,0
343,79,0
344,79,0
345,79,0
346,79,0
347,79,0
348,79,0
349,79,0
350,79,0
351,79,0
352,79,0
353,79,0
354,79,0
355,79,0
356,79,0
357,79,0
358,79,0
359,79,0
360,79,0
361,79,0
362,79,0
363,79,0
364,79,0
365,79,0
366,79,0
367,79,0
368,79,0
369,79,0
370,79,0
371,79,0
372,79,0
373,79,0
374,79,0
375,79,0
376,79,0
377,79,0
378,79,0
379,79,0
380,79,0
381,79,0
382,79,0
383,79,0
384,79,0
385,79,0
386,79,0
387,79,0
388,79,0
389,79,0
390,79,0
1,78,0
2,78,0
3,78,0
4,78,0
5,78,0
6,78,0
7,78,0
8,78,0
9,78,0
10,78,0
11,78,0
12,78,0
13,78,0
14,78,0
15,78,0
16,78,0
17,78,0
18,78,0
19,78,0
20,78,0
21,78,0
22,78,0
23,78,0
24,78,0
25,78,0
26,78,0
27,78,0
28,78,0
29,78,0
30,78,0
31,78,1
32,78,1
33,78,1
34,78,1
35,78,1
36,78,1
37,78,1
38,78,1
39,78,1
40,78,1
41,78,1
42,78,1
43,78,1
44,78,1
45,78,1
46,78,1
47,78,1
48,78,1
49,78,1
50,78,1
51,78,1
52,78,1
53,78,1
54,78,1
55,78,1
56,78,1
57,78,0
58,78,0
59,78,0
60,78,0
61,78,2
62,78,2
63,78,2
64,78,2
65,78,2
66,78,2
67,78,2
68,78,2
69,78,2
70,78,2
71,78,2
72,78,2
73,78,2
74,78,2
75,78,2
76,78,0
77,78,0
78,78,0
79,78,3
80,78,3
81,78,3
82,78,3
83,78,3
84,78,3
85,78,3
86,78,3
87,78,3
88,78,3
89,78,3
90,78,3
91,78,3
92,78,3
93,78,3
94,78,3
95,78,3
96,78,3
97,78,3
98,78,3
99,78,3
100,78,3
101,78,3
102,78,3
103,78,3
104,78,3
105,78,3
106,78,3
107,78,3
108,78,3
109,78,3
110,78,3
111,78,3
112,78,3
113,78,3
114,78,3
115,78,3
116,78,3
117,78,3
118,78,3
119,78,3
120,78,3
121,78,3
122,78,3
123,78,3
124,78,3
125,78,3
126,78,3
127,78,3
128,78,3
129,78,3
130,78,3
131,78,3
132,78,3
133,78,3
134,78,3
135,78,3
136,78,3
137,78,3
138,78,3
139,78,3
140,78,3
141,78,3
142,78,3
143,78,3
144,78,3
145,78,3
146,78,3
147,78,3
148,78,3
149,78,3
150,78,3
151,78,3
152,78,3
153,78,3
154,78,3
155,78,3
156,78,3
157,78,3
158,78,3
159,78,3
160,78,3
161,78,3
162,78,3
163,78,3
164,78,3
165,78,3
166,78,3
167,78,3
168,78,3
169,78,3
170,78,3
171,78,3
172,78,3
173,78,3
174,78,3
175,78,3
176,78,3
177,78,3
178,78,3
179,78,3
180,78,3
181,78,3
182,78,3
183,78,3
184,78,3
185,78,3
186,78,0
187,78,0
188,78,0
189,78,0
190,78,0
191,78,0
192,78,0
193,78,0
194,78,0
195,78,0
196,78,0
197,78,0
198,78,0
199,78,0
200,78,0
201,78,0
202,78,0
203,78,0
204,78,0
205,78,0
206,78,0
207,78,0
208,78,0
209,78,0
210,78,0
211,78,0
212,78,0
213,78,0
214,78,0
215,78,0
216,78,0
217,78,0
218,78,0
219,78,0
220,78,0
221,78,0
222,78,0
223,78,0
224,78,0
225,78,0
226,78,0
227,78,0
228,78,0
229,78,0
230,78,0
231,78,0
232,78,0
233,78,0
234,78,0
235,78,0
236,78,0
237,78,0
238,78,0
239,78,0
240,78,0
241,78,0
242,78,0
243,78,0
244,78,0
245,78,0
246,78,0
247,78,0
248,78,0
249,78,0
250,78,0
251,78,0
252,78,0
253,78,0
254,78,0
255,78,0
256,78,0
257,78,0
258,78,0
259,78,0
260,78,0
261,78,0
262,78,0
263,78,0
264,78,0
265,78,0
266,78,0
267,78,0
268,78,0
269,78,0
270,78,0
271,78,0
272,78,0
273,78,0
274,78,0
275,78,0
276,78,0
277,78,0
278,78,0
279,78,0
280,78,0
281,78,0
282,78,0
283,78,0
284,78,0
285,78,0
286,78,0
287,78,0
288,78,0
289,78,0
290,78,0
291,78,0
292,78,0
293,78,0
294,78,0
295,78,0
296,78,0
297,78,0
298,78,0
299,78,0
300,78,0
301,78,0
302,78,0
303,78,0
304,78,0
305,78,0
306,78,0
307,78,0
308,78,0
309,78,0
310,78,0
311,78,0
312,78,0
313,78,0
314,78,0
315,78,0
316,78,0
317,78,0
318,78,0
319,78,0
320,78,0
321,78,0
322,78,0
323,78,0
324,78,0
325,78,0
326,78,0
327,78,0
328,78,0
329,78,0
330,78,0
331,78,0
332,78,0
333,78,0
334,78,0
335,78,0
336,78,0
337,78,0
338,78,0
339,78,0
340,78,0
341,78,0
342,78,0
343,78,0
344,78,0
345,78,0
346,78,0
347,78,0
348,78,0
349,78,0
350,78,0
351,78,0
352,78,0
353,78,0
354,78,0
355,78,0
356,78,0
357,78,0
358,78,0
359,78,0
360,78,0
361,78,0
362,78,0
363,78,0
364,78,0
365,78,0
366,78,0
367,78,0
368,78,0
369,78,0
370,78,0
371,78,0
372,78,0
373,78,0
374,78,0
375,78,0
376,78,0
377,78,0
378,78,0
379,78,0
380,78,0
381,78,0
382,78,0
383,78,0
384,78,0
385,78,0
386,78,0
387,78,0
388,78,0
389,78,0
390,78,0
1,77,0
2,77,0
3,77,0
4,77,0
5,77,0
6,77,0
7,77,0
8,77,0
9,77,0
10,77,0
11,77,0
12,77,0
13,77,0
14,77,0
15,77,0
16,77,0
17,77,0
18,77,0
19,77,0
20,77,0
21,77,0
22,77,0
23,77,0
24,77,0
25,77,0
26,77,0
27,77,0
28,77,0
29,77,0
30,77,0
31,77,1
32,77,1
33,77,1
34,77,1
35,77,1
36,77,1
37,77,1
38,77,1
39,77,1
40,77,1
41,77,1
42,77,1
43,77,1
44,77,1
45,77,1
46,77,1
47,77,1
48,77,1
49,77,1
50,77,1
51,77,1
52,77,1
53,77,1
54,77,1
55,77,1
56,77,1
57,77,0
58,77,0
59,77,0
60,77,0
61,77,2
62,77,2
63,77,2
64,77,2
65,77,2
66,77,2
67,77,2
68,77,2
69,77,2
70,77,2
71,77,2
72,77,2
73,77,2
74,77,2
75,77,2
76,77,0
77,77,0
78,77,3
79,77,3
80,77,3
81,77,3
82,77,3
83,77,3
84,77,3
85,77,3
86,77,3
87,77,3
88,77,3
89,77,3
90,77,3
91,77,3
92,77,3
93,77,3
94,77,3
95,77,3
96,77,3
97,77,3
98,77,3
99,77,3
100,77,3
101,77,3
102,77,3
103,77,3
104,77,3
105,77,3
106,77,3
107,77,3
108,77,3
109,77,3
110,77,3
111,77,3
112,77,3
113,77,3
114,77,3
115,77,3
116,77,3
117,77,3
118,77,3
119,77,3
120,77,3
121,77,3
122,77,3
123,77,3
124,77,3
125,77,3
126,77,3
127,77,3
128,77,3
129,77,3
130,77,3
131,77,3
132,77,3
133,77,3
134,77,3
135,77,3
136,77,3
137,77,3
138,77,3
139,77,3
140,77,3
141,77,3
142,77,3
143,77,3
144,77,3
145,77,3
146,77,3
147,77,3
148,77,3
149,77,3
150,77,3
151,77,3
152,77,3
153,77,3
154,77,3
155,77,3
156,77,3
157,77,3
158,77,3
159,77,3
160,77,3
161,77,3
162,77,3
163,77,3
164,77,3
165,77,3
166,77,3
167,77,3
168,77,3
169,77,3
170,77,3
171,77,3
172,77,3
173,77,3
174,77,3
175,77,3
176,77,3
177,77,3
178,77,3
179,77,3
180,77,3
181,77,3
182,77,0
183,77,0
184,77,0
185,77,0
186,77,0
187,77,0
188,77,0
189,77,0
190,77,0
191,77,0
192,77,0
193,77,0
194,77,0
195,77,0
196,77,0
197,77,0
198,77,0
199,77,0
200,77,0
201,77,0
202,77,0
203,77,0
204,77,0
205,77,0
206,77,0
207,77,0
208,77,0
209,77,0
210,77,0
211,77,0
212,77,0
213,77,0
214,77,0
215,77,0
216,77,0
217,77,0
218,77,0
219,77,0
220,77,0
221,77,0
222,77,0
223,77,0
224,77,0
225,77,0
226,77,0
227,77,0
228,77,0
229,77,0
230,77,0
231,77,0
232,77,0
233,77,0
234,77,0
235,77,0
236,77,0
237,77,0
238,77,0
239,77,0
240,77,0
241,77,0
242,77,0
243,77,0
244,77,0
245,77,0
246,77,0
247,77,0
248,77,0
249,77,0
250,77,0
251,77,0
252,77,0
253,77,0
254,77,0
255,77,0
256,77,0
257,77,0
258,77,0
259,77,0
260,77,0
261,77,0
262,77,0
263,77,0
264,77,0
265,77,0
266,77,0
267,77,0
268,77,0
269,77,0
270,77,0
271,77,0
272,77,0
273,77,0
274,77,0
275,77,0
276,77,0
277,77,0
278,77,0
279,77,0
280,77,0
281,77,0
282,77,0
283,77,0
284,77,0
285,77,0
286,77,0
287,77,0
288,77,0
289,77,0
290,77,0
291,77,0
292,77,0
293,77,0
294,77,0
295,77,0
296,77,0
297,77,0
298,77,0
299,77,0
300,77,0
301,77,0
302,77,0
303,77,0
304,77,0
305,77,0
306,77,0
307,77,0
308,77,0
309,77,0
310,77,0
311,77,0
312,77,0
313,77,0
314,77,0
315,77,0
316,77,0
317,77,0
318,77,0
319,77,0
320,77,0
321,77,0
322,77,0
323,77,0
324,77,0
325,77,0
326,77,0
327,77,0
328,77,0
329,77,0
330,77,0
331,77,0
332,77,0
333,77,0
334,77,0
335,77,0
336,77,0
337,77,0
338,77,0
339,77,0
340,77,0
341,77,0
342,77,0
343,77,0
344,77,0
345,77,0
346,77,0
347,77,0
348,77,0
349,77,0
350,77,0
351,77,0
352,77,0
353,77,0
354,77,0
355,77,0
356,77,0
357,77,0
358,77,0
359,77,0
360,77,0
361,77,0
362,77,0
363,77,0
364,77,0
365,77,0
366,77,0
367,77,0
368,77,0
369,77,0
370,77,0
371,77,0
372,77,0
373,77,0
374,77,0
375,77,0
376,77,0
377,77,0
378,77,0
379,77,0
380,77,0
381,77,0
382,77,0
383,77,0
384,77,0
385,77,0
386,77,0
387,77,0
388,77,0
389,77,0
390,77,0
1,76,0
2,76,0
3,76,0
4,76,0
5,76,0
6,76,0
7,76,0
8,76,0
9,76,0
10,76,0
11,76,0
12,76,0
13,76,0
14,76,0
15,76,0
16,76,0
17,76,0
18,76,0
19,76,0
20,76,0
21,76,0
22,76,0
23,76,0
24,76,0
25,76,0
26,76,0
27,76,0
28,76,0
29,76,0
30,76,0
31,76,0
32,76,0
33,76,1
34,76,1
35,76,1
36,76,1
37,76,1
38,76,1
39,76,1
40,76,1
41,76,1
42,76,1
43,76,1
44,76,1
45,76,1
46,76,1
47,76,1
48,76,1
49,76,1
50,76,1
51,76,1
52,76,1
53,76,1
54,76,1
55,76,1
56,76,1
57,76,0
58,76,0
59,76,0
60,76,2
61,76,2
62,76,2
63,76,2
64,76,2
65,76,2
66,76,2
67,76,2
68,76,2
69,76,2
70,76,2
71,76,2
72,76,2
73,76,2
74,76,2
75,76,0
76,76,0
77,76,3
78,76,3
79,76,3
80,76,3
81,76,3
82,76,3
83,76,3
84,76,3
85,76,3
86,76,3
87,76,3
88,76,3
89,76,3
90,76,3
91,76,3
92,76,3
93,76,3
94,76,3
95,76,3
96,76,3
97,76,3
98,76,3
99,76,3
100,76,3
101,76,3
102,76,3
103,76,3
104,76,3
105,76,3
106,76,3
107,76,3
108,76,3
109,76,3
110,76,3
111,76,3
112,76,3
113,76,3
114,76,3
115,76,3
116,76,3
117,76,3
118,76,3
119,76,3
120,76,3
121,76,3
122,76,3
123,76,3
124,76,3
125,76,3
126,76,3
127,76,3
128,76,3
129,76,3
130,76,3
131,76,3
132,76,3
133,76,3
134,76,3
135,76,3
136,76,3
137,76,3
138,76,3
139,76,3
140,76,3
141,76,3
142,76,3
143,76,3
144,76,3
145,76,3
146,76,3
147,76,3
148,76,3
149,76,3
150,76,3
151,76,3
152,76,3
153,76,3
154,76,3
155,76,3
156,76,3
157,76,3
158,76,3
159,76,3
160,76,3
161,76,3
162,76,3
163,76,3
164,76,3
165,76,3
166,76,3
167,76,3
168,76,3
169,76,3
170,76,3
171,76,3
172,76,3
173,76,3
174,76,3
175,76,3
176,76,3
177,76,3
178,76,3
179,76,3
180,76,3
181,76,0
182,76,0
183,76,0
184,76,0
185,76,0
186,76,0
187,76,0
188,76,0
189,76,0
190,76,0
191,76,0
192,76,0
193,76,0
194,76,0
195,76,0
196,76,0
197,76,0
198,76,0
199,76,0
200,76,0
201,76,0
202,76,0
203,76,0
204,76,0
205,76,0
206,76,0
207,76,0
208,76,0
209,76,0
210,76,0
211,76,0
212,76,0
213,76,0
214,76,0
215,76,0
216,76,0
217,76,0
218,76,0
219,76,0
220,76,0
221,76,0
222,76,0
223,76,0
224,76,0
225,76,0
226,76,0
227,76,0
228,76,0
229,76,0
230,76,0
231,76,0
232,76,0
233,76,0
234,76,0
235,76,0
236,76,0
237,76,0
238,76,0
239,76,0
240,76,0
241,76,0
242,76,0
243,76,0
244,76,0
245,76,0
246,76,0
247,76,0
248,76,0
249,76,0
250,76,0
251,76,0
252,76,0
253,76,0
254,76,0
255,76,0
256,76,0
257,76,0
258,76,0
259,76,0
260,76,0
261,76,0
262,76,0
263,76,0
264,76,0
265,76,0
266,76,0
267,76,0
268,76,0
269,76,0
270,76,0
271,76,0
272,76,0
273,76,0
274,76,0
275,76,0
276,76,0
277,76,0
278,76,0
279,76,0
280,76,0
281,76,0
282,76,0
283,76,0
284,76,0
285,76,0
286,76,0
287,76,0
288,76,0
289,76,0
290,76,0
291,76,0
292,76,0
293,76,0
294,76,0
295,76,0
296,76,0
297,76,0
298,76,0
299,76,0
300,76,0
301,76,0
302,76,0
303,76,0
304,76,0
305,76,0
306,76,0
307,76,0
308,76,0
309,76,0
310,76,0
311,76,0
312,76,0
313,76,0
314,76,0
315,76,0
316,76,0
317,76,0
318,76,0
319,76,0
320,76,0
321,76,0
322,76,0
323,76,0
324,76,0
325,76,0
326,76,0
327,76,0
328,76,0
329,76,0
330,76,0
331,76,0
332,76,0
333,76,0
334,76,0
335,76,0
336,76,0
337,76,0
338,76,0
339,76,0
340,76,0
341,76,0
342,76,0
343,76,0
344,76,0
345,76,0
346,76,0
347,76,0
348,76,0
349,76,0
350,76,0
351,76,0
352,76,0
353,76,0
354,76,0
355,76,0
356,76,0
357,76,0
358,76,0
359,76,0
360,76,0
361,76,0
362,76,0
363,76,0
364,76,0
365,76,0
366,76,0
367,76,0
368,76,0
369,76,0
370,76,0
371,76,0
372,76,0
373,76,0
374,76,0
375,76,0
376,76,0
377,76,0
378,76,0
379,76,0
380,76,0
381,76,0
382,76,0
383,76,0
384,76,0
385,76,0
386,76,0
387,76,0
388,76,0
389,76,0
390,76,0
1,75,0
2,75,0
3,75,0
4,75,0
5,75,0
6,75,0
7,75,0
8,75,0
9,75,0
10,75,0
11,75,0
12,75,0
13,75,0
14,75,0
15,75,0
16,75,0
17,75,0
18,75,0
19,75,0
20,75,0
21,75,0
22,75,0
23,75,0
24,75,0
25,75,0
26,75,0
27,75,0
28,75,0
29,75,0
30,75,0
31,75,1
32,75,1
33,75,1
34,75,1
35,75,1
36,75,1
37,75,1
38,75,1
39,75,1
40,75,1
41,75,1
42,75,1
43,75,1
44,75,1
45,75,1
46,75,1
47,75,1
48,75,1
49,75,1
50,75,1
51,75,1
52,75,1
53,75,1
54,75,1
55,75,1
56,75,1
57,75,0
58,75,0
59,75,0
60,75,2
61,75,2
62,75,2
63,75,2
64,75,2
65,75,2
66,75,2
67,75,2
68,75,2
69,75,2
70,75,2
71,75,2
72,75,2
73,75,2
74,75,0
75,75,0
76,75,3
77,75,3
78,75,3
79,75,3
80,75,3
81,75,3
82,75,3
83,75,3
84,75,3
85,75,3
86,75,3
87,75,3
88,75,3
89,75,3
90,75,3
91,75,3
92,75,3
93,75,3
94,75,3
95,75,3
96,75,3
97,75,3
98,75,3
99,75,3
100,75,3
101,75,3
102,75,3
103,75,3
104,75,3
105,75,3
106,75,3
107,75,3
108,75,3
109,75,3
110,75,3
111,75,3
112,75,3
113,75,3
114,75,3
115,75,3
116,75,3
117,75,3
118,75,3
119,75,3
120,75,3
121,75,3
122,75,3
123,75,3
124,75,3
125,75,3
126,75,3
127,75,3
128,75,3
129,75,3
130,75,3
131,75,3
132,75,3
133,75,3
134,75,3
135,75,3
136,75,3
137,75,3
138,75,3
139,75,3
140,75,3
141,75,3
142,75,3
143,75,3
144,75,3
145,75,3
146,75,3
147,75,3
148,75,3
149,75,3
150,75,3
151,75,3
152,75,3
153,75,3
154,75,3
155,75,3
156,75,3
157,75,3
158,75,3
159,75,3
160,75,3
161,75,3
162,75,3
163,75,3
164,75,3
165,75,3
166,75,3
167,75,3
168,75,3
169,75,3
170,75,3
171,75,3
172,75,3
173,75,3
174,75,3
175,75,3
176,75,3
177,75,3
178,75,0
179,75,0
180,75,0
181,75,0
182,75,0
183,75,0
184,75,0
185,75,0
186,75,0
187,75,0
188,75,0
189,75,0
190,75,0
191,75,0
192,75,0
193,75,0
194,75,0
195,75,0
196,75,0
197,75,0
198,75,0
199,75,0
200,75,0
201,75,0
202,75,0
203,75,0
204,75,0
205,75,0
206,75,0
207,75,0
208,75,0
209,75,0
210,75,0
211,75,0
212,75,0
213,75,0
214,75,0
215,75,0
216,75,0
217,75,0
218,75,0
219,75,0
220,75,0
221,75,0
222,75,0
223,75,0
224,75,0
225,75,0
226,75,0
227,75,0
228,75,0
229,75,0
230,75,0
231,75,0
232,75,0
233,75,0
234,75,0
235,75,0
236,75,0
237,75,0
238,75,0
239,75,0
240,75,0
241,75,0
242,75,0
243,75,0
244,75,0
245,75,0
246,75,0
247,75,0
248,75,0
249,75,0
250,75,0
251,75,0
252,75,0
253,75,0
254,75,0
255,75,0
256,75,0
257,75,0
258,75,0
259,75,0
260,75,0
261,75,0
262,75,0
263,75,0
264,75,0
265,75,0
266,75,0
267,75,0
268,75,0
269,75,0
270,75,0
271,75,0
272,75,0
273,75,0
274,75,0
275,75,0
276,75,0
277,75,0
278,75,0
279,75,0
280,75,0
281,75,0
282,75,0
283,75,0
284,75,0
285,75,0
286,75,0
287,75,0
288,75,0
289,75,0
290,75,0
291,75,0
292,75,0
293,75,0
294,75,0
295,75,0
296,75,0
297,75,0
298,75,0
299,75,0
300,75,0
301,75,0
302,75,0
303,75,0
304,75,0
305,75,0
306,75,0
307,75,0
308,75,0
309,75,0
310,75,0
311,75,0
312,75,0
313,75,0
314,75,0
315,75,0
316,75,0
317,75,0
318,75,0
319,75,0
320,75,0
321,75,0
322,75,0
323,75,0
324,75,0
325,75,0
326,75,0
327,75,0
328,75,0
329,75,0
330,75,0
331,75,0
332,75,0
333,75,0
334,75,0
335,75,0
336,75,0
337,75,0
338,75,0
339,75,0
340,75,0
341,75,0
342,75,0
343,75,0
344,75,0
345,75,0
346,75,0
347,75,0
348,75,0
349,75,0
350,75,0
351,75,0
352,75,0
353,75,0
354,75,0
355,75,0
356,75,0
357,75,0
358,75,0
359,75,0
360,75,0
361,75,0
362,75,0
363,75,0
364,75,0
365,75,0
366,75,0
367,75,0
368,75,0
369,75,0
370,75,0
371,75,0
372,75,0
373,75,0
374,75,0
375,75,0
376,75,0
377,75,0
378,75,0
379,75,0
380,75,0
381,75,0
382,75,0
383,75,0
384,75,0
385,75,0
386,75,0
387,75,0
388,75,0
389,75,0
390,75,0
1,74,0
2,74,0
3,74,0
4,74,0
5,74,0
6,74,0
7,74,0
8,74,0
9,74,0
10,74,0
11,74,0
12,74,0
13,74,0
14,74,0
15,74,0
16,74,0
17,74,0
18,74,0
19,74,0
20,74,0
21,74,0
22,74,0
23,74,0
24,74,0
25,74,0
26,74,0
27,74,0
28,74,0
29,74,0
30,74,0
31,74,1
32,74,1
33,74,1
34,74,1
35,74,1
36,74,1
37,74,1
38,74,1
39,74,1
40,74,1
41,74,1
42,74,1
43,74,1
44,74,1
45,74,1
46,74,1
47,74,1
48,74,1
49,74,1
50,74,1
51,74,1
52,74,1
53,74,1
54,74,1
55,74,1
56,74,0
57,74,0
58,74,0
59,74,2
60,74,2
61,74,2
62,74,2
63,74,2
64,74,2
65,74,2
66,74,2
67,74,2
68,74,2
69,74,2
70,74,2
71,74,2
72,74,2
73,74,0
74,74,0
75,74,3
76,74,3
77,74,3
78,74,3
79,74,3
80,74,3
81,74,3
82,74,3
83,74,3
84,74,3
85,74,3
86,74,3
87,74,3
88,74,3
89,74,3
90,74,3
91,74,3
92,74,3
93,74,3
94,74,3
95,74,3
96,74,3
97,74,3
98,74,3
99,74,3
100,74,3
101,74,3
102,74,3
103,74,3
104,74,3
105,74,3
106,74,3
107,74,3
108,74,3
109,74,3
110,74,3
111,74,3
112,74,3
113,74,3
114,74,3
115,74,3
116,74,3
117,74,3
118,74,3
119,74,3
120,74,3
121,74,3
122,74,3
123,74,3
124,74,3
125,74,3
126,74,3
127,74,3
128,74,3
129,74,3
130,74,3
131,74,3
132,74,3
133,74,3
134,74,3
135,74,3
136,74,3
137,74,3
138,74,3
139,74,3
140,74,3
141,74,3
142,74,3
143,74,3
144,74,3
145,74,3
146,74,3
147,74,3
148,74,3
149,74,3
150,74,3
151,74,3
152,74,3
153,74,3
154,74,3
155,74,3
156,74,3
157,74,3
158,74,3
159,74,3
160,74,3
161,74,3
162,74,3
163,74,3
164,74,3
165,74,3
166,74,3
167,74,3
168,74,3
169,74,3
170,74,3
171,74,3
172,74,3
173,74,3
174,74,3
175,74,3
176,74,3
177,74,0
178,74,0
179,74,0
180,74,0
181,74,0
182,74,0
183,74,0
184,74,0
185,74,0
186,74,0
187,74,0
188,74,0
189,74,0
190,74,0
191,74,0
192,74,0
193,74,0
194,74,0
195,74,0
196,74,0
197,74,0
198,74,0
199,74,0
200,74,0
201,74,0
202,74,0
203,74,0
204,74,0
205,74,0
206,74,0
207,74,0
208,74,0
209,74,0
210,74,0
211,74,0
212,74,0
213,74,0
214,74,0
215,74,0
216,74,0
217,74,0
218,74,0
219,74,0
220,74,0
221,74,0
222,74,0
223,74,0
224,74,0
225,74,0
226,74,0
227,74,0
228,74,0
229,74,0
230,74,0
231,74,0
232,74,0
233,74,0
234,74,0
235,74,0
236,74,0
237,74,0
238,74,0
239,74,0
240,74,0
241,74,0
242,74,0
243,74,0
244,74,0
245,74,0
246,74,0
247,74,0
248,74,0
249,74,0
250,74,0
251,74,0
252,74,0
253,74,0
254,74,0
255,74,0
256,74,0
257,74,0
258,74,0
259,74,0
260,74,0
261,74,0
262,74,0
263,74,0
264,74,0
265,74,0
266,74,0
267,74,0
268,74,0
269,74,0
270,74,0
271,74,0
272,74,0
273,74,0
274,74,0
275,74,0
276,74,0
277,74,0
278,74,0
279,74,0
280,74,0
281,74,0
282,74,0
283,74,0
284,74,0
285,74,0
286,74,0
287,74,0
288,74,0
289,74,0
290,74,0
291,74,0
292,74,0
293,74,0
294,74,0
295,74,0
296,74,0
297,74,0
298,74,0
299,74,0
300,74,0
301,74,0
302,74,0
303,74,0
304,74,0
305,74,0
306,74,0
307,74,0
308,74,0
309,74,0
310,74,0
311,74,0
312,74,0
313,74,0
314,74,0
315,74,0
316,74,0
317,74,0
318,74,0
319,74,0
320,74,0
321,74,0
322,74,0
323,74,0
324,74,0
325,74,0
326,74,0
327,74,0
328,74,0
329,74,0
330,74,0
331,74,0
332,74,0
333,74,0
334,74,0
335,74,0
336,74,0
337,74,0
338,74,0
339,74,0
340,74,0
341,74,0
342,74,0
343,74,0
344,74,0
345,74,0
346,74,0
347,74,0
348,74,0
349,74,0
350,74,0
351,74,0
352,74,0
353,74,0
354,74,0
355,74,0
356,74,0
357,74,0
358,74,0
359,74,0
360,74,0
361,74,0
362,74,0
363,74,0
364,74,0
365,74,0
366,74,0
367,74,0
368,74,0
369,74,0
370,74,0
371,74,0
372,74,0
373,74,0
374,74,0
375,74,0
376,74,0
377,74,0
378,74,0
379,74,0
380,74,0
381,74,0
382,74,0
383,74,0
384,74,0
385,74,0
386,74,0
387,74,0
388,74,0
389,74,0
390,74,0
1,73,0
2,73,0
3,73,0
4,73,0
5,73,0
6,73,0
7,73,0
8,73,0
9,73,0
10,73,0
11,73,0
12,73,0
13,73,0
14,73,0
15,73,0
16,73,0
17,73,0
18,73,0
19,73,0
20,73,0
21,73,0
22,73,0
23,73,0
24,73,0
25,73,0
26,73,0
27,73,0
28,73,0
29,73,0
30,73,0
31,73,1
32,73,1
33,73,1
34,73,1
35,73,1
36,73,1
37,73,1
38,73,1
39,73,1
40,73,1
41,73,1
42,73,1
43,73,1
44,73,1
45,73,1
46,73,1
47,73,1
48,73,1
49,73,1
50,73,1
51,73,1
52,73,1
53,73,1
54,73,1
55,73,0
56,73,0
57,73,0
58,73,0
59,73,2
60,73,2
61,73,2
62,73,2
63,73,2
64,73,2
65,73,2
66,73,2
67,73,2
68,73,2
69,73,2
70,73,2
71,73,2
72,73,2
73,73,0
74,73,0
75,73,3
76,73,3
77,73,3
78,73,3
79,73,3
80,73,3
81,73,3
82,73,3
83,73,3
84,73,3
85,73,3
86,73,3
87,73,3
88,73,3
89,73,3
90,73,3
91,73,3
92,73,3
93,73,3
94,73,3
95,73,3
96,73,3
97,73,3
98,73,3
99,73,3
100,73,3
101,73,3
102,73,3
103,73,3
104,73,3
105,73,3
106,73,3
107,73,3
108,73,3
109,73,3
110,73,3
111,73,3
112,73,3
113,73,3
114,73,3
115,73,3
116,73,3
117,73,3
118,73,3
119,73,3
120,73,3
121,73,3
122,73,3
123,73,3
124,73,3
125,73,3
126,73,3
127,73,3
128,73,3
129,73,3
130,73,3
131,73,3
132,73,3
133,73,3
134,73,3
135,73,3
136,73,3
137,73,3
138,73,3
139,73,3
140,73,3
141,73,3
142,73,3
143,73,3
144,73,3
145,73,3
146,73,3
147,73,3
148,73,3
149,73,3
150,73,3
151,73,3
152,73,3
153,73,3
154,73,3
155,73,3
156,73,3
157,73,3
158,73,3
159,73,3
160,73,3
161,73,3
162,73,3
163,73,3
164,73,3
165,73,3
166,73,3
167,73,3
168,73,3
169,73,3
170,73,3
171,73,3
172,73,3
173,73,3
174,73,3
175,73,3
176,73,3
177,73,0
178,73,0
179,73,0
180,73,0
181,73,0
182,73,0
183,73,0
184,73,0
185,73,0
186,73,0
187,73,0
188,73,0
189,73,0
190,73,0
191,73,0
192,73,0
193,73,0
194,73,0
195,73,0
196,73,0
197,73,0
198,73,0
199,73,0
200,73,0
201,73,0
202,73,0
203,73,0
204,73,0
205,73,0
206,73,0
207,73,0
208,73,0
209,73,0
210,73,0
211,73,0
212,73,0
213,73,0
214,73,0
215,73,0
216,73,0
217,73,0
218,73,0
219,73,0
220,73,0
221,73,0
222,73,0
223,73,0
224,73,0
225,73,0
226,73,0
227,73,0
228,73,0
229,73,0
230,73,0
231,73,0
232,73,0
233,73,0
234,73,0
235,73,0
236,73,0
237,73,0
238,73,0
239,73,0
240,73,0
241,73,0
242,73,0
243,73,0
244,73,0
245,73,0
246,73,0
247,73,0
248,73,0
249,73,0
250,73,0
251,73,0
252,73,0
253,73,0
254,73,0
255,73,0
256,73,0
257,73,0
258,73,0
259,73,0
260,73,0
261,73,0
262,73,0
263,73,0
264,73,0
265,73,0
266,73,0
267,73,0
268,73,0
269,73,0
270,73,0
271,73,0
272,73,0
273,73,0
274,73,0
275,73,0
276,73,0
277,73,0
278,73,0
279,73,0
280,73,0
281,73,0
282,73,0
283,73,0
284,73,0
285,73,0
286,73,0
287,73,0
288,73,0
289,73,0
290,73,0
291,73,0
292,73,0
293,73,0
294,73,0
295,73,0
296,73,0
297,73,0
298,73,0
299,73,0
300,73,0
301,73,0
302,73,0
303,73,0
304,73,0
305,73,0
306,73,0
307,73,0
308,73,0
309,73,0
310,73,0
311,73,0
312,73,0
313,73,0
314,73,0
315,73,0
316,73,0
317,73,0
318,73,0
319,73,0
320,73,0
321,73,0
322,73,0
323,73,0
324,73,0
325,73,0
326,73,0
327,73,0
328,73,0
329,73,0
330,73,0
331,73,0
332,73,0
333,73,0
334,73,0
335,73,0
336,73,0
337,73,0
338,73,0
339,73,0
340,73,0
341,73,0
342,73,0
343,73,0
344,73,0
345,73,0
346,73,0
347,73,0
348,73,0
349,73,0
350,73,0
351,73,0
352,73,0
353,73,0
354,73,0
355,73,0
356,73,0
357,73,0
358,73,0
359,73,0
360,73,0
361,73,0
362,73,0
363,73,0
364,73,0
365,73,0
366,73,0
367,73,0
368,73,0
369,73,0
370,73,0
371,73,0
372,73,0
373,73,0
374,73,0
375,73,0
376,73,0
377,73,0
378,73,0
379,73,0
380,73,0
381,73,0
382,73,0
383,73,0
384,73,0
385,73,0
386,73,0
387,73,0
388,73,0
389,73,0
390,73,0
1,72,0
2,72,0
3,72,0
4,72,0
5,72,0
6,72,0
7,72,0
8,72,0
9,72,0
10,72,0
11,72,0
12,72,0
13,72,0
14,72,0
15,72,0
16,72,0
17,72,0
18,72,0
19,72,0
20,72,0
21,72,0
22,72,0
23,72,0
24,72,0
25,72,0
26,72,0
27,72,0
28,72,0
29,72,0
30,72,1
31,72,1
32,72,1
33,72,1
34,72,1
35,72,1
36,72,1
37,72,1
38,72,1
39,72,1
40,72,1
41,72,1
42,72,1
43,72,1
44,72,1
45,72,1
46,72,1
47,72,1
48,72,1
49,72,1
50,72,1
51,72,1
52,72,1
53,72,1
54,72,1
55,72,0
56,72,0
57,72,0
58,72,0
59,72,2
60,72,2
61,72,2
62,72,2
63,72,2
64,72,2
65,72,2
66,72,2
67,72,2
68,72,2
69,72,2
70,72,2
71,72,2
72,72,2
73,72,0
74,72,0
75,72,3
76,72,3
77,72,3
78,72,3
79,72,3
80,72,3
81,72,3
82,72,3
83,72,3
84,72,3
85,72,3
86,72,3
87,72,3
88,72,3
89,72,3
90,72,3
91,72,3
92,72,3
93,72,3
94,72,3
95,72,3
96,72,3
97,72,3
98,72,3
99,72,3
100,72,3
101,72,3
102,72,3
103,72,3
104,72,3
105,72,3
106,72,3
107,72,3
108,72,3
109,72,3
110,72,3
111,72,3
112,72,3
113,72,3
114,72,3
115,72,3
116,72,3
117,72,3
118,72,3
119,72,3
120,72,3
121,72,3
122,72,3
123,72,3
124,72,3
125,72,3
126,72,3
127,72,3
128,72,3
129,72,3
130,72,3
131,72,3
132,72,3
133,72,3
134,72,3
135,72,3
136,72,3
137,72,3
138,72,3
139,72,3
140,72,3
141,72,3
142,72,3
143,72,3
144,72,3
145,72,3
146,72,3
147,72,3
148,72,3
149,72,3
150,72,3
151,72,3
152,72,3
153,72,3
154,72,3
155,72,3
156,72,3
157,72,3
158,72,3
159,72,3
160,72,3
161,72,3
162,72,3
163,72,3
164,72,3
165,72,3
166,72,3
167,72,3
168,72,3
169,72,3
170,72,3
171,72,3
172,72,3
173,72,3
174,72,3
175,72,3
176,72,3
177,72,0
178,72,0
179,72,0
180,72,0
181,72,0
182,72,0
183,72,0
184,72,0
185,72,0
186,72,0
187,72,0
188,72,0
189,72,0
190,72,0
191,72,0
192,72,0
193,72,0
194,72,0
195,72,0
196,72,0
197,72,0
198,72,0
199,72,0
200,72,0
201,72,0
202,72,0
203,72,0
204,72,0
205,72,0
206,72,0
207,72,0
208,72,0
209,72,0
210,72,0
211,72,0
212,72,0
213,72,0
214,72,0
215,72,0
216,72,0
217,72,0
218,72,0
219,72,0
220,72,0
221,72,0
222,72,0
223,72,0
224,72,0
225,72,0
226,72,0
227,72,0
228,72,0
229,72,0
230,72,0
231,72,0
232,72,0
233,72,0
234,72,0
235,72,0
236,72,0
237,72,0
238,72,0
239,72,0
240,72,0
241,72,0
242,72,0
243,72,0
244,72,0
245,72,0
246,72,0
247,72,0
248,72,0
249,72,0
250,72,0
251,72,0
252,72,0
253,72,0
254,72,0
255,72,0
256,72,0
257,72,0
258,72,0
259,72,0
260,72,0
261,72,0
262,72,0
263,72,0
264,72,0
265,72,0
266,72,0
267,72,0
268,72,0
269,72,0
270,72,0
271,72,0
272,72,0
273,72,0
274,72,0
275,72,0
276,72,0
277,72,0
278,72,0
279,72,0
280,72,0
281,72,0
282,72,0
283,72,0
284,72,0
285,72,0
286,72,0
287,72,0
288,72,0
289,72,0
290,72,0
291,72,0
292,72,0
293,72,0
294,72,0
295,72,0
296,72,0
297,72,0
298,72,0
299,72,0
300,72,0
301,72,0
302,72,0
303,72,0
304,72,0
305,72,0
306,72,0
307,72,0
308,72,0
309,72,0
310,72,0
311,72,0
312,72,0
313,72,0
314,72,0
315,72,0
316,72,0
317,72,0
318,72,0
319,72,0
320,72,0
321,72,0
322,72,0
323,72,0
324,72,0
325,72,0
326,72,0
327,72,0
328,72,0
329,72,0
330,72,0
331,72,0
332,72,0
333,72,0
334,72,0
335,72,0
336,72,0
337,72,0
338,72,0
339,72,0
340,72,0
341,72,0
342,72,0
343,72,0
344,72,0
345,72,0
346,72,0
347,72,0
348,72,0
349,72,0
350,72,0
351,72,0
352,72,0
353,72,0
354,72,0
355,72,0
356,72,0
357,72,0
358,72,0
359,72,0
360,72,0
361,72,0
362,72,0
363,72,0
364,72,0
365,72,0
366,72,0
367,72,0
368,72,0
369,72,0
370,72,0
371,72,0
372,72,0
373,72,0
374,72,0
375,72,0
376,72,0
377,72,0
378,72,0
379,72,0
380,72,0
381,72,0
382,72,0
383,72,0
384,72,0
385,72,0
386,72,0
387,72,0
388,72,0
389,72,0
390,72,0
1,71,0
2,71,0
3,71,0
4,71,0
5,71,0
6,71,0
7,71,0
8,71,0
9,71,0
10,71,0
11,71,0
12,71,0
13,71,0
14,71,0
15,71,0
16,71,0
17,71,0
18,71,0
19,71,0
20,71,0
21,71,0
22,71,0
23,71,0
24,71,0
25,71,0
26,71,0
27,71,0
28,71,0
29,71,0
30,71,1
31,71,1
32,71,1
33,71,1
34,71,1
35,71,1
36,71,1
37,71,1
38,71,1
39,71,1
40,71,1
41,71,1
42,71,1
43,71,1
44,71,1
45,71,1
46,71,1
47,71,1
48,71,1
49,71,1
50,71,1
51,71,1
52,71,1
53,71,1
54,71,0
55,71,0
56,71,0
57,71,0
58,71,2
59,71,2
60,71,2
61,71,2
62,71,2
63,71,2
64,71,2
65,71,2
66,71,2
67,71,2
68,71,2
69,71,2
70,71,2
71,71,2
72,71,2
73,71,0
74,71,0
75,71,3
76,71,3
77,71,3
78,71,3
79,71,3
80,71,3
81,71,3
82,71,3
83,71,3
84,71,3
85,71,3
86,71,3
87,71,3
88,71,3
89,71,3
90,71,3
91,71,3
92,71,3
93,71,3
94,71,3
95,71,3
96,71,3
97,71,3
98,71,3
99,71,3
100,71,3
101,71,3
102,71,3
103,71,3
104,71,3
105,71,3
106,71,3
107,71,3
108,71,3
109,71,3
110,71,3
111,71,3
112,71,3
113,71,3
114,71,3
115,71,3
116,71,3
117,71,3
118,71,3
119,71,3
120,71,3
121,71,3
122,71,3
123,71,3
124,71,3
125,71,3
126,71,3
127,71,3
128,71,3
129,71,3
130,71,3
131,71,3
132,71,3
133,71,3
134,71,3
135,71,3
136,71,3
137,71,3
138,71,3
139,71,3
140,71,3
141,71,3
142,71,3
143,71,3
144,71,3
145,71,3
146,71,3
147,71,3
148,71,3
149,71,3
150,71,3
151,71,3
152,71,3
153,71,3
154,71,3
155,71,3
156,71,3
157,71,3
158,71,3
159,71,3
160,71,3
161,71,3
162,71,3
163,71,3
164,71,3
165,71,3
166,71,3
167,71,3
168,71,3
169,71,3
170,71,3
171,71,3
172,71,3
173,71,3
174,71,3
175,71,3
176,71,3
177,71,0
178,71,0
179,71,0
180,71,0
181,71,0
182,71,0
183,71,0
184,71,0
185,71,0
186,71,0
187,71,0
188,71,0
189,71,0
190,71,0
191,71,0
192,71,0
193,71,0
194,71,0
195,71,0
196,71,0
197,71,0
198,71,0
199,71,0
200,71,0
201,71,0
202,71,0
203,71,0
204,71,0
205,71,0
206,71,0
207,71,0
208,71,0
209,71,0
210,71,0
211,71,0
212,71,0
213,71,0
214,71,0
215,71,0
216,71,0
217,71,0
218,71,0
219,71,0
220,71,0
221,71,0
222,71,0
223,71,0
224,71,0
225,71,0
226,71,0
227,71,0
228,71,0
229,71,0
230,71,0
231,71,0
232,71,0
233,71,0
234,71,0
235,71,0
236,71,0
237,71,0
238,71,0
239,71,0
240,71,0
241,71,0
242,71,0
243,71,0
244,71,0
245,71,0
246,71,0
247,71,0
248,71,0
249,71,0
250,71,0
251,71,0
252,71,0
253,71,0
254,71,0
255,71,0
256,71,0
257,71,0
258,71,0
259,71,0
260,71,0
261,71,0
262,71,0
263,71,0
264,71,0
265,71,0
266,71,0
267,71,0
268,71,0
269,71,0
270,71,0
271,71,0
272,71,0
273,71,0
274,71,0
275,71,0
276,71,0
277,71,0
278,71,0
279,71,0
280,71,0
281,71,0
282,71,0
283,71,0
284,71,0
285,71,0
286,71,0
287,71,0
288,71,0
289,71,0
290,71,0
291,71,0
292,71,0
293,71,0
294,71,0
295,71,0
296,71,0
297,71,0
298,71,0
299,71,0
300,71,0
301,71,0
302,71,0
303,71,0
304,71,0
305,71,0
306,71,0
307,71,0
308,71,0
309,71,0
310,71,0
311,71,0
312,71,0
313,71,0
314,71,0
315,71,0
316,71,0
317,71,0
318,71,0
319,71,0
320,71,0
321,71,0
322,71,0
323,71,0
324,71,0
325,71,0
326,71,0
327,71,0
328,71,0
329,71,0
330,71,0
331,71,0
332,71,0
333,71,0
334,71,0
335,71,0
336,71,0
337,71,0
338,71,0
339,71,0
340,71,0
341,71,0
342,71,0
343,71,0
344,71,0
345,71,0
346,71,0
347,71,0
348,71,0
349,71,0
350,71,0
351,71,0
352,71,0
353,71,0
354,71,0
355,71,0
356,71,0
357,71,0
358,71,0
359,71,0
360,71,0
361,71,0
362,71,0
363,71,0
364,71,0
365,71,0
366,71,0
367,71,0
368,71,0
369,71,0
370,71,0
371,71,0
372,71,0
373,71,0
374,71,0
375,71,0
376,71,0
377,71,0
378,71,0
379,71,0
380,71,0
381,71,0
382,71,0
383,71,0
384,71,0
385,71,0
386,71,0
387,71,0
388,71,0
389,71,0
390,71,0
1,70,0
2,70,0
3,70,0
4,70,0
5,70,0
6,70,0
7,70,0
8,70,0
9,70,0
10,70,0
11,70,0
12,70,0
13,70,0
14,70,0
15,70,0
16,70,0
17,70,0
18,70,0
19,70,0
20,70,0
21,70,0
22,70,0
23,70,0
24,70,0
25,70,0
26,70,0
27,70,0
28,70,0
29,70,1
30,70,1
31,70,1
32,70,1
33,70,1
34,70,1
35,70,1
36,70,1
37,70,1
38,70,1
39,70,1
40,70,1
41,70,1
42,70,1
43,70,1
44,70,1
45,70,1
46,70,1
47,70,1
48,70,1
49,70,1
50,70,1
51,70,1
52,70,1
53,70,0
54,70,0
55,70,0
56,70,0
57,70,0
58,70,2
59,70,2
60,70,2
61,70,2
62,70,2
63,70,2
64,70,2
65,70,2
66,70,2
67,70,2
68,70,2
69,70,2
70,70,2
71,70,2
72,70,0
73,70,0
74,70,3
75,70,3
76,70,3
77,70,3
78,70,3
79,70,3
80,70,3
81,70,3
82,70,3
83,70,3
84,70,3
85,70,3
86,70,3
87,70,3
88,70,3
89,70,3
90,70,3
91,70,3
92,70,3
93,70,3
94,70,3
95,70,3
96,70,3
97,70,3
98,70,3
99,70,3
100,70,3
101,70,3
102,70,3
103,70,3
104,70,3
105,70,3
106,70,3
107,70,3
108,70,3
109,70,3
110,70,3
111,70,3
112,70,3
113,70,3
114,70,3
115,70,3
116,70,3
117,70,3
118,70,3
119,70,3
120,70,3
121,70,3
122,70,3
123,70,3
124,70,3
125,70,3
126,70,3
127,70,3
128,70,3
129,70,3
130,70,3
131,70,3
132,70,3
133,70,3
134,70,3
135,70,3
136,70,3
137,70,3
138,70,3
139,70,3
140,70,3
141,70,3
142,70,3
143,70,3
144,70,3
145,70,3
146,70,3
147,70,3
148,70,3
149,70,3
150,70,3
151,70,3
152,70,3
153,70,3
154,70,3
155,70,3
156,70,3
157,70,3
158,70,3
159,70,3
160,70,3
161,70,3
162,70,3
163,70,3
164,70,3
165,70,3
166,70,3
167,70,3
168,70,3
169,70,3
170,70,3
171,70,3
172,70,3
173,70,3
174,70,3
175,70,3
176,70,3
177,70,0
178,70,0
179,70,0
180,70,0
181,70,0
182,70,0
183,70,0
184,70,0
185,70,0
186,70,0
187,70,0
188,70,0
189,70,0
190,70,0
191,70,0
192,70,0
193,70,0
194,70,0
195,70,0
196,70,0
197,70,0
198,70,0
199,70,0
200,70,0
201,70,0
202,70,0
203,70,0
204,70,0
205,70,0
206,70,0
207,70,0
208,70,0
209,70,0
210,70,0
211,70,0
212,70,0
213,70,0
214,70,0
215,70,0
216,70,0
217,70,0
218,70,0
219,70,0
220,70,0
221,70,0
222,70,0
223,70,0
224,70,0
225,70,0
226,70,0
227,70,0
228,70,0
229,70,0
230,70,0
231,70,0
232,70,0
233,70,0
234,70,0
235,70,0
236,70,0
237,70,0
238,70,0
239,70,0
240,70,0
241,70,0
242,70,0
243,70,0
244,70,0
245,70,0
246,70,0
247,70,0
248,70,0
249,70,0
250,70,0
251,70,0
252,70,0
253,70,0
254,70,0
255,70,0
256,70,0
257,70,0
258,70,0
259,70,0
260,70,0
261,70,0
262,70,0
263,70,0
264,70,0
265,70,0
266,70,0
267,70,0
268,70,0
269,70,0
270,70,0
271,70,0
272,70,0
273,70,0
274,70,0
275,70,0
276,70,0
277,70,0
278,70,0
279,70,0
280,70,0
281,70,0
282,70,0
283,70,0
284,70,0
285,70,0
286,70,0
287,70,0
288,70,0
289,70,0
290,70,0
291,70,0
292,70,0
293,70,0
294,70,0
295,70,0
296,70,0
297,70,0
298,70,0
299,70,0
300,70,0
301,70,0
302,70,0
303,70,0
304,70,0
305,70,0
306,70,0
307,70,0
308,70,0
309,70,0
310,70,0
311,70,0
312,70,0
313,70,0
314,70,0
315,70,0
316,70,0
317,70,0
318,70,0
319,70,0
320,70,0
321,70,0
322,70,0
323,70,0
324,70,0
325,70,0
326,70,0
327,70,0
328,70,0
329,70,0
330,70,0
331,70,0
332,70,0
333,70,0
334,70,0
335,70,0
336,70,0
337,70,0
338,70,0
339,70,0
340,70,0
341,70,0
342,70,0
343,70,0
344,70,0
345,70,0
346,70,0
347,70,0
348,70,0
349,70,0
350,70,0
351,70,0
352,70,0
353,70,0
354,70,0
355,70,0
356,70,0
357,70,0
358,70,0
359,70,0
360,70,0
361,70,0
362,70,0
363,70,0
364,70,0
365,70,0
366,70,0
367,70,0
368,70,0
369,70,0
370,70,0
371,70,0
372,70,0
373,70,0
374,70,0
375,70,0
376,70,0
377,70,0
378,70,0
379,70,0
380,70,0
381,70,0
382,70,0
383,70,0
384,70,0
385,70,0
386,70,0
387,70,0
388,70,0
389,70,0
390,70,0
1,69,0
2,69,0
3,69,0
4,69,0
5,69,0
6,69,0
7,69,0
8,69,0
9,69,0
10,69,0
11,69,0
12,69,0
13,69,0
14,69,0
15,69,0
16,69,0
17,69,0
18,69,0
19,69,0
20,69,0
21,69,0
22,69,0
23,69,0
24,69,0
25,69,0
26,69,0
27,69,0
28,69,0
29,69,1
30,69,1
31,69,1
32,69,1
33,69,1
34,69,1
35,69,1
36,69,1
37,69,1
38,69,1
39,69,1
40,69,1
41,69,1
42,69,1
43,69,1
44,69,1
45,69,1
46,69,1
47,69,1
48,69,1
49,69,1
50,69,1
51,69,1
52,69,1
53,69,0
54,69,0
55,69,0
56,69,0
57,69,2
58,69,2
59,69,2
60,69,2
61,69,2
62,69,2
63,69,2
64,69,2
65,69,2
66,69,2
67,69,2
68,69,2
69,69,2
70,69,2
71,69,2
72,69,0
73,69,0
74,69,3
75,69,3
76,69,3
77,69,3
78,69,3
79,69,3
80,69,3
81,69,3
82,69,3
83,69,3
84,69,3
85,69,3
86,69,3
87,69,3
88,69,3
89,69,3
90,69,3
91,69,3
92,69,3
93,69,3
94,69,3
95,69,3
96,69,3
97,69,3
98,69,3
99,69,3
100,69,3
101,69,3
102,69,3
103,69,3
104,69,3
105,69,3
106,69,3
107,69,3
108,69,3
109,69,3
110,69,3
111,69,3
112,69,3
113,69,3
114,69,3
115,69,3
116,69,3
117,69,3
118,69,3
119,69,3
120,69,3
121,69,3
122,69,3
123,69,3
124,69,3
125,69,3
126,69,3
127,69,3
128,69,3
129,69,3
130,69,3
131,69,3
132,69,3
133,69,3
134,69,3
135,69,3
136,69,3
137,69,3
138,69,3
139,69,3
140,69,3
141,69,3
142,69,3
143,69,3
144,69,3
145,69,3
146,69,3
147,69,3
148,69,3
149,69,3
150,69,3
151,69,3
152,69,3
153,69,3
154,69,3
155,69,3
156,69,3
157,69,3
158,69,3
159,69,3
160,69,3
161,69,3
162,69,3
163,69,3
164,69,3
165,69,3
166,69,3
167,69,3
168,69,3
169,69,3
170,69,3
171,69,3
172,69,3
173,69,3
174,69,3
175,69,3
176,69,3
177,69,0
178,69,0
179,69,0
180,69,0
181,69,0
182,69,0
183,69,0
184,69,0
185,69,0
186,69,0
187,69,0
188,69,0
189,69,0
190,69,0
191,69,0
192,69,0
193,69,0
194,69,0
195,69,0
196,69,0
197,69,0
198,69,0
199,69,0
200,69,0
201,69,0
202,69,0
203,69,0
204,69,0
205,69,0
206,69,0
207,69,0
208,69,0
209,69,0
210,69,0
211,69,0
212,69,0
213,69,0
214,69,0
215,69,0
216,69,0
217,69,0
218,69,0
219,69,0
220,69,0
221,69,0
222,69,0
223,69,0
224,69,0
225,69,0
226,69,0
227,69,0
228,69,0
229,69,0
230,69,0
231,69,0
232,69,0
233,69,0
234,69,0
235,69,0
236,69,0
237,69,0
238,69,0
239,69,0
240,69,0
241,69,0
242,69,0
243,69,0
244,69,0
245,69,0
246,69,0
247,69,0
248,69,0
249,69,0
250,69,0
251,69,0
252,69,0
253,69,0
254,69,0
255,69,0
256,69,0
257,69,0
258,69,0
259,69,0
260,69,0
261,69,0
262,69,0
263,69,0
264,69,0
265,69,0
266,69,0
267,69,0
268,69,0
269,69,0
270,69,0
271,69,0
272,69,0
273,69,0
274,69,0
275,69,0
276,69,0
277,69,0
278,69,0
279,69,0
280,69,0
281,69,0
282,69,0
283,69,0
284,69,0
285,69,0
286,69,0
287,69,0
288,69,0
289,69,0
290,69,0
291,69,0
292,69,0
293,69,0
294,69,0
295,69,0
296,69,0
297,69,0
298,69,0
299,69,0
300,69,0
301,69,0
302,69,0
303,69,0
304,69,0
305,69,0
306,69,0
307,69,0
308,69,0
309,69,0
310,69,0
311,69,0
312,69,0
313,69,0
314,69,0
315,69,0
316,69,0
317,69,0
318,69,0
319,69,0
320,69,0
321,69,0
322,69,0
323,69,0
324,69,0
325,69,0
326,69,0
327,69,0
328,69,0
329,69,0
330,69,0
331,69,0
332,69,0
333,69,0
334,69,0
335,69,0
336,69,0
337,69,0
338,69,0
339,69,0
340,69,0
341,69,0
342,69,0
343,69,0
344,69,0
345,69,0
346,69,0
347,69,0
348,69,0
349,69,0
350,69,0
351,69,0
352,69,0
353,69,0
354,69,0
355,69,0
356,69,0
357,69,0
358,69,0
359,69,0
360,69,0
361,69,0
362,69,0
363,69,0
364,69,0
365,69,0
366,69,0
367,69,0
368,69,0
369,69,0
370,69,0
371,69,0
372,69,0
373,69,0
374,69,0
375,69,0
376,69,0
377,69,0
378,69,0
379,69,0
380,69,0
381,69,0
382,69,0
383,69,0
384,69,0
385,69,0
386,69,0
387,69,0
388,69,0
389,69,0
390,69,0
1,68,0
2,68,0
3,68,0
4,68,0
5,68,0
6,68,0
7,68,0
8,68,0
9,68,0
10,68,0
11,68,0
12,68,0
13,68,0
14,68,0
15,68,0
16,68,0
17,68,0
18,68,0
19,68,0
20,68,0
21,68,0
22,68,0
23,68,0
24,68,0
25,68,0
26,68,0
27,68,0
28,68,0
29,68,1
30,68,1
31,68,1
32,68,1
33,68,1
34,68,1
35,68,1
36,68,1
37,68,1
38,68,1
39,68,1
40,68,1
41,68,1
42,68,1
43,68,1
44,68,1
45,68,1
46,68,1
47,68,1
48,68,1
49,68,1
50,68,1
51,68,1
52,68,0
53,68,0
54,68,0
55,68,0
56,68,0
57,68,2
58,68,2
59,68,2
60,68,2
61,68,2
62,68,2
63,68,2
64,68,2
65,68,2
66,68,2
67,68,2
68,68,2
69,68,2
70,68,2
71,68,0
72,68,0
73,68,3
74,68,3
75,68,3
76,68,3
77,68,3
78,68,3
79,68,3
80,68,3
81,68,3
82,68,3
83,68,3
84,68,3
85,68,3
86,68,3
87,68,3
88,68,3
89,68,3
90,68,3
91,68,3
92,68,3
93,68,3
94,68,3
95,68,3
96,68,3
97,68,3
98,68,3
99,68,3
100,68,3
101,68,3
102,68,3
103,68,3
104,68,3
105,68,3
106,68,3
107,68,3
108,68,3
109,68,3
110,68,3
111,68,3
112,68,3
113,68,3
114,68,3
115,68,3
116,68,3
117,68,3
118,68,3
119,68,3
120,68,3
121,68,3
122,68,3
123,68,3
124,68,3
125,68,3
126,68,3
127,68,3
128,68,3
129,68,3
130,68,3
131,68,3
132,68,3
133,68,3
134,68,3
135,68,3
136,68,3
137,68,3
138,68,3
139,68,3
140,68,3
141,68,3
142,68,3
143,68,3
144,68,3
145,68,3
146,68,3
147,68,3
148,68,3
149,68,3
150,68,3
151,68,3
152,68,3
153,68,3
154,68,3
155,68,3
156,68,3
157,68,3
158,68,3
159,68,3
160,68,3
161,68,3
162,68,3
163,68,3
164,68,3
165,68,3
166,68,3
167,68,3
168,68,3
169,68,3
170,68,3
171,68,3
172,68,3
173,68,3
174,68,3
175,68,3
176,68,3
177,68,0
178,68,0
179,68,0
180,68,0
181,68,0
182,68,0
183,68,0
184,68,0
185,68,0
186,68,0
187,68,0
188,68,0
189,68,0
190,68,0
191,68,0
192,68,0
193,68,0
194,68,0
195,68,0
196,68,0
197,68,0
198,68,0
199,68,0
200,68,0
201,68,0
202,68,0
203,68,0
204,68,0
205,68,0
206,68,0
207,68,0
208,68,0
209,68,0
210,68,0
211,68,0
212,68,0
213,68,0
214,68,0
215,68,0
216,68,0
217,68,0
218,68,0
219,68,0
220,68,0
221,68,0
222,68,0
223,68,0
224,68,0
225,68,0
226,68,0
227,68,0
228,68,0
229,68,0
230,68,0
231,68,0
232,68,0
233,68,0
234,68,0
235,68,0
236,68,0
237,68,0
238,68,0
239,68,0
240,68,0
241,68,0
242,68,0
243,68,0
244,68,0
245,68,0
246,68,0
247,68,0
248,68,0
249,68,0
250,68,0
251,68,0
252,68,0
253,68,0
254,68,0
255,68,0
256,68,0
257,68,0
258,68,0
259,68,0
260,68,0
261,68,0
262,68,0
263,68,0
264,68,0
265,68,0
266,68,0
267,68,0
268,68,0
269,68,0
270,68,0
271,68,0
272,68,0
273,68,0
274,68,0
275,68,0
276,68,0
277,68,0
278,68,0
279,68,0
280,68,0
281,68,0
282,68,0
283,68,0
284,68,0
285,68,0
286,68,0
287,68,0
288,68,0
289,68,0
290,68,0
291,68,0
292,68,0
293,68,0
294,68,0
295,68,0
296,68,0
297,68,0
298,68,0
299,68,0
300,68,0
301,68,0
302,68,0
303,68,0
304,68,0
305,68,0
306,68,0
307,68,0
308,68,0
309,68,0
310,68,0
311,68,0
312,68,0
313,68,0
314,68,0
315,68,0
316,68,0
317,68,0
318,68,0
319,68,0
320,68,0
321,68,0
322,68,0
323,68,0
324,68,0
325,68,0
326,68,0
327,68,0
328,68,0
329,68,0
330,68,0
331,68,0
332,68,0
333,68,0
334,68,0
335,68,0
336,68,0
337,68,0
338,68,0
339,68,0
340,68,0
341,68,0
342,68,0
343,68,0
344,68,0
345,68,0
346,68,0
347,68,0
348,68,0
349,68,0
350,68,0
351,68,0
352,68,0
353,68,0
354,68,0
355,68,0
356,68,0
357,68,0
358,68,0
359,68,0
360,68,0
361,68,0
362,68,0
363,68,0
364,68,0
365,68,0
366,68,0
367,68,0
368,68,0
369,68,0
370,68,0
371,68,0
372,68,0
373,68,0
374,68,0
375,68,0
376,68,0
377,68,0
378,68,0
379,68,0
380,68,0
381,68,0
382,68,0
383,68,0
384,68,0
385,68,0
386,68,0
387,68,0
388,68,0
389,68,0
390,68,0
1,67,0
2,67,0
3,67,0
4,67,0
5,67,0
6,67,0
7,67,0
8,67,0
9,67,0
10,67,0
11,67,0
12,67,0
13,67,0
14,67,0
15,67,0
16,67,0
17,67,0
18,67,0
19,67,0
20,67,0
21,67,0
22,67,0
23,67,0
24,67,0
25,67,0
26,67,0
27,67,0
28,67,0
29,67,1
30,67,1
31,67,1
32,67,1
33,67,1
34,67,1
35,67,1
36,67,1
37,67,1
38,67,1
39,67,1
40,67,1
41,67,1
42,67,1
43,67,1
44,67,1
45,67,1
46,67,1
47,67,1
48,67,1
49,67,1
50,67,1
51,67,1
52,67,0
53,67,0
54,67,0
55,67,0
56,67,0
57,67,2
58,67,2
59,67,2
60,67,2
61,67,2
62,67,2
63,67,2
64,67,2
65,67,2
66,67,2
67,67,2
68,67,2
69,67,2
70,67,2
71,67,0
72,67,0
73,67,3
74,67,3
75,67,3
76,67,3
77,67,3
78,67,3
79,67,3
80,67,3
81,67,3
82,67,3
83,67,3
84,67,3
85,67,3
86,67,3
87,67,3
88,67,3
89,67,3
90,67,3
91,67,3
92,67,3
93,67,3
94,67,3
95,67,3
96,67,3
97,67,3
98,67,3
99,67,3
100,67,3
101,67,3
102,67,3
103,67,3
104,67,3
105,67,3
106,67,3
107,67,3
108,67,3
109,67,3
110,67,3
111,67,3
112,67,3
113,67,3
114,67,3
115,67,3
116,67,3
117,67,3
118,67,3
119,67,3
120,67,3
121,67,3
122,67,3
123,67,3
124,67,3
125,67,3
126,67,3
127,67,3
128,67,3
129,67,3
130,67,3
131,67,3
132,67,3
133,67,3
134,67,3
135,67,3
136,67,3
137,67,3
138,67,3
139,67,3
140,67,3
141,67,3
142,67,3
143,67,3
144,67,3
145,67,3
146,67,3
147,67,3
148,67,3
149,67,3
150,67,3
151,67,3
152,67,3
153,67,3
154,67,3
155,67,3
156,67,3
157,67,3
158,67,3
159,67,3
160,67,3
161,67,3
162,67,3
163,67,3
164,67,3
165,67,3
166,67,3
167,67,3
168,67,3
169,67,3
170,67,3
171,67,3
172,67,3
173,67,3
174,67,3
175,67,3
176,67,3
177,67,0
178,67,0
179,67,0
180,67,0
181,67,0
182,67,0
183,67,0
184,67,0
185,67,0
186,67,0
187,67,0
188,67,0
189,67,0
190,67,0
191,67,0
192,67,0
193,67,0
194,67,0
195,67,0
196,67,0
197,67,0
198,67,0
199,67,0
200,67,0
201,67,0
202,67,0
203,67,0
204,67,0
205,67,0
206,67,0
207,67,0
208,67,0
209,67,0
210,67,0
211,67,0
212,67,0
213,67,0
214,67,0
215,67,0
216,67,0
217,67,0
218,67,0
219,67,0
220,67,0
221,67,0
222,67,0
223,67,0
224,67,0
225,67,0
226,67,0
227,67,0
228,67,0
229,67,0
230,67,0
231,67,0
232,67,0
233,67,0
234,67,0
235,67,0
236,67,0
237,67,0
238,67,0
239,67,0
240,67,0
241,67,0
242,67,0
243,67,0
244,67,0
245,67,0
246,67,0
247,67,0
248,67,0
249,67,0
250,67,0
251,67,0
252,67,0
253,67,0
254,67,0
255,67,0
256,67,0
257,67,0
258,67,0
259,67,0
260,67,0
261,67,0
262,67,0
263,67,0
264,67,0
265,67,0
266,67,0
267,67,0
268,67,0
269,67,0
270,67,0
271,67,0
272,67,0
273,67,0
274,67,0
275,67,0
276,67,0
277,67,0
278,67,0
279,67,0
280,67,0
281,67,0
282,67,0
283,67,0
284,67,0
285,67,0
286,67,0
287,67,0
288,67,0
289,67,0
290,67,0
291,67,0
292,67,0
293,67,0
294,67,0
295,67,0
296,67,0
297,67,0
298,67,0
299,67,0
300,67,0
301,67,0
302,67,0
303,67,0
304,67,0
305,67,0
306,67,0
307,67,0
308,67,0
309,67,0
310,67,0
311,67,0
312,67,0
313,67,0
314,67,0
315,67,0
316,67,0
317,67,0
318,67,0
319,67,0
320,67,0
321,67,0
322,67,0
323,67,0
324,67,0
325,67,0
326,67,0
327,67,0
328,67,0
329,67,0
330,67,0
331,67,0
332,67,0
333,67,0
334,67,0
335,67,0
336,67,0
337,67,0
338,67,0
339,67,0
340,67,0
341,67,0
342,67,0
343,67,0
344,67,0
345,67,0
346,67,0
347,67,0
348,67,0
349,67,0
350,67,0
351,67,0
352,67,0
353,67,0
354,67,0
355,67,0
356,67,0
357,67,0
358,67,0
359,67,0
360,67,0
361,67,0
362,67,0
363,67,0
364,67,0
365,67,0
366,67,0
367,67,0
368,67,0
369,67,0
370,67,0
371,67,0
372,67,0
373,67,0
374,67,0
375,67,0
376,67,0
377,67,0
378,67,0
379,67,0
380,67,0
381,67,0
382,67,0
383,67,0
384,67,0
385,67,0
386,67,0
387,67,0
388,67,0
389,67,0
390,67,0
1,66,0
2,66,0
3,66,0
4,66,0
5,66,0
6,66,0
7,66,0
8,66,0
9,66,0
10,66,0
11,66,0
12,66,0
13,66,0
14,66,0
15,66,0
16,66,0
17,66,0
18,66,0
19,66,0
20,66,0
21,66,0
22,66,0
23,66,0
24,66,0
25,66,0
26,66,0
27,66,1
28,66,1
29,66,1
30,66,1
31,66,1
32,66,1
33,66,1
34,66,1
35,66,1
36,66,1
37,66,1
38,66,1
39,66,1
40,66,1
41,66,1
42,66,1
43,66,1
44,66,1
45,66,1
46,66,1
47,66,1
48,66,1
49,66,1
50,66,1
51,66,0
52,66,0
53,66,0
54,66,0
55,66,0
56,66,2
57,66,2
58,66,2
59,66,2
60,66,2
61,66,2
62,66,2
63,66,2
64,66,2
65,66,2
66,66,2
67,66,2
68,66,2
69,66,2
70,66,2
71,66,0
72,66,0
73,66,3
74,66,3
75,66,3
76,66,3
77,66,3
78,66,3
79,66,3
80,66,3
81,66,3
82,66,3
83,66,3
84,66,3
85,66,3
86,66,3
87,66,3
88,66,3
89,66,3
90,66,3
91,66,3
92,66,3
93,66,3
94,66,3
95,66,3
96,66,3
97,66,3
98,66,3
99,66,3
100,66,3
101,66,3
102,66,3
103,66,3
104,66,3
105,66,3
106,66,3
107,66,3
108,66,3
109,66,3
110,66,3
111,66,3
112,66,3
113,66,3
114,66,3
115,66,3
116,66,3
117,66,3
118,66,3
119,66,3
120,66,3
121,66,3
122,66,3
123,66,3
124,66,3
125,66,3
126,66,3
127,66,3
128,66,3
129,66,3
130,66,3
131,66,3
132,66,3
133,66,3
134,66,3
135,66,3
136,66,3
137,66,3
138,66,3
139,66,3
140,66,3
141,66,3
142,66,3
143,66,3
144,66,3
145,66,3
146,66,3
147,66,3
148,66,3
149,66,3
150,66,3
151,66,3
152,66,3
153,66,3
154,66,3
155,66,3
156,66,3
157,66,3
158,66,3
159,66,3
160,66,3
161,66,3
162,66,3
163,66,3
164,66,3
165,66,3
166,66,3
167,66,3
168,66,3
169,66,3
170,66,3
171,66,3
172,66,3
173,66,3
174,66,3
175,66,3
176,66,3
177,66,0
178,66,0
179,66,0
180,66,0
181,66,0
182,66,0
183,66,0
184,66,0
185,66,0
186,66,0
187,66,0
188,66,0
189,66,0
190,66,0
191,66,0
192,66,0
193,66,0
194,66,0
195,66,0
196,66,0
197,66,0
198,66,0
199,66,0
200,66,0
201,66,0
202,66,0
203,66,0
204,66,0
205,66,0
206,66,0
207,66,0
208,66,0
209,66,0
210,66,0
211,66,0
212,66,0
213,66,0
214,66,0
215,66,0
216,66,0
217,66,0
218,66,0
219,66,0
220,66,0
221,66,0
222,66,0
223,66,0
224,66,0
225,66,0
226,66,0
227,66,0
228,66,0
229,66,0
230,66,0
231,66,0
232,66,0
233,66,0
234,66,0
235,66,0
236,66,0
237,66,0
238,66,0
239,66,0
240,66,0
241,66,0
242,66,0
243,66,0
244,66,0
245,66,0
246,66,0
247,66,0
248,66,0
249,66,0
250,66,0
251,66,0
252,66,0
253,66,0
254,66,0
255,66,0
256,66,0
257,66,0
258,66,0
259,66,0
260,66,0
261,66,0
262,66,0
263,66,0
264,66,0
265,66,0
266,66,0
267,66,0
268,66,0
269,66,0
270,66,0
271,66,0
272,66,0
273,66,0
274,66,0
275,66,0
276,66,0
277,66,0
278,66,0
279,66,0
280,66,0
281,66,0
282,66,0
283,66,0
284,66,0
285,66,0
286,66,0
287,66,0
288,66,0
289,66,0
290,66,0
291,66,0
292,66,0
293,66,0
294,66,0
295,66,0
296,66,0
297,66,0
298,66,0
299,66,0
300,66,0
301,66,0
302,66,0
303,66,0
304,66,0
305,66,0
306,66,0
307,66,0
308,66,0
309,66,0
310,66,0
311,66,0
312,66,0
313,66,0
314,66,0
315,66,0
316,66,0
317,66,0
318,66,0
319,66,0
320,66,0
321,66,0
322,66,0
323,66,0
324,66,0
325,66,0
326,66,0
327,66,0
328,66,0
329,66,0
330,66,0
331,66,0
332,66,0
333,66,0
334,66,0
335,66,0
336,66,0
337,66,0
338,66,0
339,66,0
340,66,0
341,66,0
342,66,0
343,66,0
344,66,0
345,66,0
346,66,0
347,66,0
348,66,0
349,66,0
350,66,0
351,66,0
352,66,0
353,66,0
354,66,0
355,66,0
356,66,0
357,66,0
358,66,0
359,66,0
360,66,0
361,66,0
362,66,0
363,66,0
364,66,0
365,66,0
366,66,0
367,66,0
368,66,0
369,66,0
370,66,0
371,66,0
372,66,0
373,66,0
374,66,0
375,66,0
376,66,0
377,66,0
378,66,0
379,66,0
380,66,0
381,66,0
382,66,0
383,66,0
384,66,0
385,66,0
386,66,0
387,66,0
388,66,0
389,66,0
390,66,0
1,65,0
2,65,0
3,65,0
4,65,0
5,65,0
6,65,0
7,65,0
8,65,0
9,65,0
10,65,0
11,65,0
12,65,0
13,65,0
14,65,0
15,65,0
16,65,0
17,65,0
18,65,0
19,65,0
20,65,0
21,65,0
22,65,0
23,65,0
24,65,0
25,65,0
26,65,1
27,65,1
28,65,1
29,65,1
30,65,1
31,65,1
32,65,1
33,65,1
34,65,1
35,65,1
36,65,1
37,65,1
38,65,1
39,65,1
40,65,1
41,65,1
42,65,1
43,65,1
44,65,1
45,65,1
46,65,1
47,65,1
48,65,1
49,65,1
50,65,0
51,65,0
52,65,0
53,65,0
54,65,0
55,65,2
56,65,2
57,65,2
58,65,2
59,65,2
60,65,2
61,65,2
62,65,2
63,65,2
64,65,2
65,65,2
66,65,2
67,65,2
68,65,2
69,65,2
70,65,0
71,65,0
72,65,3
73,65,3
74,65,3
75,65,3
76,65,3
77,65,3
78,65,3
79,65,3
80,65,3
81,65,3
82,65,3
83,65,3
84,65,3
85,65,3
86,65,3
87,65,3
88,65,3
89,65,3
90,65,3
91,65,3
92,65,3
93,65,3
94,65,3
95,65,3
96,65,3
97,65,3
98,65,3
99,65,3
100,65,3
101,65,3
102,65,3
103,65,3
104,65,3
105,65,3
106,65,3
107,65,3
108,65,3
109,65,3
110,65,3
111,65,3
112,65,3
113,65,3
114,65,3
115,65,3
116,65,3
117,65,3
118,65,3
119,65,3
120,65,3
121,65,3
122,65,3
123,65,3
124,65,3
125,65,3
126,65,3
127,65,3
128,65,3
129,65,3
130,65,3
131,65,3
132,65,3
133,65,3
134,65,3
135,65,3
136,65,3
137,65,3
138,65,3
139,65,3
140,65,3
141,65,3
142,65,3
143,65,3
144,65,3
145,65,3
146,65,3
147,65,3
148,65,3
149,65,3
150,65,3
151,65,3
152,65,3
153,65,3
154,65,3
155,65,3
156,65,3
157,65,3
158,65,3
159,65,3
160,65,3
161,65,3
162,65,3
163,65,3
164,65,3
165,65,3
166,65,3
167,65,3
168,65,3
169,65,3
170,65,3
171,65,3
172,65,3
173,65,3
174,65,3
175,65,3
176,65,3
177,65,0
178,65,0
179,65,0
180,65,0
181,65,0
182,65,0
183,65,0
184,65,0
185,65,0
186,65,0
187,65,0
188,65,0
189,65,0
190,65,0
191,65,0
192,65,0
193,65,0
194,65,0
195,65,0
196,65,0
197,65,0
198,65,0
199,65,0
200,65,0
201,65,0
202,65,0
203,65,0
204,65,0
205,65,0
206,65,0
207,65,0
208,65,0
209,65,0
210,65,0
211,65,0
212,65,0
213,65,0
214,65,0
215,65,0
216,65,0
217,65,0
218,65,0
219,65,0
220,65,0
221,65,0
222,65,0
223,65,0
224,65,0
225,65,0
226,65,0
227,65,0
228,65,0
229,65,0
230,65,0
231,65,0
232,65,0
233,65,0
234,65,0
235,65,0
236,65,0
237,65,0
238,65,0
239,65,0
240,65,0
241,65,0
242,65,0
243,65,0
244,65,0
245,65,0
246,65,0
247,65,0
248,65,0
249,65,0
250,65,0
251,65,0
252,65,0
253,65,0
254,65,0
255,65,0
256,65,0
257,65,0
258,65,0
259,65,0
260,65,0
261,65,0
262,65,0
263,65,0
264,65,0
265,65,0
266,65,0
267,65,0
268,65,0
269,65,0
270,65,0
271,65,0
272,65,0
273,65,0
274,65,0
275,65,0
276,65,0
277,65,0
278,65,0
279,65,0
280,65,0
281,65,0
282,65,0
283,65,0
284,65,0
285,65,0
286,65,0
287,65,0
288,65,0
289,65,0
290,65,0
291,65,0
292,65,0
293,65,0
294,65,0
295,65,0
296,65,0
297,65,0
298,65,0
299,65,0
300,65,0
301,65,0
302,65,0
303,65,0
304,65,0
305,65,0
306,65,0
307,65,0
308,65,0
309,65,0
310,65,0
311,65,0
312,65,0
313,65,0
314,65,0
315,65,0
316,65,0
317,65,0
318,65,0
319,65,0
320,65,0
321,65,0
322,65,0
323,65,0
324,65,0
325,65,0
326,65,0
327,65,0
328,65,0
329,65,0
330,65,0
331,65,0
332,65,0
333,65,0
334,65,0
335,65,0
336,65,0
337,65,0
338,65,0
339,65,0
340,65,0
341,65,0
342,65,0
343,65,0
344,65,0
345,65,0
346,65,0
347,65,0
348,65,0
349,65,0
350,65,0
351,65,0
352,65,0
353,65,0
354,65,0
355,65,0
356,65,0
357,65,0
358,65,0
359,65,0
360,65,0
361,65,0
362,65,0
363,65,0
364,65,0
365,65,0
366,65,0
367,65,0
368,65,0
369,65,0
370,65,0
371,65,0
372,65,0
373,65,0
374,65,0
375,65,0
376,65,0
377,65,0
378,65,0
379,65,0
380,65,0
381,65,0
382,65,0
383,65,0
384,65,0
385,65,0
386,65,0
387,65,0
388,65,0
389,65,0
390,65,0
1,64,0
2,64,0
3,64,0
4,64,0
5,64,0
6,64,0
7,64,0
8,64,0
9,64,0
10,64,0
11,64,0
12,64,0
13,64,0
14,64,0
15,64,0
16,64,0
17,64,0
18,64,0
19,64,0
20,64,0
21,64,0
22,64,0
23,64,0
24,64,0
25,64,0
26,64,0
27,64,1
28,64,1
29,64,1
30,64,1
31,64,1
32,64,1
33,64,1
34,64,1
35,64,1
36,64,1
37,64,1
38,64,1
39,64,1
40,64,1
41,64,1
42,64,1
43,64,1
44,64,1
45,64,1
46,64,1
47,64,1
48,64,1
49,64,0
50,64,0
51,64,0
52,64,0
53,64,0
54,64,0
55,64,2
56,64,2
57,64,2
58,64,2
59,64,2
60,64,2
61,64,2
62,64,2
63,64,2
64,64,2
65,64,2
66,64,2
67,64,2
68,64,2
69,64,0
70,64,0
71,64,3
72,64,3
73,64,3
74,64,3
75,64,3
76,64,3
77,64,3
78,64,3
79,64,3
80,64,3
81,64,3
82,64,3
83,64,3
84,64,3
85,64,3
86,64,3
87,64,3
88,64,3
89,64,3
90,64,3
91,64,3
92,64,3
93,64,3
94,64,3
95,64,3
96,64,3
97,64,3
98,64,3
99,64,3
100,64,3
101,64,3
102,64,3
103,64,3
104,64,3
105,64,3
106,64,3
107,64,3
108,64,3
109,64,3
110,64,3
111,64,3
112,64,3
113,64,3
114,64,3
115,64,3
116,64,3
117,64,3
118,64,3
119,64,3
120,64,3
121,64,3
122,64,3
123,64,3
124,64,3
125,64,3
126,64,3
127,64,3
128,64,3
129,64,3
130,64,3
131,64,3
132,64,3
133,64,3
134,64,3
135,64,3
136,64,3
137,64,3
138,64,3
139,64,3
140,64,3
141,64,3
142,64,3
143,64,3
144,64,3
145,64,3
146,64,3
147,64,3
148,64,3
149,64,3
150,64,3
151,64,3
152,64,3
153,64,3
154,64,3
155,64,3
156,64,3
157,64,3
158,64,3
159,64,3
160,64,3
161,64,3
162,64,3
163,64,3
164,64,3
165,64,3
166,64,3
167,64,3
168,64,3
169,64,3
170,64,3
171,64,3
172,64,3
173,64,3
174,64,3
175,64,3
176,64,3
177,64,0
178,64,0
179,64,0
180,64,0
181,64,0
182,64,0
183,64,0
184,64,0
185,64,0
186,64,0
187,64,0
188,64,0
189,64,0
190,64,0
191,64,0
192,64,0
193,64,0
194,64,0
195,64,0
196,64,0
197,64,0
198,64,0
199,64,0
200,64,0
201,64,0
202,64,0
203,64,0
204,64,0
205,64,0
206,64,0
207,64,0
208,64,0
209,64,0
210,64,0
211,64,0
212,64,0
213,64,0
214,64,0
215,64,0
216,64,0
217,64,0
218,64,0
219,64,0
220,64,0
221,64,0
222,64,0
223,64,0
224,64,0
225,64,0
226,64,0
227,64,0
228,64,0
229,64,0
230,64,0
231,64,0
232,64,0
233,64,0
234,64,0
235,64,0
236,64,0
237,64,0
238,64,0
239,64,0
240,64,0
241,64,0
242,64,0
243,64,0
244,64,0
245,64,0
246,64,0
247,64,0
248,64,0
249,64,0
250,64,0
251,64,0
252,64,0
253,64,0
254,64,0
255,64,0
256,64,0
257,64,0
258,64,0
259,64,0
260,64,0
261,64,0
262,64,0
263,64,0
264,64,0
265,64,0
266,64,0
267,64,0
268,64,0
269,64,0
270,64,0
271,64,0
272,64,0
273,64,0
274,64,0
275,64,0
276,64,0
277,64,0
278,64,0
279,64,0
280,64,0
281,64,0
282,64,0
283,64,0
284,64,0
285,64,0
286,64,0
287,64,0
288,64,0
289,64,0
290,64,0
291,64,0
292,64,0
293,64,0
294,64,0
295,64,0
296,64,0
297,64,0
298,64,0
299,64,0
300,64,0
301,64,0
302,64,0
303,64,0
304,64,0
305,64,0
306,64,0
307,64,0
308,64,0
309,64,0
310,64,0
311,64,0
312,64,0
313,64,0
314,64,0
315,64,0
316,64,0
317,64,0
318,64,0
319,64,0
320,64,0
321,64,0
322,64,0
323,64,0
324,64,0
325,64,0
326,64,0
327,64,0
328,64,0
329,64,0
330,64,0
331,64,0
332,64,0
333,64,0
334,64,0
335,64,0
336,64,0
337,64,0
338,64,0
339,64,0
340,64,0
341,64,0
342,64,0
343,64,0
344,64,0
345,64,0
346,64,0
347,64,0
348,64,0
349,64,0
350,64,0
351,64,0
352,64,0
353,64,0
354,64,0
355,64,0
356,64,0
357,64,0
358,64,0
359,64,0
360,64,0
361,64,0
362,64,0
363,64,0
364,64,0
365,64,0
366,64,0
367,64,0
368,64,0
369,64,0
370,64,0
371,64,0
372,64,0
373,64,0
374,64,0
375,64,0
376,64,0
377,64,0
378,64,0
379,64,0
380,64,0
381,64,0
382,64,0
383,64,0
384,64,0
385,64,0
386,64,0
387,64,0
388,64,0
389,64,0
390,64,0
1,63,0
2,63,0
3,63,0
4,63,0
5,63,0
6,63,0
7,63,0
8,63,0
9,63,0
10,63,0
11,63,0
12,63,0
13,63,0
14,63,0
15,63,0
16,63,0
17,63,0
18,63,0
19,63,0
20,63,0
21,63,0
22,63,0
23,63,0
24,63,0
25,63,0
26,63,0
27,63,0
28,63,0
29,63,0
30,63,1
31,63,1
32,63,1
33,63,1
34,63,1
35,63,1
36,63,1
37,63,1
38,63,1
39,63,1
40,63,1
41,63,1
42,63,1
43,63,1
44,63,1
45,63,1
46,63,1
47,63,1
48,63,1
49,63,1
50,63,0
51,63,0
52,63,0
53,63,0
54,63,2
55,63,2
56,63,2
57,63,2
58,63,2
59,63,2
60,63,2
61,63,2
62,63,2
63,63,2
64,63,2
65,63,2
66,63,2
67,63,2
68,63,2
69,63,0
70,63,0
71,63,3
72,63,3
73,63,3
74,63,3
75,63,3
76,63,3
77,63,3
78,63,3
79,63,3
80,63,3
81,63,3
82,63,3
83,63,3
84,63,3
85,63,3
86,63,3
87,63,3
88,63,3
89,63,3
90,63,3
91,63,3
92,63,3
93,63,3
94,63,3
95,63,3
96,63,3
97,63,3
98,63,3
99,63,3
100,63,3
101,63,3
102,63,3
103,63,3
104,63,3
105,63,3
106,63,3
107,63,3
108,63,3
109,63,3
110,63,3
111,63,3
112,63,3
113,63,3
114,63,3
115,63,3
116,63,3
117,63,3
118,63,3
119,63,3
120,63,3
121,63,3
122,63,3
123,63,3
124,63,3
125,63,3
126,63,3
127,63,3
128,63,3
129,63,3
130,63,3
131,63,3
132,63,3
133,63,3
134,63,3
135,63,3
136,63,3
137,63,3
138,63,3
139,63,3
140,63,3
141,63,3
142,63,3
143,63,3
144,63,3
145,63,3
146,63,3
147,63,3
148,63,3
149,63,3
150,63,3
151,63,3
152,63,3
153,63,3
154,63,3
155,63,3
156,63,3
157,63,3
158,63,3
159,63,3
160,63,3
161,63,3
162,63,3
163,63,3
164,63,3
165,63,3
166,63,3
167,63,3
168,63,3
169,63,3
170,63,3
171,63,3
172,63,3
173,63,3
174,63,3
175,63,3
176,63,3
177,63,0
178,63,0
179,63,0
180,63,0
181,63,0
182,63,0
183,63,0
184,63,0
185,63,0
186,63,0
187,63,0
188,63,0
189,63,0
190,63,0
191,63,0
192,63,0
193,63,0
194,63,0
195,63,0
196,63,0
197,63,0
198,63,0
199,63,0
200,63,0
201,63,0
202,63,0
203,63,0
204,63,0
205,63,0
206,63,0
207,63,0
208,63,0
209,63,0
210,63,0
211,63,0
212,63,0
213,63,0
214,63,0
215,63,0
216,63,0
217,63,0
218,63,0
219,63,0
220,63,0
221,63,0
222,63,0
223,63,0
224,63,0
225,63,0
226,63,0
227,63,0
228,63,0
229,63,0
230,63,0
231,63,0
232,63,0
233,63,0
234,63,0
235,63,0
236,63,0
237,63,0
238,63,0
239,63,0
240,63,0
241,63,0
242,63,0
243,63,0
244,63,0
245,63,0
246,63,0
247,63,0
248,63,0
249,63,0
250,63,0
251,63,0
252,63,0
253,63,0
254,63,0
255,63,0
256,63,0
257,63,0
258,63,0
259,63,0
260,63,0
261,63,0
262,63,0
263,63,0
264,63,0
265,63,0
266,63,0
267,63,0
268,63,0
269,63,0
270,63,0
271,63,0
272,63,0
273,63,0
274,63,0
275,63,0
276,63,0
277,63,0
278,63,0
279,63,0
280,63,0
281,63,0
282,63,0
283,63,0
284,63,0
285,63,0
286,63,0
287,63,0
288,63,0
289,63,0
290,63,0
291,63,0
292,63,0
293,63,0
294,63,0
295,63,0
296,63,0
297,63,0
298,63,0
299,63,0
300,63,0
301,63,0
302,63,0
303,63,0
304,63,0
305,63,0
306,63,0
307,63,0
308,63,0
309,63,0
310,63,0
311,63,0
312,63,0
313,63,0
314,63,0
315,63,0
316,63,0
317,63,0
318,63,0
319,63,0
320,63,0
321,63,0
322,63,0
323,63,0
324,63,0
325,63,0
326,63,0
327,63,0
328,63,0
329,63,0
330,63,0
331,63,0
332,63,0
333,63,0
334,63,0
335,63,0
336,63,0
337,63,0
338,63,0
339,63,0
340,63,0
341,63,0
342,63,0
343,63,0
344,63,0
345,63,0
346,63,0
347,63,0
348,63,0
349,63,0
350,63,0
351,63,0
352,63,0
353,63,0
354,63,0
355,63,0
356,63,0
357,63,0
358,63,0
359,63,0
360,63,0
361,63,0
362,63,0
363,63,0
364,63,0
365,63,0
366,63,0
367,63,0
368,63,0
369,63,0
370,63,0
371,63,0
372,63,0
373,63,0
374,63,0
375,63,0
376,63,0
377,63,0
378,63,0
379,63,0
380,63,0
381,63,0
382,63,0
383,63,0
384,63,0
385,63,0
386,63,0
387,63,0
388,63,0
389,63,0
390,63,0
1,62,0
2,62,0
3,62,0
4,62,0
5,62,0
6,62,0
7,62,0
8,62,0
9,62,0
10,62,0
11,62,0
12,62,0
13,62,0
14,62,0
15,62,0
16,62,0
17,62,0
18,62,0
19,62,1
20,62,1
21,62,1
22,62,1
23,62,0
24,62,1
25,62,0
26,62,0
27,62,0
28,62,0
29,62,0
30,62,1
31,62,1
32,62,1
33,62,1
34,62,1
35,62,1
36,62,1
37,62,1
38,62,1
39,62,1
40,62,1
41,62,1
42,62,1
43,62,1
44,62,1
45,62,1
46,62,1
47,62,1
48,62,1
49,62,1
50,62,0
51,62,0
52,62,0
53,62,0
54,62,2
55,62,2
56,62,2
57,62,2
58,62,2
59,62,2
60,62,2
61,62,2
62,62,2
63,62,2
64,62,2
65,62,2
66,62,2
67,62,2
68,62,2
69,62,0
70,62,0
71,62,3
72,62,3
73,62,3
74,62,3
75,62,3
76,62,3
77,62,3
78,62,3
79,62,3
80,62,3
81,62,3
82,62,3
83,62,3
84,62,3
85,62,3
86,62,3
87,62,3
88,62,3
89,62,3
90,62,3
91,62,3
92,62,3
93,62,3
94,62,3
95,62,3
96,62,3
97,62,3
98,62,3
99,62,3
100,62,3
101,62,3
102,62,3
103,62,3
104,62,3
105,62,3
106,62,3
107,62,3
108,62,3
109,62,3
110,62,3
111,62,3
112,62,3
113,62,3
114,62,3
115,62,3
116,62,3
117,62,3
118,62,3
119,62,3
120,62,3
121,62,3
122,62,3
123,62,3
124,62,3
125,62,3
126,62,3
127,62,3
128,62,3
129,62,3
130,62,3
131,62,3
132,62,3
133,62,3
134,62,3
135,62,3
136,62,3
137,62,3
138,62,3
139,62,3
140,62,3
141,62,3
142,62,3
143,62,3
144,62,3
145,62,3
146,62,3
147,62,3
148,62,3
149,62,3
150,62,3
151,62,3
152,62,3
153,62,3
154,62,3
155,62,3
156,62,3
157,62,3
158,62,3
159,62,3
160,62,3
161,62,3
162,62,3
163,62,3
164,62,3
165,62,3
166,62,3
167,62,3
168,62,3
169,62,3
170,62,3
171,62,3
172,62,3
173,62,3
174,62,3
175,62,3
176,62,0
177,62,0
178,62,0
179,62,0
180,62,0
181,62,0
182,62,0
183,62,0
184,62,0
185,62,0
186,62,0
187,62,0
188,62,0
189,62,0
190,62,0
191,62,0
192,62,0
193,62,0
194,62,0
195,62,0
196,62,0
197,62,0
198,62,0
199,62,0
200,62,0
201,62,0
202,62,0
203,62,0
204,62,0
205,62,0
206,62,0
207,62,0
208,62,0
209,62,0
210,62,0
211,62,0
212,62,0
213,62,0
214,62,0
215,62,0
216,62,0
217,62,0
218,62,0
219,62,0
220,62,0
221,62,0
222,62,0
223,62,0
224,62,0
225,62,0
226,62,0
227,62,0
228,62,0
229,62,0
230,62,0
231,62,0
232,62,0
233,62,0
234,62,0
235,62,0
236,62,0
237,62,0
238,62,0
239,62,0
240,62,0
241,62,0
242,62,0
243,62,0
244,62,0
245,62,0
246,62,0
247,62,0
248,62,0
249,62,0
250,62,0
251,62,0
252,62,0
253,62,0
254,62,0
255,62,0
256,62,0
257,62,0
258,62,0
259,62,0
260,62,0
261,62,0
262,62,0
263,62,0
264,62,0
265,62,0
266,62,0
267,62,0
268,62,0
269,62,0
270,62,0
271,62,0
272,62,0
273,62,0
274,62,0
275,62,0
276,62,0
277,62,0
278,62,0
279,62,0
280,62,0
281,62,0
282,62,0
283,62,0
284,62,0
285,62,0
286,62,0
287,62,0
288,62,0
289,62,0
290,62,0
291,62,0
292,62,0
293,62,0
294,62,0
295,62,0
296,62,0
297,62,0
298,62,0
299,62,0
300,62,0
301,62,0
302,62,0
303,62,0
304,62,0
305,62,0
306,62,0
307,62,0
308,62,0
309,62,0
310,62,0
311,62,0
312,62,0
313,62,0
314,62,0
315,62,0
316,62,0
317,62,0
318,62,0
319,62,0
320,62,0
321,62,0
322,62,0
323,62,0
324,62,0
325,62,0
326,62,0
327,62,0
328,62,0
329,62,0
330,62,0
331,62,0
332,62,0
333,62,0
334,62,0
335,62,0
336,62,0
337,62,0
338,62,0
339,62,0
340,62,0
341,62,0
342,62,0
343,62,0
344,62,0
345,62,0
346,62,0
347,62,0
348,62,0
349,62,0
350,62,0
351,62,0
352,62,0
353,62,0
354,62,0
355,62,0
356,62,0
357,62,0
358,62,0
359,62,0
360,62,0
361,62,0
362,62,0
363,62,0
364,62,0
365,62,0
366,62,0
367,62,0
368,62,0
369,62,0
370,62,0
371,62,0
372,62,0
373,62,0
374,62,0
375,62,0
376,62,0
377,62,0
378,62,0
379,62,0
380,62,0
381,62,0
382,62,0
383,62,0
384,62,0
385,62,0
386,62,0
387,62,0
388,62,0
389,62,0
390,62,0
1,61,0
2,61,0
3,61,0
4,61,0
5,61,0
6,61,0
7,61,0
8,61,0
9,61,0
10,61,0
11,61,0
12,61,0
13,61,0
14,61,0
15,61,0
16,61,1
17,61,1
18,61,1
19,61,1
20,61,1
21,61,1
22,61,1
23,61,1
24,61,1
25,61,0
26,61,0
27,61,0
28,61,0
29,61,0
30,61,1
31,61,1
32,61,1
33,61,1
34,61,1
35,61,1
36,61,1
37,61,1
38,61,1
39,61,1
40,61,1
41,61,1
42,61,1
43,61,1
44,61,1
45,61,1
46,61,1
47,61,1
48,61,1
49,61,0
50,61,0
51,61,0
52,61,0
53,61,0
54,61,2
55,61,2
56,61,2
57,61,2
58,61,2
59,61,2
60,61,2
61,61,2
62,61,2
63,61,2
64,61,2
65,61,2
66,61,2
67,61,2
68,61,0
69,61,0
70,61,3
71,61,3
72,61,3
73,61,3
74,61,3
75,61,3
76,61,3
77,61,3
78,61,3
79,61,3
80,61,3
81,61,3
82,61,3
83,61,3
84,61,3
85,61,3
86,61,3
87,61,3
88,61,3
89,61,3
90,61,3
91,61,3
92,61,3
93,61,3
94,61,3
95,61,3
96,61,3
97,61,3
98,61,3
99,61,3
100,61,3
101,61,3
102,61,3
103,61,3
104,61,3
105,61,3
106,61,3
107,61,3
108,61,3
109,61,3
110,61,3
111,61,3
112,61,3
113,61,3
114,61,3
115,61,3
116,61,3
117,61,3
118,61,3
119,61,3
120,61,3
121,61,3
122,61,3
123,61,3
124,61,3
125,61,3
126,61,3
127,61,3
128,61,3
129,61,3
130,61,3
131,61,3
132,61,3
133,61,3
134,61,3
135,61,3
136,61,3
137,61,3
138,61,3
139,61,3
140,61,3
141,61,3
142,61,3
143,61,3
144,61,3
145,61,3
146,61,3
147,61,3
148,61,3
149,61,0
150,61,0
151,61,0
152,61,0
153,61,0
154,61,0
155,61,0
156,61,0
157,61,0
158,61,3
159,61,3
160,61,3
161,61,3
162,61,3
163,61,3
164,61,3
165,61,3
166,61,3
167,61,3
168,61,3
169,61,3
170,61,3
171,61,3
172,61,3
173,61,3
174,61,3
175,61,0
176,61,0
177,61,0
178,61,0
179,61,0
180,61,0
181,61,0
182,61,0
183,61,0
184,61,0
185,61,0
186,61,0
187,61,0
188,61,0
189,61,0
190,61,0
191,61,0
192,61,0
193,61,0
194,61,0
195,61,0
196,61,0
197,61,0
198,61,0
199,61,0
200,61,0
201,61,0
202,61,0
203,61,0
204,61,0
205,61,0
206,61,0
207,61,0
208,61,0
209,61,0
210,61,0
211,61,0
212,61,0
213,61,0
214,61,0
215,61,0
216,61,0
217,61,0
218,61,0
219,61,0
220,61,0
221,61,0
222,61,0
223,61,0
224,61,0
225,61,0
226,61,0
227,61,0
228,61,0
229,61,0
230,61,0
231,61,0
232,61,0
233,61,0
234,61,0
235,61,0
236,61,0
237,61,0
238,61,0
239,61,0
240,61,0
241,61,0
242,61,0
243,61,0
244,61,0
245,61,0
246,61,0
247,61,0
248,61,0
249,61,0
250,61,0
251,61,0
252,61,0
253,61,0
254,61,0
255,61,0
256,61,0
257,61,0
258,61,0
259,61,0
260,61,0
261,61,0
262,61,0
263,61,0
264,61,0
265,61,0
266,61,0
267,61,0
268,61,0
269,61,0
270,61,0
271,61,0
272,61,0
273,61,0
274,61,0
275,61,0
276,61,0
277,61,0
278,61,0
279,61,0
280,61,0
281,61,0
282,61,0
283,61,0
284,61,0
285,61,0
286,61,0
287,61,0
288,61,0
289,61,0
290,61,0
291,61,0
292,61,0
293,61,0
294,61,0
295,61,0
296,61,0
297,61,0
298,61,0
299,61,0
300,61,0
301,61,0
302,61,0
303,61,0
304,61,0
305,61,0
306,61,0
307,61,0
308,61,0
309,61,0
310,61,0
311,61,0
312,61,0
313,61,0
314,61,0
315,61,0
316,61,0
317,61,0
318,61,0
319,61,0
320,61,0
321,61,0
322,61,0
323,61,0
324,61,0
325,61,0
326,61,0
327,61,0
328,61,0
329,61,0
330,61,0
331,61,0
332,61,0
333,61,0
334,61,0
335,61,0
336,61,0
337,61,0
338,61,0
339,61,0
340,61,0
341,61,0
342,61,0
343,61,0
344,61,0
345,61,0
346,61,0
347,61,0
348,61,0
349,61,0
350,61,0
351,61,0
352,61,0
353,61,0
354,61,0
355,61,0
356,61,0
357,61,0
358,61,0
359,61,0
360,61,0
361,61,0
362,61,0
363,61,0
364,61,0
365,61,0
366,61,0
367,61,0
368,61,0
369,61,0
370,61,0
371,61,0
372,61,0
373,61,0
374,61,0
375,61,0
376,61,0
377,61,0
378,61,0
379,61,0
380,61,0
381,61,0
382,61,0
383,61,0
384,61,0
385,61,0
386,61,0
387,61,0
388,61,0
389,61,0
390,61,0
1,60,0
2,60,0
3,60,0
4,60,0
5,60,0
6,60,0
7,60,0
8,60,0
9,60,0
10,60,0
11,60,0
12,60,0
13,60,0
14,60,0
15,60,0
16,60,1
17,60,1
18,60,1
19,60,1
20,60,1
21,60,1
22,60,0
23,60,0
24,60,0
25,60,0
26,60,0
27,60,0
28,60,0
29,60,0
30,60,0
31,60,1
32,60,1
33,60,1
34,60,1
35,60,1
36,60,1
37,60,1
38,60,1
39,60,1
40,60,1
41,60,1
42,60,1
43,60,1
44,60,1
45,60,1
46,60,1
47,60,1
48,60,1
49,60,0
50,60,0
51,60,0
52,60,0
53,60,2
54,60,2
55,60,2
56,60,2
57,60,2
58,60,2
59,60,2
60,60,2
61,60,2
62,60,2
63,60,2
64,60,2
65,60,2
66,60,2
67,60,0
68,60,0
69,60,0
70,60,3
71,60,3
72,60,3
73,60,3
74,60,3
75,60,3
76,60,3
77,60,3
78,60,3
79,60,3
80,60,3
81,60,3
82,60,3
83,60,3
84,60,3
85,60,3
86,60,3
87,60,3
88,60,3
89,60,3
90,60,3
91,60,3
92,60,3
93,60,3
94,60,3
95,60,3
96,60,3
97,60,3
98,60,3
99,60,3
100,60,3
101,60,3
102,60,3
103,60,3
104,60,3
105,60,3
106,60,3
107,60,3
108,60,3
109,60,3
110,60,3
111,60,3
112,60,3
113,60,3
114,60,3
115,60,3
116,60,3
117,60,3
118,60,3
119,60,3
120,60,3
121,60,3
122,60,3
123,60,3
124,60,3
125,60,3
126,60,3
127,60,3
128,60,3
129,60,3
130,60,3
131,60,3
132,60,3
133,60,3
134,60,3
135,60,3
136,60,3
137,60,3
138,60,3
139,60,3
140,60,3
141,60,3
142,60,3
143,60,3
144,60,3
145,60,3
146,60,3
147,60,3
148,60,0
149,60,0
150,60,0
151,60,0
152,60,0
153,60,0
154,60,0
155,60,0
156,60,0
157,60,0
158,60,0
159,60,0
160,60,3
161,60,3
162,60,3
163,60,3
164,60,3
165,60,3
166,60,3
167,60,3
168,60,3
169,60,3
170,60,3
171,60,3
172,60,3
173,60,3
174,60,3
175,60,0
176,60,0
177,60,0
178,60,0
179,60,0
180,60,0
181,60,0
182,60,0
183,60,0
184,60,0
185,60,0
186,60,0
187,60,0
188,60,0
189,60,0
190,60,0
191,60,0
192,60,0
193,60,0
194,60,0
195,60,0
196,60,0
197,60,0
198,60,0
199,60,0
200,60,0
201,60,0
202,60,0
203,60,0
204,60,0
205,60,0
206,60,0
207,60,0
208,60,0
209,60,0
210,60,0
211,60,0
212,60,0
213,60,0
214,60,0
215,60,0
216,60,0
217,60,0
218,60,0
219,60,0
220,60,0
221,60,0
222,60,0
223,60,0
224,60,0
225,60,0
226,60,0
227,60,0
228,60,0
229,60,0
230,60,0
231,60,0
232,60,0
233,60,0
234,60,0
235,60,0
236,60,0
237,60,0
238,60,0
239,60,0
240,60,0
241,60,0
242,60,0
243,60,0
244,60,0
245,60,0
246,60,0
247,60,0
248,60,0
249,60,0
250,60,0
251,60,0
252,60,0
253,60,0
254,60,0
255,60,0
256,60,0
257,60,0
258,60,0
259,60,0
260,60,0
261,60,0
262,60,0
263,60,0
264,60,0
265,60,0
266,60,0
267,60,0
268,60,0
269,60,0
270,60,0
271,60,0
272,60,0
273,60,0
274,60,0
275,60,0
276,60,0
277,60,0
278,60,0
279,60,0
280,60,0
281,60,0
282,60,0
283,60,0
284,60,0
285,60,0
286,60,0
287,60,0
288,60,0
289,60,0
290,60,0
291,60,0
292,60,0
293,60,0
294,60,0
295,60,0
296,60,0
297,60,0
298,60,0
299,60,0
300,60,0
301,60,0
302,60,0
303,60,0
304,60,0
305,60,0
306,60,0
307,60,0
308,60,0
309,60,0
310,60,0
311,60,0
312,60,0
313,60,0
314,60,0
315,60,0
316,60,0
317,60,0
318,60,0
319,60,0
320,60,0
321,60,0
322,60,0
323,60,0
324,60,0
325,60,0
326,60,0
327,60,0
328,60,0
329,60,0
330,60,0
331,60,0
332,60,0
333,60,0
334,60,0
335,60,0
336,60,0
337,60,0
338,60,0
339,60,0
340,60,0
341,60,0
342,60,0
343,60,0
344,60,0
345,60,0
346,60,0
347,60,0
348,60,0
349,60,0
350,60,0
351,60,0
352,60,0
353,60,0
354,60,0
355,60,0
356,60,0
357,60,0
358,60,0
359,60,0
360,60,0
361,60,0
362,60,0
363,60,0
364,60,0
365,60,0
366,60,0
367,60,0
368,60,0
369,60,0
370,60,0
371,60,0
372,60,0
373,60,0
374,60,0
375,60,0
376,60,0
377,60,0
378,60,0
379,60,0
380,60,0
381,60,0
382,60,0
383,60,0
384,60,0
385,60,0
386,60,0
387,60,0
388,60,0
389,60,0
390,60,0
1,59,0
2,59,0
3,59,0
4,59,0
5,59,0
6,59,0
7,59,0
8,59,0
9,59,0
10,59,0
11,59,0
12,59,0
13,59,0
14,59,0
15,59,1
16,59,1
17,59,1
18,59,1
19,59,1
20,59,1
21,59,1
22,59,1
23,59,1
24,59,1
25,59,0
26,59,1
27,59,1
28,59,1
29,59,1
30,59,1
31,59,1
32,59,1
33,59,1
34,59,1
35,59,1
36,59,1
37,59,1
38,59,1
39,59,1
40,59,1
41,59,1
42,59,1
43,59,1
44,59,1
45,59,1
46,59,1
47,59,1
48,59,1
49,59,0
50,59,0
51,59,0
52,59,2
53,59,2
54,59,2
55,59,2
56,59,2
57,59,2
58,59,2
59,59,2
60,59,2
61,59,2
62,59,2
63,59,2
64,59,2
65,59,2
66,59,2
67,59,0
68,59,0
69,59,3
70,59,3
71,59,3
72,59,3
73,59,3
74,59,3
75,59,3
76,59,3
77,59,3
78,59,3
79,59,3
80,59,3
81,59,3
82,59,3
83,59,3
84,59,3
85,59,3
86,59,3
87,59,3
88,59,3
89,59,3
90,59,3
91,59,3
92,59,3
93,59,3
94,59,3
95,59,3
96,59,3
97,59,3
98,59,3
99,59,3
100,59,3
101,59,3
102,59,3
103,59,3
104,59,3
105,59,3
106,59,3
107,59,3
108,59,3
109,59,3
110,59,3
111,59,3
112,59,3
113,59,3
114,59,3
115,59,3
116,59,3
117,59,3
118,59,3
119,59,3
120,59,3
121,59,3
122,59,3
123,59,3
124,59,3
125,59,3
126,59,3
127,59,3
128,59,3
129,59,3
130,59,3
131,59,3
132,59,3
133,59,3
134,59,3
135,59,3
136,59,3
137,59,3
138,59,3
139,59,3
140,59,3
141,59,3
142,59,3
143,59,3
144,59,3
145,59,3
146,59,3
147,59,0
148,59,0
149,59,0
150,59,0
151,59,0
152,59,0
153,59,0
154,59,0
155,59,0
156,59,0
157,59,0
158,59,0
159,59,0
160,59,0
161,59,0
162,59,3
163,59,3
164,59,3
165,59,3
166,59,3
167,59,3
168,59,3
169,59,3
170,59,3
171,59,3
172,59,3
173,59,3
174,59,3
175,59,0
176,59,0
177,59,0
178,59,0
179,59,0
180,59,0
181,59,0
182,59,0
183,59,0
184,59,0
185,59,0
186,59,0
187,59,0
188,59,0
189,59,0
190,59,0
191,59,0
192,59,0
193,59,0
194,59,0
195,59,0
196,59,0
197,59,0
198,59,0
199,59,0
200,59,0
201,59,0
202,59,0
203,59,0
204,59,0
205,59,0
206,59,0
207,59,0
208,59,0
209,59,0
210,59,0
211,59,0
212,59,0
213,59,0
214,59,0
215,59,0
216,59,0
217,59,0
218,59,0
219,59,0
220,59,0
221,59,0
222,59,0
223,59,0
224,59,0
225,59,0
226,59,0
227,59,0
228,59,0
229,59,0
230,59,0
231,59,0
232,59,0
233,59,0
234,59,0
235,59,0
236,59,0
237,59,0
238,59,0
239,59,0
240,59,0
241,59,0
242,59,0
243,59,0
244,59,0
245,59,0
246,59,0
247,59,0
248,59,0
249,59,0
250,59,0
251,59,0
252,59,0
253,59,0
254,59,0
255,59,0
256,59,0
257,59,0
258,59,0
259,59,0
260,59,0
261,59,0
262,59,0
263,59,0
264,59,0
265,59,0
266,59,0
267,59,0
268,59,0
269,59,0
270,59,0
271,59,0
272,59,0
273,59,0
274,59,0
275,59,0
276,59,0
277,59,0
278,59,0
279,59,0
280,59,0
281,59,0
282,59,0
283,59,0
284,59,0
285,59,0
286,59,0
287,59,0
288,59,0
289,59,0
290,59,0
291,59,0
292,59,0
293,59,0
294,59,0
295,59,0
296,59,0
297,59,0
298,59,0
299,59,0
300,59,0
301,59,0
302,59,0
303,59,0
304,59,0
305,59,0
306,59,0
307,59,0
308,59,0
309,59,0
310,59,0
311,59,0
312,59,0
313,59,0
314,59,0
315,59,0
316,59,0
317,59,0
318,59,0
319,59,0
320,59,0
321,59,0
322,59,0
323,59,0
324,59,0
325,59,0
326,59,0
327,59,0
328,59,0
329,59,0
330,59,0
331,59,0
332,59,0
333,59,0
334,59,0
335,59,0
336,59,0
337,59,0
338,59,0
339,59,0
340,59,0
341,59,0
342,59,0
343,59,0
344,59,0
345,59,0
346,59,0
347,59,0
348,59,0
349,59,0
350,59,0
351,59,0
352,59,0
353,59,0
354,59,0
355,59,0
356,59,0
357,59,0
358,59,0
359,59,0
360,59,0
361,59,0
362,59,0
363,59,0
364,59,0
365,59,0
366,59,0
367,59,0
368,59,0
369,59,0
370,59,0
371,59,0
372,59,0
373,59,0
374,59,0
375,59,0
376,59,0
377,59,0
378,59,0
379,59,0
380,59,0
381,59,0
382,59,0
383,59,0
384,59,0
385,59,0
386,59,0
387,59,0
388,59,0
389,59,0
390,59,0
1,58,0
2,58,0
3,58,0
4,58,0
5,58,0
6,58,0
7,58,0
8,58,0
9,58,0
10,58,0
11,58,0
12,58,0
13,58,0
14,58,0
15,58,0
16,58,0
17,58,0
18,58,0
19,58,0
20,58,0
21,58,1
22,58,1
23,58,1
24,58,1
25,58,1
26,58,1
27,58,1
28,58,1
29,58,1
30,58,1
31,58,1
32,58,1
33,58,1
34,58,1
35,58,1
36,58,1
37,58,1
38,58,1
39,58,1
40,58,1
41,58,1
42,58,1
43,58,1
44,58,1
45,58,1
46,58,1
47,58,1
48,58,0
49,58,0
50,58,0
51,58,0
52,58,2
53,58,2
54,58,2
55,58,2
56,58,2
57,58,2
58,58,2
59,58,2
60,58,2
61,58,2
62,58,2
63,58,2
64,58,2
65,58,2
66,58,0
67,58,0
68,58,3
69,58,3
70,58,3
71,58,3
72,58,3
73,58,3
74,58,3
75,58,3
76,58,3
77,58,3
78,58,3
79,58,3
80,58,3
81,58,3
82,58,3
83,58,3
84,58,3
85,58,3
86,58,3
87,58,3
88,58,3
89,58,3
90,58,3
91,58,3
92,58,3
93,58,3
94,58,3
95,58,3
96,58,3
97,58,3
98,58,3
99,58,3
100,58,3
101,58,3
102,58,3
103,58,3
104,58,3
105,58,3
106,58,3
107,58,3
108,58,3
109,58,3
110,58,3
111,58,3
112,58,3
113,58,3
114,58,3
115,58,3
116,58,3
117,58,3
118,58,3
119,58,3
120,58,3
121,58,3
122,58,3
123,58,3
124,58,3
125,58,3
126,58,3
127,58,3
128,58,3
129,58,3
130,58,3
131,58,3
132,58,3
133,58,3
134,58,3
135,58,3
136,58,3
137,58,3
138,58,3
139,58,3
140,58,3
141,58,3
142,58,3
143,58,3
144,58,3
145,58,3
146,58,3
147,58,0
148,58,0
149,58,0
150,58,0
151,58,0
152,58,0
153,58,0
154,58,0
155,58,0
156,58,0
157,58,0
158,58,0
159,58,0
160,58,0
161,58,0
162,58,0
163,58,3
164,58,3
165,58,3
166,58,3
167,58,3
168,58,3
169,58,3
170,58,3
171,58,3
172,58,3
173,58,3
174,58,0
175,58,0
176,58,0
177,58,0
178,58,0
179,58,0
180,58,0
181,58,0
182,58,0
183,58,0
184,58,0
185,58,0
186,58,0
187,58,0
188,58,0
189,58,0
190,58,0
191,58,0
192,58,0
193,58,0
194,58,0
195,58,0
196,58,0
197,58,0
198,58,0
199,58,0
200,58,0
201,58,0
202,58,0
203,58,0
204,58,0
205,58,0
206,58,0
207,58,0
208,58,0
209,58,0
210,58,0
211,58,0
212,58,0
213,58,0
214,58,0
215,58,0
216,58,0
217,58,0
218,58,0
219,58,0
220,58,0
221,58,0
222,58,0
223,58,0
224,58,0
225,58,0
226,58,0
227,58,0
228,58,0
229,58,0
230,58,0
231,58,0
232,58,0
233,58,0
234,58,0
235,58,0
236,58,0
237,58,0
238,58,0
239,58,0
240,58,0
241,58,0
242,58,0
243,58,0
244,58,0
245,58,0
246,58,0
247,58,0
248,58,0
249,58,0
250,58,0
251,58,0
252,58,0
253,58,0
254,58,0
255,58,0
256,58,0
257,58,0
258,58,0
259,58,0
260,58,0
261,58,0
262,58,0
263,58,0
264,58,0
265,58,0
266,58,0
267,58,0
268,58,0
269,58,0
270,58,0
271,58,0
272,58,0
273,58,0
274,58,0
275,58,0
276,58,0
277,58,0
278,58,0
279,58,0
280,58,0
281,58,0
282,58,0
283,58,0
284,58,0
285,58,0
286,58,0
287,58,0
288,58,0
289,58,0
290,58,0
291,58,0
292,58,0
293,58,0
294,58,0
295,58,0
296,58,0
297,58,0
298,58,0
299,58,0
300,58,0
301,58,0
302,58,0
303,58,0
304,58,0
305,58,0
306,58,0
307,58,0
308,58,0
309,58,0
310,58,0
311,58,0
312,58,0
313,58,0
314,58,0
315,58,0
316,58,0
317,58,0
318,58,0
319,58,0
320,58,0
321,58,0
322,58,0
323,58,0
324,58,0
325,58,0
326,58,0
327,58,0
328,58,0
329,58,0
330,58,0
331,58,0
332,58,0
333,58,0
334,58,0
335,58,0
336,58,0
337,58,0
338,58,0
339,58,0
340,58,0
341,58,0
342,58,0
343,58,0
344,58,0
345,58,0
346,58,0
347,58,0
348,58,0
349,58,0
350,58,0
351,58,0
352,58,0
353,58,0
354,58,0
355,58,0
356,58,0
357,58,0
358,58,0
359,58,0
360,58,0
361,58,0
362,58,0
363,58,0
364,58,0
365,58,0
366,58,0
367,58,0
368,58,0
369,58,0
370,58,0
371,58,0
372,58,0
373,58,0
374,58,0
375,58,0
376,58,0
377,58,0
378,58,0
379,58,0
380,58,0
381,58,0
382,58,0
383,58,0
384,58,0
385,58,0
386,58,0
387,58,0
388,58,0
389,58,0
390,58,0
1,57,0
2,57,0
3,57,0
4,57,0
5,57,0
6,57,0
7,57,0
8,57,0
9,57,0
10,57,0
11,57,0
12,57,0
13,57,0
14,57,0
15,57,0
16,57,0
17,57,0
18,57,0
19,57,0
20,57,0
21,57,0
22,57,0
23,57,0
24,57,1
25,57,1
26,57,1
27,57,1
28,57,1
29,57,1
30,57,1
31,57,1
32,57,1
33,57,1
34,57,1
35,57,1
36,57,1
37,57,1
38,57,1
39,57,1
40,57,1
41,57,1
42,57,1
43,57,1
44,57,1
45,57,0
46,57,0
47,57,0
48,57,0
49,57,0
50,57,0
51,57,0
52,57,2
53,57,2
54,57,2
55,57,2
56,57,2
57,57,2
58,57,2
59,57,2
60,57,2
61,57,2
62,57,2
63,57,2
64,57,2
65,57,0
66,57,0
67,57,3
68,57,3
69,57,3
70,57,3
71,57,3
72,57,3
73,57,3
74,57,3
75,57,3
76,57,3
77,57,3
78,57,3
79,57,3
80,57,3
81,57,3
82,57,3
83,57,3
84,57,3
85,57,3
86,57,3
87,57,3
88,57,3
89,57,3
90,57,3
91,57,3
92,57,3
93,57,3
94,57,3
95,57,3
96,57,3
97,57,3
98,57,3
99,57,3
100,57,3
101,57,3
102,57,3
103,57,3
104,57,3
105,57,3
106,57,3
107,57,3
108,57,3
109,57,3
110,57,3
111,57,3
112,57,3
113,57,3
114,57,3
115,57,3
116,57,3
117,57,3
118,57,3
119,57,3
120,57,3
121,57,3
122,57,3
123,57,3
124,57,3
125,57,3
126,57,3
127,57,3
128,57,3
129,57,3
130,57,3
131,57,3
132,57,3
133,57,3
134,57,3
135,57,3
136,57,3
137,57,3
138,57,3
139,57,3
140,57,3
141,57,3
142,57,3
143,57,3
144,57,3
145,57,3
146,57,3
147,57,0
148,57,0
149,57,0
150,57,0
151,57,0
152,57,0
153,57,0
154,57,0
155,57,0
156,57,0
157,57,0
158,57,0
159,57,0
160,57,0
161,57,0
162,57,0
163,57,0
164,57,0
165,57,0
166,57,3
167,57,3
168,57,3
169,57,3
170,57,3
171,57,3
172,57,3
173,57,3
174,57,0
175,57,0
176,57,0
177,57,0
178,57,0
179,57,0
180,57,0
181,57,0
182,57,0
183,57,0
184,57,0
185,57,0
186,57,0
187,57,0
188,57,0
189,57,0
190,57,0
191,57,0
192,57,0
193,57,0
194,57,0
195,57,0
196,57,0
197,57,0
198,57,0
199,57,0
200,57,0
201,57,0
202,57,0
203,57,0
204,57,0
205,57,0
206,57,0
207,57,0
208,57,0
209,57,0
210,57,0
211,57,0
212,57,0
213,57,0
214,57,0
215,57,0
216,57,0
217,57,0
218,57,0
219,57,0
220,57,0
221,57,0
222,57,0
223,57,0
224,57,0
225,57,0
226,57,0
227,57,0
228,57,0
229,57,0
230,57,0
231,57,0
232,57,0
233,57,0
234,57,0
235,57,0
236,57,0
237,57,0
238,57,0
239,57,0
240,57,0
241,57,0
242,57,0
243,57,0
244,57,0
245,57,0
246,57,0
247,57,0
248,57,0
249,57,0
250,57,0
251,57,0
252,57,0
253,57,0
254,57,0
255,57,0
256,57,0
257,57,0
258,57,0
259,57,0
260,57,0
261,57,0
262,57,0
263,57,0
264,57,0
265,57,0
266,57,0
267,57,0
268,57,0
269,57,0
270,57,0
271,57,0
272,57,0
273,57,0
274,57,0
275,57,0
276,57,0
277,57,0
278,57,0
279,57,0
280,57,0
281,57,0
282,57,0
283,57,0
284,57,0
285,57,0
286,57,0
287,57,0
288,57,0
289,57,0
290,57,0
291,57,0
292,57,0
293,57,0
294,57,0
295,57,0
296,57,0
297,57,0
298,57,0
299,57,0
300,57,0
301,57,0
302,57,0
303,57,0
304,57,0
305,57,0
306,57,0
307,57,0
308,57,0
309,57,0
310,57,0
311,57,0
312,57,0
313,57,0
314,57,0
315,57,0
316,57,0
317,57,0
318,57,0
319,57,0
320,57,0
321,57,0
322,57,0
323,57,0
324,57,0
325,57,0
326,57,0
327,57,0
328,57,0
329,57,0
330,57,0
331,57,0
332,57,0
333,57,0
334,57,0
335,57,0
336,57,0
337,57,0
338,57,0
339,57,0
340,57,0
341,57,0
342,57,0
343,57,0
344,57,0
345,57,0
346,57,0
347,57,0
348,57,0
349,57,0
350,57,0
351,57,0
352,57,0
353,57,0
354,57,0
355,57,0
356,57,0
357,57,0
358,57,0
359,57,0
360,57,0
361,57,0
362,57,0
363,57,0
364,57,0
365,57,0
366,57,0
367,57,0
368,57,0
369,57,0
370,57,0
371,57,0
372,57,0
373,57,0
374,57,0
375,57,0
376,57,0
377,57,0
378,57,0
379,57,0
380,57,0
381,57,0
382,57,0
383,57,0
384,57,0
385,57,0
386,57,0
387,57,0
388,57,0
389,57,0
390,57,0
1,56,0
2,56,0
3,56,0
4,56,0
5,56,0
6,56,0
7,56,0
8,56,0
9,56,0
10,56,0
11,56,0
12,56,0
13,56,0
14,56,0
15,56,0
16,56,0
17,56,0
18,56,0
19,56,0
20,56,0
21,56,0
22,56,0
23,56,1
24,56,1
25,56,1
26,56,1
27,56,1
28,56,1
29,56,1
30,56,1
31,56,1
32,56,1
33,56,1
34,56,1
35,56,1
36,56,1
37,56,1
38,56,1
39,56,1
40,56,1
41,56,1
42,56,1
43,56,1
44,56,1
45,56,0
46,56,0
47,56,1
48,56,0
49,56,0
50,56,0
51,56,0
52,56,0
53,56,0
54,56,2
55,56,2
56,56,2
57,56,2
58,56,2
59,56,2
60,56,2
61,56,2
62,56,0
63,56,0
64,56,0
65,56,0
66,56,3
67,56,3
68,56,3
69,56,3
70,56,3
71,56,3
72,56,3
73,56,3
74,56,3
75,56,3
76,56,3
77,56,3
78,56,3
79,56,3
80,56,3
81,56,3
82,56,3
83,56,3
84,56,3
85,56,3
86,56,3
87,56,3
88,56,3
89,56,3
90,56,3
91,56,3
92,56,3
93,56,3
94,56,3
95,56,3
96,56,3
97,56,3
98,56,3
99,56,3
100,56,3
101,56,3
102,56,3
103,56,3
104,56,3
105,56,3
106,56,3
107,56,3
108,56,3
109,56,3
110,56,3
111,56,3
112,56,3
113,56,3
114,56,3
115,56,3
116,56,3
117,56,3
118,56,3
119,56,3
120,56,3
121,56,3
122,56,3
123,56,3
124,56,3
125,56,3
126,56,3
127,56,3
128,56,3
129,56,3
130,56,3
131,56,3
132,56,3
133,56,3
134,56,3
135,56,3
136,56,3
137,56,3
138,56,3
139,56,3
140,56,3
141,56,3
142,56,3
143,56,3
144,56,3
145,56,3
146,56,3
147,56,0
148,56,0
149,56,0
150,56,0
151,56,0
152,56,0
153,56,0
154,56,0
155,56,0
156,56,0
157,56,0
158,56,0
159,56,0
160,56,0
161,56,0
162,56,0
163,56,0
164,56,0
165,56,0
166,56,3
167,56,3
168,56,3
169,56,3
170,56,3
171,56,3
172,56,3
173,56,0
174,56,0
175,56,0
176,56,0
177,56,0
178,56,0
179,56,0
180,56,0
181,56,0
182,56,0
183,56,0
184,56,0
185,56,0
186,56,0
187,56,0
188,56,0
189,56,0
190,56,0
191,56,0
192,56,0
193,56,0
194,56,0
195,56,0
196,56,0
197,56,0
198,56,0
199,56,0
200,56,0
201,56,0
202,56,0
203,56,0
204,56,0
205,56,0
206,56,0
207,56,0
208,56,0
209,56,0
210,56,0
211,56,0
212,56,0
213,56,0
214,56,0
215,56,0
216,56,0
217,56,0
218,56,0
219,56,0
220,56,0
221,56,0
222,56,0
223,56,0
224,56,0
225,56,0
226,56,0
227,56,0
228,56,0
229,56,0
230,56,0
231,56,0
232,56,0
233,56,0
234,56,0
235,56,0
236,56,0
237,56,0
238,56,0
239,56,0
240,56,0
241,56,0
242,56,0
243,56,0
244,56,0
245,56,0
246,56,0
247,56,0
248,56,0
249,56,0
250,56,0
251,56,0
252,56,0
253,56,0
254,56,0
255,56,0
256,56,0
257,56,0
258,56,0
259,56,0
260,56,0
261,56,0
262,56,0
263,56,0
264,56,0
265,56,0
266,56,0
267,56,0
268,56,0
269,56,0
270,56,0
271,56,0
272,56,0
273,56,0
274,56,0
275,56,0
276,56,0
277,56,0
278,56,0
279,56,0
280,56,0
281,56,0
282,56,0
283,56,0
284,56,0
285,56,0
286,56,0
287,56,0
288,56,0
289,56,0
290,56,0
291,56,0
292,56,0
293,56,0
294,56,0
295,56,0
296,56,0
297,56,0
298,56,0
299,56,0
300,56,0
301,56,0
302,56,0
303,56,0
304,56,0
305,56,0
306,56,0
307,56,0
308,56,0
309,56,0
310,56,0
311,56,0
312,56,0
313,56,0
314,56,0
315,56,0
316,56,0
317,56,0
318,56,0
319,56,0
320,56,0
321,56,0
322,56,0
323,56,0
324,56,0
325,56,0
326,56,0
327,56,0
328,56,0
329,56,0
330,56,0
331,56,0
332,56,0
333,56,0
334,56,0
335,56,0
336,56,0
337,56,0
338,56,0
339,56,0
340,56,0
341,56,0
342,56,0
343,56,0
344,56,0
345,56,0
346,56,0
347,56,0
348,56,0
349,56,0
350,56,0
351,56,0
352,56,0
353,56,0
354,56,0
355,56,0
356,56,0
357,56,0
358,56,0
359,56,0
360,56,0
361,56,0
362,56,0
363,56,0
364,56,0
365,56,0
366,56,0
367,56,0
368,56,0
369,56,0
370,56,0
371,56,0
372,56,0
373,56,0
374,56,0
375,56,0
376,56,0
377,56,0
378,56,0
379,56,0
380,56,0
381,56,0
382,56,0
383,56,0
384,56,0
385,56,0
386,56,0
387,56,0
388,56,0
389,56,0
390,56,0
1,55,0
2,55,0
3,55,0
4,55,0
5,55,0
6,55,0
7,55,0
8,55,0
9,55,0
10,55,0
11,55,0
12,55,0
13,55,0
14,55,0
15,55,0
16,55,0
17,55,0
18,55,0
19,55,0
20,55,0
21,55,0
22,55,0
23,55,0
24,55,1
25,55,0
26,55,1
27,55,1
28,55,1
29,55,0
30,55,0
31,55,0
32,55,0
33,55,1
34,55,1
35,55,1
36,55,1
37,55,1
38,55,1
39,55,1
40,55,1
41,55,1
42,55,1
43,55,1
44,55,1
45,55,0
46,55,1
47,55,1
48,55,0
49,55,0
50,55,0
51,55,3
52,55,0
53,55,0
54,55,0
55,55,0
56,55,0
57,55,0
58,55,0
59,55,0
60,55,0
61,55,0
62,55,0
63,55,0
64,55,0
65,55,3
66,55,3
67,55,3
68,55,3
69,55,3
70,55,3
71,55,3
72,55,3
73,55,3
74,55,3
75,55,3
76,55,3
77,55,3
78,55,3
79,55,3
80,55,3
81,55,3
82,55,3
83,55,3
84,55,3
85,55,3
86,55,3
87,55,3
88,55,3
89,55,3
90,55,3
91,55,3
92,55,3
93,55,3
94,55,3
95,55,3
96,55,3
97,55,3
98,55,3
99,55,3
100,55,3
101,55,3
102,55,3
103,55,3
104,55,3
105,55,3
106,55,3
107,55,3
108,55,3
109,55,3
110,55,3
111,55,3
112,55,3
113,55,3
114,55,3
115,55,3
116,55,3
117,55,3
118,55,3
119,55,3
120,55,3
121,55,3
122,55,3
123,55,3
124,55,3
125,55,3
126,55,3
127,55,3
128,55,3
129,55,3
130,55,3
131,55,3
132,55,3
133,55,3
134,55,3
135,55,3
136,55,3
137,55,3
138,55,3
139,55,3
140,55,3
141,55,3
142,55,3
143,55,3
144,55,3
145,55,3
146,55,3
147,55,0
148,55,0
149,55,0
150,55,0
151,55,0
152,55,0
153,55,0
154,55,0
155,55,0
156,55,0
157,55,0
158,55,0
159,55,0
160,55,0
161,55,0
162,55,0
163,55,0
164,55,0
165,55,0
166,55,0
167,55,0
168,55,3
169,55,3
170,55,3
171,55,3
172,55,0
173,55,0
174,55,0
175,55,0
176,55,0
177,55,0
178,55,0
179,55,0
180,55,0
181,55,0
182,55,0
183,55,0
184,55,0
185,55,0
186,55,0
187,55,0
188,55,0
189,55,0
190,55,0
191,55,0
192,55,0
193,55,0
194,55,0
195,55,0
196,55,0
197,55,0
198,55,0
199,55,0
200,55,0
201,55,0
202,55,0
203,55,0
204,55,0
205,55,0
206,55,0
207,55,0
208,55,0
209,55,0
210,55,0
211,55,0
212,55,0
213,55,0
214,55,0
215,55,0
216,55,0
217,55,0
218,55,0
219,55,0
220,55,0
221,55,0
222,55,0
223,55,0
224,55,0
225,55,0
226,55,0
227,55,0
228,55,0
229,55,0
230,55,0
231,55,0
232,55,0
233,55,0
234,55,0
235,55,0
236,55,0
237,55,0
238,55,0
239,55,0
240,55,0
241,55,0
242,55,0
243,55,0
244,55,0
245,55,0
246,55,0
247,55,0
248,55,0
249,55,0
250,55,0
251,55,0
252,55,0
253,55,0
254,55,0
255,55,0
256,55,0
257,55,0
258,55,0
259,55,0
260,55,0
261,55,0
262,55,0
263,55,0
264,55,0
265,55,0
266,55,0
267,55,0
268,55,0
269,55,0
270,55,0
271,55,0
272,55,0
273,55,0
274,55,0
275,55,0
276,55,0
277,55,0
278,55,0
279,55,0
280,55,0
281,55,0
282,55,0
283,55,0
284,55,0
285,55,0
286,55,0
287,55,0
288,55,0
289,55,0
290,55,0
291,55,0
292,55,0
293,55,0
294,55,0
295,55,0
296,55,0
297,55,0
298,55,0
299,55,0
300,55,0
301,55,0
302,55,0
303,55,0
304,55,0
305,55,0
306,55,0
307,55,0
308,55,0
309,55,0
310,55,0
311,55,0
312,55,0
313,55,0
314,55,0
315,55,0
316,55,0
317,55,0
318,55,0
319,55,0
320,55,0
321,55,0
322,55,0
323,55,0
324,55,0
325,55,0
326,55,0
327,55,0
328,55,0
329,55,0
330,55,0
331,55,0
332,55,0
333,55,0
334,55,0
335,55,0
336,55,0
337,55,0
338,55,0
339,55,0
340,55,0
341,55,0
342,55,0
343,55,0
344,55,0
345,55,0
346,55,0
347,55,0
348,55,0
349,55,0
350,55,0
351,55,0
352,55,0
353,55,0
354,55,0
355,55,0
356,55,0
357,55,0
358,55,0
359,55,0
360,55,0
361,55,0
362,55,0
363,55,0
364,55,0
365,55,0
366,55,0
367,55,0
368,55,0
369,55,0
370,55,0
371,55,0
372,55,0
373,55,0
374,55,0
375,55,0
376,55,0
377,55,0
378,55,0
379,55,0
380,55,0
381,55,0
382,55,0
383,55,0
384,55,0
385,55,0
386,55,0
387,55,0
388,55,0
389,55,0
390,55,0
1,54,0
2,54,0
3,54,0
4,54,0
5,54,0
6,54,0
7,54,0
8,54,0
9,54,0
10,54,0
11,54,0
12,54,0
13,54,0
14,54,0
15,54,0
16,54,0
17,54,0
18,54,0
19,54,0
20,54,0
21,54,0
22,54,1
23,54,1
24,54,0
25,54,0
26,54,0
27,54,0
28,54,0
29,54,0
30,54,0
31,54,0
32,54,1
33,54,1
34,54,1
35,54,1
36,54,1
37,54,1
38,54,1
39,54,1
40,54,1
41,54,1
42,54,1
43,54,1
44,54,1
45,54,0
46,54,1
47,54,0
48,54,0
49,54,0
50,54,0
51,54,3
52,54,3
53,54,3
54,54,3
55,54,3
56,54,3
57,54,3
58,54,3
59,54,3
60,54,3
61,54,3
62,54,3
63,54,3
64,54,3
65,54,3
66,54,3
67,54,3
68,54,3
69,54,3
70,54,3
71,54,3
72,54,3
73,54,3
74,54,3
75,54,3
76,54,3
77,54,3
78,54,3
79,54,3
80,54,3
81,54,3
82,54,3
83,54,3
84,54,3
85,54,3
86,54,3
87,54,3
88,54,3
89,54,3
90,54,3
91,54,3
92,54,3
93,54,3
94,54,3
95,54,3
96,54,3
97,54,3
98,54,3
99,54,3
100,54,3
101,54,3
102,54,3
103,54,3
104,54,3
105,54,3
106,54,3
107,54,3
108,54,3
109,54,3
110,54,3
111,54,3
112,54,3
113,54,3
114,54,3
115,54,3
116,54,3
117,54,3
118,54,3
119,54,3
120,54,3
121,54,3
122,54,3
123,54,3
124,54,3
125,54,3
126,54,3
127,54,3
128,54,3
129,54,3
130,54,3
131,54,3
132,54,3
133,54,3
134,54,3
135,54,3
136,54,3
137,54,3
138,54,3
139,54,3
140,54,3
141,54,3
142,54,3
143,54,3
144,54,3
145,54,3
146,54,3
147,54,0
148,54,0
149,54,0
150,54,0
151,54,0
152,54,0
153,54,0
154,54,0
155,54,0
156,54,0
157,54,0
158,54,0
159,54,0
160,54,0
161,54,0
162,54,0
163,54,0
164,54,0
165,54,0
166,54,0
167,54,0
168,54,0
169,54,3
170,54,0
171,54,0
172,54,0
173,54,0
174,54,0
175,54,0
176,54,0
177,54,0
178,54,0
179,54,0
180,54,0
181,54,0
182,54,0
183,54,0
184,54,0
185,54,0
186,54,0
187,54,0
188,54,0
189,54,0
190,54,0
191,54,0
192,54,0
193,54,0
194,54,0
195,54,0
196,54,0
197,54,0
198,54,0
199,54,0
200,54,0
201,54,0
202,54,0
203,54,0
204,54,0
205,54,0
206,54,0
207,54,0
208,54,0
209,54,0
210,54,0
211,54,0
212,54,0
213,54,0
214,54,0
215,54,0
216,54,0
217,54,0
218,54,0
219,54,0
220,54,0
221,54,0
222,54,0
223,54,0
224,54,0
225,54,0
226,54,0
227,54,0
228,54,0
229,54,0
230,54,0
231,54,0
232,54,0
233,54,0
234,54,0
235,54,0
236,54,0
237,54,0
238,54,0
239,54,0
240,54,0
241,54,0
242,54,0
243,54,0
244,54,0
245,54,0
246,54,0
247,54,0
248,54,0
249,54,0
250,54,0
251,54,0
252,54,0
253,54,0
254,54,0
255,54,0
256,54,0
257,54,0
258,54,0
259,54,0
260,54,0
261,54,0
262,54,0
263,54,0
264,54,0
265,54,0
266,54,0
267,54,0
268,54,0
269,54,0
270,54,0
271,54,0
272,54,0
273,54,0
274,54,0
275,54,0
276,54,0
277,54,0
278,54,0
279,54,0
280,54,0
281,54,0
282,54,0
283,54,0
284,54,0
285,54,0
286,54,0
287,54,0
288,54,0
289,54,0
290,54,0
291,54,0
292,54,0
293,54,0
294,54,0
295,54,0
296,54,0
297,54,0
298,54,0
299,54,0
300,54,0
301,54,0
302,54,0
303,54,0
304,54,0
305,54,0
306,54,0
307,54,0
308,54,0
309,54,0
310,54,0
311,54,0
312,54,0
313,54,0
314,54,0
315,54,0
316,54,0
317,54,0
318,54,0
319,54,0
320,54,0
321,54,0
322,54,0
323,54,0
324,54,0
325,54,0
326,54,0
327,54,0
328,54,0
329,54,0
330,54,0
331,54,0
332,54,0
333,54,0
334,54,0
335,54,0
336,54,0
337,54,0
338,54,0
339,54,0
340,54,0
341,54,0
342,54,0
343,54,0
344,54,0
345,54,0
346,54,0
347,54,0
348,54,0
349,54,0
350,54,0
351,54,0
352,54,0
353,54,0
354,54,0
355,54,0
356,54,0
357,54,0
358,54,0
359,54,0
360,54,0
361,54,0
362,54,0
363,54,0
364,54,0
365,54,0
366,54,0
367,54,0
368,54,0
369,54,0
370,54,0
371,54,0
372,54,0
373,54,0
374,54,0
375,54,0
376,54,0
377,54,0
378,54,0
379,54,0
380,54,0
381,54,0
382,54,0
383,54,0
384,54,0
385,54,0
386,54,0
387,54,0
388,54,0
389,54,0
390,54,0
1,53,0
2,53,0
3,53,0
4,53,0
5,53,0
6,53,0
7,53,0
8,53,0
9,53,0
10,53,0
11,53,0
12,53,0
13,53,0
14,53,0
15,53,0
16,53,0
17,53,0
18,53,0
19,53,0
20,53,0
21,53,0
22,53,0
23,53,0
24,53,0
25,53,1
26,53,1
27,53,1
28,53,1
29,53,1
30,53,1
31,53,1
32,53,1
33,53,1
34,53,1
35,53,1
36,53,1
37,53,1
38,53,1
39,53,1
40,53,1
41,53,1
42,53,1
43,53,1
44,53,1
45,53,1
46,53,1
47,53,0
48,53,0
49,53,0
50,53,0
51,53,3
52,53,3
53,53,3
54,53,3
55,53,3
56,53,3
57,53,3
58,53,3
59,53,3
60,53,3
61,53,3
62,53,3
63,53,3
64,53,3
65,53,3
66,53,3
67,53,3
68,53,3
69,53,3
70,53,3
71,53,3
72,53,3
73,53,3
74,53,3
75,53,3
76,53,3
77,53,3
78,53,3
79,53,3
80,53,3
81,53,3
82,53,3
83,53,3
84,53,3
85,53,3
86,53,3
87,53,3
88,53,3
89,53,3
90,53,3
91,53,3
92,53,3
93,53,3
94,53,3
95,53,3
96,53,3
97,53,3
98,53,3
99,53,3
100,53,3
101,53,3
102,53,3
103,53,3
104,53,3
105,53,3
106,53,3
107,53,3
108,53,3
109,53,3
110,53,3
111,53,3
112,53,3
113,53,3
114,53,3
115,53,3
116,53,3
117,53,3
118,53,3
119,53,3
120,53,3
121,53,3
122,53,3
123,53,3
124,53,3
125,53,3
126,53,3
127,53,3
128,53,3
129,53,3
130,53,3
131,53,3
132,53,3
133,53,3
134,53,3
135,53,3
136,53,3
137,53,3
138,53,3
139,53,3
140,53,3
141,53,3
142,53,3
143,53,3
144,53,3
145,53,3
146,53,3
147,53,0
148,53,0
149,53,0
150,53,0
151,53,0
152,53,0
153,53,0
154,53,0
155,53,0
156,53,0
157,53,0
158,53,0
159,53,0
160,53,0
161,53,0
162,53,0
163,53,0
164,53,0
165,53,0
166,53,0
167,53,0
168,53,0
169,53,0
170,53,0
171,53,0
172,53,0
173,53,0
174,53,0
175,53,0
176,53,0
177,53,0
178,53,0
179,53,0
180,53,0
181,53,0
182,53,0
183,53,0
184,53,0
185,53,0
186,53,0
187,53,0
188,53,0
189,53,0
190,53,0
191,53,0
192,53,0
193,53,0
194,53,0
195,53,0
196,53,0
197,53,0
198,53,0
199,53,0
200,53,0
201,53,0
202,53,0
203,53,0
204,53,0
205,53,0
206,53,0
207,53,0
208,53,0
209,53,0
210,53,0
211,53,0
212,53,0
213,53,0
214,53,0
215,53,0
216,53,0
217,53,0
218,53,0
219,53,0
220,53,0
221,53,0
222,53,0
223,53,0
224,53,0
225,53,0
226,53,0
227,53,0
228,53,0
229,53,0
230,53,0
231,53,0
232,53,0
233,53,0
234,53,0
235,53,0
236,53,0
237,53,0
238,53,0
239,53,0
240,53,0
241,53,0
242,53,0
243,53,0
244,53,0
245,53,0
246,53,0
247,53,0
248,53,0
249,53,0
250,53,0
251,53,0
252,53,0
253,53,0
254,53,0
255,53,0
256,53,0
257,53,0
258,53,0
259,53,0
260,53,0
261,53,0
262,53,0
263,53,0
264,53,0
265,53,0
266,53,0
267,53,0
268,53,0
269,53,0
270,53,0
271,53,0
272,53,0
273,53,0
274,53,0
275,53,0
276,53,0
277,53,0
278,53,0
279,53,0
280,53,0
281,53,0
282,53,0
283,53,0
284,53,0
285,53,0
286,53,0
287,53,0
288,53,0
289,53,0
290,53,0
291,53,0
292,53,0
293,53,0
294,53,0
295,53,0
296,53,0
297,53,0
298,53,0
299,53,0
300,53,0
301,53,0
302,53,0
303,53,0
304,53,0
305,53,0
306,53,0
307,53,0
308,53,0
309,53,0
310,53,0
311,53,0
312,53,0
313,53,0
314,53,0
315,53,0
316,53,0
317,53,0
318,53,0
319,53,0
320,53,0
321,53,0
322,53,0
323,53,0
324,53,0
325,53,0
326,53,0
327,53,0
328,53,0
329,53,0
330,53,0
331,53,0
332,53,0
333,53,0
334,53,0
335,53,0
336,53,0
337,53,0
338,53,0
339,53,0
340,53,0
341,53,0
342,53,0
343,53,0
344,53,0
345,53,0
346,53,0
347,53,0
348,53,0
349,53,0
350,53,0
351,53,0
352,53,0
353,53,0
354,53,0
355,53,0
356,53,0
357,53,0
358,53,0
359,53,0
360,53,0
361,53,0
362,53,0
363,53,0
364,53,0
365,53,0
366,53,0
367,53,0
368,53,0
369,53,0
370,53,0
371,53,0
372,53,0
373,53,0
374,53,0
375,53,0
376,53,0
377,53,0
378,53,0
379,53,0
380,53,0
381,53,0
382,53,0
383,53,0
384,53,0
385,53,0
386,53,0
387,53,0
388,53,0
389,53,0
390,53,0
1,52,0
2,52,0
3,52,0
4,52,0
5,52,0
6,52,0
7,52,0
8,52,0
9,52,0
10,52,0
11,52,0
12,52,0
13,52,0
14,52,0
15,52,0
16,52,0
17,52,0
18,52,0
19,52,0
20,52,0
21,52,0
22,52,0
23,52,0
24,52,0
25,52,0
26,52,1
27,52,1
28,52,1
29,52,1
30,52,0
31,52,0
32,52,0
33,52,0
34,52,0
35,52,0
36,52,1
37,52,1
38,52,1
39,52,1
40,52,1
41,52,1
42,52,1
43,52,1
44,52,1
45,52,1
46,52,0
47,52,0
48,52,0
49,52,0
50,52,0
51,52,3
52,52,3
53,52,3
54,52,3
55,52,3
56,52,3
57,52,3
58,52,3
59,52,3
60,52,3
61,52,3
62,52,3
63,52,3
64,52,3
65,52,3
66,52,3
67,52,3
68,52,3
69,52,3
70,52,3
71,52,3
72,52,3
73,52,3
74,52,3
75,52,3
76,52,3
77,52,3
78,52,3
79,52,3
80,52,3
81,52,3
82,52,3
83,52,3
84,52,3
85,52,3
86,52,3
87,52,3
88,52,3
89,52,3
90,52,3
91,52,3
92,52,3
93,52,3
94,52,3
95,52,3
96,52,3
97,52,3
98,52,3
99,52,3
100,52,3
101,52,3
102,52,3
103,52,3
104,52,3
105,52,3
106,52,3
107,52,3
108,52,3
109,52,3
110,52,3
111,52,3
112,52,3
113,52,3
114,52,3
115,52,3
116,52,3
117,52,3
118,52,3
119,52,3
120,52,3
121,52,3
122,52,3
123,52,3
124,52,3
125,52,3
126,52,3
127,52,3
128,52,3
129,52,3
130,52,3
131,52,3
132,52,3
133,52,3
134,52,3
135,52,3
136,52,3
137,52,3
138,52,3
139,52,3
140,52,3
141,52,3
142,52,3
143,52,3
144,52,3
145,52,3
146,52,3
147,52,0
148,52,0
149,52,0
150,52,0
151,52,0
152,52,0
153,52,0
154,52,0
155,52,0
156,52,0
157,52,0
158,52,0
159,52,0
160,52,0
161,52,0
162,52,0
163,52,0
164,52,0
165,52,0
166,52,0
167,52,0
168,52,0
169,52,0
170,52,0
171,52,0
172,52,0
173,52,0
174,52,0
175,52,0
176,52,0
177,52,0
178,52,0
179,52,0
180,52,0
181,52,0
182,52,0
183,52,0
184,52,0
185,52,0
186,52,0
187,52,0
188,52,0
189,52,0
190,52,0
191,52,0
192,52,0
193,52,0
194,52,0
195,52,0
196,52,0
197,52,0
198,52,0
199,52,0
200,52,0
201,52,0
202,52,0
203,52,0
204,52,0
205,52,0
206,52,0
207,52,0
208,52,0
209,52,0
210,52,0
211,52,0
212,52,0
213,52,0
214,52,0
215,52,0
216,52,0
217,52,0
218,52,0
219,52,0
220,52,0
221,52,0
222,52,0
223,52,0
224,52,0
225,52,0
226,52,0
227,52,0
228,52,0
229,52,0
230,52,0
231,52,0
232,52,0
233,52,0
234,52,0
235,52,0
236,52,0
237,52,0
238,52,0
239,52,0
240,52,0
241,52,0
242,52,0
243,52,0
244,52,0
245,52,0
246,52,0
247,52,0
248,52,0
249,52,0
250,52,0
251,52,0
252,52,0
253,52,0
254,52,0
255,52,0
256,52,0
257,52,0
258,52,0
259,52,0
260,52,0
261,52,0
262,52,0
263,52,0
264,52,0
265,52,0
266,52,0
267,52,0
268,52,0
269,52,0
270,52,0
271,52,0
272,52,0
273,52,0
274,52,0
275,52,0
276,52,0
277,52,0
278,52,0
279,52,0
280,52,0
281,52,0
282,52,0
283,52,0
284,52,0
285,52,0
286,52,0
287,52,0
288,52,0
289,52,0
290,52,0
291,52,0
292,52,0
293,52,0
294,52,0
295,52,0
296,52,0
297,52,0
298,52,0
299,52,0
300,52,0
301,52,0
302,52,0
303,52,0
304,52,0
305,52,0
306,52,0
307,52,0
308,52,0
309,52,0
310,52,0
311,52,0
312,52,0
313,52,0
314,52,0
315,52,0
316,52,0
317,52,0
318,52,0
319,52,0
320,52,0
321,52,0
322,52,0
323,52,0
324,52,0
325,52,0
326,52,0
327,52,0
328,52,0
329,52,0
330,52,0
331,52,0
332,52,0
333,52,0
334,52,0
335,52,0
336,52,0
337,52,0
338,52,0
339,52,0
340,52,0
341,52,0
342,52,0
343,52,0
344,52,0
345,52,0
346,52,0
347,52,0
348,52,0
349,52,0
350,52,0
351,52,0
352,52,0
353,52,0
354,52,0
355,52,0
356,52,0
357,52,0
358,52,0
359,52,0
360,52,0
361,52,0
362,52,0
363,52,0
364,52,0
365,52,0
366,52,0
367,52,0
368,52,0
369,52,0
370,52,0
371,52,0
372,52,0
373,52,0
374,52,0
375,52,0
376,52,0
377,52,0
378,52,0
379,52,0
380,52,0
381,52,0
382,52,0
383,52,0
384,52,0
385,52,0
386,52,0
387,52,0
388,52,0
389,52,0
390,52,0
1,51,0
2,51,0
3,51,0
4,51,0
5,51,0
6,51,0
7,51,0
8,51,0
9,51,0
10,51,0
11,51,0
12,51,0
13,51,0
14,51,0
15,51,0
16,51,0
17,51,0
18,51,0
19,51,0
20,51,0
21,51,0
22,51,0
23,51,0
24,51,0
25,51,0
26,51,0
27,51,0
28,51,0
29,51,0
30,51,0
31,51,0
32,51,0
33,51,0
34,51,0
35,51,1
36,51,1
37,51,1
38,51,1
39,51,1
40,51,1
41,51,1
42,51,1
43,51,1
44,51,1
45,51,1
46,51,0
47,51,0
48,51,0
49,51,0
50,51,0
51,51,3
52,51,3
53,51,3
54,51,3
55,51,3
56,51,3
57,51,3
58,51,3
59,51,3
60,51,3
61,51,3
62,51,3
63,51,3
64,51,3
65,51,3
66,51,3
67,51,3
68,51,3
69,51,3
70,51,3
71,51,3
72,51,3
73,51,3
74,51,3
75,51,3
76,51,3
77,51,3
78,51,3
79,51,3
80,51,3
81,51,3
82,51,3
83,51,3
84,51,3
85,51,3
86,51,3
87,51,3
88,51,3
89,51,3
90,51,3
91,51,3
92,51,3
93,51,3
94,51,3
95,51,3
96,51,3
97,51,3
98,51,3
99,51,3
100,51,3
101,51,3
102,51,3
103,51,3
104,51,3
105,51,3
106,51,3
107,51,3
108,51,3
109,51,3
110,51,3
111,51,3
112,51,3
113,51,3
114,51,3
115,51,3
116,51,3
117,51,3
118,51,3
119,51,3
120,51,3
121,51,3
122,51,3
123,51,3
124,51,3
125,51,3
126,51,3
127,51,3
128,51,3
129,51,3
130,51,3
131,51,3
132,51,3
133,51,3
134,51,3
135,51,3
136,51,3
137,51,3
138,51,3
139,51,3
140,51,3
141,51,3
142,51,3
143,51,3
144,51,3
145,51,3
146,51,3
147,51,0
148,51,0
149,51,0
150,51,0
151,51,0
152,51,0
153,51,0
154,51,0
155,51,0
156,51,0
157,51,0
158,51,0
159,51,0
160,51,0
161,51,0
162,51,0
163,51,0
164,51,0
165,51,0
166,51,0
167,51,0
168,51,0
169,51,0
170,51,0
171,51,0
172,51,0
173,51,0
174,51,0
175,51,0
176,51,0
177,51,0
178,51,0
179,51,0
180,51,0
181,51,0
182,51,0
183,51,0
184,51,0
185,51,0
186,51,0
187,51,0
188,51,0
189,51,0
190,51,0
191,51,0
192,51,0
193,51,0
194,51,0
195,51,0
196,51,0
197,51,0
198,51,0
199,51,0
200,51,0
201,51,0
202,51,0
203,51,0
204,51,0
205,51,0
206,51,0
207,51,0
208,51,0
209,51,0
210,51,0
211,51,0
212,51,0
213,51,0
214,51,0
215,51,0
216,51,0
217,51,0
218,51,0
219,51,0
220,51,0
221,51,0
222,51,0
223,51,0
224,51,0
225,51,0
226,51,0
227,51,0
228,51,0
229,51,0
230,51,0
231,51,0
232,51,0
233,51,0
234,51,0
235,51,0
236,51,0
237,51,0
238,51,0
239,51,0
240,51,0
241,51,0
242,51,0
243,51,0
244,51,0
245,51,0
246,51,0
247,51,0
248,51,0
249,51,0
250,51,0
251,51,0
252,51,0
253,51,0
254,51,0
255,51,0
256,51,0
257,51,0
258,51,0
259,51,0
260,51,0
261,51,0
262,51,0
263,51,0
264,51,0
265,51,0
266,51,0
267,51,0
268,51,0
269,51,0
270,51,0
271,51,0
272,51,0
273,51,0
274,51,0
275,51,0
276,51,0
277,51,0
278,51,0
279,51,0
280,51,0
281,51,0
282,51,0
283,51,0
284,51,0
285,51,0
286,51,0
287,51,0
288,51,0
289,51,0
290,51,0
291,51,0
292,51,0
293,51,0
294,51,0
295,51,0
296,51,0
297,51,0
298,51,0
299,51,0
300,51,0
301,51,0
302,51,0
303,51,0
304,51,0
305,51,0
306,51,0
307,51,0
308,51,0
309,51,0
310,51,0
311,51,0
312,51,0
313,51,0
314,51,0
315,51,0
316,51,0
317,51,0
318,51,0
319,51,0
320,51,0
321,51,0
322,51,0
323,51,0
324,51,0
325,51,0
326,51,0
327,51,0
328,51,0
329,51,0
330,51,0
331,51,0
332,51,0
333,51,0
334,51,0
335,51,0
336,51,0
337,51,0
338,51,0
339,51,0
340,51,0
341,51,0
342,51,0
343,51,0
344,51,0
345,51,0
346,51,0
347,51,0
348,51,0
349,51,0
350,51,0
351,51,0
352,51,0
353,51,0
354,51,0
355,51,0
356,51,0
357,51,0
358,51,0
359,51,0
360,51,0
361,51,0
362,51,0
363,51,0
364,51,0
365,51,0
366,51,0
367,51,0
368,51,0
369,51,0
370,51,0
371,51,0
372,51,0
373,51,0
374,51,0
375,51,0
376,51,0
377,51,0
378,51,0
379,51,0
380,51,0
381,51,0
382,51,0
383,51,0
384,51,0
385,51,0
386,51,0
387,51,0
388,51,0
389,51,0
390,51,0
1,50,0
2,50,0
3,50,0
4,50,0
5,50,0
6,50,0
7,50,0
8,50,0
9,50,0
10,50,0
11,50,0
12,50,0
13,50,0
14,50,0
15,50,0
16,50,0
17,50,0
18,50,0
19,50,0
20,50,0
21,50,0
22,50,0
23,50,0
24,50,0
25,50,0
26,50,0
27,50,0
28,50,0
29,50,0
30,50,0
31,50,1
32,50,1
33,50,1
34,50,1
35,50,1
36,50,1
37,50,1
38,50,1
39,50,1
40,50,1
41,50,1
42,50,1
43,50,1
44,50,1
45,50,1
46,50,0
47,50,0
48,50,0
49,50,0
50,50,3
51,50,3
52,50,3
53,50,3
54,50,3
55,50,3
56,50,3
57,50,3
58,50,3
59,50,3
60,50,3
61,50,3
62,50,3
63,50,3
64,50,3
65,50,3
66,50,3
67,50,3
68,50,3
69,50,3
70,50,3
71,50,3
72,50,3
73,50,3
74,50,3
75,50,3
76,50,3
77,50,3
78,50,3
79,50,3
80,50,3
81,50,3
82,50,3
83,50,3
84,50,3
85,50,3
86,50,3
87,50,3
88,50,3
89,50,3
90,50,3
91,50,3
92,50,3
93,50,3
94,50,3
95,50,3
96,50,3
97,50,3
98,50,3
99,50,3
100,50,3
101,50,3
102,50,3
103,50,3
104,50,3
105,50,3
106,50,3
107,50,3
108,50,3
109,50,3
110,50,3
111,50,3
112,50,3
113,50,3
114,50,3
115,50,3
116,50,3
117,50,3
118,50,3
119,50,3
120,50,3
121,50,3
122,50,3
123,50,3
124,50,3
125,50,3
126,50,3
127,50,3
128,50,3
129,50,3
130,50,3
131,50,3
132,50,3
133,50,3
134,50,3
135,50,3
136,50,3
137,50,3
138,50,3
139,50,3
140,50,3
141,50,3
142,50,3
143,50,3
144,50,3
145,50,3
146,50,3
147,50,0
148,50,0
149,50,0
150,50,0
151,50,0
152,50,0
153,50,0
154,50,0
155,50,0
156,50,0
157,50,0
158,50,0
159,50,0
160,50,0
161,50,0
162,50,0
163,50,0
164,50,0
165,50,0
166,50,0
167,50,0
168,50,0
169,50,0
170,50,0
171,50,0
172,50,0
173,50,0
174,50,0
175,50,0
176,50,0
177,50,0
178,50,0
179,50,0
180,50,0
181,50,0
182,50,0
183,50,0
184,50,0
185,50,0
186,50,0
187,50,0
188,50,0
189,50,0
190,50,0
191,50,0
192,50,0
193,50,0
194,50,0
195,50,0
196,50,0
197,50,0
198,50,0
199,50,0
200,50,0
201,50,0
202,50,0
203,50,0
204,50,0
205,50,0
206,50,0
207,50,0
208,50,0
209,50,0
210,50,0
211,50,0
212,50,0
213,50,0
214,50,0
215,50,0
216,50,0
217,50,0
218,50,0
219,50,0
220,50,0
221,50,0
222,50,0
223,50,0
224,50,0
225,50,0
226,50,0
227,50,0
228,50,0
229,50,0
230,50,0
231,50,0
232,50,0
233,50,0
234,50,0
235,50,0
236,50,0
237,50,0
238,50,0
239,50,0
240,50,0
241,50,0
242,50,0
243,50,0
244,50,0
245,50,0
246,50,0
247,50,0
248,50,0
249,50,0
250,50,0
251,50,0
252,50,0
253,50,0
254,50,0
255,50,0
256,50,0
257,50,0
258,50,0
259,50,0
260,50,0
261,50,0
262,50,0
263,50,0
264,50,0
265,50,0
266,50,0
267,50,0
268,50,0
269,50,0
270,50,0
271,50,0
272,50,0
273,50,0
274,50,0
275,50,0
276,50,0
277,50,0
278,50,0
279,50,0
280,50,0
281,50,0
282,50,0
283,50,0
284,50,0
285,50,0
286,50,0
287,50,0
288,50,0
289,50,0
290,50,0
291,50,0
292,50,0
293,50,0
294,50,0
295,50,0
296,50,0
297,50,0
298,50,0
299,50,0
300,50,0
301,50,0
302,50,0
303,50,0
304,50,0
305,50,0
306,50,0
307,50,0
308,50,0
309,50,0
310,50,0
311,50,0
312,50,0
313,50,0
314,50,0
315,50,0
316,50,0
317,50,0
318,50,0
319,50,0
320,50,0
321,50,0
322,50,0
323,50,0
324,50,0
325,50,0
326,50,0
327,50,0
328,50,0
329,50,0
330,50,0
331,50,0
332,50,0
333,50,0
334,50,0
335,50,0
336,50,0
337,50,0
338,50,0
339,50,0
340,50,0
341,50,0
342,50,0
343,50,0
344,50,0
345,50,0
346,50,0
347,50,0
348,50,0
349,50,0
350,50,0
351,50,0
352,50,0
353,50,0
354,50,0
355,50,0
356,50,0
357,50,0
358,50,0
359,50,0
360,50,0
361,50,0
362,50,0
363,50,0
364,50,0
365,50,0
366,50,0
367,50,0
368,50,0
369,50,0
370,50,0
371,50,0
372,50,0
373,50,0
374,50,0
375,50,0
376,50,0
377,50,0
378,50,0
379,50,0
380,50,0
381,50,0
382,50,0
383,50,0
384,50,0
385,50,0
386,50,0
387,50,0
388,50,0
389,50,0
390,50,0
1,49,0
2,49,0
3,49,0
4,49,0
5,49,0
6,49,0
7,49,0
8,49,0
9,49,0
10,49,0
11,49,0
12,49,0
13,49,0
14,49,0
15,49,0
16,49,0
17,49,0
18,49,0
19,49,0
20,49,0
21,49,0
22,49,0
23,49,0
24,49,0
25,49,0
26,49,0
27,49,0
28,49,0
29,49,0
30,49,0
31,49,1
32,49,1
33,49,1
34,49,1
35,49,1
36,49,1
37,49,1
38,49,1
39,49,1
40,49,1
41,49,1
42,49,1
43,49,1
44,49,1
45,49,0
46,49,0
47,49,0
48,49,0
49,49,0
50,49,3
51,49,3
52,49,3
53,49,3
54,49,3
55,49,3
56,49,3
57,49,3
58,49,3
59,49,3
60,49,3
61,49,3
62,49,3
63,49,3
64,49,3
65,49,3
66,49,3
67,49,3
68,49,3
69,49,3
70,49,3
71,49,3
72,49,3
73,49,3
74,49,3
75,49,3
76,49,3
77,49,3
78,49,3
79,49,3
80,49,3
81,49,3
82,49,3
83,49,3
84,49,3
85,49,3
86,49,3
87,49,3
88,49,3
89,49,3
90,49,3
91,49,3
92,49,3
93,49,3
94,49,3
95,49,3
96,49,3
97,49,3
98,49,3
99,49,3
100,49,3
101,49,3
102,49,3
103,49,3
104,49,3
105,49,3
106,49,3
107,49,3
108,49,3
109,49,3
110,49,3
111,49,3
112,49,3
113,49,3
114,49,3
115,49,3
116,49,3
117,49,3
118,49,3
119,49,3
120,49,3
121,49,3
122,49,3
123,49,3
124,49,3
125,49,3
126,49,3
127,49,3
128,49,3
129,49,3
130,49,3
131,49,3
132,49,3
133,49,3
134,49,3
135,49,3
136,49,3
137,49,3
138,49,3
139,49,3
140,49,3
141,49,3
142,49,3
143,49,3
144,49,3
145,49,3
146,49,3
147,49,0
148,49,0
149,49,0
150,49,0
151,49,0
152,49,0
153,49,0
154,49,0
155,49,0
156,49,0
157,49,0
158,49,0
159,49,0
160,49,0
161,49,0
162,49,0
163,49,0
164,49,0
165,49,0
166,49,0
167,49,0
168,49,0
169,49,0
170,49,0
171,49,0
172,49,0
173,49,0
174,49,0
175,49,0
176,49,0
177,49,0
178,49,0
179,49,0
180,49,0
181,49,0
182,49,0
183,49,0
184,49,0
185,49,0
186,49,0
187,49,0
188,49,0
189,49,0
190,49,0
191,49,0
192,49,0
193,49,0
194,49,0
195,49,0
196,49,0
197,49,0
198,49,0
199,49,0
200,49,0
201,49,0
202,49,0
203,49,0
204,49,0
205,49,0
206,49,0
207,49,0
208,49,0
209,49,0
210,49,0
211,49,0
212,49,0
213,49,0
214,49,0
215,49,0
216,49,0
217,49,0
218,49,0
219,49,0
220,49,0
221,49,0
222,49,0
223,49,0
224,49,0
225,49,0
226,49,0
227,49,0
228,49,0
229,49,0
230,49,0
231,49,0
232,49,0
233,49,0
234,49,0
235,49,0
236,49,0
237,49,0
238,49,0
239,49,0
240,49,0
241,49,0
242,49,0
243,49,0
244,49,0
245,49,0
246,49,0
247,49,0
248,49,0
249,49,0
250,49,0
251,49,0
252,49,0
253,49,0
254,49,0
255,49,0
256,49,0
257,49,0
258,49,0
259,49,0
260,49,0
261,49,0
262,49,0
263,49,0
264,49,0
265,49,0
266,49,0
267,49,0
268,49,0
269,49,0
270,49,0
271,49,0
272,49,0
273,49,0
274,49,0
275,49,0
276,49,0
277,49,0
278,49,0
279,49,0
280,49,0
281,49,0
282,49,0
283,49,0
284,49,0
285,49,0
286,49,0
287,49,0
288,49,0
289,49,0
290,49,0
291,49,0
292,49,0
293,49,0
294,49,0
295,49,0
296,49,0
297,49,0
298,49,0
299,49,0
300,49,0
301,49,0
302,49,0
303,49,0
304,49,0
305,49,0
306,49,0
307,49,0
308,49,0
309,49,0
310,49,0
311,49,0
312,49,0
313,49,0
314,49,0
315,49,0
316,49,0
317,49,0
318,49,0
319,49,0
320,49,0
321,49,0
322,49,0
323,49,0
324,49,0
325,49,0
326,49,0
327,49,0
328,49,0
329,49,0
330,49,0
331,49,0
332,49,0
333,49,0
334,49,0
335,49,0
336,49,0
337,49,0
338,49,0
339,49,0
340,49,0
341,49,0
342,49,0
343,49,0
344,49,0
345,49,0
346,49,0
347,49,0
348,49,0
349,49,0
350,49,0
351,49,0
352,49,0
353,49,0
354,49,0
355,49,0
356,49,0
357,49,0
358,49,0
359,49,0
360,49,0
361,49,0
362,49,0
363,49,0
364,49,0
365,49,0
366,49,0
367,49,0
368,49,0
369,49,0
370,49,0
371,49,0
372,49,0
373,49,0
374,49,0
375,49,0
376,49,0
377,49,0
378,49,0
379,49,0
380,49,0
381,49,0
382,49,0
383,49,0
384,49,0
385,49,0
386,49,0
387,49,0
388,49,0
389,49,0
390,49,0
1,48,0
2,48,0
3,48,0
4,48,0
5,48,0
6,48,0
7,48,0
8,48,0
9,48,0
10,48,0
11,48,0
12,48,0
13,48,0
14,48,0
15,48,0
16,48,0
17,48,0
18,48,0
19,48,0
20,48,0
21,48,0
22,48,0
23,48,0
24,48,0
25,48,0
26,48,0
27,48,0
28,48,0
29,48,0
30,48,0
31,48,1
32,48,1
33,48,1
34,48,1
35,48,1
36,48,1
37,48,1
38,48,1
39,48,1
40,48,1
41,48,1
42,48,1
43,48,1
44,48,0
45,48,0
46,48,0
47,48,0
48,48,0
49,48,3
50,48,3
51,48,3
52,48,3
53,48,3
54,48,3
55,48,3
56,48,3
57,48,3
58,48,3
59,48,3
60,48,3
61,48,3
62,48,3
63,48,3
64,48,3
65,48,3
66,48,3
67,48,3
68,48,3
69,48,3
70,48,3
71,48,3
72,48,3
73,48,3
74,48,3
75,48,3
76,48,3
77,48,3
78,48,3
79,48,3
80,48,3
81,48,3
82,48,3
83,48,3
84,48,3
85,48,3
86,48,3
87,48,3
88,48,3
89,48,3
90,48,3
91,48,3
92,48,3
93,48,3
94,48,3
95,48,3
96,48,3
97,48,3
98,48,3
99,48,3
100,48,3
101,48,3
102,48,3
103,48,3
104,48,3
105,48,3
106,48,3
107,48,3
108,48,3
109,48,3
110,48,3
111,48,3
112,48,3
113,48,3
114,48,3
115,48,3
116,48,3
117,48,3
118,48,3
119,48,3
120,48,3
121,48,3
122,48,3
123,48,3
124,48,3
125,48,3
126,48,3
127,48,3
128,48,3
129,48,3
130,48,3
131,48,3
132,48,3
133,48,3
134,48,3
135,48,3
136,48,3
137,48,3
138,48,3
139,48,3
140,48,3
141,48,3
142,48,3
143,48,3
144,48,3
145,48,3
146,48,0
147,48,0
148,48,0
149,48,0
150,48,0
151,48,0
152,48,0
153,48,0
154,48,0
155,48,0
156,48,0
157,48,0
158,48,0
159,48,0
160,48,0
161,48,0
162,48,0
163,48,0
164,48,0
165,48,0
166,48,0
167,48,0
168,48,0
169,48,0
170,48,0
171,48,0
172,48,0
173,48,0
174,48,0
175,48,0
176,48,0
177,48,0
178,48,0
179,48,0
180,48,0
181,48,0
182,48,0
183,48,0
184,48,0
185,48,0
186,48,0
187,48,0
188,48,0
189,48,0
190,48,0
191,48,0
192,48,0
193,48,0
194,48,0
195,48,0
196,48,0
197,48,0
198,48,0
199,48,0
200,48,0
201,48,0
202,48,0
203,48,0
204,48,0
205,48,0
206,48,0
207,48,0
208,48,0
209,48,0
210,48,0
211,48,0
212,48,0
213,48,0
214,48,0
215,48,0
216,48,0
217,48,0
218,48,0
219,48,0
220,48,0
221,48,0
222,48,0
223,48,0
224,48,0
225,48,0
226,48,0
227,48,0
228,48,0
229,48,0
230,48,0
231,48,0
232,48,0
233,48,0
234,48,0
235,48,0
236,48,0
237,48,0
238,48,0
239,48,0
240,48,0
241,48,0
242,48,0
243,48,0
244,48,0
245,48,0
246,48,0
247,48,0
248,48,0
249,48,0
250,48,0
251,48,0
252,48,0
253,48,0
254,48,0
255,48,0
256,48,0
257,48,0
258,48,0
259,48,0
260,48,0
261,48,0
262,48,0
263,48,0
264,48,0
265,48,0
266,48,0
267,48,0
268,48,0
269,48,0
270,48,0
271,48,0
272,48,0
273,48,0
274,48,0
275,48,0
276,48,0
277,48,0
278,48,0
279,48,0
280,48,0
281,48,0
282,48,0
283,48,0
284,48,0
285,48,0
286,48,0
287,48,0
288,48,0
289,48,0
290,48,0
291,48,0
292,48,0
293,48,0
294,48,0
295,48,0
296,48,0
297,48,0
298,48,0
299,48,0
300,48,0
301,48,0
302,48,0
303,48,0
304,48,0
305,48,0
306,48,0
307,48,0
308,48,0
309,48,0
310,48,0
311,48,0
312,48,0
313,48,0
314,48,0
315,48,0
316,48,0
317,48,0
318,48,0
319,48,0
320,48,0
321,48,0
322,48,0
323,48,0
324,48,0
325,48,0
326,48,0
327,48,0
328,48,0
329,48,0
330,48,0
331,48,0
332,48,0
333,48,0
334,48,0
335,48,0
336,48,0
337,48,0
338,48,0
339,48,0
340,48,0
341,48,0
342,48,0
343,48,0
344,48,0
345,48,0
346,48,0
347,48,0
348,48,0
349,48,0
350,48,0
351,48,0
352,48,0
353,48,0
354,48,0
355,48,0
356,48,0
357,48,0
358,48,0
359,48,0
360,48,0
361,48,0
362,48,0
363,48,0
364,48,0
365,48,0
366,48,0
367,48,0
368,48,0
369,48,0
370,48,0
371,48,0
372,48,0
373,48,0
374,48,0
375,48,0
376,48,0
377,48,0
378,48,0
379,48,0
380,48,0
381,48,0
382,48,0
383,48,0
384,48,0
385,48,0
386,48,0
387,48,0
388,48,0
389,48,0
390,48,0
1,47,0
2,47,0
3,47,0
4,47,0
5,47,0
6,47,0
7,47,0
8,47,0
9,47,0
10,47,0
11,47,0
12,47,0
13,47,0
14,47,0
15,47,0
16,47,0
17,47,0
18,47,0
19,47,0
20,47,0
21,47,0
22,47,0
23,47,0
24,47,0
25,47,0
26,47,0
27,47,0
28,47,0
29,47,0
30,47,1
31,47,1
32,47,1
33,47,1
34,47,1
35,47,1
36,47,1
37,47,1
38,47,1
39,47,1
40,47,1
41,47,1
42,47,1
43,47,1
44,47,0
45,47,0
46,47,0
47,47,0
48,47,0
49,47,3
50,47,3
51,47,3
52,47,3
53,47,3
54,47,3
55,47,3
56,47,3
57,47,3
58,47,3
59,47,3
60,47,3
61,47,3
62,47,3
63,47,3
64,47,3
65,47,3
66,47,3
67,47,3
68,47,3
69,47,3
70,47,3
71,47,3
72,47,3
73,47,3
74,47,3
75,47,3
76,47,3
77,47,3
78,47,3
79,47,3
80,47,3
81,47,3
82,47,3
83,47,3
84,47,3
85,47,3
86,47,3
87,47,3
88,47,3
89,47,3
90,47,3
91,47,3
92,47,3
93,47,3
94,47,3
95,47,3
96,47,3
97,47,3
98,47,3
99,47,3
100,47,3
101,47,3
102,47,3
103,47,3
104,47,3
105,47,3
106,47,3
107,47,3
108,47,3
109,47,3
110,47,3
111,47,3
112,47,3
113,47,3
114,47,3
115,47,3
116,47,3
117,47,3
118,47,3
119,47,3
120,47,3
121,47,3
122,47,3
123,47,3
124,47,3
125,47,3
126,47,3
127,47,3
128,47,3
129,47,3
130,47,3
131,47,3
132,47,3
133,47,3
134,47,3
135,47,3
136,47,3
137,47,3
138,47,3
139,47,3
140,47,3
141,47,3
142,47,3
143,47,3
144,47,3
145,47,3
146,47,0
147,47,0
148,47,0
149,47,0
150,47,0
151,47,0
152,47,0
153,47,0
154,47,0
155,47,0
156,47,0
157,47,0
158,47,0
159,47,0
160,47,0
161,47,0
162,47,0
163,47,0
164,47,0
165,47,0
166,47,0
167,47,0
168,47,0
169,47,0
170,47,0
171,47,0
172,47,0
173,47,0
174,47,0
175,47,0
176,47,0
177,47,0
178,47,0
179,47,0
180,47,0
181,47,0
182,47,0
183,47,0
184,47,0
185,47,0
186,47,0
187,47,0
188,47,0
189,47,0
190,47,0
191,47,0
192,47,0
193,47,0
194,47,0
195,47,0
196,47,0
197,47,0
198,47,0
199,47,0
200,47,0
201,47,0
202,47,0
203,47,0
204,47,0
205,47,0
206,47,0
207,47,0
208,47,0
209,47,0
210,47,0
211,47,0
212,47,0
213,47,0
214,47,0
215,47,0
216,47,0
217,47,0
218,47,0
219,47,0
220,47,0
221,47,0
222,47,0
223,47,0
224,47,0
225,47,0
226,47,0
227,47,0
228,47,0
229,47,0
230,47,0
231,47,0
232,47,0
233,47,0
234,47,0
235,47,0
236,47,0
237,47,0
238,47,0
239,47,0
240,47,0
241,47,0
242,47,0
243,47,0
244,47,0
245,47,0
246,47,0
247,47,0
248,47,0
249,47,0
250,47,0
251,47,0
252,47,0
253,47,0
254,47,0
255,47,0
256,47,0
257,47,0
258,47,0
259,47,0
260,47,0
261,47,0
262,47,0
263,47,0
264,47,0
265,47,0
266,47,0
267,47,0
268,47,0
269,47,0
270,47,0
271,47,0
272,47,0
273,47,0
274,47,0
275,47,0
276,47,0
277,47,0
278,47,0
279,47,0
280,47,0
281,47,0
282,47,0
283,47,0
284,47,0
285,47,0
286,47,0
287,47,0
288,47,0
289,47,0
290,47,0
291,47,0
292,47,0
293,47,0
294,47,0
295,47,0
296,47,0
297,47,0
298,47,0
299,47,0
300,47,0
301,47,0
302,47,0
303,47,0
304,47,0
305,47,0
306,47,0
307,47,0
308,47,0
309,47,0
310,47,0
311,47,0
312,47,0
313,47,0
314,47,0
315,47,0
316,47,0
317,47,0
318,47,0
319,47,0
320,47,0
321,47,0
322,47,0
323,47,0
324,47,0
325,47,0
326,47,0
327,47,0
328,47,0
329,47,0
330,47,0
331,47,0
332,47,0
333,47,0
334,47,0
335,47,0
336,47,0
337,47,0
338,47,0
339,47,0
340,47,0
341,47,0
342,47,0
343,47,0
344,47,0
345,47,0
346,47,0
347,47,0
348,47,0
349,47,0
350,47,0
351,47,0
352,47,0
353,47,0
354,47,0
355,47,0
356,47,0
357,47,0
358,47,0
359,47,0
360,47,0
361,47,0
362,47,0
363,47,0
364,47,0
365,47,0
366,47,0
367,47,0
368,47,0
369,47,0
370,47,0
371,47,0
372,47,0
373,47,0
374,47,0
375,47,0
376,47,0
377,47,0
378,47,0
379,47,0
380,47,0
381,47,0
382,47,0
383,47,0
384,47,0
385,47,0
386,47,0
387,47,0
388,47,0
389,47,0
390,47,0
1,46,0
2,46,0
3,46,0
4,46,0
5,46,0
6,46,0
7,46,0
8,46,0
9,46,0
10,46,0
11,46,0
12,46,0
13,46,0
14,46,0
15,46,0
16,46,0
17,46,0
18,46,0
19,46,0
20,46,0
21,46,0
22,46,0
23,46,0
24,46,0
25,46,0
26,46,0
27,46,0
28,46,1
29,46,1
30,46,1
31,46,1
32,46,1
33,46,1
34,46,1
35,46,1
36,46,1
37,46,1
38,46,1
39,46,1
40,46,1
41,46,1
42,46,1
43,46,1
44,46,1
45,46,0
46,46,0
47,46,0
48,46,0
49,46,3
50,46,3
51,46,3
52,46,3
53,46,3
54,46,3
55,46,3
56,46,3
57,46,3
58,46,3
59,46,3
60,46,3
61,46,3
62,46,3
63,46,3
64,46,3
65,46,3
66,46,3
67,46,3
68,46,3
69,46,3
70,46,3
71,46,3
72,46,3
73,46,3
74,46,3
75,46,3
76,46,3
77,46,3
78,46,3
79,46,3
80,46,3
81,46,3
82,46,3
83,46,3
84,46,3
85,46,3
86,46,3
87,46,3
88,46,3
89,46,3
90,46,3
91,46,3
92,46,3
93,46,3
94,46,3
95,46,3
96,46,3
97,46,3
98,46,3
99,46,3
100,46,3
101,46,3
102,46,3
103,46,3
104,46,3
105,46,3
106,46,3
107,46,3
108,46,3
109,46,3
110,46,3
111,46,3
112,46,3
113,46,3
114,46,3
115,46,3
116,46,3
117,46,3
118,46,3
119,46,3
120,46,3
121,46,3
122,46,3
123,46,3
124,46,3
125,46,3
126,46,3
127,46,3
128,46,3
129,46,3
130,46,3
131,46,3
132,46,3
133,46,3
134,46,3
135,46,3
136,46,3
137,46,3
138,46,3
139,46,3
140,46,3
141,46,3
142,46,3
143,46,3
144,46,0
145,46,0
146,46,0
147,46,0
148,46,0
149,46,0
150,46,0
151,46,0
152,46,0
153,46,0
154,46,0
155,46,0
156,46,0
157,46,0
158,46,0
159,46,0
160,46,0
161,46,0
162,46,0
163,46,0
164,46,0
165,46,0
166,46,0
167,46,0
168,46,0
169,46,0
170,46,0
171,46,0
172,46,0
173,46,0
174,46,0
175,46,0
176,46,0
177,46,0
178,46,0
179,46,0
180,46,0
181,46,0
182,46,0
183,46,0
184,46,0
185,46,0
186,46,0
187,46,0
188,46,0
189,46,0
190,46,0
191,46,0
192,46,0
193,46,0
194,46,0
195,46,0
196,46,0
197,46,0
198,46,0
199,46,0
200,46,0
201,46,0
202,46,0
203,46,0
204,46,0
205,46,0
206,46,0
207,46,0
208,46,0
209,46,0
210,46,0
211,46,0
212,46,0
213,46,0
214,46,0
215,46,0
216,46,0
217,46,0
218,46,0
219,46,0
220,46,0
221,46,0
222,46,0
223,46,0
224,46,0
225,46,0
226,46,0
227,46,0
228,46,0
229,46,0
230,46,0
231,46,0
232,46,0
233,46,0
234,46,0
235,46,0
236,46,0
237,46,0
238,46,0
239,46,0
240,46,0
241,46,0
242,46,0
243,46,0
244,46,0
245,46,0
246,46,0
247,46,0
248,46,0
249,46,0
250,46,0
251,46,0
252,46,0
253,46,0
254,46,0
255,46,0
256,46,0
257,46,0
258,46,0
259,46,0
260,46,0
261,46,0
262,46,0
263,46,0
264,46,0
265,46,0
266,46,0
267,46,0
268,46,0
269,46,0
270,46,0
271,46,0
272,46,0
273,46,0
274,46,0
275,46,0
276,46,0
277,46,0
278,46,0
279,46,0
280,46,0
281,46,0
282,46,0
283,46,0
284,46,0
285,46,0
286,46,0
287,46,0
288,46,0
289,46,0
290,46,0
291,46,0
292,46,0
293,46,0
294,46,0
295,46,0
296,46,0
297,46,0
298,46,0
299,46,0
300,46,0
301,46,0
302,46,0
303,46,0
304,46,0
305,46,0
306,46,0
307,46,0
308,46,0
309,46,0
310,46,0
311,46,0
312,46,0
313,46,0
314,46,0
315,46,0
316,46,0
317,46,0
318,46,0
319,46,0
320,46,0
321,46,0
322,46,0
323,46,0
324,46,0
325,46,0
326,46,0
327,46,0
328,46,0
329,46,0
330,46,0
331,46,0
332,46,0
333,46,0
334,46,0
335,46,0
336,46,0
337,46,0
338,46,0
339,46,0
340,46,0
341,46,0
342,46,0
343,46,0
344,46,0
345,46,0
346,46,0
347,46,0
348,46,0
349,46,0
350,46,0
351,46,0
352,46,0
353,46,0
354,46,0
355,46,0
356,46,0
357,46,0
358,46,0
359,46,0
360,46,0
361,46,0
362,46,0
363,46,0
364,46,0
365,46,0
366,46,0
367,46,0
368,46,0
369,46,0
370,46,0
371,46,0
372,46,0
373,46,0
374,46,0
375,46,0
376,46,0
377,46,0
378,46,0
379,46,0
380,46,0
381,46,0
382,46,0
383,46,0
384,46,0
385,46,0
386,46,0
387,46,0
388,46,0
389,46,0
390,46,0
1,45,0
2,45,0
3,45,0
4,45,0
5,45,0
6,45,0
7,45,0
8,45,0
9,45,0
10,45,0
11,45,0
12,45,0
13,45,0
14,45,0
15,45,0
16,45,0
17,45,0
18,45,0
19,45,0
20,45,0
21,45,0
22,45,0
23,45,0
24,45,0
25,45,0
26,45,0
27,45,0
28,45,0
29,45,1
30,45,1
31,45,1
32,45,1
33,45,1
34,45,1
35,45,1
36,45,1
37,45,1
38,45,1
39,45,1
40,45,1
41,45,1
42,45,1
43,45,1
44,45,0
45,45,0
46,45,0
47,45,0
48,45,3
49,45,3
50,45,3
51,45,3
52,45,3
53,45,3
54,45,3
55,45,3
56,45,3
57,45,3
58,45,3
59,45,3
60,45,3
61,45,3
62,45,3
63,45,3
64,45,3
65,45,3
66,45,3
67,45,3
68,45,3
69,45,3
70,45,3
71,45,3
72,45,3
73,45,3
74,45,3
75,45,3
76,45,3
77,45,3
78,45,3
79,45,3
80,45,3
81,45,3
82,45,3
83,45,3
84,45,3
85,45,3
86,45,3
87,45,3
88,45,3
89,45,3
90,45,3
91,45,3
92,45,3
93,45,3
94,45,3
95,45,3
96,45,3
97,45,3
98,45,3
99,45,3
100,45,3
101,45,3
102,45,3
103,45,3
104,45,3
105,45,3
106,45,3
107,45,3
108,45,3
109,45,3
110,45,3
111,45,3
112,45,3
113,45,3
114,45,3
115,45,3
116,45,3
117,45,3
118,45,3
119,45,3
120,45,3
121,45,3
122,45,3
123,45,3
124,45,3
125,45,3
126,45,3
127,45,3
128,45,3
129,45,3
130,45,3
131,45,3
132,45,3
133,45,3
134,45,3
135,45,3
136,45,3
137,45,3
138,45,3
139,45,3
140,45,3
141,45,0
142,45,0
143,45,0
144,45,0
145,45,0
146,45,0
147,45,0
148,45,0
149,45,0
150,45,0
151,45,0
152,45,0
153,45,0
154,45,0
155,45,0
156,45,0
157,45,0
158,45,0
159,45,0
160,45,0
161,45,0
162,45,0
163,45,0
164,45,0
165,45,0
166,45,0
167,45,0
168,45,0
169,45,0
170,45,0
171,45,0
172,45,0
173,45,0
174,45,0
175,45,0
176,45,0
177,45,0
178,45,0
179,45,0
180,45,0
181,45,0
182,45,0
183,45,0
184,45,0
185,45,0
186,45,0
187,45,0
188,45,0
189,45,0
190,45,0
191,45,0
192,45,0
193,45,0
194,45,0
195,45,0
196,45,0
197,45,0
198,45,0
199,45,0
200,45,0
201,45,0
202,45,0
203,45,0
204,45,0
205,45,0
206,45,0
207,45,0
208,45,0
209,45,0
210,45,0
211,45,0
212,45,0
213,45,0
214,45,0
215,45,0
216,45,0
217,45,0
218,45,0
219,45,0
220,45,0
221,45,0
222,45,0
223,45,0
224,45,0
225,45,0
226,45,0
227,45,0
228,45,0
229,45,0
230,45,0
231,45,0
232,45,0
233,45,0
234,45,0
235,45,0
236,45,0
237,45,0
238,45,0
239,45,0
240,45,0
241,45,0
242,45,0
243,45,0
244,45,0
245,45,0
246,45,0
247,45,0
248,45,0
249,45,0
250,45,0
251,45,0
252,45,0
253,45,0
254,45,0
255,45,0
256,45,0
257,45,0
258,45,0
259,45,0
260,45,0
261,45,0
262,45,0
263,45,0
264,45,0
265,45,0
266,45,0
267,45,0
268,45,0
269,45,0
270,45,0
271,45,0
272,45,0
273,45,0
274,45,0
275,45,0
276,45,0
277,45,0
278,45,0
279,45,0
280,45,0
281,45,0
282,45,0
283,45,0
284,45,0
285,45,0
286,45,0
287,45,0
288,45,0
289,45,0
290,45,0
291,45,0
292,45,0
293,45,0
294,45,0
295,45,0
296,45,0
297,45,0
298,45,0
299,45,0
300,45,0
301,45,0
302,45,0
303,45,0
304,45,0
305,45,0
306,45,0
307,45,0
308,45,0
309,45,0
310,45,0
311,45,0
312,45,0
313,45,0
314,45,0
315,45,0
316,45,0
317,45,0
318,45,0
319,45,0
320,45,0
321,45,0
322,45,0
323,45,0
324,45,0
325,45,0
326,45,0
327,45,0
328,45,0
329,45,0
330,45,0
331,45,0
332,45,0
333,45,0
334,45,0
335,45,0
336,45,0
337,45,0
338,45,0
339,45,0
340,45,0
341,45,0
342,45,0
343,45,0
344,45,0
345,45,0
346,45,0
347,45,0
348,45,0
349,45,0
350,45,0
351,45,0
352,45,0
353,45,0
354,45,0
355,45,0
356,45,0
357,45,0
358,45,0
359,45,0
360,45,0
361,45,0
362,45,0
363,45,0
364,45,0
365,45,0
366,45,0
367,45,0
368,45,0
369,45,0
370,45,0
371,45,0
372,45,0
373,45,0
374,45,0
375,45,0
376,45,0
377,45,0
378,45,0
379,45,0
380,45,0
381,45,0
382,45,0
383,45,0
384,45,0
385,45,0
386,45,0
387,45,0
388,45,0
389,45,0
390,45,0
1,44,0
2,44,0
3,44,0
4,44,0
5,44,0
6,44,0
7,44,0
8,44,0
9,44,0
10,44,0
11,44,0
12,44,0
13,44,0
14,44,0
15,44,0
16,44,0
17,44,0
18,44,0
19,44,0
20,44,0
21,44,0
22,44,0
23,44,0
24,44,0
25,44,0
26,44,0
27,44,0
28,44,0
29,44,1
30,44,1
31,44,1
32,44,1
33,44,1
34,44,0
35,44,1
36,44,1
37,44,1
38,44,1
39,44,1
40,44,1
41,44,1
42,44,1
43,44,1
44,44,0
45,44,0
46,44,0
47,44,0
48,44,3
49,44,3
50,44,3
51,44,3
52,44,3
53,44,3
54,44,3
55,44,3
56,44,3
57,44,3
58,44,3
59,44,3
60,44,3
61,44,3
62,44,3
63,44,3
64,44,3
65,44,3
66,44,3
67,44,3
68,44,3
69,44,3
70,44,3
71,44,3
72,44,3
73,44,3
74,44,3
75,44,3
76,44,3
77,44,3
78,44,3
79,44,3
80,44,3
81,44,3
82,44,3
83,44,3
84,44,3
85,44,3
86,44,3
87,44,3
88,44,3
89,44,3
90,44,3
91,44,3
92,44,3
93,44,3
94,44,3
95,44,3
96,44,3
97,44,3
98,44,3
99,44,3
100,44,3
101,44,3
102,44,3
103,44,3
104,44,3
105,44,3
106,44,3
107,44,3
108,44,3
109,44,3
110,44,3
111,44,3
112,44,3
113,44,3
114,44,3
115,44,3
116,44,3
117,44,3
118,44,3
119,44,3
120,44,3
121,44,3
122,44,3
123,44,3
124,44,3
125,44,3
126,44,3
127,44,3
128,44,3
129,44,3
130,44,3
131,44,3
132,44,3
133,44,3
134,44,3
135,44,3
136,44,0
137,44,0
138,44,0
139,44,0
140,44,0
141,44,0
142,44,0
143,44,0
144,44,0
145,44,0
146,44,0
147,44,0
148,44,0
149,44,0
150,44,0
151,44,0
152,44,0
153,44,0
154,44,0
155,44,0
156,44,0
157,44,0
158,44,0
159,44,0
160,44,0
161,44,0
162,44,0
163,44,0
164,44,0
165,44,0
166,44,0
167,44,0
168,44,0
169,44,0
170,44,0
171,44,0
172,44,0
173,44,0
174,44,0
175,44,0
176,44,0
177,44,0
178,44,0
179,44,0
180,44,0
181,44,0
182,44,0
183,44,0
184,44,0
185,44,0
186,44,0
187,44,0
188,44,0
189,44,0
190,44,0
191,44,0
192,44,0
193,44,0
194,44,0
195,44,0
196,44,0
197,44,0
198,44,0
199,44,0
200,44,0
201,44,0
202,44,0
203,44,0
204,44,0
205,44,0
206,44,0
207,44,0
208,44,0
209,44,0
210,44,0
211,44,0
212,44,0
213,44,0
214,44,0
215,44,0
216,44,0
217,44,0
218,44,0
219,44,0
220,44,0
221,44,0
222,44,0
223,44,0
224,44,0
225,44,0
226,44,0
227,44,0
228,44,0
229,44,0
230,44,0
231,44,0
232,44,0
233,44,0
234,44,0
235,44,0
236,44,0
237,44,0
238,44,0
239,44,0
240,44,0
241,44,0
242,44,0
243,44,0
244,44,0
245,44,0
246,44,0
247,44,0
248,44,0
249,44,0
250,44,0
251,44,0
252,44,0
253,44,0
254,44,0
255,44,0
256,44,0
257,44,0
258,44,0
259,44,0
260,44,0
261,44,0
262,44,0
263,44,0
264,44,0
265,44,0
266,44,0
267,44,0
268,44,0
269,44,0
270,44,0
271,44,0
272,44,0
273,44,0
274,44,0
275,44,0
276,44,0
277,44,0
278,44,0
279,44,0
280,44,0
281,44,0
282,44,0
283,44,0
284,44,0
285,44,0
286,44,0
287,44,0
288,44,0
289,44,0
290,44,0
291,44,0
292,44,0
293,44,0
294,44,0
295,44,0
296,44,0
297,44,0
298,44,0
299,44,0
300,44,0
301,44,0
302,44,0
303,44,0
304,44,0
305,44,0
306,44,0
307,44,0
308,44,0
309,44,0
310,44,0
311,44,0
312,44,0
313,44,0
314,44,0
315,44,0
316,44,0
317,44,0
318,44,0
319,44,0
320,44,0
321,44,0
322,44,0
323,44,0
324,44,0
325,44,0
326,44,0
327,44,0
328,44,0
329,44,0
330,44,0
331,44,0
332,44,0
333,44,0
334,44,0
335,44,0
336,44,0
337,44,0
338,44,0
339,44,0
340,44,0
341,44,0
342,44,0
343,44,0
344,44,0
345,44,0
346,44,0
347,44,0
348,44,0
349,44,0
350,44,0
351,44,0
352,44,0
353,44,0
354,44,0
355,44,0
356,44,0
357,44,0
358,44,0
359,44,0
360,44,0
361,44,0
362,44,0
363,44,0
364,44,0
365,44,0
366,44,0
367,44,0
368,44,0
369,44,0
370,44,0
371,44,0
372,44,0
373,44,0
374,44,0
375,44,0
376,44,0
377,44,0
378,44,0
379,44,0
380,44,0
381,44,0
382,44,0
383,44,0
384,44,0
385,44,0
386,44,0
387,44,0
388,44,0
389,44,0
390,44,0
1,43,0
2,43,0
3,43,0
4,43,0
5,43,0
6,43,0
7,43,0
8,43,0
9,43,0
10,43,0
11,43,0
12,43,0
13,43,0
14,43,0
15,43,0
16,43,0
17,43,0
18,43,0
19,43,0
20,43,0
21,43,0
22,43,0
23,43,0
24,43,0
25,43,0
26,43,0
27,43,0
28,43,1
29,43,1
30,43,1
31,43,1
32,43,1
33,43,0
34,43,0
35,43,1
36,43,1
37,43,1
38,43,1
39,43,1
40,43,1
41,43,1
42,43,1
43,43,0
44,43,0
45,43,0
46,43,0
47,43,0
48,43,3
49,43,3
50,43,3
51,43,3
52,43,3
53,43,3
54,43,3
55,43,3
56,43,3
57,43,3
58,43,3
59,43,3
60,43,3
61,43,3
62,43,3
63,43,3
64,43,3
65,43,3
66,43,3
67,43,3
68,43,3
69,43,3
70,43,3
71,43,3
72,43,3
73,43,3
74,43,3
75,43,3
76,43,3
77,43,3
78,43,3
79,43,3
80,43,3
81,43,3
82,43,3
83,43,3
84,43,3
85,43,3
86,43,3
87,43,3
88,43,3
89,43,3
90,43,3
91,43,3
92,43,3
93,43,3
94,43,3
95,43,3
96,43,3
97,43,3
98,43,3
99,43,3
100,43,3
101,43,3
102,43,3
103,43,3
104,43,3
105,43,3
106,43,3
107,43,3
108,43,3
109,43,3
110,43,3
111,43,3
112,43,3
113,43,3
114,43,3
115,43,3
116,43,3
117,43,3
118,43,3
119,43,3
120,43,3
121,43,3
122,43,3
123,43,3
124,43,3
125,43,3
126,43,3
127,43,3
128,43,3
129,43,3
130,43,3
131,43,3
132,43,3
133,43,3
134,43,0
135,43,0
136,43,0
137,43,0
138,43,0
139,43,0
140,43,0
141,43,0
142,43,0
143,43,0
144,43,0
145,43,0
146,43,0
147,43,0
148,43,0
149,43,0
150,43,0
151,43,0
152,43,0
153,43,0
154,43,0
155,43,0
156,43,0
157,43,0
158,43,0
159,43,0
160,43,0
161,43,0
162,43,0
163,43,0
164,43,0
165,43,0
166,43,0
167,43,0
168,43,0
169,43,0
170,43,0
171,43,0
172,43,0
173,43,0
174,43,0
175,43,0
176,43,0
177,43,0
178,43,0
179,43,0
180,43,0
181,43,0
182,43,0
183,43,0
184,43,0
185,43,0
186,43,0
187,43,0
188,43,0
189,43,0
190,43,0
191,43,0
192,43,0
193,43,0
194,43,0
195,43,0
196,43,0
197,43,0
198,43,0
199,43,0
200,43,0
201,43,0
202,43,0
203,43,0
204,43,0
205,43,0
206,43,0
207,43,0
208,43,0
209,43,0
210,43,0
211,43,0
212,43,0
213,43,0
214,43,0
215,43,0
216,43,0
217,43,0
218,43,0
219,43,0
220,43,0
221,43,0
222,43,0
223,43,0
224,43,0
225,43,0
226,43,0
227,43,0
228,43,0
229,43,0
230,43,0
231,43,0
232,43,0
233,43,0
234,43,0
235,43,0
236,43,0
237,43,0
238,43,0
239,43,0
240,43,0
241,43,0
242,43,0
243,43,0
244,43,0
245,43,0
246,43,0
247,43,0
248,43,0
249,43,0
250,43,0
251,43,0
252,43,0
253,43,0
254,43,0
255,43,0
256,43,0
257,43,0
258,43,0
259,43,0
260,43,0
261,43,0
262,43,0
263,43,0
264,43,0
265,43,0
266,43,0
267,43,0
268,43,0
269,43,0
270,43,0
271,43,0
272,43,0
273,43,0
274,43,0
275,43,0
276,43,0
277,43,0
278,43,0
279,43,0
280,43,0
281,43,0
282,43,0
283,43,0
284,43,0
285,43,0
286,43,0
287,43,0
288,43,0
289,43,0
290,43,0
291,43,0
292,43,0
293,43,0
294,43,0
295,43,0
296,43,0
297,43,0
298,43,0
299,43,0
300,43,0
301,43,0
302,43,0
303,43,0
304,43,0
305,43,0
306,43,0
307,43,0
308,43,0
309,43,0
310,43,0
311,43,0
312,43,0
313,43,0
314,43,0
315,43,0
316,43,0
317,43,0
318,43,0
319,43,0
320,43,0
321,43,0
322,43,0
323,43,0
324,43,0
325,43,0
326,43,0
327,43,0
328,43,0
329,43,0
330,43,0
331,43,0
332,43,0
333,43,0
334,43,0
335,43,0
336,43,0
337,43,0
338,43,0
339,43,0
340,43,0
341,43,0
342,43,0
343,43,0
344,43,0
345,43,0
346,43,0
347,43,0
348,43,0
349,43,0
350,43,0
351,43,0
352,43,0
353,43,0
354,43,0
355,43,0
356,43,0
357,43,0
358,43,0
359,43,0
360,43,0
361,43,0
362,43,0
363,43,0
364,43,0
365,43,0
366,43,0
367,43,0
368,43,0
369,43,0
370,43,0
371,43,0
372,43,0
373,43,0
374,43,0
375,43,0
376,43,0
377,43,0
378,43,0
379,43,0
380,43,0
381,43,0
382,43,0
383,43,0
384,43,0
385,43,0
386,43,0
387,43,0
388,43,0
389,43,0
390,43,0
1,42,0
2,42,0
3,42,0
4,42,0
5,42,0
6,42,0
7,42,0
8,42,0
9,42,0
10,42,0
11,42,0
12,42,0
13,42,0
14,42,0
15,42,0
16,42,0
17,42,0
18,42,0
19,42,0
20,42,0
21,42,0
22,42,0
23,42,0
24,42,0
25,42,0
26,42,0
27,42,0
28,42,0
29,42,0
30,42,0
31,42,0
32,42,0
33,42,1
34,42,1
35,42,0
36,42,0
37,42,1
38,42,1
39,42,1
40,42,1
41,42,1
42,42,1
43,42,0
44,42,0
45,42,0
46,42,0
47,42,3
48,42,3
49,42,3
50,42,3
51,42,3
52,42,3
53,42,3
54,42,3
55,42,3
56,42,3
57,42,3
58,42,3
59,42,3
60,42,3
61,42,3
62,42,3
63,42,3
64,42,3
65,42,3
66,42,3
67,42,3
68,42,3
69,42,3
70,42,3
71,42,3
72,42,3
73,42,3
74,42,3
75,42,3
76,42,3
77,42,3
78,42,3
79,42,3
80,42,3
81,42,3
82,42,3
83,42,3
84,42,3
85,42,3
86,42,3
87,42,3
88,42,3
89,42,3
90,42,3
91,42,3
92,42,3
93,42,3
94,42,3
95,42,3
96,42,3
97,42,3
98,42,3
99,42,3
100,42,3
101,42,3
102,42,3
103,42,3
104,42,3
105,42,3
106,42,3
107,42,3
108,42,3
109,42,3
110,42,3
111,42,3
112,42,3
113,42,3
114,42,3
115,42,3
116,42,3
117,42,3
118,42,3
119,42,3
120,42,3
121,42,3
122,42,3
123,42,3
124,42,3
125,42,3
126,42,0
127,42,0
128,42,0
129,42,0
130,42,0
131,42,0
132,42,0
133,42,0
134,42,0
135,42,0
136,42,0
137,42,0
138,42,0
139,42,0
140,42,0
141,42,0
142,42,0
143,42,0
144,42,0
145,42,0
146,42,0
147,42,0
148,42,0
149,42,0
150,42,0
151,42,0
152,42,0
153,42,0
154,42,0
155,42,0
156,42,0
157,42,0
158,42,0
159,42,0
160,42,0
161,42,0
162,42,0
163,42,0
164,42,0
165,42,0
166,42,0
167,42,0
168,42,0
169,42,0
170,42,0
171,42,0
172,42,0
173,42,0
174,42,0
175,42,0
176,42,0
177,42,0
178,42,0
179,42,0
180,42,0
181,42,0
182,42,0
183,42,0
184,42,0
185,42,0
186,42,0
187,42,0
188,42,0
189,42,0
190,42,0
191,42,0
192,42,0
193,42,0
194,42,0
195,42,0
196,42,0
197,42,0
198,42,0
199,42,0
200,42,0
201,42,0
202,42,0
203,42,0
204,42,0
205,42,0
206,42,0
207,42,0
208,42,0
209,42,0
210,42,0
211,42,0
212,42,0
213,42,0
214,42,0
215,42,0
216,42,0
217,42,0
218,42,0
219,42,0
220,42,0
221,42,0
222,42,0
223,42,0
224,42,0
225,42,0
226,42,0
227,42,0
228,42,0
229,42,0
230,42,0
231,42,0
232,42,0
233,42,0
234,42,0
235,42,0
236,42,0
237,42,0
238,42,0
239,42,0
240,42,0
241,42,0
242,42,0
243,42,0
244,42,0
245,42,0
246,42,0
247,42,0
248,42,0
249,42,0
250,42,0
251,42,0
252,42,0
253,42,0
254,42,0
255,42,0
256,42,0
257,42,0
258,42,0
259,42,0
260,42,0
261,42,0
262,42,0
263,42,0
264,42,0
265,42,0
266,42,0
267,42,0
268,42,0
269,42,0
270,42,0
271,42,0
272,42,0
273,42,0
274,42,0
275,42,0
276,42,0
277,42,0
278,42,0
279,42,0
280,42,0
281,42,0
282,42,0
283,42,0
284,42,0
285,42,0
286,42,0
287,42,0
288,42,0
289,42,0
290,42,0
291,42,0
292,42,0
293,42,0
294,42,0
295,42,0
296,42,0
297,42,0
298,42,0
299,42,0
300,42,0
301,42,0
302,42,0
303,42,0
304,42,0
305,42,0
306,42,0
307,42,0
308,42,0
309,42,0
310,42,0
311,42,0
312,42,0
313,42,0
314,42,0
315,42,0
316,42,0
317,42,0
318,42,0
319,42,0
320,42,0
321,42,0
322,42,0
323,42,0
324,42,0
325,42,0
326,42,0
327,42,0
328,42,0
329,42,0
330,42,0
331,42,0
332,42,0
333,42,0
334,42,0
335,42,0
336,42,0
337,42,0
338,42,0
339,42,0
340,42,0
341,42,0
342,42,0
343,42,0
344,42,0
345,42,0
346,42,0
347,42,0
348,42,0
349,42,0
350,42,0
351,42,0
352,42,0
353,42,0
354,42,0
355,42,0
356,42,0
357,42,0
358,42,0
359,42,0
360,42,0
361,42,0
362,42,0
363,42,0
364,42,0
365,42,0
366,42,0
367,42,0
368,42,0
369,42,0
370,42,0
371,42,0
372,42,0
373,42,0
374,42,0
375,42,0
376,42,0
377,42,0
378,42,0
379,42,0
380,42,0
381,42,0
382,42,0
383,42,0
384,42,0
385,42,0
386,42,0
387,42,0
388,42,0
389,42,0
390,42,0
1,41,0
2,41,0
3,41,0
4,41,0
5,41,0
6,41,0
7,41,0
8,41,0
9,41,0
10,41,0
11,41,0
12,41,0
13,41,0
14,41,0
15,41,0
16,41,0
17,41,0
18,41,0
19,41,0
20,41,0
21,41,0
22,41,0
23,41,0
24,41,0
25,41,0
26,41,0
27,41,0
28,41,0
29,41,0
30,41,0
31,41,0
32,41,0
33,41,0
34,41,0
35,41,0
36,41,1
37,41,1
38,41,1
39,41,1
40,41,1
41,41,1
42,41,1
43,41,0
44,41,0
45,41,0
46,41,0
47,41,3
48,41,3
49,41,3
50,41,3
51,41,3
52,41,3
53,41,3
54,41,3
55,41,3
56,41,3
57,41,3
58,41,3
59,41,3
60,41,3
61,41,3
62,41,3
63,41,3
64,41,3
65,41,3
66,41,3
67,41,3
68,41,3
69,41,3
70,41,3
71,41,3
72,41,3
73,41,3
74,41,3
75,41,3
76,41,3
77,41,3
78,41,3
79,41,3
80,41,3
81,41,3
82,41,3
83,41,3
84,41,3
85,41,3
86,41,3
87,41,3
88,41,3
89,41,3
90,41,3
91,41,3
92,41,3
93,41,3
94,41,3
95,41,3
96,41,3
97,41,3
98,41,3
99,41,3
100,41,3
101,41,3
102,41,3
103,41,3
104,41,3
105,41,3
106,41,3
107,41,3
108,41,3
109,41,3
110,41,3
111,41,3
112,41,3
113,41,3
114,41,3
115,41,3
116,41,3
117,41,3
118,41,0
119,41,0
120,41,0
121,41,0
122,41,0
123,41,0
124,41,0
125,41,0
126,41,0
127,41,0
128,41,0
129,41,0
130,41,0
131,41,0
132,41,0
133,41,0
134,41,0
135,41,0
136,41,0
137,41,0
138,41,0
139,41,0
140,41,0
141,41,0
142,41,0
143,41,0
144,41,0
145,41,0
146,41,0
147,41,0
148,41,0
149,41,0
150,41,0
151,41,0
152,41,0
153,41,0
154,41,0
155,41,0
156,41,0
157,41,0
158,41,0
159,41,0
160,41,0
161,41,0
162,41,0
163,41,0
164,41,0
165,41,0
166,41,0
167,41,0
168,41,0
169,41,0
170,41,0
171,41,0
172,41,0
173,41,0
174,41,0
175,41,0
176,41,0
177,41,0
178,41,0
179,41,0
180,41,0
181,41,0
182,41,0
183,41,0
184,41,0
185,41,0
186,41,0
187,41,0
188,41,0
189,41,0
190,41,0
191,41,0
192,41,0
193,41,0
194,41,0
195,41,0
196,41,0
197,41,0
198,41,0
199,41,0
200,41,0
201,41,0
202,41,0
203,41,0
204,41,0
205,41,0
206,41,0
207,41,0
208,41,0
209,41,0
210,41,0
211,41,0
212,41,0
213,41,0
214,41,0
215,41,0
216,41,0
217,41,0
218,41,0
219,41,0
220,41,0
221,41,0
222,41,0
223,41,0
224,41,0
225,41,0
226,41,0
227,41,0
228,41,0
229,41,0
230,41,0
231,41,0
232,41,0
233,41,0
234,41,0
235,41,0
236,41,0
237,41,0
238,41,0
239,41,0
240,41,0
241,41,0
242,41,0
243,41,0
244,41,0
245,41,0
246,41,0
247,41,0
248,41,0
249,41,0
250,41,0
251,41,0
252,41,0
253,41,0
254,41,0
255,41,0
256,41,0
257,41,0
258,41,0
259,41,0
260,41,0
261,41,0
262,41,0
263,41,0
264,41,0
265,41,0
266,41,0
267,41,0
268,41,0
269,41,0
270,41,0
271,41,0
272,41,0
273,41,0
274,41,0
275,41,0
276,41,0
277,41,0
278,41,0
279,41,0
280,41,0
281,41,0
282,41,0
283,41,0
284,41,0
285,41,0
286,41,0
287,41,0
288,41,0
289,41,0
290,41,0
291,41,0
292,41,0
293,41,0
294,41,0
295,41,0
296,41,0
297,41,0
298,41,0
299,41,0
300,41,0
301,41,0
302,41,0
303,41,0
304,41,0
305,41,0
306,41,0
307,41,0
308,41,0
309,41,0
310,41,0
311,41,0
312,41,0
313,41,0
314,41,0
315,41,0
316,41,0
317,41,0
318,41,0
319,41,0
320,41,0
321,41,0
322,41,0
323,41,0
324,41,0
325,41,0
326,41,0
327,41,0
328,41,0
329,41,0
330,41,0
331,41,0
332,41,0
333,41,0
334,41,0
335,41,0
336,41,0
337,41,0
338,41,0
339,41,0
340,41,0
341,41,0
342,41,0
343,41,0
344,41,0
345,41,0
346,41,0
347,41,0
348,41,0
349,41,0
350,41,0
351,41,0
352,41,0
353,41,0
354,41,0
355,41,0
356,41,0
357,41,0
358,41,0
359,41,0
360,41,0
361,41,0
362,41,0
363,41,0
364,41,0
365,41,0
366,41,0
367,41,0
368,41,0
369,41,0
370,41,0
371,41,0
372,41,0
373,41,0
374,41,0
375,41,0
376,41,0
377,41,0
378,41,0
379,41,0
380,41,0
381,41,0
382,41,0
383,41,0
384,41,0
385,41,0
386,41,0
387,41,0
388,41,0
389,41,0
390,41,0
1,40,0
2,40,0
3,40,0
4,40,0
5,40,0
6,40,0
7,40,0
8,40,0
9,40,0
10,40,0
11,40,0
12,40,0
13,40,0
14,40,0
15,40,0
16,40,0
17,40,0
18,40,0
19,40,0
20,40,0
21,40,0
22,40,0
23,40,0
24,40,0
25,40,0
26,40,0
27,40,0
28,40,0
29,40,0
30,40,0
31,40,0
32,40,0
33,40,0
34,40,1
35,40,1
36,40,1
37,40,1
38,40,1
39,40,1
40,40,1
41,40,1
42,40,1
43,40,0
44,40,0
45,40,0
46,40,0
47,40,3
48,40,3
49,40,3
50,40,3
51,40,3
52,40,3
53,40,3
54,40,3
55,40,3
56,40,3
57,40,3
58,40,3
59,40,3
60,40,3
61,40,3
62,40,3
63,40,3
64,40,3
65,40,3
66,40,3
67,40,3
68,40,3
69,40,3
70,40,3
71,40,3
72,40,3
73,40,3
74,40,3
75,40,3
76,40,3
77,40,3
78,40,3
79,40,3
80,40,3
81,40,3
82,40,3
83,40,3
84,40,3
85,40,3
86,40,3
87,40,3
88,40,3
89,40,3
90,40,3
91,40,3
92,40,3
93,40,3
94,40,3
95,40,3
96,40,3
97,40,3
98,40,3
99,40,3
100,40,3
101,40,3
102,40,3
103,40,3
104,40,3
105,40,3
106,40,3
107,40,3
108,40,3
109,40,3
110,40,3
111,40,3
112,40,3
113,40,3
114,40,3
115,40,0
116,40,0
117,40,0
118,40,0
119,40,0
120,40,0
121,40,0
122,40,0
123,40,0
124,40,0
125,40,0
126,40,0
127,40,0
128,40,0
129,40,0
130,40,0
131,40,0
132,40,0
133,40,0
134,40,0
135,40,0
136,40,0
137,40,0
138,40,0
139,40,0
140,40,0
141,40,0
142,40,0
143,40,0
144,40,0
145,40,0
146,40,0
147,40,0
148,40,0
149,40,0
150,40,0
151,40,0
152,40,0
153,40,0
154,40,0
155,40,0
156,40,0
157,40,0
158,40,0
159,40,0
160,40,0
161,40,0
162,40,0
163,40,0
164,40,0
165,40,0
166,40,0
167,40,0
168,40,0
169,40,0
170,40,0
171,40,0
172,40,0
173,40,0
174,40,0
175,40,0
176,40,0
177,40,0
178,40,0
179,40,0
180,40,0
181,40,0
182,40,0
183,40,0
184,40,0
185,40,0
186,40,0
187,40,0
188,40,0
189,40,0
190,40,0
191,40,0
192,40,0
193,40,0
194,40,0
195,40,0
196,40,0
197,40,0
198,40,0
199,40,0
200,40,0
201,40,0
202,40,0
203,40,0
204,40,0
205,40,0
206,40,0
207,40,0
208,40,0
209,40,0
210,40,0
211,40,0
212,40,0
213,40,0
214,40,0
215,40,0
216,40,0
217,40,0
218,40,0
219,40,0
220,40,0
221,40,0
222,40,0
223,40,0
224,40,0
225,40,0
226,40,0
227,40,0
228,40,0
229,40,0
230,40,0
231,40,0
232,40,0
233,40,0
234,40,0
235,40,0
236,40,0
237,40,0
238,40,0
239,40,0
240,40,0
241,40,0
242,40,0
243,40,0
244,40,0
245,40,0
246,40,0
247,40,0
248,40,0
249,40,0
250,40,0
251,40,0
252,40,0
253,40,0
254,40,0
255,40,0
256,40,0
257,40,0
258,40,0
259,40,0
260,40,0
261,40,0
262,40,0
263,40,0
264,40,0
265,40,0
266,40,0
267,40,0
268,40,0
269,40,0
270,40,0
271,40,0
272,40,0
273,40,0
274,40,0
275,40,0
276,40,0
277,40,0
278,40,0
279,40,0
280,40,0
281,40,0
282,40,0
283,40,0
284,40,0
285,40,0
286,40,0
287,40,0
288,40,0
289,40,0
290,40,0
291,40,0
292,40,0
293,40,0
294,40,0
295,40,0
296,40,0
297,40,0
298,40,0
299,40,0
300,40,0
301,40,0
302,40,0
303,40,0
304,40,0
305,40,0
306,40,0
307,40,0
308,40,0
309,40,0
310,40,0
311,40,0
312,40,0
313,40,0
314,40,0
315,40,0
316,40,0
317,40,0
318,40,0
319,40,0
320,40,0
321,40,0
322,40,0
323,40,0
324,40,0
325,40,0
326,40,0
327,40,0
328,40,0
329,40,0
330,40,0
331,40,0
332,40,0
333,40,0
334,40,0
335,40,0
336,40,0
337,40,0
338,40,0
339,40,0
340,40,0
341,40,0
342,40,0
343,40,0
344,40,0
345,40,0
346,40,0
347,40,0
348,40,0
349,40,0
350,40,0
351,40,0
352,40,0
353,40,0
354,40,0
355,40,0
356,40,0
357,40,0
358,40,0
359,40,0
360,40,0
361,40,0
362,40,0
363,40,0
364,40,0
365,40,0
366,40,0
367,40,0
368,40,0
369,40,0
370,40,0
371,40,0
372,40,0
373,40,0
374,40,0
375,40,0
376,40,0
377,40,0
378,40,0
379,40,0
380,40,0
381,40,0
382,40,0
383,40,0
384,40,0
385,40,0
386,40,0
387,40,0
388,40,0
389,40,0
390,40,0
1,39,0
2,39,0
3,39,0
4,39,0
5,39,0
6,39,0
7,39,0
8,39,0
9,39,0
10,39,0
11,39,0
12,39,0
13,39,0
14,39,0
15,39,0
16,39,0
17,39,0
18,39,0
19,39,0
20,39,0
21,39,0
22,39,0
23,39,0
24,39,0
25,39,0
26,39,0
27,39,0
28,39,0
29,39,0
30,39,0
31,39,0
32,39,1
33,39,1
34,39,1
35,39,1
36,39,1
37,39,1
38,39,1
39,39,1
40,39,1
41,39,1
42,39,1
43,39,0
44,39,0
45,39,0
46,39,0
47,39,3
48,39,3
49,39,3
50,39,3
51,39,3
52,39,3
53,39,3
54,39,3
55,39,3
56,39,3
57,39,3
58,39,3
59,39,3
60,39,3
61,39,3
62,39,3
63,39,3
64,39,3
65,39,3
66,39,3
67,39,3
68,39,3
69,39,3
70,39,3
71,39,3
72,39,3
73,39,3
74,39,3
75,39,3
76,39,3
77,39,3
78,39,3
79,39,3
80,39,3
81,39,3
82,39,3
83,39,3
84,39,3
85,39,3
86,39,3
87,39,3
88,39,3
89,39,3
90,39,3
91,39,3
92,39,3
93,39,3
94,39,3
95,39,0
96,39,0
97,39,0
98,39,0
99,39,0
100,39,0
101,39,0
102,39,0
103,39,0
104,39,0
105,39,0
106,39,0
107,39,0
108,39,0
109,39,0
110,39,0
111,39,0
112,39,0
113,39,0
114,39,0
115,39,0
116,39,0
117,39,0
118,39,0
119,39,0
120,39,0
121,39,0
122,39,0
123,39,0
124,39,0
125,39,0
126,39,0
127,39,0
128,39,0
129,39,0
130,39,0
131,39,0
132,39,0
133,39,0
134,39,0
135,39,0
136,39,0
137,39,0
138,39,0
139,39,0
140,39,0
141,39,0
142,39,0
143,39,0
144,39,0
145,39,0
146,39,0
147,39,0
148,39,0
149,39,0
150,39,0
151,39,0
152,39,0
153,39,0
154,39,0
155,39,0
156,39,0
157,39,0
158,39,0
159,39,0
160,39,0
161,39,0
162,39,0
163,39,0
164,39,0
165,39,0
166,39,0
167,39,0
168,39,0
169,39,0
170,39,0
171,39,0
172,39,0
173,39,0
174,39,0
175,39,0
176,39,0
177,39,0
178,39,0
179,39,0
180,39,0
181,39,0
182,39,0
183,39,0
184,39,0
185,39,0
186,39,0
187,39,0
188,39,0
189,39,0
190,39,0
191,39,0
192,39,0
193,39,0
194,39,0
195,39,0
196,39,0
197,39,0
198,39,0
199,39,0
200,39,0
201,39,0
202,39,0
203,39,0
204,39,0
205,39,0
206,39,0
207,39,0
208,39,0
209,39,0
210,39,0
211,39,0
212,39,0
213,39,0
214,39,0
215,39,0
216,39,0
217,39,0
218,39,0
219,39,0
220,39,0
221,39,0
222,39,0
223,39,0
224,39,0
225,39,0
226,39,0
227,39,0
228,39,0
229,39,0
230,39,0
231,39,0
232,39,0
233,39,0
234,39,0
235,39,0
236,39,0
237,39,0
238,39,0
239,39,0
240,39,0
241,39,0
242,39,0
243,39,0
244,39,0
245,39,0
246,39,0
247,39,0
248,39,0
249,39,0
250,39,0
251,39,0
252,39,0
253,39,0
254,39,0
255,39,0
256,39,0
257,39,0
258,39,0
259,39,0
260,39,0
261,39,0
262,39,0
263,39,0
264,39,0
265,39,0
266,39,0
267,39,0
268,39,0
269,39,0
270,39,0
271,39,0
272,39,0
273,39,0
274,39,0
275,39,0
276,39,0
277,39,0
278,39,0
279,39,0
280,39,0
281,39,0
282,39,0
283,39,0
284,39,0
285,39,0
286,39,0
287,39,0
288,39,0
289,39,0
290,39,0
291,39,0
292,39,0
293,39,0
294,39,0
295,39,0
296,39,0
297,39,0
298,39,0
299,39,0
300,39,0
301,39,0
302,39,0
303,39,0
304,39,0
305,39,0
306,39,0
307,39,0
308,39,0
309,39,0
310,39,0
311,39,0
312,39,0
313,39,0
314,39,0
315,39,0
316,39,0
317,39,0
318,39,0
319,39,0
320,39,0
321,39,0
322,39,0
323,39,0
324,39,0
325,39,0
326,39,0
327,39,0
328,39,0
329,39,0
330,39,0
331,39,0
332,39,0
333,39,0
334,39,0
335,39,0
336,39,0
337,39,0
338,39,0
339,39,0
340,39,0
341,39,0
342,39,0
343,39,0
344,39,0
345,39,0
346,39,0
347,39,0
348,39,0
349,39,0
350,39,0
351,39,0
352,39,0
353,39,0
354,39,0
355,39,0
356,39,0
357,39,0
358,39,0
359,39,0
360,39,0
361,39,0
362,39,0
363,39,0
364,39,0
365,39,0
366,39,0
367,39,0
368,39,0
369,39,0
370,39,0
371,39,0
372,39,0
373,39,0
374,39,0
375,39,0
376,39,0
377,39,0
378,39,0
379,39,0
380,39,0
381,39,0
382,39,0
383,39,0
384,39,0
385,39,0
386,39,0
387,39,0
388,39,0
389,39,0
390,39,0
1,38,0
2,38,0
3,38,0
4,38,0
5,38,0
6,38,0
7,38,0
8,38,0
9,38,0
10,38,0
11,38,0
12,38,0
13,38,0
14,38,0
15,38,0
16,38,0
17,38,0
18,38,0
19,38,0
20,38,0
21,38,0
22,38,0
23,38,0
24,38,0
25,38,0
26,38,0
27,38,0
28,38,0
29,38,0
30,38,0
31,38,1
32,38,1
33,38,1
34,38,1
35,38,1
36,38,1
37,38,1
38,38,1
39,38,1
40,38,1
41,38,0
42,38,0
43,38,0
44,38,0
45,38,0
46,38,0
47,38,3
48,38,3
49,38,3
50,38,3
51,38,3
52,38,3
53,38,3
54,38,3
55,38,3
56,38,3
57,38,3
58,38,3
59,38,3
60,38,3
61,38,3
62,38,3
63,38,3
64,38,3
65,38,3
66,38,3
67,38,3
68,38,3
69,38,3
70,38,3
71,38,3
72,38,3
73,38,3
74,38,3
75,38,3
76,38,3
77,38,3
78,38,3
79,38,3
80,38,3
81,38,3
82,38,3
83,38,3
84,38,3
85,38,3
86,38,3
87,38,3
88,38,3
89,38,3
90,38,3
91,38,3
92,38,3
93,38,0
94,38,0
95,38,0
96,38,0
97,38,0
98,38,0
99,38,0
100,38,0
101,38,0
102,38,0
103,38,0
104,38,0
105,38,0
106,38,0
107,38,0
108,38,0
109,38,0
110,38,0
111,38,0
112,38,0
113,38,0
114,38,0
115,38,0
116,38,0
117,38,0
118,38,0
119,38,0
120,38,0
121,38,0
122,38,0
123,38,0
124,38,0
125,38,0
126,38,0
127,38,0
128,38,0
129,38,0
130,38,0
131,38,0
132,38,0
133,38,0
134,38,0
135,38,0
136,38,0
137,38,0
138,38,0
139,38,0
140,38,0
141,38,0
142,38,0
143,38,0
144,38,0
145,38,0
146,38,0
147,38,0
148,38,0
149,38,0
150,38,0
151,38,0
152,38,0
153,38,0
154,38,0
155,38,0
156,38,0
157,38,0
158,38,0
159,38,0
160,38,0
161,38,0
162,38,0
163,38,0
164,38,0
165,38,0
166,38,0
167,38,0
168,38,0
169,38,0
170,38,0
171,38,0
172,38,0
173,38,0
174,38,0
175,38,0
176,38,0
177,38,0
178,38,0
179,38,0
180,38,0
181,38,0
182,38,0
183,38,0
184,38,0
185,38,0
186,38,0
187,38,0
188,38,0
189,38,0
190,38,0
191,38,0
192,38,0
193,38,0
194,38,0
195,38,0
196,38,0
197,38,0
198,38,0
199,38,0
200,38,0
201,38,0
202,38,0
203,38,0
204,38,0
205,38,0
206,38,0
207,38,0
208,38,0
209,38,0
210,38,0
211,38,0
212,38,0
213,38,0
214,38,0
215,38,0
216,38,0
217,38,0
218,38,0
219,38,0
220,38,0
221,38,0
222,38,0
223,38,0
224,38,0
225,38,0
226,38,0
227,38,0
228,38,0
229,38,0
230,38,0
231,38,0
232,38,0
233,38,0
234,38,0
235,38,0
236,38,0
237,38,0
238,38,0
239,38,0
240,38,0
241,38,0
242,38,0
243,38,0
244,38,0
245,38,0
246,38,0
247,38,0
248,38,0
249,38,0
250,38,0
251,38,0
252,38,0
253,38,0
254,38,0
255,38,0
256,38,0
257,38,0
258,38,0
259,38,0
260,38,0
261,38,0
262,38,0
263,38,0
264,38,0
265,38,0
266,38,0
267,38,0
268,38,0
269,38,0
270,38,0
271,38,0
272,38,0
273,38,0
274,38,0
275,38,0
276,38,0
277,38,0
278,38,0
279,38,0
280,38,0
281,38,0
282,38,0
283,38,0
284,38,0
285,38,0
286,38,0
287,38,0
288,38,0
289,38,0
290,38,0
291,38,0
292,38,0
293,38,0
294,38,0
295,38,0
296,38,0
297,38,0
298,38,0
299,38,0
300,38,0
301,38,0
302,38,0
303,38,0
304,38,0
305,38,0
306,38,0
307,38,0
308,38,0
309,38,0
310,38,0
311,38,0
312,38,0
313,38,0
314,38,0
315,38,0
316,38,0
317,38,0
318,38,0
319,38,0
320,38,0
321,38,0
322,38,0
323,38,0
324,38,0
325,38,0
326,38,0
327,38,0
328,38,0
329,38,0
330,38,0
331,38,0
332,38,0
333,38,0
334,38,0
335,38,0
336,38,0
337,38,0
338,38,0
339,38,0
340,38,0
341,38,0
342,38,0
343,38,0
344,38,0
345,38,0
346,38,0
347,38,0
348,38,0
349,38,0
350,38,0
351,38,0
352,38,0
353,38,0
354,38,0
355,38,0
356,38,0
357,38,0
358,38,0
359,38,0
360,38,0
361,38,0
362,38,0
363,38,0
364,38,0
365,38,0
366,38,0
367,38,0
368,38,0
369,38,0
370,38,0
371,38,0
372,38,0
373,38,0
374,38,0
375,38,0
376,38,0
377,38,0
378,38,0
379,38,0
380,38,0
381,38,0
382,38,0
383,38,0
384,38,0
385,38,0
386,38,0
387,38,0
388,38,0
389,38,0
390,38,0
1,37,0
2,37,0
3,37,0
4,37,0
5,37,0
6,37,0
7,37,0
8,37,0
9,37,0
10,37,0
11,37,0
12,37,0
13,37,0
14,37,0
15,37,0
16,37,0
17,37,0
18,37,0
19,37,0
20,37,0
21,37,0
22,37,0
23,37,0
24,37,0
25,37,0
26,37,0
27,37,1
28,37,1
29,37,1
30,37,1
31,37,0
32,37,1
33,37,0
34,37,1
35,37,1
36,37,1
37,37,1
38,37,0
39,37,0
40,37,0
41,37,0
42,37,0
43,37,0
44,37,0
45,37,0
46,37,0
47,37,3
48,37,3
49,37,3
50,37,3
51,37,3
52,37,3
53,37,3
54,37,3
55,37,3
56,37,3
57,37,3
58,37,3
59,37,3
60,37,3
61,37,3
62,37,3
63,37,3
64,37,3
65,37,3
66,37,3
67,37,3
68,37,3
69,37,3
70,37,3
71,37,3
72,37,3
73,37,3
74,37,3
75,37,3
76,37,3
77,37,3
78,37,3
79,37,3
80,37,3
81,37,3
82,37,3
83,37,3
84,37,3
85,37,3
86,37,3
87,37,3
88,37,3
89,37,3
90,37,3
91,37,3
92,37,0
93,37,0
94,37,0
95,37,0
96,37,0
97,37,0
98,37,0
99,37,0
100,37,0
101,37,0
102,37,0
103,37,0
104,37,0
105,37,0
106,37,0
107,37,0
108,37,0
109,37,0
110,37,0
111,37,0
112,37,0
113,37,0
114,37,0
115,37,0
116,37,0
117,37,0
118,37,0
119,37,0
120,37,0
121,37,0
122,37,0
123,37,0
124,37,0
125,37,0
126,37,0
127,37,0
128,37,0
129,37,0
130,37,0
131,37,0
132,37,0
133,37,0
134,37,0
135,37,0
136,37,0
137,37,0
138,37,0
139,37,0
140,37,0
141,37,0
142,37,0
143,37,0
144,37,0
145,37,0
146,37,0
147,37,0
148,37,0
149,37,0
150,37,0
151,37,0
152,37,0
153,37,0
154,37,0
155,37,0
156,37,0
157,37,0
158,37,0
159,37,0
160,37,0
161,37,0
162,37,0
163,37,0
164,37,0
165,37,0
166,37,0
167,37,0
168,37,0
169,37,0
170,37,0
171,37,0
172,37,0
173,37,0
174,37,0
175,37,0
176,37,0
177,37,0
178,37,0
179,37,0
180,37,0
181,37,0
182,37,0
183,37,0
184,37,0
185,37,0
186,37,0
187,37,0
188,37,0
189,37,0
190,37,0
191,37,0
192,37,0
193,37,0
194,37,0
195,37,0
196,37,0
197,37,0
198,37,0
199,37,0
200,37,0
201,37,0
202,37,0
203,37,0
204,37,0
205,37,0
206,37,0
207,37,0
208,37,0
209,37,0
210,37,0
211,37,0
212,37,0
213,37,0
214,37,0
215,37,0
216,37,0
217,37,0
218,37,0
219,37,0
220,37,0
221,37,0
222,37,0
223,37,0
224,37,0
225,37,0
226,37,0
227,37,0
228,37,0
229,37,0
230,37,0
231,37,0
232,37,0
233,37,0
234,37,0
235,37,0
236,37,0
237,37,0
238,37,0
239,37,0
240,37,0
241,37,0
242,37,0
243,37,0
244,37,0
245,37,0
246,37,0
247,37,0
248,37,0
249,37,0
250,37,0
251,37,0
252,37,0
253,37,0
254,37,0
255,37,0
256,37,0
257,37,0
258,37,0
259,37,0
260,37,0
261,37,0
262,37,0
263,37,0
264,37,0
265,37,0
266,37,0
267,37,0
268,37,0
269,37,0
270,37,0
271,37,0
272,37,0
273,37,0
274,37,0
275,37,0
276,37,0
277,37,0
278,37,0
279,37,0
280,37,0
281,37,0
282,37,0
283,37,0
284,37,0
285,37,0
286,37,0
287,37,0
288,37,0
289,37,0
290,37,0
291,37,0
292,37,0
293,37,0
294,37,0
295,37,0
296,37,0
297,37,0
298,37,0
299,37,0
300,37,0
301,37,0
302,37,0
303,37,0
304,37,0
305,37,0
306,37,0
307,37,0
308,37,0
309,37,0
310,37,0
311,37,0
312,37,0
313,37,0
314,37,0
315,37,0
316,37,0
317,37,0
318,37,0
319,37,0
320,37,0
321,37,0
322,37,0
323,37,0
324,37,0
325,37,0
326,37,0
327,37,0
328,37,0
329,37,0
330,37,0
331,37,0
332,37,0
333,37,0
334,37,0
335,37,0
336,37,0
337,37,0
338,37,0
339,37,0
340,37,0
341,37,0
342,37,0
343,37,0
344,37,0
345,37,0
346,37,0
347,37,0
348,37,0
349,37,0
350,37,0
351,37,0
352,37,0
353,37,0
354,37,0
355,37,0
356,37,0
357,37,0
358,37,0
359,37,0
360,37,0
361,37,0
362,37,0
363,37,0
364,37,0
365,37,0
366,37,0
367,37,0
368,37,0
369,37,0
370,37,0
371,37,0
372,37,0
373,37,0
374,37,0
375,37,0
376,37,0
377,37,0
378,37,0
379,37,0
380,37,0
381,37,0
382,37,0
383,37,0
384,37,0
385,37,0
386,37,0
387,37,0
388,37,0
389,37,0
390,37,0
1,36,0
2,36,0
3,36,0
4,36,0
5,36,0
6,36,0
7,36,0
8,36,0
9,36,0
10,36,0
11,36,0
12,36,0
13,36,0
14,36,0
15,36,0
16,36,0
17,36,0
18,36,0
19,36,0
20,36,0
21,36,0
22,36,0
23,36,0
24,36,1
25,36,1
26,36,1
27,36,1
28,36,1
29,36,1
30,36,1
31,36,0
32,36,0
33,36,1
34,36,1
35,36,1
36,36,1
37,36,0
38,36,0
39,36,0
40,36,0
41,36,0
42,36,0
43,36,0
44,36,0
45,36,0
46,36,0
47,36,3
48,36,3
49,36,3
50,36,3
51,36,3
52,36,3
53,36,3
54,36,3
55,36,3
56,36,3
57,36,3
58,36,3
59,36,3
60,36,3
61,36,3
62,36,3
63,36,3
64,36,3
65,36,3
66,36,3
67,36,3
68,36,3
69,36,3
70,36,3
71,36,3
72,36,3
73,36,3
74,36,3
75,36,3
76,36,3
77,36,3
78,36,3
79,36,3
80,36,3
81,36,3
82,36,3
83,36,3
84,36,3
85,36,3
86,36,3
87,36,3
88,36,3
89,36,3
90,36,3
91,36,3
92,36,0
93,36,0
94,36,0
95,36,0
96,36,0
97,36,0
98,36,0
99,36,0
100,36,0
101,36,0
102,36,0
103,36,0
104,36,0
105,36,0
106,36,0
107,36,0
108,36,0
109,36,0
110,36,0
111,36,0
112,36,0
113,36,0
114,36,0
115,36,0
116,36,0
117,36,0
118,36,0
119,36,0
120,36,0
121,36,0
122,36,0
123,36,0
124,36,0
125,36,0
126,36,0
127,36,0
128,36,0
129,36,0
130,36,0
131,36,0
132,36,0
133,36,0
134,36,0
135,36,0
136,36,0
137,36,0
138,36,0
139,36,0
140,36,0
141,36,0
142,36,0
143,36,0
144,36,0
145,36,0
146,36,0
147,36,0
148,36,0
149,36,0
150,36,0
151,36,0
152,36,0
153,36,0
154,36,0
155,36,0
156,36,0
157,36,0
158,36,0
159,36,0
160,36,0
161,36,0
162,36,0
163,36,0
164,36,0
165,36,0
166,36,0
167,36,0
168,36,0
169,36,0
170,36,0
171,36,0
172,36,0
173,36,0
174,36,0
175,36,0
176,36,0
177,36,0
178,36,0
179,36,0
180,36,0
181,36,0
182,36,0
183,36,0
184,36,0
185,36,0
186,36,0
187,36,0
188,36,0
189,36,0
190,36,0
191,36,0
192,36,0
193,36,0
194,36,0
195,36,0
196,36,0
197,36,0
198,36,0
199,36,0
200,36,0
201,36,0
202,36,0
203,36,0
204,36,0
205,36,0
206,36,0
207,36,0
208,36,0
209,36,0
210,36,0
211,36,0
212,36,0
213,36,0
214,36,0
215,36,0
216,36,0
217,36,0
218,36,0
219,36,0
220,36,0
221,36,0
222,36,0
223,36,0
224,36,0
225,36,0
226,36,0
227,36,0
228,36,0
229,36,0
230,36,0
231,36,0
232,36,0
233,36,0
234,36,0
235,36,0
236,36,0
237,36,0
238,36,0
239,36,0
240,36,0
241,36,0
242,36,0
243,36,0
244,36,0
245,36,0
246,36,0
247,36,0
248,36,0
249,36,0
250,36,0
251,36,0
252,36,0
253,36,0
254,36,0
255,36,0
256,36,0
257,36,0
258,36,0
259,36,0
260,36,0
261,36,0
262,36,0
263,36,0
264,36,0
265,36,0
266,36,0
267,36,0
268,36,0
269,36,0
270,36,0
271,36,0
272,36,0
273,36,0
274,36,0
275,36,0
276,36,0
277,36,0
278,36,0
279,36,0
280,36,0
281,36,0
282,36,0
283,36,0
284,36,0
285,36,0
286,36,0
287,36,0
288,36,0
289,36,0
290,36,0
291,36,0
292,36,0
293,36,0
294,36,0
295,36,0
296,36,0
297,36,0
298,36,0
299,36,0
300,36,0
301,36,0
302,36,0
303,36,0
304,36,0
305,36,0
306,36,0
307,36,0
308,36,0
309,36,0
310,36,0
311,36,0
312,36,0
313,36,0
314,36,0
315,36,0
316,36,0
317,36,0
318,36,0
319,36,0
320,36,0
321,36,0
322,36,0
323,36,0
324,36,0
325,36,0
326,36,0
327,36,0
328,36,0
329,36,0
330,36,0
331,36,0
332,36,0
333,36,0
334,36,0
335,36,0
336,36,0
337,36,0
338,36,0
339,36,0
340,36,0
341,36,0
342,36,0
343,36,0
344,36,0
345,36,0
346,36,0
347,36,0
348,36,0
349,36,0
350,36,0
351,36,0
352,36,0
353,36,0
354,36,0
355,36,0
356,36,0
357,36,0
358,36,0
359,36,0
360,36,0
361,36,0
362,36,0
363,36,0
364,36,0
365,36,0
366,36,0
367,36,0
368,36,0
369,36,0
370,36,0
371,36,0
372,36,0
373,36,0
374,36,0
375,36,0
376,36,0
377,36,0
378,36,0
379,36,0
380,36,0
381,36,0
382,36,0
383,36,0
384,36,0
385,36,0
386,36,0
387,36,0
388,36,0
389,36,0
390,36,0
1,35,0
2,35,0
3,35,0
4,35,0
5,35,0
6,35,0
7,35,0
8,35,0
9,35,0
10,35,0
11,35,0
12,35,0
13,35,0
14,35,0
15,35,0
16,35,0
17,35,0
18,35,0
19,35,0
20,35,0
21,35,0
22,35,0
23,35,0
24,35,0
25,35,0
26,35,1
27,35,0
28,35,0
29,35,0
30,35,0
31,35,0
32,35,0
33,35,1
34,35,0
35,35,0
36,35,0
37,35,0
38,35,0
39,35,0
40,35,0
41,35,0
42,35,0
43,35,0
44,35,0
45,35,0
46,35,0
47,35,3
48,35,3
49,35,3
50,35,3
51,35,3
52,35,3
53,35,3
54,35,3
55,35,3
56,35,3
57,35,3
58,35,3
59,35,3
60,35,3
61,35,3
62,35,3
63,35,3
64,35,3
65,35,3
66,35,3
67,35,3
68,35,3
69,35,3
70,35,3
71,35,3
72,35,3
73,35,3
74,35,3
75,35,3
76,35,3
77,35,3
78,35,3
79,35,3
80,35,3
81,35,3
82,35,3
83,35,3
84,35,3
85,35,3
86,35,3
87,35,3
88,35,3
89,35,3
90,35,0
91,35,0
92,35,0
93,35,0
94,35,0
95,35,0
96,35,0
97,35,0
98,35,0
99,35,0
100,35,0
101,35,0
102,35,0
103,35,0
104,35,0
105,35,0
106,35,0
107,35,0
108,35,0
109,35,0
110,35,0
111,35,0
112,35,0
113,35,0
114,35,0
115,35,0
116,35,0
117,35,0
118,35,0
119,35,0
120,35,0
121,35,0
122,35,0
123,35,0
124,35,0
125,35,0
126,35,0
127,35,0
128,35,0
129,35,0
130,35,0
131,35,0
132,35,0
133,35,0
134,35,0
135,35,0
136,35,0
137,35,0
138,35,0
139,35,0
140,35,0
141,35,0
142,35,0
143,35,0
144,35,0
145,35,0
146,35,0
147,35,0
148,35,0
149,35,0
150,35,0
151,35,0
152,35,0
153,35,0
154,35,0
155,35,0
156,35,0
157,35,0
158,35,0
159,35,0
160,35,0
161,35,0
162,35,0
163,35,0
164,35,0
165,35,0
166,35,0
167,35,0
168,35,0
169,35,0
170,35,0
171,35,0
172,35,0
173,35,0
174,35,0
175,35,0
176,35,0
177,35,0
178,35,0
179,35,0
180,35,0
181,35,0
182,35,0
183,35,0
184,35,0
185,35,0
186,35,0
187,35,0
188,35,0
189,35,0
190,35,0
191,35,0
192,35,0
193,35,0
194,35,0
195,35,0
196,35,0
197,35,0
198,35,0
199,35,0
200,35,0
201,35,0
202,35,0
203,35,0
204,35,0
205,35,0
206,35,0
207,35,0
208,35,0
209,35,0
210,35,0
211,35,0
212,35,0
213,35,0
214,35,0
215,35,0
216,35,0
217,35,0
218,35,0
219,35,0
220,35,0
221,35,0
222,35,0
223,35,0
224,35,0
225,35,0
226,35,0
227,35,0
228,35,0
229,35,0
230,35,0
231,35,0
232,35,0
233,35,0
234,35,0
235,35,0
236,35,0
237,35,0
238,35,0
239,35,0
240,35,0
241,35,0
242,35,0
243,35,0
244,35,0
245,35,0
246,35,0
247,35,0
248,35,0
249,35,0
250,35,0
251,35,0
252,35,0
253,35,0
254,35,0
255,35,0
256,35,0
257,35,0
258,35,0
259,35,0
260,35,0
261,35,0
262,35,0
263,35,0
264,35,0
265,35,0
266,35,0
267,35,0
268,35,0
269,35,0
270,35,0
271,35,0
272,35,0
273,35,0
274,35,0
275,35,0
276,35,0
277,35,0
278,35,0
279,35,0
280,35,0
281,35,0
282,35,0
283,35,0
284,35,0
285,35,0
286,35,0
287,35,0
288,35,0
289,35,0
290,35,0
291,35,0
292,35,0
293,35,0
294,35,0
295,35,0
296,35,0
297,35,0
298,35,0
299,35,0
300,35,0
301,35,0
302,35,0
303,35,0
304,35,0
305,35,0
306,35,0
307,35,0
308,35,0
309,35,0
310,35,0
311,35,0
312,35,0
313,35,0
314,35,0
315,35,0
316,35,0
317,35,0
318,35,0
319,35,0
320,35,0
321,35,0
322,35,0
323,35,0
324,35,0
325,35,0
326,35,0
327,35,0
328,35,0
329,35,0
330,35,0
331,35,0
332,35,0
333,35,0
334,35,0
335,35,0
336,35,0
337,35,0
338,35,0
339,35,0
340,35,0
341,35,0
342,35,0
343,35,0
344,35,0
345,35,0
346,35,0
347,35,0
348,35,0
349,35,0
350,35,0
351,35,0
352,35,0
353,35,0
354,35,0
355,35,0
356,35,0
357,35,0
358,35,0
359,35,0
360,35,0
361,35,0
362,35,0
363,35,0
364,35,0
365,35,0
366,35,0
367,35,0
368,35,0
369,35,0
370,35,0
371,35,0
372,35,0
373,35,0
374,35,0
375,35,0
376,35,0
377,35,0
378,35,0
379,35,0
380,35,0
381,35,0
382,35,0
383,35,0
384,35,0
385,35,0
386,35,0
387,35,0
388,35,0
389,35,0
390,35,0
1,34,0
2,34,0
3,34,0
4,34,0
5,34,0
6,34,0
7,34,0
8,34,0
9,34,0
10,34,0
11,34,0
12,34,0
13,34,0
14,34,0
15,34,0
16,34,0
17,34,0
18,34,0
19,34,0
20,34,0
21,34,0
22,34,0
23,34,0
24,34,0
25,34,0
26,34,0
27,34,0
28,34,0
29,34,0
30,34,0
31,34,0
32,34,0
33,34,0
34,34,0
35,34,0
36,34,0
37,34,0
38,34,0
39,34,0
40,34,0
41,34,0
42,34,0
43,34,0
44,34,0
45,34,0
46,34,0
47,34,3
48,34,3
49,34,3
50,34,3
51,34,3
52,34,3
53,34,3
54,34,3
55,34,3
56,34,3
57,34,3
58,34,3
59,34,3
60,34,3
61,34,3
62,34,3
63,34,3
64,34,3
65,34,3
66,34,3
67,34,3
68,34,3
69,34,3
70,34,3
71,34,3
72,34,3
73,34,3
74,34,3
75,34,3
76,34,3
77,34,3
78,34,3
79,34,3
80,34,3
81,34,3
82,34,3
83,34,3
84,34,3
85,34,3
86,34,3
87,34,3
88,34,3
89,34,3
90,34,0
91,34,0
92,34,0
93,34,0
94,34,0
95,34,0
96,34,0
97,34,0
98,34,0
99,34,0
100,34,0
101,34,0
102,34,0
103,34,0
104,34,0
105,34,0
106,34,0
107,34,0
108,34,0
109,34,0
110,34,0
111,34,0
112,34,0
113,34,0
114,34,0
115,34,0
116,34,0
117,34,0
118,34,0
119,34,0
120,34,0
121,34,0
122,34,0
123,34,0
124,34,0
125,34,0
126,34,0
127,34,0
128,34,0
129,34,0
130,34,0
131,34,0
132,34,0
133,34,0
134,34,0
135,34,0
136,34,0
137,34,0
138,34,0
139,34,0
140,34,0
141,34,0
142,34,0
143,34,0
144,34,0
145,34,0
146,34,0
147,34,0
148,34,0
149,34,0
150,34,0
151,34,0
152,34,0
153,34,0
154,34,0
155,34,0
156,34,0
157,34,0
158,34,0
159,34,0
160,34,0
161,34,0
162,34,0
163,34,0
164,34,0
165,34,0
166,34,0
167,34,0
168,34,0
169,34,0
170,34,0
171,34,0
172,34,0
173,34,0
174,34,0
175,34,0
176,34,0
177,34,0
178,34,0
179,34,0
180,34,0
181,34,0
182,34,0
183,34,0
184,34,0
185,34,0
186,34,0
187,34,0
188,34,0
189,34,0
190,34,0
191,34,0
192,34,0
193,34,0
194,34,0
195,34,0
196,34,0
197,34,0
198,34,0
199,34,0
200,34,0
201,34,0
202,34,0
203,34,0
204,34,0
205,34,0
206,34,0
207,34,0
208,34,0
209,34,0
210,34,0
211,34,0
212,34,0
213,34,0
214,34,0
215,34,0
216,34,0
217,34,0
218,34,0
219,34,0
220,34,0
221,34,0
222,34,0
223,34,0
224,34,0
225,34,0
226,34,0
227,34,0
228,34,0
229,34,0
230,34,0
231,34,0
232,34,0
233,34,0
234,34,0
235,34,0
236,34,0
237,34,0
238,34,0
239,34,0
240,34,0
241,34,0
242,34,0
243,34,0
244,34,0
245,34,0
246,34,0
247,34,0
248,34,0
249,34,0
250,34,0
251,34,0
252,34,0
253,34,0
254,34,0
255,34,0
256,34,0
257,34,0
258,34,0
259,34,0
260,34,0
261,34,0
262,34,0
263,34,0
264,34,0
265,34,0
266,34,0
267,34,0
268,34,0
269,34,0
270,34,0
271,34,0
272,34,0
273,34,0
274,34,0
275,34,0
276,34,0
277,34,0
278,34,0
279,34,0
280,34,0
281,34,0
282,34,0
283,34,0
284,34,0
285,34,0
286,34,0
287,34,0
288,34,0
289,34,0
290,34,0
291,34,0
292,34,0
293,34,0
294,34,0
295,34,0
296,34,0
297,34,0
298,34,0
299,34,0
300,34,0
301,34,0
302,34,0
303,34,0
304,34,0
305,34,0
306,34,0
307,34,0
308,34,0
309,34,0
310,34,0
311,34,0
312,34,0
313,34,0
314,34,0
315,34,0
316,34,0
317,34,0
318,34,0
319,34,0
320,34,0
321,34,0
322,34,0
323,34,0
324,34,0
325,34,0
326,34,0
327,34,0
328,34,0
329,34,0
330,34,0
331,34,0
332,34,0
333,34,0
334,34,0
335,34,0
336,34,0
337,34,0
338,34,0
339,34,0
340,34,0
341,34,0
342,34,0
343,34,0
344,34,0
345,34,0
346,34,0
347,34,0
348,34,0
349,34,0
350,34,0
351,34,0
352,34,0
353,34,0
354,34,0
355,34,0
356,34,0
357,34,0
358,34,0
359,34,0
360,34,0
361,34,0
362,34,0
363,34,0
364,34,0
365,34,0
366,34,0
367,34,0
368,34,0
369,34,0
370,34,0
371,34,0
372,34,0
373,34,0
374,34,0
375,34,0
376,34,0
377,34,0
378,34,0
379,34,0
380,34,0
381,34,0
382,34,0
383,34,0
384,34,0
385,34,0
386,34,0
387,34,0
388,34,0
389,34,0
390,34,0
1,33,0
2,33,0
3,33,0
4,33,0
5,33,0
6,33,0
7,33,0
8,33,0
9,33,0
10,33,0
11,33,0
12,33,0
13,33,0
14,33,0
15,33,0
16,33,0
17,33,0
18,33,0
19,33,0
20,33,0
21,33,0
22,33,0
23,33,0
24,33,0
25,33,0
26,33,0
27,33,0
28,33,0
29,33,0
30,33,0
31,33,0
32,33,0
33,33,0
34,33,0
35,33,0
36,33,0
37,33,0
38,33,0
39,33,0
40,33,0
41,33,0
42,33,0
43,33,0
44,33,0
45,33,0
46,33,0
47,33,3
48,33,3
49,33,3
50,33,3
51,33,3
52,33,3
53,33,3
54,33,3
55,33,3
56,33,3
57,33,3
58,33,3
59,33,3
60,33,3
61,33,3
62,33,3
63,33,3
64,33,3
65,33,3
66,33,3
67,33,3
68,33,3
69,33,3
70,33,3
71,33,3
72,33,3
73,33,3
74,33,3
75,33,3
76,33,3
77,33,3
78,33,3
79,33,3
80,33,3
81,33,3
82,33,3
83,33,3
84,33,3
85,33,3
86,33,3
87,33,3
88,33,3
89,33,3
90,33,0
91,33,0
92,33,0
93,33,0
94,33,0
95,33,0
96,33,0
97,33,0
98,33,0
99,33,0
100,33,0
101,33,0
102,33,0
103,33,0
104,33,0
105,33,0
106,33,0
107,33,0
108,33,0
109,33,0
110,33,0
111,33,0
112,33,0
113,33,0
114,33,0
115,33,0
116,33,0
117,33,0
118,33,0
119,33,0
120,33,0
121,33,0
122,33,0
123,33,0
124,33,0
125,33,0
126,33,0
127,33,0
128,33,0
129,33,0
130,33,0
131,33,0
132,33,0
133,33,0
134,33,0
135,33,0
136,33,0
137,33,0
138,33,0
139,33,0
140,33,0
141,33,0
142,33,0
143,33,0
144,33,0
145,33,0
146,33,0
147,33,0
148,33,0
149,33,0
150,33,0
151,33,0
152,33,0
153,33,0
154,33,0
155,33,0
156,33,0
157,33,0
158,33,0
159,33,0
160,33,0
161,33,0
162,33,0
163,33,0
164,33,0
165,33,0
166,33,0
167,33,0
168,33,0
169,33,0
170,33,0
171,33,0
172,33,0
173,33,0
174,33,0
175,33,0
176,33,0
177,33,0
178,33,0
179,33,0
180,33,0
181,33,0
182,33,0
183,33,0
184,33,0
185,33,0
186,33,0
187,33,0
188,33,0
189,33,0
190,33,0
191,33,0
192,33,0
193,33,0
194,33,0
195,33,0
196,33,0
197,33,0
198,33,0
199,33,0
200,33,0
201,33,0
202,33,0
203,33,0
204,33,0
205,33,0
206,33,0
207,33,0
208,33,0
209,33,0
210,33,0
211,33,0
212,33,0
213,33,0
214,33,0
215,33,0
216,33,0
217,33,0
218,33,0
219,33,0
220,33,0
221,33,0
222,33,0
223,33,0
224,33,0
225,33,0
226,33,0
227,33,0
228,33,0
229,33,0
230,33,0
231,33,0
232,33,0
233,33,0
234,33,0
235,33,0
236,33,0
237,33,0
238,33,0
239,33,0
240,33,0
241,33,0
242,33,0
243,33,0
244,33,0
245,33,0
246,33,0
247,33,0
248,33,0
249,33,0
250,33,0
251,33,0
252,33,0
253,33,0
254,33,0
255,33,0
256,33,0
257,33,0
258,33,0
259,33,0
260,33,0
261,33,0
262,33,0
263,33,0
264,33,0
265,33,0
266,33,0
267,33,0
268,33,0
269,33,0
270,33,0
271,33,0
272,33,0
273,33,0
274,33,0
275,33,0
276,33,0
277,33,0
278,33,0
279,33,0
280,33,0
281,33,0
282,33,0
283,33,0
284,33,0
285,33,0
286,33,0
287,33,0
288,33,0
289,33,0
290,33,0
291,33,0
292,33,0
293,33,0
294,33,0
295,33,0
296,33,0
297,33,0
298,33,0
299,33,0
300,33,0
301,33,0
302,33,0
303,33,0
304,33,0
305,33,0
306,33,0
307,33,0
308,33,0
309,33,0
310,33,0
311,33,0
312,33,0
313,33,0
314,33,0
315,33,0
316,33,0
317,33,0
318,33,0
319,33,0
320,33,0
321,33,0
322,33,0
323,33,0
324,33,0
325,33,0
326,33,0
327,33,0
328,33,0
329,33,0
330,33,0
331,33,0
332,33,0
333,33,0
334,33,0
335,33,0
336,33,0
337,33,0
338,33,0
339,33,0
340,33,0
341,33,0
342,33,0
343,33,0
344,33,0
345,33,0
346,33,0
347,33,0
348,33,0
349,33,0
350,33,0
351,33,0
352,33,0
353,33,0
354,33,0
355,33,0
356,33,0
357,33,0
358,33,0
359,33,0
360,33,0
361,33,0
362,33,0
363,33,0
364,33,0
365,33,0
366,33,0
367,33,0
368,33,0
369,33,0
370,33,0
371,33,0
372,33,0
373,33,0
374,33,0
375,33,0
376,33,0
377,33,0
378,33,0
379,33,0
380,33,0
381,33,0
382,33,0
383,33,0
384,33,0
385,33,0
386,33,0
387,33,0
388,33,0
389,33,0
390,33,0
1,32,0
2,32,0
3,32,0
4,32,0
5,32,0
6,32,0
7,32,0
8,32,0
9,32,0
10,32,0
11,32,0
12,32,0
13,32,0
14,32,0
15,32,0
16,32,0
17,32,0
18,32,0
19,32,0
20,32,0
21,32,0
22,32,0
23,32,0
24,32,0
25,32,0
26,32,0
27,32,0
28,32,0
29,32,0
30,32,0
31,32,0
32,32,0
33,32,0
34,32,0
35,32,0
36,32,0
37,32,0
38,32,0
39,32,0
40,32,0
41,32,0
42,32,0
43,32,0
44,32,0
45,32,0
46,32,0
47,32,3
48,32,3
49,32,3
50,32,3
51,32,3
52,32,3
53,32,3
54,32,3
55,32,3
56,32,3
57,32,3
58,32,3
59,32,3
60,32,3
61,32,3
62,32,3
63,32,3
64,32,3
65,32,3
66,32,3
67,32,3
68,32,3
69,32,3
70,32,3
71,32,3
72,32,3
73,32,3
74,32,3
75,32,3
76,32,3
77,32,3
78,32,3
79,32,3
80,32,3
81,32,3
82,32,3
83,32,3
84,32,3
85,32,3
86,32,3
87,32,3
88,32,3
89,32,0
90,32,0
91,32,0
92,32,0
93,32,0
94,32,0
95,32,0
96,32,0
97,32,0
98,32,0
99,32,0
100,32,0
101,32,0
102,32,0
103,32,0
104,32,0
105,32,0
106,32,0
107,32,0
108,32,0
109,32,0
110,32,0
111,32,0
112,32,0
113,32,0
114,32,0
115,32,0
116,32,0
117,32,0
118,32,0
119,32,0
120,32,0
121,32,0
122,32,0
123,32,0
124,32,0
125,32,0
126,32,0
127,32,0
128,32,0
129,32,0
130,32,0
131,32,0
132,32,0
133,32,0
134,32,0
135,32,0
136,32,0
137,32,0
138,32,0
139,32,0
140,32,0
141,32,0
142,32,0
143,32,0
144,32,0
145,32,0
146,32,0
147,32,0
148,32,0
149,32,0
150,32,0
151,32,0
152,32,0
153,32,0
154,32,0
155,32,0
156,32,0
157,32,0
158,32,0
159,32,0
160,32,0
161,32,0
162,32,0
163,32,0
164,32,0
165,32,0
166,32,0
167,32,0
168,32,0
169,32,0
170,32,0
171,32,0
172,32,0
173,32,0
174,32,0
175,32,0
176,32,0
177,32,0
178,32,0
179,32,0
180,32,0
181,32,0
182,32,0
183,32,0
184,32,0
185,32,0
186,32,0
187,32,0
188,32,0
189,32,0
190,32,0
191,32,0
192,32,0
193,32,0
194,32,0
195,32,0
196,32,0
197,32,0
198,32,0
199,32,0
200,32,0
201,32,0
202,32,0
203,32,0
204,32,0
205,32,0
206,32,0
207,32,0
208,32,0
209,32,0
210,32,0
211,32,0
212,32,0
213,32,0
214,32,0
215,32,0
216,32,0
217,32,0
218,32,0
219,32,0
220,32,0
221,32,0
222,32,0
223,32,0
224,32,0
225,32,0
226,32,0
227,32,0
228,32,0
229,32,0
230,32,0
231,32,0
232,32,0
233,32,0
234,32,0
235,32,0
236,32,0
237,32,0
238,32,0
239,32,0
240,32,0
241,32,0
242,32,0
243,32,0
244,32,0
245,32,0
246,32,0
247,32,0
248,32,0
249,32,0
250,32,0
251,32,0
252,32,0
253,32,0
254,32,0
255,32,0
256,32,0
257,32,0
258,32,0
259,32,0
260,32,0
261,32,0
262,32,0
263,32,0
264,32,0
265,32,0
266,32,0
267,32,0
268,32,0
269,32,0
270,32,0
271,32,0
272,32,0
273,32,0
274,32,0
275,32,0
276,32,0
277,32,0
278,32,0
279,32,0
280,32,0
281,32,0
282,32,0
283,32,0
284,32,0
285,32,0
286,32,0
287,32,0
288,32,0
289,32,0
290,32,0
291,32,0
292,32,0
293,32,0
294,32,0
295,32,0
296,32,0
297,32,0
298,32,0
299,32,0
300,32,0
301,32,0
302,32,0
303,32,0
304,32,0
305,32,0
306,32,0
307,32,0
308,32,0
309,32,0
310,32,0
311,32,0
312,32,0
313,32,0
314,32,0
315,32,0
316,32,0
317,32,0
318,32,0
319,32,0
320,32,0
321,32,0
322,32,0
323,32,0
324,32,0
325,32,0
326,32,0
327,32,0
328,32,0
329,32,0
330,32,0
331,32,0
332,32,0
333,32,0
334,32,0
335,32,0
336,32,0
337,32,0
338,32,0
339,32,0
340,32,0
341,32,0
342,32,0
343,32,0
344,32,0
345,32,0
346,32,0
347,32,0
348,32,0
349,32,0
350,32,0
351,32,0
352,32,0
353,32,0
354,32,0
355,32,0
356,32,0
357,32,0
358,32,0
359,32,0
360,32,0
361,32,0
362,32,0
363,32,0
364,32,0
365,32,0
366,32,0
367,32,0
368,32,0
369,32,0
370,32,0
371,32,0
372,32,0
373,32,0
374,32,0
375,32,0
376,32,0
377,32,0
378,32,0
379,32,0
380,32,0
381,32,0
382,32,0
383,32,0
384,32,0
385,32,0
386,32,0
387,32,0
388,32,0
389,32,0
390,32,0
1,31,0
2,31,0
3,31,0
4,31,0
5,31,0
6,31,0
7,31,0
8,31,0
9,31,0
10,31,0
11,31,0
12,31,0
13,31,0
14,31,0
15,31,0
16,31,0
17,31,0
18,31,0
19,31,0
20,31,0
21,31,0
22,31,0
23,31,0
24,31,0
25,31,0
26,31,0
27,31,0
28,31,0
29,31,0
30,31,0
31,31,0
32,31,0
33,31,0
34,31,0
35,31,0
36,31,0
37,31,0
38,31,0
39,31,0
40,31,0
41,31,0
42,31,0
43,31,0
44,31,0
45,31,0
46,31,0
47,31,3
48,31,3
49,31,3
50,31,3
51,31,3
52,31,3
53,31,3
54,31,3
55,31,3
56,31,3
57,31,3
58,31,3
59,31,3
60,31,3
61,31,3
62,31,3
63,31,3
64,31,3
65,31,3
66,31,3
67,31,3
68,31,3
69,31,3
70,31,3
71,31,3
72,31,3
73,31,3
74,31,3
75,31,3
76,31,3
77,31,3
78,31,3
79,31,3
80,31,3
81,31,3
82,31,3
83,31,3
84,31,3
85,31,3
86,31,3
87,31,3
88,31,3
89,31,0
90,31,0
91,31,0
92,31,0
93,31,0
94,31,0
95,31,0
96,31,0
97,31,0
98,31,0
99,31,0
100,31,0
101,31,0
102,31,0
103,31,0
104,31,0
105,31,0
106,31,0
107,31,0
108,31,0
109,31,0
110,31,0
111,31,0
112,31,0
113,31,0
114,31,0
115,31,0
116,31,0
117,31,0
118,31,0
119,31,0
120,31,0
121,31,0
122,31,0
123,31,0
124,31,0
125,31,0
126,31,0
127,31,0
128,31,0
129,31,0
130,31,0
131,31,0
132,31,0
133,31,0
134,31,0
135,31,0
136,31,0
137,31,0
138,31,0
139,31,0
140,31,0
141,31,0
142,31,0
143,31,0
144,31,0
145,31,0
146,31,0
147,31,0
148,31,0
149,31,0
150,31,0
151,31,0
152,31,0
153,31,0
154,31,0
155,31,0
156,31,0
157,31,0
158,31,0
159,31,0
160,31,0
161,31,0
162,31,0
163,31,0
164,31,0
165,31,0
166,31,0
167,31,0
168,31,0
169,31,0
170,31,0
171,31,0
172,31,0
173,31,0
174,31,0
175,31,0
176,31,0
177,31,0
178,31,0
179,31,0
180,31,0
181,31,0
182,31,0
183,31,0
184,31,0
185,31,0
186,31,0
187,31,0
188,31,0
189,31,0
190,31,0
191,31,0
192,31,0
193,31,0
194,31,0
195,31,0
196,31,0
197,31,0
198,31,0
199,31,0
200,31,0
201,31,0
202,31,0
203,31,0
204,31,0
205,31,0
206,31,0
207,31,0
208,31,0
209,31,0
210,31,0
211,31,0
212,31,0
213,31,0
214,31,0
215,31,0
216,31,0
217,31,0
218,31,0
219,31,0
220,31,0
221,31,0
222,31,0
223,31,0
224,31,0
225,31,0
226,31,0
227,31,0
228,31,0
229,31,0
230,31,0
231,31,0
232,31,0
233,31,0
234,31,0
235,31,0
236,31,0
237,31,0
238,31,0
239,31,0
240,31,0
241,31,0
242,31,0
243,31,0
244,31,0
245,31,0
246,31,0
247,31,0
248,31,0
249,31,0
250,31,0
251,31,0
252,31,0
253,31,0
254,31,0
255,31,0
256,31,0
257,31,0
258,31,0
259,31,0
260,31,0
261,31,0
262,31,0
263,31,0
264,31,0
265,31,0
266,31,0
267,31,0
268,31,0
269,31,0
270,31,0
271,31,0
272,31,0
273,31,0
274,31,0
275,31,0
276,31,0
277,31,0
278,31,0
279,31,0
280,31,0
281,31,0
282,31,0
283,31,0
284,31,0
285,31,0
286,31,0
287,31,0
288,31,0
289,31,0
290,31,0
291,31,0
292,31,0
293,31,0
294,31,0
295,31,0
296,31,0
297,31,0
298,31,0
299,31,0
300,31,0
301,31,0
302,31,0
303,31,0
304,31,0
305,31,0
306,31,0
307,31,0
308,31,0
309,31,0
310,31,0
311,31,0
312,31,0
313,31,0
314,31,0
315,31,0
316,31,0
317,31,0
318,31,0
319,31,0
320,31,0
321,31,0
322,31,0
323,31,0
324,31,0
325,31,0
326,31,0
327,31,0
328,31,0
329,31,0
330,31,0
331,31,0
332,31,0
333,31,0
334,31,0
335,31,0
336,31,0
337,31,0
338,31,0
339,31,0
340,31,0
341,31,0
342,31,0
343,31,0
344,31,0
345,31,0
346,31,0
347,31,0
348,31,0
349,31,0
350,31,0
351,31,0
352,31,0
353,31,0
354,31,0
355,31,0
356,31,0
357,31,0
358,31,0
359,31,0
360,31,0
361,31,0
362,31,0
363,31,0
364,31,0
365,31,0
366,31,0
367,31,0
368,31,0
369,31,0
370,31,0
371,31,0
372,31,0
373,31,0
374,31,0
375,31,0
376,31,0
377,31,0
378,31,0
379,31,0
380,31,0
381,31,0
382,31,0
383,31,0
384,31,0
385,31,0
386,31,0
387,31,0
388,31,0
389,31,0
390,31,0
1,30,0
2,30,0
3,30,0
4,30,0
5,30,0
6,30,0
7,30,0
8,30,0
9,30,0
10,30,0
11,30,0
12,30,0
13,30,0
14,30,0
15,30,0
16,30,0
17,30,0
18,30,0
19,30,0
20,30,0
21,30,0
22,30,0
23,30,0
24,30,0
25,30,0
26,30,0
27,30,0
28,30,0
29,30,0
30,30,0
31,30,0
32,30,0
33,30,0
34,30,0
35,30,0
36,30,0
37,30,0
38,30,0
39,30,0
40,30,0
41,30,0
42,30,0
43,30,0
44,30,0
45,30,0
46,30,0
47,30,3
48,30,3
49,30,3
50,30,3
51,30,3
52,30,3
53,30,3
54,30,3
55,30,3
56,30,3
57,30,3
58,30,3
59,30,3
60,30,3
61,30,3
62,30,3
63,30,3
64,30,3
65,30,3
66,30,3
67,30,3
68,30,3
69,30,3
70,30,3
71,30,3
72,30,3
73,30,3
74,30,3
75,30,3
76,30,3
77,30,3
78,30,3
79,30,3
80,30,3
81,30,3
82,30,3
83,30,3
84,30,3
85,30,3
86,30,3
87,30,3
88,30,3
89,30,0
90,30,0
91,30,0
92,30,0
93,30,0
94,30,0
95,30,0
96,30,0
97,30,0
98,30,0
99,30,0
100,30,0
101,30,0
102,30,0
103,30,0
104,30,0
105,30,0
106,30,0
107,30,0
108,30,0
109,30,0
110,30,0
111,30,0
112,30,0
113,30,0
114,30,0
115,30,0
116,30,0
117,30,0
118,30,0
119,30,0
120,30,0
121,30,0
122,30,0
123,30,0
124,30,0
125,30,0
126,30,0
127,30,0
128,30,0
129,30,0
130,30,0
131,30,0
132,30,0
133,30,0
134,30,0
135,30,0
136,30,0
137,30,0
138,30,0
139,30,0
140,30,0
141,30,0
142,30,0
143,30,0
144,30,0
145,30,0
146,30,0
147,30,0
148,30,0
149,30,0
150,30,0
151,30,0
152,30,0
153,30,0
154,30,0
155,30,0
156,30,0
157,30,0
158,30,0
159,30,0
160,30,0
161,30,0
162,30,0
163,30,0
164,30,0
165,30,0
166,30,0
167,30,0
168,30,0
169,30,0
170,30,0
171,30,0
172,30,0
173,30,0
174,30,0
175,30,0
176,30,0
177,30,0
178,30,0
179,30,0
180,30,0
181,30,0
182,30,0
183,30,0
184,30,0
185,30,0
186,30,0
187,30,0
188,30,0
189,30,0
190,30,0
191,30,0
192,30,0
193,30,0
194,30,0
195,30,0
196,30,0
197,30,0
198,30,0
199,30,0
200,30,0
201,30,0
202,30,0
203,30,0
204,30,0
205,30,0
206,30,0
207,30,0
208,30,0
209,30,0
210,30,0
211,30,0
212,30,0
213,30,0
214,30,0
215,30,0
216,30,0
217,30,0
218,30,0
219,30,0
220,30,0
221,30,0
222,30,0
223,30,0
224,30,0
225,30,0
226,30,0
227,30,0
228,30,0
229,30,0
230,30,0
231,30,0
232,30,0
233,30,0
234,30,0
235,30,0
236,30,0
237,30,0
238,30,0
239,30,0
240,30,0
241,30,0
242,30,0
243,30,0
244,30,0
245,30,0
246,30,0
247,30,0
248,30,0
249,30,0
250,30,0
251,30,0
252,30,0
253,30,0
254,30,0
255,30,0
256,30,0
257,30,0
258,30,0
259,30,0
260,30,0
261,30,0
262,30,0
263,30,0
264,30,0
265,30,0
266,30,0
267,30,0
268,30,0
269,30,0
270,30,0
271,30,0
272,30,0
273,30,0
274,30,0
275,30,0
276,30,0
277,30,0
278,30,0
279,30,0
280,30,0
281,30,0
282,30,0
283,30,0
284,30,0
285,30,0
286,30,0
287,30,0
288,30,0
289,30,0
290,30,0
291,30,0
292,30,0
293,30,0
294,30,0
295,30,0
296,30,0
297,30,0
298,30,0
299,30,0
300,30,0
301,30,0
302,30,0
303,30,0
304,30,0
305,30,0
306,30,0
307,30,0
308,30,0
309,30,0
310,30,0
311,30,0
312,30,0
313,30,0
314,30,0
315,30,0
316,30,0
317,30,0
318,30,0
319,30,0
320,30,0
321,30,0
322,30,0
323,30,0
324,30,0
325,30,0
326,30,0
327,30,0
328,30,0
329,30,0
330,30,0
331,30,0
332,30,0
333,30,0
334,30,0
335,30,0
336,30,0
337,30,0
338,30,0
339,30,0
340,30,0
341,30,0
342,30,0
343,30,0
344,30,0
345,30,0
346,30,0
347,30,0
348,30,0
349,30,0
350,30,0
351,30,0
352,30,0
353,30,0
354,30,0
355,30,0
356,30,0
357,30,0
358,30,0
359,30,0
360,30,0
361,30,0
362,30,0
363,30,0
364,30,0
365,30,0
366,30,0
367,30,0
368,30,0
369,30,0
370,30,0
371,30,0
372,30,0
373,30,0
374,30,0
375,30,0
376,30,0
377,30,0
378,30,0
379,30,0
380,30,0
381,30,0
382,30,0
383,30,0
384,30,0
385,30,0
386,30,0
387,30,0
388,30,0
389,30,0
390,30,0
1,29,0
2,29,0
3,29,0
4,29,0
5,29,0
6,29,0
7,29,0
8,29,0
9,29,0
10,29,0
11,29,0
12,29,0
13,29,0
14,29,0
15,29,0
16,29,0
17,29,0
18,29,0
19,29,0
20,29,0
21,29,0
22,29,0
23,29,0
24,29,0
25,29,0
26,29,0
27,29,0
28,29,0
29,29,0
30,29,0
31,29,0
32,29,0
33,29,0
34,29,0
35,29,0
36,29,0
37,29,0
38,29,0
39,29,0
40,29,0
41,29,0
42,29,0
43,29,0
44,29,0
45,29,0
46,29,3
47,29,3
48,29,3
49,29,3
50,29,3
51,29,3
52,29,3
53,29,3
54,29,3
55,29,3
56,29,3
57,29,3
58,29,3
59,29,3
60,29,3
61,29,3
62,29,3
63,29,3
64,29,3
65,29,3
66,29,3
67,29,3
68,29,3
69,29,3
70,29,3
71,29,3
72,29,3
73,29,3
74,29,3
75,29,3
76,29,3
77,29,3
78,29,3
79,29,3
80,29,3
81,29,3
82,29,3
83,29,3
84,29,3
85,29,3
86,29,3
87,29,3
88,29,0
89,29,0
90,29,0
91,29,0
92,29,0
93,29,0
94,29,0
95,29,0
96,29,0
97,29,0
98,29,0
99,29,0
100,29,0
101,29,0
102,29,0
103,29,0
104,29,0
105,29,0
106,29,0
107,29,0
108,29,0
109,29,0
110,29,0
111,29,0
112,29,0
113,29,0
114,29,0
115,29,0
116,29,0
117,29,0
118,29,0
119,29,0
120,29,0
121,29,0
122,29,0
123,29,0
124,29,0
125,29,0
126,29,0
127,29,0
128,29,0
129,29,0
130,29,0
131,29,0
132,29,0
133,29,0
134,29,0
135,29,0
136,29,0
137,29,0
138,29,0
139,29,0
140,29,0
141,29,0
142,29,0
143,29,0
144,29,0
145,29,0
146,29,0
147,29,0
148,29,0
149,29,0
150,29,0
151,29,0
152,29,0
153,29,0
154,29,0
155,29,0
156,29,0
157,29,0
158,29,0
159,29,0
160,29,0
161,29,0
162,29,0
163,29,0
164,29,0
165,29,0
166,29,0
167,29,0
168,29,0
169,29,0
170,29,0
171,29,0
172,29,0
173,29,0
174,29,0
175,29,0
176,29,0
177,29,0
178,29,0
179,29,0
180,29,0
181,29,0
182,29,0
183,29,0
184,29,0
185,29,0
186,29,0
187,29,0
188,29,0
189,29,0
190,29,0
191,29,0
192,29,0
193,29,0
194,29,0
195,29,0
196,29,0
197,29,0
198,29,0
199,29,0
200,29,0
201,29,0
202,29,0
203,29,0
204,29,0
205,29,0
206,29,0
207,29,0
208,29,0
209,29,0
210,29,0
211,29,0
212,29,0
213,29,0
214,29,0
215,29,0
216,29,0
217,29,0
218,29,0
219,29,0
220,29,0
221,29,0
222,29,0
223,29,0
224,29,0
225,29,0
226,29,0
227,29,0
228,29,0
229,29,0
230,29,0
231,29,0
232,29,0
233,29,0
234,29,0
235,29,0
236,29,0
237,29,0
238,29,0
239,29,0
240,29,0
241,29,0
242,29,0
243,29,0
244,29,0
245,29,0
246,29,0
247,29,0
248,29,0
249,29,0
250,29,0
251,29,0
252,29,0
253,29,0
254,29,0
255,29,0
256,29,0
257,29,0
258,29,0
259,29,0
260,29,0
261,29,0
262,29,0
263,29,0
264,29,0
265,29,0
266,29,0
267,29,0
268,29,0
269,29,0
270,29,0
271,29,0
272,29,0
273,29,0
274,29,0
275,29,0
276,29,0
277,29,0
278,29,0
279,29,0
280,29,0
281,29,0
282,29,0
283,29,0
284,29,0
285,29,0
286,29,0
287,29,0
288,29,0
289,29,0
290,29,0
291,29,0
292,29,0
293,29,0
294,29,0
295,29,0
296,29,0
297,29,0
298,29,0
299,29,0
300,29,0
301,29,0
302,29,0
303,29,0
304,29,0
305,29,0
306,29,0
307,29,0
308,29,0
309,29,0
310,29,0
311,29,0
312,29,0
313,29,0
314,29,0
315,29,0
316,29,0
317,29,0
318,29,0
319,29,0
320,29,0
321,29,0
322,29,0
323,29,0
324,29,0
325,29,0
326,29,0
327,29,0
328,29,0
329,29,0
330,29,0
331,29,0
332,29,0
333,29,0
334,29,0
335,29,0
336,29,0
337,29,0
338,29,0
339,29,0
340,29,0
341,29,0
342,29,0
343,29,0
344,29,0
345,29,0
346,29,0
347,29,0
348,29,0
349,29,0
350,29,0
351,29,0
352,29,0
353,29,0
354,29,0
355,29,0
356,29,0
357,29,0
358,29,0
359,29,0
360,29,0
361,29,0
362,29,0
363,29,0
364,29,0
365,29,0
366,29,0
367,29,0
368,29,0
369,29,0
370,29,0
371,29,0
372,29,0
373,29,0
374,29,0
375,29,0
376,29,0
377,29,0
378,29,0
379,29,0
380,29,0
381,29,0
382,29,0
383,29,0
384,29,0
385,29,0
386,29,0
387,29,0
388,29,0
389,29,0
390,29,0
1,28,0
2,28,0
3,28,0
4,28,0
5,28,0
6,28,0
7,28,0
8,28,0
9,28,0
10,28,0
11,28,0
12,28,0
13,28,0
14,28,0
15,28,0
16,28,0
17,28,0
18,28,0
19,28,0
20,28,0
21,28,0
22,28,0
23,28,0
24,28,0
25,28,0
26,28,0
27,28,0
28,28,0
29,28,0
30,28,0
31,28,0
32,28,0
33,28,0
34,28,0
35,28,0
36,28,0
37,28,0
38,28,0
39,28,0
40,28,0
41,28,0
42,28,0
43,28,0
44,28,0
45,28,0
46,28,3
47,28,3
48,28,3
49,28,3
50,28,3
51,28,3
52,28,3
53,28,3
54,28,3
55,28,3
56,28,3
57,28,3
58,28,3
59,28,3
60,28,3
61,28,3
62,28,3
63,28,3
64,28,3
65,28,3
66,28,3
67,28,3
68,28,3
69,28,3
70,28,3
71,28,3
72,28,3
73,28,3
74,28,3
75,28,3
76,28,3
77,28,3
78,28,3
79,28,3
80,28,3
81,28,3
82,28,3
83,28,3
84,28,3
85,28,3
86,28,3
87,28,3
88,28,0
89,28,0
90,28,0
91,28,0
92,28,0
93,28,0
94,28,0
95,28,0
96,28,0
97,28,0
98,28,0
99,28,0
100,28,0
101,28,0
102,28,0
103,28,0
104,28,0
105,28,0
106,28,0
107,28,0
108,28,0
109,28,0
110,28,0
111,28,0
112,28,0
113,28,0
114,28,0
115,28,0
116,28,0
117,28,0
118,28,0
119,28,0
120,28,0
121,28,0
122,28,0
123,28,0
124,28,0
125,28,0
126,28,0
127,28,0
128,28,0
129,28,0
130,28,0
131,28,0
132,28,0
133,28,0
134,28,0
135,28,0
136,28,0
137,28,0
138,28,0
139,28,0
140,28,0
141,28,0
142,28,0
143,28,0
144,28,0
145,28,0
146,28,0
147,28,0
148,28,0
149,28,0
150,28,0
151,28,0
152,28,0
153,28,0
154,28,0
155,28,0
156,28,0
157,28,0
158,28,0
159,28,0
160,28,0
161,28,0
162,28,0
163,28,0
164,28,0
165,28,0
166,28,0
167,28,0
168,28,0
169,28,0
170,28,0
171,28,0
172,28,0
173,28,0
174,28,0
175,28,0
176,28,0
177,28,0
178,28,0
179,28,0
180,28,0
181,28,0
182,28,0
183,28,0
184,28,0
185,28,0
186,28,0
187,28,0
188,28,0
189,28,0
190,28,0
191,28,0
192,28,0
193,28,0
194,28,0
195,28,0
196,28,0
197,28,0
198,28,0
199,28,0
200,28,0
201,28,0
202,28,0
203,28,0
204,28,0
205,28,0
206,28,0
207,28,0
208,28,0
209,28,0
210,28,0
211,28,0
212,28,0
213,28,0
214,28,0
215,28,0
216,28,0
217,28,0
218,28,0
219,28,0
220,28,0
221,28,0
222,28,0
223,28,0
224,28,0
225,28,0
226,28,0
227,28,0
228,28,0
229,28,0
230,28,0
231,28,0
232,28,0
233,28,0
234,28,0
235,28,0
236,28,0
237,28,0
238,28,0
239,28,0
240,28,0
241,28,0
242,28,0
243,28,0
244,28,0
245,28,0
246,28,0
247,28,0
248,28,0
249,28,0
250,28,0
251,28,0
252,28,0
253,28,0
254,28,0
255,28,0
256,28,0
257,28,0
258,28,0
259,28,0
260,28,0
261,28,0
262,28,0
263,28,0
264,28,0
265,28,0
266,28,0
267,28,0
268,28,0
269,28,0
270,28,0
271,28,0
272,28,0
273,28,0
274,28,0
275,28,0
276,28,0
277,28,0
278,28,0
279,28,0
280,28,0
281,28,0
282,28,0
283,28,0
284,28,0
285,28,0
286,28,0
287,28,0
288,28,0
289,28,0
290,28,0
291,28,0
292,28,0
293,28,0
294,28,0
295,28,0
296,28,0
297,28,0
298,28,0
299,28,0
300,28,0
301,28,0
302,28,0
303,28,0
304,28,0
305,28,0
306,28,0
307,28,0
308,28,0
309,28,0
310,28,0
311,28,0
312,28,0
313,28,0
314,28,0
315,28,0
316,28,0
317,28,0
318,28,0
319,28,0
320,28,0
321,28,0
322,28,0
323,28,0
324,28,0
325,28,0
326,28,0
327,28,0
328,28,0
329,28,0
330,28,0
331,28,0
332,28,0
333,28,0
334,28,0
335,28,0
336,28,0
337,28,0
338,28,0
339,28,0
340,28,0
341,28,0
342,28,0
343,28,0
344,28,0
345,28,0
346,28,0
347,28,0
348,28,0
349,28,0
350,28,0
351,28,0
352,28,0
353,28,0
354,28,0
355,28,0
356,28,0
357,28,0
358,28,0
359,28,0
360,28,0
361,28,0
362,28,0
363,28,0
364,28,0
365,28,0
366,28,0
367,28,0
368,28,0
369,28,0
370,28,0
371,28,0
372,28,0
373,28,0
374,28,0
375,28,0
376,28,0
377,28,0
378,28,0
379,28,0
380,28,0
381,28,0
382,28,0
383,28,0
384,28,0
385,28,0
386,28,0
387,28,0
388,28,0
389,28,0
390,28,0
1,27,0
2,27,0
3,27,0
4,27,0
5,27,0
6,27,0
7,27,0
8,27,0
9,27,0
10,27,0
11,27,0
12,27,0
13,27,0
14,27,0
15,27,0
16,27,0
17,27,0
18,27,0
19,27,0
20,27,0
21,27,0
22,27,0
23,27,0
24,27,0
25,27,0
26,27,0
27,27,0
28,27,0
29,27,0
30,27,0
31,27,0
32,27,0
33,27,0
34,27,0
35,27,0
36,27,0
37,27,0
38,27,0
39,27,0
40,27,0
41,27,0
42,27,0
43,27,0
44,27,0
45,27,3
46,27,3
47,27,3
48,27,3
49,27,3
50,27,3
51,27,3
52,27,3
53,27,3
54,27,3
55,27,3
56,27,3
57,27,3
58,27,3
59,27,3
60,27,3
61,27,3
62,27,3
63,27,3
64,27,3
65,27,3
66,27,3
67,27,3
68,27,3
69,27,3
70,27,3
71,27,3
72,27,3
73,27,3
74,27,3
75,27,3
76,27,3
77,27,3
78,27,3
79,27,3
80,27,3
81,27,3
82,27,3
83,27,3
84,27,3
85,27,3
86,27,3
87,27,3
88,27,0
89,27,0
90,27,0
91,27,0
92,27,0
93,27,0
94,27,0
95,27,0
96,27,0
97,27,0
98,27,0
99,27,0
100,27,0
101,27,0
102,27,0
103,27,0
104,27,0
105,27,0
106,27,0
107,27,0
108,27,0
109,27,0
110,27,0
111,27,0
112,27,0
113,27,0
114,27,0
115,27,0
116,27,0
117,27,0
118,27,0
119,27,0
120,27,0
121,27,0
122,27,0
123,27,0
124,27,0
125,27,0
126,27,0
127,27,0
128,27,0
129,27,0
130,27,0
131,27,0
132,27,0
133,27,0
134,27,0
135,27,0
136,27,0
137,27,0
138,27,0
139,27,0
140,27,0
141,27,0
142,27,0
143,27,0
144,27,0
145,27,0
146,27,0
147,27,0
148,27,0
149,27,0
150,27,0
151,27,0
152,27,0
153,27,0
154,27,0
155,27,0
156,27,0
157,27,0
158,27,0
159,27,0
160,27,0
161,27,0
162,27,0
163,27,0
164,27,0
165,27,0
166,27,0
167,27,0
168,27,0
169,27,0
170,27,0
171,27,0
172,27,0
173,27,0
174,27,0
175,27,0
176,27,0
177,27,0
178,27,0
179,27,0
180,27,0
181,27,0
182,27,0
183,27,0
184,27,0
185,27,0
186,27,0
187,27,0
188,27,0
189,27,0
190,27,0
191,27,0
192,27,0
193,27,0
194,27,0
195,27,0
196,27,0
197,27,0
198,27,0
199,27,0
200,27,0
201,27,0
202,27,0
203,27,0
204,27,0
205,27,0
206,27,0
207,27,0
208,27,0
209,27,0
210,27,0
211,27,0
212,27,0
213,27,0
214,27,0
215,27,0
216,27,0
217,27,0
218,27,0
219,27,0
220,27,0
221,27,0
222,27,0
223,27,0
224,27,0
225,27,0
226,27,0
227,27,0
228,27,0
229,27,0
230,27,0
231,27,0
232,27,0
233,27,0
234,27,0
235,27,0
236,27,0
237,27,0
238,27,0
239,27,0
240,27,0
241,27,0
242,27,0
243,27,0
244,27,0
245,27,0
246,27,0
247,27,0
248,27,0
249,27,0
250,27,0
251,27,0
252,27,0
253,27,0
254,27,0
255,27,0
256,27,0
257,27,0
258,27,0
259,27,0
260,27,0
261,27,0
262,27,0
263,27,0
264,27,0
265,27,0
266,27,0
267,27,0
268,27,0
269,27,0
270,27,0
271,27,0
272,27,0
273,27,0
274,27,0
275,27,0
276,27,0
277,27,0
278,27,0
279,27,0
280,27,0
281,27,0
282,27,0
283,27,0
284,27,0
285,27,0
286,27,0
287,27,0
288,27,0
289,27,0
290,27,0
291,27,0
292,27,0
293,27,0
294,27,0
295,27,0
296,27,0
297,27,0
298,27,0
299,27,0
300,27,0
301,27,0
302,27,0
303,27,0
304,27,0
305,27,0
306,27,0
307,27,0
308,27,0
309,27,0
310,27,0
311,27,0
312,27,0
313,27,0
314,27,0
315,27,0
316,27,0
317,27,0
318,27,0
319,27,0
320,27,0
321,27,0
322,27,0
323,27,0
324,27,0
325,27,0
326,27,0
327,27,0
328,27,0
329,27,0
330,27,0
331,27,0
332,27,0
333,27,0
334,27,0
335,27,0
336,27,0
337,27,0
338,27,0
339,27,0
340,27,0
341,27,0
342,27,0
343,27,0
344,27,0
345,27,0
346,27,0
347,27,0
348,27,0
349,27,0
350,27,0
351,27,0
352,27,0
353,27,0
354,27,0
355,27,0
356,27,0
357,27,0
358,27,0
359,27,0
360,27,0
361,27,0
362,27,0
363,27,0
364,27,0
365,27,0
366,27,0
367,27,0
368,27,0
369,27,0
370,27,0
371,27,0
372,27,0
373,27,0
374,27,0
375,27,0
376,27,0
377,27,0
378,27,0
379,27,0
380,27,0
381,27,0
382,27,0
383,27,0
384,27,0
385,27,0
386,27,0
387,27,0
388,27,0
389,27,0
390,27,0
1,26,0
2,26,0
3,26,0
4,26,0
5,26,0
6,26,0
7,26,0
8,26,0
9,26,0
10,26,0
11,26,0
12,26,0
13,26,0
14,26,0
15,26,0
16,26,0
17,26,0
18,26,0
19,26,0
20,26,0
21,26,0
22,26,0
23,26,0
24,26,0
25,26,0
26,26,0
27,26,0
28,26,0
29,26,0
30,26,0
31,26,0
32,26,0
33,26,0
34,26,0
35,26,0
36,26,0
37,26,0
38,26,0
39,26,0
40,26,0
41,26,0
42,26,0
43,26,0
44,26,3
45,26,3
46,26,3
47,26,3
48,26,3
49,26,3
50,26,3
51,26,3
52,26,3
53,26,3
54,26,3
55,26,3
56,26,3
57,26,3
58,26,3
59,26,3
60,26,3
61,26,3
62,26,3
63,26,3
64,26,3
65,26,3
66,26,3
67,26,3
68,26,3
69,26,3
70,26,3
71,26,3
72,26,3
73,26,3
74,26,3
75,26,3
76,26,3
77,26,3
78,26,3
79,26,3
80,26,3
81,26,3
82,26,3
83,26,3
84,26,3
85,26,3
86,26,3
87,26,3
88,26,0
89,26,0
90,26,0
91,26,0
92,26,0
93,26,0
94,26,0
95,26,0
96,26,0
97,26,0
98,26,0
99,26,0
100,26,0
101,26,0
102,26,0
103,26,0
104,26,0
105,26,0
106,26,0
107,26,0
108,26,0
109,26,0
110,26,0
111,26,0
112,26,0
113,26,0
114,26,0
115,26,0
116,26,0
117,26,0
118,26,0
119,26,0
120,26,0
121,26,0
122,26,0
123,26,0
124,26,0
125,26,0
126,26,0
127,26,0
128,26,0
129,26,0
130,26,0
131,26,0
132,26,0
133,26,0
134,26,0
135,26,0
136,26,0
137,26,0
138,26,0
139,26,0
140,26,0
141,26,0
142,26,0
143,26,0
144,26,0
145,26,0
146,26,0
147,26,0
148,26,0
149,26,0
150,26,0
151,26,0
152,26,0
153,26,0
154,26,0
155,26,0
156,26,0
157,26,0
158,26,0
159,26,0
160,26,0
161,26,0
162,26,0
163,26,0
164,26,0
165,26,0
166,26,0
167,26,0
168,26,0
169,26,0
170,26,0
171,26,0
172,26,0
173,26,0
174,26,0
175,26,0
176,26,0
177,26,0
178,26,0
179,26,0
180,26,0
181,26,0
182,26,0
183,26,0
184,26,0
185,26,0
186,26,0
187,26,0
188,26,0
189,26,0
190,26,0
191,26,0
192,26,0
193,26,0
194,26,0
195,26,0
196,26,0
197,26,0
198,26,0
199,26,0
200,26,0
201,26,0
202,26,0
203,26,0
204,26,0
205,26,0
206,26,0
207,26,0
208,26,0
209,26,0
210,26,0
211,26,0
212,26,0
213,26,0
214,26,0
215,26,0
216,26,0
217,26,0
218,26,0
219,26,0
220,26,0
221,26,0
222,26,0
223,26,0
224,26,0
225,26,0
226,26,0
227,26,0
228,26,0
229,26,0
230,26,0
231,26,0
232,26,0
233,26,0
234,26,0
235,26,0
236,26,0
237,26,0
238,26,0
239,26,0
240,26,0
241,26,0
242,26,0
243,26,0
244,26,0
245,26,0
246,26,0
247,26,0
248,26,0
249,26,0
250,26,0
251,26,0
252,26,0
253,26,0
254,26,0
255,26,0
256,26,0
257,26,0
258,26,0
259,26,0
260,26,0
261,26,0
262,26,0
263,26,0
264,26,0
265,26,0
266,26,0
267,26,0
268,26,0
269,26,0
270,26,0
271,26,0
272,26,0
273,26,0
274,26,0
275,26,0
276,26,0
277,26,0
278,26,0
279,26,0
280,26,0
281,26,0
282,26,0
283,26,0
284,26,0
285,26,0
286,26,0
287,26,0
288,26,0
289,26,0
290,26,0
291,26,0
292,26,0
293,26,0
294,26,0
295,26,0
296,26,0
297,26,0
298,26,0
299,26,0
300,26,0
301,26,0
302,26,0
303,26,0
304,26,0
305,26,0
306,26,0
307,26,0
308,26,0
309,26,0
310,26,0
311,26,0
312,26,0
313,26,0
314,26,0
315,26,0
316,26,0
317,26,0
318,26,0
319,26,0
320,26,0
321,26,0
322,26,0
323,26,0
324,26,0
325,26,0
326,26,0
327,26,0
328,26,0
329,26,0
330,26,0
331,26,0
332,26,0
333,26,0
334,26,0
335,26,0
336,26,0
337,26,0
338,26,0
339,26,0
340,26,0
341,26,0
342,26,0
343,26,0
344,26,0
345,26,0
346,26,0
347,26,0
348,26,0
349,26,0
350,26,0
351,26,0
352,26,0
353,26,0
354,26,0
355,26,0
356,26,0
357,26,0
358,26,0
359,26,0
360,26,0
361,26,0
362,26,0
363,26,0
364,26,0
365,26,0
366,26,0
367,26,0
368,26,0
369,26,0
370,26,0
371,26,0
372,26,0
373,26,0
374,26,0
375,26,0
376,26,0
377,26,0
378,26,0
379,26,0
380,26,0
381,26,0
382,26,0
383,26,0
384,26,0
385,26,0
386,26,0
387,26,0
388,26,0
389,26,0
390,26,0
1,25,0
2,25,0
3,25,0
4,25,0
5,25,0
6,25,0
7,25,0
8,25,0
9,25,0
10,25,0
11,25,0
12,25,0
13,25,0
14,25,0
15,25,0
16,25,0
17,25,0
18,25,0
19,25,0
20,25,0
21,25,0
22,25,0
23,25,0
24,25,0
25,25,0
26,25,0
27,25,0
28,25,0
29,25,0
30,25,0
31,25,0
32,25,0
33,25,0
34,25,0
35,25,0
36,25,0
37,25,0
38,25,0
39,25,0
40,25,0
41,25,0
42,25,0
43,25,0
44,25,3
45,25,3
46,25,3
47,25,3
48,25,3
49,25,3
50,25,3
51,25,3
52,25,3
53,25,3
54,25,3
55,25,3
56,25,3
57,25,3
58,25,3
59,25,3
60,25,3
61,25,3
62,25,3
63,25,3
64,25,3
65,25,3
66,25,3
67,25,3
68,25,3
69,25,3
70,25,3
71,25,3
72,25,3
73,25,3
74,25,3
75,25,3
76,25,3
77,25,3
78,25,3
79,25,3
80,25,3
81,25,3
82,25,3
83,25,3
84,25,3
85,25,3
86,25,3
87,25,3
88,25,0
89,25,0
90,25,0
91,25,0
92,25,0
93,25,0
94,25,0
95,25,0
96,25,0
97,25,0
98,25,0
99,25,0
100,25,0
101,25,0
102,25,0
103,25,0
104,25,0
105,25,0
106,25,0
107,25,0
108,25,0
109,25,0
110,25,0
111,25,0
112,25,0
113,25,0
114,25,0
115,25,0
116,25,0
117,25,0
118,25,0
119,25,0
120,25,0
121,25,0
122,25,0
123,25,0
124,25,0
125,25,0
126,25,0
127,25,0
128,25,0
129,25,0
130,25,0
131,25,0
132,25,0
133,25,0
134,25,0
135,25,0
136,25,0
137,25,0
138,25,0
139,25,0
140,25,0
141,25,0
142,25,0
143,25,0
144,25,0
145,25,0
146,25,0
147,25,0
148,25,0
149,25,0
150,25,0
151,25,0
152,25,0
153,25,0
154,25,0
155,25,0
156,25,0
157,25,0
158,25,0
159,25,0
160,25,0
161,25,0
162,25,0
163,25,0
164,25,0
165,25,0
166,25,0
167,25,0
168,25,0
169,25,0
170,25,0
171,25,0
172,25,0
173,25,0
174,25,0
175,25,0
176,25,0
177,25,0
178,25,0
179,25,0
180,25,0
181,25,0
182,25,0
183,25,0
184,25,0
185,25,0
186,25,0
187,25,0
188,25,0
189,25,0
190,25,0
191,25,0
192,25,0
193,25,0
194,25,0
195,25,0
196,25,0
197,25,0
198,25,0
199,25,0
200,25,0
201,25,0
202,25,0
203,25,0
204,25,0
205,25,0
206,25,0
207,25,0
208,25,0
209,25,0
210,25,0
211,25,0
212,25,0
213,25,0
214,25,0
215,25,0
216,25,0
217,25,0
218,25,0
219,25,0
220,25,0
221,25,0
222,25,0
223,25,0
224,25,0
225,25,0
226,25,0
227,25,0
228,25,0
229,25,0
230,25,0
231,25,0
232,25,0
233,25,0
234,25,0
235,25,0
236,25,0
237,25,0
238,25,0
239,25,0
240,25,0
241,25,0
242,25,0
243,25,0
244,25,0
245,25,0
246,25,0
247,25,0
248,25,0
249,25,0
250,25,0
251,25,0
252,25,0
253,25,0
254,25,0
255,25,0
256,25,0
257,25,0
258,25,0
259,25,0
260,25,0
261,25,0
262,25,0
263,25,0
264,25,0
265,25,0
266,25,0
267,25,0
268,25,0
269,25,0
270,25,0
271,25,0
272,25,0
273,25,0
274,25,0
275,25,0
276,25,0
277,25,0
278,25,0
279,25,0
280,25,0
281,25,0
282,25,0
283,25,0
284,25,0
285,25,0
286,25,0
287,25,0
288,25,0
289,25,0
290,25,0
291,25,0
292,25,0
293,25,0
294,25,0
295,25,0
296,25,0
297,25,0
298,25,0
299,25,0
300,25,0
301,25,0
302,25,0
303,25,0
304,25,0
305,25,0
306,25,0
307,25,0
308,25,0
309,25,0
310,25,0
311,25,0
312,25,0
313,25,0
314,25,0
315,25,0
316,25,0
317,25,0
318,25,0
319,25,0
320,25,0
321,25,0
322,25,0
323,25,0
324,25,0
325,25,0
326,25,0
327,25,0
328,25,0
329,25,0
330,25,0
331,25,0
332,25,0
333,25,0
334,25,0
335,25,0
336,25,0
337,25,0
338,25,0
339,25,0
340,25,0
341,25,0
342,25,0
343,25,0
344,25,0
345,25,0
346,25,0
347,25,0
348,25,0
349,25,0
350,25,0
351,25,0
352,25,0
353,25,0
354,25,0
355,25,0
356,25,0
357,25,0
358,25,0
359,25,0
360,25,0
361,25,0
362,25,0
363,25,0
364,25,0
365,25,0
366,25,0
367,25,0
368,25,0
369,25,0
370,25,0
371,25,0
372,25,0
373,25,0
374,25,0
375,25,0
376,25,0
377,25,0
378,25,0
379,25,0
380,25,0
381,25,0
382,25,0
383,25,0
384,25,0
385,25,0
386,25,0
387,25,0
388,25,0
389,25,0
390,25,0
1,24,0
2,24,0
3,24,0
4,24,0
5,24,0
6,24,0
7,24,0
8,24,0
9,24,0
10,24,0
11,24,0
12,24,0
13,24,0
14,24,0
15,24,0
16,24,0
17,24,0
18,24,0
19,24,0
20,24,0
21,24,0
22,24,0
23,24,0
24,24,0
25,24,0
26,24,0
27,24,0
28,24,0
29,24,0
30,24,0
31,24,0
32,24,0
33,24,0
34,24,0
35,24,0
36,24,0
37,24,0
38,24,0
39,24,0
40,24,0
41,24,0
42,24,0
43,24,0
44,24,3
45,24,3
46,24,3
47,24,3
48,24,3
49,24,3
50,24,3
51,24,3
52,24,3
53,24,3
54,24,3
55,24,3
56,24,3
57,24,3
58,24,3
59,24,3
60,24,3
61,24,3
62,24,3
63,24,3
64,24,3
65,24,3
66,24,3
67,24,3
68,24,3
69,24,3
70,24,3
71,24,3
72,24,3
73,24,3
74,24,3
75,24,3
76,24,3
77,24,3
78,24,3
79,24,3
80,24,3
81,24,3
82,24,3
83,24,3
84,24,3
85,24,3
86,24,3
87,24,3
88,24,0
89,24,0
90,24,0
91,24,0
92,24,0
93,24,0
94,24,0
95,24,0
96,24,0
97,24,0
98,24,0
99,24,0
100,24,0
101,24,0
102,24,0
103,24,0
104,24,0
105,24,0
106,24,0
107,24,0
108,24,0
109,24,0
110,24,0
111,24,0
112,24,0
113,24,0
114,24,0
115,24,0
116,24,0
117,24,0
118,24,0
119,24,0
120,24,0
121,24,0
122,24,0
123,24,0
124,24,0
125,24,0
126,24,0
127,24,0
128,24,0
129,24,0
130,24,0
131,24,0
132,24,0
133,24,0
134,24,0
135,24,0
136,24,0
137,24,0
138,24,0
139,24,0
140,24,0
141,24,0
142,24,0
143,24,0
144,24,0
145,24,0
146,24,0
147,24,0
148,24,0
149,24,0
150,24,0
151,24,0
152,24,0
153,24,0
154,24,0
155,24,0
156,24,0
157,24,0
158,24,0
159,24,0
160,24,0
161,24,0
162,24,0
163,24,0
164,24,0
165,24,0
166,24,0
167,24,0
168,24,0
169,24,0
170,24,0
171,24,0
172,24,0
173,24,0
174,24,0
175,24,0
176,24,0
177,24,0
178,24,0
179,24,0
180,24,0
181,24,0
182,24,0
183,24,0
184,24,0
185,24,0
186,24,0
187,24,0
188,24,0
189,24,0
190,24,0
191,24,0
192,24,0
193,24,0
194,24,0
195,24,0
196,24,0
197,24,0
198,24,0
199,24,0
200,24,0
201,24,0
202,24,0
203,24,0
204,24,0
205,24,0
206,24,0
207,24,0
208,24,0
209,24,0
210,24,0
211,24,0
212,24,0
213,24,0
214,24,0
215,24,0
216,24,0
217,24,0
218,24,0
219,24,0
220,24,0
221,24,0
222,24,0
223,24,0
224,24,0
225,24,0
226,24,0
227,24,0
228,24,0
229,24,0
230,24,0
231,24,0
232,24,0
233,24,0
234,24,0
235,24,0
236,24,0
237,24,0
238,24,0
239,24,0
240,24,0
241,24,0
242,24,0
243,24,0
244,24,0
245,24,0
246,24,0
247,24,0
248,24,0
249,24,0
250,24,0
251,24,0
252,24,0
253,24,0
254,24,0
255,24,0
256,24,0
257,24,0
258,24,0
259,24,0
260,24,0
261,24,0
262,24,0
263,24,0
264,24,0
265,24,0
266,24,0
267,24,0
268,24,0
269,24,0
270,24,0
271,24,0
272,24,0
273,24,0
274,24,0
275,24,0
276,24,0
277,24,0
278,24,0
279,24,0
280,24,0
281,24,0
282,24,0
283,24,0
284,24,0
285,24,0
286,24,0
287,24,0
288,24,0
289,24,0
290,24,0
291,24,0
292,24,0
293,24,0
294,24,0
295,24,0
296,24,0
297,24,0
298,24,0
299,24,0
300,24,0
301,24,0
302,24,0
303,24,0
304,24,0
305,24,0
306,24,0
307,24,0
308,24,0
309,24,0
310,24,0
311,24,0
312,24,0
313,24,0
314,24,0
315,24,0
316,24,0
317,24,0
318,24,0
319,24,0
320,24,0
321,24,0
322,24,0
323,24,0
324,24,0
325,24,0
326,24,0
327,24,0
328,24,0
329,24,0
330,24,0
331,24,0
332,24,0
333,24,0
334,24,0
335,24,0
336,24,0
337,24,0
338,24,0
339,24,0
340,24,0
341,24,0
342,24,0
343,24,0
344,24,0
345,24,0
346,24,0
347,24,0
348,24,0
349,24,0
350,24,0
351,24,0
352,24,0
353,24,0
354,24,0
355,24,0
356,24,0
357,24,0
358,24,0
359,24,0
360,24,0
361,24,0
362,24,0
363,24,0
364,24,0
365,24,0
366,24,0
367,24,0
368,24,0
369,24,0
370,24,0
371,24,0
372,24,0
373,24,0
374,24,0
375,24,0
376,24,0
377,24,0
378,24,0
379,24,0
380,24,0
381,24,0
382,24,0
383,24,0
384,24,0
385,24,0
386,24,0
387,24,0
388,24,0
389,24,0
390,24,0
1,23,0
2,23,0
3,23,0
4,23,0
5,23,0
6,23,0
7,23,0
8,23,0
9,23,0
10,23,0
11,23,0
12,23,0
13,23,0
14,23,0
15,23,0
16,23,0
17,23,0
18,23,0
19,23,0
20,23,0
21,23,0
22,23,0
23,23,0
24,23,0
25,23,0
26,23,0
27,23,0
28,23,0
29,23,0
30,23,0
31,23,0
32,23,0
33,23,0
34,23,0
35,23,0
36,23,0
37,23,0
38,23,0
39,23,0
40,23,0
41,23,0
42,23,0
43,23,0
44,23,3
45,23,3
46,23,3
47,23,3
48,23,3
49,23,3
50,23,3
51,23,3
52,23,3
53,23,3
54,23,3
55,23,3
56,23,3
57,23,3
58,23,3
59,23,3
60,23,3
61,23,3
62,23,3
63,23,3
64,23,3
65,23,3
66,23,3
67,23,3
68,23,3
69,23,3
70,23,3
71,23,3
72,23,3
73,23,3
74,23,3
75,23,3
76,23,3
77,23,3
78,23,3
79,23,3
80,23,3
81,23,3
82,23,3
83,23,3
84,23,3
85,23,3
86,23,3
87,23,3
88,23,0
89,23,0
90,23,0
91,23,0
92,23,0
93,23,0
94,23,0
95,23,0
96,23,0
97,23,0
98,23,0
99,23,0
100,23,0
101,23,0
102,23,0
103,23,0
104,23,0
105,23,0
106,23,0
107,23,0
108,23,0
109,23,0
110,23,0
111,23,0
112,23,0
113,23,0
114,23,0
115,23,0
116,23,0
117,23,0
118,23,0
119,23,0
120,23,0
121,23,0
122,23,0
123,23,0
124,23,0
125,23,0
126,23,0
127,23,0
128,23,0
129,23,0
130,23,0
131,23,0
132,23,0
133,23,0
134,23,0
135,23,0
136,23,0
137,23,0
138,23,0
139,23,0
140,23,0
141,23,0
142,23,0
143,23,0
144,23,0
145,23,0
146,23,0
147,23,0
148,23,0
149,23,0
150,23,0
151,23,0
152,23,0
153,23,0
154,23,0
155,23,0
156,23,0
157,23,0
158,23,0
159,23,0
160,23,0
161,23,0
162,23,0
163,23,0
164,23,0
165,23,0
166,23,0
167,23,0
168,23,0
169,23,0
170,23,0
171,23,0
172,23,0
173,23,0
174,23,0
175,23,0
176,23,0
177,23,0
178,23,0
179,23,0
180,23,0
181,23,0
182,23,0
183,23,0
184,23,0
185,23,0
186,23,0
187,23,0
188,23,0
189,23,0
190,23,0
191,23,0
192,23,0
193,23,0
194,23,0
195,23,0
196,23,0
197,23,0
198,23,0
199,23,0
200,23,0
201,23,0
202,23,0
203,23,0
204,23,0
205,23,0
206,23,0
207,23,0
208,23,0
209,23,0
210,23,0
211,23,0
212,23,0
213,23,0
214,23,0
215,23,0
216,23,0
217,23,0
218,23,0
219,23,0
220,23,0
221,23,0
222,23,0
223,23,0
224,23,0
225,23,0
226,23,0
227,23,0
228,23,0
229,23,0
230,23,0
231,23,0
232,23,0
233,23,0
234,23,0
235,23,0
236,23,0
237,23,0
238,23,0
239,23,0
240,23,0
241,23,0
242,23,0
243,23,0
244,23,0
245,23,0
246,23,0
247,23,0
248,23,0
249,23,0
250,23,0
251,23,0
252,23,0
253,23,0
254,23,0
255,23,0
256,23,0
257,23,0
258,23,0
259,23,0
260,23,0
261,23,0
262,23,0
263,23,0
264,23,0
265,23,0
266,23,0
267,23,0
268,23,0
269,23,0
270,23,0
271,23,0
272,23,0
273,23,0
274,23,0
275,23,0
276,23,0
277,23,0
278,23,0
279,23,0
280,23,0
281,23,0
282,23,0
283,23,0
284,23,0
285,23,0
286,23,0
287,23,0
288,23,0
289,23,0
290,23,0
291,23,0
292,23,0
293,23,0
294,23,0
295,23,0
296,23,0
297,23,0
298,23,0
299,23,0
300,23,0
301,23,0
302,23,0
303,23,0
304,23,0
305,23,0
306,23,0
307,23,0
308,23,0
309,23,0
310,23,0
311,23,0
312,23,0
313,23,0
314,23,0
315,23,0
316,23,0
317,23,0
318,23,0
319,23,0
320,23,0
321,23,0
322,23,0
323,23,0
324,23,0
325,23,0
326,23,0
327,23,0
328,23,0
329,23,0
330,23,0
331,23,0
332,23,0
333,23,0
334,23,0
335,23,0
336,23,0
337,23,0
338,23,0
339,23,0
340,23,0
341,23,0
342,23,0
343,23,0
344,23,0
345,23,0
346,23,0
347,23,0
348,23,0
349,23,0
350,23,0
351,23,0
352,23,0
353,23,0
354,23,0
355,23,0
356,23,0
357,23,0
358,23,0
359,23,0
360,23,0
361,23,0
362,23,0
363,23,0
364,23,0
365,23,0
366,23,0
367,23,0
368,23,0
369,23,0
370,23,0
371,23,0
372,23,0
373,23,0
374,23,0
375,23,0
376,23,0
377,23,0
378,23,0
379,23,0
380,23,0
381,23,0
382,23,0
383,23,0
384,23,0
385,23,0
386,23,0
387,23,0
388,23,0
389,23,0
390,23,0
1,22,0
2,22,0
3,22,0
4,22,0
5,22,0
6,22,0
7,22,0
8,22,0
9,22,0
10,22,0
11,22,0
12,22,0
13,22,0
14,22,0
15,22,0
16,22,0
17,22,0
18,22,0
19,22,0
20,22,0
21,22,0
22,22,0
23,22,0
24,22,0
25,22,0
26,22,0
27,22,0
28,22,0
29,22,0
30,22,0
31,22,0
32,22,0
33,22,0
34,22,0
35,22,0
36,22,0
37,22,0
38,22,0
39,22,0
40,22,0
41,22,0
42,22,0
43,22,0
44,22,3
45,22,3
46,22,3
47,22,3
48,22,3
49,22,3
50,22,3
51,22,3
52,22,3
53,22,3
54,22,3
55,22,3
56,22,3
57,22,3
58,22,3
59,22,3
60,22,3
61,22,3
62,22,3
63,22,3
64,22,3
65,22,3
66,22,3
67,22,3
68,22,3
69,22,3
70,22,3
71,22,3
72,22,3
73,22,3
74,22,3
75,22,3
76,22,3
77,22,3
78,22,3
79,22,3
80,22,3
81,22,3
82,22,3
83,22,3
84,22,3
85,22,3
86,22,3
87,22,3
88,22,0
89,22,0
90,22,0
91,22,0
92,22,0
93,22,0
94,22,0
95,22,0
96,22,0
97,22,0
98,22,0
99,22,0
100,22,0
101,22,0
102,22,0
103,22,0
104,22,0
105,22,0
106,22,0
107,22,0
108,22,0
109,22,0
110,22,0
111,22,0
112,22,0
113,22,0
114,22,0
115,22,0
116,22,0
117,22,0
118,22,0
119,22,0
120,22,0
121,22,0
122,22,0
123,22,0
124,22,0
125,22,0
126,22,0
127,22,0
128,22,0
129,22,0
130,22,0
131,22,0
132,22,0
133,22,0
134,22,0
135,22,0
136,22,0
137,22,0
138,22,0
139,22,0
140,22,0
141,22,0
142,22,0
143,22,0
144,22,0
145,22,0
146,22,0
147,22,0
148,22,0
149,22,0
150,22,0
151,22,0
152,22,0
153,22,0
154,22,0
155,22,0
156,22,0
157,22,0
158,22,0
159,22,0
160,22,0
161,22,0
162,22,0
163,22,0
164,22,0
165,22,0
166,22,0
167,22,0
168,22,0
169,22,0
170,22,0
171,22,0
172,22,0
173,22,0
174,22,0
175,22,0
176,22,0
177,22,0
178,22,0
179,22,0
180,22,0
181,22,0
182,22,0
183,22,0
184,22,0
185,22,0
186,22,0
187,22,0
188,22,0
189,22,0
190,22,0
191,22,0
192,22,0
193,22,0
194,22,0
195,22,0
196,22,0
197,22,0
198,22,0
199,22,0
200,22,0
201,22,0
202,22,0
203,22,0
204,22,0
205,22,0
206,22,0
207,22,0
208,22,0
209,22,0
210,22,0
211,22,0
212,22,0
213,22,0
214,22,0
215,22,0
216,22,0
217,22,0
218,22,0
219,22,0
220,22,0
221,22,0
222,22,0
223,22,0
224,22,0
225,22,0
226,22,0
227,22,0
228,22,0
229,22,0
230,22,0
231,22,0
232,22,0
233,22,0
234,22,0
235,22,0
236,22,0
237,22,0
238,22,0
239,22,0
240,22,0
241,22,0
242,22,0
243,22,0
244,22,0
245,22,0
246,22,0
247,22,0
248,22,0
249,22,0
250,22,0
251,22,0
252,22,0
253,22,0
254,22,0
255,22,0
256,22,0
257,22,0
258,22,0
259,22,0
260,22,0
261,22,0
262,22,0
263,22,0
264,22,0
265,22,0
266,22,0
267,22,0
268,22,0
269,22,0
270,22,0
271,22,0
272,22,0
273,22,0
274,22,0
275,22,0
276,22,0
277,22,0
278,22,0
279,22,0
280,22,0
281,22,0
282,22,0
283,22,0
284,22,0
285,22,0
286,22,0
287,22,0
288,22,0
289,22,0
290,22,0
291,22,0
292,22,0
293,22,0
294,22,0
295,22,0
296,22,0
297,22,0
298,22,0
299,22,0
300,22,0
301,22,0
302,22,0
303,22,0
304,22,0
305,22,0
306,22,0
307,22,0
308,22,0
309,22,0
310,22,0
311,22,0
312,22,0
313,22,0
314,22,0
315,22,0
316,22,0
317,22,0
318,22,0
319,22,0
320,22,0
321,22,0
322,22,0
323,22,0
324,22,0
325,22,0
326,22,0
327,22,0
328,22,0
329,22,0
330,22,0
331,22,0
332,22,0
333,22,0
334,22,0
335,22,0
336,22,0
337,22,0
338,22,0
339,22,0
340,22,0
341,22,0
342,22,0
343,22,0
344,22,0
345,22,0
346,22,0
347,22,0
348,22,0
349,22,0
350,22,0
351,22,0
352,22,0
353,22,0
354,22,0
355,22,0
356,22,0
357,22,0
358,22,0
359,22,0
360,22,0
361,22,0
362,22,0
363,22,0
364,22,0
365,22,0
366,22,0
367,22,0
368,22,0
369,22,0
370,22,0
371,22,0
372,22,0
373,22,0
374,22,0
375,22,0
376,22,0
377,22,0
378,22,0
379,22,0
380,22,0
381,22,0
382,22,0
383,22,0
384,22,0
385,22,0
386,22,0
387,22,0
388,22,0
389,22,0
390,22,0
1,21,0
2,21,0
3,21,0
4,21,0
5,21,0
6,21,0
7,21,0
8,21,0
9,21,0
10,21,0
11,21,0
12,21,0
13,21,0
14,21,0
15,21,0
16,21,0
17,21,0
18,21,0
19,21,0
20,21,0
21,21,0
22,21,0
23,21,0
24,21,0
25,21,0
26,21,0
27,21,0
28,21,0
29,21,0
30,21,0
31,21,0
32,21,0
33,21,0
34,21,0
35,21,0
36,21,0
37,21,0
38,21,0
39,21,0
40,21,0
41,21,0
42,21,0
43,21,0
44,21,3
45,21,3
46,21,3
47,21,3
48,21,3
49,21,3
50,21,3
51,21,3
52,21,3
53,21,3
54,21,3
55,21,3
56,21,3
57,21,3
58,21,3
59,21,3
60,21,3
61,21,3
62,21,3
63,21,3
64,21,3
65,21,3
66,21,3
67,21,3
68,21,3
69,21,3
70,21,3
71,21,3
72,21,3
73,21,3
74,21,3
75,21,3
76,21,3
77,21,3
78,21,3
79,21,3
80,21,3
81,21,3
82,21,3
83,21,3
84,21,3
85,21,3
86,21,3
87,21,3
88,21,0
89,21,0
90,21,0
91,21,0
92,21,0
93,21,0
94,21,0
95,21,0
96,21,0
97,21,0
98,21,0
99,21,0
100,21,0
101,21,0
102,21,0
103,21,0
104,21,0
105,21,0
106,21,0
107,21,0
108,21,0
109,21,0
110,21,0
111,21,0
112,21,0
113,21,0
114,21,0
115,21,0
116,21,0
117,21,0
118,21,0
119,21,0
120,21,0
121,21,0
122,21,0
123,21,0
124,21,0
125,21,0
126,21,0
127,21,0
128,21,0
129,21,0
130,21,0
131,21,0
132,21,0
133,21,0
134,21,0
135,21,0
136,21,0
137,21,0
138,21,0
139,21,0
140,21,0
141,21,0
142,21,0
143,21,0
144,21,0
145,21,0
146,21,0
147,21,0
148,21,0
149,21,0
150,21,0
151,21,0
152,21,0
153,21,0
154,21,0
155,21,0
156,21,0
157,21,0
158,21,0
159,21,0
160,21,0
161,21,0
162,21,0
163,21,0
164,21,0
165,21,0
166,21,0
167,21,0
168,21,0
169,21,0
170,21,0
171,21,0
172,21,0
173,21,0
174,21,0
175,21,0
176,21,0
177,21,0
178,21,0
179,21,0
180,21,0
181,21,0
182,21,0
183,21,0
184,21,0
185,21,0
186,21,0
187,21,0
188,21,0
189,21,0
190,21,0
191,21,0
192,21,0
193,21,0
194,21,0
195,21,0
196,21,0
197,21,0
198,21,0
199,21,0
200,21,0
201,21,0
202,21,0
203,21,0
204,21,0
205,21,0
206,21,0
207,21,0
208,21,0
209,21,0
210,21,0
211,21,0
212,21,0
213,21,0
214,21,0
215,21,0
216,21,0
217,21,0
218,21,0
219,21,0
220,21,0
221,21,0
222,21,0
223,21,0
224,21,0
225,21,0
226,21,0
227,21,0
228,21,0
229,21,0
230,21,0
231,21,0
232,21,0
233,21,0
234,21,0
235,21,0
236,21,0
237,21,0
238,21,0
239,21,0
240,21,0
241,21,0
242,21,0
243,21,0
244,21,0
245,21,0
246,21,0
247,21,0
248,21,0
249,21,0
250,21,0
251,21,0
252,21,0
253,21,0
254,21,0
255,21,0
256,21,0
257,21,0
258,21,0
259,21,0
260,21,0
261,21,0
262,21,0
263,21,0
264,21,0
265,21,0
266,21,0
267,21,0
268,21,0
269,21,0
270,21,0
271,21,0
272,21,0
273,21,0
274,21,0
275,21,0
276,21,0
277,21,0
278,21,0
279,21,0
280,21,0
281,21,0
282,21,0
283,21,0
284,21,0
285,21,0
286,21,0
287,21,0
288,21,0
289,21,0
290,21,0
291,21,0
292,21,0
293,21,0
294,21,0
295,21,0
296,21,0
297,21,0
298,21,0
299,21,0
300,21,0
301,21,0
302,21,0
303,21,0
304,21,0
305,21,0
306,21,0
307,21,0
308,21,0
309,21,0
310,21,0
311,21,0
312,21,0
313,21,0
314,21,0
315,21,0
316,21,0
317,21,0
318,21,0
319,21,0
320,21,0
321,21,0
322,21,0
323,21,0
324,21,0
325,21,0
326,21,0
327,21,0
328,21,0
329,21,0
330,21,0
331,21,0
332,21,0
333,21,0
334,21,0
335,21,0
336,21,0
337,21,0
338,21,0
339,21,0
340,21,0
341,21,0
342,21,0
343,21,0
344,21,0
345,21,0
346,21,0
347,21,0
348,21,0
349,21,0
350,21,0
351,21,0
352,21,0
353,21,0
354,21,0
355,21,0
356,21,0
357,21,0
358,21,0
359,21,0
360,21,0
361,21,0
362,21,0
363,21,0
364,21,0
365,21,0
366,21,0
367,21,0
368,21,0
369,21,0
370,21,0
371,21,0
372,21,0
373,21,0
374,21,0
375,21,0
376,21,0
377,21,0
378,21,0
379,21,0
380,21,0
381,21,0
382,21,0
383,21,0
384,21,0
385,21,0
386,21,0
387,21,0
388,21,0
389,21,0
390,21,0
1,20,0
2,20,0
3,20,0
4,20,0
5,20,0
6,20,0
7,20,0
8,20,0
9,20,0
10,20,0
11,20,0
12,20,0
13,20,0
14,20,0
15,20,0
16,20,0
17,20,0
18,20,0
19,20,0
20,20,0
21,20,0
22,20,0
23,20,0
24,20,0
25,20,0
26,20,0
27,20,0
28,20,0
29,20,0
30,20,0
31,20,0
32,20,0
33,20,0
34,20,0
35,20,0
36,20,0
37,20,0
38,20,0
39,20,0
40,20,0
41,20,0
42,20,0
43,20,0
44,20,3
45,20,3
46,20,3
47,20,3
48,20,3
49,20,3
50,20,3
51,20,3
52,20,3
53,20,3
54,20,3
55,20,3
56,20,3
57,20,3
58,20,3
59,20,3
60,20,3
61,20,3
62,20,3
63,20,3
64,20,3
65,20,3
66,20,3
67,20,3
68,20,3
69,20,3
70,20,3
71,20,3
72,20,3
73,20,3
74,20,3
75,20,3
76,20,3
77,20,3
78,20,3
79,20,3
80,20,3
81,20,3
82,20,3
83,20,3
84,20,3
85,20,3
86,20,3
87,20,3
88,20,0
89,20,0
90,20,0
91,20,0
92,20,0
93,20,0
94,20,0
95,20,0
96,20,0
97,20,0
98,20,0
99,20,0
100,20,0
101,20,0
102,20,0
103,20,0
104,20,0
105,20,0
106,20,0
107,20,0
108,20,0
109,20,0
110,20,0
111,20,0
112,20,0
113,20,0
114,20,0
115,20,0
116,20,0
117,20,0
118,20,0
119,20,0
120,20,0
121,20,0
122,20,0
123,20,0
124,20,0
125,20,0
126,20,0
127,20,0
128,20,0
129,20,0
130,20,0
131,20,0
132,20,0
133,20,0
134,20,0
135,20,0
136,20,0
137,20,0
138,20,0
139,20,0
140,20,0
141,20,0
142,20,0
143,20,0
144,20,0
145,20,0
146,20,0
147,20,0
148,20,0
149,20,0
150,20,0
151,20,0
152,20,0
153,20,0
154,20,0
155,20,0
156,20,0
157,20,0
158,20,0
159,20,0
160,20,0
161,20,0
162,20,0
163,20,0
164,20,0
165,20,0
166,20,0
167,20,0
168,20,0
169,20,0
170,20,0
171,20,0
172,20,0
173,20,0
174,20,0
175,20,0
176,20,0
177,20,0
178,20,0
179,20,0
180,20,0
181,20,0
182,20,0
183,20,0
184,20,0
185,20,0
186,20,0
187,20,0
188,20,0
189,20,0
190,20,0
191,20,0
192,20,0
193,20,0
194,20,0
195,20,0
196,20,0
197,20,0
198,20,0
199,20,0
200,20,0
201,20,0
202,20,0
203,20,0
204,20,0
205,20,0
206,20,0
207,20,0
208,20,0
209,20,0
210,20,0
211,20,0
212,20,0
213,20,0
214,20,0
215,20,0
216,20,0
217,20,0
218,20,0
219,20,0
220,20,0
221,20,0
222,20,0
223,20,0
224,20,0
225,20,0
226,20,0
227,20,0
228,20,0
229,20,0
230,20,0
231,20,0
232,20,0
233,20,0
234,20,0
235,20,0
236,20,0
237,20,0
238,20,0
239,20,0
240,20,0
241,20,0
242,20,0
243,20,0
244,20,0
245,20,0
246,20,0
247,20,0
248,20,0
249,20,0
250,20,0
251,20,0
252,20,0
253,20,0
254,20,0
255,20,0
256,20,0
257,20,0
258,20,0
259,20,0
260,20,0
261,20,0
262,20,0
263,20,0
264,20,0
265,20,0
266,20,0
267,20,0
268,20,0
269,20,0
270,20,0
271,20,0
272,20,0
273,20,0
274,20,0
275,20,0
276,20,0
277,20,0
278,20,0
279,20,0
280,20,0
281,20,0
282,20,0
283,20,0
284,20,0
285,20,0
286,20,0
287,20,0
288,20,0
289,20,0
290,20,0
291,20,0
292,20,0
293,20,0
294,20,0
295,20,0
296,20,0
297,20,0
298,20,0
299,20,0
300,20,0
301,20,0
302,20,0
303,20,0
304,20,0
305,20,0
306,20,0
307,20,0
308,20,0
309,20,0
310,20,0
311,20,0
312,20,0
313,20,0
314,20,0
315,20,0
316,20,0
317,20,0
318,20,0
319,20,0
320,20,0
321,20,0
322,20,0
323,20,0
324,20,0
325,20,0
326,20,0
327,20,0
328,20,0
329,20,0
330,20,0
331,20,0
332,20,0
333,20,0
334,20,0
335,20,0
336,20,0
337,20,0
338,20,0
339,20,0
340,20,0
341,20,0
342,20,0
343,20,0
344,20,0
345,20,0
346,20,0
347,20,0
348,20,0
349,20,0
350,20,0
351,20,0
352,20,0
353,20,0
354,20,0
355,20,0
356,20,0
357,20,0
358,20,0
359,20,0
360,20,0
361,20,0
362,20,0
363,20,0
364,20,0
365,20,0
366,20,0
367,20,0
368,20,0
369,20,0
370,20,0
371,20,0
372,20,0
373,20,0
374,20,0
375,20,0
376,20,0
377,20,0
378,20,0
379,20,0
380,20,0
381,20,0
382,20,0
383,20,0
384,20,0
385,20,0
386,20,0
387,20,0
388,20,0
389,20,0
390,20,0
1,19,0
2,19,0
3,19,0
4,19,0
5,19,0
6,19,0
7,19,0
8,19,0
9,19,0
10,19,0
11,19,0
12,19,0
13,19,0
14,19,0
15,19,0
16,19,0
17,19,0
18,19,0
19,19,0
20,19,0
21,19,0
22,19,0
23,19,0
24,19,0
25,19,0
26,19,0
27,19,0
28,19,0
29,19,0
30,19,0
31,19,0
32,19,0
33,19,0
34,19,0
35,19,0
36,19,0
37,19,0
38,19,0
39,19,0
40,19,0
41,19,0
42,19,0
43,19,3
44,19,3
45,19,3
46,19,3
47,19,3
48,19,3
49,19,3
50,19,3
51,19,3
52,19,3
53,19,3
54,19,3
55,19,3
56,19,3
57,19,3
58,19,3
59,19,3
60,19,3
61,19,3
62,19,3
63,19,3
64,19,3
65,19,3
66,19,3
67,19,3
68,19,3
69,19,3
70,19,3
71,19,3
72,19,3
73,19,3
74,19,3
75,19,3
76,19,3
77,19,3
78,19,3
79,19,3
80,19,3
81,19,3
82,19,3
83,19,3
84,19,3
85,19,3
86,19,3
87,19,3
88,19,3
89,19,0
90,19,0
91,19,0
92,19,0
93,19,0
94,19,0
95,19,0
96,19,0
97,19,0
98,19,0
99,19,0
100,19,0
101,19,0
102,19,0
103,19,0
104,19,0
105,19,0
106,19,0
107,19,0
108,19,0
109,19,0
110,19,0
111,19,0
112,19,0
113,19,0
114,19,0
115,19,0
116,19,0
117,19,0
118,19,0
119,19,0
120,19,0
121,19,0
122,19,0
123,19,0
124,19,0
125,19,0
126,19,0
127,19,0
128,19,0
129,19,0
130,19,0
131,19,0
132,19,0
133,19,0
134,19,0
135,19,0
136,19,0
137,19,0
138,19,0
139,19,0
140,19,0
141,19,0
142,19,0
143,19,0
144,19,0
145,19,0
146,19,0
147,19,0
148,19,0
149,19,0
150,19,0
151,19,0
152,19,0
153,19,0
154,19,0
155,19,0
156,19,0
157,19,0
158,19,0
159,19,0
160,19,0
161,19,0
162,19,0
163,19,0
164,19,0
165,19,0
166,19,0
167,19,0
168,19,0
169,19,0
170,19,0
171,19,0
172,19,0
173,19,0
174,19,0
175,19,0
176,19,0
177,19,0
178,19,0
179,19,0
180,19,0
181,19,0
182,19,0
183,19,0
184,19,0
185,19,0
186,19,0
187,19,0
188,19,0
189,19,0
190,19,0
191,19,0
192,19,0
193,19,0
194,19,0
195,19,0
196,19,0
197,19,0
198,19,0
199,19,0
200,19,0
201,19,0
202,19,0
203,19,0
204,19,0
205,19,0
206,19,0
207,19,0
208,19,0
209,19,0
210,19,0
211,19,0
212,19,0
213,19,0
214,19,0
215,19,0
216,19,0
217,19,0
218,19,0
219,19,0
220,19,0
221,19,0
222,19,0
223,19,0
224,19,0
225,19,0
226,19,0
227,19,0
228,19,0
229,19,0
230,19,0
231,19,0
232,19,0
233,19,0
234,19,0
235,19,0
236,19,0
237,19,0
238,19,0
239,19,0
240,19,0
241,19,0
242,19,0
243,19,0
244,19,0
245,19,0
246,19,0
247,19,0
248,19,0
249,19,0
250,19,0
251,19,0
252,19,0
253,19,0
254,19,0
255,19,0
256,19,0
257,19,0
258,19,0
259,19,0
260,19,0
261,19,0
262,19,0
263,19,0
264,19,0
265,19,0
266,19,0
267,19,0
268,19,0
269,19,0
270,19,0
271,19,0
272,19,0
273,19,0
274,19,0
275,19,0
276,19,0
277,19,0
278,19,0
279,19,0
280,19,0
281,19,0
282,19,0
283,19,0
284,19,0
285,19,0
286,19,0
287,19,0
288,19,0
289,19,0
290,19,0
291,19,0
292,19,0
293,19,0
294,19,0
295,19,0
296,19,0
297,19,0
298,19,0
299,19,0
300,19,0
301,19,0
302,19,0
303,19,0
304,19,0
305,19,0
306,19,0
307,19,0
308,19,0
309,19,0
310,19,0
311,19,0
312,19,0
313,19,0
314,19,0
315,19,0
316,19,0
317,19,0
318,19,0
319,19,0
320,19,0
321,19,0
322,19,0
323,19,0
324,19,0
325,19,0
326,19,0
327,19,0
328,19,0
329,19,0
330,19,0
331,19,0
332,19,0
333,19,0
334,19,0
335,19,0
336,19,0
337,19,0
338,19,0
339,19,0
340,19,0
341,19,0
342,19,0
343,19,0
344,19,0
345,19,0
346,19,0
347,19,0
348,19,0
349,19,0
350,19,0
351,19,0
352,19,0
353,19,0
354,19,0
355,19,0
356,19,0
357,19,0
358,19,0
359,19,0
360,19,0
361,19,0
362,19,0
363,19,0
364,19,0
365,19,0
366,19,0
367,19,0
368,19,0
369,19,0
370,19,0
371,19,0
372,19,0
373,19,0
374,19,0
375,19,0
376,19,0
377,19,0
378,19,0
379,19,0
380,19,0
381,19,0
382,19,0
383,19,0
384,19,0
385,19,0
386,19,0
387,19,0
388,19,0
389,19,0
390,19,0
1,18,0
2,18,0
3,18,0
4,18,0
5,18,0
6,18,0
7,18,0
8,18,0
9,18,0
10,18,0
11,18,0
12,18,0
13,18,0
14,18,0
15,18,0
16,18,0
17,18,0
18,18,0
19,18,0
20,18,0
21,18,0
22,18,0
23,18,0
24,18,0
25,18,0
26,18,0
27,18,0
28,18,0
29,18,0
30,18,0
31,18,0
32,18,0
33,18,0
34,18,0
35,18,0
36,18,0
37,18,0
38,18,0
39,18,0
40,18,0
41,18,0
42,18,3
43,18,3
44,18,3
45,18,3
46,18,3
47,18,3
48,18,3
49,18,3
50,18,3
51,18,3
52,18,3
53,18,3
54,18,3
55,18,3
56,18,3
57,18,3
58,18,3
59,18,3
60,18,3
61,18,3
62,18,3
63,18,3
64,18,3
65,18,3
66,18,3
67,18,3
68,18,3
69,18,3
70,18,3
71,18,3
72,18,3
73,18,3
74,18,3
75,18,3
76,18,3
77,18,3
78,18,3
79,18,3
80,18,3
81,18,3
82,18,3
83,18,3
84,18,3
85,18,3
86,18,3
87,18,3
88,18,3
89,18,3
90,18,0
91,18,0
92,18,0
93,18,0
94,18,0
95,18,0
96,18,0
97,18,0
98,18,0
99,18,0
100,18,0
101,18,0
102,18,0
103,18,0
104,18,0
105,18,0
106,18,0
107,18,0
108,18,0
109,18,0
110,18,0
111,18,0
112,18,0
113,18,0
114,18,0
115,18,0
116,18,0
117,18,0
118,18,0
119,18,0
120,18,0
121,18,0
122,18,0
123,18,0
124,18,0
125,18,0
126,18,0
127,18,0
128,18,0
129,18,0
130,18,0
131,18,0
132,18,0
133,18,0
134,18,0
135,18,0
136,18,0
137,18,0
138,18,0
139,18,0
140,18,0
141,18,0
142,18,0
143,18,0
144,18,0
145,18,0
146,18,0
147,18,0
148,18,0
149,18,0
150,18,0
151,18,0
152,18,0
153,18,0
154,18,0
155,18,0
156,18,0
157,18,0
158,18,0
159,18,0
160,18,0
161,18,0
162,18,0
163,18,0
164,18,0
165,18,0
166,18,0
167,18,0
168,18,0
169,18,0
170,18,0
171,18,0
172,18,0
173,18,0
174,18,0
175,18,0
176,18,0
177,18,0
178,18,0
179,18,0
180,18,0
181,18,0
182,18,0
183,18,0
184,18,0
185,18,0
186,18,0
187,18,0
188,18,0
189,18,0
190,18,0
191,18,0
192,18,0
193,18,0
194,18,0
195,18,0
196,18,0
197,18,0
198,18,0
199,18,0
200,18,0
201,18,0
202,18,0
203,18,0
204,18,0
205,18,0
206,18,0
207,18,0
208,18,0
209,18,0
210,18,0
211,18,0
212,18,0
213,18,0
214,18,0
215,18,0
216,18,0
217,18,0
218,18,0
219,18,0
220,18,0
221,18,0
222,18,0
223,18,0
224,18,0
225,18,0
226,18,0
227,18,0
228,18,0
229,18,0
230,18,0
231,18,0
232,18,0
233,18,0
234,18,0
235,18,0
236,18,0
237,18,0
238,18,0
239,18,0
240,18,0
241,18,0
242,18,0
243,18,0
244,18,0
245,18,0
246,18,0
247,18,0
248,18,0
249,18,0
250,18,0
251,18,0
252,18,0
253,18,0
254,18,0
255,18,0
256,18,0
257,18,0
258,18,0
259,18,0
260,18,0
261,18,0
262,18,0
263,18,0
264,18,0
265,18,0
266,18,0
267,18,0
268,18,0
269,18,0
270,18,0
271,18,0
272,18,0
273,18,0
274,18,0
275,18,0
276,18,0
277,18,0
278,18,0
279,18,0
280,18,0
281,18,0
282,18,0
283,18,0
284,18,0
285,18,0
286,18,0
287,18,0
288,18,0
289,18,0
290,18,0
291,18,0
292,18,0
293,18,0
294,18,0
295,18,0
296,18,0
297,18,0
298,18,0
299,18,0
300,18,0
301,18,0
302,18,0
303,18,0
304,18,0
305,18,0
306,18,0
307,18,0
308,18,0
309,18,0
310,18,0
311,18,0
312,18,0
313,18,0
314,18,0
315,18,0
316,18,0
317,18,0
318,18,0
319,18,0
320,18,0
321,18,0
322,18,0
323,18,0
324,18,0
325,18,0
326,18,0
327,18,0
328,18,0
329,18,0
330,18,0
331,18,0
332,18,0
333,18,0
334,18,0
335,18,0
336,18,0
337,18,0
338,18,0
339,18,0
340,18,0
341,18,0
342,18,0
343,18,0
344,18,0
345,18,0
346,18,0
347,18,0
348,18,0
349,18,0
350,18,0
351,18,0
352,18,0
353,18,0
354,18,0
355,18,0
356,18,0
357,18,0
358,18,0
359,18,0
360,18,0
361,18,0
362,18,0
363,18,0
364,18,0
365,18,0
366,18,0
367,18,0
368,18,0
369,18,0
370,18,0
371,18,0
372,18,0
373,18,0
374,18,0
375,18,0
376,18,0
377,18,0
378,18,0
379,18,0
380,18,0
381,18,0
382,18,0
383,18,0
384,18,0
385,18,0
386,18,0
387,18,0
388,18,0
389,18,0
390,18,0
1,17,0
2,17,0
3,17,0
4,17,0
5,17,0
6,17,0
7,17,0
8,17,0
9,17,0
10,17,0
11,17,0
12,17,0
13,17,0
14,17,0
15,17,0
16,17,0
17,17,0
18,17,0
19,17,0
20,17,0
21,17,0
22,17,0
23,17,0
24,17,0
25,17,0
26,17,0
27,17,0
28,17,0
29,17,0
30,17,0
31,17,0
32,17,0
33,17,0
34,17,0
35,17,0
36,17,0
37,17,0
38,17,0
39,17,0
40,17,3
41,17,3
42,17,3
43,17,3
44,17,3
45,17,3
46,17,3
47,17,3
48,17,3
49,17,3
50,17,3
51,17,3
52,17,3
53,17,3
54,17,3
55,17,3
56,17,3
57,17,3
58,17,3
59,17,3
60,17,3
61,17,3
62,17,3
63,17,3
64,17,3
65,17,3
66,17,3
67,17,3
68,17,3
69,17,3
70,17,3
71,17,3
72,17,3
73,17,3
74,17,3
75,17,3
76,17,3
77,17,3
78,17,3
79,17,3
80,17,3
81,17,3
82,17,3
83,17,3
84,17,3
85,17,3
86,17,3
87,17,3
88,17,3
89,17,3
90,17,0
91,17,0
92,17,0
93,17,0
94,17,0
95,17,0
96,17,0
97,17,0
98,17,0
99,17,0
100,17,0
101,17,0
102,17,0
103,17,0
104,17,0
105,17,0
106,17,0
107,17,0
108,17,0
109,17,0
110,17,0
111,17,0
112,17,0
113,17,0
114,17,0
115,17,0
116,17,0
117,17,0
118,17,0
119,17,0
120,17,0
121,17,0
122,17,0
123,17,0
124,17,0
125,17,0
126,17,0
127,17,0
128,17,0
129,17,0
130,17,0
131,17,0
132,17,0
133,17,0
134,17,0
135,17,0
136,17,0
137,17,0
138,17,0
139,17,0
140,17,0
141,17,0
142,17,0
143,17,0
144,17,0
145,17,0
146,17,0
147,17,0
148,17,0
149,17,0
150,17,0
151,17,0
152,17,0
153,17,0
154,17,0
155,17,0
156,17,0
157,17,0
158,17,0
159,17,0
160,17,0
161,17,0
162,17,0
163,17,0
164,17,0
165,17,0
166,17,0
167,17,0
168,17,0
169,17,0
170,17,0
171,17,0
172,17,0
173,17,0
174,17,0
175,17,0
176,17,0
177,17,0
178,17,0
179,17,0
180,17,0
181,17,0
182,17,0
183,17,0
184,17,0
185,17,0
186,17,0
187,17,0
188,17,0
189,17,0
190,17,0
191,17,0
192,17,0
193,17,0
194,17,0
195,17,0
196,17,0
197,17,0
198,17,0
199,17,0
200,17,0
201,17,0
202,17,0
203,17,0
204,17,0
205,17,0
206,17,0
207,17,0
208,17,0
209,17,0
210,17,0
211,17,0
212,17,0
213,17,0
214,17,0
215,17,0
216,17,0
217,17,0
218,17,0
219,17,0
220,17,0
221,17,0
222,17,0
223,17,0
224,17,0
225,17,0
226,17,0
227,17,0
228,17,0
229,17,0
230,17,0
231,17,0
232,17,0
233,17,0
234,17,0
235,17,0
236,17,0
237,17,0
238,17,0
239,17,0
240,17,0
241,17,0
242,17,0
243,17,0
244,17,0
245,17,0
246,17,0
247,17,0
248,17,0
249,17,0
250,17,0
251,17,0
252,17,0
253,17,0
254,17,0
255,17,0
256,17,0
257,17,0
258,17,0
259,17,0
260,17,0
261,17,0
262,17,0
263,17,0
264,17,0
265,17,0
266,17,0
267,17,0
268,17,0
269,17,0
270,17,0
271,17,0
272,17,0
273,17,0
274,17,0
275,17,0
276,17,0
277,17,0
278,17,0
279,17,0
280,17,0
281,17,0
282,17,0
283,17,0
284,17,0
285,17,0
286,17,0
287,17,0
288,17,0
289,17,0
290,17,0
291,17,0
292,17,0
293,17,0
294,17,0
295,17,0
296,17,0
297,17,0
298,17,0
299,17,0
300,17,0
301,17,0
302,17,0
303,17,0
304,17,0
305,17,0
306,17,0
307,17,0
308,17,0
309,17,0
310,17,0
311,17,0
312,17,0
313,17,0
314,17,0
315,17,0
316,17,0
317,17,0
318,17,0
319,17,0
320,17,0
321,17,0
322,17,0
323,17,0
324,17,0
325,17,0
326,17,0
327,17,0
328,17,0
329,17,0
330,17,0
331,17,0
332,17,0
333,17,0
334,17,0
335,17,0
336,17,0
337,17,0
338,17,0
339,17,0
340,17,0
341,17,0
342,17,0
343,17,0
344,17,0
345,17,0
346,17,0
347,17,0
348,17,0
349,17,0
350,17,0
351,17,0
352,17,0
353,17,0
354,17,0
355,17,0
356,17,0
357,17,0
358,17,0
359,17,0
360,17,0
361,17,0
362,17,0
363,17,0
364,17,0
365,17,0
366,17,0
367,17,0
368,17,0
369,17,0
370,17,0
371,17,0
372,17,0
373,17,0
374,17,0
375,17,0
376,17,0
377,17,0
378,17,0
379,17,0
380,17,0
381,17,0
382,17,0
383,17,0
384,17,0
385,17,0
386,17,0
387,17,0
388,17,0
389,17,0
390,17,0
1,16,0
2,16,0
3,16,0
4,16,0
5,16,0
6,16,0
7,16,0
8,16,0
9,16,0
10,16,0
11,16,0
12,16,0
13,16,0
14,16,0
15,16,0
16,16,0
17,16,0
18,16,0
19,16,0
20,16,0
21,16,0
22,16,0
23,16,0
24,16,0
25,16,0
26,16,0
27,16,0
28,16,0
29,16,0
30,16,0
31,16,0
32,16,0
33,16,3
34,16,3
35,16,3
36,16,3
37,16,3
38,16,3
39,16,3
40,16,3
41,16,3
42,16,3
43,16,3
44,16,3
45,16,3
46,16,3
47,16,3
48,16,3
49,16,3
50,16,3
51,16,3
52,16,3
53,16,3
54,16,3
55,16,3
56,16,3
57,16,3
58,16,3
59,16,3
60,16,3
61,16,3
62,16,3
63,16,3
64,16,3
65,16,3
66,16,3
67,16,3
68,16,3
69,16,3
70,16,3
71,16,3
72,16,3
73,16,3
74,16,3
75,16,3
76,16,3
77,16,3
78,16,3
79,16,3
80,16,3
81,16,3
82,16,3
83,16,3
84,16,3
85,16,3
86,16,3
87,16,3
88,16,3
89,16,3
90,16,3
91,16,0
92,16,0
93,16,0
94,16,0
95,16,0
96,16,0
97,16,0
98,16,0
99,16,0
100,16,0
101,16,0
102,16,0
103,16,0
104,16,0
105,16,0
106,16,0
107,16,0
108,16,0
109,16,0
110,16,0
111,16,0
112,16,0
113,16,0
114,16,0
115,16,0
116,16,0
117,16,0
118,16,0
119,16,0
120,16,0
121,16,0
122,16,0
123,16,0
124,16,0
125,16,0
126,16,0
127,16,0
128,16,0
129,16,0
130,16,0
131,16,0
132,16,0
133,16,0
134,16,0
135,16,0
136,16,0
137,16,0
138,16,0
139,16,0
140,16,0
141,16,0
142,16,0
143,16,0
144,16,0
145,16,0
146,16,0
147,16,0
148,16,0
149,16,0
150,16,0
151,16,0
152,16,0
153,16,0
154,16,0
155,16,0
156,16,0
157,16,0
158,16,0
159,16,0
160,16,0
161,16,0
162,16,0
163,16,0
164,16,0
165,16,0
166,16,0
167,16,0
168,16,0
169,16,0
170,16,0
171,16,0
172,16,0
173,16,0
174,16,0
175,16,0
176,16,0
177,16,0
178,16,0
179,16,0
180,16,0
181,16,0
182,16,0
183,16,0
184,16,0
185,16,0
186,16,0
187,16,0
188,16,0
189,16,0
190,16,0
191,16,0
192,16,0
193,16,0
194,16,0
195,16,0
196,16,0
197,16,0
198,16,0
199,16,0
200,16,0
201,16,0
202,16,0
203,16,0
204,16,0
205,16,0
206,16,0
207,16,0
208,16,0
209,16,0
210,16,0
211,16,0
212,16,0
213,16,0
214,16,0
215,16,0
216,16,0
217,16,0
218,16,0
219,16,0
220,16,0
221,16,0
222,16,0
223,16,0
224,16,0
225,16,0
226,16,0
227,16,0
228,16,0
229,16,0
230,16,0
231,16,0
232,16,0
233,16,0
234,16,0
235,16,0
236,16,0
237,16,0
238,16,0
239,16,0
240,16,0
241,16,0
242,16,0
243,16,0
244,16,0
245,16,0
246,16,0
247,16,0
248,16,0
249,16,0
250,16,0
251,16,0
252,16,0
253,16,0
254,16,0
255,16,0
256,16,0
257,16,0
258,16,0
259,16,0
260,16,0
261,16,0
262,16,0
263,16,0
264,16,0
265,16,0
266,16,0
267,16,0
268,16,0
269,16,0
270,16,0
271,16,0
272,16,0
273,16,0
274,16,0
275,16,0
276,16,0
277,16,0
278,16,0
279,16,0
280,16,0
281,16,0
282,16,0
283,16,0
284,16,0
285,16,0
286,16,0
287,16,0
288,16,0
289,16,0
290,16,0
291,16,0
292,16,0
293,16,0
294,16,0
295,16,0
296,16,0
297,16,0
298,16,0
299,16,0
300,16,0
301,16,0
302,16,0
303,16,0
304,16,0
305,16,0
306,16,0
307,16,0
308,16,0
309,16,0
310,16,0
311,16,0
312,16,0
313,16,0
314,16,0
315,16,0
316,16,0
317,16,0
318,16,0
319,16,0
320,16,0
321,16,0
322,16,0
323,16,0
324,16,0
325,16,0
326,16,0
327,16,0
328,16,0
329,16,0
330,16,0
331,16,0
332,16,0
333,16,0
334,16,0
335,16,0
336,16,0
337,16,0
338,16,0
339,16,0
340,16,0
341,16,0
342,16,0
343,16,0
344,16,0
345,16,0
346,16,0
347,16,0
348,16,0
349,16,0
350,16,0
351,16,0
352,16,0
353,16,0
354,16,0
355,16,0
356,16,0
357,16,0
358,16,0
359,16,0
360,16,0
361,16,0
362,16,0
363,16,0
364,16,0
365,16,0
366,16,0
367,16,0
368,16,0
369,16,0
370,16,0
371,16,0
372,16,0
373,16,0
374,16,0
375,16,0
376,16,0
377,16,0
378,16,0
379,16,0
380,16,0
381,16,0
382,16,0
383,16,0
384,16,0
385,16,0
386,16,0
387,16,0
388,16,0
389,16,0
390,16,0
1,15,0
2,15,0
3,15,0
4,15,0
5,15,0
6,15,0
7,15,0
8,15,0
9,15,0
10,15,0
11,15,0
12,15,0
13,15,0
14,15,0
15,15,0
16,15,0
17,15,0
18,15,0
19,15,0
20,15,0
21,15,0
22,15,0
23,15,0
24,15,0
25,15,0
26,15,0
27,15,0
28,15,0
29,15,0
30,15,0
31,15,0
32,15,0
33,15,3
34,15,3
35,15,3
36,15,3
37,15,3
38,15,3
39,15,3
40,15,3
41,15,3
42,15,3
43,15,3
44,15,3
45,15,3
46,15,3
47,15,3
48,15,3
49,15,3
50,15,3
51,15,3
52,15,3
53,15,3
54,15,3
55,15,3
56,15,3
57,15,3
58,15,3
59,15,3
60,15,3
61,15,3
62,15,3
63,15,3
64,15,3
65,15,3
66,15,3
67,15,3
68,15,3
69,15,3
70,15,3
71,15,3
72,15,3
73,15,3
74,15,3
75,15,3
76,15,3
77,15,3
78,15,3
79,15,3
80,15,3
81,15,3
82,15,3
83,15,3
84,15,3
85,15,3
86,15,3
87,15,3
88,15,3
89,15,3
90,15,3
91,15,3
92,15,0
93,15,0
94,15,0
95,15,0
96,15,0
97,15,0
98,15,0
99,15,0
100,15,0
101,15,0
102,15,0
103,15,0
104,15,0
105,15,0
106,15,0
107,15,0
108,15,0
109,15,0
110,15,0
111,15,0
112,15,0
113,15,0
114,15,0
115,15,0
116,15,0
117,15,0
118,15,0
119,15,0
120,15,0
121,15,0
122,15,0
123,15,0
124,15,0
125,15,0
126,15,0
127,15,0
128,15,0
129,15,0
130,15,0
131,15,0
132,15,0
133,15,0
134,15,0
135,15,0
136,15,0
137,15,0
138,15,0
139,15,0
140,15,0
141,15,0
142,15,0
143,15,0
144,15,0
145,15,0
146,15,0
147,15,0
148,15,0
149,15,0
150,15,0
151,15,0
152,15,0
153,15,0
154,15,0
155,15,0
156,15,0
157,15,0
158,15,0
159,15,0
160,15,0
161,15,0
162,15,0
163,15,0
164,15,0
165,15,0
166,15,0
167,15,0
168,15,0
169,15,0
170,15,0
171,15,0
172,15,0
173,15,0
174,15,0
175,15,0
176,15,0
177,15,0
178,15,0
179,15,0
180,15,0
181,15,0
182,15,0
183,15,0
184,15,0
185,15,0
186,15,0
187,15,0
188,15,0
189,15,0
190,15,0
191,15,0
192,15,0
193,15,0
194,15,0
195,15,0
196,15,0
197,15,0
198,15,0
199,15,0
200,15,0
201,15,0
202,15,0
203,15,0
204,15,0
205,15,0
206,15,0
207,15,0
208,15,0
209,15,0
210,15,0
211,15,0
212,15,0
213,15,0
214,15,0
215,15,0
216,15,0
217,15,0
218,15,0
219,15,0
220,15,0
221,15,0
222,15,0
223,15,0
224,15,0
225,15,0
226,15,0
227,15,0
228,15,0
229,15,0
230,15,0
231,15,0
232,15,0
233,15,0
234,15,0
235,15,0
236,15,0
237,15,0
238,15,0
239,15,0
240,15,0
241,15,0
242,15,0
243,15,0
244,15,0
245,15,0
246,15,0
247,15,0
248,15,0
249,15,0
250,15,0
251,15,0
252,15,0
253,15,0
254,15,0
255,15,0
256,15,0
257,15,0
258,15,0
259,15,0
260,15,0
261,15,0
262,15,0
263,15,0
264,15,0
265,15,0
266,15,0
267,15,0
268,15,0
269,15,0
270,15,0
271,15,0
272,15,0
273,15,0
274,15,0
275,15,0
276,15,0
277,15,0
278,15,0
279,15,0
280,15,0
281,15,0
282,15,0
283,15,0
284,15,0
285,15,0
286,15,0
287,15,0
288,15,0
289,15,0
290,15,0
291,15,0
292,15,0
293,15,0
294,15,0
295,15,0
296,15,0
297,15,0
298,15,0
299,15,0
300,15,0
301,15,0
302,15,0
303,15,0
304,15,0
305,15,0
306,15,0
307,15,0
308,15,0
309,15,0
310,15,0
311,15,0
312,15,0
313,15,0
314,15,0
315,15,0
316,15,0
317,15,0
318,15,0
319,15,0
320,15,0
321,15,0
322,15,0
323,15,0
324,15,0
325,15,0
326,15,0
327,15,0
328,15,0
329,15,0
330,15,0
331,15,0
332,15,0
333,15,0
334,15,0
335,15,0
336,15,0
337,15,0
338,15,0
339,15,0
340,15,0
341,15,0
342,15,0
343,15,0
344,15,0
345,15,0
346,15,0
347,15,0
348,15,0
349,15,0
350,15,0
351,15,0
352,15,0
353,15,0
354,15,0
355,15,0
356,15,0
357,15,0
358,15,0
359,15,0
360,15,0
361,15,0
362,15,0
363,15,0
364,15,0
365,15,0
366,15,0
367,15,0
368,15,0
369,15,0
370,15,0
371,15,0
372,15,0
373,15,0
374,15,0
375,15,0
376,15,0
377,15,0
378,15,0
379,15,0
380,15,0
381,15,0
382,15,0
383,15,0
384,15,0
385,15,0
386,15,0
387,15,0
388,15,0
389,15,0
390,15,0
1,14,0
2,14,0
3,14,0
4,14,0
5,14,0
6,14,0
7,14,0
8,14,0
9,14,0
10,14,0
11,14,0
12,14,0
13,14,0
14,14,0
15,14,0
16,14,0
17,14,0
18,14,0
19,14,0
20,14,0
21,14,0
22,14,0
23,14,0
24,14,0
25,14,0
26,14,0
27,14,0
28,14,0
29,14,0
30,14,0
31,14,0
32,14,0
33,14,0
34,14,3
35,14,3
36,14,3
37,14,3
38,14,3
39,14,3
40,14,3
41,14,3
42,14,3
43,14,3
44,14,3
45,14,3
46,14,3
47,14,3
48,14,3
49,14,3
50,14,3
51,14,3
52,14,3
53,14,3
54,14,3
55,14,3
56,14,3
57,14,3
58,14,3
59,14,3
60,14,3
61,14,3
62,14,3
63,14,3
64,14,3
65,14,3
66,14,3
67,14,3
68,14,3
69,14,3
70,14,3
71,14,3
72,14,3
73,14,3
74,14,3
75,14,3
76,14,3
77,14,3
78,14,3
79,14,3
80,14,3
81,14,3
82,14,3
83,14,3
84,14,3
85,14,3
86,14,3
87,14,3
88,14,3
89,14,3
90,14,3
91,14,3
92,14,0
93,14,0
94,14,0
95,14,0
96,14,0
97,14,0
98,14,0
99,14,0
100,14,0
101,14,0
102,14,0
103,14,0
104,14,0
105,14,0
106,14,0
107,14,0
108,14,0
109,14,0
110,14,0
111,14,0
112,14,0
113,14,0
114,14,0
115,14,0
116,14,0
117,14,0
118,14,0
119,14,0
120,14,0
121,14,0
122,14,0
123,14,0
124,14,0
125,14,0
126,14,0
127,14,0
128,14,0
129,14,0
130,14,0
131,14,0
132,14,0
133,14,0
134,14,0
135,14,0
136,14,0
137,14,0
138,14,0
139,14,0
140,14,0
141,14,0
142,14,0
143,14,0
144,14,0
145,14,0
146,14,0
147,14,0
148,14,0
149,14,0
150,14,0
151,14,0
152,14,0
153,14,0
154,14,0
155,14,0
156,14,0
157,14,0
158,14,0
159,14,0
160,14,0
161,14,0
162,14,0
163,14,0
164,14,0
165,14,0
166,14,0
167,14,0
168,14,0
169,14,0
170,14,0
171,14,0
172,14,0
173,14,0
174,14,0
175,14,0
176,14,0
177,14,0
178,14,0
179,14,0
180,14,0
181,14,0
182,14,0
183,14,0
184,14,0
185,14,0
186,14,0
187,14,0
188,14,0
189,14,0
190,14,0
191,14,0
192,14,0
193,14,0
194,14,0
195,14,0
196,14,0
197,14,0
198,14,0
199,14,0
200,14,0
201,14,0
202,14,0
203,14,0
204,14,0
205,14,0
206,14,0
207,14,0
208,14,0
209,14,0
210,14,0
211,14,0
212,14,0
213,14,0
214,14,0
215,14,0
216,14,0
217,14,0
218,14,0
219,14,0
220,14,0
221,14,0
222,14,0
223,14,0
224,14,0
225,14,0
226,14,0
227,14,0
228,14,0
229,14,0
230,14,0
231,14,0
232,14,0
233,14,0
234,14,0
235,14,0
236,14,0
237,14,0
238,14,0
239,14,0
240,14,0
241,14,0
242,14,0
243,14,0
244,14,0
245,14,0
246,14,0
247,14,0
248,14,0
249,14,0
250,14,0
251,14,0
252,14,0
253,14,0
254,14,0
255,14,0
256,14,0
257,14,0
258,14,0
259,14,0
260,14,0
261,14,0
262,14,0
263,14,0
264,14,0
265,14,0
266,14,0
267,14,0
268,14,0
269,14,0
270,14,0
271,14,0
272,14,0
273,14,0
274,14,0
275,14,0
276,14,0
277,14,0
278,14,0
279,14,0
280,14,0
281,14,0
282,14,0
283,14,0
284,14,0
285,14,0
286,14,0
287,14,0
288,14,0
289,14,0
290,14,0
291,14,0
292,14,0
293,14,0
294,14,0
295,14,0
296,14,0
297,14,0
298,14,0
299,14,0
300,14,0
301,14,0
302,14,0
303,14,0
304,14,0
305,14,0
306,14,0
307,14,0
308,14,0
309,14,0
310,14,0
311,14,0
312,14,0
313,14,0
314,14,0
315,14,0
316,14,0
317,14,0
318,14,0
319,14,0
320,14,0
321,14,0
322,14,0
323,14,0
324,14,0
325,14,0
326,14,0
327,14,0
328,14,0
329,14,0
330,14,0
331,14,0
332,14,0
333,14,0
334,14,0
335,14,0
336,14,0
337,14,0
338,14,0
339,14,0
340,14,0
341,14,0
342,14,0
343,14,0
344,14,0
345,14,0
346,14,0
347,14,0
348,14,0
349,14,0
350,14,0
351,14,0
352,14,0
353,14,0
354,14,0
355,14,0
356,14,0
357,14,0
358,14,0
359,14,0
360,14,0
361,14,0
362,14,0
363,14,0
364,14,0
365,14,0
366,14,0
367,14,0
368,14,0
369,14,0
370,14,0
371,14,0
372,14,0
373,14,0
374,14,0
375,14,0
376,14,0
377,14,0
378,14,0
379,14,0
380,14,0
381,14,0
382,14,0
383,14,0
384,14,0
385,14,0
386,14,0
387,14,0
388,14,0
389,14,0
390,14,0
1,13,0
2,13,0
3,13,0
4,13,0
5,13,0
6,13,0
7,13,0
8,13,0
9,13,0
10,13,0
11,13,0
12,13,0
13,13,0
14,13,0
15,13,0
16,13,0
17,13,0
18,13,0
19,13,0
20,13,0
21,13,0
22,13,0
23,13,0
24,13,0
25,13,0
26,13,0
27,13,0
28,13,0
29,13,0
30,13,0
31,13,0
32,13,0
33,13,0
34,13,0
35,13,0
36,13,3
37,13,3
38,13,3
39,13,3
40,13,3
41,13,3
42,13,3
43,13,3
44,13,3
45,13,3
46,13,3
47,13,3
48,13,3
49,13,3
50,13,3
51,13,3
52,13,3
53,13,3
54,13,3
55,13,3
56,13,3
57,13,3
58,13,3
59,13,3
60,13,3
61,13,3
62,13,3
63,13,3
64,13,3
65,13,3
66,13,3
67,13,3
68,13,3
69,13,3
70,13,3
71,13,3
72,13,3
73,13,3
74,13,3
75,13,3
76,13,3
77,13,3
78,13,3
79,13,3
80,13,3
81,13,3
82,13,3
83,13,3
84,13,3
85,13,3
86,13,3
87,13,3
88,13,3
89,13,3
90,13,3
91,13,3
92,13,3
93,13,0
94,13,0
95,13,0
96,13,0
97,13,0
98,13,0
99,13,0
100,13,0
101,13,0
102,13,0
103,13,0
104,13,0
105,13,0
106,13,0
107,13,0
108,13,0
109,13,0
110,13,0
111,13,0
112,13,0
113,13,0
114,13,0
115,13,0
116,13,0
117,13,0
118,13,0
119,13,0
120,13,0
121,13,0
122,13,0
123,13,0
124,13,0
125,13,0
126,13,0
127,13,0
128,13,0
129,13,0
130,13,0
131,13,0
132,13,0
133,13,0
134,13,0
135,13,0
136,13,0
137,13,0
138,13,0
139,13,0
140,13,0
141,13,0
142,13,0
143,13,0
144,13,0
145,13,0
146,13,0
147,13,0
148,13,0
149,13,0
150,13,0
151,13,0
152,13,0
153,13,0
154,13,0
155,13,0
156,13,0
157,13,0
158,13,0
159,13,0
160,13,0
161,13,0
162,13,0
163,13,0
164,13,0
165,13,0
166,13,0
167,13,0
168,13,0
169,13,0
170,13,0
171,13,0
172,13,0
173,13,0
174,13,0
175,13,0
176,13,0
177,13,0
178,13,0
179,13,0
180,13,0
181,13,0
182,13,0
183,13,0
184,13,0
185,13,0
186,13,0
187,13,0
188,13,0
189,13,0
190,13,0
191,13,0
192,13,0
193,13,0
194,13,0
195,13,0
196,13,0
197,13,0
198,13,0
199,13,0
200,13,0
201,13,0
202,13,0
203,13,0
204,13,0
205,13,0
206,13,0
207,13,0
208,13,0
209,13,0
210,13,0
211,13,0
212,13,0
213,13,0
214,13,0
215,13,0
216,13,0
217,13,0
218,13,0
219,13,0
220,13,0
221,13,0
222,13,0
223,13,0
224,13,0
225,13,0
226,13,0
227,13,0
228,13,0
229,13,0
230,13,0
231,13,0
232,13,0
233,13,0
234,13,0
235,13,0
236,13,0
237,13,0
238,13,0
239,13,0
240,13,0
241,13,0
242,13,0
243,13,0
244,13,0
245,13,0
246,13,0
247,13,0
248,13,0
249,13,0
250,13,0
251,13,0
252,13,0
253,13,0
254,13,0
255,13,0
256,13,0
257,13,0
258,13,0
259,13,0
260,13,0
261,13,0
262,13,0
263,13,0
264,13,0
265,13,0
266,13,0
267,13,0
268,13,0
269,13,0
270,13,0
271,13,0
272,13,0
273,13,0
274,13,0
275,13,0
276,13,0
277,13,0
278,13,0
279,13,0
280,13,0
281,13,0
282,13,0
283,13,0
284,13,0
285,13,0
286,13,0
287,13,0
288,13,0
289,13,0
290,13,0
291,13,0
292,13,0
293,13,0
294,13,0
295,13,0
296,13,0
297,13,0
298,13,0
299,13,0
300,13,0
301,13,0
302,13,0
303,13,0
304,13,0
305,13,0
306,13,0
307,13,0
308,13,0
309,13,0
310,13,0
311,13,0
312,13,0
313,13,0
314,13,0
315,13,0
316,13,0
317,13,0
318,13,0
319,13,0
320,13,0
321,13,0
322,13,0
323,13,0
324,13,0
325,13,0
326,13,0
327,13,0
328,13,0
329,13,0
330,13,0
331,13,0
332,13,0
333,13,0
334,13,0
335,13,0
336,13,0
337,13,0
338,13,0
339,13,0
340,13,0
341,13,0
342,13,0
343,13,0
344,13,0
345,13,0
346,13,0
347,13,0
348,13,0
349,13,0
350,13,0
351,13,0
352,13,0
353,13,0
354,13,0
355,13,0
356,13,0
357,13,0
358,13,0
359,13,0
360,13,0
361,13,0
362,13,0
363,13,0
364,13,0
365,13,0
366,13,0
367,13,0
368,13,0
369,13,0
370,13,0
371,13,0
372,13,0
373,13,0
374,13,0
375,13,0
376,13,0
377,13,0
378,13,0
379,13,0
380,13,0
381,13,0
382,13,0
383,13,0
384,13,0
385,13,0
386,13,0
387,13,0
388,13,0
389,13,0
390,13,0
1,12,0
2,12,0
3,12,0
4,12,0
5,12,0
6,12,0
7,12,0
8,12,0
9,12,0
10,12,0
11,12,0
12,12,0
13,12,0
14,12,0
15,12,0
16,12,0
17,12,0
18,12,0
19,12,0
20,12,0
21,12,0
22,12,0
23,12,0
24,12,0
25,12,0
26,12,0
27,12,0
28,12,0
29,12,0
30,12,0
31,12,0
32,12,0
33,12,0
34,12,0
35,12,0
36,12,0
37,12,0
38,12,3
39,12,3
40,12,3
41,12,3
42,12,3
43,12,3
44,12,3
45,12,3
46,12,3
47,12,3
48,12,3
49,12,3
50,12,3
51,12,3
52,12,3
53,12,3
54,12,3
55,12,3
56,12,3
57,12,3
58,12,3
59,12,3
60,12,3
61,12,3
62,12,3
63,12,3
64,12,3
65,12,3
66,12,3
67,12,3
68,12,3
69,12,3
70,12,3
71,12,3
72,12,3
73,12,3
74,12,3
75,12,3
76,12,3
77,12,3
78,12,3
79,12,3
80,12,3
81,12,3
82,12,3
83,12,3
84,12,3
85,12,3
86,12,3
87,12,3
88,12,3
89,12,3
90,12,3
91,12,3
92,12,3
93,12,0
94,12,0
95,12,0
96,12,0
97,12,0
98,12,0
99,12,0
100,12,0
101,12,0
102,12,0
103,12,0
104,12,0
105,12,0
106,12,0
107,12,0
108,12,0
109,12,0
110,12,0
111,12,0
112,12,0
113,12,0
114,12,0
115,12,0
116,12,0
117,12,0
118,12,0
119,12,0
120,12,0
121,12,0
122,12,0
123,12,0
124,12,0
125,12,0
126,12,0
127,12,0
128,12,0
129,12,0
130,12,0
131,12,0
132,12,0
133,12,0
134,12,0
135,12,0
136,12,0
137,12,0
138,12,0
139,12,0
140,12,0
141,12,0
142,12,0
143,12,0
144,12,0
145,12,0
146,12,0
147,12,0
148,12,0
149,12,0
150,12,0
151,12,0
152,12,0
153,12,0
154,12,0
155,12,0
156,12,0
157,12,0
158,12,0
159,12,0
160,12,0
161,12,0
162,12,0
163,12,0
164,12,0
165,12,0
166,12,0
167,12,0
168,12,0
169,12,0
170,12,0
171,12,0
172,12,0
173,12,0
174,12,0
175,12,0
176,12,0
177,12,0
178,12,0
179,12,0
180,12,0
181,12,0
182,12,0
183,12,0
184,12,0
185,12,0
186,12,0
187,12,0
188,12,0
189,12,0
190,12,0
191,12,0
192,12,0
193,12,0
194,12,0
195,12,0
196,12,0
197,12,0
198,12,0
199,12,0
200,12,0
201,12,0
202,12,0
203,12,0
204,12,0
205,12,0
206,12,0
207,12,0
208,12,0
209,12,0
210,12,0
211,12,0
212,12,0
213,12,0
214,12,0
215,12,0
216,12,0
217,12,0
218,12,0
219,12,0
220,12,0
221,12,0
222,12,0
223,12,0
224,12,0
225,12,0
226,12,0
227,12,0
228,12,0
229,12,0
230,12,0
231,12,0
232,12,0
233,12,0
234,12,0
235,12,0
236,12,0
237,12,0
238,12,0
239,12,0
240,12,0
241,12,0
242,12,0
243,12,0
244,12,0
245,12,0
246,12,0
247,12,0
248,12,0
249,12,0
250,12,0
251,12,0
252,12,0
253,12,0
254,12,0
255,12,0
256,12,0
257,12,0
258,12,0
259,12,0
260,12,0
261,12,0
262,12,0
263,12,0
264,12,0
265,12,0
266,12,0
267,12,0
268,12,0
269,12,0
270,12,0
271,12,0
272,12,0
273,12,0
274,12,0
275,12,0
276,12,0
277,12,0
278,12,0
279,12,0
280,12,0
281,12,0
282,12,0
283,12,0
284,12,0
285,12,0
286,12,0
287,12,0
288,12,0
289,12,0
290,12,0
291,12,0
292,12,0
293,12,0
294,12,0
295,12,0
296,12,0
297,12,0
298,12,0
299,12,0
300,12,0
301,12,0
302,12,0
303,12,0
304,12,0
305,12,0
306,12,0
307,12,0
308,12,0
309,12,0
310,12,0
311,12,0
312,12,0
313,12,0
314,12,0
315,12,0
316,12,0
317,12,0
318,12,0
319,12,0
320,12,0
321,12,0
322,12,0
323,12,0
324,12,0
325,12,0
326,12,0
327,12,0
328,12,0
329,12,0
330,12,0
331,12,0
332,12,0
333,12,0
334,12,0
335,12,0
336,12,0
337,12,0
338,12,0
339,12,0
340,12,0
341,12,0
342,12,0
343,12,0
344,12,0
345,12,0
346,12,0
347,12,0
348,12,0
349,12,0
350,12,0
351,12,0
352,12,0
353,12,0
354,12,0
355,12,0
356,12,0
357,12,0
358,12,0
359,12,0
360,12,0
361,12,0
362,12,0
363,12,0
364,12,0
365,12,0
366,12,0
367,12,0
368,12,0
369,12,0
370,12,0
371,12,0
372,12,0
373,12,0
374,12,0
375,12,0
376,12,0
377,12,0
378,12,0
379,12,0
380,12,0
381,12,0
382,12,0
383,12,0
384,12,0
385,12,0
386,12,0
387,12,0
388,12,0
389,12,0
390,12,0
1,11,0
2,11,0
3,11,0
4,11,0
5,11,0
6,11,0
7,11,0
8,11,0
9,11,0
10,11,0
11,11,0
12,11,0
13,11,0
14,11,0
15,11,0
16,11,0
17,11,0
18,11,0
19,11,0
20,11,0
21,11,0
22,11,0
23,11,0
24,11,0
25,11,0
26,11,0
27,11,0
28,11,0
29,11,0
30,11,0
31,11,0
32,11,0
33,11,0
34,11,0
35,11,0
36,11,0
37,11,0
38,11,0
39,11,0
40,11,3
41,11,3
42,11,3
43,11,3
44,11,3
45,11,3
46,11,3
47,11,3
48,11,3
49,11,3
50,11,3
51,11,3
52,11,3
53,11,3
54,11,3
55,11,3
56,11,3
57,11,3
58,11,3
59,11,3
60,11,3
61,11,3
62,11,3
63,11,3
64,11,3
65,11,3
66,11,3
67,11,3
68,11,3
69,11,3
70,11,3
71,11,3
72,11,3
73,11,3
74,11,3
75,11,3
76,11,3
77,11,3
78,11,3
79,11,3
80,11,3
81,11,3
82,11,3
83,11,3
84,11,3
85,11,3
86,11,3
87,11,3
88,11,3
89,11,3
90,11,3
91,11,3
92,11,3
93,11,0
94,11,0
95,11,0
96,11,0
97,11,0
98,11,0
99,11,0
100,11,0
101,11,0
102,11,0
103,11,0
104,11,0
105,11,0
106,11,0
107,11,0
108,11,0
109,11,0
110,11,0
111,11,0
112,11,0
113,11,0
114,11,0
115,11,0
116,11,0
117,11,0
118,11,0
119,11,0
120,11,0
121,11,0
122,11,0
123,11,0
124,11,0
125,11,0
126,11,0
127,11,0
128,11,0
129,11,0
130,11,0
131,11,0
132,11,0
133,11,0
134,11,0
135,11,0
136,11,0
137,11,0
138,11,0
139,11,0
140,11,0
141,11,0
142,11,0
143,11,0
144,11,0
145,11,0
146,11,0
147,11,0
148,11,0
149,11,0
150,11,0
151,11,0
152,11,0
153,11,0
154,11,0
155,11,0
156,11,0
157,11,0
158,11,0
159,11,0
160,11,0
161,11,0
162,11,0
163,11,0
164,11,0
165,11,0
166,11,0
167,11,0
168,11,0
169,11,0
170,11,0
171,11,0
172,11,0
173,11,0
174,11,0
175,11,0
176,11,0
177,11,0
178,11,0
179,11,0
180,11,0
181,11,0
182,11,0
183,11,0
184,11,0
185,11,0
186,11,0
187,11,0
188,11,0
189,11,0
190,11,0
191,11,0
192,11,0
193,11,0
194,11,0
195,11,0
196,11,0
197,11,0
198,11,0
199,11,0
200,11,0
201,11,0
202,11,0
203,11,0
204,11,0
205,11,0
206,11,0
207,11,0
208,11,0
209,11,0
210,11,0
211,11,0
212,11,0
213,11,0
214,11,0
215,11,0
216,11,0
217,11,0
218,11,0
219,11,0
220,11,0
221,11,0
222,11,0
223,11,0
224,11,0
225,11,0
226,11,0
227,11,0
228,11,0
229,11,0
230,11,0
231,11,0
232,11,0
233,11,0
234,11,0
235,11,0
236,11,0
237,11,0
238,11,0
239,11,0
240,11,0
241,11,0
242,11,0
243,11,0
244,11,0
245,11,0
246,11,0
247,11,0
248,11,0
249,11,0
250,11,0
251,11,0
252,11,0
253,11,0
254,11,0
255,11,0
256,11,0
257,11,0
258,11,0
259,11,0
260,11,0
261,11,0
262,11,0
263,11,0
264,11,0
265,11,0
266,11,0
267,11,0
268,11,0
269,11,0
270,11,0
271,11,0
272,11,0
273,11,0
274,11,0
275,11,0
276,11,0
277,11,0
278,11,0
279,11,0
280,11,0
281,11,0
282,11,0
283,11,0
284,11,0
285,11,0
286,11,0
287,11,0
288,11,0
289,11,0
290,11,0
291,11,0
292,11,0
293,11,0
294,11,0
295,11,0
296,11,0
297,11,0
298,11,0
299,11,0
300,11,0
301,11,0
302,11,0
303,11,0
304,11,0
305,11,0
306,11,0
307,11,0
308,11,0
309,11,0
310,11,0
311,11,0
312,11,0
313,11,0
314,11,0
315,11,0
316,11,0
317,11,0
318,11,0
319,11,0
320,11,0
321,11,0
322,11,0
323,11,0
324,11,0
325,11,0
326,11,0
327,11,0
328,11,0
329,11,0
330,11,0
331,11,0
332,11,0
333,11,0
334,11,0
335,11,0
336,11,0
337,11,0
338,11,0
339,11,0
340,11,0
341,11,0
342,11,0
343,11,0
344,11,0
345,11,0
346,11,0
347,11,0
348,11,0
349,11,0
350,11,0
351,11,0
352,11,0
353,11,0
354,11,0
355,11,0
356,11,0
357,11,0
358,11,0
359,11,0
360,11,0
361,11,0
362,11,0
363,11,0
364,11,0
365,11,0
366,11,0
367,11,0
368,11,0
369,11,0
370,11,0
371,11,0
372,11,0
373,11,0
374,11,0
375,11,0
376,11,0
377,11,0
378,11,0
379,11,0
380,11,0
381,11,0
382,11,0
383,11,0
384,11,0
385,11,0
386,11,0
387,11,0
388,11,0
389,11,0
390,11,0
1,10,0
2,10,0
3,10,0
4,10,0
5,10,0
6,10,0
7,10,0
8,10,0
9,10,0
10,10,0
11,10,0
12,10,0
13,10,0
14,10,0
15,10,0
16,10,0
17,10,0
18,10,0
19,10,0
20,10,0
21,10,0
22,10,0
23,10,0
24,10,0
25,10,0
26,10,0
27,10,0
28,10,0
29,10,0
30,10,0
31,10,0
32,10,0
33,10,0
34,10,0
35,10,0
36,10,0
37,10,0
38,10,0
39,10,0
40,10,0
41,10,0
42,10,3
43,10,3
44,10,3
45,10,3
46,10,3
47,10,3
48,10,3
49,10,3
50,10,3
51,10,3
52,10,3
53,10,3
54,10,3
55,10,3
56,10,3
57,10,3
58,10,3
59,10,3
60,10,3
61,10,3
62,10,3
63,10,3
64,10,3
65,10,3
66,10,3
67,10,3
68,10,3
69,10,3
70,10,3
71,10,3
72,10,3
73,10,3
74,10,3
75,10,3
76,10,3
77,10,3
78,10,3
79,10,3
80,10,3
81,10,3
82,10,3
83,10,3
84,10,3
85,10,3
86,10,3
87,10,3
88,10,3
89,10,3
90,10,3
91,10,3
92,10,3
93,10,0
94,10,0
95,10,0
96,10,0
97,10,0
98,10,0
99,10,0
100,10,0
101,10,0
102,10,0
103,10,0
104,10,0
105,10,0
106,10,0
107,10,0
108,10,0
109,10,0
110,10,0
111,10,0
112,10,0
113,10,0
114,10,0
115,10,0
116,10,0
117,10,0
118,10,0
119,10,0
120,10,0
121,10,0
122,10,0
123,10,0
124,10,0
125,10,0
126,10,0
127,10,0
128,10,0
129,10,0
130,10,0
131,10,0
132,10,0
133,10,0
134,10,0
135,10,0
136,10,0
137,10,0
138,10,0
139,10,0
140,10,0
141,10,0
142,10,0
143,10,0
144,10,0
145,10,0
146,10,0
147,10,0
148,10,0
149,10,0
150,10,0
151,10,0
152,10,0
153,10,0
154,10,0
155,10,0
156,10,0
157,10,0
158,10,0
159,10,0
160,10,0
161,10,0
162,10,0
163,10,0
164,10,0
165,10,0
166,10,0
167,10,0
168,10,0
169,10,0
170,10,0
171,10,0
172,10,0
173,10,0
174,10,0
175,10,0
176,10,0
177,10,0
178,10,0
179,10,0
180,10,0
181,10,0
182,10,0
183,10,0
184,10,0
185,10,0
186,10,0
187,10,0
188,10,0
189,10,0
190,10,0
191,10,0
192,10,0
193,10,0
194,10,0
195,10,0
196,10,0
197,10,0
198,10,0
199,10,0
200,10,0
201,10,0
202,10,0
203,10,0
204,10,0
205,10,0
206,10,0
207,10,0
208,10,0
209,10,0
210,10,0
211,10,0
212,10,0
213,10,0
214,10,0
215,10,0
216,10,0
217,10,0
218,10,0
219,10,0
220,10,0
221,10,0
222,10,0
223,10,0
224,10,0
225,10,0
226,10,0
227,10,0
228,10,0
229,10,0
230,10,0
231,10,0
232,10,0
233,10,0
234,10,0
235,10,0
236,10,0
237,10,0
238,10,0
239,10,0
240,10,0
241,10,0
242,10,0
243,10,0
244,10,0
245,10,0
246,10,0
247,10,0
248,10,0
249,10,0
250,10,0
251,10,0
252,10,0
253,10,0
254,10,0
255,10,0
256,10,0
257,10,0
258,10,0
259,10,0
260,10,0
261,10,0
262,10,0
263,10,0
264,10,0
265,10,0
266,10,0
267,10,0
268,10,0
269,10,0
270,10,0
271,10,0
272,10,0
273,10,0
274,10,0
275,10,0
276,10,0
277,10,0
278,10,0
279,10,0
280,10,0
281,10,0
282,10,0
283,10,0
284,10,0
285,10,0
286,10,0
287,10,0
288,10,0
289,10,0
290,10,0
291,10,0
292,10,0
293,10,0
294,10,0
295,10,0
296,10,0
297,10,0
298,10,0
299,10,0
300,10,0
301,10,0
302,10,0
303,10,0
304,10,0
305,10,0
306,10,0
307,10,0
308,10,0
309,10,0
310,10,0
311,10,0
312,10,0
313,10,0
314,10,0
315,10,0
316,10,0
317,10,0
318,10,0
319,10,0
320,10,0
321,10,0
322,10,0
323,10,0
324,10,0
325,10,0
326,10,0
327,10,0
328,10,0
329,10,0
330,10,0
331,10,0
332,10,0
333,10,0
334,10,0
335,10,0
336,10,0
337,10,0
338,10,0
339,10,0
340,10,0
341,10,0
342,10,0
343,10,0
344,10,0
345,10,0
346,10,0
347,10,0
348,10,0
349,10,0
350,10,0
351,10,0
352,10,0
353,10,0
354,10,0
355,10,0
356,10,0
357,10,0
358,10,0
359,10,0
360,10,0
361,10,0
362,10,0
363,10,0
364,10,0
365,10,0
366,10,0
367,10,0
368,10,0
369,10,0
370,10,0
371,10,0
372,10,0
373,10,0
374,10,0
375,10,0
376,10,0
377,10,0
378,10,0
379,10,0
380,10,0
381,10,0
382,10,0
383,10,0
384,10,0
385,10,0
386,10,0
387,10,0
388,10,0
389,10,0
390,10,0
1,9,0
2,9,0
3,9,0
4,9,0
5,9,0
6,9,0
7,9,0
8,9,0
9,9,0
10,9,0
11,9,0
12,9,0
13,9,0
14,9,0
15,9,0
16,9,0
17,9,0
18,9,0
19,9,0
20,9,0
21,9,0
22,9,0
23,9,0
24,9,0
25,9,0
26,9,0
27,9,0
28,9,0
29,9,0
30,9,0
31,9,0
32,9,0
33,9,0
34,9,0
35,9,0
36,9,0
37,9,0
38,9,0
39,9,0
40,9,0
41,9,0
42,9,0
43,9,0
44,9,0
45,9,0
46,9,3
47,9,3
48,9,3
49,9,3
50,9,3
51,9,3
52,9,3
53,9,3
54,9,3
55,9,3
56,9,3
57,9,3
58,9,3
59,9,3
60,9,3
61,9,3
62,9,3
63,9,3
64,9,3
65,9,3
66,9,3
67,9,3
68,9,3
69,9,3
70,9,3
71,9,3
72,9,3
73,9,3
74,9,3
75,9,3
76,9,3
77,9,3
78,9,3
79,9,3
80,9,3
81,9,3
82,9,3
83,9,3
84,9,3
85,9,3
86,9,3
87,9,3
88,9,3
89,9,3
90,9,3
91,9,3
92,9,0
93,9,0
94,9,0
95,9,0
96,9,0
97,9,0
98,9,0
99,9,0
100,9,0
101,9,0
102,9,0
103,9,0
104,9,0
105,9,0
106,9,0
107,9,0
108,9,0
109,9,0
110,9,0
111,9,0
112,9,0
113,9,0
114,9,0
115,9,0
116,9,0
117,9,0
118,9,0
119,9,0
120,9,0
121,9,0
122,9,0
123,9,0
124,9,0
125,9,0
126,9,0
127,9,0
128,9,0
129,9,0
130,9,0
131,9,0
132,9,0
133,9,0
134,9,0
135,9,0
136,9,0
137,9,0
138,9,0
139,9,0
140,9,0
141,9,0
142,9,0
143,9,0
144,9,0
145,9,0
146,9,0
147,9,0
148,9,0
149,9,0
150,9,0
151,9,0
152,9,0
153,9,0
154,9,0
155,9,0
156,9,0
157,9,0
158,9,0
159,9,0
160,9,0
161,9,0
162,9,0
163,9,0
164,9,0
165,9,0
166,9,0
167,9,0
168,9,0
169,9,0
170,9,0
171,9,0
172,9,0
173,9,0
174,9,0
175,9,0
176,9,0
177,9,0
178,9,0
179,9,0
180,9,0
181,9,0
182,9,0
183,9,0
184,9,0
185,9,0
186,9,0
187,9,0
188,9,0
189,9,0
190,9,0
191,9,0
192,9,0
193,9,0
194,9,0
195,9,0
196,9,0
197,9,0
198,9,0
199,9,0
200,9,0
201,9,0
202,9,0
203,9,0
204,9,0
205,9,0
206,9,0
207,9,0
208,9,0
209,9,0
210,9,0
211,9,0
212,9,0
213,9,0
214,9,0
215,9,0
216,9,0
217,9,0
218,9,0
219,9,0
220,9,0
221,9,0
222,9,0
223,9,0
224,9,0
225,9,0
226,9,0
227,9,0
228,9,0
229,9,0
230,9,0
231,9,0
232,9,0
233,9,0
234,9,0
235,9,0
236,9,0
237,9,0
238,9,0
239,9,0
240,9,0
241,9,0
242,9,0
243,9,0
244,9,0
245,9,0
246,9,0
247,9,0
248,9,0
249,9,0
250,9,0
251,9,0
252,9,0
253,9,0
254,9,0
255,9,0
256,9,0
257,9,0
258,9,0
259,9,0
260,9,0
261,9,0
262,9,0
263,9,0
264,9,0
265,9,0
266,9,0
267,9,0
268,9,0
269,9,0
270,9,0
271,9,0
272,9,0
273,9,0
274,9,0
275,9,0
276,9,0
277,9,0
278,9,0
279,9,0
280,9,0
281,9,0
282,9,0
283,9,0
284,9,0
285,9,0
286,9,0
287,9,0
288,9,0
289,9,0
290,9,0
291,9,0
292,9,0
293,9,0
294,9,0
295,9,0
296,9,0
297,9,0
298,9,0
299,9,0
300,9,0
301,9,0
302,9,0
303,9,0
304,9,0
305,9,0
306,9,0
307,9,0
308,9,0
309,9,0
310,9,0
311,9,0
312,9,0
313,9,0
314,9,0
315,9,0
316,9,0
317,9,0
318,9,0
319,9,0
320,9,0
321,9,0
322,9,0
323,9,0
324,9,0
325,9,0
326,9,0
327,9,0
328,9,0
329,9,0
330,9,0
331,9,0
332,9,0
333,9,0
334,9,0
335,9,0
336,9,0
337,9,0
338,9,0
339,9,0
340,9,0
341,9,0
342,9,0
343,9,0
344,9,0
345,9,0
346,9,0
347,9,0
348,9,0
349,9,0
350,9,0
351,9,0
352,9,0
353,9,0
354,9,0
355,9,0
356,9,0
357,9,0
358,9,0
359,9,0
360,9,0
361,9,0
362,9,0
363,9,0
364,9,0
365,9,0
366,9,0
367,9,0
368,9,0
369,9,0
370,9,0
371,9,0
372,9,0
373,9,0
374,9,0
375,9,0
376,9,0
377,9,0
378,9,0
379,9,0
380,9,0
381,9,0
382,9,0
383,9,0
384,9,0
385,9,0
386,9,0
387,9,0
388,9,0
389,9,0
390,9,0
1,8,0
2,8,0
3,8,0
4,8,0
5,8,0
6,8,0
7,8,0
8,8,0
9,8,0
10,8,0
11,8,0
12,8,0
13,8,0
14,8,0
15,8,0
16,8,0
17,8,0
18,8,0
19,8,0
20,8,0
21,8,0
22,8,0
23,8,0
24,8,0
25,8,0
26,8,0
27,8,0
28,8,0
29,8,0
30,8,0
31,8,0
32,8,0
33,8,0
34,8,0
35,8,0
36,8,0
37,8,0
38,8,0
39,8,0
40,8,0
41,8,0
42,8,0
43,8,0
44,8,0
45,8,0
46,8,0
47,8,0
48,8,3
49,8,3
50,8,3
51,8,3
52,8,3
53,8,3
54,8,3
55,8,3
56,8,3
57,8,3
58,8,3
59,8,3
60,8,3
61,8,3
62,8,3
63,8,3
64,8,3
65,8,3
66,8,3
67,8,3
68,8,3
69,8,3
70,8,3
71,8,3
72,8,3
73,8,3
74,8,3
75,8,3
76,8,3
77,8,3
78,8,3
79,8,3
80,8,3
81,8,3
82,8,3
83,8,3
84,8,3
85,8,3
86,8,3
87,8,3
88,8,3
89,8,3
90,8,3
91,8,0
92,8,0
93,8,0
94,8,0
95,8,0
96,8,0
97,8,0
98,8,0
99,8,0
100,8,0
101,8,0
102,8,0
103,8,0
104,8,0
105,8,0
106,8,0
107,8,0
108,8,0
109,8,0
110,8,0
111,8,0
112,8,0
113,8,0
114,8,0
115,8,0
116,8,0
117,8,0
118,8,0
119,8,0
120,8,0
121,8,0
122,8,0
123,8,0
124,8,0
125,8,0
126,8,0
127,8,0
128,8,0
129,8,0
130,8,0
131,8,0
132,8,0
133,8,0
134,8,0
135,8,0
136,8,0
137,8,0
138,8,0
139,8,0
140,8,0
141,8,0
142,8,0
143,8,0
144,8,0
145,8,0
146,8,0
147,8,0
148,8,0
149,8,0
150,8,0
151,8,0
152,8,0
153,8,0
154,8,0
155,8,0
156,8,0
157,8,0
158,8,0
159,8,0
160,8,0
161,8,0
162,8,0
163,8,0
164,8,0
165,8,0
166,8,0
167,8,0
168,8,0
169,8,0
170,8,0
171,8,0
172,8,0
173,8,0
174,8,0
175,8,0
176,8,0
177,8,0
178,8,0
179,8,0
180,8,0
181,8,0
182,8,0
183,8,0
184,8,0
185,8,0
186,8,0
187,8,0
188,8,0
189,8,0
190,8,0
191,8,0
192,8,0
193,8,0
194,8,0
195,8,0
196,8,0
197,8,0
198,8,0
199,8,0
200,8,0
201,8,0
202,8,0
203,8,0
204,8,0
205,8,0
206,8,0
207,8,0
208,8,0
209,8,0
210,8,0
211,8,0
212,8,0
213,8,0
214,8,0
215,8,0
216,8,0
217,8,0
218,8,0
219,8,0
220,8,0
221,8,0
222,8,0
223,8,0
224,8,0
225,8,0
226,8,0
227,8,0
228,8,0
229,8,0
230,8,0
231,8,0
232,8,0
233,8,0
234,8,0
235,8,0
236,8,0
237,8,0
238,8,0
239,8,0
240,8,0
241,8,0
242,8,0
243,8,0
244,8,0
245,8,0
246,8,0
247,8,0
248,8,0
249,8,0
250,8,0
251,8,0
252,8,0
253,8,0
254,8,0
255,8,0
256,8,0
257,8,0
258,8,0
259,8,0
260,8,0
261,8,0
262,8,0
263,8,0
264,8,0
265,8,0
266,8,0
267,8,0
268,8,0
269,8,0
270,8,0
271,8,0
272,8,0
273,8,0
274,8,0
275,8,0
276,8,0
277,8,0
278,8,0
279,8,0
280,8,0
281,8,0
282,8,0
283,8,0
284,8,0
285,8,0
286,8,0
287,8,0
288,8,0
289,8,0
290,8,0
291,8,0
292,8,0
293,8,0
294,8,0
295,8,0
296,8,0
297,8,0
298,8,0
299,8,0
300,8,0
301,8,0
302,8,0
303,8,0
304,8,0
305,8,0
306,8,0
307,8,0
308,8,0
309,8,0
310,8,0
311,8,0
312,8,0
313,8,0
314,8,0
315,8,0
316,8,0
317,8,0
318,8,0
319,8,0
320,8,0
321,8,0
322,8,0
323,8,0
324,8,0
325,8,0
326,8,0
327,8,0
328,8,0
329,8,0
330,8,0
331,8,0
332,8,0
333,8,0
334,8,0
335,8,0
336,8,0
337,8,0
338,8,0
339,8,0
340,8,0
341,8,0
342,8,0
343,8,0
344,8,0
345,8,0
346,8,0
347,8,0
348,8,0
349,8,0
350,8,0
351,8,0
352,8,0
353,8,0
354,8,0
355,8,0
356,8,0
357,8,0
358,8,0
359,8,0
360,8,0
361,8,0
362,8,0
363,8,0
364,8,0
365,8,0
366,8,0
367,8,0
368,8,0
369,8,0
370,8,0
371,8,0
372,8,0
373,8,0
374,8,0
375,8,0
376,8,0
377,8,0
378,8,0
379,8,0
380,8,0
381,8,0
382,8,0
383,8,0
384,8,0
385,8,0
386,8,0
387,8,0
388,8,0
389,8,0
390,8,0
1,7,0
2,7,0
3,7,0
4,7,0
5,7,0
6,7,0
7,7,0
8,7,0
9,7,0
10,7,0
11,7,0
12,7,0
13,7,0
14,7,0
15,7,0
16,7,0
17,7,0
18,7,0
19,7,0
20,7,0
21,7,0
22,7,0
23,7,0
24,7,0
25,7,0
26,7,0
27,7,0
28,7,0
29,7,0
30,7,0
31,7,0
32,7,0
33,7,0
34,7,0
35,7,0
36,7,0
37,7,0
38,7,0
39,7,0
40,7,0
41,7,0
42,7,0
43,7,0
44,7,0
45,7,0
46,7,0
47,7,0
48,7,0
49,7,0
50,7,0
51,7,0
52,7,0
53,7,0
54,7,3
55,7,3
56,7,3
57,7,3
58,7,3
59,7,3
60,7,3
61,7,3
62,7,3
63,7,3
64,7,3
65,7,3
66,7,3
67,7,3
68,7,3
69,7,3
70,7,3
71,7,3
72,7,3
73,7,3
74,7,3
75,7,3
76,7,3
77,7,3
78,7,3
79,7,3
80,7,3
81,7,3
82,7,3
83,7,3
84,7,3
85,7,3
86,7,3
87,7,3
88,7,3
89,7,3
90,7,0
91,7,0
92,7,0
93,7,0
94,7,0
95,7,0
96,7,0
97,7,0
98,7,0
99,7,0
100,7,0
101,7,0
102,7,0
103,7,0
104,7,0
105,7,0
106,7,0
107,7,0
108,7,0
109,7,0
110,7,0
111,7,0
112,7,0
113,7,0
114,7,0
115,7,0
116,7,0
117,7,0
118,7,0
119,7,0
120,7,0
121,7,0
122,7,0
123,7,0
124,7,0
125,7,0
126,7,0
127,7,0
128,7,0
129,7,0
130,7,0
131,7,0
132,7,0
133,7,0
134,7,0
135,7,0
136,7,0
137,7,0
138,7,0
139,7,0
140,7,0
141,7,0
142,7,0
143,7,0
144,7,0
145,7,0
146,7,0
147,7,0
148,7,0
149,7,0
150,7,0
151,7,0
152,7,0
153,7,0
154,7,0
155,7,0
156,7,0
157,7,0
158,7,0
159,7,0
160,7,0
161,7,0
162,7,0
163,7,0
164,7,0
165,7,0
166,7,0
167,7,0
168,7,0
169,7,0
170,7,0
171,7,0
172,7,0
173,7,0
174,7,0
175,7,0
176,7,0
177,7,0
178,7,0
179,7,0
180,7,0
181,7,0
182,7,0
183,7,0
184,7,0
185,7,0
186,7,0
187,7,0
188,7,0
189,7,0
190,7,0
191,7,0
192,7,0
193,7,0
194,7,0
195,7,0
196,7,0
197,7,0
198,7,0
199,7,0
200,7,0
201,7,0
202,7,0
203,7,0
204,7,0
205,7,0
206,7,0
207,7,0
208,7,0
209,7,0
210,7,0
211,7,0
212,7,0
213,7,0
214,7,0
215,7,0
216,7,0
217,7,0
218,7,0
219,7,0
220,7,0
221,7,0
222,7,0
223,7,0
224,7,0
225,7,0
226,7,0
227,7,0
228,7,0
229,7,0
230,7,0
231,7,0
232,7,0
233,7,0
234,7,0
235,7,0
236,7,0
237,7,0
238,7,0
239,7,0
240,7,0
241,7,0
242,7,0
243,7,0
244,7,0
245,7,0
246,7,0
247,7,0
248,7,0
249,7,0
250,7,0
251,7,0
252,7,0
253,7,0
254,7,0
255,7,0
256,7,0
257,7,0
258,7,0
259,7,0
260,7,0
261,7,0
262,7,0
263,7,0
264,7,0
265,7,0
266,7,0
267,7,0
268,7,0
269,7,0
270,7,0
271,7,0
272,7,0
273,7,0
274,7,0
275,7,0
276,7,0
277,7,0
278,7,0
279,7,0
280,7,0
281,7,0
282,7,0
283,7,0
284,7,0
285,7,0
286,7,0
287,7,0
288,7,0
289,7,0
290,7,0
291,7,0
292,7,0
293,7,0
294,7,0
295,7,0
296,7,0
297,7,0
298,7,0
299,7,0
300,7,0
301,7,0
302,7,0
303,7,0
304,7,0
305,7,0
306,7,0
307,7,0
308,7,0
309,7,0
310,7,0
311,7,0
312,7,0
313,7,0
314,7,0
315,7,0
316,7,0
317,7,0
318,7,0
319,7,0
320,7,0
321,7,0
322,7,0
323,7,0
324,7,0
325,7,0
326,7,0
327,7,0
328,7,0
329,7,0
330,7,0
331,7,0
332,7,0
333,7,0
334,7,0
335,7,0
336,7,0
337,7,0
338,7,0
339,7,0
340,7,0
341,7,0
342,7,0
343,7,0
344,7,0
345,7,0
346,7,0
347,7,0
348,7,0
349,7,0
350,7,0
351,7,0
352,7,0
353,7,0
354,7,0
355,7,0
356,7,0
357,7,0
358,7,0
359,7,0
360,7,0
361,7,0
362,7,0
363,7,0
364,7,0
365,7,0
366,7,0
367,7,0
368,7,0
369,7,0
370,7,0
371,7,0
372,7,0
373,7,0
374,7,0
375,7,0
376,7,0
377,7,0
378,7,0
379,7,0
380,7,0
381,7,0
382,7,0
383,7,0
384,7,0
385,7,0
386,7,0
387,7,0
388,7,0
389,7,0
390,7,0
1,6,0
2,6,0
3,6,0
4,6,0
5,6,0
6,6,0
7,6,0
8,6,0
9,6,0
10,6,0
11,6,0
12,6,0
13,6,0
14,6,0
15,6,0
16,6,0
17,6,0
18,6,0
19,6,0
20,6,0
21,6,0
22,6,0
23,6,0
24,6,0
25,6,0
26,6,0
27,6,0
28,6,0
29,6,0
30,6,0
31,6,0
32,6,0
33,6,0
34,6,0
35,6,0
36,6,0
37,6,0
38,6,0
39,6,0
40,6,0
41,6,0
42,6,0
43,6,0
44,6,0
45,6,0
46,6,0
47,6,0
48,6,0
49,6,0
50,6,0
51,6,0
52,6,0
53,6,0
54,6,0
55,6,0
56,6,0
57,6,0
58,6,0
59,6,0
60,6,0
61,6,0
62,6,3
63,6,3
64,6,3
65,6,3
66,6,3
67,6,3
68,6,3
69,6,3
70,6,3
71,6,3
72,6,3
73,6,3
74,6,3
75,6,3
76,6,3
77,6,3
78,6,3
79,6,3
80,6,3
81,6,3
82,6,3
83,6,3
84,6,3
85,6,3
86,6,3
87,6,3
88,6,3
89,6,3
90,6,0
91,6,0
92,6,0
93,6,0
94,6,0
95,6,0
96,6,0
97,6,0
98,6,0
99,6,0
100,6,0
101,6,0
102,6,0
103,6,0
104,6,0
105,6,0
106,6,0
107,6,0
108,6,0
109,6,0
110,6,0
111,6,0
112,6,0
113,6,0
114,6,0
115,6,0
116,6,0
117,6,0
118,6,0
119,6,0
120,6,0
121,6,0
122,6,0
123,6,0
124,6,0
125,6,0
126,6,0
127,6,0
128,6,0
129,6,0
130,6,0
131,6,0
132,6,0
133,6,0
134,6,0
135,6,0
136,6,0
137,6,0
138,6,0
139,6,0
140,6,0
141,6,0
142,6,0
143,6,0
144,6,0
145,6,0
146,6,0
147,6,0
148,6,0
149,6,0
150,6,0
151,6,0
152,6,0
153,6,0
154,6,0
155,6,0
156,6,0
157,6,0
158,6,0
159,6,0
160,6,0
161,6,0
162,6,0
163,6,0
164,6,0
165,6,0
166,6,0
167,6,0
168,6,0
169,6,0
170,6,0
171,6,0
172,6,0
173,6,0
174,6,0
175,6,0
176,6,0
177,6,0
178,6,0
179,6,0
180,6,0
181,6,0
182,6,0
183,6,0
184,6,0
185,6,0
186,6,0
187,6,0
188,6,0
189,6,0
190,6,0
191,6,0
192,6,0
193,6,0
194,6,0
195,6,0
196,6,0
197,6,0
198,6,0
199,6,0
200,6,0
201,6,0
202,6,0
203,6,0
204,6,0
205,6,0
206,6,0
207,6,0
208,6,0
209,6,0
210,6,0
211,6,0
212,6,0
213,6,0
214,6,0
215,6,0
216,6,0
217,6,0
218,6,0
219,6,0
220,6,0
221,6,0
222,6,0
223,6,0
224,6,0
225,6,0
226,6,0
227,6,0
228,6,0
229,6,0
230,6,0
231,6,0
232,6,0
233,6,0
234,6,0
235,6,0
236,6,0
237,6,0
238,6,0
239,6,0
240,6,0
241,6,0
242,6,0
243,6,0
244,6,0
245,6,0
246,6,0
247,6,0
248,6,0
249,6,0
250,6,0
251,6,0
252,6,0
253,6,0
254,6,0
255,6,0
256,6,0
257,6,0
258,6,0
259,6,0
260,6,0
261,6,0
262,6,0
263,6,0
264,6,0
265,6,0
266,6,0
267,6,0
268,6,0
269,6,0
270,6,0
271,6,0
272,6,0
273,6,0
274,6,0
275,6,0
276,6,0
277,6,0
278,6,0
279,6,0
280,6,0
281,6,0
282,6,0
283,6,0
284,6,0
285,6,0
286,6,0
287,6,0
288,6,0
289,6,0
290,6,0
291,6,0
292,6,0
293,6,0
294,6,0
295,6,0
296,6,0
297,6,0
298,6,0
299,6,0
300,6,0
301,6,0
302,6,0
303,6,0
304,6,0
305,6,0
306,6,0
307,6,0
308,6,0
309,6,0
310,6,0
311,6,0
312,6,0
313,6,0
314,6,0
315,6,0
316,6,0
317,6,0
318,6,0
319,6,0
320,6,0
321,6,0
322,6,0
323,6,0
324,6,0
325,6,0
326,6,0
327,6,0
328,6,0
329,6,0
330,6,0
331,6,0
332,6,0
333,6,0
334,6,0
335,6,0
336,6,0
337,6,0
338,6,0
339,6,0
340,6,0
341,6,0
342,6,0
343,6,0
344,6,0
345,6,0
346,6,0
347,6,0
348,6,0
349,6,0
350,6,0
351,6,0
352,6,0
353,6,0
354,6,0
355,6,0
356,6,0
357,6,0
358,6,0
359,6,0
360,6,0
361,6,0
362,6,0
363,6,0
364,6,0
365,6,0
366,6,0
367,6,0
368,6,0
369,6,0
370,6,0
371,6,0
372,6,0
373,6,0
374,6,0
375,6,0
376,6,0
377,6,0
378,6,0
379,6,0
380,6,0
381,6,0
382,6,0
383,6,0
384,6,0
385,6,0
386,6,0
387,6,0
388,6,0
389,6,0
390,6,0
1,5,0
2,5,0
3,5,0
4,5,0
5,5,0
6,5,0
7,5,0
8,5,0
9,5,0
10,5,0
11,5,0
12,5,0
13,5,0
14,5,0
15,5,0
16,5,0
17,5,0
18,5,0
19,5,0
20,5,0
21,5,0
22,5,0
23,5,0
24,5,0
25,5,0
26,5,0
27,5,0
28,5,0
29,5,0
30,5,0
31,5,0
32,5,0
33,5,0
34,5,0
35,5,0
36,5,0
37,5,0
38,5,0
39,5,0
40,5,0
41,5,0
42,5,0
43,5,0
44,5,0
45,5,0
46,5,0
47,5,0
48,5,0
49,5,0
50,5,0
51,5,0
52,5,0
53,5,0
54,5,0
55,5,0
56,5,0
57,5,0
58,5,0
59,5,0
60,5,0
61,5,0
62,5,0
63,5,0
64,5,3
65,5,3
66,5,3
67,5,3
68,5,3
69,5,3
70,5,3
71,5,3
72,5,3
73,5,3
74,5,3
75,5,3
76,5,3
77,5,3
78,5,3
79,5,3
80,5,3
81,5,3
82,5,3
83,5,3
84,5,3
85,5,3
86,5,3
87,5,3
88,5,3
89,5,0
90,5,0
91,5,0
92,5,0
93,5,0
94,5,0
95,5,0
96,5,0
97,5,0
98,5,0
99,5,0
100,5,0
101,5,0
102,5,0
103,5,0
104,5,0
105,5,0
106,5,0
107,5,0
108,5,0
109,5,0
110,5,0
111,5,0
112,5,0
113,5,0
114,5,0
115,5,0
116,5,0
117,5,0
118,5,0
119,5,0
120,5,0
121,5,0
122,5,0
123,5,0
124,5,0
125,5,0
126,5,0
127,5,0
128,5,0
129,5,0
130,5,0
131,5,0
132,5,0
133,5,0
134,5,0
135,5,0
136,5,0
137,5,0
138,5,0
139,5,0
140,5,0
141,5,0
142,5,0
143,5,0
144,5,0
145,5,0
146,5,0
147,5,0
148,5,0
149,5,0
150,5,0
151,5,0
152,5,0
153,5,0
154,5,0
155,5,0
156,5,0
157,5,0
158,5,0
159,5,0
160,5,0
161,5,0
162,5,0
163,5,0
164,5,0
165,5,0
166,5,0
167,5,0
168,5,0
169,5,0
170,5,0
171,5,0
172,5,0
173,5,0
174,5,0
175,5,0
176,5,0
177,5,0
178,5,0
179,5,0
180,5,0
181,5,0
182,5,0
183,5,0
184,5,0
185,5,0
186,5,0
187,5,0
188,5,0
189,5,0
190,5,0
191,5,0
192,5,0
193,5,0
194,5,0
195,5,0
196,5,0
197,5,0
198,5,0
199,5,0
200,5,0
201,5,0
202,5,0
203,5,0
204,5,0
205,5,0
206,5,0
207,5,0
208,5,0
209,5,0
210,5,0
211,5,0
212,5,0
213,5,0
214,5,0
215,5,0
216,5,0
217,5,0
218,5,0
219,5,0
220,5,0
221,5,0
222,5,0
223,5,0
224,5,0
225,5,0
226,5,0
227,5,0
228,5,0
229,5,0
230,5,0
231,5,0
232,5,0
233,5,0
234,5,0
235,5,0
236,5,0
237,5,0
238,5,0
239,5,0
240,5,0
241,5,0
242,5,0
243,5,0
244,5,0
245,5,0
246,5,0
247,5,0
248,5,0
249,5,0
250,5,0
251,5,0
252,5,0
253,5,0
254,5,0
255,5,0
256,5,0
257,5,0
258,5,0
259,5,0
260,5,0
261,5,0
262,5,0
263,5,0
264,5,0
265,5,0
266,5,0
267,5,0
268,5,0
269,5,0
270,5,0
271,5,0
272,5,0
273,5,0
274,5,0
275,5,0
276,5,0
277,5,0
278,5,0
279,5,0
280,5,0
281,5,0
282,5,0
283,5,0
284,5,0
285,5,0
286,5,0
287,5,0
288,5,0
289,5,0
290,5,0
291,5,0
292,5,0
293,5,0
294,5,0
295,5,0
296,5,0
297,5,0
298,5,0
299,5,0
300,5,0
301,5,0
302,5,0
303,5,0
304,5,0
305,5,0
306,5,0
307,5,0
308,5,0
309,5,0
310,5,0
311,5,0
312,5,0
313,5,0
314,5,0
315,5,0
316,5,0
317,5,0
318,5,0
319,5,0
320,5,0
321,5,0
322,5,0
323,5,0
324,5,0
325,5,0
326,5,0
327,5,0
328,5,0
329,5,0
330,5,0
331,5,0
332,5,0
333,5,0
334,5,0
335,5,0
336,5,0
337,5,0
338,5,0
339,5,0
340,5,0
341,5,0
342,5,0
343,5,0
344,5,0
345,5,0
346,5,0
347,5,0
348,5,0
349,5,0
350,5,0
351,5,0
352,5,0
353,5,0
354,5,0
355,5,0
356,5,0
357,5,0
358,5,0
359,5,0
360,5,0
361,5,0
362,5,0
363,5,0
364,5,0
365,5,0
366,5,0
367,5,0
368,5,0
369,5,0
370,5,0
371,5,0
372,5,0
373,5,0
374,5,0
375,5,0
376,5,0
377,5,0
378,5,0
379,5,0
380,5,0
381,5,0
382,5,0
383,5,0
384,5,0
385,5,0
386,5,0
387,5,0
388,5,0
389,5,0
390,5,0
1,4,0
2,4,0
3,4,0
4,4,0
5,4,0
6,4,0
7,4,0
8,4,0
9,4,0
10,4,0
11,4,0
12,4,0
13,4,0
14,4,0
15,4,0
16,4,0
17,4,0
18,4,0
19,4,0
20,4,0
21,4,0
22,4,0
23,4,0
24,4,0
25,4,0
26,4,0
27,4,0
28,4,0
29,4,0
30,4,0
31,4,0
32,4,0
33,4,0
34,4,0
35,4,0
36,4,0
37,4,0
38,4,0
39,4,0
40,4,0
41,4,0
42,4,0
43,4,0
44,4,0
45,4,0
46,4,0
47,4,0
48,4,0
49,4,0
50,4,0
51,4,0
52,4,0
53,4,0
54,4,0
55,4,0
56,4,0
57,4,0
58,4,0
59,4,0
60,4,0
61,4,0
62,4,0
63,4,0
64,4,0
65,4,0
66,4,0
67,4,0
68,4,0
69,4,3
70,4,3
71,4,3
72,4,3
73,4,3
74,4,3
75,4,3
76,4,3
77,4,3
78,4,3
79,4,3
80,4,3
81,4,3
82,4,3
83,4,3
84,4,3
85,4,3
86,4,3
87,4,3
88,4,0
89,4,0
90,4,0
91,4,0
92,4,0
93,4,0
94,4,0
95,4,0
96,4,0
97,4,0
98,4,0
99,4,0
100,4,0
101,4,0
102,4,0
103,4,0
104,4,0
105,4,0
106,4,0
107,4,0
108,4,0
109,4,0
110,4,0
111,4,0
112,4,0
113,4,0
114,4,0
115,4,0
116,4,0
117,4,0
118,4,0
119,4,0
120,4,0
121,4,0
122,4,0
123,4,0
124,4,0
125,4,0
126,4,0
127,4,0
128,4,0
129,4,0
130,4,0
131,4,0
132,4,0
133,4,0
134,4,0
135,4,0
136,4,0
137,4,0
138,4,0
139,4,0
140,4,0
141,4,0
142,4,0
143,4,0
144,4,0
145,4,0
146,4,0
147,4,0
148,4,0
149,4,0
150,4,0
151,4,0
152,4,0
153,4,0
154,4,0
155,4,0
156,4,0
157,4,0
158,4,0
159,4,0
160,4,0
161,4,0
162,4,0
163,4,0
164,4,0
165,4,0
166,4,0
167,4,0
168,4,0
169,4,0
170,4,0
171,4,0
172,4,0
173,4,0
174,4,0
175,4,0
176,4,0
177,4,0
178,4,0
179,4,0
180,4,0
181,4,0
182,4,0
183,4,0
184,4,0
185,4,0
186,4,0
187,4,0
188,4,0
189,4,0
190,4,0
191,4,0
192,4,0
193,4,0
194,4,0
195,4,0
196,4,0
197,4,0
198,4,0
199,4,0
200,4,0
201,4,0
202,4,0
203,4,0
204,4,0
205,4,0
206,4,0
207,4,0
208,4,0
209,4,0
210,4,0
211,4,0
212,4,0
213,4,0
214,4,0
215,4,0
216,4,0
217,4,0
218,4,0
219,4,0
220,4,0
221,4,0
222,4,0
223,4,0
224,4,0
225,4,0
226,4,0
227,4,0
228,4,0
229,4,0
230,4,0
231,4,0
232,4,0
233,4,0
234,4,0
235,4,0
236,4,0
237,4,0
238,4,0
239,4,0
240,4,0
241,4,0
242,4,0
243,4,0
244,4,0
245,4,0
246,4,0
247,4,0
248,4,0
249,4,0
250,4,0
251,4,0
252,4,0
253,4,0
254,4,0
255,4,0
256,4,0
257,4,0
258,4,0
259,4,0
260,4,0
261,4,0
262,4,0
263,4,0
264,4,0
265,4,0
266,4,0
267,4,0
268,4,0
269,4,0
270,4,0
271,4,0
272,4,0
273,4,0
274,4,0
275,4,0
276,4,0
277,4,0
278,4,0
279,4,0
280,4,0
281,4,0
282,4,0
283,4,0
284,4,0
285,4,0
286,4,0
287,4,0
288,4,0
289,4,0
290,4,0
291,4,0
292,4,0
293,4,0
294,4,0
295,4,0
296,4,0
297,4,0
298,4,0
299,4,0
300,4,0
301,4,0
302,4,0
303,4,0
304,4,0
305,4,0
306,4,0
307,4,0
308,4,0
309,4,0
310,4,0
311,4,0
312,4,0
313,4,0
314,4,0
315,4,0
316,4,0
317,4,0
318,4,0
319,4,0
320,4,0
321,4,0
322,4,0
323,4,0
324,4,0
325,4,0
326,4,0
327,4,0
328,4,0
329,4,0
330,4,0
331,4,0
332,4,0
333,4,0
334,4,0
335,4,0
336,4,0
337,4,0
338,4,0
339,4,0
340,4,0
341,4,0
342,4,0
343,4,0
344,4,0
345,4,0
346,4,0
347,4,0
348,4,0
349,4,0
350,4,0
351,4,0
352,4,0
353,4,0
354,4,0
355,4,0
356,4,0
357,4,0
358,4,0
359,4,0
360,4,0
361,4,0
362,4,0
363,4,0
364,4,0
365,4,0
366,4,0
367,4,0
368,4,0
369,4,0
370,4,0
371,4,0
372,4,0
373,4,0
374,4,0
375,4,0
376,4,0
377,4,0
378,4,0
379,4,0
380,4,0
381,4,0
382,4,0
383,4,0
384,4,0
385,4,0
386,4,0
387,4,0
388,4,0
389,4,0
390,4,0
1,3,0
2,3,0
3,3,0
4,3,0
5,3,0
6,3,0
7,3,0
8,3,0
9,3,0
10,3,0
11,3,0
12,3,0
13,3,0
14,3,0
15,3,0
16,3,0
17,3,0
18,3,0
19,3,0
20,3,0
21,3,0
22,3,0
23,3,0
24,3,0
25,3,0
26,3,0
27,3,0
28,3,0
29,3,0
30,3,0
31,3,0
32,3,0
33,3,0
34,3,0
35,3,0
36,3,0
37,3,0
38,3,0
39,3,0
40,3,0
41,3,0
42,3,0
43,3,0
44,3,0
45,3,0
46,3,0
47,3,0
48,3,0
49,3,0
50,3,0
51,3,0
52,3,0
53,3,0
54,3,0
55,3,0
56,3,0
57,3,0
58,3,0
59,3,0
60,3,0
61,3,0
62,3,0
63,3,0
64,3,0
65,3,0
66,3,0
67,3,0
68,3,0
69,3,0
70,3,0
71,3,0
72,3,3
73,3,3
74,3,3
75,3,3
76,3,3
77,3,3
78,3,3
79,3,3
80,3,3
81,3,3
82,3,3
83,3,3
84,3,3
85,3,3
86,3,0
87,3,0
88,3,0
89,3,0
90,3,0
91,3,0
92,3,0
93,3,0
94,3,0
95,3,0
96,3,0
97,3,0
98,3,0
99,3,0
100,3,0
101,3,0
102,3,0
103,3,0
104,3,0
105,3,0
106,3,0
107,3,0
108,3,0
109,3,0
110,3,0
111,3,0
112,3,0
113,3,0
114,3,0
115,3,0
116,3,0
117,3,0
118,3,0
119,3,0
120,3,0
121,3,0
122,3,0
123,3,0
124,3,0
125,3,0
126,3,0
127,3,0
128,3,0
129,3,0
130,3,0
131,3,0
132,3,0
133,3,0
134,3,0
135,3,0
136,3,0
137,3,0
138,3,0
139,3,0
140,3,0
141,3,0
142,3,0
143,3,0
144,3,0
145,3,0
146,3,0
147,3,0
148,3,0
149,3,0
150,3,0
151,3,0
152,3,0
153,3,0
154,3,0
155,3,0
156,3,0
157,3,0
158,3,0
159,3,0
160,3,0
161,3,0
162,3,0
163,3,0
164,3,0
165,3,0
166,3,0
167,3,0
168,3,0
169,3,0
170,3,0
171,3,0
172,3,0
173,3,0
174,3,0
175,3,0
176,3,0
177,3,0
178,3,0
179,3,0
180,3,0
181,3,0
182,3,0
183,3,0
184,3,0
185,3,0
186,3,0
187,3,0
188,3,0
189,3,0
190,3,0
191,3,0
192,3,0
193,3,0
194,3,0
195,3,0
196,3,0
197,3,0
198,3,0
199,3,0
200,3,0
201,3,0
202,3,0
203,3,0
204,3,0
205,3,0
206,3,0
207,3,0
208,3,0
209,3,0
210,3,0
211,3,0
212,3,0
213,3,0
214,3,0
215,3,0
216,3,0
217,3,0
218,3,0
219,3,0
220,3,0
221,3,0
222,3,0
223,3,0
224,3,0
225,3,0
226,3,0
227,3,0
228,3,0
229,3,0
230,3,0
231,3,0
232,3,0
233,3,0
234,3,0
235,3,0
236,3,0
237,3,0
238,3,0
239,3,0
240,3,0
241,3,0
242,3,0
243,3,0
244,3,0
245,3,0
246,3,0
247,3,0
248,3,0
249,3,0
250,3,0
251,3,0
252,3,0
253,3,0
254,3,0
255,3,0
256,3,0
257,3,0
258,3,0
259,3,0
260,3,0
261,3,0
262,3,0
263,3,0
264,3,0
265,3,0
266,3,0
267,3,0
268,3,0
269,3,0
270,3,0
271,3,0
272,3,0
273,3,0
274,3,0
275,3,0
276,3,0
277,3,0
278,3,0
279,3,0
280,3,0
281,3,0
282,3,0
283,3,0
284,3,0
285,3,0
286,3,0
287,3,0
288,3,0
289,3,0
290,3,0
291,3,0
292,3,0
293,3,0
294,3,0
295,3,0
296,3,0
297,3,0
298,3,0
299,3,0
300,3,0
301,3,0
302,3,0
303,3,0
304,3,0
305,3,0
306,3,0
307,3,0
308,3,0
309,3,0
310,3,0
311,3,0
312,3,0
313,3,0
314,3,0
315,3,0
316,3,0
317,3,0
318,3,0
319,3,0
320,3,0
321,3,0
322,3,0
323,3,0
324,3,0
325,3,0
326,3,0
327,3,0
328,3,0
329,3,0
330,3,0
331,3,0
332,3,0
333,3,0
334,3,0
335,3,0
336,3,0
337,3,0
338,3,0
339,3,0
340,3,0
341,3,0
342,3,0
343,3,0
344,3,0
345,3,0
346,3,0
347,3,0
348,3,0
349,3,0
350,3,0
351,3,0
352,3,0
353,3,0
354,3,0
355,3,0
356,3,0
357,3,0
358,3,0
359,3,0
360,3,0
361,3,0
362,3,0
363,3,0
364,3,0
365,3,0
366,3,0
367,3,0
368,3,0
369,3,0
370,3,0
371,3,0
372,3,0
373,3,0
374,3,0
375,3,0
376,3,0
377,3,0
378,3,0
379,3,0
380,3,0
381,3,0
382,3,0
383,3,0
384,3,0
385,3,0
386,3,0
387,3,0
388,3,0
389,3,0
390,3,0
1,2,0
2,2,0
3,2,0
4,2,0
5,2,0
6,2,0
7,2,0
8,2,0
9,2,0
10,2,0
11,2,0
12,2,0
13,2,0
14,2,0
15,2,0
16,2,0
17,2,0
18,2,0
19,2,0
20,2,0
21,2,0
22,2,0
23,2,0
24,2,0
25,2,0
26,2,0
27,2,0
28,2,0
29,2,0
30,2,0
31,2,0
32,2,0
33,2,0
34,2,0
35,2,0
36,2,0
37,2,0
38,2,0
39,2,0
40,2,0
41,2,0
42,2,0
43,2,0
44,2,0
45,2,0
46,2,0
47,2,0
48,2,0
49,2,0
50,2,0
51,2,0
52,2,0
53,2,0
54,2,0
55,2,0
56,2,0
57,2,0
58,2,0
59,2,0
60,2,0
61,2,0
62,2,0
63,2,0
64,2,0
65,2,0
66,2,0
67,2,0
68,2,0
69,2,0
70,2,0
71,2,0
72,2,3
73,2,3
74,2,3
75,2,3
76,2,3
77,2,3
78,2,3
79,2,3
80,2,3
81,2,3
82,2,3
83,2,3
84,2,3
85,2,3
86,2,0
87,2,0
88,2,0
89,2,0
90,2,0
91,2,0
92,2,0
93,2,0
94,2,0
95,2,0
96,2,0
97,2,0
98,2,0
99,2,0
100,2,0
101,2,0
102,2,0
103,2,0
104,2,0
105,2,0
106,2,0
107,2,0
108,2,0
109,2,0
110,2,0
111,2,0
112,2,0
113,2,0
114,2,0
115,2,0
116,2,0
117,2,0
118,2,0
119,2,0
120,2,0
121,2,0
122,2,0
123,2,0
124,2,0
125,2,0
126,2,0
127,2,0
128,2,0
129,2,0
130,2,0
131,2,0
132,2,0
133,2,0
134,2,0
135,2,0
136,2,0
137,2,0
138,2,0
139,2,0
140,2,0
141,2,0
142,2,0
143,2,0
144,2,0
145,2,0
146,2,0
147,2,0
148,2,0
149,2,0
150,2,0
151,2,0
152,2,0
153,2,0
154,2,0
155,2,0
156,2,0
157,2,0
158,2,0
159,2,0
160,2,0
161,2,0
162,2,0
163,2,0
164,2,0
165,2,0
166,2,0
167,2,0
168,2,0
169,2,0
170,2,0
171,2,0
172,2,0
173,2,0
174,2,0
175,2,0
176,2,0
177,2,0
178,2,0
179,2,0
180,2,0
181,2,0
182,2,0
183,2,0
184,2,0
185,2,0
186,2,0
187,2,0
188,2,0
189,2,0
190,2,0
191,2,0
192,2,0
193,2,0
194,2,0
195,2,0
196,2,0
197,2,0
198,2,0
199,2,0
200,2,0
201,2,0
202,2,0
203,2,0
204,2,0
205,2,0
206,2,0
207,2,0
208,2,0
209,2,0
210,2,0
211,2,0
212,2,0
213,2,0
214,2,0
215,2,0
216,2,0
217,2,0
218,2,0
219,2,0
220,2,0
221,2,0
222,2,0
223,2,0
224,2,0
225,2,0
226,2,0
227,2,0
228,2,0
229,2,0
230,2,0
231,2,0
232,2,0
233,2,0
234,2,0
235,2,0
236,2,0
237,2,0
238,2,0
239,2,0
240,2,0
241,2,0
242,2,0
243,2,0
244,2,0
245,2,0
246,2,0
247,2,0
248,2,0
249,2,0
250,2,0
251,2,0
252,2,0
253,2,0
254,2,0
255,2,0
256,2,0
257,2,0
258,2,0
259,2,0
260,2,0
261,2,0
262,2,0
263,2,0
264,2,0
265,2,0
266,2,0
267,2,0
268,2,0
269,2,0
270,2,0
271,2,0
272,2,0
273,2,0
274,2,0
275,2,0
276,2,0
277,2,0
278,2,0
279,2,0
280,2,0
281,2,0
282,2,0
283,2,0
284,2,0
285,2,0
286,2,0
287,2,0
288,2,0
289,2,0
290,2,0
291,2,0
292,2,0
293,2,0
294,2,0
295,2,0
296,2,0
297,2,0
298,2,0
299,2,0
300,2,0
301,2,0
302,2,0
303,2,0
304,2,0
305,2,0
306,2,0
307,2,0
308,2,0
309,2,0
310,2,0
311,2,0
312,2,0
313,2,0
314,2,0
315,2,0
316,2,0
317,2,0
318,2,0
319,2,0
320,2,0
321,2,0
322,2,0
323,2,0
324,2,0
325,2,0
326,2,0
327,2,0
328,2,0
329,2,0
330,2,0
331,2,0
332,2,0
333,2,0
334,2,0
335,2,0
336,2,0
337,2,0
338,2,0
339,2,0
340,2,0
341,2,0
342,2,0
343,2,0
344,2,0
345,2,0
346,2,0
347,2,0
348,2,0
349,2,0
350,2,0
351,2,0
352,2,0
353,2,0
354,2,0
355,2,0
356,2,0
357,2,0
358,2,0
359,2,0
360,2,0
361,2,0
362,2,0
363,2,0
364,2,0
365,2,0
366,2,0
367,2,0
368,2,0
369,2,0
370,2,0
371,2,0
372,2,0
373,2,0
374,2,0
375,2,0
376,2,0
377,2,0
378,2,0
379,2,0
380,2,0
381,2,0
382,2,0
383,2,0
384,2,0
385,2,0
386,2,0
387,2,0
388,2,0
389,2,0
390,2,0
1,1,0
2,1,0
3,1,0
4,1,0
5,1,0
6,1,0
7,1,0
8,1,0
9,1,0
10,1,0
11,1,0
12,1,0
13,1,0
14,1,0
15,1,0
16,1,0
17,1,0
18,1,0
19,1,0
20,1,0
21,1,0
22,1,0
23,1,0
24,1,0
25,1,0
26,1,0
27,1,0
28,1,0
29,1,0
30,1,0
31,1,0
32,1,0
33,1,0
34,1,0
35,1,0
36,1,0
37,1,0
38,1,0
39,1,0
40,1,0
41,1,0
42,1,0
43,1,0
44,1,0
45,1,0
46,1,0
47,1,0
48,1,0
49,1,0
50,1,0
51,1,0
52,1,0
53,1,0
54,1,0
55,1,0
56,1,0
57,1,0
58,1,0
59,1,0
60,1,0
61,1,0
62,1,0
63,1,0
64,1,0
65,1,0
66,1,0
67,1,0
68,1,0
69,1,0
70,1,0
71,1,0
72,1,3
73,1,3
74,1,3
75,1,3
76,1,3
77,1,3
78,1,3
79,1,3
80,1,3
81,1,3
82,1,3
83,1,3
84,1,3
85,1,3
86,1,0
87,1,0
88,1,0
89,1,0
90,1,0
91,1,0
92,1,0
93,1,0
94,1,0
95,1,0
96,1,0
97,1,0
98,1,0
99,1,0
100,1,0
101,1,0
102,1,0
103,1,0
104,1,0
105,1,0
106,1,0
107,1,0
108,1,0
109,1,0
110,1,0
111,1,0
112,1,0
113,1,0
114,1,0
115,1,0
116,1,0
117,1,0
118,1,0
119,1,0
120,1,0
121,1,0
122,1,0
123,1,0
124,1,0
125,1,0
126,1,0
127,1,0
128,1,0
129,1,0
130,1,0
131,1,0
132,1,0
133,1,0
134,1,0
135,1,0
136,1,0
137,1,0
138,1,0
139,1,0
140,1,0
141,1,0
142,1,0
143,1,0
144,1,0
145,1,0
146,1,0
147,1,0
148,1,0
149,1,0
150,1,0
151,1,0
152,1,0
153,1,0
154,1,0
155,1,0
156,1,0
157,1,0
158,1,0
159,1,0
160,1,0
161,1,0
162,1,0
163,1,0
164,1,0
165,1,0
166,1,0
167,1,0
168,1,0
169,1,0
170,1,0
171,1,0
172,1,0
173,1,0
174,1,0
175,1,0
176,1,0
177,1,0
178,1,0
179,1,0
180,1,0
181,1,0
182,1,0
183,1,0
184,1,0
185,1,0
186,1,0
187,1,0
188,1,0
189,1,0
190,1,0
191,1,0
192,1,0
193,1,0
194,1,0
195,1,0
196,1,0
197,1,0
198,1,0
199,1,0
200,1,0
201,1,0
202,1,0
203,1,0
204,1,0
205,1,0
206,1,0
207,1,0
208,1,0
209,1,0
210,1,0
211,1,0
212,1,0
213,1,0
214,1,0
215,1,0
216,1,0
217,1,0
218,1,0
219,1,0
220,1,0
221,1,0
222,1,0
223,1,0
224,1,0
225,1,0
226,1,0
227,1,0
228,1,0
229,1,0
230,1,0
231,1,0
232,1,0
233,1,0
234,1,0
235,1,0
236,1,0
237,1,0
238,1,0
239,1,0
240,1,0
241,1,0
242,1,0
243,1,0
244,1,0
245,1,0
246,1,0
247,1,0
248,1,0
249,1,0
250,1,0
251,1,0
252,1,0
253,1,0
254,1,0
255,1,0
256,1,0
257,1,0
258,1,0
259,1,0
260,1,0
261,1,0
262,1,0
263,1,0
264,1,0
265,1,0
266,1,0
267,1,0
268,1,0
269,1,0
270,1,0
271,1,0
272,1,0
273,1,0
274,1,0
275,1,0
276,1,0
277,1,0
278,1,0
279,1,0
280,1,0
281,1,0
282,1,0
283,1,0
284,1,0
285,1,0
286,1,0
287,1,0
288,1,0
289,1,0
290,1,0
291,1,0
292,1,0
293,1,0
294,1,0
295,1,0
296,1,0
297,1,0
298,1,0
299,1,0
300,1,0
301,1,0
302,1,0
303,1,0
304,1,0
305,1,0
306,1,0
307,1,0
308,1,0
309,1,0
310,1,0
311,1,0
312,1,0
313,1,0
314,1,0
315,1,0
316,1,0
317,1,0
318,1,0
319,1,0
320,1,0
321,1,0
322,1,0
323,1,0
324,1,0
325,1,0
326,1,0
327,1,0
328,1,0
329,1,0
330,1,0
331,1,0
332,1,0
333,1,0
334,1,0
335,1,0
336,1,0
337,1,0
338,1,0
339,1,0
340,1,0
341,1,0
342,1,0
343,1,0
344,1,0
345,1,0
346,1,0
347,1,0
348,1,0
349,1,0
350,1,0
351,1,0
352,1,0
353,1,0
354,1,0
355,1,0
356,1,0
357,1,0
358,1,0
359,1,0
360,1,0
361,1,0
362,1,0
363,1,0
364,1,0
365,1,0
366,1,0
367,1,0
368,1,0
369,1,0
370,1,0
371,1,0
372,1,0
373,1,0
374,1,0
375,1,0
376,1,0
377,1,0
378,1,0
379,1,0
380,1,0
381,1,0
382,1,0
383,1,0
384,1,0
385,1,0
386,1,0
387,1,0
388,1,0
389,1,0
390,1,0
