1,1,0
2,1,0
3,1,0
4,1,0
5,1,0
6,1,0
7,1,0
8,1,0
9,1,0
10,1,0
11,1,0
12,1,0
13,1,0
14,1,0
15,1,0
16,1,0
17,1,0
18,1,0
19,1,0
20,1,0
21,1,0
22,1,0
23,1,0
24,1,0
25,1,0
26,1,0
27,1,0
28,1,0
29,1,0
30,1,0
31,1,0
32,1,0
33,1,0
34,1,0
35,1,0
36,1,0
37,1,0
38,1,0
39,1,0
40,1,0
41,1,0
42,1,0
43,1,0
44,1,0
45,1,0
46,1,0
47,1,0
48,1,0
49,1,0
50,1,0
51,1,0
52,1,0
53,1,0
54,1,0
55,1,0
56,1,0
57,1,0
58,1,0
59,1,0
60,1,0
61,1,0
62,1,0
63,1,0
64,1,0
65,1,0
66,1,0
67,1,0
68,1,0
69,1,0
70,1,0
71,1,0
72,1,0
73,1,0
74,1,0
75,1,0
76,1,0
77,1,0
78,1,0
79,1,0
80,1,0
81,1,0
82,1,0
83,1,0
84,1,0
85,1,0
86,1,0
87,1,0
88,1,0
89,1,0
90,1,0
91,1,0
92,1,0
93,1,0
94,1,0
95,1,0
96,1,0
97,1,0
98,1,0
99,1,0
100,1,0
101,1,0
102,1,0
103,1,0
104,1,0
105,1,0
106,1,0
107,1,0
108,1,0
109,1,0
110,1,0
111,1,0
112,1,0
113,1,0
114,1,0
115,1,0
116,1,0
117,1,0
118,1,0
119,1,0
120,1,0
121,1,0
122,1,0
123,1,0
124,1,0
125,1,0
126,1,0
127,1,0
128,1,0
129,1,0
130,1,0
131,1,0
132,1,0
133,1,0
134,1,0
135,1,0
136,1,0
137,1,0
138,1,0
139,1,0
140,1,0
141,1,0
142,1,0
143,1,0
144,1,0
145,1,0
146,1,0
147,1,0
148,1,0
149,1,0
150,1,0
151,1,0
152,1,0
153,1,0
154,1,0
155,1,0
156,1,0
157,1,0
158,1,0
159,1,0
160,1,3
161,1,3
162,1,3
163,1,3
164,1,3
165,1,3
166,1,3
167,1,3
168,1,3
169,1,3
170,1,3
171,1,3
172,1,3
173,1,3
174,1,3
175,1,0
176,1,0
177,1,0
178,1,0
179,1,0
180,1,0
181,1,0
182,1,0
183,1,0
184,1,0
185,1,0
186,1,0
187,1,0
188,1,0
189,1,0
190,1,0
191,1,0
192,1,0
193,1,0
194,1,0
195,1,0
196,1,0
197,1,0
198,1,0
199,1,0
200,1,0
201,1,0
202,1,0
203,1,0
204,1,0
205,1,0
206,1,0
207,1,0
208,1,0
209,1,0
210,1,0
211,1,0
212,1,0
213,1,0
214,1,0
215,1,0
216,1,0
217,1,0
218,1,0
219,1,0
220,1,0
221,1,0
222,1,0
223,1,0
224,1,0
225,1,0
226,1,0
227,1,0
228,1,0
229,1,0
230,1,0
231,1,0
232,1,0
233,1,0
234,1,0
235,1,0
236,1,0
237,1,0
238,1,0
239,1,0
240,1,0
241,1,0
242,1,0
243,1,0
244,1,0
245,1,0
246,1,0
247,1,0
248,1,0
249,1,0
250,1,0
251,1,0
252,1,0
253,1,0
254,1,0
255,1,0
256,1,0
257,1,0
258,1,0
259,1,0
260,1,0
261,1,0
262,1,0
263,1,0
264,1,0
265,1,0
266,1,0
267,1,0
268,1,0
269,1,0
270,1,0
271,1,0
272,1,0
273,1,0
274,1,0
275,1,0
276,1,0
277,1,0
278,1,0
279,1,0
280,1,0
281,1,0
282,1,0
283,1,0
284,1,0
285,1,0
286,1,0
287,1,0
288,1,0
289,1,0
290,1,0
291,1,0
1,2,0
2,2,0
3,2,0
4,2,0
5,2,0
6,2,0
7,2,0
8,2,0
9,2,0
10,2,0
11,2,0
12,2,0
13,2,0
14,2,0
15,2,0
16,2,0
17,2,0
18,2,0
19,2,0
20,2,0
21,2,0
22,2,0
23,2,0
24,2,0
25,2,0
26,2,0
27,2,0
28,2,0
29,2,0
30,2,0
31,2,0
32,2,0
33,2,0
34,2,0
35,2,0
36,2,0
37,2,0
38,2,0
39,2,0
40,2,0
41,2,0
42,2,0
43,2,0
44,2,0
45,2,0
46,2,0
47,2,0
48,2,0
49,2,0
50,2,0
51,2,0
52,2,0
53,2,0
54,2,0
55,2,0
56,2,0
57,2,0
58,2,0
59,2,0
60,2,0
61,2,0
62,2,0
63,2,0
64,2,0
65,2,0
66,2,0
67,2,0
68,2,0
69,2,0
70,2,0
71,2,0
72,2,0
73,2,0
74,2,0
75,2,0
76,2,0
77,2,0
78,2,0
79,2,0
80,2,0
81,2,0
82,2,0
83,2,0
84,2,0
85,2,0
86,2,0
87,2,0
88,2,0
89,2,0
90,2,0
91,2,0
92,2,0
93,2,0
94,2,0
95,2,0
96,2,0
97,2,0
98,2,0
99,2,0
100,2,0
101,2,0
102,2,0
103,2,0
104,2,0
105,2,0
106,2,0
107,2,0
108,2,0
109,2,0
110,2,0
111,2,0
112,2,0
113,2,0
114,2,0
115,2,0
116,2,0
117,2,0
118,2,0
119,2,0
120,2,0
121,2,0
122,2,0
123,2,0
124,2,0
125,2,0
126,2,0
127,2,0
128,2,0
129,2,0
130,2,0
131,2,0
132,2,0
133,2,0
134,2,0
135,2,0
136,2,0
137,2,0
138,2,0
139,2,0
140,2,0
141,2,0
142,2,0
143,2,0
144,2,0
145,2,0
146,2,0
147,2,0
148,2,0
149,2,0
150,2,0
151,2,0
152,2,0
153,2,0
154,2,0
155,2,0
156,2,0
157,2,0
158,2,0
159,2,0
160,2,3
161,2,3
162,2,3
163,2,3
164,2,3
165,2,3
166,2,3
167,2,3
168,2,3
169,2,3
170,2,3
171,2,3
172,2,3
173,2,3
174,2,3
175,2,0
176,2,0
177,2,0
178,2,0
179,2,0
180,2,0
181,2,0
182,2,0
183,2,0
184,2,0
185,2,0
186,2,0
187,2,0
188,2,0
189,2,0
190,2,0
191,2,0
192,2,0
193,2,0
194,2,0
195,2,0
196,2,0
197,2,0
198,2,0
199,2,0
200,2,0
201,2,0
202,2,0
203,2,0
204,2,0
205,2,0
206,2,0
207,2,0
208,2,0
209,2,0
210,2,0
211,2,0
212,2,0
213,2,0
214,2,0
215,2,0
216,2,0
217,2,0
218,2,0
219,2,0
220,2,0
221,2,0
222,2,0
223,2,0
224,2,0
225,2,0
226,2,0
227,2,0
228,2,0
229,2,0
230,2,0
231,2,0
232,2,0
233,2,0
234,2,0
235,2,0
236,2,0
237,2,0
238,2,0
239,2,0
240,2,0
241,2,0
242,2,0
243,2,0
244,2,0
245,2,0
246,2,0
247,2,0
248,2,0
249,2,0
250,2,0
251,2,0
252,2,0
253,2,0
254,2,0
255,2,0
256,2,0
257,2,0
258,2,0
259,2,0
260,2,0
261,2,0
262,2,0
263,2,0
264,2,0
265,2,0
266,2,0
267,2,0
268,2,0
269,2,0
270,2,0
271,2,0
272,2,0
273,2,0
274,2,0
275,2,0
276,2,0
277,2,0
278,2,0
279,2,0
280,2,0
281,2,0
282,2,0
283,2,0
284,2,0
285,2,0
286,2,0
287,2,0
288,2,0
289,2,0
290,2,0
291,2,0
1,3,0
2,3,0
3,3,0
4,3,0
5,3,0
6,3,0
7,3,0
8,3,0
9,3,0
10,3,0
11,3,0
12,3,0
13,3,0
14,3,0
15,3,0
16,3,0
17,3,0
18,3,0
19,3,0
20,3,0
21,3,0
22,3,0
23,3,0
24,3,0
25,3,0
26,3,0
27,3,0
28,3,0
29,3,0
30,3,0
31,3,0
32,3,0
33,3,0
34,3,0
35,3,0
36,3,0
37,3,0
38,3,0
39,3,0
40,3,0
41,3,0
42,3,0
43,3,0
44,3,0
45,3,0
46,3,0
47,3,0
48,3,0
49,3,0
50,3,0
51,3,0
52,3,0
53,3,0
54,3,0
55,3,0
56,3,0
57,3,0
58,3,0
59,3,0
60,3,0
61,3,0
62,3,0
63,3,0
64,3,0
65,3,0
66,3,0
67,3,0
68,3,0
69,3,0
70,3,0
71,3,0
72,3,0
73,3,0
74,3,0
75,3,0
76,3,0
77,3,0
78,3,0
79,3,0
80,3,0
81,3,0
82,3,0
83,3,0
84,3,0
85,3,0
86,3,0
87,3,0
88,3,0
89,3,0
90,3,0
91,3,0
92,3,0
93,3,0
94,3,0
95,3,0
96,3,0
97,3,0
98,3,0
99,3,0
100,3,0
101,3,0
102,3,0
103,3,0
104,3,0
105,3,0
106,3,0
107,3,0
108,3,0
109,3,0
110,3,0
111,3,0
112,3,0
113,3,0
114,3,0
115,3,0
116,3,0
117,3,0
118,3,0
119,3,0
120,3,0
121,3,0
122,3,0
123,3,0
124,3,0
125,3,0
126,3,0
127,3,0
128,3,0
129,3,0
130,3,0
131,3,0
132,3,0
133,3,0
134,3,0
135,3,0
136,3,0
137,3,0
138,3,0
139,3,0
140,3,0
141,3,0
142,3,0
143,3,0
144,3,0
145,3,0
146,3,0
147,3,0
148,3,0
149,3,0
150,3,0
151,3,0
152,3,0
153,3,0
154,3,0
155,3,0
156,3,0
157,3,0
158,3,0
159,3,0
160,3,3
161,3,3
162,3,3
163,3,3
164,3,3
165,3,3
166,3,3
167,3,3
168,3,3
169,3,3
170,3,3
171,3,3
172,3,3
173,3,3
174,3,3
175,3,0
176,3,0
177,3,0
178,3,0
179,3,0
180,3,0
181,3,0
182,3,0
183,3,0
184,3,0
185,3,0
186,3,0
187,3,0
188,3,0
189,3,0
190,3,0
191,3,0
192,3,0
193,3,0
194,3,0
195,3,0
196,3,0
197,3,0
198,3,0
199,3,0
200,3,0
201,3,0
202,3,0
203,3,0
204,3,0
205,3,0
206,3,0
207,3,0
208,3,0
209,3,0
210,3,0
211,3,0
212,3,0
213,3,0
214,3,0
215,3,0
216,3,0
217,3,0
218,3,0
219,3,0
220,3,0
221,3,0
222,3,0
223,3,0
224,3,0
225,3,0
226,3,0
227,3,0
228,3,0
229,3,0
230,3,0
231,3,0
232,3,0
233,3,0
234,3,0
235,3,0
236,3,0
237,3,0
238,3,0
239,3,0
240,3,0
241,3,0
242,3,0
243,3,0
244,3,0
245,3,0
246,3,0
247,3,0
248,3,0
249,3,0
250,3,0
251,3,0
252,3,0
253,3,0
254,3,0
255,3,0
256,3,0
257,3,0
258,3,0
259,3,0
260,3,0
261,3,0
262,3,0
263,3,0
264,3,0
265,3,0
266,3,0
267,3,0
268,3,0
269,3,0
270,3,0
271,3,0
272,3,0
273,3,0
274,3,0
275,3,0
276,3,0
277,3,0
278,3,0
279,3,0
280,3,0
281,3,0
282,3,0
283,3,0
284,3,0
285,3,0
286,3,0
287,3,0
288,3,0
289,3,0
290,3,0
291,3,0
1,4,0
2,4,0
3,4,0
4,4,0
5,4,0
6,4,0
7,4,0
8,4,0
9,4,0
10,4,0
11,4,0
12,4,0
13,4,0
14,4,0
15,4,0
16,4,0
17,4,0
18,4,0
19,4,0
20,4,0
21,4,0
22,4,0
23,4,0
24,4,0
25,4,0
26,4,0
27,4,0
28,4,0
29,4,0
30,4,0
31,4,0
32,4,0
33,4,0
34,4,0
35,4,0
36,4,0
37,4,0
38,4,0
39,4,0
40,4,0
41,4,0
42,4,0
43,4,0
44,4,0
45,4,0
46,4,0
47,4,0
48,4,0
49,4,0
50,4,0
51,4,0
52,4,0
53,4,0
54,4,0
55,4,0
56,4,0
57,4,0
58,4,0
59,4,0
60,4,0
61,4,0
62,4,0
63,4,0
64,4,0
65,4,0
66,4,0
67,4,0
68,4,0
69,4,0
70,4,0
71,4,0
72,4,0
73,4,0
74,4,0
75,4,0
76,4,0
77,4,0
78,4,0
79,4,0
80,4,0
81,4,0
82,4,0
83,4,0
84,4,0
85,4,0
86,4,0
87,4,0
88,4,0
89,4,0
90,4,0
91,4,0
92,4,0
93,4,0
94,4,0
95,4,0
96,4,0
97,4,0
98,4,0
99,4,0
100,4,0
101,4,0
102,4,0
103,4,0
104,4,0
105,4,0
106,4,0
107,4,0
108,4,0
109,4,0
110,4,0
111,4,0
112,4,0
113,4,0
114,4,0
115,4,0
116,4,0
117,4,0
118,4,0
119,4,0
120,4,0
121,4,0
122,4,0
123,4,0
124,4,0
125,4,0
126,4,0
127,4,0
128,4,0
129,4,0
130,4,0
131,4,0
132,4,0
133,4,0
134,4,0
135,4,0
136,4,0
137,4,0
138,4,0
139,4,0
140,4,0
141,4,0
142,4,0
143,4,3
144,4,3
145,4,3
146,4,3
147,4,0
148,4,0
149,4,0
150,4,0
151,4,0
152,4,0
153,4,0
154,4,0
155,4,0
156,4,0
157,4,0
158,4,3
159,4,3
160,4,3
161,4,3
162,4,3
163,4,3
164,4,3
165,4,3
166,4,3
167,4,3
168,4,3
169,4,3
170,4,3
171,4,3
172,4,3
173,4,3
174,4,3
175,4,3
176,4,3
177,4,0
178,4,0
179,4,0
180,4,0
181,4,0
182,4,0
183,4,0
184,4,0
185,4,0
186,4,0
187,4,0
188,4,0
189,4,0
190,4,0
191,4,0
192,4,0
193,4,0
194,4,0
195,4,0
196,4,0
197,4,0
198,4,0
199,4,0
200,4,0
201,4,0
202,4,0
203,4,0
204,4,0
205,4,0
206,4,0
207,4,0
208,4,0
209,4,0
210,4,0
211,4,0
212,4,0
213,4,0
214,4,0
215,4,0
216,4,0
217,4,0
218,4,0
219,4,0
220,4,0
221,4,0
222,4,0
223,4,0
224,4,0
225,4,0
226,4,0
227,4,0
228,4,0
229,4,0
230,4,0
231,4,0
232,4,0
233,4,0
234,4,0
235,4,0
236,4,0
237,4,0
238,4,0
239,4,0
240,4,0
241,4,0
242,4,0
243,4,0
244,4,0
245,4,0
246,4,0
247,4,0
248,4,0
249,4,0
250,4,0
251,4,0
252,4,0
253,4,0
254,4,0
255,4,0
256,4,0
257,4,0
258,4,0
259,4,0
260,4,0
261,4,0
262,4,0
263,4,0
264,4,0
265,4,0
266,4,0
267,4,0
268,4,0
269,4,0
270,4,0
271,4,0
272,4,0
273,4,0
274,4,0
275,4,0
276,4,0
277,4,0
278,4,0
279,4,0
280,4,0
281,4,0
282,4,0
283,4,0
284,4,0
285,4,0
286,4,0
287,4,0
288,4,0
289,4,0
290,4,0
291,4,0
1,5,0
2,5,0
3,5,0
4,5,0
5,5,0
6,5,0
7,5,0
8,5,0
9,5,0
10,5,0
11,5,0
12,5,0
13,5,0
14,5,0
15,5,0
16,5,0
17,5,0
18,5,0
19,5,0
20,5,0
21,5,0
22,5,0
23,5,0
24,5,0
25,5,0
26,5,0
27,5,0
28,5,0
29,5,0
30,5,0
31,5,0
32,5,0
33,5,0
34,5,0
35,5,0
36,5,0
37,5,0
38,5,0
39,5,0
40,5,0
41,5,0
42,5,0
43,5,0
44,5,0
45,5,0
46,5,0
47,5,0
48,5,0
49,5,0
50,5,0
51,5,0
52,5,0
53,5,0
54,5,0
55,5,0
56,5,0
57,5,0
58,5,0
59,5,0
60,5,0
61,5,0
62,5,0
63,5,0
64,5,0
65,5,0
66,5,0
67,5,0
68,5,0
69,5,0
70,5,0
71,5,0
72,5,0
73,5,0
74,5,0
75,5,0
76,5,0
77,5,0
78,5,0
79,5,0
80,5,0
81,5,0
82,5,0
83,5,0
84,5,0
85,5,0
86,5,0
87,5,0
88,5,0
89,5,0
90,5,0
91,5,0
92,5,0
93,5,0
94,5,0
95,5,0
96,5,0
97,5,0
98,5,0
99,5,0
100,5,0
101,5,0
102,5,0
103,5,0
104,5,0
105,5,0
106,5,0
107,5,0
108,5,0
109,5,0
110,5,0
111,5,0
112,5,0
113,5,0
114,5,0
115,5,0
116,5,0
117,5,0
118,5,0
119,5,0
120,5,0
121,5,0
122,5,0
123,5,0
124,5,0
125,5,0
126,5,0
127,5,0
128,5,0
129,5,0
130,5,0
131,5,0
132,5,0
133,5,0
134,5,0
135,5,0
136,5,0
137,5,0
138,5,0
139,5,0
140,5,0
141,5,0
142,5,3
143,5,3
144,5,3
145,5,3
146,5,3
147,5,3
148,5,3
149,5,0
150,5,0
151,5,0
152,5,0
153,5,0
154,5,0
155,5,0
156,5,0
157,5,3
158,5,3
159,5,3
160,5,3
161,5,3
162,5,3
163,5,3
164,5,3
165,5,3
166,5,3
167,5,3
168,5,3
169,5,3
170,5,3
171,5,3
172,5,3
173,5,3
174,5,3
175,5,3
176,5,3
177,5,3
178,5,0
179,5,0
180,5,0
181,5,0
182,5,0
183,5,0
184,5,0
185,5,0
186,5,0
187,5,0
188,5,0
189,5,0
190,5,0
191,5,0
192,5,0
193,5,0
194,5,0
195,5,0
196,5,0
197,5,0
198,5,0
199,5,0
200,5,0
201,5,0
202,5,0
203,5,0
204,5,0
205,5,0
206,5,0
207,5,0
208,5,0
209,5,0
210,5,0
211,5,0
212,5,0
213,5,0
214,5,0
215,5,0
216,5,0
217,5,0
218,5,0
219,5,0
220,5,0
221,5,0
222,5,0
223,5,0
224,5,0
225,5,0
226,5,0
227,5,0
228,5,0
229,5,0
230,5,0
231,5,0
232,5,0
233,5,0
234,5,0
235,5,0
236,5,0
237,5,0
238,5,0
239,5,0
240,5,0
241,5,0
242,5,0
243,5,0
244,5,0
245,5,0
246,5,0
247,5,0
248,5,0
249,5,0
250,5,0
251,5,0
252,5,0
253,5,0
254,5,0
255,5,0
256,5,0
257,5,0
258,5,0
259,5,0
260,5,0
261,5,0
262,5,0
263,5,0
264,5,0
265,5,0
266,5,0
267,5,0
268,5,0
269,5,0
270,5,0
271,5,0
272,5,0
273,5,0
274,5,0
275,5,0
276,5,0
277,5,0
278,5,0
279,5,0
280,5,0
281,5,0
282,5,0
283,5,0
284,5,0
285,5,0
286,5,0
287,5,0
288,5,0
289,5,0
290,5,0
291,5,0
1,6,0
2,6,0
3,6,0
4,6,0
5,6,0
6,6,0
7,6,0
8,6,0
9,6,0
10,6,0
11,6,0
12,6,0
13,6,0
14,6,0
15,6,0
16,6,0
17,6,0
18,6,0
19,6,0
20,6,0
21,6,0
22,6,0
23,6,0
24,6,0
25,6,0
26,6,0
27,6,0
28,6,0
29,6,0
30,6,0
31,6,0
32,6,0
33,6,0
34,6,0
35,6,0
36,6,0
37,6,0
38,6,0
39,6,0
40,6,0
41,6,0
42,6,0
43,6,0
44,6,0
45,6,0
46,6,0
47,6,0
48,6,0
49,6,0
50,6,0
51,6,0
52,6,0
53,6,0
54,6,0
55,6,0
56,6,0
57,6,0
58,6,0
59,6,0
60,6,0
61,6,0
62,6,0
63,6,0
64,6,0
65,6,0
66,6,0
67,6,0
68,6,0
69,6,0
70,6,0
71,6,0
72,6,0
73,6,0
74,6,0
75,6,0
76,6,0
77,6,0
78,6,0
79,6,0
80,6,0
81,6,0
82,6,0
83,6,0
84,6,0
85,6,0
86,6,0
87,6,0
88,6,0
89,6,0
90,6,0
91,6,0
92,6,0
93,6,0
94,6,0
95,6,0
96,6,0
97,6,0
98,6,0
99,6,0
100,6,0
101,6,0
102,6,0
103,6,0
104,6,0
105,6,0
106,6,0
107,6,0
108,6,0
109,6,0
110,6,0
111,6,0
112,6,0
113,6,0
114,6,0
115,6,0
116,6,0
117,6,0
118,6,0
119,6,0
120,6,0
121,6,0
122,6,0
123,6,0
124,6,0
125,6,0
126,6,0
127,6,0
128,6,0
129,6,0
130,6,0
131,6,0
132,6,0
133,6,0
134,6,0
135,6,0
136,6,0
137,6,0
138,6,0
139,6,0
140,6,3
141,6,3
142,6,3
143,6,3
144,6,3
145,6,3
146,6,3
147,6,3
148,6,3
149,6,3
150,6,3
151,6,3
152,6,3
153,6,3
154,6,3
155,6,3
156,6,3
157,6,3
158,6,3
159,6,3
160,6,3
161,6,3
162,6,3
163,6,3
164,6,3
165,6,3
166,6,3
167,6,3
168,6,3
169,6,3
170,6,3
171,6,3
172,6,3
173,6,3
174,6,3
175,6,3
176,6,3
177,6,3
178,6,3
179,6,3
180,6,3
181,6,3
182,6,0
183,6,0
184,6,0
185,6,0
186,6,0
187,6,0
188,6,0
189,6,0
190,6,0
191,6,0
192,6,0
193,6,3
194,6,3
195,6,0
196,6,0
197,6,0
198,6,0
199,6,0
200,6,0
201,6,0
202,6,0
203,6,0
204,6,0
205,6,0
206,6,0
207,6,0
208,6,0
209,6,0
210,6,0
211,6,0
212,6,0
213,6,0
214,6,0
215,6,0
216,6,0
217,6,0
218,6,0
219,6,0
220,6,0
221,6,0
222,6,0
223,6,0
224,6,0
225,6,0
226,6,0
227,6,0
228,6,0
229,6,0
230,6,0
231,6,0
232,6,0
233,6,0
234,6,0
235,6,0
236,6,0
237,6,0
238,6,0
239,6,0
240,6,0
241,6,0
242,6,0
243,6,0
244,6,0
245,6,0
246,6,0
247,6,0
248,6,0
249,6,0
250,6,0
251,6,0
252,6,0
253,6,0
254,6,0
255,6,0
256,6,0
257,6,0
258,6,0
259,6,0
260,6,0
261,6,0
262,6,0
263,6,0
264,6,0
265,6,0
266,6,0
267,6,0
268,6,0
269,6,0
270,6,0
271,6,0
272,6,0
273,6,0
274,6,0
275,6,0
276,6,0
277,6,0
278,6,0
279,6,0
280,6,0
281,6,0
282,6,0
283,6,0
284,6,0
285,6,0
286,6,0
287,6,0
288,6,0
289,6,0
290,6,0
291,6,0
1,7,0
2,7,0
3,7,0
4,7,0
5,7,0
6,7,0
7,7,0
8,7,0
9,7,0
10,7,0
11,7,0
12,7,0
13,7,0
14,7,0
15,7,0
16,7,0
17,7,0
18,7,0
19,7,0
20,7,0
21,7,0
22,7,0
23,7,0
24,7,0
25,7,0
26,7,0
27,7,0
28,7,0
29,7,0
30,7,0
31,7,0
32,7,0
33,7,0
34,7,0
35,7,0
36,7,0
37,7,0
38,7,0
39,7,0
40,7,0
41,7,0
42,7,0
43,7,0
44,7,0
45,7,0
46,7,0
47,7,0
48,7,0
49,7,0
50,7,0
51,7,0
52,7,0
53,7,0
54,7,0
55,7,0
56,7,0
57,7,0
58,7,0
59,7,0
60,7,0
61,7,0
62,7,0
63,7,0
64,7,0
65,7,0
66,7,0
67,7,0
68,7,0
69,7,0
70,7,0
71,7,0
72,7,0
73,7,0
74,7,0
75,7,0
76,7,0
77,7,0
78,7,0
79,7,0
80,7,0
81,7,0
82,7,0
83,7,0
84,7,0
85,7,0
86,7,0
87,7,0
88,7,0
89,7,0
90,7,0
91,7,0
92,7,0
93,7,0
94,7,0
95,7,0
96,7,0
97,7,0
98,7,0
99,7,0
100,7,0
101,7,0
102,7,0
103,7,0
104,7,0
105,7,0
106,7,0
107,7,0
108,7,0
109,7,0
110,7,0
111,7,0
112,7,0
113,7,0
114,7,0
115,7,0
116,7,0
117,7,0
118,7,0
119,7,0
120,7,0
121,7,0
122,7,0
123,7,0
124,7,0
125,7,0
126,7,0
127,7,0
128,7,0
129,7,0
130,7,0
131,7,0
132,7,0
133,7,0
134,7,0
135,7,0
136,7,0
137,7,0
138,7,0
139,7,3
140,7,3
141,7,3
142,7,3
143,7,3
144,7,3
145,7,3
146,7,3
147,7,3
148,7,3
149,7,3
150,7,3
151,7,3
152,7,3
153,7,3
154,7,3
155,7,3
156,7,3
157,7,3
158,7,3
159,7,3
160,7,3
161,7,3
162,7,3
163,7,3
164,7,3
165,7,3
166,7,3
167,7,3
168,7,3
169,7,3
170,7,3
171,7,3
172,7,3
173,7,3
174,7,3
175,7,3
176,7,3
177,7,3
178,7,3
179,7,3
180,7,3
181,7,3
182,7,0
183,7,0
184,7,0
185,7,0
186,7,0
187,7,0
188,7,0
189,7,0
190,7,3
191,7,3
192,7,3
193,7,3
194,7,3
195,7,3
196,7,3
197,7,3
198,7,0
199,7,0
200,7,0
201,7,0
202,7,0
203,7,0
204,7,0
205,7,0
206,7,0
207,7,0
208,7,0
209,7,0
210,7,0
211,7,0
212,7,0
213,7,0
214,7,0
215,7,0
216,7,0
217,7,0
218,7,0
219,7,0
220,7,0
221,7,0
222,7,0
223,7,0
224,7,0
225,7,0
226,7,0
227,7,0
228,7,0
229,7,0
230,7,0
231,7,0
232,7,0
233,7,0
234,7,0
235,7,0
236,7,0
237,7,0
238,7,0
239,7,0
240,7,0
241,7,0
242,7,0
243,7,0
244,7,0
245,7,0
246,7,0
247,7,0
248,7,0
249,7,0
250,7,0
251,7,0
252,7,0
253,7,0
254,7,0
255,7,0
256,7,0
257,7,0
258,7,0
259,7,0
260,7,0
261,7,0
262,7,0
263,7,0
264,7,0
265,7,0
266,7,0
267,7,0
268,7,0
269,7,0
270,7,0
271,7,0
272,7,0
273,7,0
274,7,0
275,7,0
276,7,0
277,7,0
278,7,0
279,7,0
280,7,0
281,7,0
282,7,0
283,7,0
284,7,0
285,7,0
286,7,0
287,7,0
288,7,0
289,7,0
290,7,0
291,7,0
1,8,0
2,8,0
3,8,0
4,8,0
5,8,0
6,8,0
7,8,0
8,8,0
9,8,0
10,8,0
11,8,0
12,8,0
13,8,0
14,8,0
15,8,0
16,8,0
17,8,0
18,8,0
19,8,0
20,8,0
21,8,0
22,8,0
23,8,0
24,8,0
25,8,0
26,8,0
27,8,0
28,8,0
29,8,0
30,8,0
31,8,0
32,8,0
33,8,0
34,8,0
35,8,0
36,8,0
37,8,0
38,8,0
39,8,0
40,8,0
41,8,0
42,8,0
43,8,0
44,8,0
45,8,0
46,8,0
47,8,0
48,8,0
49,8,0
50,8,0
51,8,0
52,8,0
53,8,0
54,8,0
55,8,0
56,8,0
57,8,0
58,8,0
59,8,0
60,8,0
61,8,0
62,8,0
63,8,0
64,8,0
65,8,0
66,8,0
67,8,0
68,8,0
69,8,0
70,8,0
71,8,0
72,8,0
73,8,0
74,8,0
75,8,0
76,8,0
77,8,0
78,8,0
79,8,0
80,8,0
81,8,0
82,8,0
83,8,0
84,8,0
85,8,0
86,8,0
87,8,0
88,8,0
89,8,0
90,8,0
91,8,0
92,8,0
93,8,0
94,8,0
95,8,0
96,8,0
97,8,0
98,8,0
99,8,0
100,8,0
101,8,0
102,8,0
103,8,0
104,8,0
105,8,0
106,8,0
107,8,0
108,8,0
109,8,0
110,8,0
111,8,0
112,8,0
113,8,0
114,8,0
115,8,0
116,8,0
117,8,0
118,8,0
119,8,0
120,8,0
121,8,0
122,8,0
123,8,0
124,8,0
125,8,0
126,8,0
127,8,0
128,8,0
129,8,0
130,8,0
131,8,0
132,8,0
133,8,0
134,8,0
135,8,0
136,8,0
137,8,0
138,8,3
139,8,3
140,8,3
141,8,3
142,8,3
143,8,3
144,8,3
145,8,3
146,8,3
147,8,3
148,8,3
149,8,3
150,8,3
151,8,3
152,8,3
153,8,3
154,8,3
155,8,3
156,8,3
157,8,3
158,8,3
159,8,3
160,8,3
161,8,3
162,8,3
163,8,3
164,8,3
165,8,3
166,8,3
167,8,3
168,8,3
169,8,3
170,8,3
171,8,3
172,8,3
173,8,3
174,8,3
175,8,3
176,8,3
177,8,3
178,8,3
179,8,3
180,8,3
181,8,3
182,8,3
183,8,3
184,8,3
185,8,3
186,8,3
187,8,3
188,8,3
189,8,3
190,8,3
191,8,3
192,8,3
193,8,3
194,8,3
195,8,3
196,8,3
197,8,3
198,8,3
199,8,3
200,8,0
201,8,0
202,8,0
203,8,0
204,8,0
205,8,0
206,8,0
207,8,0
208,8,0
209,8,0
210,8,0
211,8,0
212,8,0
213,8,0
214,8,0
215,8,0
216,8,0
217,8,0
218,8,0
219,8,0
220,8,0
221,8,0
222,8,0
223,8,0
224,8,0
225,8,0
226,8,0
227,8,0
228,8,0
229,8,0
230,8,0
231,8,0
232,8,0
233,8,0
234,8,0
235,8,0
236,8,0
237,8,0
238,8,0
239,8,0
240,8,0
241,8,0
242,8,0
243,8,0
244,8,0
245,8,0
246,8,0
247,8,0
248,8,0
249,8,0
250,8,0
251,8,0
252,8,0
253,8,0
254,8,0
255,8,0
256,8,0
257,8,0
258,8,0
259,8,0
260,8,0
261,8,0
262,8,0
263,8,0
264,8,0
265,8,0
266,8,0
267,8,0
268,8,0
269,8,0
270,8,0
271,8,0
272,8,0
273,8,0
274,8,0
275,8,0
276,8,0
277,8,0
278,8,0
279,8,0
280,8,0
281,8,0
282,8,0
283,8,0
284,8,0
285,8,0
286,8,0
287,8,0
288,8,0
289,8,0
290,8,0
291,8,0
1,9,0
2,9,0
3,9,0
4,9,0
5,9,0
6,9,0
7,9,0
8,9,0
9,9,0
10,9,0
11,9,0
12,9,0
13,9,0
14,9,0
15,9,0
16,9,0
17,9,0
18,9,0
19,9,0
20,9,0
21,9,0
22,9,0
23,9,0
24,9,0
25,9,0
26,9,0
27,9,0
28,9,0
29,9,0
30,9,0
31,9,0
32,9,0
33,9,0
34,9,0
35,9,0
36,9,0
37,9,0
38,9,0
39,9,0
40,9,0
41,9,0
42,9,0
43,9,0
44,9,0
45,9,0
46,9,0
47,9,0
48,9,0
49,9,0
50,9,0
51,9,0
52,9,0
53,9,0
54,9,0
55,9,0
56,9,0
57,9,0
58,9,0
59,9,0
60,9,0
61,9,0
62,9,0
63,9,0
64,9,0
65,9,0
66,9,0
67,9,0
68,9,0
69,9,0
70,9,0
71,9,0
72,9,0
73,9,0
74,9,0
75,9,0
76,9,0
77,9,0
78,9,0
79,9,0
80,9,0
81,9,0
82,9,0
83,9,0
84,9,0
85,9,0
86,9,0
87,9,0
88,9,0
89,9,0
90,9,0
91,9,0
92,9,0
93,9,0
94,9,0
95,9,0
96,9,0
97,9,0
98,9,0
99,9,0
100,9,0
101,9,0
102,9,0
103,9,0
104,9,0
105,9,0
106,9,0
107,9,0
108,9,0
109,9,0
110,9,0
111,9,0
112,9,0
113,9,0
114,9,0
115,9,0
116,9,0
117,9,0
118,9,0
119,9,0
120,9,0
121,9,0
122,9,0
123,9,0
124,9,0
125,9,0
126,9,0
127,9,0
128,9,0
129,9,0
130,9,0
131,9,0
132,9,0
133,9,0
134,9,0
135,9,0
136,9,0
137,9,3
138,9,3
139,9,3
140,9,3
141,9,3
142,9,3
143,9,3
144,9,3
145,9,3
146,9,3
147,9,3
148,9,3
149,9,3
150,9,3
151,9,3
152,9,3
153,9,3
154,9,3
155,9,3
156,9,3
157,9,3
158,9,3
159,9,3
160,9,3
161,9,3
162,9,3
163,9,3
164,9,3
165,9,3
166,9,3
167,9,3
168,9,3
169,9,3
170,9,3
171,9,3
172,9,3
173,9,3
174,9,3
175,9,3
176,9,3
177,9,3
178,9,3
179,9,3
180,9,3
181,9,3
182,9,3
183,9,3
184,9,3
185,9,3
186,9,3
187,9,3
188,9,3
189,9,3
190,9,3
191,9,3
192,9,3
193,9,3
194,9,3
195,9,3
196,9,3
197,9,3
198,9,3
199,9,3
200,9,3
201,9,0
202,9,0
203,9,0
204,9,0
205,9,0
206,9,0
207,9,0
208,9,0
209,9,0
210,9,0
211,9,0
212,9,0
213,9,0
214,9,0
215,9,0
216,9,0
217,9,0
218,9,0
219,9,0
220,9,0
221,9,0
222,9,0
223,9,0
224,9,0
225,9,0
226,9,0
227,9,0
228,9,0
229,9,0
230,9,0
231,9,0
232,9,0
233,9,0
234,9,0
235,9,0
236,9,0
237,9,0
238,9,0
239,9,0
240,9,0
241,9,0
242,9,0
243,9,0
244,9,0
245,9,0
246,9,0
247,9,0
248,9,0
249,9,0
250,9,0
251,9,0
252,9,0
253,9,0
254,9,0
255,9,0
256,9,0
257,9,0
258,9,0
259,9,0
260,9,0
261,9,0
262,9,0
263,9,0
264,9,0
265,9,0
266,9,0
267,9,0
268,9,0
269,9,0
270,9,0
271,9,0
272,9,0
273,9,0
274,9,0
275,9,0
276,9,0
277,9,0
278,9,0
279,9,0
280,9,0
281,9,0
282,9,0
283,9,0
284,9,0
285,9,0
286,9,0
287,9,0
288,9,0
289,9,0
290,9,0
291,9,0
1,10,0
2,10,0
3,10,0
4,10,0
5,10,0
6,10,0
7,10,0
8,10,0
9,10,0
10,10,0
11,10,0
12,10,0
13,10,0
14,10,0
15,10,0
16,10,0
17,10,0
18,10,0
19,10,0
20,10,0
21,10,0
22,10,0
23,10,0
24,10,0
25,10,0
26,10,0
27,10,0
28,10,0
29,10,0
30,10,0
31,10,0
32,10,0
33,10,0
34,10,0
35,10,0
36,10,0
37,10,0
38,10,0
39,10,0
40,10,0
41,10,0
42,10,0
43,10,0
44,10,0
45,10,0
46,10,0
47,10,0
48,10,0
49,10,0
50,10,0
51,10,0
52,10,0
53,10,0
54,10,0
55,10,0
56,10,0
57,10,0
58,10,0
59,10,0
60,10,0
61,10,0
62,10,0
63,10,0
64,10,0
65,10,0
66,10,0
67,10,0
68,10,0
69,10,0
70,10,0
71,10,0
72,10,0
73,10,0
74,10,0
75,10,0
76,10,0
77,10,0
78,10,0
79,10,0
80,10,0
81,10,0
82,10,0
83,10,0
84,10,0
85,10,0
86,10,0
87,10,0
88,10,0
89,10,0
90,10,0
91,10,0
92,10,0
93,10,0
94,10,0
95,10,0
96,10,0
97,10,0
98,10,0
99,10,0
100,10,0
101,10,0
102,10,0
103,10,0
104,10,0
105,10,0
106,10,0
107,10,0
108,10,0
109,10,0
110,10,0
111,10,0
112,10,0
113,10,0
114,10,0
115,10,0
116,10,0
117,10,0
118,10,0
119,10,0
120,10,0
121,10,0
122,10,0
123,10,0
124,10,0
125,10,0
126,10,0
127,10,0
128,10,0
129,10,0
130,10,0
131,10,0
132,10,0
133,10,0
134,10,0
135,10,0
136,10,3
137,10,3
138,10,3
139,10,3
140,10,3
141,10,3
142,10,3
143,10,3
144,10,3
145,10,3
146,10,3
147,10,3
148,10,3
149,10,3
150,10,3
151,10,3
152,10,3
153,10,3
154,10,3
155,10,3
156,10,3
157,10,3
158,10,3
159,10,3
160,10,3
161,10,3
162,10,3
163,10,3
164,10,3
165,10,3
166,10,3
167,10,3
168,10,3
169,10,3
170,10,3
171,10,3
172,10,3
173,10,3
174,10,3
175,10,3
176,10,3
177,10,3
178,10,3
179,10,3
180,10,3
181,10,3
182,10,3
183,10,3
184,10,3
185,10,3
186,10,3
187,10,3
188,10,3
189,10,3
190,10,3
191,10,3
192,10,3
193,10,3
194,10,3
195,10,3
196,10,3
197,10,3
198,10,3
199,10,3
200,10,3
201,10,3
202,10,0
203,10,0
204,10,0
205,10,0
206,10,0
207,10,0
208,10,0
209,10,0
210,10,0
211,10,0
212,10,0
213,10,0
214,10,0
215,10,0
216,10,0
217,10,0
218,10,0
219,10,0
220,10,0
221,10,0
222,10,0
223,10,0
224,10,0
225,10,0
226,10,0
227,10,0
228,10,0
229,10,0
230,10,0
231,10,0
232,10,0
233,10,0
234,10,0
235,10,0
236,10,0
237,10,0
238,10,0
239,10,0
240,10,0
241,10,0
242,10,0
243,10,0
244,10,0
245,10,0
246,10,0
247,10,0
248,10,0
249,10,0
250,10,0
251,10,0
252,10,0
253,10,0
254,10,0
255,10,0
256,10,0
257,10,0
258,10,0
259,10,0
260,10,0
261,10,0
262,10,0
263,10,0
264,10,0
265,10,0
266,10,0
267,10,0
268,10,0
269,10,0
270,10,0
271,10,0
272,10,0
273,10,0
274,10,0
275,10,0
276,10,0
277,10,0
278,10,0
279,10,0
280,10,0
281,10,0
282,10,0
283,10,0
284,10,0
285,10,0
286,10,0
287,10,0
288,10,0
289,10,0
290,10,0
291,10,0
1,11,0
2,11,0
3,11,0
4,11,0
5,11,0
6,11,0
7,11,0
8,11,0
9,11,0
10,11,0
11,11,0
12,11,0
13,11,0
14,11,0
15,11,0
16,11,0
17,11,0
18,11,0
19,11,0
20,11,0
21,11,0
22,11,0
23,11,0
24,11,0
25,11,0
26,11,0
27,11,0
28,11,0
29,11,0
30,11,0
31,11,0
32,11,0
33,11,0
34,11,0
35,11,0
36,11,0
37,11,0
38,11,0
39,11,0
40,11,0
41,11,0
42,11,0
43,11,0
44,11,0
45,11,0
46,11,0
47,11,0
48,11,0
49,11,0
50,11,0
51,11,0
52,11,0
53,11,0
54,11,0
55,11,0
56,11,0
57,11,0
58,11,0
59,11,0
60,11,0
61,11,0
62,11,0
63,11,0
64,11,0
65,11,0
66,11,0
67,11,0
68,11,0
69,11,0
70,11,0
71,11,0
72,11,0
73,11,0
74,11,0
75,11,0
76,11,0
77,11,0
78,11,0
79,11,0
80,11,0
81,11,0
82,11,0
83,11,0
84,11,0
85,11,0
86,11,0
87,11,0
88,11,0
89,11,0
90,11,0
91,11,3
92,11,3
93,11,3
94,11,3
95,11,3
96,11,0
97,11,0
98,11,0
99,11,0
100,11,0
101,11,0
102,11,0
103,11,0
104,11,0
105,11,0
106,11,0
107,11,0
108,11,0
109,11,0
110,11,0
111,11,0
112,11,0
113,11,0
114,11,0
115,11,0
116,11,0
117,11,0
118,11,0
119,11,0
120,11,0
121,11,0
122,11,0
123,11,0
124,11,0
125,11,0
126,11,0
127,11,0
128,11,0
129,11,0
130,11,0
131,11,0
132,11,0
133,11,0
134,11,0
135,11,0
136,11,3
137,11,3
138,11,3
139,11,3
140,11,3
141,11,3
142,11,3
143,11,3
144,11,3
145,11,3
146,11,3
147,11,3
148,11,3
149,11,3
150,11,3
151,11,3
152,11,3
153,11,3
154,11,3
155,11,3
156,11,3
157,11,3
158,11,3
159,11,3
160,11,3
161,11,3
162,11,3
163,11,3
164,11,3
165,11,3
166,11,3
167,11,3
168,11,3
169,11,3
170,11,3
171,11,3
172,11,3
173,11,3
174,11,3
175,11,3
176,11,3
177,11,3
178,11,3
179,11,3
180,11,3
181,11,3
182,11,3
183,11,3
184,11,3
185,11,3
186,11,3
187,11,3
188,11,3
189,11,3
190,11,3
191,11,3
192,11,3
193,11,3
194,11,3
195,11,3
196,11,3
197,11,3
198,11,3
199,11,3
200,11,3
201,11,3
202,11,3
203,11,0
204,11,0
205,11,0
206,11,0
207,11,0
208,11,0
209,11,0
210,11,0
211,11,0
212,11,0
213,11,0
214,11,0
215,11,0
216,11,0
217,11,0
218,11,0
219,11,0
220,11,0
221,11,0
222,11,0
223,11,0
224,11,0
225,11,0
226,11,0
227,11,0
228,11,0
229,11,0
230,11,0
231,11,0
232,11,0
233,11,0
234,11,0
235,11,0
236,11,0
237,11,0
238,11,0
239,11,0
240,11,0
241,11,0
242,11,0
243,11,0
244,11,0
245,11,0
246,11,0
247,11,0
248,11,0
249,11,0
250,11,0
251,11,0
252,11,0
253,11,0
254,11,0
255,11,0
256,11,0
257,11,0
258,11,0
259,11,0
260,11,0
261,11,0
262,11,0
263,11,0
264,11,0
265,11,0
266,11,0
267,11,0
268,11,0
269,11,0
270,11,0
271,11,0
272,11,0
273,11,0
274,11,0
275,11,0
276,11,0
277,11,0
278,11,0
279,11,0
280,11,0
281,11,0
282,11,0
283,11,0
284,11,0
285,11,0
286,11,0
287,11,0
288,11,0
289,11,0
290,11,0
291,11,0
1,12,0
2,12,0
3,12,0
4,12,0
5,12,0
6,12,0
7,12,0
8,12,0
9,12,0
10,12,0
11,12,0
12,12,0
13,12,0
14,12,0
15,12,0
16,12,0
17,12,0
18,12,0
19,12,0
20,12,0
21,12,0
22,12,0
23,12,0
24,12,0
25,12,0
26,12,0
27,12,0
28,12,0
29,12,0
30,12,0
31,12,0
32,12,0
33,12,0
34,12,0
35,12,0
36,12,0
37,12,0
38,12,0
39,12,0
40,12,0
41,12,0
42,12,0
43,12,0
44,12,0
45,12,0
46,12,0
47,12,0
48,12,0
49,12,0
50,12,0
51,12,0
52,12,0
53,12,0
54,12,0
55,12,0
56,12,0
57,12,0
58,12,0
59,12,0
60,12,0
61,12,0
62,12,0
63,12,0
64,12,0
65,12,0
66,12,0
67,12,0
68,12,0
69,12,0
70,12,0
71,12,0
72,12,0
73,12,0
74,12,0
75,12,0
76,12,0
77,12,0
78,12,0
79,12,0
80,12,0
81,12,0
82,12,0
83,12,0
84,12,0
85,12,0
86,12,0
87,12,0
88,12,0
89,12,3
90,12,3
91,12,3
92,12,3
93,12,3
94,12,3
95,12,3
96,12,3
97,12,3
98,12,0
99,12,0
100,12,0
101,12,0
102,12,0
103,12,0
104,12,3
105,12,3
106,12,3
107,12,3
108,12,3
109,12,3
110,12,0
111,12,0
112,12,0
113,12,0
114,12,0
115,12,0
116,12,0
117,12,0
118,12,0
119,12,0
120,12,0
121,12,0
122,12,0
123,12,0
124,12,0
125,12,0
126,12,0
127,12,0
128,12,0
129,12,0
130,12,0
131,12,0
132,12,0
133,12,0
134,12,0
135,12,3
136,12,3
137,12,3
138,12,3
139,12,3
140,12,3
141,12,3
142,12,3
143,12,3
144,12,3
145,12,3
146,12,3
147,12,3
148,12,3
149,12,3
150,12,3
151,12,3
152,12,3
153,12,3
154,12,3
155,12,3
156,12,3
157,12,3
158,12,3
159,12,3
160,12,3
161,12,3
162,12,3
163,12,3
164,12,3
165,12,3
166,12,3
167,12,3
168,12,3
169,12,3
170,12,3
171,12,3
172,12,3
173,12,3
174,12,3
175,12,3
176,12,3
177,12,3
178,12,3
179,12,3
180,12,3
181,12,3
182,12,3
183,12,3
184,12,3
185,12,3
186,12,3
187,12,3
188,12,3
189,12,3
190,12,3
191,12,3
192,12,3
193,12,3
194,12,3
195,12,3
196,12,3
197,12,3
198,12,3
199,12,3
200,12,3
201,12,3
202,12,3
203,12,0
204,12,0
205,12,0
206,12,0
207,12,0
208,12,0
209,12,0
210,12,0
211,12,0
212,12,0
213,12,0
214,12,0
215,12,0
216,12,0
217,12,0
218,12,0
219,12,0
220,12,0
221,12,0
222,12,0
223,12,0
224,12,0
225,12,0
226,12,0
227,12,0
228,12,0
229,12,0
230,12,0
231,12,0
232,12,0
233,12,0
234,12,0
235,12,0
236,12,0
237,12,0
238,12,0
239,12,0
240,12,0
241,12,0
242,12,0
243,12,0
244,12,0
245,12,0
246,12,0
247,12,0
248,12,0
249,12,0
250,12,0
251,12,0
252,12,0
253,12,0
254,12,0
255,12,0
256,12,0
257,12,0
258,12,0
259,12,0
260,12,0
261,12,0
262,12,0
263,12,0
264,12,0
265,12,0
266,12,0
267,12,0
268,12,0
269,12,0
270,12,0
271,12,0
272,12,0
273,12,0
274,12,0
275,12,0
276,12,0
277,12,0
278,12,0
279,12,0
280,12,0
281,12,0
282,12,0
283,12,0
284,12,0
285,12,0
286,12,0
287,12,0
288,12,0
289,12,0
290,12,0
291,12,0
1,13,0
2,13,0
3,13,0
4,13,0
5,13,0
6,13,0
7,13,0
8,13,0
9,13,0
10,13,0
11,13,0
12,13,0
13,13,0
14,13,0
15,13,0
16,13,0
17,13,0
18,13,0
19,13,0
20,13,0
21,13,0
22,13,0
23,13,0
24,13,0
25,13,0
26,13,0
27,13,0
28,13,0
29,13,0
30,13,0
31,13,0
32,13,0
33,13,0
34,13,0
35,13,0
36,13,0
37,13,0
38,13,0
39,13,0
40,13,0
41,13,0
42,13,0
43,13,0
44,13,0
45,13,0
46,13,0
47,13,0
48,13,0
49,13,0
50,13,0
51,13,0
52,13,0
53,13,0
54,13,0
55,13,0
56,13,0
57,13,0
58,13,0
59,13,0
60,13,0
61,13,0
62,13,0
63,13,0
64,13,0
65,13,0
66,13,0
67,13,0
68,13,0
69,13,0
70,13,0
71,13,0
72,13,0
73,13,0
74,13,0
75,13,0
76,13,0
77,13,0
78,13,0
79,13,0
80,13,0
81,13,0
82,13,0
83,13,0
84,13,0
85,13,0
86,13,0
87,13,3
88,13,3
89,13,3
90,13,3
91,13,3
92,13,3
93,13,3
94,13,3
95,13,3
96,13,3
97,13,3
98,13,3
99,13,3
100,13,3
101,13,3
102,13,3
103,13,3
104,13,3
105,13,3
106,13,3
107,13,3
108,13,3
109,13,3
110,13,3
111,13,3
112,13,3
113,13,3
114,13,3
115,13,3
116,13,3
117,13,3
118,13,3
119,13,0
120,13,0
121,13,0
122,13,0
123,13,0
124,13,0
125,13,0
126,13,0
127,13,0
128,13,0
129,13,0
130,13,0
131,13,0
132,13,3
133,13,3
134,13,3
135,13,3
136,13,3
137,13,3
138,13,3
139,13,3
140,13,3
141,13,3
142,13,3
143,13,3
144,13,3
145,13,3
146,13,3
147,13,3
148,13,3
149,13,3
150,13,3
151,13,3
152,13,3
153,13,3
154,13,3
155,13,3
156,13,3
157,13,3
158,13,3
159,13,3
160,13,3
161,13,3
162,13,3
163,13,3
164,13,3
165,13,3
166,13,3
167,13,3
168,13,3
169,13,3
170,13,3
171,13,3
172,13,3
173,13,3
174,13,3
175,13,3
176,13,3
177,13,3
178,13,3
179,13,3
180,13,3
181,13,3
182,13,3
183,13,3
184,13,3
185,13,3
186,13,3
187,13,3
188,13,3
189,13,3
190,13,3
191,13,3
192,13,3
193,13,3
194,13,3
195,13,3
196,13,3
197,13,3
198,13,3
199,13,3
200,13,3
201,13,3
202,13,3
203,13,3
204,13,0
205,13,0
206,13,0
207,13,0
208,13,0
209,13,0
210,13,0
211,13,0
212,13,0
213,13,0
214,13,0
215,13,0
216,13,0
217,13,0
218,13,0
219,13,0
220,13,0
221,13,0
222,13,0
223,13,0
224,13,0
225,13,0
226,13,0
227,13,0
228,13,0
229,13,0
230,13,0
231,13,0
232,13,0
233,13,0
234,13,0
235,13,0
236,13,0
237,13,0
238,13,0
239,13,0
240,13,0
241,13,0
242,13,0
243,13,0
244,13,0
245,13,0
246,13,0
247,13,0
248,13,0
249,13,0
250,13,0
251,13,0
252,13,0
253,13,0
254,13,0
255,13,0
256,13,0
257,13,0
258,13,0
259,13,0
260,13,0
261,13,0
262,13,0
263,13,0
264,13,0
265,13,0
266,13,0
267,13,0
268,13,0
269,13,0
270,13,0
271,13,0
272,13,0
273,13,0
274,13,0
275,13,0
276,13,0
277,13,0
278,13,0
279,13,0
280,13,0
281,13,0
282,13,0
283,13,0
284,13,0
285,13,0
286,13,0
287,13,0
288,13,0
289,13,0
290,13,0
291,13,0
1,14,0
2,14,0
3,14,0
4,14,0
5,14,0
6,14,0
7,14,0
8,14,0
9,14,0
10,14,0
11,14,0
12,14,0
13,14,0
14,14,0
15,14,0
16,14,0
17,14,0
18,14,0
19,14,0
20,14,0
21,14,0
22,14,0
23,14,0
24,14,0
25,14,0
26,14,0
27,14,0
28,14,0
29,14,0
30,14,0
31,14,0
32,14,0
33,14,0
34,14,0
35,14,0
36,14,0
37,14,0
38,14,0
39,14,0
40,14,0
41,14,0
42,14,0
43,14,0
44,14,0
45,14,0
46,14,0
47,14,0
48,14,0
49,14,0
50,14,0
51,14,0
52,14,0
53,14,0
54,14,0
55,14,0
56,14,0
57,14,0
58,14,0
59,14,0
60,14,0
61,14,0
62,14,0
63,14,0
64,14,0
65,14,0
66,14,0
67,14,0
68,14,0
69,14,0
70,14,0
71,14,0
72,14,0
73,14,0
74,14,0
75,14,0
76,14,0
77,14,0
78,14,0
79,14,0
80,14,0
81,14,0
82,14,0
83,14,0
84,14,0
85,14,0
86,14,0
87,14,3
88,14,3
89,14,3
90,14,3
91,14,3
92,14,3
93,14,3
94,14,3
95,14,3
96,14,3
97,14,3
98,14,3
99,14,3
100,14,3
101,14,3
102,14,3
103,14,3
104,14,3
105,14,3
106,14,3
107,14,3
108,14,3
109,14,3
110,14,3
111,14,3
112,14,3
113,14,3
114,14,3
115,14,3
116,14,3
117,14,3
118,14,3
119,14,3
120,14,3
121,14,3
122,14,3
123,14,3
124,14,0
125,14,0
126,14,0
127,14,0
128,14,0
129,14,0
130,14,3
131,14,3
132,14,3
133,14,3
134,14,3
135,14,3
136,14,3
137,14,3
138,14,3
139,14,3
140,14,3
141,14,3
142,14,3
143,14,3
144,14,3
145,14,3
146,14,3
147,14,3
148,14,3
149,14,3
150,14,3
151,14,3
152,14,3
153,14,3
154,14,3
155,14,3
156,14,3
157,14,3
158,14,3
159,14,3
160,14,3
161,14,3
162,14,3
163,14,3
164,14,3
165,14,3
166,14,3
167,14,3
168,14,3
169,14,3
170,14,3
171,14,3
172,14,3
173,14,3
174,14,3
175,14,3
176,14,3
177,14,3
178,14,3
179,14,3
180,14,3
181,14,3
182,14,3
183,14,3
184,14,3
185,14,3
186,14,3
187,14,3
188,14,3
189,14,3
190,14,3
191,14,3
192,14,3
193,14,3
194,14,3
195,14,3
196,14,3
197,14,3
198,14,3
199,14,3
200,14,3
201,14,3
202,14,3
203,14,0
204,14,0
205,14,0
206,14,0
207,14,0
208,14,0
209,14,0
210,14,0
211,14,0
212,14,0
213,14,0
214,14,0
215,14,0
216,14,0
217,14,0
218,14,0
219,14,0
220,14,0
221,14,0
222,14,0
223,14,0
224,14,0
225,14,0
226,14,0
227,14,0
228,14,0
229,14,0
230,14,0
231,14,0
232,14,0
233,14,0
234,14,0
235,14,0
236,14,0
237,14,0
238,14,0
239,14,0
240,14,0
241,14,0
242,14,0
243,14,0
244,14,0
245,14,0
246,14,0
247,14,0
248,14,0
249,14,0
250,14,0
251,14,0
252,14,0
253,14,0
254,14,0
255,14,0
256,14,0
257,14,0
258,14,0
259,14,0
260,14,0
261,14,0
262,14,0
263,14,0
264,14,0
265,14,0
266,14,0
267,14,0
268,14,0
269,14,0
270,14,0
271,14,0
272,14,0
273,14,0
274,14,0
275,14,0
276,14,0
277,14,0
278,14,0
279,14,0
280,14,0
281,14,0
282,14,0
283,14,0
284,14,0
285,14,0
286,14,0
287,14,0
288,14,0
289,14,0
290,14,0
291,14,0
1,15,0
2,15,0
3,15,0
4,15,0
5,15,0
6,15,0
7,15,0
8,15,0
9,15,0
10,15,0
11,15,0
12,15,0
13,15,0
14,15,0
15,15,0
16,15,0
17,15,0
18,15,0
19,15,0
20,15,0
21,15,0
22,15,0
23,15,0
24,15,0
25,15,0
26,15,0
27,15,0
28,15,0
29,15,0
30,15,0
31,15,0
32,15,0
33,15,0
34,15,0
35,15,0
36,15,0
37,15,0
38,15,0
39,15,0
40,15,0
41,15,0
42,15,0
43,15,0
44,15,0
45,15,0
46,15,0
47,15,0
48,15,0
49,15,0
50,15,0
51,15,0
52,15,0
53,15,0
54,15,0
55,15,0
56,15,0
57,15,0
58,15,0
59,15,0
60,15,0
61,15,0
62,15,0
63,15,0
64,15,0
65,15,0
66,15,0
67,15,0
68,15,0
69,15,0
70,15,0
71,15,0
72,15,0
73,15,0
74,15,0
75,15,0
76,15,0
77,15,0
78,15,0
79,15,0
80,15,0
81,15,0
82,15,0
83,15,0
84,15,0
85,15,0
86,15,3
87,15,3
88,15,3
89,15,3
90,15,3
91,15,3
92,15,3
93,15,3
94,15,3
95,15,3
96,15,3
97,15,3
98,15,3
99,15,3
100,15,3
101,15,3
102,15,3
103,15,3
104,15,3
105,15,3
106,15,3
107,15,3
108,15,3
109,15,3
110,15,3
111,15,3
112,15,3
113,15,3
114,15,3
115,15,3
116,15,3
117,15,3
118,15,3
119,15,3
120,15,3
121,15,3
122,15,3
123,15,3
124,15,3
125,15,3
126,15,3
127,15,3
128,15,3
129,15,3
130,15,3
131,15,3
132,15,3
133,15,3
134,15,3
135,15,3
136,15,3
137,15,3
138,15,3
139,15,3
140,15,3
141,15,3
142,15,3
143,15,3
144,15,3
145,15,3
146,15,3
147,15,3
148,15,3
149,15,3
150,15,3
151,15,3
152,15,3
153,15,3
154,15,3
155,15,3
156,15,3
157,15,3
158,15,3
159,15,3
160,15,3
161,15,3
162,15,3
163,15,3
164,15,3
165,15,3
166,15,3
167,15,3
168,15,3
169,15,3
170,15,3
171,15,3
172,15,3
173,15,3
174,15,3
175,15,3
176,15,3
177,15,3
178,15,3
179,15,3
180,15,3
181,15,3
182,15,3
183,15,3
184,15,3
185,15,3
186,15,3
187,15,3
188,15,3
189,15,3
190,15,3
191,15,3
192,15,3
193,15,3
194,15,3
195,15,3
196,15,3
197,15,3
198,15,3
199,15,3
200,15,3
201,15,3
202,15,3
203,15,0
204,15,0
205,15,0
206,15,0
207,15,0
208,15,0
209,15,0
210,15,0
211,15,0
212,15,0
213,15,0
214,15,0
215,15,0
216,15,0
217,15,0
218,15,0
219,15,0
220,15,0
221,15,0
222,15,0
223,15,0
224,15,0
225,15,0
226,15,0
227,15,0
228,15,0
229,15,0
230,15,0
231,15,0
232,15,0
233,15,0
234,15,0
235,15,0
236,15,0
237,15,0
238,15,0
239,15,0
240,15,0
241,15,0
242,15,0
243,15,0
244,15,0
245,15,0
246,15,0
247,15,0
248,15,0
249,15,0
250,15,0
251,15,0
252,15,0
253,15,0
254,15,0
255,15,0
256,15,0
257,15,0
258,15,0
259,15,0
260,15,0
261,15,0
262,15,0
263,15,0
264,15,0
265,15,0
266,15,0
267,15,0
268,15,0
269,15,0
270,15,0
271,15,0
272,15,0
273,15,0
274,15,0
275,15,0
276,15,0
277,15,0
278,15,0
279,15,0
280,15,0
281,15,0
282,15,0
283,15,0
284,15,0
285,15,0
286,15,0
287,15,0
288,15,0
289,15,0
290,15,0
291,15,0
1,16,0
2,16,0
3,16,0
4,16,0
5,16,0
6,16,0
7,16,0
8,16,0
9,16,0
10,16,0
11,16,0
12,16,0
13,16,0
14,16,0
15,16,0
16,16,0
17,16,0
18,16,0
19,16,0
20,16,0
21,16,0
22,16,0
23,16,0
24,16,0
25,16,0
26,16,0
27,16,0
28,16,0
29,16,0
30,16,0
31,16,0
32,16,0
33,16,0
34,16,0
35,16,0
36,16,0
37,16,0
38,16,0
39,16,0
40,16,0
41,16,0
42,16,0
43,16,0
44,16,0
45,16,0
46,16,0
47,16,0
48,16,0
49,16,0
50,16,0
51,16,0
52,16,0
53,16,0
54,16,0
55,16,0
56,16,0
57,16,0
58,16,0
59,16,0
60,16,0
61,16,0
62,16,0
63,16,0
64,16,0
65,16,0
66,16,0
67,16,0
68,16,0
69,16,0
70,16,0
71,16,0
72,16,0
73,16,0
74,16,0
75,16,0
76,16,0
77,16,0
78,16,0
79,16,0
80,16,0
81,16,0
82,16,0
83,16,0
84,16,0
85,16,0
86,16,3
87,16,3
88,16,3
89,16,3
90,16,3
91,16,3
92,16,3
93,16,3
94,16,3
95,16,3
96,16,3
97,16,3
98,16,3
99,16,3
100,16,3
101,16,3
102,16,3
103,16,3
104,16,3
105,16,3
106,16,3
107,16,3
108,16,3
109,16,3
110,16,3
111,16,3
112,16,3
113,16,3
114,16,3
115,16,3
116,16,3
117,16,3
118,16,3
119,16,3
120,16,3
121,16,3
122,16,3
123,16,3
124,16,3
125,16,3
126,16,3
127,16,3
128,16,3
129,16,3
130,16,3
131,16,3
132,16,3
133,16,3
134,16,3
135,16,3
136,16,3
137,16,3
138,16,3
139,16,3
140,16,3
141,16,3
142,16,3
143,16,3
144,16,0
145,16,0
146,16,0
147,16,0
148,16,0
149,16,0
150,16,0
151,16,1
152,16,1
153,16,1
154,16,1
155,16,1
156,16,1
157,16,1
158,16,1
159,16,1
160,16,1
161,16,1
162,16,1
163,16,1
164,16,1
165,16,1
166,16,1
167,16,1
168,16,1
169,16,1
170,16,1
171,16,1
172,16,1
173,16,1
174,16,0
175,16,0
176,16,3
177,16,3
178,16,3
179,16,3
180,16,3
181,16,3
182,16,3
183,16,3
184,16,3
185,16,3
186,16,3
187,16,3
188,16,3
189,16,3
190,16,3
191,16,3
192,16,3
193,16,3
194,16,3
195,16,3
196,16,3
197,16,3
198,16,3
199,16,3
200,16,3
201,16,3
202,16,3
203,16,0
204,16,0
205,16,0
206,16,0
207,16,0
208,16,0
209,16,0
210,16,0
211,16,0
212,16,0
213,16,0
214,16,0
215,16,0
216,16,0
217,16,0
218,16,0
219,16,0
220,16,0
221,16,0
222,16,0
223,16,0
224,16,0
225,16,0
226,16,0
227,16,0
228,16,0
229,16,0
230,16,0
231,16,0
232,16,0
233,16,0
234,16,0
235,16,0
236,16,0
237,16,0
238,16,0
239,16,0
240,16,0
241,16,0
242,16,0
243,16,0
244,16,0
245,16,0
246,16,0
247,16,0
248,16,0
249,16,0
250,16,0
251,16,0
252,16,0
253,16,0
254,16,0
255,16,0
256,16,0
257,16,0
258,16,0
259,16,0
260,16,0
261,16,0
262,16,0
263,16,0
264,16,0
265,16,0
266,16,0
267,16,0
268,16,0
269,16,0
270,16,0
271,16,0
272,16,0
273,16,0
274,16,0
275,16,0
276,16,0
277,16,0
278,16,0
279,16,0
280,16,0
281,16,0
282,16,0
283,16,0
284,16,0
285,16,0
286,16,0
287,16,0
288,16,0
289,16,0
290,16,0
291,16,0
1,17,0
2,17,0
3,17,0
4,17,0
5,17,0
6,17,0
7,17,0
8,17,0
9,17,0
10,17,0
11,17,0
12,17,0
13,17,0
14,17,0
15,17,0
16,17,0
17,17,0
18,17,0
19,17,0
20,17,0
21,17,0
22,17,0
23,17,0
24,17,0
25,17,0
26,17,0
27,17,0
28,17,0
29,17,0
30,17,0
31,17,0
32,17,0
33,17,0
34,17,0
35,17,0
36,17,0
37,17,0
38,17,0
39,17,0
40,17,0
41,17,0
42,17,0
43,17,0
44,17,0
45,17,0
46,17,0
47,17,0
48,17,0
49,17,0
50,17,0
51,17,0
52,17,0
53,17,0
54,17,0
55,17,0
56,17,0
57,17,0
58,17,0
59,17,0
60,17,0
61,17,0
62,17,0
63,17,0
64,17,0
65,17,0
66,17,0
67,17,0
68,17,0
69,17,0
70,17,0
71,17,0
72,17,0
73,17,0
74,17,0
75,17,0
76,17,0
77,17,0
78,17,0
79,17,0
80,17,0
81,17,0
82,17,0
83,17,0
84,17,0
85,17,0
86,17,3
87,17,3
88,17,3
89,17,3
90,17,3
91,17,3
92,17,3
93,17,3
94,17,3
95,17,3
96,17,3
97,17,3
98,17,3
99,17,3
100,17,3
101,17,3
102,17,3
103,17,3
104,17,3
105,17,3
106,17,3
107,17,3
108,17,3
109,17,3
110,17,3
111,17,3
112,17,3
113,17,3
114,17,3
115,17,3
116,17,3
117,17,3
118,17,3
119,17,3
120,17,3
121,17,3
122,17,3
123,17,3
124,17,3
125,17,3
126,17,3
127,17,3
128,17,3
129,17,3
130,17,3
131,17,3
132,17,3
133,17,3
134,17,3
135,17,3
136,17,3
137,17,3
138,17,3
139,17,3
140,17,3
141,17,0
142,17,0
143,17,0
144,17,1
145,17,1
146,17,1
147,17,1
148,17,1
149,17,1
150,17,1
151,17,1
152,17,1
153,17,1
154,17,1
155,17,1
156,17,1
157,17,1
158,17,1
159,17,1
160,17,1
161,17,1
162,17,1
163,17,1
164,17,1
165,17,1
166,17,1
167,17,1
168,17,1
169,17,1
170,17,1
171,17,1
172,17,1
173,17,1
174,17,1
175,17,1
176,17,0
177,17,0
178,17,3
179,17,3
180,17,3
181,17,3
182,17,3
183,17,3
184,17,3
185,17,3
186,17,3
187,17,3
188,17,3
189,17,3
190,17,3
191,17,3
192,17,3
193,17,3
194,17,3
195,17,3
196,17,3
197,17,3
198,17,3
199,17,3
200,17,3
201,17,3
202,17,3
203,17,0
204,17,0
205,17,0
206,17,0
207,17,0
208,17,0
209,17,0
210,17,0
211,17,0
212,17,0
213,17,0
214,17,0
215,17,0
216,17,0
217,17,0
218,17,0
219,17,0
220,17,0
221,17,0
222,17,0
223,17,0
224,17,0
225,17,0
226,17,0
227,17,0
228,17,0
229,17,0
230,17,0
231,17,0
232,17,0
233,17,0
234,17,0
235,17,0
236,17,0
237,17,0
238,17,0
239,17,0
240,17,0
241,17,0
242,17,0
243,17,0
244,17,0
245,17,0
246,17,0
247,17,0
248,17,0
249,17,0
250,17,0
251,17,0
252,17,0
253,17,0
254,17,0
255,17,0
256,17,0
257,17,0
258,17,0
259,17,0
260,17,0
261,17,0
262,17,0
263,17,0
264,17,0
265,17,0
266,17,0
267,17,0
268,17,0
269,17,0
270,17,0
271,17,0
272,17,0
273,17,0
274,17,0
275,17,0
276,17,0
277,17,0
278,17,0
279,17,0
280,17,0
281,17,0
282,17,0
283,17,0
284,17,0
285,17,0
286,17,0
287,17,0
288,17,0
289,17,0
290,17,0
291,17,0
1,18,0
2,18,0
3,18,0
4,18,0
5,18,0
6,18,0
7,18,0
8,18,0
9,18,0
10,18,0
11,18,0
12,18,0
13,18,0
14,18,0
15,18,0
16,18,0
17,18,0
18,18,0
19,18,0
20,18,0
21,18,0
22,18,0
23,18,0
24,18,0
25,18,0
26,18,0
27,18,0
28,18,0
29,18,0
30,18,0
31,18,0
32,18,0
33,18,0
34,18,0
35,18,0
36,18,0
37,18,0
38,18,0
39,18,0
40,18,0
41,18,0
42,18,0
43,18,0
44,18,0
45,18,0
46,18,0
47,18,0
48,18,0
49,18,0
50,18,0
51,18,0
52,18,0
53,18,0
54,18,0
55,18,0
56,18,0
57,18,0
58,18,0
59,18,0
60,18,0
61,18,0
62,18,0
63,18,0
64,18,0
65,18,0
66,18,0
67,18,0
68,18,0
69,18,0
70,18,0
71,18,0
72,18,0
73,18,0
74,18,0
75,18,0
76,18,0
77,18,0
78,18,0
79,18,0
80,18,0
81,18,0
82,18,0
83,18,0
84,18,0
85,18,3
86,18,3
87,18,3
88,18,3
89,18,3
90,18,3
91,18,3
92,18,3
93,18,3
94,18,3
95,18,3
96,18,3
97,18,3
98,18,3
99,18,3
100,18,3
101,18,3
102,18,3
103,18,3
104,18,3
105,18,3
106,18,3
107,18,3
108,18,3
109,18,3
110,18,3
111,18,3
112,18,3
113,18,3
114,18,3
115,18,3
116,18,3
117,18,3
118,18,3
119,18,3
120,18,3
121,18,3
122,18,3
123,18,3
124,18,3
125,18,3
126,18,3
127,18,3
128,18,3
129,18,3
130,18,3
131,18,3
132,18,3
133,18,3
134,18,3
135,18,3
136,18,3
137,18,3
138,18,0
139,18,1
140,18,1
141,18,1
142,18,1
143,18,1
144,18,1
145,18,1
146,18,1
147,18,1
148,18,1
149,18,1
150,18,1
151,18,1
152,18,1
153,18,1
154,18,1
155,18,1
156,18,1
157,18,1
158,18,1
159,18,1
160,18,1
161,18,1
162,18,1
163,18,1
164,18,1
165,18,1
166,18,1
167,18,1
168,18,1
169,18,1
170,18,1
171,18,1
172,18,1
173,18,1
174,18,1
175,18,1
176,18,1
177,18,1
178,18,1
179,18,0
180,18,0
181,18,3
182,18,3
183,18,3
184,18,3
185,18,3
186,18,3
187,18,3
188,18,3
189,18,3
190,18,3
191,18,3
192,18,3
193,18,3
194,18,3
195,18,3
196,18,3
197,18,3
198,18,3
199,18,3
200,18,3
201,18,3
202,18,3
203,18,0
204,18,0
205,18,0
206,18,0
207,18,0
208,18,0
209,18,0
210,18,0
211,18,0
212,18,0
213,18,0
214,18,0
215,18,0
216,18,0
217,18,0
218,18,0
219,18,0
220,18,0
221,18,0
222,18,0
223,18,0
224,18,0
225,18,0
226,18,0
227,18,0
228,18,0
229,18,0
230,18,0
231,18,0
232,18,0
233,18,0
234,18,0
235,18,0
236,18,0
237,18,0
238,18,0
239,18,0
240,18,0
241,18,0
242,18,0
243,18,0
244,18,0
245,18,0
246,18,0
247,18,0
248,18,0
249,18,0
250,18,0
251,18,0
252,18,0
253,18,0
254,18,0
255,18,0
256,18,0
257,18,0
258,18,0
259,18,0
260,18,0
261,18,0
262,18,0
263,18,0
264,18,0
265,18,0
266,18,0
267,18,0
268,18,0
269,18,0
270,18,0
271,18,0
272,18,0
273,18,0
274,18,0
275,18,0
276,18,0
277,18,0
278,18,0
279,18,0
280,18,0
281,18,0
282,18,0
283,18,0
284,18,0
285,18,0
286,18,0
287,18,0
288,18,0
289,18,0
290,18,0
291,18,0
1,19,0
2,19,0
3,19,0
4,19,0
5,19,0
6,19,0
7,19,0
8,19,0
9,19,0
10,19,0
11,19,0
12,19,0
13,19,0
14,19,0
15,19,0
16,19,0
17,19,0
18,19,0
19,19,0
20,19,0
21,19,0
22,19,0
23,19,0
24,19,0
25,19,0
26,19,0
27,19,0
28,19,0
29,19,0
30,19,0
31,19,0
32,19,0
33,19,0
34,19,0
35,19,0
36,19,0
37,19,0
38,19,0
39,19,0
40,19,0
41,19,0
42,19,0
43,19,0
44,19,0
45,19,0
46,19,0
47,19,0
48,19,0
49,19,0
50,19,0
51,19,0
52,19,0
53,19,0
54,19,0
55,19,0
56,19,0
57,19,0
58,19,0
59,19,0
60,19,0
61,19,0
62,19,0
63,19,0
64,19,0
65,19,0
66,19,0
67,19,0
68,19,0
69,19,0
70,19,0
71,19,0
72,19,0
73,19,0
74,19,0
75,19,0
76,19,0
77,19,0
78,19,0
79,19,0
80,19,0
81,19,0
82,19,0
83,19,0
84,19,0
85,19,3
86,19,3
87,19,3
88,19,3
89,19,3
90,19,3
91,19,3
92,19,3
93,19,3
94,19,3
95,19,3
96,19,3
97,19,3
98,19,3
99,19,3
100,19,3
101,19,3
102,19,3
103,19,3
104,19,3
105,19,3
106,19,3
107,19,3
108,19,3
109,19,3
110,19,3
111,19,3
112,19,3
113,19,3
114,19,3
115,19,3
116,19,3
117,19,3
118,19,3
119,19,3
120,19,3
121,19,3
122,19,3
123,19,3
124,19,3
125,19,3
126,19,3
127,19,3
128,19,3
129,19,3
130,19,3
131,19,3
132,19,3
133,19,3
134,19,3
135,19,0
136,19,1
137,19,1
138,19,1
139,19,1
140,19,1
141,19,1
142,19,1
143,19,1
144,19,1
145,19,1
146,19,1
147,19,1
148,19,1
149,19,1
150,19,1
151,19,1
152,19,1
153,19,1
154,19,1
155,19,1
156,19,1
157,19,1
158,19,1
159,19,1
160,19,1
161,19,1
162,19,1
163,19,1
164,19,1
165,19,1
166,19,1
167,19,1
168,19,1
169,19,1
170,19,1
171,19,1
172,19,1
173,19,1
174,19,1
175,19,1
176,19,1
177,19,1
178,19,1
179,19,1
180,19,1
181,19,0
182,19,0
183,19,0
184,19,3
185,19,3
186,19,3
187,19,3
188,19,3
189,19,3
190,19,3
191,19,3
192,19,3
193,19,3
194,19,3
195,19,3
196,19,3
197,19,3
198,19,3
199,19,3
200,19,3
201,19,3
202,19,3
203,19,0
204,19,0
205,19,0
206,19,0
207,19,0
208,19,0
209,19,0
210,19,0
211,19,0
212,19,0
213,19,0
214,19,0
215,19,0
216,19,0
217,19,0
218,19,0
219,19,0
220,19,0
221,19,0
222,19,0
223,19,0
224,19,0
225,19,0
226,19,0
227,19,0
228,19,0
229,19,0
230,19,0
231,19,0
232,19,0
233,19,0
234,19,0
235,19,0
236,19,0
237,19,0
238,19,0
239,19,0
240,19,0
241,19,0
242,19,0
243,19,0
244,19,0
245,19,0
246,19,0
247,19,0
248,19,0
249,19,0
250,19,0
251,19,0
252,19,0
253,19,0
254,19,0
255,19,0
256,19,0
257,19,0
258,19,0
259,19,0
260,19,0
261,19,0
262,19,0
263,19,0
264,19,0
265,19,0
266,19,0
267,19,0
268,19,0
269,19,0
270,19,0
271,19,0
272,19,0
273,19,0
274,19,0
275,19,0
276,19,0
277,19,0
278,19,0
279,19,0
280,19,0
281,19,0
282,19,0
283,19,0
284,19,0
285,19,0
286,19,0
287,19,0
288,19,0
289,19,0
290,19,0
291,19,0
1,20,0
2,20,0
3,20,0
4,20,0
5,20,0
6,20,0
7,20,0
8,20,0
9,20,0
10,20,0
11,20,0
12,20,0
13,20,0
14,20,0
15,20,0
16,20,0
17,20,0
18,20,0
19,20,0
20,20,0
21,20,0
22,20,0
23,20,0
24,20,0
25,20,0
26,20,0
27,20,0
28,20,0
29,20,0
30,20,0
31,20,0
32,20,0
33,20,0
34,20,0
35,20,0
36,20,0
37,20,0
38,20,0
39,20,0
40,20,0
41,20,0
42,20,0
43,20,0
44,20,0
45,20,0
46,20,0
47,20,0
48,20,0
49,20,0
50,20,0
51,20,0
52,20,0
53,20,0
54,20,0
55,20,0
56,20,0
57,20,0
58,20,0
59,20,0
60,20,0
61,20,0
62,20,0
63,20,0
64,20,0
65,20,0
66,20,0
67,20,0
68,20,0
69,20,0
70,20,0
71,20,0
72,20,0
73,20,0
74,20,0
75,20,0
76,20,0
77,20,0
78,20,0
79,20,0
80,20,0
81,20,0
82,20,0
83,20,0
84,20,0
85,20,3
86,20,3
87,20,3
88,20,3
89,20,3
90,20,3
91,20,3
92,20,3
93,20,3
94,20,3
95,20,3
96,20,3
97,20,3
98,20,3
99,20,3
100,20,3
101,20,3
102,20,3
103,20,3
104,20,3
105,20,3
106,20,3
107,20,3
108,20,3
109,20,3
110,20,3
111,20,3
112,20,3
113,20,3
114,20,3
115,20,3
116,20,3
117,20,3
118,20,3
119,20,3
120,20,3
121,20,3
122,20,3
123,20,3
124,20,3
125,20,3
126,20,3
127,20,3
128,20,3
129,20,3
130,20,3
131,20,3
132,20,3
133,20,0
134,20,0
135,20,1
136,20,1
137,20,1
138,20,1
139,20,1
140,20,1
141,20,1
142,20,1
143,20,1
144,20,1
145,20,1
146,20,1
147,20,1
148,20,1
149,20,1
150,20,1
151,20,1
152,20,1
153,20,1
154,20,1
155,20,1
156,20,1
157,20,1
158,20,1
159,20,1
160,20,1
161,20,1
162,20,1
163,20,1
164,20,1
165,20,1
166,20,1
167,20,1
168,20,1
169,20,1
170,20,1
171,20,1
172,20,1
173,20,1
174,20,1
175,20,1
176,20,1
177,20,1
178,20,1
179,20,1
180,20,1
181,20,1
182,20,1
183,20,1
184,20,0
185,20,0
186,20,3
187,20,3
188,20,3
189,20,3
190,20,3
191,20,3
192,20,3
193,20,3
194,20,3
195,20,3
196,20,3
197,20,3
198,20,3
199,20,3
200,20,3
201,20,3
202,20,3
203,20,0
204,20,0
205,20,0
206,20,0
207,20,0
208,20,0
209,20,3
210,20,3
211,20,3
212,20,0
213,20,0
214,20,0
215,20,0
216,20,0
217,20,0
218,20,0
219,20,0
220,20,0
221,20,0
222,20,0
223,20,0
224,20,0
225,20,0
226,20,0
227,20,0
228,20,0
229,20,0
230,20,0
231,20,0
232,20,0
233,20,0
234,20,0
235,20,0
236,20,0
237,20,0
238,20,0
239,20,0
240,20,0
241,20,0
242,20,0
243,20,0
244,20,0
245,20,0
246,20,0
247,20,0
248,20,0
249,20,0
250,20,0
251,20,0
252,20,0
253,20,0
254,20,0
255,20,0
256,20,0
257,20,0
258,20,0
259,20,0
260,20,0
261,20,0
262,20,0
263,20,0
264,20,0
265,20,0
266,20,0
267,20,0
268,20,0
269,20,0
270,20,0
271,20,0
272,20,0
273,20,0
274,20,0
275,20,0
276,20,0
277,20,0
278,20,0
279,20,0
280,20,0
281,20,0
282,20,0
283,20,0
284,20,0
285,20,0
286,20,0
287,20,0
288,20,0
289,20,0
290,20,0
291,20,0
1,21,0
2,21,0
3,21,0
4,21,0
5,21,0
6,21,0
7,21,0
8,21,0
9,21,0
10,21,0
11,21,0
12,21,0
13,21,0
14,21,0
15,21,0
16,21,0
17,21,0
18,21,0
19,21,0
20,21,0
21,21,0
22,21,0
23,21,0
24,21,0
25,21,0
26,21,0
27,21,0
28,21,0
29,21,0
30,21,0
31,21,0
32,21,0
33,21,0
34,21,0
35,21,0
36,21,0
37,21,0
38,21,0
39,21,0
40,21,0
41,21,0
42,21,0
43,21,0
44,21,0
45,21,0
46,21,0
47,21,0
48,21,0
49,21,0
50,21,0
51,21,0
52,21,0
53,21,0
54,21,0
55,21,0
56,21,0
57,21,0
58,21,0
59,21,0
60,21,0
61,21,0
62,21,0
63,21,0
64,21,0
65,21,0
66,21,0
67,21,0
68,21,0
69,21,0
70,21,0
71,21,0
72,21,0
73,21,0
74,21,0
75,21,0
76,21,0
77,21,0
78,21,0
79,21,0
80,21,0
81,21,0
82,21,0
83,21,0
84,21,0
85,21,3
86,21,3
87,21,3
88,21,3
89,21,3
90,21,3
91,21,3
92,21,3
93,21,3
94,21,3
95,21,3
96,21,3
97,21,3
98,21,3
99,21,3
100,21,3
101,21,3
102,21,3
103,21,3
104,21,3
105,21,3
106,21,3
107,21,3
108,21,3
109,21,3
110,21,3
111,21,3
112,21,3
113,21,3
114,21,3
115,21,3
116,21,3
117,21,3
118,21,3
119,21,3
120,21,3
121,21,3
122,21,3
123,21,3
124,21,3
125,21,3
126,21,3
127,21,3
128,21,3
129,21,3
130,21,3
131,21,3
132,21,0
133,21,1
134,21,1
135,21,1
136,21,1
137,21,1
138,21,1
139,21,1
140,21,1
141,21,1
142,21,1
143,21,1
144,21,1
145,21,1
146,21,1
147,21,1
148,21,1
149,21,1
150,21,1
151,21,1
152,21,1
153,21,1
154,21,1
155,21,1
156,21,1
157,21,1
158,21,1
159,21,1
160,21,1
161,21,1
162,21,1
163,21,1
164,21,1
165,21,1
166,21,1
167,21,1
168,21,1
169,21,1
170,21,1
171,21,1
172,21,1
173,21,1
174,21,1
175,21,1
176,21,1
177,21,1
178,21,1
179,21,1
180,21,1
181,21,1
182,21,1
183,21,1
184,21,1
185,21,1
186,21,1
187,21,0
188,21,3
189,21,3
190,21,3
191,21,3
192,21,3
193,21,3
194,21,3
195,21,3
196,21,3
197,21,3
198,21,3
199,21,3
200,21,3
201,21,3
202,21,3
203,21,3
204,21,3
205,21,3
206,21,3
207,21,3
208,21,3
209,21,3
210,21,3
211,21,3
212,21,3
213,21,3
214,21,3
215,21,0
216,21,0
217,21,0
218,21,0
219,21,0
220,21,0
221,21,0
222,21,0
223,21,0
224,21,0
225,21,0
226,21,0
227,21,0
228,21,0
229,21,0
230,21,0
231,21,0
232,21,0
233,21,0
234,21,0
235,21,0
236,21,0
237,21,0
238,21,0
239,21,0
240,21,0
241,21,0
242,21,0
243,21,0
244,21,0
245,21,0
246,21,0
247,21,0
248,21,0
249,21,0
250,21,0
251,21,0
252,21,0
253,21,0
254,21,0
255,21,0
256,21,0
257,21,0
258,21,0
259,21,0
260,21,0
261,21,0
262,21,0
263,21,0
264,21,0
265,21,0
266,21,0
267,21,0
268,21,0
269,21,0
270,21,0
271,21,0
272,21,0
273,21,0
274,21,0
275,21,0
276,21,0
277,21,0
278,21,0
279,21,0
280,21,0
281,21,0
282,21,0
283,21,0
284,21,0
285,21,0
286,21,0
287,21,0
288,21,0
289,21,0
290,21,0
291,21,0
1,22,0
2,22,0
3,22,0
4,22,0
5,22,0
6,22,0
7,22,0
8,22,0
9,22,0
10,22,0
11,22,0
12,22,0
13,22,0
14,22,0
15,22,0
16,22,0
17,22,0
18,22,0
19,22,0
20,22,0
21,22,0
22,22,0
23,22,0
24,22,0
25,22,0
26,22,0
27,22,0
28,22,0
29,22,0
30,22,0
31,22,0
32,22,0
33,22,0
34,22,0
35,22,0
36,22,0
37,22,0
38,22,0
39,22,0
40,22,0
41,22,0
42,22,0
43,22,0
44,22,0
45,22,0
46,22,0
47,22,0
48,22,0
49,22,0
50,22,0
51,22,0
52,22,0
53,22,0
54,22,0
55,22,0
56,22,0
57,22,0
58,22,0
59,22,0
60,22,0
61,22,0
62,22,0
63,22,0
64,22,0
65,22,0
66,22,0
67,22,0
68,22,0
69,22,0
70,22,0
71,22,0
72,22,0
73,22,0
74,22,0
75,22,0
76,22,0
77,22,0
78,22,0
79,22,0
80,22,0
81,22,0
82,22,0
83,22,0
84,22,0
85,22,3
86,22,3
87,22,3
88,22,3
89,22,3
90,22,3
91,22,3
92,22,3
93,22,3
94,22,3
95,22,3
96,22,3
97,22,3
98,22,3
99,22,3
100,22,3
101,22,3
102,22,3
103,22,3
104,22,3
105,22,3
106,22,3
107,22,3
108,22,3
109,22,3
110,22,3
111,22,3
112,22,3
113,22,3
114,22,3
115,22,3
116,22,3
117,22,3
118,22,3
119,22,3
120,22,3
121,22,3
122,22,3
123,22,3
124,22,3
125,22,3
126,22,3
127,22,3
128,22,3
129,22,3
130,22,3
131,22,0
132,22,0
133,22,1
134,22,1
135,22,1
136,22,1
137,22,1
138,22,1
139,22,1
140,22,1
141,22,1
142,22,1
143,22,1
144,22,1
145,22,1
146,22,1
147,22,1
148,22,1
149,22,1
150,22,1
151,22,1
152,22,1
153,22,1
154,22,1
155,22,1
156,22,1
157,22,1
158,22,1
159,22,1
160,22,1
161,22,1
162,22,1
163,22,1
164,22,1
165,22,1
166,22,1
167,22,1
168,22,1
169,22,1
170,22,1
171,22,1
172,22,1
173,22,1
174,22,1
175,22,1
176,22,1
177,22,1
178,22,1
179,22,1
180,22,1
181,22,1
182,22,1
183,22,1
184,22,1
185,22,1
186,22,1
187,22,1
188,22,0
189,22,3
190,22,3
191,22,3
192,22,3
193,22,3
194,22,3
195,22,3
196,22,3
197,22,3
198,22,3
199,22,3
200,22,3
201,22,3
202,22,3
203,22,3
204,22,3
205,22,3
206,22,3
207,22,3
208,22,3
209,22,3
210,22,3
211,22,3
212,22,3
213,22,3
214,22,3
215,22,0
216,22,0
217,22,0
218,22,0
219,22,0
220,22,0
221,22,0
222,22,0
223,22,0
224,22,0
225,22,0
226,22,0
227,22,0
228,22,0
229,22,0
230,22,0
231,22,0
232,22,0
233,22,0
234,22,0
235,22,0
236,22,0
237,22,0
238,22,0
239,22,0
240,22,0
241,22,0
242,22,0
243,22,0
244,22,0
245,22,0
246,22,0
247,22,0
248,22,0
249,22,0
250,22,0
251,22,0
252,22,0
253,22,0
254,22,0
255,22,0
256,22,0
257,22,0
258,22,0
259,22,0
260,22,0
261,22,0
262,22,0
263,22,0
264,22,0
265,22,0
266,22,0
267,22,0
268,22,0
269,22,0
270,22,0
271,22,0
272,22,0
273,22,0
274,22,0
275,22,0
276,22,0
277,22,0
278,22,0
279,22,0
280,22,0
281,22,0
282,22,0
283,22,0
284,22,0
285,22,0
286,22,0
287,22,0
288,22,0
289,22,0
290,22,0
291,22,0
1,23,0
2,23,0
3,23,0
4,23,0
5,23,0
6,23,0
7,23,0
8,23,0
9,23,0
10,23,0
11,23,0
12,23,0
13,23,0
14,23,0
15,23,0
16,23,0
17,23,0
18,23,0
19,23,0
20,23,0
21,23,0
22,23,0
23,23,0
24,23,0
25,23,0
26,23,0
27,23,0
28,23,0
29,23,0
30,23,0
31,23,0
32,23,0
33,23,0
34,23,0
35,23,0
36,23,0
37,23,0
38,23,0
39,23,0
40,23,0
41,23,0
42,23,0
43,23,0
44,23,0
45,23,0
46,23,0
47,23,0
48,23,0
49,23,0
50,23,0
51,23,0
52,23,0
53,23,0
54,23,0
55,23,0
56,23,0
57,23,0
58,23,0
59,23,0
60,23,0
61,23,0
62,23,0
63,23,0
64,23,0
65,23,0
66,23,0
67,23,0
68,23,0
69,23,0
70,23,0
71,23,0
72,23,0
73,23,0
74,23,0
75,23,0
76,23,0
77,23,0
78,23,0
79,23,0
80,23,0
81,23,0
82,23,0
83,23,0
84,23,0
85,23,3
86,23,3
87,23,3
88,23,3
89,23,3
90,23,3
91,23,3
92,23,3
93,23,3
94,23,3
95,23,3
96,23,3
97,23,3
98,23,3
99,23,3
100,23,3
101,23,3
102,23,3
103,23,3
104,23,3
105,23,3
106,23,3
107,23,3
108,23,3
109,23,3
110,23,3
111,23,3
112,23,3
113,23,3
114,23,3
115,23,3
116,23,3
117,23,3
118,23,3
119,23,3
120,23,0
121,23,0
122,23,0
123,23,0
124,23,1
125,23,0
126,23,0
127,23,0
128,23,0
129,23,0
130,23,3
131,23,0
132,23,1
133,23,1
134,23,1
135,23,1
136,23,1
137,23,1
138,23,1
139,23,1
140,23,1
141,23,1
142,23,1
143,23,1
144,23,1
145,23,1
146,23,1
147,23,1
148,23,1
149,23,1
150,23,1
151,23,1
152,23,1
153,23,1
154,23,1
155,23,1
156,23,1
157,23,1
158,23,1
159,23,1
160,23,1
161,23,1
162,23,1
163,23,1
164,23,1
165,23,1
166,23,1
167,23,1
168,23,1
169,23,1
170,23,1
171,23,1
172,23,1
173,23,1
174,23,1
175,23,1
176,23,1
177,23,1
178,23,1
179,23,1
180,23,1
181,23,1
182,23,1
183,23,1
184,23,1
185,23,1
186,23,1
187,23,1
188,23,1
189,23,0
190,23,3
191,23,3
192,23,3
193,23,3
194,23,3
195,23,3
196,23,3
197,23,3
198,23,3
199,23,3
200,23,3
201,23,3
202,23,3
203,23,3
204,23,3
205,23,3
206,23,3
207,23,3
208,23,3
209,23,3
210,23,3
211,23,3
212,23,3
213,23,3
214,23,3
215,23,3
216,23,0
217,23,0
218,23,0
219,23,0
220,23,0
221,23,0
222,23,0
223,23,0
224,23,0
225,23,0
226,23,0
227,23,0
228,23,0
229,23,0
230,23,0
231,23,0
232,23,0
233,23,0
234,23,0
235,23,0
236,23,0
237,23,0
238,23,0
239,23,0
240,23,0
241,23,0
242,23,0
243,23,0
244,23,0
245,23,0
246,23,0
247,23,0
248,23,0
249,23,0
250,23,0
251,23,0
252,23,0
253,23,0
254,23,0
255,23,0
256,23,0
257,23,0
258,23,0
259,23,0
260,23,0
261,23,0
262,23,0
263,23,0
264,23,0
265,23,0
266,23,0
267,23,0
268,23,0
269,23,0
270,23,0
271,23,0
272,23,0
273,23,0
274,23,0
275,23,0
276,23,0
277,23,0
278,23,0
279,23,0
280,23,0
281,23,0
282,23,0
283,23,0
284,23,0
285,23,0
286,23,0
287,23,0
288,23,0
289,23,0
290,23,0
291,23,0
1,24,0
2,24,0
3,24,0
4,24,0
5,24,0
6,24,0
7,24,0
8,24,0
9,24,0
10,24,0
11,24,0
12,24,0
13,24,0
14,24,0
15,24,0
16,24,0
17,24,0
18,24,0
19,24,0
20,24,0
21,24,0
22,24,0
23,24,0
24,24,0
25,24,0
26,24,0
27,24,0
28,24,0
29,24,0
30,24,0
31,24,0
32,24,0
33,24,0
34,24,0
35,24,0
36,24,0
37,24,0
38,24,0
39,24,0
40,24,0
41,24,0
42,24,0
43,24,0
44,24,0
45,24,0
46,24,0
47,24,0
48,24,0
49,24,0
50,24,0
51,24,0
52,24,0
53,24,0
54,24,0
55,24,0
56,24,0
57,24,0
58,24,0
59,24,0
60,24,0
61,24,0
62,24,0
63,24,0
64,24,0
65,24,0
66,24,0
67,24,0
68,24,0
69,24,0
70,24,0
71,24,0
72,24,0
73,24,0
74,24,0
75,24,0
76,24,0
77,24,0
78,24,0
79,24,0
80,24,0
81,24,0
82,24,0
83,24,0
84,24,3
85,24,3
86,24,3
87,24,3
88,24,3
89,24,3
90,24,3
91,24,3
92,24,3
93,24,3
94,24,3
95,24,3
96,24,3
97,24,3
98,24,3
99,24,3
100,24,3
101,24,3
102,24,3
103,24,3
104,24,3
105,24,3
106,24,3
107,24,3
108,24,3
109,24,3
110,24,3
111,24,3
112,24,3
113,24,3
114,24,3
115,24,3
116,24,3
117,24,3
118,24,3
119,24,0
120,24,0
121,24,1
122,24,1
123,24,1
124,24,1
125,24,1
126,24,1
127,24,1
128,24,1
129,24,1
130,24,1
131,24,1
132,24,1
133,24,1
134,24,1
135,24,1
136,24,1
137,24,1
138,24,1
139,24,1
140,24,1
141,24,1
142,24,1
143,24,1
144,24,1
145,24,1
146,24,1
147,24,1
148,24,1
149,24,1
150,24,1
151,24,1
152,24,1
153,24,1
154,24,1
155,24,1
156,24,1
157,24,1
158,24,1
159,24,1
160,24,1
161,24,1
162,24,1
163,24,1
164,24,1
165,24,1
166,24,1
167,24,1
168,24,1
169,24,1
170,24,1
171,24,1
172,24,1
173,24,1
174,24,1
175,24,1
176,24,1
177,24,1
178,24,1
179,24,1
180,24,1
181,24,1
182,24,1
183,24,1
184,24,1
185,24,1
186,24,1
187,24,1
188,24,1
189,24,1
190,24,3
191,24,3
192,24,3
193,24,3
194,24,3
195,24,3
196,24,3
197,24,3
198,24,3
199,24,3
200,24,3
201,24,3
202,24,3
203,24,3
204,24,3
205,24,3
206,24,3
207,24,3
208,24,3
209,24,3
210,24,3
211,24,3
212,24,3
213,24,3
214,24,3
215,24,3
216,24,0
217,24,0
218,24,0
219,24,0
220,24,0
221,24,0
222,24,3
223,24,3
224,24,3
225,24,3
226,24,3
227,24,3
228,24,0
229,24,0
230,24,0
231,24,0
232,24,0
233,24,0
234,24,0
235,24,0
236,24,0
237,24,0
238,24,0
239,24,0
240,24,0
241,24,0
242,24,0
243,24,0
244,24,0
245,24,0
246,24,0
247,24,0
248,24,0
249,24,0
250,24,0
251,24,0
252,24,0
253,24,0
254,24,0
255,24,0
256,24,0
257,24,0
258,24,0
259,24,0
260,24,0
261,24,0
262,24,0
263,24,0
264,24,0
265,24,0
266,24,0
267,24,0
268,24,0
269,24,0
270,24,0
271,24,0
272,24,0
273,24,0
274,24,0
275,24,0
276,24,0
277,24,0
278,24,0
279,24,0
280,24,0
281,24,0
282,24,0
283,24,0
284,24,0
285,24,0
286,24,0
287,24,0
288,24,0
289,24,0
290,24,0
291,24,0
1,25,0
2,25,0
3,25,0
4,25,0
5,25,0
6,25,0
7,25,0
8,25,0
9,25,0
10,25,0
11,25,0
12,25,0
13,25,0
14,25,0
15,25,0
16,25,0
17,25,0
18,25,0
19,25,0
20,25,0
21,25,0
22,25,0
23,25,0
24,25,0
25,25,0
26,25,0
27,25,0
28,25,0
29,25,0
30,25,0
31,25,0
32,25,0
33,25,0
34,25,0
35,25,0
36,25,0
37,25,0
38,25,0
39,25,0
40,25,0
41,25,0
42,25,0
43,25,0
44,25,0
45,25,0
46,25,0
47,25,0
48,25,0
49,25,0
50,25,0
51,25,0
52,25,0
53,25,0
54,25,0
55,25,0
56,25,0
57,25,0
58,25,0
59,25,0
60,25,0
61,25,0
62,25,0
63,25,0
64,25,0
65,25,0
66,25,0
67,25,0
68,25,0
69,25,0
70,25,0
71,25,0
72,25,0
73,25,0
74,25,0
75,25,0
76,25,0
77,25,0
78,25,0
79,25,0
80,25,0
81,25,0
82,25,0
83,25,3
84,25,3
85,25,3
86,25,3
87,25,3
88,25,3
89,25,3
90,25,3
91,25,3
92,25,3
93,25,3
94,25,3
95,25,3
96,25,3
97,25,3
98,25,3
99,25,3
100,25,3
101,25,3
102,25,3
103,25,3
104,25,3
105,25,3
106,25,3
107,25,3
108,25,3
109,25,3
110,25,3
111,25,3
112,25,3
113,25,3
114,25,3
115,25,3
116,25,3
117,25,3
118,25,3
119,25,0
120,25,1
121,25,1
122,25,1
123,25,1
124,25,1
125,25,1
126,25,1
127,25,1
128,25,1
129,25,1
130,25,1
131,25,1
132,25,1
133,25,1
134,25,1
135,25,1
136,25,1
137,25,1
138,25,1
139,25,1
140,25,1
141,25,1
142,25,1
143,25,1
144,25,1
145,25,1
146,25,1
147,25,1
148,25,1
149,25,1
150,25,1
151,25,1
152,25,1
153,25,1
154,25,1
155,25,1
156,25,1
157,25,1
158,25,1
159,25,1
160,25,1
161,25,1
162,25,1
163,25,1
164,25,1
165,25,1
166,25,1
167,25,1
168,25,1
169,25,1
170,25,1
171,25,1
172,25,1
173,25,1
174,25,1
175,25,1
176,25,1
177,25,1
178,25,1
179,25,1
180,25,1
181,25,1
182,25,1
183,25,1
184,25,1
185,25,1
186,25,1
187,25,1
188,25,1
189,25,1
190,25,0
191,25,3
192,25,3
193,25,3
194,25,3
195,25,3
196,25,3
197,25,3
198,25,3
199,25,3
200,25,3
201,25,3
202,25,3
203,25,3
204,25,3
205,25,3
206,25,3
207,25,3
208,25,3
209,25,3
210,25,3
211,25,3
212,25,3
213,25,3
214,25,3
215,25,3
216,25,3
217,25,3
218,25,3
219,25,3
220,25,3
221,25,3
222,25,3
223,25,3
224,25,3
225,25,3
226,25,3
227,25,3
228,25,3
229,25,0
230,25,0
231,25,0
232,25,0
233,25,0
234,25,0
235,25,0
236,25,0
237,25,0
238,25,0
239,25,0
240,25,0
241,25,0
242,25,0
243,25,0
244,25,0
245,25,0
246,25,0
247,25,0
248,25,0
249,25,0
250,25,0
251,25,0
252,25,0
253,25,0
254,25,0
255,25,0
256,25,0
257,25,0
258,25,0
259,25,0
260,25,0
261,25,0
262,25,0
263,25,0
264,25,0
265,25,0
266,25,0
267,25,0
268,25,0
269,25,0
270,25,0
271,25,0
272,25,0
273,25,0
274,25,0
275,25,0
276,25,0
277,25,0
278,25,0
279,25,0
280,25,0
281,25,0
282,25,0
283,25,0
284,25,0
285,25,0
286,25,0
287,25,0
288,25,0
289,25,0
290,25,0
291,25,0
1,26,0
2,26,0
3,26,0
4,26,0
5,26,0
6,26,0
7,26,0
8,26,0
9,26,0
10,26,0
11,26,0
12,26,0
13,26,0
14,26,0
15,26,0
16,26,0
17,26,0
18,26,0
19,26,0
20,26,0
21,26,0
22,26,0
23,26,0
24,26,0
25,26,0
26,26,0
27,26,0
28,26,0
29,26,0
30,26,0
31,26,0
32,26,0
33,26,0
34,26,0
35,26,0
36,26,0
37,26,0
38,26,0
39,26,0
40,26,0
41,26,0
42,26,0
43,26,0
44,26,0
45,26,0
46,26,0
47,26,0
48,26,0
49,26,0
50,26,0
51,26,0
52,26,0
53,26,0
54,26,0
55,26,0
56,26,0
57,26,0
58,26,0
59,26,0
60,26,0
61,26,0
62,26,0
63,26,0
64,26,0
65,26,0
66,26,0
67,26,0
68,26,0
69,26,0
70,26,0
71,26,0
72,26,0
73,26,0
74,26,0
75,26,0
76,26,0
77,26,0
78,26,0
79,26,0
80,26,0
81,26,0
82,26,3
83,26,3
84,26,3
85,26,3
86,26,3
87,26,3
88,26,3
89,26,3
90,26,3
91,26,3
92,26,3
93,26,3
94,26,3
95,26,3
96,26,3
97,26,3
98,26,3
99,26,3
100,26,3
101,26,3
102,26,3
103,26,3
104,26,3
105,26,3
106,26,3
107,26,3
108,26,3
109,26,3
110,26,3
111,26,3
112,26,3
113,26,3
114,26,3
115,26,3
116,26,3
117,26,0
118,26,0
119,26,1
120,26,1
121,26,1
122,26,1
123,26,1
124,26,1
125,26,1
126,26,1
127,26,1
128,26,1
129,26,1
130,26,1
131,26,1
132,26,1
133,26,1
134,26,1
135,26,1
136,26,1
137,26,1
138,26,1
139,26,1
140,26,1
141,26,1
142,26,1
143,26,1
144,26,1
145,26,1
146,26,1
147,26,1
148,26,1
149,26,1
150,26,1
151,26,1
152,26,1
153,26,1
154,26,1
155,26,1
156,26,1
157,26,1
158,26,1
159,26,1
160,26,1
161,26,1
162,26,1
163,26,1
164,26,1
165,26,1
166,26,1
167,26,1
168,26,1
169,26,1
170,26,1
171,26,1
172,26,1
173,26,1
174,26,1
175,26,1
176,26,1
177,26,1
178,26,1
179,26,1
180,26,1
181,26,1
182,26,1
183,26,1
184,26,1
185,26,1
186,26,1
187,26,1
188,26,1
189,26,1
190,26,1
191,26,0
192,26,3
193,26,3
194,26,3
195,26,3
196,26,3
197,26,3
198,26,3
199,26,3
200,26,3
201,26,3
202,26,3
203,26,3
204,26,3
205,26,3
206,26,3
207,26,3
208,26,3
209,26,3
210,26,3
211,26,3
212,26,3
213,26,3
214,26,3
215,26,3
216,26,3
217,26,3
218,26,3
219,26,3
220,26,3
221,26,3
222,26,3
223,26,3
224,26,3
225,26,3
226,26,3
227,26,3
228,26,3
229,26,3
230,26,0
231,26,0
232,26,0
233,26,0
234,26,0
235,26,0
236,26,0
237,26,0
238,26,0
239,26,0
240,26,0
241,26,0
242,26,0
243,26,0
244,26,0
245,26,0
246,26,0
247,26,0
248,26,0
249,26,0
250,26,0
251,26,0
252,26,0
253,26,0
254,26,0
255,26,0
256,26,0
257,26,0
258,26,0
259,26,0
260,26,0
261,26,0
262,26,0
263,26,0
264,26,0
265,26,0
266,26,0
267,26,0
268,26,0
269,26,0
270,26,0
271,26,0
272,26,0
273,26,0
274,26,0
275,26,0
276,26,0
277,26,0
278,26,0
279,26,0
280,26,0
281,26,0
282,26,0
283,26,0
284,26,0
285,26,0
286,26,0
287,26,0
288,26,0
289,26,0
290,26,0
291,26,0
1,27,0
2,27,0
3,27,0
4,27,0
5,27,0
6,27,0
7,27,0
8,27,0
9,27,0
10,27,0
11,27,0
12,27,0
13,27,0
14,27,0
15,27,0
16,27,0
17,27,0
18,27,0
19,27,0
20,27,0
21,27,0
22,27,0
23,27,0
24,27,0
25,27,0
26,27,0
27,27,0
28,27,0
29,27,0
30,27,0
31,27,0
32,27,0
33,27,0
34,27,0
35,27,0
36,27,0
37,27,0
38,27,0
39,27,0
40,27,0
41,27,0
42,27,0
43,27,0
44,27,0
45,27,0
46,27,0
47,27,0
48,27,0
49,27,0
50,27,0
51,27,0
52,27,0
53,27,0
54,27,0
55,27,0
56,27,0
57,27,0
58,27,0
59,27,0
60,27,0
61,27,0
62,27,0
63,27,0
64,27,0
65,27,0
66,27,0
67,27,0
68,27,0
69,27,0
70,27,0
71,27,0
72,27,0
73,27,0
74,27,0
75,27,0
76,27,0
77,27,0
78,27,0
79,27,0
80,27,0
81,27,3
82,27,3
83,27,3
84,27,3
85,27,3
86,27,3
87,27,3
88,27,3
89,27,3
90,27,3
91,27,3
92,27,3
93,27,3
94,27,3
95,27,3
96,27,3
97,27,3
98,27,3
99,27,3
100,27,3
101,27,3
102,27,3
103,27,3
104,27,3
105,27,3
106,27,3
107,27,3
108,27,3
109,27,3
110,27,3
111,27,3
112,27,3
113,27,3
114,27,3
115,27,3
116,27,3
117,27,0
118,27,1
119,27,1
120,27,1
121,27,1
122,27,1
123,27,1
124,27,1
125,27,1
126,27,1
127,27,1
128,27,1
129,27,1
130,27,1
131,27,1
132,27,1
133,27,1
134,27,1
135,27,1
136,27,1
137,27,1
138,27,1
139,27,1
140,27,1
141,27,1
142,27,1
143,27,1
144,27,1
145,27,1
146,27,1
147,27,1
148,27,1
149,27,1
150,27,1
151,27,1
152,27,1
153,27,1
154,27,1
155,27,1
156,27,1
157,27,1
158,27,1
159,27,1
160,27,1
161,27,1
162,27,1
163,27,1
164,27,1
165,27,1
166,27,1
167,27,1
168,27,1
169,27,1
170,27,1
171,27,1
172,27,1
173,27,1
174,27,1
175,27,1
176,27,1
177,27,1
178,27,1
179,27,1
180,27,1
181,27,1
182,27,1
183,27,1
184,27,1
185,27,1
186,27,1
187,27,1
188,27,1
189,27,1
190,27,1
191,27,1
192,27,0
193,27,0
194,27,0
195,27,3
196,27,3
197,27,0
198,27,0
199,27,0
200,27,0
201,27,0
202,27,0
203,27,0
204,27,1
205,27,0
206,27,3
207,27,3
208,27,3
209,27,3
210,27,3
211,27,3
212,27,3
213,27,3
214,27,3
215,27,3
216,27,3
217,27,3
218,27,3
219,27,3
220,27,3
221,27,3
222,27,3
223,27,3
224,27,3
225,27,3
226,27,3
227,27,3
228,27,0
229,27,0
230,27,0
231,27,1
232,27,0
233,27,0
234,27,0
235,27,0
236,27,0
237,27,0
238,27,0
239,27,0
240,27,0
241,27,0
242,27,0
243,27,0
244,27,0
245,27,0
246,27,0
247,27,0
248,27,0
249,27,0
250,27,0
251,27,0
252,27,0
253,27,0
254,27,0
255,27,0
256,27,0
257,27,0
258,27,0
259,27,0
260,27,0
261,27,0
262,27,0
263,27,0
264,27,0
265,27,0
266,27,0
267,27,0
268,27,0
269,27,0
270,27,0
271,27,0
272,27,0
273,27,0
274,27,0
275,27,0
276,27,0
277,27,0
278,27,0
279,27,0
280,27,0
281,27,0
282,27,0
283,27,0
284,27,0
285,27,0
286,27,0
287,27,0
288,27,0
289,27,0
290,27,0
291,27,0
1,28,0
2,28,0
3,28,0
4,28,0
5,28,0
6,28,0
7,28,0
8,28,0
9,28,0
10,28,0
11,28,0
12,28,0
13,28,0
14,28,0
15,28,0
16,28,0
17,28,0
18,28,0
19,28,0
20,28,0
21,28,0
22,28,0
23,28,0
24,28,0
25,28,0
26,28,0
27,28,0
28,28,0
29,28,0
30,28,0
31,28,0
32,28,0
33,28,0
34,28,0
35,28,0
36,28,0
37,28,0
38,28,0
39,28,0
40,28,0
41,28,0
42,28,0
43,28,0
44,28,0
45,28,0
46,28,0
47,28,0
48,28,0
49,28,0
50,28,0
51,28,0
52,28,0
53,28,0
54,28,0
55,28,0
56,28,0
57,28,0
58,28,0
59,28,0
60,28,0
61,28,0
62,28,0
63,28,0
64,28,0
65,28,0
66,28,0
67,28,0
68,28,0
69,28,0
70,28,0
71,28,0
72,28,0
73,28,0
74,28,0
75,28,0
76,28,0
77,28,0
78,28,0
79,28,0
80,28,0
81,28,3
82,28,3
83,28,3
84,28,3
85,28,3
86,28,3
87,28,3
88,28,3
89,28,3
90,28,3
91,28,3
92,28,3
93,28,3
94,28,3
95,28,3
96,28,3
97,28,3
98,28,3
99,28,3
100,28,3
101,28,3
102,28,3
103,28,3
104,28,3
105,28,3
106,28,3
107,28,3
108,28,3
109,28,3
110,28,3
111,28,3
112,28,3
113,28,3
114,28,3
115,28,3
116,28,0
117,28,1
118,28,1
119,28,1
120,28,1
121,28,1
122,28,1
123,28,1
124,28,1
125,28,1
126,28,1
127,28,1
128,28,1
129,28,1
130,28,1
131,28,1
132,28,1
133,28,1
134,28,1
135,28,1
136,28,1
137,28,1
138,28,1
139,28,1
140,28,1
141,28,1
142,28,1
143,28,1
144,28,1
145,28,1
146,28,1
147,28,1
148,28,1
149,28,1
150,28,1
151,28,1
152,28,1
153,28,1
154,28,1
155,28,1
156,28,1
157,28,1
158,28,1
159,28,1
160,28,1
161,28,1
162,28,1
163,28,1
164,28,1
165,28,1
166,28,1
167,28,1
168,28,1
169,28,1
170,28,1
171,28,1
172,28,1
173,28,1
174,28,1
175,28,1
176,28,1
177,28,1
178,28,1
179,28,1
180,28,1
181,28,1
182,28,1
183,28,1
184,28,1
185,28,1
186,28,1
187,28,1
188,28,1
189,28,1
190,28,1
191,28,1
192,28,0
193,28,0
194,28,0
195,28,0
196,28,0
197,28,1
198,28,1
199,28,1
200,28,1
201,28,1
202,28,1
203,28,1
204,28,1
205,28,1
206,28,1
207,28,3
208,28,3
209,28,3
210,28,3
211,28,3
212,28,3
213,28,3
214,28,3
215,28,3
216,28,3
217,28,3
218,28,3
219,28,3
220,28,3
221,28,3
222,28,3
223,28,3
224,28,3
225,28,3
226,28,3
227,28,3
228,28,0
229,28,0
230,28,1
231,28,1
232,28,1
233,28,1
234,28,0
235,28,0
236,28,0
237,28,0
238,28,0
239,28,0
240,28,0
241,28,0
242,28,0
243,28,0
244,28,0
245,28,0
246,28,0
247,28,0
248,28,0
249,28,0
250,28,0
251,28,0
252,28,0
253,28,0
254,28,0
255,28,0
256,28,0
257,28,0
258,28,0
259,28,0
260,28,0
261,28,0
262,28,0
263,28,0
264,28,0
265,28,0
266,28,0
267,28,0
268,28,0
269,28,0
270,28,0
271,28,0
272,28,0
273,28,0
274,28,0
275,28,0
276,28,0
277,28,0
278,28,0
279,28,0
280,28,0
281,28,0
282,28,0
283,28,0
284,28,0
285,28,0
286,28,0
287,28,0
288,28,0
289,28,0
290,28,0
291,28,0
1,29,0
2,29,0
3,29,0
4,29,0
5,29,0
6,29,0
7,29,0
8,29,0
9,29,0
10,29,0
11,29,0
12,29,0
13,29,0
14,29,0
15,29,0
16,29,0
17,29,0
18,29,0
19,29,0
20,29,0
21,29,0
22,29,0
23,29,0
24,29,0
25,29,0
26,29,0
27,29,0
28,29,0
29,29,0
30,29,0
31,29,0
32,29,0
33,29,0
34,29,0
35,29,0
36,29,0
37,29,0
38,29,0
39,29,0
40,29,0
41,29,0
42,29,0
43,29,0
44,29,0
45,29,0
46,29,0
47,29,0
48,29,0
49,29,0
50,29,0
51,29,0
52,29,0
53,29,0
54,29,0
55,29,0
56,29,0
57,29,0
58,29,0
59,29,0
60,29,0
61,29,0
62,29,0
63,29,0
64,29,0
65,29,0
66,29,0
67,29,0
68,29,0
69,29,0
70,29,0
71,29,0
72,29,0
73,29,0
74,29,0
75,29,0
76,29,0
77,29,0
78,29,0
79,29,3
80,29,3
81,29,3
82,29,3
83,29,3
84,29,3
85,29,3
86,29,3
87,29,3
88,29,3
89,29,3
90,29,3
91,29,3
92,29,3
93,29,3
94,29,3
95,29,3
96,29,3
97,29,3
98,29,3
99,29,3
100,29,3
101,29,3
102,29,3
103,29,3
104,29,3
105,29,3
106,29,3
107,29,3
108,29,3
109,29,3
110,29,3
111,29,3
112,29,3
113,29,3
114,29,3
115,29,0
116,29,0
117,29,1
118,29,1
119,29,1
120,29,1
121,29,1
122,29,1
123,29,1
124,29,1
125,29,1
126,29,1
127,29,1
128,29,1
129,29,1
130,29,1
131,29,1
132,29,1
133,29,1
134,29,1
135,29,1
136,29,1
137,29,1
138,29,1
139,29,1
140,29,1
141,29,1
142,29,1
143,29,1
144,29,1
145,29,1
146,29,1
147,29,1
148,29,1
149,29,1
150,29,1
151,29,1
152,29,1
153,29,1
154,29,1
155,29,1
156,29,1
157,29,1
158,29,1
159,29,1
160,29,1
161,29,1
162,29,1
163,29,1
164,29,1
165,29,1
166,29,1
167,29,1
168,29,1
169,29,1
170,29,1
171,29,1
172,29,1
173,29,1
174,29,1
175,29,1
176,29,1
177,29,1
178,29,1
179,29,1
180,29,1
181,29,1
182,29,1
183,29,1
184,29,1
185,29,1
186,29,1
187,29,1
188,29,1
189,29,1
190,29,1
191,29,1
192,29,1
193,29,1
194,29,1
195,29,1
196,29,1
197,29,1
198,29,1
199,29,1
200,29,1
201,29,1
202,29,1
203,29,1
204,29,1
205,29,1
206,29,1
207,29,1
208,29,3
209,29,3
210,29,3
211,29,3
212,29,3
213,29,3
214,29,3
215,29,3
216,29,3
217,29,3
218,29,3
219,29,3
220,29,3
221,29,3
222,29,3
223,29,3
224,29,3
225,29,3
226,29,3
227,29,0
228,29,1
229,29,1
230,29,1
231,29,1
232,29,1
233,29,1
234,29,1
235,29,0
236,29,0
237,29,0
238,29,0
239,29,0
240,29,0
241,29,0
242,29,0
243,29,0
244,29,0
245,29,0
246,29,0
247,29,0
248,29,0
249,29,0
250,29,0
251,29,0
252,29,0
253,29,0
254,29,0
255,29,0
256,29,0
257,29,0
258,29,0
259,29,0
260,29,0
261,29,0
262,29,0
263,29,0
264,29,0
265,29,0
266,29,0
267,29,0
268,29,0
269,29,0
270,29,0
271,29,0
272,29,0
273,29,0
274,29,0
275,29,0
276,29,0
277,29,0
278,29,0
279,29,0
280,29,0
281,29,0
282,29,0
283,29,0
284,29,0
285,29,0
286,29,0
287,29,0
288,29,0
289,29,0
290,29,0
291,29,0
1,30,0
2,30,0
3,30,0
4,30,0
5,30,0
6,30,0
7,30,0
8,30,0
9,30,0
10,30,0
11,30,0
12,30,0
13,30,0
14,30,0
15,30,0
16,30,0
17,30,0
18,30,0
19,30,0
20,30,0
21,30,0
22,30,0
23,30,0
24,30,0
25,30,0
26,30,0
27,30,0
28,30,0
29,30,0
30,30,0
31,30,0
32,30,0
33,30,0
34,30,0
35,30,0
36,30,0
37,30,0
38,30,0
39,30,0
40,30,0
41,30,0
42,30,0
43,30,0
44,30,0
45,30,0
46,30,0
47,30,0
48,30,0
49,30,0
50,30,0
51,30,0
52,30,0
53,30,0
54,30,0
55,30,0
56,30,0
57,30,0
58,30,0
59,30,0
60,30,0
61,30,0
62,30,0
63,30,0
64,30,0
65,30,0
66,30,0
67,30,0
68,30,0
69,30,0
70,30,0
71,30,0
72,30,0
73,30,0
74,30,0
75,30,0
76,30,0
77,30,0
78,30,0
79,30,3
80,30,3
81,30,3
82,30,3
83,30,3
84,30,3
85,30,3
86,30,3
87,30,3
88,30,3
89,30,3
90,30,3
91,30,3
92,30,3
93,30,3
94,30,3
95,30,3
96,30,3
97,30,3
98,30,3
99,30,3
100,30,3
101,30,3
102,30,3
103,30,3
104,30,3
105,30,3
106,30,3
107,30,3
108,30,3
109,30,3
110,30,3
111,30,3
112,30,3
113,30,3
114,30,0
115,30,0
116,30,1
117,30,1
118,30,1
119,30,1
120,30,1
121,30,1
122,30,1
123,30,1
124,30,1
125,30,1
126,30,1
127,30,1
128,30,1
129,30,1
130,30,1
131,30,1
132,30,1
133,30,1
134,30,1
135,30,1
136,30,1
137,30,1
138,30,1
139,30,1
140,30,1
141,30,1
142,30,1
143,30,1
144,30,1
145,30,1
146,30,1
147,30,1
148,30,1
149,30,1
150,30,1
151,30,1
152,30,1
153,30,1
154,30,1
155,30,1
156,30,1
157,30,1
158,30,1
159,30,1
160,30,1
161,30,1
162,30,1
163,30,1
164,30,1
165,30,1
166,30,1
167,30,1
168,30,1
169,30,1
170,30,1
171,30,1
172,30,1
173,30,1
174,30,1
175,30,1
176,30,1
177,30,1
178,30,1
179,30,1
180,30,1
181,30,1
182,30,1
183,30,1
184,30,1
185,30,1
186,30,1
187,30,1
188,30,1
189,30,1
190,30,1
191,30,1
192,30,1
193,30,1
194,30,1
195,30,1
196,30,1
197,30,1
198,30,1
199,30,1
200,30,1
201,30,1
202,30,1
203,30,1
204,30,1
205,30,1
206,30,1
207,30,1
208,30,3
209,30,3
210,30,3
211,30,3
212,30,3
213,30,3
214,30,3
215,30,3
216,30,3
217,30,3
218,30,3
219,30,3
220,30,3
221,30,3
222,30,3
223,30,3
224,30,3
225,30,3
226,30,3
227,30,0
228,30,1
229,30,1
230,30,1
231,30,1
232,30,1
233,30,1
234,30,1
235,30,0
236,30,0
237,30,0
238,30,0
239,30,0
240,30,0
241,30,0
242,30,0
243,30,0
244,30,0
245,30,0
246,30,0
247,30,0
248,30,0
249,30,0
250,30,0
251,30,0
252,30,0
253,30,0
254,30,0
255,30,0
256,30,0
257,30,0
258,30,0
259,30,0
260,30,0
261,30,0
262,30,0
263,30,0
264,30,0
265,30,0
266,30,0
267,30,0
268,30,0
269,30,0
270,30,0
271,30,0
272,30,0
273,30,0
274,30,0
275,30,0
276,30,0
277,30,0
278,30,0
279,30,0
280,30,0
281,30,0
282,30,0
283,30,0
284,30,0
285,30,0
286,30,0
287,30,0
288,30,0
289,30,0
290,30,0
291,30,0
1,31,0
2,31,0
3,31,0
4,31,0
5,31,0
6,31,0
7,31,0
8,31,0
9,31,0
10,31,0
11,31,0
12,31,0
13,31,0
14,31,0
15,31,0
16,31,0
17,31,0
18,31,0
19,31,0
20,31,0
21,31,0
22,31,0
23,31,0
24,31,0
25,31,0
26,31,0
27,31,0
28,31,0
29,31,0
30,31,0
31,31,0
32,31,0
33,31,0
34,31,0
35,31,0
36,31,0
37,31,0
38,31,0
39,31,0
40,31,0
41,31,0
42,31,0
43,31,0
44,31,0
45,31,0
46,31,0
47,31,0
48,31,0
49,31,0
50,31,0
51,31,0
52,31,0
53,31,0
54,31,0
55,31,0
56,31,0
57,31,0
58,31,0
59,31,0
60,31,0
61,31,0
62,31,0
63,31,0
64,31,0
65,31,0
66,31,0
67,31,0
68,31,0
69,31,0
70,31,0
71,31,0
72,31,0
73,31,0
74,31,0
75,31,0
76,31,0
77,31,3
78,31,3
79,31,3
80,31,3
81,31,3
82,31,3
83,31,3
84,31,3
85,31,3
86,31,3
87,31,3
88,31,3
89,31,3
90,31,3
91,31,3
92,31,3
93,31,3
94,31,3
95,31,3
96,31,3
97,31,3
98,31,3
99,31,3
100,31,3
101,31,3
102,31,3
103,31,3
104,31,3
105,31,3
106,31,3
107,31,3
108,31,3
109,31,3
110,31,3
111,31,3
112,31,3
113,31,0
114,31,0
115,31,1
116,31,1
117,31,1
118,31,1
119,31,1
120,31,1
121,31,1
122,31,1
123,31,1
124,31,1
125,31,1
126,31,1
127,31,1
128,31,1
129,31,1
130,31,1
131,31,1
132,31,1
133,31,1
134,31,1
135,31,1
136,31,1
137,31,1
138,31,1
139,31,1
140,31,1
141,31,1
142,31,1
143,31,1
144,31,1
145,31,1
146,31,1
147,31,1
148,31,1
149,31,1
150,31,1
151,31,1
152,31,1
153,31,1
154,31,1
155,31,1
156,31,1
157,31,1
158,31,1
159,31,1
160,31,1
161,31,1
162,31,1
163,31,1
164,31,1
165,31,1
166,31,1
167,31,1
168,31,1
169,31,1
170,31,1
171,31,1
172,31,1
173,31,1
174,31,1
175,31,1
176,31,1
177,31,1
178,31,1
179,31,1
180,31,1
181,31,1
182,31,1
183,31,1
184,31,1
185,31,1
186,31,1
187,31,1
188,31,1
189,31,1
190,31,1
191,31,1
192,31,1
193,31,1
194,31,1
195,31,1
196,31,1
197,31,1
198,31,1
199,31,1
200,31,1
201,31,1
202,31,1
203,31,1
204,31,1
205,31,1
206,31,1
207,31,1
208,31,0
209,31,3
210,31,3
211,31,3
212,31,3
213,31,3
214,31,3
215,31,3
216,31,3
217,31,3
218,31,3
219,31,3
220,31,3
221,31,3
222,31,3
223,31,3
224,31,3
225,31,0
226,31,0
227,31,1
228,31,1
229,31,1
230,31,1
231,31,1
232,31,1
233,31,1
234,31,1
235,31,1
236,31,1
237,31,0
238,31,0
239,31,0
240,31,0
241,31,0
242,31,0
243,31,0
244,31,0
245,31,0
246,31,0
247,31,0
248,31,0
249,31,0
250,31,0
251,31,0
252,31,0
253,31,0
254,31,0
255,31,0
256,31,0
257,31,0
258,31,0
259,31,0
260,31,0
261,31,0
262,31,0
263,31,0
264,31,0
265,31,0
266,31,0
267,31,0
268,31,0
269,31,0
270,31,0
271,31,0
272,31,0
273,31,0
274,31,0
275,31,0
276,31,0
277,31,0
278,31,0
279,31,0
280,31,0
281,31,0
282,31,0
283,31,0
284,31,0
285,31,0
286,31,0
287,31,0
288,31,0
289,31,0
290,31,0
291,31,0
1,32,0
2,32,0
3,32,0
4,32,0
5,32,0
6,32,0
7,32,0
8,32,0
9,32,0
10,32,0
11,32,0
12,32,0
13,32,0
14,32,0
15,32,0
16,32,0
17,32,0
18,32,0
19,32,0
20,32,0
21,32,0
22,32,0
23,32,0
24,32,0
25,32,0
26,32,0
27,32,0
28,32,0
29,32,0
30,32,0
31,32,0
32,32,0
33,32,0
34,32,0
35,32,0
36,32,0
37,32,0
38,32,0
39,32,0
40,32,0
41,32,0
42,32,0
43,32,0
44,32,0
45,32,0
46,32,0
47,32,0
48,32,0
49,32,0
50,32,0
51,32,0
52,32,0
53,32,0
54,32,0
55,32,0
56,32,0
57,32,0
58,32,0
59,32,0
60,32,0
61,32,0
62,32,0
63,32,0
64,32,0
65,32,0
66,32,0
67,32,0
68,32,0
69,32,0
70,32,0
71,32,0
72,32,0
73,32,0
74,32,0
75,32,0
76,32,0
77,32,3
78,32,3
79,32,3
80,32,3
81,32,3
82,32,3
83,32,3
84,32,3
85,32,3
86,32,3
87,32,3
88,32,3
89,32,3
90,32,3
91,32,3
92,32,3
93,32,3
94,32,3
95,32,3
96,32,3
97,32,3
98,32,3
99,32,3
100,32,3
101,32,3
102,32,3
103,32,3
104,32,3
105,32,3
106,32,3
107,32,3
108,32,3
109,32,3
110,32,3
111,32,3
112,32,0
113,32,0
114,32,1
115,32,1
116,32,1
117,32,1
118,32,1
119,32,1
120,32,1
121,32,1
122,32,1
123,32,1
124,32,1
125,32,1
126,32,1
127,32,1
128,32,1
129,32,1
130,32,1
131,32,1
132,32,1
133,32,1
134,32,1
135,32,1
136,32,1
137,32,1
138,32,1
139,32,1
140,32,1
141,32,1
142,32,1
143,32,1
144,32,1
145,32,1
146,32,1
147,32,1
148,32,1
149,32,1
150,32,1
151,32,1
152,32,1
153,32,1
154,32,1
155,32,1
156,32,1
157,32,1
158,32,1
159,32,1
160,32,1
161,32,1
162,32,1
163,32,1
164,32,1
165,32,1
166,32,1
167,32,1
168,32,1
169,32,1
170,32,1
171,32,1
172,32,1
173,32,1
174,32,1
175,32,1
176,32,1
177,32,1
178,32,1
179,32,1
180,32,1
181,32,1
182,32,1
183,32,1
184,32,1
185,32,1
186,32,1
187,32,1
188,32,1
189,32,1
190,32,1
191,32,1
192,32,1
193,32,1
194,32,1
195,32,1
196,32,1
197,32,1
198,32,1
199,32,1
200,32,1
201,32,1
202,32,1
203,32,1
204,32,1
205,32,1
206,32,1
207,32,1
208,32,1
209,32,3
210,32,3
211,32,3
212,32,3
213,32,3
214,32,3
215,32,3
216,32,3
217,32,3
218,32,3
219,32,3
220,32,3
221,32,3
222,32,3
223,32,3
224,32,0
225,32,1
226,32,1
227,32,1
228,32,1
229,32,1
230,32,1
231,32,1
232,32,1
233,32,1
234,32,1
235,32,1
236,32,1
237,32,1
238,32,1
239,32,0
240,32,0
241,32,0
242,32,0
243,32,0
244,32,0
245,32,0
246,32,0
247,32,0
248,32,0
249,32,0
250,32,0
251,32,0
252,32,0
253,32,0
254,32,0
255,32,0
256,32,0
257,32,0
258,32,0
259,32,0
260,32,0
261,32,0
262,32,0
263,32,0
264,32,0
265,32,0
266,32,0
267,32,0
268,32,0
269,32,0
270,32,0
271,32,0
272,32,0
273,32,0
274,32,0
275,32,0
276,32,0
277,32,0
278,32,0
279,32,0
280,32,0
281,32,0
282,32,0
283,32,0
284,32,0
285,32,0
286,32,0
287,32,0
288,32,0
289,32,0
290,32,0
291,32,0
1,33,0
2,33,0
3,33,0
4,33,0
5,33,0
6,33,0
7,33,0
8,33,0
9,33,0
10,33,0
11,33,0
12,33,0
13,33,0
14,33,0
15,33,0
16,33,0
17,33,0
18,33,0
19,33,0
20,33,0
21,33,0
22,33,0
23,33,0
24,33,0
25,33,0
26,33,0
27,33,0
28,33,0
29,33,0
30,33,0
31,33,0
32,33,0
33,33,0
34,33,0
35,33,0
36,33,0
37,33,0
38,33,0
39,33,0
40,33,0
41,33,0
42,33,0
43,33,0
44,33,0
45,33,0
46,33,0
47,33,0
48,33,0
49,33,0
50,33,0
51,33,0
52,33,0
53,33,0
54,33,0
55,33,0
56,33,0
57,33,0
58,33,0
59,33,0
60,33,0
61,33,0
62,33,0
63,33,0
64,33,0
65,33,0
66,33,0
67,33,0
68,33,0
69,33,0
70,33,0
71,33,0
72,33,0
73,33,0
74,33,0
75,33,0
76,33,3
77,33,3
78,33,3
79,33,3
80,33,3
81,33,3
82,33,3
83,33,3
84,33,3
85,33,3
86,33,3
87,33,3
88,33,3
89,33,3
90,33,3
91,33,3
92,33,3
93,33,3
94,33,3
95,33,3
96,33,3
97,33,3
98,33,3
99,33,3
100,33,3
101,33,3
102,33,3
103,33,3
104,33,3
105,33,3
106,33,3
107,33,3
108,33,3
109,33,3
110,33,3
111,33,3
112,33,0
113,33,0
114,33,1
115,33,1
116,33,1
117,33,1
118,33,1
119,33,1
120,33,1
121,33,1
122,33,1
123,33,1
124,33,1
125,33,1
126,33,1
127,33,1
128,33,1
129,33,1
130,33,1
131,33,1
132,33,1
133,33,1
134,33,1
135,33,1
136,33,1
137,33,1
138,33,1
139,33,1
140,33,1
141,33,1
142,33,1
143,33,1
144,33,1
145,33,1
146,33,1
147,33,1
148,33,1
149,33,1
150,33,1
151,33,1
152,33,1
153,33,1
154,33,1
155,33,1
156,33,1
157,33,1
158,33,1
159,33,1
160,33,1
161,33,1
162,33,1
163,33,1
164,33,1
165,33,1
166,33,1
167,33,1
168,33,1
169,33,1
170,33,1
171,33,1
172,33,1
173,33,1
174,33,1
175,33,1
176,33,1
177,33,1
178,33,1
179,33,1
180,33,1
181,33,1
182,33,1
183,33,1
184,33,1
185,33,1
186,33,1
187,33,1
188,33,1
189,33,1
190,33,1
191,33,1
192,33,1
193,33,1
194,33,1
195,33,1
196,33,1
197,33,1
198,33,1
199,33,1
200,33,1
201,33,1
202,33,1
203,33,1
204,33,1
205,33,1
206,33,1
207,33,1
208,33,1
209,33,0
210,33,3
211,33,3
212,33,3
213,33,3
214,33,3
215,33,3
216,33,3
217,33,3
218,33,3
219,33,3
220,33,3
221,33,3
222,33,0
223,33,0
224,33,0
225,33,1
226,33,1
227,33,1
228,33,1
229,33,1
230,33,1
231,33,1
232,33,1
233,33,1
234,33,1
235,33,1
236,33,1
237,33,1
238,33,1
239,33,1
240,33,0
241,33,0
242,33,0
243,33,0
244,33,0
245,33,0
246,33,0
247,33,0
248,33,0
249,33,0
250,33,0
251,33,0
252,33,0
253,33,0
254,33,0
255,33,0
256,33,0
257,33,0
258,33,0
259,33,0
260,33,0
261,33,0
262,33,0
263,33,0
264,33,0
265,33,0
266,33,0
267,33,0
268,33,0
269,33,0
270,33,0
271,33,0
272,33,0
273,33,0
274,33,0
275,33,0
276,33,0
277,33,0
278,33,0
279,33,0
280,33,0
281,33,0
282,33,0
283,33,0
284,33,0
285,33,0
286,33,0
287,33,0
288,33,0
289,33,0
290,33,0
291,33,0
1,34,0
2,34,0
3,34,0
4,34,0
5,34,0
6,34,0
7,34,0
8,34,0
9,34,0
10,34,0
11,34,0
12,34,0
13,34,0
14,34,0
15,34,0
16,34,0
17,34,0
18,34,0
19,34,0
20,34,0
21,34,0
22,34,0
23,34,0
24,34,0
25,34,0
26,34,0
27,34,0
28,34,0
29,34,0
30,34,0
31,34,0
32,34,0
33,34,0
34,34,0
35,34,0
36,34,0
37,34,0
38,34,0
39,34,0
40,34,0
41,34,0
42,34,0
43,34,0
44,34,0
45,34,0
46,34,0
47,34,0
48,34,0
49,34,0
50,34,0
51,34,0
52,34,0
53,34,0
54,34,0
55,34,0
56,34,0
57,34,0
58,34,0
59,34,0
60,34,0
61,34,0
62,34,0
63,34,0
64,34,0
65,34,0
66,34,0
67,34,0
68,34,0
69,34,0
70,34,0
71,34,0
72,34,0
73,34,0
74,34,0
75,34,3
76,34,3
77,34,3
78,34,3
79,34,3
80,34,3
81,34,3
82,34,3
83,34,3
84,34,3
85,34,3
86,34,3
87,34,3
88,34,3
89,34,3
90,34,3
91,34,3
92,34,3
93,34,3
94,34,3
95,34,3
96,34,3
97,34,3
98,34,3
99,34,3
100,34,3
101,34,3
102,34,3
103,34,3
104,34,3
105,34,3
106,34,3
107,34,3
108,34,3
109,34,3
110,34,3
111,34,3
112,34,0
113,34,1
114,34,1
115,34,1
116,34,1
117,34,1
118,34,1
119,34,1
120,34,1
121,34,1
122,34,1
123,34,1
124,34,1
125,34,1
126,34,1
127,34,1
128,34,1
129,34,1
130,34,1
131,34,1
132,34,1
133,34,1
134,34,1
135,34,1
136,34,1
137,34,1
138,34,1
139,34,1
140,34,1
141,34,1
142,34,1
143,34,1
144,34,1
145,34,1
146,34,1
147,34,1
148,34,1
149,34,1
150,34,1
151,34,1
152,34,1
153,34,1
154,34,1
155,34,1
156,34,1
157,34,1
158,34,1
159,34,1
160,34,1
161,34,1
162,34,1
163,34,1
164,34,1
165,34,1
166,34,1
167,34,1
168,34,1
169,34,1
170,34,1
171,34,1
172,34,1
173,34,1
174,34,1
175,34,1
176,34,1
177,34,1
178,34,1
179,34,1
180,34,1
181,34,1
182,34,1
183,34,1
184,34,1
185,34,1
186,34,1
187,34,1
188,34,1
189,34,1
190,34,1
191,34,1
192,34,1
193,34,1
194,34,1
195,34,1
196,34,1
197,34,1
198,34,1
199,34,1
200,34,1
201,34,1
202,34,1
203,34,1
204,34,1
205,34,1
206,34,1
207,34,1
208,34,1
209,34,0
210,34,0
211,34,3
212,34,3
213,34,3
214,34,3
215,34,3
216,34,3
217,34,3
218,34,0
219,34,0
220,34,1
221,34,1
222,34,1
223,34,1
224,34,1
225,34,1
226,34,1
227,34,1
228,34,1
229,34,1
230,34,1
231,34,1
232,34,1
233,34,1
234,34,1
235,34,1
236,34,1
237,34,1
238,34,1
239,34,1
240,34,0
241,34,0
242,34,0
243,34,0
244,34,0
245,34,0
246,34,0
247,34,0
248,34,0
249,34,0
250,34,0
251,34,0
252,34,0
253,34,0
254,34,0
255,34,0
256,34,0
257,34,0
258,34,0
259,34,0
260,34,0
261,34,0
262,34,0
263,34,0
264,34,0
265,34,0
266,34,0
267,34,0
268,34,0
269,34,0
270,34,0
271,34,0
272,34,0
273,34,0
274,34,0
275,34,0
276,34,0
277,34,0
278,34,0
279,34,0
280,34,0
281,34,0
282,34,0
283,34,0
284,34,0
285,34,0
286,34,0
287,34,0
288,34,0
289,34,0
290,34,0
291,34,0
1,35,0
2,35,0
3,35,0
4,35,0
5,35,0
6,35,0
7,35,0
8,35,0
9,35,0
10,35,0
11,35,0
12,35,0
13,35,0
14,35,0
15,35,0
16,35,0
17,35,0
18,35,0
19,35,0
20,35,0
21,35,0
22,35,0
23,35,0
24,35,0
25,35,0
26,35,0
27,35,0
28,35,0
29,35,0
30,35,0
31,35,0
32,35,0
33,35,0
34,35,0
35,35,0
36,35,0
37,35,0
38,35,0
39,35,0
40,35,0
41,35,0
42,35,0
43,35,0
44,35,0
45,35,0
46,35,0
47,35,0
48,35,0
49,35,0
50,35,0
51,35,0
52,35,0
53,35,0
54,35,0
55,35,0
56,35,0
57,35,0
58,35,0
59,35,0
60,35,0
61,35,0
62,35,0
63,35,0
64,35,0
65,35,0
66,35,0
67,35,0
68,35,0
69,35,0
70,35,0
71,35,0
72,35,0
73,35,3
74,35,3
75,35,3
76,35,3
77,35,3
78,35,3
79,35,3
80,35,3
81,35,3
82,35,3
83,35,3
84,35,3
85,35,3
86,35,3
87,35,3
88,35,3
89,35,3
90,35,3
91,35,3
92,35,3
93,35,3
94,35,3
95,35,3
96,35,3
97,35,3
98,35,3
99,35,3
100,35,3
101,35,3
102,35,3
103,35,3
104,35,3
105,35,3
106,35,3
107,35,3
108,35,3
109,35,3
110,35,3
111,35,3
112,35,1
113,35,1
114,35,1
115,35,1
116,35,1
117,35,1
118,35,1
119,35,1
120,35,1
121,35,1
122,35,1
123,35,1
124,35,1
125,35,1
126,35,1
127,35,1
128,35,1
129,35,1
130,35,1
131,35,1
132,35,1
133,35,1
134,35,1
135,35,1
136,35,1
137,35,1
138,35,1
139,35,1
140,35,1
141,35,1
142,35,1
143,35,1
144,35,1
145,35,1
146,35,1
147,35,1
148,35,1
149,35,1
150,35,1
151,35,1
152,35,1
153,35,1
154,35,1
155,35,1
156,35,1
157,35,1
158,35,1
159,35,1
160,35,1
161,35,1
162,35,1
163,35,1
164,35,1
165,35,1
166,35,1
167,35,1
168,35,1
169,35,1
170,35,1
171,35,1
172,35,1
173,35,1
174,35,1
175,35,1
176,35,1
177,35,1
178,35,1
179,35,1
180,35,1
181,35,1
182,35,1
183,35,1
184,35,1
185,35,1
186,35,1
187,35,1
188,35,1
189,35,1
190,35,1
191,35,1
192,35,1
193,35,1
194,35,1
195,35,1
196,35,1
197,35,1
198,35,1
199,35,1
200,35,1
201,35,1
202,35,1
203,35,1
204,35,1
205,35,1
206,35,1
207,35,1
208,35,1
209,35,1
210,35,0
211,35,3
212,35,3
213,35,3
214,35,3
215,35,3
216,35,3
217,35,0
218,35,1
219,35,1
220,35,1
221,35,1
222,35,1
223,35,1
224,35,1
225,35,1
226,35,1
227,35,1
228,35,1
229,35,1
230,35,1
231,35,1
232,35,1
233,35,1
234,35,1
235,35,1
236,35,1
237,35,1
238,35,1
239,35,1
240,35,0
241,35,0
242,35,0
243,35,0
244,35,0
245,35,0
246,35,0
247,35,0
248,35,0
249,35,0
250,35,0
251,35,0
252,35,0
253,35,0
254,35,0
255,35,0
256,35,0
257,35,0
258,35,0
259,35,0
260,35,0
261,35,0
262,35,0
263,35,0
264,35,0
265,35,0
266,35,0
267,35,0
268,35,0
269,35,0
270,35,0
271,35,0
272,35,0
273,35,0
274,35,0
275,35,0
276,35,0
277,35,0
278,35,0
279,35,0
280,35,0
281,35,0
282,35,0
283,35,0
284,35,0
285,35,0
286,35,0
287,35,0
288,35,0
289,35,0
290,35,0
291,35,0
1,36,0
2,36,0
3,36,0
4,36,0
5,36,0
6,36,0
7,36,0
8,36,0
9,36,0
10,36,0
11,36,0
12,36,0
13,36,0
14,36,0
15,36,0
16,36,0
17,36,0
18,36,0
19,36,0
20,36,0
21,36,0
22,36,0
23,36,0
24,36,0
25,36,0
26,36,0
27,36,0
28,36,0
29,36,0
30,36,0
31,36,0
32,36,0
33,36,0
34,36,0
35,36,0
36,36,0
37,36,0
38,36,0
39,36,0
40,36,0
41,36,0
42,36,0
43,36,0
44,36,0
45,36,0
46,36,0
47,36,0
48,36,0
49,36,0
50,36,0
51,36,0
52,36,0
53,36,0
54,36,0
55,36,0
56,36,0
57,36,0
58,36,0
59,36,0
60,36,0
61,36,0
62,36,0
63,36,0
64,36,0
65,36,0
66,36,0
67,36,0
68,36,0
69,36,0
70,36,0
71,36,0
72,36,3
73,36,3
74,36,3
75,36,3
76,36,3
77,36,3
78,36,3
79,36,3
80,36,3
81,36,3
82,36,3
83,36,3
84,36,3
85,36,3
86,36,3
87,36,3
88,36,3
89,36,3
90,36,3
91,36,3
92,36,3
93,36,3
94,36,3
95,36,3
96,36,3
97,36,3
98,36,3
99,36,3
100,36,3
101,36,3
102,36,3
103,36,3
104,36,3
105,36,3
106,36,3
107,36,3
108,36,3
109,36,3
110,36,3
111,36,0
112,36,1
113,36,1
114,36,1
115,36,1
116,36,1
117,36,1
118,36,1
119,36,1
120,36,1
121,36,1
122,36,1
123,36,1
124,36,1
125,36,1
126,36,1
127,36,1
128,36,1
129,36,1
130,36,1
131,36,1
132,36,1
133,36,1
134,36,1
135,36,1
136,36,1
137,36,1
138,36,1
139,36,1
140,36,1
141,36,1
142,36,1
143,36,1
144,36,1
145,36,1
146,36,1
147,36,1
148,36,1
149,36,1
150,36,1
151,36,1
152,36,1
153,36,1
154,36,1
155,36,1
156,36,1
157,36,1
158,36,1
159,36,1
160,36,1
161,36,1
162,36,1
163,36,1
164,36,1
165,36,1
166,36,1
167,36,1
168,36,1
169,36,1
170,36,1
171,36,1
172,36,1
173,36,1
174,36,1
175,36,1
176,36,1
177,36,1
178,36,1
179,36,1
180,36,1
181,36,1
182,36,1
183,36,1
184,36,1
185,36,1
186,36,1
187,36,1
188,36,1
189,36,1
190,36,1
191,36,1
192,36,1
193,36,1
194,36,1
195,36,1
196,36,1
197,36,1
198,36,1
199,36,1
200,36,1
201,36,1
202,36,1
203,36,1
204,36,1
205,36,1
206,36,1
207,36,1
208,36,1
209,36,1
210,36,1
211,36,0
212,36,0
213,36,0
214,36,0
215,36,0
216,36,1
217,36,1
218,36,1
219,36,1
220,36,1
221,36,1
222,36,1
223,36,1
224,36,1
225,36,1
226,36,1
227,36,1
228,36,1
229,36,1
230,36,1
231,36,1
232,36,1
233,36,1
234,36,1
235,36,1
236,36,1
237,36,1
238,36,1
239,36,1
240,36,1
241,36,1
242,36,1
243,36,0
244,36,0
245,36,0
246,36,0
247,36,0
248,36,0
249,36,0
250,36,0
251,36,0
252,36,0
253,36,0
254,36,0
255,36,0
256,36,0
257,36,0
258,36,0
259,36,0
260,36,0
261,36,0
262,36,0
263,36,0
264,36,0
265,36,0
266,36,0
267,36,0
268,36,0
269,36,0
270,36,0
271,36,0
272,36,0
273,36,0
274,36,0
275,36,0
276,36,0
277,36,0
278,36,0
279,36,0
280,36,0
281,36,0
282,36,0
283,36,0
284,36,0
285,36,0
286,36,0
287,36,0
288,36,0
289,36,0
290,36,0
291,36,0
1,37,0
2,37,0
3,37,0
4,37,0
5,37,0
6,37,0
7,37,0
8,37,0
9,37,0
10,37,0
11,37,0
12,37,0
13,37,0
14,37,0
15,37,0
16,37,0
17,37,0
18,37,0
19,37,0
20,37,0
21,37,0
22,37,0
23,37,0
24,37,0
25,37,0
26,37,0
27,37,0
28,37,0
29,37,0
30,37,0
31,37,0
32,37,0
33,37,0
34,37,0
35,37,0
36,37,0
37,37,0
38,37,0
39,37,0
40,37,0
41,37,0
42,37,0
43,37,0
44,37,0
45,37,0
46,37,0
47,37,0
48,37,0
49,37,0
50,37,0
51,37,0
52,37,0
53,37,0
54,37,0
55,37,0
56,37,0
57,37,0
58,37,0
59,37,0
60,37,0
61,37,0
62,37,0
63,37,0
64,37,0
65,37,0
66,37,0
67,37,0
68,37,0
69,37,0
70,37,0
71,37,0
72,37,3
73,37,3
74,37,3
75,37,3
76,37,3
77,37,3
78,37,3
79,37,3
80,37,3
81,37,3
82,37,3
83,37,3
84,37,3
85,37,3
86,37,3
87,37,3
88,37,3
89,37,3
90,37,3
91,37,3
92,37,3
93,37,3
94,37,3
95,37,3
96,37,3
97,37,3
98,37,3
99,37,3
100,37,3
101,37,3
102,37,3
103,37,3
104,37,3
105,37,3
106,37,3
107,37,3
108,37,3
109,37,3
110,37,3
111,37,0
112,37,1
113,37,1
114,37,1
115,37,1
116,37,1
117,37,1
118,37,1
119,37,1
120,37,1
121,37,1
122,37,1
123,37,1
124,37,1
125,37,1
126,37,1
127,37,1
128,37,1
129,37,1
130,37,1
131,37,1
132,37,1
133,37,1
134,37,1
135,37,1
136,37,1
137,37,1
138,37,1
139,37,1
140,37,1
141,37,1
142,37,1
143,37,1
144,37,1
145,37,1
146,37,1
147,37,1
148,37,1
149,37,1
150,37,1
151,37,1
152,37,1
153,37,1
154,37,1
155,37,1
156,37,1
157,37,1
158,37,1
159,37,1
160,37,1
161,37,1
162,37,1
163,37,1
164,37,1
165,37,1
166,37,1
167,37,1
168,37,1
169,37,1
170,37,1
171,37,1
172,37,1
173,37,1
174,37,1
175,37,1
176,37,1
177,37,1
178,37,1
179,37,1
180,37,1
181,37,1
182,37,1
183,37,1
184,37,1
185,37,1
186,37,1
187,37,1
188,37,1
189,37,1
190,37,1
191,37,1
192,37,1
193,37,1
194,37,1
195,37,1
196,37,1
197,37,1
198,37,1
199,37,1
200,37,1
201,37,1
202,37,1
203,37,1
204,37,1
205,37,1
206,37,1
207,37,1
208,37,1
209,37,1
210,37,1
211,37,1
212,37,1
213,37,1
214,37,1
215,37,1
216,37,1
217,37,1
218,37,1
219,37,1
220,37,1
221,37,1
222,37,1
223,37,1
224,37,1
225,37,1
226,37,1
227,37,1
228,37,1
229,37,1
230,37,1
231,37,1
232,37,1
233,37,1
234,37,1
235,37,1
236,37,1
237,37,1
238,37,1
239,37,1
240,37,1
241,37,1
242,37,1
243,37,1
244,37,1
245,37,1
246,37,1
247,37,1
248,37,1
249,37,1
250,37,1
251,37,0
252,37,0
253,37,0
254,37,0
255,37,0
256,37,0
257,37,0
258,37,0
259,37,0
260,37,0
261,37,0
262,37,0
263,37,0
264,37,0
265,37,0
266,37,0
267,37,0
268,37,0
269,37,0
270,37,0
271,37,0
272,37,0
273,37,0
274,37,0
275,37,0
276,37,0
277,37,0
278,37,0
279,37,0
280,37,0
281,37,0
282,37,0
283,37,0
284,37,0
285,37,0
286,37,0
287,37,0
288,37,0
289,37,0
290,37,0
291,37,0
1,38,0
2,38,0
3,38,0
4,38,0
5,38,0
6,38,0
7,38,0
8,38,0
9,38,0
10,38,0
11,38,0
12,38,0
13,38,0
14,38,0
15,38,0
16,38,0
17,38,0
18,38,0
19,38,0
20,38,0
21,38,0
22,38,0
23,38,0
24,38,0
25,38,0
26,38,0
27,38,0
28,38,0
29,38,0
30,38,0
31,38,0
32,38,0
33,38,0
34,38,0
35,38,0
36,38,0
37,38,0
38,38,0
39,38,0
40,38,0
41,38,0
42,38,0
43,38,0
44,38,0
45,38,0
46,38,0
47,38,0
48,38,0
49,38,0
50,38,0
51,38,0
52,38,0
53,38,0
54,38,0
55,38,0
56,38,0
57,38,0
58,38,0
59,38,0
60,38,0
61,38,0
62,38,0
63,38,0
64,38,0
65,38,0
66,38,0
67,38,0
68,38,0
69,38,0
70,38,0
71,38,3
72,38,3
73,38,3
74,38,3
75,38,3
76,38,3
77,38,3
78,38,3
79,38,3
80,38,3
81,38,3
82,38,3
83,38,3
84,38,3
85,38,3
86,38,3
87,38,3
88,38,3
89,38,3
90,38,3
91,38,3
92,38,3
93,38,3
94,38,3
95,38,3
96,38,3
97,38,3
98,38,3
99,38,3
100,38,3
101,38,3
102,38,3
103,38,3
104,38,3
105,38,3
106,38,3
107,38,3
108,38,3
109,38,3
110,38,3
111,38,0
112,38,1
113,38,1
114,38,1
115,38,1
116,38,1
117,38,1
118,38,1
119,38,1
120,38,1
121,38,1
122,38,1
123,38,1
124,38,1
125,38,1
126,38,1
127,38,1
128,38,1
129,38,1
130,38,1
131,38,1
132,38,1
133,38,1
134,38,1
135,38,1
136,38,1
137,38,1
138,38,1
139,38,1
140,38,1
141,38,1
142,38,1
143,38,1
144,38,1
145,38,1
146,38,1
147,38,1
148,38,1
149,38,1
150,38,1
151,38,1
152,38,1
153,38,1
154,38,1
155,38,1
156,38,1
157,38,1
158,38,1
159,38,1
160,38,1
161,38,1
162,38,1
163,38,1
164,38,1
165,38,1
166,38,1
167,38,1
168,38,1
169,38,1
170,38,1
171,38,1
172,38,1
173,38,1
174,38,1
175,38,1
176,38,1
177,38,1
178,38,1
179,38,1
180,38,1
181,38,1
182,38,1
183,38,1
184,38,1
185,38,1
186,38,1
187,38,1
188,38,1
189,38,1
190,38,1
191,38,1
192,38,1
193,38,1
194,38,1
195,38,1
196,38,1
197,38,1
198,38,1
199,38,1
200,38,1
201,38,1
202,38,1
203,38,1
204,38,1
205,38,1
206,38,1
207,38,1
208,38,1
209,38,1
210,38,1
211,38,1
212,38,1
213,38,1
214,38,1
215,38,1
216,38,1
217,38,1
218,38,1
219,38,1
220,38,1
221,38,1
222,38,1
223,38,1
224,38,1
225,38,1
226,38,1
227,38,1
228,38,1
229,38,1
230,38,1
231,38,1
232,38,1
233,38,1
234,38,1
235,38,1
236,38,1
237,38,1
238,38,1
239,38,1
240,38,1
241,38,1
242,38,1
243,38,1
244,38,1
245,38,1
246,38,1
247,38,1
248,38,1
249,38,1
250,38,1
251,38,1
252,38,1
253,38,1
254,38,0
255,38,0
256,38,0
257,38,0
258,38,0
259,38,0
260,38,0
261,38,0
262,38,0
263,38,0
264,38,0
265,38,0
266,38,0
267,38,0
268,38,0
269,38,0
270,38,0
271,38,0
272,38,0
273,38,0
274,38,0
275,38,0
276,38,0
277,38,0
278,38,0
279,38,0
280,38,0
281,38,0
282,38,0
283,38,0
284,38,0
285,38,0
286,38,0
287,38,0
288,38,0
289,38,0
290,38,0
291,38,0
1,39,0
2,39,0
3,39,0
4,39,0
5,39,0
6,39,0
7,39,0
8,39,0
9,39,0
10,39,0
11,39,0
12,39,0
13,39,0
14,39,0
15,39,0
16,39,0
17,39,0
18,39,0
19,39,0
20,39,0
21,39,0
22,39,0
23,39,0
24,39,0
25,39,0
26,39,0
27,39,0
28,39,0
29,39,0
30,39,0
31,39,0
32,39,0
33,39,0
34,39,0
35,39,0
36,39,0
37,39,0
38,39,0
39,39,0
40,39,0
41,39,0
42,39,0
43,39,0
44,39,0
45,39,0
46,39,0
47,39,0
48,39,0
49,39,0
50,39,0
51,39,0
52,39,0
53,39,0
54,39,0
55,39,0
56,39,0
57,39,0
58,39,0
59,39,0
60,39,0
61,39,0
62,39,0
63,39,0
64,39,0
65,39,0
66,39,0
67,39,0
68,39,0
69,39,0
70,39,3
71,39,3
72,39,3
73,39,3
74,39,3
75,39,3
76,39,3
77,39,3
78,39,3
79,39,3
80,39,3
81,39,3
82,39,3
83,39,3
84,39,3
85,39,3
86,39,3
87,39,3
88,39,3
89,39,3
90,39,3
91,39,3
92,39,3
93,39,3
94,39,3
95,39,3
96,39,3
97,39,3
98,39,3
99,39,3
100,39,3
101,39,3
102,39,3
103,39,3
104,39,3
105,39,3
106,39,3
107,39,3
108,39,3
109,39,3
110,39,3
111,39,0
112,39,1
113,39,1
114,39,1
115,39,1
116,39,1
117,39,1
118,39,1
119,39,1
120,39,1
121,39,1
122,39,1
123,39,1
124,39,1
125,39,1
126,39,1
127,39,1
128,39,1
129,39,1
130,39,1
131,39,1
132,39,1
133,39,1
134,39,1
135,39,1
136,39,1
137,39,1
138,39,1
139,39,1
140,39,1
141,39,1
142,39,1
143,39,1
144,39,1
145,39,1
146,39,1
147,39,1
148,39,1
149,39,1
150,39,1
151,39,1
152,39,1
153,39,1
154,39,1
155,39,1
156,39,1
157,39,1
158,39,1
159,39,1
160,39,1
161,39,1
162,39,1
163,39,1
164,39,1
165,39,1
166,39,1
167,39,1
168,39,1
169,39,1
170,39,1
171,39,1
172,39,1
173,39,1
174,39,1
175,39,1
176,39,1
177,39,1
178,39,1
179,39,1
180,39,1
181,39,1
182,39,1
183,39,1
184,39,1
185,39,1
186,39,1
187,39,1
188,39,1
189,39,1
190,39,1
191,39,1
192,39,1
193,39,1
194,39,1
195,39,1
196,39,1
197,39,1
198,39,1
199,39,1
200,39,1
201,39,1
202,39,1
203,39,1
204,39,1
205,39,1
206,39,1
207,39,1
208,39,1
209,39,1
210,39,1
211,39,1
212,39,1
213,39,1
214,39,1
215,39,1
216,39,1
217,39,1
218,39,1
219,39,1
220,39,1
221,39,1
222,39,1
223,39,1
224,39,1
225,39,1
226,39,1
227,39,1
228,39,1
229,39,1
230,39,1
231,39,1
232,39,1
233,39,1
234,39,1
235,39,1
236,39,1
237,39,1
238,39,1
239,39,1
240,39,1
241,39,1
242,39,1
243,39,1
244,39,1
245,39,1
246,39,1
247,39,1
248,39,1
249,39,1
250,39,1
251,39,1
252,39,1
253,39,1
254,39,0
255,39,0
256,39,0
257,39,0
258,39,0
259,39,0
260,39,0
261,39,0
262,39,0
263,39,0
264,39,0
265,39,0
266,39,0
267,39,0
268,39,0
269,39,0
270,39,0
271,39,0
272,39,0
273,39,0
274,39,0
275,39,0
276,39,0
277,39,0
278,39,0
279,39,0
280,39,0
281,39,0
282,39,0
283,39,0
284,39,0
285,39,0
286,39,0
287,39,0
288,39,0
289,39,0
290,39,0
291,39,0
1,40,0
2,40,0
3,40,0
4,40,0
5,40,0
6,40,0
7,40,0
8,40,0
9,40,0
10,40,0
11,40,0
12,40,0
13,40,0
14,40,0
15,40,0
16,40,0
17,40,0
18,40,0
19,40,0
20,40,0
21,40,0
22,40,0
23,40,0
24,40,0
25,40,0
26,40,0
27,40,0
28,40,0
29,40,0
30,40,0
31,40,0
32,40,0
33,40,0
34,40,0
35,40,0
36,40,0
37,40,0
38,40,0
39,40,0
40,40,0
41,40,0
42,40,0
43,40,0
44,40,0
45,40,0
46,40,0
47,40,0
48,40,0
49,40,0
50,40,0
51,40,0
52,40,0
53,40,0
54,40,0
55,40,0
56,40,0
57,40,0
58,40,0
59,40,0
60,40,0
61,40,0
62,40,0
63,40,0
64,40,0
65,40,0
66,40,0
67,40,0
68,40,0
69,40,3
70,40,3
71,40,3
72,40,3
73,40,3
74,40,3
75,40,3
76,40,3
77,40,3
78,40,3
79,40,3
80,40,3
81,40,3
82,40,3
83,40,3
84,40,3
85,40,3
86,40,3
87,40,3
88,40,3
89,40,3
90,40,3
91,40,3
92,40,3
93,40,3
94,40,3
95,40,3
96,40,3
97,40,3
98,40,3
99,40,3
100,40,3
101,40,3
102,40,3
103,40,3
104,40,3
105,40,3
106,40,3
107,40,3
108,40,3
109,40,3
110,40,3
111,40,0
112,40,1
113,40,1
114,40,1
115,40,1
116,40,1
117,40,1
118,40,1
119,40,1
120,40,1
121,40,1
122,40,1
123,40,1
124,40,1
125,40,1
126,40,1
127,40,1
128,40,1
129,40,1
130,40,1
131,40,1
132,40,1
133,40,1
134,40,1
135,40,1
136,40,1
137,40,1
138,40,1
139,40,1
140,40,1
141,40,1
142,40,1
143,40,1
144,40,1
145,40,1
146,40,1
147,40,1
148,40,1
149,40,1
150,40,1
151,40,1
152,40,1
153,40,1
154,40,1
155,40,1
156,40,1
157,40,1
158,40,1
159,40,1
160,40,1
161,40,1
162,40,1
163,40,1
164,40,1
165,40,1
166,40,1
167,40,1
168,40,1
169,40,1
170,40,1
171,40,1
172,40,1
173,40,1
174,40,1
175,40,1
176,40,1
177,40,1
178,40,1
179,40,1
180,40,1
181,40,1
182,40,1
183,40,1
184,40,1
185,40,1
186,40,1
187,40,1
188,40,1
189,40,1
190,40,1
191,40,1
192,40,1
193,40,1
194,40,1
195,40,1
196,40,1
197,40,1
198,40,1
199,40,1
200,40,1
201,40,1
202,40,1
203,40,1
204,40,1
205,40,1
206,40,1
207,40,1
208,40,1
209,40,1
210,40,1
211,40,1
212,40,1
213,40,1
214,40,1
215,40,1
216,40,1
217,40,1
218,40,1
219,40,1
220,40,1
221,40,1
222,40,1
223,40,1
224,40,1
225,40,1
226,40,1
227,40,1
228,40,1
229,40,1
230,40,1
231,40,1
232,40,1
233,40,1
234,40,1
235,40,1
236,40,1
237,40,1
238,40,1
239,40,1
240,40,1
241,40,1
242,40,1
243,40,1
244,40,1
245,40,1
246,40,1
247,40,1
248,40,1
249,40,1
250,40,1
251,40,1
252,40,1
253,40,1
254,40,1
255,40,0
256,40,0
257,40,0
258,40,0
259,40,0
260,40,0
261,40,0
262,40,0
263,40,0
264,40,0
265,40,0
266,40,0
267,40,0
268,40,0
269,40,0
270,40,0
271,40,0
272,40,0
273,40,0
274,40,0
275,40,0
276,40,0
277,40,0
278,40,0
279,40,0
280,40,0
281,40,0
282,40,0
283,40,0
284,40,0
285,40,0
286,40,0
287,40,0
288,40,0
289,40,0
290,40,0
291,40,0
1,41,0
2,41,0
3,41,0
4,41,0
5,41,0
6,41,0
7,41,0
8,41,0
9,41,0
10,41,0
11,41,0
12,41,0
13,41,0
14,41,0
15,41,0
16,41,0
17,41,0
18,41,0
19,41,0
20,41,0
21,41,0
22,41,0
23,41,0
24,41,0
25,41,0
26,41,0
27,41,0
28,41,0
29,41,0
30,41,0
31,41,0
32,41,0
33,41,0
34,41,0
35,41,0
36,41,0
37,41,0
38,41,0
39,41,0
40,41,0
41,41,0
42,41,0
43,41,0
44,41,0
45,41,0
46,41,0
47,41,0
48,41,0
49,41,0
50,41,0
51,41,0
52,41,0
53,41,0
54,41,0
55,41,0
56,41,0
57,41,0
58,41,0
59,41,0
60,41,0
61,41,0
62,41,0
63,41,0
64,41,0
65,41,0
66,41,0
67,41,0
68,41,3
69,41,3
70,41,3
71,41,3
72,41,3
73,41,3
74,41,3
75,41,3
76,41,3
77,41,3
78,41,3
79,41,3
80,41,3
81,41,3
82,41,3
83,41,3
84,41,3
85,41,3
86,41,3
87,41,3
88,41,3
89,41,3
90,41,3
91,41,3
92,41,3
93,41,3
94,41,3
95,41,3
96,41,3
97,41,3
98,41,3
99,41,3
100,41,3
101,41,3
102,41,3
103,41,3
104,41,3
105,41,3
106,41,3
107,41,3
108,41,3
109,41,3
110,41,0
111,41,1
112,41,1
113,41,1
114,41,1
115,41,1
116,41,1
117,41,1
118,41,1
119,41,1
120,41,1
121,41,1
122,41,1
123,41,1
124,41,1
125,41,1
126,41,1
127,41,1
128,41,1
129,41,1
130,41,1
131,41,1
132,41,1
133,41,1
134,41,1
135,41,1
136,41,1
137,41,1
138,41,1
139,41,1
140,41,1
141,41,1
142,41,1
143,41,1
144,41,1
145,41,1
146,41,1
147,41,1
148,41,1
149,41,1
150,41,1
151,41,1
152,41,1
153,41,1
154,41,1
155,41,1
156,41,1
157,41,1
158,41,1
159,41,1
160,41,1
161,41,1
162,41,1
163,41,1
164,41,1
165,41,1
166,41,1
167,41,1
168,41,1
169,41,1
170,41,1
171,41,1
172,41,1
173,41,1
174,41,1
175,41,1
176,41,1
177,41,1
178,41,1
179,41,1
180,41,1
181,41,1
182,41,1
183,41,1
184,41,1
185,41,1
186,41,1
187,41,1
188,41,1
189,41,1
190,41,1
191,41,1
192,41,1
193,41,1
194,41,1
195,41,1
196,41,1
197,41,1
198,41,1
199,41,1
200,41,1
201,41,1
202,41,1
203,41,1
204,41,1
205,41,1
206,41,1
207,41,1
208,41,1
209,41,1
210,41,1
211,41,1
212,41,1
213,41,1
214,41,1
215,41,1
216,41,1
217,41,1
218,41,1
219,41,1
220,41,1
221,41,1
222,41,1
223,41,1
224,41,1
225,41,1
226,41,1
227,41,1
228,41,1
229,41,1
230,41,1
231,41,1
232,41,1
233,41,1
234,41,1
235,41,1
236,41,1
237,41,1
238,41,1
239,41,1
240,41,1
241,41,1
242,41,1
243,41,1
244,41,1
245,41,1
246,41,1
247,41,1
248,41,1
249,41,1
250,41,1
251,41,1
252,41,1
253,41,1
254,41,1
255,41,1
256,41,1
257,41,1
258,41,1
259,41,1
260,41,0
261,41,0
262,41,0
263,41,0
264,41,0
265,41,0
266,41,0
267,41,0
268,41,0
269,41,0
270,41,0
271,41,0
272,41,0
273,41,0
274,41,0
275,41,0
276,41,0
277,41,0
278,41,0
279,41,0
280,41,0
281,41,0
282,41,0
283,41,0
284,41,0
285,41,0
286,41,0
287,41,0
288,41,0
289,41,0
290,41,0
291,41,0
1,42,0
2,42,0
3,42,0
4,42,0
5,42,0
6,42,0
7,42,0
8,42,0
9,42,0
10,42,0
11,42,0
12,42,0
13,42,0
14,42,0
15,42,0
16,42,0
17,42,0
18,42,0
19,42,0
20,42,0
21,42,0
22,42,0
23,42,0
24,42,0
25,42,0
26,42,0
27,42,0
28,42,0
29,42,0
30,42,0
31,42,0
32,42,0
33,42,0
34,42,0
35,42,0
36,42,0
37,42,0
38,42,0
39,42,0
40,42,0
41,42,0
42,42,0
43,42,0
44,42,0
45,42,0
46,42,0
47,42,0
48,42,0
49,42,0
50,42,0
51,42,0
52,42,0
53,42,0
54,42,0
55,42,0
56,42,0
57,42,0
58,42,0
59,42,0
60,42,0
61,42,0
62,42,0
63,42,0
64,42,0
65,42,0
66,42,0
67,42,0
68,42,3
69,42,3
70,42,3
71,42,3
72,42,3
73,42,3
74,42,3
75,42,3
76,42,3
77,42,3
78,42,3
79,42,3
80,42,3
81,42,3
82,42,3
83,42,3
84,42,3
85,42,3
86,42,3
87,42,3
88,42,3
89,42,3
90,42,3
91,42,3
92,42,3
93,42,3
94,42,3
95,42,3
96,42,3
97,42,3
98,42,3
99,42,3
100,42,3
101,42,3
102,42,3
103,42,3
104,42,3
105,42,3
106,42,3
107,42,3
108,42,3
109,42,0
110,42,0
111,42,1
112,42,1
113,42,1
114,42,1
115,42,1
116,42,1
117,42,1
118,42,1
119,42,1
120,42,1
121,42,1
122,42,1
123,42,1
124,42,1
125,42,1
126,42,1
127,42,1
128,42,1
129,42,1
130,42,1
131,42,1
132,42,1
133,42,1
134,42,1
135,42,1
136,42,1
137,42,1
138,42,1
139,42,1
140,42,1
141,42,1
142,42,1
143,42,1
144,42,1
145,42,1
146,42,1
147,42,1
148,42,1
149,42,1
150,42,1
151,42,1
152,42,1
153,42,1
154,42,1
155,42,1
156,42,1
157,42,1
158,42,1
159,42,1
160,42,1
161,42,1
162,42,1
163,42,1
164,42,1
165,42,1
166,42,1
167,42,1
168,42,1
169,42,1
170,42,1
171,42,1
172,42,1
173,42,1
174,42,1
175,42,1
176,42,1
177,42,1
178,42,1
179,42,1
180,42,1
181,42,1
182,42,1
183,42,1
184,42,1
185,42,1
186,42,1
187,42,1
188,42,1
189,42,1
190,42,1
191,42,1
192,42,1
193,42,1
194,42,1
195,42,1
196,42,1
197,42,1
198,42,1
199,42,1
200,42,1
201,42,1
202,42,1
203,42,1
204,42,1
205,42,1
206,42,1
207,42,1
208,42,1
209,42,1
210,42,1
211,42,1
212,42,1
213,42,1
214,42,1
215,42,1
216,42,1
217,42,1
218,42,1
219,42,1
220,42,1
221,42,1
222,42,1
223,42,1
224,42,1
225,42,1
226,42,1
227,42,1
228,42,1
229,42,1
230,42,1
231,42,1
232,42,1
233,42,1
234,42,1
235,42,1
236,42,1
237,42,1
238,42,1
239,42,1
240,42,1
241,42,1
242,42,1
243,42,1
244,42,1
245,42,1
246,42,1
247,42,1
248,42,1
249,42,1
250,42,1
251,42,1
252,42,1
253,42,1
254,42,1
255,42,1
256,42,1
257,42,1
258,42,1
259,42,1
260,42,1
261,42,1
262,42,0
263,42,0
264,42,0
265,42,0
266,42,0
267,42,0
268,42,0
269,42,0
270,42,0
271,42,0
272,42,0
273,42,0
274,42,0
275,42,0
276,42,0
277,42,0
278,42,0
279,42,0
280,42,0
281,42,0
282,42,0
283,42,0
284,42,0
285,42,0
286,42,0
287,42,0
288,42,0
289,42,0
290,42,0
291,42,0
1,43,0
2,43,0
3,43,0
4,43,0
5,43,0
6,43,0
7,43,0
8,43,0
9,43,0
10,43,0
11,43,0
12,43,0
13,43,0
14,43,0
15,43,0
16,43,0
17,43,0
18,43,0
19,43,0
20,43,0
21,43,0
22,43,0
23,43,0
24,43,0
25,43,0
26,43,0
27,43,0
28,43,0
29,43,0
30,43,0
31,43,0
32,43,0
33,43,0
34,43,2
35,43,2
36,43,2
37,43,2
38,43,2
39,43,2
40,43,2
41,43,2
42,43,2
43,43,0
44,43,0
45,43,0
46,43,0
47,43,0
48,43,0
49,43,0
50,43,0
51,43,0
52,43,0
53,43,0
54,43,0
55,43,0
56,43,0
57,43,0
58,43,0
59,43,0
60,43,0
61,43,0
62,43,0
63,43,0
64,43,0
65,43,0
66,43,0
67,43,3
68,43,3
69,43,3
70,43,3
71,43,3
72,43,3
73,43,3
74,43,3
75,43,3
76,43,3
77,43,3
78,43,3
79,43,3
80,43,3
81,43,3
82,43,3
83,43,3
84,43,3
85,43,3
86,43,3
87,43,3
88,43,3
89,43,3
90,43,3
91,43,3
92,43,3
93,43,3
94,43,3
95,43,3
96,43,3
97,43,3
98,43,3
99,43,3
100,43,3
101,43,3
102,43,3
103,43,3
104,43,3
105,43,3
106,43,3
107,43,3
108,43,3
109,43,0
110,43,0
111,43,1
112,43,1
113,43,1
114,43,1
115,43,1
116,43,1
117,43,1
118,43,1
119,43,1
120,43,1
121,43,1
122,43,1
123,43,1
124,43,1
125,43,1
126,43,1
127,43,1
128,43,1
129,43,1
130,43,1
131,43,1
132,43,1
133,43,1
134,43,1
135,43,1
136,43,1
137,43,1
138,43,1
139,43,1
140,43,1
141,43,1
142,43,1
143,43,1
144,43,1
145,43,1
146,43,1
147,43,1
148,43,1
149,43,1
150,43,1
151,43,1
152,43,1
153,43,1
154,43,1
155,43,1
156,43,1
157,43,1
158,43,1
159,43,1
160,43,1
161,43,1
162,43,1
163,43,1
164,43,1
165,43,1
166,43,1
167,43,1
168,43,1
169,43,1
170,43,1
171,43,1
172,43,1
173,43,1
174,43,1
175,43,1
176,43,1
177,43,1
178,43,1
179,43,1
180,43,1
181,43,1
182,43,1
183,43,1
184,43,1
185,43,1
186,43,1
187,43,1
188,43,1
189,43,1
190,43,1
191,43,1
192,43,1
193,43,1
194,43,1
195,43,1
196,43,1
197,43,1
198,43,1
199,43,1
200,43,1
201,43,1
202,43,1
203,43,1
204,43,1
205,43,1
206,43,1
207,43,1
208,43,1
209,43,1
210,43,1
211,43,1
212,43,1
213,43,1
214,43,1
215,43,1
216,43,1
217,43,1
218,43,1
219,43,1
220,43,1
221,43,1
222,43,1
223,43,1
224,43,1
225,43,1
226,43,1
227,43,1
228,43,1
229,43,1
230,43,1
231,43,1
232,43,1
233,43,1
234,43,1
235,43,1
236,43,1
237,43,1
238,43,1
239,43,1
240,43,1
241,43,1
242,43,1
243,43,1
244,43,1
245,43,1
246,43,1
247,43,1
248,43,1
249,43,1
250,43,1
251,43,1
252,43,1
253,43,1
254,43,1
255,43,1
256,43,1
257,43,1
258,43,1
259,43,1
260,43,1
261,43,1
262,43,1
263,43,1
264,43,0
265,43,0
266,43,0
267,43,0
268,43,0
269,43,0
270,43,0
271,43,0
272,43,0
273,43,0
274,43,0
275,43,0
276,43,0
277,43,0
278,43,0
279,43,0
280,43,0
281,43,0
282,43,0
283,43,0
284,43,0
285,43,0
286,43,0
287,43,0
288,43,0
289,43,0
290,43,0
291,43,0
1,44,0
2,44,0
3,44,0
4,44,0
5,44,0
6,44,0
7,44,0
8,44,0
9,44,0
10,44,0
11,44,0
12,44,0
13,44,0
14,44,0
15,44,0
16,44,0
17,44,0
18,44,0
19,44,0
20,44,0
21,44,0
22,44,0
23,44,0
24,44,0
25,44,0
26,44,0
27,44,0
28,44,0
29,44,0
30,44,0
31,44,0
32,44,0
33,44,2
34,44,2
35,44,2
36,44,2
37,44,2
38,44,2
39,44,2
40,44,2
41,44,2
42,44,2
43,44,2
44,44,2
45,44,2
46,44,2
47,44,2
48,44,2
49,44,2
50,44,2
51,44,2
52,44,2
53,44,2
54,44,2
55,44,2
56,44,2
57,44,2
58,44,2
59,44,0
60,44,0
61,44,0
62,44,0
63,44,0
64,44,0
65,44,3
66,44,3
67,44,3
68,44,3
69,44,3
70,44,3
71,44,3
72,44,3
73,44,3
74,44,3
75,44,3
76,44,3
77,44,3
78,44,3
79,44,3
80,44,3
81,44,3
82,44,3
83,44,3
84,44,3
85,44,3
86,44,3
87,44,3
88,44,3
89,44,3
90,44,3
91,44,3
92,44,3
93,44,3
94,44,3
95,44,3
96,44,3
97,44,3
98,44,3
99,44,3
100,44,3
101,44,3
102,44,3
103,44,3
104,44,3
105,44,3
106,44,3
107,44,3
108,44,3
109,44,0
110,44,0
111,44,1
112,44,1
113,44,1
114,44,1
115,44,1
116,44,1
117,44,1
118,44,1
119,44,1
120,44,1
121,44,1
122,44,1
123,44,1
124,44,1
125,44,1
126,44,1
127,44,1
128,44,1
129,44,1
130,44,1
131,44,1
132,44,1
133,44,1
134,44,1
135,44,1
136,44,1
137,44,1
138,44,1
139,44,1
140,44,1
141,44,1
142,44,1
143,44,1
144,44,1
145,44,1
146,44,1
147,44,1
148,44,1
149,44,1
150,44,1
151,44,1
152,44,1
153,44,1
154,44,1
155,44,1
156,44,1
157,44,1
158,44,1
159,44,1
160,44,1
161,44,1
162,44,1
163,44,1
164,44,1
165,44,1
166,44,1
167,44,1
168,44,1
169,44,1
170,44,1
171,44,1
172,44,1
173,44,1
174,44,1
175,44,1
176,44,1
177,44,1
178,44,1
179,44,1
180,44,1
181,44,1
182,44,1
183,44,1
184,44,1
185,44,1
186,44,1
187,44,1
188,44,1
189,44,1
190,44,1
191,44,1
192,44,1
193,44,1
194,44,1
195,44,1
196,44,1
197,44,1
198,44,1
199,44,1
200,44,1
201,44,1
202,44,1
203,44,1
204,44,1
205,44,1
206,44,1
207,44,1
208,44,1
209,44,1
210,44,1
211,44,1
212,44,1
213,44,1
214,44,1
215,44,1
216,44,1
217,44,1
218,44,1
219,44,1
220,44,1
221,44,1
222,44,1
223,44,1
224,44,1
225,44,1
226,44,1
227,44,1
228,44,1
229,44,1
230,44,1
231,44,1
232,44,1
233,44,1
234,44,1
235,44,1
236,44,1
237,44,1
238,44,1
239,44,1
240,44,1
241,44,1
242,44,1
243,44,1
244,44,1
245,44,1
246,44,1
247,44,1
248,44,1
249,44,1
250,44,1
251,44,1
252,44,1
253,44,1
254,44,1
255,44,1
256,44,1
257,44,1
258,44,1
259,44,1
260,44,1
261,44,1
262,44,1
263,44,1
264,44,0
265,44,0
266,44,0
267,44,0
268,44,0
269,44,0
270,44,0
271,44,0
272,44,0
273,44,0
274,44,0
275,44,0
276,44,0
277,44,0
278,44,0
279,44,0
280,44,0
281,44,0
282,44,0
283,44,0
284,44,0
285,44,0
286,44,0
287,44,0
288,44,0
289,44,0
290,44,0
291,44,0
1,45,0
2,45,0
3,45,0
4,45,0
5,45,0
6,45,0
7,45,0
8,45,0
9,45,0
10,45,0
11,45,0
12,45,0
13,45,0
14,45,0
15,45,0
16,45,0
17,45,0
18,45,0
19,45,0
20,45,0
21,45,0
22,45,0
23,45,0
24,45,0
25,45,0
26,45,0
27,45,0
28,45,0
29,45,0
30,45,0
31,45,0
32,45,0
33,45,2
34,45,2
35,45,2
36,45,2
37,45,2
38,45,2
39,45,2
40,45,2
41,45,2
42,45,2
43,45,2
44,45,2
45,45,2
46,45,2
47,45,2
48,45,2
49,45,2
50,45,2
51,45,2
52,45,2
53,45,2
54,45,2
55,45,2
56,45,2
57,45,2
58,45,0
59,45,0
60,45,0
61,45,0
62,45,0
63,45,0
64,45,3
65,45,3
66,45,3
67,45,3
68,45,3
69,45,3
70,45,3
71,45,3
72,45,3
73,45,3
74,45,3
75,45,3
76,45,3
77,45,3
78,45,3
79,45,3
80,45,3
81,45,3
82,45,3
83,45,3
84,45,3
85,45,3
86,45,3
87,45,3
88,45,3
89,45,3
90,45,3
91,45,3
92,45,3
93,45,3
94,45,3
95,45,3
96,45,3
97,45,3
98,45,3
99,45,3
100,45,3
101,45,3
102,45,3
103,45,3
104,45,3
105,45,3
106,45,3
107,45,3
108,45,3
109,45,0
110,45,0
111,45,1
112,45,1
113,45,1
114,45,1
115,45,1
116,45,1
117,45,1
118,45,1
119,45,1
120,45,1
121,45,1
122,45,1
123,45,1
124,45,1
125,45,1
126,45,1
127,45,1
128,45,1
129,45,1
130,45,1
131,45,1
132,45,1
133,45,1
134,45,1
135,45,1
136,45,1
137,45,1
138,45,1
139,45,1
140,45,1
141,45,1
142,45,1
143,45,1
144,45,1
145,45,1
146,45,1
147,45,1
148,45,1
149,45,1
150,45,1
151,45,1
152,45,1
153,45,1
154,45,1
155,45,1
156,45,1
157,45,1
158,45,1
159,45,1
160,45,1
161,45,1
162,45,1
163,45,1
164,45,1
165,45,1
166,45,1
167,45,1
168,45,1
169,45,1
170,45,1
171,45,1
172,45,1
173,45,1
174,45,1
175,45,1
176,45,1
177,45,1
178,45,1
179,45,1
180,45,1
181,45,1
182,45,1
183,45,1
184,45,1
185,45,1
186,45,1
187,45,1
188,45,1
189,45,1
190,45,1
191,45,1
192,45,1
193,45,1
194,45,1
195,45,1
196,45,1
197,45,1
198,45,1
199,45,1
200,45,1
201,45,1
202,45,1
203,45,1
204,45,1
205,45,1
206,45,1
207,45,1
208,45,1
209,45,1
210,45,1
211,45,1
212,45,1
213,45,1
214,45,1
215,45,1
216,45,1
217,45,1
218,45,1
219,45,1
220,45,1
221,45,1
222,45,1
223,45,1
224,45,1
225,45,1
226,45,1
227,45,1
228,45,1
229,45,1
230,45,1
231,45,1
232,45,1
233,45,1
234,45,1
235,45,1
236,45,1
237,45,1
238,45,1
239,45,1
240,45,1
241,45,1
242,45,1
243,45,1
244,45,1
245,45,1
246,45,1
247,45,1
248,45,1
249,45,1
250,45,1
251,45,1
252,45,1
253,45,1
254,45,1
255,45,1
256,45,1
257,45,1
258,45,1
259,45,1
260,45,1
261,45,1
262,45,1
263,45,1
264,45,1
265,45,0
266,45,0
267,45,0
268,45,0
269,45,0
270,45,0
271,45,0
272,45,0
273,45,0
274,45,0
275,45,0
276,45,0
277,45,0
278,45,0
279,45,0
280,45,0
281,45,0
282,45,0
283,45,0
284,45,0
285,45,0
286,45,0
287,45,0
288,45,0
289,45,0
290,45,0
291,45,0
1,46,0
2,46,0
3,46,0
4,46,0
5,46,0
6,46,0
7,46,0
8,46,0
9,46,0
10,46,0
11,46,0
12,46,0
13,46,0
14,46,0
15,46,0
16,46,0
17,46,0
18,46,0
19,46,0
20,46,0
21,46,0
22,46,0
23,46,0
24,46,0
25,46,0
26,46,0
27,46,2
28,46,2
29,46,2
30,46,2
31,46,2
32,46,2
33,46,2
34,46,2
35,46,2
36,46,2
37,46,2
38,46,2
39,46,2
40,46,2
41,46,2
42,46,2
43,46,2
44,46,2
45,46,2
46,46,2
47,46,2
48,46,2
49,46,2
50,46,2
51,46,2
52,46,2
53,46,2
54,46,2
55,46,0
56,46,0
57,46,0
58,46,0
59,46,0
60,46,0
61,46,3
62,46,3
63,46,3
64,46,3
65,46,3
66,46,3
67,46,3
68,46,3
69,46,3
70,46,3
71,46,3
72,46,3
73,46,3
74,46,3
75,46,3
76,46,3
77,46,3
78,46,3
79,46,3
80,46,3
81,46,3
82,46,3
83,46,3
84,46,3
85,46,3
86,46,3
87,46,3
88,46,3
89,46,3
90,46,3
91,46,3
92,46,3
93,46,3
94,46,3
95,46,3
96,46,3
97,46,3
98,46,3
99,46,3
100,46,3
101,46,3
102,46,3
103,46,3
104,46,3
105,46,3
106,46,3
107,46,3
108,46,3
109,46,0
110,46,1
111,46,1
112,46,1
113,46,1
114,46,1
115,46,1
116,46,1
117,46,1
118,46,1
119,46,1
120,46,1
121,46,1
122,46,1
123,46,1
124,46,1
125,46,1
126,46,1
127,46,1
128,46,1
129,46,1
130,46,1
131,46,1
132,46,1
133,46,1
134,46,1
135,46,1
136,46,1
137,46,1
138,46,1
139,46,1
140,46,1
141,46,1
142,46,1
143,46,1
144,46,1
145,46,1
146,46,1
147,46,1
148,46,1
149,46,1
150,46,1
151,46,1
152,46,1
153,46,1
154,46,1
155,46,1
156,46,1
157,46,1
158,46,1
159,46,1
160,46,1
161,46,1
162,46,1
163,46,1
164,46,1
165,46,1
166,46,1
167,46,1
168,46,1
169,46,1
170,46,1
171,46,1
172,46,1
173,46,1
174,46,1
175,46,1
176,46,1
177,46,1
178,46,1
179,46,1
180,46,1
181,46,1
182,46,1
183,46,1
184,46,1
185,46,1
186,46,1
187,46,1
188,46,1
189,46,1
190,46,1
191,46,1
192,46,1
193,46,1
194,46,1
195,46,1
196,46,1
197,46,1
198,46,1
199,46,1
200,46,1
201,46,1
202,46,1
203,46,1
204,46,1
205,46,1
206,46,1
207,46,1
208,46,1
209,46,1
210,46,1
211,46,1
212,46,1
213,46,1
214,46,1
215,46,1
216,46,1
217,46,1
218,46,1
219,46,1
220,46,1
221,46,1
222,46,1
223,46,1
224,46,1
225,46,1
226,46,1
227,46,1
228,46,1
229,46,1
230,46,1
231,46,1
232,46,1
233,46,1
234,46,1
235,46,1
236,46,1
237,46,1
238,46,1
239,46,1
240,46,1
241,46,1
242,46,1
243,46,1
244,46,1
245,46,1
246,46,1
247,46,1
248,46,1
249,46,1
250,46,1
251,46,1
252,46,1
253,46,1
254,46,1
255,46,1
256,46,1
257,46,1
258,46,1
259,46,1
260,46,1
261,46,1
262,46,1
263,46,1
264,46,1
265,46,1
266,46,0
267,46,0
268,46,0
269,46,0
270,46,0
271,46,0
272,46,0
273,46,0
274,46,0
275,46,0
276,46,0
277,46,0
278,46,0
279,46,0
280,46,0
281,46,0
282,46,0
283,46,0
284,46,0
285,46,0
286,46,0
287,46,0
288,46,0
289,46,0
290,46,0
291,46,0
1,47,0
2,47,0
3,47,0
4,47,0
5,47,0
6,47,0
7,47,0
8,47,0
9,47,0
10,47,0
11,47,0
12,47,0
13,47,0
14,47,0
15,47,0
16,47,0
17,47,0
18,47,0
19,47,0
20,47,0
21,47,0
22,47,0
23,47,0
24,47,0
25,47,0
26,47,0
27,47,0
28,47,0
29,47,2
30,47,2
31,47,2
32,47,2
33,47,2
34,47,2
35,47,2
36,47,2
37,47,2
38,47,2
39,47,2
40,47,2
41,47,2
42,47,2
43,47,2
44,47,2
45,47,2
46,47,2
47,47,2
48,47,2
49,47,2
50,47,2
51,47,2
52,47,2
53,47,0
54,47,0
55,47,0
56,47,0
57,47,0
58,47,3
59,47,3
60,47,3
61,47,3
62,47,3
63,47,3
64,47,3
65,47,3
66,47,3
67,47,3
68,47,3
69,47,3
70,47,3
71,47,3
72,47,3
73,47,3
74,47,3
75,47,3
76,47,3
77,47,3
78,47,3
79,47,3
80,47,3
81,47,3
82,47,3
83,47,3
84,47,3
85,47,3
86,47,3
87,47,3
88,47,3
89,47,3
90,47,3
91,47,3
92,47,3
93,47,3
94,47,3
95,47,3
96,47,3
97,47,3
98,47,3
99,47,3
100,47,3
101,47,3
102,47,3
103,47,3
104,47,3
105,47,3
106,47,3
107,47,3
108,47,3
109,47,0
110,47,1
111,47,1
112,47,1
113,47,1
114,47,1
115,47,1
116,47,1
117,47,1
118,47,1
119,47,1
120,47,1
121,47,1
122,47,1
123,47,1
124,47,1
125,47,1
126,47,1
127,47,1
128,47,1
129,47,1
130,47,1
131,47,1
132,47,1
133,47,1
134,47,1
135,47,1
136,47,1
137,47,1
138,47,1
139,47,1
140,47,1
141,47,1
142,47,1
143,47,1
144,47,1
145,47,1
146,47,1
147,47,1
148,47,1
149,47,1
150,47,1
151,47,1
152,47,1
153,47,1
154,47,1
155,47,1
156,47,1
157,47,1
158,47,1
159,47,1
160,47,1
161,47,1
162,47,1
163,47,1
164,47,1
165,47,1
166,47,1
167,47,1
168,47,1
169,47,1
170,47,1
171,47,1
172,47,1
173,47,1
174,47,1
175,47,1
176,47,1
177,47,1
178,47,1
179,47,1
180,47,1
181,47,1
182,47,1
183,47,1
184,47,1
185,47,1
186,47,1
187,47,1
188,47,1
189,47,1
190,47,1
191,47,1
192,47,1
193,47,1
194,47,1
195,47,1
196,47,1
197,47,1
198,47,1
199,47,1
200,47,1
201,47,1
202,47,1
203,47,1
204,47,1
205,47,1
206,47,1
207,47,1
208,47,1
209,47,1
210,47,1
211,47,1
212,47,1
213,47,1
214,47,1
215,47,1
216,47,1
217,47,1
218,47,1
219,47,1
220,47,1
221,47,1
222,47,1
223,47,1
224,47,1
225,47,1
226,47,1
227,47,1
228,47,1
229,47,1
230,47,1
231,47,1
232,47,1
233,47,1
234,47,1
235,47,1
236,47,1
237,47,1
238,47,1
239,47,1
240,47,1
241,47,1
242,47,1
243,47,1
244,47,1
245,47,1
246,47,1
247,47,1
248,47,1
249,47,1
250,47,1
251,47,1
252,47,1
253,47,1
254,47,1
255,47,1
256,47,1
257,47,1
258,47,1
259,47,1
260,47,1
261,47,1
262,47,1
263,47,1
264,47,1
265,47,1
266,47,1
267,47,1
268,47,0
269,47,0
270,47,0
271,47,0
272,47,0
273,47,0
274,47,0
275,47,0
276,47,0
277,47,0
278,47,0
279,47,0
280,47,0
281,47,0
282,47,0
283,47,0
284,47,0
285,47,0
286,47,0
287,47,0
288,47,0
289,47,0
290,47,0
291,47,0
1,48,0
2,48,0
3,48,0
4,48,0
5,48,0
6,48,0
7,48,0
8,48,0
9,48,0
10,48,0
11,48,0
12,48,0
13,48,0
14,48,0
15,48,0
16,48,0
17,48,0
18,48,0
19,48,0
20,48,0
21,48,0
22,48,0
23,48,0
24,48,0
25,48,2
26,48,2
27,48,2
28,48,0
29,48,2
30,48,2
31,48,2
32,48,2
33,48,2
34,48,2
35,48,2
36,48,2
37,48,2
38,48,2
39,48,2
40,48,2
41,48,2
42,48,2
43,48,2
44,48,2
45,48,2
46,48,2
47,48,2
48,48,2
49,48,2
50,48,2
51,48,2
52,48,2
53,48,0
54,48,0
55,48,0
56,48,0
57,48,3
58,48,3
59,48,3
60,48,3
61,48,3
62,48,3
63,48,3
64,48,3
65,48,3
66,48,3
67,48,3
68,48,3
69,48,3
70,48,3
71,48,3
72,48,3
73,48,3
74,48,3
75,48,3
76,48,3
77,48,3
78,48,3
79,48,3
80,48,3
81,48,3
82,48,3
83,48,3
84,48,3
85,48,3
86,48,3
87,48,3
88,48,3
89,48,3
90,48,3
91,48,3
92,48,3
93,48,3
94,48,3
95,48,3
96,48,3
97,48,3
98,48,3
99,48,3
100,48,3
101,48,3
102,48,3
103,48,3
104,48,3
105,48,3
106,48,3
107,48,3
108,48,3
109,48,0
110,48,1
111,48,1
112,48,1
113,48,1
114,48,1
115,48,1
116,48,1
117,48,1
118,48,1
119,48,1
120,48,1
121,48,1
122,48,1
123,48,1
124,48,1
125,48,1
126,48,1
127,48,1
128,48,1
129,48,1
130,48,1
131,48,1
132,48,1
133,48,1
134,48,1
135,48,1
136,48,1
137,48,1
138,48,1
139,48,1
140,48,1
141,48,1
142,48,1
143,48,1
144,48,1
145,48,1
146,48,1
147,48,1
148,48,1
149,48,1
150,48,1
151,48,1
152,48,1
153,48,1
154,48,1
155,48,1
156,48,1
157,48,1
158,48,1
159,48,1
160,48,1
161,48,1
162,48,1
163,48,1
164,48,1
165,48,1
166,48,1
167,48,1
168,48,1
169,48,1
170,48,1
171,48,1
172,48,1
173,48,1
174,48,1
175,48,1
176,48,1
177,48,1
178,48,1
179,48,1
180,48,1
181,48,1
182,48,1
183,48,1
184,48,1
185,48,1
186,48,1
187,48,1
188,48,1
189,48,1
190,48,1
191,48,1
192,48,1
193,48,1
194,48,1
195,48,1
196,48,1
197,48,1
198,48,1
199,48,1
200,48,1
201,48,1
202,48,1
203,48,1
204,48,1
205,48,1
206,48,1
207,48,1
208,48,1
209,48,1
210,48,1
211,48,1
212,48,1
213,48,1
214,48,1
215,48,1
216,48,1
217,48,1
218,48,1
219,48,1
220,48,1
221,48,1
222,48,1
223,48,1
224,48,1
225,48,1
226,48,1
227,48,1
228,48,1
229,48,1
230,48,1
231,48,1
232,48,1
233,48,1
234,48,1
235,48,1
236,48,1
237,48,1
238,48,1
239,48,1
240,48,1
241,48,1
242,48,1
243,48,1
244,48,1
245,48,1
246,48,1
247,48,1
248,48,1
249,48,1
250,48,1
251,48,1
252,48,1
253,48,1
254,48,1
255,48,1
256,48,1
257,48,1
258,48,1
259,48,1
260,48,1
261,48,1
262,48,1
263,48,1
264,48,1
265,48,1
266,48,1
267,48,1
268,48,1
269,48,1
270,48,1
271,48,0
272,48,0
273,48,0
274,48,0
275,48,0
276,48,0
277,48,0
278,48,0
279,48,0
280,48,0
281,48,0
282,48,0
283,48,0
284,48,0
285,48,0
286,48,0
287,48,0
288,48,0
289,48,0
290,48,0
291,48,0
1,49,0
2,49,0
3,49,0
4,49,0
5,49,0
6,49,0
7,49,0
8,49,0
9,49,0
10,49,0
11,49,0
12,49,0
13,49,0
14,49,0
15,49,0
16,49,0
17,49,0
18,49,0
19,49,0
20,49,0
21,49,0
22,49,0
23,49,0
24,49,0
25,49,2
26,49,2
27,49,2
28,49,2
29,49,2
30,49,2
31,49,2
32,49,2
33,49,2
34,49,2
35,49,2
36,49,2
37,49,2
38,49,2
39,49,2
40,49,2
41,49,2
42,49,2
43,49,2
44,49,2
45,49,2
46,49,2
47,49,2
48,49,2
49,49,2
50,49,0
51,49,2
52,49,0
53,49,0
54,49,0
55,49,3
56,49,3
57,49,3
58,49,3
59,49,3
60,49,3
61,49,3
62,49,3
63,49,3
64,49,3
65,49,3
66,49,3
67,49,3
68,49,3
69,49,3
70,49,3
71,49,3
72,49,3
73,49,3
74,49,3
75,49,3
76,49,3
77,49,3
78,49,3
79,49,3
80,49,3
81,49,3
82,49,3
83,49,3
84,49,3
85,49,3
86,49,3
87,49,3
88,49,3
89,49,3
90,49,3
91,49,3
92,49,3
93,49,3
94,49,3
95,49,3
96,49,3
97,49,3
98,49,3
99,49,3
100,49,3
101,49,3
102,49,3
103,49,3
104,49,3
105,49,3
106,49,3
107,49,3
108,49,0
109,49,0
110,49,1
111,49,1
112,49,1
113,49,1
114,49,1
115,49,1
116,49,1
117,49,1
118,49,1
119,49,1
120,49,1
121,49,1
122,49,1
123,49,1
124,49,1
125,49,1
126,49,1
127,49,1
128,49,1
129,49,1
130,49,1
131,49,1
132,49,1
133,49,1
134,49,1
135,49,1
136,49,1
137,49,1
138,49,1
139,49,1
140,49,1
141,49,1
142,49,1
143,49,1
144,49,1
145,49,1
146,49,1
147,49,1
148,49,1
149,49,1
150,49,1
151,49,1
152,49,1
153,49,1
154,49,1
155,49,1
156,49,1
157,49,1
158,49,1
159,49,1
160,49,1
161,49,1
162,49,1
163,49,1
164,49,1
165,49,1
166,49,1
167,49,1
168,49,1
169,49,1
170,49,1
171,49,1
172,49,1
173,49,1
174,49,1
175,49,1
176,49,1
177,49,1
178,49,1
179,49,1
180,49,1
181,49,1
182,49,1
183,49,1
184,49,1
185,49,1
186,49,1
187,49,1
188,49,1
189,49,1
190,49,1
191,49,1
192,49,1
193,49,1
194,49,1
195,49,1
196,49,1
197,49,1
198,49,1
199,49,1
200,49,1
201,49,1
202,49,1
203,49,1
204,49,1
205,49,1
206,49,1
207,49,1
208,49,1
209,49,1
210,49,1
211,49,1
212,49,1
213,49,1
214,49,1
215,49,1
216,49,1
217,49,1
218,49,1
219,49,1
220,49,1
221,49,1
222,49,1
223,49,1
224,49,1
225,49,1
226,49,1
227,49,1
228,49,1
229,49,1
230,49,1
231,49,1
232,49,1
233,49,1
234,49,1
235,49,1
236,49,1
237,49,1
238,49,1
239,49,1
240,49,1
241,49,1
242,49,1
243,49,1
244,49,1
245,49,1
246,49,1
247,49,1
248,49,1
249,49,1
250,49,1
251,49,1
252,49,1
253,49,1
254,49,1
255,49,1
256,49,1
257,49,1
258,49,1
259,49,1
260,49,1
261,49,1
262,49,1
263,49,1
264,49,1
265,49,1
266,49,1
267,49,1
268,49,1
269,49,1
270,49,1
271,49,1
272,49,1
273,49,1
274,49,1
275,49,0
276,49,0
277,49,0
278,49,0
279,49,0
280,49,0
281,49,0
282,49,0
283,49,0
284,49,0
285,49,0
286,49,0
287,49,0
288,49,0
289,49,0
290,49,0
291,49,0
1,50,0
2,50,0
3,50,0
4,50,0
5,50,0
6,50,0
7,50,0
8,50,0
9,50,0
10,50,0
11,50,0
12,50,0
13,50,0
14,50,0
15,50,0
16,50,0
17,50,0
18,50,0
19,50,0
20,50,0
21,50,0
22,50,0
23,50,0
24,50,0
25,50,0
26,50,2
27,50,2
28,50,2
29,50,2
30,50,2
31,50,2
32,50,2
33,50,2
34,50,2
35,50,2
36,50,2
37,50,2
38,50,2
39,50,2
40,50,2
41,50,2
42,50,2
43,50,2
44,50,2
45,50,2
46,50,2
47,50,2
48,50,2
49,50,2
50,50,0
51,50,0
52,50,0
53,50,0
54,50,0
55,50,3
56,50,3
57,50,3
58,50,3
59,50,3
60,50,3
61,50,3
62,50,3
63,50,3
64,50,3
65,50,3
66,50,3
67,50,3
68,50,3
69,50,3
70,50,3
71,50,3
72,50,3
73,50,3
74,50,3
75,50,3
76,50,3
77,50,3
78,50,3
79,50,3
80,50,3
81,50,3
82,50,3
83,50,3
84,50,3
85,50,3
86,50,3
87,50,3
88,50,3
89,50,3
90,50,3
91,50,3
92,50,3
93,50,3
94,50,3
95,50,3
96,50,3
97,50,3
98,50,3
99,50,3
100,50,3
101,50,3
102,50,3
103,50,3
104,50,3
105,50,3
106,50,3
107,50,3
108,50,0
109,50,0
110,50,1
111,50,1
112,50,1
113,50,1
114,50,1
115,50,1
116,50,1
117,50,1
118,50,1
119,50,1
120,50,1
121,50,1
122,50,1
123,50,1
124,50,1
125,50,1
126,50,1
127,50,1
128,50,1
129,50,1
130,50,1
131,50,1
132,50,1
133,50,1
134,50,1
135,50,1
136,50,1
137,50,1
138,50,1
139,50,1
140,50,1
141,50,1
142,50,1
143,50,1
144,50,1
145,50,1
146,50,1
147,50,1
148,50,1
149,50,1
150,50,1
151,50,1
152,50,1
153,50,1
154,50,1
155,50,1
156,50,1
157,50,1
158,50,1
159,50,1
160,50,1
161,50,1
162,50,1
163,50,1
164,50,1
165,50,1
166,50,1
167,50,1
168,50,1
169,50,1
170,50,1
171,50,1
172,50,1
173,50,1
174,50,1
175,50,1
176,50,1
177,50,1
178,50,1
179,50,1
180,50,1
181,50,1
182,50,1
183,50,1
184,50,1
185,50,1
186,50,1
187,50,1
188,50,1
189,50,1
190,50,1
191,50,1
192,50,1
193,50,1
194,50,1
195,50,1
196,50,1
197,50,1
198,50,1
199,50,1
200,50,1
201,50,1
202,50,1
203,50,1
204,50,1
205,50,1
206,50,1
207,50,1
208,50,1
209,50,1
210,50,1
211,50,1
212,50,1
213,50,1
214,50,1
215,50,1
216,50,1
217,50,1
218,50,1
219,50,1
220,50,1
221,50,1
222,50,1
223,50,1
224,50,1
225,50,1
226,50,1
227,50,1
228,50,1
229,50,1
230,50,1
231,50,1
232,50,1
233,50,1
234,50,1
235,50,1
236,50,1
237,50,1
238,50,1
239,50,1
240,50,1
241,50,1
242,50,1
243,50,1
244,50,1
245,50,1
246,50,1
247,50,1
248,50,1
249,50,1
250,50,1
251,50,1
252,50,1
253,50,1
254,50,1
255,50,1
256,50,1
257,50,1
258,50,1
259,50,1
260,50,1
261,50,1
262,50,1
263,50,1
264,50,1
265,50,1
266,50,1
267,50,1
268,50,1
269,50,1
270,50,1
271,50,1
272,50,1
273,50,1
274,50,1
275,50,1
276,50,1
277,50,0
278,50,0
279,50,0
280,50,0
281,50,0
282,50,0
283,50,0
284,50,0
285,50,0
286,50,0
287,50,0
288,50,0
289,50,0
290,50,0
291,50,0
1,51,0
2,51,0
3,51,0
4,51,0
5,51,0
6,51,0
7,51,0
8,51,0
9,51,0
10,51,0
11,51,0
12,51,0
13,51,0
14,51,0
15,51,0
16,51,0
17,51,0
18,51,0
19,51,0
20,51,0
21,51,0
22,51,0
23,51,0
24,51,0
25,51,0
26,51,2
27,51,2
28,51,2
29,51,2
30,51,2
31,51,2
32,51,2
33,51,2
34,51,2
35,51,2
36,51,2
37,51,2
38,51,2
39,51,2
40,51,2
41,51,2
42,51,2
43,51,2
44,51,2
45,51,2
46,51,2
47,51,2
48,51,2
49,51,2
50,51,0
51,51,0
52,51,0
53,51,0
54,51,3
55,51,3
56,51,3
57,51,3
58,51,3
59,51,3
60,51,3
61,51,3
62,51,3
63,51,3
64,51,3
65,51,3
66,51,3
67,51,3
68,51,3
69,51,3
70,51,3
71,51,3
72,51,3
73,51,3
74,51,3
75,51,3
76,51,3
77,51,3
78,51,3
79,51,3
80,51,3
81,51,3
82,51,3
83,51,3
84,51,3
85,51,3
86,51,3
87,51,3
88,51,3
89,51,3
90,51,3
91,51,3
92,51,3
93,51,3
94,51,3
95,51,3
96,51,3
97,51,3
98,51,3
99,51,3
100,51,3
101,51,3
102,51,3
103,51,3
104,51,3
105,51,3
106,51,3
107,51,3
108,51,0
109,51,1
110,51,1
111,51,1
112,51,1
113,51,1
114,51,1
115,51,1
116,51,1
117,51,1
118,51,1
119,51,1
120,51,1
121,51,1
122,51,1
123,51,1
124,51,1
125,51,1
126,51,1
127,51,1
128,51,1
129,51,1
130,51,1
131,51,1
132,51,1
133,51,1
134,51,1
135,51,1
136,51,1
137,51,1
138,51,1
139,51,1
140,51,1
141,51,1
142,51,1
143,51,1
144,51,1
145,51,1
146,51,1
147,51,1
148,51,1
149,51,1
150,51,1
151,51,1
152,51,1
153,51,1
154,51,1
155,51,1
156,51,1
157,51,1
158,51,1
159,51,1
160,51,1
161,51,1
162,51,1
163,51,1
164,51,1
165,51,1
166,51,1
167,51,1
168,51,1
169,51,1
170,51,1
171,51,1
172,51,1
173,51,1
174,51,1
175,51,1
176,51,1
177,51,1
178,51,1
179,51,1
180,51,1
181,51,1
182,51,1
183,51,1
184,51,1
185,51,1
186,51,1
187,51,1
188,51,1
189,51,1
190,51,1
191,51,1
192,51,1
193,51,1
194,51,1
195,51,1
196,51,1
197,51,1
198,51,1
199,51,1
200,51,1
201,51,1
202,51,1
203,51,1
204,51,1
205,51,1
206,51,1
207,51,1
208,51,1
209,51,1
210,51,1
211,51,1
212,51,1
213,51,1
214,51,1
215,51,1
216,51,1
217,51,1
218,51,1
219,51,1
220,51,1
221,51,1
222,51,1
223,51,1
224,51,1
225,51,1
226,51,1
227,51,1
228,51,1
229,51,1
230,51,1
231,51,1
232,51,1
233,51,1
234,51,1
235,51,1
236,51,1
237,51,1
238,51,1
239,51,1
240,51,1
241,51,1
242,51,1
243,51,1
244,51,1
245,51,1
246,51,1
247,51,1
248,51,1
249,51,1
250,51,1
251,51,1
252,51,1
253,51,1
254,51,1
255,51,1
256,51,1
257,51,1
258,51,1
259,51,1
260,51,1
261,51,1
262,51,1
263,51,1
264,51,1
265,51,1
266,51,1
267,51,1
268,51,1
269,51,1
270,51,1
271,51,1
272,51,1
273,51,1
274,51,1
275,51,1
276,51,1
277,51,1
278,51,0
279,51,0
280,51,0
281,51,0
282,51,0
283,51,0
284,51,0
285,51,0
286,51,0
287,51,0
288,51,0
289,51,0
290,51,0
291,51,0
1,52,0
2,52,0
3,52,0
4,52,0
5,52,0
6,52,0
7,52,0
8,52,0
9,52,0
10,52,0
11,52,0
12,52,0
13,52,0
14,52,0
15,52,0
16,52,0
17,52,0
18,52,0
19,52,0
20,52,0
21,52,0
22,52,0
23,52,0
24,52,0
25,52,0
26,52,0
27,52,0
28,52,0
29,52,2
30,52,2
31,52,2
32,52,2
33,52,2
34,52,2
35,52,2
36,52,2
37,52,2
38,52,2
39,52,2
40,52,2
41,52,2
42,52,2
43,52,2
44,52,2
45,52,2
46,52,2
47,52,2
48,52,2
49,52,2
50,52,0
51,52,0
52,52,0
53,52,3
54,52,3
55,52,3
56,52,3
57,52,3
58,52,3
59,52,3
60,52,3
61,52,3
62,52,3
63,52,3
64,52,3
65,52,3
66,52,3
67,52,3
68,52,3
69,52,3
70,52,3
71,52,3
72,52,3
73,52,3
74,52,3
75,52,3
76,52,3
77,52,3
78,52,3
79,52,3
80,52,3
81,52,3
82,52,3
83,52,3
84,52,3
85,52,3
86,52,3
87,52,3
88,52,3
89,52,3
90,52,3
91,52,3
92,52,3
93,52,3
94,52,3
95,52,3
96,52,3
97,52,3
98,52,3
99,52,3
100,52,3
101,52,3
102,52,3
103,52,3
104,52,3
105,52,3
106,52,3
107,52,3
108,52,0
109,52,1
110,52,1
111,52,1
112,52,1
113,52,1
114,52,1
115,52,1
116,52,1
117,52,1
118,52,1
119,52,1
120,52,1
121,52,1
122,52,1
123,52,1
124,52,1
125,52,1
126,52,1
127,52,1
128,52,1
129,52,1
130,52,1
131,52,1
132,52,1
133,52,1
134,52,1
135,52,1
136,52,1
137,52,1
138,52,1
139,52,1
140,52,1
141,52,1
142,52,1
143,52,1
144,52,1
145,52,1
146,52,1
147,52,1
148,52,1
149,52,1
150,52,1
151,52,1
152,52,1
153,52,1
154,52,1
155,52,1
156,52,1
157,52,1
158,52,1
159,52,1
160,52,1
161,52,1
162,52,1
163,52,1
164,52,1
165,52,1
166,52,1
167,52,1
168,52,1
169,52,1
170,52,1
171,52,1
172,52,1
173,52,1
174,52,1
175,52,1
176,52,1
177,52,1
178,52,1
179,52,1
180,52,1
181,52,1
182,52,1
183,52,1
184,52,1
185,52,1
186,52,1
187,52,1
188,52,1
189,52,1
190,52,1
191,52,1
192,52,1
193,52,1
194,52,1
195,52,1
196,52,1
197,52,1
198,52,1
199,52,1
200,52,1
201,52,1
202,52,1
203,52,1
204,52,1
205,52,1
206,52,1
207,52,1
208,52,1
209,52,1
210,52,1
211,52,1
212,52,1
213,52,1
214,52,1
215,52,1
216,52,1
217,52,1
218,52,1
219,52,1
220,52,1
221,52,1
222,52,1
223,52,1
224,52,1
225,52,1
226,52,1
227,52,1
228,52,1
229,52,1
230,52,1
231,52,1
232,52,1
233,52,1
234,52,1
235,52,1
236,52,1
237,52,1
238,52,1
239,52,1
240,52,1
241,52,1
242,52,1
243,52,1
244,52,1
245,52,1
246,52,1
247,52,1
248,52,1
249,52,1
250,52,1
251,52,1
252,52,1
253,52,1
254,52,1
255,52,1
256,52,1
257,52,1
258,52,1
259,52,1
260,52,1
261,52,1
262,52,1
263,52,1
264,52,1
265,52,1
266,52,1
267,52,1
268,52,1
269,52,1
270,52,1
271,52,1
272,52,1
273,52,1
274,52,1
275,52,1
276,52,1
277,52,1
278,52,0
279,52,0
280,52,0
281,52,0
282,52,0
283,52,0
284,52,0
285,52,0
286,52,0
287,52,0
288,52,0
289,52,0
290,52,0
291,52,0
1,53,0
2,53,0
3,53,0
4,53,0
5,53,0
6,53,0
7,53,0
8,53,0
9,53,0
10,53,0
11,53,0
12,53,0
13,53,0
14,53,0
15,53,0
16,53,0
17,53,0
18,53,0
19,53,0
20,53,0
21,53,0
22,53,0
23,53,0
24,53,0
25,53,0
26,53,2
27,53,2
28,53,0
29,53,0
30,53,2
31,53,2
32,53,2
33,53,2
34,53,2
35,53,2
36,53,2
37,53,2
38,53,2
39,53,2
40,53,2
41,53,2
42,53,2
43,53,2
44,53,2
45,53,2
46,53,2
47,53,2
48,53,2
49,53,0
50,53,0
51,53,0
52,53,3
53,53,3
54,53,3
55,53,3
56,53,3
57,53,3
58,53,3
59,53,3
60,53,3
61,53,3
62,53,3
63,53,3
64,53,3
65,53,3
66,53,3
67,53,3
68,53,3
69,53,3
70,53,3
71,53,3
72,53,3
73,53,3
74,53,3
75,53,3
76,53,3
77,53,3
78,53,3
79,53,3
80,53,3
81,53,3
82,53,3
83,53,3
84,53,3
85,53,3
86,53,3
87,53,3
88,53,3
89,53,3
90,53,3
91,53,3
92,53,3
93,53,3
94,53,3
95,53,3
96,53,3
97,53,3
98,53,3
99,53,3
100,53,3
101,53,3
102,53,3
103,53,3
104,53,3
105,53,3
106,53,3
107,53,3
108,53,0
109,53,1
110,53,1
111,53,1
112,53,1
113,53,1
114,53,1
115,53,1
116,53,1
117,53,1
118,53,1
119,53,1
120,53,1
121,53,1
122,53,1
123,53,1
124,53,1
125,53,1
126,53,1
127,53,1
128,53,1
129,53,1
130,53,1
131,53,1
132,53,1
133,53,1
134,53,1
135,53,1
136,53,1
137,53,1
138,53,1
139,53,1
140,53,1
141,53,1
142,53,1
143,53,1
144,53,1
145,53,1
146,53,1
147,53,1
148,53,1
149,53,1
150,53,1
151,53,1
152,53,1
153,53,1
154,53,1
155,53,1
156,53,1
157,53,1
158,53,1
159,53,1
160,53,1
161,53,1
162,53,1
163,53,1
164,53,1
165,53,1
166,53,1
167,53,1
168,53,1
169,53,1
170,53,1
171,53,1
172,53,1
173,53,1
174,53,1
175,53,1
176,53,1
177,53,1
178,53,1
179,53,1
180,53,1
181,53,1
182,53,1
183,53,1
184,53,1
185,53,1
186,53,1
187,53,1
188,53,1
189,53,1
190,53,1
191,53,1
192,53,1
193,53,1
194,53,1
195,53,1
196,53,1
197,53,1
198,53,1
199,53,1
200,53,1
201,53,1
202,53,1
203,53,1
204,53,1
205,53,1
206,53,1
207,53,1
208,53,1
209,53,1
210,53,1
211,53,1
212,53,1
213,53,1
214,53,1
215,53,1
216,53,1
217,53,1
218,53,1
219,53,1
220,53,1
221,53,1
222,53,1
223,53,1
224,53,1
225,53,1
226,53,1
227,53,1
228,53,1
229,53,1
230,53,1
231,53,1
232,53,1
233,53,1
234,53,1
235,53,1
236,53,1
237,53,1
238,53,1
239,53,1
240,53,1
241,53,1
242,53,1
243,53,1
244,53,1
245,53,1
246,53,1
247,53,1
248,53,1
249,53,1
250,53,1
251,53,1
252,53,1
253,53,1
254,53,1
255,53,1
256,53,1
257,53,1
258,53,1
259,53,1
260,53,1
261,53,1
262,53,1
263,53,1
264,53,1
265,53,1
266,53,1
267,53,1
268,53,1
269,53,1
270,53,1
271,53,1
272,53,1
273,53,1
274,53,1
275,53,1
276,53,1
277,53,1
278,53,1
279,53,0
280,53,0
281,53,0
282,53,0
283,53,0
284,53,0
285,53,0
286,53,0
287,53,0
288,53,0
289,53,0
290,53,0
291,53,0
1,54,0
2,54,0
3,54,0
4,54,0
5,54,0
6,54,0
7,54,0
8,54,0
9,54,0
10,54,0
11,54,0
12,54,0
13,54,0
14,54,0
15,54,0
16,54,0
17,54,0
18,54,0
19,54,0
20,54,0
21,54,0
22,54,2
23,54,2
24,54,2
25,54,2
26,54,2
27,54,2
28,54,2
29,54,2
30,54,2
31,54,2
32,54,2
33,54,2
34,54,2
35,54,2
36,54,2
37,54,2
38,54,2
39,54,2
40,54,2
41,54,2
42,54,2
43,54,2
44,54,2
45,54,2
46,54,2
47,54,2
48,54,2
49,54,0
50,54,0
51,54,0
52,54,3
53,54,3
54,54,3
55,54,3
56,54,3
57,54,3
58,54,3
59,54,3
60,54,3
61,54,3
62,54,3
63,54,3
64,54,3
65,54,3
66,54,3
67,54,3
68,54,3
69,54,3
70,54,3
71,54,3
72,54,3
73,54,3
74,54,3
75,54,3
76,54,3
77,54,3
78,54,3
79,54,3
80,54,3
81,54,3
82,54,3
83,54,3
84,54,3
85,54,3
86,54,3
87,54,3
88,54,3
89,54,3
90,54,3
91,54,3
92,54,3
93,54,3
94,54,3
95,54,3
96,54,3
97,54,3
98,54,3
99,54,3
100,54,3
101,54,3
102,54,3
103,54,3
104,54,3
105,54,3
106,54,3
107,54,3
108,54,0
109,54,1
110,54,1
111,54,1
112,54,1
113,54,1
114,54,1
115,54,1
116,54,1
117,54,1
118,54,1
119,54,1
120,54,1
121,54,1
122,54,1
123,54,1
124,54,1
125,54,1
126,54,1
127,54,1
128,54,1
129,54,1
130,54,1
131,54,1
132,54,1
133,54,1
134,54,1
135,54,1
136,54,1
137,54,1
138,54,1
139,54,1
140,54,1
141,54,1
142,54,1
143,54,1
144,54,1
145,54,1
146,54,1
147,54,1
148,54,1
149,54,1
150,54,1
151,54,1
152,54,1
153,54,1
154,54,1
155,54,1
156,54,1
157,54,1
158,54,1
159,54,1
160,54,1
161,54,1
162,54,1
163,54,1
164,54,1
165,54,1
166,54,1
167,54,1
168,54,1
169,54,1
170,54,1
171,54,1
172,54,1
173,54,1
174,54,1
175,54,1
176,54,1
177,54,1
178,54,1
179,54,1
180,54,1
181,54,1
182,54,1
183,54,1
184,54,1
185,54,1
186,54,1
187,54,1
188,54,1
189,54,1
190,54,1
191,54,1
192,54,1
193,54,1
194,54,1
195,54,1
196,54,1
197,54,1
198,54,1
199,54,1
200,54,1
201,54,1
202,54,1
203,54,1
204,54,1
205,54,1
206,54,1
207,54,1
208,54,1
209,54,1
210,54,1
211,54,1
212,54,1
213,54,1
214,54,1
215,54,1
216,54,1
217,54,1
218,54,1
219,54,1
220,54,1
221,54,1
222,54,1
223,54,1
224,54,1
225,54,1
226,54,1
227,54,1
228,54,1
229,54,1
230,54,1
231,54,1
232,54,1
233,54,1
234,54,1
235,54,1
236,54,1
237,54,1
238,54,1
239,54,1
240,54,1
241,54,1
242,54,1
243,54,1
244,54,1
245,54,1
246,54,1
247,54,1
248,54,1
249,54,1
250,54,1
251,54,1
252,54,1
253,54,1
254,54,1
255,54,1
256,54,1
257,54,1
258,54,1
259,54,1
260,54,1
261,54,1
262,54,1
263,54,1
264,54,1
265,54,1
266,54,1
267,54,1
268,54,1
269,54,1
270,54,1
271,54,1
272,54,1
273,54,1
274,54,1
275,54,1
276,54,1
277,54,1
278,54,1
279,54,0
280,54,0
281,54,0
282,54,0
283,54,0
284,54,0
285,54,0
286,54,0
287,54,0
288,54,0
289,54,0
290,54,0
291,54,0
1,55,0
2,55,0
3,55,0
4,55,0
5,55,0
6,55,0
7,55,0
8,55,0
9,55,0
10,55,0
11,55,0
12,55,0
13,55,0
14,55,0
15,55,0
16,55,0
17,55,0
18,55,0
19,55,0
20,55,0
21,55,0
22,55,2
23,55,2
24,55,2
25,55,2
26,55,2
27,55,2
28,55,2
29,55,2
30,55,2
31,55,2
32,55,2
33,55,2
34,55,2
35,55,2
36,55,2
37,55,2
38,55,2
39,55,2
40,55,2
41,55,2
42,55,2
43,55,2
44,55,2
45,55,2
46,55,2
47,55,2
48,55,2
49,55,0
50,55,0
51,55,3
52,55,3
53,55,3
54,55,3
55,55,3
56,55,3
57,55,3
58,55,3
59,55,3
60,55,3
61,55,3
62,55,3
63,55,3
64,55,3
65,55,3
66,55,3
67,55,3
68,55,3
69,55,3
70,55,3
71,55,3
72,55,3
73,55,3
74,55,3
75,55,3
76,55,3
77,55,3
78,55,3
79,55,3
80,55,3
81,55,3
82,55,3
83,55,3
84,55,3
85,55,3
86,55,3
87,55,3
88,55,3
89,55,3
90,55,3
91,55,3
92,55,3
93,55,3
94,55,3
95,55,3
96,55,3
97,55,3
98,55,3
99,55,3
100,55,3
101,55,3
102,55,3
103,55,3
104,55,3
105,55,3
106,55,3
107,55,3
108,55,0
109,55,1
110,55,1
111,55,1
112,55,1
113,55,1
114,55,1
115,55,1
116,55,1
117,55,1
118,55,1
119,55,1
120,55,1
121,55,1
122,55,1
123,55,1
124,55,1
125,55,1
126,55,1
127,55,1
128,55,1
129,55,1
130,55,1
131,55,1
132,55,1
133,55,1
134,55,1
135,55,1
136,55,1
137,55,1
138,55,1
139,55,1
140,55,1
141,55,1
142,55,1
143,55,1
144,55,1
145,55,1
146,55,1
147,55,1
148,55,1
149,55,1
150,55,1
151,55,1
152,55,1
153,55,1
154,55,1
155,55,1
156,55,1
157,55,1
158,55,1
159,55,1
160,55,1
161,55,1
162,55,1
163,55,1
164,55,1
165,55,1
166,55,1
167,55,1
168,55,1
169,55,1
170,55,1
171,55,1
172,55,1
173,55,1
174,55,1
175,55,1
176,55,1
177,55,1
178,55,1
179,55,1
180,55,1
181,55,1
182,55,1
183,55,1
184,55,1
185,55,1
186,55,1
187,55,1
188,55,1
189,55,1
190,55,1
191,55,1
192,55,1
193,55,1
194,55,1
195,55,1
196,55,1
197,55,1
198,55,1
199,55,1
200,55,1
201,55,1
202,55,1
203,55,1
204,55,1
205,55,1
206,55,1
207,55,1
208,55,1
209,55,1
210,55,1
211,55,1
212,55,1
213,55,1
214,55,1
215,55,1
216,55,1
217,55,1
218,55,1
219,55,1
220,55,1
221,55,1
222,55,1
223,55,1
224,55,1
225,55,1
226,55,1
227,55,1
228,55,1
229,55,1
230,55,1
231,55,1
232,55,1
233,55,1
234,55,1
235,55,1
236,55,1
237,55,1
238,55,1
239,55,1
240,55,1
241,55,1
242,55,1
243,55,1
244,55,1
245,55,1
246,55,1
247,55,1
248,55,1
249,55,1
250,55,1
251,55,1
252,55,1
253,55,1
254,55,1
255,55,1
256,55,1
257,55,1
258,55,1
259,55,1
260,55,1
261,55,1
262,55,1
263,55,1
264,55,1
265,55,1
266,55,1
267,55,1
268,55,1
269,55,1
270,55,1
271,55,1
272,55,1
273,55,1
274,55,1
275,55,1
276,55,1
277,55,1
278,55,1
279,55,1
280,55,0
281,55,0
282,55,0
283,55,0
284,55,0
285,55,0
286,55,0
287,55,0
288,55,0
289,55,0
290,55,0
291,55,0
1,56,0
2,56,0
3,56,0
4,56,0
5,56,0
6,56,0
7,56,0
8,56,0
9,56,0
10,56,0
11,56,0
12,56,0
13,56,0
14,56,0
15,56,0
16,56,0
17,56,0
18,56,0
19,56,0
20,56,0
21,56,0
22,56,2
23,56,2
24,56,2
25,56,2
26,56,2
27,56,2
28,56,2
29,56,2
30,56,2
31,56,2
32,56,2
33,56,2
34,56,2
35,56,2
36,56,2
37,56,2
38,56,2
39,56,2
40,56,2
41,56,2
42,56,2
43,56,2
44,56,2
45,56,2
46,56,2
47,56,0
48,56,0
49,56,0
50,56,0
51,56,3
52,56,3
53,56,3
54,56,3
55,56,3
56,56,3
57,56,3
58,56,3
59,56,3
60,56,3
61,56,3
62,56,3
63,56,3
64,56,3
65,56,3
66,56,3
67,56,3
68,56,3
69,56,3
70,56,3
71,56,3
72,56,3
73,56,3
74,56,3
75,56,3
76,56,3
77,56,3
78,56,3
79,56,3
80,56,3
81,56,3
82,56,3
83,56,3
84,56,3
85,56,3
86,56,3
87,56,3
88,56,3
89,56,3
90,56,3
91,56,3
92,56,3
93,56,3
94,56,3
95,56,3
96,56,3
97,56,3
98,56,3
99,56,3
100,56,3
101,56,3
102,56,3
103,56,3
104,56,3
105,56,3
106,56,3
107,56,3
108,56,0
109,56,1
110,56,1
111,56,1
112,56,1
113,56,1
114,56,1
115,56,1
116,56,1
117,56,1
118,56,1
119,56,1
120,56,1
121,56,1
122,56,1
123,56,1
124,56,1
125,56,1
126,56,1
127,56,1
128,56,1
129,56,1
130,56,1
131,56,1
132,56,1
133,56,1
134,56,1
135,56,1
136,56,1
137,56,1
138,56,1
139,56,1
140,56,1
141,56,1
142,56,1
143,56,1
144,56,1
145,56,1
146,56,1
147,56,1
148,56,1
149,56,1
150,56,1
151,56,1
152,56,1
153,56,1
154,56,1
155,56,1
156,56,1
157,56,1
158,56,1
159,56,1
160,56,1
161,56,1
162,56,1
163,56,1
164,56,1
165,56,1
166,56,1
167,56,1
168,56,1
169,56,1
170,56,1
171,56,1
172,56,1
173,56,1
174,56,1
175,56,1
176,56,1
177,56,1
178,56,1
179,56,1
180,56,1
181,56,1
182,56,1
183,56,1
184,56,1
185,56,1
186,56,1
187,56,1
188,56,1
189,56,1
190,56,1
191,56,1
192,56,1
193,56,1
194,56,1
195,56,1
196,56,1
197,56,1
198,56,1
199,56,1
200,56,1
201,56,1
202,56,1
203,56,1
204,56,1
205,56,1
206,56,1
207,56,1
208,56,1
209,56,1
210,56,1
211,56,1
212,56,1
213,56,1
214,56,1
215,56,1
216,56,1
217,56,1
218,56,1
219,56,1
220,56,1
221,56,1
222,56,1
223,56,1
224,56,1
225,56,1
226,56,1
227,56,1
228,56,1
229,56,1
230,56,1
231,56,1
232,56,1
233,56,1
234,56,1
235,56,1
236,56,1
237,56,1
238,56,1
239,56,1
240,56,1
241,56,1
242,56,1
243,56,1
244,56,1
245,56,1
246,56,1
247,56,1
248,56,1
249,56,1
250,56,1
251,56,1
252,56,1
253,56,1
254,56,1
255,56,1
256,56,1
257,56,1
258,56,1
259,56,1
260,56,1
261,56,1
262,56,1
263,56,1
264,56,1
265,56,1
266,56,1
267,56,1
268,56,1
269,56,1
270,56,1
271,56,1
272,56,1
273,56,1
274,56,1
275,56,1
276,56,1
277,56,1
278,56,1
279,56,1
280,56,0
281,56,0
282,56,0
283,56,0
284,56,0
285,56,0
286,56,0
287,56,0
288,56,0
289,56,0
290,56,0
291,56,0
1,57,0
2,57,0
3,57,0
4,57,0
5,57,0
6,57,0
7,57,0
8,57,0
9,57,0
10,57,0
11,57,0
12,57,0
13,57,0
14,57,0
15,57,0
16,57,0
17,57,0
18,57,0
19,57,0
20,57,0
21,57,0
22,57,0
23,57,2
24,57,0
25,57,2
26,57,2
27,57,2
28,57,2
29,57,2
30,57,2
31,57,2
32,57,2
33,57,2
34,57,2
35,57,2
36,57,2
37,57,2
38,57,2
39,57,2
40,57,2
41,57,2
42,57,2
43,57,2
44,57,2
45,57,2
46,57,2
47,57,2
48,57,0
49,57,0
50,57,3
51,57,3
52,57,3
53,57,3
54,57,3
55,57,3
56,57,3
57,57,3
58,57,3
59,57,3
60,57,3
61,57,3
62,57,3
63,57,3
64,57,3
65,57,3
66,57,3
67,57,3
68,57,3
69,57,3
70,57,3
71,57,3
72,57,3
73,57,3
74,57,3
75,57,3
76,57,3
77,57,3
78,57,3
79,57,3
80,57,3
81,57,3
82,57,3
83,57,3
84,57,3
85,57,3
86,57,3
87,57,3
88,57,3
89,57,3
90,57,3
91,57,3
92,57,3
93,57,3
94,57,3
95,57,3
96,57,3
97,57,3
98,57,3
99,57,3
100,57,3
101,57,3
102,57,3
103,57,3
104,57,3
105,57,3
106,57,3
107,57,3
108,57,0
109,57,1
110,57,1
111,57,1
112,57,1
113,57,1
114,57,1
115,57,1
116,57,1
117,57,1
118,57,1
119,57,1
120,57,1
121,57,1
122,57,1
123,57,1
124,57,1
125,57,1
126,57,1
127,57,1
128,57,1
129,57,1
130,57,1
131,57,1
132,57,1
133,57,1
134,57,1
135,57,1
136,57,1
137,57,1
138,57,1
139,57,1
140,57,1
141,57,1
142,57,1
143,57,1
144,57,1
145,57,1
146,57,1
147,57,1
148,57,1
149,57,1
150,57,1
151,57,1
152,57,1
153,57,1
154,57,1
155,57,1
156,57,1
157,57,1
158,57,1
159,57,1
160,57,1
161,57,1
162,57,1
163,57,1
164,57,1
165,57,1
166,57,1
167,57,1
168,57,1
169,57,1
170,57,1
171,57,1
172,57,1
173,57,1
174,57,1
175,57,1
176,57,1
177,57,1
178,57,1
179,57,1
180,57,1
181,57,1
182,57,1
183,57,1
184,57,1
185,57,1
186,57,1
187,57,1
188,57,1
189,57,1
190,57,1
191,57,1
192,57,1
193,57,1
194,57,1
195,57,1
196,57,1
197,57,1
198,57,1
199,57,1
200,57,1
201,57,1
202,57,1
203,57,1
204,57,1
205,57,1
206,57,1
207,57,1
208,57,1
209,57,1
210,57,1
211,57,1
212,57,1
213,57,1
214,57,1
215,57,1
216,57,1
217,57,1
218,57,1
219,57,1
220,57,1
221,57,1
222,57,1
223,57,1
224,57,1
225,57,1
226,57,1
227,57,1
228,57,1
229,57,1
230,57,1
231,57,1
232,57,1
233,57,1
234,57,1
235,57,1
236,57,1
237,57,1
238,57,1
239,57,1
240,57,1
241,57,1
242,57,1
243,57,1
244,57,1
245,57,1
246,57,1
247,57,1
248,57,1
249,57,1
250,57,1
251,57,1
252,57,1
253,57,1
254,57,1
255,57,1
256,57,1
257,57,1
258,57,1
259,57,1
260,57,1
261,57,1
262,57,1
263,57,1
264,57,1
265,57,1
266,57,1
267,57,1
268,57,1
269,57,1
270,57,1
271,57,1
272,57,1
273,57,1
274,57,1
275,57,1
276,57,1
277,57,1
278,57,1
279,57,1
280,57,0
281,57,0
282,57,0
283,57,0
284,57,0
285,57,0
286,57,0
287,57,0
288,57,0
289,57,0
290,57,0
291,57,0
1,58,0
2,58,0
3,58,0
4,58,0
5,58,0
6,58,0
7,58,0
8,58,0
9,58,0
10,58,0
11,58,0
12,58,0
13,58,0
14,58,0
15,58,0
16,58,0
17,58,0
18,58,0
19,58,0
20,58,0
21,58,0
22,58,0
23,58,0
24,58,0
25,58,2
26,58,2
27,58,2
28,58,2
29,58,2
30,58,2
31,58,2
32,58,2
33,58,2
34,58,2
35,58,2
36,58,2
37,58,2
38,58,2
39,58,2
40,58,2
41,58,2
42,58,2
43,58,2
44,58,2
45,58,2
46,58,2
47,58,2
48,58,0
49,58,0
50,58,3
51,58,3
52,58,3
53,58,3
54,58,3
55,58,3
56,58,3
57,58,3
58,58,3
59,58,3
60,58,3
61,58,3
62,58,3
63,58,3
64,58,3
65,58,3
66,58,3
67,58,3
68,58,3
69,58,3
70,58,3
71,58,3
72,58,3
73,58,3
74,58,3
75,58,3
76,58,3
77,58,3
78,58,3
79,58,3
80,58,3
81,58,3
82,58,3
83,58,3
84,58,3
85,58,3
86,58,3
87,58,3
88,58,3
89,58,3
90,58,3
91,58,3
92,58,3
93,58,3
94,58,3
95,58,3
96,58,3
97,58,3
98,58,3
99,58,3
100,58,3
101,58,3
102,58,3
103,58,3
104,58,3
105,58,3
106,58,3
107,58,3
108,58,0
109,58,1
110,58,1
111,58,1
112,58,1
113,58,1
114,58,1
115,58,1
116,58,1
117,58,1
118,58,1
119,58,1
120,58,1
121,58,1
122,58,1
123,58,1
124,58,1
125,58,1
126,58,1
127,58,1
128,58,1
129,58,1
130,58,1
131,58,1
132,58,1
133,58,1
134,58,1
135,58,1
136,58,1
137,58,1
138,58,1
139,58,1
140,58,1
141,58,1
142,58,1
143,58,1
144,58,1
145,58,1
146,58,1
147,58,1
148,58,1
149,58,1
150,58,1
151,58,1
152,58,1
153,58,1
154,58,1
155,58,1
156,58,1
157,58,1
158,58,1
159,58,1
160,58,1
161,58,1
162,58,1
163,58,1
164,58,1
165,58,1
166,58,1
167,58,1
168,58,1
169,58,1
170,58,1
171,58,1
172,58,1
173,58,1
174,58,1
175,58,1
176,58,1
177,58,1
178,58,1
179,58,1
180,58,1
181,58,1
182,58,1
183,58,1
184,58,1
185,58,1
186,58,1
187,58,1
188,58,1
189,58,1
190,58,1
191,58,1
192,58,1
193,58,1
194,58,1
195,58,1
196,58,1
197,58,1
198,58,1
199,58,1
200,58,1
201,58,1
202,58,1
203,58,1
204,58,1
205,58,1
206,58,1
207,58,1
208,58,1
209,58,1
210,58,1
211,58,1
212,58,1
213,58,1
214,58,1
215,58,1
216,58,1
217,58,1
218,58,1
219,58,1
220,58,1
221,58,1
222,58,1
223,58,1
224,58,1
225,58,1
226,58,1
227,58,1
228,58,1
229,58,1
230,58,1
231,58,1
232,58,1
233,58,1
234,58,1
235,58,1
236,58,1
237,58,1
238,58,1
239,58,1
240,58,1
241,58,1
242,58,1
243,58,1
244,58,1
245,58,1
246,58,1
247,58,1
248,58,1
249,58,1
250,58,1
251,58,1
252,58,1
253,58,1
254,58,1
255,58,1
256,58,1
257,58,1
258,58,1
259,58,1
260,58,1
261,58,1
262,58,1
263,58,1
264,58,1
265,58,1
266,58,1
267,58,1
268,58,1
269,58,1
270,58,1
271,58,1
272,58,1
273,58,1
274,58,1
275,58,1
276,58,1
277,58,1
278,58,1
279,58,1
280,58,1
281,58,0
282,58,0
283,58,0
284,58,0
285,58,0
286,58,0
287,58,0
288,58,0
289,58,0
290,58,0
291,58,0
1,59,0
2,59,0
3,59,0
4,59,0
5,59,0
6,59,0
7,59,0
8,59,0
9,59,0
10,59,0
11,59,0
12,59,0
13,59,0
14,59,0
15,59,0
16,59,0
17,59,0
18,59,0
19,59,0
20,59,0
21,59,0
22,59,2
23,59,2
24,59,2
25,59,2
26,59,2
27,59,2
28,59,2
29,59,2
30,59,2
31,59,2
32,59,2
33,59,2
34,59,2
35,59,2
36,59,2
37,59,2
38,59,2
39,59,2
40,59,2
41,59,2
42,59,2
43,59,2
44,59,2
45,59,2
46,59,2
47,59,2
48,59,0
49,59,0
50,59,3
51,59,3
52,59,3
53,59,3
54,59,3
55,59,3
56,59,3
57,59,3
58,59,3
59,59,3
60,59,3
61,59,3
62,59,3
63,59,3
64,59,3
65,59,3
66,59,3
67,59,3
68,59,3
69,59,3
70,59,3
71,59,3
72,59,3
73,59,3
74,59,3
75,59,3
76,59,3
77,59,3
78,59,3
79,59,3
80,59,3
81,59,3
82,59,3
83,59,3
84,59,3
85,59,3
86,59,3
87,59,3
88,59,3
89,59,3
90,59,3
91,59,3
92,59,3
93,59,3
94,59,3
95,59,3
96,59,3
97,59,3
98,59,3
99,59,3
100,59,3
101,59,3
102,59,3
103,59,3
104,59,3
105,59,3
106,59,3
107,59,3
108,59,0
109,59,1
110,59,1
111,59,1
112,59,1
113,59,1
114,59,1
115,59,1
116,59,1
117,59,1
118,59,1
119,59,1
120,59,1
121,59,1
122,59,1
123,59,1
124,59,1
125,59,1
126,59,1
127,59,1
128,59,1
129,59,1
130,59,1
131,59,1
132,59,1
133,59,1
134,59,1
135,59,1
136,59,1
137,59,1
138,59,1
139,59,1
140,59,1
141,59,1
142,59,1
143,59,1
144,59,1
145,59,1
146,59,1
147,59,1
148,59,1
149,59,1
150,59,1
151,59,1
152,59,1
153,59,1
154,59,1
155,59,1
156,59,1
157,59,1
158,59,1
159,59,1
160,59,1
161,59,1
162,59,1
163,59,1
164,59,1
165,59,1
166,59,1
167,59,1
168,59,1
169,59,1
170,59,1
171,59,1
172,59,1
173,59,1
174,59,1
175,59,1
176,59,1
177,59,1
178,59,1
179,59,1
180,59,1
181,59,1
182,59,1
183,59,1
184,59,1
185,59,1
186,59,1
187,59,1
188,59,1
189,59,1
190,59,1
191,59,1
192,59,1
193,59,1
194,59,1
195,59,1
196,59,1
197,59,1
198,59,1
199,59,1
200,59,1
201,59,1
202,59,1
203,59,1
204,59,1
205,59,1
206,59,1
207,59,1
208,59,1
209,59,1
210,59,1
211,59,1
212,59,1
213,59,1
214,59,1
215,59,1
216,59,1
217,59,1
218,59,1
219,59,1
220,59,1
221,59,1
222,59,1
223,59,1
224,59,1
225,59,1
226,59,1
227,59,1
228,59,1
229,59,1
230,59,1
231,59,1
232,59,1
233,59,1
234,59,1
235,59,1
236,59,1
237,59,1
238,59,1
239,59,1
240,59,1
241,59,1
242,59,1
243,59,1
244,59,1
245,59,1
246,59,1
247,59,1
248,59,1
249,59,1
250,59,1
251,59,1
252,59,1
253,59,1
254,59,1
255,59,1
256,59,1
257,59,1
258,59,1
259,59,1
260,59,1
261,59,1
262,59,1
263,59,1
264,59,1
265,59,1
266,59,1
267,59,1
268,59,1
269,59,1
270,59,1
271,59,1
272,59,1
273,59,1
274,59,1
275,59,1
276,59,1
277,59,1
278,59,1
279,59,1
280,59,1
281,59,0
282,59,0
283,59,0
284,59,0
285,59,0
286,59,0
287,59,0
288,59,0
289,59,0
290,59,0
291,59,0
1,60,0
2,60,0
3,60,0
4,60,0
5,60,0
6,60,0
7,60,0
8,60,0
9,60,0
10,60,0
11,60,0
12,60,0
13,60,0
14,60,0
15,60,0
16,60,0
17,60,0
18,60,0
19,60,0
20,60,2
21,60,2
22,60,2
23,60,2
24,60,2
25,60,2
26,60,2
27,60,2
28,60,2
29,60,2
30,60,2
31,60,2
32,60,2
33,60,2
34,60,2
35,60,2
36,60,2
37,60,2
38,60,2
39,60,2
40,60,2
41,60,2
42,60,2
43,60,2
44,60,2
45,60,2
46,60,2
47,60,0
48,60,0
49,60,0
50,60,3
51,60,3
52,60,3
53,60,3
54,60,3
55,60,3
56,60,3
57,60,3
58,60,3
59,60,3
60,60,3
61,60,3
62,60,3
63,60,3
64,60,3
65,60,3
66,60,3
67,60,3
68,60,3
69,60,3
70,60,3
71,60,3
72,60,3
73,60,3
74,60,3
75,60,3
76,60,3
77,60,3
78,60,3
79,60,3
80,60,3
81,60,3
82,60,3
83,60,3
84,60,3
85,60,3
86,60,3
87,60,3
88,60,3
89,60,3
90,60,3
91,60,3
92,60,3
93,60,3
94,60,3
95,60,3
96,60,3
97,60,3
98,60,3
99,60,3
100,60,3
101,60,3
102,60,3
103,60,3
104,60,3
105,60,3
106,60,3
107,60,3
108,60,0
109,60,1
110,60,1
111,60,1
112,60,1
113,60,1
114,60,1
115,60,1
116,60,1
117,60,1
118,60,1
119,60,1
120,60,1
121,60,1
122,60,1
123,60,1
124,60,1
125,60,1
126,60,1
127,60,1
128,60,1
129,60,1
130,60,1
131,60,1
132,60,1
133,60,1
134,60,1
135,60,1
136,60,1
137,60,1
138,60,1
139,60,1
140,60,1
141,60,1
142,60,1
143,60,1
144,60,1
145,60,1
146,60,1
147,60,1
148,60,1
149,60,1
150,60,1
151,60,1
152,60,1
153,60,1
154,60,1
155,60,1
156,60,1
157,60,1
158,60,1
159,60,1
160,60,1
161,60,1
162,60,1
163,60,1
164,60,1
165,60,1
166,60,1
167,60,1
168,60,1
169,60,1
170,60,1
171,60,1
172,60,1
173,60,1
174,60,1
175,60,1
176,60,1
177,60,1
178,60,1
179,60,1
180,60,1
181,60,1
182,60,1
183,60,1
184,60,1
185,60,1
186,60,1
187,60,1
188,60,1
189,60,1
190,60,1
191,60,1
192,60,1
193,60,1
194,60,1
195,60,1
196,60,1
197,60,1
198,60,1
199,60,1
200,60,1
201,60,1
202,60,1
203,60,1
204,60,1
205,60,1
206,60,1
207,60,1
208,60,1
209,60,1
210,60,1
211,60,1
212,60,1
213,60,1
214,60,1
215,60,1
216,60,1
217,60,1
218,60,1
219,60,1
220,60,1
221,60,1
222,60,1
223,60,1
224,60,1
225,60,1
226,60,1
227,60,1
228,60,1
229,60,1
230,60,1
231,60,1
232,60,1
233,60,1
234,60,1
235,60,1
236,60,1
237,60,1
238,60,1
239,60,1
240,60,1
241,60,1
242,60,1
243,60,1
244,60,1
245,60,1
246,60,1
247,60,1
248,60,1
249,60,1
250,60,1
251,60,1
252,60,1
253,60,1
254,60,1
255,60,1
256,60,1
257,60,1
258,60,1
259,60,1
260,60,1
261,60,1
262,60,1
263,60,1
264,60,1
265,60,1
266,60,1
267,60,1
268,60,1
269,60,1
270,60,1
271,60,1
272,60,1
273,60,1
274,60,1
275,60,1
276,60,1
277,60,1
278,60,1
279,60,1
280,60,0
281,60,0
282,60,0
283,60,0
284,60,0
285,60,0
286,60,0
287,60,0
288,60,0
289,60,0
290,60,0
291,60,0
1,61,0
2,61,0
3,61,0
4,61,0
5,61,0
6,61,0
7,61,0
8,61,0
9,61,0
10,61,0
11,61,0
12,61,0
13,61,0
14,61,0
15,61,0
16,61,0
17,61,0
18,61,0
19,61,0
20,61,0
21,61,0
22,61,2
23,61,2
24,61,2
25,61,2
26,61,2
27,61,2
28,61,2
29,61,2
30,61,2
31,61,2
32,61,2
33,61,2
34,61,2
35,61,2
36,61,2
37,61,2
38,61,2
39,61,2
40,61,2
41,61,2
42,61,2
43,61,2
44,61,2
45,61,2
46,61,2
47,61,0
48,61,0
49,61,0
50,61,3
51,61,3
52,61,3
53,61,3
54,61,3
55,61,3
56,61,3
57,61,3
58,61,3
59,61,3
60,61,3
61,61,3
62,61,3
63,61,3
64,61,3
65,61,3
66,61,3
67,61,3
68,61,3
69,61,3
70,61,3
71,61,3
72,61,3
73,61,3
74,61,3
75,61,3
76,61,3
77,61,3
78,61,3
79,61,3
80,61,3
81,61,3
82,61,3
83,61,3
84,61,3
85,61,3
86,61,3
87,61,3
88,61,3
89,61,3
90,61,3
91,61,3
92,61,3
93,61,3
94,61,3
95,61,3
96,61,3
97,61,3
98,61,3
99,61,3
100,61,3
101,61,3
102,61,3
103,61,3
104,61,3
105,61,3
106,61,3
107,61,0
108,61,0
109,61,1
110,61,1
111,61,1
112,61,1
113,61,1
114,61,1
115,61,1
116,61,1
117,61,1
118,61,1
119,61,1
120,61,1
121,61,1
122,61,1
123,61,1
124,61,1
125,61,1
126,61,1
127,61,1
128,61,1
129,61,1
130,61,1
131,61,1
132,61,1
133,61,1
134,61,1
135,61,1
136,61,1
137,61,1
138,61,1
139,61,1
140,61,1
141,61,1
142,61,1
143,61,1
144,61,1
145,61,1
146,61,1
147,61,1
148,61,1
149,61,1
150,61,1
151,61,1
152,61,1
153,61,1
154,61,1
155,61,1
156,61,1
157,61,1
158,61,1
159,61,1
160,61,1
161,61,1
162,61,1
163,61,1
164,61,1
165,61,1
166,61,1
167,61,1
168,61,1
169,61,1
170,61,1
171,61,1
172,61,1
173,61,1
174,61,1
175,61,1
176,61,1
177,61,1
178,61,1
179,61,1
180,61,1
181,61,1
182,61,1
183,61,1
184,61,1
185,61,1
186,61,1
187,61,1
188,61,1
189,61,1
190,61,1
191,61,1
192,61,1
193,61,1
194,61,1
195,61,1
196,61,1
197,61,1
198,61,1
199,61,1
200,61,1
201,61,1
202,61,1
203,61,1
204,61,1
205,61,1
206,61,1
207,61,1
208,61,1
209,61,1
210,61,1
211,61,1
212,61,1
213,61,1
214,61,1
215,61,1
216,61,1
217,61,1
218,61,1
219,61,1
220,61,1
221,61,1
222,61,1
223,61,1
224,61,1
225,61,1
226,61,1
227,61,1
228,61,1
229,61,1
230,61,1
231,61,1
232,61,1
233,61,1
234,61,1
235,61,1
236,61,1
237,61,1
238,61,1
239,61,1
240,61,1
241,61,1
242,61,1
243,61,1
244,61,1
245,61,1
246,61,1
247,61,1
248,61,1
249,61,1
250,61,1
251,61,1
252,61,1
253,61,1
254,61,1
255,61,1
256,61,1
257,61,1
258,61,1
259,61,1
260,61,1
261,61,1
262,61,1
263,61,1
264,61,1
265,61,1
266,61,1
267,61,1
268,61,1
269,61,1
270,61,1
271,61,1
272,61,1
273,61,1
274,61,1
275,61,1
276,61,1
277,61,1
278,61,1
279,61,1
280,61,0
281,61,0
282,61,0
283,61,0
284,61,0
285,61,0
286,61,0
287,61,0
288,61,0
289,61,0
290,61,0
291,61,0
1,62,0
2,62,0
3,62,0
4,62,0
5,62,0
6,62,0
7,62,0
8,62,0
9,62,0
10,62,0
11,62,0
12,62,0
13,62,0
14,62,0
15,62,0
16,62,0
17,62,0
18,62,0
19,62,0
20,62,0
21,62,2
22,62,2
23,62,2
24,62,2
25,62,2
26,62,2
27,62,2
28,62,2
29,62,2
30,62,2
31,62,2
32,62,2
33,62,2
34,62,2
35,62,2
36,62,2
37,62,2
38,62,2
39,62,2
40,62,2
41,62,2
42,62,2
43,62,2
44,62,2
45,62,2
46,62,2
47,62,0
48,62,0
49,62,0
50,62,3
51,62,3
52,62,3
53,62,3
54,62,3
55,62,3
56,62,3
57,62,3
58,62,3
59,62,3
60,62,3
61,62,3
62,62,3
63,62,3
64,62,3
65,62,3
66,62,3
67,62,3
68,62,3
69,62,3
70,62,3
71,62,3
72,62,3
73,62,3
74,62,3
75,62,3
76,62,3
77,62,3
78,62,3
79,62,3
80,62,3
81,62,3
82,62,3
83,62,3
84,62,3
85,62,3
86,62,3
87,62,3
88,62,3
89,62,3
90,62,3
91,62,3
92,62,3
93,62,3
94,62,3
95,62,3
96,62,3
97,62,3
98,62,3
99,62,3
100,62,3
101,62,3
102,62,3
103,62,3
104,62,3
105,62,3
106,62,3
107,62,0
108,62,1
109,62,1
110,62,1
111,62,1
112,62,1
113,62,1
114,62,1
115,62,1
116,62,1
117,62,1
118,62,1
119,62,1
120,62,1
121,62,1
122,62,1
123,62,1
124,62,1
125,62,1
126,62,1
127,62,1
128,62,1
129,62,1
130,62,1
131,62,1
132,62,1
133,62,1
134,62,1
135,62,1
136,62,1
137,62,1
138,62,1
139,62,1
140,62,1
141,62,1
142,62,1
143,62,1
144,62,1
145,62,1
146,62,1
147,62,1
148,62,1
149,62,1
150,62,1
151,62,1
152,62,1
153,62,1
154,62,1
155,62,1
156,62,1
157,62,1
158,62,1
159,62,1
160,62,1
161,62,1
162,62,1
163,62,1
164,62,1
165,62,1
166,62,1
167,62,1
168,62,1
169,62,1
170,62,1
171,62,1
172,62,1
173,62,1
174,62,1
175,62,1
176,62,1
177,62,1
178,62,1
179,62,1
180,62,1
181,62,1
182,62,1
183,62,1
184,62,1
185,62,1
186,62,1
187,62,1
188,62,1
189,62,1
190,62,1
191,62,1
192,62,1
193,62,1
194,62,1
195,62,1
196,62,1
197,62,1
198,62,1
199,62,1
200,62,1
201,62,1
202,62,1
203,62,1
204,62,1
205,62,1
206,62,1
207,62,1
208,62,1
209,62,1
210,62,1
211,62,1
212,62,1
213,62,1
214,62,1
215,62,1
216,62,1
217,62,1
218,62,1
219,62,1
220,62,1
221,62,1
222,62,1
223,62,1
224,62,1
225,62,1
226,62,1
227,62,1
228,62,1
229,62,1
230,62,1
231,62,1
232,62,1
233,62,1
234,62,1
235,62,1
236,62,1
237,62,1
238,62,1
239,62,1
240,62,1
241,62,1
242,62,1
243,62,1
244,62,1
245,62,1
246,62,1
247,62,1
248,62,1
249,62,1
250,62,1
251,62,1
252,62,1
253,62,1
254,62,1
255,62,1
256,62,1
257,62,1
258,62,1
259,62,1
260,62,1
261,62,1
262,62,1
263,62,1
264,62,1
265,62,1
266,62,1
267,62,1
268,62,1
269,62,1
270,62,1
271,62,1
272,62,1
273,62,1
274,62,1
275,62,1
276,62,1
277,62,1
278,62,1
279,62,1
280,62,0
281,62,0
282,62,0
283,62,0
284,62,0
285,62,0
286,62,0
287,62,0
288,62,0
289,62,0
290,62,0
291,62,0
1,63,0
2,63,0
3,63,0
4,63,0
5,63,0
6,63,0
7,63,0
8,63,0
9,63,0
10,63,0
11,63,0
12,63,0
13,63,0
14,63,0
15,63,0
16,63,0
17,63,0
18,63,0
19,63,0
20,63,0
21,63,2
22,63,2
23,63,2
24,63,2
25,63,2
26,63,2
27,63,2
28,63,2
29,63,2
30,63,2
31,63,2
32,63,2
33,63,2
34,63,2
35,63,2
36,63,2
37,63,2
38,63,2
39,63,2
40,63,2
41,63,2
42,63,2
43,63,2
44,63,2
45,63,2
46,63,2
47,63,0
48,63,0
49,63,0
50,63,3
51,63,3
52,63,3
53,63,3
54,63,3
55,63,3
56,63,3
57,63,3
58,63,3
59,63,3
60,63,3
61,63,3
62,63,3
63,63,3
64,63,3
65,63,3
66,63,3
67,63,3
68,63,3
69,63,3
70,63,3
71,63,3
72,63,3
73,63,3
74,63,3
75,63,3
76,63,3
77,63,3
78,63,3
79,63,3
80,63,3
81,63,3
82,63,3
83,63,3
84,63,3
85,63,3
86,63,3
87,63,3
88,63,3
89,63,3
90,63,3
91,63,3
92,63,3
93,63,3
94,63,3
95,63,3
96,63,3
97,63,3
98,63,3
99,63,3
100,63,3
101,63,3
102,63,3
103,63,3
104,63,3
105,63,3
106,63,0
107,63,1
108,63,1
109,63,1
110,63,1
111,63,1
112,63,1
113,63,1
114,63,1
115,63,1
116,63,1
117,63,1
118,63,1
119,63,1
120,63,1
121,63,1
122,63,1
123,63,1
124,63,1
125,63,1
126,63,1
127,63,1
128,63,1
129,63,1
130,63,1
131,63,1
132,63,1
133,63,1
134,63,1
135,63,1
136,63,1
137,63,1
138,63,1
139,63,1
140,63,1
141,63,1
142,63,1
143,63,1
144,63,1
145,63,1
146,63,1
147,63,1
148,63,1
149,63,1
150,63,1
151,63,1
152,63,1
153,63,1
154,63,1
155,63,1
156,63,1
157,63,1
158,63,1
159,63,1
160,63,1
161,63,1
162,63,1
163,63,1
164,63,1
165,63,1
166,63,1
167,63,1
168,63,1
169,63,1
170,63,1
171,63,1
172,63,1
173,63,1
174,63,1
175,63,1
176,63,1
177,63,1
178,63,1
179,63,1
180,63,1
181,63,1
182,63,1
183,63,1
184,63,1
185,63,1
186,63,1
187,63,1
188,63,1
189,63,1
190,63,1
191,63,1
192,63,1
193,63,1
194,63,1
195,63,1
196,63,1
197,63,1
198,63,1
199,63,1
200,63,1
201,63,1
202,63,1
203,63,1
204,63,1
205,63,1
206,63,1
207,63,1
208,63,1
209,63,1
210,63,1
211,63,1
212,63,1
213,63,1
214,63,1
215,63,1
216,63,1
217,63,1
218,63,1
219,63,1
220,63,1
221,63,1
222,63,1
223,63,1
224,63,1
225,63,1
226,63,1
227,63,1
228,63,1
229,63,1
230,63,1
231,63,1
232,63,1
233,63,1
234,63,1
235,63,1
236,63,1
237,63,1
238,63,1
239,63,1
240,63,1
241,63,1
242,63,1
243,63,1
244,63,1
245,63,1
246,63,1
247,63,1
248,63,1
249,63,1
250,63,1
251,63,1
252,63,1
253,63,1
254,63,1
255,63,1
256,63,1
257,63,1
258,63,1
259,63,1
260,63,1
261,63,1
262,63,1
263,63,1
264,63,1
265,63,1
266,63,1
267,63,1
268,63,1
269,63,1
270,63,1
271,63,1
272,63,1
273,63,1
274,63,1
275,63,1
276,63,1
277,63,1
278,63,1
279,63,1
280,63,0
281,63,0
282,63,0
283,63,0
284,63,0
285,63,0
286,63,0
287,63,0
288,63,0
289,63,0
290,63,0
291,63,0
1,64,0
2,64,0
3,64,0
4,64,0
5,64,0
6,64,0
7,64,0
8,64,0
9,64,0
10,64,0
11,64,0
12,64,0
13,64,0
14,64,0
15,64,0
16,64,0
17,64,0
18,64,0
19,64,0
20,64,2
21,64,2
22,64,2
23,64,2
24,64,2
25,64,2
26,64,2
27,64,2
28,64,2
29,64,2
30,64,2
31,64,2
32,64,2
33,64,2
34,64,2
35,64,2
36,64,2
37,64,2
38,64,2
39,64,2
40,64,2
41,64,2
42,64,2
43,64,2
44,64,2
45,64,2
46,64,2
47,64,0
48,64,0
49,64,0
50,64,3
51,64,3
52,64,3
53,64,3
54,64,3
55,64,3
56,64,3
57,64,3
58,64,3
59,64,3
60,64,3
61,64,3
62,64,3
63,64,3
64,64,3
65,64,3
66,64,3
67,64,3
68,64,3
69,64,3
70,64,3
71,64,3
72,64,3
73,64,3
74,64,3
75,64,3
76,64,3
77,64,3
78,64,3
79,64,3
80,64,3
81,64,3
82,64,3
83,64,3
84,64,3
85,64,3
86,64,3
87,64,3
88,64,3
89,64,3
90,64,3
91,64,3
92,64,3
93,64,3
94,64,3
95,64,3
96,64,3
97,64,3
98,64,3
99,64,3
100,64,3
101,64,3
102,64,3
103,64,3
104,64,0
105,64,0
106,64,1
107,64,1
108,64,1
109,64,1
110,64,1
111,64,1
112,64,1
113,64,1
114,64,1
115,64,1
116,64,1
117,64,1
118,64,1
119,64,1
120,64,1
121,64,1
122,64,1
123,64,1
124,64,1
125,64,1
126,64,1
127,64,1
128,64,1
129,64,1
130,64,1
131,64,1
132,64,1
133,64,1
134,64,1
135,64,1
136,64,1
137,64,1
138,64,1
139,64,1
140,64,1
141,64,1
142,64,1
143,64,1
144,64,1
145,64,1
146,64,1
147,64,1
148,64,1
149,64,1
150,64,1
151,64,1
152,64,1
153,64,1
154,64,1
155,64,1
156,64,1
157,64,1
158,64,1
159,64,1
160,64,1
161,64,1
162,64,1
163,64,1
164,64,1
165,64,1
166,64,1
167,64,1
168,64,1
169,64,1
170,64,1
171,64,1
172,64,1
173,64,1
174,64,1
175,64,1
176,64,1
177,64,1
178,64,1
179,64,1
180,64,1
181,64,1
182,64,1
183,64,1
184,64,1
185,64,1
186,64,1
187,64,1
188,64,1
189,64,1
190,64,1
191,64,1
192,64,1
193,64,1
194,64,1
195,64,1
196,64,1
197,64,1
198,64,1
199,64,1
200,64,1
201,64,1
202,64,1
203,64,1
204,64,1
205,64,1
206,64,1
207,64,1
208,64,1
209,64,1
210,64,1
211,64,1
212,64,1
213,64,1
214,64,1
215,64,1
216,64,1
217,64,1
218,64,1
219,64,1
220,64,1
221,64,1
222,64,1
223,64,1
224,64,1
225,64,1
226,64,1
227,64,1
228,64,1
229,64,1
230,64,1
231,64,1
232,64,1
233,64,1
234,64,1
235,64,1
236,64,1
237,64,1
238,64,1
239,64,1
240,64,1
241,64,1
242,64,1
243,64,1
244,64,1
245,64,1
246,64,1
247,64,1
248,64,1
249,64,1
250,64,1
251,64,1
252,64,1
253,64,1
254,64,1
255,64,1
256,64,1
257,64,1
258,64,1
259,64,1
260,64,1
261,64,1
262,64,1
263,64,1
264,64,1
265,64,1
266,64,1
267,64,1
268,64,1
269,64,1
270,64,1
271,64,1
272,64,1
273,64,1
274,64,1
275,64,1
276,64,1
277,64,1
278,64,1
279,64,1
280,64,0
281,64,0
282,64,0
283,64,0
284,64,0
285,64,0
286,64,0
287,64,0
288,64,0
289,64,0
290,64,0
291,64,0
1,65,0
2,65,0
3,65,0
4,65,0
5,65,0
6,65,0
7,65,0
8,65,0
9,65,0
10,65,0
11,65,0
12,65,0
13,65,0
14,65,0
15,65,0
16,65,0
17,65,0
18,65,0
19,65,0
20,65,2
21,65,2
22,65,2
23,65,2
24,65,2
25,65,2
26,65,2
27,65,2
28,65,2
29,65,2
30,65,2
31,65,2
32,65,2
33,65,2
34,65,2
35,65,2
36,65,2
37,65,2
38,65,2
39,65,2
40,65,2
41,65,2
42,65,2
43,65,2
44,65,2
45,65,2
46,65,2
47,65,0
48,65,0
49,65,0
50,65,3
51,65,3
52,65,3
53,65,3
54,65,3
55,65,3
56,65,3
57,65,3
58,65,3
59,65,3
60,65,3
61,65,3
62,65,3
63,65,3
64,65,3
65,65,3
66,65,3
67,65,3
68,65,3
69,65,3
70,65,3
71,65,3
72,65,3
73,65,3
74,65,3
75,65,3
76,65,3
77,65,3
78,65,3
79,65,3
80,65,3
81,65,3
82,65,3
83,65,3
84,65,3
85,65,3
86,65,3
87,65,3
88,65,3
89,65,3
90,65,3
91,65,3
92,65,3
93,65,3
94,65,3
95,65,3
96,65,3
97,65,3
98,65,3
99,65,3
100,65,3
101,65,3
102,65,0
103,65,0
104,65,0
105,65,1
106,65,1
107,65,1
108,65,1
109,65,1
110,65,1
111,65,1
112,65,1
113,65,1
114,65,1
115,65,1
116,65,1
117,65,1
118,65,1
119,65,1
120,65,1
121,65,1
122,65,1
123,65,1
124,65,1
125,65,1
126,65,1
127,65,1
128,65,1
129,65,1
130,65,1
131,65,1
132,65,1
133,65,1
134,65,1
135,65,1
136,65,1
137,65,1
138,65,1
139,65,1
140,65,1
141,65,1
142,65,1
143,65,1
144,65,1
145,65,1
146,65,1
147,65,1
148,65,1
149,65,1
150,65,1
151,65,1
152,65,1
153,65,1
154,65,1
155,65,1
156,65,1
157,65,1
158,65,1
159,65,1
160,65,1
161,65,1
162,65,1
163,65,1
164,65,1
165,65,1
166,65,1
167,65,1
168,65,1
169,65,1
170,65,1
171,65,1
172,65,1
173,65,1
174,65,1
175,65,1
176,65,1
177,65,1
178,65,1
179,65,1
180,65,1
181,65,1
182,65,1
183,65,1
184,65,1
185,65,1
186,65,1
187,65,1
188,65,1
189,65,1
190,65,1
191,65,1
192,65,1
193,65,1
194,65,1
195,65,1
196,65,1
197,65,1
198,65,1
199,65,1
200,65,1
201,65,1
202,65,1
203,65,1
204,65,1
205,65,1
206,65,1
207,65,1
208,65,1
209,65,1
210,65,1
211,65,1
212,65,1
213,65,1
214,65,1
215,65,1
216,65,1
217,65,1
218,65,1
219,65,1
220,65,1
221,65,1
222,65,1
223,65,1
224,65,1
225,65,1
226,65,1
227,65,1
228,65,1
229,65,1
230,65,1
231,65,1
232,65,1
233,65,1
234,65,1
235,65,1
236,65,1
237,65,1
238,65,1
239,65,1
240,65,1
241,65,1
242,65,1
243,65,1
244,65,1
245,65,1
246,65,1
247,65,1
248,65,1
249,65,1
250,65,1
251,65,1
252,65,1
253,65,1
254,65,1
255,65,1
256,65,1
257,65,1
258,65,1
259,65,1
260,65,1
261,65,1
262,65,1
263,65,1
264,65,1
265,65,1
266,65,1
267,65,1
268,65,1
269,65,1
270,65,1
271,65,1
272,65,1
273,65,1
274,65,1
275,65,1
276,65,1
277,65,1
278,65,1
279,65,1
280,65,0
281,65,0
282,65,0
283,65,0
284,65,0
285,65,0
286,65,0
287,65,0
288,65,0
289,65,0
290,65,0
291,65,0
1,66,0
2,66,0
3,66,0
4,66,0
5,66,0
6,66,0
7,66,0
8,66,0
9,66,0
10,66,0
11,66,0
12,66,0
13,66,0
14,66,0
15,66,0
16,66,0
17,66,0
18,66,0
19,66,0
20,66,0
21,66,2
22,66,2
23,66,2
24,66,2
25,66,2
26,66,2
27,66,2
28,66,2
29,66,2
30,66,2
31,66,2
32,66,2
33,66,2
34,66,2
35,66,2
36,66,2
37,66,2
38,66,2
39,66,2
40,66,2
41,66,2
42,66,2
43,66,2
44,66,2
45,66,2
46,66,2
47,66,0
48,66,0
49,66,0
50,66,3
51,66,3
52,66,3
53,66,3
54,66,3
55,66,3
56,66,3
57,66,3
58,66,3
59,66,3
60,66,3
61,66,3
62,66,3
63,66,3
64,66,3
65,66,3
66,66,3
67,66,3
68,66,3
69,66,3
70,66,3
71,66,3
72,66,3
73,66,3
74,66,3
75,66,3
76,66,3
77,66,3
78,66,3
79,66,3
80,66,3
81,66,3
82,66,3
83,66,3
84,66,3
85,66,3
86,66,3
87,66,3
88,66,3
89,66,3
90,66,3
91,66,3
92,66,3
93,66,3
94,66,3
95,66,3
96,66,3
97,66,3
98,66,0
99,66,0
100,66,0
101,66,0
102,66,1
103,66,1
104,66,1
105,66,1
106,66,1
107,66,1
108,66,1
109,66,1
110,66,1
111,66,1
112,66,1
113,66,1
114,66,1
115,66,1
116,66,1
117,66,1
118,66,1
119,66,1
120,66,1
121,66,1
122,66,1
123,66,1
124,66,1
125,66,1
126,66,1
127,66,1
128,66,1
129,66,1
130,66,1
131,66,1
132,66,1
133,66,1
134,66,1
135,66,1
136,66,1
137,66,1
138,66,1
139,66,1
140,66,1
141,66,1
142,66,1
143,66,1
144,66,1
145,66,1
146,66,1
147,66,1
148,66,1
149,66,1
150,66,1
151,66,1
152,66,1
153,66,1
154,66,1
155,66,1
156,66,1
157,66,1
158,66,1
159,66,1
160,66,1
161,66,1
162,66,1
163,66,1
164,66,1
165,66,1
166,66,1
167,66,1
168,66,1
169,66,1
170,66,1
171,66,1
172,66,1
173,66,1
174,66,1
175,66,1
176,66,1
177,66,1
178,66,1
179,66,1
180,66,1
181,66,1
182,66,1
183,66,1
184,66,1
185,66,1
186,66,1
187,66,1
188,66,1
189,66,1
190,66,1
191,66,1
192,66,1
193,66,1
194,66,1
195,66,1
196,66,1
197,66,1
198,66,1
199,66,1
200,66,1
201,66,1
202,66,1
203,66,1
204,66,1
205,66,1
206,66,1
207,66,1
208,66,1
209,66,1
210,66,1
211,66,1
212,66,1
213,66,1
214,66,1
215,66,1
216,66,1
217,66,1
218,66,1
219,66,1
220,66,1
221,66,1
222,66,1
223,66,1
224,66,1
225,66,1
226,66,1
227,66,1
228,66,1
229,66,1
230,66,1
231,66,1
232,66,1
233,66,1
234,66,1
235,66,1
236,66,1
237,66,1
238,66,1
239,66,1
240,66,1
241,66,1
242,66,1
243,66,1
244,66,1
245,66,1
246,66,1
247,66,1
248,66,1
249,66,1
250,66,1
251,66,1
252,66,1
253,66,1
254,66,1
255,66,1
256,66,1
257,66,1
258,66,1
259,66,1
260,66,1
261,66,1
262,66,1
263,66,1
264,66,1
265,66,1
266,66,1
267,66,1
268,66,1
269,66,1
270,66,1
271,66,1
272,66,1
273,66,1
274,66,1
275,66,1
276,66,1
277,66,1
278,66,1
279,66,0
280,66,0
281,66,0
282,66,0
283,66,0
284,66,0
285,66,0
286,66,0
287,66,0
288,66,0
289,66,0
290,66,0
291,66,0
1,67,0
2,67,0
3,67,0
4,67,0
5,67,0
6,67,0
7,67,0
8,67,0
9,67,0
10,67,0
11,67,0
12,67,0
13,67,0
14,67,0
15,67,0
16,67,0
17,67,0
18,67,0
19,67,0
20,67,0
21,67,0
22,67,2
23,67,2
24,67,2
25,67,2
26,67,2
27,67,2
28,67,2
29,67,2
30,67,2
31,67,2
32,67,2
33,67,2
34,67,2
35,67,2
36,67,2
37,67,2
38,67,2
39,67,2
40,67,2
41,67,2
42,67,2
43,67,2
44,67,2
45,67,2
46,67,2
47,67,0
48,67,0
49,67,0
50,67,3
51,67,3
52,67,3
53,67,3
54,67,3
55,67,3
56,67,3
57,67,3
58,67,3
59,67,3
60,67,3
61,67,3
62,67,3
63,67,3
64,67,3
65,67,3
66,67,3
67,67,3
68,67,3
69,67,3
70,67,3
71,67,3
72,67,3
73,67,3
74,67,3
75,67,3
76,67,3
77,67,3
78,67,3
79,67,3
80,67,3
81,67,3
82,67,3
83,67,3
84,67,3
85,67,3
86,67,3
87,67,3
88,67,3
89,67,3
90,67,3
91,67,3
92,67,3
93,67,3
94,67,0
95,67,0
96,67,0
97,67,0
98,67,0
99,67,1
100,67,1
101,67,1
102,67,1
103,67,1
104,67,1
105,67,1
106,67,1
107,67,1
108,67,1
109,67,1
110,67,1
111,67,1
112,67,1
113,67,1
114,67,1
115,67,1
116,67,1
117,67,1
118,67,1
119,67,1
120,67,1
121,67,1
122,67,1
123,67,1
124,67,1
125,67,1
126,67,1
127,67,1
128,67,1
129,67,1
130,67,1
131,67,1
132,67,1
133,67,1
134,67,1
135,67,1
136,67,1
137,67,1
138,67,1
139,67,1
140,67,1
141,67,1
142,67,1
143,67,1
144,67,1
145,67,1
146,67,1
147,67,1
148,67,1
149,67,1
150,67,1
151,67,1
152,67,1
153,67,1
154,67,1
155,67,1
156,67,1
157,67,1
158,67,1
159,67,1
160,67,1
161,67,1
162,67,1
163,67,1
164,67,1
165,67,1
166,67,1
167,67,1
168,67,1
169,67,1
170,67,1
171,67,1
172,67,1
173,67,1
174,67,1
175,67,1
176,67,1
177,67,1
178,67,1
179,67,1
180,67,1
181,67,1
182,67,1
183,67,1
184,67,1
185,67,1
186,67,1
187,67,1
188,67,1
189,67,1
190,67,1
191,67,1
192,67,1
193,67,1
194,67,1
195,67,1
196,67,1
197,67,1
198,67,1
199,67,1
200,67,1
201,67,1
202,67,1
203,67,1
204,67,1
205,67,1
206,67,1
207,67,1
208,67,1
209,67,1
210,67,1
211,67,1
212,67,1
213,67,1
214,67,1
215,67,1
216,67,1
217,67,1
218,67,1
219,67,1
220,67,1
221,67,1
222,67,1
223,67,1
224,67,1
225,67,1
226,67,1
227,67,1
228,67,1
229,67,1
230,67,1
231,67,1
232,67,1
233,67,1
234,67,1
235,67,1
236,67,1
237,67,1
238,67,1
239,67,1
240,67,1
241,67,1
242,67,1
243,67,1
244,67,1
245,67,1
246,67,1
247,67,1
248,67,1
249,67,1
250,67,1
251,67,1
252,67,1
253,67,1
254,67,1
255,67,1
256,67,1
257,67,1
258,67,1
259,67,1
260,67,1
261,67,1
262,67,1
263,67,1
264,67,1
265,67,1
266,67,1
267,67,1
268,67,1
269,67,1
270,67,1
271,67,1
272,67,1
273,67,1
274,67,1
275,67,1
276,67,1
277,67,1
278,67,1
279,67,0
280,67,0
281,67,0
282,67,0
283,67,0
284,67,0
285,67,0
286,67,0
287,67,0
288,67,0
289,67,0
290,67,0
291,67,0
1,68,0
2,68,0
3,68,0
4,68,0
5,68,0
6,68,0
7,68,0
8,68,0
9,68,0
10,68,0
11,68,0
12,68,0
13,68,0
14,68,0
15,68,0
16,68,0
17,68,0
18,68,0
19,68,0
20,68,0
21,68,0
22,68,2
23,68,2
24,68,2
25,68,2
26,68,2
27,68,2
28,68,2
29,68,2
30,68,2
31,68,2
32,68,2
33,68,2
34,68,2
35,68,2
36,68,2
37,68,2
38,68,2
39,68,2
40,68,2
41,68,2
42,68,2
43,68,2
44,68,2
45,68,2
46,68,2
47,68,0
48,68,0
49,68,0
50,68,3
51,68,3
52,68,3
53,68,3
54,68,3
55,68,3
56,68,3
57,68,3
58,68,3
59,68,3
60,68,3
61,68,3
62,68,3
63,68,3
64,68,3
65,68,3
66,68,3
67,68,3
68,68,3
69,68,3
70,68,3
71,68,3
72,68,3
73,68,3
74,68,3
75,68,3
76,68,3
77,68,3
78,68,3
79,68,3
80,68,3
81,68,3
82,68,3
83,68,3
84,68,3
85,68,3
86,68,3
87,68,3
88,68,3
89,68,3
90,68,3
91,68,0
92,68,0
93,68,0
94,68,0
95,68,0
96,68,1
97,68,1
98,68,1
99,68,1
100,68,1
101,68,1
102,68,1
103,68,1
104,68,1
105,68,1
106,68,1
107,68,1
108,68,1
109,68,1
110,68,1
111,68,1
112,68,1
113,68,1
114,68,1
115,68,1
116,68,1
117,68,1
118,68,1
119,68,1
120,68,1
121,68,1
122,68,1
123,68,1
124,68,1
125,68,1
126,68,1
127,68,1
128,68,1
129,68,1
130,68,1
131,68,1
132,68,1
133,68,1
134,68,1
135,68,1
136,68,1
137,68,1
138,68,1
139,68,1
140,68,1
141,68,1
142,68,1
143,68,1
144,68,1
145,68,1
146,68,1
147,68,1
148,68,1
149,68,1
150,68,1
151,68,1
152,68,1
153,68,1
154,68,1
155,68,1
156,68,1
157,68,1
158,68,1
159,68,1
160,68,1
161,68,1
162,68,1
163,68,1
164,68,1
165,68,1
166,68,1
167,68,1
168,68,1
169,68,1
170,68,1
171,68,1
172,68,1
173,68,1
174,68,1
175,68,1
176,68,1
177,68,1
178,68,1
179,68,1
180,68,1
181,68,1
182,68,1
183,68,1
184,68,1
185,68,1
186,68,1
187,68,1
188,68,1
189,68,1
190,68,1
191,68,1
192,68,1
193,68,1
194,68,1
195,68,1
196,68,1
197,68,1
198,68,1
199,68,1
200,68,1
201,68,1
202,68,1
203,68,1
204,68,1
205,68,1
206,68,1
207,68,1
208,68,1
209,68,1
210,68,1
211,68,1
212,68,1
213,68,1
214,68,1
215,68,1
216,68,1
217,68,1
218,68,1
219,68,1
220,68,1
221,68,1
222,68,1
223,68,1
224,68,1
225,68,1
226,68,1
227,68,1
228,68,1
229,68,1
230,68,1
231,68,1
232,68,1
233,68,1
234,68,1
235,68,1
236,68,1
237,68,1
238,68,1
239,68,1
240,68,1
241,68,1
242,68,1
243,68,1
244,68,1
245,68,1
246,68,1
247,68,1
248,68,1
249,68,1
250,68,1
251,68,1
252,68,1
253,68,1
254,68,1
255,68,1
256,68,1
257,68,1
258,68,1
259,68,1
260,68,1
261,68,1
262,68,1
263,68,1
264,68,1
265,68,1
266,68,1
267,68,1
268,68,1
269,68,1
270,68,1
271,68,1
272,68,1
273,68,1
274,68,1
275,68,1
276,68,1
277,68,0
278,68,0
279,68,0
280,68,0
281,68,0
282,68,0
283,68,0
284,68,0
285,68,0
286,68,0
287,68,0
288,68,0
289,68,0
290,68,0
291,68,0
1,69,0
2,69,0
3,69,0
4,69,0
5,69,0
6,69,0
7,69,0
8,69,0
9,69,0
10,69,0
11,69,0
12,69,0
13,69,0
14,69,0
15,69,0
16,69,0
17,69,0
18,69,0
19,69,0
20,69,0
21,69,0
22,69,2
23,69,2
24,69,2
25,69,2
26,69,2
27,69,2
28,69,2
29,69,2
30,69,2
31,69,2
32,69,2
33,69,2
34,69,2
35,69,2
36,69,2
37,69,2
38,69,2
39,69,2
40,69,2
41,69,2
42,69,2
43,69,2
44,69,2
45,69,2
46,69,2
47,69,0
48,69,0
49,69,0
50,69,3
51,69,3
52,69,3
53,69,3
54,69,3
55,69,3
56,69,3
57,69,3
58,69,3
59,69,3
60,69,3
61,69,3
62,69,3
63,69,3
64,69,3
65,69,3
66,69,3
67,69,3
68,69,3
69,69,3
70,69,3
71,69,3
72,69,3
73,69,3
74,69,3
75,69,3
76,69,3
77,69,3
78,69,3
79,69,3
80,69,3
81,69,3
82,69,3
83,69,3
84,69,3
85,69,3
86,69,3
87,69,0
88,69,0
89,69,0
90,69,0
91,69,0
92,69,1
93,69,1
94,69,1
95,69,1
96,69,1
97,69,1
98,69,1
99,69,1
100,69,1
101,69,1
102,69,1
103,69,1
104,69,1
105,69,1
106,69,1
107,69,1
108,69,1
109,69,1
110,69,1
111,69,1
112,69,1
113,69,1
114,69,1
115,69,1
116,69,1
117,69,1
118,69,1
119,69,1
120,69,1
121,69,1
122,69,1
123,69,1
124,69,1
125,69,1
126,69,1
127,69,1
128,69,1
129,69,1
130,69,1
131,69,1
132,69,1
133,69,1
134,69,1
135,69,1
136,69,1
137,69,1
138,69,1
139,69,1
140,69,1
141,69,1
142,69,1
143,69,1
144,69,1
145,69,1
146,69,1
147,69,1
148,69,1
149,69,1
150,69,1
151,69,1
152,69,1
153,69,1
154,69,1
155,69,1
156,69,1
157,69,1
158,69,1
159,69,1
160,69,1
161,69,1
162,69,1
163,69,1
164,69,1
165,69,1
166,69,1
167,69,1
168,69,1
169,69,1
170,69,1
171,69,1
172,69,1
173,69,1
174,69,1
175,69,1
176,69,1
177,69,1
178,69,1
179,69,1
180,69,1
181,69,1
182,69,1
183,69,1
184,69,1
185,69,1
186,69,1
187,69,1
188,69,1
189,69,1
190,69,1
191,69,1
192,69,1
193,69,1
194,69,1
195,69,1
196,69,1
197,69,1
198,69,1
199,69,1
200,69,1
201,69,1
202,69,1
203,69,1
204,69,1
205,69,1
206,69,1
207,69,1
208,69,1
209,69,1
210,69,1
211,69,1
212,69,1
213,69,1
214,69,1
215,69,1
216,69,1
217,69,1
218,69,1
219,69,1
220,69,1
221,69,1
222,69,1
223,69,1
224,69,1
225,69,1
226,69,1
227,69,1
228,69,1
229,69,1
230,69,1
231,69,1
232,69,1
233,69,1
234,69,1
235,69,1
236,69,1
237,69,1
238,69,1
239,69,1
240,69,1
241,69,1
242,69,1
243,69,1
244,69,1
245,69,1
246,69,1
247,69,1
248,69,1
249,69,1
250,69,1
251,69,1
252,69,1
253,69,1
254,69,1
255,69,1
256,69,1
257,69,1
258,69,1
259,69,1
260,69,1
261,69,1
262,69,1
263,69,1
264,69,1
265,69,1
266,69,1
267,69,1
268,69,1
269,69,1
270,69,1
271,69,1
272,69,1
273,69,1
274,69,1
275,69,1
276,69,0
277,69,0
278,69,0
279,69,0
280,69,0
281,69,0
282,69,0
283,69,0
284,69,0
285,69,0
286,69,0
287,69,0
288,69,0
289,69,0
290,69,0
291,69,0
1,70,0
2,70,0
3,70,0
4,70,0
5,70,0
6,70,0
7,70,0
8,70,0
9,70,0
10,70,0
11,70,0
12,70,0
13,70,0
14,70,0
15,70,0
16,70,0
17,70,0
18,70,0
19,70,0
20,70,0
21,70,0
22,70,0
23,70,0
24,70,2
25,70,2
26,70,2
27,70,2
28,70,2
29,70,2
30,70,2
31,70,2
32,70,2
33,70,2
34,70,2
35,70,2
36,70,2
37,70,2
38,70,2
39,70,2
40,70,2
41,70,2
42,70,2
43,70,2
44,70,2
45,70,2
46,70,2
47,70,0
48,70,0
49,70,0
50,70,3
51,70,3
52,70,3
53,70,3
54,70,3
55,70,3
56,70,3
57,70,3
58,70,3
59,70,3
60,70,3
61,70,3
62,70,3
63,70,3
64,70,3
65,70,3
66,70,3
67,70,3
68,70,3
69,70,3
70,70,3
71,70,3
72,70,3
73,70,3
74,70,3
75,70,3
76,70,3
77,70,3
78,70,3
79,70,3
80,70,3
81,70,3
82,70,3
83,70,3
84,70,0
85,70,0
86,70,0
87,70,0
88,70,1
89,70,1
90,70,1
91,70,1
92,70,1
93,70,1
94,70,1
95,70,1
96,70,1
97,70,1
98,70,1
99,70,1
100,70,1
101,70,1
102,70,1
103,70,1
104,70,1
105,70,1
106,70,1
107,70,1
108,70,1
109,70,1
110,70,1
111,70,1
112,70,1
113,70,1
114,70,1
115,70,1
116,70,1
117,70,1
118,70,1
119,70,1
120,70,1
121,70,1
122,70,1
123,70,1
124,70,1
125,70,1
126,70,1
127,70,1
128,70,1
129,70,1
130,70,1
131,70,1
132,70,1
133,70,1
134,70,1
135,70,1
136,70,1
137,70,1
138,70,1
139,70,1
140,70,1
141,70,1
142,70,1
143,70,1
144,70,1
145,70,1
146,70,1
147,70,1
148,70,1
149,70,1
150,70,1
151,70,1
152,70,1
153,70,1
154,70,1
155,70,1
156,70,1
157,70,1
158,70,1
159,70,1
160,70,1
161,70,1
162,70,1
163,70,1
164,70,1
165,70,1
166,70,1
167,70,1
168,70,1
169,70,1
170,70,1
171,70,1
172,70,1
173,70,1
174,70,1
175,70,1
176,70,1
177,70,1
178,70,1
179,70,1
180,70,1
181,70,1
182,70,1
183,70,1
184,70,1
185,70,1
186,70,1
187,70,1
188,70,1
189,70,1
190,70,1
191,70,1
192,70,1
193,70,1
194,70,1
195,70,1
196,70,1
197,70,1
198,70,1
199,70,1
200,70,1
201,70,1
202,70,1
203,70,1
204,70,1
205,70,1
206,70,1
207,70,1
208,70,1
209,70,1
210,70,1
211,70,1
212,70,1
213,70,1
214,70,1
215,70,1
216,70,1
217,70,1
218,70,1
219,70,1
220,70,1
221,70,1
222,70,1
223,70,1
224,70,1
225,70,1
226,70,1
227,70,1
228,70,1
229,70,1
230,70,1
231,70,1
232,70,1
233,70,1
234,70,1
235,70,1
236,70,1
237,70,1
238,70,1
239,70,1
240,70,1
241,70,1
242,70,1
243,70,1
244,70,1
245,70,1
246,70,1
247,70,1
248,70,1
249,70,1
250,70,1
251,70,1
252,70,1
253,70,1
254,70,1
255,70,1
256,70,1
257,70,1
258,70,1
259,70,1
260,70,1
261,70,1
262,70,1
263,70,1
264,70,1
265,70,1
266,70,1
267,70,1
268,70,1
269,70,1
270,70,1
271,70,1
272,70,1
273,70,1
274,70,1
275,70,1
276,70,0
277,70,0
278,70,0
279,70,0
280,70,0
281,70,0
282,70,0
283,70,0
284,70,0
285,70,0
286,70,0
287,70,0
288,70,0
289,70,0
290,70,0
291,70,0
1,71,0
2,71,0
3,71,0
4,71,0
5,71,0
6,71,0
7,71,0
8,71,0
9,71,0
10,71,0
11,71,0
12,71,0
13,71,0
14,71,0
15,71,0
16,71,0
17,71,0
18,71,0
19,71,0
20,71,0
21,71,0
22,71,0
23,71,2
24,71,2
25,71,2
26,71,2
27,71,2
28,71,2
29,71,2
30,71,2
31,71,2
32,71,2
33,71,2
34,71,2
35,71,2
36,71,2
37,71,2
38,71,2
39,71,2
40,71,2
41,71,2
42,71,2
43,71,2
44,71,2
45,71,2
46,71,2
47,71,0
48,71,0
49,71,0
50,71,3
51,71,3
52,71,3
53,71,3
54,71,3
55,71,3
56,71,3
57,71,3
58,71,3
59,71,3
60,71,3
61,71,3
62,71,3
63,71,3
64,71,3
65,71,3
66,71,3
67,71,3
68,71,3
69,71,3
70,71,3
71,71,3
72,71,3
73,71,3
74,71,3
75,71,3
76,71,3
77,71,3
78,71,3
79,71,3
80,71,3
81,71,3
82,71,3
83,71,3
84,71,0
85,71,1
86,71,1
87,71,1
88,71,1
89,71,1
90,71,1
91,71,1
92,71,1
93,71,1
94,71,1
95,71,1
96,71,1
97,71,1
98,71,1
99,71,1
100,71,1
101,71,1
102,71,1
103,71,1
104,71,1
105,71,1
106,71,1
107,71,1
108,71,1
109,71,1
110,71,1
111,71,1
112,71,1
113,71,1
114,71,1
115,71,1
116,71,1
117,71,1
118,71,1
119,71,1
120,71,1
121,71,1
122,71,1
123,71,1
124,71,1
125,71,1
126,71,1
127,71,1
128,71,1
129,71,1
130,71,1
131,71,1
132,71,1
133,71,1
134,71,1
135,71,1
136,71,1
137,71,1
138,71,1
139,71,1
140,71,1
141,71,1
142,71,1
143,71,1
144,71,1
145,71,1
146,71,1
147,71,1
148,71,1
149,71,1
150,71,1
151,71,1
152,71,1
153,71,1
154,71,1
155,71,1
156,71,1
157,71,1
158,71,1
159,71,1
160,71,1
161,71,1
162,71,1
163,71,1
164,71,1
165,71,1
166,71,1
167,71,1
168,71,1
169,71,1
170,71,1
171,71,1
172,71,1
173,71,1
174,71,1
175,71,1
176,71,1
177,71,1
178,71,1
179,71,1
180,71,1
181,71,1
182,71,1
183,71,1
184,71,1
185,71,1
186,71,1
187,71,1
188,71,1
189,71,1
190,71,1
191,71,1
192,71,1
193,71,1
194,71,1
195,71,1
196,71,1
197,71,1
198,71,1
199,71,1
200,71,1
201,71,1
202,71,1
203,71,1
204,71,1
205,71,1
206,71,1
207,71,1
208,71,1
209,71,1
210,71,1
211,71,1
212,71,1
213,71,1
214,71,1
215,71,1
216,71,1
217,71,1
218,71,1
219,71,1
220,71,1
221,71,1
222,71,1
223,71,1
224,71,1
225,71,1
226,71,1
227,71,1
228,71,1
229,71,1
230,71,1
231,71,1
232,71,1
233,71,1
234,71,1
235,71,1
236,71,1
237,71,1
238,71,1
239,71,1
240,71,1
241,71,1
242,71,1
243,71,1
244,71,1
245,71,1
246,71,1
247,71,1
248,71,1
249,71,1
250,71,1
251,71,1
252,71,1
253,71,1
254,71,1
255,71,1
256,71,1
257,71,1
258,71,1
259,71,1
260,71,1
261,71,1
262,71,1
263,71,1
264,71,1
265,71,1
266,71,1
267,71,1
268,71,1
269,71,1
270,71,1
271,71,1
272,71,1
273,71,1
274,71,1
275,71,1
276,71,0
277,71,0
278,71,0
279,71,0
280,71,0
281,71,0
282,71,0
283,71,0
284,71,0
285,71,0
286,71,0
287,71,0
288,71,0
289,71,0
290,71,0
291,71,0
1,72,0
2,72,0
3,72,0
4,72,0
5,72,0
6,72,0
7,72,0
8,72,0
9,72,0
10,72,0
11,72,0
12,72,0
13,72,0
14,72,0
15,72,0
16,72,0
17,72,0
18,72,0
19,72,0
20,72,0
21,72,0
22,72,0
23,72,0
24,72,0
25,72,2
26,72,2
27,72,2
28,72,2
29,72,2
30,72,2
31,72,2
32,72,2
33,72,2
34,72,2
35,72,2
36,72,2
37,72,2
38,72,2
39,72,2
40,72,2
41,72,2
42,72,2
43,72,2
44,72,2
45,72,2
46,72,2
47,72,0
48,72,0
49,72,0
50,72,3
51,72,3
52,72,3
53,72,3
54,72,3
55,72,3
56,72,3
57,72,3
58,72,3
59,72,3
60,72,3
61,72,3
62,72,3
63,72,3
64,72,3
65,72,3
66,72,3
67,72,3
68,72,3
69,72,3
70,72,3
71,72,3
72,72,3
73,72,3
74,72,3
75,72,3
76,72,3
77,72,3
78,72,3
79,72,3
80,72,3
81,72,3
82,72,0
83,72,0
84,72,0
85,72,1
86,72,1
87,72,1
88,72,1
89,72,1
90,72,1
91,72,1
92,72,1
93,72,1
94,72,1
95,72,1
96,72,1
97,72,1
98,72,1
99,72,1
100,72,1
101,72,1
102,72,1
103,72,1
104,72,1
105,72,1
106,72,1
107,72,1
108,72,1
109,72,1
110,72,1
111,72,1
112,72,1
113,72,1
114,72,1
115,72,1
116,72,1
117,72,1
118,72,1
119,72,1
120,72,1
121,72,1
122,72,1
123,72,1
124,72,1
125,72,1
126,72,1
127,72,1
128,72,1
129,72,1
130,72,1
131,72,1
132,72,1
133,72,1
134,72,1
135,72,1
136,72,1
137,72,1
138,72,1
139,72,1
140,72,1
141,72,1
142,72,1
143,72,1
144,72,1
145,72,1
146,72,1
147,72,1
148,72,1
149,72,1
150,72,1
151,72,1
152,72,1
153,72,1
154,72,1
155,72,1
156,72,1
157,72,1
158,72,1
159,72,1
160,72,1
161,72,1
162,72,1
163,72,1
164,72,1
165,72,1
166,72,1
167,72,1
168,72,1
169,72,1
170,72,1
171,72,1
172,72,1
173,72,1
174,72,1
175,72,1
176,72,1
177,72,1
178,72,1
179,72,1
180,72,1
181,72,1
182,72,1
183,72,1
184,72,1
185,72,1
186,72,1
187,72,1
188,72,1
189,72,1
190,72,1
191,72,1
192,72,1
193,72,1
194,72,1
195,72,1
196,72,1
197,72,1
198,72,1
199,72,1
200,72,1
201,72,1
202,72,1
203,72,1
204,72,1
205,72,1
206,72,1
207,72,1
208,72,1
209,72,1
210,72,1
211,72,1
212,72,1
213,72,1
214,72,1
215,72,1
216,72,1
217,72,1
218,72,1
219,72,1
220,72,1
221,72,1
222,72,1
223,72,1
224,72,1
225,72,1
226,72,1
227,72,1
228,72,1
229,72,1
230,72,1
231,72,1
232,72,1
233,72,1
234,72,1
235,72,1
236,72,1
237,72,1
238,72,1
239,72,1
240,72,1
241,72,1
242,72,1
243,72,1
244,72,1
245,72,1
246,72,1
247,72,1
248,72,1
249,72,1
250,72,1
251,72,1
252,72,1
253,72,1
254,72,1
255,72,1
256,72,1
257,72,1
258,72,1
259,72,1
260,72,1
261,72,1
262,72,1
263,72,1
264,72,1
265,72,1
266,72,1
267,72,1
268,72,1
269,72,1
270,72,1
271,72,1
272,72,1
273,72,1
274,72,1
275,72,1
276,72,0
277,72,0
278,72,0
279,72,0
280,72,0
281,72,0
282,72,0
283,72,0
284,72,0
285,72,0
286,72,0
287,72,0
288,72,0
289,72,0
290,72,0
291,72,0
1,73,0
2,73,0
3,73,0
4,73,0
5,73,0
6,73,0
7,73,0
8,73,0
9,73,0
10,73,0
11,73,0
12,73,0
13,73,0
14,73,0
15,73,0
16,73,0
17,73,0
18,73,0
19,73,0
20,73,0
21,73,0
22,73,0
23,73,0
24,73,2
25,73,2
26,73,2
27,73,2
28,73,2
29,73,2
30,73,2
31,73,2
32,73,2
33,73,2
34,73,2
35,73,2
36,73,2
37,73,2
38,73,2
39,73,2
40,73,2
41,73,2
42,73,2
43,73,2
44,73,2
45,73,2
46,73,2
47,73,0
48,73,0
49,73,0
50,73,3
51,73,3
52,73,3
53,73,3
54,73,3
55,73,3
56,73,3
57,73,3
58,73,3
59,73,3
60,73,3
61,73,3
62,73,3
63,73,3
64,73,3
65,73,3
66,73,3
67,73,3
68,73,3
69,73,3
70,73,3
71,73,3
72,73,3
73,73,3
74,73,3
75,73,3
76,73,3
77,73,3
78,73,3
79,73,3
80,73,3
81,73,3
82,73,0
83,73,0
84,73,1
85,73,1
86,73,1
87,73,1
88,73,1
89,73,1
90,73,1
91,73,1
92,73,1
93,73,1
94,73,1
95,73,1
96,73,1
97,73,1
98,73,1
99,73,1
100,73,1
101,73,1
102,73,1
103,73,1
104,73,1
105,73,1
106,73,1
107,73,1
108,73,1
109,73,1
110,73,1
111,73,1
112,73,1
113,73,1
114,73,1
115,73,1
116,73,1
117,73,1
118,73,1
119,73,1
120,73,1
121,73,1
122,73,1
123,73,1
124,73,1
125,73,1
126,73,1
127,73,1
128,73,1
129,73,1
130,73,1
131,73,1
132,73,1
133,73,1
134,73,1
135,73,1
136,73,1
137,73,1
138,73,1
139,73,1
140,73,1
141,73,1
142,73,1
143,73,1
144,73,1
145,73,1
146,73,1
147,73,1
148,73,1
149,73,1
150,73,1
151,73,1
152,73,1
153,73,1
154,73,1
155,73,1
156,73,1
157,73,1
158,73,1
159,73,1
160,73,1
161,73,1
162,73,1
163,73,1
164,73,1
165,73,1
166,73,1
167,73,1
168,73,1
169,73,1
170,73,1
171,73,1
172,73,1
173,73,1
174,73,1
175,73,1
176,73,1
177,73,1
178,73,1
179,73,1
180,73,1
181,73,1
182,73,1
183,73,1
184,73,1
185,73,1
186,73,1
187,73,1
188,73,1
189,73,1
190,73,1
191,73,1
192,73,1
193,73,1
194,73,1
195,73,1
196,73,1
197,73,1
198,73,1
199,73,1
200,73,1
201,73,1
202,73,1
203,73,1
204,73,1
205,73,1
206,73,1
207,73,1
208,73,1
209,73,1
210,73,1
211,73,1
212,73,1
213,73,1
214,73,1
215,73,1
216,73,1
217,73,1
218,73,1
219,73,1
220,73,1
221,73,1
222,73,1
223,73,1
224,73,1
225,73,1
226,73,1
227,73,1
228,73,1
229,73,1
230,73,1
231,73,1
232,73,1
233,73,1
234,73,1
235,73,1
236,73,1
237,73,1
238,73,1
239,73,1
240,73,1
241,73,1
242,73,1
243,73,1
244,73,1
245,73,1
246,73,1
247,73,1
248,73,1
249,73,1
250,73,1
251,73,1
252,73,1
253,73,1
254,73,1
255,73,1
256,73,1
257,73,1
258,73,1
259,73,1
260,73,1
261,73,1
262,73,1
263,73,1
264,73,1
265,73,1
266,73,1
267,73,1
268,73,1
269,73,1
270,73,1
271,73,1
272,73,1
273,73,1
274,73,1
275,73,1
276,73,0
277,73,0
278,73,0
279,73,0
280,73,0
281,73,0
282,73,0
283,73,0
284,73,0
285,73,0
286,73,0
287,73,0
288,73,0
289,73,0
290,73,0
291,73,0
1,74,0
2,74,0
3,74,0
4,74,0
5,74,0
6,74,0
7,74,0
8,74,0
9,74,0
10,74,0
11,74,0
12,74,0
13,74,0
14,74,0
15,74,0
16,74,0
17,74,0
18,74,0
19,74,0
20,74,0
21,74,0
22,74,0
23,74,0
24,74,2
25,74,2
26,74,2
27,74,2
28,74,2
29,74,2
30,74,2
31,74,2
32,74,2
33,74,2
34,74,2
35,74,2
36,74,2
37,74,2
38,74,2
39,74,2
40,74,2
41,74,2
42,74,2
43,74,2
44,74,2
45,74,2
46,74,2
47,74,0
48,74,0
49,74,0
50,74,3
51,74,3
52,74,3
53,74,3
54,74,3
55,74,3
56,74,3
57,74,3
58,74,3
59,74,3
60,74,3
61,74,3
62,74,3
63,74,3
64,74,3
65,74,3
66,74,3
67,74,3
68,74,3
69,74,3
70,74,3
71,74,3
72,74,3
73,74,3
74,74,3
75,74,3
76,74,3
77,74,3
78,74,3
79,74,3
80,74,3
81,74,0
82,74,0
83,74,1
84,74,1
85,74,1
86,74,1
87,74,1
88,74,1
89,74,1
90,74,1
91,74,1
92,74,1
93,74,1
94,74,1
95,74,1
96,74,1
97,74,1
98,74,1
99,74,1
100,74,1
101,74,1
102,74,1
103,74,1
104,74,1
105,74,1
106,74,1
107,74,1
108,74,1
109,74,1
110,74,1
111,74,1
112,74,1
113,74,1
114,74,1
115,74,1
116,74,1
117,74,1
118,74,1
119,74,1
120,74,1
121,74,1
122,74,1
123,74,1
124,74,1
125,74,1
126,74,1
127,74,1
128,74,1
129,74,1
130,74,1
131,74,1
132,74,1
133,74,1
134,74,1
135,74,1
136,74,1
137,74,1
138,74,1
139,74,1
140,74,1
141,74,1
142,74,1
143,74,1
144,74,1
145,74,1
146,74,1
147,74,1
148,74,1
149,74,1
150,74,1
151,74,1
152,74,1
153,74,1
154,74,1
155,74,1
156,74,1
157,74,1
158,74,1
159,74,1
160,74,1
161,74,1
162,74,1
163,74,1
164,74,1
165,74,1
166,74,1
167,74,1
168,74,1
169,74,1
170,74,1
171,74,1
172,74,1
173,74,1
174,74,1
175,74,1
176,74,1
177,74,1
178,74,1
179,74,1
180,74,1
181,74,1
182,74,1
183,74,1
184,74,1
185,74,1
186,74,1
187,74,1
188,74,1
189,74,1
190,74,1
191,74,1
192,74,1
193,74,1
194,74,1
195,74,1
196,74,1
197,74,1
198,74,1
199,74,1
200,74,1
201,74,1
202,74,1
203,74,1
204,74,1
205,74,1
206,74,1
207,74,1
208,74,1
209,74,1
210,74,1
211,74,1
212,74,1
213,74,1
214,74,1
215,74,1
216,74,1
217,74,1
218,74,1
219,74,1
220,74,1
221,74,1
222,74,1
223,74,1
224,74,1
225,74,1
226,74,1
227,74,1
228,74,1
229,74,1
230,74,1
231,74,1
232,74,1
233,74,1
234,74,1
235,74,1
236,74,1
237,74,1
238,74,1
239,74,1
240,74,1
241,74,1
242,74,1
243,74,1
244,74,1
245,74,1
246,74,1
247,74,1
248,74,1
249,74,1
250,74,1
251,74,1
252,74,1
253,74,1
254,74,1
255,74,1
256,74,1
257,74,1
258,74,1
259,74,1
260,74,1
261,74,1
262,74,1
263,74,1
264,74,1
265,74,1
266,74,1
267,74,1
268,74,1
269,74,1
270,74,1
271,74,1
272,74,1
273,74,1
274,74,1
275,74,1
276,74,0
277,74,0
278,74,0
279,74,0
280,74,0
281,74,0
282,74,0
283,74,0
284,74,0
285,74,0
286,74,0
287,74,0
288,74,0
289,74,0
290,74,0
291,74,0
1,75,0
2,75,0
3,75,0
4,75,0
5,75,0
6,75,0
7,75,0
8,75,0
9,75,0
10,75,0
11,75,0
12,75,0
13,75,0
14,75,0
15,75,0
16,75,0
17,75,0
18,75,0
19,75,0
20,75,0
21,75,0
22,75,0
23,75,0
24,75,2
25,75,2
26,75,2
27,75,2
28,75,2
29,75,2
30,75,2
31,75,2
32,75,2
33,75,2
34,75,2
35,75,2
36,75,2
37,75,2
38,75,2
39,75,2
40,75,2
41,75,2
42,75,2
43,75,2
44,75,2
45,75,2
46,75,2
47,75,0
48,75,0
49,75,0
50,75,3
51,75,3
52,75,3
53,75,3
54,75,3
55,75,3
56,75,3
57,75,3
58,75,3
59,75,3
60,75,3
61,75,3
62,75,3
63,75,3
64,75,3
65,75,3
66,75,3
67,75,3
68,75,3
69,75,3
70,75,3
71,75,3
72,75,3
73,75,3
74,75,3
75,75,3
76,75,3
77,75,3
78,75,3
79,75,3
80,75,0
81,75,0
82,75,1
83,75,1
84,75,1
85,75,1
86,75,1
87,75,1
88,75,1
89,75,1
90,75,1
91,75,1
92,75,1
93,75,1
94,75,1
95,75,1
96,75,1
97,75,1
98,75,1
99,75,1
100,75,1
101,75,1
102,75,1
103,75,1
104,75,1
105,75,1
106,75,1
107,75,1
108,75,1
109,75,1
110,75,1
111,75,1
112,75,1
113,75,1
114,75,1
115,75,1
116,75,1
117,75,1
118,75,1
119,75,1
120,75,1
121,75,1
122,75,1
123,75,1
124,75,1
125,75,1
126,75,1
127,75,1
128,75,1
129,75,1
130,75,1
131,75,1
132,75,1
133,75,1
134,75,1
135,75,1
136,75,1
137,75,1
138,75,1
139,75,1
140,75,1
141,75,1
142,75,1
143,75,1
144,75,1
145,75,1
146,75,1
147,75,1
148,75,1
149,75,1
150,75,1
151,75,1
152,75,1
153,75,1
154,75,1
155,75,1
156,75,1
157,75,1
158,75,1
159,75,1
160,75,1
161,75,1
162,75,1
163,75,1
164,75,1
165,75,1
166,75,1
167,75,1
168,75,1
169,75,1
170,75,1
171,75,1
172,75,1
173,75,1
174,75,1
175,75,1
176,75,1
177,75,1
178,75,1
179,75,1
180,75,1
181,75,1
182,75,1
183,75,1
184,75,1
185,75,1
186,75,1
187,75,1
188,75,1
189,75,1
190,75,1
191,75,1
192,75,1
193,75,1
194,75,1
195,75,1
196,75,1
197,75,1
198,75,1
199,75,1
200,75,1
201,75,1
202,75,1
203,75,1
204,75,1
205,75,1
206,75,1
207,75,1
208,75,1
209,75,1
210,75,1
211,75,1
212,75,1
213,75,1
214,75,1
215,75,1
216,75,1
217,75,1
218,75,1
219,75,1
220,75,1
221,75,1
222,75,1
223,75,1
224,75,1
225,75,1
226,75,1
227,75,1
228,75,1
229,75,1
230,75,1
231,75,1
232,75,1
233,75,1
234,75,1
235,75,1
236,75,1
237,75,1
238,75,1
239,75,1
240,75,1
241,75,1
242,75,1
243,75,1
244,75,1
245,75,1
246,75,0
247,75,0
248,75,0
249,75,0
250,75,0
251,75,0
252,75,0
253,75,0
254,75,0
255,75,0
256,75,0
257,75,0
258,75,0
259,75,0
260,75,1
261,75,1
262,75,1
263,75,1
264,75,1
265,75,1
266,75,1
267,75,1
268,75,1
269,75,1
270,75,1
271,75,1
272,75,1
273,75,1
274,75,1
275,75,1
276,75,0
277,75,0
278,75,0
279,75,0
280,75,0
281,75,0
282,75,0
283,75,0
284,75,0
285,75,0
286,75,0
287,75,0
288,75,0
289,75,0
290,75,0
291,75,0
1,76,0
2,76,0
3,76,0
4,76,0
5,76,0
6,76,0
7,76,0
8,76,0
9,76,0
10,76,0
11,76,0
12,76,0
13,76,0
14,76,0
15,76,0
16,76,0
17,76,0
18,76,0
19,76,0
20,76,0
21,76,0
22,76,0
23,76,0
24,76,2
25,76,2
26,76,2
27,76,2
28,76,2
29,76,2
30,76,2
31,76,2
32,76,2
33,76,2
34,76,2
35,76,2
36,76,2
37,76,2
38,76,2
39,76,2
40,76,2
41,76,2
42,76,2
43,76,2
44,76,2
45,76,2
46,76,2
47,76,0
48,76,0
49,76,0
50,76,3
51,76,3
52,76,3
53,76,3
54,76,3
55,76,3
56,76,3
57,76,3
58,76,3
59,76,3
60,76,3
61,76,3
62,76,3
63,76,3
64,76,3
65,76,3
66,76,3
67,76,3
68,76,3
69,76,3
70,76,3
71,76,3
72,76,3
73,76,3
74,76,3
75,76,3
76,76,3
77,76,3
78,76,3
79,76,0
80,76,0
81,76,1
82,76,1
83,76,1
84,76,1
85,76,1
86,76,1
87,76,1
88,76,1
89,76,1
90,76,1
91,76,1
92,76,1
93,76,1
94,76,1
95,76,1
96,76,1
97,76,1
98,76,1
99,76,1
100,76,1
101,76,1
102,76,1
103,76,1
104,76,1
105,76,1
106,76,1
107,76,1
108,76,1
109,76,1
110,76,1
111,76,1
112,76,1
113,76,1
114,76,1
115,76,1
116,76,1
117,76,1
118,76,1
119,76,1
120,76,1
121,76,1
122,76,1
123,76,1
124,76,1
125,76,1
126,76,1
127,76,1
128,76,1
129,76,1
130,76,1
131,76,1
132,76,1
133,76,1
134,76,1
135,76,1
136,76,1
137,76,1
138,76,1
139,76,1
140,76,1
141,76,1
142,76,1
143,76,1
144,76,1
145,76,1
146,76,1
147,76,1
148,76,1
149,76,1
150,76,1
151,76,1
152,76,1
153,76,1
154,76,1
155,76,1
156,76,1
157,76,1
158,76,1
159,76,1
160,76,1
161,76,1
162,76,1
163,76,1
164,76,1
165,76,1
166,76,1
167,76,1
168,76,1
169,76,1
170,76,1
171,76,1
172,76,1
173,76,1
174,76,1
175,76,1
176,76,1
177,76,1
178,76,1
179,76,1
180,76,1
181,76,1
182,76,1
183,76,1
184,76,1
185,76,1
186,76,1
187,76,1
188,76,1
189,76,1
190,76,1
191,76,1
192,76,1
193,76,1
194,76,1
195,76,1
196,76,1
197,76,1
198,76,1
199,76,1
200,76,1
201,76,1
202,76,1
203,76,1
204,76,1
205,76,1
206,76,1
207,76,1
208,76,1
209,76,1
210,76,1
211,76,1
212,76,1
213,76,1
214,76,1
215,76,1
216,76,1
217,76,1
218,76,1
219,76,1
220,76,1
221,76,1
222,76,1
223,76,1
224,76,1
225,76,1
226,76,1
227,76,1
228,76,1
229,76,1
230,76,1
231,76,1
232,76,1
233,76,1
234,76,1
235,76,1
236,76,1
237,76,1
238,76,1
239,76,1
240,76,1
241,76,1
242,76,1
243,76,1
244,76,1
245,76,1
246,76,0
247,76,0
248,76,0
249,76,0
250,76,0
251,76,0
252,76,0
253,76,0
254,76,0
255,76,0
256,76,0
257,76,0
258,76,0
259,76,0
260,76,0
261,76,0
262,76,0
263,76,1
264,76,1
265,76,1
266,76,1
267,76,1
268,76,1
269,76,1
270,76,1
271,76,1
272,76,1
273,76,1
274,76,1
275,76,1
276,76,0
277,76,0
278,76,0
279,76,0
280,76,0
281,76,0
282,76,0
283,76,0
284,76,0
285,76,0
286,76,0
287,76,0
288,76,0
289,76,0
290,76,0
291,76,0
1,77,0
2,77,0
3,77,0
4,77,0
5,77,0
6,77,0
7,77,0
8,77,0
9,77,0
10,77,0
11,77,0
12,77,0
13,77,0
14,77,0
15,77,0
16,77,0
17,77,0
18,77,0
19,77,0
20,77,0
21,77,0
22,77,0
23,77,0
24,77,0
25,77,2
26,77,2
27,77,2
28,77,2
29,77,2
30,77,2
31,77,2
32,77,2
33,77,2
34,77,2
35,77,2
36,77,2
37,77,2
38,77,2
39,77,2
40,77,2
41,77,2
42,77,2
43,77,2
44,77,2
45,77,2
46,77,2
47,77,0
48,77,0
49,77,0
50,77,3
51,77,3
52,77,3
53,77,3
54,77,3
55,77,3
56,77,3
57,77,3
58,77,3
59,77,3
60,77,3
61,77,3
62,77,3
63,77,3
64,77,3
65,77,3
66,77,3
67,77,3
68,77,3
69,77,3
70,77,3
71,77,3
72,77,3
73,77,3
74,77,3
75,77,3
76,77,3
77,77,3
78,77,0
79,77,0
80,77,1
81,77,1
82,77,1
83,77,1
84,77,1
85,77,1
86,77,1
87,77,1
88,77,1
89,77,1
90,77,1
91,77,1
92,77,1
93,77,1
94,77,1
95,77,1
96,77,1
97,77,1
98,77,1
99,77,1
100,77,1
101,77,1
102,77,1
103,77,1
104,77,1
105,77,1
106,77,1
107,77,1
108,77,1
109,77,1
110,77,1
111,77,1
112,77,1
113,77,1
114,77,1
115,77,1
116,77,1
117,77,1
118,77,1
119,77,1
120,77,1
121,77,1
122,77,1
123,77,1
124,77,1
125,77,1
126,77,1
127,77,1
128,77,1
129,77,1
130,77,1
131,77,1
132,77,1
133,77,1
134,77,1
135,77,1
136,77,1
137,77,1
138,77,1
139,77,1
140,77,1
141,77,1
142,77,1
143,77,1
144,77,1
145,77,1
146,77,1
147,77,1
148,77,1
149,77,1
150,77,1
151,77,1
152,77,1
153,77,1
154,77,1
155,77,1
156,77,1
157,77,1
158,77,1
159,77,1
160,77,1
161,77,1
162,77,1
163,77,1
164,77,1
165,77,1
166,77,1
167,77,1
168,77,1
169,77,1
170,77,1
171,77,1
172,77,1
173,77,1
174,77,1
175,77,1
176,77,1
177,77,1
178,77,1
179,77,1
180,77,1
181,77,1
182,77,1
183,77,1
184,77,1
185,77,1
186,77,1
187,77,1
188,77,1
189,77,1
190,77,1
191,77,1
192,77,1
193,77,1
194,77,1
195,77,1
196,77,1
197,77,1
198,77,1
199,77,1
200,77,1
201,77,1
202,77,1
203,77,1
204,77,1
205,77,1
206,77,1
207,77,1
208,77,1
209,77,1
210,77,1
211,77,1
212,77,1
213,77,1
214,77,1
215,77,1
216,77,1
217,77,1
218,77,1
219,77,1
220,77,1
221,77,1
222,77,1
223,77,1
224,77,1
225,77,1
226,77,1
227,77,1
228,77,1
229,77,1
230,77,1
231,77,1
232,77,1
233,77,1
234,77,1
235,77,1
236,77,1
237,77,1
238,77,1
239,77,1
240,77,1
241,77,1
242,77,1
243,77,1
244,77,1
245,77,0
246,77,0
247,77,0
248,77,0
249,77,0
250,77,0
251,77,0
252,77,0
253,77,0
254,77,0
255,77,0
256,77,0
257,77,0
258,77,0
259,77,0
260,77,0
261,77,0
262,77,0
263,77,0
264,77,1
265,77,1
266,77,1
267,77,1
268,77,1
269,77,1
270,77,1
271,77,1
272,77,1
273,77,1
274,77,0
275,77,0
276,77,0
277,77,0
278,77,0
279,77,0
280,77,0
281,77,0
282,77,0
283,77,0
284,77,0
285,77,0
286,77,0
287,77,0
288,77,0
289,77,0
290,77,0
291,77,0
1,78,0
2,78,0
3,78,0
4,78,0
5,78,0
6,78,0
7,78,0
8,78,0
9,78,0
10,78,0
11,78,0
12,78,0
13,78,0
14,78,0
15,78,0
16,78,0
17,78,0
18,78,0
19,78,0
20,78,0
21,78,0
22,78,0
23,78,0
24,78,0
25,78,2
26,78,2
27,78,2
28,78,2
29,78,2
30,78,2
31,78,2
32,78,2
33,78,2
34,78,2
35,78,2
36,78,2
37,78,2
38,78,2
39,78,2
40,78,2
41,78,2
42,78,2
43,78,2
44,78,2
45,78,2
46,78,2
47,78,0
48,78,0
49,78,0
50,78,3
51,78,3
52,78,3
53,78,3
54,78,3
55,78,3
56,78,3
57,78,3
58,78,3
59,78,3
60,78,3
61,78,3
62,78,3
63,78,3
64,78,3
65,78,3
66,78,3
67,78,3
68,78,3
69,78,3
70,78,3
71,78,3
72,78,3
73,78,3
74,78,3
75,78,3
76,78,3
77,78,0
78,78,0
79,78,1
80,78,1
81,78,1
82,78,1
83,78,1
84,78,1
85,78,1
86,78,1
87,78,1
88,78,1
89,78,1
90,78,1
91,78,1
92,78,1
93,78,1
94,78,1
95,78,1
96,78,1
97,78,1
98,78,1
99,78,1
100,78,1
101,78,1
102,78,1
103,78,1
104,78,1
105,78,1
106,78,1
107,78,1
108,78,1
109,78,1
110,78,1
111,78,1
112,78,1
113,78,1
114,78,1
115,78,1
116,78,1
117,78,1
118,78,1
119,78,1
120,78,1
121,78,1
122,78,1
123,78,1
124,78,1
125,78,1
126,78,1
127,78,1
128,78,1
129,78,1
130,78,1
131,78,1
132,78,1
133,78,1
134,78,1
135,78,1
136,78,1
137,78,1
138,78,1
139,78,1
140,78,1
141,78,1
142,78,1
143,78,1
144,78,1
145,78,1
146,78,1
147,78,1
148,78,1
149,78,1
150,78,1
151,78,1
152,78,1
153,78,1
154,78,1
155,78,1
156,78,1
157,78,1
158,78,1
159,78,1
160,78,1
161,78,1
162,78,1
163,78,1
164,78,1
165,78,1
166,78,1
167,78,1
168,78,1
169,78,1
170,78,1
171,78,1
172,78,1
173,78,1
174,78,1
175,78,1
176,78,1
177,78,1
178,78,1
179,78,1
180,78,1
181,78,1
182,78,1
183,78,1
184,78,1
185,78,1
186,78,1
187,78,1
188,78,1
189,78,1
190,78,1
191,78,1
192,78,1
193,78,1
194,78,1
195,78,1
196,78,1
197,78,1
198,78,1
199,78,1
200,78,1
201,78,1
202,78,1
203,78,1
204,78,1
205,78,1
206,78,1
207,78,1
208,78,1
209,78,1
210,78,1
211,78,1
212,78,1
213,78,1
214,78,1
215,78,1
216,78,1
217,78,1
218,78,1
219,78,1
220,78,1
221,78,1
222,78,1
223,78,1
224,78,1
225,78,1
226,78,1
227,78,1
228,78,1
229,78,1
230,78,1
231,78,1
232,78,1
233,78,1
234,78,1
235,78,1
236,78,1
237,78,1
238,78,1
239,78,1
240,78,1
241,78,1
242,78,1
243,78,1
244,78,1
245,78,0
246,78,0
247,78,0
248,78,0
249,78,0
250,78,0
251,78,0
252,78,0
253,78,0
254,78,0
255,78,0
256,78,0
257,78,0
258,78,0
259,78,0
260,78,0
261,78,0
262,78,0
263,78,0
264,78,0
265,78,1
266,78,1
267,78,1
268,78,1
269,78,1
270,78,1
271,78,0
272,78,0
273,78,0
274,78,0
275,78,0
276,78,0
277,78,0
278,78,0
279,78,0
280,78,0
281,78,0
282,78,0
283,78,0
284,78,0
285,78,0
286,78,0
287,78,0
288,78,0
289,78,0
290,78,0
291,78,0
1,79,0
2,79,0
3,79,0
4,79,0
5,79,0
6,79,0
7,79,0
8,79,0
9,79,0
10,79,0
11,79,0
12,79,0
13,79,0
14,79,0
15,79,0
16,79,0
17,79,0
18,79,0
19,79,0
20,79,0
21,79,0
22,79,0
23,79,0
24,79,0
25,79,2
26,79,2
27,79,2
28,79,2
29,79,2
30,79,2
31,79,2
32,79,2
33,79,2
34,79,2
35,79,2
36,79,2
37,79,2
38,79,2
39,79,2
40,79,2
41,79,2
42,79,2
43,79,2
44,79,2
45,79,2
46,79,2
47,79,0
48,79,0
49,79,0
50,79,3
51,79,3
52,79,3
53,79,3
54,79,3
55,79,3
56,79,3
57,79,3
58,79,3
59,79,3
60,79,3
61,79,3
62,79,3
63,79,3
64,79,3
65,79,3
66,79,3
67,79,3
68,79,3
69,79,3
70,79,3
71,79,3
72,79,3
73,79,3
74,79,3
75,79,3
76,79,3
77,79,0
78,79,1
79,79,1
80,79,1
81,79,1
82,79,1
83,79,1
84,79,1
85,79,1
86,79,1
87,79,1
88,79,1
89,79,1
90,79,1
91,79,1
92,79,1
93,79,1
94,79,1
95,79,1
96,79,1
97,79,1
98,79,1
99,79,1
100,79,1
101,79,1
102,79,1
103,79,1
104,79,1
105,79,1
106,79,1
107,79,1
108,79,1
109,79,1
110,79,1
111,79,1
112,79,1
113,79,1
114,79,1
115,79,1
116,79,1
117,79,1
118,79,1
119,79,1
120,79,1
121,79,1
122,79,1
123,79,1
124,79,1
125,79,1
126,79,1
127,79,1
128,79,1
129,79,1
130,79,1
131,79,1
132,79,1
133,79,1
134,79,1
135,79,1
136,79,1
137,79,1
138,79,1
139,79,1
140,79,1
141,79,1
142,79,1
143,79,1
144,79,1
145,79,1
146,79,1
147,79,1
148,79,1
149,79,1
150,79,1
151,79,1
152,79,1
153,79,1
154,79,1
155,79,1
156,79,1
157,79,1
158,79,1
159,79,1
160,79,1
161,79,1
162,79,1
163,79,1
164,79,1
165,79,1
166,79,1
167,79,1
168,79,1
169,79,1
170,79,1
171,79,1
172,79,1
173,79,1
174,79,1
175,79,1
176,79,1
177,79,1
178,79,1
179,79,1
180,79,1
181,79,1
182,79,1
183,79,1
184,79,1
185,79,1
186,79,1
187,79,1
188,79,1
189,79,1
190,79,1
191,79,1
192,79,1
193,79,1
194,79,1
195,79,1
196,79,1
197,79,1
198,79,1
199,79,1
200,79,1
201,79,1
202,79,1
203,79,1
204,79,1
205,79,1
206,79,1
207,79,1
208,79,1
209,79,1
210,79,1
211,79,1
212,79,1
213,79,1
214,79,1
215,79,1
216,79,1
217,79,1
218,79,1
219,79,1
220,79,1
221,79,1
222,79,1
223,79,1
224,79,1
225,79,1
226,79,1
227,79,1
228,79,1
229,79,1
230,79,1
231,79,1
232,79,1
233,79,1
234,79,1
235,79,1
236,79,1
237,79,1
238,79,1
239,79,1
240,79,1
241,79,1
242,79,1
243,79,1
244,79,1
245,79,0
246,79,0
247,79,0
248,79,0
249,79,0
250,79,0
251,79,0
252,79,0
253,79,0
254,79,0
255,79,0
256,79,0
257,79,0
258,79,0
259,79,0
260,79,0
261,79,0
262,79,0
263,79,0
264,79,0
265,79,0
266,79,0
267,79,1
268,79,1
269,79,1
270,79,0
271,79,0
272,79,0
273,79,0
274,79,0
275,79,0
276,79,0
277,79,0
278,79,0
279,79,0
280,79,0
281,79,0
282,79,0
283,79,0
284,79,0
285,79,0
286,79,0
287,79,0
288,79,0
289,79,0
290,79,0
291,79,0
1,80,0
2,80,0
3,80,0
4,80,0
5,80,0
6,80,0
7,80,0
8,80,0
9,80,0
10,80,0
11,80,0
12,80,0
13,80,0
14,80,0
15,80,0
16,80,0
17,80,0
18,80,0
19,80,0
20,80,0
21,80,0
22,80,0
23,80,0
24,80,0
25,80,2
26,80,2
27,80,2
28,80,2
29,80,2
30,80,2
31,80,2
32,80,2
33,80,2
34,80,2
35,80,2
36,80,2
37,80,2
38,80,2
39,80,2
40,80,2
41,80,2
42,80,2
43,80,2
44,80,2
45,80,2
46,80,2
47,80,0
48,80,0
49,80,0
50,80,3
51,80,3
52,80,3
53,80,3
54,80,3
55,80,3
56,80,3
57,80,3
58,80,3
59,80,3
60,80,3
61,80,3
62,80,3
63,80,3
64,80,3
65,80,3
66,80,3
67,80,3
68,80,3
69,80,3
70,80,3
71,80,3
72,80,3
73,80,3
74,80,3
75,80,3
76,80,0
77,80,0
78,80,1
79,80,1
80,80,1
81,80,1
82,80,1
83,80,1
84,80,1
85,80,1
86,80,1
87,80,1
88,80,1
89,80,1
90,80,1
91,80,1
92,80,1
93,80,1
94,80,1
95,80,1
96,80,1
97,80,1
98,80,1
99,80,1
100,80,1
101,80,1
102,80,1
103,80,1
104,80,1
105,80,1
106,80,1
107,80,1
108,80,1
109,80,1
110,80,1
111,80,1
112,80,1
113,80,1
114,80,1
115,80,1
116,80,1
117,80,1
118,80,1
119,80,1
120,80,1
121,80,1
122,80,1
123,80,1
124,80,1
125,80,1
126,80,1
127,80,1
128,80,1
129,80,1
130,80,1
131,80,1
132,80,1
133,80,1
134,80,1
135,80,1
136,80,1
137,80,1
138,80,1
139,80,1
140,80,1
141,80,1
142,80,1
143,80,1
144,80,1
145,80,1
146,80,1
147,80,1
148,80,1
149,80,1
150,80,1
151,80,1
152,80,1
153,80,1
154,80,1
155,80,1
156,80,1
157,80,1
158,80,1
159,80,1
160,80,1
161,80,1
162,80,1
163,80,1
164,80,1
165,80,1
166,80,1
167,80,1
168,80,1
169,80,1
170,80,1
171,80,1
172,80,1
173,80,1
174,80,1
175,80,1
176,80,1
177,80,1
178,80,1
179,80,1
180,80,1
181,80,1
182,80,1
183,80,1
184,80,1
185,80,1
186,80,1
187,80,1
188,80,1
189,80,1
190,80,1
191,80,1
192,80,1
193,80,1
194,80,1
195,80,1
196,80,1
197,80,1
198,80,1
199,80,1
200,80,1
201,80,1
202,80,1
203,80,1
204,80,1
205,80,1
206,80,1
207,80,1
208,80,1
209,80,1
210,80,1
211,80,1
212,80,1
213,80,1
214,80,1
215,80,1
216,80,1
217,80,1
218,80,1
219,80,1
220,80,1
221,80,1
222,80,1
223,80,1
224,80,1
225,80,1
226,80,1
227,80,1
228,80,1
229,80,1
230,80,1
231,80,1
232,80,1
233,80,1
234,80,1
235,80,1
236,80,1
237,80,1
238,80,1
239,80,1
240,80,1
241,80,1
242,80,1
243,80,1
244,80,1
245,80,0
246,80,0
247,80,0
248,80,0
249,80,0
250,80,0
251,80,0
252,80,0
253,80,0
254,80,0
255,80,0
256,80,0
257,80,0
258,80,0
259,80,0
260,80,0
261,80,0
262,80,0
263,80,0
264,80,0
265,80,0
266,80,0
267,80,0
268,80,0
269,80,0
270,80,0
271,80,0
272,80,0
273,80,0
274,80,0
275,80,0
276,80,0
277,80,0
278,80,0
279,80,0
280,80,0
281,80,0
282,80,0
283,80,0
284,80,0
285,80,0
286,80,0
287,80,0
288,80,0
289,80,0
290,80,0
291,80,0
1,81,0
2,81,0
3,81,0
4,81,0
5,81,0
6,81,0
7,81,0
8,81,0
9,81,0
10,81,0
11,81,0
12,81,0
13,81,0
14,81,0
15,81,0
16,81,0
17,81,0
18,81,0
19,81,0
20,81,0
21,81,0
22,81,0
23,81,0
24,81,0
25,81,2
26,81,2
27,81,2
28,81,2
29,81,2
30,81,2
31,81,2
32,81,2
33,81,2
34,81,2
35,81,2
36,81,2
37,81,2
38,81,2
39,81,2
40,81,2
41,81,2
42,81,2
43,81,2
44,81,2
45,81,2
46,81,2
47,81,0
48,81,0
49,81,0
50,81,3
51,81,3
52,81,3
53,81,3
54,81,3
55,81,3
56,81,3
57,81,3
58,81,3
59,81,3
60,81,3
61,81,3
62,81,3
63,81,3
64,81,3
65,81,3
66,81,3
67,81,3
68,81,3
69,81,3
70,81,3
71,81,3
72,81,3
73,81,3
74,81,3
75,81,3
76,81,0
77,81,0
78,81,1
79,81,1
80,81,1
81,81,1
82,81,1
83,81,1
84,81,1
85,81,1
86,81,1
87,81,1
88,81,1
89,81,1
90,81,1
91,81,1
92,81,1
93,81,1
94,81,1
95,81,1
96,81,1
97,81,1
98,81,1
99,81,1
100,81,1
101,81,1
102,81,1
103,81,1
104,81,1
105,81,1
106,81,1
107,81,1
108,81,1
109,81,1
110,81,1
111,81,1
112,81,1
113,81,1
114,81,1
115,81,1
116,81,1
117,81,1
118,81,1
119,81,1
120,81,1
121,81,1
122,81,1
123,81,1
124,81,1
125,81,1
126,81,1
127,81,1
128,81,1
129,81,1
130,81,1
131,81,1
132,81,1
133,81,1
134,81,1
135,81,1
136,81,1
137,81,1
138,81,1
139,81,1
140,81,1
141,81,1
142,81,1
143,81,1
144,81,1
145,81,1
146,81,1
147,81,1
148,81,1
149,81,1
150,81,1
151,81,1
152,81,1
153,81,1
154,81,1
155,81,1
156,81,1
157,81,1
158,81,1
159,81,1
160,81,1
161,81,1
162,81,1
163,81,1
164,81,1
165,81,1
166,81,1
167,81,1
168,81,1
169,81,1
170,81,1
171,81,1
172,81,1
173,81,1
174,81,1
175,81,1
176,81,1
177,81,1
178,81,1
179,81,1
180,81,1
181,81,1
182,81,1
183,81,1
184,81,1
185,81,1
186,81,1
187,81,1
188,81,1
189,81,1
190,81,1
191,81,1
192,81,1
193,81,1
194,81,1
195,81,1
196,81,1
197,81,1
198,81,1
199,81,1
200,81,1
201,81,1
202,81,1
203,81,1
204,81,1
205,81,1
206,81,1
207,81,1
208,81,1
209,81,1
210,81,1
211,81,1
212,81,1
213,81,1
214,81,1
215,81,1
216,81,1
217,81,1
218,81,1
219,81,1
220,81,1
221,81,1
222,81,1
223,81,1
224,81,1
225,81,1
226,81,1
227,81,1
228,81,1
229,81,1
230,81,1
231,81,1
232,81,1
233,81,1
234,81,1
235,81,1
236,81,1
237,81,1
238,81,1
239,81,1
240,81,1
241,81,1
242,81,1
243,81,1
244,81,1
245,81,0
246,81,0
247,81,0
248,81,0
249,81,0
250,81,0
251,81,0
252,81,0
253,81,0
254,81,0
255,81,0
256,81,0
257,81,0
258,81,0
259,81,0
260,81,0
261,81,0
262,81,0
263,81,0
264,81,0
265,81,0
266,81,0
267,81,0
268,81,0
269,81,0
270,81,0
271,81,0
272,81,0
273,81,0
274,81,0
275,81,0
276,81,0
277,81,0
278,81,0
279,81,0
280,81,0
281,81,0
282,81,0
283,81,0
284,81,0
285,81,0
286,81,0
287,81,0
288,81,0
289,81,0
290,81,0
291,81,0
1,82,0
2,82,0
3,82,0
4,82,0
5,82,0
6,82,0
7,82,0
8,82,0
9,82,0
10,82,0
11,82,0
12,82,0
13,82,0
14,82,0
15,82,0
16,82,0
17,82,0
18,82,0
19,82,0
20,82,0
21,82,0
22,82,0
23,82,0
24,82,0
25,82,2
26,82,2
27,82,2
28,82,2
29,82,2
30,82,2
31,82,2
32,82,2
33,82,2
34,82,2
35,82,2
36,82,2
37,82,2
38,82,2
39,82,2
40,82,2
41,82,2
42,82,2
43,82,2
44,82,2
45,82,2
46,82,2
47,82,0
48,82,0
49,82,0
50,82,3
51,82,3
52,82,3
53,82,3
54,82,3
55,82,3
56,82,3
57,82,3
58,82,3
59,82,3
60,82,3
61,82,3
62,82,3
63,82,3
64,82,3
65,82,3
66,82,3
67,82,3
68,82,3
69,82,3
70,82,3
71,82,3
72,82,3
73,82,3
74,82,3
75,82,3
76,82,0
77,82,1
78,82,1
79,82,1
80,82,1
81,82,1
82,82,1
83,82,1
84,82,1
85,82,1
86,82,1
87,82,1
88,82,1
89,82,1
90,82,1
91,82,1
92,82,1
93,82,1
94,82,1
95,82,1
96,82,1
97,82,1
98,82,1
99,82,1
100,82,1
101,82,1
102,82,1
103,82,1
104,82,1
105,82,1
106,82,1
107,82,1
108,82,1
109,82,1
110,82,1
111,82,1
112,82,1
113,82,1
114,82,1
115,82,1
116,82,1
117,82,1
118,82,1
119,82,1
120,82,1
121,82,1
122,82,1
123,82,1
124,82,1
125,82,1
126,82,1
127,82,1
128,82,1
129,82,1
130,82,1
131,82,1
132,82,1
133,82,1
134,82,1
135,82,1
136,82,1
137,82,1
138,82,1
139,82,1
140,82,1
141,82,1
142,82,1
143,82,1
144,82,1
145,82,1
146,82,1
147,82,1
148,82,1
149,82,1
150,82,1
151,82,1
152,82,1
153,82,1
154,82,1
155,82,1
156,82,1
157,82,1
158,82,1
159,82,1
160,82,1
161,82,1
162,82,1
163,82,1
164,82,1
165,82,1
166,82,1
167,82,1
168,82,1
169,82,1
170,82,1
171,82,1
172,82,1
173,82,1
174,82,1
175,82,1
176,82,1
177,82,1
178,82,1
179,82,1
180,82,1
181,82,1
182,82,1
183,82,1
184,82,1
185,82,1
186,82,1
187,82,1
188,82,1
189,82,1
190,82,1
191,82,1
192,82,1
193,82,1
194,82,1
195,82,1
196,82,1
197,82,1
198,82,1
199,82,1
200,82,1
201,82,1
202,82,1
203,82,1
204,82,1
205,82,1
206,82,1
207,82,1
208,82,1
209,82,1
210,82,1
211,82,1
212,82,1
213,82,1
214,82,1
215,82,1
216,82,1
217,82,1
218,82,1
219,82,1
220,82,1
221,82,1
222,82,1
223,82,1
224,82,1
225,82,1
226,82,1
227,82,1
228,82,1
229,82,1
230,82,1
231,82,1
232,82,1
233,82,1
234,82,1
235,82,1
236,82,1
237,82,1
238,82,1
239,82,1
240,82,1
241,82,1
242,82,1
243,82,1
244,82,1
245,82,0
246,82,0
247,82,0
248,82,0
249,82,0
250,82,0
251,82,0
252,82,0
253,82,0
254,82,0
255,82,0
256,82,0
257,82,0
258,82,0
259,82,0
260,82,0
261,82,0
262,82,0
263,82,0
264,82,0
265,82,0
266,82,0
267,82,0
268,82,0
269,82,0
270,82,0
271,82,0
272,82,0
273,82,0
274,82,0
275,82,0
276,82,0
277,82,0
278,82,0
279,82,0
280,82,0
281,82,0
282,82,0
283,82,0
284,82,0
285,82,0
286,82,0
287,82,0
288,82,0
289,82,0
290,82,0
291,82,0
1,83,0
2,83,0
3,83,0
4,83,0
5,83,0
6,83,0
7,83,0
8,83,0
9,83,0
10,83,0
11,83,0
12,83,0
13,83,0
14,83,0
15,83,0
16,83,0
17,83,0
18,83,0
19,83,0
20,83,0
21,83,0
22,83,0
23,83,0
24,83,0
25,83,2
26,83,2
27,83,2
28,83,2
29,83,2
30,83,2
31,83,2
32,83,2
33,83,2
34,83,2
35,83,2
36,83,2
37,83,2
38,83,2
39,83,2
40,83,2
41,83,2
42,83,2
43,83,2
44,83,2
45,83,2
46,83,2
47,83,0
48,83,0
49,83,0
50,83,3
51,83,3
52,83,3
53,83,3
54,83,3
55,83,3
56,83,3
57,83,3
58,83,3
59,83,3
60,83,3
61,83,3
62,83,3
63,83,3
64,83,3
65,83,3
66,83,3
67,83,3
68,83,3
69,83,3
70,83,3
71,83,3
72,83,3
73,83,3
74,83,3
75,83,3
76,83,0
77,83,1
78,83,1
79,83,1
80,83,1
81,83,1
82,83,1
83,83,1
84,83,1
85,83,1
86,83,1
87,83,1
88,83,1
89,83,1
90,83,1
91,83,1
92,83,1
93,83,1
94,83,1
95,83,1
96,83,1
97,83,1
98,83,1
99,83,1
100,83,1
101,83,1
102,83,1
103,83,1
104,83,1
105,83,1
106,83,1
107,83,1
108,83,1
109,83,1
110,83,1
111,83,1
112,83,1
113,83,1
114,83,1
115,83,1
116,83,1
117,83,1
118,83,1
119,83,1
120,83,1
121,83,1
122,83,1
123,83,1
124,83,1
125,83,1
126,83,1
127,83,1
128,83,1
129,83,1
130,83,1
131,83,1
132,83,1
133,83,1
134,83,1
135,83,1
136,83,1
137,83,1
138,83,1
139,83,1
140,83,1
141,83,1
142,83,1
143,83,1
144,83,1
145,83,1
146,83,1
147,83,1
148,83,1
149,83,1
150,83,1
151,83,1
152,83,1
153,83,1
154,83,1
155,83,1
156,83,1
157,83,1
158,83,1
159,83,1
160,83,1
161,83,1
162,83,1
163,83,1
164,83,1
165,83,1
166,83,1
167,83,1
168,83,1
169,83,1
170,83,1
171,83,1
172,83,1
173,83,1
174,83,1
175,83,1
176,83,1
177,83,1
178,83,1
179,83,1
180,83,1
181,83,1
182,83,1
183,83,1
184,83,1
185,83,1
186,83,1
187,83,1
188,83,1
189,83,1
190,83,1
191,83,1
192,83,1
193,83,1
194,83,1
195,83,1
196,83,1
197,83,1
198,83,1
199,83,1
200,83,1
201,83,1
202,83,1
203,83,1
204,83,1
205,83,1
206,83,1
207,83,1
208,83,1
209,83,1
210,83,1
211,83,1
212,83,1
213,83,1
214,83,1
215,83,1
216,83,1
217,83,1
218,83,1
219,83,1
220,83,1
221,83,1
222,83,1
223,83,1
224,83,1
225,83,1
226,83,1
227,83,1
228,83,1
229,83,1
230,83,1
231,83,1
232,83,1
233,83,1
234,83,1
235,83,1
236,83,1
237,83,1
238,83,1
239,83,1
240,83,1
241,83,1
242,83,1
243,83,1
244,83,1
245,83,0
246,83,0
247,83,0
248,83,0
249,83,0
250,83,0
251,83,0
252,83,0
253,83,0
254,83,0
255,83,0
256,83,0
257,83,0
258,83,0
259,83,0
260,83,0
261,83,0
262,83,0
263,83,0
264,83,0
265,83,0
266,83,0
267,83,0
268,83,0
269,83,0
270,83,0
271,83,0
272,83,0
273,83,0
274,83,0
275,83,0
276,83,0
277,83,0
278,83,0
279,83,0
280,83,0
281,83,0
282,83,0
283,83,0
284,83,0
285,83,0
286,83,0
287,83,0
288,83,0
289,83,0
290,83,0
291,83,0
1,84,0
2,84,0
3,84,0
4,84,0
5,84,0
6,84,0
7,84,0
8,84,0
9,84,0
10,84,0
11,84,0
12,84,0
13,84,0
14,84,0
15,84,0
16,84,0
17,84,0
18,84,0
19,84,0
20,84,0
21,84,0
22,84,0
23,84,0
24,84,0
25,84,2
26,84,2
27,84,2
28,84,2
29,84,2
30,84,2
31,84,2
32,84,2
33,84,2
34,84,2
35,84,2
36,84,2
37,84,2
38,84,2
39,84,2
40,84,2
41,84,2
42,84,2
43,84,2
44,84,2
45,84,2
46,84,2
47,84,0
48,84,0
49,84,0
50,84,3
51,84,3
52,84,3
53,84,3
54,84,3
55,84,3
56,84,3
57,84,3
58,84,3
59,84,3
60,84,3
61,84,3
62,84,3
63,84,3
64,84,3
65,84,3
66,84,3
67,84,3
68,84,3
69,84,3
70,84,3
71,84,3
72,84,3
73,84,3
74,84,3
75,84,3
76,84,0
77,84,1
78,84,1
79,84,1
80,84,1
81,84,1
82,84,1
83,84,1
84,84,1
85,84,1
86,84,1
87,84,1
88,84,1
89,84,1
90,84,1
91,84,1
92,84,1
93,84,1
94,84,1
95,84,1
96,84,1
97,84,1
98,84,1
99,84,1
100,84,1
101,84,1
102,84,1
103,84,1
104,84,1
105,84,1
106,84,1
107,84,1
108,84,1
109,84,1
110,84,1
111,84,1
112,84,1
113,84,1
114,84,1
115,84,1
116,84,1
117,84,1
118,84,1
119,84,1
120,84,1
121,84,1
122,84,1
123,84,1
124,84,1
125,84,1
126,84,1
127,84,1
128,84,1
129,84,1
130,84,1
131,84,1
132,84,1
133,84,1
134,84,1
135,84,1
136,84,1
137,84,1
138,84,1
139,84,1
140,84,1
141,84,1
142,84,1
143,84,1
144,84,1
145,84,1
146,84,1
147,84,1
148,84,1
149,84,1
150,84,1
151,84,1
152,84,1
153,84,1
154,84,1
155,84,1
156,84,1
157,84,1
158,84,1
159,84,1
160,84,1
161,84,1
162,84,1
163,84,1
164,84,1
165,84,1
166,84,1
167,84,1
168,84,1
169,84,1
170,84,1
171,84,1
172,84,1
173,84,1
174,84,1
175,84,1
176,84,1
177,84,1
178,84,1
179,84,1
180,84,1
181,84,1
182,84,1
183,84,1
184,84,1
185,84,1
186,84,1
187,84,1
188,84,1
189,84,1
190,84,1
191,84,1
192,84,1
193,84,1
194,84,1
195,84,1
196,84,1
197,84,1
198,84,1
199,84,1
200,84,1
201,84,1
202,84,1
203,84,1
204,84,1
205,84,1
206,84,1
207,84,1
208,84,1
209,84,1
210,84,1
211,84,1
212,84,1
213,84,1
214,84,1
215,84,1
216,84,1
217,84,1
218,84,1
219,84,1
220,84,1
221,84,1
222,84,1
223,84,1
224,84,1
225,84,1
226,84,1
227,84,1
228,84,1
229,84,1
230,84,1
231,84,1
232,84,1
233,84,1
234,84,1
235,84,1
236,84,1
237,84,1
238,84,1
239,84,1
240,84,1
241,84,1
242,84,1
243,84,1
244,84,1
245,84,0
246,84,0
247,84,0
248,84,0
249,84,0
250,84,0
251,84,0
252,84,0
253,84,0
254,84,0
255,84,0
256,84,0
257,84,0
258,84,0
259,84,0
260,84,0
261,84,0
262,84,0
263,84,0
264,84,0
265,84,0
266,84,0
267,84,0
268,84,0
269,84,0
270,84,0
271,84,0
272,84,0
273,84,0
274,84,0
275,84,0
276,84,0
277,84,0
278,84,0
279,84,0
280,84,0
281,84,0
282,84,0
283,84,0
284,84,0
285,84,0
286,84,0
287,84,0
288,84,0
289,84,0
290,84,0
291,84,0
1,85,0
2,85,0
3,85,0
4,85,0
5,85,0
6,85,0
7,85,0
8,85,0
9,85,0
10,85,0
11,85,0
12,85,0
13,85,0
14,85,0
15,85,0
16,85,0
17,85,0
18,85,0
19,85,0
20,85,0
21,85,0
22,85,0
23,85,0
24,85,0
25,85,2
26,85,2
27,85,2
28,85,2
29,85,2
30,85,2
31,85,2
32,85,2
33,85,2
34,85,2
35,85,2
36,85,2
37,85,2
38,85,2
39,85,2
40,85,2
41,85,2
42,85,2
43,85,2
44,85,2
45,85,2
46,85,2
47,85,0
48,85,0
49,85,0
50,85,3
51,85,3
52,85,3
53,85,3
54,85,3
55,85,3
56,85,3
57,85,3
58,85,3
59,85,3
60,85,3
61,85,3
62,85,3
63,85,3
64,85,3
65,85,3
66,85,3
67,85,3
68,85,3
69,85,3
70,85,3
71,85,3
72,85,3
73,85,3
74,85,3
75,85,3
76,85,0
77,85,1
78,85,1
79,85,1
80,85,1
81,85,1
82,85,1
83,85,1
84,85,1
85,85,1
86,85,1
87,85,1
88,85,1
89,85,1
90,85,1
91,85,1
92,85,1
93,85,1
94,85,1
95,85,1
96,85,1
97,85,1
98,85,1
99,85,1
100,85,1
101,85,1
102,85,1
103,85,1
104,85,1
105,85,1
106,85,1
107,85,1
108,85,1
109,85,1
110,85,1
111,85,1
112,85,1
113,85,1
114,85,1
115,85,1
116,85,1
117,85,1
118,85,1
119,85,1
120,85,1
121,85,1
122,85,1
123,85,1
124,85,1
125,85,1
126,85,1
127,85,1
128,85,1
129,85,1
130,85,1
131,85,1
132,85,1
133,85,1
134,85,1
135,85,1
136,85,1
137,85,1
138,85,1
139,85,1
140,85,1
141,85,1
142,85,1
143,85,1
144,85,1
145,85,1
146,85,1
147,85,1
148,85,1
149,85,1
150,85,1
151,85,1
152,85,1
153,85,1
154,85,1
155,85,1
156,85,1
157,85,1
158,85,1
159,85,1
160,85,1
161,85,1
162,85,1
163,85,1
164,85,1
165,85,1
166,85,1
167,85,1
168,85,1
169,85,1
170,85,1
171,85,1
172,85,1
173,85,1
174,85,1
175,85,1
176,85,1
177,85,1
178,85,1
179,85,1
180,85,1
181,85,1
182,85,1
183,85,1
184,85,1
185,85,1
186,85,1
187,85,1
188,85,1
189,85,1
190,85,1
191,85,1
192,85,1
193,85,1
194,85,1
195,85,1
196,85,1
197,85,1
198,85,1
199,85,1
200,85,1
201,85,1
202,85,1
203,85,1
204,85,1
205,85,1
206,85,1
207,85,1
208,85,1
209,85,1
210,85,1
211,85,1
212,85,1
213,85,1
214,85,1
215,85,1
216,85,1
217,85,1
218,85,1
219,85,1
220,85,1
221,85,1
222,85,1
223,85,1
224,85,1
225,85,1
226,85,1
227,85,1
228,85,1
229,85,1
230,85,1
231,85,1
232,85,1
233,85,1
234,85,1
235,85,1
236,85,1
237,85,1
238,85,1
239,85,1
240,85,1
241,85,1
242,85,1
243,85,1
244,85,1
245,85,0
246,85,0
247,85,0
248,85,0
249,85,0
250,85,0
251,85,0
252,85,0
253,85,0
254,85,0
255,85,0
256,85,0
257,85,0
258,85,0
259,85,0
260,85,0
261,85,0
262,85,0
263,85,0
264,85,0
265,85,0
266,85,0
267,85,0
268,85,0
269,85,0
270,85,0
271,85,0
272,85,0
273,85,0
274,85,0
275,85,0
276,85,0
277,85,0
278,85,0
279,85,0
280,85,0
281,85,0
282,85,0
283,85,0
284,85,0
285,85,0
286,85,0
287,85,0
288,85,0
289,85,0
290,85,0
291,85,0
1,86,0
2,86,0
3,86,0
4,86,0
5,86,0
6,86,0
7,86,0
8,86,0
9,86,0
10,86,0
11,86,0
12,86,0
13,86,0
14,86,0
15,86,0
16,86,0
17,86,0
18,86,0
19,86,0
20,86,0
21,86,0
22,86,0
23,86,0
24,86,0
25,86,2
26,86,2
27,86,2
28,86,2
29,86,2
30,86,2
31,86,2
32,86,2
33,86,2
34,86,2
35,86,2
36,86,2
37,86,2
38,86,2
39,86,2
40,86,2
41,86,2
42,86,2
43,86,2
44,86,2
45,86,2
46,86,2
47,86,0
48,86,0
49,86,0
50,86,3
51,86,3
52,86,3
53,86,3
54,86,3
55,86,3
56,86,3
57,86,3
58,86,3
59,86,3
60,86,3
61,86,3
62,86,3
63,86,3
64,86,3
65,86,3
66,86,3
67,86,3
68,86,3
69,86,3
70,86,3
71,86,3
72,86,3
73,86,3
74,86,3
75,86,3
76,86,0
77,86,1
78,86,1
79,86,1
80,86,1
81,86,1
82,86,1
83,86,1
84,86,1
85,86,1
86,86,1
87,86,1
88,86,1
89,86,1
90,86,1
91,86,1
92,86,1
93,86,1
94,86,1
95,86,1
96,86,1
97,86,1
98,86,1
99,86,1
100,86,1
101,86,1
102,86,1
103,86,1
104,86,1
105,86,1
106,86,1
107,86,1
108,86,1
109,86,1
110,86,1
111,86,1
112,86,1
113,86,1
114,86,1
115,86,1
116,86,1
117,86,1
118,86,1
119,86,1
120,86,1
121,86,1
122,86,1
123,86,1
124,86,1
125,86,1
126,86,1
127,86,1
128,86,1
129,86,1
130,86,1
131,86,1
132,86,1
133,86,1
134,86,1
135,86,1
136,86,1
137,86,1
138,86,1
139,86,1
140,86,1
141,86,1
142,86,1
143,86,1
144,86,1
145,86,1
146,86,1
147,86,1
148,86,1
149,86,1
150,86,1
151,86,1
152,86,1
153,86,1
154,86,1
155,86,1
156,86,1
157,86,1
158,86,1
159,86,1
160,86,1
161,86,1
162,86,1
163,86,1
164,86,1
165,86,1
166,86,1
167,86,1
168,86,1
169,86,1
170,86,1
171,86,1
172,86,1
173,86,1
174,86,1
175,86,1
176,86,1
177,86,1
178,86,1
179,86,1
180,86,1
181,86,1
182,86,1
183,86,1
184,86,1
185,86,1
186,86,1
187,86,1
188,86,1
189,86,1
190,86,1
191,86,1
192,86,1
193,86,1
194,86,1
195,86,1
196,86,1
197,86,1
198,86,1
199,86,1
200,86,1
201,86,1
202,86,1
203,86,1
204,86,1
205,86,1
206,86,1
207,86,1
208,86,1
209,86,1
210,86,1
211,86,1
212,86,1
213,86,1
214,86,1
215,86,1
216,86,1
217,86,1
218,86,1
219,86,1
220,86,1
221,86,1
222,86,1
223,86,1
224,86,1
225,86,1
226,86,1
227,86,1
228,86,1
229,86,1
230,86,1
231,86,1
232,86,1
233,86,1
234,86,1
235,86,1
236,86,1
237,86,1
238,86,1
239,86,1
240,86,1
241,86,1
242,86,1
243,86,1
244,86,1
245,86,0
246,86,0
247,86,0
248,86,0
249,86,0
250,86,0
251,86,0
252,86,0
253,86,0
254,86,0
255,86,0
256,86,0
257,86,0
258,86,0
259,86,0
260,86,0
261,86,0
262,86,0
263,86,0
264,86,0
265,86,0
266,86,0
267,86,0
268,86,0
269,86,0
270,86,0
271,86,0
272,86,0
273,86,0
274,86,0
275,86,0
276,86,0
277,86,0
278,86,0
279,86,0
280,86,0
281,86,0
282,86,0
283,86,0
284,86,0
285,86,0
286,86,0
287,86,0
288,86,0
289,86,0
290,86,0
291,86,0
1,87,0
2,87,0
3,87,0
4,87,0
5,87,0
6,87,0
7,87,0
8,87,0
9,87,0
10,87,0
11,87,0
12,87,0
13,87,0
14,87,0
15,87,0
16,87,0
17,87,0
18,87,0
19,87,0
20,87,0
21,87,0
22,87,0
23,87,0
24,87,0
25,87,2
26,87,2
27,87,2
28,87,2
29,87,2
30,87,2
31,87,2
32,87,2
33,87,2
34,87,2
35,87,2
36,87,2
37,87,2
38,87,2
39,87,2
40,87,2
41,87,2
42,87,2
43,87,2
44,87,2
45,87,2
46,87,0
47,87,0
48,87,0
49,87,3
50,87,3
51,87,3
52,87,3
53,87,3
54,87,3
55,87,3
56,87,3
57,87,3
58,87,3
59,87,3
60,87,3
61,87,3
62,87,3
63,87,3
64,87,3
65,87,3
66,87,3
67,87,3
68,87,3
69,87,3
70,87,3
71,87,3
72,87,3
73,87,3
74,87,3
75,87,3
76,87,0
77,87,1
78,87,1
79,87,1
80,87,1
81,87,1
82,87,1
83,87,1
84,87,1
85,87,1
86,87,1
87,87,1
88,87,1
89,87,1
90,87,1
91,87,1
92,87,1
93,87,1
94,87,1
95,87,1
96,87,1
97,87,1
98,87,1
99,87,1
100,87,1
101,87,1
102,87,1
103,87,1
104,87,1
105,87,1
106,87,1
107,87,1
108,87,1
109,87,1
110,87,1
111,87,1
112,87,1
113,87,1
114,87,1
115,87,1
116,87,1
117,87,1
118,87,1
119,87,1
120,87,1
121,87,1
122,87,1
123,87,1
124,87,1
125,87,1
126,87,1
127,87,1
128,87,1
129,87,1
130,87,1
131,87,1
132,87,1
133,87,1
134,87,1
135,87,1
136,87,1
137,87,1
138,87,1
139,87,1
140,87,1
141,87,1
142,87,1
143,87,1
144,87,1
145,87,1
146,87,1
147,87,1
148,87,1
149,87,1
150,87,1
151,87,1
152,87,1
153,87,1
154,87,1
155,87,1
156,87,1
157,87,1
158,87,1
159,87,1
160,87,1
161,87,1
162,87,1
163,87,1
164,87,1
165,87,1
166,87,1
167,87,1
168,87,1
169,87,1
170,87,1
171,87,1
172,87,1
173,87,1
174,87,1
175,87,1
176,87,1
177,87,1
178,87,1
179,87,1
180,87,1
181,87,1
182,87,1
183,87,1
184,87,1
185,87,1
186,87,1
187,87,1
188,87,1
189,87,1
190,87,1
191,87,1
192,87,1
193,87,1
194,87,0
195,87,0
196,87,0
197,87,0
198,87,0
199,87,0
200,87,1
201,87,1
202,87,1
203,87,1
204,87,1
205,87,1
206,87,1
207,87,1
208,87,1
209,87,1
210,87,1
211,87,1
212,87,1
213,87,1
214,87,1
215,87,1
216,87,1
217,87,1
218,87,1
219,87,1
220,87,1
221,87,1
222,87,1
223,87,1
224,87,1
225,87,1
226,87,1
227,87,1
228,87,1
229,87,1
230,87,1
231,87,1
232,87,1
233,87,1
234,87,1
235,87,1
236,87,1
237,87,1
238,87,1
239,87,1
240,87,1
241,87,1
242,87,1
243,87,1
244,87,1
245,87,1
246,87,0
247,87,0
248,87,0
249,87,0
250,87,0
251,87,0
252,87,0
253,87,0
254,87,0
255,87,0
256,87,0
257,87,0
258,87,0
259,87,0
260,87,0
261,87,0
262,87,0
263,87,0
264,87,0
265,87,0
266,87,0
267,87,0
268,87,0
269,87,0
270,87,0
271,87,0
272,87,0
273,87,0
274,87,0
275,87,0
276,87,0
277,87,0
278,87,0
279,87,0
280,87,0
281,87,0
282,87,0
283,87,0
284,87,0
285,87,0
286,87,0
287,87,0
288,87,0
289,87,0
290,87,0
291,87,0
1,88,0
2,88,0
3,88,0
4,88,0
5,88,0
6,88,0
7,88,0
8,88,0
9,88,0
10,88,0
11,88,0
12,88,0
13,88,0
14,88,0
15,88,0
16,88,0
17,88,0
18,88,0
19,88,0
20,88,0
21,88,0
22,88,0
23,88,0
24,88,0
25,88,0
26,88,2
27,88,2
28,88,2
29,88,2
30,88,2
31,88,2
32,88,2
33,88,2
34,88,2
35,88,2
36,88,2
37,88,2
38,88,2
39,88,2
40,88,2
41,88,2
42,88,2
43,88,2
44,88,2
45,88,2
46,88,2
47,88,0
48,88,0
49,88,3
50,88,3
51,88,3
52,88,3
53,88,3
54,88,3
55,88,3
56,88,3
57,88,3
58,88,3
59,88,3
60,88,3
61,88,3
62,88,3
63,88,3
64,88,3
65,88,3
66,88,3
67,88,3
68,88,3
69,88,3
70,88,3
71,88,3
72,88,3
73,88,3
74,88,3
75,88,3
76,88,0
77,88,1
78,88,1
79,88,1
80,88,1
81,88,1
82,88,1
83,88,1
84,88,1
85,88,1
86,88,1
87,88,1
88,88,1
89,88,1
90,88,1
91,88,1
92,88,1
93,88,1
94,88,1
95,88,1
96,88,1
97,88,1
98,88,1
99,88,1
100,88,1
101,88,1
102,88,1
103,88,1
104,88,1
105,88,1
106,88,1
107,88,1
108,88,1
109,88,1
110,88,1
111,88,1
112,88,1
113,88,1
114,88,1
115,88,1
116,88,1
117,88,1
118,88,1
119,88,1
120,88,1
121,88,1
122,88,1
123,88,1
124,88,1
125,88,1
126,88,1
127,88,1
128,88,1
129,88,1
130,88,1
131,88,1
132,88,1
133,88,1
134,88,1
135,88,1
136,88,1
137,88,1
138,88,1
139,88,1
140,88,1
141,88,1
142,88,1
143,88,1
144,88,1
145,88,1
146,88,1
147,88,1
148,88,1
149,88,1
150,88,1
151,88,1
152,88,1
153,88,1
154,88,1
155,88,1
156,88,1
157,88,1
158,88,1
159,88,1
160,88,1
161,88,1
162,88,0
163,88,0
164,88,0
165,88,0
166,88,0
167,88,0
168,88,0
169,88,0
170,88,0
171,88,0
172,88,0
173,88,1
174,88,1
175,88,1
176,88,1
177,88,1
178,88,1
179,88,1
180,88,1
181,88,1
182,88,1
183,88,1
184,88,1
185,88,1
186,88,1
187,88,1
188,88,1
189,88,1
190,88,1
191,88,1
192,88,0
193,88,0
194,88,0
195,88,0
196,88,0
197,88,0
198,88,0
199,88,0
200,88,0
201,88,1
202,88,1
203,88,1
204,88,1
205,88,1
206,88,1
207,88,1
208,88,1
209,88,1
210,88,1
211,88,1
212,88,1
213,88,1
214,88,1
215,88,1
216,88,1
217,88,1
218,88,1
219,88,1
220,88,1
221,88,1
222,88,1
223,88,1
224,88,1
225,88,1
226,88,1
227,88,1
228,88,1
229,88,1
230,88,1
231,88,1
232,88,1
233,88,1
234,88,1
235,88,1
236,88,1
237,88,1
238,88,1
239,88,1
240,88,1
241,88,1
242,88,1
243,88,1
244,88,1
245,88,1
246,88,0
247,88,0
248,88,0
249,88,0
250,88,0
251,88,0
252,88,0
253,88,0
254,88,0
255,88,0
256,88,0
257,88,0
258,88,0
259,88,0
260,88,0
261,88,0
262,88,0
263,88,0
264,88,0
265,88,0
266,88,0
267,88,0
268,88,0
269,88,0
270,88,0
271,88,0
272,88,0
273,88,0
274,88,0
275,88,0
276,88,0
277,88,0
278,88,0
279,88,0
280,88,0
281,88,0
282,88,0
283,88,0
284,88,0
285,88,0
286,88,0
287,88,0
288,88,0
289,88,0
290,88,0
291,88,0
1,89,0
2,89,0
3,89,0
4,89,0
5,89,0
6,89,0
7,89,0
8,89,0
9,89,0
10,89,0
11,89,0
12,89,0
13,89,0
14,89,0
15,89,0
16,89,0
17,89,0
18,89,0
19,89,0
20,89,0
21,89,0
22,89,0
23,89,0
24,89,0
25,89,0
26,89,0
27,89,0
28,89,2
29,89,2
30,89,2
31,89,2
32,89,2
33,89,2
34,89,2
35,89,2
36,89,2
37,89,2
38,89,2
39,89,2
40,89,2
41,89,2
42,89,2
43,89,2
44,89,2
45,89,2
46,89,2
47,89,0
48,89,0
49,89,3
50,89,3
51,89,3
52,89,3
53,89,3
54,89,3
55,89,3
56,89,3
57,89,3
58,89,3
59,89,3
60,89,3
61,89,3
62,89,3
63,89,3
64,89,3
65,89,3
66,89,3
67,89,3
68,89,3
69,89,3
70,89,3
71,89,3
72,89,3
73,89,3
74,89,3
75,89,3
76,89,0
77,89,1
78,89,1
79,89,1
80,89,1
81,89,1
82,89,1
83,89,1
84,89,1
85,89,1
86,89,1
87,89,1
88,89,1
89,89,1
90,89,1
91,89,1
92,89,1
93,89,1
94,89,1
95,89,1
96,89,1
97,89,1
98,89,1
99,89,1
100,89,1
101,89,1
102,89,1
103,89,1
104,89,1
105,89,1
106,89,1
107,89,1
108,89,1
109,89,1
110,89,1
111,89,1
112,89,1
113,89,1
114,89,1
115,89,1
116,89,1
117,89,1
118,89,1
119,89,1
120,89,1
121,89,1
122,89,1
123,89,1
124,89,1
125,89,1
126,89,1
127,89,1
128,89,1
129,89,1
130,89,1
131,89,1
132,89,1
133,89,1
134,89,1
135,89,1
136,89,1
137,89,1
138,89,1
139,89,1
140,89,1
141,89,1
142,89,1
143,89,1
144,89,1
145,89,1
146,89,1
147,89,1
148,89,1
149,89,1
150,89,1
151,89,1
152,89,1
153,89,1
154,89,1
155,89,1
156,89,1
157,89,0
158,89,0
159,89,0
160,89,0
161,89,0
162,89,0
163,89,0
164,89,0
165,89,0
166,89,0
167,89,0
168,89,0
169,89,0
170,89,0
171,89,0
172,89,0
173,89,0
174,89,1
175,89,1
176,89,1
177,89,1
178,89,1
179,89,1
180,89,1
181,89,1
182,89,1
183,89,1
184,89,1
185,89,1
186,89,1
187,89,1
188,89,0
189,89,0
190,89,0
191,89,0
192,89,0
193,89,0
194,89,0
195,89,0
196,89,0
197,89,0
198,89,0
199,89,0
200,89,0
201,89,1
202,89,1
203,89,1
204,89,1
205,89,1
206,89,1
207,89,1
208,89,1
209,89,1
210,89,1
211,89,1
212,89,1
213,89,1
214,89,1
215,89,1
216,89,1
217,89,1
218,89,1
219,89,1
220,89,1
221,89,1
222,89,1
223,89,1
224,89,1
225,89,1
226,89,1
227,89,1
228,89,1
229,89,1
230,89,1
231,89,1
232,89,1
233,89,1
234,89,1
235,89,1
236,89,1
237,89,1
238,89,1
239,89,1
240,89,1
241,89,1
242,89,1
243,89,1
244,89,1
245,89,1
246,89,1
247,89,1
248,89,1
249,89,1
250,89,1
251,89,0
252,89,0
253,89,0
254,89,0
255,89,0
256,89,0
257,89,0
258,89,0
259,89,0
260,89,0
261,89,0
262,89,0
263,89,0
264,89,0
265,89,0
266,89,0
267,89,0
268,89,0
269,89,0
270,89,0
271,89,0
272,89,0
273,89,0
274,89,0
275,89,0
276,89,0
277,89,0
278,89,0
279,89,0
280,89,0
281,89,0
282,89,0
283,89,0
284,89,0
285,89,0
286,89,0
287,89,0
288,89,0
289,89,0
290,89,0
291,89,0
1,90,0
2,90,0
3,90,0
4,90,0
5,90,0
6,90,0
7,90,0
8,90,0
9,90,0
10,90,0
11,90,0
12,90,0
13,90,0
14,90,0
15,90,0
16,90,0
17,90,0
18,90,0
19,90,0
20,90,0
21,90,0
22,90,0
23,90,0
24,90,0
25,90,2
26,90,2
27,90,2
28,90,2
29,90,2
30,90,2
31,90,2
32,90,2
33,90,2
34,90,2
35,90,2
36,90,2
37,90,2
38,90,2
39,90,2
40,90,2
41,90,2
42,90,2
43,90,2
44,90,2
45,90,2
46,90,2
47,90,0
48,90,0
49,90,3
50,90,3
51,90,3
52,90,3
53,90,3
54,90,3
55,90,3
56,90,3
57,90,3
58,90,3
59,90,3
60,90,3
61,90,3
62,90,3
63,90,3
64,90,3
65,90,3
66,90,3
67,90,3
68,90,3
69,90,3
70,90,3
71,90,3
72,90,3
73,90,3
74,90,3
75,90,3
76,90,0
77,90,1
78,90,1
79,90,1
80,90,1
81,90,1
82,90,1
83,90,1
84,90,1
85,90,1
86,90,1
87,90,1
88,90,1
89,90,1
90,90,1
91,90,1
92,90,1
93,90,1
94,90,1
95,90,1
96,90,1
97,90,1
98,90,1
99,90,1
100,90,1
101,90,1
102,90,1
103,90,1
104,90,1
105,90,1
106,90,1
107,90,1
108,90,1
109,90,1
110,90,1
111,90,1
112,90,1
113,90,1
114,90,1
115,90,1
116,90,1
117,90,1
118,90,1
119,90,1
120,90,1
121,90,1
122,90,1
123,90,1
124,90,1
125,90,1
126,90,1
127,90,1
128,90,1
129,90,1
130,90,1
131,90,1
132,90,1
133,90,1
134,90,1
135,90,1
136,90,1
137,90,1
138,90,1
139,90,1
140,90,1
141,90,1
142,90,1
143,90,1
144,90,1
145,90,1
146,90,1
147,90,1
148,90,1
149,90,1
150,90,1
151,90,1
152,90,1
153,90,1
154,90,0
155,90,0
156,90,0
157,90,0
158,90,0
159,90,0
160,90,0
161,90,0
162,90,0
163,90,0
164,90,0
165,90,0
166,90,0
167,90,0
168,90,0
169,90,0
170,90,0
171,90,0
172,90,0
173,90,0
174,90,0
175,90,0
176,90,0
177,90,0
178,90,0
179,90,0
180,90,0
181,90,0
182,90,0
183,90,0
184,90,0
185,90,0
186,90,0
187,90,0
188,90,0
189,90,0
190,90,0
191,90,0
192,90,0
193,90,0
194,90,0
195,90,0
196,90,0
197,90,0
198,90,0
199,90,0
200,90,0
201,90,0
202,90,1
203,90,1
204,90,1
205,90,1
206,90,1
207,90,1
208,90,1
209,90,1
210,90,1
211,90,1
212,90,1
213,90,1
214,90,1
215,90,1
216,90,1
217,90,1
218,90,1
219,90,1
220,90,1
221,90,1
222,90,1
223,90,1
224,90,1
225,90,1
226,90,1
227,90,1
228,90,1
229,90,1
230,90,1
231,90,1
232,90,1
233,90,1
234,90,1
235,90,1
236,90,1
237,90,1
238,90,1
239,90,1
240,90,1
241,90,1
242,90,1
243,90,1
244,90,1
245,90,1
246,90,1
247,90,1
248,90,1
249,90,1
250,90,1
251,90,1
252,90,0
253,90,0
254,90,0
255,90,0
256,90,0
257,90,0
258,90,0
259,90,0
260,90,0
261,90,0
262,90,0
263,90,0
264,90,0
265,90,0
266,90,0
267,90,0
268,90,0
269,90,0
270,90,0
271,90,0
272,90,0
273,90,0
274,90,0
275,90,0
276,90,0
277,90,0
278,90,0
279,90,0
280,90,0
281,90,0
282,90,0
283,90,0
284,90,0
285,90,0
286,90,0
287,90,0
288,90,0
289,90,0
290,90,0
291,90,0
1,91,0
2,91,0
3,91,0
4,91,0
5,91,0
6,91,0
7,91,0
8,91,0
9,91,0
10,91,0
11,91,0
12,91,0
13,91,0
14,91,0
15,91,0
16,91,0
17,91,0
18,91,0
19,91,0
20,91,0
21,91,0
22,91,0
23,91,0
24,91,0
25,91,2
26,91,2
27,91,2
28,91,2
29,91,2
30,91,2
31,91,2
32,91,2
33,91,2
34,91,2
35,91,2
36,91,2
37,91,2
38,91,2
39,91,2
40,91,2
41,91,2
42,91,2
43,91,2
44,91,2
45,91,2
46,91,2
47,91,0
48,91,0
49,91,3
50,91,3
51,91,3
52,91,3
53,91,3
54,91,3
55,91,3
56,91,3
57,91,3
58,91,3
59,91,3
60,91,3
61,91,3
62,91,3
63,91,3
64,91,3
65,91,3
66,91,3
67,91,3
68,91,3
69,91,3
70,91,3
71,91,3
72,91,3
73,91,3
74,91,3
75,91,3
76,91,0
77,91,1
78,91,1
79,91,1
80,91,1
81,91,1
82,91,1
83,91,1
84,91,1
85,91,1
86,91,1
87,91,1
88,91,1
89,91,1
90,91,1
91,91,1
92,91,1
93,91,1
94,91,1
95,91,1
96,91,1
97,91,1
98,91,1
99,91,1
100,91,1
101,91,1
102,91,1
103,91,1
104,91,1
105,91,1
106,91,1
107,91,1
108,91,1
109,91,1
110,91,1
111,91,1
112,91,1
113,91,1
114,91,1
115,91,1
116,91,1
117,91,1
118,91,1
119,91,1
120,91,1
121,91,1
122,91,1
123,91,1
124,91,1
125,91,1
126,91,1
127,91,1
128,91,1
129,91,1
130,91,1
131,91,1
132,91,1
133,91,1
134,91,1
135,91,1
136,91,1
137,91,1
138,91,1
139,91,1
140,91,1
141,91,1
142,91,1
143,91,1
144,91,1
145,91,1
146,91,1
147,91,1
148,91,1
149,91,1
150,91,1
151,91,1
152,91,1
153,91,1
154,91,0
155,91,0
156,91,0
157,91,0
158,91,0
159,91,0
160,91,0
161,91,0
162,91,0
163,91,0
164,91,0
165,91,0
166,91,0
167,91,0
168,91,0
169,91,0
170,91,0
171,91,0
172,91,0
173,91,0
174,91,0
175,91,0
176,91,0
177,91,0
178,91,0
179,91,0
180,91,0
181,91,0
182,91,0
183,91,0
184,91,0
185,91,0
186,91,0
187,91,0
188,91,0
189,91,0
190,91,0
191,91,0
192,91,0
193,91,0
194,91,0
195,91,0
196,91,0
197,91,0
198,91,0
199,91,0
200,91,0
201,91,0
202,91,1
203,91,1
204,91,1
205,91,1
206,91,1
207,91,1
208,91,1
209,91,1
210,91,1
211,91,1
212,91,1
213,91,1
214,91,1
215,91,1
216,91,1
217,91,1
218,91,1
219,91,1
220,91,1
221,91,1
222,91,1
223,91,1
224,91,1
225,91,1
226,91,1
227,91,1
228,91,1
229,91,1
230,91,1
231,91,1
232,91,1
233,91,1
234,91,1
235,91,1
236,91,1
237,91,1
238,91,1
239,91,1
240,91,1
241,91,1
242,91,1
243,91,1
244,91,1
245,91,1
246,91,1
247,91,1
248,91,1
249,91,1
250,91,1
251,91,1
252,91,0
253,91,0
254,91,0
255,91,0
256,91,0
257,91,0
258,91,0
259,91,0
260,91,0
261,91,0
262,91,0
263,91,0
264,91,0
265,91,0
266,91,0
267,91,0
268,91,0
269,91,0
270,91,0
271,91,0
272,91,0
273,91,0
274,91,0
275,91,0
276,91,0
277,91,0
278,91,0
279,91,0
280,91,0
281,91,0
282,91,0
283,91,0
284,91,0
285,91,0
286,91,0
287,91,0
288,91,0
289,91,0
290,91,0
291,91,0
1,92,0
2,92,0
3,92,0
4,92,0
5,92,0
6,92,0
7,92,0
8,92,0
9,92,0
10,92,0
11,92,0
12,92,0
13,92,0
14,92,0
15,92,0
16,92,0
17,92,0
18,92,0
19,92,0
20,92,0
21,92,0
22,92,0
23,92,0
24,92,0
25,92,2
26,92,2
27,92,2
28,92,2
29,92,2
30,92,2
31,92,2
32,92,2
33,92,2
34,92,2
35,92,2
36,92,2
37,92,2
38,92,2
39,92,2
40,92,2
41,92,2
42,92,2
43,92,2
44,92,2
45,92,2
46,92,2
47,92,0
48,92,0
49,92,3
50,92,3
51,92,3
52,92,3
53,92,3
54,92,3
55,92,3
56,92,3
57,92,3
58,92,3
59,92,3
60,92,3
61,92,3
62,92,3
63,92,3
64,92,3
65,92,3
66,92,3
67,92,3
68,92,3
69,92,3
70,92,3
71,92,3
72,92,3
73,92,3
74,92,3
75,92,3
76,92,0
77,92,0
78,92,1
79,92,1
80,92,1
81,92,1
82,92,1
83,92,1
84,92,1
85,92,1
86,92,1
87,92,1
88,92,1
89,92,1
90,92,1
91,92,1
92,92,1
93,92,1
94,92,1
95,92,1
96,92,1
97,92,1
98,92,1
99,92,1
100,92,1
101,92,1
102,92,1
103,92,1
104,92,1
105,92,1
106,92,1
107,92,1
108,92,1
109,92,1
110,92,1
111,92,1
112,92,1
113,92,1
114,92,1
115,92,1
116,92,1
117,92,1
118,92,1
119,92,1
120,92,1
121,92,1
122,92,1
123,92,1
124,92,1
125,92,1
126,92,1
127,92,1
128,92,1
129,92,1
130,92,1
131,92,1
132,92,1
133,92,1
134,92,1
135,92,1
136,92,1
137,92,1
138,92,1
139,92,1
140,92,1
141,92,1
142,92,1
143,92,1
144,92,1
145,92,1
146,92,1
147,92,1
148,92,1
149,92,1
150,92,1
151,92,1
152,92,1
153,92,1
154,92,0
155,92,0
156,92,0
157,92,0
158,92,0
159,92,0
160,92,0
161,92,0
162,92,0
163,92,0
164,92,0
165,92,0
166,92,0
167,92,0
168,92,0
169,92,0
170,92,0
171,92,0
172,92,0
173,92,0
174,92,0
175,92,0
176,92,0
177,92,0
178,92,0
179,92,0
180,92,0
181,92,0
182,92,0
183,92,0
184,92,0
185,92,0
186,92,0
187,92,0
188,92,0
189,92,0
190,92,0
191,92,0
192,92,0
193,92,0
194,92,0
195,92,0
196,92,0
197,92,0
198,92,0
199,92,0
200,92,0
201,92,0
202,92,0
203,92,1
204,92,1
205,92,1
206,92,1
207,92,1
208,92,1
209,92,1
210,92,1
211,92,1
212,92,1
213,92,1
214,92,1
215,92,1
216,92,1
217,92,1
218,92,1
219,92,1
220,92,1
221,92,1
222,92,1
223,92,1
224,92,1
225,92,1
226,92,1
227,92,1
228,92,1
229,92,1
230,92,1
231,92,1
232,92,1
233,92,1
234,92,1
235,92,1
236,92,1
237,92,1
238,92,1
239,92,1
240,92,1
241,92,1
242,92,1
243,92,1
244,92,1
245,92,1
246,92,1
247,92,1
248,92,1
249,92,1
250,92,1
251,92,1
252,92,0
253,92,0
254,92,0
255,92,0
256,92,0
257,92,0
258,92,0
259,92,0
260,92,0
261,92,0
262,92,0
263,92,0
264,92,0
265,92,0
266,92,0
267,92,0
268,92,0
269,92,0
270,92,0
271,92,0
272,92,0
273,92,0
274,92,0
275,92,0
276,92,0
277,92,0
278,92,0
279,92,0
280,92,0
281,92,0
282,92,0
283,92,0
284,92,0
285,92,0
286,92,0
287,92,0
288,92,0
289,92,0
290,92,0
291,92,0
1,93,0
2,93,0
3,93,0
4,93,0
5,93,0
6,93,0
7,93,0
8,93,0
9,93,0
10,93,0
11,93,0
12,93,0
13,93,0
14,93,0
15,93,0
16,93,0
17,93,0
18,93,0
19,93,0
20,93,0
21,93,0
22,93,0
23,93,0
24,93,0
25,93,2
26,93,2
27,93,2
28,93,2
29,93,2
30,93,2
31,93,2
32,93,2
33,93,2
34,93,2
35,93,2
36,93,2
37,93,2
38,93,2
39,93,2
40,93,2
41,93,2
42,93,2
43,93,2
44,93,2
45,93,2
46,93,2
47,93,0
48,93,0
49,93,3
50,93,3
51,93,3
52,93,3
53,93,3
54,93,3
55,93,3
56,93,3
57,93,3
58,93,3
59,93,3
60,93,3
61,93,3
62,93,3
63,93,3
64,93,3
65,93,3
66,93,3
67,93,3
68,93,3
69,93,3
70,93,3
71,93,3
72,93,3
73,93,3
74,93,3
75,93,3
76,93,0
77,93,0
78,93,1
79,93,1
80,93,1
81,93,1
82,93,1
83,93,1
84,93,1
85,93,1
86,93,1
87,93,1
88,93,1
89,93,1
90,93,1
91,93,1
92,93,1
93,93,1
94,93,1
95,93,1
96,93,1
97,93,1
98,93,1
99,93,1
100,93,1
101,93,1
102,93,1
103,93,1
104,93,1
105,93,1
106,93,1
107,93,1
108,93,1
109,93,1
110,93,1
111,93,1
112,93,1
113,93,1
114,93,1
115,93,1
116,93,1
117,93,1
118,93,1
119,93,1
120,93,1
121,93,1
122,93,1
123,93,1
124,93,1
125,93,1
126,93,1
127,93,1
128,93,1
129,93,1
130,93,1
131,93,1
132,93,1
133,93,1
134,93,1
135,93,1
136,93,1
137,93,1
138,93,1
139,93,1
140,93,1
141,93,1
142,93,1
143,93,1
144,93,1
145,93,1
146,93,1
147,93,1
148,93,1
149,93,1
150,93,1
151,93,1
152,93,1
153,93,1
154,93,0
155,93,0
156,93,0
157,93,0
158,93,0
159,93,0
160,93,0
161,93,0
162,93,0
163,93,0
164,93,0
165,93,0
166,93,0
167,93,0
168,93,0
169,93,0
170,93,0
171,93,0
172,93,0
173,93,0
174,93,0
175,93,0
176,93,0
177,93,0
178,93,0
179,93,0
180,93,0
181,93,0
182,93,0
183,93,0
184,93,0
185,93,0
186,93,0
187,93,0
188,93,0
189,93,0
190,93,0
191,93,0
192,93,0
193,93,0
194,93,0
195,93,0
196,93,0
197,93,0
198,93,0
199,93,0
200,93,0
201,93,0
202,93,0
203,93,1
204,93,1
205,93,1
206,93,1
207,93,1
208,93,1
209,93,1
210,93,1
211,93,1
212,93,1
213,93,1
214,93,1
215,93,1
216,93,1
217,93,1
218,93,1
219,93,1
220,93,1
221,93,1
222,93,1
223,93,1
224,93,1
225,93,1
226,93,1
227,93,1
228,93,1
229,93,1
230,93,1
231,93,1
232,93,1
233,93,1
234,93,1
235,93,1
236,93,1
237,93,1
238,93,1
239,93,1
240,93,1
241,93,1
242,93,1
243,93,1
244,93,1
245,93,1
246,93,1
247,93,1
248,93,1
249,93,1
250,93,1
251,93,1
252,93,0
253,93,0
254,93,0
255,93,0
256,93,0
257,93,0
258,93,0
259,93,0
260,93,0
261,93,0
262,93,0
263,93,0
264,93,0
265,93,0
266,93,0
267,93,0
268,93,0
269,93,0
270,93,0
271,93,0
272,93,0
273,93,0
274,93,0
275,93,0
276,93,0
277,93,0
278,93,0
279,93,0
280,93,0
281,93,0
282,93,0
283,93,0
284,93,0
285,93,0
286,93,0
287,93,0
288,93,0
289,93,0
290,93,0
291,93,0
1,94,0
2,94,0
3,94,0
4,94,0
5,94,0
6,94,0
7,94,0
8,94,0
9,94,0
10,94,0
11,94,0
12,94,0
13,94,0
14,94,0
15,94,0
16,94,0
17,94,0
18,94,0
19,94,0
20,94,0
21,94,0
22,94,0
23,94,0
24,94,0
25,94,2
26,94,2
27,94,2
28,94,2
29,94,2
30,94,2
31,94,2
32,94,2
33,94,2
34,94,2
35,94,2
36,94,2
37,94,2
38,94,2
39,94,2
40,94,2
41,94,2
42,94,2
43,94,2
44,94,2
45,94,2
46,94,2
47,94,0
48,94,0
49,94,3
50,94,3
51,94,3
52,94,3
53,94,3
54,94,3
55,94,3
56,94,3
57,94,3
58,94,3
59,94,3
60,94,3
61,94,3
62,94,3
63,94,3
64,94,3
65,94,3
66,94,3
67,94,3
68,94,3
69,94,3
70,94,3
71,94,3
72,94,3
73,94,3
74,94,3
75,94,3
76,94,0
77,94,0
78,94,1
79,94,1
80,94,1
81,94,1
82,94,1
83,94,1
84,94,1
85,94,1
86,94,1
87,94,1
88,94,1
89,94,1
90,94,1
91,94,1
92,94,1
93,94,1
94,94,1
95,94,1
96,94,1
97,94,1
98,94,1
99,94,1
100,94,1
101,94,1
102,94,1
103,94,1
104,94,1
105,94,1
106,94,1
107,94,1
108,94,1
109,94,1
110,94,1
111,94,1
112,94,1
113,94,1
114,94,1
115,94,1
116,94,1
117,94,1
118,94,1
119,94,1
120,94,1
121,94,1
122,94,1
123,94,1
124,94,1
125,94,1
126,94,1
127,94,1
128,94,1
129,94,1
130,94,1
131,94,1
132,94,1
133,94,1
134,94,1
135,94,1
136,94,1
137,94,1
138,94,1
139,94,1
140,94,1
141,94,1
142,94,1
143,94,1
144,94,1
145,94,1
146,94,1
147,94,1
148,94,1
149,94,1
150,94,1
151,94,1
152,94,1
153,94,1
154,94,0
155,94,0
156,94,0
157,94,0
158,94,0
159,94,0
160,94,0
161,94,0
162,94,0
163,94,0
164,94,0
165,94,0
166,94,0
167,94,0
168,94,0
169,94,0
170,94,0
171,94,0
172,94,0
173,94,0
174,94,0
175,94,0
176,94,0
177,94,0
178,94,0
179,94,0
180,94,0
181,94,0
182,94,0
183,94,0
184,94,0
185,94,0
186,94,0
187,94,0
188,94,0
189,94,0
190,94,0
191,94,0
192,94,0
193,94,0
194,94,0
195,94,0
196,94,0
197,94,0
198,94,0
199,94,0
200,94,0
201,94,0
202,94,0
203,94,0
204,94,1
205,94,1
206,94,1
207,94,1
208,94,1
209,94,1
210,94,1
211,94,1
212,94,1
213,94,1
214,94,1
215,94,1
216,94,1
217,94,1
218,94,1
219,94,1
220,94,1
221,94,1
222,94,1
223,94,1
224,94,1
225,94,1
226,94,1
227,94,1
228,94,1
229,94,1
230,94,1
231,94,1
232,94,1
233,94,1
234,94,1
235,94,1
236,94,1
237,94,1
238,94,1
239,94,1
240,94,1
241,94,1
242,94,1
243,94,1
244,94,1
245,94,1
246,94,1
247,94,1
248,94,1
249,94,1
250,94,1
251,94,1
252,94,0
253,94,0
254,94,0
255,94,0
256,94,0
257,94,0
258,94,0
259,94,0
260,94,0
261,94,0
262,94,0
263,94,0
264,94,0
265,94,0
266,94,0
267,94,0
268,94,0
269,94,0
270,94,0
271,94,0
272,94,0
273,94,0
274,94,0
275,94,0
276,94,0
277,94,0
278,94,0
279,94,0
280,94,0
281,94,0
282,94,0
283,94,0
284,94,0
285,94,0
286,94,0
287,94,0
288,94,0
289,94,0
290,94,0
291,94,0
1,95,0
2,95,0
3,95,0
4,95,0
5,95,0
6,95,0
7,95,0
8,95,0
9,95,0
10,95,0
11,95,0
12,95,0
13,95,0
14,95,0
15,95,0
16,95,0
17,95,0
18,95,0
19,95,0
20,95,0
21,95,0
22,95,0
23,95,0
24,95,0
25,95,2
26,95,2
27,95,2
28,95,2
29,95,2
30,95,2
31,95,2
32,95,2
33,95,2
34,95,2
35,95,2
36,95,2
37,95,2
38,95,2
39,95,2
40,95,2
41,95,2
42,95,2
43,95,2
44,95,2
45,95,2
46,95,2
47,95,0
48,95,0
49,95,3
50,95,3
51,95,3
52,95,3
53,95,3
54,95,3
55,95,3
56,95,3
57,95,3
58,95,3
59,95,3
60,95,3
61,95,3
62,95,3
63,95,3
64,95,3
65,95,3
66,95,3
67,95,3
68,95,3
69,95,3
70,95,3
71,95,3
72,95,3
73,95,3
74,95,3
75,95,3
76,95,0
77,95,0
78,95,1
79,95,1
80,95,1
81,95,1
82,95,1
83,95,1
84,95,1
85,95,1
86,95,1
87,95,1
88,95,1
89,95,1
90,95,1
91,95,1
92,95,1
93,95,1
94,95,1
95,95,1
96,95,1
97,95,1
98,95,1
99,95,1
100,95,1
101,95,1
102,95,1
103,95,1
104,95,1
105,95,1
106,95,1
107,95,1
108,95,1
109,95,1
110,95,1
111,95,1
112,95,1
113,95,1
114,95,1
115,95,1
116,95,1
117,95,1
118,95,1
119,95,1
120,95,1
121,95,1
122,95,1
123,95,1
124,95,1
125,95,1
126,95,1
127,95,1
128,95,1
129,95,1
130,95,1
131,95,1
132,95,1
133,95,1
134,95,1
135,95,1
136,95,1
137,95,1
138,95,1
139,95,1
140,95,1
141,95,1
142,95,1
143,95,1
144,95,1
145,95,1
146,95,1
147,95,1
148,95,1
149,95,1
150,95,1
151,95,1
152,95,1
153,95,1
154,95,0
155,95,0
156,95,0
157,95,0
158,95,0
159,95,0
160,95,0
161,95,0
162,95,0
163,95,0
164,95,0
165,95,0
166,95,0
167,95,0
168,95,0
169,95,0
170,95,0
171,95,0
172,95,0
173,95,0
174,95,0
175,95,0
176,95,0
177,95,0
178,95,0
179,95,0
180,95,0
181,95,0
182,95,0
183,95,0
184,95,0
185,95,0
186,95,0
187,95,0
188,95,0
189,95,0
190,95,0
191,95,0
192,95,0
193,95,0
194,95,0
195,95,0
196,95,0
197,95,0
198,95,0
199,95,0
200,95,0
201,95,0
202,95,0
203,95,0
204,95,0
205,95,0
206,95,1
207,95,1
208,95,1
209,95,1
210,95,1
211,95,1
212,95,1
213,95,1
214,95,1
215,95,1
216,95,1
217,95,1
218,95,1
219,95,1
220,95,1
221,95,1
222,95,1
223,95,1
224,95,1
225,95,1
226,95,1
227,95,1
228,95,1
229,95,1
230,95,1
231,95,1
232,95,1
233,95,1
234,95,1
235,95,1
236,95,1
237,95,1
238,95,1
239,95,1
240,95,1
241,95,1
242,95,1
243,95,1
244,95,1
245,95,1
246,95,1
247,95,1
248,95,1
249,95,1
250,95,1
251,95,1
252,95,0
253,95,0
254,95,0
255,95,0
256,95,0
257,95,0
258,95,0
259,95,0
260,95,0
261,95,0
262,95,0
263,95,0
264,95,0
265,95,0
266,95,0
267,95,0
268,95,0
269,95,0
270,95,0
271,95,0
272,95,0
273,95,0
274,95,0
275,95,0
276,95,0
277,95,0
278,95,0
279,95,0
280,95,0
281,95,0
282,95,0
283,95,0
284,95,0
285,95,0
286,95,0
287,95,0
288,95,0
289,95,0
290,95,0
291,95,0
1,96,0
2,96,0
3,96,0
4,96,0
5,96,0
6,96,0
7,96,0
8,96,0
9,96,0
10,96,0
11,96,0
12,96,0
13,96,0
14,96,0
15,96,0
16,96,0
17,96,0
18,96,0
19,96,0
20,96,0
21,96,0
22,96,0
23,96,0
24,96,0
25,96,2
26,96,2
27,96,2
28,96,2
29,96,2
30,96,2
31,96,2
32,96,2
33,96,2
34,96,2
35,96,2
36,96,2
37,96,2
38,96,2
39,96,2
40,96,2
41,96,2
42,96,2
43,96,2
44,96,2
45,96,2
46,96,2
47,96,0
48,96,0
49,96,3
50,96,3
51,96,3
52,96,3
53,96,3
54,96,3
55,96,3
56,96,3
57,96,3
58,96,3
59,96,3
60,96,3
61,96,3
62,96,3
63,96,3
64,96,3
65,96,3
66,96,3
67,96,3
68,96,3
69,96,3
70,96,3
71,96,3
72,96,3
73,96,3
74,96,3
75,96,3
76,96,0
77,96,0
78,96,1
79,96,1
80,96,1
81,96,1
82,96,1
83,96,1
84,96,1
85,96,1
86,96,1
87,96,1
88,96,1
89,96,1
90,96,1
91,96,1
92,96,1
93,96,1
94,96,1
95,96,1
96,96,1
97,96,1
98,96,1
99,96,1
100,96,1
101,96,1
102,96,1
103,96,1
104,96,1
105,96,1
106,96,1
107,96,1
108,96,1
109,96,1
110,96,1
111,96,1
112,96,1
113,96,1
114,96,1
115,96,1
116,96,1
117,96,1
118,96,1
119,96,1
120,96,1
121,96,1
122,96,1
123,96,1
124,96,1
125,96,1
126,96,1
127,96,1
128,96,1
129,96,1
130,96,1
131,96,1
132,96,1
133,96,1
134,96,1
135,96,1
136,96,1
137,96,1
138,96,1
139,96,1
140,96,1
141,96,1
142,96,1
143,96,1
144,96,1
145,96,1
146,96,1
147,96,1
148,96,1
149,96,1
150,96,1
151,96,1
152,96,1
153,96,0
154,96,0
155,96,0
156,96,0
157,96,0
158,96,0
159,96,0
160,96,0
161,96,0
162,96,0
163,96,0
164,96,0
165,96,0
166,96,0
167,96,0
168,96,0
169,96,0
170,96,0
171,96,0
172,96,0
173,96,0
174,96,0
175,96,0
176,96,0
177,96,0
178,96,0
179,96,0
180,96,0
181,96,0
182,96,0
183,96,0
184,96,0
185,96,0
186,96,0
187,96,0
188,96,0
189,96,0
190,96,0
191,96,0
192,96,0
193,96,0
194,96,0
195,96,0
196,96,0
197,96,0
198,96,0
199,96,0
200,96,0
201,96,0
202,96,0
203,96,0
204,96,0
205,96,0
206,96,0
207,96,0
208,96,1
209,96,1
210,96,1
211,96,1
212,96,1
213,96,1
214,96,1
215,96,1
216,96,1
217,96,1
218,96,1
219,96,1
220,96,1
221,96,1
222,96,1
223,96,1
224,96,1
225,96,1
226,96,1
227,96,1
228,96,1
229,96,1
230,96,1
231,96,1
232,96,1
233,96,1
234,96,1
235,96,1
236,96,1
237,96,1
238,96,1
239,96,1
240,96,1
241,96,1
242,96,1
243,96,1
244,96,1
245,96,1
246,96,1
247,96,1
248,96,1
249,96,1
250,96,1
251,96,0
252,96,0
253,96,0
254,96,0
255,96,0
256,96,0
257,96,0
258,96,0
259,96,0
260,96,0
261,96,0
262,96,0
263,96,0
264,96,0
265,96,0
266,96,0
267,96,0
268,96,0
269,96,0
270,96,0
271,96,0
272,96,0
273,96,0
274,96,0
275,96,0
276,96,0
277,96,0
278,96,0
279,96,0
280,96,0
281,96,0
282,96,0
283,96,0
284,96,0
285,96,0
286,96,0
287,96,0
288,96,0
289,96,0
290,96,0
291,96,0
1,97,0
2,97,0
3,97,0
4,97,0
5,97,0
6,97,0
7,97,0
8,97,0
9,97,0
10,97,0
11,97,0
12,97,0
13,97,0
14,97,0
15,97,0
16,97,0
17,97,0
18,97,0
19,97,0
20,97,0
21,97,0
22,97,0
23,97,0
24,97,0
25,97,2
26,97,2
27,97,2
28,97,2
29,97,2
30,97,2
31,97,2
32,97,2
33,97,2
34,97,2
35,97,2
36,97,2
37,97,2
38,97,2
39,97,2
40,97,2
41,97,2
42,97,2
43,97,2
44,97,2
45,97,2
46,97,2
47,97,0
48,97,0
49,97,3
50,97,3
51,97,3
52,97,3
53,97,3
54,97,3
55,97,3
56,97,3
57,97,3
58,97,3
59,97,3
60,97,3
61,97,3
62,97,3
63,97,3
64,97,3
65,97,3
66,97,3
67,97,3
68,97,3
69,97,3
70,97,3
71,97,3
72,97,3
73,97,3
74,97,3
75,97,3
76,97,0
77,97,0
78,97,1
79,97,1
80,97,1
81,97,1
82,97,1
83,97,1
84,97,1
85,97,1
86,97,1
87,97,1
88,97,1
89,97,1
90,97,1
91,97,1
92,97,1
93,97,1
94,97,1
95,97,1
96,97,1
97,97,1
98,97,1
99,97,1
100,97,1
101,97,1
102,97,1
103,97,1
104,97,1
105,97,1
106,97,1
107,97,1
108,97,1
109,97,1
110,97,1
111,97,1
112,97,1
113,97,1
114,97,1
115,97,1
116,97,1
117,97,1
118,97,1
119,97,1
120,97,1
121,97,1
122,97,1
123,97,1
124,97,1
125,97,1
126,97,1
127,97,1
128,97,1
129,97,1
130,97,1
131,97,1
132,97,1
133,97,1
134,97,1
135,97,1
136,97,1
137,97,1
138,97,1
139,97,1
140,97,1
141,97,1
142,97,1
143,97,1
144,97,1
145,97,1
146,97,1
147,97,1
148,97,1
149,97,1
150,97,1
151,97,1
152,97,0
153,97,0
154,97,0
155,97,0
156,97,0
157,97,0
158,97,0
159,97,0
160,97,0
161,97,0
162,97,0
163,97,0
164,97,0
165,97,0
166,97,0
167,97,0
168,97,0
169,97,0
170,97,0
171,97,0
172,97,0
173,97,0
174,97,0
175,97,0
176,97,0
177,97,0
178,97,0
179,97,0
180,97,0
181,97,0
182,97,0
183,97,0
184,97,0
185,97,0
186,97,0
187,97,0
188,97,0
189,97,0
190,97,0
191,97,0
192,97,0
193,97,0
194,97,0
195,97,0
196,97,0
197,97,0
198,97,0
199,97,0
200,97,0
201,97,0
202,97,0
203,97,0
204,97,0
205,97,0
206,97,0
207,97,0
208,97,0
209,97,0
210,97,0
211,97,0
212,97,1
213,97,1
214,97,1
215,97,1
216,97,1
217,97,1
218,97,1
219,97,1
220,97,1
221,97,1
222,97,1
223,97,1
224,97,1
225,97,1
226,97,1
227,97,1
228,97,1
229,97,1
230,97,1
231,97,1
232,97,1
233,97,1
234,97,1
235,97,1
236,97,1
237,97,1
238,97,1
239,97,1
240,97,1
241,97,1
242,97,1
243,97,1
244,97,1
245,97,1
246,97,1
247,97,1
248,97,1
249,97,1
250,97,1
251,97,0
252,97,0
253,97,0
254,97,0
255,97,0
256,97,0
257,97,0
258,97,0
259,97,0
260,97,0
261,97,0
262,97,0
263,97,0
264,97,0
265,97,0
266,97,0
267,97,0
268,97,0
269,97,0
270,97,0
271,97,0
272,97,0
273,97,0
274,97,0
275,97,0
276,97,0
277,97,0
278,97,0
279,97,0
280,97,0
281,97,0
282,97,0
283,97,0
284,97,0
285,97,0
286,97,0
287,97,0
288,97,0
289,97,0
290,97,0
291,97,0
1,98,0
2,98,0
3,98,0
4,98,0
5,98,0
6,98,0
7,98,0
8,98,0
9,98,0
10,98,0
11,98,0
12,98,0
13,98,0
14,98,0
15,98,0
16,98,0
17,98,0
18,98,0
19,98,0
20,98,0
21,98,0
22,98,0
23,98,0
24,98,2
25,98,2
26,98,2
27,98,2
28,98,2
29,98,2
30,98,2
31,98,2
32,98,2
33,98,2
34,98,2
35,98,2
36,98,2
37,98,2
38,98,2
39,98,2
40,98,2
41,98,2
42,98,2
43,98,2
44,98,2
45,98,2
46,98,2
47,98,0
48,98,0
49,98,3
50,98,3
51,98,3
52,98,3
53,98,3
54,98,3
55,98,3
56,98,3
57,98,3
58,98,3
59,98,3
60,98,3
61,98,3
62,98,3
63,98,3
64,98,3
65,98,3
66,98,3
67,98,3
68,98,3
69,98,3
70,98,3
71,98,3
72,98,3
73,98,3
74,98,3
75,98,3
76,98,3
77,98,1
78,98,1
79,98,1
80,98,1
81,98,1
82,98,1
83,98,1
84,98,1
85,98,1
86,98,1
87,98,1
88,98,1
89,98,1
90,98,1
91,98,1
92,98,1
93,98,1
94,98,1
95,98,1
96,98,1
97,98,1
98,98,1
99,98,1
100,98,1
101,98,1
102,98,1
103,98,1
104,98,1
105,98,1
106,98,1
107,98,1
108,98,1
109,98,1
110,98,1
111,98,1
112,98,1
113,98,1
114,98,1
115,98,1
116,98,1
117,98,1
118,98,1
119,98,1
120,98,1
121,98,1
122,98,1
123,98,1
124,98,1
125,98,1
126,98,1
127,98,1
128,98,1
129,98,1
130,98,1
131,98,1
132,98,1
133,98,1
134,98,1
135,98,1
136,98,1
137,98,1
138,98,1
139,98,1
140,98,1
141,98,1
142,98,1
143,98,1
144,98,1
145,98,1
146,98,1
147,98,1
148,98,1
149,98,1
150,98,1
151,98,1
152,98,0
153,98,0
154,98,0
155,98,0
156,98,0
157,98,0
158,98,0
159,98,0
160,98,0
161,98,0
162,98,0
163,98,0
164,98,0
165,98,0
166,98,0
167,98,0
168,98,0
169,98,0
170,98,0
171,98,0
172,98,0
173,98,0
174,98,0
175,98,0
176,98,0
177,98,0
178,98,0
179,98,0
180,98,0
181,98,0
182,98,0
183,98,0
184,98,0
185,98,0
186,98,0
187,98,0
188,98,0
189,98,0
190,98,0
191,98,0
192,98,0
193,98,0
194,98,0
195,98,0
196,98,0
197,98,0
198,98,0
199,98,0
200,98,0
201,98,0
202,98,0
203,98,0
204,98,0
205,98,0
206,98,0
207,98,0
208,98,0
209,98,0
210,98,0
211,98,0
212,98,0
213,98,0
214,98,0
215,98,0
216,98,0
217,98,0
218,98,1
219,98,1
220,98,1
221,98,1
222,98,1
223,98,1
224,98,1
225,98,1
226,98,1
227,98,1
228,98,1
229,98,1
230,98,1
231,98,1
232,98,1
233,98,1
234,98,1
235,98,1
236,98,1
237,98,1
238,98,1
239,98,1
240,98,1
241,98,1
242,98,1
243,98,1
244,98,1
245,98,1
246,98,1
247,98,1
248,98,1
249,98,1
250,98,0
251,98,0
252,98,0
253,98,0
254,98,0
255,98,0
256,98,0
257,98,0
258,98,0
259,98,0
260,98,0
261,98,0
262,98,0
263,98,0
264,98,0
265,98,0
266,98,0
267,98,0
268,98,0
269,98,0
270,98,0
271,98,0
272,98,0
273,98,0
274,98,0
275,98,0
276,98,0
277,98,0
278,98,0
279,98,0
280,98,0
281,98,0
282,98,0
283,98,0
284,98,0
285,98,0
286,98,0
287,98,0
288,98,0
289,98,0
290,98,0
291,98,0
1,99,0
2,99,0
3,99,0
4,99,0
5,99,0
6,99,0
7,99,0
8,99,0
9,99,0
10,99,0
11,99,0
12,99,0
13,99,0
14,99,0
15,99,0
16,99,0
17,99,0
18,99,0
19,99,0
20,99,0
21,99,0
22,99,0
23,99,0
24,99,2
25,99,2
26,99,2
27,99,2
28,99,2
29,99,2
30,99,2
31,99,2
32,99,2
33,99,2
34,99,2
35,99,2
36,99,2
37,99,2
38,99,2
39,99,2
40,99,2
41,99,2
42,99,2
43,99,2
44,99,2
45,99,2
46,99,0
47,99,0
48,99,0
49,99,3
50,99,3
51,99,3
52,99,3
53,99,3
54,99,3
55,99,3
56,99,3
57,99,3
58,99,3
59,99,3
60,99,3
61,99,3
62,99,3
63,99,3
64,99,3
65,99,3
66,99,3
67,99,3
68,99,3
69,99,3
70,99,3
71,99,3
72,99,3
73,99,3
74,99,3
75,99,3
76,99,3
77,99,0
78,99,1
79,99,1
80,99,1
81,99,1
82,99,1
83,99,1
84,99,1
85,99,1
86,99,1
87,99,1
88,99,1
89,99,1
90,99,1
91,99,1
92,99,1
93,99,1
94,99,1
95,99,1
96,99,1
97,99,1
98,99,1
99,99,1
100,99,1
101,99,1
102,99,1
103,99,1
104,99,1
105,99,1
106,99,1
107,99,1
108,99,1
109,99,1
110,99,1
111,99,1
112,99,1
113,99,1
114,99,1
115,99,1
116,99,1
117,99,1
118,99,1
119,99,1
120,99,1
121,99,1
122,99,1
123,99,1
124,99,1
125,99,1
126,99,1
127,99,1
128,99,1
129,99,1
130,99,1
131,99,1
132,99,1
133,99,1
134,99,1
135,99,1
136,99,1
137,99,1
138,99,1
139,99,1
140,99,1
141,99,1
142,99,1
143,99,1
144,99,1
145,99,1
146,99,1
147,99,1
148,99,1
149,99,1
150,99,1
151,99,1
152,99,0
153,99,0
154,99,0
155,99,0
156,99,0
157,99,0
158,99,0
159,99,0
160,99,0
161,99,0
162,99,0
163,99,0
164,99,0
165,99,0
166,99,0
167,99,0
168,99,0
169,99,0
170,99,0
171,99,0
172,99,0
173,99,0
174,99,0
175,99,0
176,99,0
177,99,0
178,99,0
179,99,0
180,99,0
181,99,0
182,99,0
183,99,0
184,99,0
185,99,0
186,99,0
187,99,0
188,99,0
189,99,0
190,99,0
191,99,0
192,99,0
193,99,0
194,99,0
195,99,0
196,99,0
197,99,0
198,99,0
199,99,0
200,99,0
201,99,0
202,99,0
203,99,0
204,99,0
205,99,0
206,99,0
207,99,0
208,99,0
209,99,0
210,99,0
211,99,0
212,99,0
213,99,0
214,99,0
215,99,0
216,99,0
217,99,0
218,99,0
219,99,0
220,99,1
221,99,1
222,99,1
223,99,1
224,99,1
225,99,1
226,99,1
227,99,1
228,99,1
229,99,1
230,99,1
231,99,1
232,99,1
233,99,1
234,99,1
235,99,1
236,99,1
237,99,1
238,99,1
239,99,1
240,99,1
241,99,1
242,99,1
243,99,1
244,99,1
245,99,1
246,99,1
247,99,1
248,99,1
249,99,0
250,99,0
251,99,0
252,99,0
253,99,0
254,99,0
255,99,0
256,99,0
257,99,0
258,99,0
259,99,0
260,99,0
261,99,0
262,99,0
263,99,0
264,99,0
265,99,0
266,99,0
267,99,0
268,99,0
269,99,0
270,99,0
271,99,0
272,99,0
273,99,0
274,99,0
275,99,0
276,99,0
277,99,0
278,99,0
279,99,0
280,99,0
281,99,0
282,99,0
283,99,0
284,99,0
285,99,0
286,99,0
287,99,0
288,99,0
289,99,0
290,99,0
291,99,0
1,100,0
2,100,0
3,100,0
4,100,0
5,100,0
6,100,0
7,100,0
8,100,0
9,100,0
10,100,0
11,100,0
12,100,0
13,100,0
14,100,0
15,100,0
16,100,0
17,100,0
18,100,0
19,100,0
20,100,0
21,100,0
22,100,0
23,100,0
24,100,2
25,100,2
26,100,2
27,100,2
28,100,2
29,100,2
30,100,2
31,100,2
32,100,2
33,100,2
34,100,2
35,100,2
36,100,2
37,100,2
38,100,2
39,100,2
40,100,2
41,100,2
42,100,2
43,100,2
44,100,2
45,100,2
46,100,0
47,100,0
48,100,0
49,100,3
50,100,3
51,100,3
52,100,3
53,100,3
54,100,3
55,100,3
56,100,3
57,100,3
58,100,3
59,100,3
60,100,3
61,100,3
62,100,3
63,100,3
64,100,3
65,100,3
66,100,3
67,100,3
68,100,3
69,100,3
70,100,3
71,100,3
72,100,3
73,100,3
74,100,3
75,100,3
76,100,3
77,100,0
78,100,1
79,100,1
80,100,1
81,100,1
82,100,1
83,100,1
84,100,1
85,100,1
86,100,1
87,100,1
88,100,1
89,100,1
90,100,1
91,100,1
92,100,1
93,100,1
94,100,1
95,100,1
96,100,1
97,100,1
98,100,1
99,100,1
100,100,1
101,100,1
102,100,1
103,100,1
104,100,1
105,100,1
106,100,1
107,100,1
108,100,1
109,100,1
110,100,1
111,100,1
112,100,1
113,100,1
114,100,1
115,100,1
116,100,1
117,100,1
118,100,1
119,100,1
120,100,1
121,100,1
122,100,1
123,100,1
124,100,1
125,100,1
126,100,1
127,100,1
128,100,1
129,100,1
130,100,1
131,100,1
132,100,1
133,100,1
134,100,1
135,100,1
136,100,1
137,100,1
138,100,1
139,100,1
140,100,1
141,100,1
142,100,1
143,100,1
144,100,1
145,100,1
146,100,1
147,100,1
148,100,1
149,100,1
150,100,0
151,100,0
152,100,0
153,100,0
154,100,0
155,100,0
156,100,0
157,100,0
158,100,0
159,100,0
160,100,0
161,100,0
162,100,0
163,100,0
164,100,0
165,100,0
166,100,0
167,100,0
168,100,0
169,100,0
170,100,0
171,100,0
172,100,0
173,100,0
174,100,0
175,100,0
176,100,0
177,100,0
178,100,0
179,100,0
180,100,0
181,100,0
182,100,0
183,100,0
184,100,0
185,100,0
186,100,0
187,100,0
188,100,0
189,100,0
190,100,0
191,100,0
192,100,0
193,100,0
194,100,0
195,100,0
196,100,0
197,100,0
198,100,0
199,100,0
200,100,0
201,100,0
202,100,0
203,100,0
204,100,0
205,100,0
206,100,0
207,100,0
208,100,0
209,100,0
210,100,0
211,100,0
212,100,0
213,100,0
214,100,0
215,100,0
216,100,0
217,100,0
218,100,0
219,100,0
220,100,1
221,100,1
222,100,1
223,100,1
224,100,1
225,100,1
226,100,1
227,100,1
228,100,1
229,100,1
230,100,1
231,100,1
232,100,1
233,100,1
234,100,1
235,100,1
236,100,1
237,100,1
238,100,1
239,100,1
240,100,1
241,100,1
242,100,1
243,100,1
244,100,1
245,100,1
246,100,1
247,100,1
248,100,0
249,100,0
250,100,0
251,100,0
252,100,0
253,100,0
254,100,0
255,100,0
256,100,0
257,100,0
258,100,0
259,100,0
260,100,0
261,100,0
262,100,0
263,100,0
264,100,0
265,100,0
266,100,0
267,100,0
268,100,0
269,100,0
270,100,0
271,100,0
272,100,0
273,100,0
274,100,0
275,100,0
276,100,0
277,100,0
278,100,0
279,100,0
280,100,0
281,100,0
282,100,0
283,100,0
284,100,0
285,100,0
286,100,0
287,100,0
288,100,0
289,100,0
290,100,0
291,100,0
1,101,0
2,101,0
3,101,0
4,101,0
5,101,0
6,101,0
7,101,0
8,101,0
9,101,0
10,101,0
11,101,0
12,101,0
13,101,0
14,101,0
15,101,0
16,101,0
17,101,0
18,101,0
19,101,0
20,101,0
21,101,0
22,101,0
23,101,0
24,101,2
25,101,2
26,101,2
27,101,2
28,101,2
29,101,2
30,101,2
31,101,2
32,101,2
33,101,2
34,101,2
35,101,2
36,101,2
37,101,2
38,101,2
39,101,2
40,101,2
41,101,2
42,101,2
43,101,2
44,101,2
45,101,2
46,101,0
47,101,0
48,101,0
49,101,3
50,101,3
51,101,3
52,101,3
53,101,3
54,101,3
55,101,3
56,101,3
57,101,3
58,101,3
59,101,3
60,101,3
61,101,3
62,101,3
63,101,3
64,101,3
65,101,3
66,101,3
67,101,3
68,101,3
69,101,3
70,101,3
71,101,3
72,101,3
73,101,3
74,101,3
75,101,3
76,101,3
77,101,0
78,101,1
79,101,1
80,101,1
81,101,1
82,101,1
83,101,1
84,101,1
85,101,1
86,101,1
87,101,1
88,101,1
89,101,1
90,101,1
91,101,1
92,101,1
93,101,1
94,101,1
95,101,1
96,101,1
97,101,1
98,101,1
99,101,1
100,101,1
101,101,1
102,101,1
103,101,1
104,101,1
105,101,1
106,101,1
107,101,1
108,101,1
109,101,1
110,101,1
111,101,1
112,101,1
113,101,1
114,101,1
115,101,1
116,101,1
117,101,1
118,101,1
119,101,1
120,101,1
121,101,1
122,101,1
123,101,1
124,101,1
125,101,1
126,101,1
127,101,1
128,101,1
129,101,1
130,101,1
131,101,1
132,101,1
133,101,1
134,101,1
135,101,1
136,101,1
137,101,1
138,101,1
139,101,1
140,101,1
141,101,1
142,101,1
143,101,1
144,101,1
145,101,1
146,101,1
147,101,1
148,101,1
149,101,0
150,101,0
151,101,0
152,101,0
153,101,0
154,101,0
155,101,0
156,101,0
157,101,0
158,101,0
159,101,0
160,101,0
161,101,0
162,101,0
163,101,0
164,101,0
165,101,0
166,101,0
167,101,0
168,101,0
169,101,0
170,101,0
171,101,0
172,101,0
173,101,0
174,101,0
175,101,0
176,101,0
177,101,0
178,101,0
179,101,0
180,101,0
181,101,0
182,101,0
183,101,0
184,101,0
185,101,0
186,101,0
187,101,0
188,101,0
189,101,0
190,101,0
191,101,0
192,101,0
193,101,0
194,101,0
195,101,0
196,101,0
197,101,0
198,101,0
199,101,0
200,101,0
201,101,0
202,101,0
203,101,0
204,101,0
205,101,0
206,101,0
207,101,0
208,101,0
209,101,0
210,101,0
211,101,0
212,101,0
213,101,0
214,101,0
215,101,0
216,101,0
217,101,0
218,101,0
219,101,0
220,101,1
221,101,1
222,101,1
223,101,1
224,101,1
225,101,1
226,101,1
227,101,1
228,101,1
229,101,1
230,101,1
231,101,1
232,101,1
233,101,1
234,101,1
235,101,1
236,101,1
237,101,1
238,101,1
239,101,1
240,101,1
241,101,1
242,101,1
243,101,1
244,101,1
245,101,1
246,101,1
247,101,0
248,101,0
249,101,0
250,101,0
251,101,0
252,101,0
253,101,0
254,101,0
255,101,0
256,101,0
257,101,0
258,101,0
259,101,0
260,101,0
261,101,0
262,101,0
263,101,0
264,101,0
265,101,0
266,101,0
267,101,0
268,101,0
269,101,0
270,101,0
271,101,0
272,101,0
273,101,0
274,101,0
275,101,0
276,101,0
277,101,0
278,101,0
279,101,0
280,101,0
281,101,0
282,101,0
283,101,0
284,101,0
285,101,0
286,101,0
287,101,0
288,101,0
289,101,0
290,101,0
291,101,0
1,102,0
2,102,0
3,102,0
4,102,0
5,102,0
6,102,0
7,102,0
8,102,0
9,102,0
10,102,0
11,102,0
12,102,0
13,102,0
14,102,0
15,102,0
16,102,0
17,102,0
18,102,0
19,102,0
20,102,0
21,102,0
22,102,0
23,102,0
24,102,2
25,102,2
26,102,2
27,102,2
28,102,2
29,102,2
30,102,2
31,102,2
32,102,2
33,102,2
34,102,2
35,102,2
36,102,2
37,102,2
38,102,2
39,102,2
40,102,2
41,102,2
42,102,2
43,102,2
44,102,2
45,102,2
46,102,0
47,102,0
48,102,0
49,102,3
50,102,3
51,102,3
52,102,3
53,102,3
54,102,3
55,102,3
56,102,3
57,102,3
58,102,3
59,102,3
60,102,3
61,102,3
62,102,3
63,102,3
64,102,3
65,102,3
66,102,3
67,102,3
68,102,3
69,102,3
70,102,3
71,102,3
72,102,3
73,102,3
74,102,3
75,102,3
76,102,3
77,102,0
78,102,1
79,102,1
80,102,1
81,102,1
82,102,1
83,102,1
84,102,1
85,102,1
86,102,1
87,102,1
88,102,1
89,102,1
90,102,1
91,102,1
92,102,1
93,102,1
94,102,1
95,102,1
96,102,1
97,102,1
98,102,1
99,102,1
100,102,1
101,102,1
102,102,1
103,102,1
104,102,1
105,102,1
106,102,1
107,102,1
108,102,1
109,102,1
110,102,1
111,102,1
112,102,1
113,102,1
114,102,1
115,102,1
116,102,1
117,102,1
118,102,1
119,102,1
120,102,1
121,102,1
122,102,1
123,102,1
124,102,1
125,102,1
126,102,1
127,102,1
128,102,1
129,102,1
130,102,1
131,102,1
132,102,1
133,102,1
134,102,1
135,102,1
136,102,1
137,102,1
138,102,1
139,102,1
140,102,1
141,102,1
142,102,1
143,102,1
144,102,1
145,102,1
146,102,1
147,102,1
148,102,1
149,102,0
150,102,0
151,102,0
152,102,0
153,102,0
154,102,0
155,102,0
156,102,0
157,102,0
158,102,0
159,102,0
160,102,0
161,102,0
162,102,0
163,102,0
164,102,0
165,102,0
166,102,0
167,102,0
168,102,0
169,102,0
170,102,0
171,102,0
172,102,0
173,102,0
174,102,0
175,102,0
176,102,0
177,102,0
178,102,0
179,102,0
180,102,0
181,102,0
182,102,0
183,102,0
184,102,0
185,102,0
186,102,0
187,102,0
188,102,0
189,102,0
190,102,0
191,102,0
192,102,0
193,102,0
194,102,0
195,102,0
196,102,0
197,102,0
198,102,0
199,102,0
200,102,0
201,102,0
202,102,0
203,102,0
204,102,0
205,102,0
206,102,0
207,102,0
208,102,0
209,102,0
210,102,0
211,102,0
212,102,0
213,102,0
214,102,0
215,102,0
216,102,0
217,102,0
218,102,0
219,102,0
220,102,0
221,102,1
222,102,1
223,102,1
224,102,1
225,102,1
226,102,1
227,102,1
228,102,1
229,102,1
230,102,1
231,102,1
232,102,1
233,102,1
234,102,1
235,102,1
236,102,1
237,102,1
238,102,1
239,102,1
240,102,1
241,102,1
242,102,1
243,102,1
244,102,1
245,102,1
246,102,1
247,102,0
248,102,0
249,102,0
250,102,0
251,102,0
252,102,0
253,102,0
254,102,0
255,102,0
256,102,0
257,102,0
258,102,0
259,102,0
260,102,0
261,102,0
262,102,0
263,102,0
264,102,0
265,102,0
266,102,0
267,102,0
268,102,0
269,102,0
270,102,0
271,102,0
272,102,0
273,102,0
274,102,0
275,102,0
276,102,0
277,102,0
278,102,0
279,102,0
280,102,0
281,102,0
282,102,0
283,102,0
284,102,0
285,102,0
286,102,0
287,102,0
288,102,0
289,102,0
290,102,0
291,102,0
1,103,0
2,103,0
3,103,0
4,103,0
5,103,0
6,103,0
7,103,0
8,103,0
9,103,0
10,103,0
11,103,0
12,103,0
13,103,0
14,103,0
15,103,0
16,103,0
17,103,0
18,103,0
19,103,0
20,103,0
21,103,0
22,103,0
23,103,0
24,103,2
25,103,2
26,103,2
27,103,2
28,103,2
29,103,2
30,103,2
31,103,2
32,103,2
33,103,2
34,103,2
35,103,2
36,103,2
37,103,2
38,103,2
39,103,2
40,103,2
41,103,2
42,103,2
43,103,2
44,103,2
45,103,2
46,103,0
47,103,0
48,103,0
49,103,3
50,103,3
51,103,3
52,103,3
53,103,3
54,103,3
55,103,3
56,103,3
57,103,3
58,103,3
59,103,3
60,103,3
61,103,3
62,103,3
63,103,3
64,103,3
65,103,3
66,103,3
67,103,3
68,103,3
69,103,3
70,103,3
71,103,3
72,103,3
73,103,3
74,103,3
75,103,3
76,103,3
77,103,0
78,103,1
79,103,1
80,103,1
81,103,1
82,103,1
83,103,1
84,103,1
85,103,1
86,103,1
87,103,1
88,103,1
89,103,1
90,103,1
91,103,1
92,103,1
93,103,1
94,103,1
95,103,1
96,103,1
97,103,1
98,103,1
99,103,1
100,103,1
101,103,1
102,103,1
103,103,1
104,103,1
105,103,1
106,103,1
107,103,1
108,103,1
109,103,1
110,103,1
111,103,1
112,103,1
113,103,1
114,103,1
115,103,1
116,103,1
117,103,1
118,103,1
119,103,1
120,103,1
121,103,1
122,103,1
123,103,1
124,103,1
125,103,1
126,103,1
127,103,1
128,103,1
129,103,1
130,103,1
131,103,1
132,103,1
133,103,1
134,103,1
135,103,1
136,103,1
137,103,1
138,103,1
139,103,1
140,103,1
141,103,1
142,103,1
143,103,1
144,103,1
145,103,1
146,103,0
147,103,0
148,103,0
149,103,0
150,103,0
151,103,0
152,103,0
153,103,0
154,103,0
155,103,0
156,103,0
157,103,0
158,103,0
159,103,0
160,103,0
161,103,0
162,103,0
163,103,0
164,103,0
165,103,0
166,103,0
167,103,0
168,103,0
169,103,0
170,103,0
171,103,0
172,103,0
173,103,0
174,103,0
175,103,0
176,103,0
177,103,0
178,103,0
179,103,0
180,103,0
181,103,0
182,103,0
183,103,0
184,103,0
185,103,0
186,103,0
187,103,0
188,103,0
189,103,0
190,103,0
191,103,0
192,103,0
193,103,0
194,103,0
195,103,0
196,103,0
197,103,0
198,103,0
199,103,0
200,103,0
201,103,0
202,103,0
203,103,0
204,103,0
205,103,0
206,103,0
207,103,0
208,103,0
209,103,0
210,103,0
211,103,0
212,103,0
213,103,0
214,103,0
215,103,0
216,103,0
217,103,0
218,103,0
219,103,0
220,103,0
221,103,1
222,103,1
223,103,1
224,103,1
225,103,1
226,103,1
227,103,1
228,103,1
229,103,1
230,103,1
231,103,1
232,103,1
233,103,1
234,103,1
235,103,1
236,103,1
237,103,1
238,103,1
239,103,1
240,103,1
241,103,1
242,103,1
243,103,1
244,103,1
245,103,1
246,103,0
247,103,0
248,103,0
249,103,0
250,103,0
251,103,0
252,103,0
253,103,0
254,103,0
255,103,0
256,103,0
257,103,0
258,103,0
259,103,0
260,103,0
261,103,0
262,103,0
263,103,0
264,103,0
265,103,0
266,103,0
267,103,0
268,103,0
269,103,0
270,103,0
271,103,0
272,103,0
273,103,0
274,103,0
275,103,0
276,103,0
277,103,0
278,103,0
279,103,0
280,103,0
281,103,0
282,103,0
283,103,0
284,103,0
285,103,0
286,103,0
287,103,0
288,103,0
289,103,0
290,103,0
291,103,0
1,104,0
2,104,0
3,104,0
4,104,0
5,104,0
6,104,0
7,104,0
8,104,0
9,104,0
10,104,0
11,104,0
12,104,0
13,104,0
14,104,0
15,104,0
16,104,0
17,104,0
18,104,0
19,104,0
20,104,0
21,104,0
22,104,0
23,104,0
24,104,2
25,104,2
26,104,2
27,104,2
28,104,2
29,104,2
30,104,2
31,104,2
32,104,2
33,104,2
34,104,2
35,104,2
36,104,2
37,104,2
38,104,2
39,104,2
40,104,2
41,104,2
42,104,2
43,104,2
44,104,2
45,104,2
46,104,0
47,104,0
48,104,3
49,104,3
50,104,3
51,104,3
52,104,3
53,104,3
54,104,3
55,104,3
56,104,3
57,104,3
58,104,3
59,104,3
60,104,3
61,104,3
62,104,3
63,104,3
64,104,3
65,104,3
66,104,3
67,104,3
68,104,3
69,104,3
70,104,3
71,104,3
72,104,3
73,104,3
74,104,3
75,104,3
76,104,0
77,104,0
78,104,1
79,104,1
80,104,1
81,104,1
82,104,1
83,104,1
84,104,1
85,104,1
86,104,1
87,104,1
88,104,1
89,104,1
90,104,1
91,104,1
92,104,1
93,104,1
94,104,1
95,104,1
96,104,1
97,104,1
98,104,1
99,104,1
100,104,1
101,104,1
102,104,1
103,104,1
104,104,1
105,104,1
106,104,1
107,104,1
108,104,1
109,104,1
110,104,1
111,104,1
112,104,1
113,104,1
114,104,1
115,104,1
116,104,1
117,104,1
118,104,1
119,104,1
120,104,1
121,104,1
122,104,1
123,104,1
124,104,1
125,104,1
126,104,1
127,104,1
128,104,1
129,104,1
130,104,1
131,104,1
132,104,1
133,104,1
134,104,1
135,104,1
136,104,1
137,104,1
138,104,1
139,104,1
140,104,1
141,104,1
142,104,1
143,104,1
144,104,1
145,104,1
146,104,0
147,104,0
148,104,0
149,104,0
150,104,0
151,104,0
152,104,0
153,104,0
154,104,0
155,104,0
156,104,0
157,104,0
158,104,0
159,104,0
160,104,0
161,104,0
162,104,0
163,104,0
164,104,0
165,104,0
166,104,0
167,104,0
168,104,0
169,104,0
170,104,0
171,104,0
172,104,0
173,104,0
174,104,0
175,104,0
176,104,0
177,104,0
178,104,0
179,104,0
180,104,0
181,104,0
182,104,0
183,104,0
184,104,0
185,104,0
186,104,0
187,104,0
188,104,0
189,104,0
190,104,0
191,104,0
192,104,0
193,104,0
194,104,0
195,104,0
196,104,0
197,104,0
198,104,0
199,104,0
200,104,0
201,104,0
202,104,0
203,104,0
204,104,0
205,104,0
206,104,0
207,104,0
208,104,0
209,104,0
210,104,0
211,104,0
212,104,0
213,104,0
214,104,0
215,104,0
216,104,0
217,104,0
218,104,0
219,104,0
220,104,0
221,104,0
222,104,0
223,104,0
224,104,0
225,104,1
226,104,1
227,104,1
228,104,1
229,104,1
230,104,1
231,104,1
232,104,1
233,104,1
234,104,1
235,104,1
236,104,1
237,104,1
238,104,1
239,104,1
240,104,1
241,104,1
242,104,1
243,104,1
244,104,1
245,104,1
246,104,0
247,104,0
248,104,0
249,104,0
250,104,0
251,104,0
252,104,0
253,104,0
254,104,0
255,104,0
256,104,0
257,104,0
258,104,0
259,104,0
260,104,0
261,104,0
262,104,0
263,104,0
264,104,0
265,104,0
266,104,0
267,104,0
268,104,0
269,104,0
270,104,0
271,104,0
272,104,0
273,104,0
274,104,0
275,104,0
276,104,0
277,104,0
278,104,0
279,104,0
280,104,0
281,104,0
282,104,0
283,104,0
284,104,0
285,104,0
286,104,0
287,104,0
288,104,0
289,104,0
290,104,0
291,104,0
1,105,0
2,105,0
3,105,0
4,105,0
5,105,0
6,105,0
7,105,0
8,105,0
9,105,0
10,105,0
11,105,0
12,105,0
13,105,0
14,105,0
15,105,0
16,105,0
17,105,0
18,105,0
19,105,0
20,105,0
21,105,0
22,105,0
23,105,0
24,105,2
25,105,2
26,105,2
27,105,2
28,105,2
29,105,2
30,105,2
31,105,2
32,105,2
33,105,2
34,105,2
35,105,2
36,105,2
37,105,2
38,105,2
39,105,2
40,105,2
41,105,2
42,105,2
43,105,2
44,105,2
45,105,0
46,105,0
47,105,3
48,105,3
49,105,3
50,105,3
51,105,3
52,105,3
53,105,3
54,105,3
55,105,3
56,105,3
57,105,3
58,105,3
59,105,3
60,105,3
61,105,3
62,105,3
63,105,0
64,105,0
65,105,0
66,105,0
67,105,0
68,105,0
69,105,0
70,105,3
71,105,3
72,105,3
73,105,3
74,105,0
75,105,0
76,105,0
77,105,1
78,105,1
79,105,1
80,105,1
81,105,1
82,105,1
83,105,1
84,105,1
85,105,1
86,105,1
87,105,1
88,105,1
89,105,1
90,105,1
91,105,1
92,105,1
93,105,1
94,105,1
95,105,1
96,105,1
97,105,1
98,105,1
99,105,1
100,105,1
101,105,1
102,105,1
103,105,1
104,105,1
105,105,1
106,105,1
107,105,1
108,105,1
109,105,1
110,105,1
111,105,1
112,105,1
113,105,1
114,105,1
115,105,1
116,105,1
117,105,1
118,105,1
119,105,1
120,105,1
121,105,1
122,105,1
123,105,1
124,105,1
125,105,1
126,105,1
127,105,1
128,105,1
129,105,1
130,105,1
131,105,1
132,105,1
133,105,1
134,105,1
135,105,1
136,105,1
137,105,1
138,105,1
139,105,1
140,105,1
141,105,1
142,105,1
143,105,1
144,105,0
145,105,0
146,105,0
147,105,0
148,105,0
149,105,0
150,105,0
151,105,0
152,105,0
153,105,0
154,105,0
155,105,0
156,105,0
157,105,0
158,105,0
159,105,0
160,105,0
161,105,0
162,105,0
163,105,0
164,105,0
165,105,0
166,105,0
167,105,0
168,105,0
169,105,0
170,105,0
171,105,0
172,105,0
173,105,0
174,105,0
175,105,0
176,105,0
177,105,0
178,105,0
179,105,0
180,105,0
181,105,0
182,105,0
183,105,0
184,105,0
185,105,0
186,105,0
187,105,0
188,105,0
189,105,0
190,105,0
191,105,0
192,105,0
193,105,0
194,105,0
195,105,0
196,105,0
197,105,0
198,105,0
199,105,0
200,105,0
201,105,0
202,105,0
203,105,0
204,105,0
205,105,0
206,105,0
207,105,0
208,105,0
209,105,0
210,105,0
211,105,0
212,105,0
213,105,0
214,105,0
215,105,0
216,105,0
217,105,0
218,105,0
219,105,0
220,105,0
221,105,0
222,105,0
223,105,0
224,105,0
225,105,0
226,105,0
227,105,0
228,105,0
229,105,0
230,105,1
231,105,1
232,105,1
233,105,1
234,105,1
235,105,1
236,105,1
237,105,1
238,105,1
239,105,1
240,105,1
241,105,1
242,105,1
243,105,1
244,105,1
245,105,0
246,105,0
247,105,0
248,105,0
249,105,0
250,105,0
251,105,0
252,105,0
253,105,0
254,105,0
255,105,0
256,105,0
257,105,0
258,105,0
259,105,0
260,105,0
261,105,0
262,105,0
263,105,0
264,105,0
265,105,0
266,105,0
267,105,0
268,105,0
269,105,0
270,105,0
271,105,0
272,105,0
273,105,0
274,105,0
275,105,0
276,105,0
277,105,0
278,105,0
279,105,0
280,105,0
281,105,0
282,105,0
283,105,0
284,105,0
285,105,0
286,105,0
287,105,0
288,105,0
289,105,0
290,105,0
291,105,0
1,106,0
2,106,0
3,106,0
4,106,0
5,106,0
6,106,0
7,106,0
8,106,0
9,106,0
10,106,0
11,106,0
12,106,0
13,106,0
14,106,0
15,106,0
16,106,0
17,106,0
18,106,0
19,106,0
20,106,0
21,106,0
22,106,0
23,106,2
24,106,2
25,106,2
26,106,2
27,106,2
28,106,2
29,106,2
30,106,2
31,106,2
32,106,2
33,106,2
34,106,2
35,106,2
36,106,2
37,106,2
38,106,2
39,106,2
40,106,2
41,106,2
42,106,2
43,106,2
44,106,0
45,106,0
46,106,0
47,106,3
48,106,3
49,106,3
50,106,3
51,106,3
52,106,3
53,106,3
54,106,3
55,106,3
56,106,3
57,106,3
58,106,3
59,106,3
60,106,3
61,106,0
62,106,0
63,106,0
64,106,0
65,106,0
66,106,0
67,106,0
68,106,0
69,106,0
70,106,0
71,106,0
72,106,0
73,106,0
74,106,0
75,106,1
76,106,1
77,106,1
78,106,1
79,106,1
80,106,1
81,106,1
82,106,1
83,106,1
84,106,1
85,106,1
86,106,1
87,106,1
88,106,1
89,106,1
90,106,1
91,106,1
92,106,1
93,106,1
94,106,1
95,106,1
96,106,1
97,106,1
98,106,1
99,106,1
100,106,1
101,106,1
102,106,1
103,106,1
104,106,1
105,106,1
106,106,1
107,106,1
108,106,1
109,106,1
110,106,1
111,106,1
112,106,1
113,106,1
114,106,1
115,106,1
116,106,1
117,106,1
118,106,1
119,106,1
120,106,1
121,106,1
122,106,1
123,106,1
124,106,1
125,106,1
126,106,1
127,106,1
128,106,1
129,106,1
130,106,1
131,106,1
132,106,1
133,106,1
134,106,1
135,106,1
136,106,1
137,106,1
138,106,1
139,106,1
140,106,1
141,106,1
142,106,1
143,106,1
144,106,0
145,106,0
146,106,0
147,106,0
148,106,0
149,106,0
150,106,0
151,106,0
152,106,0
153,106,0
154,106,0
155,106,0
156,106,0
157,106,0
158,106,0
159,106,0
160,106,0
161,106,0
162,106,0
163,106,0
164,106,0
165,106,0
166,106,0
167,106,0
168,106,0
169,106,0
170,106,0
171,106,0
172,106,0
173,106,0
174,106,0
175,106,0
176,106,0
177,106,0
178,106,0
179,106,0
180,106,0
181,106,0
182,106,0
183,106,0
184,106,0
185,106,0
186,106,0
187,106,0
188,106,0
189,106,0
190,106,0
191,106,0
192,106,0
193,106,0
194,106,0
195,106,0
196,106,0
197,106,0
198,106,0
199,106,0
200,106,0
201,106,0
202,106,0
203,106,0
204,106,0
205,106,0
206,106,0
207,106,0
208,106,0
209,106,0
210,106,0
211,106,0
212,106,0
213,106,0
214,106,0
215,106,0
216,106,0
217,106,0
218,106,0
219,106,0
220,106,0
221,106,0
222,106,0
223,106,0
224,106,0
225,106,0
226,106,0
227,106,0
228,106,0
229,106,0
230,106,0
231,106,0
232,106,0
233,106,1
234,106,1
235,106,1
236,106,1
237,106,1
238,106,1
239,106,1
240,106,1
241,106,1
242,106,1
243,106,1
244,106,0
245,106,0
246,106,0
247,106,0
248,106,0
249,106,0
250,106,0
251,106,0
252,106,0
253,106,0
254,106,0
255,106,0
256,106,0
257,106,0
258,106,0
259,106,0
260,106,0
261,106,0
262,106,0
263,106,0
264,106,0
265,106,0
266,106,0
267,106,0
268,106,0
269,106,0
270,106,0
271,106,0
272,106,0
273,106,0
274,106,0
275,106,0
276,106,0
277,106,0
278,106,0
279,106,0
280,106,0
281,106,0
282,106,0
283,106,0
284,106,0
285,106,0
286,106,0
287,106,0
288,106,0
289,106,0
290,106,0
291,106,0
1,107,0
2,107,0
3,107,0
4,107,0
5,107,0
6,107,0
7,107,0
8,107,0
9,107,0
10,107,0
11,107,0
12,107,0
13,107,0
14,107,0
15,107,0
16,107,0
17,107,0
18,107,0
19,107,0
20,107,0
21,107,0
22,107,0
23,107,2
24,107,2
25,107,2
26,107,2
27,107,2
28,107,2
29,107,2
30,107,2
31,107,2
32,107,2
33,107,2
34,107,2
35,107,2
36,107,2
37,107,2
38,107,2
39,107,2
40,107,2
41,107,2
42,107,2
43,107,2
44,107,0
45,107,0
46,107,0
47,107,3
48,107,3
49,107,3
50,107,3
51,107,3
52,107,3
53,107,3
54,107,3
55,107,3
56,107,3
57,107,3
58,107,3
59,107,0
60,107,0
61,107,1
62,107,1
63,107,1
64,107,1
65,107,1
66,107,1
67,107,1
68,107,1
69,107,1
70,107,1
71,107,1
72,107,1
73,107,1
74,107,1
75,107,1
76,107,1
77,107,1
78,107,1
79,107,1
80,107,1
81,107,1
82,107,1
83,107,1
84,107,1
85,107,1
86,107,1
87,107,1
88,107,1
89,107,1
90,107,1
91,107,1
92,107,1
93,107,1
94,107,1
95,107,1
96,107,1
97,107,1
98,107,1
99,107,1
100,107,1
101,107,1
102,107,1
103,107,1
104,107,1
105,107,1
106,107,1
107,107,1
108,107,1
109,107,1
110,107,1
111,107,1
112,107,1
113,107,1
114,107,1
115,107,1
116,107,1
117,107,1
118,107,1
119,107,1
120,107,1
121,107,1
122,107,1
123,107,1
124,107,1
125,107,1
126,107,1
127,107,1
128,107,1
129,107,1
130,107,1
131,107,1
132,107,1
133,107,1
134,107,1
135,107,1
136,107,1
137,107,1
138,107,1
139,107,1
140,107,1
141,107,1
142,107,0
143,107,0
144,107,0
145,107,0
146,107,0
147,107,0
148,107,0
149,107,0
150,107,0
151,107,0
152,107,0
153,107,0
154,107,0
155,107,0
156,107,0
157,107,0
158,107,0
159,107,0
160,107,0
161,107,0
162,107,0
163,107,0
164,107,0
165,107,0
166,107,0
167,107,0
168,107,0
169,107,0
170,107,0
171,107,0
172,107,0
173,107,0
174,107,0
175,107,0
176,107,0
177,107,0
178,107,0
179,107,0
180,107,0
181,107,0
182,107,0
183,107,0
184,107,0
185,107,0
186,107,0
187,107,0
188,107,0
189,107,0
190,107,0
191,107,0
192,107,0
193,107,0
194,107,0
195,107,0
196,107,0
197,107,0
198,107,0
199,107,0
200,107,0
201,107,0
202,107,0
203,107,0
204,107,0
205,107,0
206,107,0
207,107,0
208,107,0
209,107,0
210,107,0
211,107,0
212,107,0
213,107,0
214,107,0
215,107,0
216,107,0
217,107,0
218,107,0
219,107,0
220,107,0
221,107,0
222,107,0
223,107,0
224,107,0
225,107,0
226,107,0
227,107,0
228,107,0
229,107,0
230,107,0
231,107,0
232,107,0
233,107,0
234,107,0
235,107,0
236,107,0
237,107,0
238,107,0
239,107,0
240,107,1
241,107,1
242,107,1
243,107,0
244,107,0
245,107,0
246,107,0
247,107,0
248,107,0
249,107,0
250,107,0
251,107,0
252,107,0
253,107,0
254,107,0
255,107,0
256,107,0
257,107,0
258,107,0
259,107,0
260,107,0
261,107,0
262,107,0
263,107,0
264,107,0
265,107,0
266,107,0
267,107,0
268,107,0
269,107,0
270,107,0
271,107,0
272,107,0
273,107,0
274,107,0
275,107,0
276,107,0
277,107,0
278,107,0
279,107,0
280,107,0
281,107,0
282,107,0
283,107,0
284,107,0
285,107,0
286,107,0
287,107,0
288,107,0
289,107,0
290,107,0
291,107,0
1,108,0
2,108,0
3,108,0
4,108,0
5,108,0
6,108,0
7,108,0
8,108,0
9,108,0
10,108,0
11,108,0
12,108,0
13,108,0
14,108,0
15,108,0
16,108,0
17,108,0
18,108,0
19,108,0
20,108,0
21,108,0
22,108,0
23,108,0
24,108,0
25,108,2
26,108,2
27,108,2
28,108,2
29,108,2
30,108,2
31,108,2
32,108,2
33,108,2
34,108,2
35,108,2
36,108,2
37,108,2
38,108,2
39,108,2
40,108,2
41,108,2
42,108,2
43,108,2
44,108,0
45,108,0
46,108,0
47,108,3
48,108,3
49,108,3
50,108,3
51,108,3
52,108,3
53,108,3
54,108,3
55,108,3
56,108,3
57,108,3
58,108,3
59,108,0
60,108,0
61,108,1
62,108,1
63,108,1
64,108,1
65,108,1
66,108,1
67,108,1
68,108,1
69,108,1
70,108,1
71,108,1
72,108,1
73,108,1
74,108,1
75,108,1
76,108,1
77,108,1
78,108,1
79,108,1
80,108,1
81,108,1
82,108,1
83,108,1
84,108,1
85,108,1
86,108,1
87,108,1
88,108,1
89,108,1
90,108,1
91,108,1
92,108,1
93,108,1
94,108,1
95,108,1
96,108,1
97,108,1
98,108,1
99,108,1
100,108,1
101,108,1
102,108,1
103,108,1
104,108,1
105,108,1
106,108,1
107,108,1
108,108,1
109,108,1
110,108,1
111,108,1
112,108,1
113,108,1
114,108,1
115,108,1
116,108,1
117,108,1
118,108,1
119,108,1
120,108,1
121,108,1
122,108,1
123,108,1
124,108,1
125,108,1
126,108,1
127,108,1
128,108,1
129,108,1
130,108,1
131,108,1
132,108,1
133,108,1
134,108,1
135,108,1
136,108,1
137,108,1
138,108,1
139,108,1
140,108,1
141,108,0
142,108,0
143,108,0
144,108,0
145,108,0
146,108,0
147,108,0
148,108,0
149,108,0
150,108,0
151,108,0
152,108,0
153,108,0
154,108,0
155,108,0
156,108,0
157,108,0
158,108,0
159,108,0
160,108,0
161,108,0
162,108,0
163,108,0
164,108,0
165,108,0
166,108,0
167,108,0
168,108,0
169,108,0
170,108,0
171,108,0
172,108,0
173,108,0
174,108,0
175,108,0
176,108,0
177,108,0
178,108,0
179,108,0
180,108,0
181,108,0
182,108,0
183,108,0
184,108,0
185,108,0
186,108,0
187,108,0
188,108,0
189,108,0
190,108,0
191,108,0
192,108,0
193,108,0
194,108,0
195,108,0
196,108,0
197,108,0
198,108,0
199,108,0
200,108,0
201,108,0
202,108,0
203,108,0
204,108,0
205,108,0
206,108,0
207,108,0
208,108,0
209,108,0
210,108,0
211,108,0
212,108,0
213,108,0
214,108,0
215,108,0
216,108,0
217,108,0
218,108,0
219,108,0
220,108,0
221,108,0
222,108,0
223,108,0
224,108,0
225,108,0
226,108,0
227,108,0
228,108,0
229,108,0
230,108,0
231,108,0
232,108,0
233,108,0
234,108,0
235,108,0
236,108,0
237,108,0
238,108,0
239,108,0
240,108,1
241,108,1
242,108,1
243,108,0
244,108,0
245,108,0
246,108,0
247,108,0
248,108,0
249,108,0
250,108,0
251,108,0
252,108,0
253,108,0
254,108,0
255,108,0
256,108,0
257,108,0
258,108,0
259,108,0
260,108,0
261,108,0
262,108,0
263,108,0
264,108,0
265,108,0
266,108,0
267,108,0
268,108,0
269,108,0
270,108,0
271,108,0
272,108,0
273,108,0
274,108,0
275,108,0
276,108,0
277,108,0
278,108,0
279,108,0
280,108,0
281,108,0
282,108,0
283,108,0
284,108,0
285,108,0
286,108,0
287,108,0
288,108,0
289,108,0
290,108,0
291,108,0
1,109,0
2,109,0
3,109,0
4,109,0
5,109,0
6,109,0
7,109,0
8,109,0
9,109,0
10,109,0
11,109,0
12,109,0
13,109,0
14,109,0
15,109,0
16,109,0
17,109,0
18,109,0
19,109,0
20,109,0
21,109,0
22,109,0
23,109,2
24,109,2
25,109,2
26,109,2
27,109,2
28,109,2
29,109,2
30,109,2
31,109,2
32,109,2
33,109,2
34,109,2
35,109,2
36,109,2
37,109,2
38,109,2
39,109,2
40,109,2
41,109,2
42,109,2
43,109,0
44,109,0
45,109,0
46,109,3
47,109,3
48,109,3
49,109,3
50,109,3
51,109,3
52,109,3
53,109,3
54,109,3
55,109,3
56,109,3
57,109,3
58,109,0
59,109,1
60,109,1
61,109,1
62,109,1
63,109,1
64,109,1
65,109,1
66,109,1
67,109,1
68,109,1
69,109,1
70,109,1
71,109,1
72,109,1
73,109,1
74,109,1
75,109,1
76,109,1
77,109,1
78,109,1
79,109,1
80,109,1
81,109,1
82,109,1
83,109,1
84,109,1
85,109,1
86,109,1
87,109,1
88,109,1
89,109,1
90,109,1
91,109,1
92,109,1
93,109,1
94,109,1
95,109,1
96,109,1
97,109,1
98,109,1
99,109,1
100,109,1
101,109,1
102,109,1
103,109,1
104,109,1
105,109,1
106,109,1
107,109,1
108,109,1
109,109,1
110,109,1
111,109,1
112,109,1
113,109,1
114,109,1
115,109,1
116,109,1
117,109,1
118,109,1
119,109,1
120,109,1
121,109,1
122,109,1
123,109,1
124,109,1
125,109,1
126,109,1
127,109,1
128,109,1
129,109,1
130,109,1
131,109,1
132,109,1
133,109,1
134,109,1
135,109,1
136,109,1
137,109,1
138,109,1
139,109,0
140,109,0
141,109,0
142,109,0
143,109,0
144,109,0
145,109,0
146,109,0
147,109,0
148,109,0
149,109,0
150,109,0
151,109,0
152,109,0
153,109,0
154,109,0
155,109,0
156,109,0
157,109,0
158,109,0
159,109,0
160,109,0
161,109,0
162,109,0
163,109,0
164,109,0
165,109,0
166,109,0
167,109,0
168,109,0
169,109,0
170,109,0
171,109,0
172,109,0
173,109,0
174,109,0
175,109,0
176,109,0
177,109,0
178,109,0
179,109,0
180,109,0
181,109,0
182,109,0
183,109,0
184,109,0
185,109,0
186,109,0
187,109,0
188,109,0
189,109,0
190,109,0
191,109,0
192,109,0
193,109,0
194,109,0
195,109,0
196,109,0
197,109,0
198,109,0
199,109,0
200,109,0
201,109,0
202,109,0
203,109,0
204,109,0
205,109,0
206,109,0
207,109,0
208,109,0
209,109,0
210,109,0
211,109,0
212,109,0
213,109,0
214,109,0
215,109,0
216,109,0
217,109,0
218,109,0
219,109,0
220,109,0
221,109,0
222,109,0
223,109,0
224,109,0
225,109,0
226,109,0
227,109,0
228,109,0
229,109,0
230,109,0
231,109,0
232,109,0
233,109,0
234,109,0
235,109,0
236,109,0
237,109,0
238,109,0
239,109,0
240,109,0
241,109,0
242,109,0
243,109,0
244,109,0
245,109,0
246,109,0
247,109,0
248,109,0
249,109,0
250,109,0
251,109,0
252,109,0
253,109,0
254,109,0
255,109,0
256,109,0
257,109,0
258,109,0
259,109,0
260,109,0
261,109,0
262,109,0
263,109,0
264,109,0
265,109,0
266,109,0
267,109,0
268,109,0
269,109,0
270,109,0
271,109,0
272,109,0
273,109,0
274,109,0
275,109,0
276,109,0
277,109,0
278,109,0
279,109,0
280,109,0
281,109,0
282,109,0
283,109,0
284,109,0
285,109,0
286,109,0
287,109,0
288,109,0
289,109,0
290,109,0
291,109,0
1,110,0
2,110,0
3,110,0
4,110,0
5,110,0
6,110,0
7,110,0
8,110,0
9,110,0
10,110,0
11,110,0
12,110,0
13,110,0
14,110,0
15,110,0
16,110,0
17,110,0
18,110,0
19,110,0
20,110,0
21,110,0
22,110,0
23,110,2
24,110,2
25,110,2
26,110,2
27,110,2
28,110,2
29,110,2
30,110,2
31,110,2
32,110,2
33,110,2
34,110,2
35,110,2
36,110,2
37,110,2
38,110,2
39,110,2
40,110,2
41,110,2
42,110,0
43,110,0
44,110,0
45,110,0
46,110,3
47,110,3
48,110,3
49,110,3
50,110,3
51,110,3
52,110,3
53,110,3
54,110,3
55,110,3
56,110,3
57,110,0
58,110,0
59,110,1
60,110,1
61,110,1
62,110,1
63,110,1
64,110,1
65,110,1
66,110,1
67,110,1
68,110,1
69,110,1
70,110,1
71,110,1
72,110,1
73,110,1
74,110,1
75,110,1
76,110,1
77,110,1
78,110,1
79,110,1
80,110,1
81,110,1
82,110,1
83,110,1
84,110,1
85,110,1
86,110,1
87,110,1
88,110,1
89,110,1
90,110,1
91,110,1
92,110,1
93,110,1
94,110,1
95,110,1
96,110,1
97,110,1
98,110,1
99,110,1
100,110,1
101,110,1
102,110,1
103,110,1
104,110,1
105,110,1
106,110,1
107,110,1
108,110,1
109,110,1
110,110,1
111,110,1
112,110,1
113,110,1
114,110,1
115,110,1
116,110,1
117,110,1
118,110,1
119,110,1
120,110,1
121,110,1
122,110,1
123,110,1
124,110,1
125,110,1
126,110,1
127,110,1
128,110,1
129,110,1
130,110,1
131,110,1
132,110,1
133,110,1
134,110,1
135,110,1
136,110,1
137,110,0
138,110,0
139,110,0
140,110,0
141,110,0
142,110,0
143,110,0
144,110,0
145,110,0
146,110,0
147,110,0
148,110,0
149,110,0
150,110,0
151,110,0
152,110,0
153,110,0
154,110,0
155,110,0
156,110,0
157,110,0
158,110,0
159,110,0
160,110,0
161,110,0
162,110,0
163,110,0
164,110,0
165,110,0
166,110,0
167,110,0
168,110,0
169,110,0
170,110,0
171,110,0
172,110,0
173,110,0
174,110,0
175,110,0
176,110,0
177,110,0
178,110,0
179,110,0
180,110,0
181,110,0
182,110,0
183,110,0
184,110,0
185,110,0
186,110,0
187,110,0
188,110,0
189,110,0
190,110,0
191,110,0
192,110,0
193,110,0
194,110,0
195,110,0
196,110,0
197,110,0
198,110,0
199,110,0
200,110,0
201,110,0
202,110,0
203,110,0
204,110,0
205,110,0
206,110,0
207,110,0
208,110,0
209,110,0
210,110,0
211,110,0
212,110,0
213,110,0
214,110,0
215,110,0
216,110,0
217,110,0
218,110,0
219,110,0
220,110,0
221,110,0
222,110,0
223,110,0
224,110,0
225,110,0
226,110,0
227,110,0
228,110,0
229,110,0
230,110,0
231,110,0
232,110,0
233,110,0
234,110,0
235,110,0
236,110,0
237,110,0
238,110,0
239,110,0
240,110,0
241,110,0
242,110,0
243,110,0
244,110,0
245,110,0
246,110,0
247,110,0
248,110,0
249,110,0
250,110,0
251,110,0
252,110,0
253,110,0
254,110,0
255,110,0
256,110,0
257,110,0
258,110,0
259,110,0
260,110,0
261,110,0
262,110,0
263,110,0
264,110,0
265,110,0
266,110,0
267,110,0
268,110,0
269,110,0
270,110,0
271,110,0
272,110,0
273,110,0
274,110,0
275,110,0
276,110,0
277,110,0
278,110,0
279,110,0
280,110,0
281,110,0
282,110,0
283,110,0
284,110,0
285,110,0
286,110,0
287,110,0
288,110,0
289,110,0
290,110,0
291,110,0
1,111,0
2,111,0
3,111,0
4,111,0
5,111,0
6,111,0
7,111,0
8,111,0
9,111,0
10,111,0
11,111,0
12,111,0
13,111,0
14,111,0
15,111,0
16,111,0
17,111,0
18,111,0
19,111,0
20,111,0
21,111,0
22,111,0
23,111,2
24,111,0
25,111,2
26,111,2
27,111,2
28,111,2
29,111,2
30,111,2
31,111,2
32,111,2
33,111,2
34,111,2
35,111,2
36,111,2
37,111,2
38,111,2
39,111,2
40,111,2
41,111,2
42,111,0
43,111,0
44,111,0
45,111,0
46,111,3
47,111,3
48,111,3
49,111,3
50,111,3
51,111,3
52,111,3
53,111,3
54,111,3
55,111,3
56,111,3
57,111,0
58,111,1
59,111,1
60,111,1
61,111,1
62,111,1
63,111,1
64,111,1
65,111,1
66,111,1
67,111,1
68,111,1
69,111,1
70,111,1
71,111,1
72,111,1
73,111,1
74,111,1
75,111,1
76,111,1
77,111,1
78,111,1
79,111,1
80,111,1
81,111,1
82,111,1
83,111,1
84,111,1
85,111,1
86,111,1
87,111,1
88,111,1
89,111,1
90,111,1
91,111,1
92,111,1
93,111,1
94,111,1
95,111,1
96,111,1
97,111,1
98,111,1
99,111,1
100,111,1
101,111,1
102,111,1
103,111,1
104,111,1
105,111,1
106,111,1
107,111,1
108,111,1
109,111,1
110,111,1
111,111,1
112,111,1
113,111,1
114,111,1
115,111,1
116,111,1
117,111,1
118,111,1
119,111,1
120,111,1
121,111,1
122,111,1
123,111,1
124,111,1
125,111,1
126,111,1
127,111,1
128,111,1
129,111,1
130,111,1
131,111,1
132,111,1
133,111,1
134,111,1
135,111,1
136,111,0
137,111,0
138,111,0
139,111,0
140,111,0
141,111,0
142,111,0
143,111,0
144,111,0
145,111,0
146,111,0
147,111,0
148,111,0
149,111,0
150,111,0
151,111,0
152,111,0
153,111,0
154,111,0
155,111,0
156,111,0
157,111,0
158,111,0
159,111,0
160,111,0
161,111,0
162,111,0
163,111,0
164,111,0
165,111,0
166,111,0
167,111,0
168,111,0
169,111,0
170,111,0
171,111,0
172,111,0
173,111,0
174,111,0
175,111,0
176,111,0
177,111,0
178,111,0
179,111,0
180,111,0
181,111,0
182,111,0
183,111,0
184,111,0
185,111,0
186,111,0
187,111,0
188,111,0
189,111,0
190,111,0
191,111,0
192,111,0
193,111,0
194,111,0
195,111,0
196,111,0
197,111,0
198,111,0
199,111,0
200,111,0
201,111,0
202,111,0
203,111,0
204,111,0
205,111,0
206,111,0
207,111,0
208,111,0
209,111,0
210,111,0
211,111,0
212,111,0
213,111,0
214,111,0
215,111,0
216,111,0
217,111,0
218,111,0
219,111,0
220,111,0
221,111,0
222,111,0
223,111,0
224,111,0
225,111,0
226,111,0
227,111,0
228,111,0
229,111,0
230,111,0
231,111,0
232,111,0
233,111,0
234,111,0
235,111,0
236,111,0
237,111,0
238,111,0
239,111,0
240,111,0
241,111,0
242,111,0
243,111,0
244,111,0
245,111,0
246,111,0
247,111,0
248,111,0
249,111,0
250,111,0
251,111,0
252,111,0
253,111,0
254,111,0
255,111,0
256,111,0
257,111,0
258,111,0
259,111,0
260,111,0
261,111,0
262,111,0
263,111,0
264,111,0
265,111,0
266,111,0
267,111,0
268,111,0
269,111,0
270,111,0
271,111,0
272,111,0
273,111,0
274,111,0
275,111,0
276,111,0
277,111,0
278,111,0
279,111,0
280,111,0
281,111,0
282,111,0
283,111,0
284,111,0
285,111,0
286,111,0
287,111,0
288,111,0
289,111,0
290,111,0
291,111,0
1,112,0
2,112,0
3,112,0
4,112,0
5,112,0
6,112,0
7,112,0
8,112,0
9,112,0
10,112,0
11,112,0
12,112,0
13,112,0
14,112,0
15,112,0
16,112,0
17,112,0
18,112,0
19,112,0
20,112,0
21,112,0
22,112,0
23,112,2
24,112,0
25,112,0
26,112,0
27,112,2
28,112,2
29,112,2
30,112,2
31,112,2
32,112,2
33,112,2
34,112,2
35,112,2
36,112,2
37,112,2
38,112,2
39,112,2
40,112,2
41,112,2
42,112,0
43,112,0
44,112,0
45,112,3
46,112,3
47,112,3
48,112,3
49,112,3
50,112,3
51,112,3
52,112,3
53,112,3
54,112,3
55,112,3
56,112,0
57,112,1
58,112,1
59,112,1
60,112,1
61,112,1
62,112,1
63,112,1
64,112,1
65,112,1
66,112,1
67,112,1
68,112,1
69,112,1
70,112,1
71,112,1
72,112,1
73,112,1
74,112,1
75,112,1
76,112,1
77,112,1
78,112,1
79,112,1
80,112,1
81,112,1
82,112,1
83,112,1
84,112,1
85,112,1
86,112,1
87,112,1
88,112,1
89,112,1
90,112,1
91,112,1
92,112,1
93,112,1
94,112,1
95,112,1
96,112,1
97,112,1
98,112,1
99,112,1
100,112,1
101,112,1
102,112,1
103,112,1
104,112,1
105,112,1
106,112,1
107,112,1
108,112,1
109,112,1
110,112,1
111,112,1
112,112,1
113,112,1
114,112,1
115,112,1
116,112,1
117,112,1
118,112,1
119,112,1
120,112,1
121,112,1
122,112,1
123,112,1
124,112,1
125,112,1
126,112,1
127,112,1
128,112,1
129,112,1
130,112,1
131,112,1
132,112,1
133,112,0
134,112,0
135,112,0
136,112,0
137,112,0
138,112,0
139,112,0
140,112,0
141,112,0
142,112,0
143,112,0
144,112,0
145,112,0
146,112,0
147,112,0
148,112,0
149,112,0
150,112,0
151,112,0
152,112,0
153,112,0
154,112,0
155,112,0
156,112,0
157,112,0
158,112,0
159,112,0
160,112,0
161,112,0
162,112,0
163,112,0
164,112,0
165,112,0
166,112,0
167,112,0
168,112,0
169,112,0
170,112,0
171,112,0
172,112,0
173,112,0
174,112,0
175,112,0
176,112,0
177,112,0
178,112,0
179,112,0
180,112,0
181,112,0
182,112,0
183,112,0
184,112,0
185,112,0
186,112,0
187,112,0
188,112,0
189,112,0
190,112,0
191,112,0
192,112,0
193,112,0
194,112,0
195,112,0
196,112,0
197,112,0
198,112,0
199,112,0
200,112,0
201,112,0
202,112,0
203,112,0
204,112,0
205,112,0
206,112,0
207,112,0
208,112,0
209,112,0
210,112,0
211,112,0
212,112,0
213,112,0
214,112,0
215,112,0
216,112,0
217,112,0
218,112,0
219,112,0
220,112,0
221,112,0
222,112,0
223,112,0
224,112,0
225,112,0
226,112,0
227,112,0
228,112,0
229,112,0
230,112,0
231,112,0
232,112,0
233,112,0
234,112,0
235,112,0
236,112,0
237,112,0
238,112,0
239,112,0
240,112,0
241,112,0
242,112,0
243,112,0
244,112,0
245,112,0
246,112,0
247,112,0
248,112,0
249,112,0
250,112,0
251,112,0
252,112,0
253,112,0
254,112,0
255,112,0
256,112,0
257,112,0
258,112,0
259,112,0
260,112,0
261,112,0
262,112,0
263,112,0
264,112,0
265,112,0
266,112,0
267,112,0
268,112,0
269,112,0
270,112,0
271,112,0
272,112,0
273,112,0
274,112,0
275,112,0
276,112,0
277,112,0
278,112,0
279,112,0
280,112,0
281,112,0
282,112,0
283,112,0
284,112,0
285,112,0
286,112,0
287,112,0
288,112,0
289,112,0
290,112,0
291,112,0
1,113,0
2,113,0
3,113,0
4,113,0
5,113,0
6,113,0
7,113,0
8,113,0
9,113,0
10,113,0
11,113,0
12,113,0
13,113,0
14,113,0
15,113,0
16,113,0
17,113,0
18,113,0
19,113,0
20,113,0
21,113,0
22,113,0
23,113,2
24,113,2
25,113,2
26,113,2
27,113,2
28,113,2
29,113,2
30,113,2
31,113,2
32,113,2
33,113,2
34,113,2
35,113,2
36,113,2
37,113,2
38,113,2
39,113,2
40,113,2
41,113,2
42,113,0
43,113,0
44,113,0
45,113,3
46,113,3
47,113,3
48,113,3
49,113,3
50,113,3
51,113,3
52,113,3
53,113,3
54,113,3
55,113,0
56,113,0
57,113,1
58,113,1
59,113,1
60,113,1
61,113,1
62,113,1
63,113,1
64,113,1
65,113,1
66,113,1
67,113,1
68,113,1
69,113,1
70,113,1
71,113,1
72,113,1
73,113,1
74,113,1
75,113,1
76,113,1
77,113,1
78,113,1
79,113,1
80,113,1
81,113,1
82,113,1
83,113,1
84,113,1
85,113,1
86,113,1
87,113,1
88,113,1
89,113,1
90,113,1
91,113,1
92,113,1
93,113,1
94,113,1
95,113,1
96,113,1
97,113,1
98,113,1
99,113,1
100,113,1
101,113,1
102,113,1
103,113,1
104,113,1
105,113,1
106,113,1
107,113,1
108,113,1
109,113,1
110,113,1
111,113,1
112,113,1
113,113,1
114,113,1
115,113,1
116,113,1
117,113,1
118,113,1
119,113,1
120,113,1
121,113,1
122,113,1
123,113,1
124,113,1
125,113,1
126,113,1
127,113,1
128,113,1
129,113,1
130,113,1
131,113,1
132,113,1
133,113,0
134,113,0
135,113,0
136,113,0
137,113,0
138,113,0
139,113,0
140,113,0
141,113,0
142,113,0
143,113,0
144,113,0
145,113,0
146,113,0
147,113,0
148,113,0
149,113,0
150,113,0
151,113,0
152,113,0
153,113,0
154,113,0
155,113,0
156,113,0
157,113,0
158,113,0
159,113,0
160,113,0
161,113,0
162,113,0
163,113,0
164,113,0
165,113,0
166,113,0
167,113,0
168,113,0
169,113,0
170,113,0
171,113,0
172,113,0
173,113,0
174,113,0
175,113,0
176,113,0
177,113,0
178,113,0
179,113,0
180,113,0
181,113,0
182,113,0
183,113,0
184,113,0
185,113,0
186,113,0
187,113,0
188,113,0
189,113,0
190,113,0
191,113,0
192,113,0
193,113,0
194,113,0
195,113,0
196,113,0
197,113,0
198,113,0
199,113,0
200,113,0
201,113,0
202,113,0
203,113,0
204,113,0
205,113,0
206,113,0
207,113,0
208,113,0
209,113,0
210,113,0
211,113,0
212,113,0
213,113,0
214,113,0
215,113,0
216,113,0
217,113,0
218,113,0
219,113,0
220,113,0
221,113,0
222,113,0
223,113,0
224,113,0
225,113,0
226,113,0
227,113,0
228,113,0
229,113,0
230,113,0
231,113,0
232,113,0
233,113,0
234,113,0
235,113,0
236,113,0
237,113,0
238,113,0
239,113,0
240,113,0
241,113,0
242,113,0
243,113,0
244,113,0
245,113,0
246,113,0
247,113,0
248,113,0
249,113,0
250,113,0
251,113,0
252,113,0
253,113,0
254,113,0
255,113,0
256,113,0
257,113,0
258,113,0
259,113,0
260,113,0
261,113,0
262,113,0
263,113,0
264,113,0
265,113,0
266,113,0
267,113,0
268,113,0
269,113,0
270,113,0
271,113,0
272,113,0
273,113,0
274,113,0
275,113,0
276,113,0
277,113,0
278,113,0
279,113,0
280,113,0
281,113,0
282,113,0
283,113,0
284,113,0
285,113,0
286,113,0
287,113,0
288,113,0
289,113,0
290,113,0
291,113,0
1,114,0
2,114,0
3,114,0
4,114,0
5,114,0
6,114,0
7,114,0
8,114,0
9,114,0
10,114,0
11,114,0
12,114,0
13,114,0
14,114,0
15,114,0
16,114,0
17,114,0
18,114,0
19,114,0
20,114,0
21,114,0
22,114,0
23,114,2
24,114,2
25,114,2
26,114,2
27,114,2
28,114,2
29,114,2
30,114,2
31,114,2
32,114,2
33,114,2
34,114,2
35,114,2
36,114,2
37,114,2
38,114,2
39,114,2
40,114,2
41,114,0
42,114,0
43,114,0
44,114,3
45,114,3
46,114,3
47,114,3
48,114,3
49,114,3
50,114,3
51,114,3
52,114,3
53,114,3
54,114,3
55,114,0
56,114,0
57,114,1
58,114,1
59,114,1
60,114,1
61,114,1
62,114,1
63,114,1
64,114,1
65,114,1
66,114,1
67,114,1
68,114,1
69,114,1
70,114,1
71,114,1
72,114,1
73,114,1
74,114,1
75,114,1
76,114,1
77,114,1
78,114,1
79,114,1
80,114,1
81,114,1
82,114,1
83,114,1
84,114,1
85,114,1
86,114,1
87,114,1
88,114,1
89,114,1
90,114,1
91,114,1
92,114,1
93,114,1
94,114,1
95,114,1
96,114,1
97,114,1
98,114,1
99,114,1
100,114,1
101,114,1
102,114,1
103,114,1
104,114,1
105,114,1
106,114,1
107,114,1
108,114,1
109,114,1
110,114,1
111,114,1
112,114,1
113,114,1
114,114,1
115,114,1
116,114,1
117,114,1
118,114,1
119,114,1
120,114,1
121,114,1
122,114,1
123,114,1
124,114,1
125,114,1
126,114,1
127,114,1
128,114,1
129,114,1
130,114,1
131,114,1
132,114,1
133,114,0
134,114,0
135,114,0
136,114,0
137,114,0
138,114,0
139,114,0
140,114,0
141,114,0
142,114,0
143,114,0
144,114,0
145,114,0
146,114,0
147,114,0
148,114,0
149,114,0
150,114,0
151,114,0
152,114,0
153,114,0
154,114,0
155,114,0
156,114,0
157,114,0
158,114,0
159,114,0
160,114,0
161,114,0
162,114,0
163,114,0
164,114,0
165,114,0
166,114,0
167,114,0
168,114,0
169,114,0
170,114,0
171,114,0
172,114,0
173,114,0
174,114,0
175,114,0
176,114,0
177,114,0
178,114,0
179,114,0
180,114,0
181,114,0
182,114,0
183,114,0
184,114,0
185,114,0
186,114,0
187,114,0
188,114,0
189,114,0
190,114,0
191,114,0
192,114,0
193,114,0
194,114,0
195,114,0
196,114,0
197,114,0
198,114,0
199,114,0
200,114,0
201,114,0
202,114,0
203,114,0
204,114,0
205,114,0
206,114,0
207,114,0
208,114,0
209,114,0
210,114,0
211,114,0
212,114,0
213,114,0
214,114,0
215,114,0
216,114,0
217,114,0
218,114,0
219,114,0
220,114,0
221,114,0
222,114,0
223,114,0
224,114,0
225,114,0
226,114,0
227,114,0
228,114,0
229,114,0
230,114,0
231,114,0
232,114,0
233,114,0
234,114,0
235,114,0
236,114,0
237,114,0
238,114,0
239,114,0
240,114,0
241,114,0
242,114,0
243,114,0
244,114,0
245,114,0
246,114,0
247,114,0
248,114,0
249,114,0
250,114,0
251,114,0
252,114,0
253,114,0
254,114,0
255,114,0
256,114,0
257,114,0
258,114,0
259,114,0
260,114,0
261,114,0
262,114,0
263,114,0
264,114,0
265,114,0
266,114,0
267,114,0
268,114,0
269,114,0
270,114,0
271,114,0
272,114,0
273,114,0
274,114,0
275,114,0
276,114,0
277,114,0
278,114,0
279,114,0
280,114,0
281,114,0
282,114,0
283,114,0
284,114,0
285,114,0
286,114,0
287,114,0
288,114,0
289,114,0
290,114,0
291,114,0
1,115,0
2,115,0
3,115,0
4,115,0
5,115,0
6,115,0
7,115,0
8,115,0
9,115,0
10,115,0
11,115,0
12,115,0
13,115,0
14,115,0
15,115,0
16,115,0
17,115,0
18,115,0
19,115,0
20,115,0
21,115,0
22,115,0
23,115,2
24,115,2
25,115,2
26,115,2
27,115,2
28,115,2
29,115,2
30,115,2
31,115,2
32,115,2
33,115,2
34,115,2
35,115,2
36,115,2
37,115,2
38,115,2
39,115,2
40,115,2
41,115,0
42,115,0
43,115,0
44,115,3
45,115,3
46,115,3
47,115,3
48,115,3
49,115,3
50,115,3
51,115,3
52,115,3
53,115,3
54,115,3
55,115,0
56,115,1
57,115,1
58,115,1
59,115,1
60,115,1
61,115,1
62,115,1
63,115,1
64,115,1
65,115,1
66,115,1
67,115,1
68,115,1
69,115,1
70,115,1
71,115,1
72,115,1
73,115,1
74,115,1
75,115,1
76,115,1
77,115,1
78,115,1
79,115,1
80,115,1
81,115,1
82,115,1
83,115,1
84,115,1
85,115,1
86,115,1
87,115,1
88,115,1
89,115,1
90,115,1
91,115,1
92,115,1
93,115,1
94,115,1
95,115,1
96,115,1
97,115,1
98,115,1
99,115,1
100,115,1
101,115,1
102,115,1
103,115,1
104,115,1
105,115,1
106,115,1
107,115,1
108,115,1
109,115,1
110,115,1
111,115,1
112,115,1
113,115,1
114,115,1
115,115,1
116,115,1
117,115,1
118,115,1
119,115,1
120,115,1
121,115,1
122,115,1
123,115,1
124,115,1
125,115,1
126,115,1
127,115,1
128,115,1
129,115,1
130,115,1
131,115,1
132,115,1
133,115,0
134,115,0
135,115,0
136,115,0
137,115,0
138,115,0
139,115,0
140,115,0
141,115,0
142,115,0
143,115,0
144,115,0
145,115,0
146,115,0
147,115,0
148,115,0
149,115,0
150,115,0
151,115,0
152,115,0
153,115,0
154,115,0
155,115,0
156,115,0
157,115,0
158,115,0
159,115,0
160,115,0
161,115,0
162,115,0
163,115,0
164,115,0
165,115,0
166,115,0
167,115,0
168,115,0
169,115,0
170,115,0
171,115,0
172,115,0
173,115,0
174,115,0
175,115,0
176,115,0
177,115,0
178,115,0
179,115,0
180,115,0
181,115,0
182,115,0
183,115,0
184,115,0
185,115,0
186,115,0
187,115,0
188,115,0
189,115,0
190,115,0
191,115,0
192,115,0
193,115,0
194,115,0
195,115,0
196,115,0
197,115,0
198,115,0
199,115,0
200,115,0
201,115,0
202,115,0
203,115,0
204,115,0
205,115,0
206,115,0
207,115,0
208,115,0
209,115,0
210,115,0
211,115,0
212,115,0
213,115,0
214,115,0
215,115,0
216,115,0
217,115,0
218,115,0
219,115,0
220,115,0
221,115,0
222,115,0
223,115,0
224,115,0
225,115,0
226,115,0
227,115,0
228,115,0
229,115,0
230,115,0
231,115,0
232,115,0
233,115,0
234,115,0
235,115,0
236,115,0
237,115,0
238,115,0
239,115,0
240,115,0
241,115,0
242,115,0
243,115,0
244,115,0
245,115,0
246,115,0
247,115,0
248,115,0
249,115,0
250,115,0
251,115,0
252,115,0
253,115,0
254,115,0
255,115,0
256,115,0
257,115,0
258,115,0
259,115,0
260,115,0
261,115,0
262,115,0
263,115,0
264,115,0
265,115,0
266,115,0
267,115,0
268,115,0
269,115,0
270,115,0
271,115,0
272,115,0
273,115,0
274,115,0
275,115,0
276,115,0
277,115,0
278,115,0
279,115,0
280,115,0
281,115,0
282,115,0
283,115,0
284,115,0
285,115,0
286,115,0
287,115,0
288,115,0
289,115,0
290,115,0
291,115,0
1,116,0
2,116,0
3,116,0
4,116,0
5,116,0
6,116,0
7,116,0
8,116,0
9,116,0
10,116,0
11,116,0
12,116,0
13,116,0
14,116,0
15,116,0
16,116,0
17,116,0
18,116,0
19,116,0
20,116,0
21,116,0
22,116,2
23,116,2
24,116,2
25,116,2
26,116,2
27,116,2
28,116,2
29,116,2
30,116,2
31,116,2
32,116,2
33,116,2
34,116,2
35,116,2
36,116,2
37,116,2
38,116,2
39,116,2
40,116,0
41,116,0
42,116,0
43,116,0
44,116,3
45,116,3
46,116,3
47,116,3
48,116,3
49,116,3
50,116,3
51,116,3
52,116,3
53,116,3
54,116,3
55,116,0
56,116,1
57,116,1
58,116,1
59,116,1
60,116,1
61,116,1
62,116,1
63,116,1
64,116,1
65,116,1
66,116,1
67,116,1
68,116,1
69,116,1
70,116,1
71,116,1
72,116,1
73,116,1
74,116,1
75,116,1
76,116,1
77,116,1
78,116,1
79,116,1
80,116,1
81,116,1
82,116,1
83,116,1
84,116,1
85,116,1
86,116,1
87,116,1
88,116,1
89,116,1
90,116,1
91,116,1
92,116,1
93,116,1
94,116,1
95,116,1
96,116,1
97,116,1
98,116,1
99,116,1
100,116,1
101,116,1
102,116,1
103,116,1
104,116,1
105,116,1
106,116,1
107,116,1
108,116,1
109,116,1
110,116,1
111,116,1
112,116,1
113,116,1
114,116,1
115,116,1
116,116,1
117,116,1
118,116,1
119,116,1
120,116,1
121,116,1
122,116,1
123,116,1
124,116,1
125,116,1
126,116,1
127,116,1
128,116,1
129,116,1
130,116,1
131,116,1
132,116,1
133,116,0
134,116,0
135,116,0
136,116,0
137,116,0
138,116,0
139,116,0
140,116,0
141,116,0
142,116,0
143,116,0
144,116,0
145,116,0
146,116,0
147,116,0
148,116,0
149,116,0
150,116,0
151,116,0
152,116,0
153,116,0
154,116,0
155,116,0
156,116,0
157,116,0
158,116,0
159,116,0
160,116,0
161,116,0
162,116,0
163,116,0
164,116,0
165,116,0
166,116,0
167,116,0
168,116,0
169,116,0
170,116,0
171,116,0
172,116,0
173,116,0
174,116,0
175,116,0
176,116,0
177,116,0
178,116,0
179,116,0
180,116,0
181,116,0
182,116,0
183,116,0
184,116,0
185,116,0
186,116,0
187,116,0
188,116,0
189,116,0
190,116,0
191,116,0
192,116,0
193,116,0
194,116,0
195,116,0
196,116,0
197,116,0
198,116,0
199,116,0
200,116,0
201,116,0
202,116,0
203,116,0
204,116,0
205,116,0
206,116,0
207,116,0
208,116,0
209,116,0
210,116,0
211,116,0
212,116,0
213,116,0
214,116,0
215,116,0
216,116,0
217,116,0
218,116,0
219,116,0
220,116,0
221,116,0
222,116,0
223,116,0
224,116,0
225,116,0
226,116,0
227,116,0
228,116,0
229,116,0
230,116,0
231,116,0
232,116,0
233,116,0
234,116,0
235,116,0
236,116,0
237,116,0
238,116,0
239,116,0
240,116,0
241,116,0
242,116,0
243,116,0
244,116,0
245,116,0
246,116,0
247,116,0
248,116,0
249,116,0
250,116,0
251,116,0
252,116,0
253,116,0
254,116,0
255,116,0
256,116,0
257,116,0
258,116,0
259,116,0
260,116,0
261,116,0
262,116,0
263,116,0
264,116,0
265,116,0
266,116,0
267,116,0
268,116,0
269,116,0
270,116,0
271,116,0
272,116,0
273,116,0
274,116,0
275,116,0
276,116,0
277,116,0
278,116,0
279,116,0
280,116,0
281,116,0
282,116,0
283,116,0
284,116,0
285,116,0
286,116,0
287,116,0
288,116,0
289,116,0
290,116,0
291,116,0
1,117,0
2,117,0
3,117,0
4,117,0
5,117,0
6,117,0
7,117,0
8,117,0
9,117,0
10,117,0
11,117,0
12,117,0
13,117,0
14,117,0
15,117,0
16,117,0
17,117,0
18,117,0
19,117,0
20,117,0
21,117,0
22,117,2
23,117,2
24,117,2
25,117,2
26,117,2
27,117,2
28,117,2
29,117,2
30,117,2
31,117,2
32,117,2
33,117,2
34,117,2
35,117,2
36,117,2
37,117,2
38,117,2
39,117,2
40,117,0
41,117,0
42,117,0
43,117,3
44,117,3
45,117,3
46,117,3
47,117,3
48,117,3
49,117,3
50,117,3
51,117,3
52,117,3
53,117,3
54,117,0
55,117,0
56,117,1
57,117,1
58,117,1
59,117,1
60,117,1
61,117,1
62,117,1
63,117,1
64,117,1
65,117,1
66,117,1
67,117,1
68,117,1
69,117,1
70,117,1
71,117,1
72,117,1
73,117,1
74,117,1
75,117,1
76,117,1
77,117,1
78,117,1
79,117,1
80,117,1
81,117,1
82,117,1
83,117,1
84,117,1
85,117,1
86,117,1
87,117,1
88,117,1
89,117,1
90,117,1
91,117,1
92,117,1
93,117,1
94,117,1
95,117,1
96,117,1
97,117,1
98,117,1
99,117,1
100,117,1
101,117,1
102,117,1
103,117,1
104,117,1
105,117,1
106,117,1
107,117,1
108,117,1
109,117,1
110,117,1
111,117,1
112,117,1
113,117,1
114,117,1
115,117,1
116,117,1
117,117,1
118,117,1
119,117,1
120,117,1
121,117,1
122,117,1
123,117,1
124,117,1
125,117,1
126,117,1
127,117,1
128,117,1
129,117,1
130,117,1
131,117,1
132,117,1
133,117,0
134,117,0
135,117,0
136,117,0
137,117,0
138,117,0
139,117,0
140,117,0
141,117,0
142,117,0
143,117,0
144,117,0
145,117,0
146,117,0
147,117,0
148,117,0
149,117,0
150,117,0
151,117,0
152,117,0
153,117,0
154,117,0
155,117,0
156,117,0
157,117,0
158,117,0
159,117,0
160,117,0
161,117,0
162,117,0
163,117,0
164,117,0
165,117,0
166,117,0
167,117,0
168,117,0
169,117,0
170,117,0
171,117,0
172,117,0
173,117,0
174,117,0
175,117,0
176,117,0
177,117,0
178,117,0
179,117,0
180,117,0
181,117,0
182,117,0
183,117,0
184,117,0
185,117,0
186,117,0
187,117,0
188,117,0
189,117,0
190,117,0
191,117,0
192,117,0
193,117,0
194,117,0
195,117,0
196,117,0
197,117,0
198,117,0
199,117,0
200,117,0
201,117,0
202,117,0
203,117,0
204,117,0
205,117,0
206,117,0
207,117,0
208,117,0
209,117,0
210,117,0
211,117,0
212,117,0
213,117,0
214,117,0
215,117,0
216,117,0
217,117,0
218,117,0
219,117,0
220,117,0
221,117,0
222,117,0
223,117,0
224,117,0
225,117,0
226,117,0
227,117,0
228,117,0
229,117,0
230,117,0
231,117,0
232,117,0
233,117,0
234,117,0
235,117,0
236,117,0
237,117,0
238,117,0
239,117,0
240,117,0
241,117,0
242,117,0
243,117,0
244,117,0
245,117,0
246,117,0
247,117,0
248,117,0
249,117,0
250,117,0
251,117,0
252,117,0
253,117,0
254,117,0
255,117,0
256,117,0
257,117,0
258,117,0
259,117,0
260,117,0
261,117,0
262,117,0
263,117,0
264,117,0
265,117,0
266,117,0
267,117,0
268,117,0
269,117,0
270,117,0
271,117,0
272,117,0
273,117,0
274,117,0
275,117,0
276,117,0
277,117,0
278,117,0
279,117,0
280,117,0
281,117,0
282,117,0
283,117,0
284,117,0
285,117,0
286,117,0
287,117,0
288,117,0
289,117,0
290,117,0
291,117,0
1,118,0
2,118,0
3,118,0
4,118,0
5,118,0
6,118,0
7,118,0
8,118,0
9,118,0
10,118,0
11,118,0
12,118,0
13,118,0
14,118,0
15,118,0
16,118,0
17,118,0
18,118,0
19,118,0
20,118,0
21,118,0
22,118,2
23,118,2
24,118,2
25,118,2
26,118,2
27,118,2
28,118,2
29,118,2
30,118,2
31,118,2
32,118,2
33,118,2
34,118,2
35,118,2
36,118,2
37,118,2
38,118,2
39,118,0
40,118,0
41,118,0
42,118,0
43,118,3
44,118,3
45,118,3
46,118,3
47,118,3
48,118,3
49,118,3
50,118,3
51,118,3
52,118,3
53,118,3
54,118,0
55,118,1
56,118,1
57,118,1
58,118,1
59,118,1
60,118,1
61,118,1
62,118,1
63,118,1
64,118,1
65,118,1
66,118,1
67,118,1
68,118,1
69,118,1
70,118,1
71,118,1
72,118,1
73,118,1
74,118,1
75,118,1
76,118,1
77,118,1
78,118,1
79,118,1
80,118,1
81,118,1
82,118,1
83,118,1
84,118,1
85,118,1
86,118,1
87,118,1
88,118,1
89,118,1
90,118,1
91,118,1
92,118,1
93,118,1
94,118,1
95,118,1
96,118,1
97,118,1
98,118,1
99,118,1
100,118,1
101,118,1
102,118,1
103,118,1
104,118,1
105,118,1
106,118,1
107,118,1
108,118,1
109,118,1
110,118,1
111,118,1
112,118,1
113,118,1
114,118,1
115,118,1
116,118,1
117,118,1
118,118,1
119,118,1
120,118,1
121,118,1
122,118,1
123,118,1
124,118,1
125,118,1
126,118,1
127,118,1
128,118,1
129,118,1
130,118,1
131,118,1
132,118,1
133,118,0
134,118,0
135,118,0
136,118,0
137,118,0
138,118,0
139,118,0
140,118,0
141,118,0
142,118,0
143,118,0
144,118,0
145,118,0
146,118,0
147,118,0
148,118,0
149,118,0
150,118,0
151,118,0
152,118,0
153,118,0
154,118,0
155,118,0
156,118,0
157,118,0
158,118,0
159,118,0
160,118,0
161,118,0
162,118,0
163,118,0
164,118,0
165,118,0
166,118,0
167,118,0
168,118,0
169,118,0
170,118,0
171,118,0
172,118,0
173,118,0
174,118,0
175,118,0
176,118,0
177,118,0
178,118,0
179,118,0
180,118,0
181,118,0
182,118,0
183,118,0
184,118,0
185,118,0
186,118,0
187,118,0
188,118,0
189,118,0
190,118,0
191,118,0
192,118,0
193,118,0
194,118,0
195,118,0
196,118,0
197,118,0
198,118,0
199,118,0
200,118,0
201,118,0
202,118,0
203,118,0
204,118,0
205,118,0
206,118,0
207,118,0
208,118,0
209,118,0
210,118,0
211,118,0
212,118,0
213,118,0
214,118,0
215,118,0
216,118,0
217,118,0
218,118,0
219,118,0
220,118,0
221,118,0
222,118,0
223,118,0
224,118,0
225,118,0
226,118,0
227,118,0
228,118,0
229,118,0
230,118,0
231,118,0
232,118,0
233,118,0
234,118,0
235,118,0
236,118,0
237,118,0
238,118,0
239,118,0
240,118,0
241,118,0
242,118,0
243,118,0
244,118,0
245,118,0
246,118,0
247,118,0
248,118,0
249,118,0
250,118,0
251,118,0
252,118,0
253,118,0
254,118,0
255,118,0
256,118,0
257,118,0
258,118,0
259,118,0
260,118,0
261,118,0
262,118,0
263,118,0
264,118,0
265,118,0
266,118,0
267,118,0
268,118,0
269,118,0
270,118,0
271,118,0
272,118,0
273,118,0
274,118,0
275,118,0
276,118,0
277,118,0
278,118,0
279,118,0
280,118,0
281,118,0
282,118,0
283,118,0
284,118,0
285,118,0
286,118,0
287,118,0
288,118,0
289,118,0
290,118,0
291,118,0
1,119,0
2,119,0
3,119,0
4,119,0
5,119,0
6,119,0
7,119,0
8,119,0
9,119,0
10,119,0
11,119,0
12,119,0
13,119,0
14,119,0
15,119,0
16,119,0
17,119,0
18,119,0
19,119,0
20,119,0
21,119,0
22,119,2
23,119,2
24,119,2
25,119,2
26,119,2
27,119,2
28,119,2
29,119,2
30,119,2
31,119,2
32,119,2
33,119,2
34,119,2
35,119,2
36,119,2
37,119,2
38,119,2
39,119,0
40,119,0
41,119,0
42,119,0
43,119,3
44,119,3
45,119,3
46,119,3
47,119,3
48,119,3
49,119,3
50,119,3
51,119,3
52,119,3
53,119,0
54,119,0
55,119,1
56,119,1
57,119,1
58,119,1
59,119,1
60,119,1
61,119,1
62,119,1
63,119,1
64,119,1
65,119,1
66,119,1
67,119,1
68,119,1
69,119,1
70,119,1
71,119,1
72,119,1
73,119,1
74,119,1
75,119,1
76,119,1
77,119,1
78,119,1
79,119,1
80,119,1
81,119,1
82,119,1
83,119,1
84,119,1
85,119,1
86,119,1
87,119,1
88,119,1
89,119,1
90,119,1
91,119,1
92,119,1
93,119,1
94,119,1
95,119,1
96,119,1
97,119,1
98,119,1
99,119,1
100,119,1
101,119,1
102,119,1
103,119,1
104,119,1
105,119,1
106,119,1
107,119,1
108,119,1
109,119,1
110,119,1
111,119,1
112,119,1
113,119,1
114,119,1
115,119,1
116,119,1
117,119,1
118,119,1
119,119,1
120,119,1
121,119,1
122,119,1
123,119,1
124,119,1
125,119,1
126,119,1
127,119,1
128,119,1
129,119,1
130,119,1
131,119,1
132,119,1
133,119,0
134,119,0
135,119,0
136,119,0
137,119,0
138,119,0
139,119,0
140,119,0
141,119,0
142,119,0
143,119,0
144,119,0
145,119,0
146,119,0
147,119,0
148,119,0
149,119,0
150,119,0
151,119,0
152,119,0
153,119,0
154,119,0
155,119,0
156,119,0
157,119,0
158,119,0
159,119,0
160,119,0
161,119,0
162,119,0
163,119,0
164,119,0
165,119,0
166,119,0
167,119,0
168,119,0
169,119,0
170,119,0
171,119,0
172,119,0
173,119,0
174,119,0
175,119,0
176,119,0
177,119,0
178,119,0
179,119,0
180,119,0
181,119,0
182,119,0
183,119,0
184,119,0
185,119,0
186,119,0
187,119,0
188,119,0
189,119,0
190,119,0
191,119,0
192,119,0
193,119,0
194,119,0
195,119,0
196,119,0
197,119,0
198,119,0
199,119,0
200,119,0
201,119,0
202,119,0
203,119,0
204,119,0
205,119,0
206,119,0
207,119,0
208,119,0
209,119,0
210,119,0
211,119,0
212,119,0
213,119,0
214,119,0
215,119,0
216,119,0
217,119,0
218,119,0
219,119,0
220,119,0
221,119,0
222,119,0
223,119,0
224,119,0
225,119,0
226,119,0
227,119,0
228,119,0
229,119,0
230,119,0
231,119,0
232,119,0
233,119,0
234,119,0
235,119,0
236,119,0
237,119,0
238,119,0
239,119,0
240,119,0
241,119,0
242,119,0
243,119,0
244,119,0
245,119,0
246,119,0
247,119,0
248,119,0
249,119,0
250,119,0
251,119,0
252,119,0
253,119,0
254,119,0
255,119,0
256,119,0
257,119,0
258,119,0
259,119,0
260,119,0
261,119,0
262,119,0
263,119,0
264,119,0
265,119,0
266,119,0
267,119,0
268,119,0
269,119,0
270,119,0
271,119,0
272,119,0
273,119,0
274,119,0
275,119,0
276,119,0
277,119,0
278,119,0
279,119,0
280,119,0
281,119,0
282,119,0
283,119,0
284,119,0
285,119,0
286,119,0
287,119,0
288,119,0
289,119,0
290,119,0
291,119,0
1,120,0
2,120,0
3,120,0
4,120,0
5,120,0
6,120,0
7,120,0
8,120,0
9,120,0
10,120,0
11,120,0
12,120,0
13,120,0
14,120,0
15,120,0
16,120,0
17,120,0
18,120,0
19,120,0
20,120,0
21,120,2
22,120,2
23,120,2
24,120,2
25,120,2
26,120,2
27,120,2
28,120,2
29,120,2
30,120,2
31,120,2
32,120,2
33,120,2
34,120,2
35,120,2
36,120,2
37,120,2
38,120,2
39,120,0
40,120,0
41,120,0
42,120,3
43,120,3
44,120,3
45,120,3
46,120,3
47,120,3
48,120,3
49,120,3
50,120,3
51,120,3
52,120,3
53,120,0
54,120,0
55,120,1
56,120,1
57,120,1
58,120,1
59,120,1
60,120,1
61,120,1
62,120,1
63,120,1
64,120,1
65,120,1
66,120,1
67,120,1
68,120,1
69,120,1
70,120,1
71,120,1
72,120,1
73,120,1
74,120,1
75,120,1
76,120,1
77,120,1
78,120,1
79,120,1
80,120,1
81,120,1
82,120,1
83,120,1
84,120,1
85,120,1
86,120,1
87,120,1
88,120,1
89,120,1
90,120,1
91,120,1
92,120,1
93,120,1
94,120,1
95,120,1
96,120,1
97,120,1
98,120,1
99,120,1
100,120,1
101,120,1
102,120,1
103,120,1
104,120,1
105,120,1
106,120,1
107,120,1
108,120,1
109,120,1
110,120,1
111,120,1
112,120,1
113,120,1
114,120,1
115,120,1
116,120,1
117,120,1
118,120,1
119,120,1
120,120,1
121,120,1
122,120,1
123,120,1
124,120,1
125,120,1
126,120,1
127,120,1
128,120,1
129,120,1
130,120,1
131,120,1
132,120,1
133,120,0
134,120,0
135,120,0
136,120,0
137,120,0
138,120,0
139,120,0
140,120,0
141,120,0
142,120,0
143,120,0
144,120,0
145,120,0
146,120,0
147,120,0
148,120,0
149,120,0
150,120,0
151,120,0
152,120,0
153,120,0
154,120,0
155,120,0
156,120,0
157,120,0
158,120,0
159,120,0
160,120,0
161,120,0
162,120,0
163,120,0
164,120,0
165,120,0
166,120,0
167,120,0
168,120,0
169,120,0
170,120,0
171,120,0
172,120,0
173,120,0
174,120,0
175,120,0
176,120,0
177,120,0
178,120,0
179,120,0
180,120,0
181,120,0
182,120,0
183,120,0
184,120,0
185,120,0
186,120,0
187,120,0
188,120,0
189,120,0
190,120,0
191,120,0
192,120,0
193,120,0
194,120,0
195,120,0
196,120,0
197,120,0
198,120,0
199,120,0
200,120,0
201,120,0
202,120,0
203,120,0
204,120,0
205,120,0
206,120,0
207,120,0
208,120,0
209,120,0
210,120,0
211,120,0
212,120,0
213,120,0
214,120,0
215,120,0
216,120,0
217,120,0
218,120,0
219,120,0
220,120,0
221,120,0
222,120,0
223,120,0
224,120,0
225,120,0
226,120,0
227,120,0
228,120,0
229,120,0
230,120,0
231,120,0
232,120,0
233,120,0
234,120,0
235,120,0
236,120,0
237,120,0
238,120,0
239,120,0
240,120,0
241,120,0
242,120,0
243,120,0
244,120,0
245,120,0
246,120,0
247,120,0
248,120,0
249,120,0
250,120,0
251,120,0
252,120,0
253,120,0
254,120,0
255,120,0
256,120,0
257,120,0
258,120,0
259,120,0
260,120,0
261,120,0
262,120,0
263,120,0
264,120,0
265,120,0
266,120,0
267,120,0
268,120,0
269,120,0
270,120,0
271,120,0
272,120,0
273,120,0
274,120,0
275,120,0
276,120,0
277,120,0
278,120,0
279,120,0
280,120,0
281,120,0
282,120,0
283,120,0
284,120,0
285,120,0
286,120,0
287,120,0
288,120,0
289,120,0
290,120,0
291,120,0
1,121,0
2,121,0
3,121,0
4,121,0
5,121,0
6,121,0
7,121,0
8,121,0
9,121,0
10,121,0
11,121,0
12,121,0
13,121,0
14,121,0
15,121,0
16,121,0
17,121,0
18,121,0
19,121,0
20,121,2
21,121,2
22,121,2
23,121,2
24,121,2
25,121,2
26,121,2
27,121,2
28,121,2
29,121,2
30,121,2
31,121,2
32,121,2
33,121,2
34,121,2
35,121,2
36,121,2
37,121,2
38,121,0
39,121,0
40,121,0
41,121,0
42,121,3
43,121,3
44,121,3
45,121,3
46,121,3
47,121,3
48,121,3
49,121,3
50,121,3
51,121,3
52,121,3
53,121,0
54,121,0
55,121,1
56,121,1
57,121,1
58,121,1
59,121,1
60,121,1
61,121,1
62,121,1
63,121,1
64,121,1
65,121,1
66,121,1
67,121,1
68,121,1
69,121,1
70,121,1
71,121,1
72,121,1
73,121,1
74,121,1
75,121,1
76,121,1
77,121,1
78,121,1
79,121,1
80,121,1
81,121,1
82,121,1
83,121,1
84,121,1
85,121,1
86,121,1
87,121,1
88,121,1
89,121,1
90,121,1
91,121,1
92,121,1
93,121,1
94,121,1
95,121,1
96,121,1
97,121,1
98,121,1
99,121,1
100,121,1
101,121,1
102,121,1
103,121,1
104,121,1
105,121,1
106,121,1
107,121,1
108,121,1
109,121,1
110,121,1
111,121,1
112,121,1
113,121,1
114,121,1
115,121,1
116,121,1
117,121,1
118,121,1
119,121,1
120,121,1
121,121,1
122,121,1
123,121,1
124,121,1
125,121,1
126,121,1
127,121,1
128,121,1
129,121,1
130,121,1
131,121,1
132,121,1
133,121,0
134,121,0
135,121,0
136,121,0
137,121,0
138,121,0
139,121,0
140,121,0
141,121,0
142,121,0
143,121,0
144,121,0
145,121,0
146,121,0
147,121,0
148,121,0
149,121,0
150,121,0
151,121,0
152,121,0
153,121,0
154,121,0
155,121,0
156,121,0
157,121,0
158,121,0
159,121,0
160,121,0
161,121,0
162,121,0
163,121,0
164,121,0
165,121,0
166,121,0
167,121,0
168,121,0
169,121,0
170,121,0
171,121,0
172,121,0
173,121,0
174,121,0
175,121,0
176,121,0
177,121,0
178,121,0
179,121,0
180,121,0
181,121,0
182,121,0
183,121,0
184,121,0
185,121,0
186,121,0
187,121,0
188,121,0
189,121,0
190,121,0
191,121,0
192,121,0
193,121,0
194,121,0
195,121,0
196,121,0
197,121,0
198,121,0
199,121,0
200,121,0
201,121,0
202,121,0
203,121,0
204,121,0
205,121,0
206,121,0
207,121,0
208,121,0
209,121,0
210,121,0
211,121,0
212,121,0
213,121,0
214,121,0
215,121,0
216,121,0
217,121,0
218,121,0
219,121,0
220,121,0
221,121,0
222,121,0
223,121,0
224,121,0
225,121,0
226,121,0
227,121,0
228,121,0
229,121,0
230,121,0
231,121,0
232,121,0
233,121,0
234,121,0
235,121,0
236,121,0
237,121,0
238,121,0
239,121,0
240,121,0
241,121,0
242,121,0
243,121,0
244,121,0
245,121,0
246,121,0
247,121,0
248,121,0
249,121,0
250,121,0
251,121,0
252,121,0
253,121,0
254,121,0
255,121,0
256,121,0
257,121,0
258,121,0
259,121,0
260,121,0
261,121,0
262,121,0
263,121,0
264,121,0
265,121,0
266,121,0
267,121,0
268,121,0
269,121,0
270,121,0
271,121,0
272,121,0
273,121,0
274,121,0
275,121,0
276,121,0
277,121,0
278,121,0
279,121,0
280,121,0
281,121,0
282,121,0
283,121,0
284,121,0
285,121,0
286,121,0
287,121,0
288,121,0
289,121,0
290,121,0
291,121,0
1,122,0
2,122,0
3,122,0
4,122,0
5,122,0
6,122,0
7,122,0
8,122,0
9,122,0
10,122,0
11,122,0
12,122,0
13,122,0
14,122,0
15,122,0
16,122,0
17,122,0
18,122,0
19,122,0
20,122,2
21,122,2
22,122,2
23,122,2
24,122,2
25,122,2
26,122,2
27,122,2
28,122,2
29,122,2
30,122,2
31,122,2
32,122,2
33,122,2
34,122,2
35,122,2
36,122,2
37,122,2
38,122,0
39,122,0
40,122,0
41,122,3
42,122,3
43,122,3
44,122,3
45,122,3
46,122,3
47,122,3
48,122,3
49,122,3
50,122,3
51,122,3
52,122,0
53,122,0
54,122,1
55,122,1
56,122,1
57,122,1
58,122,1
59,122,1
60,122,1
61,122,1
62,122,1
63,122,1
64,122,1
65,122,1
66,122,1
67,122,1
68,122,1
69,122,1
70,122,1
71,122,1
72,122,1
73,122,1
74,122,1
75,122,1
76,122,1
77,122,1
78,122,1
79,122,1
80,122,1
81,122,1
82,122,1
83,122,1
84,122,1
85,122,1
86,122,1
87,122,1
88,122,1
89,122,1
90,122,1
91,122,1
92,122,1
93,122,1
94,122,1
95,122,1
96,122,1
97,122,1
98,122,1
99,122,1
100,122,1
101,122,1
102,122,1
103,122,1
104,122,1
105,122,1
106,122,1
107,122,1
108,122,1
109,122,1
110,122,1
111,122,1
112,122,1
113,122,1
114,122,1
115,122,1
116,122,1
117,122,1
118,122,1
119,122,1
120,122,1
121,122,1
122,122,1
123,122,1
124,122,1
125,122,1
126,122,1
127,122,1
128,122,1
129,122,1
130,122,1
131,122,1
132,122,1
133,122,0
134,122,0
135,122,0
136,122,0
137,122,0
138,122,0
139,122,0
140,122,0
141,122,0
142,122,0
143,122,0
144,122,0
145,122,0
146,122,0
147,122,0
148,122,0
149,122,0
150,122,0
151,122,0
152,122,0
153,122,0
154,122,0
155,122,0
156,122,0
157,122,0
158,122,0
159,122,0
160,122,0
161,122,0
162,122,0
163,122,0
164,122,0
165,122,0
166,122,0
167,122,0
168,122,0
169,122,0
170,122,0
171,122,0
172,122,0
173,122,0
174,122,0
175,122,0
176,122,0
177,122,0
178,122,0
179,122,0
180,122,0
181,122,0
182,122,0
183,122,0
184,122,0
185,122,0
186,122,0
187,122,0
188,122,0
189,122,0
190,122,0
191,122,0
192,122,0
193,122,0
194,122,0
195,122,0
196,122,0
197,122,0
198,122,0
199,122,0
200,122,0
201,122,0
202,122,0
203,122,0
204,122,0
205,122,0
206,122,0
207,122,0
208,122,0
209,122,0
210,122,0
211,122,0
212,122,0
213,122,0
214,122,0
215,122,0
216,122,0
217,122,0
218,122,0
219,122,0
220,122,0
221,122,0
222,122,0
223,122,0
224,122,0
225,122,0
226,122,0
227,122,0
228,122,0
229,122,0
230,122,0
231,122,0
232,122,0
233,122,0
234,122,0
235,122,0
236,122,0
237,122,0
238,122,0
239,122,0
240,122,0
241,122,0
242,122,0
243,122,0
244,122,0
245,122,0
246,122,0
247,122,0
248,122,0
249,122,0
250,122,0
251,122,0
252,122,0
253,122,0
254,122,0
255,122,0
256,122,0
257,122,0
258,122,0
259,122,0
260,122,0
261,122,0
262,122,0
263,122,0
264,122,0
265,122,0
266,122,0
267,122,0
268,122,0
269,122,0
270,122,0
271,122,0
272,122,0
273,122,0
274,122,0
275,122,0
276,122,0
277,122,0
278,122,0
279,122,0
280,122,0
281,122,0
282,122,0
283,122,0
284,122,0
285,122,0
286,122,0
287,122,0
288,122,0
289,122,0
290,122,0
291,122,0
1,123,0
2,123,0
3,123,0
4,123,0
5,123,0
6,123,0
7,123,0
8,123,0
9,123,0
10,123,0
11,123,0
12,123,0
13,123,0
14,123,0
15,123,0
16,123,0
17,123,0
18,123,0
19,123,0
20,123,0
21,123,0
22,123,2
23,123,2
24,123,2
25,123,2
26,123,2
27,123,2
28,123,2
29,123,2
30,123,2
31,123,2
32,123,2
33,123,2
34,123,2
35,123,2
36,123,2
37,123,2
38,123,0
39,123,0
40,123,0
41,123,3
42,123,3
43,123,3
44,123,3
45,123,3
46,123,3
47,123,3
48,123,3
49,123,3
50,123,3
51,123,3
52,123,0
53,123,1
54,123,1
55,123,1
56,123,1
57,123,1
58,123,1
59,123,1
60,123,1
61,123,1
62,123,1
63,123,1
64,123,1
65,123,1
66,123,1
67,123,1
68,123,1
69,123,1
70,123,1
71,123,1
72,123,1
73,123,1
74,123,1
75,123,1
76,123,1
77,123,1
78,123,1
79,123,1
80,123,1
81,123,1
82,123,1
83,123,1
84,123,1
85,123,1
86,123,1
87,123,1
88,123,1
89,123,1
90,123,1
91,123,1
92,123,1
93,123,1
94,123,1
95,123,1
96,123,1
97,123,1
98,123,1
99,123,1
100,123,1
101,123,1
102,123,1
103,123,1
104,123,1
105,123,1
106,123,1
107,123,1
108,123,1
109,123,1
110,123,1
111,123,1
112,123,1
113,123,1
114,123,1
115,123,1
116,123,1
117,123,1
118,123,1
119,123,1
120,123,1
121,123,1
122,123,1
123,123,1
124,123,1
125,123,1
126,123,1
127,123,1
128,123,1
129,123,1
130,123,1
131,123,1
132,123,0
133,123,0
134,123,0
135,123,0
136,123,0
137,123,0
138,123,0
139,123,0
140,123,0
141,123,0
142,123,0
143,123,0
144,123,0
145,123,0
146,123,0
147,123,0
148,123,0
149,123,0
150,123,0
151,123,0
152,123,0
153,123,0
154,123,0
155,123,0
156,123,0
157,123,0
158,123,0
159,123,0
160,123,0
161,123,0
162,123,0
163,123,0
164,123,0
165,123,0
166,123,0
167,123,0
168,123,0
169,123,0
170,123,0
171,123,0
172,123,0
173,123,0
174,123,0
175,123,0
176,123,0
177,123,0
178,123,0
179,123,0
180,123,0
181,123,0
182,123,0
183,123,0
184,123,0
185,123,0
186,123,0
187,123,0
188,123,0
189,123,0
190,123,0
191,123,0
192,123,0
193,123,0
194,123,0
195,123,0
196,123,0
197,123,0
198,123,0
199,123,0
200,123,0
201,123,0
202,123,0
203,123,0
204,123,0
205,123,0
206,123,0
207,123,0
208,123,0
209,123,0
210,123,0
211,123,0
212,123,0
213,123,0
214,123,0
215,123,0
216,123,0
217,123,0
218,123,0
219,123,0
220,123,0
221,123,0
222,123,0
223,123,0
224,123,0
225,123,0
226,123,0
227,123,0
228,123,0
229,123,0
230,123,0
231,123,0
232,123,0
233,123,0
234,123,0
235,123,0
236,123,0
237,123,0
238,123,0
239,123,0
240,123,0
241,123,0
242,123,0
243,123,0
244,123,0
245,123,0
246,123,0
247,123,0
248,123,0
249,123,0
250,123,0
251,123,0
252,123,0
253,123,0
254,123,0
255,123,0
256,123,0
257,123,0
258,123,0
259,123,0
260,123,0
261,123,0
262,123,0
263,123,0
264,123,0
265,123,0
266,123,0
267,123,0
268,123,0
269,123,0
270,123,0
271,123,0
272,123,0
273,123,0
274,123,0
275,123,0
276,123,0
277,123,0
278,123,0
279,123,0
280,123,0
281,123,0
282,123,0
283,123,0
284,123,0
285,123,0
286,123,0
287,123,0
288,123,0
289,123,0
290,123,0
291,123,0
1,124,0
2,124,0
3,124,0
4,124,0
5,124,0
6,124,0
7,124,0
8,124,0
9,124,0
10,124,0
11,124,0
12,124,0
13,124,0
14,124,0
15,124,2
16,124,0
17,124,0
18,124,0
19,124,0
20,124,0
21,124,0
22,124,0
23,124,2
24,124,2
25,124,2
26,124,2
27,124,2
28,124,2
29,124,2
30,124,2
31,124,2
32,124,2
33,124,2
34,124,2
35,124,2
36,124,2
37,124,2
38,124,0
39,124,0
40,124,0
41,124,3
42,124,3
43,124,3
44,124,3
45,124,3
46,124,3
47,124,3
48,124,3
49,124,3
50,124,3
51,124,3
52,124,0
53,124,1
54,124,1
55,124,1
56,124,1
57,124,1
58,124,1
59,124,1
60,124,1
61,124,1
62,124,1
63,124,1
64,124,1
65,124,1
66,124,1
67,124,1
68,124,1
69,124,1
70,124,1
71,124,1
72,124,1
73,124,1
74,124,1
75,124,1
76,124,1
77,124,1
78,124,1
79,124,1
80,124,1
81,124,1
82,124,1
83,124,1
84,124,1
85,124,1
86,124,1
87,124,1
88,124,1
89,124,1
90,124,1
91,124,1
92,124,1
93,124,1
94,124,1
95,124,1
96,124,1
97,124,1
98,124,1
99,124,1
100,124,1
101,124,1
102,124,1
103,124,1
104,124,1
105,124,1
106,124,1
107,124,1
108,124,1
109,124,1
110,124,1
111,124,1
112,124,1
113,124,1
114,124,1
115,124,1
116,124,1
117,124,1
118,124,1
119,124,1
120,124,1
121,124,1
122,124,1
123,124,1
124,124,1
125,124,1
126,124,1
127,124,1
128,124,1
129,124,1
130,124,1
131,124,0
132,124,0
133,124,0
134,124,0
135,124,0
136,124,0
137,124,0
138,124,0
139,124,0
140,124,0
141,124,0
142,124,0
143,124,0
144,124,0
145,124,0
146,124,0
147,124,0
148,124,0
149,124,0
150,124,0
151,124,0
152,124,0
153,124,0
154,124,0
155,124,0
156,124,0
157,124,0
158,124,0
159,124,0
160,124,0
161,124,0
162,124,0
163,124,0
164,124,0
165,124,0
166,124,0
167,124,0
168,124,0
169,124,0
170,124,0
171,124,0
172,124,0
173,124,0
174,124,0
175,124,0
176,124,0
177,124,0
178,124,0
179,124,0
180,124,0
181,124,0
182,124,0
183,124,0
184,124,0
185,124,0
186,124,0
187,124,0
188,124,0
189,124,0
190,124,0
191,124,0
192,124,0
193,124,0
194,124,0
195,124,0
196,124,0
197,124,0
198,124,0
199,124,0
200,124,0
201,124,0
202,124,0
203,124,0
204,124,0
205,124,0
206,124,0
207,124,0
208,124,0
209,124,0
210,124,0
211,124,0
212,124,0
213,124,0
214,124,0
215,124,0
216,124,0
217,124,0
218,124,0
219,124,0
220,124,0
221,124,0
222,124,0
223,124,0
224,124,0
225,124,0
226,124,0
227,124,0
228,124,0
229,124,0
230,124,0
231,124,0
232,124,0
233,124,0
234,124,0
235,124,0
236,124,0
237,124,0
238,124,0
239,124,0
240,124,0
241,124,0
242,124,0
243,124,0
244,124,0
245,124,0
246,124,0
247,124,0
248,124,0
249,124,0
250,124,0
251,124,0
252,124,0
253,124,0
254,124,0
255,124,0
256,124,0
257,124,0
258,124,0
259,124,0
260,124,0
261,124,0
262,124,0
263,124,0
264,124,0
265,124,0
266,124,0
267,124,0
268,124,0
269,124,0
270,124,0
271,124,0
272,124,0
273,124,0
274,124,0
275,124,0
276,124,0
277,124,0
278,124,0
279,124,0
280,124,0
281,124,0
282,124,0
283,124,0
284,124,0
285,124,0
286,124,0
287,124,0
288,124,0
289,124,0
290,124,0
291,124,0
1,125,0
2,125,0
3,125,0
4,125,0
5,125,0
6,125,0
7,125,0
8,125,0
9,125,0
10,125,0
11,125,0
12,125,2
13,125,2
14,125,2
15,125,2
16,125,2
17,125,2
18,125,2
19,125,0
20,125,2
21,125,2
22,125,2
23,125,2
24,125,2
25,125,2
26,125,2
27,125,2
28,125,2
29,125,2
30,125,2
31,125,2
32,125,2
33,125,2
34,125,2
35,125,2
36,125,2
37,125,0
38,125,0
39,125,0
40,125,3
41,125,3
42,125,3
43,125,3
44,125,3
45,125,3
46,125,3
47,125,3
48,125,3
49,125,3
50,125,3
51,125,0
52,125,0
53,125,1
54,125,1
55,125,1
56,125,1
57,125,1
58,125,1
59,125,1
60,125,1
61,125,1
62,125,1
63,125,1
64,125,1
65,125,1
66,125,1
67,125,1
68,125,1
69,125,1
70,125,1
71,125,1
72,125,1
73,125,1
74,125,1
75,125,1
76,125,1
77,125,1
78,125,1
79,125,1
80,125,1
81,125,1
82,125,1
83,125,1
84,125,1
85,125,1
86,125,1
87,125,1
88,125,1
89,125,1
90,125,1
91,125,1
92,125,1
93,125,1
94,125,1
95,125,1
96,125,1
97,125,1
98,125,1
99,125,1
100,125,1
101,125,1
102,125,1
103,125,1
104,125,1
105,125,1
106,125,1
107,125,1
108,125,1
109,125,1
110,125,1
111,125,0
112,125,0
113,125,0
114,125,0
115,125,0
116,125,0
117,125,0
118,125,1
119,125,1
120,125,1
121,125,1
122,125,1
123,125,1
124,125,1
125,125,1
126,125,1
127,125,1
128,125,1
129,125,1
130,125,1
131,125,0
132,125,0
133,125,0
134,125,0
135,125,0
136,125,0
137,125,0
138,125,0
139,125,0
140,125,0
141,125,0
142,125,0
143,125,0
144,125,0
145,125,0
146,125,0
147,125,0
148,125,0
149,125,0
150,125,0
151,125,0
152,125,0
153,125,0
154,125,0
155,125,0
156,125,0
157,125,0
158,125,0
159,125,0
160,125,0
161,125,0
162,125,0
163,125,0
164,125,0
165,125,0
166,125,0
167,125,0
168,125,0
169,125,0
170,125,0
171,125,0
172,125,0
173,125,0
174,125,0
175,125,0
176,125,0
177,125,0
178,125,0
179,125,0
180,125,0
181,125,0
182,125,0
183,125,0
184,125,0
185,125,0
186,125,0
187,125,0
188,125,0
189,125,0
190,125,0
191,125,0
192,125,0
193,125,0
194,125,0
195,125,0
196,125,0
197,125,0
198,125,0
199,125,0
200,125,0
201,125,0
202,125,0
203,125,0
204,125,0
205,125,0
206,125,0
207,125,0
208,125,0
209,125,0
210,125,0
211,125,0
212,125,0
213,125,0
214,125,0
215,125,0
216,125,0
217,125,0
218,125,0
219,125,0
220,125,0
221,125,0
222,125,0
223,125,0
224,125,0
225,125,0
226,125,0
227,125,0
228,125,0
229,125,0
230,125,0
231,125,0
232,125,0
233,125,0
234,125,0
235,125,0
236,125,0
237,125,0
238,125,0
239,125,0
240,125,0
241,125,0
242,125,0
243,125,0
244,125,0
245,125,0
246,125,0
247,125,0
248,125,0
249,125,0
250,125,0
251,125,0
252,125,0
253,125,0
254,125,0
255,125,0
256,125,0
257,125,0
258,125,0
259,125,0
260,125,0
261,125,0
262,125,0
263,125,0
264,125,0
265,125,0
266,125,0
267,125,0
268,125,0
269,125,0
270,125,0
271,125,0
272,125,0
273,125,0
274,125,0
275,125,0
276,125,0
277,125,0
278,125,0
279,125,0
280,125,0
281,125,0
282,125,0
283,125,0
284,125,0
285,125,0
286,125,0
287,125,0
288,125,0
289,125,0
290,125,0
291,125,0
1,126,0
2,126,0
3,126,0
4,126,0
5,126,0
6,126,0
7,126,0
8,126,0
9,126,0
10,126,0
11,126,0
12,126,2
13,126,2
14,126,2
15,126,2
16,126,2
17,126,0
18,126,0
19,126,0
20,126,0
21,126,0
22,126,2
23,126,2
24,126,2
25,126,2
26,126,2
27,126,2
28,126,2
29,126,2
30,126,2
31,126,2
32,126,2
33,126,2
34,126,2
35,126,2
36,126,2
37,126,0
38,126,0
39,126,0
40,126,3
41,126,3
42,126,3
43,126,3
44,126,3
45,126,3
46,126,3
47,126,3
48,126,3
49,126,3
50,126,3
51,126,0
52,126,0
53,126,1
54,126,1
55,126,1
56,126,1
57,126,1
58,126,1
59,126,1
60,126,1
61,126,1
62,126,1
63,126,1
64,126,1
65,126,1
66,126,1
67,126,1
68,126,1
69,126,1
70,126,1
71,126,1
72,126,1
73,126,1
74,126,1
75,126,1
76,126,1
77,126,1
78,126,1
79,126,1
80,126,1
81,126,1
82,126,1
83,126,1
84,126,1
85,126,1
86,126,1
87,126,1
88,126,1
89,126,1
90,126,1
91,126,1
92,126,1
93,126,1
94,126,1
95,126,1
96,126,1
97,126,1
98,126,1
99,126,1
100,126,1
101,126,1
102,126,1
103,126,1
104,126,1
105,126,1
106,126,1
107,126,1
108,126,1
109,126,1
110,126,1
111,126,0
112,126,0
113,126,0
114,126,0
115,126,0
116,126,0
117,126,0
118,126,0
119,126,1
120,126,1
121,126,1
122,126,1
123,126,1
124,126,1
125,126,1
126,126,1
127,126,1
128,126,1
129,126,1
130,126,1
131,126,0
132,126,0
133,126,0
134,126,0
135,126,0
136,126,0
137,126,0
138,126,0
139,126,0
140,126,0
141,126,0
142,126,0
143,126,0
144,126,0
145,126,0
146,126,0
147,126,0
148,126,0
149,126,0
150,126,0
151,126,0
152,126,0
153,126,0
154,126,0
155,126,0
156,126,0
157,126,0
158,126,0
159,126,0
160,126,0
161,126,0
162,126,0
163,126,0
164,126,0
165,126,0
166,126,0
167,126,0
168,126,0
169,126,0
170,126,0
171,126,0
172,126,0
173,126,0
174,126,0
175,126,0
176,126,0
177,126,0
178,126,0
179,126,0
180,126,0
181,126,0
182,126,0
183,126,0
184,126,0
185,126,0
186,126,0
187,126,0
188,126,0
189,126,0
190,126,0
191,126,0
192,126,0
193,126,0
194,126,0
195,126,0
196,126,0
197,126,0
198,126,0
199,126,0
200,126,0
201,126,0
202,126,0
203,126,0
204,126,0
205,126,0
206,126,0
207,126,0
208,126,0
209,126,0
210,126,0
211,126,0
212,126,0
213,126,0
214,126,0
215,126,0
216,126,0
217,126,0
218,126,0
219,126,0
220,126,0
221,126,0
222,126,0
223,126,0
224,126,0
225,126,0
226,126,0
227,126,0
228,126,0
229,126,0
230,126,0
231,126,0
232,126,0
233,126,0
234,126,0
235,126,0
236,126,0
237,126,0
238,126,0
239,126,0
240,126,0
241,126,0
242,126,0
243,126,0
244,126,0
245,126,0
246,126,0
247,126,0
248,126,0
249,126,0
250,126,0
251,126,0
252,126,0
253,126,0
254,126,0
255,126,0
256,126,0
257,126,0
258,126,0
259,126,0
260,126,0
261,126,0
262,126,0
263,126,0
264,126,0
265,126,0
266,126,0
267,126,0
268,126,0
269,126,0
270,126,0
271,126,0
272,126,0
273,126,0
274,126,0
275,126,0
276,126,0
277,126,0
278,126,0
279,126,0
280,126,0
281,126,0
282,126,0
283,126,0
284,126,0
285,126,0
286,126,0
287,126,0
288,126,0
289,126,0
290,126,0
291,126,0
1,127,0
2,127,0
3,127,0
4,127,0
5,127,0
6,127,0
7,127,0
8,127,0
9,127,0
10,127,0
11,127,0
12,127,2
13,127,2
14,127,2
15,127,2
16,127,2
17,127,2
18,127,2
19,127,0
20,127,2
21,127,2
22,127,2
23,127,2
24,127,2
25,127,2
26,127,2
27,127,2
28,127,2
29,127,2
30,127,2
31,127,2
32,127,2
33,127,2
34,127,2
35,127,2
36,127,2
37,127,0
38,127,0
39,127,3
40,127,3
41,127,3
42,127,3
43,127,3
44,127,3
45,127,3
46,127,3
47,127,3
48,127,3
49,127,3
50,127,0
51,127,0
52,127,1
53,127,1
54,127,1
55,127,1
56,127,1
57,127,1
58,127,1
59,127,1
60,127,1
61,127,1
62,127,1
63,127,1
64,127,1
65,127,1
66,127,1
67,127,1
68,127,1
69,127,1
70,127,1
71,127,1
72,127,1
73,127,1
74,127,1
75,127,1
76,127,1
77,127,1
78,127,1
79,127,1
80,127,1
81,127,1
82,127,1
83,127,1
84,127,1
85,127,1
86,127,1
87,127,1
88,127,1
89,127,1
90,127,1
91,127,1
92,127,1
93,127,1
94,127,1
95,127,1
96,127,1
97,127,1
98,127,1
99,127,1
100,127,1
101,127,1
102,127,1
103,127,1
104,127,1
105,127,1
106,127,1
107,127,1
108,127,1
109,127,1
110,127,0
111,127,0
112,127,0
113,127,0
114,127,0
115,127,0
116,127,0
117,127,0
118,127,0
119,127,0
120,127,1
121,127,1
122,127,1
123,127,1
124,127,1
125,127,1
126,127,1
127,127,1
128,127,1
129,127,1
130,127,1
131,127,0
132,127,0
133,127,0
134,127,0
135,127,0
136,127,0
137,127,0
138,127,0
139,127,0
140,127,0
141,127,0
142,127,0
143,127,0
144,127,0
145,127,0
146,127,0
147,127,0
148,127,0
149,127,0
150,127,0
151,127,0
152,127,0
153,127,0
154,127,0
155,127,0
156,127,0
157,127,0
158,127,0
159,127,0
160,127,0
161,127,0
162,127,0
163,127,0
164,127,0
165,127,0
166,127,0
167,127,0
168,127,0
169,127,0
170,127,0
171,127,0
172,127,0
173,127,0
174,127,0
175,127,0
176,127,0
177,127,0
178,127,0
179,127,0
180,127,0
181,127,0
182,127,0
183,127,0
184,127,0
185,127,0
186,127,0
187,127,0
188,127,0
189,127,0
190,127,0
191,127,0
192,127,0
193,127,0
194,127,0
195,127,0
196,127,0
197,127,0
198,127,0
199,127,0
200,127,0
201,127,0
202,127,0
203,127,0
204,127,0
205,127,0
206,127,0
207,127,0
208,127,0
209,127,0
210,127,0
211,127,0
212,127,0
213,127,0
214,127,0
215,127,0
216,127,0
217,127,0
218,127,0
219,127,0
220,127,0
221,127,0
222,127,0
223,127,0
224,127,0
225,127,0
226,127,0
227,127,0
228,127,0
229,127,0
230,127,0
231,127,0
232,127,0
233,127,0
234,127,0
235,127,0
236,127,0
237,127,0
238,127,0
239,127,0
240,127,0
241,127,0
242,127,0
243,127,0
244,127,0
245,127,0
246,127,0
247,127,0
248,127,0
249,127,0
250,127,0
251,127,0
252,127,0
253,127,0
254,127,0
255,127,0
256,127,0
257,127,0
258,127,0
259,127,0
260,127,0
261,127,0
262,127,0
263,127,0
264,127,0
265,127,0
266,127,0
267,127,0
268,127,0
269,127,0
270,127,0
271,127,0
272,127,0
273,127,0
274,127,0
275,127,0
276,127,0
277,127,0
278,127,0
279,127,0
280,127,0
281,127,0
282,127,0
283,127,0
284,127,0
285,127,0
286,127,0
287,127,0
288,127,0
289,127,0
290,127,0
291,127,0
1,128,0
2,128,0
3,128,0
4,128,0
5,128,0
6,128,0
7,128,0
8,128,0
9,128,0
10,128,0
11,128,0
12,128,0
13,128,0
14,128,0
15,128,0
16,128,2
17,128,2
18,128,2
19,128,2
20,128,2
21,128,2
22,128,2
23,128,2
24,128,2
25,128,2
26,128,2
27,128,2
28,128,2
29,128,2
30,128,2
31,128,2
32,128,2
33,128,2
34,128,2
35,128,2
36,128,0
37,128,0
38,128,0
39,128,3
40,128,3
41,128,3
42,128,3
43,128,3
44,128,3
45,128,3
46,128,3
47,128,3
48,128,3
49,128,0
50,128,0
51,128,1
52,128,1
53,128,1
54,128,1
55,128,1
56,128,1
57,128,1
58,128,1
59,128,1
60,128,1
61,128,1
62,128,1
63,128,1
64,128,1
65,128,1
66,128,1
67,128,1
68,128,1
69,128,1
70,128,1
71,128,1
72,128,1
73,128,1
74,128,1
75,128,1
76,128,1
77,128,1
78,128,1
79,128,1
80,128,1
81,128,1
82,128,1
83,128,1
84,128,1
85,128,1
86,128,1
87,128,1
88,128,1
89,128,1
90,128,1
91,128,1
92,128,1
93,128,1
94,128,1
95,128,1
96,128,1
97,128,1
98,128,1
99,128,1
100,128,1
101,128,1
102,128,1
103,128,1
104,128,1
105,128,1
106,128,1
107,128,1
108,128,1
109,128,1
110,128,0
111,128,0
112,128,0
113,128,0
114,128,0
115,128,0
116,128,0
117,128,0
118,128,0
119,128,0
120,128,0
121,128,0
122,128,1
123,128,1
124,128,1
125,128,1
126,128,1
127,128,1
128,128,1
129,128,1
130,128,0
131,128,0
132,128,0
133,128,0
134,128,0
135,128,0
136,128,0
137,128,0
138,128,0
139,128,0
140,128,0
141,128,0
142,128,0
143,128,0
144,128,0
145,128,0
146,128,0
147,128,0
148,128,0
149,128,0
150,128,0
151,128,0
152,128,0
153,128,0
154,128,0
155,128,0
156,128,0
157,128,0
158,128,0
159,128,0
160,128,0
161,128,0
162,128,0
163,128,0
164,128,0
165,128,0
166,128,0
167,128,0
168,128,0
169,128,0
170,128,0
171,128,0
172,128,0
173,128,0
174,128,0
175,128,0
176,128,0
177,128,0
178,128,0
179,128,0
180,128,0
181,128,0
182,128,0
183,128,0
184,128,0
185,128,0
186,128,0
187,128,0
188,128,0
189,128,0
190,128,0
191,128,0
192,128,0
193,128,0
194,128,0
195,128,0
196,128,0
197,128,0
198,128,0
199,128,0
200,128,0
201,128,0
202,128,0
203,128,0
204,128,0
205,128,0
206,128,0
207,128,0
208,128,0
209,128,0
210,128,0
211,128,0
212,128,0
213,128,0
214,128,0
215,128,0
216,128,0
217,128,0
218,128,0
219,128,0
220,128,0
221,128,0
222,128,0
223,128,0
224,128,0
225,128,0
226,128,0
227,128,0
228,128,0
229,128,0
230,128,0
231,128,0
232,128,0
233,128,0
234,128,0
235,128,0
236,128,0
237,128,0
238,128,0
239,128,0
240,128,0
241,128,0
242,128,0
243,128,0
244,128,0
245,128,0
246,128,0
247,128,0
248,128,0
249,128,0
250,128,0
251,128,0
252,128,0
253,128,0
254,128,0
255,128,0
256,128,0
257,128,0
258,128,0
259,128,0
260,128,0
261,128,0
262,128,0
263,128,0
264,128,0
265,128,0
266,128,0
267,128,0
268,128,0
269,128,0
270,128,0
271,128,0
272,128,0
273,128,0
274,128,0
275,128,0
276,128,0
277,128,0
278,128,0
279,128,0
280,128,0
281,128,0
282,128,0
283,128,0
284,128,0
285,128,0
286,128,0
287,128,0
288,128,0
289,128,0
290,128,0
291,128,0
1,129,0
2,129,0
3,129,0
4,129,0
5,129,0
6,129,0
7,129,0
8,129,0
9,129,0
10,129,0
11,129,0
12,129,0
13,129,0
14,129,0
15,129,0
16,129,0
17,129,0
18,129,2
19,129,2
20,129,2
21,129,2
22,129,2
23,129,2
24,129,2
25,129,2
26,129,2
27,129,2
28,129,2
29,129,2
30,129,2
31,129,2
32,129,2
33,129,2
34,129,0
35,129,0
36,129,0
37,129,0
38,129,0
39,129,3
40,129,3
41,129,3
42,129,3
43,129,3
44,129,3
45,129,3
46,129,3
47,129,3
48,129,3
49,129,0
50,129,1
51,129,1
52,129,1
53,129,1
54,129,1
55,129,1
56,129,1
57,129,1
58,129,1
59,129,1
60,129,1
61,129,1
62,129,1
63,129,1
64,129,1
65,129,1
66,129,1
67,129,1
68,129,1
69,129,1
70,129,1
71,129,1
72,129,1
73,129,1
74,129,1
75,129,1
76,129,1
77,129,1
78,129,1
79,129,1
80,129,1
81,129,1
82,129,1
83,129,1
84,129,1
85,129,1
86,129,1
87,129,1
88,129,1
89,129,1
90,129,1
91,129,1
92,129,1
93,129,1
94,129,1
95,129,1
96,129,1
97,129,1
98,129,1
99,129,1
100,129,1
101,129,1
102,129,1
103,129,1
104,129,1
105,129,1
106,129,1
107,129,1
108,129,1
109,129,1
110,129,0
111,129,0
112,129,0
113,129,0
114,129,0
115,129,0
116,129,0
117,129,0
118,129,0
119,129,0
120,129,0
121,129,0
122,129,0
123,129,1
124,129,1
125,129,1
126,129,1
127,129,1
128,129,1
129,129,1
130,129,0
131,129,0
132,129,0
133,129,0
134,129,0
135,129,0
136,129,0
137,129,0
138,129,0
139,129,0
140,129,0
141,129,0
142,129,0
143,129,0
144,129,0
145,129,0
146,129,0
147,129,0
148,129,0
149,129,0
150,129,0
151,129,0
152,129,0
153,129,0
154,129,0
155,129,0
156,129,0
157,129,0
158,129,0
159,129,0
160,129,0
161,129,0
162,129,0
163,129,0
164,129,0
165,129,0
166,129,0
167,129,0
168,129,0
169,129,0
170,129,0
171,129,0
172,129,0
173,129,0
174,129,0
175,129,0
176,129,0
177,129,0
178,129,0
179,129,0
180,129,0
181,129,0
182,129,0
183,129,0
184,129,0
185,129,0
186,129,0
187,129,0
188,129,0
189,129,0
190,129,0
191,129,0
192,129,0
193,129,0
194,129,0
195,129,0
196,129,0
197,129,0
198,129,0
199,129,0
200,129,0
201,129,0
202,129,0
203,129,0
204,129,0
205,129,0
206,129,0
207,129,0
208,129,0
209,129,0
210,129,0
211,129,0
212,129,0
213,129,0
214,129,0
215,129,0
216,129,0
217,129,0
218,129,0
219,129,0
220,129,0
221,129,0
222,129,0
223,129,0
224,129,0
225,129,0
226,129,0
227,129,0
228,129,0
229,129,0
230,129,0
231,129,0
232,129,0
233,129,0
234,129,0
235,129,0
236,129,0
237,129,0
238,129,0
239,129,0
240,129,0
241,129,0
242,129,0
243,129,0
244,129,0
245,129,0
246,129,0
247,129,0
248,129,0
249,129,0
250,129,0
251,129,0
252,129,0
253,129,0
254,129,0
255,129,0
256,129,0
257,129,0
258,129,0
259,129,0
260,129,0
261,129,0
262,129,0
263,129,0
264,129,0
265,129,0
266,129,0
267,129,0
268,129,0
269,129,0
270,129,0
271,129,0
272,129,0
273,129,0
274,129,0
275,129,0
276,129,0
277,129,0
278,129,0
279,129,0
280,129,0
281,129,0
282,129,0
283,129,0
284,129,0
285,129,0
286,129,0
287,129,0
288,129,0
289,129,0
290,129,0
291,129,0
1,130,0
2,130,0
3,130,0
4,130,0
5,130,0
6,130,0
7,130,0
8,130,0
9,130,0
10,130,0
11,130,0
12,130,0
13,130,0
14,130,0
15,130,0
16,130,0
17,130,2
18,130,2
19,130,2
20,130,2
21,130,2
22,130,2
23,130,2
24,130,2
25,130,2
26,130,2
27,130,2
28,130,2
29,130,2
30,130,2
31,130,2
32,130,2
33,130,2
34,130,0
35,130,2
36,130,0
37,130,0
38,130,0
39,130,0
40,130,3
41,130,3
42,130,3
43,130,3
44,130,3
45,130,3
46,130,0
47,130,0
48,130,0
49,130,0
50,130,1
51,130,1
52,130,1
53,130,1
54,130,1
55,130,1
56,130,1
57,130,1
58,130,1
59,130,1
60,130,1
61,130,1
62,130,1
63,130,1
64,130,1
65,130,1
66,130,1
67,130,1
68,130,1
69,130,1
70,130,1
71,130,1
72,130,1
73,130,1
74,130,1
75,130,1
76,130,1
77,130,1
78,130,1
79,130,1
80,130,1
81,130,1
82,130,1
83,130,1
84,130,1
85,130,1
86,130,1
87,130,1
88,130,1
89,130,1
90,130,1
91,130,1
92,130,1
93,130,1
94,130,1
95,130,1
96,130,1
97,130,1
98,130,1
99,130,1
100,130,1
101,130,1
102,130,1
103,130,1
104,130,1
105,130,1
106,130,1
107,130,1
108,130,1
109,130,1
110,130,0
111,130,0
112,130,0
113,130,0
114,130,0
115,130,0
116,130,0
117,130,0
118,130,0
119,130,0
120,130,0
121,130,0
122,130,0
123,130,0
124,130,1
125,130,1
126,130,1
127,130,1
128,130,1
129,130,1
130,130,0
131,130,0
132,130,0
133,130,0
134,130,0
135,130,0
136,130,0
137,130,0
138,130,0
139,130,0
140,130,0
141,130,0
142,130,0
143,130,0
144,130,0
145,130,0
146,130,0
147,130,0
148,130,0
149,130,0
150,130,0
151,130,0
152,130,0
153,130,0
154,130,0
155,130,0
156,130,0
157,130,0
158,130,0
159,130,0
160,130,0
161,130,0
162,130,0
163,130,0
164,130,0
165,130,0
166,130,0
167,130,0
168,130,0
169,130,0
170,130,0
171,130,0
172,130,0
173,130,0
174,130,0
175,130,0
176,130,0
177,130,0
178,130,0
179,130,0
180,130,0
181,130,0
182,130,0
183,130,0
184,130,0
185,130,0
186,130,0
187,130,0
188,130,0
189,130,0
190,130,0
191,130,0
192,130,0
193,130,0
194,130,0
195,130,0
196,130,0
197,130,0
198,130,0
199,130,0
200,130,0
201,130,0
202,130,0
203,130,0
204,130,0
205,130,0
206,130,0
207,130,0
208,130,0
209,130,0
210,130,0
211,130,0
212,130,0
213,130,0
214,130,0
215,130,0
216,130,0
217,130,0
218,130,0
219,130,0
220,130,0
221,130,0
222,130,0
223,130,0
224,130,0
225,130,0
226,130,0
227,130,0
228,130,0
229,130,0
230,130,0
231,130,0
232,130,0
233,130,0
234,130,0
235,130,0
236,130,0
237,130,0
238,130,0
239,130,0
240,130,0
241,130,0
242,130,0
243,130,0
244,130,0
245,130,0
246,130,0
247,130,0
248,130,0
249,130,0
250,130,0
251,130,0
252,130,0
253,130,0
254,130,0
255,130,0
256,130,0
257,130,0
258,130,0
259,130,0
260,130,0
261,130,0
262,130,0
263,130,0
264,130,0
265,130,0
266,130,0
267,130,0
268,130,0
269,130,0
270,130,0
271,130,0
272,130,0
273,130,0
274,130,0
275,130,0
276,130,0
277,130,0
278,130,0
279,130,0
280,130,0
281,130,0
282,130,0
283,130,0
284,130,0
285,130,0
286,130,0
287,130,0
288,130,0
289,130,0
290,130,0
291,130,0
1,131,0
2,131,0
3,131,0
4,131,0
5,131,0
6,131,0
7,131,0
8,131,0
9,131,0
10,131,0
11,131,0
12,131,0
13,131,0
14,131,0
15,131,0
16,131,0
17,131,0
18,131,2
19,131,2
20,131,2
21,131,2
22,131,2
23,131,2
24,131,2
25,131,2
26,131,2
27,131,2
28,131,2
29,131,2
30,131,2
31,131,2
32,131,2
33,131,2
34,131,0
35,131,2
36,131,0
37,131,0
38,131,0
39,131,0
40,131,0
41,131,0
42,131,0
43,131,0
44,131,0
45,131,0
46,131,0
47,131,0
48,131,0
49,131,1
50,131,1
51,131,1
52,131,1
53,131,1
54,131,1
55,131,1
56,131,1
57,131,1
58,131,1
59,131,1
60,131,1
61,131,1
62,131,1
63,131,1
64,131,1
65,131,1
66,131,1
67,131,1
68,131,1
69,131,1
70,131,1
71,131,1
72,131,1
73,131,1
74,131,1
75,131,1
76,131,1
77,131,1
78,131,1
79,131,1
80,131,1
81,131,1
82,131,1
83,131,1
84,131,1
85,131,1
86,131,1
87,131,1
88,131,1
89,131,1
90,131,1
91,131,1
92,131,1
93,131,1
94,131,1
95,131,1
96,131,1
97,131,1
98,131,1
99,131,1
100,131,1
101,131,1
102,131,1
103,131,1
104,131,1
105,131,1
106,131,1
107,131,1
108,131,1
109,131,1
110,131,0
111,131,0
112,131,0
113,131,0
114,131,0
115,131,0
116,131,0
117,131,0
118,131,0
119,131,0
120,131,0
121,131,0
122,131,0
123,131,0
124,131,0
125,131,1
126,131,1
127,131,1
128,131,1
129,131,0
130,131,0
131,131,0
132,131,0
133,131,0
134,131,0
135,131,0
136,131,0
137,131,0
138,131,0
139,131,0
140,131,0
141,131,0
142,131,0
143,131,0
144,131,0
145,131,0
146,131,0
147,131,0
148,131,0
149,131,0
150,131,0
151,131,0
152,131,0
153,131,0
154,131,0
155,131,0
156,131,0
157,131,0
158,131,0
159,131,0
160,131,0
161,131,0
162,131,0
163,131,0
164,131,0
165,131,0
166,131,0
167,131,0
168,131,0
169,131,0
170,131,0
171,131,0
172,131,0
173,131,0
174,131,0
175,131,0
176,131,0
177,131,0
178,131,0
179,131,0
180,131,0
181,131,0
182,131,0
183,131,0
184,131,0
185,131,0
186,131,0
187,131,0
188,131,0
189,131,0
190,131,0
191,131,0
192,131,0
193,131,0
194,131,0
195,131,0
196,131,0
197,131,0
198,131,0
199,131,0
200,131,0
201,131,0
202,131,0
203,131,0
204,131,0
205,131,0
206,131,0
207,131,0
208,131,0
209,131,0
210,131,0
211,131,0
212,131,0
213,131,0
214,131,0
215,131,0
216,131,0
217,131,0
218,131,0
219,131,0
220,131,0
221,131,0
222,131,0
223,131,0
224,131,0
225,131,0
226,131,0
227,131,0
228,131,0
229,131,0
230,131,0
231,131,0
232,131,0
233,131,0
234,131,0
235,131,0
236,131,0
237,131,0
238,131,0
239,131,0
240,131,0
241,131,0
242,131,0
243,131,0
244,131,0
245,131,0
246,131,0
247,131,0
248,131,0
249,131,0
250,131,0
251,131,0
252,131,0
253,131,0
254,131,0
255,131,0
256,131,0
257,131,0
258,131,0
259,131,0
260,131,0
261,131,0
262,131,0
263,131,0
264,131,0
265,131,0
266,131,0
267,131,0
268,131,0
269,131,0
270,131,0
271,131,0
272,131,0
273,131,0
274,131,0
275,131,0
276,131,0
277,131,0
278,131,0
279,131,0
280,131,0
281,131,0
282,131,0
283,131,0
284,131,0
285,131,0
286,131,0
287,131,0
288,131,0
289,131,0
290,131,0
291,131,0
1,132,0
2,132,0
3,132,0
4,132,0
5,132,0
6,132,0
7,132,0
8,132,0
9,132,0
10,132,0
11,132,0
12,132,0
13,132,0
14,132,0
15,132,0
16,132,0
17,132,2
18,132,0
19,132,0
20,132,0
21,132,0
22,132,0
23,132,0
24,132,2
25,132,2
26,132,2
27,132,2
28,132,2
29,132,2
30,132,2
31,132,2
32,132,2
33,132,2
34,132,0
35,132,2
36,132,0
37,132,0
38,132,1
39,132,1
40,132,1
41,132,1
42,132,1
43,132,1
44,132,1
45,132,1
46,132,1
47,132,1
48,132,1
49,132,1
50,132,1
51,132,1
52,132,1
53,132,1
54,132,1
55,132,1
56,132,1
57,132,1
58,132,1
59,132,1
60,132,1
61,132,1
62,132,1
63,132,1
64,132,1
65,132,1
66,132,1
67,132,1
68,132,1
69,132,1
70,132,1
71,132,1
72,132,1
73,132,1
74,132,1
75,132,1
76,132,1
77,132,1
78,132,1
79,132,1
80,132,1
81,132,1
82,132,1
83,132,1
84,132,1
85,132,1
86,132,1
87,132,1
88,132,1
89,132,1
90,132,1
91,132,1
92,132,1
93,132,1
94,132,1
95,132,1
96,132,1
97,132,1
98,132,1
99,132,1
100,132,1
101,132,1
102,132,1
103,132,1
104,132,1
105,132,1
106,132,1
107,132,1
108,132,1
109,132,1
110,132,0
111,132,0
112,132,0
113,132,0
114,132,0
115,132,0
116,132,0
117,132,0
118,132,0
119,132,0
120,132,0
121,132,0
122,132,0
123,132,0
124,132,0
125,132,0
126,132,0
127,132,0
128,132,0
129,132,0
130,132,0
131,132,0
132,132,0
133,132,0
134,132,0
135,132,0
136,132,0
137,132,0
138,132,0
139,132,0
140,132,0
141,132,0
142,132,0
143,132,0
144,132,0
145,132,0
146,132,0
147,132,0
148,132,0
149,132,0
150,132,0
151,132,0
152,132,0
153,132,0
154,132,0
155,132,0
156,132,0
157,132,0
158,132,0
159,132,0
160,132,0
161,132,0
162,132,0
163,132,0
164,132,0
165,132,0
166,132,0
167,132,0
168,132,0
169,132,0
170,132,0
171,132,0
172,132,0
173,132,0
174,132,0
175,132,0
176,132,0
177,132,0
178,132,0
179,132,0
180,132,0
181,132,0
182,132,0
183,132,0
184,132,0
185,132,0
186,132,0
187,132,0
188,132,0
189,132,0
190,132,0
191,132,0
192,132,0
193,132,0
194,132,0
195,132,0
196,132,0
197,132,0
198,132,0
199,132,0
200,132,0
201,132,0
202,132,0
203,132,0
204,132,0
205,132,0
206,132,0
207,132,0
208,132,0
209,132,0
210,132,0
211,132,0
212,132,0
213,132,0
214,132,0
215,132,0
216,132,0
217,132,0
218,132,0
219,132,0
220,132,0
221,132,0
222,132,0
223,132,0
224,132,0
225,132,0
226,132,0
227,132,0
228,132,0
229,132,0
230,132,0
231,132,0
232,132,0
233,132,0
234,132,0
235,132,0
236,132,0
237,132,0
238,132,0
239,132,0
240,132,0
241,132,0
242,132,0
243,132,0
244,132,0
245,132,0
246,132,0
247,132,0
248,132,0
249,132,0
250,132,0
251,132,0
252,132,0
253,132,0
254,132,0
255,132,0
256,132,0
257,132,0
258,132,0
259,132,0
260,132,0
261,132,0
262,132,0
263,132,0
264,132,0
265,132,0
266,132,0
267,132,0
268,132,0
269,132,0
270,132,0
271,132,0
272,132,0
273,132,0
274,132,0
275,132,0
276,132,0
277,132,0
278,132,0
279,132,0
280,132,0
281,132,0
282,132,0
283,132,0
284,132,0
285,132,0
286,132,0
287,132,0
288,132,0
289,132,0
290,132,0
291,132,0
1,133,0
2,133,0
3,133,0
4,133,0
5,133,0
6,133,0
7,133,0
8,133,0
9,133,0
10,133,0
11,133,0
12,133,0
13,133,0
14,133,0
15,133,0
16,133,0
17,133,0
18,133,0
19,133,2
20,133,2
21,133,2
22,133,2
23,133,2
24,133,2
25,133,2
26,133,2
27,133,2
28,133,2
29,133,2
30,133,2
31,133,2
32,133,2
33,133,2
34,133,2
35,133,0
36,133,0
37,133,0
38,133,1
39,133,1
40,133,1
41,133,1
42,133,1
43,133,1
44,133,1
45,133,1
46,133,1
47,133,1
48,133,1
49,133,1
50,133,1
51,133,1
52,133,1
53,133,1
54,133,1
55,133,1
56,133,1
57,133,1
58,133,1
59,133,1
60,133,1
61,133,1
62,133,1
63,133,1
64,133,1
65,133,1
66,133,1
67,133,1
68,133,1
69,133,1
70,133,1
71,133,1
72,133,1
73,133,1
74,133,1
75,133,1
76,133,1
77,133,1
78,133,1
79,133,1
80,133,1
81,133,1
82,133,1
83,133,1
84,133,1
85,133,1
86,133,1
87,133,1
88,133,1
89,133,1
90,133,1
91,133,1
92,133,1
93,133,1
94,133,1
95,133,1
96,133,1
97,133,1
98,133,1
99,133,1
100,133,1
101,133,1
102,133,1
103,133,1
104,133,1
105,133,1
106,133,1
107,133,1
108,133,1
109,133,1
110,133,0
111,133,0
112,133,0
113,133,0
114,133,0
115,133,0
116,133,0
117,133,0
118,133,0
119,133,0
120,133,0
121,133,0
122,133,0
123,133,0
124,133,0
125,133,0
126,133,0
127,133,0
128,133,0
129,133,0
130,133,0
131,133,0
132,133,0
133,133,0
134,133,0
135,133,0
136,133,0
137,133,0
138,133,0
139,133,0
140,133,0
141,133,0
142,133,0
143,133,0
144,133,0
145,133,0
146,133,0
147,133,0
148,133,0
149,133,0
150,133,0
151,133,0
152,133,0
153,133,0
154,133,0
155,133,0
156,133,0
157,133,0
158,133,0
159,133,0
160,133,0
161,133,0
162,133,0
163,133,0
164,133,0
165,133,0
166,133,0
167,133,0
168,133,0
169,133,0
170,133,0
171,133,0
172,133,0
173,133,0
174,133,0
175,133,0
176,133,0
177,133,0
178,133,0
179,133,0
180,133,0
181,133,0
182,133,0
183,133,0
184,133,0
185,133,0
186,133,0
187,133,0
188,133,0
189,133,0
190,133,0
191,133,0
192,133,0
193,133,0
194,133,0
195,133,0
196,133,0
197,133,0
198,133,0
199,133,0
200,133,0
201,133,0
202,133,0
203,133,0
204,133,0
205,133,0
206,133,0
207,133,0
208,133,0
209,133,0
210,133,0
211,133,0
212,133,0
213,133,0
214,133,0
215,133,0
216,133,0
217,133,0
218,133,0
219,133,0
220,133,0
221,133,0
222,133,0
223,133,0
224,133,0
225,133,0
226,133,0
227,133,0
228,133,0
229,133,0
230,133,0
231,133,0
232,133,0
233,133,0
234,133,0
235,133,0
236,133,0
237,133,0
238,133,0
239,133,0
240,133,0
241,133,0
242,133,0
243,133,0
244,133,0
245,133,0
246,133,0
247,133,0
248,133,0
249,133,0
250,133,0
251,133,0
252,133,0
253,133,0
254,133,0
255,133,0
256,133,0
257,133,0
258,133,0
259,133,0
260,133,0
261,133,0
262,133,0
263,133,0
264,133,0
265,133,0
266,133,0
267,133,0
268,133,0
269,133,0
270,133,0
271,133,0
272,133,0
273,133,0
274,133,0
275,133,0
276,133,0
277,133,0
278,133,0
279,133,0
280,133,0
281,133,0
282,133,0
283,133,0
284,133,0
285,133,0
286,133,0
287,133,0
288,133,0
289,133,0
290,133,0
291,133,0
1,134,0
2,134,0
3,134,0
4,134,0
5,134,0
6,134,0
7,134,0
8,134,0
9,134,0
10,134,0
11,134,0
12,134,0
13,134,0
14,134,0
15,134,0
16,134,0
17,134,0
18,134,0
19,134,0
20,134,2
21,134,2
22,134,2
23,134,0
24,134,0
25,134,0
26,134,0
27,134,2
28,134,2
29,134,2
30,134,2
31,134,2
32,134,2
33,134,2
34,134,0
35,134,0
36,134,0
37,134,0
38,134,1
39,134,1
40,134,1
41,134,1
42,134,1
43,134,1
44,134,1
45,134,1
46,134,1
47,134,1
48,134,1
49,134,1
50,134,1
51,134,1
52,134,1
53,134,1
54,134,1
55,134,1
56,134,1
57,134,1
58,134,1
59,134,1
60,134,1
61,134,1
62,134,1
63,134,1
64,134,1
65,134,1
66,134,1
67,134,1
68,134,1
69,134,1
70,134,1
71,134,1
72,134,1
73,134,1
74,134,1
75,134,1
76,134,1
77,134,1
78,134,1
79,134,1
80,134,1
81,134,1
82,134,1
83,134,1
84,134,1
85,134,1
86,134,1
87,134,1
88,134,1
89,134,1
90,134,1
91,134,1
92,134,1
93,134,1
94,134,1
95,134,1
96,134,1
97,134,1
98,134,1
99,134,1
100,134,1
101,134,1
102,134,1
103,134,1
104,134,1
105,134,1
106,134,1
107,134,1
108,134,1
109,134,1
110,134,0
111,134,0
112,134,0
113,134,0
114,134,0
115,134,0
116,134,0
117,134,0
118,134,0
119,134,0
120,134,0
121,134,0
122,134,0
123,134,0
124,134,0
125,134,0
126,134,0
127,134,0
128,134,0
129,134,0
130,134,0
131,134,0
132,134,0
133,134,0
134,134,0
135,134,0
136,134,0
137,134,0
138,134,0
139,134,0
140,134,0
141,134,0
142,134,0
143,134,0
144,134,0
145,134,0
146,134,0
147,134,0
148,134,0
149,134,0
150,134,0
151,134,0
152,134,0
153,134,0
154,134,0
155,134,0
156,134,0
157,134,0
158,134,0
159,134,0
160,134,0
161,134,0
162,134,0
163,134,0
164,134,0
165,134,0
166,134,0
167,134,0
168,134,0
169,134,0
170,134,0
171,134,0
172,134,0
173,134,0
174,134,0
175,134,0
176,134,0
177,134,0
178,134,0
179,134,0
180,134,0
181,134,0
182,134,0
183,134,0
184,134,0
185,134,0
186,134,0
187,134,0
188,134,0
189,134,0
190,134,0
191,134,0
192,134,0
193,134,0
194,134,0
195,134,0
196,134,0
197,134,0
198,134,0
199,134,0
200,134,0
201,134,0
202,134,0
203,134,0
204,134,0
205,134,0
206,134,0
207,134,0
208,134,0
209,134,0
210,134,0
211,134,0
212,134,0
213,134,0
214,134,0
215,134,0
216,134,0
217,134,0
218,134,0
219,134,0
220,134,0
221,134,0
222,134,0
223,134,0
224,134,0
225,134,0
226,134,0
227,134,0
228,134,0
229,134,0
230,134,0
231,134,0
232,134,0
233,134,0
234,134,0
235,134,0
236,134,0
237,134,0
238,134,0
239,134,0
240,134,0
241,134,0
242,134,0
243,134,0
244,134,0
245,134,0
246,134,0
247,134,0
248,134,0
249,134,0
250,134,0
251,134,0
252,134,0
253,134,0
254,134,0
255,134,0
256,134,0
257,134,0
258,134,0
259,134,0
260,134,0
261,134,0
262,134,0
263,134,0
264,134,0
265,134,0
266,134,0
267,134,0
268,134,0
269,134,0
270,134,0
271,134,0
272,134,0
273,134,0
274,134,0
275,134,0
276,134,0
277,134,0
278,134,0
279,134,0
280,134,0
281,134,0
282,134,0
283,134,0
284,134,0
285,134,0
286,134,0
287,134,0
288,134,0
289,134,0
290,134,0
291,134,0
1,135,0
2,135,0
3,135,0
4,135,0
5,135,0
6,135,0
7,135,0
8,135,0
9,135,0
10,135,0
11,135,0
12,135,0
13,135,0
14,135,0
15,135,0
16,135,0
17,135,0
18,135,0
19,135,0
20,135,0
21,135,0
22,135,0
23,135,0
24,135,0
25,135,2
26,135,2
27,135,2
28,135,2
29,135,2
30,135,2
31,135,2
32,135,2
33,135,2
34,135,0
35,135,0
36,135,0
37,135,0
38,135,1
39,135,1
40,135,1
41,135,1
42,135,1
43,135,1
44,135,1
45,135,1
46,135,1
47,135,1
48,135,1
49,135,1
50,135,1
51,135,1
52,135,1
53,135,1
54,135,1
55,135,1
56,135,1
57,135,1
58,135,1
59,135,1
60,135,1
61,135,1
62,135,1
63,135,1
64,135,1
65,135,1
66,135,1
67,135,1
68,135,1
69,135,1
70,135,1
71,135,1
72,135,1
73,135,1
74,135,1
75,135,1
76,135,1
77,135,1
78,135,1
79,135,1
80,135,1
81,135,1
82,135,1
83,135,1
84,135,1
85,135,1
86,135,1
87,135,1
88,135,1
89,135,1
90,135,1
91,135,1
92,135,1
93,135,1
94,135,1
95,135,1
96,135,1
97,135,1
98,135,1
99,135,1
100,135,1
101,135,1
102,135,1
103,135,1
104,135,1
105,135,1
106,135,1
107,135,1
108,135,1
109,135,1
110,135,0
111,135,0
112,135,0
113,135,0
114,135,0
115,135,0
116,135,0
117,135,0
118,135,0
119,135,0
120,135,0
121,135,0
122,135,0
123,135,0
124,135,0
125,135,0
126,135,0
127,135,0
128,135,0
129,135,0
130,135,0
131,135,0
132,135,0
133,135,0
134,135,0
135,135,0
136,135,0
137,135,0
138,135,0
139,135,0
140,135,0
141,135,0
142,135,0
143,135,0
144,135,0
145,135,0
146,135,0
147,135,0
148,135,0
149,135,0
150,135,0
151,135,0
152,135,0
153,135,0
154,135,0
155,135,0
156,135,0
157,135,0
158,135,0
159,135,0
160,135,0
161,135,0
162,135,0
163,135,0
164,135,0
165,135,0
166,135,0
167,135,0
168,135,0
169,135,0
170,135,0
171,135,0
172,135,0
173,135,0
174,135,0
175,135,0
176,135,0
177,135,0
178,135,0
179,135,0
180,135,0
181,135,0
182,135,0
183,135,0
184,135,0
185,135,0
186,135,0
187,135,0
188,135,0
189,135,0
190,135,0
191,135,0
192,135,0
193,135,0
194,135,0
195,135,0
196,135,0
197,135,0
198,135,0
199,135,0
200,135,0
201,135,0
202,135,0
203,135,0
204,135,0
205,135,0
206,135,0
207,135,0
208,135,0
209,135,0
210,135,0
211,135,0
212,135,0
213,135,0
214,135,0
215,135,0
216,135,0
217,135,0
218,135,0
219,135,0
220,135,0
221,135,0
222,135,0
223,135,0
224,135,0
225,135,0
226,135,0
227,135,0
228,135,0
229,135,0
230,135,0
231,135,0
232,135,0
233,135,0
234,135,0
235,135,0
236,135,0
237,135,0
238,135,0
239,135,0
240,135,0
241,135,0
242,135,0
243,135,0
244,135,0
245,135,0
246,135,0
247,135,0
248,135,0
249,135,0
250,135,0
251,135,0
252,135,0
253,135,0
254,135,0
255,135,0
256,135,0
257,135,0
258,135,0
259,135,0
260,135,0
261,135,0
262,135,0
263,135,0
264,135,0
265,135,0
266,135,0
267,135,0
268,135,0
269,135,0
270,135,0
271,135,0
272,135,0
273,135,0
274,135,0
275,135,0
276,135,0
277,135,0
278,135,0
279,135,0
280,135,0
281,135,0
282,135,0
283,135,0
284,135,0
285,135,0
286,135,0
287,135,0
288,135,0
289,135,0
290,135,0
291,135,0
1,136,0
2,136,0
3,136,0
4,136,0
5,136,0
6,136,0
7,136,0
8,136,0
9,136,0
10,136,0
11,136,0
12,136,0
13,136,0
14,136,0
15,136,0
16,136,0
17,136,0
18,136,0
19,136,0
20,136,0
21,136,0
22,136,0
23,136,2
24,136,2
25,136,2
26,136,2
27,136,2
28,136,2
29,136,2
30,136,2
31,136,2
32,136,2
33,136,2
34,136,2
35,136,0
36,136,0
37,136,0
38,136,1
39,136,1
40,136,1
41,136,1
42,136,1
43,136,1
44,136,1
45,136,1
46,136,1
47,136,1
48,136,1
49,136,1
50,136,1
51,136,1
52,136,1
53,136,1
54,136,1
55,136,1
56,136,1
57,136,1
58,136,1
59,136,1
60,136,1
61,136,1
62,136,1
63,136,1
64,136,1
65,136,1
66,136,1
67,136,1
68,136,1
69,136,1
70,136,1
71,136,1
72,136,1
73,136,1
74,136,1
75,136,1
76,136,1
77,136,1
78,136,1
79,136,1
80,136,1
81,136,1
82,136,1
83,136,1
84,136,1
85,136,1
86,136,1
87,136,1
88,136,1
89,136,1
90,136,1
91,136,1
92,136,1
93,136,1
94,136,1
95,136,1
96,136,1
97,136,1
98,136,1
99,136,1
100,136,1
101,136,1
102,136,1
103,136,1
104,136,1
105,136,1
106,136,1
107,136,1
108,136,1
109,136,1
110,136,0
111,136,0
112,136,0
113,136,0
114,136,0
115,136,0
116,136,0
117,136,0
118,136,0
119,136,0
120,136,0
121,136,0
122,136,0
123,136,0
124,136,0
125,136,0
126,136,0
127,136,0
128,136,0
129,136,0
130,136,0
131,136,0
132,136,0
133,136,0
134,136,0
135,136,0
136,136,0
137,136,0
138,136,0
139,136,0
140,136,0
141,136,0
142,136,0
143,136,0
144,136,0
145,136,0
146,136,0
147,136,0
148,136,0
149,136,0
150,136,0
151,136,0
152,136,0
153,136,0
154,136,0
155,136,0
156,136,0
157,136,0
158,136,0
159,136,0
160,136,0
161,136,0
162,136,0
163,136,0
164,136,0
165,136,0
166,136,0
167,136,0
168,136,0
169,136,0
170,136,0
171,136,0
172,136,0
173,136,0
174,136,0
175,136,0
176,136,0
177,136,0
178,136,0
179,136,0
180,136,0
181,136,0
182,136,0
183,136,0
184,136,0
185,136,0
186,136,0
187,136,0
188,136,0
189,136,0
190,136,0
191,136,0
192,136,0
193,136,0
194,136,0
195,136,0
196,136,0
197,136,0
198,136,0
199,136,0
200,136,0
201,136,0
202,136,0
203,136,0
204,136,0
205,136,0
206,136,0
207,136,0
208,136,0
209,136,0
210,136,0
211,136,0
212,136,0
213,136,0
214,136,0
215,136,0
216,136,0
217,136,0
218,136,0
219,136,0
220,136,0
221,136,0
222,136,0
223,136,0
224,136,0
225,136,0
226,136,0
227,136,0
228,136,0
229,136,0
230,136,0
231,136,0
232,136,0
233,136,0
234,136,0
235,136,0
236,136,0
237,136,0
238,136,0
239,136,0
240,136,0
241,136,0
242,136,0
243,136,0
244,136,0
245,136,0
246,136,0
247,136,0
248,136,0
249,136,0
250,136,0
251,136,0
252,136,0
253,136,0
254,136,0
255,136,0
256,136,0
257,136,0
258,136,0
259,136,0
260,136,0
261,136,0
262,136,0
263,136,0
264,136,0
265,136,0
266,136,0
267,136,0
268,136,0
269,136,0
270,136,0
271,136,0
272,136,0
273,136,0
274,136,0
275,136,0
276,136,0
277,136,0
278,136,0
279,136,0
280,136,0
281,136,0
282,136,0
283,136,0
284,136,0
285,136,0
286,136,0
287,136,0
288,136,0
289,136,0
290,136,0
291,136,0
1,137,0
2,137,0
3,137,0
4,137,0
5,137,0
6,137,0
7,137,0
8,137,0
9,137,0
10,137,0
11,137,0
12,137,0
13,137,0
14,137,0
15,137,0
16,137,0
17,137,0
18,137,0
19,137,0
20,137,0
21,137,0
22,137,0
23,137,2
24,137,2
25,137,2
26,137,2
27,137,2
28,137,2
29,137,2
30,137,2
31,137,2
32,137,2
33,137,2
34,137,0
35,137,0
36,137,0
37,137,0
38,137,1
39,137,1
40,137,1
41,137,1
42,137,1
43,137,1
44,137,1
45,137,1
46,137,1
47,137,1
48,137,1
49,137,1
50,137,1
51,137,1
52,137,1
53,137,1
54,137,1
55,137,1
56,137,1
57,137,1
58,137,1
59,137,1
60,137,1
61,137,1
62,137,1
63,137,1
64,137,1
65,137,1
66,137,1
67,137,1
68,137,1
69,137,1
70,137,1
71,137,1
72,137,1
73,137,1
74,137,1
75,137,1
76,137,1
77,137,1
78,137,1
79,137,1
80,137,1
81,137,1
82,137,1
83,137,1
84,137,1
85,137,1
86,137,1
87,137,1
88,137,1
89,137,1
90,137,1
91,137,1
92,137,1
93,137,1
94,137,1
95,137,1
96,137,1
97,137,1
98,137,1
99,137,1
100,137,1
101,137,1
102,137,1
103,137,1
104,137,1
105,137,1
106,137,1
107,137,1
108,137,1
109,137,1
110,137,0
111,137,0
112,137,0
113,137,0
114,137,0
115,137,0
116,137,0
117,137,0
118,137,0
119,137,0
120,137,0
121,137,0
122,137,0
123,137,0
124,137,0
125,137,0
126,137,0
127,137,0
128,137,0
129,137,0
130,137,0
131,137,0
132,137,0
133,137,0
134,137,0
135,137,0
136,137,0
137,137,0
138,137,0
139,137,0
140,137,0
141,137,0
142,137,0
143,137,0
144,137,0
145,137,0
146,137,0
147,137,0
148,137,0
149,137,0
150,137,0
151,137,0
152,137,0
153,137,0
154,137,0
155,137,0
156,137,0
157,137,0
158,137,0
159,137,0
160,137,0
161,137,0
162,137,0
163,137,0
164,137,0
165,137,0
166,137,0
167,137,0
168,137,0
169,137,0
170,137,0
171,137,0
172,137,0
173,137,0
174,137,0
175,137,0
176,137,0
177,137,0
178,137,0
179,137,0
180,137,0
181,137,0
182,137,0
183,137,0
184,137,0
185,137,0
186,137,0
187,137,0
188,137,0
189,137,0
190,137,0
191,137,0
192,137,0
193,137,0
194,137,0
195,137,0
196,137,0
197,137,0
198,137,0
199,137,0
200,137,0
201,137,0
202,137,0
203,137,0
204,137,0
205,137,0
206,137,0
207,137,0
208,137,0
209,137,0
210,137,0
211,137,0
212,137,0
213,137,0
214,137,0
215,137,0
216,137,0
217,137,0
218,137,0
219,137,0
220,137,0
221,137,0
222,137,0
223,137,0
224,137,0
225,137,0
226,137,0
227,137,0
228,137,0
229,137,0
230,137,0
231,137,0
232,137,0
233,137,0
234,137,0
235,137,0
236,137,0
237,137,0
238,137,0
239,137,0
240,137,0
241,137,0
242,137,0
243,137,0
244,137,0
245,137,0
246,137,0
247,137,0
248,137,0
249,137,0
250,137,0
251,137,0
252,137,0
253,137,0
254,137,0
255,137,0
256,137,0
257,137,0
258,137,0
259,137,0
260,137,0
261,137,0
262,137,0
263,137,0
264,137,0
265,137,0
266,137,0
267,137,0
268,137,0
269,137,0
270,137,0
271,137,0
272,137,0
273,137,0
274,137,0
275,137,0
276,137,0
277,137,0
278,137,0
279,137,0
280,137,0
281,137,0
282,137,0
283,137,0
284,137,0
285,137,0
286,137,0
287,137,0
288,137,0
289,137,0
290,137,0
291,137,0
1,138,0
2,138,0
3,138,0
4,138,0
5,138,0
6,138,0
7,138,0
8,138,0
9,138,0
10,138,0
11,138,0
12,138,0
13,138,0
14,138,0
15,138,0
16,138,0
17,138,0
18,138,0
19,138,0
20,138,0
21,138,0
22,138,0
23,138,2
24,138,2
25,138,2
26,138,2
27,138,2
28,138,2
29,138,2
30,138,2
31,138,2
32,138,2
33,138,0
34,138,0
35,138,0
36,138,0
37,138,1
38,138,1
39,138,1
40,138,1
41,138,1
42,138,1
43,138,1
44,138,1
45,138,1
46,138,1
47,138,1
48,138,1
49,138,1
50,138,1
51,138,1
52,138,1
53,138,1
54,138,1
55,138,1
56,138,1
57,138,1
58,138,1
59,138,1
60,138,1
61,138,1
62,138,1
63,138,1
64,138,1
65,138,1
66,138,1
67,138,1
68,138,1
69,138,1
70,138,1
71,138,1
72,138,1
73,138,1
74,138,1
75,138,1
76,138,1
77,138,1
78,138,1
79,138,1
80,138,1
81,138,1
82,138,1
83,138,1
84,138,1
85,138,1
86,138,1
87,138,1
88,138,1
89,138,1
90,138,1
91,138,1
92,138,1
93,138,1
94,138,1
95,138,1
96,138,1
97,138,1
98,138,1
99,138,1
100,138,1
101,138,1
102,138,1
103,138,1
104,138,1
105,138,1
106,138,1
107,138,1
108,138,1
109,138,0
110,138,0
111,138,0
112,138,0
113,138,0
114,138,0
115,138,0
116,138,0
117,138,0
118,138,0
119,138,0
120,138,0
121,138,0
122,138,0
123,138,0
124,138,0
125,138,0
126,138,0
127,138,0
128,138,0
129,138,0
130,138,0
131,138,0
132,138,0
133,138,0
134,138,0
135,138,0
136,138,0
137,138,0
138,138,0
139,138,0
140,138,0
141,138,0
142,138,0
143,138,0
144,138,0
145,138,0
146,138,0
147,138,0
148,138,0
149,138,0
150,138,0
151,138,0
152,138,0
153,138,0
154,138,0
155,138,0
156,138,0
157,138,0
158,138,0
159,138,0
160,138,0
161,138,0
162,138,0
163,138,0
164,138,0
165,138,0
166,138,0
167,138,0
168,138,0
169,138,0
170,138,0
171,138,0
172,138,0
173,138,0
174,138,0
175,138,0
176,138,0
177,138,0
178,138,0
179,138,0
180,138,0
181,138,0
182,138,0
183,138,0
184,138,0
185,138,0
186,138,0
187,138,0
188,138,0
189,138,0
190,138,0
191,138,0
192,138,0
193,138,0
194,138,0
195,138,0
196,138,0
197,138,0
198,138,0
199,138,0
200,138,0
201,138,0
202,138,0
203,138,0
204,138,0
205,138,0
206,138,0
207,138,0
208,138,0
209,138,0
210,138,0
211,138,0
212,138,0
213,138,0
214,138,0
215,138,0
216,138,0
217,138,0
218,138,0
219,138,0
220,138,0
221,138,0
222,138,0
223,138,0
224,138,0
225,138,0
226,138,0
227,138,0
228,138,0
229,138,0
230,138,0
231,138,0
232,138,0
233,138,0
234,138,0
235,138,0
236,138,0
237,138,0
238,138,0
239,138,0
240,138,0
241,138,0
242,138,0
243,138,0
244,138,0
245,138,0
246,138,0
247,138,0
248,138,0
249,138,0
250,138,0
251,138,0
252,138,0
253,138,0
254,138,0
255,138,0
256,138,0
257,138,0
258,138,0
259,138,0
260,138,0
261,138,0
262,138,0
263,138,0
264,138,0
265,138,0
266,138,0
267,138,0
268,138,0
269,138,0
270,138,0
271,138,0
272,138,0
273,138,0
274,138,0
275,138,0
276,138,0
277,138,0
278,138,0
279,138,0
280,138,0
281,138,0
282,138,0
283,138,0
284,138,0
285,138,0
286,138,0
287,138,0
288,138,0
289,138,0
290,138,0
291,138,0
1,139,0
2,139,0
3,139,0
4,139,0
5,139,0
6,139,0
7,139,0
8,139,0
9,139,0
10,139,0
11,139,0
12,139,0
13,139,0
14,139,0
15,139,0
16,139,0
17,139,0
18,139,0
19,139,0
20,139,0
21,139,0
22,139,2
23,139,2
24,139,2
25,139,2
26,139,2
27,139,2
28,139,2
29,139,2
30,139,2
31,139,2
32,139,2
33,139,0
34,139,0
35,139,0
36,139,0
37,139,1
38,139,1
39,139,1
40,139,1
41,139,1
42,139,1
43,139,1
44,139,1
45,139,1
46,139,1
47,139,1
48,139,1
49,139,1
50,139,1
51,139,1
52,139,1
53,139,1
54,139,1
55,139,1
56,139,1
57,139,1
58,139,1
59,139,1
60,139,1
61,139,1
62,139,1
63,139,1
64,139,1
65,139,1
66,139,1
67,139,1
68,139,1
69,139,1
70,139,1
71,139,1
72,139,1
73,139,1
74,139,1
75,139,1
76,139,1
77,139,1
78,139,1
79,139,1
80,139,1
81,139,1
82,139,1
83,139,1
84,139,1
85,139,1
86,139,1
87,139,1
88,139,1
89,139,1
90,139,1
91,139,1
92,139,1
93,139,1
94,139,1
95,139,1
96,139,1
97,139,1
98,139,1
99,139,1
100,139,1
101,139,1
102,139,1
103,139,1
104,139,1
105,139,1
106,139,1
107,139,1
108,139,1
109,139,0
110,139,0
111,139,0
112,139,0
113,139,0
114,139,0
115,139,0
116,139,0
117,139,0
118,139,0
119,139,0
120,139,0
121,139,0
122,139,0
123,139,0
124,139,0
125,139,0
126,139,0
127,139,0
128,139,0
129,139,0
130,139,0
131,139,0
132,139,0
133,139,0
134,139,0
135,139,0
136,139,0
137,139,0
138,139,0
139,139,0
140,139,0
141,139,0
142,139,0
143,139,0
144,139,0
145,139,0
146,139,0
147,139,0
148,139,0
149,139,0
150,139,0
151,139,0
152,139,0
153,139,0
154,139,0
155,139,0
156,139,0
157,139,0
158,139,0
159,139,0
160,139,0
161,139,0
162,139,0
163,139,0
164,139,0
165,139,0
166,139,0
167,139,0
168,139,0
169,139,0
170,139,0
171,139,0
172,139,0
173,139,0
174,139,0
175,139,0
176,139,0
177,139,0
178,139,0
179,139,0
180,139,0
181,139,0
182,139,0
183,139,0
184,139,0
185,139,0
186,139,0
187,139,0
188,139,0
189,139,0
190,139,0
191,139,0
192,139,0
193,139,0
194,139,0
195,139,0
196,139,0
197,139,0
198,139,0
199,139,0
200,139,0
201,139,0
202,139,0
203,139,0
204,139,0
205,139,0
206,139,0
207,139,0
208,139,0
209,139,0
210,139,0
211,139,0
212,139,0
213,139,0
214,139,0
215,139,0
216,139,0
217,139,0
218,139,0
219,139,0
220,139,0
221,139,0
222,139,0
223,139,0
224,139,0
225,139,0
226,139,0
227,139,0
228,139,0
229,139,0
230,139,0
231,139,0
232,139,0
233,139,0
234,139,0
235,139,0
236,139,0
237,139,0
238,139,0
239,139,0
240,139,0
241,139,0
242,139,0
243,139,0
244,139,0
245,139,0
246,139,0
247,139,0
248,139,0
249,139,0
250,139,0
251,139,0
252,139,0
253,139,0
254,139,0
255,139,0
256,139,0
257,139,0
258,139,0
259,139,0
260,139,0
261,139,0
262,139,0
263,139,0
264,139,0
265,139,0
266,139,0
267,139,0
268,139,0
269,139,0
270,139,0
271,139,0
272,139,0
273,139,0
274,139,0
275,139,0
276,139,0
277,139,0
278,139,0
279,139,0
280,139,0
281,139,0
282,139,0
283,139,0
284,139,0
285,139,0
286,139,0
287,139,0
288,139,0
289,139,0
290,139,0
291,139,0
1,140,0
2,140,0
3,140,0
4,140,0
5,140,0
6,140,0
7,140,0
8,140,0
9,140,0
10,140,0
11,140,0
12,140,0
13,140,0
14,140,0
15,140,0
16,140,0
17,140,0
18,140,0
19,140,0
20,140,0
21,140,2
22,140,2
23,140,2
24,140,2
25,140,2
26,140,2
27,140,2
28,140,2
29,140,2
30,140,2
31,140,2
32,140,2
33,140,0
34,140,0
35,140,0
36,140,0
37,140,1
38,140,1
39,140,1
40,140,1
41,140,1
42,140,1
43,140,1
44,140,1
45,140,1
46,140,1
47,140,1
48,140,1
49,140,1
50,140,1
51,140,1
52,140,1
53,140,1
54,140,1
55,140,1
56,140,1
57,140,1
58,140,1
59,140,1
60,140,1
61,140,1
62,140,1
63,140,1
64,140,1
65,140,1
66,140,1
67,140,1
68,140,1
69,140,1
70,140,1
71,140,1
72,140,1
73,140,1
74,140,1
75,140,1
76,140,1
77,140,1
78,140,1
79,140,1
80,140,1
81,140,1
82,140,1
83,140,1
84,140,1
85,140,1
86,140,1
87,140,1
88,140,1
89,140,1
90,140,1
91,140,1
92,140,1
93,140,1
94,140,1
95,140,1
96,140,1
97,140,1
98,140,1
99,140,1
100,140,1
101,140,1
102,140,1
103,140,1
104,140,1
105,140,1
106,140,0
107,140,0
108,140,0
109,140,0
110,140,0
111,140,0
112,140,0
113,140,0
114,140,0
115,140,0
116,140,0
117,140,0
118,140,0
119,140,0
120,140,0
121,140,0
122,140,0
123,140,0
124,140,0
125,140,0
126,140,0
127,140,0
128,140,0
129,140,0
130,140,0
131,140,0
132,140,0
133,140,0
134,140,0
135,140,0
136,140,0
137,140,0
138,140,0
139,140,0
140,140,0
141,140,0
142,140,0
143,140,0
144,140,0
145,140,0
146,140,0
147,140,0
148,140,0
149,140,0
150,140,0
151,140,0
152,140,0
153,140,0
154,140,0
155,140,0
156,140,0
157,140,0
158,140,0
159,140,0
160,140,0
161,140,0
162,140,0
163,140,0
164,140,0
165,140,0
166,140,0
167,140,0
168,140,0
169,140,0
170,140,0
171,140,0
172,140,0
173,140,0
174,140,0
175,140,0
176,140,0
177,140,0
178,140,0
179,140,0
180,140,0
181,140,0
182,140,0
183,140,0
184,140,0
185,140,0
186,140,0
187,140,0
188,140,0
189,140,0
190,140,0
191,140,0
192,140,0
193,140,0
194,140,0
195,140,0
196,140,0
197,140,0
198,140,0
199,140,0
200,140,0
201,140,0
202,140,0
203,140,0
204,140,0
205,140,0
206,140,0
207,140,0
208,140,0
209,140,0
210,140,0
211,140,0
212,140,0
213,140,0
214,140,0
215,140,0
216,140,0
217,140,0
218,140,0
219,140,0
220,140,0
221,140,0
222,140,0
223,140,0
224,140,0
225,140,0
226,140,0
227,140,0
228,140,0
229,140,0
230,140,0
231,140,0
232,140,0
233,140,0
234,140,0
235,140,0
236,140,0
237,140,0
238,140,0
239,140,0
240,140,0
241,140,0
242,140,0
243,140,0
244,140,0
245,140,0
246,140,0
247,140,0
248,140,0
249,140,0
250,140,0
251,140,0
252,140,0
253,140,0
254,140,0
255,140,0
256,140,0
257,140,0
258,140,0
259,140,0
260,140,0
261,140,0
262,140,0
263,140,0
264,140,0
265,140,0
266,140,0
267,140,0
268,140,0
269,140,0
270,140,0
271,140,0
272,140,0
273,140,0
274,140,0
275,140,0
276,140,0
277,140,0
278,140,0
279,140,0
280,140,0
281,140,0
282,140,0
283,140,0
284,140,0
285,140,0
286,140,0
287,140,0
288,140,0
289,140,0
290,140,0
291,140,0
1,141,0
2,141,0
3,141,0
4,141,0
5,141,0
6,141,0
7,141,0
8,141,0
9,141,0
10,141,0
11,141,0
12,141,0
13,141,0
14,141,0
15,141,0
16,141,0
17,141,0
18,141,0
19,141,0
20,141,0
21,141,0
22,141,2
23,141,2
24,141,2
25,141,2
26,141,2
27,141,2
28,141,2
29,141,2
30,141,2
31,141,2
32,141,2
33,141,0
34,141,0
35,141,0
36,141,1
37,141,1
38,141,1
39,141,1
40,141,1
41,141,1
42,141,1
43,141,1
44,141,1
45,141,1
46,141,1
47,141,1
48,141,1
49,141,1
50,141,1
51,141,1
52,141,1
53,141,1
54,141,1
55,141,1
56,141,1
57,141,1
58,141,1
59,141,1
60,141,1
61,141,1
62,141,1
63,141,1
64,141,1
65,141,1
66,141,1
67,141,1
68,141,1
69,141,1
70,141,1
71,141,1
72,141,1
73,141,1
74,141,1
75,141,1
76,141,1
77,141,1
78,141,1
79,141,1
80,141,1
81,141,1
82,141,1
83,141,1
84,141,1
85,141,1
86,141,1
87,141,1
88,141,1
89,141,1
90,141,1
91,141,1
92,141,1
93,141,1
94,141,1
95,141,1
96,141,1
97,141,1
98,141,1
99,141,1
100,141,1
101,141,1
102,141,1
103,141,1
104,141,0
105,141,0
106,141,0
107,141,0
108,141,0
109,141,0
110,141,0
111,141,0
112,141,0
113,141,0
114,141,0
115,141,0
116,141,0
117,141,0
118,141,0
119,141,0
120,141,0
121,141,0
122,141,0
123,141,0
124,141,0
125,141,0
126,141,0
127,141,0
128,141,0
129,141,0
130,141,0
131,141,0
132,141,0
133,141,0
134,141,0
135,141,0
136,141,0
137,141,0
138,141,0
139,141,0
140,141,0
141,141,0
142,141,0
143,141,0
144,141,0
145,141,0
146,141,0
147,141,0
148,141,0
149,141,0
150,141,0
151,141,0
152,141,0
153,141,0
154,141,0
155,141,0
156,141,0
157,141,0
158,141,0
159,141,0
160,141,0
161,141,0
162,141,0
163,141,0
164,141,0
165,141,0
166,141,0
167,141,0
168,141,0
169,141,0
170,141,0
171,141,0
172,141,0
173,141,0
174,141,0
175,141,0
176,141,0
177,141,0
178,141,0
179,141,0
180,141,0
181,141,0
182,141,0
183,141,0
184,141,0
185,141,0
186,141,0
187,141,0
188,141,0
189,141,0
190,141,0
191,141,0
192,141,0
193,141,0
194,141,0
195,141,0
196,141,0
197,141,0
198,141,0
199,141,0
200,141,0
201,141,0
202,141,0
203,141,0
204,141,0
205,141,0
206,141,0
207,141,0
208,141,0
209,141,0
210,141,0
211,141,0
212,141,0
213,141,0
214,141,0
215,141,0
216,141,0
217,141,0
218,141,0
219,141,0
220,141,0
221,141,0
222,141,0
223,141,0
224,141,0
225,141,0
226,141,0
227,141,0
228,141,0
229,141,0
230,141,0
231,141,0
232,141,0
233,141,0
234,141,0
235,141,0
236,141,0
237,141,0
238,141,0
239,141,0
240,141,0
241,141,0
242,141,0
243,141,0
244,141,0
245,141,0
246,141,0
247,141,0
248,141,0
249,141,0
250,141,0
251,141,0
252,141,0
253,141,0
254,141,0
255,141,0
256,141,0
257,141,0
258,141,0
259,141,0
260,141,0
261,141,0
262,141,0
263,141,0
264,141,0
265,141,0
266,141,0
267,141,0
268,141,0
269,141,0
270,141,0
271,141,0
272,141,0
273,141,0
274,141,0
275,141,0
276,141,0
277,141,0
278,141,0
279,141,0
280,141,0
281,141,0
282,141,0
283,141,0
284,141,0
285,141,0
286,141,0
287,141,0
288,141,0
289,141,0
290,141,0
291,141,0
1,142,0
2,142,0
3,142,0
4,142,0
5,142,0
6,142,0
7,142,0
8,142,0
9,142,0
10,142,0
11,142,0
12,142,0
13,142,0
14,142,0
15,142,0
16,142,0
17,142,0
18,142,0
19,142,0
20,142,0
21,142,0
22,142,2
23,142,2
24,142,2
25,142,0
26,142,2
27,142,2
28,142,2
29,142,2
30,142,2
31,142,2
32,142,2
33,142,0
34,142,0
35,142,0
36,142,1
37,142,1
38,142,1
39,142,1
40,142,1
41,142,1
42,142,1
43,142,1
44,142,1
45,142,1
46,142,1
47,142,1
48,142,1
49,142,1
50,142,1
51,142,1
52,142,1
53,142,1
54,142,1
55,142,1
56,142,1
57,142,1
58,142,1
59,142,1
60,142,1
61,142,1
62,142,1
63,142,1
64,142,1
65,142,1
66,142,1
67,142,1
68,142,1
69,142,1
70,142,1
71,142,1
72,142,1
73,142,1
74,142,1
75,142,1
76,142,1
77,142,1
78,142,1
79,142,1
80,142,1
81,142,1
82,142,1
83,142,1
84,142,1
85,142,1
86,142,1
87,142,1
88,142,1
89,142,1
90,142,1
91,142,1
92,142,1
93,142,1
94,142,1
95,142,1
96,142,1
97,142,1
98,142,1
99,142,1
100,142,1
101,142,0
102,142,0
103,142,0
104,142,0
105,142,0
106,142,0
107,142,0
108,142,0
109,142,0
110,142,0
111,142,0
112,142,0
113,142,0
114,142,0
115,142,0
116,142,0
117,142,0
118,142,0
119,142,0
120,142,0
121,142,0
122,142,0
123,142,0
124,142,0
125,142,0
126,142,0
127,142,0
128,142,0
129,142,0
130,142,0
131,142,0
132,142,0
133,142,0
134,142,0
135,142,0
136,142,0
137,142,0
138,142,0
139,142,0
140,142,0
141,142,0
142,142,0
143,142,0
144,142,0
145,142,0
146,142,0
147,142,0
148,142,0
149,142,0
150,142,0
151,142,0
152,142,0
153,142,0
154,142,0
155,142,0
156,142,0
157,142,0
158,142,0
159,142,0
160,142,0
161,142,0
162,142,0
163,142,0
164,142,0
165,142,0
166,142,0
167,142,0
168,142,0
169,142,0
170,142,0
171,142,0
172,142,0
173,142,0
174,142,0
175,142,0
176,142,0
177,142,0
178,142,0
179,142,0
180,142,0
181,142,0
182,142,0
183,142,0
184,142,0
185,142,0
186,142,0
187,142,0
188,142,0
189,142,0
190,142,0
191,142,0
192,142,0
193,142,0
194,142,0
195,142,0
196,142,0
197,142,0
198,142,0
199,142,0
200,142,0
201,142,0
202,142,0
203,142,0
204,142,0
205,142,0
206,142,0
207,142,0
208,142,0
209,142,0
210,142,0
211,142,0
212,142,0
213,142,0
214,142,0
215,142,0
216,142,0
217,142,0
218,142,0
219,142,0
220,142,0
221,142,0
222,142,0
223,142,0
224,142,0
225,142,0
226,142,0
227,142,0
228,142,0
229,142,0
230,142,0
231,142,0
232,142,0
233,142,0
234,142,0
235,142,0
236,142,0
237,142,0
238,142,0
239,142,0
240,142,0
241,142,0
242,142,0
243,142,0
244,142,0
245,142,0
246,142,0
247,142,0
248,142,0
249,142,0
250,142,0
251,142,0
252,142,0
253,142,0
254,142,0
255,142,0
256,142,0
257,142,0
258,142,0
259,142,0
260,142,0
261,142,0
262,142,0
263,142,0
264,142,0
265,142,0
266,142,0
267,142,0
268,142,0
269,142,0
270,142,0
271,142,0
272,142,0
273,142,0
274,142,0
275,142,0
276,142,0
277,142,0
278,142,0
279,142,0
280,142,0
281,142,0
282,142,0
283,142,0
284,142,0
285,142,0
286,142,0
287,142,0
288,142,0
289,142,0
290,142,0
291,142,0
1,143,0
2,143,0
3,143,0
4,143,0
5,143,0
6,143,0
7,143,0
8,143,0
9,143,0
10,143,0
11,143,0
12,143,0
13,143,0
14,143,0
15,143,0
16,143,0
17,143,0
18,143,0
19,143,0
20,143,0
21,143,0
22,143,0
23,143,0
24,143,0
25,143,2
26,143,2
27,143,0
28,143,2
29,143,2
30,143,2
31,143,2
32,143,0
33,143,0
34,143,0
35,143,0
36,143,1
37,143,1
38,143,1
39,143,1
40,143,1
41,143,1
42,143,1
43,143,1
44,143,1
45,143,1
46,143,1
47,143,1
48,143,1
49,143,1
50,143,1
51,143,1
52,143,1
53,143,1
54,143,1
55,143,1
56,143,1
57,143,1
58,143,1
59,143,1
60,143,1
61,143,1
62,143,1
63,143,1
64,143,1
65,143,1
66,143,1
67,143,1
68,143,1
69,143,1
70,143,1
71,143,1
72,143,1
73,143,1
74,143,1
75,143,1
76,143,1
77,143,1
78,143,1
79,143,1
80,143,1
81,143,1
82,143,1
83,143,1
84,143,1
85,143,1
86,143,1
87,143,1
88,143,1
89,143,1
90,143,1
91,143,1
92,143,1
93,143,1
94,143,1
95,143,1
96,143,1
97,143,0
98,143,0
99,143,0
100,143,0
101,143,0
102,143,0
103,143,0
104,143,0
105,143,0
106,143,0
107,143,0
108,143,0
109,143,0
110,143,0
111,143,0
112,143,0
113,143,0
114,143,0
115,143,0
116,143,0
117,143,0
118,143,0
119,143,0
120,143,0
121,143,0
122,143,0
123,143,0
124,143,0
125,143,0
126,143,0
127,143,0
128,143,0
129,143,0
130,143,0
131,143,0
132,143,0
133,143,0
134,143,0
135,143,0
136,143,0
137,143,0
138,143,0
139,143,0
140,143,0
141,143,0
142,143,0
143,143,0
144,143,0
145,143,0
146,143,0
147,143,0
148,143,0
149,143,0
150,143,0
151,143,0
152,143,0
153,143,0
154,143,0
155,143,0
156,143,0
157,143,0
158,143,0
159,143,0
160,143,0
161,143,0
162,143,0
163,143,0
164,143,0
165,143,0
166,143,0
167,143,0
168,143,0
169,143,0
170,143,0
171,143,0
172,143,0
173,143,0
174,143,0
175,143,0
176,143,0
177,143,0
178,143,0
179,143,0
180,143,0
181,143,0
182,143,0
183,143,0
184,143,0
185,143,0
186,143,0
187,143,0
188,143,0
189,143,0
190,143,0
191,143,0
192,143,0
193,143,0
194,143,0
195,143,0
196,143,0
197,143,0
198,143,0
199,143,0
200,143,0
201,143,0
202,143,0
203,143,0
204,143,0
205,143,0
206,143,0
207,143,0
208,143,0
209,143,0
210,143,0
211,143,0
212,143,0
213,143,0
214,143,0
215,143,0
216,143,0
217,143,0
218,143,0
219,143,0
220,143,0
221,143,0
222,143,0
223,143,0
224,143,0
225,143,0
226,143,0
227,143,0
228,143,0
229,143,0
230,143,0
231,143,0
232,143,0
233,143,0
234,143,0
235,143,0
236,143,0
237,143,0
238,143,0
239,143,0
240,143,0
241,143,0
242,143,0
243,143,0
244,143,0
245,143,0
246,143,0
247,143,0
248,143,0
249,143,0
250,143,0
251,143,0
252,143,0
253,143,0
254,143,0
255,143,0
256,143,0
257,143,0
258,143,0
259,143,0
260,143,0
261,143,0
262,143,0
263,143,0
264,143,0
265,143,0
266,143,0
267,143,0
268,143,0
269,143,0
270,143,0
271,143,0
272,143,0
273,143,0
274,143,0
275,143,0
276,143,0
277,143,0
278,143,0
279,143,0
280,143,0
281,143,0
282,143,0
283,143,0
284,143,0
285,143,0
286,143,0
287,143,0
288,143,0
289,143,0
290,143,0
291,143,0
1,144,0
2,144,0
3,144,0
4,144,0
5,144,0
6,144,0
7,144,0
8,144,0
9,144,0
10,144,0
11,144,0
12,144,0
13,144,0
14,144,0
15,144,0
16,144,0
17,144,0
18,144,0
19,144,0
20,144,0
21,144,0
22,144,0
23,144,0
24,144,0
25,144,2
26,144,0
27,144,2
28,144,2
29,144,2
30,144,2
31,144,2
32,144,0
33,144,0
34,144,0
35,144,0
36,144,1
37,144,1
38,144,1
39,144,1
40,144,1
41,144,1
42,144,1
43,144,1
44,144,1
45,144,1
46,144,1
47,144,1
48,144,1
49,144,1
50,144,1
51,144,1
52,144,1
53,144,1
54,144,1
55,144,1
56,144,1
57,144,1
58,144,1
59,144,1
60,144,1
61,144,1
62,144,1
63,144,1
64,144,1
65,144,1
66,144,1
67,144,1
68,144,1
69,144,1
70,144,1
71,144,1
72,144,1
73,144,1
74,144,1
75,144,1
76,144,1
77,144,1
78,144,1
79,144,1
80,144,1
81,144,1
82,144,1
83,144,1
84,144,1
85,144,1
86,144,1
87,144,1
88,144,1
89,144,1
90,144,1
91,144,1
92,144,0
93,144,0
94,144,0
95,144,0
96,144,0
97,144,0
98,144,0
99,144,0
100,144,0
101,144,0
102,144,0
103,144,0
104,144,0
105,144,0
106,144,0
107,144,0
108,144,0
109,144,0
110,144,0
111,144,0
112,144,0
113,144,0
114,144,0
115,144,0
116,144,0
117,144,0
118,144,0
119,144,0
120,144,0
121,144,0
122,144,0
123,144,0
124,144,0
125,144,0
126,144,0
127,144,0
128,144,0
129,144,0
130,144,0
131,144,0
132,144,0
133,144,0
134,144,0
135,144,0
136,144,0
137,144,0
138,144,0
139,144,0
140,144,0
141,144,0
142,144,0
143,144,0
144,144,0
145,144,0
146,144,0
147,144,0
148,144,0
149,144,0
150,144,0
151,144,0
152,144,0
153,144,0
154,144,0
155,144,0
156,144,0
157,144,0
158,144,0
159,144,0
160,144,0
161,144,0
162,144,0
163,144,0
164,144,0
165,144,0
166,144,0
167,144,0
168,144,0
169,144,0
170,144,0
171,144,0
172,144,0
173,144,0
174,144,0
175,144,0
176,144,0
177,144,0
178,144,0
179,144,0
180,144,0
181,144,0
182,144,0
183,144,0
184,144,0
185,144,0
186,144,0
187,144,0
188,144,0
189,144,0
190,144,0
191,144,0
192,144,0
193,144,0
194,144,0
195,144,0
196,144,0
197,144,0
198,144,0
199,144,0
200,144,0
201,144,0
202,144,0
203,144,0
204,144,0
205,144,0
206,144,0
207,144,0
208,144,0
209,144,0
210,144,0
211,144,0
212,144,0
213,144,0
214,144,0
215,144,0
216,144,0
217,144,0
218,144,0
219,144,0
220,144,0
221,144,0
222,144,0
223,144,0
224,144,0
225,144,0
226,144,0
227,144,0
228,144,0
229,144,0
230,144,0
231,144,0
232,144,0
233,144,0
234,144,0
235,144,0
236,144,0
237,144,0
238,144,0
239,144,0
240,144,0
241,144,0
242,144,0
243,144,0
244,144,0
245,144,0
246,144,0
247,144,0
248,144,0
249,144,0
250,144,0
251,144,0
252,144,0
253,144,0
254,144,0
255,144,0
256,144,0
257,144,0
258,144,0
259,144,0
260,144,0
261,144,0
262,144,0
263,144,0
264,144,0
265,144,0
266,144,0
267,144,0
268,144,0
269,144,0
270,144,0
271,144,0
272,144,0
273,144,0
274,144,0
275,144,0
276,144,0
277,144,0
278,144,0
279,144,0
280,144,0
281,144,0
282,144,0
283,144,0
284,144,0
285,144,0
286,144,0
287,144,0
288,144,0
289,144,0
290,144,0
291,144,0
1,145,0
2,145,0
3,145,0
4,145,0
5,145,0
6,145,0
7,145,0
8,145,0
9,145,0
10,145,0
11,145,0
12,145,0
13,145,0
14,145,0
15,145,0
16,145,0
17,145,0
18,145,0
19,145,0
20,145,0
21,145,0
22,145,0
23,145,0
24,145,0
25,145,2
26,145,2
27,145,2
28,145,2
29,145,2
30,145,2
31,145,2
32,145,0
33,145,0
34,145,0
35,145,0
36,145,1
37,145,1
38,145,1
39,145,1
40,145,1
41,145,1
42,145,1
43,145,1
44,145,1
45,145,1
46,145,1
47,145,1
48,145,1
49,145,1
50,145,1
51,145,1
52,145,1
53,145,1
54,145,1
55,145,1
56,145,1
57,145,1
58,145,1
59,145,1
60,145,1
61,145,1
62,145,1
63,145,1
64,145,1
65,145,1
66,145,1
67,145,1
68,145,1
69,145,1
70,145,1
71,145,1
72,145,1
73,145,1
74,145,1
75,145,1
76,145,1
77,145,1
78,145,1
79,145,1
80,145,1
81,145,1
82,145,1
83,145,1
84,145,1
85,145,1
86,145,0
87,145,0
88,145,0
89,145,0
90,145,0
91,145,0
92,145,0
93,145,0
94,145,0
95,145,0
96,145,0
97,145,0
98,145,0
99,145,0
100,145,0
101,145,0
102,145,0
103,145,0
104,145,0
105,145,0
106,145,0
107,145,0
108,145,0
109,145,0
110,145,0
111,145,0
112,145,0
113,145,0
114,145,0
115,145,0
116,145,0
117,145,0
118,145,0
119,145,0
120,145,0
121,145,0
122,145,0
123,145,0
124,145,0
125,145,0
126,145,0
127,145,0
128,145,0
129,145,0
130,145,0
131,145,0
132,145,0
133,145,0
134,145,0
135,145,0
136,145,0
137,145,0
138,145,0
139,145,0
140,145,0
141,145,0
142,145,0
143,145,0
144,145,0
145,145,0
146,145,0
147,145,0
148,145,0
149,145,0
150,145,0
151,145,0
152,145,0
153,145,0
154,145,0
155,145,0
156,145,0
157,145,0
158,145,0
159,145,0
160,145,0
161,145,0
162,145,0
163,145,0
164,145,0
165,145,0
166,145,0
167,145,0
168,145,0
169,145,0
170,145,0
171,145,0
172,145,0
173,145,0
174,145,0
175,145,0
176,145,0
177,145,0
178,145,0
179,145,0
180,145,0
181,145,0
182,145,0
183,145,0
184,145,0
185,145,0
186,145,0
187,145,0
188,145,0
189,145,0
190,145,0
191,145,0
192,145,0
193,145,0
194,145,0
195,145,0
196,145,0
197,145,0
198,145,0
199,145,0
200,145,0
201,145,0
202,145,0
203,145,0
204,145,0
205,145,0
206,145,0
207,145,0
208,145,0
209,145,0
210,145,0
211,145,0
212,145,0
213,145,0
214,145,0
215,145,0
216,145,0
217,145,0
218,145,0
219,145,0
220,145,0
221,145,0
222,145,0
223,145,0
224,145,0
225,145,0
226,145,0
227,145,0
228,145,0
229,145,0
230,145,0
231,145,0
232,145,0
233,145,0
234,145,0
235,145,0
236,145,0
237,145,0
238,145,0
239,145,0
240,145,0
241,145,0
242,145,0
243,145,0
244,145,0
245,145,0
246,145,0
247,145,0
248,145,0
249,145,0
250,145,0
251,145,0
252,145,0
253,145,0
254,145,0
255,145,0
256,145,0
257,145,0
258,145,0
259,145,0
260,145,0
261,145,0
262,145,0
263,145,0
264,145,0
265,145,0
266,145,0
267,145,0
268,145,0
269,145,0
270,145,0
271,145,0
272,145,0
273,145,0
274,145,0
275,145,0
276,145,0
277,145,0
278,145,0
279,145,0
280,145,0
281,145,0
282,145,0
283,145,0
284,145,0
285,145,0
286,145,0
287,145,0
288,145,0
289,145,0
290,145,0
291,145,0
1,146,0
2,146,0
3,146,0
4,146,0
5,146,0
6,146,0
7,146,0
8,146,0
9,146,0
10,146,0
11,146,0
12,146,0
13,146,0
14,146,0
15,146,0
16,146,0
17,146,0
18,146,0
19,146,0
20,146,0
21,146,0
22,146,0
23,146,0
24,146,0
25,146,2
26,146,2
27,146,2
28,146,2
29,146,2
30,146,2
31,146,2
32,146,0
33,146,0
34,146,0
35,146,0
36,146,1
37,146,1
38,146,1
39,146,1
40,146,1
41,146,1
42,146,1
43,146,1
44,146,1
45,146,1
46,146,1
47,146,1
48,146,1
49,146,1
50,146,1
51,146,1
52,146,1
53,146,1
54,146,1
55,146,1
56,146,1
57,146,1
58,146,1
59,146,1
60,146,1
61,146,1
62,146,1
63,146,1
64,146,1
65,146,1
66,146,1
67,146,1
68,146,1
69,146,1
70,146,1
71,146,1
72,146,0
73,146,0
74,146,0
75,146,0
76,146,0
77,146,0
78,146,0
79,146,0
80,146,0
81,146,0
82,146,0
83,146,0
84,146,0
85,146,0
86,146,0
87,146,0
88,146,0
89,146,0
90,146,0
91,146,0
92,146,0
93,146,0
94,146,0
95,146,0
96,146,0
97,146,0
98,146,0
99,146,0
100,146,0
101,146,0
102,146,0
103,146,0
104,146,0
105,146,0
106,146,0
107,146,0
108,146,0
109,146,0
110,146,0
111,146,0
112,146,0
113,146,0
114,146,0
115,146,0
116,146,0
117,146,0
118,146,0
119,146,0
120,146,0
121,146,0
122,146,0
123,146,0
124,146,0
125,146,0
126,146,0
127,146,0
128,146,0
129,146,0
130,146,0
131,146,0
132,146,0
133,146,0
134,146,0
135,146,0
136,146,0
137,146,0
138,146,0
139,146,0
140,146,0
141,146,0
142,146,0
143,146,0
144,146,0
145,146,0
146,146,0
147,146,0
148,146,0
149,146,0
150,146,0
151,146,0
152,146,0
153,146,0
154,146,0
155,146,0
156,146,0
157,146,0
158,146,0
159,146,0
160,146,0
161,146,0
162,146,0
163,146,0
164,146,0
165,146,0
166,146,0
167,146,0
168,146,0
169,146,0
170,146,0
171,146,0
172,146,0
173,146,0
174,146,0
175,146,0
176,146,0
177,146,0
178,146,0
179,146,0
180,146,0
181,146,0
182,146,0
183,146,0
184,146,0
185,146,0
186,146,0
187,146,0
188,146,0
189,146,0
190,146,0
191,146,0
192,146,0
193,146,0
194,146,0
195,146,0
196,146,0
197,146,0
198,146,0
199,146,0
200,146,0
201,146,0
202,146,0
203,146,0
204,146,0
205,146,0
206,146,0
207,146,0
208,146,0
209,146,0
210,146,0
211,146,0
212,146,0
213,146,0
214,146,0
215,146,0
216,146,0
217,146,0
218,146,0
219,146,0
220,146,0
221,146,0
222,146,0
223,146,0
224,146,0
225,146,0
226,146,0
227,146,0
228,146,0
229,146,0
230,146,0
231,146,0
232,146,0
233,146,0
234,146,0
235,146,0
236,146,0
237,146,0
238,146,0
239,146,0
240,146,0
241,146,0
242,146,0
243,146,0
244,146,0
245,146,0
246,146,0
247,146,0
248,146,0
249,146,0
250,146,0
251,146,0
252,146,0
253,146,0
254,146,0
255,146,0
256,146,0
257,146,0
258,146,0
259,146,0
260,146,0
261,146,0
262,146,0
263,146,0
264,146,0
265,146,0
266,146,0
267,146,0
268,146,0
269,146,0
270,146,0
271,146,0
272,146,0
273,146,0
274,146,0
275,146,0
276,146,0
277,146,0
278,146,0
279,146,0
280,146,0
281,146,0
282,146,0
283,146,0
284,146,0
285,146,0
286,146,0
287,146,0
288,146,0
289,146,0
290,146,0
291,146,0
1,147,0
2,147,0
3,147,0
4,147,0
5,147,0
6,147,0
7,147,0
8,147,0
9,147,0
10,147,0
11,147,0
12,147,0
13,147,0
14,147,0
15,147,0
16,147,0
17,147,0
18,147,0
19,147,0
20,147,0
21,147,0
22,147,0
23,147,2
24,147,2
25,147,2
26,147,2
27,147,2
28,147,2
29,147,2
30,147,2
31,147,0
32,147,0
33,147,0
34,147,0
35,147,0
36,147,1
37,147,1
38,147,1
39,147,1
40,147,1
41,147,1
42,147,1
43,147,1
44,147,1
45,147,1
46,147,1
47,147,1
48,147,1
49,147,1
50,147,1
51,147,1
52,147,1
53,147,1
54,147,1
55,147,1
56,147,1
57,147,1
58,147,1
59,147,1
60,147,1
61,147,1
62,147,1
63,147,1
64,147,1
65,147,1
66,147,1
67,147,1
68,147,1
69,147,0
70,147,0
71,147,0
72,147,0
73,147,0
74,147,0
75,147,0
76,147,0
77,147,0
78,147,0
79,147,0
80,147,0
81,147,0
82,147,0
83,147,0
84,147,0
85,147,0
86,147,0
87,147,0
88,147,0
89,147,0
90,147,0
91,147,0
92,147,0
93,147,0
94,147,0
95,147,0
96,147,0
97,147,0
98,147,0
99,147,0
100,147,0
101,147,0
102,147,0
103,147,0
104,147,0
105,147,0
106,147,0
107,147,0
108,147,0
109,147,0
110,147,0
111,147,0
112,147,0
113,147,0
114,147,0
115,147,0
116,147,0
117,147,0
118,147,0
119,147,0
120,147,0
121,147,0
122,147,0
123,147,0
124,147,0
125,147,0
126,147,0
127,147,0
128,147,0
129,147,0
130,147,0
131,147,0
132,147,0
133,147,0
134,147,0
135,147,0
136,147,0
137,147,0
138,147,0
139,147,0
140,147,0
141,147,0
142,147,0
143,147,0
144,147,0
145,147,0
146,147,0
147,147,0
148,147,0
149,147,0
150,147,0
151,147,0
152,147,0
153,147,0
154,147,0
155,147,0
156,147,0
157,147,0
158,147,0
159,147,0
160,147,0
161,147,0
162,147,0
163,147,0
164,147,0
165,147,0
166,147,0
167,147,0
168,147,0
169,147,0
170,147,0
171,147,0
172,147,0
173,147,0
174,147,0
175,147,0
176,147,0
177,147,0
178,147,0
179,147,0
180,147,0
181,147,0
182,147,0
183,147,0
184,147,0
185,147,0
186,147,0
187,147,0
188,147,0
189,147,0
190,147,0
191,147,0
192,147,0
193,147,0
194,147,0
195,147,0
196,147,0
197,147,0
198,147,0
199,147,0
200,147,0
201,147,0
202,147,0
203,147,0
204,147,0
205,147,0
206,147,0
207,147,0
208,147,0
209,147,0
210,147,0
211,147,0
212,147,0
213,147,0
214,147,0
215,147,0
216,147,0
217,147,0
218,147,0
219,147,0
220,147,0
221,147,0
222,147,0
223,147,0
224,147,0
225,147,0
226,147,0
227,147,0
228,147,0
229,147,0
230,147,0
231,147,0
232,147,0
233,147,0
234,147,0
235,147,0
236,147,0
237,147,0
238,147,0
239,147,0
240,147,0
241,147,0
242,147,0
243,147,0
244,147,0
245,147,0
246,147,0
247,147,0
248,147,0
249,147,0
250,147,0
251,147,0
252,147,0
253,147,0
254,147,0
255,147,0
256,147,0
257,147,0
258,147,0
259,147,0
260,147,0
261,147,0
262,147,0
263,147,0
264,147,0
265,147,0
266,147,0
267,147,0
268,147,0
269,147,0
270,147,0
271,147,0
272,147,0
273,147,0
274,147,0
275,147,0
276,147,0
277,147,0
278,147,0
279,147,0
280,147,0
281,147,0
282,147,0
283,147,0
284,147,0
285,147,0
286,147,0
287,147,0
288,147,0
289,147,0
290,147,0
291,147,0
1,148,0
2,148,0
3,148,0
4,148,0
5,148,0
6,148,0
7,148,0
8,148,0
9,148,0
10,148,0
11,148,0
12,148,0
13,148,0
14,148,0
15,148,0
16,148,0
17,148,0
18,148,0
19,148,0
20,148,2
21,148,2
22,148,2
23,148,0
24,148,2
25,148,2
26,148,2
27,148,2
28,148,0
29,148,0
30,148,0
31,148,0
32,148,0
33,148,0
34,148,0
35,148,1
36,148,1
37,148,1
38,148,1
39,148,1
40,148,1
41,148,1
42,148,1
43,148,1
44,148,1
45,148,1
46,148,1
47,148,1
48,148,1
49,148,1
50,148,1
51,148,1
52,148,1
53,148,1
54,148,1
55,148,1
56,148,1
57,148,1
58,148,1
59,148,1
60,148,1
61,148,1
62,148,1
63,148,1
64,148,1
65,148,1
66,148,1
67,148,1
68,148,1
69,148,0
70,148,0
71,148,0
72,148,0
73,148,0
74,148,0
75,148,0
76,148,0
77,148,0
78,148,0
79,148,0
80,148,0
81,148,0
82,148,0
83,148,0
84,148,0
85,148,0
86,148,0
87,148,0
88,148,0
89,148,0
90,148,0
91,148,0
92,148,0
93,148,0
94,148,0
95,148,0
96,148,0
97,148,0
98,148,0
99,148,0
100,148,0
101,148,0
102,148,0
103,148,0
104,148,0
105,148,0
106,148,0
107,148,0
108,148,0
109,148,0
110,148,0
111,148,0
112,148,0
113,148,0
114,148,0
115,148,0
116,148,0
117,148,0
118,148,0
119,148,0
120,148,0
121,148,0
122,148,0
123,148,0
124,148,0
125,148,0
126,148,0
127,148,0
128,148,0
129,148,0
130,148,0
131,148,0
132,148,0
133,148,0
134,148,0
135,148,0
136,148,0
137,148,0
138,148,0
139,148,0
140,148,0
141,148,0
142,148,0
143,148,0
144,148,0
145,148,0
146,148,0
147,148,0
148,148,0
149,148,0
150,148,0
151,148,0
152,148,0
153,148,0
154,148,0
155,148,0
156,148,0
157,148,0
158,148,0
159,148,0
160,148,0
161,148,0
162,148,0
163,148,0
164,148,0
165,148,0
166,148,0
167,148,0
168,148,0
169,148,0
170,148,0
171,148,0
172,148,0
173,148,0
174,148,0
175,148,0
176,148,0
177,148,0
178,148,0
179,148,0
180,148,0
181,148,0
182,148,0
183,148,0
184,148,0
185,148,0
186,148,0
187,148,0
188,148,0
189,148,0
190,148,0
191,148,0
192,148,0
193,148,0
194,148,0
195,148,0
196,148,0
197,148,0
198,148,0
199,148,0
200,148,0
201,148,0
202,148,0
203,148,0
204,148,0
205,148,0
206,148,0
207,148,0
208,148,0
209,148,0
210,148,0
211,148,0
212,148,0
213,148,0
214,148,0
215,148,0
216,148,0
217,148,0
218,148,0
219,148,0
220,148,0
221,148,0
222,148,0
223,148,0
224,148,0
225,148,0
226,148,0
227,148,0
228,148,0
229,148,0
230,148,0
231,148,0
232,148,0
233,148,0
234,148,0
235,148,0
236,148,0
237,148,0
238,148,0
239,148,0
240,148,0
241,148,0
242,148,0
243,148,0
244,148,0
245,148,0
246,148,0
247,148,0
248,148,0
249,148,0
250,148,0
251,148,0
252,148,0
253,148,0
254,148,0
255,148,0
256,148,0
257,148,0
258,148,0
259,148,0
260,148,0
261,148,0
262,148,0
263,148,0
264,148,0
265,148,0
266,148,0
267,148,0
268,148,0
269,148,0
270,148,0
271,148,0
272,148,0
273,148,0
274,148,0
275,148,0
276,148,0
277,148,0
278,148,0
279,148,0
280,148,0
281,148,0
282,148,0
283,148,0
284,148,0
285,148,0
286,148,0
287,148,0
288,148,0
289,148,0
290,148,0
291,148,0
1,149,0
2,149,0
3,149,0
4,149,0
5,149,0
6,149,0
7,149,0
8,149,0
9,149,0
10,149,0
11,149,0
12,149,0
13,149,0
14,149,0
15,149,0
16,149,0
17,149,0
18,149,2
19,149,2
20,149,2
21,149,2
22,149,2
23,149,0
24,149,0
25,149,2
26,149,2
27,149,2
28,149,0
29,149,0
30,149,0
31,149,0
32,149,0
33,149,0
34,149,0
35,149,1
36,149,1
37,149,1
38,149,1
39,149,1
40,149,1
41,149,1
42,149,1
43,149,1
44,149,1
45,149,1
46,149,1
47,149,1
48,149,1
49,149,1
50,149,1
51,149,1
52,149,1
53,149,1
54,149,1
55,149,1
56,149,1
57,149,1
58,149,1
59,149,1
60,149,1
61,149,1
62,149,1
63,149,1
64,149,1
65,149,1
66,149,1
67,149,1
68,149,1
69,149,0
70,149,0
71,149,0
72,149,0
73,149,0
74,149,0
75,149,0
76,149,0
77,149,0
78,149,0
79,149,0
80,149,0
81,149,0
82,149,0
83,149,0
84,149,0
85,149,0
86,149,0
87,149,0
88,149,0
89,149,0
90,149,0
91,149,0
92,149,0
93,149,0
94,149,0
95,149,0
96,149,0
97,149,0
98,149,0
99,149,0
100,149,0
101,149,0
102,149,0
103,149,0
104,149,0
105,149,0
106,149,0
107,149,0
108,149,0
109,149,0
110,149,0
111,149,0
112,149,0
113,149,0
114,149,0
115,149,0
116,149,0
117,149,0
118,149,0
119,149,0
120,149,0
121,149,0
122,149,0
123,149,0
124,149,0
125,149,0
126,149,0
127,149,0
128,149,0
129,149,0
130,149,0
131,149,0
132,149,0
133,149,0
134,149,0
135,149,0
136,149,0
137,149,0
138,149,0
139,149,0
140,149,0
141,149,0
142,149,0
143,149,0
144,149,0
145,149,0
146,149,0
147,149,0
148,149,0
149,149,0
150,149,0
151,149,0
152,149,0
153,149,0
154,149,0
155,149,0
156,149,0
157,149,0
158,149,0
159,149,0
160,149,0
161,149,0
162,149,0
163,149,0
164,149,0
165,149,0
166,149,0
167,149,0
168,149,0
169,149,0
170,149,0
171,149,0
172,149,0
173,149,0
174,149,0
175,149,0
176,149,0
177,149,0
178,149,0
179,149,0
180,149,0
181,149,0
182,149,0
183,149,0
184,149,0
185,149,0
186,149,0
187,149,0
188,149,0
189,149,0
190,149,0
191,149,0
192,149,0
193,149,0
194,149,0
195,149,0
196,149,0
197,149,0
198,149,0
199,149,0
200,149,0
201,149,0
202,149,0
203,149,0
204,149,0
205,149,0
206,149,0
207,149,0
208,149,0
209,149,0
210,149,0
211,149,0
212,149,0
213,149,0
214,149,0
215,149,0
216,149,0
217,149,0
218,149,0
219,149,0
220,149,0
221,149,0
222,149,0
223,149,0
224,149,0
225,149,0
226,149,0
227,149,0
228,149,0
229,149,0
230,149,0
231,149,0
232,149,0
233,149,0
234,149,0
235,149,0
236,149,0
237,149,0
238,149,0
239,149,0
240,149,0
241,149,0
242,149,0
243,149,0
244,149,0
245,149,0
246,149,0
247,149,0
248,149,0
249,149,0
250,149,0
251,149,0
252,149,0
253,149,0
254,149,0
255,149,0
256,149,0
257,149,0
258,149,0
259,149,0
260,149,0
261,149,0
262,149,0
263,149,0
264,149,0
265,149,0
266,149,0
267,149,0
268,149,0
269,149,0
270,149,0
271,149,0
272,149,0
273,149,0
274,149,0
275,149,0
276,149,0
277,149,0
278,149,0
279,149,0
280,149,0
281,149,0
282,149,0
283,149,0
284,149,0
285,149,0
286,149,0
287,149,0
288,149,0
289,149,0
290,149,0
291,149,0
1,150,0
2,150,0
3,150,0
4,150,0
5,150,0
6,150,0
7,150,0
8,150,0
9,150,0
10,150,0
11,150,0
12,150,0
13,150,0
14,150,0
15,150,0
16,150,0
17,150,0
18,150,0
19,150,0
20,150,0
21,150,0
22,150,0
23,150,0
24,150,0
25,150,0
26,150,0
27,150,0
28,150,0
29,150,0
30,150,0
31,150,0
32,150,0
33,150,0
34,150,0
35,150,1
36,150,1
37,150,1
38,150,1
39,150,1
40,150,1
41,150,1
42,150,1
43,150,1
44,150,1
45,150,1
46,150,1
47,150,1
48,150,1
49,150,1
50,150,1
51,150,1
52,150,1
53,150,1
54,150,1
55,150,1
56,150,1
57,150,1
58,150,1
59,150,1
60,150,1
61,150,1
62,150,1
63,150,1
64,150,1
65,150,1
66,150,1
67,150,1
68,150,0
69,150,0
70,150,0
71,150,0
72,150,0
73,150,0
74,150,0
75,150,0
76,150,0
77,150,0
78,150,0
79,150,0
80,150,0
81,150,0
82,150,0
83,150,0
84,150,0
85,150,0
86,150,0
87,150,0
88,150,0
89,150,0
90,150,0
91,150,0
92,150,0
93,150,0
94,150,0
95,150,0
96,150,0
97,150,0
98,150,0
99,150,0
100,150,0
101,150,0
102,150,0
103,150,0
104,150,0
105,150,0
106,150,0
107,150,0
108,150,0
109,150,0
110,150,0
111,150,0
112,150,0
113,150,0
114,150,0
115,150,0
116,150,0
117,150,0
118,150,0
119,150,0
120,150,0
121,150,0
122,150,0
123,150,0
124,150,0
125,150,0
126,150,0
127,150,0
128,150,0
129,150,0
130,150,0
131,150,0
132,150,0
133,150,0
134,150,0
135,150,0
136,150,0
137,150,0
138,150,0
139,150,0
140,150,0
141,150,0
142,150,0
143,150,0
144,150,0
145,150,0
146,150,0
147,150,0
148,150,0
149,150,0
150,150,0
151,150,0
152,150,0
153,150,0
154,150,0
155,150,0
156,150,0
157,150,0
158,150,0
159,150,0
160,150,0
161,150,0
162,150,0
163,150,0
164,150,0
165,150,0
166,150,0
167,150,0
168,150,0
169,150,0
170,150,0
171,150,0
172,150,0
173,150,0
174,150,0
175,150,0
176,150,0
177,150,0
178,150,0
179,150,0
180,150,0
181,150,0
182,150,0
183,150,0
184,150,0
185,150,0
186,150,0
187,150,0
188,150,0
189,150,0
190,150,0
191,150,0
192,150,0
193,150,0
194,150,0
195,150,0
196,150,0
197,150,0
198,150,0
199,150,0
200,150,0
201,150,0
202,150,0
203,150,0
204,150,0
205,150,0
206,150,0
207,150,0
208,150,0
209,150,0
210,150,0
211,150,0
212,150,0
213,150,0
214,150,0
215,150,0
216,150,0
217,150,0
218,150,0
219,150,0
220,150,0
221,150,0
222,150,0
223,150,0
224,150,0
225,150,0
226,150,0
227,150,0
228,150,0
229,150,0
230,150,0
231,150,0
232,150,0
233,150,0
234,150,0
235,150,0
236,150,0
237,150,0
238,150,0
239,150,0
240,150,0
241,150,0
242,150,0
243,150,0
244,150,0
245,150,0
246,150,0
247,150,0
248,150,0
249,150,0
250,150,0
251,150,0
252,150,0
253,150,0
254,150,0
255,150,0
256,150,0
257,150,0
258,150,0
259,150,0
260,150,0
261,150,0
262,150,0
263,150,0
264,150,0
265,150,0
266,150,0
267,150,0
268,150,0
269,150,0
270,150,0
271,150,0
272,150,0
273,150,0
274,150,0
275,150,0
276,150,0
277,150,0
278,150,0
279,150,0
280,150,0
281,150,0
282,150,0
283,150,0
284,150,0
285,150,0
286,150,0
287,150,0
288,150,0
289,150,0
290,150,0
291,150,0
1,151,0
2,151,0
3,151,0
4,151,0
5,151,0
6,151,0
7,151,0
8,151,0
9,151,0
10,151,0
11,151,0
12,151,0
13,151,0
14,151,0
15,151,0
16,151,0
17,151,0
18,151,0
19,151,0
20,151,0
21,151,0
22,151,0
23,151,0
24,151,0
25,151,0
26,151,0
27,151,0
28,151,0
29,151,0
30,151,0
31,151,0
32,151,0
33,151,0
34,151,0
35,151,1
36,151,1
37,151,1
38,151,1
39,151,1
40,151,1
41,151,1
42,151,1
43,151,1
44,151,1
45,151,1
46,151,1
47,151,1
48,151,1
49,151,1
50,151,1
51,151,1
52,151,1
53,151,1
54,151,1
55,151,1
56,151,1
57,151,1
58,151,1
59,151,1
60,151,1
61,151,1
62,151,1
63,151,1
64,151,1
65,151,1
66,151,1
67,151,1
68,151,0
69,151,0
70,151,0
71,151,0
72,151,0
73,151,0
74,151,0
75,151,0
76,151,0
77,151,0
78,151,0
79,151,0
80,151,0
81,151,0
82,151,0
83,151,0
84,151,0
85,151,0
86,151,0
87,151,0
88,151,0
89,151,0
90,151,0
91,151,0
92,151,0
93,151,0
94,151,0
95,151,0
96,151,0
97,151,0
98,151,0
99,151,0
100,151,0
101,151,0
102,151,0
103,151,0
104,151,0
105,151,0
106,151,0
107,151,0
108,151,0
109,151,0
110,151,0
111,151,0
112,151,0
113,151,0
114,151,0
115,151,0
116,151,0
117,151,0
118,151,0
119,151,0
120,151,0
121,151,0
122,151,0
123,151,0
124,151,0
125,151,0
126,151,0
127,151,0
128,151,0
129,151,0
130,151,0
131,151,0
132,151,0
133,151,0
134,151,0
135,151,0
136,151,0
137,151,0
138,151,0
139,151,0
140,151,0
141,151,0
142,151,0
143,151,0
144,151,0
145,151,0
146,151,0
147,151,0
148,151,0
149,151,0
150,151,0
151,151,0
152,151,0
153,151,0
154,151,0
155,151,0
156,151,0
157,151,0
158,151,0
159,151,0
160,151,0
161,151,0
162,151,0
163,151,0
164,151,0
165,151,0
166,151,0
167,151,0
168,151,0
169,151,0
170,151,0
171,151,0
172,151,0
173,151,0
174,151,0
175,151,0
176,151,0
177,151,0
178,151,0
179,151,0
180,151,0
181,151,0
182,151,0
183,151,0
184,151,0
185,151,0
186,151,0
187,151,0
188,151,0
189,151,0
190,151,0
191,151,0
192,151,0
193,151,0
194,151,0
195,151,0
196,151,0
197,151,0
198,151,0
199,151,0
200,151,0
201,151,0
202,151,0
203,151,0
204,151,0
205,151,0
206,151,0
207,151,0
208,151,0
209,151,0
210,151,0
211,151,0
212,151,0
213,151,0
214,151,0
215,151,0
216,151,0
217,151,0
218,151,0
219,151,0
220,151,0
221,151,0
222,151,0
223,151,0
224,151,0
225,151,0
226,151,0
227,151,0
228,151,0
229,151,0
230,151,0
231,151,0
232,151,0
233,151,0
234,151,0
235,151,0
236,151,0
237,151,0
238,151,0
239,151,0
240,151,0
241,151,0
242,151,0
243,151,0
244,151,0
245,151,0
246,151,0
247,151,0
248,151,0
249,151,0
250,151,0
251,151,0
252,151,0
253,151,0
254,151,0
255,151,0
256,151,0
257,151,0
258,151,0
259,151,0
260,151,0
261,151,0
262,151,0
263,151,0
264,151,0
265,151,0
266,151,0
267,151,0
268,151,0
269,151,0
270,151,0
271,151,0
272,151,0
273,151,0
274,151,0
275,151,0
276,151,0
277,151,0
278,151,0
279,151,0
280,151,0
281,151,0
282,151,0
283,151,0
284,151,0
285,151,0
286,151,0
287,151,0
288,151,0
289,151,0
290,151,0
291,151,0
1,152,0
2,152,0
3,152,0
4,152,0
5,152,0
6,152,0
7,152,0
8,152,0
9,152,0
10,152,0
11,152,0
12,152,0
13,152,0
14,152,0
15,152,0
16,152,0
17,152,0
18,152,0
19,152,0
20,152,0
21,152,0
22,152,0
23,152,0
24,152,0
25,152,0
26,152,0
27,152,0
28,152,0
29,152,0
30,152,0
31,152,0
32,152,0
33,152,0
34,152,0
35,152,1
36,152,1
37,152,1
38,152,1
39,152,1
40,152,1
41,152,1
42,152,1
43,152,1
44,152,1
45,152,1
46,152,1
47,152,1
48,152,1
49,152,1
50,152,1
51,152,1
52,152,1
53,152,1
54,152,1
55,152,1
56,152,1
57,152,1
58,152,1
59,152,1
60,152,1
61,152,1
62,152,1
63,152,1
64,152,1
65,152,1
66,152,1
67,152,0
68,152,0
69,152,0
70,152,0
71,152,0
72,152,0
73,152,0
74,152,0
75,152,0
76,152,0
77,152,0
78,152,0
79,152,0
80,152,0
81,152,0
82,152,0
83,152,0
84,152,0
85,152,0
86,152,0
87,152,0
88,152,0
89,152,0
90,152,0
91,152,0
92,152,0
93,152,0
94,152,0
95,152,0
96,152,0
97,152,0
98,152,0
99,152,0
100,152,0
101,152,0
102,152,0
103,152,0
104,152,0
105,152,0
106,152,0
107,152,0
108,152,0
109,152,0
110,152,0
111,152,0
112,152,0
113,152,0
114,152,0
115,152,0
116,152,0
117,152,0
118,152,0
119,152,0
120,152,0
121,152,0
122,152,0
123,152,0
124,152,0
125,152,0
126,152,0
127,152,0
128,152,0
129,152,0
130,152,0
131,152,0
132,152,0
133,152,0
134,152,0
135,152,0
136,152,0
137,152,0
138,152,0
139,152,0
140,152,0
141,152,0
142,152,0
143,152,0
144,152,0
145,152,0
146,152,0
147,152,0
148,152,0
149,152,0
150,152,0
151,152,0
152,152,0
153,152,0
154,152,0
155,152,0
156,152,0
157,152,0
158,152,0
159,152,0
160,152,0
161,152,0
162,152,0
163,152,0
164,152,0
165,152,0
166,152,0
167,152,0
168,152,0
169,152,0
170,152,0
171,152,0
172,152,0
173,152,0
174,152,0
175,152,0
176,152,0
177,152,0
178,152,0
179,152,0
180,152,0
181,152,0
182,152,0
183,152,0
184,152,0
185,152,0
186,152,0
187,152,0
188,152,0
189,152,0
190,152,0
191,152,0
192,152,0
193,152,0
194,152,0
195,152,0
196,152,0
197,152,0
198,152,0
199,152,0
200,152,0
201,152,0
202,152,0
203,152,0
204,152,0
205,152,0
206,152,0
207,152,0
208,152,0
209,152,0
210,152,0
211,152,0
212,152,0
213,152,0
214,152,0
215,152,0
216,152,0
217,152,0
218,152,0
219,152,0
220,152,0
221,152,0
222,152,0
223,152,0
224,152,0
225,152,0
226,152,0
227,152,0
228,152,0
229,152,0
230,152,0
231,152,0
232,152,0
233,152,0
234,152,0
235,152,0
236,152,0
237,152,0
238,152,0
239,152,0
240,152,0
241,152,0
242,152,0
243,152,0
244,152,0
245,152,0
246,152,0
247,152,0
248,152,0
249,152,0
250,152,0
251,152,0
252,152,0
253,152,0
254,152,0
255,152,0
256,152,0
257,152,0
258,152,0
259,152,0
260,152,0
261,152,0
262,152,0
263,152,0
264,152,0
265,152,0
266,152,0
267,152,0
268,152,0
269,152,0
270,152,0
271,152,0
272,152,0
273,152,0
274,152,0
275,152,0
276,152,0
277,152,0
278,152,0
279,152,0
280,152,0
281,152,0
282,152,0
283,152,0
284,152,0
285,152,0
286,152,0
287,152,0
288,152,0
289,152,0
290,152,0
291,152,0
1,153,0
2,153,0
3,153,0
4,153,0
5,153,0
6,153,0
7,153,0
8,153,0
9,153,0
10,153,0
11,153,0
12,153,0
13,153,0
14,153,0
15,153,0
16,153,0
17,153,0
18,153,0
19,153,0
20,153,0
21,153,0
22,153,0
23,153,0
24,153,0
25,153,0
26,153,0
27,153,0
28,153,0
29,153,0
30,153,0
31,153,0
32,153,0
33,153,0
34,153,0
35,153,1
36,153,1
37,153,1
38,153,1
39,153,1
40,153,1
41,153,1
42,153,1
43,153,1
44,153,1
45,153,1
46,153,1
47,153,1
48,153,1
49,153,1
50,153,1
51,153,1
52,153,1
53,153,1
54,153,1
55,153,1
56,153,1
57,153,1
58,153,1
59,153,1
60,153,1
61,153,1
62,153,1
63,153,1
64,153,1
65,153,1
66,153,1
67,153,0
68,153,0
69,153,0
70,153,0
71,153,0
72,153,0
73,153,0
74,153,0
75,153,0
76,153,0
77,153,0
78,153,0
79,153,0
80,153,0
81,153,0
82,153,0
83,153,0
84,153,0
85,153,0
86,153,0
87,153,0
88,153,0
89,153,0
90,153,0
91,153,0
92,153,0
93,153,0
94,153,0
95,153,0
96,153,0
97,153,0
98,153,0
99,153,0
100,153,0
101,153,0
102,153,0
103,153,0
104,153,0
105,153,0
106,153,0
107,153,0
108,153,0
109,153,0
110,153,0
111,153,0
112,153,0
113,153,0
114,153,0
115,153,0
116,153,0
117,153,0
118,153,0
119,153,0
120,153,0
121,153,0
122,153,0
123,153,0
124,153,0
125,153,0
126,153,0
127,153,0
128,153,0
129,153,0
130,153,0
131,153,0
132,153,0
133,153,0
134,153,0
135,153,0
136,153,0
137,153,0
138,153,0
139,153,0
140,153,0
141,153,0
142,153,0
143,153,0
144,153,0
145,153,0
146,153,0
147,153,0
148,153,0
149,153,0
150,153,0
151,153,0
152,153,0
153,153,0
154,153,0
155,153,0
156,153,0
157,153,0
158,153,0
159,153,0
160,153,0
161,153,0
162,153,0
163,153,0
164,153,0
165,153,0
166,153,0
167,153,0
168,153,0
169,153,0
170,153,0
171,153,0
172,153,0
173,153,0
174,153,0
175,153,0
176,153,0
177,153,0
178,153,0
179,153,0
180,153,0
181,153,0
182,153,0
183,153,0
184,153,0
185,153,0
186,153,0
187,153,0
188,153,0
189,153,0
190,153,0
191,153,0
192,153,0
193,153,0
194,153,0
195,153,0
196,153,0
197,153,0
198,153,0
199,153,0
200,153,0
201,153,0
202,153,0
203,153,0
204,153,0
205,153,0
206,153,0
207,153,0
208,153,0
209,153,0
210,153,0
211,153,0
212,153,0
213,153,0
214,153,0
215,153,0
216,153,0
217,153,0
218,153,0
219,153,0
220,153,0
221,153,0
222,153,0
223,153,0
224,153,0
225,153,0
226,153,0
227,153,0
228,153,0
229,153,0
230,153,0
231,153,0
232,153,0
233,153,0
234,153,0
235,153,0
236,153,0
237,153,0
238,153,0
239,153,0
240,153,0
241,153,0
242,153,0
243,153,0
244,153,0
245,153,0
246,153,0
247,153,0
248,153,0
249,153,0
250,153,0
251,153,0
252,153,0
253,153,0
254,153,0
255,153,0
256,153,0
257,153,0
258,153,0
259,153,0
260,153,0
261,153,0
262,153,0
263,153,0
264,153,0
265,153,0
266,153,0
267,153,0
268,153,0
269,153,0
270,153,0
271,153,0
272,153,0
273,153,0
274,153,0
275,153,0
276,153,0
277,153,0
278,153,0
279,153,0
280,153,0
281,153,0
282,153,0
283,153,0
284,153,0
285,153,0
286,153,0
287,153,0
288,153,0
289,153,0
290,153,0
291,153,0
1,154,0
2,154,0
3,154,0
4,154,0
5,154,0
6,154,0
7,154,0
8,154,0
9,154,0
10,154,0
11,154,0
12,154,0
13,154,0
14,154,0
15,154,0
16,154,0
17,154,0
18,154,0
19,154,0
20,154,0
21,154,0
22,154,0
23,154,0
24,154,0
25,154,0
26,154,0
27,154,0
28,154,0
29,154,0
30,154,0
31,154,0
32,154,0
33,154,0
34,154,0
35,154,1
36,154,1
37,154,1
38,154,1
39,154,1
40,154,1
41,154,1
42,154,1
43,154,1
44,154,1
45,154,1
46,154,1
47,154,1
48,154,1
49,154,1
50,154,1
51,154,1
52,154,1
53,154,1
54,154,1
55,154,1
56,154,1
57,154,1
58,154,1
59,154,1
60,154,1
61,154,1
62,154,1
63,154,1
64,154,1
65,154,1
66,154,1
67,154,0
68,154,0
69,154,0
70,154,0
71,154,0
72,154,0
73,154,0
74,154,0
75,154,0
76,154,0
77,154,0
78,154,0
79,154,0
80,154,0
81,154,0
82,154,0
83,154,0
84,154,0
85,154,0
86,154,0
87,154,0
88,154,0
89,154,0
90,154,0
91,154,0
92,154,0
93,154,0
94,154,0
95,154,0
96,154,0
97,154,0
98,154,0
99,154,0
100,154,0
101,154,0
102,154,0
103,154,0
104,154,0
105,154,0
106,154,0
107,154,0
108,154,0
109,154,0
110,154,0
111,154,0
112,154,0
113,154,0
114,154,0
115,154,0
116,154,0
117,154,0
118,154,0
119,154,0
120,154,0
121,154,0
122,154,0
123,154,0
124,154,0
125,154,0
126,154,0
127,154,0
128,154,0
129,154,0
130,154,0
131,154,0
132,154,0
133,154,0
134,154,0
135,154,0
136,154,0
137,154,0
138,154,0
139,154,0
140,154,0
141,154,0
142,154,0
143,154,0
144,154,0
145,154,0
146,154,0
147,154,0
148,154,0
149,154,0
150,154,0
151,154,0
152,154,0
153,154,0
154,154,0
155,154,0
156,154,0
157,154,0
158,154,0
159,154,0
160,154,0
161,154,0
162,154,0
163,154,0
164,154,0
165,154,0
166,154,0
167,154,0
168,154,0
169,154,0
170,154,0
171,154,0
172,154,0
173,154,0
174,154,0
175,154,0
176,154,0
177,154,0
178,154,0
179,154,0
180,154,0
181,154,0
182,154,0
183,154,0
184,154,0
185,154,0
186,154,0
187,154,0
188,154,0
189,154,0
190,154,0
191,154,0
192,154,0
193,154,0
194,154,0
195,154,0
196,154,0
197,154,0
198,154,0
199,154,0
200,154,0
201,154,0
202,154,0
203,154,0
204,154,0
205,154,0
206,154,0
207,154,0
208,154,0
209,154,0
210,154,0
211,154,0
212,154,0
213,154,0
214,154,0
215,154,0
216,154,0
217,154,0
218,154,0
219,154,0
220,154,0
221,154,0
222,154,0
223,154,0
224,154,0
225,154,0
226,154,0
227,154,0
228,154,0
229,154,0
230,154,0
231,154,0
232,154,0
233,154,0
234,154,0
235,154,0
236,154,0
237,154,0
238,154,0
239,154,0
240,154,0
241,154,0
242,154,0
243,154,0
244,154,0
245,154,0
246,154,0
247,154,0
248,154,0
249,154,0
250,154,0
251,154,0
252,154,0
253,154,0
254,154,0
255,154,0
256,154,0
257,154,0
258,154,0
259,154,0
260,154,0
261,154,0
262,154,0
263,154,0
264,154,0
265,154,0
266,154,0
267,154,0
268,154,0
269,154,0
270,154,0
271,154,0
272,154,0
273,154,0
274,154,0
275,154,0
276,154,0
277,154,0
278,154,0
279,154,0
280,154,0
281,154,0
282,154,0
283,154,0
284,154,0
285,154,0
286,154,0
287,154,0
288,154,0
289,154,0
290,154,0
291,154,0
1,155,0
2,155,0
3,155,0
4,155,0
5,155,0
6,155,0
7,155,0
8,155,0
9,155,0
10,155,0
11,155,0
12,155,0
13,155,0
14,155,0
15,155,0
16,155,0
17,155,0
18,155,0
19,155,0
20,155,0
21,155,0
22,155,0
23,155,0
24,155,0
25,155,0
26,155,0
27,155,0
28,155,0
29,155,0
30,155,0
31,155,0
32,155,0
33,155,0
34,155,0
35,155,1
36,155,1
37,155,1
38,155,1
39,155,1
40,155,1
41,155,1
42,155,1
43,155,1
44,155,1
45,155,1
46,155,1
47,155,1
48,155,1
49,155,1
50,155,1
51,155,1
52,155,1
53,155,1
54,155,1
55,155,1
56,155,1
57,155,1
58,155,1
59,155,1
60,155,1
61,155,1
62,155,1
63,155,1
64,155,1
65,155,1
66,155,0
67,155,0
68,155,0
69,155,0
70,155,0
71,155,0
72,155,0
73,155,0
74,155,0
75,155,0
76,155,0
77,155,0
78,155,0
79,155,0
80,155,0
81,155,0
82,155,0
83,155,0
84,155,0
85,155,0
86,155,0
87,155,0
88,155,0
89,155,0
90,155,0
91,155,0
92,155,0
93,155,0
94,155,0
95,155,0
96,155,0
97,155,0
98,155,0
99,155,0
100,155,0
101,155,0
102,155,0
103,155,0
104,155,0
105,155,0
106,155,0
107,155,0
108,155,0
109,155,0
110,155,0
111,155,0
112,155,0
113,155,0
114,155,0
115,155,0
116,155,0
117,155,0
118,155,0
119,155,0
120,155,0
121,155,0
122,155,0
123,155,0
124,155,0
125,155,0
126,155,0
127,155,0
128,155,0
129,155,0
130,155,0
131,155,0
132,155,0
133,155,0
134,155,0
135,155,0
136,155,0
137,155,0
138,155,0
139,155,0
140,155,0
141,155,0
142,155,0
143,155,0
144,155,0
145,155,0
146,155,0
147,155,0
148,155,0
149,155,0
150,155,0
151,155,0
152,155,0
153,155,0
154,155,0
155,155,0
156,155,0
157,155,0
158,155,0
159,155,0
160,155,0
161,155,0
162,155,0
163,155,0
164,155,0
165,155,0
166,155,0
167,155,0
168,155,0
169,155,0
170,155,0
171,155,0
172,155,0
173,155,0
174,155,0
175,155,0
176,155,0
177,155,0
178,155,0
179,155,0
180,155,0
181,155,0
182,155,0
183,155,0
184,155,0
185,155,0
186,155,0
187,155,0
188,155,0
189,155,0
190,155,0
191,155,0
192,155,0
193,155,0
194,155,0
195,155,0
196,155,0
197,155,0
198,155,0
199,155,0
200,155,0
201,155,0
202,155,0
203,155,0
204,155,0
205,155,0
206,155,0
207,155,0
208,155,0
209,155,0
210,155,0
211,155,0
212,155,0
213,155,0
214,155,0
215,155,0
216,155,0
217,155,0
218,155,0
219,155,0
220,155,0
221,155,0
222,155,0
223,155,0
224,155,0
225,155,0
226,155,0
227,155,0
228,155,0
229,155,0
230,155,0
231,155,0
232,155,0
233,155,0
234,155,0
235,155,0
236,155,0
237,155,0
238,155,0
239,155,0
240,155,0
241,155,0
242,155,0
243,155,0
244,155,0
245,155,0
246,155,0
247,155,0
248,155,0
249,155,0
250,155,0
251,155,0
252,155,0
253,155,0
254,155,0
255,155,0
256,155,0
257,155,0
258,155,0
259,155,0
260,155,0
261,155,0
262,155,0
263,155,0
264,155,0
265,155,0
266,155,0
267,155,0
268,155,0
269,155,0
270,155,0
271,155,0
272,155,0
273,155,0
274,155,0
275,155,0
276,155,0
277,155,0
278,155,0
279,155,0
280,155,0
281,155,0
282,155,0
283,155,0
284,155,0
285,155,0
286,155,0
287,155,0
288,155,0
289,155,0
290,155,0
291,155,0
1,156,0
2,156,0
3,156,0
4,156,0
5,156,0
6,156,0
7,156,0
8,156,0
9,156,0
10,156,0
11,156,0
12,156,0
13,156,0
14,156,0
15,156,0
16,156,0
17,156,0
18,156,0
19,156,0
20,156,0
21,156,0
22,156,0
23,156,0
24,156,0
25,156,0
26,156,0
27,156,0
28,156,0
29,156,0
30,156,0
31,156,0
32,156,0
33,156,0
34,156,0
35,156,1
36,156,1
37,156,1
38,156,1
39,156,1
40,156,1
41,156,1
42,156,1
43,156,1
44,156,1
45,156,1
46,156,1
47,156,1
48,156,1
49,156,1
50,156,1
51,156,1
52,156,1
53,156,1
54,156,1
55,156,1
56,156,1
57,156,1
58,156,1
59,156,1
60,156,1
61,156,1
62,156,1
63,156,1
64,156,1
65,156,1
66,156,0
67,156,0
68,156,0
69,156,0
70,156,0
71,156,0
72,156,0
73,156,0
74,156,0
75,156,0
76,156,0
77,156,0
78,156,0
79,156,0
80,156,0
81,156,0
82,156,0
83,156,0
84,156,0
85,156,0
86,156,0
87,156,0
88,156,0
89,156,0
90,156,0
91,156,0
92,156,0
93,156,0
94,156,0
95,156,0
96,156,0
97,156,0
98,156,0
99,156,0
100,156,0
101,156,0
102,156,0
103,156,0
104,156,0
105,156,0
106,156,0
107,156,0
108,156,0
109,156,0
110,156,0
111,156,0
112,156,0
113,156,0
114,156,0
115,156,0
116,156,0
117,156,0
118,156,0
119,156,0
120,156,0
121,156,0
122,156,0
123,156,0
124,156,0
125,156,0
126,156,0
127,156,0
128,156,0
129,156,0
130,156,0
131,156,0
132,156,0
133,156,0
134,156,0
135,156,0
136,156,0
137,156,0
138,156,0
139,156,0
140,156,0
141,156,0
142,156,0
143,156,0
144,156,0
145,156,0
146,156,0
147,156,0
148,156,0
149,156,0
150,156,0
151,156,0
152,156,0
153,156,0
154,156,0
155,156,0
156,156,0
157,156,0
158,156,0
159,156,0
160,156,0
161,156,0
162,156,0
163,156,0
164,156,0
165,156,0
166,156,0
167,156,0
168,156,0
169,156,0
170,156,0
171,156,0
172,156,0
173,156,0
174,156,0
175,156,0
176,156,0
177,156,0
178,156,0
179,156,0
180,156,0
181,156,0
182,156,0
183,156,0
184,156,0
185,156,0
186,156,0
187,156,0
188,156,0
189,156,0
190,156,0
191,156,0
192,156,0
193,156,0
194,156,0
195,156,0
196,156,0
197,156,0
198,156,0
199,156,0
200,156,0
201,156,0
202,156,0
203,156,0
204,156,0
205,156,0
206,156,0
207,156,0
208,156,0
209,156,0
210,156,0
211,156,0
212,156,0
213,156,0
214,156,0
215,156,0
216,156,0
217,156,0
218,156,0
219,156,0
220,156,0
221,156,0
222,156,0
223,156,0
224,156,0
225,156,0
226,156,0
227,156,0
228,156,0
229,156,0
230,156,0
231,156,0
232,156,0
233,156,0
234,156,0
235,156,0
236,156,0
237,156,0
238,156,0
239,156,0
240,156,0
241,156,0
242,156,0
243,156,0
244,156,0
245,156,0
246,156,0
247,156,0
248,156,0
249,156,0
250,156,0
251,156,0
252,156,0
253,156,0
254,156,0
255,156,0
256,156,0
257,156,0
258,156,0
259,156,0
260,156,0
261,156,0
262,156,0
263,156,0
264,156,0
265,156,0
266,156,0
267,156,0
268,156,0
269,156,0
270,156,0
271,156,0
272,156,0
273,156,0
274,156,0
275,156,0
276,156,0
277,156,0
278,156,0
279,156,0
280,156,0
281,156,0
282,156,0
283,156,0
284,156,0
285,156,0
286,156,0
287,156,0
288,156,0
289,156,0
290,156,0
291,156,0
1,157,0
2,157,0
3,157,0
4,157,0
5,157,0
6,157,0
7,157,0
8,157,0
9,157,0
10,157,0
11,157,0
12,157,0
13,157,0
14,157,0
15,157,0
16,157,0
17,157,0
18,157,0
19,157,0
20,157,0
21,157,0
22,157,0
23,157,0
24,157,0
25,157,0
26,157,0
27,157,0
28,157,0
29,157,0
30,157,0
31,157,0
32,157,0
33,157,0
34,157,1
35,157,1
36,157,1
37,157,1
38,157,1
39,157,1
40,157,1
41,157,1
42,157,1
43,157,1
44,157,1
45,157,1
46,157,1
47,157,1
48,157,1
49,157,1
50,157,1
51,157,1
52,157,1
53,157,1
54,157,1
55,157,1
56,157,1
57,157,1
58,157,1
59,157,1
60,157,1
61,157,1
62,157,1
63,157,1
64,157,1
65,157,1
66,157,0
67,157,0
68,157,0
69,157,0
70,157,0
71,157,0
72,157,0
73,157,0
74,157,0
75,157,0
76,157,0
77,157,0
78,157,0
79,157,0
80,157,0
81,157,0
82,157,0
83,157,0
84,157,0
85,157,0
86,157,0
87,157,0
88,157,0
89,157,0
90,157,0
91,157,0
92,157,0
93,157,0
94,157,0
95,157,0
96,157,0
97,157,0
98,157,0
99,157,0
100,157,0
101,157,0
102,157,0
103,157,0
104,157,0
105,157,0
106,157,0
107,157,0
108,157,0
109,157,0
110,157,0
111,157,0
112,157,0
113,157,0
114,157,0
115,157,0
116,157,0
117,157,0
118,157,0
119,157,0
120,157,0
121,157,0
122,157,0
123,157,0
124,157,0
125,157,0
126,157,0
127,157,0
128,157,0
129,157,0
130,157,0
131,157,0
132,157,0
133,157,0
134,157,0
135,157,0
136,157,0
137,157,0
138,157,0
139,157,0
140,157,0
141,157,0
142,157,0
143,157,0
144,157,0
145,157,0
146,157,0
147,157,0
148,157,0
149,157,0
150,157,0
151,157,0
152,157,0
153,157,0
154,157,0
155,157,0
156,157,0
157,157,0
158,157,0
159,157,0
160,157,0
161,157,0
162,157,0
163,157,0
164,157,0
165,157,0
166,157,0
167,157,0
168,157,0
169,157,0
170,157,0
171,157,0
172,157,0
173,157,0
174,157,0
175,157,0
176,157,0
177,157,0
178,157,0
179,157,0
180,157,0
181,157,0
182,157,0
183,157,0
184,157,0
185,157,0
186,157,0
187,157,0
188,157,0
189,157,0
190,157,0
191,157,0
192,157,0
193,157,0
194,157,0
195,157,0
196,157,0
197,157,0
198,157,0
199,157,0
200,157,0
201,157,0
202,157,0
203,157,0
204,157,0
205,157,0
206,157,0
207,157,0
208,157,0
209,157,0
210,157,0
211,157,0
212,157,0
213,157,0
214,157,0
215,157,0
216,157,0
217,157,0
218,157,0
219,157,0
220,157,0
221,157,0
222,157,0
223,157,0
224,157,0
225,157,0
226,157,0
227,157,0
228,157,0
229,157,0
230,157,0
231,157,0
232,157,0
233,157,0
234,157,0
235,157,0
236,157,0
237,157,0
238,157,0
239,157,0
240,157,0
241,157,0
242,157,0
243,157,0
244,157,0
245,157,0
246,157,0
247,157,0
248,157,0
249,157,0
250,157,0
251,157,0
252,157,0
253,157,0
254,157,0
255,157,0
256,157,0
257,157,0
258,157,0
259,157,0
260,157,0
261,157,0
262,157,0
263,157,0
264,157,0
265,157,0
266,157,0
267,157,0
268,157,0
269,157,0
270,157,0
271,157,0
272,157,0
273,157,0
274,157,0
275,157,0
276,157,0
277,157,0
278,157,0
279,157,0
280,157,0
281,157,0
282,157,0
283,157,0
284,157,0
285,157,0
286,157,0
287,157,0
288,157,0
289,157,0
290,157,0
291,157,0
1,158,0
2,158,0
3,158,0
4,158,0
5,158,0
6,158,0
7,158,0
8,158,0
9,158,0
10,158,0
11,158,0
12,158,0
13,158,0
14,158,0
15,158,0
16,158,0
17,158,0
18,158,0
19,158,0
20,158,0
21,158,0
22,158,0
23,158,0
24,158,0
25,158,0
26,158,0
27,158,0
28,158,0
29,158,0
30,158,0
31,158,0
32,158,0
33,158,1
34,158,1
35,158,1
36,158,1
37,158,1
38,158,1
39,158,1
40,158,1
41,158,1
42,158,1
43,158,1
44,158,1
45,158,1
46,158,1
47,158,1
48,158,1
49,158,1
50,158,1
51,158,1
52,158,1
53,158,1
54,158,1
55,158,1
56,158,1
57,158,1
58,158,1
59,158,1
60,158,1
61,158,1
62,158,1
63,158,1
64,158,1
65,158,1
66,158,0
67,158,0
68,158,0
69,158,0
70,158,0
71,158,0
72,158,0
73,158,0
74,158,0
75,158,0
76,158,0
77,158,0
78,158,0
79,158,0
80,158,0
81,158,0
82,158,0
83,158,0
84,158,0
85,158,0
86,158,0
87,158,0
88,158,0
89,158,0
90,158,0
91,158,0
92,158,0
93,158,0
94,158,0
95,158,0
96,158,0
97,158,0
98,158,0
99,158,0
100,158,0
101,158,0
102,158,0
103,158,0
104,158,0
105,158,0
106,158,0
107,158,0
108,158,0
109,158,0
110,158,0
111,158,0
112,158,0
113,158,0
114,158,0
115,158,0
116,158,0
117,158,0
118,158,0
119,158,0
120,158,0
121,158,0
122,158,0
123,158,0
124,158,0
125,158,0
126,158,0
127,158,0
128,158,0
129,158,0
130,158,0
131,158,0
132,158,0
133,158,0
134,158,0
135,158,0
136,158,0
137,158,0
138,158,0
139,158,0
140,158,0
141,158,0
142,158,0
143,158,0
144,158,0
145,158,0
146,158,0
147,158,0
148,158,0
149,158,0
150,158,0
151,158,0
152,158,0
153,158,0
154,158,0
155,158,0
156,158,0
157,158,0
158,158,0
159,158,0
160,158,0
161,158,0
162,158,0
163,158,0
164,158,0
165,158,0
166,158,0
167,158,0
168,158,0
169,158,0
170,158,0
171,158,0
172,158,0
173,158,0
174,158,0
175,158,0
176,158,0
177,158,0
178,158,0
179,158,0
180,158,0
181,158,0
182,158,0
183,158,0
184,158,0
185,158,0
186,158,0
187,158,0
188,158,0
189,158,0
190,158,0
191,158,0
192,158,0
193,158,0
194,158,0
195,158,0
196,158,0
197,158,0
198,158,0
199,158,0
200,158,0
201,158,0
202,158,0
203,158,0
204,158,0
205,158,0
206,158,0
207,158,0
208,158,0
209,158,0
210,158,0
211,158,0
212,158,0
213,158,0
214,158,0
215,158,0
216,158,0
217,158,0
218,158,0
219,158,0
220,158,0
221,158,0
222,158,0
223,158,0
224,158,0
225,158,0
226,158,0
227,158,0
228,158,0
229,158,0
230,158,0
231,158,0
232,158,0
233,158,0
234,158,0
235,158,0
236,158,0
237,158,0
238,158,0
239,158,0
240,158,0
241,158,0
242,158,0
243,158,0
244,158,0
245,158,0
246,158,0
247,158,0
248,158,0
249,158,0
250,158,0
251,158,0
252,158,0
253,158,0
254,158,0
255,158,0
256,158,0
257,158,0
258,158,0
259,158,0
260,158,0
261,158,0
262,158,0
263,158,0
264,158,0
265,158,0
266,158,0
267,158,0
268,158,0
269,158,0
270,158,0
271,158,0
272,158,0
273,158,0
274,158,0
275,158,0
276,158,0
277,158,0
278,158,0
279,158,0
280,158,0
281,158,0
282,158,0
283,158,0
284,158,0
285,158,0
286,158,0
287,158,0
288,158,0
289,158,0
290,158,0
291,158,0
1,159,0
2,159,0
3,159,0
4,159,0
5,159,0
6,159,0
7,159,0
8,159,0
9,159,0
10,159,0
11,159,0
12,159,0
13,159,0
14,159,0
15,159,0
16,159,0
17,159,0
18,159,0
19,159,0
20,159,0
21,159,0
22,159,0
23,159,0
24,159,0
25,159,0
26,159,0
27,159,0
28,159,0
29,159,0
30,159,0
31,159,0
32,159,0
33,159,1
34,159,1
35,159,1
36,159,1
37,159,1
38,159,1
39,159,1
40,159,1
41,159,1
42,159,1
43,159,1
44,159,1
45,159,1
46,159,1
47,159,1
48,159,1
49,159,1
50,159,1
51,159,1
52,159,1
53,159,1
54,159,1
55,159,1
56,159,1
57,159,1
58,159,1
59,159,1
60,159,1
61,159,1
62,159,1
63,159,1
64,159,1
65,159,1
66,159,0
67,159,0
68,159,0
69,159,0
70,159,0
71,159,0
72,159,0
73,159,0
74,159,0
75,159,0
76,159,0
77,159,0
78,159,0
79,159,0
80,159,0
81,159,0
82,159,0
83,159,0
84,159,0
85,159,0
86,159,0
87,159,0
88,159,0
89,159,0
90,159,0
91,159,0
92,159,0
93,159,0
94,159,0
95,159,0
96,159,0
97,159,0
98,159,0
99,159,0
100,159,0
101,159,0
102,159,0
103,159,0
104,159,0
105,159,0
106,159,0
107,159,0
108,159,0
109,159,0
110,159,0
111,159,0
112,159,0
113,159,0
114,159,0
115,159,0
116,159,0
117,159,0
118,159,0
119,159,0
120,159,0
121,159,0
122,159,0
123,159,0
124,159,0
125,159,0
126,159,0
127,159,0
128,159,0
129,159,0
130,159,0
131,159,0
132,159,0
133,159,0
134,159,0
135,159,0
136,159,0
137,159,0
138,159,0
139,159,0
140,159,0
141,159,0
142,159,0
143,159,0
144,159,0
145,159,0
146,159,0
147,159,0
148,159,0
149,159,0
150,159,0
151,159,0
152,159,0
153,159,0
154,159,0
155,159,0
156,159,0
157,159,0
158,159,0
159,159,0
160,159,0
161,159,0
162,159,0
163,159,0
164,159,0
165,159,0
166,159,0
167,159,0
168,159,0
169,159,0
170,159,0
171,159,0
172,159,0
173,159,0
174,159,0
175,159,0
176,159,0
177,159,0
178,159,0
179,159,0
180,159,0
181,159,0
182,159,0
183,159,0
184,159,0
185,159,0
186,159,0
187,159,0
188,159,0
189,159,0
190,159,0
191,159,0
192,159,0
193,159,0
194,159,0
195,159,0
196,159,0
197,159,0
198,159,0
199,159,0
200,159,0
201,159,0
202,159,0
203,159,0
204,159,0
205,159,0
206,159,0
207,159,0
208,159,0
209,159,0
210,159,0
211,159,0
212,159,0
213,159,0
214,159,0
215,159,0
216,159,0
217,159,0
218,159,0
219,159,0
220,159,0
221,159,0
222,159,0
223,159,0
224,159,0
225,159,0
226,159,0
227,159,0
228,159,0
229,159,0
230,159,0
231,159,0
232,159,0
233,159,0
234,159,0
235,159,0
236,159,0
237,159,0
238,159,0
239,159,0
240,159,0
241,159,0
242,159,0
243,159,0
244,159,0
245,159,0
246,159,0
247,159,0
248,159,0
249,159,0
250,159,0
251,159,0
252,159,0
253,159,0
254,159,0
255,159,0
256,159,0
257,159,0
258,159,0
259,159,0
260,159,0
261,159,0
262,159,0
263,159,0
264,159,0
265,159,0
266,159,0
267,159,0
268,159,0
269,159,0
270,159,0
271,159,0
272,159,0
273,159,0
274,159,0
275,159,0
276,159,0
277,159,0
278,159,0
279,159,0
280,159,0
281,159,0
282,159,0
283,159,0
284,159,0
285,159,0
286,159,0
287,159,0
288,159,0
289,159,0
290,159,0
291,159,0
1,160,0
2,160,0
3,160,0
4,160,0
5,160,0
6,160,0
7,160,0
8,160,0
9,160,0
10,160,0
11,160,0
12,160,0
13,160,0
14,160,0
15,160,0
16,160,0
17,160,0
18,160,0
19,160,0
20,160,0
21,160,0
22,160,0
23,160,0
24,160,0
25,160,0
26,160,0
27,160,0
28,160,0
29,160,0
30,160,0
31,160,0
32,160,0
33,160,1
34,160,1
35,160,1
36,160,1
37,160,1
38,160,1
39,160,1
40,160,1
41,160,1
42,160,1
43,160,1
44,160,1
45,160,1
46,160,1
47,160,1
48,160,1
49,160,1
50,160,1
51,160,1
52,160,1
53,160,1
54,160,1
55,160,1
56,160,1
57,160,1
58,160,1
59,160,1
60,160,1
61,160,1
62,160,1
63,160,1
64,160,1
65,160,1
66,160,0
67,160,0
68,160,0
69,160,0
70,160,0
71,160,0
72,160,0
73,160,0
74,160,0
75,160,0
76,160,0
77,160,0
78,160,0
79,160,0
80,160,0
81,160,0
82,160,0
83,160,0
84,160,0
85,160,0
86,160,0
87,160,0
88,160,0
89,160,0
90,160,0
91,160,0
92,160,0
93,160,0
94,160,0
95,160,0
96,160,0
97,160,0
98,160,0
99,160,0
100,160,0
101,160,0
102,160,0
103,160,0
104,160,0
105,160,0
106,160,0
107,160,0
108,160,0
109,160,0
110,160,0
111,160,0
112,160,0
113,160,0
114,160,0
115,160,0
116,160,0
117,160,0
118,160,0
119,160,0
120,160,0
121,160,0
122,160,0
123,160,0
124,160,0
125,160,0
126,160,0
127,160,0
128,160,0
129,160,0
130,160,0
131,160,0
132,160,0
133,160,0
134,160,0
135,160,0
136,160,0
137,160,0
138,160,0
139,160,0
140,160,0
141,160,0
142,160,0
143,160,0
144,160,0
145,160,0
146,160,0
147,160,0
148,160,0
149,160,0
150,160,0
151,160,0
152,160,0
153,160,0
154,160,0
155,160,0
156,160,0
157,160,0
158,160,0
159,160,0
160,160,0
161,160,0
162,160,0
163,160,0
164,160,0
165,160,0
166,160,0
167,160,0
168,160,0
169,160,0
170,160,0
171,160,0
172,160,0
173,160,0
174,160,0
175,160,0
176,160,0
177,160,0
178,160,0
179,160,0
180,160,0
181,160,0
182,160,0
183,160,0
184,160,0
185,160,0
186,160,0
187,160,0
188,160,0
189,160,0
190,160,0
191,160,0
192,160,0
193,160,0
194,160,0
195,160,0
196,160,0
197,160,0
198,160,0
199,160,0
200,160,0
201,160,0
202,160,0
203,160,0
204,160,0
205,160,0
206,160,0
207,160,0
208,160,0
209,160,0
210,160,0
211,160,0
212,160,0
213,160,0
214,160,0
215,160,0
216,160,0
217,160,0
218,160,0
219,160,0
220,160,0
221,160,0
222,160,0
223,160,0
224,160,0
225,160,0
226,160,0
227,160,0
228,160,0
229,160,0
230,160,0
231,160,0
232,160,0
233,160,0
234,160,0
235,160,0
236,160,0
237,160,0
238,160,0
239,160,0
240,160,0
241,160,0
242,160,0
243,160,0
244,160,0
245,160,0
246,160,0
247,160,0
248,160,0
249,160,0
250,160,0
251,160,0
252,160,0
253,160,0
254,160,0
255,160,0
256,160,0
257,160,0
258,160,0
259,160,0
260,160,0
261,160,0
262,160,0
263,160,0
264,160,0
265,160,0
266,160,0
267,160,0
268,160,0
269,160,0
270,160,0
271,160,0
272,160,0
273,160,0
274,160,0
275,160,0
276,160,0
277,160,0
278,160,0
279,160,0
280,160,0
281,160,0
282,160,0
283,160,0
284,160,0
285,160,0
286,160,0
287,160,0
288,160,0
289,160,0
290,160,0
291,160,0
1,161,0
2,161,0
3,161,0
4,161,0
5,161,0
6,161,0
7,161,0
8,161,0
9,161,0
10,161,0
11,161,0
12,161,0
13,161,0
14,161,0
15,161,0
16,161,0
17,161,0
18,161,0
19,161,0
20,161,0
21,161,0
22,161,0
23,161,0
24,161,0
25,161,0
26,161,0
27,161,0
28,161,0
29,161,0
30,161,0
31,161,0
32,161,0
33,161,1
34,161,1
35,161,1
36,161,1
37,161,1
38,161,1
39,161,1
40,161,1
41,161,1
42,161,1
43,161,1
44,161,1
45,161,1
46,161,1
47,161,1
48,161,1
49,161,1
50,161,1
51,161,1
52,161,1
53,161,1
54,161,1
55,161,1
56,161,1
57,161,1
58,161,1
59,161,1
60,161,1
61,161,1
62,161,1
63,161,1
64,161,1
65,161,1
66,161,0
67,161,0
68,161,0
69,161,0
70,161,0
71,161,0
72,161,0
73,161,0
74,161,0
75,161,0
76,161,0
77,161,0
78,161,0
79,161,0
80,161,0
81,161,0
82,161,0
83,161,0
84,161,0
85,161,0
86,161,0
87,161,0
88,161,0
89,161,0
90,161,0
91,161,0
92,161,0
93,161,0
94,161,0
95,161,0
96,161,0
97,161,0
98,161,0
99,161,0
100,161,0
101,161,0
102,161,0
103,161,0
104,161,0
105,161,0
106,161,0
107,161,0
108,161,0
109,161,0
110,161,0
111,161,0
112,161,0
113,161,0
114,161,0
115,161,0
116,161,0
117,161,0
118,161,0
119,161,0
120,161,0
121,161,0
122,161,0
123,161,0
124,161,0
125,161,0
126,161,0
127,161,0
128,161,0
129,161,0
130,161,0
131,161,0
132,161,0
133,161,0
134,161,0
135,161,0
136,161,0
137,161,0
138,161,0
139,161,0
140,161,0
141,161,0
142,161,0
143,161,0
144,161,0
145,161,0
146,161,0
147,161,0
148,161,0
149,161,0
150,161,0
151,161,0
152,161,0
153,161,0
154,161,0
155,161,0
156,161,0
157,161,0
158,161,0
159,161,0
160,161,0
161,161,0
162,161,0
163,161,0
164,161,0
165,161,0
166,161,0
167,161,0
168,161,0
169,161,0
170,161,0
171,161,0
172,161,0
173,161,0
174,161,0
175,161,0
176,161,0
177,161,0
178,161,0
179,161,0
180,161,0
181,161,0
182,161,0
183,161,0
184,161,0
185,161,0
186,161,0
187,161,0
188,161,0
189,161,0
190,161,0
191,161,0
192,161,0
193,161,0
194,161,0
195,161,0
196,161,0
197,161,0
198,161,0
199,161,0
200,161,0
201,161,0
202,161,0
203,161,0
204,161,0
205,161,0
206,161,0
207,161,0
208,161,0
209,161,0
210,161,0
211,161,0
212,161,0
213,161,0
214,161,0
215,161,0
216,161,0
217,161,0
218,161,0
219,161,0
220,161,0
221,161,0
222,161,0
223,161,0
224,161,0
225,161,0
226,161,0
227,161,0
228,161,0
229,161,0
230,161,0
231,161,0
232,161,0
233,161,0
234,161,0
235,161,0
236,161,0
237,161,0
238,161,0
239,161,0
240,161,0
241,161,0
242,161,0
243,161,0
244,161,0
245,161,0
246,161,0
247,161,0
248,161,0
249,161,0
250,161,0
251,161,0
252,161,0
253,161,0
254,161,0
255,161,0
256,161,0
257,161,0
258,161,0
259,161,0
260,161,0
261,161,0
262,161,0
263,161,0
264,161,0
265,161,0
266,161,0
267,161,0
268,161,0
269,161,0
270,161,0
271,161,0
272,161,0
273,161,0
274,161,0
275,161,0
276,161,0
277,161,0
278,161,0
279,161,0
280,161,0
281,161,0
282,161,0
283,161,0
284,161,0
285,161,0
286,161,0
287,161,0
288,161,0
289,161,0
290,161,0
291,161,0
1,162,0
2,162,0
3,162,0
4,162,0
5,162,0
6,162,0
7,162,0
8,162,0
9,162,0
10,162,0
11,162,0
12,162,0
13,162,0
14,162,0
15,162,0
16,162,0
17,162,0
18,162,0
19,162,0
20,162,0
21,162,0
22,162,0
23,162,0
24,162,0
25,162,0
26,162,0
27,162,0
28,162,0
29,162,0
30,162,0
31,162,0
32,162,0
33,162,1
34,162,1
35,162,1
36,162,1
37,162,1
38,162,1
39,162,1
40,162,1
41,162,1
42,162,1
43,162,1
44,162,1
45,162,1
46,162,1
47,162,1
48,162,1
49,162,1
50,162,1
51,162,1
52,162,1
53,162,1
54,162,1
55,162,1
56,162,1
57,162,1
58,162,1
59,162,1
60,162,1
61,162,1
62,162,1
63,162,1
64,162,1
65,162,1
66,162,0
67,162,0
68,162,0
69,162,0
70,162,0
71,162,0
72,162,0
73,162,0
74,162,0
75,162,0
76,162,0
77,162,0
78,162,0
79,162,0
80,162,0
81,162,0
82,162,0
83,162,0
84,162,0
85,162,0
86,162,0
87,162,0
88,162,0
89,162,0
90,162,0
91,162,0
92,162,0
93,162,0
94,162,0
95,162,0
96,162,0
97,162,0
98,162,0
99,162,0
100,162,0
101,162,0
102,162,0
103,162,0
104,162,0
105,162,0
106,162,0
107,162,0
108,162,0
109,162,0
110,162,0
111,162,0
112,162,0
113,162,0
114,162,0
115,162,0
116,162,0
117,162,0
118,162,0
119,162,0
120,162,0
121,162,0
122,162,0
123,162,0
124,162,0
125,162,0
126,162,0
127,162,0
128,162,0
129,162,0
130,162,0
131,162,0
132,162,0
133,162,0
134,162,0
135,162,0
136,162,0
137,162,0
138,162,0
139,162,0
140,162,0
141,162,0
142,162,0
143,162,0
144,162,0
145,162,0
146,162,0
147,162,0
148,162,0
149,162,0
150,162,0
151,162,0
152,162,0
153,162,0
154,162,0
155,162,0
156,162,0
157,162,0
158,162,0
159,162,0
160,162,0
161,162,0
162,162,0
163,162,0
164,162,0
165,162,0
166,162,0
167,162,0
168,162,0
169,162,0
170,162,0
171,162,0
172,162,0
173,162,0
174,162,0
175,162,0
176,162,0
177,162,0
178,162,0
179,162,0
180,162,0
181,162,0
182,162,0
183,162,0
184,162,0
185,162,0
186,162,0
187,162,0
188,162,0
189,162,0
190,162,0
191,162,0
192,162,0
193,162,0
194,162,0
195,162,0
196,162,0
197,162,0
198,162,0
199,162,0
200,162,0
201,162,0
202,162,0
203,162,0
204,162,0
205,162,0
206,162,0
207,162,0
208,162,0
209,162,0
210,162,0
211,162,0
212,162,0
213,162,0
214,162,0
215,162,0
216,162,0
217,162,0
218,162,0
219,162,0
220,162,0
221,162,0
222,162,0
223,162,0
224,162,0
225,162,0
226,162,0
227,162,0
228,162,0
229,162,0
230,162,0
231,162,0
232,162,0
233,162,0
234,162,0
235,162,0
236,162,0
237,162,0
238,162,0
239,162,0
240,162,0
241,162,0
242,162,0
243,162,0
244,162,0
245,162,0
246,162,0
247,162,0
248,162,0
249,162,0
250,162,0
251,162,0
252,162,0
253,162,0
254,162,0
255,162,0
256,162,0
257,162,0
258,162,0
259,162,0
260,162,0
261,162,0
262,162,0
263,162,0
264,162,0
265,162,0
266,162,0
267,162,0
268,162,0
269,162,0
270,162,0
271,162,0
272,162,0
273,162,0
274,162,0
275,162,0
276,162,0
277,162,0
278,162,0
279,162,0
280,162,0
281,162,0
282,162,0
283,162,0
284,162,0
285,162,0
286,162,0
287,162,0
288,162,0
289,162,0
290,162,0
291,162,0
1,163,0
2,163,0
3,163,0
4,163,0
5,163,0
6,163,0
7,163,0
8,163,0
9,163,0
10,163,0
11,163,0
12,163,0
13,163,0
14,163,0
15,163,0
16,163,0
17,163,0
18,163,0
19,163,0
20,163,0
21,163,0
22,163,0
23,163,0
24,163,0
25,163,0
26,163,0
27,163,0
28,163,0
29,163,0
30,163,0
31,163,0
32,163,0
33,163,1
34,163,1
35,163,1
36,163,1
37,163,1
38,163,1
39,163,1
40,163,1
41,163,1
42,163,1
43,163,1
44,163,1
45,163,1
46,163,1
47,163,1
48,163,1
49,163,1
50,163,1
51,163,1
52,163,1
53,163,1
54,163,1
55,163,1
56,163,1
57,163,1
58,163,1
59,163,1
60,163,1
61,163,1
62,163,1
63,163,1
64,163,1
65,163,1
66,163,0
67,163,0
68,163,0
69,163,0
70,163,0
71,163,0
72,163,0
73,163,0
74,163,0
75,163,0
76,163,0
77,163,0
78,163,0
79,163,0
80,163,0
81,163,0
82,163,0
83,163,0
84,163,0
85,163,0
86,163,0
87,163,0
88,163,0
89,163,0
90,163,0
91,163,0
92,163,0
93,163,0
94,163,0
95,163,0
96,163,0
97,163,0
98,163,0
99,163,0
100,163,0
101,163,0
102,163,0
103,163,0
104,163,0
105,163,0
106,163,0
107,163,0
108,163,0
109,163,0
110,163,0
111,163,0
112,163,0
113,163,0
114,163,0
115,163,0
116,163,0
117,163,0
118,163,0
119,163,0
120,163,0
121,163,0
122,163,0
123,163,0
124,163,0
125,163,0
126,163,0
127,163,0
128,163,0
129,163,0
130,163,0
131,163,0
132,163,0
133,163,0
134,163,0
135,163,0
136,163,0
137,163,0
138,163,0
139,163,0
140,163,0
141,163,0
142,163,0
143,163,0
144,163,0
145,163,0
146,163,0
147,163,0
148,163,0
149,163,0
150,163,0
151,163,0
152,163,0
153,163,0
154,163,0
155,163,0
156,163,0
157,163,0
158,163,0
159,163,0
160,163,0
161,163,0
162,163,0
163,163,0
164,163,0
165,163,0
166,163,0
167,163,0
168,163,0
169,163,0
170,163,0
171,163,0
172,163,0
173,163,0
174,163,0
175,163,0
176,163,0
177,163,0
178,163,0
179,163,0
180,163,0
181,163,0
182,163,0
183,163,0
184,163,0
185,163,0
186,163,0
187,163,0
188,163,0
189,163,0
190,163,0
191,163,0
192,163,0
193,163,0
194,163,0
195,163,0
196,163,0
197,163,0
198,163,0
199,163,0
200,163,0
201,163,0
202,163,0
203,163,0
204,163,0
205,163,0
206,163,0
207,163,0
208,163,0
209,163,0
210,163,0
211,163,0
212,163,0
213,163,0
214,163,0
215,163,0
216,163,0
217,163,0
218,163,0
219,163,0
220,163,0
221,163,0
222,163,0
223,163,0
224,163,0
225,163,0
226,163,0
227,163,0
228,163,0
229,163,0
230,163,0
231,163,0
232,163,0
233,163,0
234,163,0
235,163,0
236,163,0
237,163,0
238,163,0
239,163,0
240,163,0
241,163,0
242,163,0
243,163,0
244,163,0
245,163,0
246,163,0
247,163,0
248,163,0
249,163,0
250,163,0
251,163,0
252,163,0
253,163,0
254,163,0
255,163,0
256,163,0
257,163,0
258,163,0
259,163,0
260,163,0
261,163,0
262,163,0
263,163,0
264,163,0
265,163,0
266,163,0
267,163,0
268,163,0
269,163,0
270,163,0
271,163,0
272,163,0
273,163,0
274,163,0
275,163,0
276,163,0
277,163,0
278,163,0
279,163,0
280,163,0
281,163,0
282,163,0
283,163,0
284,163,0
285,163,0
286,163,0
287,163,0
288,163,0
289,163,0
290,163,0
291,163,0
1,164,0
2,164,0
3,164,0
4,164,0
5,164,0
6,164,0
7,164,0
8,164,0
9,164,0
10,164,0
11,164,0
12,164,0
13,164,0
14,164,0
15,164,0
16,164,0
17,164,0
18,164,0
19,164,0
20,164,0
21,164,0
22,164,0
23,164,0
24,164,0
25,164,0
26,164,0
27,164,0
28,164,0
29,164,0
30,164,0
31,164,0
32,164,0
33,164,1
34,164,1
35,164,1
36,164,1
37,164,1
38,164,1
39,164,1
40,164,1
41,164,1
42,164,1
43,164,1
44,164,1
45,164,1
46,164,1
47,164,1
48,164,1
49,164,1
50,164,1
51,164,1
52,164,1
53,164,1
54,164,1
55,164,1
56,164,1
57,164,1
58,164,1
59,164,1
60,164,1
61,164,1
62,164,1
63,164,1
64,164,1
65,164,1
66,164,0
67,164,0
68,164,0
69,164,0
70,164,0
71,164,0
72,164,0
73,164,0
74,164,0
75,164,0
76,164,0
77,164,0
78,164,0
79,164,0
80,164,0
81,164,0
82,164,0
83,164,0
84,164,0
85,164,0
86,164,0
87,164,0
88,164,0
89,164,0
90,164,0
91,164,0
92,164,0
93,164,0
94,164,0
95,164,0
96,164,0
97,164,0
98,164,0
99,164,0
100,164,0
101,164,0
102,164,0
103,164,0
104,164,0
105,164,0
106,164,0
107,164,0
108,164,0
109,164,0
110,164,0
111,164,0
112,164,0
113,164,0
114,164,0
115,164,0
116,164,0
117,164,0
118,164,0
119,164,0
120,164,0
121,164,0
122,164,0
123,164,0
124,164,0
125,164,0
126,164,0
127,164,0
128,164,0
129,164,0
130,164,0
131,164,0
132,164,0
133,164,0
134,164,0
135,164,0
136,164,0
137,164,0
138,164,0
139,164,0
140,164,0
141,164,0
142,164,0
143,164,0
144,164,0
145,164,0
146,164,0
147,164,0
148,164,0
149,164,0
150,164,0
151,164,0
152,164,0
153,164,0
154,164,0
155,164,0
156,164,0
157,164,0
158,164,0
159,164,0
160,164,0
161,164,0
162,164,0
163,164,0
164,164,0
165,164,0
166,164,0
167,164,0
168,164,0
169,164,0
170,164,0
171,164,0
172,164,0
173,164,0
174,164,0
175,164,0
176,164,0
177,164,0
178,164,0
179,164,0
180,164,0
181,164,0
182,164,0
183,164,0
184,164,0
185,164,0
186,164,0
187,164,0
188,164,0
189,164,0
190,164,0
191,164,0
192,164,0
193,164,0
194,164,0
195,164,0
196,164,0
197,164,0
198,164,0
199,164,0
200,164,0
201,164,0
202,164,0
203,164,0
204,164,0
205,164,0
206,164,0
207,164,0
208,164,0
209,164,0
210,164,0
211,164,0
212,164,0
213,164,0
214,164,0
215,164,0
216,164,0
217,164,0
218,164,0
219,164,0
220,164,0
221,164,0
222,164,0
223,164,0
224,164,0
225,164,0
226,164,0
227,164,0
228,164,0
229,164,0
230,164,0
231,164,0
232,164,0
233,164,0
234,164,0
235,164,0
236,164,0
237,164,0
238,164,0
239,164,0
240,164,0
241,164,0
242,164,0
243,164,0
244,164,0
245,164,0
246,164,0
247,164,0
248,164,0
249,164,0
250,164,0
251,164,0
252,164,0
253,164,0
254,164,0
255,164,0
256,164,0
257,164,0
258,164,0
259,164,0
260,164,0
261,164,0
262,164,0
263,164,0
264,164,0
265,164,0
266,164,0
267,164,0
268,164,0
269,164,0
270,164,0
271,164,0
272,164,0
273,164,0
274,164,0
275,164,0
276,164,0
277,164,0
278,164,0
279,164,0
280,164,0
281,164,0
282,164,0
283,164,0
284,164,0
285,164,0
286,164,0
287,164,0
288,164,0
289,164,0
290,164,0
291,164,0
1,165,0
2,165,0
3,165,0
4,165,0
5,165,0
6,165,0
7,165,0
8,165,0
9,165,0
10,165,0
11,165,0
12,165,0
13,165,0
14,165,0
15,165,0
16,165,0
17,165,0
18,165,0
19,165,0
20,165,0
21,165,0
22,165,0
23,165,0
24,165,0
25,165,0
26,165,0
27,165,0
28,165,0
29,165,0
30,165,0
31,165,0
32,165,0
33,165,1
34,165,1
35,165,1
36,165,1
37,165,1
38,165,1
39,165,1
40,165,1
41,165,1
42,165,1
43,165,1
44,165,1
45,165,1
46,165,1
47,165,1
48,165,1
49,165,1
50,165,1
51,165,1
52,165,1
53,165,1
54,165,1
55,165,1
56,165,1
57,165,1
58,165,1
59,165,1
60,165,1
61,165,1
62,165,1
63,165,1
64,165,1
65,165,1
66,165,0
67,165,0
68,165,0
69,165,0
70,165,0
71,165,0
72,165,0
73,165,0
74,165,0
75,165,0
76,165,0
77,165,0
78,165,0
79,165,0
80,165,0
81,165,0
82,165,0
83,165,0
84,165,0
85,165,0
86,165,0
87,165,0
88,165,0
89,165,0
90,165,0
91,165,0
92,165,0
93,165,0
94,165,0
95,165,0
96,165,0
97,165,0
98,165,0
99,165,0
100,165,0
101,165,0
102,165,0
103,165,0
104,165,0
105,165,0
106,165,0
107,165,0
108,165,0
109,165,0
110,165,0
111,165,0
112,165,0
113,165,0
114,165,0
115,165,0
116,165,0
117,165,0
118,165,0
119,165,0
120,165,0
121,165,0
122,165,0
123,165,0
124,165,0
125,165,0
126,165,0
127,165,0
128,165,0
129,165,0
130,165,0
131,165,0
132,165,0
133,165,0
134,165,0
135,165,0
136,165,0
137,165,0
138,165,0
139,165,0
140,165,0
141,165,0
142,165,0
143,165,0
144,165,0
145,165,0
146,165,0
147,165,0
148,165,0
149,165,0
150,165,0
151,165,0
152,165,0
153,165,0
154,165,0
155,165,0
156,165,0
157,165,0
158,165,0
159,165,0
160,165,0
161,165,0
162,165,0
163,165,0
164,165,0
165,165,0
166,165,0
167,165,0
168,165,0
169,165,0
170,165,0
171,165,0
172,165,0
173,165,0
174,165,0
175,165,0
176,165,0
177,165,0
178,165,0
179,165,0
180,165,0
181,165,0
182,165,0
183,165,0
184,165,0
185,165,0
186,165,0
187,165,0
188,165,0
189,165,0
190,165,0
191,165,0
192,165,0
193,165,0
194,165,0
195,165,0
196,165,0
197,165,0
198,165,0
199,165,0
200,165,0
201,165,0
202,165,0
203,165,0
204,165,0
205,165,0
206,165,0
207,165,0
208,165,0
209,165,0
210,165,0
211,165,0
212,165,0
213,165,0
214,165,0
215,165,0
216,165,0
217,165,0
218,165,0
219,165,0
220,165,0
221,165,0
222,165,0
223,165,0
224,165,0
225,165,0
226,165,0
227,165,0
228,165,0
229,165,0
230,165,0
231,165,0
232,165,0
233,165,0
234,165,0
235,165,0
236,165,0
237,165,0
238,165,0
239,165,0
240,165,0
241,165,0
242,165,0
243,165,0
244,165,0
245,165,0
246,165,0
247,165,0
248,165,0
249,165,0
250,165,0
251,165,0
252,165,0
253,165,0
254,165,0
255,165,0
256,165,0
257,165,0
258,165,0
259,165,0
260,165,0
261,165,0
262,165,0
263,165,0
264,165,0
265,165,0
266,165,0
267,165,0
268,165,0
269,165,0
270,165,0
271,165,0
272,165,0
273,165,0
274,165,0
275,165,0
276,165,0
277,165,0
278,165,0
279,165,0
280,165,0
281,165,0
282,165,0
283,165,0
284,165,0
285,165,0
286,165,0
287,165,0
288,165,0
289,165,0
290,165,0
291,165,0
1,166,0
2,166,0
3,166,0
4,166,0
5,166,0
6,166,0
7,166,0
8,166,0
9,166,0
10,166,0
11,166,0
12,166,0
13,166,0
14,166,0
15,166,0
16,166,0
17,166,0
18,166,0
19,166,0
20,166,0
21,166,0
22,166,0
23,166,0
24,166,0
25,166,0
26,166,0
27,166,0
28,166,0
29,166,0
30,166,0
31,166,1
32,166,1
33,166,1
34,166,1
35,166,1
36,166,1
37,166,1
38,166,1
39,166,1
40,166,1
41,166,1
42,166,1
43,166,1
44,166,1
45,166,1
46,166,1
47,166,1
48,166,1
49,166,1
50,166,1
51,166,1
52,166,1
53,166,1
54,166,1
55,166,1
56,166,1
57,166,1
58,166,1
59,166,1
60,166,1
61,166,1
62,166,1
63,166,1
64,166,1
65,166,1
66,166,1
67,166,0
68,166,0
69,166,0
70,166,0
71,166,0
72,166,0
73,166,0
74,166,0
75,166,0
76,166,0
77,166,0
78,166,0
79,166,0
80,166,0
81,166,0
82,166,0
83,166,0
84,166,0
85,166,0
86,166,0
87,166,0
88,166,0
89,166,0
90,166,0
91,166,0
92,166,0
93,166,0
94,166,0
95,166,0
96,166,0
97,166,0
98,166,0
99,166,0
100,166,0
101,166,0
102,166,0
103,166,0
104,166,0
105,166,0
106,166,0
107,166,0
108,166,0
109,166,0
110,166,0
111,166,0
112,166,0
113,166,0
114,166,0
115,166,0
116,166,0
117,166,0
118,166,0
119,166,0
120,166,0
121,166,0
122,166,0
123,166,0
124,166,0
125,166,0
126,166,0
127,166,0
128,166,0
129,166,0
130,166,0
131,166,0
132,166,0
133,166,0
134,166,0
135,166,0
136,166,0
137,166,0
138,166,0
139,166,0
140,166,0
141,166,0
142,166,0
143,166,0
144,166,0
145,166,0
146,166,0
147,166,0
148,166,0
149,166,0
150,166,0
151,166,0
152,166,0
153,166,0
154,166,0
155,166,0
156,166,0
157,166,0
158,166,0
159,166,0
160,166,0
161,166,0
162,166,0
163,166,0
164,166,0
165,166,0
166,166,0
167,166,0
168,166,0
169,166,0
170,166,0
171,166,0
172,166,0
173,166,0
174,166,0
175,166,0
176,166,0
177,166,0
178,166,0
179,166,0
180,166,0
181,166,0
182,166,0
183,166,0
184,166,0
185,166,0
186,166,0
187,166,0
188,166,0
189,166,0
190,166,0
191,166,0
192,166,0
193,166,0
194,166,0
195,166,0
196,166,0
197,166,0
198,166,0
199,166,0
200,166,0
201,166,0
202,166,0
203,166,0
204,166,0
205,166,0
206,166,0
207,166,0
208,166,0
209,166,0
210,166,0
211,166,0
212,166,0
213,166,0
214,166,0
215,166,0
216,166,0
217,166,0
218,166,0
219,166,0
220,166,0
221,166,0
222,166,0
223,166,0
224,166,0
225,166,0
226,166,0
227,166,0
228,166,0
229,166,0
230,166,0
231,166,0
232,166,0
233,166,0
234,166,0
235,166,0
236,166,0
237,166,0
238,166,0
239,166,0
240,166,0
241,166,0
242,166,0
243,166,0
244,166,0
245,166,0
246,166,0
247,166,0
248,166,0
249,166,0
250,166,0
251,166,0
252,166,0
253,166,0
254,166,0
255,166,0
256,166,0
257,166,0
258,166,0
259,166,0
260,166,0
261,166,0
262,166,0
263,166,0
264,166,0
265,166,0
266,166,0
267,166,0
268,166,0
269,166,0
270,166,0
271,166,0
272,166,0
273,166,0
274,166,0
275,166,0
276,166,0
277,166,0
278,166,0
279,166,0
280,166,0
281,166,0
282,166,0
283,166,0
284,166,0
285,166,0
286,166,0
287,166,0
288,166,0
289,166,0
290,166,0
291,166,0
1,167,0
2,167,0
3,167,0
4,167,0
5,167,0
6,167,0
7,167,0
8,167,0
9,167,0
10,167,0
11,167,0
12,167,0
13,167,0
14,167,0
15,167,0
16,167,0
17,167,0
18,167,0
19,167,0
20,167,0
21,167,0
22,167,0
23,167,0
24,167,0
25,167,0
26,167,0
27,167,0
28,167,0
29,167,0
30,167,1
31,167,1
32,167,1
33,167,1
34,167,1
35,167,1
36,167,1
37,167,1
38,167,1
39,167,1
40,167,1
41,167,1
42,167,1
43,167,1
44,167,1
45,167,1
46,167,1
47,167,1
48,167,1
49,167,1
50,167,1
51,167,1
52,167,1
53,167,1
54,167,1
55,167,1
56,167,1
57,167,1
58,167,1
59,167,1
60,167,1
61,167,1
62,167,1
63,167,1
64,167,1
65,167,1
66,167,1
67,167,1
68,167,0
69,167,0
70,167,0
71,167,0
72,167,0
73,167,0
74,167,0
75,167,0
76,167,0
77,167,0
78,167,0
79,167,0
80,167,0
81,167,0
82,167,0
83,167,0
84,167,0
85,167,0
86,167,0
87,167,0
88,167,0
89,167,0
90,167,0
91,167,0
92,167,0
93,167,0
94,167,0
95,167,0
96,167,0
97,167,0
98,167,0
99,167,0
100,167,0
101,167,0
102,167,0
103,167,0
104,167,0
105,167,0
106,167,0
107,167,0
108,167,0
109,167,0
110,167,0
111,167,0
112,167,0
113,167,0
114,167,0
115,167,0
116,167,0
117,167,0
118,167,0
119,167,0
120,167,0
121,167,0
122,167,0
123,167,0
124,167,0
125,167,0
126,167,0
127,167,0
128,167,0
129,167,0
130,167,0
131,167,0
132,167,0
133,167,0
134,167,0
135,167,0
136,167,0
137,167,0
138,167,0
139,167,0
140,167,0
141,167,0
142,167,0
143,167,0
144,167,0
145,167,0
146,167,0
147,167,0
148,167,0
149,167,0
150,167,0
151,167,0
152,167,0
153,167,0
154,167,0
155,167,0
156,167,0
157,167,0
158,167,0
159,167,0
160,167,0
161,167,0
162,167,0
163,167,0
164,167,0
165,167,0
166,167,0
167,167,0
168,167,0
169,167,0
170,167,0
171,167,0
172,167,0
173,167,0
174,167,0
175,167,0
176,167,0
177,167,0
178,167,0
179,167,0
180,167,0
181,167,0
182,167,0
183,167,0
184,167,0
185,167,0
186,167,0
187,167,0
188,167,0
189,167,0
190,167,0
191,167,0
192,167,0
193,167,0
194,167,0
195,167,0
196,167,0
197,167,0
198,167,0
199,167,0
200,167,0
201,167,0
202,167,0
203,167,0
204,167,0
205,167,0
206,167,0
207,167,0
208,167,0
209,167,0
210,167,0
211,167,0
212,167,0
213,167,0
214,167,0
215,167,0
216,167,0
217,167,0
218,167,0
219,167,0
220,167,0
221,167,0
222,167,0
223,167,0
224,167,0
225,167,0
226,167,0
227,167,0
228,167,0
229,167,0
230,167,0
231,167,0
232,167,0
233,167,0
234,167,0
235,167,0
236,167,0
237,167,0
238,167,0
239,167,0
240,167,0
241,167,0
242,167,0
243,167,0
244,167,0
245,167,0
246,167,0
247,167,0
248,167,0
249,167,0
250,167,0
251,167,0
252,167,0
253,167,0
254,167,0
255,167,0
256,167,0
257,167,0
258,167,0
259,167,0
260,167,0
261,167,0
262,167,0
263,167,0
264,167,0
265,167,0
266,167,0
267,167,0
268,167,0
269,167,0
270,167,0
271,167,0
272,167,0
273,167,0
274,167,0
275,167,0
276,167,0
277,167,0
278,167,0
279,167,0
280,167,0
281,167,0
282,167,0
283,167,0
284,167,0
285,167,0
286,167,0
287,167,0
288,167,0
289,167,0
290,167,0
291,167,0
1,168,0
2,168,0
3,168,0
4,168,0
5,168,0
6,168,0
7,168,0
8,168,0
9,168,0
10,168,0
11,168,0
12,168,0
13,168,0
14,168,0
15,168,0
16,168,0
17,168,0
18,168,0
19,168,0
20,168,0
21,168,0
22,168,0
23,168,0
24,168,0
25,168,1
26,168,1
27,168,1
28,168,1
29,168,1
30,168,1
31,168,1
32,168,1
33,168,1
34,168,1
35,168,1
36,168,1
37,168,1
38,168,1
39,168,1
40,168,1
41,168,1
42,168,1
43,168,1
44,168,1
45,168,1
46,168,1
47,168,1
48,168,1
49,168,1
50,168,1
51,168,1
52,168,1
53,168,1
54,168,1
55,168,1
56,168,1
57,168,1
58,168,1
59,168,1
60,168,1
61,168,1
62,168,1
63,168,1
64,168,1
65,168,1
66,168,1
67,168,1
68,168,1
69,168,0
70,168,0
71,168,0
72,168,0
73,168,0
74,168,0
75,168,0
76,168,0
77,168,0
78,168,0
79,168,0
80,168,0
81,168,0
82,168,0
83,168,0
84,168,0
85,168,0
86,168,0
87,168,0
88,168,0
89,168,0
90,168,0
91,168,0
92,168,0
93,168,0
94,168,0
95,168,0
96,168,0
97,168,0
98,168,0
99,168,0
100,168,0
101,168,0
102,168,0
103,168,0
104,168,0
105,168,0
106,168,0
107,168,0
108,168,0
109,168,0
110,168,0
111,168,0
112,168,0
113,168,0
114,168,0
115,168,0
116,168,0
117,168,0
118,168,0
119,168,0
120,168,0
121,168,0
122,168,0
123,168,0
124,168,0
125,168,0
126,168,0
127,168,0
128,168,0
129,168,0
130,168,0
131,168,0
132,168,0
133,168,0
134,168,0
135,168,0
136,168,0
137,168,0
138,168,0
139,168,0
140,168,0
141,168,0
142,168,0
143,168,0
144,168,0
145,168,0
146,168,0
147,168,0
148,168,0
149,168,0
150,168,0
151,168,0
152,168,0
153,168,0
154,168,0
155,168,0
156,168,0
157,168,0
158,168,0
159,168,0
160,168,0
161,168,0
162,168,0
163,168,0
164,168,0
165,168,0
166,168,0
167,168,0
168,168,0
169,168,0
170,168,0
171,168,0
172,168,0
173,168,0
174,168,0
175,168,0
176,168,0
177,168,0
178,168,0
179,168,0
180,168,0
181,168,0
182,168,0
183,168,0
184,168,0
185,168,0
186,168,0
187,168,0
188,168,0
189,168,0
190,168,0
191,168,0
192,168,0
193,168,0
194,168,0
195,168,0
196,168,0
197,168,0
198,168,0
199,168,0
200,168,0
201,168,0
202,168,0
203,168,0
204,168,0
205,168,0
206,168,0
207,168,0
208,168,0
209,168,0
210,168,0
211,168,0
212,168,0
213,168,0
214,168,0
215,168,0
216,168,0
217,168,0
218,168,0
219,168,0
220,168,0
221,168,0
222,168,0
223,168,0
224,168,0
225,168,0
226,168,0
227,168,0
228,168,0
229,168,0
230,168,0
231,168,0
232,168,0
233,168,0
234,168,0
235,168,0
236,168,0
237,168,0
238,168,0
239,168,0
240,168,0
241,168,0
242,168,0
243,168,0
244,168,0
245,168,0
246,168,0
247,168,0
248,168,0
249,168,0
250,168,0
251,168,0
252,168,0
253,168,0
254,168,0
255,168,0
256,168,0
257,168,0
258,168,0
259,168,0
260,168,0
261,168,0
262,168,0
263,168,0
264,168,0
265,168,0
266,168,0
267,168,0
268,168,0
269,168,0
270,168,0
271,168,0
272,168,0
273,168,0
274,168,0
275,168,0
276,168,0
277,168,0
278,168,0
279,168,0
280,168,0
281,168,0
282,168,0
283,168,0
284,168,0
285,168,0
286,168,0
287,168,0
288,168,0
289,168,0
290,168,0
291,168,0
1,169,0
2,169,0
3,169,0
4,169,0
5,169,0
6,169,0
7,169,0
8,169,0
9,169,0
10,169,0
11,169,0
12,169,0
13,169,0
14,169,0
15,169,0
16,169,0
17,169,0
18,169,0
19,169,0
20,169,0
21,169,0
22,169,0
23,169,0
24,169,0
25,169,1
26,169,1
27,169,1
28,169,1
29,169,1
30,169,1
31,169,1
32,169,1
33,169,1
34,169,1
35,169,1
36,169,1
37,169,1
38,169,1
39,169,1
40,169,1
41,169,1
42,169,1
43,169,1
44,169,1
45,169,1
46,169,1
47,169,1
48,169,1
49,169,1
50,169,1
51,169,1
52,169,1
53,169,1
54,169,1
55,169,1
56,169,1
57,169,1
58,169,1
59,169,1
60,169,1
61,169,1
62,169,1
63,169,1
64,169,1
65,169,1
66,169,1
67,169,1
68,169,1
69,169,0
70,169,0
71,169,0
72,169,0
73,169,0
74,169,0
75,169,0
76,169,0
77,169,0
78,169,0
79,169,0
80,169,0
81,169,0
82,169,0
83,169,0
84,169,0
85,169,0
86,169,0
87,169,0
88,169,0
89,169,0
90,169,0
91,169,0
92,169,0
93,169,0
94,169,0
95,169,0
96,169,0
97,169,0
98,169,0
99,169,0
100,169,0
101,169,0
102,169,0
103,169,0
104,169,0
105,169,0
106,169,0
107,169,0
108,169,0
109,169,0
110,169,0
111,169,0
112,169,0
113,169,0
114,169,0
115,169,0
116,169,0
117,169,0
118,169,0
119,169,0
120,169,0
121,169,0
122,169,0
123,169,0
124,169,0
125,169,0
126,169,0
127,169,0
128,169,0
129,169,0
130,169,0
131,169,0
132,169,0
133,169,0
134,169,0
135,169,0
136,169,0
137,169,0
138,169,0
139,169,0
140,169,0
141,169,0
142,169,0
143,169,0
144,169,0
145,169,0
146,169,0
147,169,0
148,169,0
149,169,0
150,169,0
151,169,0
152,169,0
153,169,0
154,169,0
155,169,0
156,169,0
157,169,0
158,169,0
159,169,0
160,169,0
161,169,0
162,169,0
163,169,0
164,169,0
165,169,0
166,169,0
167,169,0
168,169,0
169,169,0
170,169,0
171,169,0
172,169,0
173,169,0
174,169,0
175,169,0
176,169,0
177,169,0
178,169,0
179,169,0
180,169,0
181,169,0
182,169,0
183,169,0
184,169,0
185,169,0
186,169,0
187,169,0
188,169,0
189,169,0
190,169,0
191,169,0
192,169,0
193,169,0
194,169,0
195,169,0
196,169,0
197,169,0
198,169,0
199,169,0
200,169,0
201,169,0
202,169,0
203,169,0
204,169,0
205,169,0
206,169,0
207,169,0
208,169,0
209,169,0
210,169,0
211,169,0
212,169,0
213,169,0
214,169,0
215,169,0
216,169,0
217,169,0
218,169,0
219,169,0
220,169,0
221,169,0
222,169,0
223,169,0
224,169,0
225,169,0
226,169,0
227,169,0
228,169,0
229,169,0
230,169,0
231,169,0
232,169,0
233,169,0
234,169,0
235,169,0
236,169,0
237,169,0
238,169,0
239,169,0
240,169,0
241,169,0
242,169,0
243,169,0
244,169,0
245,169,0
246,169,0
247,169,0
248,169,0
249,169,0
250,169,0
251,169,0
252,169,0
253,169,0
254,169,0
255,169,0
256,169,0
257,169,0
258,169,0
259,169,0
260,169,0
261,169,0
262,169,0
263,169,0
264,169,0
265,169,0
266,169,0
267,169,0
268,169,0
269,169,0
270,169,0
271,169,0
272,169,0
273,169,0
274,169,0
275,169,0
276,169,0
277,169,0
278,169,0
279,169,0
280,169,0
281,169,0
282,169,0
283,169,0
284,169,0
285,169,0
286,169,0
287,169,0
288,169,0
289,169,0
290,169,0
291,169,0
1,170,0
2,170,0
3,170,0
4,170,0
5,170,0
6,170,0
7,170,0
8,170,0
9,170,0
10,170,0
11,170,0
12,170,0
13,170,0
14,170,0
15,170,0
16,170,0
17,170,0
18,170,0
19,170,0
20,170,0
21,170,0
22,170,0
23,170,0
24,170,0
25,170,0
26,170,1
27,170,1
28,170,1
29,170,1
30,170,1
31,170,1
32,170,1
33,170,1
34,170,1
35,170,1
36,170,1
37,170,1
38,170,1
39,170,1
40,170,1
41,170,1
42,170,1
43,170,1
44,170,1
45,170,1
46,170,1
47,170,1
48,170,1
49,170,1
50,170,1
51,170,1
52,170,1
53,170,1
54,170,1
55,170,1
56,170,1
57,170,1
58,170,1
59,170,1
60,170,1
61,170,1
62,170,1
63,170,1
64,170,1
65,170,1
66,170,1
67,170,1
68,170,1
69,170,0
70,170,0
71,170,0
72,170,0
73,170,0
74,170,0
75,170,0
76,170,0
77,170,0
78,170,0
79,170,0
80,170,0
81,170,0
82,170,0
83,170,0
84,170,0
85,170,0
86,170,0
87,170,0
88,170,0
89,170,0
90,170,0
91,170,0
92,170,0
93,170,0
94,170,0
95,170,0
96,170,0
97,170,0
98,170,0
99,170,0
100,170,0
101,170,0
102,170,0
103,170,0
104,170,0
105,170,0
106,170,0
107,170,0
108,170,0
109,170,0
110,170,0
111,170,0
112,170,0
113,170,0
114,170,0
115,170,0
116,170,0
117,170,0
118,170,0
119,170,0
120,170,0
121,170,0
122,170,0
123,170,0
124,170,0
125,170,0
126,170,0
127,170,0
128,170,0
129,170,0
130,170,0
131,170,0
132,170,0
133,170,0
134,170,0
135,170,0
136,170,0
137,170,0
138,170,0
139,170,0
140,170,0
141,170,0
142,170,0
143,170,0
144,170,0
145,170,0
146,170,0
147,170,0
148,170,0
149,170,0
150,170,0
151,170,0
152,170,0
153,170,0
154,170,0
155,170,0
156,170,0
157,170,0
158,170,0
159,170,0
160,170,0
161,170,0
162,170,0
163,170,0
164,170,0
165,170,0
166,170,0
167,170,0
168,170,0
169,170,0
170,170,0
171,170,0
172,170,0
173,170,0
174,170,0
175,170,0
176,170,0
177,170,0
178,170,0
179,170,0
180,170,0
181,170,0
182,170,0
183,170,0
184,170,0
185,170,0
186,170,0
187,170,0
188,170,0
189,170,0
190,170,0
191,170,0
192,170,0
193,170,0
194,170,0
195,170,0
196,170,0
197,170,0
198,170,0
199,170,0
200,170,0
201,170,0
202,170,0
203,170,0
204,170,0
205,170,0
206,170,0
207,170,0
208,170,0
209,170,0
210,170,0
211,170,0
212,170,0
213,170,0
214,170,0
215,170,0
216,170,0
217,170,0
218,170,0
219,170,0
220,170,0
221,170,0
222,170,0
223,170,0
224,170,0
225,170,0
226,170,0
227,170,0
228,170,0
229,170,0
230,170,0
231,170,0
232,170,0
233,170,0
234,170,0
235,170,0
236,170,0
237,170,0
238,170,0
239,170,0
240,170,0
241,170,0
242,170,0
243,170,0
244,170,0
245,170,0
246,170,0
247,170,0
248,170,0
249,170,0
250,170,0
251,170,0
252,170,0
253,170,0
254,170,0
255,170,0
256,170,0
257,170,0
258,170,0
259,170,0
260,170,0
261,170,0
262,170,0
263,170,0
264,170,0
265,170,0
266,170,0
267,170,0
268,170,0
269,170,0
270,170,0
271,170,0
272,170,0
273,170,0
274,170,0
275,170,0
276,170,0
277,170,0
278,170,0
279,170,0
280,170,0
281,170,0
282,170,0
283,170,0
284,170,0
285,170,0
286,170,0
287,170,0
288,170,0
289,170,0
290,170,0
291,170,0
1,171,0
2,171,0
3,171,0
4,171,0
5,171,0
6,171,0
7,171,0
8,171,0
9,171,0
10,171,0
11,171,0
12,171,0
13,171,0
14,171,0
15,171,0
16,171,0
17,171,0
18,171,0
19,171,0
20,171,0
21,171,0
22,171,0
23,171,0
24,171,0
25,171,0
26,171,0
27,171,0
28,171,1
29,171,1
30,171,1
31,171,1
32,171,1
33,171,1
34,171,1
35,171,1
36,171,1
37,171,1
38,171,1
39,171,1
40,171,1
41,171,1
42,171,1
43,171,1
44,171,1
45,171,1
46,171,1
47,171,1
48,171,1
49,171,1
50,171,1
51,171,1
52,171,1
53,171,1
54,171,1
55,171,1
56,171,1
57,171,1
58,171,1
59,171,1
60,171,1
61,171,1
62,171,1
63,171,1
64,171,1
65,171,1
66,171,1
67,171,1
68,171,1
69,171,0
70,171,0
71,171,0
72,171,0
73,171,0
74,171,0
75,171,0
76,171,0
77,171,0
78,171,0
79,171,0
80,171,0
81,171,0
82,171,0
83,171,0
84,171,0
85,171,0
86,171,0
87,171,0
88,171,0
89,171,0
90,171,0
91,171,0
92,171,0
93,171,0
94,171,0
95,171,0
96,171,0
97,171,0
98,171,0
99,171,0
100,171,0
101,171,0
102,171,0
103,171,0
104,171,0
105,171,0
106,171,0
107,171,0
108,171,0
109,171,0
110,171,0
111,171,0
112,171,0
113,171,0
114,171,0
115,171,0
116,171,0
117,171,0
118,171,0
119,171,0
120,171,0
121,171,0
122,171,0
123,171,0
124,171,0
125,171,0
126,171,0
127,171,0
128,171,0
129,171,0
130,171,0
131,171,0
132,171,0
133,171,0
134,171,0
135,171,0
136,171,0
137,171,0
138,171,0
139,171,0
140,171,0
141,171,0
142,171,0
143,171,0
144,171,0
145,171,0
146,171,0
147,171,0
148,171,0
149,171,0
150,171,0
151,171,0
152,171,0
153,171,0
154,171,0
155,171,0
156,171,0
157,171,0
158,171,0
159,171,0
160,171,0
161,171,0
162,171,0
163,171,0
164,171,0
165,171,0
166,171,0
167,171,0
168,171,0
169,171,0
170,171,0
171,171,0
172,171,0
173,171,0
174,171,0
175,171,0
176,171,0
177,171,0
178,171,0
179,171,0
180,171,0
181,171,0
182,171,0
183,171,0
184,171,0
185,171,0
186,171,0
187,171,0
188,171,0
189,171,0
190,171,0
191,171,0
192,171,0
193,171,0
194,171,0
195,171,0
196,171,0
197,171,0
198,171,0
199,171,0
200,171,0
201,171,0
202,171,0
203,171,0
204,171,0
205,171,0
206,171,0
207,171,0
208,171,0
209,171,0
210,171,0
211,171,0
212,171,0
213,171,0
214,171,0
215,171,0
216,171,0
217,171,0
218,171,0
219,171,0
220,171,0
221,171,0
222,171,0
223,171,0
224,171,0
225,171,0
226,171,0
227,171,0
228,171,0
229,171,0
230,171,0
231,171,0
232,171,0
233,171,0
234,171,0
235,171,0
236,171,0
237,171,0
238,171,0
239,171,0
240,171,0
241,171,0
242,171,0
243,171,0
244,171,0
245,171,0
246,171,0
247,171,0
248,171,0
249,171,0
250,171,0
251,171,0
252,171,0
253,171,0
254,171,0
255,171,0
256,171,0
257,171,0
258,171,0
259,171,0
260,171,0
261,171,0
262,171,0
263,171,0
264,171,0
265,171,0
266,171,0
267,171,0
268,171,0
269,171,0
270,171,0
271,171,0
272,171,0
273,171,0
274,171,0
275,171,0
276,171,0
277,171,0
278,171,0
279,171,0
280,171,0
281,171,0
282,171,0
283,171,0
284,171,0
285,171,0
286,171,0
287,171,0
288,171,0
289,171,0
290,171,0
291,171,0
1,172,0
2,172,0
3,172,0
4,172,0
5,172,0
6,172,0
7,172,0
8,172,0
9,172,0
10,172,0
11,172,0
12,172,0
13,172,0
14,172,0
15,172,0
16,172,0
17,172,0
18,172,0
19,172,0
20,172,0
21,172,0
22,172,0
23,172,0
24,172,0
25,172,0
26,172,0
27,172,0
28,172,0
29,172,1
30,172,1
31,172,1
32,172,1
33,172,1
34,172,1
35,172,1
36,172,1
37,172,1
38,172,1
39,172,1
40,172,1
41,172,1
42,172,1
43,172,1
44,172,1
45,172,1
46,172,1
47,172,1
48,172,1
49,172,1
50,172,1
51,172,1
52,172,1
53,172,1
54,172,1
55,172,1
56,172,1
57,172,1
58,172,1
59,172,1
60,172,1
61,172,1
62,172,1
63,172,1
64,172,1
65,172,1
66,172,1
67,172,1
68,172,1
69,172,0
70,172,0
71,172,0
72,172,0
73,172,0
74,172,0
75,172,0
76,172,0
77,172,0
78,172,0
79,172,0
80,172,0
81,172,0
82,172,0
83,172,0
84,172,0
85,172,0
86,172,0
87,172,0
88,172,0
89,172,0
90,172,0
91,172,0
92,172,0
93,172,0
94,172,0
95,172,0
96,172,0
97,172,0
98,172,0
99,172,0
100,172,0
101,172,0
102,172,0
103,172,0
104,172,0
105,172,0
106,172,0
107,172,0
108,172,0
109,172,0
110,172,0
111,172,0
112,172,0
113,172,0
114,172,0
115,172,0
116,172,0
117,172,0
118,172,0
119,172,0
120,172,0
121,172,0
122,172,0
123,172,0
124,172,0
125,172,0
126,172,0
127,172,0
128,172,0
129,172,0
130,172,0
131,172,0
132,172,0
133,172,0
134,172,0
135,172,0
136,172,0
137,172,0
138,172,0
139,172,0
140,172,0
141,172,0
142,172,0
143,172,0
144,172,0
145,172,0
146,172,0
147,172,0
148,172,0
149,172,0
150,172,0
151,172,0
152,172,0
153,172,0
154,172,0
155,172,0
156,172,0
157,172,0
158,172,0
159,172,0
160,172,0
161,172,0
162,172,0
163,172,0
164,172,0
165,172,0
166,172,0
167,172,0
168,172,0
169,172,0
170,172,0
171,172,0
172,172,0
173,172,0
174,172,0
175,172,0
176,172,0
177,172,0
178,172,0
179,172,0
180,172,0
181,172,0
182,172,0
183,172,0
184,172,0
185,172,0
186,172,0
187,172,0
188,172,0
189,172,0
190,172,0
191,172,0
192,172,0
193,172,0
194,172,0
195,172,0
196,172,0
197,172,0
198,172,0
199,172,0
200,172,0
201,172,0
202,172,0
203,172,0
204,172,0
205,172,0
206,172,0
207,172,0
208,172,0
209,172,0
210,172,0
211,172,0
212,172,0
213,172,0
214,172,0
215,172,0
216,172,0
217,172,0
218,172,0
219,172,0
220,172,0
221,172,0
222,172,0
223,172,0
224,172,0
225,172,0
226,172,0
227,172,0
228,172,0
229,172,0
230,172,0
231,172,0
232,172,0
233,172,0
234,172,0
235,172,0
236,172,0
237,172,0
238,172,0
239,172,0
240,172,0
241,172,0
242,172,0
243,172,0
244,172,0
245,172,0
246,172,0
247,172,0
248,172,0
249,172,0
250,172,0
251,172,0
252,172,0
253,172,0
254,172,0
255,172,0
256,172,0
257,172,0
258,172,0
259,172,0
260,172,0
261,172,0
262,172,0
263,172,0
264,172,0
265,172,0
266,172,0
267,172,0
268,172,0
269,172,0
270,172,0
271,172,0
272,172,0
273,172,0
274,172,0
275,172,0
276,172,0
277,172,0
278,172,0
279,172,0
280,172,0
281,172,0
282,172,0
283,172,0
284,172,0
285,172,0
286,172,0
287,172,0
288,172,0
289,172,0
290,172,0
291,172,0
1,173,0
2,173,0
3,173,0
4,173,0
5,173,0
6,173,0
7,173,0
8,173,0
9,173,0
10,173,0
11,173,0
12,173,0
13,173,0
14,173,0
15,173,0
16,173,0
17,173,0
18,173,0
19,173,0
20,173,0
21,173,0
22,173,0
23,173,0
24,173,0
25,173,0
26,173,0
27,173,0
28,173,0
29,173,0
30,173,1
31,173,1
32,173,1
33,173,1
34,173,1
35,173,1
36,173,1
37,173,1
38,173,1
39,173,1
40,173,1
41,173,1
42,173,1
43,173,1
44,173,1
45,173,1
46,173,1
47,173,1
48,173,1
49,173,1
50,173,1
51,173,1
52,173,1
53,173,1
54,173,1
55,173,1
56,173,1
57,173,1
58,173,1
59,173,1
60,173,1
61,173,1
62,173,1
63,173,1
64,173,1
65,173,1
66,173,1
67,173,1
68,173,1
69,173,0
70,173,0
71,173,0
72,173,0
73,173,0
74,173,0
75,173,0
76,173,0
77,173,0
78,173,0
79,173,0
80,173,0
81,173,0
82,173,0
83,173,0
84,173,0
85,173,0
86,173,0
87,173,0
88,173,0
89,173,0
90,173,0
91,173,0
92,173,0
93,173,0
94,173,0
95,173,0
96,173,0
97,173,0
98,173,0
99,173,0
100,173,0
101,173,0
102,173,0
103,173,0
104,173,0
105,173,0
106,173,0
107,173,0
108,173,0
109,173,0
110,173,0
111,173,0
112,173,0
113,173,0
114,173,0
115,173,0
116,173,0
117,173,0
118,173,0
119,173,0
120,173,0
121,173,0
122,173,0
123,173,0
124,173,0
125,173,0
126,173,0
127,173,0
128,173,0
129,173,0
130,173,0
131,173,0
132,173,0
133,173,0
134,173,0
135,173,0
136,173,0
137,173,0
138,173,0
139,173,0
140,173,0
141,173,0
142,173,0
143,173,0
144,173,0
145,173,0
146,173,0
147,173,0
148,173,0
149,173,0
150,173,0
151,173,0
152,173,0
153,173,0
154,173,0
155,173,0
156,173,0
157,173,0
158,173,0
159,173,0
160,173,0
161,173,0
162,173,0
163,173,0
164,173,0
165,173,0
166,173,0
167,173,0
168,173,0
169,173,0
170,173,0
171,173,0
172,173,0
173,173,0
174,173,0
175,173,0
176,173,0
177,173,0
178,173,0
179,173,0
180,173,0
181,173,0
182,173,0
183,173,0
184,173,0
185,173,0
186,173,0
187,173,0
188,173,0
189,173,0
190,173,0
191,173,0
192,173,0
193,173,0
194,173,0
195,173,0
196,173,0
197,173,0
198,173,0
199,173,0
200,173,0
201,173,0
202,173,0
203,173,0
204,173,0
205,173,0
206,173,0
207,173,0
208,173,0
209,173,0
210,173,0
211,173,0
212,173,0
213,173,0
214,173,0
215,173,0
216,173,0
217,173,0
218,173,0
219,173,0
220,173,0
221,173,0
222,173,0
223,173,0
224,173,0
225,173,0
226,173,0
227,173,0
228,173,0
229,173,0
230,173,0
231,173,0
232,173,0
233,173,0
234,173,0
235,173,0
236,173,0
237,173,0
238,173,0
239,173,0
240,173,0
241,173,0
242,173,0
243,173,0
244,173,0
245,173,0
246,173,0
247,173,0
248,173,0
249,173,0
250,173,0
251,173,0
252,173,0
253,173,0
254,173,0
255,173,0
256,173,0
257,173,0
258,173,0
259,173,0
260,173,0
261,173,0
262,173,0
263,173,0
264,173,0
265,173,0
266,173,0
267,173,0
268,173,0
269,173,0
270,173,0
271,173,0
272,173,0
273,173,0
274,173,0
275,173,0
276,173,0
277,173,0
278,173,0
279,173,0
280,173,0
281,173,0
282,173,0
283,173,0
284,173,0
285,173,0
286,173,0
287,173,0
288,173,0
289,173,0
290,173,0
291,173,0
1,174,0
2,174,0
3,174,0
4,174,0
5,174,0
6,174,0
7,174,0
8,174,0
9,174,0
10,174,0
11,174,0
12,174,0
13,174,0
14,174,0
15,174,0
16,174,0
17,174,0
18,174,0
19,174,0
20,174,0
21,174,0
22,174,0
23,174,0
24,174,0
25,174,0
26,174,0
27,174,0
28,174,0
29,174,0
30,174,0
31,174,0
32,174,0
33,174,1
34,174,1
35,174,1
36,174,1
37,174,1
38,174,1
39,174,1
40,174,1
41,174,1
42,174,1
43,174,1
44,174,1
45,174,1
46,174,1
47,174,1
48,174,1
49,174,1
50,174,1
51,174,1
52,174,1
53,174,1
54,174,1
55,174,1
56,174,1
57,174,1
58,174,1
59,174,1
60,174,1
61,174,1
62,174,1
63,174,1
64,174,1
65,174,1
66,174,1
67,174,1
68,174,1
69,174,0
70,174,0
71,174,0
72,174,0
73,174,0
74,174,0
75,174,0
76,174,0
77,174,0
78,174,0
79,174,0
80,174,0
81,174,0
82,174,0
83,174,0
84,174,0
85,174,0
86,174,0
87,174,0
88,174,0
89,174,0
90,174,0
91,174,0
92,174,0
93,174,0
94,174,0
95,174,0
96,174,0
97,174,0
98,174,0
99,174,0
100,174,0
101,174,0
102,174,0
103,174,0
104,174,0
105,174,0
106,174,0
107,174,0
108,174,0
109,174,0
110,174,0
111,174,0
112,174,0
113,174,0
114,174,0
115,174,0
116,174,0
117,174,0
118,174,0
119,174,0
120,174,0
121,174,0
122,174,0
123,174,0
124,174,0
125,174,0
126,174,0
127,174,0
128,174,0
129,174,0
130,174,0
131,174,0
132,174,0
133,174,0
134,174,0
135,174,0
136,174,0
137,174,0
138,174,0
139,174,0
140,174,0
141,174,0
142,174,0
143,174,0
144,174,0
145,174,0
146,174,0
147,174,0
148,174,0
149,174,0
150,174,0
151,174,0
152,174,0
153,174,0
154,174,0
155,174,0
156,174,0
157,174,0
158,174,0
159,174,0
160,174,0
161,174,0
162,174,0
163,174,0
164,174,0
165,174,0
166,174,0
167,174,0
168,174,0
169,174,0
170,174,0
171,174,0
172,174,0
173,174,0
174,174,0
175,174,0
176,174,0
177,174,0
178,174,0
179,174,0
180,174,0
181,174,0
182,174,0
183,174,0
184,174,0
185,174,0
186,174,0
187,174,0
188,174,0
189,174,0
190,174,0
191,174,0
192,174,0
193,174,0
194,174,0
195,174,0
196,174,0
197,174,0
198,174,0
199,174,0
200,174,0
201,174,0
202,174,0
203,174,0
204,174,0
205,174,0
206,174,0
207,174,0
208,174,0
209,174,0
210,174,0
211,174,0
212,174,0
213,174,0
214,174,0
215,174,0
216,174,0
217,174,0
218,174,0
219,174,0
220,174,0
221,174,0
222,174,0
223,174,0
224,174,0
225,174,0
226,174,0
227,174,0
228,174,0
229,174,0
230,174,0
231,174,0
232,174,0
233,174,0
234,174,0
235,174,0
236,174,0
237,174,0
238,174,0
239,174,0
240,174,0
241,174,0
242,174,0
243,174,0
244,174,0
245,174,0
246,174,0
247,174,0
248,174,0
249,174,0
250,174,0
251,174,0
252,174,0
253,174,0
254,174,0
255,174,0
256,174,0
257,174,0
258,174,0
259,174,0
260,174,0
261,174,0
262,174,0
263,174,0
264,174,0
265,174,0
266,174,0
267,174,0
268,174,0
269,174,0
270,174,0
271,174,0
272,174,0
273,174,0
274,174,0
275,174,0
276,174,0
277,174,0
278,174,0
279,174,0
280,174,0
281,174,0
282,174,0
283,174,0
284,174,0
285,174,0
286,174,0
287,174,0
288,174,0
289,174,0
290,174,0
291,174,0
1,175,0
2,175,0
3,175,0
4,175,0
5,175,0
6,175,0
7,175,0
8,175,0
9,175,0
10,175,0
11,175,0
12,175,0
13,175,0
14,175,0
15,175,0
16,175,0
17,175,0
18,175,0
19,175,0
20,175,0
21,175,0
22,175,0
23,175,0
24,175,0
25,175,0
26,175,0
27,175,0
28,175,0
29,175,0
30,175,0
31,175,0
32,175,0
33,175,0
34,175,0
35,175,1
36,175,1
37,175,1
38,175,1
39,175,1
40,175,1
41,175,1
42,175,1
43,175,1
44,175,1
45,175,1
46,175,1
47,175,1
48,175,1
49,175,1
50,175,1
51,175,1
52,175,1
53,175,1
54,175,1
55,175,1
56,175,1
57,175,1
58,175,1
59,175,1
60,175,1
61,175,1
62,175,1
63,175,1
64,175,1
65,175,1
66,175,1
67,175,1
68,175,0
69,175,0
70,175,0
71,175,0
72,175,0
73,175,0
74,175,0
75,175,0
76,175,0
77,175,0
78,175,0
79,175,0
80,175,0
81,175,0
82,175,0
83,175,0
84,175,0
85,175,0
86,175,0
87,175,0
88,175,0
89,175,0
90,175,0
91,175,0
92,175,0
93,175,0
94,175,0
95,175,0
96,175,0
97,175,0
98,175,0
99,175,0
100,175,0
101,175,0
102,175,0
103,175,0
104,175,0
105,175,0
106,175,0
107,175,0
108,175,0
109,175,0
110,175,0
111,175,0
112,175,0
113,175,0
114,175,0
115,175,0
116,175,0
117,175,0
118,175,0
119,175,0
120,175,0
121,175,0
122,175,0
123,175,0
124,175,0
125,175,0
126,175,0
127,175,0
128,175,0
129,175,0
130,175,0
131,175,0
132,175,0
133,175,0
134,175,0
135,175,0
136,175,0
137,175,0
138,175,0
139,175,0
140,175,0
141,175,0
142,175,0
143,175,0
144,175,0
145,175,0
146,175,0
147,175,0
148,175,0
149,175,0
150,175,0
151,175,0
152,175,0
153,175,0
154,175,0
155,175,0
156,175,0
157,175,0
158,175,0
159,175,0
160,175,0
161,175,0
162,175,0
163,175,0
164,175,0
165,175,0
166,175,0
167,175,0
168,175,0
169,175,0
170,175,0
171,175,0
172,175,0
173,175,0
174,175,0
175,175,0
176,175,0
177,175,0
178,175,0
179,175,0
180,175,0
181,175,0
182,175,0
183,175,0
184,175,0
185,175,0
186,175,0
187,175,0
188,175,0
189,175,0
190,175,0
191,175,0
192,175,0
193,175,0
194,175,0
195,175,0
196,175,0
197,175,0
198,175,0
199,175,0
200,175,0
201,175,0
202,175,0
203,175,0
204,175,0
205,175,0
206,175,0
207,175,0
208,175,0
209,175,0
210,175,0
211,175,0
212,175,0
213,175,0
214,175,0
215,175,0
216,175,0
217,175,0
218,175,0
219,175,0
220,175,0
221,175,0
222,175,0
223,175,0
224,175,0
225,175,0
226,175,0
227,175,0
228,175,0
229,175,0
230,175,0
231,175,0
232,175,0
233,175,0
234,175,0
235,175,0
236,175,0
237,175,0
238,175,0
239,175,0
240,175,0
241,175,0
242,175,0
243,175,0
244,175,0
245,175,0
246,175,0
247,175,0
248,175,0
249,175,0
250,175,0
251,175,0
252,175,0
253,175,0
254,175,0
255,175,0
256,175,0
257,175,0
258,175,0
259,175,0
260,175,0
261,175,0
262,175,0
263,175,0
264,175,0
265,175,0
266,175,0
267,175,0
268,175,0
269,175,0
270,175,0
271,175,0
272,175,0
273,175,0
274,175,0
275,175,0
276,175,0
277,175,0
278,175,0
279,175,0
280,175,0
281,175,0
282,175,0
283,175,0
284,175,0
285,175,0
286,175,0
287,175,0
288,175,0
289,175,0
290,175,0
291,175,0
1,176,0
2,176,0
3,176,0
4,176,0
5,176,0
6,176,0
7,176,0
8,176,0
9,176,0
10,176,0
11,176,0
12,176,0
13,176,0
14,176,0
15,176,0
16,176,0
17,176,0
18,176,0
19,176,0
20,176,0
21,176,0
22,176,0
23,176,0
24,176,0
25,176,0
26,176,0
27,176,0
28,176,0
29,176,0
30,176,0
31,176,0
32,176,0
33,176,0
34,176,0
35,176,0
36,176,0
37,176,0
38,176,0
39,176,1
40,176,1
41,176,1
42,176,1
43,176,1
44,176,1
45,176,1
46,176,1
47,176,1
48,176,1
49,176,1
50,176,1
51,176,1
52,176,1
53,176,1
54,176,1
55,176,1
56,176,1
57,176,1
58,176,1
59,176,1
60,176,1
61,176,1
62,176,1
63,176,1
64,176,1
65,176,1
66,176,1
67,176,1
68,176,0
69,176,0
70,176,0
71,176,0
72,176,0
73,176,0
74,176,0
75,176,0
76,176,0
77,176,0
78,176,0
79,176,0
80,176,0
81,176,0
82,176,0
83,176,0
84,176,0
85,176,0
86,176,0
87,176,0
88,176,0
89,176,0
90,176,0
91,176,0
92,176,0
93,176,0
94,176,0
95,176,0
96,176,0
97,176,0
98,176,0
99,176,0
100,176,0
101,176,0
102,176,0
103,176,0
104,176,0
105,176,0
106,176,0
107,176,0
108,176,0
109,176,0
110,176,0
111,176,0
112,176,0
113,176,0
114,176,0
115,176,0
116,176,0
117,176,0
118,176,0
119,176,0
120,176,0
121,176,0
122,176,0
123,176,0
124,176,0
125,176,0
126,176,0
127,176,0
128,176,0
129,176,0
130,176,0
131,176,0
132,176,0
133,176,0
134,176,0
135,176,0
136,176,0
137,176,0
138,176,0
139,176,0
140,176,0
141,176,0
142,176,0
143,176,0
144,176,0
145,176,0
146,176,0
147,176,0
148,176,0
149,176,0
150,176,0
151,176,0
152,176,0
153,176,0
154,176,0
155,176,0
156,176,0
157,176,0
158,176,0
159,176,0
160,176,0
161,176,0
162,176,0
163,176,0
164,176,0
165,176,0
166,176,0
167,176,0
168,176,0
169,176,0
170,176,0
171,176,0
172,176,0
173,176,0
174,176,0
175,176,0
176,176,0
177,176,0
178,176,0
179,176,0
180,176,0
181,176,0
182,176,0
183,176,0
184,176,0
185,176,0
186,176,0
187,176,0
188,176,0
189,176,0
190,176,0
191,176,0
192,176,0
193,176,0
194,176,0
195,176,0
196,176,0
197,176,0
198,176,0
199,176,0
200,176,0
201,176,0
202,176,0
203,176,0
204,176,0
205,176,0
206,176,0
207,176,0
208,176,0
209,176,0
210,176,0
211,176,0
212,176,0
213,176,0
214,176,0
215,176,0
216,176,0
217,176,0
218,176,0
219,176,0
220,176,0
221,176,0
222,176,0
223,176,0
224,176,0
225,176,0
226,176,0
227,176,0
228,176,0
229,176,0
230,176,0
231,176,0
232,176,0
233,176,0
234,176,0
235,176,0
236,176,0
237,176,0
238,176,0
239,176,0
240,176,0
241,176,0
242,176,0
243,176,0
244,176,0
245,176,0
246,176,0
247,176,0
248,176,0
249,176,0
250,176,0
251,176,0
252,176,0
253,176,0
254,176,0
255,176,0
256,176,0
257,176,0
258,176,0
259,176,0
260,176,0
261,176,0
262,176,0
263,176,0
264,176,0
265,176,0
266,176,0
267,176,0
268,176,0
269,176,0
270,176,0
271,176,0
272,176,0
273,176,0
274,176,0
275,176,0
276,176,0
277,176,0
278,176,0
279,176,0
280,176,0
281,176,0
282,176,0
283,176,0
284,176,0
285,176,0
286,176,0
287,176,0
288,176,0
289,176,0
290,176,0
291,176,0
1,177,0
2,177,0
3,177,0
4,177,0
5,177,0
6,177,0
7,177,0
8,177,0
9,177,0
10,177,0
11,177,0
12,177,0
13,177,0
14,177,0
15,177,0
16,177,0
17,177,0
18,177,0
19,177,0
20,177,0
21,177,0
22,177,0
23,177,0
24,177,0
25,177,0
26,177,0
27,177,0
28,177,0
29,177,0
30,177,0
31,177,0
32,177,0
33,177,0
34,177,0
35,177,0
36,177,0
37,177,0
38,177,0
39,177,0
40,177,0
41,177,0
42,177,0
43,177,1
44,177,1
45,177,1
46,177,1
47,177,1
48,177,1
49,177,1
50,177,1
51,177,1
52,177,1
53,177,1
54,177,1
55,177,1
56,177,1
57,177,1
58,177,1
59,177,1
60,177,1
61,177,1
62,177,1
63,177,1
64,177,1
65,177,1
66,177,1
67,177,1
68,177,0
69,177,0
70,177,0
71,177,0
72,177,0
73,177,0
74,177,0
75,177,0
76,177,0
77,177,0
78,177,0
79,177,0
80,177,0
81,177,0
82,177,0
83,177,0
84,177,0
85,177,0
86,177,0
87,177,0
88,177,0
89,177,0
90,177,0
91,177,0
92,177,0
93,177,0
94,177,0
95,177,0
96,177,0
97,177,0
98,177,0
99,177,0
100,177,0
101,177,0
102,177,0
103,177,0
104,177,0
105,177,0
106,177,0
107,177,0
108,177,0
109,177,0
110,177,0
111,177,0
112,177,0
113,177,0
114,177,0
115,177,0
116,177,0
117,177,0
118,177,0
119,177,0
120,177,0
121,177,0
122,177,0
123,177,0
124,177,0
125,177,0
126,177,0
127,177,0
128,177,0
129,177,0
130,177,0
131,177,0
132,177,0
133,177,0
134,177,0
135,177,0
136,177,0
137,177,0
138,177,0
139,177,0
140,177,0
141,177,0
142,177,0
143,177,0
144,177,0
145,177,0
146,177,0
147,177,0
148,177,0
149,177,0
150,177,0
151,177,0
152,177,0
153,177,0
154,177,0
155,177,0
156,177,0
157,177,0
158,177,0
159,177,0
160,177,0
161,177,0
162,177,0
163,177,0
164,177,0
165,177,0
166,177,0
167,177,0
168,177,0
169,177,0
170,177,0
171,177,0
172,177,0
173,177,0
174,177,0
175,177,0
176,177,0
177,177,0
178,177,0
179,177,0
180,177,0
181,177,0
182,177,0
183,177,0
184,177,0
185,177,0
186,177,0
187,177,0
188,177,0
189,177,0
190,177,0
191,177,0
192,177,0
193,177,0
194,177,0
195,177,0
196,177,0
197,177,0
198,177,0
199,177,0
200,177,0
201,177,0
202,177,0
203,177,0
204,177,0
205,177,0
206,177,0
207,177,0
208,177,0
209,177,0
210,177,0
211,177,0
212,177,0
213,177,0
214,177,0
215,177,0
216,177,0
217,177,0
218,177,0
219,177,0
220,177,0
221,177,0
222,177,0
223,177,0
224,177,0
225,177,0
226,177,0
227,177,0
228,177,0
229,177,0
230,177,0
231,177,0
232,177,0
233,177,0
234,177,0
235,177,0
236,177,0
237,177,0
238,177,0
239,177,0
240,177,0
241,177,0
242,177,0
243,177,0
244,177,0
245,177,0
246,177,0
247,177,0
248,177,0
249,177,0
250,177,0
251,177,0
252,177,0
253,177,0
254,177,0
255,177,0
256,177,0
257,177,0
258,177,0
259,177,0
260,177,0
261,177,0
262,177,0
263,177,0
264,177,0
265,177,0
266,177,0
267,177,0
268,177,0
269,177,0
270,177,0
271,177,0
272,177,0
273,177,0
274,177,0
275,177,0
276,177,0
277,177,0
278,177,0
279,177,0
280,177,0
281,177,0
282,177,0
283,177,0
284,177,0
285,177,0
286,177,0
287,177,0
288,177,0
289,177,0
290,177,0
291,177,0
1,178,0
2,178,0
3,178,0
4,178,0
5,178,0
6,178,0
7,178,0
8,178,0
9,178,0
10,178,0
11,178,0
12,178,0
13,178,0
14,178,0
15,178,0
16,178,0
17,178,0
18,178,0
19,178,0
20,178,0
21,178,0
22,178,0
23,178,0
24,178,0
25,178,0
26,178,0
27,178,0
28,178,0
29,178,0
30,178,0
31,178,0
32,178,0
33,178,0
34,178,0
35,178,0
36,178,0
37,178,0
38,178,0
39,178,0
40,178,0
41,178,0
42,178,0
43,178,0
44,178,0
45,178,0
46,178,0
47,178,0
48,178,1
49,178,1
50,178,1
51,178,1
52,178,1
53,178,1
54,178,1
55,178,1
56,178,1
57,178,1
58,178,1
59,178,1
60,178,1
61,178,1
62,178,1
63,178,1
64,178,1
65,178,1
66,178,0
67,178,0
68,178,0
69,178,0
70,178,0
71,178,0
72,178,0
73,178,0
74,178,0
75,178,0
76,178,0
77,178,0
78,178,0
79,178,0
80,178,0
81,178,0
82,178,0
83,178,0
84,178,0
85,178,0
86,178,0
87,178,0
88,178,0
89,178,0
90,178,0
91,178,0
92,178,0
93,178,0
94,178,0
95,178,0
96,178,0
97,178,0
98,178,0
99,178,0
100,178,0
101,178,0
102,178,0
103,178,0
104,178,0
105,178,0
106,178,0
107,178,0
108,178,0
109,178,0
110,178,0
111,178,0
112,178,0
113,178,0
114,178,0
115,178,0
116,178,0
117,178,0
118,178,0
119,178,0
120,178,0
121,178,0
122,178,0
123,178,0
124,178,0
125,178,0
126,178,0
127,178,0
128,178,0
129,178,0
130,178,0
131,178,0
132,178,0
133,178,0
134,178,0
135,178,0
136,178,0
137,178,0
138,178,0
139,178,0
140,178,0
141,178,0
142,178,0
143,178,0
144,178,0
145,178,0
146,178,0
147,178,0
148,178,0
149,178,0
150,178,0
151,178,0
152,178,0
153,178,0
154,178,0
155,178,0
156,178,0
157,178,0
158,178,0
159,178,0
160,178,0
161,178,0
162,178,0
163,178,0
164,178,0
165,178,0
166,178,0
167,178,0
168,178,0
169,178,0
170,178,0
171,178,0
172,178,0
173,178,0
174,178,0
175,178,0
176,178,0
177,178,0
178,178,0
179,178,0
180,178,0
181,178,0
182,178,0
183,178,0
184,178,0
185,178,0
186,178,0
187,178,0
188,178,0
189,178,0
190,178,0
191,178,0
192,178,0
193,178,0
194,178,0
195,178,0
196,178,0
197,178,0
198,178,0
199,178,0
200,178,0
201,178,0
202,178,0
203,178,0
204,178,0
205,178,0
206,178,0
207,178,0
208,178,0
209,178,0
210,178,0
211,178,0
212,178,0
213,178,0
214,178,0
215,178,0
216,178,0
217,178,0
218,178,0
219,178,0
220,178,0
221,178,0
222,178,0
223,178,0
224,178,0
225,178,0
226,178,0
227,178,0
228,178,0
229,178,0
230,178,0
231,178,0
232,178,0
233,178,0
234,178,0
235,178,0
236,178,0
237,178,0
238,178,0
239,178,0
240,178,0
241,178,0
242,178,0
243,178,0
244,178,0
245,178,0
246,178,0
247,178,0
248,178,0
249,178,0
250,178,0
251,178,0
252,178,0
253,178,0
254,178,0
255,178,0
256,178,0
257,178,0
258,178,0
259,178,0
260,178,0
261,178,0
262,178,0
263,178,0
264,178,0
265,178,0
266,178,0
267,178,0
268,178,0
269,178,0
270,178,0
271,178,0
272,178,0
273,178,0
274,178,0
275,178,0
276,178,0
277,178,0
278,178,0
279,178,0
280,178,0
281,178,0
282,178,0
283,178,0
284,178,0
285,178,0
286,178,0
287,178,0
288,178,0
289,178,0
290,178,0
291,178,0
1,179,0
2,179,0
3,179,0
4,179,0
5,179,0
6,179,0
7,179,0
8,179,0
9,179,0
10,179,0
11,179,0
12,179,0
13,179,0
14,179,0
15,179,0
16,179,0
17,179,0
18,179,0
19,179,0
20,179,0
21,179,0
22,179,0
23,179,0
24,179,0
25,179,0
26,179,0
27,179,0
28,179,0
29,179,0
30,179,0
31,179,0
32,179,0
33,179,0
34,179,0
35,179,0
36,179,0
37,179,0
38,179,0
39,179,0
40,179,0
41,179,0
42,179,0
43,179,0
44,179,0
45,179,0
46,179,0
47,179,0
48,179,0
49,179,0
50,179,1
51,179,1
52,179,1
53,179,1
54,179,1
55,179,1
56,179,1
57,179,1
58,179,1
59,179,1
60,179,1
61,179,1
62,179,1
63,179,1
64,179,1
65,179,1
66,179,0
67,179,0
68,179,0
69,179,0
70,179,0
71,179,0
72,179,0
73,179,0
74,179,0
75,179,0
76,179,0
77,179,0
78,179,0
79,179,0
80,179,0
81,179,0
82,179,0
83,179,0
84,179,0
85,179,0
86,179,0
87,179,0
88,179,0
89,179,0
90,179,0
91,179,0
92,179,0
93,179,0
94,179,0
95,179,0
96,179,0
97,179,0
98,179,0
99,179,0
100,179,0
101,179,0
102,179,0
103,179,0
104,179,0
105,179,0
106,179,0
107,179,0
108,179,0
109,179,0
110,179,0
111,179,0
112,179,0
113,179,0
114,179,0
115,179,0
116,179,0
117,179,0
118,179,0
119,179,0
120,179,0
121,179,0
122,179,0
123,179,0
124,179,0
125,179,0
126,179,0
127,179,0
128,179,0
129,179,0
130,179,0
131,179,0
132,179,0
133,179,0
134,179,0
135,179,0
136,179,0
137,179,0
138,179,0
139,179,0
140,179,0
141,179,0
142,179,0
143,179,0
144,179,0
145,179,0
146,179,0
147,179,0
148,179,0
149,179,0
150,179,0
151,179,0
152,179,0
153,179,0
154,179,0
155,179,0
156,179,0
157,179,0
158,179,0
159,179,0
160,179,0
161,179,0
162,179,0
163,179,0
164,179,0
165,179,0
166,179,0
167,179,0
168,179,0
169,179,0
170,179,0
171,179,0
172,179,0
173,179,0
174,179,0
175,179,0
176,179,0
177,179,0
178,179,0
179,179,0
180,179,0
181,179,0
182,179,0
183,179,0
184,179,0
185,179,0
186,179,0
187,179,0
188,179,0
189,179,0
190,179,0
191,179,0
192,179,0
193,179,0
194,179,0
195,179,0
196,179,0
197,179,0
198,179,0
199,179,0
200,179,0
201,179,0
202,179,0
203,179,0
204,179,0
205,179,0
206,179,0
207,179,0
208,179,0
209,179,0
210,179,0
211,179,0
212,179,0
213,179,0
214,179,0
215,179,0
216,179,0
217,179,0
218,179,0
219,179,0
220,179,0
221,179,0
222,179,0
223,179,0
224,179,0
225,179,0
226,179,0
227,179,0
228,179,0
229,179,0
230,179,0
231,179,0
232,179,0
233,179,0
234,179,0
235,179,0
236,179,0
237,179,0
238,179,0
239,179,0
240,179,0
241,179,0
242,179,0
243,179,0
244,179,0
245,179,0
246,179,0
247,179,0
248,179,0
249,179,0
250,179,0
251,179,0
252,179,0
253,179,0
254,179,0
255,179,0
256,179,0
257,179,0
258,179,0
259,179,0
260,179,0
261,179,0
262,179,0
263,179,0
264,179,0
265,179,0
266,179,0
267,179,0
268,179,0
269,179,0
270,179,0
271,179,0
272,179,0
273,179,0
274,179,0
275,179,0
276,179,0
277,179,0
278,179,0
279,179,0
280,179,0
281,179,0
282,179,0
283,179,0
284,179,0
285,179,0
286,179,0
287,179,0
288,179,0
289,179,0
290,179,0
291,179,0
1,180,0
2,180,0
3,180,0
4,180,0
5,180,0
6,180,0
7,180,0
8,180,0
9,180,0
10,180,0
11,180,0
12,180,0
13,180,0
14,180,0
15,180,0
16,180,0
17,180,0
18,180,0
19,180,0
20,180,0
21,180,0
22,180,0
23,180,0
24,180,0
25,180,0
26,180,0
27,180,0
28,180,0
29,180,0
30,180,0
31,180,0
32,180,0
33,180,0
34,180,0
35,180,0
36,180,0
37,180,0
38,180,0
39,180,0
40,180,0
41,180,0
42,180,0
43,180,0
44,180,0
45,180,0
46,180,0
47,180,0
48,180,0
49,180,0
50,180,0
51,180,0
52,180,0
53,180,0
54,180,1
55,180,1
56,180,1
57,180,1
58,180,1
59,180,1
60,180,1
61,180,1
62,180,1
63,180,1
64,180,1
65,180,0
66,180,0
67,180,0
68,180,0
69,180,0
70,180,0
71,180,0
72,180,0
73,180,0
74,180,0
75,180,0
76,180,0
77,180,0
78,180,0
79,180,0
80,180,0
81,180,0
82,180,0
83,180,0
84,180,0
85,180,0
86,180,0
87,180,0
88,180,0
89,180,0
90,180,0
91,180,0
92,180,0
93,180,0
94,180,0
95,180,0
96,180,0
97,180,0
98,180,0
99,180,0
100,180,0
101,180,0
102,180,0
103,180,0
104,180,0
105,180,0
106,180,0
107,180,0
108,180,0
109,180,0
110,180,0
111,180,0
112,180,0
113,180,0
114,180,0
115,180,0
116,180,0
117,180,0
118,180,0
119,180,0
120,180,0
121,180,0
122,180,0
123,180,0
124,180,0
125,180,0
126,180,0
127,180,0
128,180,0
129,180,0
130,180,0
131,180,0
132,180,0
133,180,0
134,180,0
135,180,0
136,180,0
137,180,0
138,180,0
139,180,0
140,180,0
141,180,0
142,180,0
143,180,0
144,180,0
145,180,0
146,180,0
147,180,0
148,180,0
149,180,0
150,180,0
151,180,0
152,180,0
153,180,0
154,180,0
155,180,0
156,180,0
157,180,0
158,180,0
159,180,0
160,180,0
161,180,0
162,180,0
163,180,0
164,180,0
165,180,0
166,180,0
167,180,0
168,180,0
169,180,0
170,180,0
171,180,0
172,180,0
173,180,0
174,180,0
175,180,0
176,180,0
177,180,0
178,180,0
179,180,0
180,180,0
181,180,0
182,180,0
183,180,0
184,180,0
185,180,0
186,180,0
187,180,0
188,180,0
189,180,0
190,180,0
191,180,0
192,180,0
193,180,0
194,180,0
195,180,0
196,180,0
197,180,0
198,180,0
199,180,0
200,180,0
201,180,0
202,180,0
203,180,0
204,180,0
205,180,0
206,180,0
207,180,0
208,180,0
209,180,0
210,180,0
211,180,0
212,180,0
213,180,0
214,180,0
215,180,0
216,180,0
217,180,0
218,180,0
219,180,0
220,180,0
221,180,0
222,180,0
223,180,0
224,180,0
225,180,0
226,180,0
227,180,0
228,180,0
229,180,0
230,180,0
231,180,0
232,180,0
233,180,0
234,180,0
235,180,0
236,180,0
237,180,0
238,180,0
239,180,0
240,180,0
241,180,0
242,180,0
243,180,0
244,180,0
245,180,0
246,180,0
247,180,0
248,180,0
249,180,0
250,180,0
251,180,0
252,180,0
253,180,0
254,180,0
255,180,0
256,180,0
257,180,0
258,180,0
259,180,0
260,180,0
261,180,0
262,180,0
263,180,0
264,180,0
265,180,0
266,180,0
267,180,0
268,180,0
269,180,0
270,180,0
271,180,0
272,180,0
273,180,0
274,180,0
275,180,0
276,180,0
277,180,0
278,180,0
279,180,0
280,180,0
281,180,0
282,180,0
283,180,0
284,180,0
285,180,0
286,180,0
287,180,0
288,180,0
289,180,0
290,180,0
291,180,0
1,181,0
2,181,0
3,181,0
4,181,0
5,181,0
6,181,0
7,181,0
8,181,0
9,181,0
10,181,0
11,181,0
12,181,0
13,181,0
14,181,0
15,181,0
16,181,0
17,181,0
18,181,0
19,181,0
20,181,0
21,181,0
22,181,0
23,181,0
24,181,0
25,181,0
26,181,0
27,181,0
28,181,0
29,181,0
30,181,0
31,181,0
32,181,0
33,181,0
34,181,0
35,181,0
36,181,0
37,181,0
38,181,0
39,181,0
40,181,0
41,181,0
42,181,0
43,181,0
44,181,0
45,181,0
46,181,0
47,181,0
48,181,0
49,181,0
50,181,0
51,181,0
52,181,0
53,181,0
54,181,1
55,181,1
56,181,1
57,181,1
58,181,1
59,181,1
60,181,1
61,181,1
62,181,1
63,181,1
64,181,1
65,181,0
66,181,0
67,181,0
68,181,0
69,181,0
70,181,0
71,181,0
72,181,0
73,181,0
74,181,0
75,181,0
76,181,0
77,181,0
78,181,0
79,181,0
80,181,0
81,181,0
82,181,0
83,181,0
84,181,0
85,181,0
86,181,0
87,181,0
88,181,0
89,181,0
90,181,0
91,181,0
92,181,0
93,181,0
94,181,0
95,181,0
96,181,0
97,181,0
98,181,0
99,181,0
100,181,0
101,181,0
102,181,0
103,181,0
104,181,0
105,181,0
106,181,0
107,181,0
108,181,0
109,181,0
110,181,0
111,181,0
112,181,0
113,181,0
114,181,0
115,181,0
116,181,0
117,181,0
118,181,0
119,181,0
120,181,0
121,181,0
122,181,0
123,181,0
124,181,0
125,181,0
126,181,0
127,181,0
128,181,0
129,181,0
130,181,0
131,181,0
132,181,0
133,181,0
134,181,0
135,181,0
136,181,0
137,181,0
138,181,0
139,181,0
140,181,0
141,181,0
142,181,0
143,181,0
144,181,0
145,181,0
146,181,0
147,181,0
148,181,0
149,181,0
150,181,0
151,181,0
152,181,0
153,181,0
154,181,0
155,181,0
156,181,0
157,181,0
158,181,0
159,181,0
160,181,0
161,181,0
162,181,0
163,181,0
164,181,0
165,181,0
166,181,0
167,181,0
168,181,0
169,181,0
170,181,0
171,181,0
172,181,0
173,181,0
174,181,0
175,181,0
176,181,0
177,181,0
178,181,0
179,181,0
180,181,0
181,181,0
182,181,0
183,181,0
184,181,0
185,181,0
186,181,0
187,181,0
188,181,0
189,181,0
190,181,0
191,181,0
192,181,0
193,181,0
194,181,0
195,181,0
196,181,0
197,181,0
198,181,0
199,181,0
200,181,0
201,181,0
202,181,0
203,181,0
204,181,0
205,181,0
206,181,0
207,181,0
208,181,0
209,181,0
210,181,0
211,181,0
212,181,0
213,181,0
214,181,0
215,181,0
216,181,0
217,181,0
218,181,0
219,181,0
220,181,0
221,181,0
222,181,0
223,181,0
224,181,0
225,181,0
226,181,0
227,181,0
228,181,0
229,181,0
230,181,0
231,181,0
232,181,0
233,181,0
234,181,0
235,181,0
236,181,0
237,181,0
238,181,0
239,181,0
240,181,0
241,181,0
242,181,0
243,181,0
244,181,0
245,181,0
246,181,0
247,181,0
248,181,0
249,181,0
250,181,0
251,181,0
252,181,0
253,181,0
254,181,0
255,181,0
256,181,0
257,181,0
258,181,0
259,181,0
260,181,0
261,181,0
262,181,0
263,181,0
264,181,0
265,181,0
266,181,0
267,181,0
268,181,0
269,181,0
270,181,0
271,181,0
272,181,0
273,181,0
274,181,0
275,181,0
276,181,0
277,181,0
278,181,0
279,181,0
280,181,0
281,181,0
282,181,0
283,181,0
284,181,0
285,181,0
286,181,0
287,181,0
288,181,0
289,181,0
290,181,0
291,181,0
1,182,0
2,182,0
3,182,0
4,182,0
5,182,0
6,182,0
7,182,0
8,182,0
9,182,0
10,182,0
11,182,0
12,182,0
13,182,0
14,182,0
15,182,0
16,182,0
17,182,0
18,182,0
19,182,0
20,182,0
21,182,0
22,182,0
23,182,0
24,182,0
25,182,0
26,182,0
27,182,0
28,182,0
29,182,0
30,182,0
31,182,0
32,182,0
33,182,0
34,182,0
35,182,0
36,182,0
37,182,0
38,182,0
39,182,0
40,182,0
41,182,0
42,182,0
43,182,0
44,182,0
45,182,0
46,182,0
47,182,0
48,182,0
49,182,0
50,182,0
51,182,0
52,182,0
53,182,0
54,182,1
55,182,1
56,182,1
57,182,1
58,182,1
59,182,1
60,182,1
61,182,1
62,182,1
63,182,1
64,182,1
65,182,0
66,182,0
67,182,0
68,182,0
69,182,0
70,182,0
71,182,0
72,182,0
73,182,0
74,182,0
75,182,0
76,182,0
77,182,0
78,182,0
79,182,0
80,182,0
81,182,0
82,182,0
83,182,0
84,182,0
85,182,0
86,182,0
87,182,0
88,182,0
89,182,0
90,182,0
91,182,0
92,182,0
93,182,0
94,182,0
95,182,0
96,182,0
97,182,0
98,182,0
99,182,0
100,182,0
101,182,0
102,182,0
103,182,0
104,182,0
105,182,0
106,182,0
107,182,0
108,182,0
109,182,0
110,182,0
111,182,0
112,182,0
113,182,0
114,182,0
115,182,0
116,182,0
117,182,0
118,182,0
119,182,0
120,182,0
121,182,0
122,182,0
123,182,0
124,182,0
125,182,0
126,182,0
127,182,0
128,182,0
129,182,0
130,182,0
131,182,0
132,182,0
133,182,0
134,182,0
135,182,0
136,182,0
137,182,0
138,182,0
139,182,0
140,182,0
141,182,0
142,182,0
143,182,0
144,182,0
145,182,0
146,182,0
147,182,0
148,182,0
149,182,0
150,182,0
151,182,0
152,182,0
153,182,0
154,182,0
155,182,0
156,182,0
157,182,0
158,182,0
159,182,0
160,182,0
161,182,0
162,182,0
163,182,0
164,182,0
165,182,0
166,182,0
167,182,0
168,182,0
169,182,0
170,182,0
171,182,0
172,182,0
173,182,0
174,182,0
175,182,0
176,182,0
177,182,0
178,182,0
179,182,0
180,182,0
181,182,0
182,182,0
183,182,0
184,182,0
185,182,0
186,182,0
187,182,0
188,182,0
189,182,0
190,182,0
191,182,0
192,182,0
193,182,0
194,182,0
195,182,0
196,182,0
197,182,0
198,182,0
199,182,0
200,182,0
201,182,0
202,182,0
203,182,0
204,182,0
205,182,0
206,182,0
207,182,0
208,182,0
209,182,0
210,182,0
211,182,0
212,182,0
213,182,0
214,182,0
215,182,0
216,182,0
217,182,0
218,182,0
219,182,0
220,182,0
221,182,0
222,182,0
223,182,0
224,182,0
225,182,0
226,182,0
227,182,0
228,182,0
229,182,0
230,182,0
231,182,0
232,182,0
233,182,0
234,182,0
235,182,0
236,182,0
237,182,0
238,182,0
239,182,0
240,182,0
241,182,0
242,182,0
243,182,0
244,182,0
245,182,0
246,182,0
247,182,0
248,182,0
249,182,0
250,182,0
251,182,0
252,182,0
253,182,0
254,182,0
255,182,0
256,182,0
257,182,0
258,182,0
259,182,0
260,182,0
261,182,0
262,182,0
263,182,0
264,182,0
265,182,0
266,182,0
267,182,0
268,182,0
269,182,0
270,182,0
271,182,0
272,182,0
273,182,0
274,182,0
275,182,0
276,182,0
277,182,0
278,182,0
279,182,0
280,182,0
281,182,0
282,182,0
283,182,0
284,182,0
285,182,0
286,182,0
287,182,0
288,182,0
289,182,0
290,182,0
291,182,0
