100,143
100,142
104,123
104,122
104,121
105,123
105,122
105,121
105,120
105,119
105,118
105,117
105,116
106,122
106,121
106,120
106,119
106,118
106,117
106,116
106,115
106,114
106,113
106,112
106,111
107,141
107,140
107,139
107,138
107,137
107,121
107,120
107,119
107,118
107,117
107,116
107,115
107,114
107,113
107,112
107,111
107,110
107,109
107,108
108,161
108,160
108,159
108,158
108,157
108,156
108,155
108,154
108,153
108,152
108,151
108,150
108,149
108,148
108,147
108,146
108,145
108,144
108,143
108,142
108,141
108,140
108,139
108,138
108,137
108,136
108,135
108,134
108,120
108,119
108,118
108,117
108,116
108,115
108,114
108,113
108,112
109,164
109,163
109,162
109,161
109,160
109,159
109,158
109,157
109,156
109,155
109,154
109,153
109,152
109,151
109,150
109,149
109,148
109,147
109,146
109,145
109,144
109,143
109,142
109,141
109,140
109,139
109,138
109,137
109,136
109,135
109,134
110,167
110,166
110,165
110,164
110,163
110,162
110,161
110,160
110,159
110,158
110,157
110,156
110,155
110,154
110,153
110,152
110,151
110,150
110,149
110,148
110,147
110,146
110,145
110,144
110,143
110,142
110,141
110,140
110,139
110,138
110,137
110,136
110,135
110,134
111,169
111,168
111,167
111,166
111,165
111,164
111,163
111,162
111,161
111,160
111,159
111,158
111,157
111,156
111,155
111,154
111,153
111,152
111,151
111,150
111,149
111,148
111,147
111,146
111,145
111,144
111,143
111,142
111,141
111,140
111,139
111,138
111,137
111,136
111,135
111,134
112,171
112,170
112,169
112,168
112,167
112,166
112,165
112,164
112,163
112,162
112,161
112,160
112,159
112,158
112,157
112,156
112,155
112,154
112,153
112,152
112,151
112,150
112,149
112,148
112,147
112,146
112,145
112,144
112,143
112,142
112,141
112,140
112,139
112,138
112,137
112,136
112,135
112,134
113,173
113,172
113,171
113,170
113,169
113,168
113,167
113,166
113,165
113,164
113,163
113,162
113,161
113,160
113,159
113,158
113,157
113,156
113,155
113,154
113,153
113,152
113,151
113,150
113,149
113,148
113,147
113,146
113,145
113,144
113,143
113,142
113,141
113,140
113,139
113,138
113,137
113,136
113,135
113,134
114,174
114,173
114,172
114,171
114,170
114,169
114,168
114,167
114,166
114,165
114,164
114,163
114,162
114,161
114,160
114,159
114,158
114,157
114,156
114,155
114,154
114,153
114,152
114,151
114,150
114,149
114,148
114,147
114,146
114,145
114,144
114,143
114,142
114,141
114,140
114,139
114,138
114,137
114,136
114,135
114,134
114,82
114,81
114,80
114,79
114,78
114,77
114,76
114,75
114,74
114,73
114,69
114,68
115,176
115,175
115,174
115,173
115,172
115,171
115,170
115,169
115,168
115,167
115,166
115,165
115,164
115,163
115,162
115,161
115,160
115,159
115,158
115,157
115,156
115,155
115,154
115,153
115,152
115,151
115,150
115,149
115,148
115,147
115,146
115,145
115,144
115,143
115,142
115,141
115,140
115,139
115,138
115,137
115,136
115,135
115,134
115,83
115,82
115,81
115,80
115,79
115,78
115,77
115,76
115,75
115,74
115,73
115,72
115,71
115,70
115,69
115,68
115,67
115,66
115,65
115,64
115,63
116,176
116,175
116,174
116,173
116,172
116,171
116,170
116,169
116,168
116,167
116,166
116,165
116,164
116,163
116,162
116,161
116,160
116,159
116,158
116,157
116,156
116,155
116,154
116,153
116,152
116,151
116,150
116,149
116,148
116,147
116,146
116,145
116,144
116,143
116,142
116,141
116,140
116,139
116,138
116,137
116,136
116,135
116,134
116,83
116,82
116,81
116,80
116,79
116,78
116,77
116,76
116,75
116,74
116,73
116,72
116,71
116,70
116,69
116,68
116,67
116,66
116,65
116,64
116,63
117,177
117,176
117,175
117,174
117,173
117,172
117,171
117,170
117,169
117,168
117,167
117,166
117,165
117,164
117,163
117,162
117,161
117,160
117,159
117,158
117,157
117,156
117,155
117,154
117,153
117,152
117,151
117,150
117,149
117,148
117,147
117,146
117,145
117,144
117,143
117,142
117,141
117,140
117,139
117,138
117,137
117,136
117,135
117,134
117,133
117,132
117,131
117,130
117,129
117,128
117,127
117,84
117,83
117,82
117,81
117,80
117,79
117,78
117,77
117,76
117,75
117,74
117,73
117,72
117,71
117,70
117,69
117,68
117,67
117,66
117,65
117,64
117,63
117,62
118,178
118,177
118,176
118,175
118,174
118,173
118,172
118,171
118,170
118,169
118,168
118,167
118,166
118,165
118,164
118,163
118,162
118,161
118,160
118,159
118,158
118,157
118,156
118,155
118,154
118,153
118,152
118,151
118,150
118,149
118,148
118,147
118,146
118,145
118,144
118,143
118,142
118,141
118,140
118,139
118,138
118,137
118,136
118,135
118,134
118,133
118,132
118,131
118,130
118,129
118,128
118,127
118,126
118,125
118,124
118,123
118,122
118,121
118,120
118,119
118,118
118,117
118,116
118,115
118,114
118,113
118,112
118,111
118,84
118,83
118,82
118,81
118,80
118,79
118,78
118,77
118,76
118,75
118,74
118,73
118,72
118,71
118,70
118,69
118,68
118,67
118,66
118,65
118,64
118,63
118,62
118,61
118,60
119,179
119,178
119,177
119,176
119,175
119,174
119,173
119,172
119,171
119,170
119,169
119,168
119,167
119,166
119,165
119,164
119,163
119,162
119,161
119,160
119,159
119,158
119,157
119,156
119,155
119,154
119,153
119,152
119,151
119,150
119,149
119,148
119,147
119,146
119,145
119,144
119,143
119,142
119,141
119,140
119,139
119,138
119,137
119,136
119,135
119,134
119,133
119,132
119,131
119,130
119,129
119,128
119,127
119,126
119,125
119,124
119,123
119,122
119,121
119,120
119,119
119,118
119,117
119,116
119,115
119,114
119,113
119,112
119,111
119,110
119,109
119,108
119,107
119,106
119,105
119,104
119,103
119,102
119,101
119,100
119,99
119,98
119,97
119,96
119,87
119,86
119,85
119,84
119,83
119,82
119,81
119,80
119,79
119,78
119,77
119,76
119,75
119,74
119,73
119,72
119,71
119,70
119,69
119,68
119,67
119,66
119,65
119,64
119,63
119,62
119,61
119,60
119,59
119,47
119,46
119,45
119,44
119,43
119,42
120,180
120,179
120,178
120,177
120,176
120,175
120,174
120,173
120,172
120,171
120,170
120,169
120,168
120,167
120,166
120,165
120,164
120,163
120,162
120,161
120,160
120,159
120,158
120,157
120,156
120,155
120,154
120,153
120,152
120,151
120,150
120,149
120,148
120,147
120,146
120,145
120,144
120,143
120,142
120,141
120,140
120,139
120,138
120,137
120,136
120,135
120,134
120,133
120,132
120,131
120,130
120,129
120,128
120,127
120,126
120,125
120,124
120,123
120,122
120,121
120,120
120,119
120,118
120,117
120,116
120,115
120,114
120,113
120,112
120,111
120,110
120,109
120,108
120,107
120,106
120,105
120,104
120,103
120,102
120,101
120,100
120,99
120,98
120,97
120,96
120,95
120,94
120,93
120,92
120,91
120,90
120,89
120,88
120,87
120,86
120,85
120,84
120,83
120,82
120,81
120,80
120,79
120,78
120,77
120,76
120,75
120,74
120,73
120,72
120,71
120,70
120,69
120,68
120,67
120,66
120,65
120,64
120,63
120,62
120,61
120,60
120,59
120,58
120,57
120,48
120,47
120,46
120,45
120,44
120,43
120,42
120,41
120,40
120,39
120,38
120,37
121,181
121,180
121,179
121,178
121,177
121,176
121,175
121,174
121,173
121,172
121,171
121,170
121,169
121,168
121,167
121,166
121,165
121,164
121,163
121,162
121,161
121,160
121,159
121,158
121,157
121,156
121,155
121,154
121,153
121,152
121,151
121,150
121,149
121,148
121,147
121,146
121,145
121,144
121,143
121,142
121,141
121,140
121,139
121,138
121,137
121,136
121,135
121,134
121,133
121,132
121,131
121,130
121,129
121,128
121,127
121,126
121,125
121,124
121,123
121,122
121,121
121,120
121,119
121,118
121,117
121,116
121,115
121,114
121,113
121,112
121,111
121,110
121,109
121,108
121,107
121,106
121,105
121,104
121,103
121,102
121,101
121,100
121,99
121,98
121,97
121,96
121,95
121,94
121,93
121,92
121,91
121,90
121,89
121,88
121,87
121,86
121,85
121,84
121,83
121,82
121,81
121,80
121,79
121,78
121,77
121,76
121,75
121,74
121,73
121,72
121,71
121,70
121,69
121,68
121,67
121,66
121,65
121,64
121,63
121,62
121,61
121,60
121,59
121,58
121,57
121,56
121,55
121,48
121,47
121,46
121,45
121,44
121,43
121,42
121,41
121,40
121,39
121,38
121,37
121,36
121,35
121,34
121,33
121,32
121,31
122,181
122,180
122,179
122,178
122,177
122,176
122,175
122,174
122,173
122,172
122,171
122,170
122,169
122,168
122,167
122,166
122,165
122,164
122,163
122,162
122,161
122,160
122,159
122,158
122,157
122,156
122,155
122,154
122,153
122,152
122,151
122,150
122,149
122,148
122,147
122,146
122,145
122,144
122,143
122,142
122,141
122,140
122,139
122,138
122,137
122,136
122,135
122,134
122,133
122,132
122,131
122,130
122,129
122,128
122,127
122,126
122,125
122,124
122,123
122,122
122,121
122,120
122,119
122,118
122,117
122,116
122,115
122,114
122,113
122,112
122,111
122,110
122,109
122,108
122,107
122,106
122,105
122,104
122,103
122,102
122,101
122,100
122,99
122,98
122,97
122,96
122,95
122,94
122,93
122,92
122,91
122,90
122,89
122,88
122,87
122,86
122,85
122,84
122,83
122,82
122,81
122,80
122,79
122,78
122,77
122,76
122,75
122,74
122,73
122,72
122,71
122,70
122,69
122,68
122,67
122,66
122,65
122,64
122,63
122,62
122,61
122,60
122,59
122,58
122,57
122,56
122,55
122,54
122,47
122,46
122,45
122,44
122,43
122,42
122,41
122,40
122,39
122,38
122,37
122,36
122,35
122,34
122,33
122,32
122,31
122,30
122,29
122,28
122,27
123,182
123,181
123,180
123,179
123,178
123,177
123,176
123,175
123,174
123,173
123,172
123,171
123,170
123,169
123,168
123,167
123,166
123,165
123,164
123,163
123,162
123,161
123,160
123,159
123,158
123,157
123,156
123,155
123,154
123,153
123,152
123,151
123,150
123,149
123,148
123,147
123,146
123,145
123,144
123,143
123,142
123,141
123,140
123,139
123,138
123,137
123,136
123,135
123,134
123,133
123,132
123,131
123,130
123,129
123,128
123,127
123,126
123,125
123,124
123,123
123,122
123,121
123,120
123,119
123,118
123,117
123,116
123,115
123,114
123,113
123,112
123,111
123,110
123,109
123,108
123,107
123,106
123,105
123,104
123,103
123,102
123,101
123,100
123,99
123,98
123,97
123,96
123,95
123,94
123,93
123,92
123,91
123,90
123,89
123,88
123,87
123,86
123,85
123,84
123,83
123,82
123,81
123,80
123,79
123,78
123,77
123,76
123,75
123,74
123,73
123,72
123,71
123,70
123,69
123,68
123,67
123,66
123,65
123,64
123,63
123,62
123,61
123,60
123,59
123,58
123,57
123,56
123,55
123,54
123,53
123,46
123,45
123,44
123,43
123,42
123,41
123,40
123,39
123,38
123,37
123,36
123,35
123,34
123,33
123,32
123,31
123,30
123,29
124,183
124,182
124,181
124,180
124,179
124,178
124,177
124,176
124,175
124,174
124,173
124,172
124,171
124,170
124,169
124,168
124,167
124,166
124,165
124,164
124,163
124,162
124,161
124,160
124,159
124,158
124,157
124,156
124,155
124,154
124,153
124,152
124,151
124,150
124,149
124,148
124,147
124,146
124,145
124,144
124,143
124,142
124,141
124,140
124,139
124,138
124,137
124,136
124,135
124,134
124,133
124,132
124,131
124,130
124,129
124,128
124,127
124,126
124,125
124,124
124,123
124,122
124,121
124,120
124,119
124,118
124,117
124,116
124,115
124,114
124,113
124,112
124,111
124,110
124,109
124,108
124,107
124,106
124,105
124,104
124,103
124,102
124,101
124,100
124,99
124,98
124,97
124,96
124,95
124,94
124,93
124,92
124,91
124,90
124,89
124,88
124,87
124,86
124,85
124,84
124,83
124,82
124,81
124,80
124,79
124,78
124,77
124,76
124,75
124,74
124,73
124,72
124,71
124,70
124,69
124,68
124,67
124,66
124,65
124,64
124,63
124,62
124,61
124,60
124,59
124,58
124,57
124,56
124,55
124,54
124,53
124,44
124,43
124,42
124,41
124,40
124,39
124,38
124,37
124,36
124,35
124,34
124,33
125,184
125,183
125,182
125,181
125,180
125,179
125,178
125,177
125,176
125,175
125,174
125,173
125,172
125,171
125,170
125,169
125,168
125,167
125,166
125,165
125,164
125,163
125,162
125,161
125,160
125,159
125,158
125,157
125,156
125,155
125,154
125,153
125,152
125,151
125,150
125,149
125,148
125,147
125,146
125,145
125,144
125,143
125,142
125,141
125,140
125,139
125,138
125,137
125,136
125,135
125,134
125,133
125,132
125,131
125,130
125,129
125,128
125,127
125,126
125,125
125,124
125,123
125,122
125,121
125,120
125,119
125,118
125,117
125,116
125,115
125,114
125,113
125,112
125,111
125,110
125,109
125,108
125,107
125,106
125,105
125,104
125,103
125,102
125,101
125,100
125,99
125,98
125,97
125,96
125,95
125,94
125,93
125,92
125,91
125,90
125,89
125,88
125,87
125,86
125,85
125,84
125,83
125,82
125,81
125,80
125,79
125,78
125,77
125,76
125,75
125,74
125,73
125,72
125,71
125,70
125,69
125,68
125,67
125,66
125,65
125,64
125,63
125,62
125,61
125,60
125,59
125,58
125,57
125,56
125,55
125,54
125,53
125,52
125,41
125,40
125,39
126,185
126,184
126,183
126,182
126,181
126,180
126,179
126,178
126,177
126,176
126,175
126,174
126,173
126,172
126,171
126,170
126,169
126,168
126,167
126,166
126,165
126,164
126,163
126,162
126,161
126,160
126,159
126,158
126,157
126,156
126,155
126,154
126,153
126,152
126,151
126,150
126,149
126,148
126,147
126,146
126,145
126,144
126,143
126,142
126,141
126,140
126,139
126,138
126,137
126,136
126,135
126,134
126,133
126,132
126,131
126,130
126,129
126,128
126,127
126,126
126,125
126,124
126,123
126,122
126,121
126,120
126,119
126,118
126,117
126,116
126,115
126,114
126,113
126,112
126,111
126,110
126,109
126,108
126,107
126,106
126,105
126,104
126,103
126,102
126,101
126,100
126,99
126,98
126,97
126,96
126,95
126,94
126,93
126,92
126,91
126,90
126,89
126,88
126,87
126,86
126,85
126,84
126,83
126,82
126,81
126,80
126,79
126,78
126,77
126,76
126,75
126,74
126,73
126,72
126,71
126,70
126,69
126,68
126,67
126,66
126,65
126,64
126,63
126,62
126,61
126,60
126,59
126,58
126,57
126,56
126,55
126,54
126,53
126,52
127,185
127,184
127,183
127,182
127,181
127,180
127,179
127,178
127,177
127,176
127,175
127,174
127,173
127,172
127,171
127,170
127,169
127,168
127,167
127,166
127,165
127,164
127,163
127,162
127,161
127,160
127,159
127,158
127,157
127,156
127,155
127,154
127,153
127,152
127,151
127,150
127,149
127,148
127,147
127,146
127,145
127,144
127,143
127,142
127,141
127,140
127,139
127,138
127,137
127,136
127,135
127,134
127,133
127,132
127,131
127,130
127,129
127,128
127,127
127,126
127,125
127,124
127,123
127,122
127,121
127,120
127,119
127,118
127,117
127,116
127,115
127,114
127,113
127,112
127,111
127,110
127,109
127,108
127,107
127,106
127,105
127,104
127,103
127,102
127,101
127,100
127,99
127,98
127,97
127,96
127,95
127,94
127,93
127,92
127,91
127,90
127,89
127,88
127,87
127,86
127,85
127,84
127,83
127,82
127,81
127,80
127,79
127,78
127,77
127,76
127,75
127,74
127,73
127,72
127,71
127,70
127,69
127,68
127,67
127,66
127,65
127,64
127,63
127,62
127,61
127,60
127,59
127,58
127,57
127,56
127,55
127,54
127,53
127,52
128,186
128,185
128,184
128,183
128,182
128,181
128,180
128,179
128,178
128,177
128,176
128,175
128,174
128,173
128,172
128,171
128,170
128,169
128,168
128,167
128,166
128,165
128,164
128,163
128,162
128,161
128,160
128,159
128,158
128,157
128,156
128,155
128,154
128,153
128,152
128,151
128,150
128,149
128,148
128,147
128,146
128,145
128,144
128,143
128,142
128,141
128,140
128,139
128,138
128,137
128,136
128,135
128,134
128,133
128,132
128,131
128,130
128,129
128,128
128,127
128,126
128,125
128,124
128,123
128,122
128,121
128,120
128,119
128,118
128,117
128,116
128,115
128,114
128,113
128,112
128,111
128,110
128,109
128,108
128,107
128,106
128,105
128,104
128,103
128,102
128,101
128,100
128,99
128,98
128,97
128,96
128,95
128,94
128,93
128,92
128,91
128,90
128,89
128,88
128,87
128,86
128,85
128,84
128,83
128,82
128,81
128,80
128,79
128,78
128,77
128,76
128,75
128,74
128,73
128,72
128,71
128,70
128,69
128,68
128,67
128,66
128,65
128,64
128,63
128,62
128,61
128,60
128,59
128,58
128,57
128,56
128,55
128,54
128,53
128,52
129,187
129,186
129,185
129,184
129,183
129,182
129,181
129,180
129,179
129,178
129,177
129,176
129,175
129,174
129,173
129,172
129,171
129,170
129,169
129,168
129,167
129,166
129,165
129,164
129,163
129,162
129,161
129,160
129,159
129,158
129,157
129,156
129,155
129,154
129,153
129,152
129,151
129,150
129,149
129,148
129,147
129,146
129,145
129,144
129,143
129,142
129,141
129,140
129,139
129,138
129,137
129,136
129,135
129,134
129,133
129,132
129,131
129,130
129,129
129,128
129,127
129,126
129,125
129,124
129,123
129,122
129,121
129,120
129,119
129,118
129,117
129,116
129,115
129,114
129,113
129,112
129,111
129,110
129,109
129,108
129,107
129,106
129,105
129,104
129,103
129,102
129,101
129,100
129,99
129,98
129,97
129,96
129,95
129,94
129,93
129,92
129,91
129,90
129,89
129,88
129,87
129,86
129,85
129,84
129,83
129,82
129,81
129,80
129,79
129,78
129,77
129,76
129,75
129,74
129,73
129,72
129,71
129,70
129,69
129,68
129,67
129,66
129,65
129,64
129,63
129,62
129,61
129,60
129,59
129,58
129,57
129,56
129,55
129,54
129,53
129,52
130,188
130,187
130,186
130,185
130,184
130,183
130,182
130,181
130,180
130,179
130,178
130,177
130,176
130,175
130,174
130,173
130,172
130,171
130,170
130,169
130,168
130,167
130,166
130,165
130,164
130,163
130,162
130,161
130,160
130,159
130,158
130,157
130,156
130,155
130,154
130,153
130,152
130,151
130,150
130,149
130,148
130,147
130,146
130,145
130,144
130,143
130,142
130,141
130,140
130,139
130,138
130,137
130,136
130,135
130,134
130,133
130,132
130,131
130,130
130,129
130,128
130,127
130,126
130,125
130,124
130,123
130,122
130,121
130,120
130,119
130,118
130,117
130,116
130,115
130,114
130,113
130,112
130,111
130,110
130,109
130,108
130,107
130,106
130,105
130,104
130,103
130,102
130,101
130,100
130,99
130,98
130,97
130,96
130,95
130,94
130,93
130,92
130,91
130,90
130,89
130,88
130,87
130,86
130,85
130,84
130,83
130,82
130,81
130,80
130,79
130,78
130,77
130,76
130,75
130,74
130,73
130,72
130,71
130,70
130,69
130,68
130,67
130,66
130,65
130,64
130,63
130,62
130,61
130,60
130,59
130,58
130,57
130,56
130,55
130,54
130,53
130,52
130,51
131,188
131,187
131,186
131,185
131,184
131,183
131,182
131,181
131,180
131,179
131,178
131,177
131,176
131,175
131,174
131,173
131,172
131,171
131,170
131,169
131,168
131,167
131,166
131,165
131,164
131,163
131,162
131,161
131,160
131,159
131,158
131,157
131,156
131,155
131,154
131,153
131,152
131,151
131,150
131,149
131,148
131,147
131,146
131,145
131,144
131,143
131,142
131,141
131,140
131,139
131,138
131,137
131,136
131,135
131,134
131,133
131,132
131,131
131,130
131,129
131,128
131,127
131,126
131,125
131,124
131,123
131,122
131,121
131,120
131,119
131,118
131,117
131,116
131,115
131,114
131,113
131,112
131,111
131,110
131,109
131,108
131,107
131,106
131,105
131,104
131,103
131,102
131,101
131,100
131,99
131,98
131,97
131,96
131,95
131,94
131,93
131,92
131,91
131,90
131,89
131,88
131,87
131,86
131,85
131,84
131,83
131,82
131,81
131,80
131,79
131,78
131,77
131,76
131,75
131,74
131,73
131,72
131,71
131,70
131,69
131,68
131,67
131,66
131,65
131,64
131,63
131,62
131,61
131,60
131,59
131,58
131,57
131,56
131,55
131,54
131,53
131,52
131,51
132,189
132,188
132,187
132,186
132,185
132,184
132,183
132,182
132,181
132,180
132,179
132,178
132,177
132,176
132,175
132,174
132,173
132,172
132,171
132,170
132,169
132,168
132,167
132,166
132,165
132,164
132,163
132,162
132,161
132,160
132,159
132,158
132,157
132,156
132,155
132,154
132,153
132,152
132,151
132,150
132,149
132,148
132,147
132,146
132,145
132,144
132,143
132,142
132,141
132,140
132,139
132,138
132,137
132,136
132,135
132,134
132,133
132,132
132,131
132,130
132,129
132,128
132,127
132,126
132,125
132,124
132,123
132,122
132,121
132,120
132,119
132,118
132,117
132,116
132,115
132,114
132,113
132,112
132,111
132,110
132,109
132,108
132,107
132,106
132,105
132,104
132,103
132,102
132,101
132,100
132,99
132,98
132,97
132,96
132,95
132,94
132,93
132,92
132,91
132,90
132,89
132,88
132,87
132,86
132,85
132,84
132,83
132,82
132,81
132,80
132,79
132,78
132,77
132,76
132,75
132,74
132,73
132,72
132,71
132,70
132,69
132,68
132,67
132,66
132,65
132,64
132,63
132,62
132,61
132,60
132,59
132,58
132,57
132,56
132,55
132,54
132,53
132,52
132,51
133,189
133,188
133,187
133,186
133,185
133,184
133,183
133,182
133,181
133,180
133,179
133,178
133,177
133,176
133,175
133,174
133,173
133,172
133,171
133,170
133,169
133,168
133,167
133,166
133,165
133,164
133,163
133,162
133,161
133,160
133,159
133,158
133,157
133,156
133,155
133,154
133,153
133,152
133,151
133,150
133,149
133,148
133,147
133,146
133,145
133,144
133,143
133,142
133,141
133,140
133,139
133,138
133,137
133,136
133,135
133,134
133,133
133,132
133,131
133,130
133,129
133,128
133,127
133,126
133,125
133,124
133,123
133,122
133,121
133,120
133,119
133,118
133,117
133,116
133,115
133,114
133,113
133,112
133,111
133,110
133,109
133,108
133,107
133,106
133,105
133,104
133,103
133,102
133,101
133,100
133,99
133,98
133,97
133,96
133,95
133,94
133,93
133,92
133,91
133,90
133,89
133,88
133,87
133,86
133,85
133,84
133,83
133,82
133,81
133,80
133,79
133,78
133,77
133,76
133,75
133,74
133,73
133,72
133,71
133,70
133,69
133,68
133,67
133,66
133,65
133,64
133,63
133,62
133,61
133,60
133,59
133,58
133,57
133,56
133,55
133,54
133,53
133,52
134,190
134,189
134,188
134,187
134,186
134,185
134,184
134,183
134,182
134,181
134,180
134,179
134,178
134,177
134,176
134,175
134,174
134,173
134,172
134,171
134,170
134,169
134,168
134,167
134,166
134,165
134,164
134,163
134,162
134,161
134,160
134,159
134,158
134,157
134,156
134,155
134,154
134,153
134,152
134,151
134,150
134,149
134,148
134,147
134,146
134,145
134,144
134,143
134,142
134,141
134,140
134,139
134,138
134,137
134,136
134,135
134,134
134,133
134,132
134,131
134,130
134,129
134,128
134,127
134,126
134,125
134,124
134,123
134,122
134,121
134,120
134,119
134,118
134,117
134,116
134,115
134,114
134,113
134,112
134,111
134,110
134,109
134,108
134,107
134,106
134,105
134,104
134,103
134,102
134,101
134,100
134,99
134,98
134,97
134,96
134,95
134,94
134,93
134,92
134,91
134,90
134,89
134,88
134,87
134,86
134,85
134,84
134,83
134,82
134,81
134,80
134,79
134,78
134,77
134,76
134,75
134,74
134,73
134,72
134,71
134,70
134,69
134,68
134,67
134,66
134,65
134,64
134,63
134,62
134,61
134,60
134,59
134,58
134,57
134,56
134,55
134,54
134,53
134,52
135,190
135,189
135,188
135,187
135,186
135,185
135,184
135,183
135,182
135,181
135,180
135,179
135,178
135,177
135,176
135,175
135,174
135,173
135,172
135,171
135,170
135,169
135,168
135,167
135,166
135,165
135,164
135,163
135,162
135,161
135,160
135,159
135,158
135,157
135,156
135,155
135,154
135,153
135,152
135,151
135,150
135,149
135,148
135,147
135,146
135,145
135,144
135,143
135,142
135,141
135,140
135,139
135,138
135,137
135,136
135,135
135,134
135,133
135,132
135,131
135,130
135,129
135,128
135,127
135,126
135,125
135,124
135,123
135,122
135,121
135,120
135,119
135,118
135,117
135,116
135,115
135,114
135,113
135,112
135,111
135,110
135,109
135,108
135,107
135,106
135,105
135,104
135,103
135,102
135,101
135,100
135,99
135,98
135,97
135,96
135,95
135,94
135,93
135,92
135,91
135,90
135,89
135,88
135,87
135,86
135,85
135,84
135,83
135,82
135,81
135,80
135,79
135,78
135,77
135,76
135,75
135,74
135,73
135,72
135,71
135,70
135,69
135,68
135,67
135,66
135,65
135,64
135,63
135,62
135,61
135,60
135,59
135,58
135,57
135,56
135,55
135,54
135,53
135,52
136,190
136,189
136,188
136,187
136,186
136,185
136,184
136,183
136,182
136,181
136,180
136,179
136,178
136,177
136,176
136,175
136,174
136,173
136,172
136,171
136,170
136,169
136,168
136,167
136,166
136,165
136,164
136,163
136,162
136,161
136,160
136,159
136,158
136,157
136,156
136,155
136,154
136,153
136,152
136,151
136,150
136,149
136,148
136,147
136,146
136,145
136,144
136,143
136,142
136,141
136,140
136,139
136,138
136,137
136,136
136,135
136,134
136,133
136,132
136,131
136,130
136,129
136,128
136,127
136,126
136,125
136,124
136,123
136,122
136,121
136,120
136,119
136,118
136,117
136,116
136,115
136,114
136,113
136,112
136,111
136,110
136,109
136,108
136,107
136,106
136,105
136,104
136,103
136,102
136,101
136,100
136,99
136,98
136,97
136,96
136,95
136,94
136,93
136,92
136,91
136,90
136,89
136,88
136,87
136,86
136,85
136,84
136,83
136,82
136,81
136,80
136,79
136,78
136,77
136,76
136,75
136,74
136,73
136,72
136,71
136,70
136,69
136,68
136,67
136,66
136,65
136,64
136,63
136,62
136,61
136,60
136,59
136,58
136,57
136,56
136,55
136,54
136,53
136,52
137,191
137,190
137,189
137,188
137,187
137,186
137,185
137,184
137,183
137,182
137,181
137,180
137,179
137,178
137,177
137,176
137,175
137,174
137,173
137,172
137,171
137,170
137,169
137,168
137,167
137,166
137,165
137,164
137,163
137,162
137,161
137,160
137,159
137,158
137,157
137,156
137,155
137,154
137,153
137,152
137,151
137,150
137,149
137,148
137,147
137,146
137,145
137,144
137,143
137,142
137,141
137,140
137,139
137,138
137,137
137,136
137,135
137,134
137,133
137,132
137,131
137,130
137,129
137,128
137,127
137,126
137,125
137,124
137,123
137,122
137,121
137,120
137,119
137,118
137,117
137,116
137,115
137,114
137,113
137,112
137,111
137,110
137,109
137,108
137,107
137,106
137,105
137,104
137,103
137,102
137,101
137,100
137,99
137,98
137,97
137,96
137,95
137,94
137,93
137,92
137,91
137,90
137,89
137,88
137,87
137,86
137,85
137,84
137,83
137,82
137,81
137,80
137,79
137,78
137,77
137,76
137,75
137,74
137,73
137,72
137,71
137,70
137,69
137,68
137,67
137,66
137,65
137,64
137,63
137,62
137,61
137,60
137,59
137,58
137,57
137,56
137,55
137,54
137,53
138,191
138,190
138,189
138,188
138,187
138,186
138,185
138,184
138,183
138,182
138,181
138,180
138,179
138,178
138,177
138,176
138,175
138,174
138,173
138,172
138,171
138,170
138,169
138,168
138,167
138,166
138,165
138,164
138,163
138,162
138,161
138,160
138,159
138,158
138,157
138,156
138,155
138,154
138,153
138,152
138,151
138,150
138,149
138,148
138,147
138,146
138,145
138,144
138,143
138,142
138,141
138,140
138,139
138,138
138,137
138,136
138,135
138,134
138,133
138,132
138,131
138,130
138,129
138,128
138,127
138,126
138,125
138,124
138,123
138,122
138,121
138,120
138,119
138,118
138,117
138,116
138,115
138,114
138,113
138,112
138,111
138,110
138,109
138,108
138,107
138,106
138,105
138,104
138,103
138,102
138,101
138,100
138,99
138,98
138,97
138,96
138,95
138,94
138,93
138,92
138,91
138,90
138,89
138,88
138,87
138,86
138,85
138,84
138,83
138,82
138,81
138,80
138,79
138,78
138,77
138,76
138,75
138,74
138,73
138,72
138,71
138,70
138,69
138,68
138,67
138,66
138,65
138,64
138,63
138,62
138,61
138,60
138,59
138,58
138,57
138,56
138,55
138,54
138,53
139,191
139,190
139,189
139,188
139,187
139,186
139,185
139,184
139,183
139,182
139,181
139,180
139,179
139,178
139,177
139,176
139,175
139,174
139,173
139,172
139,171
139,170
139,169
139,168
139,167
139,166
139,165
139,164
139,163
139,162
139,161
139,160
139,159
139,158
139,157
139,156
139,155
139,154
139,153
139,152
139,151
139,150
139,149
139,148
139,147
139,146
139,145
139,144
139,143
139,142
139,141
139,140
139,139
139,138
139,137
139,136
139,135
139,134
139,133
139,132
139,131
139,130
139,129
139,128
139,127
139,126
139,125
139,124
139,123
139,122
139,121
139,120
139,119
139,118
139,117
139,116
139,115
139,114
139,113
139,112
139,111
139,110
139,109
139,108
139,107
139,106
139,105
139,104
139,103
139,102
139,101
139,100
139,99
139,98
139,97
139,96
139,95
139,94
139,93
139,92
139,91
139,90
139,89
139,88
139,87
139,86
139,85
139,84
139,83
139,82
139,81
139,80
139,79
139,78
139,77
139,76
139,75
139,74
139,73
139,72
139,71
139,70
139,69
139,68
139,67
139,66
139,65
139,64
139,63
139,62
139,61
139,60
139,59
139,58
139,57
139,56
139,55
139,54
139,53
140,192
140,191
140,190
140,189
140,188
140,187
140,186
140,185
140,184
140,183
140,182
140,181
140,180
140,179
140,178
140,177
140,176
140,175
140,174
140,173
140,172
140,171
140,170
140,169
140,168
140,167
140,166
140,165
140,164
140,163
140,162
140,161
140,160
140,159
140,158
140,157
140,156
140,155
140,154
140,153
140,152
140,151
140,150
140,149
140,148
140,147
140,146
140,145
140,144
140,143
140,142
140,141
140,140
140,139
140,138
140,137
140,136
140,135
140,134
140,133
140,132
140,131
140,130
140,129
140,128
140,127
140,126
140,125
140,124
140,123
140,122
140,121
140,120
140,119
140,118
140,117
140,116
140,115
140,114
140,113
140,112
140,111
140,110
140,109
140,108
140,107
140,106
140,105
140,104
140,103
140,102
140,101
140,100
140,99
140,98
140,97
140,96
140,95
140,94
140,93
140,92
140,91
140,90
140,89
140,88
140,87
140,86
140,85
140,84
140,83
140,82
140,81
140,80
140,79
140,78
140,77
140,76
140,75
140,74
140,73
140,72
140,71
140,70
140,69
140,68
140,67
140,66
140,65
140,64
140,63
140,62
140,61
140,60
140,59
140,58
140,57
140,56
140,55
140,54
140,53
141,192
141,191
141,190
141,189
141,188
141,187
141,186
141,185
141,184
141,183
141,182
141,181
141,180
141,179
141,178
141,177
141,176
141,175
141,174
141,173
141,172
141,171
141,170
141,169
141,168
141,167
141,166
141,165
141,164
141,163
141,162
141,161
141,160
141,159
141,158
141,157
141,156
141,155
141,154
141,153
141,152
141,151
141,150
141,149
141,148
141,147
141,146
141,145
141,144
141,143
141,142
141,141
141,140
141,139
141,138
141,137
141,136
141,135
141,134
141,133
141,132
141,131
141,130
141,129
141,128
141,127
141,126
141,125
141,124
141,123
141,122
141,121
141,120
141,119
141,118
141,117
141,116
141,115
141,114
141,113
141,112
141,111
141,110
141,109
141,108
141,107
141,106
141,105
141,104
141,103
141,102
141,101
141,100
141,99
141,98
141,97
141,96
141,95
141,94
141,93
141,92
141,91
141,90
141,89
141,88
141,87
141,86
141,85
141,84
141,83
141,82
141,81
141,80
141,79
141,78
141,77
141,76
141,75
141,74
141,73
141,72
141,71
141,70
141,69
141,68
141,67
141,66
141,65
141,64
141,63
141,62
141,61
141,60
141,59
141,58
141,57
141,56
141,55
141,54
141,53
142,193
142,192
142,191
142,190
142,189
142,188
142,187
142,186
142,185
142,184
142,183
142,182
142,181
142,180
142,179
142,178
142,177
142,176
142,175
142,174
142,173
142,172
142,171
142,170
142,169
142,168
142,167
142,166
142,165
142,164
142,163
142,162
142,161
142,160
142,159
142,158
142,157
142,156
142,155
142,154
142,153
142,152
142,151
142,150
142,149
142,148
142,147
142,146
142,145
142,144
142,143
142,142
142,141
142,140
142,139
142,138
142,137
142,136
142,135
142,134
142,133
142,132
142,131
142,130
142,129
142,128
142,127
142,126
142,125
142,124
142,123
142,122
142,121
142,120
142,119
142,118
142,117
142,116
142,115
142,114
142,113
142,112
142,111
142,110
142,109
142,108
142,107
142,106
142,105
142,104
142,103
142,102
142,101
142,100
142,99
142,98
142,97
142,96
142,95
142,94
142,93
142,92
142,91
142,90
142,89
142,88
142,87
142,86
142,85
142,84
142,83
142,82
142,81
142,80
142,79
142,78
142,77
142,76
142,75
142,74
142,73
142,72
142,71
142,70
142,69
142,68
142,67
142,66
142,65
142,64
142,63
142,62
142,61
142,60
142,59
142,58
142,57
142,56
142,55
142,54
142,53
143,193
143,192
143,191
143,190
143,189
143,188
143,187
143,186
143,185
143,184
143,183
143,182
143,181
143,180
143,179
143,178
143,177
143,176
143,175
143,174
143,173
143,172
143,171
143,170
143,169
143,168
143,167
143,166
143,165
143,164
143,163
143,162
143,161
143,160
143,159
143,158
143,157
143,156
143,155
143,154
143,153
143,152
143,151
143,150
143,149
143,148
143,147
143,146
143,145
143,144
143,143
143,142
143,141
143,140
143,139
143,138
143,137
143,136
143,135
143,134
143,133
143,132
143,131
143,130
143,129
143,128
143,127
143,126
143,125
143,124
143,123
143,122
143,121
143,120
143,119
143,118
143,117
143,116
143,115
143,114
143,113
143,112
143,111
143,110
143,109
143,108
143,107
143,106
143,105
143,104
143,103
143,102
143,101
143,100
143,99
143,98
143,97
143,96
143,95
143,94
143,93
143,92
143,91
143,90
143,89
143,88
143,87
143,86
143,85
143,84
143,83
143,82
143,81
143,80
143,79
143,78
143,77
143,76
143,75
143,74
143,73
143,72
143,71
143,70
143,69
143,68
143,67
143,66
143,65
143,64
143,63
143,62
143,61
143,60
143,59
143,58
143,57
143,56
143,55
143,54
143,53
144,193
144,192
144,191
144,190
144,189
144,188
144,187
144,186
144,185
144,184
144,183
144,182
144,181
144,180
144,179
144,178
144,177
144,176
144,175
144,174
144,173
144,172
144,171
144,170
144,169
144,168
144,167
144,166
144,165
144,164
144,163
144,162
144,161
144,160
144,159
144,158
144,157
144,156
144,155
144,154
144,153
144,152
144,151
144,150
144,149
144,148
144,147
144,146
144,145
144,144
144,143
144,142
144,141
144,140
144,139
144,138
144,137
144,136
144,135
144,134
144,133
144,132
144,131
144,130
144,129
144,128
144,127
144,126
144,125
144,124
144,123
144,122
144,121
144,120
144,119
144,118
144,117
144,116
144,115
144,114
144,113
144,112
144,111
144,110
144,109
144,108
144,107
144,106
144,105
144,104
144,103
144,102
144,101
144,100
144,99
144,98
144,97
144,96
144,95
144,94
144,93
144,92
144,91
144,90
144,89
144,88
144,87
144,86
144,85
144,84
144,83
144,82
144,81
144,80
144,79
144,78
144,77
144,76
144,75
144,74
144,73
144,72
144,71
144,70
144,69
144,68
144,67
144,66
144,65
144,64
144,63
144,62
144,61
144,60
144,59
144,58
144,57
144,56
144,55
144,54
144,53
145,193
145,192
145,191
145,190
145,189
145,188
145,187
145,186
145,185
145,184
145,183
145,182
145,181
145,180
145,179
145,178
145,177
145,176
145,175
145,174
145,173
145,172
145,171
145,170
145,169
145,168
145,167
145,166
145,165
145,164
145,163
145,162
145,161
145,160
145,159
145,158
145,157
145,156
145,155
145,154
145,153
145,152
145,151
145,150
145,149
145,148
145,147
145,146
145,145
145,144
145,143
145,142
145,141
145,140
145,139
145,138
145,137
145,136
145,135
145,134
145,133
145,132
145,131
145,130
145,129
145,128
145,127
145,126
145,125
145,124
145,123
145,122
145,121
145,120
145,119
145,118
145,117
145,116
145,115
145,114
145,113
145,112
145,111
145,110
145,109
145,108
145,107
145,106
145,105
145,104
145,103
145,102
145,101
145,100
145,99
145,98
145,97
145,96
145,95
145,94
145,93
145,92
145,91
145,90
145,89
145,88
145,87
145,86
145,85
145,84
145,83
145,82
145,81
145,80
145,79
145,78
145,77
145,76
145,75
145,74
145,73
145,72
145,71
145,70
145,69
145,68
145,67
145,66
145,65
145,64
145,63
145,62
145,61
145,60
145,59
145,58
145,57
145,56
145,55
145,54
146,192
146,191
146,190
146,189
146,188
146,187
146,186
146,185
146,184
146,183
146,182
146,181
146,180
146,179
146,178
146,177
146,176
146,175
146,174
146,173
146,172
146,171
146,170
146,169
146,168
146,167
146,166
146,165
146,164
146,163
146,162
146,161
146,160
146,159
146,158
146,157
146,156
146,155
146,154
146,153
146,152
146,151
146,150
146,149
146,148
146,147
146,146
146,145
146,144
146,143
146,142
146,141
146,140
146,139
146,138
146,137
146,136
146,135
146,134
146,133
146,132
146,131
146,130
146,129
146,128
146,127
146,126
146,125
146,124
146,123
146,122
146,121
146,120
146,119
146,118
146,117
146,116
146,115
146,114
146,113
146,112
146,111
146,110
146,109
146,108
146,107
146,106
146,105
146,104
146,103
146,102
146,101
146,100
146,99
146,98
146,97
146,96
146,95
146,94
146,93
146,92
146,91
146,90
146,89
146,88
146,87
146,86
146,85
146,84
146,83
146,82
146,81
146,80
146,79
146,78
146,77
146,76
146,75
146,74
146,73
146,72
146,71
146,70
146,69
146,68
146,67
146,66
146,65
146,64
146,63
146,62
146,61
146,60
146,59
146,58
146,57
146,56
146,55
146,54
147,192
147,191
147,190
147,189
147,188
147,187
147,186
147,185
147,184
147,183
147,182
147,181
147,180
147,179
147,178
147,177
147,176
147,175
147,174
147,173
147,172
147,171
147,170
147,169
147,168
147,167
147,166
147,165
147,164
147,163
147,162
147,161
147,160
147,159
147,158
147,157
147,156
147,155
147,154
147,153
147,152
147,151
147,150
147,149
147,148
147,147
147,146
147,145
147,144
147,143
147,142
147,141
147,140
147,139
147,138
147,137
147,136
147,135
147,134
147,133
147,132
147,131
147,130
147,129
147,128
147,127
147,126
147,125
147,124
147,123
147,122
147,121
147,120
147,119
147,118
147,117
147,116
147,115
147,114
147,113
147,112
147,111
147,110
147,109
147,108
147,107
147,106
147,105
147,104
147,103
147,102
147,101
147,100
147,99
147,98
147,97
147,96
147,95
147,94
147,93
147,92
147,91
147,90
147,89
147,88
147,87
147,86
147,85
147,84
147,83
147,82
147,81
147,80
147,79
147,78
147,77
147,76
147,75
147,74
147,73
147,72
147,71
147,70
147,69
147,68
147,67
147,66
147,65
147,64
147,63
147,62
147,61
147,60
147,59
147,58
147,57
147,56
147,55
147,54
148,192
148,191
148,190
148,189
148,188
148,187
148,186
148,185
148,184
148,183
148,182
148,181
148,180
148,179
148,178
148,177
148,176
148,175
148,174
148,173
148,172
148,171
148,170
148,169
148,168
148,167
148,166
148,165
148,164
148,163
148,162
148,161
148,160
148,159
148,158
148,157
148,156
148,155
148,154
148,153
148,152
148,151
148,150
148,149
148,148
148,147
148,146
148,145
148,144
148,143
148,142
148,141
148,140
148,139
148,138
148,137
148,136
148,135
148,134
148,133
148,132
148,131
148,130
148,129
148,128
148,127
148,126
148,125
148,124
148,123
148,122
148,121
148,120
148,119
148,118
148,117
148,116
148,115
148,114
148,113
148,112
148,111
148,110
148,109
148,108
148,107
148,106
148,105
148,104
148,103
148,102
148,101
148,100
148,99
148,98
148,97
148,96
148,95
148,94
148,93
148,92
148,91
148,90
148,89
148,88
148,87
148,86
148,85
148,84
148,83
148,82
148,81
148,80
148,79
148,78
148,77
148,76
148,75
148,74
148,73
148,72
148,71
148,70
148,69
148,68
148,67
148,66
148,65
148,64
148,63
148,62
148,61
148,60
148,59
148,58
148,57
148,56
148,55
148,54
149,192
149,191
149,190
149,189
149,188
149,187
149,186
149,185
149,184
149,183
149,182
149,181
149,180
149,179
149,178
149,177
149,176
149,175
149,174
149,173
149,172
149,171
149,170
149,169
149,168
149,167
149,166
149,165
149,164
149,163
149,162
149,161
149,160
149,159
149,158
149,157
149,156
149,155
149,154
149,153
149,152
149,151
149,150
149,149
149,148
149,147
149,146
149,145
149,144
149,143
149,142
149,141
149,140
149,139
149,138
149,137
149,136
149,135
149,134
149,133
149,132
149,131
149,130
149,129
149,128
149,127
149,126
149,125
149,124
149,123
149,122
149,121
149,120
149,119
149,118
149,117
149,116
149,115
149,114
149,113
149,112
149,111
149,110
149,109
149,108
149,107
149,106
149,105
149,104
149,103
149,102
149,101
149,100
149,99
149,98
149,97
149,96
149,95
149,94
149,93
149,92
149,91
149,90
149,89
149,88
149,87
149,86
149,85
149,84
149,83
149,82
149,81
149,80
149,79
149,78
149,77
149,76
149,75
149,74
149,73
149,72
149,71
149,70
149,69
149,68
149,67
149,66
149,65
149,64
149,63
149,62
149,61
149,60
149,59
149,58
149,57
149,56
149,55
149,54
150,192
150,191
150,190
150,189
150,188
150,187
150,186
150,185
150,184
150,183
150,182
150,181
150,180
150,179
150,178
150,177
150,176
150,175
150,174
150,173
150,172
150,171
150,170
150,169
150,168
150,167
150,166
150,165
150,164
150,163
150,162
150,161
150,160
150,159
150,158
150,157
150,156
150,155
150,154
150,153
150,152
150,151
150,150
150,149
150,148
150,147
150,146
150,145
150,144
150,143
150,142
150,141
150,140
150,139
150,138
150,137
150,136
150,135
150,134
150,133
150,132
150,131
150,130
150,129
150,128
150,127
150,126
150,125
150,124
150,123
150,122
150,121
150,120
150,119
150,118
150,117
150,116
150,115
150,114
150,113
150,112
150,111
150,110
150,109
150,108
150,107
150,106
150,105
150,104
150,103
150,102
150,101
150,100
150,99
150,98
150,97
150,96
150,95
150,94
150,93
150,92
150,91
150,90
150,89
150,88
150,87
150,86
150,85
150,84
150,83
150,82
150,81
150,80
150,79
150,78
150,77
150,76
150,75
150,74
150,73
150,72
150,71
150,70
150,69
150,68
150,67
150,66
150,65
150,64
150,63
150,62
150,61
150,60
150,59
150,58
150,57
150,56
150,55
150,54
151,192
151,191
151,190
151,189
151,188
151,187
151,186
151,185
151,184
151,183
151,182
151,181
151,180
151,179
151,178
151,177
151,176
151,175
151,174
151,173
151,172
151,171
151,170
151,169
151,168
151,167
151,166
151,165
151,164
151,163
151,162
151,161
151,160
151,159
151,158
151,157
151,156
151,155
151,154
151,153
151,152
151,151
151,150
151,149
151,148
151,147
151,146
151,145
151,144
151,143
151,142
151,141
151,140
151,139
151,138
151,137
151,136
151,135
151,134
151,133
151,132
151,131
151,130
151,129
151,128
151,127
151,126
151,125
151,124
151,123
151,122
151,121
151,120
151,119
151,118
151,117
151,116
151,115
151,114
151,113
151,112
151,111
151,110
151,109
151,108
151,107
151,106
151,105
151,104
151,103
151,102
151,101
151,100
151,99
151,98
151,97
151,96
151,95
151,94
151,93
151,92
151,91
151,90
151,89
151,88
151,87
151,86
151,85
151,84
151,83
151,82
151,81
151,80
151,79
151,78
151,77
151,76
151,75
151,74
151,73
151,72
151,71
151,70
151,69
151,68
151,67
151,66
151,65
151,64
151,63
151,62
151,61
151,60
151,59
151,58
151,57
151,56
151,55
151,54
151,53
152,191
152,190
152,189
152,188
152,187
152,186
152,185
152,184
152,183
152,182
152,181
152,180
152,179
152,178
152,177
152,176
152,175
152,174
152,173
152,172
152,171
152,170
152,169
152,168
152,167
152,166
152,165
152,164
152,163
152,162
152,161
152,160
152,159
152,158
152,157
152,156
152,155
152,154
152,153
152,152
152,151
152,150
152,149
152,148
152,147
152,146
152,145
152,144
152,143
152,142
152,141
152,140
152,139
152,138
152,137
152,136
152,135
152,134
152,133
152,132
152,131
152,130
152,129
152,128
152,127
152,126
152,125
152,124
152,123
152,122
152,121
152,120
152,119
152,118
152,117
152,116
152,115
152,114
152,113
152,112
152,111
152,110
152,109
152,108
152,107
152,106
152,105
152,104
152,103
152,102
152,101
152,100
152,99
152,98
152,97
152,96
152,95
152,94
152,93
152,92
152,91
152,90
152,89
152,88
152,87
152,86
152,85
152,84
152,83
152,82
152,81
152,80
152,79
152,78
152,77
152,76
152,75
152,74
152,73
152,72
152,71
152,70
152,69
152,68
152,67
152,66
152,65
152,64
152,63
152,62
152,61
152,60
152,59
152,58
152,57
152,56
152,55
152,54
152,53
153,191
153,190
153,189
153,188
153,187
153,186
153,185
153,184
153,183
153,182
153,181
153,180
153,179
153,178
153,177
153,176
153,175
153,174
153,173
153,172
153,171
153,170
153,169
153,168
153,167
153,166
153,165
153,164
153,163
153,162
153,161
153,160
153,159
153,158
153,157
153,156
153,155
153,154
153,153
153,152
153,151
153,150
153,149
153,148
153,147
153,146
153,145
153,144
153,143
153,142
153,141
153,140
153,139
153,138
153,137
153,136
153,135
153,134
153,133
153,132
153,131
153,130
153,129
153,128
153,127
153,126
153,125
153,124
153,123
153,122
153,121
153,120
153,119
153,118
153,117
153,116
153,115
153,114
153,113
153,112
153,111
153,110
153,109
153,108
153,107
153,106
153,105
153,104
153,103
153,102
153,101
153,100
153,99
153,98
153,97
153,96
153,95
153,94
153,93
153,92
153,91
153,90
153,89
153,88
153,87
153,86
153,85
153,84
153,83
153,82
153,81
153,80
153,79
153,78
153,77
153,76
153,75
153,74
153,73
153,72
153,71
153,70
153,69
153,68
153,67
153,66
153,65
153,64
153,63
153,62
153,61
153,60
153,59
153,58
153,57
153,56
153,55
153,54
153,53
154,192
154,191
154,190
154,189
154,188
154,187
154,186
154,185
154,184
154,183
154,182
154,181
154,180
154,179
154,178
154,177
154,176
154,175
154,174
154,173
154,172
154,171
154,170
154,169
154,168
154,167
154,166
154,165
154,164
154,163
154,162
154,161
154,160
154,159
154,158
154,157
154,156
154,155
154,154
154,153
154,152
154,151
154,150
154,149
154,148
154,147
154,146
154,145
154,144
154,143
154,142
154,141
154,140
154,139
154,138
154,137
154,136
154,135
154,134
154,133
154,132
154,131
154,130
154,129
154,128
154,127
154,126
154,125
154,124
154,123
154,122
154,121
154,120
154,119
154,118
154,117
154,116
154,115
154,114
154,113
154,112
154,111
154,110
154,109
154,108
154,107
154,106
154,105
154,104
154,103
154,102
154,101
154,100
154,99
154,98
154,97
154,96
154,95
154,94
154,93
154,92
154,91
154,90
154,89
154,88
154,87
154,86
154,85
154,84
154,83
154,82
154,81
154,80
154,79
154,78
154,77
154,76
154,75
154,74
154,73
154,72
154,71
154,70
154,69
154,68
154,67
154,66
154,65
154,64
154,63
154,62
154,61
154,60
154,59
154,58
154,57
154,56
154,55
154,54
154,53
155,192
155,191
155,190
155,189
155,188
155,187
155,186
155,185
155,184
155,183
155,182
155,181
155,180
155,179
155,178
155,177
155,176
155,175
155,174
155,173
155,172
155,171
155,170
155,169
155,168
155,167
155,166
155,165
155,164
155,163
155,162
155,161
155,160
155,159
155,158
155,157
155,156
155,155
155,154
155,153
155,152
155,151
155,150
155,149
155,148
155,147
155,146
155,145
155,144
155,143
155,142
155,141
155,140
155,139
155,138
155,137
155,136
155,135
155,134
155,133
155,132
155,131
155,130
155,129
155,128
155,127
155,126
155,125
155,124
155,123
155,122
155,121
155,120
155,119
155,118
155,117
155,116
155,115
155,114
155,113
155,112
155,111
155,110
155,109
155,108
155,107
155,106
155,105
155,104
155,103
155,102
155,101
155,100
155,99
155,98
155,97
155,96
155,95
155,94
155,93
155,92
155,91
155,90
155,89
155,88
155,87
155,86
155,85
155,84
155,83
155,82
155,81
155,80
155,79
155,78
155,77
155,76
155,75
155,74
155,73
155,72
155,71
155,70
155,69
155,68
155,67
155,66
155,65
155,64
155,63
155,62
155,61
155,60
155,59
155,58
155,57
155,56
155,55
155,54
155,53
156,192
156,191
156,190
156,189
156,188
156,187
156,186
156,185
156,184
156,183
156,182
156,181
156,180
156,179
156,178
156,177
156,176
156,175
156,174
156,173
156,172
156,171
156,170
156,169
156,168
156,167
156,166
156,165
156,164
156,163
156,162
156,161
156,160
156,159
156,158
156,157
156,156
156,155
156,154
156,153
156,152
156,151
156,150
156,149
156,148
156,147
156,146
156,145
156,144
156,143
156,142
156,141
156,140
156,139
156,138
156,137
156,136
156,135
156,134
156,133
156,132
156,131
156,130
156,129
156,128
156,127
156,126
156,125
156,124
156,123
156,122
156,121
156,120
156,119
156,118
156,117
156,116
156,115
156,114
156,113
156,112
156,111
156,110
156,109
156,108
156,107
156,106
156,105
156,104
156,103
156,102
156,101
156,100
156,99
156,98
156,97
156,96
156,95
156,94
156,93
156,92
156,91
156,90
156,89
156,88
156,87
156,86
156,85
156,84
156,83
156,82
156,81
156,80
156,79
156,78
156,77
156,76
156,75
156,74
156,73
156,72
156,71
156,70
156,69
156,68
156,67
156,66
156,65
156,64
156,63
156,62
156,61
156,60
156,59
156,58
156,57
156,56
156,55
156,54
156,53
157,192
157,191
157,190
157,189
157,188
157,187
157,186
157,185
157,184
157,183
157,182
157,181
157,180
157,179
157,178
157,177
157,176
157,175
157,174
157,173
157,172
157,171
157,170
157,169
157,168
157,167
157,166
157,165
157,164
157,163
157,162
157,161
157,160
157,159
157,158
157,157
157,156
157,155
157,154
157,153
157,152
157,151
157,150
157,149
157,148
157,147
157,146
157,145
157,144
157,143
157,142
157,141
157,140
157,139
157,138
157,137
157,136
157,135
157,134
157,133
157,132
157,131
157,130
157,129
157,128
157,127
157,126
157,125
157,124
157,123
157,122
157,121
157,120
157,119
157,118
157,117
157,116
157,115
157,114
157,113
157,112
157,111
157,110
157,109
157,108
157,107
157,106
157,105
157,104
157,103
157,102
157,101
157,100
157,99
157,98
157,97
157,96
157,95
157,94
157,93
157,92
157,91
157,90
157,89
157,88
157,87
157,86
157,85
157,84
157,83
157,82
157,81
157,80
157,79
157,78
157,77
157,76
157,75
157,74
157,73
157,72
157,71
157,70
157,69
157,68
157,67
157,66
157,65
157,64
157,63
157,62
157,61
157,60
157,59
157,58
157,57
157,56
157,55
157,54
157,53
158,192
158,191
158,190
158,189
158,188
158,187
158,186
158,185
158,184
158,183
158,182
158,181
158,180
158,179
158,178
158,177
158,176
158,175
158,174
158,173
158,172
158,171
158,170
158,169
158,168
158,167
158,166
158,165
158,164
158,163
158,162
158,161
158,160
158,159
158,158
158,157
158,156
158,155
158,154
158,153
158,152
158,151
158,150
158,149
158,148
158,147
158,146
158,145
158,144
158,143
158,142
158,141
158,140
158,139
158,138
158,137
158,136
158,135
158,134
158,133
158,132
158,131
158,130
158,129
158,128
158,127
158,126
158,125
158,124
158,123
158,122
158,121
158,120
158,119
158,118
158,117
158,116
158,115
158,114
158,113
158,112
158,111
158,110
158,109
158,108
158,107
158,106
158,105
158,104
158,103
158,102
158,101
158,100
158,99
158,98
158,97
158,96
158,95
158,94
158,93
158,92
158,91
158,90
158,89
158,88
158,87
158,86
158,85
158,84
158,83
158,82
158,81
158,80
158,79
158,78
158,77
158,76
158,75
158,74
158,73
158,72
158,71
158,70
158,69
158,68
158,67
158,66
158,65
158,64
158,63
158,62
158,61
158,60
158,59
158,58
158,57
158,56
158,55
158,54
158,53
158,52
159,192
159,191
159,190
159,189
159,188
159,187
159,186
159,185
159,184
159,183
159,182
159,181
159,180
159,179
159,178
159,177
159,176
159,175
159,174
159,173
159,172
159,171
159,170
159,169
159,168
159,167
159,166
159,165
159,164
159,163
159,162
159,161
159,160
159,159
159,158
159,157
159,156
159,155
159,154
159,153
159,152
159,151
159,150
159,149
159,148
159,147
159,146
159,145
159,144
159,143
159,142
159,141
159,140
159,139
159,138
159,137
159,136
159,135
159,134
159,133
159,132
159,131
159,130
159,129
159,128
159,127
159,126
159,125
159,124
159,123
159,122
159,121
159,120
159,119
159,118
159,117
159,116
159,115
159,114
159,113
159,112
159,111
159,110
159,109
159,108
159,107
159,106
159,105
159,104
159,103
159,102
159,101
159,100
159,99
159,98
159,97
159,96
159,95
159,94
159,93
159,92
159,91
159,90
159,89
159,88
159,87
159,86
159,85
159,84
159,83
159,82
159,81
159,80
159,79
159,78
159,77
159,76
159,75
159,74
159,73
159,72
159,71
159,70
159,69
159,68
159,67
159,66
159,65
159,64
159,63
159,62
159,61
159,60
159,59
159,58
159,57
159,56
159,55
159,54
159,53
159,52
160,191
160,190
160,189
160,188
160,187
160,186
160,185
160,184
160,183
160,182
160,181
160,180
160,179
160,178
160,177
160,176
160,175
160,174
160,173
160,172
160,171
160,170
160,169
160,168
160,167
160,166
160,165
160,164
160,163
160,162
160,161
160,160
160,159
160,158
160,157
160,156
160,155
160,154
160,153
160,152
160,151
160,150
160,149
160,148
160,147
160,146
160,145
160,144
160,143
160,142
160,141
160,140
160,139
160,138
160,137
160,136
160,135
160,134
160,133
160,132
160,131
160,130
160,129
160,128
160,127
160,126
160,125
160,124
160,123
160,122
160,121
160,120
160,119
160,118
160,117
160,116
160,115
160,114
160,113
160,112
160,111
160,110
160,109
160,108
160,107
160,106
160,105
160,104
160,103
160,102
160,101
160,100
160,99
160,98
160,97
160,96
160,95
160,94
160,93
160,92
160,91
160,90
160,89
160,88
160,87
160,86
160,85
160,84
160,83
160,82
160,81
160,80
160,79
160,78
160,77
160,76
160,75
160,74
160,73
160,72
160,71
160,70
160,69
160,68
160,67
160,66
160,65
160,64
160,63
160,62
160,61
160,60
160,59
160,58
160,57
160,56
160,55
160,54
160,53
160,52
161,190
161,189
161,188
161,187
161,186
161,185
161,184
161,183
161,182
161,181
161,180
161,179
161,178
161,177
161,176
161,175
161,174
161,173
161,172
161,171
161,170
161,169
161,168
161,167
161,166
161,165
161,164
161,163
161,162
161,161
161,160
161,159
161,158
161,157
161,156
161,155
161,154
161,153
161,152
161,151
161,150
161,149
161,148
161,147
161,146
161,145
161,144
161,143
161,142
161,141
161,140
161,139
161,138
161,137
161,136
161,135
161,134
161,133
161,132
161,131
161,130
161,129
161,128
161,127
161,126
161,125
161,124
161,123
161,122
161,121
161,120
161,119
161,118
161,117
161,116
161,115
161,114
161,113
161,112
161,111
161,110
161,109
161,108
161,107
161,106
161,105
161,104
161,103
161,102
161,101
161,100
161,99
161,98
161,97
161,96
161,95
161,94
161,93
161,92
161,91
161,90
161,89
161,88
161,87
161,86
161,85
161,84
161,83
161,82
161,81
161,80
161,79
161,78
161,77
161,76
161,75
161,74
161,73
161,72
161,71
161,70
161,69
161,68
161,67
161,66
161,65
161,64
161,63
161,62
161,61
161,60
161,59
161,58
161,57
161,56
161,55
161,54
161,53
161,52
162,190
162,189
162,188
162,187
162,186
162,185
162,184
162,183
162,182
162,181
162,180
162,179
162,178
162,177
162,176
162,175
162,174
162,173
162,172
162,171
162,170
162,169
162,168
162,167
162,166
162,165
162,164
162,163
162,162
162,161
162,160
162,159
162,158
162,157
162,156
162,155
162,154
162,153
162,152
162,151
162,150
162,149
162,148
162,147
162,146
162,145
162,144
162,143
162,142
162,141
162,140
162,139
162,138
162,137
162,136
162,135
162,134
162,133
162,132
162,131
162,130
162,129
162,128
162,127
162,126
162,125
162,124
162,123
162,122
162,121
162,120
162,119
162,118
162,117
162,116
162,115
162,114
162,113
162,112
162,111
162,110
162,109
162,108
162,107
162,106
162,105
162,104
162,103
162,102
162,101
162,100
162,99
162,98
162,97
162,96
162,95
162,94
162,93
162,92
162,91
162,90
162,89
162,88
162,87
162,86
162,85
162,84
162,83
162,82
162,81
162,80
162,79
162,78
162,77
162,76
162,75
162,74
162,73
162,72
162,71
162,70
162,69
162,68
162,67
162,66
162,65
162,64
162,63
162,62
162,61
162,60
162,59
162,58
162,57
162,56
162,55
162,54
162,53
162,52
162,51
163,189
163,188
163,187
163,186
163,185
163,184
163,183
163,182
163,181
163,180
163,179
163,178
163,177
163,176
163,175
163,174
163,173
163,172
163,171
163,170
163,169
163,168
163,167
163,166
163,165
163,164
163,163
163,162
163,161
163,160
163,159
163,158
163,157
163,156
163,155
163,154
163,153
163,152
163,151
163,150
163,149
163,148
163,147
163,146
163,145
163,144
163,143
163,142
163,141
163,140
163,139
163,138
163,137
163,136
163,135
163,134
163,133
163,132
163,131
163,130
163,129
163,128
163,127
163,126
163,125
163,124
163,123
163,122
163,121
163,120
163,119
163,118
163,117
163,116
163,115
163,114
163,113
163,112
163,111
163,110
163,109
163,108
163,107
163,106
163,105
163,104
163,103
163,102
163,101
163,100
163,99
163,98
163,97
163,96
163,95
163,94
163,93
163,92
163,91
163,90
163,89
163,88
163,87
163,86
163,85
163,84
163,83
163,82
163,81
163,80
163,79
163,78
163,77
163,76
163,75
163,74
163,73
163,72
163,71
163,70
163,69
163,68
163,67
163,66
163,65
163,64
163,63
163,62
163,61
163,60
163,59
163,58
163,57
163,56
163,55
163,54
163,53
163,52
163,51
164,189
164,188
164,187
164,186
164,185
164,184
164,183
164,182
164,181
164,170
164,169
164,168
164,167
164,166
164,165
164,164
164,163
164,162
164,161
164,160
164,159
164,158
164,157
164,156
164,155
164,154
164,153
164,152
164,151
164,150
164,149
164,148
164,147
164,146
164,145
164,144
164,143
164,142
164,141
164,140
164,139
164,138
164,137
164,136
164,135
164,134
164,133
164,132
164,131
164,130
164,129
164,128
164,127
164,126
164,125
164,124
164,123
164,122
164,121
164,120
164,119
164,118
164,117
164,116
164,115
164,114
164,113
164,112
164,111
164,110
164,109
164,108
164,107
164,106
164,105
164,104
164,103
164,102
164,101
164,100
164,99
164,98
164,97
164,96
164,95
164,94
164,93
164,92
164,91
164,90
164,89
164,88
164,87
164,86
164,85
164,84
164,83
164,82
164,81
164,80
164,79
164,78
164,77
164,76
164,75
164,74
164,73
164,72
164,71
164,70
164,69
164,68
164,67
164,66
164,65
164,64
164,63
164,62
164,61
164,60
164,59
164,58
164,57
164,56
164,55
164,54
164,53
164,52
164,51
164,50
165,188
165,187
165,186
165,185
165,184
165,183
165,182
165,163
165,162
165,161
165,160
165,159
165,158
165,157
165,156
165,155
165,154
165,153
165,152
165,151
165,150
165,149
165,148
165,147
165,146
165,145
165,144
165,143
165,142
165,141
165,140
165,139
165,138
165,137
165,136
165,135
165,134
165,133
165,132
165,131
165,130
165,129
165,128
165,127
165,126
165,125
165,124
165,123
165,122
165,121
165,120
165,119
165,118
165,117
165,116
165,115
165,114
165,113
165,112
165,111
165,110
165,109
165,108
165,107
165,106
165,105
165,104
165,103
165,102
165,101
165,100
165,99
165,98
165,97
165,96
165,95
165,94
165,93
165,92
165,91
165,90
165,89
165,88
165,87
165,86
165,85
165,84
165,83
165,82
165,81
165,80
165,79
165,78
165,77
165,76
165,75
165,74
165,73
165,72
165,71
165,70
165,69
165,68
165,67
165,66
165,65
165,64
165,63
165,62
165,61
165,60
165,59
165,58
165,57
165,56
165,55
165,54
165,53
165,52
165,51
165,50
166,187
166,186
166,185
166,184
166,183
166,162
166,161
166,160
166,159
166,158
166,157
166,156
166,155
166,154
166,153
166,152
166,151
166,150
166,149
166,148
166,147
166,146
166,145
166,144
166,143
166,142
166,141
166,140
166,139
166,138
166,137
166,136
166,135
166,134
166,133
166,132
166,131
166,130
166,129
166,128
166,127
166,126
166,125
166,124
166,123
166,122
166,121
166,120
166,119
166,118
166,117
166,116
166,115
166,114
166,113
166,112
166,111
166,110
166,109
166,108
166,107
166,106
166,105
166,104
166,103
166,102
166,101
166,100
166,99
166,98
166,97
166,96
166,95
166,94
166,93
166,92
166,91
166,90
166,89
166,88
166,87
166,86
166,85
166,84
166,83
166,82
166,81
166,80
166,79
166,78
166,77
166,76
166,75
166,74
166,73
166,72
166,71
166,70
166,69
166,68
166,67
166,66
166,65
166,64
166,63
166,62
166,61
166,60
166,59
166,58
166,57
166,56
166,55
166,54
166,53
166,52
166,51
166,50
166,49
167,186
167,185
167,160
167,159
167,158
167,157
167,156
167,155
167,154
167,153
167,152
167,151
167,150
167,149
167,148
167,147
167,146
167,145
167,144
167,143
167,142
167,141
167,140
167,139
167,138
167,137
167,136
167,135
167,134
167,133
167,132
167,131
167,130
167,129
167,128
167,127
167,126
167,125
167,124
167,123
167,122
167,121
167,120
167,119
167,118
167,117
167,116
167,115
167,114
167,113
167,112
167,111
167,110
167,109
167,108
167,107
167,106
167,105
167,104
167,103
167,102
167,101
167,100
167,99
167,98
167,97
167,96
167,95
167,94
167,93
167,92
167,91
167,90
167,89
167,88
167,87
167,86
167,85
167,84
167,83
167,82
167,81
167,80
167,79
167,78
167,77
167,76
167,75
167,74
167,73
167,72
167,71
167,70
167,69
167,68
167,67
167,66
167,65
167,64
167,63
167,62
167,61
167,60
167,59
167,58
167,57
167,56
167,55
167,54
167,53
167,52
167,51
167,50
167,49
168,159
168,158
168,157
168,156
168,155
168,154
168,153
168,152
168,151
168,150
168,149
168,148
168,147
168,146
168,145
168,144
168,143
168,142
168,141
168,140
168,139
168,138
168,137
168,136
168,135
168,134
168,133
168,132
168,131
168,130
168,129
168,128
168,127
168,126
168,125
168,124
168,123
168,122
168,121
168,120
168,119
168,118
168,117
168,116
168,115
168,114
168,113
168,112
168,111
168,110
168,109
168,108
168,107
168,106
168,105
168,104
168,103
168,102
168,101
168,100
168,99
168,98
168,97
168,96
168,95
168,94
168,93
168,92
168,91
168,90
168,89
168,88
168,87
168,86
168,85
168,84
168,83
168,82
168,81
168,80
168,79
168,78
168,77
168,76
168,75
168,74
168,73
168,72
168,71
168,70
168,69
168,68
168,67
168,66
168,65
168,64
168,63
168,62
168,61
168,60
168,59
168,58
168,57
168,56
168,55
168,54
168,53
168,52
168,51
168,50
168,49
168,48
169,158
169,157
169,156
169,155
169,154
169,153
169,152
169,151
169,150
169,149
169,148
169,147
169,146
169,145
169,144
169,143
169,142
169,141
169,140
169,139
169,138
169,137
169,136
169,135
169,134
169,133
169,132
169,131
169,130
169,129
169,128
169,127
169,126
169,125
169,124
169,123
169,122
169,121
169,120
169,119
169,118
169,117
169,116
169,115
169,114
169,113
169,112
169,111
169,110
169,109
169,108
169,107
169,106
169,105
169,104
169,103
169,102
169,101
169,100
169,99
169,98
169,97
169,96
169,95
169,94
169,93
169,92
169,91
169,90
169,89
169,88
169,87
169,86
169,85
169,84
169,83
169,82
169,81
169,80
169,79
169,78
169,77
169,76
169,75
169,74
169,73
169,72
169,71
169,70
169,69
169,68
169,67
169,66
169,65
169,64
169,63
169,62
169,61
169,60
169,59
169,58
169,57
169,56
169,55
169,54
169,53
169,52
169,51
169,50
169,49
169,48
170,158
170,157
170,156
170,155
170,154
170,153
170,152
170,151
170,150
170,149
170,148
170,147
170,146
170,145
170,144
170,143
170,142
170,141
170,140
170,139
170,138
170,137
170,136
170,135
170,134
170,133
170,132
170,131
170,130
170,129
170,128
170,127
170,126
170,125
170,124
170,123
170,122
170,121
170,120
170,119
170,118
170,117
170,116
170,115
170,114
170,113
170,112
170,111
170,110
170,109
170,108
170,107
170,106
170,105
170,104
170,103
170,102
170,101
170,100
170,99
170,98
170,97
170,96
170,95
170,94
170,93
170,92
170,91
170,90
170,89
170,88
170,87
170,86
170,85
170,84
170,83
170,82
170,81
170,80
170,79
170,78
170,77
170,76
170,75
170,74
170,73
170,72
170,71
170,70
170,69
170,68
170,67
170,66
170,65
170,64
170,63
170,62
170,61
170,60
170,59
170,58
170,57
170,56
170,55
170,54
170,53
170,52
170,51
170,50
170,49
170,48
170,47
171,158
171,157
171,156
171,155
171,154
171,153
171,152
171,151
171,150
171,149
171,148
171,147
171,146
171,145
171,144
171,143
171,142
171,141
171,140
171,139
171,138
171,137
171,136
171,135
171,134
171,133
171,132
171,131
171,130
171,129
171,128
171,127
171,126
171,125
171,124
171,123
171,122
171,121
171,120
171,119
171,118
171,117
171,116
171,115
171,114
171,113
171,112
171,111
171,110
171,109
171,108
171,107
171,106
171,105
171,104
171,103
171,102
171,101
171,100
171,99
171,98
171,97
171,96
171,95
171,94
171,93
171,92
171,91
171,90
171,89
171,88
171,87
171,86
171,85
171,84
171,83
171,82
171,81
171,80
171,79
171,78
171,77
171,76
171,75
171,74
171,73
171,72
171,71
171,70
171,69
171,68
171,67
171,66
171,65
171,64
171,63
171,62
171,61
171,60
171,59
171,58
171,57
171,56
171,55
171,54
171,53
171,52
171,51
171,50
171,49
171,48
171,47
171,46
172,158
172,157
172,156
172,155
172,154
172,153
172,152
172,151
172,150
172,149
172,148
172,147
172,146
172,145
172,144
172,143
172,142
172,141
172,140
172,139
172,138
172,137
172,136
172,135
172,134
172,133
172,132
172,131
172,130
172,129
172,128
172,127
172,126
172,125
172,124
172,123
172,122
172,121
172,120
172,119
172,118
172,117
172,116
172,115
172,114
172,113
172,112
172,111
172,110
172,109
172,108
172,107
172,106
172,105
172,104
172,103
172,102
172,101
172,100
172,99
172,98
172,97
172,96
172,95
172,94
172,93
172,92
172,91
172,90
172,89
172,88
172,87
172,86
172,85
172,84
172,83
172,82
172,81
172,80
172,79
172,78
172,77
172,76
172,75
172,74
172,73
172,72
172,71
172,70
172,69
172,68
172,67
172,66
172,65
172,64
172,63
172,62
172,61
172,60
172,59
172,58
172,57
172,56
172,55
172,54
172,53
172,52
172,51
172,50
172,49
172,48
172,47
172,46
173,157
173,156
173,155
173,154
173,153
173,152
173,151
173,150
173,149
173,148
173,147
173,146
173,145
173,144
173,143
173,142
173,141
173,140
173,139
173,138
173,137
173,136
173,135
173,134
173,133
173,132
173,131
173,130
173,129
173,128
173,127
173,126
173,125
173,124
173,123
173,122
173,121
173,120
173,119
173,118
173,117
173,116
173,115
173,114
173,113
173,112
173,111
173,110
173,109
173,108
173,107
173,106
173,105
173,104
173,103
173,102
173,101
173,100
173,99
173,98
173,97
173,96
173,95
173,94
173,93
173,92
173,91
173,90
173,89
173,88
173,87
173,86
173,85
173,84
173,83
173,82
173,81
173,80
173,79
173,78
173,77
173,76
173,75
173,74
173,73
173,72
173,71
173,70
173,69
173,68
173,67
173,66
173,65
173,64
173,63
173,62
173,61
173,60
173,59
173,58
173,57
173,56
173,55
173,54
173,53
173,52
173,51
173,50
173,49
173,48
173,47
173,46
173,45
174,157
174,156
174,155
174,154
174,153
174,152
174,151
174,150
174,149
174,148
174,147
174,146
174,145
174,144
174,143
174,142
174,141
174,140
174,139
174,138
174,137
174,136
174,135
174,134
174,133
174,132
174,131
174,130
174,129
174,128
174,127
174,126
174,125
174,124
174,123
174,122
174,121
174,120
174,119
174,118
174,117
174,116
174,115
174,114
174,113
174,112
174,111
174,110
174,109
174,108
174,107
174,106
174,105
174,104
174,103
174,102
174,101
174,100
174,99
174,98
174,97
174,96
174,95
174,94
174,93
174,92
174,91
174,90
174,89
174,88
174,87
174,86
174,85
174,84
174,83
174,82
174,81
174,80
174,79
174,78
174,77
174,76
174,75
174,74
174,73
174,72
174,71
174,70
174,69
174,68
174,67
174,66
174,65
174,64
174,63
174,62
174,61
174,60
174,59
174,58
174,57
174,56
174,55
174,54
174,53
174,52
174,51
174,50
174,49
174,48
174,47
174,46
174,45
174,44
175,157
175,156
175,155
175,154
175,153
175,152
175,151
175,150
175,149
175,148
175,147
175,146
175,145
175,144
175,143
175,142
175,141
175,140
175,139
175,138
175,137
175,136
175,135
175,134
175,133
175,132
175,131
175,130
175,129
175,128
175,127
175,126
175,125
175,124
175,123
175,122
175,121
175,120
175,119
175,118
175,117
175,116
175,115
175,114
175,113
175,112
175,111
175,110
175,109
175,108
175,107
175,106
175,105
175,104
175,103
175,102
175,101
175,100
175,99
175,98
175,97
175,96
175,95
175,94
175,93
175,92
175,91
175,90
175,89
175,88
175,87
175,86
175,85
175,84
175,83
175,82
175,81
175,80
175,79
175,78
175,77
175,76
175,75
175,74
175,73
175,72
175,71
175,70
175,69
175,68
175,67
175,66
175,65
175,64
175,63
175,62
175,61
175,60
175,59
175,58
175,57
175,56
175,55
175,54
175,53
175,52
175,51
175,50
175,49
175,48
175,47
175,46
175,45
175,44
175,43
176,157
176,156
176,155
176,154
176,153
176,152
176,151
176,150
176,149
176,148
176,147
176,146
176,145
176,144
176,143
176,142
176,141
176,140
176,139
176,138
176,137
176,136
176,135
176,134
176,133
176,132
176,131
176,130
176,129
176,128
176,127
176,126
176,125
176,124
176,123
176,122
176,121
176,120
176,119
176,118
176,117
176,116
176,115
176,114
176,113
176,112
176,111
176,110
176,109
176,108
176,107
176,106
176,105
176,104
176,103
176,102
176,101
176,100
176,99
176,98
176,97
176,96
176,95
176,94
176,93
176,92
176,91
176,90
176,89
176,88
176,87
176,86
176,85
176,84
176,83
176,82
176,81
176,80
176,79
176,78
176,77
176,76
176,75
176,74
176,73
176,72
176,71
176,70
176,69
176,68
176,67
176,66
176,65
176,64
176,63
176,62
176,61
176,60
176,59
176,58
176,57
176,56
176,55
176,54
176,53
176,52
176,51
176,50
176,49
176,48
176,47
176,46
176,45
176,44
176,43
177,157
177,156
177,155
177,154
177,153
177,152
177,151
177,150
177,149
177,148
177,147
177,146
177,145
177,144
177,143
177,142
177,141
177,140
177,139
177,138
177,137
177,136
177,135
177,134
177,133
177,132
177,131
177,130
177,129
177,128
177,127
177,126
177,125
177,124
177,123
177,122
177,121
177,120
177,119
177,118
177,117
177,116
177,115
177,114
177,113
177,112
177,111
177,110
177,109
177,108
177,107
177,106
177,105
177,104
177,103
177,102
177,101
177,100
177,99
177,98
177,97
177,96
177,95
177,94
177,93
177,92
177,91
177,90
177,89
177,88
177,87
177,86
177,85
177,84
177,83
177,82
177,81
177,80
177,79
177,78
177,77
177,76
177,75
177,74
177,73
177,72
177,71
177,70
177,69
177,68
177,67
177,66
177,65
177,64
177,63
177,62
177,61
177,60
177,59
177,58
177,57
177,56
177,55
177,54
177,53
177,52
177,51
177,50
177,49
177,48
177,47
177,46
177,45
177,44
177,43
177,42
178,156
178,155
178,154
178,153
178,152
178,151
178,150
178,149
178,148
178,147
178,146
178,145
178,144
178,143
178,142
178,141
178,140
178,139
178,138
178,137
178,136
178,135
178,134
178,133
178,132
178,131
178,130
178,129
178,128
178,127
178,126
178,125
178,124
178,123
178,122
178,121
178,120
178,119
178,118
178,117
178,116
178,115
178,114
178,113
178,112
178,111
178,110
178,109
178,108
178,107
178,106
178,105
178,104
178,103
178,102
178,101
178,100
178,99
178,98
178,97
178,96
178,95
178,94
178,93
178,92
178,91
178,90
178,89
178,88
178,87
178,86
178,85
178,84
178,83
178,82
178,81
178,80
178,79
178,78
178,77
178,76
178,75
178,74
178,73
178,72
178,71
178,70
178,69
178,68
178,67
178,66
178,65
178,64
178,63
178,62
178,61
178,60
178,59
178,58
178,57
178,56
178,55
178,54
178,53
178,52
178,51
178,50
178,49
178,48
178,47
178,46
178,45
178,44
178,43
178,42
178,41
179,156
179,155
179,154
179,153
179,152
179,151
179,150
179,149
179,148
179,147
179,146
179,145
179,144
179,143
179,142
179,141
179,140
179,139
179,138
179,137
179,136
179,135
179,134
179,133
179,132
179,131
179,130
179,129
179,128
179,127
179,126
179,125
179,124
179,123
179,122
179,121
179,120
179,119
179,118
179,117
179,116
179,115
179,114
179,113
179,112
179,111
179,110
179,109
179,108
179,107
179,106
179,105
179,104
179,103
179,102
179,101
179,100
179,99
179,98
179,97
179,96
179,95
179,94
179,93
179,92
179,91
179,90
179,89
179,88
179,87
179,86
179,85
179,84
179,83
179,82
179,81
179,80
179,79
179,78
179,77
179,76
179,75
179,74
179,73
179,72
179,71
179,70
179,69
179,68
179,67
179,66
179,65
179,64
179,63
179,62
179,61
179,60
179,59
179,58
179,57
179,56
179,55
179,54
179,53
179,52
179,51
179,50
179,49
179,48
179,47
179,46
179,45
179,44
179,43
179,42
179,41
179,40
180,156
180,155
180,154
180,153
180,152
180,151
180,150
180,149
180,148
180,147
180,146
180,145
180,144
180,143
180,142
180,141
180,140
180,139
180,138
180,137
180,136
180,135
180,134
180,133
180,132
180,131
180,130
180,129
180,128
180,127
180,126
180,125
180,124
180,123
180,122
180,121
180,120
180,119
180,118
180,117
180,116
180,115
180,114
180,113
180,112
180,111
180,110
180,109
180,108
180,107
180,106
180,105
180,104
180,103
180,102
180,101
180,100
180,99
180,98
180,97
180,96
180,95
180,94
180,93
180,92
180,91
180,90
180,89
180,88
180,87
180,86
180,85
180,84
180,83
180,82
180,81
180,80
180,79
180,78
180,77
180,76
180,75
180,74
180,73
180,72
180,71
180,70
180,69
180,68
180,67
180,66
180,65
180,64
180,63
180,62
180,61
180,60
180,59
180,58
180,57
180,56
180,55
180,54
180,53
180,52
180,51
180,50
180,49
180,48
180,47
180,46
180,45
180,44
180,43
180,42
180,41
180,40
180,39
181,156
181,155
181,154
181,153
181,152
181,151
181,150
181,149
181,148
181,147
181,146
181,145
181,144
181,143
181,142
181,141
181,140
181,139
181,138
181,137
181,136
181,135
181,134
181,133
181,132
181,131
181,130
181,129
181,128
181,127
181,126
181,125
181,124
181,123
181,122
181,121
181,120
181,119
181,118
181,117
181,116
181,115
181,114
181,113
181,112
181,111
181,110
181,109
181,108
181,107
181,106
181,105
181,104
181,103
181,102
181,101
181,100
181,99
181,98
181,97
181,96
181,95
181,94
181,93
181,92
181,91
181,90
181,89
181,88
181,87
181,86
181,85
181,84
181,83
181,82
181,81
181,80
181,79
181,78
181,77
181,76
181,75
181,74
181,73
181,72
181,71
181,70
181,69
181,68
181,67
181,66
181,65
181,64
181,63
181,62
181,61
181,60
181,59
181,58
181,57
181,56
181,55
181,54
181,53
181,52
181,51
181,50
181,49
181,48
181,47
181,46
181,45
181,44
181,43
181,42
181,41
181,40
181,39
181,38
182,156
182,155
182,154
182,153
182,152
182,151
182,150
182,149
182,148
182,147
182,146
182,145
182,144
182,143
182,142
182,141
182,140
182,139
182,138
182,137
182,136
182,135
182,134
182,133
182,132
182,131
182,130
182,129
182,128
182,127
182,126
182,125
182,124
182,123
182,122
182,121
182,120
182,119
182,118
182,117
182,116
182,115
182,114
182,113
182,112
182,111
182,110
182,109
182,108
182,107
182,106
182,105
182,104
182,103
182,102
182,101
182,100
182,99
182,98
182,97
182,96
182,95
182,94
182,93
182,92
182,91
182,90
182,89
182,88
182,87
182,86
182,85
182,84
182,83
182,82
182,81
182,80
182,79
182,78
182,77
182,76
182,75
182,74
182,73
182,72
182,71
182,70
182,69
182,68
182,67
182,66
182,65
182,64
182,63
182,62
182,61
182,60
182,59
182,58
182,57
182,56
182,55
182,54
182,53
182,52
182,51
182,50
182,49
182,48
182,47
182,46
182,45
182,44
182,43
182,42
182,41
182,40
182,39
182,38
182,37
182,36
183,156
183,155
183,154
183,153
183,152
183,151
183,150
183,149
183,148
183,147
183,146
183,145
183,144
183,143
183,142
183,141
183,140
183,139
183,138
183,137
183,136
183,135
183,134
183,133
183,132
183,131
183,130
183,129
183,128
183,127
183,126
183,125
183,124
183,123
183,122
183,121
183,120
183,119
183,118
183,117
183,116
183,115
183,114
183,113
183,112
183,111
183,110
183,109
183,108
183,107
183,106
183,105
183,104
183,103
183,102
183,101
183,100
183,99
183,98
183,97
183,96
183,95
183,94
183,93
183,92
183,91
183,90
183,89
183,88
183,87
183,86
183,85
183,84
183,83
183,82
183,81
183,80
183,79
183,78
183,77
183,76
183,75
183,74
183,73
183,72
183,71
183,70
183,69
183,68
183,67
183,66
183,65
183,64
183,63
183,62
183,61
183,60
183,59
183,58
183,57
183,56
183,55
183,54
183,53
183,52
183,51
183,50
183,49
183,48
183,47
183,46
183,45
183,44
183,43
183,42
183,41
183,40
183,39
183,38
183,37
183,36
183,35
183,34
183,33
183,32
184,156
184,155
184,154
184,153
184,152
184,151
184,150
184,149
184,148
184,147
184,146
184,145
184,144
184,143
184,142
184,141
184,140
184,139
184,138
184,137
184,136
184,135
184,134
184,133
184,132
184,131
184,130
184,129
184,128
184,127
184,126
184,125
184,124
184,123
184,122
184,121
184,120
184,119
184,118
184,117
184,116
184,115
184,114
184,113
184,112
184,111
184,110
184,109
184,108
184,107
184,106
184,105
184,104
184,103
184,102
184,101
184,100
184,99
184,98
184,97
184,96
184,95
184,94
184,93
184,92
184,91
184,90
184,89
184,88
184,87
184,86
184,85
184,84
184,83
184,82
184,81
184,80
184,79
184,78
184,77
184,76
184,75
184,74
184,73
184,72
184,71
184,70
184,69
184,68
184,67
184,66
184,65
184,64
184,63
184,62
184,61
184,60
184,59
184,58
184,57
184,56
184,55
184,54
184,53
184,52
184,51
184,50
184,49
184,48
184,47
184,46
184,45
184,44
184,43
184,42
184,41
184,40
184,39
184,38
184,37
184,36
184,35
184,34
184,33
184,32
184,31
184,30
184,29
185,156
185,155
185,154
185,153
185,152
185,151
185,150
185,149
185,148
185,147
185,146
185,145
185,144
185,143
185,142
185,141
185,140
185,139
185,138
185,137
185,136
185,135
185,134
185,133
185,132
185,131
185,130
185,129
185,128
185,127
185,126
185,125
185,124
185,123
185,122
185,121
185,120
185,119
185,118
185,117
185,116
185,115
185,114
185,113
185,112
185,111
185,110
185,109
185,108
185,107
185,106
185,105
185,104
185,103
185,102
185,101
185,100
185,99
185,98
185,97
185,96
185,95
185,94
185,93
185,92
185,91
185,90
185,89
185,88
185,87
185,86
185,85
185,84
185,83
185,82
185,81
185,80
185,79
185,78
185,77
185,76
185,75
185,74
185,73
185,72
185,71
185,70
185,69
185,68
185,67
185,66
185,65
185,64
185,63
185,62
185,61
185,60
185,59
185,58
185,57
185,56
185,55
185,54
185,53
185,52
185,51
185,50
185,49
185,48
185,47
185,46
185,45
185,44
185,43
185,42
185,41
185,40
185,39
185,38
185,37
185,36
185,35
185,34
185,33
185,32
185,31
185,30
185,29
185,28
185,27
185,26
185,25
185,24
186,156
186,155
186,154
186,153
186,152
186,151
186,150
186,149
186,148
186,147
186,146
186,145
186,144
186,143
186,142
186,141
186,140
186,139
186,138
186,137
186,136
186,135
186,134
186,133
186,132
186,131
186,130
186,129
186,128
186,127
186,126
186,125
186,124
186,123
186,122
186,121
186,120
186,119
186,118
186,117
186,116
186,115
186,114
186,113
186,112
186,111
186,110
186,109
186,108
186,107
186,106
186,105
186,104
186,103
186,102
186,101
186,100
186,99
186,98
186,97
186,96
186,95
186,94
186,93
186,92
186,91
186,90
186,89
186,88
186,87
186,86
186,85
186,84
186,83
186,82
186,81
186,80
186,79
186,78
186,77
186,76
186,75
186,74
186,73
186,72
186,71
186,70
186,69
186,68
186,67
186,66
186,65
186,64
186,63
186,62
186,61
186,60
186,59
186,58
186,57
186,56
186,55
186,54
186,53
186,52
186,51
186,50
186,49
186,48
186,47
186,46
186,45
186,44
186,43
186,42
186,41
186,40
186,39
186,38
186,37
186,36
186,35
186,34
186,33
186,32
186,31
186,30
186,29
186,28
186,27
186,26
186,25
186,24
186,23
186,22
186,21
187,155
187,154
187,153
187,152
187,151
187,150
187,149
187,148
187,147
187,146
187,145
187,144
187,143
187,142
187,141
187,140
187,139
187,138
187,137
187,136
187,135
187,134
187,133
187,132
187,131
187,130
187,129
187,128
187,127
187,126
187,125
187,124
187,123
187,122
187,121
187,120
187,119
187,118
187,117
187,116
187,115
187,114
187,113
187,112
187,111
187,110
187,109
187,108
187,107
187,106
187,105
187,104
187,103
187,102
187,101
187,100
187,99
187,98
187,97
187,96
187,95
187,94
187,93
187,92
187,91
187,90
187,89
187,88
187,87
187,86
187,85
187,84
187,83
187,82
187,81
187,80
187,79
187,78
187,77
187,76
187,75
187,74
187,73
187,72
187,71
187,70
187,69
187,68
187,67
187,66
187,65
187,64
187,63
187,62
187,61
187,60
187,59
187,58
187,57
187,56
187,55
187,54
187,53
187,52
187,51
187,50
187,49
187,48
187,47
187,46
187,45
187,44
187,43
187,42
187,41
187,40
187,39
187,38
187,37
187,36
187,35
187,34
187,33
187,32
187,31
187,30
187,29
187,28
187,27
187,26
187,25
187,24
187,23
187,22
187,21
188,155
188,154
188,153
188,152
188,151
188,150
188,149
188,148
188,147
188,146
188,145
188,144
188,143
188,142
188,141
188,140
188,139
188,138
188,137
188,136
188,135
188,134
188,133
188,132
188,131
188,130
188,129
188,128
188,127
188,126
188,125
188,124
188,123
188,122
188,121
188,120
188,119
188,118
188,117
188,116
188,115
188,114
188,113
188,112
188,111
188,110
188,109
188,108
188,107
188,106
188,105
188,104
188,103
188,102
188,101
188,100
188,99
188,98
188,97
188,96
188,95
188,94
188,93
188,92
188,91
188,90
188,89
188,88
188,87
188,86
188,85
188,84
188,83
188,82
188,81
188,80
188,79
188,78
188,77
188,76
188,75
188,74
188,73
188,72
188,71
188,70
188,69
188,68
188,67
188,66
188,65
188,64
188,63
188,62
188,61
188,60
188,59
188,58
188,57
188,56
188,55
188,54
188,53
188,52
188,51
188,50
188,49
188,48
188,47
188,46
188,45
188,44
188,43
188,42
188,41
188,40
188,39
188,38
188,37
188,36
188,35
188,34
188,33
188,32
188,31
188,30
188,29
188,28
188,27
188,26
188,25
188,24
188,23
188,22
188,21
188,20
189,155
189,154
189,153
189,152
189,151
189,150
189,149
189,148
189,147
189,146
189,145
189,144
189,143
189,142
189,141
189,140
189,139
189,138
189,137
189,136
189,135
189,134
189,133
189,132
189,131
189,130
189,129
189,128
189,127
189,126
189,125
189,124
189,123
189,122
189,121
189,120
189,119
189,118
189,117
189,116
189,115
189,114
189,113
189,112
189,111
189,110
189,109
189,108
189,107
189,106
189,105
189,104
189,103
189,102
189,101
189,100
189,99
189,98
189,97
189,96
189,95
189,94
189,93
189,92
189,91
189,90
189,89
189,88
189,87
189,86
189,85
189,84
189,83
189,82
189,81
189,80
189,79
189,78
189,77
189,76
189,75
189,74
189,73
189,72
189,71
189,70
189,69
189,68
189,67
189,66
189,65
189,64
189,63
189,62
189,61
189,60
189,59
189,58
189,57
189,56
189,55
189,54
189,53
189,52
189,51
189,50
189,49
189,48
189,47
189,46
189,45
189,44
189,43
189,42
189,41
189,40
189,39
189,38
189,37
189,36
189,35
189,34
189,33
189,32
189,31
189,30
189,29
189,28
189,27
189,26
189,25
189,24
189,23
189,22
189,21
189,20
190,155
190,154
190,153
190,152
190,151
190,150
190,149
190,148
190,147
190,146
190,145
190,144
190,143
190,142
190,141
190,140
190,139
190,138
190,137
190,136
190,135
190,134
190,133
190,132
190,131
190,130
190,129
190,128
190,127
190,126
190,125
190,124
190,123
190,122
190,121
190,120
190,119
190,118
190,117
190,116
190,115
190,114
190,113
190,112
190,111
190,110
190,109
190,108
190,107
190,106
190,105
190,104
190,103
190,102
190,101
190,100
190,99
190,98
190,97
190,96
190,95
190,94
190,93
190,92
190,91
190,90
190,89
190,88
190,87
190,86
190,85
190,84
190,83
190,82
190,81
190,80
190,79
190,78
190,77
190,76
190,75
190,74
190,73
190,72
190,71
190,70
190,69
190,68
190,67
190,66
190,65
190,64
190,63
190,62
190,61
190,60
190,59
190,58
190,57
190,56
190,55
190,54
190,53
190,52
190,51
190,50
190,49
190,48
190,47
190,46
190,45
190,44
190,43
190,42
190,41
190,40
190,39
190,38
190,37
190,36
190,35
190,34
190,33
190,32
190,31
190,30
190,29
190,28
190,27
190,26
190,25
190,24
190,23
190,22
190,21
190,20
191,155
191,154
191,153
191,152
191,151
191,150
191,149
191,148
191,147
191,146
191,145
191,144
191,143
191,142
191,141
191,140
191,139
191,138
191,137
191,136
191,135
191,134
191,133
191,132
191,131
191,130
191,129
191,128
191,127
191,126
191,125
191,124
191,123
191,122
191,121
191,120
191,119
191,118
191,117
191,116
191,115
191,114
191,113
191,112
191,111
191,110
191,109
191,108
191,107
191,106
191,105
191,104
191,103
191,102
191,101
191,100
191,99
191,98
191,97
191,96
191,95
191,94
191,93
191,92
191,91
191,90
191,89
191,88
191,87
191,86
191,85
191,84
191,83
191,82
191,81
191,80
191,79
191,78
191,77
191,76
191,75
191,74
191,73
191,72
191,71
191,70
191,69
191,68
191,67
191,66
191,65
191,64
191,63
191,62
191,61
191,60
191,59
191,58
191,57
191,56
191,55
191,54
191,53
191,52
191,51
191,50
191,49
191,48
191,47
191,46
191,45
191,44
191,43
191,42
191,41
191,40
191,39
191,38
191,37
191,36
191,35
191,34
191,33
191,32
191,31
191,30
191,29
191,28
191,27
191,26
191,25
191,24
191,23
191,22
191,21
191,20
192,155
192,154
192,153
192,152
192,151
192,150
192,149
192,148
192,147
192,146
192,145
192,144
192,143
192,142
192,141
192,140
192,139
192,138
192,137
192,136
192,135
192,134
192,133
192,132
192,131
192,130
192,129
192,128
192,127
192,126
192,125
192,124
192,123
192,122
192,121
192,120
192,119
192,118
192,117
192,116
192,115
192,114
192,113
192,112
192,111
192,110
192,109
192,108
192,107
192,106
192,105
192,104
192,103
192,102
192,101
192,100
192,99
192,98
192,97
192,96
192,95
192,94
192,93
192,92
192,91
192,90
192,89
192,88
192,87
192,86
192,85
192,84
192,83
192,82
192,81
192,80
192,79
192,78
192,77
192,76
192,75
192,74
192,73
192,72
192,71
192,70
192,69
192,68
192,67
192,66
192,65
192,64
192,63
192,62
192,61
192,60
192,59
192,58
192,57
192,56
192,55
192,54
192,53
192,52
192,51
192,50
192,49
192,48
192,47
192,46
192,45
192,44
192,43
192,42
192,41
192,40
192,39
192,38
192,37
192,36
192,35
192,34
192,33
192,32
192,31
192,30
192,29
192,28
192,27
192,26
192,25
192,24
192,23
192,22
192,21
192,20
192,19
193,155
193,154
193,153
193,152
193,151
193,150
193,149
193,148
193,147
193,146
193,145
193,144
193,143
193,142
193,141
193,140
193,139
193,138
193,137
193,136
193,135
193,134
193,133
193,132
193,131
193,130
193,129
193,128
193,127
193,126
193,125
193,124
193,123
193,122
193,121
193,120
193,119
193,118
193,117
193,116
193,115
193,114
193,113
193,112
193,111
193,110
193,109
193,108
193,107
193,106
193,105
193,104
193,103
193,102
193,101
193,100
193,99
193,98
193,97
193,96
193,95
193,94
193,93
193,92
193,91
193,90
193,89
193,88
193,87
193,86
193,85
193,84
193,83
193,82
193,81
193,80
193,79
193,78
193,77
193,76
193,75
193,74
193,73
193,72
193,71
193,70
193,69
193,68
193,67
193,66
193,65
193,64
193,63
193,62
193,61
193,60
193,59
193,58
193,57
193,56
193,55
193,54
193,53
193,52
193,51
193,50
193,49
193,48
193,47
193,46
193,45
193,44
193,43
193,42
193,41
193,40
193,39
193,38
193,37
193,36
193,35
193,34
193,33
193,32
193,31
193,30
193,29
193,28
193,27
193,26
193,25
193,24
193,23
193,22
193,21
193,20
193,19
194,155
194,154
194,153
194,152
194,151
194,150
194,149
194,148
194,147
194,146
194,145
194,144
194,143
194,142
194,141
194,140
194,139
194,138
194,137
194,136
194,135
194,134
194,133
194,132
194,131
194,130
194,129
194,128
194,127
194,126
194,125
194,124
194,123
194,122
194,121
194,120
194,119
194,118
194,117
194,116
194,115
194,114
194,113
194,112
194,111
194,110
194,109
194,108
194,107
194,106
194,105
194,104
194,103
194,102
194,101
194,100
194,99
194,98
194,97
194,96
194,95
194,94
194,93
194,92
194,91
194,90
194,89
194,88
194,87
194,86
194,85
194,84
194,83
194,82
194,81
194,80
194,79
194,78
194,77
194,76
194,75
194,74
194,73
194,72
194,71
194,70
194,69
194,68
194,67
194,66
194,65
194,64
194,63
194,62
194,61
194,60
194,59
194,58
194,57
194,56
194,55
194,54
194,53
194,52
194,51
194,50
194,49
194,48
194,47
194,46
194,45
194,44
194,43
194,42
194,41
194,40
194,39
194,38
194,37
194,36
194,35
194,34
194,33
194,32
194,31
194,30
194,29
194,28
194,27
194,26
194,25
194,24
194,23
194,22
194,21
194,20
194,19
195,155
195,154
195,153
195,152
195,151
195,150
195,149
195,148
195,147
195,146
195,145
195,144
195,143
195,142
195,141
195,140
195,139
195,138
195,137
195,136
195,135
195,134
195,133
195,132
195,131
195,130
195,129
195,128
195,127
195,126
195,125
195,124
195,123
195,122
195,121
195,120
195,119
195,118
195,117
195,116
195,115
195,114
195,113
195,112
195,111
195,110
195,109
195,108
195,107
195,106
195,105
195,104
195,103
195,102
195,101
195,100
195,99
195,98
195,97
195,96
195,95
195,94
195,93
195,92
195,91
195,90
195,89
195,88
195,87
195,86
195,85
195,84
195,83
195,82
195,81
195,80
195,79
195,78
195,77
195,76
195,75
195,74
195,73
195,72
195,71
195,70
195,69
195,68
195,67
195,66
195,65
195,64
195,63
195,62
195,61
195,60
195,59
195,58
195,57
195,56
195,55
195,54
195,53
195,52
195,51
195,50
195,49
195,48
195,47
195,46
195,45
195,44
195,43
195,42
195,41
195,40
195,39
195,38
195,37
195,36
195,35
195,34
195,33
195,32
195,31
195,30
195,29
195,28
195,27
195,26
195,25
195,24
195,23
195,22
195,21
195,20
195,19
196,155
196,154
196,153
196,152
196,151
196,150
196,149
196,148
196,147
196,146
196,145
196,144
196,143
196,142
196,141
196,140
196,139
196,138
196,137
196,136
196,135
196,134
196,133
196,132
196,131
196,130
196,129
196,128
196,127
196,126
196,125
196,124
196,123
196,122
196,121
196,120
196,119
196,118
196,117
196,116
196,115
196,114
196,113
196,112
196,111
196,110
196,109
196,108
196,107
196,106
196,105
196,104
196,103
196,102
196,101
196,100
196,99
196,98
196,97
196,96
196,95
196,94
196,93
196,92
196,91
196,90
196,89
196,88
196,87
196,86
196,85
196,84
196,83
196,82
196,81
196,80
196,79
196,78
196,77
196,76
196,75
196,74
196,73
196,72
196,71
196,70
196,69
196,68
196,67
196,66
196,65
196,64
196,63
196,62
196,61
196,60
196,59
196,58
196,57
196,56
196,55
196,54
196,53
196,52
196,51
196,50
196,49
196,48
196,47
196,46
196,45
196,44
196,43
196,42
196,41
196,40
196,39
196,38
196,37
196,36
196,35
196,34
196,33
196,32
196,31
196,30
196,29
196,28
196,27
196,26
196,25
196,24
196,23
196,22
196,21
196,20
196,19
197,155
197,154
197,153
197,152
197,151
197,150
197,149
197,148
197,147
197,146
197,145
197,144
197,143
197,142
197,141
197,140
197,139
197,138
197,137
197,136
197,135
197,134
197,133
197,132
197,131
197,130
197,129
197,128
197,127
197,126
197,125
197,124
197,123
197,122
197,121
197,120
197,119
197,118
197,117
197,116
197,115
197,114
197,113
197,112
197,111
197,110
197,109
197,108
197,107
197,106
197,105
197,104
197,103
197,102
197,101
197,100
197,99
197,98
197,97
197,96
197,95
197,94
197,93
197,92
197,91
197,90
197,89
197,88
197,87
197,86
197,85
197,84
197,83
197,82
197,81
197,80
197,79
197,78
197,77
197,76
197,75
197,74
197,73
197,72
197,71
197,70
197,69
197,68
197,67
197,66
197,65
197,64
197,63
197,62
197,61
197,60
197,59
197,58
197,57
197,56
197,55
197,54
197,53
197,52
197,51
197,50
197,49
197,48
197,47
197,46
197,45
197,44
197,43
197,42
197,41
197,40
197,39
197,38
197,37
197,36
197,35
197,34
197,33
197,32
197,31
197,30
197,29
197,28
197,27
197,26
197,25
197,24
197,23
197,22
197,21
197,20
197,19
198,155
198,154
198,153
198,152
198,151
198,150
198,149
198,148
198,147
198,146
198,145
198,144
198,143
198,142
198,141
198,140
198,139
198,138
198,137
198,136
198,135
198,134
198,133
198,132
198,131
198,130
198,129
198,128
198,127
198,126
198,125
198,124
198,123
198,122
198,121
198,120
198,119
198,118
198,117
198,116
198,115
198,114
198,113
198,112
198,111
198,110
198,109
198,108
198,107
198,106
198,105
198,104
198,103
198,102
198,101
198,100
198,99
198,98
198,97
198,96
198,95
198,94
198,93
198,92
198,91
198,90
198,89
198,88
198,87
198,86
198,85
198,84
198,83
198,82
198,81
198,80
198,79
198,78
198,77
198,76
198,75
198,74
198,73
198,72
198,71
198,70
198,69
198,68
198,67
198,66
198,65
198,64
198,63
198,62
198,61
198,60
198,59
198,58
198,57
198,56
198,55
198,54
198,53
198,52
198,51
198,50
198,49
198,48
198,47
198,46
198,45
198,44
198,43
198,42
198,41
198,40
198,39
198,38
198,37
198,36
198,35
198,34
198,33
198,32
198,31
198,30
198,29
198,28
198,27
198,26
198,25
198,24
198,23
198,22
198,21
198,20
198,19
199,154
199,153
199,152
199,151
199,150
199,149
199,148
199,147
199,146
199,145
199,144
199,143
199,142
199,141
199,140
199,139
199,138
199,137
199,136
199,135
199,134
199,133
199,132
199,131
199,130
199,129
199,128
199,127
199,126
199,125
199,124
199,123
199,122
199,121
199,120
199,119
199,118
199,117
199,116
199,115
199,114
199,113
199,112
199,111
199,110
199,109
199,108
199,107
199,106
199,105
199,104
199,103
199,102
199,101
199,100
199,99
199,98
199,97
199,96
199,95
199,94
199,93
199,92
199,91
199,90
199,89
199,88
199,87
199,86
199,85
199,84
199,83
199,82
199,81
199,80
199,79
199,78
199,77
199,76
199,75
199,74
199,73
199,72
199,71
199,70
199,69
199,68
199,67
199,66
199,65
199,64
199,63
199,62
199,61
199,60
199,59
199,58
199,57
199,56
199,55
199,54
199,53
199,52
199,51
199,50
199,49
199,48
199,47
199,46
199,45
199,44
199,43
199,42
199,41
199,40
199,39
199,38
199,37
199,36
199,35
199,34
199,33
199,32
199,31
199,30
199,29
199,28
199,27
199,26
199,25
199,24
199,23
199,22
199,21
199,20
199,19
200,154
200,153
200,152
200,151
200,150
200,149
200,148
200,147
200,146
200,145
200,144
200,143
200,142
200,141
200,140
200,139
200,138
200,137
200,136
200,135
200,134
200,133
200,132
200,131
200,130
200,129
200,128
200,127
200,126
200,125
200,124
200,123
200,122
200,121
200,120
200,119
200,118
200,117
200,116
200,115
200,114
200,113
200,112
200,111
200,110
200,109
200,108
200,107
200,106
200,105
200,104
200,103
200,102
200,101
200,100
200,99
200,98
200,97
200,96
200,95
200,94
200,93
200,92
200,91
200,90
200,89
200,88
200,87
200,86
200,85
200,84
200,83
200,82
200,81
200,80
200,79
200,78
200,77
200,76
200,75
200,74
200,73
200,72
200,71
200,70
200,69
200,68
200,67
200,66
200,65
200,64
200,63
200,62
200,61
200,60
200,59
200,58
200,57
200,56
200,55
200,54
200,53
200,52
200,51
200,50
200,49
200,48
200,47
200,46
200,45
200,44
200,43
200,42
200,41
200,40
200,39
200,38
200,37
200,36
200,35
200,34
200,33
200,32
200,31
200,30
200,29
200,28
200,27
200,26
200,25
200,24
200,23
200,22
200,21
200,20
200,19
201,153
201,152
201,151
201,150
201,149
201,148
201,147
201,146
201,145
201,144
201,143
201,142
201,141
201,140
201,139
201,138
201,137
201,136
201,135
201,134
201,133
201,132
201,131
201,130
201,129
201,128
201,127
201,126
201,125
201,124
201,123
201,122
201,121
201,120
201,119
201,118
201,117
201,116
201,115
201,114
201,113
201,112
201,111
201,110
201,109
201,108
201,107
201,106
201,105
201,104
201,103
201,102
201,101
201,100
201,99
201,98
201,97
201,96
201,95
201,94
201,93
201,92
201,91
201,90
201,89
201,88
201,87
201,86
201,85
201,84
201,83
201,82
201,81
201,80
201,79
201,78
201,77
201,76
201,75
201,74
201,73
201,72
201,71
201,70
201,69
201,68
201,67
201,66
201,65
201,64
201,63
201,62
201,61
201,60
201,59
201,58
201,57
201,56
201,55
201,54
201,53
201,52
201,51
201,50
201,49
201,48
201,47
201,46
201,45
201,44
201,43
201,42
201,41
201,40
201,39
201,38
201,37
201,36
201,35
201,34
201,33
201,32
201,31
201,30
201,29
201,28
201,27
201,26
201,25
201,24
201,23
201,22
201,21
201,20
202,153
202,152
202,151
202,150
202,149
202,148
202,147
202,146
202,145
202,144
202,143
202,142
202,141
202,140
202,139
202,138
202,137
202,136
202,135
202,134
202,133
202,132
202,131
202,130
202,129
202,128
202,127
202,126
202,125
202,124
202,123
202,122
202,121
202,120
202,119
202,118
202,117
202,116
202,115
202,114
202,113
202,112
202,111
202,110
202,109
202,108
202,107
202,106
202,105
202,104
202,103
202,102
202,101
202,100
202,99
202,98
202,97
202,96
202,95
202,94
202,93
202,92
202,91
202,90
202,89
202,88
202,87
202,86
202,85
202,84
202,83
202,82
202,81
202,80
202,79
202,78
202,77
202,76
202,75
202,74
202,73
202,72
202,71
202,70
202,69
202,68
202,67
202,66
202,65
202,64
202,63
202,62
202,61
202,60
202,59
202,58
202,57
202,56
202,55
202,54
202,53
202,52
202,51
202,50
202,49
202,48
202,47
202,46
202,45
202,44
202,43
202,42
202,41
202,40
202,39
202,38
202,37
202,36
202,35
202,34
202,33
202,32
202,31
202,30
202,29
202,28
202,27
202,26
202,25
202,24
202,23
202,22
202,21
202,20
203,153
203,152
203,151
203,150
203,149
203,148
203,147
203,146
203,145
203,144
203,143
203,142
203,141
203,140
203,139
203,138
203,137
203,136
203,135
203,134
203,133
203,132
203,131
203,130
203,129
203,128
203,127
203,126
203,125
203,124
203,123
203,122
203,121
203,120
203,119
203,118
203,117
203,116
203,115
203,114
203,113
203,112
203,111
203,110
203,109
203,108
203,107
203,106
203,105
203,104
203,103
203,102
203,101
203,100
203,99
203,98
203,97
203,96
203,95
203,94
203,93
203,92
203,91
203,90
203,89
203,88
203,87
203,86
203,85
203,84
203,83
203,82
203,81
203,80
203,79
203,78
203,77
203,76
203,75
203,74
203,73
203,72
203,71
203,70
203,69
203,68
203,67
203,66
203,65
203,64
203,63
203,62
203,61
203,60
203,59
203,58
203,57
203,56
203,55
203,54
203,53
203,52
203,51
203,50
203,49
203,48
203,47
203,46
203,45
203,44
203,43
203,42
203,41
203,40
203,39
203,38
203,37
203,36
203,35
203,34
203,33
203,32
203,31
203,30
203,29
203,28
203,27
203,26
203,25
203,24
203,23
203,22
203,21
203,20
204,152
204,151
204,150
204,149
204,148
204,147
204,146
204,145
204,144
204,143
204,142
204,141
204,140
204,139
204,138
204,137
204,136
204,135
204,134
204,133
204,132
204,131
204,130
204,129
204,128
204,127
204,126
204,125
204,124
204,123
204,122
204,121
204,120
204,119
204,118
204,117
204,116
204,115
204,114
204,113
204,112
204,111
204,110
204,109
204,108
204,107
204,106
204,105
204,104
204,103
204,102
204,101
204,100
204,99
204,98
204,97
204,96
204,95
204,94
204,93
204,92
204,91
204,90
204,89
204,88
204,87
204,86
204,85
204,84
204,83
204,82
204,81
204,80
204,79
204,78
204,77
204,76
204,75
204,74
204,73
204,72
204,71
204,70
204,69
204,68
204,67
204,66
204,65
204,64
204,63
204,62
204,61
204,60
204,59
204,58
204,57
204,56
204,55
204,54
204,53
204,52
204,51
204,50
204,49
204,48
204,47
204,46
204,45
204,44
204,43
204,42
204,41
204,40
204,39
204,38
204,37
204,36
204,35
204,34
204,33
204,32
204,31
204,30
204,29
204,28
204,27
204,26
204,25
204,24
204,23
204,22
204,21
205,152
205,151
205,150
205,149
205,148
205,147
205,146
205,145
205,144
205,143
205,142
205,141
205,140
205,139
205,138
205,137
205,136
205,135
205,134
205,133
205,132
205,131
205,130
205,129
205,128
205,127
205,126
205,125
205,124
205,123
205,122
205,121
205,120
205,119
205,118
205,117
205,116
205,115
205,114
205,113
205,112
205,111
205,110
205,109
205,108
205,107
205,106
205,105
205,104
205,103
205,102
205,101
205,100
205,99
205,98
205,97
205,96
205,95
205,94
205,93
205,92
205,91
205,90
205,89
205,88
205,87
205,86
205,85
205,84
205,83
205,82
205,81
205,80
205,79
205,78
205,77
205,76
205,75
205,74
205,73
205,72
205,71
205,70
205,69
205,68
205,67
205,66
205,65
205,64
205,63
205,62
205,61
205,60
205,59
205,58
205,57
205,56
205,55
205,54
205,53
205,52
205,51
205,50
205,49
205,48
205,47
205,46
205,45
205,44
205,43
205,42
205,41
205,40
205,39
205,38
205,37
205,36
205,35
205,34
205,33
205,32
205,31
205,30
205,29
205,28
205,27
205,26
205,25
205,24
205,23
205,22
205,21
206,151
206,150
206,149
206,148
206,147
206,146
206,145
206,144
206,143
206,142
206,141
206,140
206,139
206,138
206,137
206,136
206,135
206,134
206,133
206,132
206,131
206,130
206,129
206,128
206,127
206,126
206,125
206,124
206,123
206,122
206,121
206,120
206,119
206,118
206,117
206,116
206,115
206,114
206,113
206,112
206,111
206,110
206,109
206,108
206,107
206,106
206,105
206,104
206,103
206,102
206,101
206,100
206,99
206,98
206,97
206,96
206,95
206,94
206,93
206,92
206,91
206,90
206,89
206,88
206,87
206,86
206,85
206,84
206,83
206,82
206,81
206,80
206,79
206,78
206,77
206,76
206,75
206,74
206,73
206,72
206,71
206,70
206,69
206,68
206,67
206,66
206,65
206,64
206,63
206,62
206,61
206,60
206,59
206,58
206,57
206,56
206,55
206,54
206,53
206,52
206,51
206,50
206,49
206,48
206,47
206,46
206,45
206,44
206,43
206,42
206,41
206,40
206,39
206,38
206,37
206,36
206,35
206,34
206,33
206,32
206,31
206,30
206,29
206,28
206,27
206,26
206,25
206,24
206,23
206,22
206,21
207,151
207,150
207,149
207,148
207,147
207,146
207,140
207,139
207,138
207,137
207,136
207,135
207,134
207,133
207,132
207,131
207,130
207,129
207,128
207,127
207,126
207,125
207,124
207,123
207,122
207,121
207,120
207,119
207,118
207,117
207,116
207,115
207,114
207,113
207,112
207,111
207,110
207,109
207,108
207,107
207,106
207,105
207,104
207,103
207,102
207,101
207,100
207,99
207,98
207,97
207,96
207,95
207,94
207,93
207,92
207,91
207,90
207,89
207,88
207,87
207,86
207,85
207,84
207,83
207,82
207,81
207,80
207,79
207,78
207,77
207,76
207,75
207,74
207,73
207,72
207,71
207,70
207,69
207,68
207,67
207,66
207,65
207,64
207,63
207,62
207,61
207,60
207,59
207,58
207,57
207,56
207,55
207,54
207,53
207,52
207,51
207,50
207,49
207,48
207,47
207,46
207,45
207,44
207,43
207,42
207,41
207,40
207,39
207,38
207,37
207,36
207,35
207,34
207,33
207,32
207,31
207,30
207,29
207,28
207,27
207,26
207,25
207,24
207,23
207,22
208,150
208,149
208,148
208,138
208,137
208,136
208,135
208,134
208,133
208,132
208,131
208,130
208,129
208,128
208,127
208,126
208,125
208,124
208,123
208,122
208,121
208,120
208,119
208,118
208,117
208,116
208,115
208,114
208,113
208,112
208,111
208,110
208,109
208,108
208,107
208,106
208,105
208,104
208,103
208,102
208,101
208,100
208,99
208,98
208,97
208,96
208,95
208,94
208,93
208,92
208,91
208,90
208,89
208,88
208,87
208,86
208,85
208,84
208,83
208,82
208,81
208,80
208,79
208,78
208,77
208,76
208,75
208,74
208,73
208,72
208,71
208,70
208,69
208,68
208,67
208,66
208,65
208,64
208,63
208,62
208,61
208,60
208,59
208,58
208,57
208,56
208,55
208,54
208,53
208,52
208,51
208,50
208,49
208,48
208,47
208,46
208,45
208,44
208,43
208,42
208,41
208,40
208,39
208,38
208,37
208,36
208,35
208,34
208,33
208,32
208,31
208,30
208,29
208,28
208,27
208,26
208,25
208,24
208,23
209,150
209,149
209,137
209,136
209,135
209,134
209,133
209,132
209,131
209,130
209,129
209,128
209,127
209,126
209,125
209,124
209,123
209,122
209,121
209,120
209,119
209,118
209,117
209,116
209,115
209,114
209,113
209,112
209,111
209,110
209,109
209,108
209,107
209,106
209,105
209,104
209,103
209,102
209,101
209,100
209,99
209,98
209,97
209,96
209,95
209,94
209,93
209,92
209,91
209,90
209,89
209,88
209,87
209,86
209,85
209,84
209,83
209,82
209,81
209,80
209,79
209,78
209,77
209,76
209,75
209,74
209,73
209,72
209,71
209,70
209,69
209,68
209,67
209,66
209,65
209,64
209,63
209,62
209,61
209,60
209,59
209,58
209,57
209,56
209,55
209,54
209,53
209,52
209,51
209,50
209,49
209,48
209,47
209,46
209,45
209,44
209,43
209,42
209,41
209,40
209,39
209,38
209,37
209,36
209,35
209,34
209,33
209,32
209,31
209,30
209,29
209,28
209,27
209,26
209,25
209,24
210,137
210,136
210,135
210,134
210,133
210,132
210,131
210,130
210,129
210,128
210,127
210,126
210,125
210,124
210,123
210,122
210,121
210,120
210,119
210,118
210,117
210,116
210,115
210,114
210,113
210,112
210,111
210,110
210,109
210,108
210,107
210,106
210,105
210,104
210,103
210,102
210,101
210,100
210,99
210,98
210,97
210,96
210,95
210,94
210,93
210,92
210,91
210,90
210,89
210,88
210,87
210,86
210,85
210,84
210,83
210,82
210,81
210,80
210,79
210,78
210,77
210,76
210,75
210,74
210,73
210,72
210,71
210,70
210,69
210,68
210,67
210,66
210,65
210,64
210,63
210,62
210,61
210,60
210,59
210,58
210,57
210,56
210,55
210,54
210,53
210,52
210,51
210,50
210,49
210,48
210,47
210,46
210,45
210,44
210,43
210,42
210,41
210,40
210,39
210,38
210,37
210,36
210,35
210,34
210,33
210,32
210,31
210,30
210,29
210,28
210,27
210,26
210,25
211,137
211,136
211,135
211,134
211,133
211,132
211,131
211,130
211,129
211,128
211,127
211,126
211,125
211,124
211,123
211,122
211,121
211,120
211,119
211,118
211,117
211,116
211,115
211,114
211,113
211,112
211,111
211,110
211,109
211,108
211,107
211,106
211,105
211,104
211,103
211,102
211,101
211,100
211,99
211,98
211,97
211,96
211,95
211,94
211,93
211,92
211,91
211,90
211,89
211,88
211,87
211,86
211,85
211,84
211,83
211,82
211,81
211,80
211,79
211,78
211,77
211,76
211,75
211,74
211,73
211,72
211,71
211,70
211,69
211,68
211,67
211,66
211,65
211,64
211,63
211,62
211,61
211,60
211,59
211,58
211,57
211,56
211,55
211,54
211,53
211,52
211,51
211,50
211,49
211,48
211,47
211,46
211,45
211,44
211,43
211,42
211,41
211,40
211,39
211,38
211,37
211,36
211,35
211,34
211,33
211,32
211,31
211,30
211,29
211,28
211,27
211,26
212,137
212,136
212,135
212,134
212,133
212,132
212,131
212,130
212,129
212,128
212,127
212,126
212,125
212,124
212,123
212,122
212,121
212,120
212,119
212,118
212,117
212,116
212,115
212,114
212,113
212,112
212,111
212,110
212,109
212,108
212,107
212,106
212,105
212,104
212,103
212,102
212,101
212,100
212,99
212,98
212,97
212,96
212,95
212,94
212,93
212,92
212,91
212,90
212,89
212,88
212,87
212,86
212,85
212,84
212,83
212,82
212,81
212,80
212,79
212,78
212,77
212,76
212,75
212,74
212,73
212,72
212,71
212,70
212,69
212,68
212,67
212,66
212,65
212,64
212,63
212,62
212,61
212,60
212,59
212,58
212,57
212,56
212,55
212,54
212,53
212,52
212,51
212,50
212,49
212,48
212,47
212,46
212,45
212,44
212,43
212,42
212,41
212,40
212,39
212,38
212,37
212,36
212,35
212,34
212,33
212,32
212,31
212,30
212,29
212,28
212,27
213,137
213,136
213,135
213,134
213,133
213,132
213,131
213,130
213,129
213,128
213,127
213,126
213,125
213,124
213,123
213,122
213,121
213,120
213,119
213,118
213,117
213,116
213,115
213,114
213,113
213,112
213,111
213,110
213,109
213,108
213,107
213,106
213,105
213,104
213,103
213,102
213,101
213,100
213,99
213,98
213,97
213,96
213,95
213,94
213,93
213,92
213,91
213,90
213,89
213,88
213,87
213,86
213,85
213,84
213,83
213,82
213,81
213,80
213,79
213,78
213,77
213,76
213,75
213,74
213,73
213,72
213,71
213,70
213,69
213,68
213,67
213,66
213,65
213,64
213,63
213,62
213,61
213,60
213,59
213,58
213,57
213,56
213,55
213,54
213,53
213,52
213,51
213,50
213,49
213,48
213,47
213,46
213,45
213,44
213,43
213,42
213,41
213,40
213,39
213,38
213,37
213,36
213,35
213,34
213,33
213,32
213,31
213,30
213,29
213,28
213,27
214,137
214,136
214,135
214,134
214,133
214,132
214,131
214,130
214,129
214,128
214,127
214,126
214,125
214,124
214,123
214,122
214,121
214,120
214,119
214,118
214,117
214,116
214,115
214,114
214,113
214,112
214,111
214,110
214,109
214,108
214,107
214,106
214,105
214,104
214,103
214,102
214,101
214,100
214,99
214,98
214,97
214,96
214,95
214,94
214,93
214,92
214,91
214,90
214,89
214,88
214,87
214,86
214,85
214,84
214,83
214,82
214,81
214,80
214,79
214,78
214,77
214,76
214,75
214,74
214,73
214,72
214,71
214,70
214,69
214,68
214,67
214,66
214,65
214,64
214,63
214,62
214,61
214,60
214,59
214,58
214,57
214,56
214,55
214,54
214,53
214,52
214,51
214,50
214,49
214,48
214,47
214,46
214,45
214,44
214,43
214,42
214,41
214,40
214,39
214,38
214,37
214,36
214,35
214,34
214,33
214,32
214,31
214,30
214,29
214,28
214,27
215,137
215,136
215,135
215,134
215,133
215,132
215,131
215,130
215,129
215,128
215,127
215,126
215,125
215,124
215,123
215,122
215,121
215,120
215,119
215,118
215,117
215,116
215,115
215,114
215,113
215,112
215,111
215,110
215,109
215,108
215,107
215,106
215,105
215,104
215,103
215,102
215,101
215,100
215,99
215,98
215,97
215,96
215,95
215,94
215,93
215,92
215,91
215,90
215,89
215,88
215,87
215,86
215,85
215,84
215,83
215,82
215,81
215,80
215,79
215,78
215,77
215,76
215,75
215,74
215,73
215,72
215,71
215,70
215,69
215,68
215,67
215,66
215,65
215,64
215,63
215,62
215,61
215,60
215,59
215,58
215,57
215,56
215,55
215,54
215,53
215,52
215,51
215,50
215,49
215,48
215,47
215,46
215,45
215,44
215,43
215,42
215,41
215,40
215,39
215,38
215,37
215,36
215,35
215,34
215,33
215,32
215,31
215,30
215,29
215,28
216,148
216,137
216,136
216,135
216,134
216,133
216,132
216,131
216,130
216,129
216,128
216,127
216,126
216,125
216,124
216,123
216,122
216,121
216,120
216,119
216,118
216,117
216,116
216,115
216,114
216,113
216,112
216,111
216,110
216,109
216,108
216,107
216,106
216,105
216,104
216,103
216,102
216,101
216,100
216,99
216,98
216,97
216,96
216,95
216,94
216,93
216,92
216,91
216,90
216,89
216,88
216,87
216,86
216,85
216,84
216,83
216,82
216,81
216,80
216,79
216,78
216,77
216,76
216,75
216,74
216,73
216,72
216,71
216,70
216,69
216,68
216,67
216,66
216,65
216,64
216,63
216,62
216,61
216,60
216,59
216,58
216,57
216,56
216,55
216,54
216,53
216,52
216,51
216,50
216,49
216,48
216,47
216,46
216,45
216,44
216,43
216,42
216,41
216,40
216,39
216,38
216,37
216,36
216,35
216,34
216,33
216,32
216,31
216,30
216,29
216,28
217,148
217,137
217,136
217,135
217,134
217,133
217,132
217,131
217,130
217,129
217,128
217,127
217,126
217,125
217,124
217,123
217,122
217,121
217,120
217,119
217,118
217,117
217,116
217,115
217,114
217,113
217,112
217,111
217,110
217,109
217,108
217,107
217,106
217,105
217,104
217,103
217,102
217,101
217,100
217,99
217,98
217,97
217,96
217,95
217,94
217,93
217,92
217,91
217,90
217,89
217,88
217,87
217,86
217,85
217,84
217,83
217,82
217,81
217,80
217,79
217,78
217,77
217,76
217,75
217,74
217,73
217,72
217,71
217,70
217,69
217,68
217,67
217,66
217,65
217,64
217,63
217,62
217,61
217,60
217,59
217,58
217,57
217,56
217,55
217,54
217,53
217,52
217,51
217,50
217,49
217,48
217,47
217,46
217,45
217,44
217,43
217,42
217,41
217,40
217,39
217,38
217,37
217,36
217,35
217,34
217,33
217,32
217,31
217,30
217,29
217,28
218,149
218,148
218,147
218,139
218,138
218,137
218,136
218,135
218,134
218,133
218,132
218,131
218,130
218,129
218,128
218,127
218,126
218,125
218,124
218,123
218,122
218,121
218,120
218,119
218,118
218,117
218,116
218,115
218,114
218,113
218,112
218,111
218,110
218,109
218,108
218,107
218,106
218,105
218,104
218,103
218,102
218,101
218,100
218,99
218,98
218,97
218,96
218,95
218,94
218,93
218,92
218,91
218,90
218,89
218,88
218,87
218,86
218,85
218,84
218,83
218,82
218,81
218,80
218,79
218,78
218,77
218,76
218,75
218,74
218,73
218,72
218,71
218,70
218,69
218,68
218,67
218,66
218,65
218,64
218,63
218,62
218,61
218,60
218,59
218,58
218,57
218,56
218,55
218,54
218,53
218,52
218,51
218,50
218,49
218,48
218,47
218,46
218,45
218,44
218,43
218,42
218,41
218,40
218,39
218,38
218,37
218,36
218,35
218,34
218,33
218,32
218,31
218,30
218,29
218,28
219,148
219,147
219,146
219,145
219,140
219,139
219,138
219,137
219,136
219,135
219,134
219,133
219,132
219,131
219,130
219,129
219,128
219,127
219,126
219,125
219,124
219,123
219,122
219,121
219,120
219,119
219,118
219,117
219,116
219,115
219,114
219,113
219,112
219,111
219,110
219,109
219,108
219,107
219,106
219,105
219,104
219,103
219,102
219,101
219,100
219,99
219,98
219,97
219,96
219,95
219,94
219,93
219,92
219,91
219,90
219,89
219,88
219,87
219,86
219,85
219,84
219,83
219,82
219,81
219,80
219,79
219,78
219,77
219,76
219,75
219,74
219,73
219,72
219,71
219,70
219,69
219,68
219,67
219,66
219,65
219,64
219,63
219,62
219,61
219,60
219,59
219,58
219,57
219,56
219,55
219,54
219,53
219,52
219,51
219,50
219,49
219,48
219,47
219,46
219,45
219,44
219,43
219,42
219,41
219,40
219,39
219,38
219,37
219,36
219,35
219,34
219,33
219,32
219,31
219,30
219,29
219,28
220,148
220,147
220,146
220,145
220,144
220,143
220,142
220,141
220,140
220,139
220,138
220,137
220,136
220,135
220,134
220,133
220,132
220,131
220,130
220,129
220,128
220,127
220,126
220,125
220,124
220,123
220,122
220,121
220,120
220,119
220,118
220,117
220,116
220,115
220,114
220,113
220,112
220,111
220,110
220,109
220,108
220,107
220,106
220,105
220,104
220,103
220,102
220,101
220,100
220,99
220,98
220,97
220,96
220,95
220,94
220,93
220,92
220,91
220,90
220,89
220,88
220,87
220,86
220,85
220,84
220,83
220,82
220,81
220,80
220,79
220,78
220,77
220,76
220,75
220,74
220,73
220,72
220,71
220,70
220,69
220,68
220,67
220,66
220,65
220,64
220,63
220,62
220,61
220,60
220,59
220,58
220,57
220,56
220,55
220,54
220,53
220,52
220,51
220,50
220,49
220,48
220,47
220,46
220,45
220,44
220,43
220,42
220,41
220,40
220,39
220,38
220,37
220,36
220,35
220,34
220,33
220,32
220,31
220,30
220,29
220,28
220,27
221,147
221,146
221,145
221,144
221,143
221,142
221,141
221,140
221,139
221,138
221,137
221,136
221,135
221,134
221,133
221,132
221,131
221,130
221,129
221,128
221,127
221,126
221,125
221,124
221,123
221,122
221,121
221,120
221,119
221,118
221,117
221,116
221,115
221,114
221,113
221,112
221,111
221,110
221,109
221,108
221,107
221,106
221,105
221,104
221,103
221,102
221,101
221,100
221,99
221,98
221,97
221,96
221,95
221,94
221,93
221,92
221,91
221,90
221,89
221,88
221,87
221,86
221,85
221,84
221,83
221,82
221,81
221,80
221,79
221,78
221,77
221,76
221,75
221,74
221,73
221,72
221,71
221,70
221,69
221,68
221,67
221,66
221,65
221,64
221,63
221,62
221,61
221,60
221,59
221,58
221,57
221,56
221,55
221,54
221,53
221,52
221,51
221,50
221,49
221,48
221,47
221,46
221,45
221,44
221,43
221,42
221,41
221,40
221,39
221,38
221,37
221,36
221,35
221,34
221,33
221,32
221,31
221,30
221,29
221,28
221,27
222,147
222,146
222,145
222,144
222,143
222,142
222,141
222,140
222,139
222,138
222,137
222,136
222,135
222,134
222,133
222,132
222,131
222,130
222,129
222,128
222,127
222,126
222,125
222,124
222,123
222,122
222,121
222,120
222,119
222,118
222,117
222,116
222,115
222,114
222,113
222,112
222,111
222,110
222,109
222,108
222,107
222,106
222,105
222,104
222,103
222,102
222,101
222,100
222,99
222,98
222,97
222,96
222,95
222,94
222,93
222,92
222,91
222,90
222,89
222,88
222,87
222,86
222,85
222,84
222,83
222,82
222,81
222,80
222,79
222,78
222,77
222,76
222,75
222,74
222,73
222,72
222,71
222,70
222,69
222,68
222,67
222,66
222,65
222,64
222,63
222,62
222,61
222,60
222,59
222,58
222,57
222,56
222,55
222,54
222,53
222,52
222,51
222,50
222,49
222,48
222,47
222,46
222,45
222,44
222,43
222,42
222,41
222,40
222,39
222,38
222,37
222,36
222,35
222,34
222,33
222,32
222,31
222,30
222,29
222,28
222,27
223,147
223,146
223,145
223,144
223,143
223,142
223,141
223,140
223,139
223,138
223,137
223,136
223,135
223,134
223,133
223,132
223,131
223,130
223,129
223,128
223,127
223,126
223,125
223,124
223,123
223,122
223,121
223,120
223,119
223,118
223,117
223,116
223,115
223,114
223,113
223,112
223,111
223,110
223,109
223,108
223,107
223,106
223,105
223,104
223,103
223,102
223,101
223,100
223,99
223,98
223,97
223,96
223,95
223,94
223,93
223,92
223,91
223,90
223,89
223,88
223,87
223,86
223,85
223,84
223,83
223,82
223,81
223,80
223,79
223,78
223,77
223,76
223,75
223,74
223,73
223,72
223,71
223,70
223,69
223,68
223,67
223,66
223,65
223,64
223,63
223,62
223,61
223,60
223,59
223,58
223,57
223,56
223,55
223,54
223,53
223,52
223,51
223,50
223,49
223,48
223,47
223,46
223,45
223,44
223,43
223,42
223,41
223,40
223,39
223,38
223,36
223,35
223,34
223,33
223,32
223,31
223,30
223,29
223,28
223,27
224,146
224,145
224,144
224,143
224,142
224,141
224,140
224,139
224,138
224,137
224,136
224,135
224,134
224,133
224,132
224,131
224,130
224,129
224,128
224,127
224,126
224,125
224,124
224,123
224,122
224,121
224,120
224,119
224,118
224,117
224,116
224,115
224,114
224,113
224,112
224,111
224,110
224,109
224,108
224,107
224,106
224,105
224,104
224,103
224,102
224,101
224,100
224,99
224,98
224,97
224,96
224,95
224,94
224,93
224,92
224,91
224,90
224,89
224,88
224,87
224,86
224,85
224,84
224,83
224,82
224,81
224,80
224,79
224,78
224,77
224,76
224,75
224,74
224,73
224,72
224,71
224,70
224,69
224,68
224,67
224,66
224,65
224,64
224,63
224,62
224,61
224,60
224,59
224,58
224,57
224,56
224,55
224,54
224,53
224,52
224,51
224,50
224,49
224,48
224,47
224,46
224,45
224,44
224,43
224,42
224,41
224,40
224,39
224,38
224,35
224,34
224,33
224,32
224,31
224,30
224,29
224,28
224,27
225,146
225,145
225,144
225,143
225,142
225,141
225,140
225,139
225,138
225,137
225,136
225,135
225,134
225,133
225,132
225,131
225,130
225,129
225,128
225,127
225,126
225,125
225,124
225,123
225,122
225,121
225,120
225,119
225,118
225,117
225,116
225,115
225,114
225,113
225,112
225,111
225,110
225,109
225,108
225,107
225,106
225,105
225,104
225,103
225,102
225,101
225,100
225,99
225,98
225,97
225,96
225,95
225,94
225,93
225,92
225,91
225,90
225,89
225,88
225,87
225,86
225,85
225,84
225,83
225,82
225,81
225,80
225,79
225,78
225,77
225,76
225,75
225,74
225,73
225,72
225,71
225,70
225,69
225,68
225,67
225,66
225,65
225,64
225,63
225,62
225,61
225,60
225,59
225,58
225,57
225,56
225,55
225,54
225,53
225,52
225,51
225,50
225,49
225,48
225,47
225,46
225,45
225,44
225,43
225,42
225,41
225,40
225,39
225,38
225,28
225,27
225,26
226,145
226,144
226,143
226,142
226,141
226,140
226,139
226,138
226,137
226,136
226,135
226,134
226,133
226,132
226,131
226,130
226,129
226,128
226,127
226,126
226,125
226,124
226,123
226,122
226,121
226,120
226,119
226,118
226,117
226,116
226,115
226,114
226,113
226,112
226,111
226,110
226,109
226,108
226,107
226,106
226,105
226,104
226,103
226,102
226,101
226,100
226,99
226,98
226,97
226,96
226,95
226,94
226,93
226,92
226,91
226,90
226,89
226,88
226,87
226,86
226,85
226,84
226,83
226,82
226,81
226,80
226,79
226,78
226,77
226,76
226,75
226,74
226,73
226,72
226,71
226,70
226,69
226,68
226,67
226,66
226,65
226,64
226,63
226,62
226,61
226,60
226,59
226,58
226,57
226,56
226,55
226,54
226,53
226,52
226,51
226,50
226,49
226,48
226,47
226,46
226,45
226,44
226,43
226,42
226,41
226,40
226,39
226,38
226,26
227,145
227,144
227,143
227,142
227,141
227,140
227,139
227,138
227,137
227,136
227,135
227,134
227,133
227,132
227,131
227,130
227,129
227,128
227,127
227,126
227,125
227,124
227,123
227,122
227,121
227,120
227,119
227,118
227,117
227,116
227,115
227,114
227,113
227,112
227,111
227,110
227,109
227,108
227,107
227,106
227,105
227,104
227,103
227,102
227,101
227,100
227,99
227,98
227,97
227,96
227,95
227,94
227,93
227,92
227,91
227,90
227,89
227,88
227,87
227,86
227,85
227,84
227,83
227,82
227,81
227,80
227,79
227,78
227,77
227,76
227,75
227,74
227,73
227,72
227,71
227,70
227,69
227,68
227,67
227,66
227,65
227,64
227,63
227,62
227,61
227,60
227,59
227,58
227,57
227,56
227,55
227,54
227,53
227,52
227,51
227,50
227,49
227,48
227,47
227,46
227,45
227,44
227,43
227,42
227,41
227,40
227,39
227,38
228,145
228,144
228,143
228,142
228,141
228,140
228,139
228,138
228,137
228,136
228,135
228,134
228,133
228,132
228,131
228,130
228,129
228,128
228,127
228,126
228,125
228,124
228,123
228,122
228,121
228,120
228,119
228,118
228,117
228,116
228,115
228,114
228,113
228,112
228,111
228,110
228,109
228,108
228,107
228,106
228,105
228,104
228,103
228,102
228,101
228,100
228,99
228,98
228,97
228,96
228,95
228,94
228,93
228,92
228,91
228,90
228,89
228,88
228,87
228,86
228,85
228,84
228,83
228,82
228,81
228,80
228,79
228,78
228,77
228,76
228,75
228,74
228,73
228,72
228,71
228,70
228,69
228,68
228,67
228,66
228,65
228,64
228,63
228,62
228,61
228,60
228,59
228,58
228,57
228,56
228,55
228,54
228,53
228,52
228,51
228,50
228,49
228,48
228,47
228,46
228,45
228,44
228,43
228,42
228,41
228,40
228,39
228,38
229,145
229,144
229,143
229,142
229,141
229,140
229,139
229,138
229,137
229,136
229,135
229,134
229,133
229,132
229,131
229,130
229,129
229,128
229,127
229,126
229,125
229,124
229,123
229,122
229,121
229,120
229,119
229,118
229,117
229,116
229,115
229,114
229,113
229,112
229,111
229,110
229,109
229,108
229,107
229,106
229,105
229,104
229,103
229,102
229,101
229,100
229,99
229,98
229,97
229,96
229,95
229,94
229,93
229,92
229,91
229,90
229,89
229,88
229,87
229,86
229,85
229,84
229,83
229,82
229,81
229,80
229,79
229,78
229,77
229,76
229,75
229,74
229,73
229,72
229,71
229,70
229,69
229,68
229,67
229,66
229,65
229,64
229,63
229,62
229,61
229,60
229,59
229,58
229,57
229,56
229,55
229,54
229,53
229,52
229,51
229,50
229,49
229,48
229,47
229,46
229,45
229,44
229,43
229,42
229,41
229,40
229,39
229,38
230,144
230,143
230,142
230,141
230,140
230,139
230,138
230,137
230,136
230,135
230,134
230,133
230,132
230,131
230,130
230,129
230,128
230,127
230,126
230,125
230,124
230,123
230,122
230,121
230,120
230,119
230,118
230,117
230,116
230,115
230,114
230,113
230,112
230,111
230,110
230,109
230,108
230,107
230,106
230,105
230,104
230,103
230,102
230,101
230,100
230,99
230,98
230,97
230,96
230,95
230,94
230,93
230,92
230,91
230,90
230,89
230,88
230,87
230,86
230,85
230,84
230,83
230,82
230,81
230,80
230,79
230,78
230,77
230,76
230,75
230,74
230,73
230,72
230,71
230,70
230,69
230,68
230,67
230,66
230,65
230,64
230,63
230,62
230,61
230,60
230,59
230,58
230,57
230,56
230,55
230,54
230,53
230,52
230,51
230,50
230,49
230,48
230,47
230,46
230,45
230,44
230,43
230,42
230,41
230,40
230,39
230,38
230,37
231,144
231,143
231,142
231,141
231,140
231,139
231,138
231,137
231,136
231,135
231,134
231,133
231,132
231,131
231,130
231,129
231,128
231,127
231,126
231,125
231,124
231,123
231,122
231,121
231,120
231,119
231,118
231,117
231,116
231,115
231,114
231,113
231,112
231,111
231,110
231,109
231,108
231,107
231,106
231,105
231,104
231,103
231,102
231,101
231,100
231,99
231,98
231,97
231,96
231,95
231,94
231,93
231,92
231,91
231,90
231,89
231,88
231,87
231,86
231,85
231,84
231,83
231,82
231,81
231,80
231,79
231,78
231,77
231,76
231,75
231,74
231,73
231,72
231,71
231,70
231,69
231,68
231,67
231,66
231,65
231,64
231,63
231,62
231,61
231,60
231,59
231,58
231,57
231,56
231,55
231,54
231,53
231,52
231,51
231,50
231,49
231,48
231,47
231,46
231,45
231,44
231,43
231,42
231,41
231,40
231,39
231,38
231,37
231,36
232,144
232,143
232,142
232,141
232,140
232,139
232,138
232,137
232,136
232,135
232,134
232,133
232,132
232,131
232,130
232,129
232,128
232,127
232,126
232,125
232,124
232,123
232,122
232,121
232,120
232,119
232,118
232,117
232,116
232,115
232,114
232,113
232,112
232,111
232,110
232,109
232,108
232,107
232,106
232,105
232,104
232,103
232,102
232,101
232,100
232,99
232,98
232,97
232,96
232,95
232,94
232,93
232,92
232,91
232,90
232,89
232,88
232,87
232,86
232,85
232,84
232,83
232,82
232,81
232,80
232,79
232,78
232,77
232,76
232,75
232,74
232,73
232,72
232,71
232,70
232,69
232,68
232,67
232,66
232,65
232,64
232,63
232,62
232,61
232,60
232,59
232,58
232,57
232,56
232,55
232,54
232,53
232,52
232,51
232,50
232,49
232,48
232,47
232,46
232,45
232,44
232,43
232,42
232,41
232,40
232,39
232,38
232,37
232,36
232,35
233,144
233,143
233,142
233,141
233,140
233,139
233,138
233,137
233,136
233,135
233,134
233,133
233,132
233,131
233,130
233,129
233,128
233,127
233,126
233,125
233,124
233,123
233,122
233,121
233,120
233,119
233,118
233,117
233,116
233,115
233,114
233,113
233,112
233,111
233,110
233,109
233,108
233,107
233,106
233,105
233,104
233,103
233,102
233,101
233,100
233,99
233,98
233,97
233,96
233,95
233,94
233,93
233,92
233,91
233,90
233,89
233,88
233,87
233,86
233,85
233,84
233,83
233,82
233,81
233,80
233,79
233,78
233,77
233,76
233,75
233,74
233,73
233,72
233,71
233,70
233,69
233,68
233,67
233,66
233,65
233,64
233,63
233,62
233,61
233,60
233,59
233,58
233,57
233,56
233,55
233,54
233,53
233,52
233,51
233,50
233,49
233,48
233,47
233,46
233,45
233,44
233,43
233,42
233,41
233,40
233,39
233,38
233,37
233,36
233,35
233,34
234,144
234,143
234,142
234,141
234,140
234,139
234,138
234,137
234,136
234,135
234,134
234,133
234,132
234,131
234,130
234,129
234,128
234,127
234,126
234,125
234,124
234,123
234,122
234,121
234,120
234,119
234,118
234,117
234,116
234,115
234,114
234,113
234,112
234,111
234,110
234,109
234,108
234,107
234,106
234,105
234,104
234,103
234,102
234,101
234,100
234,99
234,98
234,97
234,96
234,95
234,94
234,93
234,92
234,91
234,90
234,89
234,88
234,87
234,86
234,85
234,84
234,83
234,82
234,81
234,80
234,79
234,78
234,77
234,76
234,75
234,74
234,73
234,72
234,71
234,70
234,69
234,68
234,67
234,66
234,65
234,64
234,63
234,62
234,61
234,60
234,59
234,58
234,57
234,56
234,55
234,54
234,53
234,52
234,51
234,50
234,49
234,48
234,47
234,46
234,45
234,44
234,43
234,42
234,41
234,40
234,39
234,38
234,37
234,36
234,35
234,34
234,33
235,144
235,143
235,142
235,141
235,140
235,139
235,138
235,137
235,136
235,135
235,134
235,133
235,132
235,131
235,130
235,129
235,128
235,127
235,126
235,125
235,124
235,123
235,122
235,121
235,120
235,119
235,118
235,117
235,116
235,115
235,114
235,113
235,112
235,111
235,110
235,109
235,108
235,107
235,106
235,105
235,104
235,103
235,102
235,101
235,100
235,99
235,98
235,97
235,96
235,95
235,94
235,93
235,92
235,91
235,90
235,89
235,88
235,87
235,86
235,85
235,84
235,83
235,82
235,81
235,80
235,79
235,78
235,77
235,76
235,75
235,74
235,73
235,72
235,71
235,70
235,69
235,68
235,67
235,66
235,65
235,64
235,63
235,62
235,61
235,60
235,59
235,58
235,57
235,56
235,55
235,54
235,53
235,52
235,51
235,50
235,49
235,48
235,47
235,46
235,45
235,44
235,43
235,42
235,41
235,40
235,39
235,38
235,37
235,36
235,35
235,34
235,33
235,32
236,143
236,142
236,141
236,140
236,139
236,138
236,137
236,136
236,135
236,134
236,133
236,132
236,131
236,130
236,129
236,128
236,127
236,126
236,125
236,124
236,123
236,122
236,121
236,120
236,119
236,118
236,117
236,116
236,115
236,114
236,113
236,112
236,111
236,110
236,109
236,108
236,107
236,106
236,105
236,104
236,103
236,102
236,101
236,100
236,99
236,98
236,97
236,96
236,95
236,94
236,93
236,92
236,91
236,90
236,89
236,88
236,87
236,86
236,85
236,84
236,83
236,82
236,81
236,80
236,79
236,78
236,77
236,76
236,75
236,74
236,73
236,72
236,71
236,70
236,69
236,68
236,67
236,66
236,65
236,64
236,63
236,62
236,61
236,60
236,59
236,58
236,57
236,56
236,55
236,54
236,53
236,52
236,51
236,50
236,49
236,48
236,47
236,46
236,45
236,44
236,43
236,42
236,41
236,40
236,39
236,38
236,37
236,36
236,35
236,34
236,33
236,32
236,31
236,30
236,23
236,22
236,21
237,143
237,142
237,141
237,140
237,139
237,138
237,137
237,136
237,135
237,134
237,133
237,132
237,131
237,130
237,129
237,128
237,127
237,126
237,125
237,124
237,123
237,122
237,121
237,120
237,119
237,118
237,117
237,116
237,115
237,114
237,113
237,112
237,111
237,110
237,109
237,108
237,107
237,106
237,105
237,104
237,103
237,102
237,101
237,100
237,99
237,98
237,97
237,96
237,95
237,94
237,93
237,92
237,91
237,90
237,89
237,88
237,87
237,86
237,85
237,84
237,83
237,82
237,81
237,80
237,79
237,78
237,77
237,76
237,75
237,74
237,73
237,72
237,71
237,70
237,69
237,68
237,67
237,66
237,65
237,64
237,63
237,62
237,61
237,60
237,59
237,58
237,57
237,56
237,55
237,54
237,53
237,52
237,51
237,50
237,49
237,48
237,47
237,46
237,45
237,44
237,43
237,42
237,41
237,40
237,39
237,38
237,37
237,36
237,35
237,34
237,33
237,32
237,31
237,30
237,29
237,24
237,23
237,22
237,21
238,143
238,142
238,141
238,140
238,139
238,138
238,137
238,136
238,135
238,134
238,133
238,132
238,131
238,130
238,129
238,128
238,127
238,126
238,125
238,124
238,123
238,122
238,121
238,120
238,119
238,118
238,117
238,116
238,115
238,114
238,113
238,112
238,111
238,110
238,109
238,108
238,107
238,106
238,105
238,104
238,103
238,102
238,101
238,100
238,99
238,98
238,97
238,96
238,95
238,94
238,93
238,92
238,91
238,90
238,89
238,88
238,87
238,86
238,85
238,84
238,83
238,82
238,81
238,80
238,79
238,78
238,77
238,76
238,75
238,74
238,73
238,72
238,71
238,70
238,69
238,68
238,67
238,66
238,65
238,64
238,63
238,62
238,61
238,60
238,59
238,58
238,57
238,56
238,55
238,54
238,53
238,52
238,51
238,50
238,49
238,48
238,47
238,46
238,45
238,44
238,43
238,42
238,41
238,40
238,39
238,38
238,37
238,36
238,35
238,34
238,33
238,32
238,31
238,30
238,29
238,28
238,27
238,24
238,23
238,22
238,21
238,20
239,142
239,141
239,140
239,139
239,138
239,137
239,136
239,135
239,134
239,133
239,132
239,131
239,130
239,129
239,128
239,127
239,126
239,125
239,124
239,123
239,122
239,121
239,120
239,119
239,118
239,117
239,116
239,115
239,114
239,113
239,112
239,111
239,110
239,109
239,108
239,107
239,106
239,105
239,104
239,103
239,102
239,101
239,100
239,99
239,98
239,97
239,96
239,95
239,94
239,93
239,92
239,91
239,90
239,89
239,88
239,87
239,86
239,85
239,84
239,83
239,82
239,81
239,80
239,79
239,78
239,77
239,76
239,75
239,74
239,73
239,72
239,71
239,70
239,69
239,68
239,67
239,66
239,65
239,64
239,63
239,62
239,61
239,60
239,59
239,58
239,57
239,56
239,55
239,54
239,53
239,52
239,51
239,50
239,49
239,48
239,47
239,46
239,45
239,44
239,43
239,42
239,41
239,40
239,39
239,38
239,37
239,36
239,35
239,34
239,33
239,32
239,31
239,30
239,29
239,28
239,27
239,26
239,25
239,24
239,23
239,22
239,21
239,20
240,142
240,141
240,140
240,139
240,138
240,137
240,136
240,135
240,134
240,133
240,132
240,131
240,130
240,129
240,128
240,127
240,126
240,125
240,124
240,123
240,122
240,121
240,120
240,119
240,118
240,117
240,116
240,115
240,114
240,113
240,112
240,111
240,110
240,109
240,108
240,107
240,106
240,105
240,104
240,103
240,102
240,101
240,100
240,99
240,98
240,97
240,96
240,95
240,94
240,93
240,92
240,91
240,90
240,89
240,88
240,87
240,86
240,85
240,84
240,83
240,82
240,81
240,80
240,79
240,78
240,77
240,76
240,75
240,74
240,73
240,72
240,71
240,70
240,69
240,68
240,67
240,66
240,65
240,64
240,63
240,62
240,61
240,60
240,59
240,58
240,57
240,56
240,55
240,54
240,53
240,52
240,51
240,50
240,49
240,48
240,47
240,46
240,45
240,44
240,43
240,42
240,41
240,40
240,39
240,38
240,37
240,36
240,35
240,34
240,33
240,32
240,31
240,30
240,29
240,28
240,27
240,26
240,25
240,24
240,23
240,22
240,21
240,20
240,19
241,142
241,141
241,140
241,139
241,138
241,137
241,136
241,135
241,134
241,133
241,132
241,127
241,126
241,125
241,124
241,123
241,122
241,121
241,120
241,119
241,118
241,117
241,116
241,115
241,114
241,113
241,112
241,111
241,110
241,109
241,108
241,107
241,106
241,105
241,104
241,103
241,102
241,101
241,100
241,99
241,98
241,97
241,96
241,95
241,94
241,93
241,92
241,91
241,90
241,89
241,88
241,87
241,86
241,85
241,84
241,83
241,82
241,81
241,80
241,79
241,78
241,77
241,76
241,75
241,74
241,73
241,72
241,71
241,70
241,69
241,68
241,67
241,66
241,65
241,64
241,63
241,62
241,61
241,60
241,59
241,58
241,57
241,56
241,55
241,54
241,53
241,52
241,51
241,50
241,49
241,48
241,47
241,46
241,45
241,44
241,43
241,42
241,41
241,40
241,39
241,38
241,37
241,36
241,35
241,34
241,33
241,32
241,31
241,30
241,29
241,28
241,27
241,26
241,25
241,24
241,23
241,22
241,21
241,20
241,19
242,142
242,141
242,140
242,139
242,138
242,137
242,136
242,135
242,134
242,133
242,132
242,126
242,125
242,124
242,123
242,122
242,121
242,120
242,119
242,118
242,117
242,116
242,115
242,114
242,113
242,112
242,111
242,110
242,109
242,108
242,107
242,106
242,105
242,104
242,103
242,102
242,101
242,100
242,99
242,98
242,97
242,96
242,95
242,94
242,93
242,92
242,91
242,90
242,89
242,88
242,87
242,86
242,85
242,84
242,83
242,82
242,81
242,80
242,79
242,78
242,77
242,76
242,75
242,74
242,73
242,72
242,71
242,70
242,69
242,68
242,67
242,66
242,65
242,64
242,63
242,62
242,61
242,60
242,59
242,58
242,57
242,56
242,55
242,54
242,53
242,52
242,51
242,50
242,49
242,48
242,47
242,46
242,45
242,44
242,43
242,42
242,41
242,40
242,39
242,38
242,37
242,36
242,35
242,34
242,33
242,32
242,31
242,30
242,29
242,28
242,27
242,26
242,25
242,24
242,23
242,22
242,21
242,20
242,19
243,142
243,141
243,140
243,139
243,138
243,137
243,136
243,135
243,134
243,133
243,126
243,125
243,124
243,123
243,122
243,121
243,120
243,119
243,118
243,117
243,116
243,115
243,114
243,113
243,112
243,111
243,110
243,109
243,108
243,107
243,106
243,105
243,104
243,103
243,102
243,101
243,100
243,99
243,98
243,97
243,96
243,95
243,94
243,93
243,92
243,91
243,90
243,89
243,88
243,87
243,86
243,85
243,84
243,83
243,82
243,81
243,80
243,79
243,78
243,77
243,76
243,75
243,74
243,73
243,72
243,71
243,70
243,69
243,68
243,67
243,66
243,65
243,64
243,63
243,62
243,61
243,60
243,59
243,58
243,57
243,56
243,55
243,54
243,53
243,52
243,51
243,50
243,49
243,48
243,47
243,46
243,45
243,44
243,43
243,42
243,41
243,40
243,39
243,38
243,37
243,36
243,35
243,34
243,33
243,32
243,31
243,30
243,29
243,28
243,27
243,26
243,25
243,24
243,23
243,22
243,21
243,20
243,19
244,142
244,141
244,140
244,139
244,138
244,137
244,136
244,135
244,134
244,133
244,125
244,124
244,123
244,122
244,121
244,120
244,119
244,118
244,117
244,116
244,115
244,114
244,113
244,112
244,111
244,110
244,109
244,108
244,107
244,106
244,105
244,104
244,103
244,102
244,101
244,100
244,99
244,98
244,97
244,96
244,95
244,94
244,93
244,92
244,91
244,90
244,89
244,88
244,87
244,86
244,85
244,84
244,83
244,82
244,81
244,80
244,79
244,78
244,77
244,76
244,75
244,74
244,73
244,72
244,71
244,70
244,69
244,68
244,67
244,66
244,65
244,64
244,63
244,62
244,61
244,60
244,59
244,58
244,57
244,56
244,55
244,54
244,53
244,52
244,51
244,50
244,49
244,48
244,47
244,46
244,45
244,44
244,43
244,42
244,41
244,40
244,39
244,38
244,37
244,36
244,35
244,34
244,33
244,32
244,31
244,30
244,29
244,28
244,27
244,26
244,25
244,24
244,23
244,22
244,21
244,20
244,19
245,142
245,141
245,140
245,139
245,138
245,137
245,136
245,135
245,134
245,133
245,125
245,124
245,123
245,122
245,121
245,120
245,119
245,118
245,117
245,116
245,115
245,114
245,113
245,112
245,111
245,110
245,109
245,108
245,107
245,106
245,105
245,104
245,103
245,102
245,101
245,100
245,99
245,98
245,97
245,96
245,95
245,94
245,93
245,92
245,91
245,90
245,89
245,88
245,87
245,86
245,85
245,84
245,83
245,82
245,81
245,80
245,79
245,78
245,77
245,76
245,75
245,74
245,73
245,72
245,71
245,70
245,69
245,68
245,67
245,66
245,65
245,64
245,63
245,62
245,61
245,60
245,59
245,58
245,57
245,56
245,55
245,54
245,53
245,52
245,51
245,50
245,49
245,48
245,47
245,46
245,45
245,44
245,43
245,42
245,41
245,40
245,39
245,38
245,37
245,36
245,35
245,34
245,33
245,32
245,31
245,30
245,29
245,28
245,27
245,26
245,25
245,24
245,23
245,22
245,21
245,20
245,19
246,142
246,141
246,140
246,139
246,138
246,137
246,136
246,135
246,134
246,133
246,124
246,123
246,122
246,121
246,120
246,119
246,118
246,117
246,116
246,115
246,114
246,113
246,112
246,111
246,110
246,109
246,108
246,107
246,106
246,105
246,104
246,103
246,102
246,101
246,100
246,99
246,98
246,97
246,96
246,95
246,94
246,93
246,92
246,91
246,90
246,89
246,88
246,87
246,86
246,85
246,84
246,83
246,82
246,81
246,80
246,79
246,78
246,77
246,76
246,75
246,74
246,73
246,72
246,71
246,70
246,69
246,68
246,67
246,66
246,65
246,64
246,63
246,62
246,61
246,60
246,59
246,58
246,57
246,56
246,55
246,54
246,53
246,52
246,51
246,50
246,49
246,48
246,47
246,46
246,45
246,44
246,43
246,42
246,41
246,40
246,39
246,38
246,37
246,36
246,35
246,34
246,33
246,32
246,31
246,30
246,29
246,28
246,27
246,26
246,25
246,24
246,23
246,22
246,21
246,20
246,19
247,142
247,141
247,140
247,139
247,138
247,137
247,136
247,135
247,134
247,124
247,123
247,122
247,121
247,120
247,119
247,118
247,117
247,116
247,115
247,114
247,113
247,112
247,111
247,110
247,109
247,108
247,107
247,106
247,105
247,104
247,103
247,102
247,101
247,100
247,99
247,98
247,97
247,96
247,95
247,94
247,93
247,92
247,91
247,90
247,89
247,88
247,87
247,86
247,85
247,84
247,83
247,82
247,81
247,80
247,79
247,78
247,77
247,76
247,75
247,74
247,73
247,72
247,71
247,70
247,69
247,68
247,67
247,66
247,65
247,64
247,63
247,62
247,61
247,60
247,59
247,58
247,57
247,56
247,55
247,54
247,53
247,52
247,51
247,50
247,49
247,48
247,47
247,46
247,45
247,44
247,43
247,42
247,41
247,40
247,39
247,38
247,37
247,36
247,35
247,34
247,33
247,32
247,31
247,30
247,29
247,28
247,27
247,26
247,25
247,24
247,23
247,22
247,21
247,20
247,19
248,142
248,141
248,140
248,139
248,138
248,137
248,136
248,135
248,134
248,124
248,123
248,122
248,121
248,120
248,119
248,118
248,117
248,116
248,115
248,114
248,113
248,112
248,111
248,110
248,109
248,108
248,107
248,106
248,105
248,104
248,103
248,102
248,101
248,100
248,99
248,98
248,97
248,96
248,95
248,94
248,93
248,92
248,91
248,90
248,89
248,88
248,87
248,86
248,85
248,84
248,83
248,82
248,81
248,80
248,79
248,78
248,77
248,76
248,75
248,74
248,73
248,72
248,71
248,70
248,69
248,68
248,67
248,66
248,65
248,64
248,63
248,62
248,61
248,60
248,59
248,58
248,57
248,56
248,55
248,54
248,53
248,52
248,51
248,50
248,49
248,48
248,47
248,46
248,45
248,44
248,43
248,42
248,41
248,40
248,39
248,38
248,37
248,36
248,35
248,34
248,33
248,32
248,31
248,30
248,29
248,28
248,27
248,26
248,25
248,24
248,23
248,22
248,21
248,20
248,19
249,142
249,141
249,140
249,139
249,138
249,137
249,136
249,135
249,134
249,124
249,123
249,122
249,121
249,120
249,119
249,118
249,117
249,116
249,115
249,114
249,113
249,112
249,111
249,110
249,109
249,108
249,107
249,106
249,105
249,104
249,103
249,102
249,101
249,100
249,99
249,98
249,97
249,96
249,95
249,94
249,93
249,92
249,91
249,90
249,89
249,88
249,87
249,86
249,85
249,84
249,83
249,82
249,81
249,80
249,79
249,78
249,77
249,76
249,75
249,74
249,73
249,72
249,71
249,70
249,69
249,68
249,67
249,66
249,65
249,64
249,63
249,62
249,61
249,60
249,59
249,58
249,57
249,56
249,55
249,54
249,53
249,52
249,51
249,50
249,49
249,48
249,47
249,46
249,45
249,44
249,43
249,42
249,41
249,40
249,39
249,38
249,37
249,36
249,35
249,34
249,33
249,32
249,31
249,30
249,29
249,28
249,27
249,26
249,25
249,24
249,23
249,22
249,21
249,20
249,19
250,140
250,139
250,138
250,137
250,136
250,135
250,134
250,124
250,123
250,122
250,121
250,120
250,119
250,118
250,117
250,116
250,115
250,114
250,113
250,112
250,111
250,110
250,109
250,108
250,107
250,106
250,105
250,104
250,103
250,102
250,101
250,100
250,99
250,98
250,97
250,96
250,95
250,94
250,93
250,92
250,91
250,90
250,89
250,88
250,87
250,86
250,85
250,84
250,83
250,82
250,81
250,80
250,79
250,78
250,77
250,76
250,75
250,74
250,73
250,72
250,71
250,70
250,69
250,68
250,67
250,66
250,65
250,64
250,63
250,62
250,61
250,60
250,59
250,58
250,57
250,56
250,55
250,54
250,53
250,52
250,51
250,50
250,49
250,48
250,47
250,46
250,45
250,44
250,43
250,42
250,41
250,40
250,39
250,38
250,37
250,36
250,35
250,34
250,33
250,32
250,31
250,30
250,29
250,28
250,27
250,26
250,25
250,24
250,23
250,22
250,21
250,20
250,19
251,139
251,138
251,137
251,136
251,135
251,123
251,122
251,121
251,120
251,119
251,118
251,117
251,116
251,115
251,114
251,113
251,112
251,111
251,110
251,109
251,108
251,107
251,106
251,105
251,104
251,103
251,102
251,101
251,100
251,99
251,98
251,97
251,96
251,95
251,94
251,93
251,92
251,91
251,90
251,89
251,88
251,87
251,86
251,85
251,84
251,83
251,82
251,81
251,80
251,79
251,78
251,77
251,76
251,75
251,74
251,73
251,72
251,71
251,70
251,69
251,68
251,67
251,66
251,65
251,64
251,63
251,62
251,61
251,60
251,59
251,58
251,57
251,56
251,55
251,54
251,53
251,52
251,51
251,50
251,49
251,48
251,47
251,46
251,45
251,44
251,43
251,42
251,41
251,40
251,39
251,38
251,37
251,36
251,35
251,34
251,33
251,32
251,31
251,30
251,29
251,28
251,27
251,26
251,25
251,24
251,23
251,22
251,21
251,20
251,19
252,138
252,137
252,123
252,122
252,121
252,120
252,119
252,118
252,117
252,116
252,115
252,114
252,113
252,112
252,111
252,110
252,109
252,108
252,107
252,106
252,105
252,104
252,103
252,102
252,101
252,100
252,99
252,98
252,97
252,96
252,95
252,94
252,93
252,92
252,91
252,90
252,89
252,88
252,87
252,86
252,85
252,84
252,83
252,82
252,81
252,80
252,79
252,78
252,77
252,76
252,75
252,74
252,73
252,72
252,71
252,70
252,69
252,68
252,67
252,66
252,65
252,64
252,63
252,62
252,61
252,60
252,59
252,58
252,57
252,56
252,55
252,54
252,53
252,52
252,51
252,50
252,49
252,48
252,47
252,46
252,45
252,44
252,43
252,42
252,41
252,40
252,39
252,38
252,37
252,36
252,35
252,34
252,33
252,32
252,31
252,30
252,29
252,28
252,27
252,26
252,25
252,24
252,23
252,22
252,21
252,20
252,19
253,123
253,122
253,121
253,120
253,119
253,118
253,117
253,116
253,115
253,114
253,113
253,112
253,111
253,110
253,109
253,108
253,107
253,106
253,105
253,104
253,103
253,102
253,101
253,100
253,99
253,98
253,97
253,96
253,95
253,94
253,93
253,92
253,91
253,90
253,89
253,88
253,87
253,86
253,85
253,84
253,83
253,82
253,81
253,80
253,79
253,78
253,77
253,76
253,75
253,74
253,73
253,72
253,71
253,70
253,69
253,68
253,67
253,66
253,65
253,64
253,63
253,62
253,61
253,60
253,59
253,58
253,57
253,56
253,55
253,54
253,53
253,52
253,51
253,50
253,49
253,48
253,47
253,46
253,45
253,44
253,43
253,42
253,41
253,40
253,39
253,38
253,37
253,36
253,35
253,34
253,33
253,32
253,31
253,30
253,29
253,28
253,27
253,26
253,25
253,24
253,23
253,22
253,21
253,20
253,19
254,123
254,122
254,121
254,120
254,119
254,118
254,117
254,116
254,115
254,114
254,113
254,112
254,111
254,110
254,109
254,108
254,107
254,106
254,105
254,104
254,103
254,102
254,101
254,100
254,99
254,98
254,97
254,96
254,95
254,94
254,93
254,92
254,91
254,90
254,89
254,88
254,87
254,86
254,85
254,84
254,83
254,82
254,81
254,80
254,79
254,78
254,77
254,76
254,75
254,74
254,73
254,72
254,71
254,70
254,69
254,68
254,67
254,66
254,65
254,64
254,63
254,62
254,61
254,60
254,59
254,58
254,57
254,56
254,55
254,54
254,53
254,52
254,51
254,50
254,49
254,48
254,47
254,46
254,45
254,44
254,43
254,42
254,41
254,40
254,39
254,38
254,37
254,36
254,35
254,34
254,33
254,32
254,31
254,30
254,29
254,28
254,27
254,26
254,25
254,24
254,23
254,22
254,21
254,20
254,19
255,124
255,123
255,122
255,121
255,120
255,119
255,118
255,117
255,116
255,115
255,114
255,113
255,112
255,111
255,110
255,109
255,108
255,107
255,106
255,105
255,104
255,103
255,102
255,101
255,100
255,99
255,98
255,97
255,96
255,95
255,94
255,93
255,92
255,91
255,90
255,89
255,88
255,87
255,86
255,85
255,84
255,83
255,82
255,81
255,80
255,79
255,78
255,77
255,76
255,75
255,74
255,73
255,72
255,71
255,67
255,66
255,65
255,64
255,63
255,62
255,61
255,60
255,59
255,58
255,57
255,56
255,55
255,54
255,53
255,52
255,51
255,50
255,49
255,48
255,47
255,46
255,45
255,44
255,43
255,42
255,41
255,40
255,39
255,38
255,37
255,36
255,35
255,34
255,33
255,32
255,31
255,30
255,29
255,28
255,27
255,26
255,25
255,24
255,23
255,22
255,21
255,20
255,19
256,125
256,124
256,123
256,122
256,121
256,120
256,119
256,118
256,117
256,116
256,115
256,114
256,113
256,112
256,111
256,110
256,109
256,108
256,107
256,106
256,105
256,104
256,103
256,102
256,101
256,100
256,99
256,98
256,97
256,96
256,95
256,94
256,93
256,92
256,91
256,90
256,89
256,88
256,87
256,86
256,85
256,84
256,83
256,82
256,81
256,80
256,79
256,78
256,64
256,63
256,62
256,61
256,60
256,59
256,58
256,57
256,56
256,55
256,54
256,53
256,52
256,51
256,50
256,49
256,48
256,47
256,46
256,45
256,44
256,43
256,42
256,41
256,40
256,39
256,38
256,37
256,36
256,35
256,34
256,33
256,32
256,31
256,30
256,29
256,28
256,27
256,26
256,25
256,24
256,23
256,22
256,21
256,20
256,19
257,126
257,125
257,124
257,123
257,122
257,121
257,120
257,119
257,118
257,117
257,116
257,115
257,114
257,113
257,112
257,111
257,110
257,109
257,108
257,107
257,106
257,105
257,104
257,103
257,102
257,101
257,100
257,99
257,98
257,97
257,96
257,95
257,94
257,93
257,92
257,91
257,90
257,89
257,88
257,87
257,86
257,85
257,84
257,83
257,82
257,60
257,59
257,58
257,57
257,56
257,55
257,54
257,53
257,52
257,51
257,50
257,49
257,48
257,47
257,46
257,45
257,44
257,43
257,42
257,41
257,40
257,39
257,38
257,37
257,36
257,35
257,34
257,33
257,32
257,31
257,30
257,29
257,28
257,27
257,26
257,25
257,24
257,23
257,22
257,21
257,20
257,19
258,128
258,127
258,126
258,125
258,124
258,123
258,122
258,121
258,120
258,119
258,118
258,117
258,116
258,115
258,114
258,113
258,112
258,111
258,110
258,109
258,108
258,107
258,106
258,105
258,104
258,103
258,102
258,101
258,100
258,99
258,98
258,97
258,96
258,95
258,94
258,93
258,92
258,91
258,90
258,89
258,88
258,87
258,86
258,85
258,84
258,57
258,56
258,55
258,54
258,53
258,52
258,51
258,50
258,49
258,48
258,47
258,46
258,45
258,44
258,43
258,42
258,41
258,40
258,39
258,38
258,37
258,36
258,35
258,34
258,33
258,32
258,31
258,30
258,29
258,28
258,27
258,26
258,25
258,24
258,23
258,22
258,21
258,20
258,19
259,128
259,127
259,126
259,125
259,124
259,123
259,122
259,121
259,120
259,119
259,118
259,117
259,116
259,115
259,114
259,113
259,112
259,111
259,110
259,109
259,108
259,107
259,106
259,105
259,104
259,103
259,102
259,101
259,100
259,99
259,98
259,97
259,96
259,95
259,94
259,93
259,92
259,91
259,90
259,89
259,88
259,87
259,86
259,85
259,55
259,54
259,53
259,52
259,51
259,50
259,49
259,48
259,47
259,46
259,45
259,44
259,43
259,42
259,41
259,40
259,39
259,38
259,37
259,36
259,35
259,34
259,33
259,32
259,31
259,30
259,29
259,28
259,27
259,26
259,25
259,24
259,23
259,22
259,21
259,20
259,19
259,18
260,128
260,127
260,126
260,125
260,124
260,123
260,122
260,121
260,120
260,119
260,118
260,117
260,116
260,115
260,114
260,113
260,112
260,111
260,110
260,109
260,108
260,107
260,106
260,105
260,104
260,103
260,102
260,101
260,100
260,99
260,98
260,97
260,96
260,95
260,94
260,93
260,92
260,91
260,90
260,89
260,88
260,87
260,54
260,53
260,52
260,51
260,50
260,49
260,48
260,47
260,46
260,45
260,44
260,43
260,42
260,41
260,40
260,39
260,38
260,37
260,36
260,35
260,34
260,33
260,32
260,31
260,30
260,29
260,28
260,27
260,26
260,25
260,24
260,23
260,22
260,21
260,20
260,19
260,18
261,129
261,128
261,127
261,126
261,125
261,124
261,123
261,122
261,121
261,120
261,119
261,118
261,117
261,116
261,115
261,114
261,113
261,112
261,111
261,110
261,109
261,108
261,107
261,106
261,105
261,104
261,103
261,102
261,101
261,100
261,99
261,98
261,97
261,96
261,95
261,94
261,93
261,92
261,91
261,90
261,89
261,88
261,54
261,53
261,52
261,51
261,50
261,49
261,48
261,47
261,46
261,45
261,44
261,43
261,42
261,41
261,40
261,39
261,38
261,37
261,36
261,35
261,34
261,33
261,32
261,31
261,30
261,29
261,28
261,27
261,26
261,25
261,24
261,23
261,22
261,21
261,20
261,19
261,18
261,17
262,129
262,128
262,127
262,126
262,125
262,124
262,123
262,122
262,121
262,120
262,119
262,118
262,117
262,116
262,115
262,114
262,113
262,112
262,111
262,110
262,109
262,108
262,107
262,106
262,105
262,104
262,103
262,102
262,101
262,100
262,99
262,98
262,97
262,96
262,95
262,94
262,93
262,92
262,91
262,90
262,89
262,53
262,52
262,51
262,50
262,49
262,48
262,47
262,46
262,45
262,44
262,43
262,42
262,41
262,40
262,39
262,38
262,37
262,36
262,35
262,34
262,33
262,32
262,31
262,30
262,29
262,28
262,27
262,26
262,25
262,24
262,23
262,22
262,21
262,20
262,19
262,18
262,17
262,16
263,129
263,128
263,127
263,126
263,125
263,124
263,123
263,122
263,121
263,120
263,119
263,118
263,117
263,116
263,115
263,114
263,113
263,112
263,111
263,110
263,109
263,108
263,107
263,106
263,105
263,104
263,103
263,102
263,101
263,100
263,99
263,98
263,97
263,96
263,95
263,94
263,93
263,92
263,91
263,90
263,89
263,52
263,51
263,50
263,49
263,48
263,47
263,46
263,45
263,44
263,43
263,42
263,41
263,40
263,39
263,38
263,37
263,36
263,35
263,34
263,33
263,32
263,31
263,30
263,29
263,28
263,27
263,26
263,25
263,24
263,23
263,22
263,21
263,20
263,19
263,18
263,17
263,16
264,128
264,127
264,126
264,125
264,124
264,123
264,122
264,121
264,120
264,119
264,118
264,117
264,116
264,115
264,114
264,113
264,112
264,111
264,110
264,109
264,108
264,107
264,106
264,105
264,104
264,103
264,102
264,101
264,100
264,99
264,98
264,97
264,96
264,95
264,94
264,93
264,92
264,91
264,90
264,52
264,51
264,50
264,49
264,48
264,47
264,46
264,45
264,44
264,43
264,42
264,41
264,40
264,39
264,38
264,37
264,36
264,35
264,34
264,33
264,32
264,31
264,30
264,29
264,28
264,27
264,26
264,25
264,24
264,23
264,22
264,21
264,20
264,19
264,18
264,17
264,16
265,128
265,127
265,126
265,125
265,124
265,123
265,122
265,121
265,120
265,119
265,118
265,117
265,116
265,115
265,114
265,113
265,112
265,111
265,110
265,109
265,108
265,107
265,106
265,105
265,104
265,103
265,102
265,101
265,100
265,99
265,98
265,97
265,96
265,95
265,94
265,93
265,92
265,91
265,51
265,50
265,49
265,48
265,47
265,46
265,45
265,44
265,43
265,42
265,41
265,40
265,39
265,38
265,37
265,36
265,35
265,34
265,33
265,32
265,31
265,30
265,29
265,28
265,27
265,26
265,25
265,24
265,23
265,22
265,21
265,20
265,19
265,18
265,17
265,16
266,127
266,126
266,125
266,124
266,123
266,122
266,121
266,120
266,119
266,118
266,117
266,116
266,115
266,114
266,113
266,112
266,111
266,110
266,109
266,108
266,107
266,106
266,105
266,104
266,103
266,102
266,101
266,100
266,99
266,98
266,97
266,96
266,95
266,94
266,93
266,92
266,50
266,49
266,48
266,47
266,46
266,45
266,44
266,43
266,42
266,41
266,40
266,39
266,38
266,37
266,36
266,35
266,34
266,33
266,32
266,31
266,30
266,29
266,28
266,27
266,26
266,25
266,24
266,23
266,22
266,21
266,20
266,19
266,18
266,17
266,16
266,15
267,126
267,125
267,124
267,123
267,122
267,121
267,120
267,119
267,118
267,117
267,116
267,115
267,114
267,113
267,112
267,111
267,110
267,109
267,108
267,107
267,106
267,105
267,104
267,103
267,102
267,101
267,100
267,99
267,98
267,97
267,96
267,95
267,94
267,93
267,50
267,49
267,48
267,47
267,46
267,45
267,44
267,43
267,42
267,41
267,40
267,39
267,38
267,37
267,36
267,35
267,34
267,33
267,32
267,31
267,30
267,29
267,28
267,27
267,26
267,25
267,24
267,23
267,22
267,21
267,20
267,19
267,18
267,17
267,16
267,15
268,126
268,125
268,124
268,123
268,122
268,121
268,120
268,119
268,118
268,117
268,116
268,115
268,114
268,113
268,112
268,111
268,110
268,109
268,108
268,107
268,106
268,105
268,104
268,103
268,102
268,101
268,100
268,99
268,98
268,97
268,96
268,95
268,94
268,93
268,49
268,48
268,47
268,46
268,45
268,44
268,43
268,42
268,41
268,40
268,39
268,38
268,37
268,36
268,35
268,34
268,33
268,32
268,31
268,30
268,29
268,28
268,27
268,26
268,25
268,24
268,23
268,22
268,21
268,20
268,19
268,18
268,17
268,16
268,15
268,14
269,125
269,124
269,123
269,122
269,121
269,120
269,119
269,118
269,117
269,116
269,115
269,114
269,113
269,112
269,111
269,110
269,109
269,108
269,107
269,106
269,105
269,104
269,103
269,102
269,101
269,100
269,99
269,98
269,97
269,96
269,95
269,94
269,49
269,48
269,47
269,46
269,45
269,44
269,43
269,42
269,41
269,40
269,39
269,38
269,37
269,36
269,35
269,34
269,33
269,32
269,31
269,30
269,29
269,28
269,27
269,26
269,25
269,24
269,23
269,22
269,21
269,20
269,19
269,18
269,17
269,16
269,15
269,14
270,124
270,123
270,122
270,121
270,120
270,119
270,118
270,117
270,116
270,115
270,114
270,113
270,112
270,111
270,110
270,109
270,108
270,107
270,106
270,105
270,104
270,103
270,102
270,101
270,100
270,99
270,98
270,97
270,96
270,95
270,49
270,48
270,47
270,46
270,45
270,44
270,43
270,42
270,41
270,40
270,39
270,38
270,37
270,36
270,35
270,34
270,33
270,32
270,31
270,30
270,29
270,28
270,27
270,26
270,25
270,24
270,23
270,22
270,21
270,20
270,19
270,18
270,17
270,16
270,15
270,14
271,124
271,123
271,122
271,121
271,120
271,119
271,118
271,117
271,116
271,115
271,114
271,113
271,112
271,111
271,110
271,109
271,108
271,107
271,106
271,105
271,104
271,103
271,102
271,101
271,100
271,99
271,98
271,97
271,96
271,48
271,47
271,46
271,45
271,44
271,43
271,42
271,41
271,40
271,39
271,38
271,37
271,36
271,35
271,34
271,33
271,32
271,31
271,30
271,29
271,28
271,27
271,26
271,25
271,24
271,23
271,22
271,21
271,20
271,19
271,18
271,17
271,16
271,15
271,14
272,123
272,122
272,121
272,120
272,119
272,118
272,117
272,116
272,115
272,114
272,113
272,112
272,111
272,110
272,109
272,108
272,107
272,106
272,105
272,104
272,103
272,102
272,101
272,100
272,99
272,98
272,97
272,96
272,48
272,47
272,46
272,45
272,44
272,43
272,42
272,41
272,40
272,39
272,38
272,37
272,36
272,35
272,34
272,33
272,32
272,31
272,30
272,29
272,28
272,27
272,26
272,25
272,24
272,23
272,22
272,21
272,20
272,19
272,18
272,17
272,16
272,15
272,14
272,13
273,123
273,122
273,121
273,120
273,119
273,118
273,117
273,116
273,115
273,114
273,113
273,112
273,111
273,110
273,109
273,108
273,107
273,106
273,105
273,104
273,103
273,102
273,101
273,100
273,99
273,98
273,97
273,47
273,46
273,45
273,44
273,43
273,42
273,41
273,40
273,39
273,38
273,37
273,36
273,35
273,34
273,33
273,32
273,31
273,30
273,29
273,28
273,27
273,26
273,25
273,24
273,23
273,22
273,21
273,20
273,19
273,18
273,17
273,16
273,15
273,14
273,13
274,122
274,121
274,120
274,119
274,118
274,117
274,116
274,115
274,114
274,113
274,112
274,111
274,110
274,109
274,108
274,107
274,106
274,105
274,104
274,103
274,102
274,101
274,100
274,99
274,98
274,97
274,47
274,46
274,45
274,44
274,43
274,42
274,41
274,40
274,39
274,38
274,37
274,36
274,35
274,34
274,33
274,32
274,31
274,30
274,29
274,28
274,27
274,26
274,25
274,24
274,23
274,22
274,21
274,20
274,19
274,18
274,17
274,16
274,15
274,14
274,13
275,122
275,121
275,120
275,119
275,118
275,117
275,116
275,115
275,114
275,113
275,112
275,111
275,110
275,109
275,108
275,107
275,106
275,105
275,104
275,103
275,102
275,101
275,100
275,99
275,98
275,97
275,47
275,46
275,45
275,44
275,43
275,42
275,41
275,40
275,39
275,38
275,37
275,36
275,35
275,34
275,33
275,32
275,31
275,30
275,29
275,28
275,27
275,26
275,25
275,24
275,23
275,22
275,21
275,20
275,19
275,18
275,17
275,16
275,15
275,14
275,13
276,121
276,120
276,119
276,118
276,117
276,116
276,115
276,114
276,113
276,112
276,111
276,110
276,109
276,108
276,107
276,106
276,105
276,104
276,103
276,102
276,101
276,100
276,99
276,98
276,97
276,47
276,46
276,45
276,44
276,43
276,42
276,41
276,40
276,39
276,38
276,37
276,36
276,35
276,34
276,33
276,32
276,31
276,30
276,29
276,28
276,27
276,26
276,25
276,24
276,23
276,22
276,21
276,20
276,19
276,18
276,17
276,16
276,15
276,14
276,13
277,121
277,120
277,119
277,118
277,117
277,116
277,115
277,114
277,113
277,112
277,111
277,110
277,109
277,108
277,107
277,106
277,105
277,104
277,103
277,102
277,101
277,100
277,99
277,98
277,47
277,46
277,45
277,44
277,43
277,42
277,41
277,40
277,39
277,38
277,37
277,36
277,35
277,34
277,33
277,32
277,31
277,30
277,29
277,28
277,27
277,26
277,25
277,24
277,23
277,22
277,21
277,20
277,19
277,18
277,17
277,16
277,15
277,14
277,13
277,12
278,121
278,120
278,119
278,118
278,117
278,116
278,115
278,114
278,113
278,112
278,111
278,110
278,109
278,108
278,107
278,106
278,105
278,104
278,103
278,102
278,101
278,100
278,99
278,98
278,47
278,46
278,45
278,44
278,43
278,42
278,41
278,40
278,39
278,38
278,37
278,36
278,35
278,34
278,33
278,32
278,31
278,30
278,29
278,28
278,27
278,26
278,25
278,24
278,23
278,22
278,21
278,20
278,19
278,18
278,17
278,16
278,15
278,14
278,13
278,12
279,121
279,120
279,119
279,118
279,117
279,116
279,115
279,114
279,113
279,112
279,111
279,110
279,109
279,46
279,45
279,44
279,43
279,42
279,41
279,40
279,39
279,38
279,37
279,36
279,35
279,34
279,33
279,32
279,31
279,30
279,29
279,28
279,27
279,26
279,25
279,24
279,23
279,22
279,21
279,20
279,19
279,18
279,17
279,16
279,15
279,14
279,13
279,12
280,110
280,109
280,108
280,107
280,106
280,105
280,104
280,103
280,102
280,101
280,100
280,99
280,98
280,97
280,46
280,45
280,44
280,43
280,42
280,41
280,40
280,39
280,38
280,37
280,36
280,35
280,34
280,33
280,32
280,31
280,30
280,29
280,28
280,27
280,26
280,25
280,24
280,23
280,22
280,21
280,20
280,19
280,18
280,17
280,16
280,15
280,14
280,13
280,12
281,122
281,121
281,120
281,119
281,118
281,117
281,116
281,115
281,114
281,113
281,112
281,111
281,110
281,109
281,108
281,107
281,106
281,105
281,104
281,103
281,102
281,101
281,100
281,99
281,98
281,97
281,46
281,45
281,44
281,43
281,42
281,41
281,40
281,39
281,38
281,37
281,36
281,35
281,34
281,33
281,32
281,31
281,30
281,29
281,28
281,27
281,26
281,25
281,24
281,23
281,22
281,21
281,20
281,19
281,18
281,17
282,122
282,121
282,120
282,119
282,118
282,117
282,116
282,115
282,114
282,113
282,112
282,111
282,110
282,109
282,108
282,107
282,106
282,105
282,104
282,103
282,102
282,101
282,100
282,99
282,98
282,97
282,46
282,45
282,44
282,43
282,42
282,41
282,40
282,39
282,38
282,37
282,36
282,35
282,34
282,33
282,32
282,31
282,30
282,29
282,28
282,27
282,26
282,25
282,24
282,23
282,22
282,21
282,20
282,19
282,18
283,122
283,121
283,120
283,119
283,118
283,117
283,116
283,115
283,114
283,113
283,112
283,111
283,110
283,109
283,108
283,107
283,106
283,105
283,104
283,103
283,102
283,101
283,100
283,99
283,98
283,97
283,46
283,45
283,44
283,43
283,42
283,41
283,40
283,39
283,38
283,37
283,36
283,35
283,34
283,33
283,32
283,31
283,30
283,29
283,28
283,27
283,26
283,25
283,24
283,23
283,22
283,21
283,20
283,19
283,18
284,122
284,121
284,120
284,119
284,118
284,117
284,116
284,115
284,114
284,113
284,112
284,111
284,110
284,109
284,108
284,107
284,106
284,105
284,104
284,103
284,102
284,101
284,100
284,99
284,98
284,97
284,46
284,45
284,44
284,43
284,42
284,41
284,40
284,39
284,38
284,37
284,36
284,35
284,34
284,33
284,32
284,31
284,30
284,29
284,28
284,27
284,26
284,25
284,24
284,23
284,22
284,21
284,20
284,19
284,18
285,122
285,121
285,120
285,119
285,118
285,117
285,116
285,115
285,114
285,113
285,112
285,111
285,110
285,109
285,108
285,107
285,106
285,105
285,104
285,103
285,102
285,101
285,100
285,99
285,98
285,97
285,46
285,45
285,44
285,43
285,42
285,41
285,40
285,39
285,38
285,37
285,36
285,35
285,34
285,33
285,32
285,31
285,30
285,29
285,28
285,27
285,26
285,25
285,24
285,23
285,22
285,21
285,20
285,19
286,123
286,122
286,121
286,120
286,119
286,118
286,117
286,116
286,115
286,114
286,113
286,112
286,111
286,110
286,109
286,108
286,107
286,106
286,105
286,104
286,103
286,102
286,101
286,100
286,99
286,98
286,97
286,47
286,46
286,45
286,44
286,43
286,42
286,41
286,40
286,39
286,38
286,37
286,36
286,35
286,34
286,33
286,32
286,31
286,30
286,29
286,28
286,27
286,26
286,25
286,24
286,23
286,22
286,21
286,20
286,19
287,123
287,122
287,121
287,120
287,119
287,118
287,117
287,116
287,115
287,114
287,113
287,112
287,111
287,110
287,109
287,108
287,107
287,106
287,105
287,104
287,103
287,102
287,101
287,100
287,99
287,98
287,97
287,96
287,47
287,46
287,45
287,44
287,43
287,42
287,41
287,40
287,39
287,38
287,37
287,36
287,35
287,34
287,33
287,32
287,31
287,30
287,29
287,28
287,27
287,26
287,25
287,24
287,23
287,22
287,21
287,20
287,19
287,18
288,123
288,122
288,121
288,120
288,119
288,118
288,117
288,116
288,115
288,114
288,113
288,112
288,111
288,110
288,109
288,108
288,107
288,106
288,105
288,104
288,103
288,102
288,101
288,100
288,99
288,98
288,97
288,96
288,48
288,47
288,46
288,45
288,44
288,43
288,42
288,41
288,40
288,38
288,37
288,36
288,35
288,34
288,33
288,32
288,31
288,30
288,29
288,28
288,27
288,26
288,25
288,24
288,23
288,22
288,21
288,20
288,19
288,18
289,124
289,123
289,122
289,121
289,120
289,119
289,118
289,117
289,116
289,115
289,114
289,113
289,112
289,111
289,110
289,109
289,108
289,107
289,106
289,105
289,104
289,103
289,102
289,101
289,100
289,99
289,98
289,97
289,96
289,48
289,47
289,46
289,45
289,44
289,43
289,42
289,41
289,37
289,36
289,35
289,34
289,33
289,32
289,31
289,30
289,29
289,28
289,27
289,26
289,25
289,24
289,23
289,22
289,21
289,20
289,19
289,18
290,124
290,123
290,122
290,121
290,120
290,119
290,118
290,117
290,116
290,115
290,114
290,113
290,112
290,111
290,110
290,109
290,108
290,107
290,106
290,105
290,104
290,103
290,102
290,101
290,100
290,99
290,98
290,97
290,96
290,49
290,48
290,47
290,46
290,45
290,44
290,43
290,42
290,41
290,36
290,35
290,34
290,33
290,32
290,31
290,30
290,29
290,28
290,27
290,26
290,25
290,24
290,23
290,22
290,21
290,20
290,19
290,18
290,17
291,125
291,124
291,123
291,122
291,121
291,120
291,119
291,118
291,117
291,116
291,115
291,114
291,113
291,112
291,111
291,110
291,109
291,108
291,107
291,106
291,105
291,104
291,103
291,102
291,101
291,100
291,99
291,98
291,97
291,96
291,95
291,49
291,48
291,47
291,46
291,45
291,44
291,43
291,42
291,41
291,35
291,34
291,33
291,32
291,31
291,30
291,29
291,28
291,27
291,26
291,25
291,24
291,23
291,22
291,21
291,20
291,19
291,18
291,17
292,125
292,124
292,123
292,122
292,121
292,120
292,119
292,118
292,117
292,116
292,115
292,114
292,113
292,112
292,111
292,110
292,109
292,108
292,107
292,106
292,105
292,104
292,103
292,102
292,101
292,100
292,99
292,98
292,97
292,96
292,95
292,49
292,48
292,47
292,46
292,45
292,44
292,43
292,42
292,41
292,40
292,34
292,33
292,32
292,31
292,30
292,29
292,28
292,27
292,26
292,25
292,24
292,23
292,22
292,21
292,20
292,19
292,18
292,17
292,16
293,126
293,125
293,124
293,123
293,122
293,121
293,120
293,119
293,118
293,117
293,116
293,115
293,114
293,113
293,112
293,111
293,110
293,109
293,108
293,107
293,106
293,105
293,104
293,103
293,102
293,101
293,100
293,99
293,98
293,97
293,96
293,95
293,94
293,50
293,49
293,48
293,47
293,46
293,45
293,44
293,43
293,42
293,41
293,40
293,39
293,33
293,32
293,31
293,30
293,29
293,28
293,27
293,26
293,25
293,24
293,23
293,22
293,21
293,20
293,19
293,18
293,17
293,16
294,126
294,125
294,124
294,123
294,122
294,121
294,120
294,119
294,118
294,117
294,116
294,115
294,114
294,113
294,112
294,111
294,110
294,109
294,108
294,107
294,106
294,105
294,104
294,103
294,102
294,101
294,100
294,99
294,98
294,97
294,96
294,95
294,94
294,93
294,50
294,49
294,48
294,47
294,46
294,45
294,44
294,43
294,42
294,41
294,40
294,39
294,38
294,31
294,30
294,29
294,28
294,27
294,26
294,25
294,24
294,23
294,22
294,21
294,20
294,19
294,18
294,17
294,16
295,126
295,125
295,124
295,123
295,122
295,121
295,120
295,119
295,118
295,117
295,116
295,115
295,114
295,113
295,112
295,111
295,110
295,109
295,108
295,107
295,106
295,105
295,104
295,103
295,102
295,101
295,100
295,99
295,98
295,97
295,96
295,95
295,94
295,93
295,92
295,52
295,51
295,50
295,49
295,48
295,47
295,46
295,45
295,44
295,43
295,42
295,41
295,40
295,39
295,30
295,29
295,28
295,27
295,26
295,25
295,24
295,23
295,22
295,21
295,20
295,19
295,18
295,17
296,126
296,125
296,124
296,123
296,122
296,121
296,120
296,119
296,118
296,117
296,116
296,115
296,114
296,113
296,112
296,111
296,110
296,109
296,108
296,107
296,106
296,105
296,104
296,103
296,102
296,101
296,100
296,99
296,98
296,97
296,96
296,95
296,94
296,93
296,92
296,91
296,53
296,52
296,51
296,50
296,49
296,48
296,47
296,46
296,45
296,44
296,43
296,42
296,41
296,40
296,29
296,28
296,27
296,26
296,25
296,24
296,23
296,22
296,21
296,20
296,19
296,18
296,17
297,126
297,125
297,124
297,123
297,122
297,121
297,120
297,119
297,118
297,117
297,116
297,115
297,114
297,113
297,112
297,111
297,110
297,109
297,108
297,107
297,106
297,105
297,104
297,103
297,102
297,101
297,100
297,99
297,98
297,97
297,96
297,95
297,94
297,93
297,92
297,91
297,90
297,89
297,54
297,53
297,52
297,51
297,50
297,49
297,48
297,47
297,46
297,45
297,44
297,43
297,42
297,28
297,27
297,26
297,25
297,24
297,23
297,22
297,21
297,20
297,19
297,18
297,17
298,126
298,125
298,124
298,123
298,122
298,121
298,120
298,119
298,118
298,117
298,116
298,115
298,114
298,113
298,112
298,111
298,110
298,109
298,108
298,107
298,106
298,105
298,104
298,103
298,102
298,101
298,100
298,99
298,98
298,97
298,96
298,95
298,94
298,93
298,92
298,91
298,90
298,89
298,88
298,56
298,55
298,54
298,53
298,52
298,51
298,50
298,49
298,48
298,47
298,46
298,45
298,44
298,43
298,42
298,28
298,27
298,26
298,25
298,24
298,23
298,22
298,21
298,20
298,19
298,18
298,17
299,126
299,125
299,124
299,123
299,122
299,121
299,120
299,119
299,118
299,117
299,116
299,115
299,114
299,113
299,112
299,111
299,110
299,109
299,108
299,107
299,106
299,105
299,104
299,103
299,102
299,101
299,100
299,99
299,98
299,97
299,96
299,95
299,94
299,93
299,92
299,91
299,90
299,89
299,88
299,87
299,57
299,56
299,55
299,54
299,53
299,52
299,51
299,50
299,49
299,48
299,47
299,46
299,45
299,44
299,43
299,42
299,41
299,27
299,26
299,25
299,24
299,23
299,22
299,21
299,20
299,19
299,18
300,121
300,120
300,119
300,118
300,117
300,116
300,115
300,114
300,113
300,112
300,111
300,110
300,109
300,108
300,107
300,106
300,105
300,104
300,103
300,102
300,101
300,100
300,99
300,98
300,97
300,96
300,95
300,94
300,93
300,92
300,91
300,90
300,89
300,88
300,87
300,86
300,58
300,57
300,56
300,55
300,54
300,53
300,52
300,51
300,50
300,49
300,48
300,47
300,46
300,45
300,44
300,43
300,42
300,41
300,40
300,26
300,25
300,24
300,23
300,22
300,21
300,20
300,19
300,18
301,118
301,117
301,116
301,115
301,114
301,113
301,112
301,111
301,110
301,109
301,108
301,107
301,106
301,105
301,104
301,103
301,102
301,101
301,100
301,99
301,98
301,97
301,96
301,95
301,94
301,93
301,92
301,91
301,90
301,89
301,88
301,87
301,86
301,85
301,60
301,59
301,58
301,57
301,56
301,55
301,54
301,53
301,52
301,51
301,50
301,49
301,48
301,47
301,46
301,45
301,44
301,43
301,42
301,41
301,40
301,39
301,25
301,24
301,23
301,22
301,21
301,20
301,19
301,18
302,116
302,115
302,114
302,113
302,112
302,111
302,110
302,109
302,108
302,107
302,106
302,105
302,104
302,103
302,102
302,101
302,100
302,99
302,98
302,97
302,96
302,95
302,94
302,93
302,92
302,91
302,90
302,89
302,88
302,87
302,86
302,85
302,84
302,83
302,82
302,81
302,80
302,79
302,78
302,61
302,60
302,59
302,58
302,57
302,56
302,55
302,54
302,53
302,52
302,51
302,50
302,49
302,48
302,47
302,46
302,45
302,44
302,43
302,42
302,41
302,40
302,39
302,38
302,24
302,23
302,22
302,21
302,20
302,19
303,115
303,114
303,113
303,112
303,111
303,110
303,109
303,108
303,107
303,106
303,105
303,104
303,103
303,102
303,101
303,100
303,99
303,98
303,97
303,96
303,95
303,94
303,93
303,92
303,91
303,90
303,89
303,88
303,87
303,86
303,85
303,84
303,83
303,82
303,81
303,80
303,79
303,78
303,77
303,76
303,75
303,74
303,73
303,72
303,71
303,70
303,69
303,68
303,67
303,66
303,65
303,64
303,63
303,62
303,61
303,60
303,59
303,58
303,57
303,56
303,55
303,54
303,53
303,52
303,51
303,50
303,49
303,48
303,47
303,46
303,45
303,44
303,43
303,42
303,41
303,40
303,39
303,38
303,37
303,23
303,22
303,21
303,20
304,114
304,113
304,112
304,111
304,110
304,109
304,108
304,107
304,106
304,105
304,104
304,103
304,102
304,101
304,100
304,99
304,98
304,97
304,96
304,95
304,94
304,93
304,92
304,91
304,90
304,89
304,88
304,87
304,86
304,85
304,84
304,83
304,82
304,81
304,80
304,79
304,78
304,77
304,76
304,75
304,74
304,73
304,72
304,71
304,70
304,69
304,68
304,67
304,66
304,65
304,64
304,63
304,62
304,61
304,60
304,59
304,58
304,57
304,56
304,55
304,54
304,53
304,52
304,51
304,50
304,49
304,48
304,47
304,46
304,45
304,44
304,43
304,42
304,41
304,40
304,39
304,38
304,37
304,22
304,21
305,113
305,112
305,111
305,110
305,109
305,108
305,107
305,106
305,105
305,104
305,103
305,102
305,101
305,100
305,99
305,98
305,97
305,96
305,95
305,94
305,93
305,92
305,91
305,90
305,89
305,88
305,87
305,86
305,85
305,84
305,83
305,82
305,81
305,80
305,79
305,78
305,77
305,76
305,75
305,74
305,73
305,72
305,71
305,70
305,69
305,68
305,67
305,66
305,65
305,64
305,63
305,62
305,61
305,60
305,59
305,58
305,57
305,56
305,55
305,54
305,53
305,52
305,51
305,50
305,49
305,48
305,47
305,46
305,45
305,44
305,43
305,42
305,41
305,40
305,39
305,38
305,37
306,113
306,112
306,111
306,110
306,109
306,108
306,107
306,106
306,105
306,104
306,103
306,102
306,101
306,100
306,99
306,98
306,97
306,96
306,95
306,94
306,93
306,92
306,91
306,90
306,89
306,88
306,87
306,86
306,85
306,84
306,83
306,82
306,81
306,80
306,79
306,78
306,77
306,76
306,75
306,74
306,73
306,72
306,71
306,70
306,69
306,68
306,67
306,66
306,65
306,64
306,63
306,62
306,61
306,60
306,59
306,58
306,57
306,56
306,55
306,54
306,53
306,52
306,51
306,50
306,49
306,48
306,47
306,46
306,45
306,44
306,43
306,42
306,41
306,40
306,39
306,38
306,37
306,36
307,113
307,112
307,111
307,110
307,109
307,108
307,107
307,106
307,105
307,104
307,103
307,102
307,101
307,100
307,99
307,98
307,97
307,96
307,95
307,94
307,93
307,92
307,91
307,90
307,89
307,88
307,87
307,86
307,85
307,84
307,83
307,82
307,81
307,80
307,79
307,78
307,77
307,76
307,75
307,74
307,73
307,72
307,71
307,70
307,69
307,68
307,67
307,66
307,65
307,64
307,63
307,62
307,61
307,60
307,59
307,58
307,57
307,56
307,55
307,54
307,53
307,52
307,51
307,50
307,49
307,48
307,47
307,46
307,45
307,44
307,43
307,42
307,41
307,40
307,39
307,38
307,37
307,36
307,35
308,113
308,112
308,111
308,110
308,109
308,108
308,107
308,106
308,105
308,104
308,103
308,102
308,101
308,100
308,99
308,98
308,97
308,96
308,95
308,94
308,93
308,92
308,91
308,90
308,89
308,88
308,87
308,86
308,85
308,84
308,83
308,82
308,81
308,80
308,79
308,78
308,77
308,76
308,75
308,74
308,73
308,72
308,71
308,70
308,69
308,68
308,67
308,66
308,65
308,64
308,63
308,62
308,61
308,60
308,59
308,58
308,57
308,56
308,55
308,54
308,53
308,52
308,51
308,50
308,49
308,48
308,47
308,46
308,45
308,44
308,43
308,42
308,41
308,40
308,39
308,38
308,37
308,36
308,35
309,113
309,112
309,111
309,110
309,109
309,108
309,107
309,106
309,105
309,104
309,103
309,102
309,101
309,100
309,99
309,98
309,97
309,96
309,95
309,94
309,93
309,92
309,91
309,90
309,89
309,88
309,87
309,86
309,85
309,84
309,83
309,82
309,81
309,80
309,79
309,78
309,77
309,76
309,75
309,74
309,73
309,72
309,71
309,70
309,69
309,68
309,67
309,66
309,65
309,64
309,63
309,62
309,61
309,60
309,59
309,58
309,57
309,56
309,55
309,54
309,53
309,52
309,51
309,50
309,49
309,48
309,47
309,46
309,45
309,44
309,43
309,42
309,41
309,40
309,39
309,38
309,37
309,36
309,35
309,34
310,113
310,112
310,111
310,110
310,109
310,108
310,107
310,106
310,105
310,104
310,103
310,102
310,101
310,100
310,99
310,98
310,97
310,96
310,95
310,94
310,93
310,92
310,91
310,90
310,89
310,88
310,87
310,86
310,85
310,84
310,83
310,82
310,81
310,80
310,79
310,78
310,77
310,76
310,75
310,74
310,73
310,72
310,71
310,70
310,69
310,68
310,67
310,66
310,65
310,64
310,63
310,62
310,61
310,60
310,59
310,58
310,57
310,56
310,55
310,54
310,53
310,52
310,51
310,50
310,49
310,48
310,47
310,46
310,45
310,44
310,43
310,42
310,41
310,40
310,39
310,38
310,37
310,36
310,35
310,34
310,33
311,113
311,112
311,111
311,110
311,109
311,108
311,107
311,106
311,105
311,104
311,103
311,102
311,101
311,100
311,99
311,98
311,97
311,96
311,95
311,94
311,93
311,92
311,91
311,90
311,89
311,88
311,87
311,86
311,85
311,84
311,83
311,82
311,81
311,80
311,79
311,78
311,77
311,76
311,75
311,74
311,73
311,72
311,71
311,70
311,69
311,68
311,67
311,66
311,65
311,64
311,63
311,62
311,61
311,60
311,59
311,58
311,57
311,56
311,55
311,54
311,53
311,52
311,51
311,50
311,49
311,48
311,47
311,46
311,45
311,44
311,43
311,42
311,41
311,40
311,39
311,38
311,37
311,36
311,35
311,34
311,33
311,32
312,114
312,113
312,112
312,111
312,110
312,109
312,108
312,107
312,106
312,105
312,104
312,103
312,102
312,101
312,100
312,99
312,98
312,97
312,96
312,95
312,94
312,93
312,92
312,91
312,90
312,89
312,88
312,87
312,86
312,85
312,84
312,83
312,82
312,81
312,80
312,79
312,78
312,77
312,76
312,75
312,74
312,73
312,72
312,71
312,70
312,69
312,68
312,67
312,66
312,65
312,64
312,63
312,62
312,61
312,60
312,59
312,58
312,57
312,56
312,55
312,54
312,53
312,52
312,51
312,50
312,49
312,48
312,47
312,46
312,45
312,44
312,43
312,42
312,41
312,40
312,39
312,38
312,37
312,36
312,35
312,34
312,33
312,32
312,31
312,30
312,29
312,28
313,114
313,113
313,112
313,111
313,110
313,109
313,108
313,107
313,106
313,105
313,104
313,103
313,102
313,101
313,100
313,99
313,98
313,97
313,96
313,95
313,94
313,93
313,92
313,91
313,90
313,89
313,88
313,87
313,86
313,85
313,84
313,83
313,82
313,81
313,80
313,79
313,78
313,77
313,76
313,75
313,74
313,73
313,72
313,71
313,70
313,69
313,68
313,67
313,66
313,65
313,64
313,63
313,62
313,61
313,60
313,59
313,58
313,57
313,56
313,55
313,54
313,53
313,52
313,51
313,50
313,49
313,48
313,47
313,46
313,45
313,44
313,43
313,42
313,41
313,40
313,39
313,38
313,37
313,36
313,35
313,34
313,33
313,32
313,31
313,30
313,29
313,28
313,27
313,26
313,25
314,114
314,113
314,112
314,111
314,110
314,109
314,108
314,107
314,106
314,105
314,104
314,103
314,102
314,101
314,100
314,99
314,98
314,97
314,96
314,95
314,94
314,93
314,92
314,91
314,90
314,89
314,88
314,87
314,86
314,85
314,84
314,83
314,82
314,81
314,80
314,79
314,78
314,77
314,76
314,75
314,74
314,73
314,72
314,71
314,70
314,69
314,68
314,67
314,66
314,65
314,64
314,63
314,62
314,61
314,60
314,59
314,58
314,57
314,56
314,55
314,54
314,53
314,52
314,51
314,50
314,49
314,48
314,47
314,46
314,45
314,44
314,43
314,42
314,41
314,40
314,39
314,38
314,37
314,36
314,35
314,34
314,33
314,32
314,31
314,30
314,29
314,28
314,27
314,26
314,25
314,24
315,115
315,114
315,113
315,112
315,111
315,110
315,109
315,108
315,107
315,106
315,105
315,104
315,103
315,102
315,101
315,100
315,99
315,98
315,97
315,96
315,95
315,94
315,93
315,92
315,91
315,90
315,89
315,88
315,87
315,86
315,85
315,84
315,83
315,82
315,81
315,80
315,79
315,78
315,77
315,76
315,75
315,74
315,73
315,72
315,71
315,70
315,69
315,68
315,67
315,66
315,65
315,64
315,63
315,62
315,61
315,60
315,59
315,58
315,57
315,56
315,55
315,54
315,53
315,52
315,51
315,50
315,49
315,48
315,47
315,46
315,45
315,44
315,43
315,42
315,41
315,40
315,39
315,38
315,37
315,36
315,35
315,34
315,33
315,32
315,31
315,30
315,29
315,28
315,27
315,26
315,25
315,24
315,23
315,22
316,115
316,114
316,113
316,112
316,111
316,110
316,109
316,108
316,107
316,106
316,105
316,104
316,103
316,102
316,101
316,100
316,99
316,98
316,97
316,96
316,95
316,94
316,93
316,92
316,91
316,90
316,89
316,88
316,87
316,86
316,85
316,84
316,83
316,82
316,81
316,80
316,79
316,78
316,77
316,76
316,75
316,74
316,73
316,72
316,71
316,70
316,69
316,68
316,67
316,66
316,65
316,64
316,63
316,62
316,61
316,60
316,59
316,58
316,57
316,56
316,55
316,54
316,53
316,52
316,51
316,50
316,49
316,48
316,47
316,46
316,45
316,44
316,43
316,42
316,41
316,40
316,39
316,38
316,37
316,36
316,35
316,34
316,33
316,32
316,31
316,30
316,29
316,28
316,27
316,26
316,25
316,24
316,23
316,22
317,115
317,114
317,113
317,112
317,111
317,110
317,109
317,108
317,107
317,106
317,105
317,104
317,103
317,102
317,101
317,100
317,99
317,98
317,97
317,96
317,95
317,94
317,93
317,92
317,91
317,90
317,89
317,88
317,87
317,86
317,85
317,84
317,83
317,82
317,81
317,80
317,79
317,78
317,77
317,76
317,75
317,74
317,73
317,72
317,71
317,70
317,69
317,68
317,67
317,66
317,65
317,64
317,63
317,62
317,61
317,60
317,59
317,58
317,57
317,56
317,55
317,54
317,53
317,52
317,51
317,50
317,49
317,48
317,47
317,46
317,45
317,44
317,43
317,42
317,41
317,40
317,39
317,38
317,37
317,36
317,35
317,34
317,33
317,32
317,31
317,30
317,29
317,28
317,27
317,26
317,25
317,24
317,23
317,22
318,116
318,115
318,114
318,113
318,112
318,111
318,110
318,109
318,108
318,107
318,106
318,105
318,104
318,103
318,102
318,101
318,100
318,99
318,98
318,97
318,96
318,95
318,94
318,93
318,92
318,91
318,90
318,89
318,88
318,87
318,86
318,85
318,84
318,83
318,82
318,81
318,80
318,79
318,78
318,77
318,76
318,75
318,74
318,73
318,72
318,71
318,70
318,69
318,68
318,67
318,66
318,65
318,64
318,63
318,62
318,61
318,60
318,59
318,58
318,57
318,56
318,55
318,54
318,53
318,52
318,51
318,50
318,49
318,48
318,47
318,46
318,45
318,44
318,43
318,42
318,41
318,40
318,39
318,38
318,37
318,36
318,35
318,34
318,33
318,32
318,31
318,30
318,29
318,28
318,27
318,26
318,25
318,24
318,23
319,116
319,115
319,114
319,113
319,112
319,111
319,110
319,109
319,108
319,107
319,106
319,105
319,104
319,103
319,102
319,101
319,100
319,99
319,98
319,97
319,96
319,95
319,94
319,93
319,92
319,91
319,90
319,89
319,88
319,87
319,86
319,85
319,84
319,83
319,82
319,81
319,80
319,79
319,78
319,77
319,76
319,75
319,74
319,73
319,72
319,71
319,70
319,69
319,68
319,67
319,66
319,65
319,64
319,63
319,62
319,61
319,60
319,59
319,58
319,57
319,56
319,55
319,54
319,53
319,52
319,51
319,50
319,49
319,48
319,47
319,46
319,45
319,44
319,43
319,42
319,41
319,40
319,39
319,38
319,37
319,36
319,35
319,34
319,33
319,32
319,31
319,30
319,29
319,28
319,27
319,26
319,25
319,24
319,23
320,116
320,115
320,114
320,113
320,112
320,111
320,110
320,109
320,108
320,107
320,106
320,105
320,104
320,103
320,102
320,101
320,100
320,99
320,98
320,97
320,96
320,95
320,94
320,93
320,92
320,91
320,90
320,89
320,88
320,87
320,86
320,85
320,84
320,83
320,82
320,81
320,80
320,79
320,78
320,77
320,76
320,75
320,74
320,73
320,72
320,71
320,70
320,69
320,68
320,67
320,66
320,65
320,64
320,63
320,62
320,61
320,60
320,59
320,58
320,57
320,56
320,55
320,54
320,53
320,52
320,51
320,50
320,49
320,48
320,47
320,46
320,45
320,44
320,43
320,42
320,41
320,40
320,39
320,38
320,37
320,36
320,35
320,34
320,33
320,32
320,31
320,30
320,29
320,28
320,27
320,26
321,117
321,116
321,115
321,114
321,113
321,112
321,111
321,110
321,109
321,108
321,107
321,106
321,105
321,104
321,103
321,102
321,101
321,100
321,99
321,98
321,97
321,96
321,95
321,94
321,93
321,92
321,91
321,90
321,89
321,88
321,87
321,86
321,85
321,84
321,83
321,82
321,81
321,80
321,79
321,78
321,77
321,76
321,75
321,74
321,73
321,72
321,71
321,70
321,69
321,68
321,67
321,66
321,65
321,64
321,63
321,62
321,61
321,60
321,59
321,58
321,57
321,56
321,55
321,54
321,53
321,52
321,51
321,50
321,49
321,48
321,47
321,46
321,45
321,44
321,43
321,42
321,41
321,40
321,39
321,38
321,37
321,36
321,35
321,34
321,33
321,32
321,31
321,30
321,29
321,28
322,117
322,116
322,115
322,114
322,113
322,112
322,111
322,110
322,109
322,108
322,107
322,106
322,105
322,104
322,103
322,102
322,101
322,100
322,99
322,98
322,97
322,96
322,95
322,94
322,93
322,92
322,91
322,90
322,89
322,88
322,87
322,86
322,85
322,84
322,83
322,82
322,81
322,80
322,79
322,78
322,77
322,76
322,75
322,74
322,73
322,72
322,71
322,70
322,69
322,68
322,67
322,66
322,65
322,64
322,63
322,62
322,61
322,60
322,59
322,58
322,57
322,56
322,55
322,54
322,53
322,52
322,51
322,50
322,49
322,48
322,47
322,46
322,45
322,44
322,43
322,42
322,41
322,40
322,39
322,38
322,37
322,36
322,35
322,34
322,33
322,32
322,31
322,30
322,29
322,28
323,118
323,117
323,116
323,115
323,114
323,113
323,112
323,111
323,110
323,109
323,108
323,107
323,106
323,105
323,104
323,103
323,102
323,101
323,100
323,99
323,98
323,97
323,96
323,95
323,94
323,93
323,92
323,91
323,90
323,89
323,88
323,87
323,86
323,85
323,84
323,83
323,82
323,81
323,80
323,79
323,78
323,77
323,76
323,75
323,74
323,73
323,72
323,71
323,70
323,69
323,68
323,67
323,66
323,65
323,64
323,63
323,62
323,61
323,60
323,59
323,58
323,57
323,56
323,55
323,54
323,53
323,52
323,51
323,50
323,49
323,48
323,47
323,46
323,45
323,44
323,43
323,42
323,41
323,40
323,39
323,38
323,37
323,36
323,35
323,34
323,33
323,32
323,31
323,30
323,29
323,28
324,118
324,117
324,116
324,115
324,114
324,113
324,112
324,111
324,110
324,109
324,108
324,107
324,106
324,105
324,104
324,103
324,102
324,101
324,100
324,99
324,98
324,97
324,96
324,95
324,94
324,93
324,92
324,91
324,90
324,89
324,88
324,87
324,86
324,85
324,84
324,83
324,82
324,81
324,80
324,79
324,78
324,77
324,76
324,75
324,74
324,73
324,72
324,71
324,70
324,69
324,68
324,67
324,66
324,65
324,64
324,63
324,62
324,61
324,60
324,59
324,58
324,57
324,56
324,55
324,54
324,53
324,52
324,51
324,50
324,49
324,48
324,47
324,46
324,45
324,44
324,43
324,42
324,41
324,40
324,39
324,38
324,37
324,36
324,35
324,34
324,33
324,32
324,31
324,30
324,29
324,28
325,118
325,117
325,116
325,115
325,114
325,113
325,112
325,111
325,110
325,109
325,108
325,107
325,106
325,105
325,104
325,103
325,102
325,101
325,100
325,99
325,98
325,97
325,96
325,95
325,94
325,93
325,92
325,91
325,90
325,89
325,88
325,87
325,86
325,85
325,84
325,83
325,82
325,81
325,80
325,79
325,78
325,77
325,76
325,75
325,74
325,73
325,72
325,71
325,70
325,69
325,68
325,67
325,66
325,65
325,64
325,63
325,62
325,61
325,60
325,59
325,58
325,57
325,56
325,55
325,54
325,53
325,52
325,51
325,50
325,49
325,48
325,47
325,46
325,45
325,44
325,43
325,42
325,41
325,40
325,39
325,38
325,37
325,36
325,35
325,34
325,33
325,32
325,31
325,30
325,29
325,28
326,119
326,118
326,117
326,116
326,115
326,114
326,113
326,112
326,111
326,110
326,109
326,108
326,107
326,106
326,105
326,104
326,103
326,102
326,101
326,100
326,99
326,98
326,97
326,96
326,95
326,94
326,93
326,92
326,91
326,90
326,89
326,88
326,87
326,86
326,85
326,84
326,83
326,82
326,81
326,80
326,79
326,78
326,77
326,76
326,75
326,74
326,73
326,72
326,71
326,70
326,69
326,68
326,67
326,66
326,65
326,64
326,63
326,62
326,61
326,60
326,59
326,58
326,57
326,56
326,55
326,54
326,53
326,52
326,51
326,50
326,49
326,48
326,47
326,46
326,45
326,44
326,43
326,42
326,41
326,40
326,39
326,38
326,37
326,36
326,35
326,34
326,33
326,32
326,31
326,30
326,29
326,28
327,119
327,118
327,117
327,116
327,115
327,114
327,113
327,112
327,111
327,110
327,109
327,108
327,107
327,106
327,105
327,104
327,103
327,102
327,101
327,100
327,99
327,98
327,97
327,96
327,95
327,94
327,93
327,92
327,91
327,90
327,89
327,88
327,87
327,86
327,85
327,84
327,83
327,82
327,81
327,80
327,79
327,78
327,77
327,76
327,75
327,74
327,73
327,72
327,71
327,70
327,69
327,68
327,67
327,66
327,65
327,64
327,63
327,62
327,61
327,60
327,59
327,58
327,57
327,56
327,55
327,54
327,53
327,52
327,51
327,50
327,49
327,48
327,47
327,46
327,45
327,44
327,43
327,42
327,41
327,40
327,39
327,38
327,37
327,36
327,35
327,34
327,33
327,32
327,31
327,30
327,29
327,28
327,27
328,119
328,118
328,117
328,116
328,115
328,114
328,113
328,112
328,111
328,110
328,109
328,108
328,107
328,106
328,105
328,104
328,103
328,102
328,101
328,100
328,99
328,98
328,97
328,96
328,95
328,94
328,93
328,92
328,91
328,90
328,89
328,88
328,87
328,86
328,85
328,84
328,83
328,82
328,81
328,80
328,79
328,78
328,77
328,76
328,75
328,74
328,73
328,72
328,71
328,70
328,69
328,68
328,67
328,66
328,65
328,64
328,63
328,62
328,61
328,60
328,59
328,58
328,57
328,56
328,55
328,54
328,53
328,52
328,51
328,50
328,49
328,48
328,47
328,46
328,45
328,44
328,43
328,42
328,41
328,40
328,39
328,38
328,37
328,36
328,35
328,34
328,33
328,32
328,31
328,30
328,29
328,28
328,27
329,119
329,118
329,117
329,116
329,115
329,114
329,113
329,112
329,111
329,110
329,109
329,108
329,107
329,106
329,105
329,104
329,103
329,102
329,101
329,100
329,99
329,98
329,97
329,96
329,95
329,94
329,93
329,92
329,91
329,90
329,89
329,88
329,87
329,86
329,85
329,84
329,83
329,82
329,81
329,80
329,79
329,78
329,77
329,76
329,75
329,74
329,73
329,72
329,71
329,70
329,69
329,68
329,67
329,66
329,65
329,64
329,63
329,62
329,61
329,60
329,59
329,58
329,57
329,56
329,55
329,54
329,53
329,52
329,51
329,50
329,49
329,48
329,47
329,46
329,45
329,44
329,43
329,42
329,41
329,40
329,39
329,38
329,37
329,36
329,35
329,34
329,33
329,32
329,31
329,30
329,29
329,28
329,27
330,119
330,118
330,117
330,116
330,115
330,114
330,113
330,112
330,111
330,110
330,109
330,108
330,107
330,106
330,105
330,104
330,103
330,102
330,101
330,100
330,99
330,98
330,97
330,96
330,95
330,94
330,93
330,92
330,91
330,90
330,89
330,88
330,87
330,86
330,85
330,84
330,83
330,82
330,81
330,80
330,79
330,78
330,77
330,76
330,75
330,74
330,73
330,72
330,71
330,70
330,69
330,68
330,67
330,66
330,65
330,64
330,63
330,62
330,61
330,60
330,59
330,58
330,57
330,56
330,55
330,54
330,53
330,52
330,51
330,50
330,49
330,48
330,47
330,46
330,45
330,44
330,43
330,42
330,41
330,40
330,39
330,38
330,37
330,36
330,35
330,34
330,33
330,32
330,31
330,30
330,29
330,28
330,27
331,119
331,118
331,117
331,116
331,115
331,114
331,113
331,112
331,111
331,110
331,109
331,108
331,107
331,106
331,105
331,104
331,103
331,102
331,101
331,100
331,99
331,98
331,97
331,96
331,95
331,94
331,93
331,92
331,91
331,90
331,89
331,88
331,87
331,86
331,85
331,84
331,83
331,82
331,81
331,80
331,79
331,78
331,77
331,76
331,75
331,74
331,73
331,72
331,71
331,70
331,69
331,68
331,67
331,66
331,65
331,64
331,63
331,62
331,61
331,60
331,59
331,58
331,57
331,56
331,55
331,54
331,53
331,52
331,51
331,50
331,49
331,48
331,47
331,46
331,45
331,44
331,43
331,42
331,41
331,40
331,39
331,38
331,37
331,36
331,35
331,34
331,33
331,32
331,31
331,30
331,29
331,28
331,27
332,119
332,118
332,117
332,116
332,115
332,114
332,113
332,112
332,111
332,110
332,109
332,108
332,107
332,106
332,105
332,104
332,103
332,102
332,101
332,100
332,99
332,98
332,97
332,96
332,95
332,94
332,93
332,92
332,91
332,90
332,89
332,88
332,87
332,86
332,85
332,84
332,83
332,82
332,81
332,80
332,79
332,78
332,77
332,76
332,75
332,74
332,73
332,72
332,71
332,70
332,69
332,68
332,67
332,66
332,65
332,64
332,63
332,62
332,61
332,60
332,59
332,58
332,57
332,56
332,55
332,54
332,53
332,52
332,51
332,50
332,49
332,48
332,47
332,46
332,45
332,44
332,43
332,42
332,41
332,40
332,39
332,38
332,37
332,36
332,35
332,34
332,33
332,32
332,31
332,30
332,29
332,28
333,119
333,118
333,117
333,116
333,115
333,114
333,113
333,112
333,111
333,110
333,109
333,108
333,107
333,106
333,105
333,104
333,103
333,102
333,101
333,100
333,99
333,98
333,97
333,96
333,95
333,94
333,93
333,92
333,91
333,90
333,89
333,88
333,87
333,86
333,85
333,84
333,83
333,82
333,81
333,80
333,79
333,78
333,77
333,76
333,75
333,74
333,73
333,72
333,71
333,70
333,69
333,68
333,67
333,66
333,65
333,64
333,63
333,62
333,61
333,60
333,59
333,58
333,57
333,56
333,55
333,54
333,53
333,52
333,51
333,50
333,49
333,48
333,47
333,46
333,45
333,44
333,43
333,42
333,41
333,40
333,39
333,38
333,37
333,36
333,35
333,34
333,33
333,32
333,31
333,30
334,119
334,118
334,117
334,116
334,115
334,114
334,113
334,112
334,111
334,110
334,109
334,108
334,107
334,106
334,105
334,104
334,103
334,102
334,101
334,100
334,99
334,98
334,97
334,96
334,95
334,94
334,93
334,92
334,91
334,90
334,89
334,88
334,87
334,86
334,85
334,84
334,83
334,82
334,81
334,80
334,79
334,78
334,77
334,76
334,75
334,74
334,73
334,72
334,71
334,70
334,69
334,68
334,67
334,66
334,65
334,64
334,63
334,62
334,61
334,60
334,59
334,58
334,57
334,56
334,55
334,54
334,53
334,52
334,51
334,50
334,49
334,48
334,47
334,46
334,45
334,44
334,43
334,42
334,41
334,40
334,39
334,38
334,37
334,36
334,35
334,34
334,33
334,32
334,31
335,119
335,118
335,117
335,116
335,115
335,114
335,113
335,112
335,111
335,110
335,109
335,108
335,107
335,106
335,105
335,104
335,103
335,102
335,101
335,100
335,99
335,98
335,97
335,96
335,95
335,94
335,93
335,92
335,91
335,90
335,89
335,88
335,87
335,86
335,85
335,84
335,83
335,82
335,81
335,80
335,79
335,78
335,77
335,76
335,75
335,74
335,73
335,72
335,71
335,70
335,69
335,68
335,67
335,66
335,65
335,64
335,63
335,62
335,61
335,60
335,59
335,58
335,57
335,56
335,55
335,54
335,53
335,52
335,51
335,50
335,49
335,48
335,47
335,46
335,45
335,44
335,43
335,42
335,41
335,40
335,39
335,38
335,37
335,36
335,35
335,34
335,33
335,32
336,119
336,118
336,117
336,116
336,115
336,114
336,113
336,112
336,111
336,110
336,109
336,108
336,107
336,106
336,105
336,104
336,103
336,102
336,101
336,100
336,99
336,98
336,97
336,96
336,95
336,94
336,93
336,92
336,91
336,90
336,89
336,88
336,87
336,86
336,85
336,84
336,83
336,82
336,81
336,80
336,79
336,78
336,77
336,76
336,75
336,74
336,73
336,72
336,71
336,70
336,69
336,68
336,67
336,66
336,65
336,64
336,63
336,62
336,61
336,60
336,59
336,58
336,57
336,56
336,55
336,54
336,53
336,52
336,51
336,50
336,49
336,48
336,47
336,46
336,45
336,44
336,43
336,42
336,41
336,40
336,39
336,38
336,37
336,36
336,35
336,34
336,33
336,32
337,119
337,118
337,117
337,116
337,115
337,114
337,113
337,112
337,111
337,110
337,109
337,108
337,107
337,106
337,105
337,104
337,103
337,102
337,101
337,100
337,99
337,98
337,97
337,96
337,95
337,94
337,93
337,92
337,91
337,90
337,89
337,88
337,87
337,86
337,85
337,84
337,83
337,82
337,81
337,80
337,79
337,78
337,77
337,76
337,75
337,74
337,73
337,72
337,71
337,70
337,69
337,68
337,67
337,66
337,65
337,64
337,63
337,62
337,61
337,60
337,59
337,58
337,57
337,56
337,55
337,54
337,53
337,52
337,51
337,50
337,49
337,48
337,47
337,46
337,45
337,44
337,43
337,42
337,41
337,40
337,39
337,38
337,37
337,36
337,35
337,34
337,33
338,119
338,118
338,117
338,116
338,115
338,114
338,113
338,112
338,111
338,110
338,109
338,108
338,107
338,106
338,105
338,104
338,103
338,102
338,101
338,100
338,99
338,98
338,97
338,96
338,95
338,94
338,93
338,92
338,91
338,90
338,89
338,88
338,87
338,86
338,85
338,84
338,83
338,82
338,81
338,80
338,79
338,78
338,77
338,76
338,75
338,74
338,73
338,72
338,71
338,70
338,69
338,68
338,67
338,66
338,65
338,64
338,63
338,62
338,61
338,60
338,59
338,58
338,57
338,56
338,55
338,54
338,53
338,52
338,51
338,50
338,49
338,48
338,47
338,46
338,45
338,44
338,43
338,42
338,41
338,40
338,39
338,38
338,37
338,36
338,35
338,34
339,118
339,117
339,116
339,115
339,114
339,113
339,112
339,111
339,110
339,109
339,108
339,107
339,106
339,105
339,104
339,103
339,102
339,101
339,100
339,99
339,98
339,97
339,96
339,95
339,94
339,93
339,92
339,91
339,90
339,89
339,88
339,87
339,86
339,85
339,84
339,83
339,82
339,81
339,80
339,79
339,78
339,77
339,76
339,75
339,74
339,73
339,72
339,71
339,70
339,69
339,68
339,67
339,66
339,65
339,64
339,63
339,62
339,61
339,60
339,59
339,58
339,57
339,56
339,55
339,54
339,53
339,52
339,51
339,50
339,49
339,48
339,47
339,46
339,45
339,44
339,43
339,42
339,41
339,40
339,39
339,38
339,37
339,36
339,35
339,34
340,117
340,116
340,115
340,114
340,113
340,112
340,111
340,110
340,109
340,108
340,107
340,106
340,105
340,104
340,103
340,102
340,101
340,100
340,99
340,98
340,97
340,96
340,95
340,94
340,93
340,92
340,91
340,90
340,89
340,88
340,87
340,86
340,85
340,84
340,83
340,82
340,81
340,80
340,79
340,78
340,77
340,76
340,75
340,74
340,73
340,72
340,71
340,70
340,69
340,68
340,67
340,66
340,65
340,64
340,63
340,62
340,61
340,60
340,59
340,58
340,57
340,56
340,55
340,54
340,53
340,52
340,51
340,50
340,49
340,48
340,47
340,46
340,45
340,44
340,43
340,42
340,41
340,40
340,39
340,38
340,37
340,36
340,35
341,116
341,115
341,114
341,113
341,112
341,111
341,110
341,109
341,108
341,107
341,106
341,105
341,104
341,103
341,102
341,101
341,100
341,99
341,98
341,97
341,96
341,95
341,94
341,93
341,92
341,91
341,90
341,89
341,88
341,87
341,86
341,85
341,84
341,83
341,82
341,81
341,80
341,79
341,78
341,77
341,76
341,75
341,74
341,73
341,72
341,71
341,70
341,69
341,68
341,67
341,66
341,65
341,64
341,63
341,62
341,61
341,60
341,59
341,58
341,57
341,56
341,55
341,54
341,53
341,52
341,51
341,50
341,49
341,48
341,47
341,46
341,45
341,44
341,43
341,42
341,41
341,40
341,39
341,38
341,37
341,36
341,35
342,115
342,114
342,113
342,112
342,111
342,110
342,109
342,108
342,107
342,106
342,105
342,104
342,103
342,102
342,101
342,100
342,99
342,98
342,97
342,96
342,95
342,94
342,93
342,92
342,91
342,90
342,89
342,88
342,87
342,86
342,85
342,84
342,83
342,82
342,81
342,80
342,79
342,78
342,77
342,76
342,75
342,74
342,73
342,72
342,71
342,70
342,69
342,68
342,67
342,66
342,65
342,64
342,63
342,62
342,61
342,60
342,59
342,58
342,57
342,56
342,55
342,54
342,53
342,52
342,51
342,50
342,49
342,48
342,47
342,46
342,45
342,44
342,43
342,42
342,41
342,40
342,39
342,38
342,37
342,36
343,114
343,113
343,112
343,111
343,110
343,109
343,108
343,107
343,106
343,105
343,104
343,103
343,102
343,101
343,100
343,99
343,98
343,97
343,96
343,95
343,94
343,93
343,92
343,91
343,90
343,89
343,88
343,87
343,86
343,85
343,84
343,83
343,82
343,81
343,80
343,79
343,78
343,77
343,76
343,75
343,74
343,73
343,72
343,71
343,70
343,69
343,68
343,67
343,66
343,65
343,64
343,63
343,62
343,61
343,60
343,59
343,58
343,57
343,56
343,55
343,54
343,53
343,52
343,51
343,50
343,49
343,48
343,47
343,46
343,45
343,44
343,43
343,42
343,41
343,40
343,39
343,38
343,37
344,114
344,113
344,112
344,111
344,110
344,109
344,108
344,107
344,106
344,105
344,104
344,103
344,102
344,101
344,100
344,99
344,98
344,97
344,96
344,95
344,94
344,93
344,92
344,91
344,90
344,89
344,88
344,87
344,86
344,85
344,84
344,83
344,82
344,81
344,80
344,79
344,78
344,77
344,76
344,75
344,74
344,73
344,72
344,71
344,70
344,69
344,68
344,67
344,66
344,65
344,64
344,63
344,62
344,61
344,60
344,59
344,58
344,57
344,56
344,55
344,54
344,53
344,52
344,51
344,50
344,49
344,48
344,47
344,46
344,45
344,44
344,43
344,42
344,41
344,40
344,39
344,38
344,37
345,113
345,112
345,111
345,110
345,109
345,108
345,107
345,106
345,105
345,104
345,103
345,102
345,101
345,100
345,99
345,98
345,97
345,96
345,95
345,94
345,93
345,92
345,91
345,90
345,89
345,88
345,87
345,86
345,85
345,84
345,83
345,82
345,81
345,80
345,79
345,78
345,77
345,76
345,75
345,74
345,73
345,72
345,71
345,70
345,69
345,68
345,67
345,66
345,65
345,64
345,63
345,62
345,61
345,60
345,59
345,58
345,57
345,56
345,55
345,54
345,53
345,52
345,51
345,50
345,49
345,48
345,47
345,46
345,45
345,44
345,43
345,42
345,41
345,40
345,39
345,38
346,112
346,111
346,110
346,109
346,108
346,107
346,106
346,105
346,104
346,103
346,102
346,101
346,100
346,99
346,98
346,97
346,96
346,95
346,94
346,93
346,92
346,91
346,90
346,89
346,88
346,87
346,86
346,85
346,84
346,83
346,82
346,81
346,80
346,79
346,78
346,77
346,76
346,75
346,74
346,73
346,72
346,71
346,70
346,69
346,68
346,67
346,66
346,65
346,64
346,63
346,62
346,61
346,60
346,59
346,58
346,57
346,56
346,55
346,54
346,53
346,52
346,51
346,50
346,49
346,48
346,47
346,46
346,45
346,44
346,43
346,42
346,41
346,40
346,39
347,110
347,109
347,108
347,107
347,106
347,105
347,104
347,103
347,102
347,101
347,100
347,99
347,98
347,97
347,96
347,95
347,94
347,93
347,92
347,91
347,90
347,89
347,88
347,87
347,86
347,85
347,84
347,83
347,82
347,81
347,80
347,79
347,78
347,77
347,76
347,75
347,74
347,73
347,72
347,71
347,70
347,69
347,68
347,67
347,66
347,65
347,64
347,63
347,62
347,61
347,60
347,59
347,58
347,57
347,56
347,55
347,54
347,53
347,52
347,51
347,50
347,49
347,48
347,47
347,46
347,45
347,44
347,43
347,42
347,41
347,40
348,109
348,108
348,107
348,106
348,105
348,104
348,103
348,102
348,101
348,100
348,99
348,98
348,97
348,96
348,95
348,94
348,93
348,92
348,91
348,90
348,89
348,88
348,87
348,86
348,85
348,84
348,83
348,82
348,81
348,80
348,79
348,78
348,77
348,76
348,75
348,74
348,73
348,72
348,71
348,70
348,69
348,68
348,67
348,66
348,65
348,64
348,63
348,62
348,61
348,60
348,59
348,58
348,57
348,56
348,55
348,54
348,53
348,52
348,51
348,50
348,49
348,48
348,47
348,46
348,45
348,44
348,43
348,42
348,41
349,108
349,107
349,106
349,105
349,104
349,103
349,102
349,101
349,100
349,99
349,98
349,97
349,96
349,95
349,94
349,93
349,92
349,91
349,90
349,89
349,88
349,87
349,86
349,85
349,84
349,83
349,82
349,81
349,80
349,79
349,78
349,77
349,76
349,75
349,74
349,73
349,72
349,71
349,70
349,69
349,68
349,67
349,66
349,65
349,64
349,63
349,62
349,61
349,60
349,59
349,58
349,57
349,56
349,55
349,54
349,53
349,52
349,51
349,50
349,49
349,48
349,47
349,46
349,45
349,44
349,43
349,42
350,107
350,106
350,105
350,104
350,103
350,102
350,101
350,100
350,99
350,98
350,97
350,96
350,95
350,94
350,93
350,92
350,91
350,90
350,89
350,88
350,87
350,86
350,85
350,84
350,83
350,82
350,81
350,80
350,79
350,78
350,77
350,76
350,75
350,74
350,73
350,72
350,71
350,70
350,69
350,68
350,67
350,66
350,65
350,64
350,63
350,62
350,61
350,60
350,59
350,58
350,57
350,56
350,55
350,54
350,53
350,52
350,51
350,50
350,49
350,48
350,47
350,46
350,45
350,44
350,43
350,42
351,106
351,105
351,104
351,103
351,102
351,101
351,100
351,99
351,98
351,97
351,96
351,95
351,94
351,93
351,92
351,91
351,90
351,89
351,88
351,87
351,86
351,85
351,84
351,83
351,82
351,81
351,80
351,79
351,78
351,77
351,76
351,75
351,74
351,73
351,72
351,71
351,70
351,69
351,68
351,67
351,66
351,65
351,64
351,63
351,62
351,61
351,60
351,59
351,58
351,57
351,56
351,55
351,54
351,53
351,52
351,51
351,50
351,49
351,48
351,47
351,46
351,45
351,44
351,43
352,105
352,104
352,103
352,102
352,101
352,100
352,99
352,98
352,97
352,96
352,95
352,94
352,93
352,92
352,91
352,90
352,89
352,88
352,87
352,86
352,85
352,84
352,83
352,82
352,81
352,80
352,79
352,78
352,77
352,76
352,75
352,74
352,73
352,72
352,71
352,70
352,69
352,68
352,67
352,66
352,65
352,64
352,63
352,62
352,61
352,60
352,59
352,58
352,57
352,56
352,55
352,54
352,53
352,52
352,51
352,50
352,49
352,48
352,47
352,46
352,45
352,44
353,103
353,102
353,101
353,100
353,99
353,98
353,97
353,96
353,95
353,94
353,93
353,92
353,91
353,90
353,89
353,88
353,87
353,86
353,85
353,84
353,83
353,82
353,81
353,80
353,79
353,78
353,77
353,76
353,75
353,74
353,73
353,72
353,71
353,70
353,69
353,68
353,67
353,66
353,65
353,64
353,63
353,62
353,61
353,60
353,59
353,58
353,57
353,56
353,55
353,54
353,53
353,52
353,51
353,50
353,49
353,48
353,47
353,46
353,45
353,44
354,103
354,102
354,101
354,100
354,99
354,98
354,97
354,96
354,95
354,94
354,93
354,92
354,91
354,90
354,89
354,88
354,87
354,86
354,85
354,84
354,83
354,82
354,81
354,80
354,79
354,78
354,77
354,76
354,75
354,74
354,73
354,72
354,71
354,70
354,69
354,68
354,67
354,66
354,65
354,64
354,63
354,62
354,61
354,60
354,59
354,58
354,57
354,56
354,55
354,54
354,53
354,52
354,51
354,50
354,49
354,48
354,47
354,46
354,45
355,101
355,100
355,99
355,98
355,97
355,96
355,95
355,94
355,93
355,92
355,91
355,90
355,89
355,88
355,87
355,86
355,85
355,84
355,83
355,82
355,81
355,80
355,79
355,78
355,77
355,76
355,75
355,74
355,73
355,72
355,71
355,70
355,69
355,68
355,67
355,66
355,65
355,64
355,63
355,62
355,61
355,60
355,59
355,58
355,57
355,56
355,55
355,54
355,53
355,52
355,51
355,50
355,49
355,48
355,47
355,46
355,45
356,100
356,99
356,98
356,97
356,96
356,95
356,94
356,93
356,92
356,91
356,90
356,89
356,88
356,87
356,86
356,85
356,84
356,83
356,82
356,81
356,80
356,79
356,78
356,77
356,76
356,75
356,74
356,73
356,72
356,71
356,70
356,69
356,68
356,67
356,66
356,65
356,64
356,63
356,62
356,61
356,60
356,59
356,58
356,57
356,56
356,55
356,54
356,53
356,52
356,51
356,50
356,49
356,48
356,47
356,46
357,99
357,98
357,97
357,96
357,95
357,94
357,93
357,92
357,91
357,90
357,89
357,88
357,87
357,86
357,85
357,84
357,83
357,82
357,81
357,80
357,79
357,78
357,77
357,76
357,75
357,74
357,73
357,72
357,71
357,70
357,69
357,68
357,67
357,66
357,65
357,64
357,63
357,62
357,61
357,60
357,59
357,58
357,57
357,56
357,55
357,54
357,53
357,52
357,51
357,50
357,49
357,48
357,47
357,46
358,98
358,97
358,96
358,95
358,94
358,93
358,92
358,91
358,90
358,89
358,88
358,87
358,86
358,85
358,84
358,83
358,82
358,81
358,80
358,79
358,78
358,77
358,76
358,75
358,74
358,73
358,72
358,71
358,70
358,69
358,68
358,67
358,66
358,65
358,64
358,63
358,62
358,61
358,60
358,59
358,58
358,57
358,56
358,55
358,54
358,53
358,52
358,51
358,50
358,49
358,48
358,47
359,98
359,97
359,96
359,95
359,94
359,93
359,92
359,91
359,90
359,89
359,88
359,87
359,86
359,85
359,84
359,83
359,82
359,81
359,80
359,79
359,78
359,77
359,76
359,75
359,74
359,73
359,72
359,71
359,70
359,69
359,68
359,67
359,66
359,65
359,64
359,63
359,62
359,61
359,60
359,59
359,58
359,57
359,56
359,55
359,54
359,53
359,52
359,51
359,50
359,49
359,48
360,97
360,96
360,95
360,94
360,93
360,92
360,91
360,90
360,89
360,88
360,87
360,86
360,85
360,84
360,83
360,82
360,81
360,80
360,79
360,78
360,77
360,76
360,75
360,74
360,73
360,72
360,71
360,70
360,69
360,68
360,67
360,66
360,65
360,64
360,63
360,62
360,61
360,60
360,59
360,58
360,57
360,56
360,55
360,54
360,53
360,52
360,51
360,50
360,49
360,48
361,96
361,95
361,94
361,93
361,92
361,91
361,90
361,89
361,88
361,87
361,86
361,85
361,84
361,83
361,82
361,81
361,80
361,79
361,78
361,77
361,76
361,75
361,74
361,73
361,72
361,71
361,70
361,69
361,68
361,67
361,66
361,65
361,64
361,63
361,62
361,61
361,60
361,59
361,58
361,57
361,56
361,55
361,54
361,53
361,52
361,51
361,50
361,49
362,96
362,95
362,94
362,93
362,92
362,91
362,90
362,89
362,88
362,87
362,86
362,85
362,84
362,83
362,82
362,81
362,80
362,79
362,78
362,77
362,76
362,75
362,74
362,73
362,72
362,71
362,70
362,69
362,68
362,67
362,66
362,65
362,64
362,63
362,62
362,61
362,60
362,59
362,58
362,57
362,56
362,55
362,54
362,53
362,52
362,51
362,50
362,49
363,95
363,94
363,93
363,92
363,91
363,90
363,89
363,88
363,87
363,86
363,85
363,84
363,83
363,82
363,81
363,80
363,79
363,78
363,77
363,76
363,75
363,74
363,73
363,72
363,71
363,70
363,69
363,68
363,67
363,66
363,65
363,64
363,63
363,62
363,61
363,60
363,59
363,58
363,57
363,56
363,55
363,54
363,53
363,52
363,51
363,50
364,94
364,93
364,92
364,91
364,90
364,89
364,88
364,87
364,86
364,85
364,84
364,83
364,82
364,81
364,80
364,79
364,78
364,77
364,76
364,75
364,74
364,73
364,72
364,71
364,70
364,69
364,68
364,67
364,66
364,65
364,64
364,63
364,62
364,61
364,60
364,59
364,58
364,57
364,56
364,55
364,54
364,53
364,52
364,51
364,50
365,94
365,93
365,92
365,91
365,90
365,89
365,88
365,87
365,86
365,85
365,84
365,83
365,82
365,81
365,80
365,79
365,78
365,77
365,76
365,75
365,74
365,73
365,72
365,71
365,70
365,69
365,68
365,67
365,66
365,65
365,64
365,63
365,62
365,61
365,60
365,59
365,58
365,57
365,56
365,55
365,54
365,53
365,52
365,51
366,93
366,92
366,91
366,90
366,89
366,88
366,87
366,86
366,85
366,84
366,83
366,82
366,81
366,80
366,79
366,78
366,77
366,76
366,75
366,74
366,73
366,72
366,71
366,70
366,69
366,68
366,67
366,66
366,65
366,64
366,63
366,62
366,61
366,60
366,59
366,58
366,57
366,56
366,55
366,54
366,53
366,52
367,92
367,91
367,90
367,89
367,88
367,87
367,86
367,85
367,84
367,83
367,82
367,81
367,80
367,79
367,78
367,77
367,76
367,75
367,74
367,73
367,72
367,71
367,70
367,69
367,68
367,67
367,66
367,65
367,64
367,63
367,62
367,61
367,60
367,59
367,58
367,57
367,56
367,55
367,54
367,53
367,52
368,92
368,91
368,90
368,89
368,88
368,87
368,86
368,85
368,84
368,83
368,82
368,81
368,80
368,79
368,78
368,77
368,76
368,75
368,74
368,73
368,72
368,71
368,70
368,69
368,68
368,67
368,66
368,65
368,64
368,63
368,62
368,61
368,60
368,59
368,58
368,57
368,56
368,55
368,54
368,53
369,91
369,90
369,89
369,88
369,87
369,86
369,85
369,84
369,83
369,82
369,81
369,80
369,79
369,78
369,77
369,76
369,75
369,74
369,73
369,72
369,71
369,70
369,69
369,68
369,67
369,66
369,65
369,64
369,63
369,62
369,61
369,60
369,59
369,58
369,57
369,56
369,55
369,54
369,53
370,89
370,88
370,87
370,86
370,85
370,84
370,83
370,82
370,81
370,80
370,79
370,78
370,77
370,76
370,75
370,74
370,73
370,72
370,71
370,70
370,69
370,68
370,67
370,66
370,65
370,64
370,63
370,62
370,61
370,60
370,59
370,58
370,57
370,56
370,55
370,54
371,89
371,88
371,87
371,86
371,85
371,84
371,83
371,82
371,81
371,80
371,79
371,78
371,77
371,76
371,75
371,74
371,73
371,72
371,71
371,70
371,69
371,68
371,67
371,66
371,65
371,64
371,63
371,62
371,61
371,60
371,59
371,58
371,57
371,56
371,55
372,88
372,87
372,86
372,85
372,84
372,83
372,82
372,81
372,80
372,79
372,78
372,77
372,76
372,75
372,74
372,73
372,72
372,71
372,70
372,69
372,68
372,67
372,66
372,65
372,64
372,63
372,62
372,61
372,60
372,59
372,58
372,57
372,56
372,55
373,87
373,86
373,85
373,84
373,83
373,82
373,81
373,80
373,79
373,78
373,77
373,76
373,75
373,74
373,73
373,72
373,71
373,70
373,69
373,68
373,67
373,66
373,65
373,64
373,63
373,62
373,61
373,60
373,59
373,58
373,57
373,56
374,86
374,85
374,84
374,83
374,82
374,81
374,80
374,79
374,78
374,77
374,76
374,75
374,74
374,73
374,72
374,71
374,70
374,69
374,68
374,67
374,66
374,65
374,64
374,63
374,62
374,61
374,60
374,59
374,58
374,57
375,86
375,85
375,84
375,83
375,82
375,81
375,80
375,79
375,78
375,77
375,76
375,75
375,74
375,73
375,72
375,71
375,70
375,69
375,68
375,67
375,66
375,65
375,64
375,63
375,62
375,61
375,60
375,59
375,58
375,57
376,86
376,85
376,84
376,83
376,82
376,81
376,80
376,79
376,78
376,77
376,76
376,75
376,74
376,73
376,72
376,71
376,70
376,69
376,68
376,67
376,66
376,65
376,64
376,63
376,62
376,61
376,60
376,59
376,58
377,85
377,84
377,83
377,82
377,81
377,80
377,79
377,78
377,77
377,76
377,75
377,74
377,73
377,72
377,71
377,70
377,69
377,68
377,67
377,66
377,65
377,64
377,63
377,62
377,61
377,60
377,59
377,58
378,85
378,84
378,83
378,82
378,81
378,80
378,79
378,78
378,77
378,76
378,75
378,74
378,73
378,72
378,71
378,70
378,69
378,68
378,67
378,66
378,65
378,64
378,63
378,62
378,61
378,60
378,59
378,58
379,85
379,84
379,83
379,82
379,81
379,80
379,79
379,78
379,77
379,76
379,75
379,74
379,73
379,72
379,71
379,70
379,69
379,68
379,67
379,66
379,65
379,64
379,63
379,62
379,61
379,60
379,59
380,85
380,84
380,83
380,82
380,81
380,80
380,79
380,78
380,77
380,76
380,75
380,74
380,73
380,72
380,71
380,70
380,69
380,68
380,67
380,66
380,65
380,64
380,63
380,62
380,61
380,60
380,59
381,85
381,84
381,83
381,82
381,81
381,80
381,79
381,78
381,77
381,76
381,75
381,74
381,73
381,72
381,71
381,70
381,69
381,68
381,67
381,66
381,65
381,64
381,63
381,62
381,61
381,60
381,59
382,86
382,85
382,84
382,83
382,82
382,81
382,80
382,79
382,78
382,77
382,76
382,75
382,74
382,73
382,72
382,71
382,70
382,69
382,68
382,67
382,66
382,65
382,64
382,63
382,62
382,61
382,60
383,87
383,86
383,85
383,84
383,83
383,82
383,81
383,80
383,79
383,78
383,77
383,76
383,75
383,74
383,73
383,72
383,71
383,70
383,69
383,68
383,67
383,66
383,65
383,64
383,63
383,62
383,61
383,60
384,88
384,87
384,86
384,85
384,84
384,83
384,82
384,81
384,80
384,79
384,78
384,77
384,76
384,75
384,74
384,73
384,72
384,71
384,70
384,69
384,68
384,67
384,66
384,65
384,64
384,63
384,62
384,61
384,60
385,89
385,88
385,87
385,86
385,85
385,84
385,83
385,82
385,81
385,80
385,79
385,78
385,77
385,76
385,70
385,69
385,68
385,67
385,66
385,65
385,64
385,63
386,90
386,89
386,88
386,87
386,86
386,85
386,84
386,83
386,82
386,81
386,80
386,79
387,90
387,89
387,88
387,87
387,86
387,85
387,84
387,83
387,82
388,91
388,90
388,89
388,88
388,87
388,86
388,85
388,84
389,91
389,90
389,89
389,88
389,87
389,86
390,92
390,91
390,90
390,89
390,88
