24583,2
27702,2
24994,1
18500,1
19098,2
32296,1
21702,1
23865,1
27517,1
10498,1
10290,1
21104,1
32820,1
32312,2
31950,1
31679,1
33003,1
32590,2
34708,1
23334,1
11277,1
31373,2
24323,2
16703,1
25977,1
32036,1
25705,1
22933,1
17761,2
26164,1
13931,1
22068,1
18827,1
33662,2
31150,1
30824,2
9982,1
28160,2
33260,1
34480,1
12331,1
29469,2
10046,1
22767,2
21367,1
21169,1
9972,1
15945,1
22562,1
10224,1
34262,1
32439,1
15197,2
21890,1
7908,1
33867,1
18033,2
16487,1
27353,2
5039,1
14886,1
24625,2
23047,1
16576,1
11107,1
26162,1
15133,1
31169,1
17075,1
34093,1
19155,1
14128,1
17349,1
33942,1
30273,2
19863,1
26850,2
16189,2
30504,2
22403,1
31208,1
29826,1
6381,1
6362,1
18085,1
19793,1
26336,2
30058,2
31807,2
15270,1
10013,1
34460,1
4059,1
22697,1
18343,2
13837,1
31590,2
21274,1
17866,1
30490,1
17265,1
12091,1
20737,1
11577,1
30600,2
23050,1
13585,1
25790,2
30125,1
31494,1
18665,1
21384,1
8958,1
10194,1
29024,2
10515,1
19624,1
22252,1
12313,1
26601,2
6604,1
3235,1
16445,1
34709,1
7617,1
27411,2
3267,1
9685,1
26433,2
20151,2
32462,1
15378,1
18251,1
32529,1
13818,1
17074,1
11081,1
30481,1
26689,2
12553,1
34149,2
13140,1
15748,1
2745,2
3237,1
11542,1
33964,1
21725,2
32673,2
28698,2
25015,2
9244,1
14401,1
14665,1
17595,1
14981,1
34671,2
11353,1
32712,1
12614,1
13887,1
12915,1
8195,1
32925,1
15728,2
27955,1
30196,1
24803,2
32065,2
14620,1
28489,2
23984,1
14711,1
29241,1
27102,2
29600,1
2730,1
20400,1
12789,1
17975,1
12875,1
9518,1
29199,2
22046,1
31645,2
28147,1
24636,1
32277,1
30186,1
16201,1
20094,2
32465,1
29209,2
15754,1
34424,2
29808,2
27946,2
29347,1
7373,1
31475,1
10267,1
32730,1
13911,1
28719,2
10836,1
23034,1
28126,2
15488,1
34718,1
7136,1
29938,1
33235,1
14605,1
26552,1
12041,1
9768,1
27419,2
31108,2
25708,1
33815,1
27746,1
7104,1
20332,1
17853,1
22216,1
25915,2
25526,2
33106,1
13392,1
9761,1
7864,2
8232,1
10995,1
16673,2
34086,1
15392,1
19089,1
18246,1
33232,1
19044,2
30578,2
32567,1
25066,2
26873,2
34565,1
15677,1
21006,1
24874,2
22154,1
32306,1
15793,1
13908,1
24471,1
34792,1
23963,1
3525,1
31610,2
13572,1
30382,1
7189,1
17293,2
12545,1
7107,1
28424,2
21964,2
27374,2
3239,1
28290,1
34474,2
24818,1
12374,1
9509,1
5808,1
11292,1
34753,1
23056,2
27473,2
16062,1
7862,1
24595,1
26279,1
32101,1
20062,1
28168,2
30634,1
29064,1
26043,2
15216,1
10477,1
5847,1
26286,1
22269,1
19287,1
15507,1
19291,1
12677,1
10508,1
13429,1
8709,1
22454,2
11608,1
22152,1
31928,1
14165,1
12867,1
31948,1
20977,1
30470,2
10548,1
34357,1
25759,1
22131,1
21738,1
29312,1
34476,2
8172,1
3536,1
30698,1
34819,1
31537,2
4816,1
30707,1
24644,1
16038,1
32882,1
5036,1
9019,1
31001,1
19189,1
20708,1
33345,1
16036,1
5026,1
29564,1
15542,1
34335,1
19376,2
31755,1
25400,2
28270,1
18619,1
17763,1
23764,2
15989,2
26380,2
14488,1
29951,2
13657,1
22032,1
15777,1
22532,1
29000,2
22325,1
28733,1
17469,1
26208,1
27757,1
20407,1
8179,1
31061,1
20841,1
19620,1
32582,1
10235,1
25271,2
25248,1
3762,1
13443,1
23428,1
10714,1
24780,1
29451,1
29075,1
18381,1
13340,1
17345,1
27202,2
9466,1
32694,1
13331,1
24222,1
18766,1
28039,1
27628,2
28808,1
3273,1
15128,1
11281,1
20568,1
24519,1
33290,1
18669,1
28100,1
19676,1
28268,1
8960,1
19012,1
27017,1
24090,2
16043,1
4062,1
10494,1
8989,1
25119,1
9457,1
11812,1
30113,1
10537,1
15420,1
23731,1
10314,1
13406,1
22652,1
29508,1
11600,1
22415,1
19795,1
30732,2
18306,1
14351,1
30729,1
24383,1
8987,1
16002,1
14875,1
15379,1
14380,1
32642,1
12570,1
10970,1
28151,2
30104,1
10831,1
31745,1
4265,1
16427,1
7110,1
28755,2
19103,2
12125,1
29323,1
17306,1
18059,2
31999,1
10295,1
12066,1
32742,1
26468,1
31862,2
22170,1
4307,1
4838,1
31524,1
6567,2
32867,2
20617,2
22150,1
18901,1
12916,1
14212,1
27694,1
26960,2
27767,1
19426,1
23622,1
28454,2
31781,1
6862,1
33684,1
28992,1
34113,1
32544,2
25406,2
31423,1
20909,1
7179,1
33602,1
5559,1
28215,1
28093,1
24238,2
30969,1
29998,2
18913,1
31597,2
19186,2
20585,1
12874,1
30209,1
19916,1
33172,1
21656,1
32044,1
7380,1
25348,2
29861,1
4283,1
33832,1
25240,1
18092,1
13871,1
28979,2
18853,2
30858,2
18618,1
6374,1
11602,1
33576,1
31851,2
31427,1
11798,1
3500,1
16544,1
31217,1
33077,1
26548,1
30188,1
31695,1
14985,1
21913,1
18267,2
21764,1
15241,1
32803,2
22659,1
7936,1
14236,1
32456,1
18878,1
33453,1
23165,1
26209,1
33623,2
31507,1
19692,1
13114,1
31661,1
17478,1
20389,1
4540,1
33234,1
18753,1
17344,1
28222,2
31410,1
18015,2
16299,1
21392,1
32941,1
32733,1
22521,1
31803,1
21635,1
23442,1
32392,1
13586,1
29657,1
12027,1
29203,2
20707,1
33233,1
31806,2
9727,1
21766,1
28035,1
31800,1
34127,1
29867,1
19533,1
24912,1
26223,1
23312,1
24541,2
18342,2
32124,2
28510,2
22476,1
19180,1
23770,1
11334,1
26165,1
19961,1
25047,1
30757,2
13333,1
20638,2
25128,2
21474,1
23841,2
22695,1
27653,2
22768,1
11270,1
22017,1
6594,1
14173,1
29575,1
21739,1
28987,1
24461,1
27134,2
24410,1
19581,2
20706,1
8893,2
11313,1
25079,1
24412,1
21974,2
9686,1
31121,2
13334,1
13196,1
21439,1
32381,1
17330,1
22126,1
32629,1
6590,1
12669,1
17502,2
17812,2
19015,1
5830,1
18789,2
21701,1
28726,1
27257,1
25772,1
22309,1
33841,2
8934,1
6655,1
29700,1
7453,1
22676,1
30977,1
23859,1
6142,1
34492,1
33207,2
20583,1
31536,2
14869,1
28227,2
34020,1
25690,1
11253,1
16822,1
8915,1
21192,1
28233,2
7098,1
12344,1
19345,1
11033,1
34185,1
29198,2
22295,1
3754,1
12888,1
23496,2
28894,1
14746,1
32045,1
33773,1
28236,2
4054,1
19293,1
13940,1
21693,1
26806,1
7948,1
18063,2
27067,1
12587,1
22151,1
28949,2
29495,2
19348,1
31229,1
28611,2
19969,1
10801,1
6600,1
22915,1
11100,1
13375,1
22921,1
30695,1
21522,1
18881,1
12094,1
27637,2
27239,1
21119,1
17735,1
17548,2
7390,1
14464,1
16499,2
33262,1
17255,2
23844,2
28092,2
31376,2
30807,1
17994,1
28210,1
7969,1
28302,1
32849,2
19708,1
15513,1
17090,1
28267,1
8760,1
26439,2
19857,2
22741,2
25239,1
31738,1
25381,1
15898,1
16272,1
33557,1
25826,1
17878,1
28000,2
32067,2
18007,2
33621,2
21800,1
5565,1
10509,1
9750,1
34750,1
31392,1
6657,1
29869,1
20476,1
29551,2
33192,1
15999,1
18328,2
26623,2
34301,1
19029,1
5100,1
26317,2
28463,1
8715,1
15895,1
17053,1
25515,1
28895,1
12310,1
27506,1
31827,2
25177,1
33554,1
28494,2
20982,1
32573,2
32417,2
27996,2
23738,1
24906,1
24898,1
24727,1
23531,2
22015,1
13913,1
29516,2
30582,2
26703,2
16974,2
16843,1
4289,1
25304,1
31171,1
3998,1
27516,1
8225,1
17490,2
18761,1
31433,1
12324,1
3497,1
24102,2
29723,2
23464,1
33600,1
14484,1
24642,1
34392,1
31111,2
7176,1
19342,1
27508,1
26140,2
22570,1
33400,2
33295,1
16519,1
18264,2
13910,1
24460,1
14353,1
21410,2
30976,1
31481,1
16797,1
33222,1
17257,2
4800,1
11052,1
24555,1
27487,1
32932,2
24594,1
12375,1
29151,1
12144,1
31694,1
26871,2
34401,2
13119,1
19555,1
15209,2
29785,2
24909,1
13415,1
29554,2
10291,1
15456,2
20417,2
26797,1
26091,1
21016,1
28730,1
16836,1
26826,2
32093,2
26536,1
10242,1
31650,2
5354,1
25940,1
10249,1
20981,1
8201,1
28722,1
27483,2
24516,1
16170,1
12861,1
24749,2
16573,1
25033,1
17578,1
30194,1
22544,1
33736,1
26899,2
15421,1
17466,1
23269,2
29608,1
27155,2
30277,2
8484,1
18822,1
19158,1
24398,1
12605,1
12839,1
13300,1
24408,1
30594,2
33060,1
14452,1
18053,2
23078,1
20378,2
14878,1
27909,2
8679,1
24008,1
19658,1
7140,1
23058,2
15425,1
33432,1
16261,1
9514,1
9432,1
29558,1
32251,1
18386,1
23773,1
29246,1
33470,2
16175,1
30529,2
34485,1
25615,1
23257,1
13594,1
34032,1
9196,1
18902,1
24784,1
24896,1
30117,1
22927,1
15159,1
24721,1
19825,1
16294,1
19972,1
32910,1
19364,2
34359,1
5336,1
31779,1
28408,1
6620,1
20838,1
30336,2
10456,1
8206,1
17752,2
18801,2
33756,1
14114,1
33928,1
7358,1
25117,1
16422,1
26733,1
32898,1
34664,2
27346,2
5320,1
33322,2
18410,1
8473,1
30583,2
29061,1
34602,1
20313,1
18337,2
27958,1
29581,2
32884,1
25397,2
7145,1
13054,1
27482,2
23369,1
21275,1
22297,1
32125,2
34551,1
26173,2
28386,2
13919,1
24587,2
21678,2
25906,2
31598,2
11273,1
13968,1
13642,1
24978,1
30131,1
14110,1
6074,1
12284,1
22225,2
6846,1
22510,1
14126,1
13920,1
10483,1
5043,1
29582,2
25320,2
12017,1
22067,1
21996,1
18938,1
27787,1
15459,2
2996,1
24523,1
20099,2
19681,1
24205,1
27490,1
15674,1
21734,1
27016,1
19975,1
31334,2
33039,1
31281,1
4055,1
17270,2
12394,1
21866,1
28427,2
16848,1
11012,1
20704,1
21651,1
32838,2
8653,1
28687,2
15694,2
27420,2
13086,1
30018,1
24989,1
6596,1
33098,2
32938,2
9763,1
28028,1
27249,1
19715,1
28732,1
5082,1
33160,1
11886,1
23433,1
17321,1
30205,1
19882,1
19114,2
12268,1
12327,1
32089,2
22955,1
11518,1
15256,1
26572,2
23279,2
24247,1
30564,2
9724,1
7191,1
12898,1
33813,1
9424,1
17551,2
28120,1
32157,2
16684,1
6322,1
8119,2
31335,2
18106,1
14952,1
32024,2
14960,1
16067,1
28659,1
29086,1
14419,2
23584,1
23036,1
23577,2
30816,2
33943,1
33783,1
29402,1
21489,1
17532,2
27752,1
15732,2
19059,2
34220,1
31841,1
12351,1
6329,1
15007,1
9992,1
30097,1
29143,1
16690,1
8976,1
33574,1
31929,1
20739,1
18776,1
29839,1
25944,1
10794,1
27903,2
30429,1
16743,1
29181,1
13864,1
25937,1
14957,1
30096,1
26359,2
20578,1
12306,1
14731,1
30867,2
20581,1
18379,1
22445,1
18157,1
29025,2
22128,1
30487,2
5350,1
21187,1
32353,2
19281,1
19370,2
19966,1
29664,1
11024,1
10782,1
24025,1
26822,2
30543,1
5321,1
18497,1
32985,1
3784,1
24820,2
29658,1
26461,1
24804,2
32041,1
30486,1
26674,1
31160,1
30484,1
7668,1
30400,1
19965,1
33070,2
3252,1
34788,1
27992,2
21403,2
24352,1
27884,2
30063,2
22447,2
4045,1
13625,1
11335,1
9251,1
26681,1
10781,1
15390,1
17505,2
27724,2
27010,1
19593,2
18615,1
23198,1
32844,1
10562,1
22656,1
10284,1
25758,1
34745,1
26035,1
12096,1
30237,1
25520,1
27100,2
18936,1
29309,1
30649,1
31786,1
32704,1
12526,1
17098,1
34625,2
28266,1
18880,1
15535,1
29169,2
11503,1
12640,1
5353,1
27442,2
18763,1
29268,2
25261,1
32267,1
25922,2
20473,1
11788,1
24321,2
12101,1
18539,2
13705,1
32053,2
34175,2
20141,1
16832,1
6114,1
11046,1
12551,1
24917,1
30967,1
24479,1
32250,1
9743,1
31797,1
30227,1
10805,1
24218,1
7867,1
7115,1
22563,1
7895,1
25086,2
16566,1
24659,1
25654,2
34757,1
13949,1
22974,2
32564,1
33361,2
13893,1
28110,1
33703,1
30468,1
20486,1
10455,1
29944,1
20832,1
24212,1
16983,1
5577,1
24293,1
9539,1
32288,1
7716,1
15437,2
16702,1
31509,1
32935,2
23166,1
31751,1
25295,1
30827,2
26159,1
30627,1
21684,1
13914,1
30309,2
7401,1
27783,1
7092,1
27447,2
25176,1
9280,1
28359,1
26161,1
19840,2
30298,2
30853,2
30288,1
21137,2
19086,1
14936,2
13929,1
22033,1
24096,2
19939,1
33423,1
19875,1
32888,1
23307,1
24579,2
25509,1
19905,2
26957,2
18845,2
5626,1
12674,1
17006,1
15646,1
22784,1
11036,1
8120,1
19131,1
22158,1
28675,2
12361,1
6922,1
20903,1
25878,2
26200,1
10033,1
14646,1
16485,1
27507,1
23851,1
21792,1
12302,1
14978,1
28487,2
28001,2
8978,1
29699,1
8437,1
31930,1
14140,1
16502,2
27723,2
14971,1
19362,2
18536,2
29550,2
14882,1
23571,1
23431,1
12015,1
12033,1
22686,1
19163,1
20067,1
34354,1
26104,2
12850,1
32185,1
23590,1
34010,1
26460,1
22173,1
34592,1
3799,1
16159,1
17274,2
30244,2
10534,1
13897,1
24015,2
6366,1
30190,1
31873,1
25395,2
22758,2
19704,1
17311,1
7439,1
14352,1
24928,1
20713,1
19328,2
10474,1
34268,1
27090,2
26413,1
13328,1
30250,2
34167,2
27063,1
34082,1
29235,2
19453,1
6639,1
29585,1
30852,2
30034,2
10453,1
32734,1
14756,1
30632,1
7932,1
4548,1
34182,2
28049,1
14609,1
20237,1
12887,1
14926,1
20246,2
27716,2
22056,1
12844,1
18404,1
18305,1
17609,1
31676,1
12585,1
17198,1
8941,1
33907,2
27731,2
32798,1
30341,2
12566,1
25269,2
9533,1
19382,2
24975,1
21386,1
26985,1
24120,1
33866,1
30241,2
5292,1
16000,1
23479,1
11272,1
9230,1
30530,2
32821,1
21286,1
34738,1
7690,1
24202,1
13051,1
5090,1
27333,1
22482,2
19192,1
17881,1
24564,2
7190,1
12133,1
11063,1
13446,1
13178,1
27940,2
20156,2
15499,1
7653,1
7920,1
17748,2
32476,1
13704,1
19346,1
11355,1
18770,1
29008,2
19366,2
34080,1
24108,1
29933,1
34469,1
27968,2
21975,2
8703,1
4279,1
29297,2
14233,1
15773,1
4817,1
28418,2
18882,1
10792,1
18758,1
2990,1
20306,1
18044,1
19172,1
25257,1
15705,1
8959,1
25333,1
27973,2
27491,1
20963,1
24981,1
6929,1
6069,1
19578,2
32030,1
34294,1
26484,1
22961,1
20990,1
9201,1
28462,2
21447,1
18595,2
11326,1
31793,2
11538,1
30799,1
14860,1
28373,1
17080,1
13302,1
9747,1
33890,2
12529,1
25301,1
15729,2
26233,1
13329,1
30957,1
30963,1
33966,1
32110,1
30364,1
4056,1
12565,1
13867,1
7192,1
24827,2
28219,2
12291,1
33949,1
6057,1
28216,1
7451,1
10726,1
21284,1
24407,1
5886,1
24633,1
26235,1
8463,1
7126,1
10532,1
21109,1
14204,1
20885,2
20112,2
16206,1
21085,1
19045,2
21002,1
26961,2
15699,2
19576,2
18933,1
21647,1
19182,1
20719,1
29718,1
19906,1
15265,1
31387,2
5347,1
29611,1
19944,1
18886,1
20101,2
3530,1
23825,1
23632,1
21389,1
23879,1
15498,1
25521,1
21423,1
28316,1
26707,2
20849,1
23207,1
20675,2
8682,1
6614,1
18639,1
25113,2
30897,1
19091,2
17874,1
11848,1
31658,1
17721,1
24510,1
30878,1
17516,2
16833,1
7408,1
26942,2
21976,2
14629,1
28928,1
33999,1
32017,1
26606,1
33632,2
20482,1
27253,1
14450,1
26603,2
27605,2
25580,2
8927,1
20370,2
22316,1
24048,2
16417,1
15487,1
31258,1
8143,1
26700,2
19860,1
20454,1
10471,1
28396,2
6892,1
18620,1
9010,1
8402,1
27139,2
16200,1
5052,1
33229,1
10040,1
28750,2
27015,1
10771,1
33071,2
11285,1
29136,1
27479,2
19170,1
31883,2
13127,1
5303,1
32352,2
29325,1
30105,1
23483,1
13163,1
11629,1
21427,1
11092,1
24476,1
24656,1
17871,1
30919,1
20702,1
21249,1
6574,2
15994,2
24649,1
30550,2
15800,1
4565,1
29254,2
5803,1
23701,1
22495,2
5569,1
15267,1
9245,1
32195,1
21468,1
33309,1
6886,1
31354,2
14461,1
16557,1
12901,1
25820,1
19858,2
18105,1
9709,1
30580,2
14396,1
28674,2
32825,1
16017,1
33608,1
21201,2
5307,1
34017,1
16847,1
10261,1
25761,1
31670,1
20211,1
13679,1
34198,1
7673,1
22310,1
12825,1
34225,1
7697,1
24918,1
31935,1
26638,2
28819,1
20683,2
7147,1
15657,1
27586,1
29358,1
25783,2
29972,2
29918,1
26421,1
7356,1
29596,1
20224,1
29461,2
30597,2
28997,2
20485,1
15946,1
22223,1
15391,1
22385,1
14639,1
31063,1
9003,1
30314,2
17493,2
32159,2
7417,1
5878,1
22759,2
24325,2
20825,1
30628,1
5331,1
25306,1
26912,1
28169,2
22420,1
12129,1
19877,1
21938,2
23543,2
28262,2
9690,1
14132,1
15720,2
7361,1
7671,1
17817,2
34282,1
11550,1
27354,2
27392,2
13171,1
16834,1
19974,1
17097,1
23360,1
18304,1
14096,1
24354,2
8681,1
18640,1
31440,1
21233,1
22786,1
20615,2
26975,1
17112,1
12290,1
26422,1
29157,1
22529,1
27529,1
19355,2
16514,2
15751,1
18910,1
27429,1
29672,1
31025,2
30620,1
11257,1
15725,2
14989,2
22204,1
22760,2
32480,1
14129,1
21428,1
16808,1
32702,1
29273,2
17796,2
31351,2
26280,1
9472,1
33429,1
6396,1
17338,1
12115,1
29526,2
8422,1
3790,1
26467,1
20844,1
31493,1
11484,1
22019,1
14972,1
28249,2
21604,1
3271,1
10021,1
24364,2
20662,1
4526,1
10550,1
19953,1
24668,1
32169,2
23424,1
32900,1
18346,1
28470,1
10188,1
7407,1
3748,1
19532,1
8155,1
28416,2
20157,2
11516,1
32570,2
12337,1
30488,1
14660,1
21535,1
7093,1
19066,2
26725,1
11628,1
14984,1
7702,1
30120,1
21004,1
12018,1
14979,1
7177,1
13369,1
12805,1
26210,1
18030,2
26022,1
33695,2
27278,1
12285,1
23012,2
29355,1
29926,1
28025,1
21971,2
21087,1
31099,2
21962,1
22208,1
30437,1
6100,1
25001,1
16996,2
12014,1
22268,1
22059,1
22013,1
22531,1
25784,2
29848,1
26155,1
27379,2
25896,1
26614,2
16463,1
33871,1
10042,1
17534,2
4820,1
9439,1
30399,1
23276,2
34265,1
20501,1
7101,1
34496,1
21771,1
23484,1
26181,2
23804,2
21228,1
34355,1
4316,1
26485,1
31600,2
26157,1
21020,1
33475,1
24104,2
7183,1
22821,1
9477,1
22256,1
28649,2
34726,1
30369,1
26596,2
26101,2
22202,1
8917,1
8905,1
25035,1
20736,1
6907,1
6884,1
23769,1
22200,2
25094,2
5843,1
10470,1
8148,1
13447,1
12063,1
9966,1
16942,1
21892,1
31521,1
24665,1
20912,1
33289,1
17093,1
32259,1
6354,1
17333,1
30029,1
28572,1
8445,1
15210,1
12137,1
31763,2
32049,2
5055,1
12392,1
15719,2
21506,1
6113,1
23778,1
26391,1
16019,1
17316,1
11268,1
15702,2
31842,1
20906,1
14240,1
8755,1
8637,2
19399,1
23030,1
34338,1
28154,2
26864,2
23168,1
6866,1
28797,1
28731,1
21198,2
10969,1
34215,2
3501,1
10206,1
20115,2
14185,1
29690,2
28781,1
21969,2
13092,1
22167,1
25115,1
32437,1
12409,1
13957,1
31861,2
31313,2
27627,2
31515,2
9674,1
13399,1
14378,1
18294,2
12156,1
13326,1
11284,1
11485,1
20968,1
24632,1
27842,1
33238,1
14913,2
13950,1
31868,1
25277,2
11041,1
22004,1
22159,1
21717,2
4579,1
27659,2
20875,2
8388,1
19028,1
15934,2
27852,1
27322,1
20177,1
20967,1
20691,1
32518,1
4001,1
17842,1
16542,1
30041,2
30435,1
25894,1
19548,1
14137,1
18368,1
5038,1
33212,2
26706,2
9238,1
26098,2
30829,2
26803,1
33228,1
32551,1
17197,1
20646,1
22987,1
26482,1
34600,1
32011,1
19606,1
13091,1
18897,1
21216,1
30997,1
23554,1
19147,1
15680,1
10032,1
9496,1
33001,1
14434,1
34432,2
26808,1
24129,1
32448,1
28244,2
16512,2
20408,1
7863,2
32272,1
33904,2
9731,1
17290,2
25082,2
24716,1
32969,1
26690,2
18555,2
28935,2
31911,1
21259,1
17364,1
32364,1
28284,1
10216,1
22016,1
26966,2
4270,1
5619,1
20165,2
16693,1
31439,1
6086,1
25187,1
10807,1
22187,2
32699,1
19929,1
24569,2
16539,1
10744,1
10742,1
8416,1
22717,2
20996,1
6838,1
23361,1
20375,2
13610,1
19644,2
29472,2
22262,1
13073,1
28364,1
22438,1
23474,1
32271,1
27722,2
5081,1
16991,2
20761,1
32218,1
31074,2
22503,2
19109,2
29684,1
13101,1
15203,2
19329,2
8720,1
31170,1
13933,1
22467,1
19960,1
17631,1
13708,1
15186,1
14969,1
21523,1
8481,1
22981,2
32188,1
16968,2
24674,1
4772,1
25609,2
17805,2
18521,1
13835,1
18866,1
9787,1
34560,1
25371,2
30832,2
26367,2
29762,1
32403,1
14902,1
16233,2
6586,1
27689,1
32897,1
34229,1
9716,1
27397,2
27318,1
13104,1
19847,2
17628,1
27132,2
32263,1
25336,1
30367,1
20311,1
26214,1
8739,1
27343,2
24776,1
9431,1
24122,1
28184,2
6110,1
5835,1
15258,1
29271,2
15678,1
9483,1
34779,1
28763,2
13061,1
22399,1
29678,1
30015,2
14893,1
2988,1
4039,1
22826,1
9224,1
24806,2
22149,1
34755,1
33668,1
9004,1
19651,1
23587,1
30109,1
28806,1
16187,1
6580,1
25965,1
28788,1
25155,1
22539,1
25052,2
20753,1
21935,2
19282,1
21136,2
15670,1
11532,1
5866,1
10991,1
20071,1
9253,1
31176,1
3241,1
17970,2
22702,1
23272,2
9462,1
20937,2
29282,2
31252,2
20487,1
33407,1
20892,2
33413,1
20666,1
33363,2
6662,1
4282,1
34438,2
31837,2
27614,2
12325,1
13842,1
32210,1
32922,1
18603,2
28096,1
20834,1
17102,1
32614,2
8636,1
15460,2
30755,2
15682,1
15211,2
30749,1
23777,1
23239,2
26469,1
29359,1
11103,1
15996,2
34009,1
6888,1
30540,1
31251,1
27475,2
34562,1
10212,1
20331,1
17738,1
13602,1
21455,2
11767,1
22213,1
22688,1
33340,1
6126,1
12355,1
29943,1
21947,1
22161,1
27650,2
8938,1
15765,1
23682,1
34826,1
8499,1
25168,1
13923,1
9732,1
11563,1
20923,1
31438,1
11612,1
28113,1
31389,2
19308,2
18650,1
17308,1
14337,1
11233,1
32315,2
20602,1
15525,1
34330,1
20131,1
8228,1
33441,1
23613,1
23558,1
10069,1
33166,1
21451,1
16284,1
29205,2
23559,1
22976,2
21755,1
5554,1
30305,2
14481,1
28570,1
4782,1
14443,1
27366,2
18240,1
14708,1
16780,2
4040,1
15129,1
31343,2
16754,2
20187,1
20946,2
24759,2
5296,1
12406,1
34163,2
8387,1
30835,2
9233,1
21957,1
29400,1
20598,1
31617,1
32026,2
21441,1
6359,1
20090,2
19820,1
29876,1
15536,1
22168,1
11895,1
11584,1
21018,1
17971,1
16259,1
21272,1
25628,2
15215,1
20069,1
27110,2
8932,1
14642,1
31124,2
5308,1
11803,1
10287,1
28677,2
18415,1
14469,1
4035,1
6603,1
13899,1
11486,1
18614,1
18359,1
23603,1
23989,1
19927,1
31502,2
16421,1
13130,1
29437,2
17746,2
28996,1
30343,2
7882,1
20348,1
14403,1
18918,1
30770,2
20743,1
17070,1
4790,1
12527,1
32363,1
31000,1
18798,2
33174,1
27943,2
28181,2
31414,1
28104,1
8479,1
25803,2
18035,2
21655,1
5839,1
4025,1
11860,1
29665,1
6889,1
28258,2
31731,1
16444,1
12146,1
6910,1
14492,1
16004,1
33418,1
31942,1
33570,1
5104,1
26196,1
29928,1
31570,2
34681,2
27351,2
31955,1
12540,1
17094,1
34095,1
29612,1
9168,1
10978,1
20130,1
12581,1
27848,1
30438,1
18852,2
12126,1
14161,2
26446,2
33837,1
21667,2
18844,2
21214,1
9936,1
22560,1
26945,2
17079,1
20210,1
33811,1
17518,2
34523,1
27444,2
6403,1
33739,1
12124,1
31158,1
33179,1
24883,2
23824,1
26604,1
21277,1
31877,1
28466,1
26327,2
34538,1
11754,1
18244,1
31134,1
19577,2
23832,2
24132,1
8159,1
28174,2
33002,1
18137,1
14614,1
24099,2
23951,1
22677,1
19566,2
32302,1
14223,1
21350,1
22718,2
16681,1
20180,1
6637,1
28752,2
6098,1
31523,1
23510,1
28977,2
22186,2
19712,1
17603,1
9990,1
26684,2
16064,1
26931,2
25657,2
14712,1
9974,1
14218,1
20509,1
5333,1
29507,1
20494,1
11231,1
19943,1
16509,2
8992,1
26302,1
27141,2
23838,2
23040,1
16772,2
6112,1
29835,1
31110,2
9995,1
12123,1
17369,1
16571,1
20330,1
21407,2
23285,2
6629,1
7644,1
11771,1
26077,2
7099,1
10298,1
23850,1
9464,1
34739,1
20227,1
6115,1
11109,1
28499,2
20054,1
7886,1
14661,1
26441,2
19570,2
25104,2
18824,1
24320,2
25891,2
6589,1
21173,1
21672,2
7440,1
11338,1
19698,1
14899,1
9475,1
27097,2
7622,1
28217,1
11824,1
31397,1
27660,2
7654,1
31699,1
24984,1
19531,1
11072,1
8674,1
21217,1
17060,1
31092,2
20198,1
7647,1
14495,1
20902,1
32871,2
25191,1
32879,2
28102,1
26378,2
20469,1
6833,1
26882,2
23888,1
19112,2
24343,1
13936,1
27247,1
14477,1
32607,2
21202,2
26682,1
24472,1
18375,1
23333,1
28388,2
33688,1
10812,1
29879,1
11106,1
21432,1
19391,1
21988,2
11535,1
18916,1
29431,2
28240,2
24220,1
13580,1
21159,2
21884,1
8722,1
7630,1
23602,1
23598,1
28479,1
18772,1
32149,2
26564,2
19828,1
31805,2
19837,2
27504,1
21518,1
23712,1
8650,1
17872,1
30127,1
10583,1
22263,1
16186,1
19418,1
23564,1
29908,1
17319,1
24509,1
7976,1
21540,1
19542,1
28729,1
27981,2
9526,1
32374,1
5560,1
18268,2
9488,1
20420,2
31113,2
34683,2
23557,1
8693,1
10810,1
21189,1
31513,1
33998,1
6854,1
25335,1
27418,2
14885,1
30838,2
18288,2
24868,2
9252,1
21726,2
23740,1
31914,1
22762,2
32787,1
28654,2
21140,2
23938,1
16763,2
33488,1
5885,1
14915,2
26756,1
32661,1
16426,1
15245,1
32094,2
30189,1
21373,1
29016,2
6909,1
6089,1
32789,1
29573,1
26137,2
24259,1
28892,1
29034,2
24502,1
11601,1
10010,1
23977,1
3528,1
28573,1
7968,1
22153,1
14437,1
17998,1
25159,1
17467,1
34004,1
14213,1
26030,1
21278,1
25895,1
7188,1
31126,2
17594,1
28291,1
11819,1
8697,1
31859,2
12347,1
32641,1
10730,1
10554,1
20680,2
15200,2
24073,1
27750,1
33761,1
24864,1
29578,1
7686,1
22766,2
22553,2
17529,2
32252,1
28681,2
19591,2
25068,1
5323,1
16255,1
28228,2
19685,1
33445,1
19543,1
24316,2
27648,2
14735,1
31802,1
31741,1
20835,1
24369,1
13393,1
30462,1
33105,1
26996,1
22234,2
21282,1
27496,1
34290,1
13859,1
20225,1
22779,1
14676,2
34134,2
33963,1
34754,1
6318,1
30378,1
12107,1
20360,2
24931,1
29168,2
16776,2
18850,2
23337,1
29556,2
26977,1
33242,1
34387,1
20352,1
17806,2
32706,1
22573,1
34089,1
14077,1
26489,1
28121,1
21440,1
26301,1
32683,2
21953,1
24554,1
29614,1
23609,1
11043,1
11874,1
25552,2
24783,1
31581,1
23752,2
28810,1
29805,2
13437,1
13435,1
17605,1
13085,1
26187,2
32115,2
30080,2
13613,1
32713,1
16838,1
14445,1
19552,1
21666,2
26020,1
5566,1
21758,1
16697,1
33324,2
13170,1
17978,1
15142,1
22452,2
30200,1
11593,1
17986,1
18561,1
28165,2
29915,1
29311,1
22850,1
29455,2
10967,1
15983,2
33779,1
10000,1
6120,1
34684,2
26160,1
30184,1
21227,1
23275,2
34405,2
20939,2
25340,2
26963,2
34513,1
13932,1
9011,1
10827,1
26666,2
12905,1
30981,1
5813,1
26339,2
6387,1
25640,1
19280,1
4053,1
9944,1
18655,1
8170,1
20095,2
23775,1
15433,2
4563,1
28293,1
27939,2
27187,2
25310,1
21551,1
8977,1
31925,1
16722,1
23533,2
24844,2
34136,2
29656,1
29783,2
8186,1
25108,2
27173,1
23849,1
19632,2
20833,1
32909,1
21138,2
22561,1
32627,1
17076,1
15377,1
29063,1
33599,1
33355,2
30174,1
30485,1
30483,1
12054,1
19601,1
8190,1
8178,1
19710,1
24203,1
25589,2
30877,1
33385,2
26576,2
21476,1
31082,2
15165,1
22125,1
24813,1
31770,1
12297,1
34629,2
16739,2
14439,1
19919,1
13418,1
26202,1
15167,1
14920,1
10484,1
9934,1
24006,1
6587,1
22836,1
34279,1
29338,1
27944,2
22477,1
9184,1
16466,1
27693,1
5820,1
19440,1
10251,1
15424,1
29243,1
10835,1
29496,2
32432,1
32170,2
25059,2
14428,1
32577,2
30274,2
16533,1
27070,1
29591,1
33231,1
16746,1
19822,1
34506,1
31906,2
26199,1
10262,1
14457,1
7450,1
17206,1
31231,1
21161,1
21231,1
19164,1
12558,1
20307,1
8229,1
23629,1
22001,1
29868,1
11781,1
34278,1
25140,2
33825,1
25054,2
25624,2
19307,2
18233,1
24314,2
24732,1
27103,2
30602,2
12521,1
28811,1
9786,1
11352,1
8448,1
15953,2
27178,2
21877,1
25405,2
15786,1
19026,1
14745,1
32555,1
13135,1
24282,2
27434,1
30047,2
34773,1
19058,2
17904,1
26127,2
31602,2
28578,1
6384,1
28286,1
33945,1
21401,2
32587,2
15676,1
12397,1
19372,2
13567,1
21781,1
13420,1
31872,1
16044,1
25351,2
19561,1
21868,1
30886,1
23520,1
6654,1
16845,1
14932,1
26096,2
12277,1
24609,2
33620,2
7354,1
34411,2
11792,1
22580,1
16501,2
33607,1
17511,2
23696,1
14721,1
20100,2
34430,2
10738,1
31668,1
13137,1
17343,1
18026,2
29457,2
21351,1
11572,1
24522,1
30646,1
24832,2
6919,1
18057,2
19176,1
26148,2
15964,1
11345,1
25018,2
22287,1
27646,2
26999,1
34545,1
22164,1
34825,1
30601,2
8718,1
8180,1
5795,1
9740,1
32066,2
22432,1
7135,1
24074,1
24385,1
28400,2
23937,1
6933,1
9804,1
20592,1
16269,1
16295,1
14687,2
13575,1
22979,2
7139,1
6913,1
30110,1
31907,2
32656,1
22011,1
8717,1
5856,1
6397,1
9702,1
26102,2
24927,1
5581,1
17202,1
32033,1
14366,1
10547,1
31902,2
27237,1
31248,2
34661,2
19876,1
9751,1
21121,1
22299,1
16717,2
31830,2
29521,2
28938,2
22320,1
20850,1
19416,1
5606,1
26976,1
31871,1
18093,1
16465,1
25091,2
16061,1
26028,1
33465,2
28787,1
11783,1
5107,1
13357,1
26538,1
29961,1
24109,1
6104,1
22012,1
19141,1
30978,1
31380,2
31685,1
29545,2
17252,2
21680,2
24910,1
8665,1
10285,1
28647,2
31282,1
18755,1
21917,1
13410,1
6865,1
16849,1
27908,2
23610,1
13078,1
33975,1
34655,2
19697,1
28281,1
30222,1
8414,1
29863,1
32735,1
12868,1
21453,2
34594,1
21363,1
8401,1
32622,1
10965,2
34764,1
9728,1
22037,1
21658,1
33152,1
10763,1
19947,1
25833,2
22413,1
30952,1
17303,1
19968,1
15139,1
5346,1
15413,1
5364,1
13164,1
28927,1
29800,2
28137,2
16742,1
20489,1
18250,1
32645,1
30549,2
31648,2
32780,1
14734,1
9174,1
27581,1
17625,1
15263,1
14709,1
22060,1
20367,2
17043,1
16213,2
18648,1
22273,1
29832,1
34527,1
28251,2
21240,1
31345,2
13644,1
26969,1
10043,1
29037,1
32200,1
15645,1
13426,1
2991,1
14883,1
18575,2
28255,2
20207,1
23591,1
9989,1
25962,1
34300,1
7916,1
17863,1
26193,1
23839,2
24088,1
25892,1
8116,2
23746,1
32001,1
19588,2
7649,1
31069,2
32800,2
33513,1
31627,2
33727,2
12312,1
17324,1
20359,2
32316,2
22576,1
34704,2
10724,1
22701,1
7350,1
19459,1
10761,1
21248,1
26124,2
10210,1
3502,1
17598,1
17271,2
6095,1
20323,1
27361,2
6333,1
3265,1
16256,2
26331,2
33128,2
29950,2
8419,1
13046,1
4254,1
9694,1
8930,1
23195,1
23508,1
23455,1
14100,1
34383,1
23063,1
30054,2
6383,1
5605,1
34203,1
12381,1
16795,1
4788,1
33032,1
20934,2
29213,2
21013,1
8450,1
31486,1
26021,1
16949,1
28275,1
23596,1
11050,1
18760,1
29870,1
15760,1
29391,1
21799,1
8404,1
8728,1
26557,1
18525,2
32966,1
29284,2
32824,1
19559,1
12873,1
17312,1
15192,1
15997,1
10504,1
15923,1
13338,1
28220,2
29337,1
22778,2
23250,1
31611,2
34552,1
33663,2
10233,2
33604,1
12050,1
11618,1
3263,1
11997,1
11247,1
32478,1
6107,1
33749,1
14433,1
17050,1
10253,1
13345,1
14621,1
21236,1
22427,1
22934,1
32933,2
28218,1
10845,1
25428,1
22267,1
20321,1
27340,1
15526,1
16688,1
33680,1
7403,1
9459,1
32771,1
17536,2
28633,1
10821,1
33455,2
23304,1
31831,2
17799,2
21101,1
33844,2
15380,1
19101,2
21730,1
30708,1
8982,1
34275,1
32294,1
28501,2
33449,1
16028,1
8420,1
24009,2
16957,1
16731,2
18009,2
23504,1
20625,2
11758,1
13649,1
12305,1
17773,2
9714,1
24246,1
8224,1
9769,1
25276,2
22323,1
18666,1
13983,1
21494,1
11091,1
25952,1
21354,1
21670,2
31799,1
14471,1
24897,1
12143,1
13827,1
31832,2
14881,1
32167,2
24888,1
6319,1
28207,1
25831,1
11546,1
15910,1
29419,1
7357,1
23523,2
5874,1
10768,1
27883,2
7415,1
3246,1
11330,1
18663,1
19977,1
11360,1
11371,1
27712,2
24830,2
18353,1
5286,1
24775,1
29073,1
24821,2
11047,1
8734,1
24235,2
10208,1
31480,1
34238,1
30281,1
18399,1
29535,2
30696,1
17203,1
22254,1
16155,1
17826,1
19368,2
25958,1
28678,2
33339,1
11890,1
13460,1
23373,2
31102,2
32815,1
31865,1
31238,1
6578,1
8454,1
24667,1
15452,2
33417,1
23982,1
31405,1
12003,1
9975,1
21356,1
24379,1
11238,1
25560,1
7958,1
12847,1
6352,1
31516,2
23826,1
27387,2
7674,1
19821,1
17275,2
34348,1
6837,1
27978,2
34246,2
31768,1
12807,1
28652,2
26493,1
23940,1
14493,1
33410,1
28564,1
13321,1
11583,1
14399,1
33389,2
15544,1
19056,2
5069,1
33081,1
27759,1
33177,1
19321,2
7185,1
18407,1
32617,2
21952,1
14363,1
4779,1
29655,1
17984,1
21620,1
33672,1
13673,1
5811,1
33062,2
20376,2
21399,1
34073,1
16058,1
4273,1
21968,2
28922,1
30656,1
29035,2
25319,2
19589,2
12881,1
25523,1
19911,1
33573,1
16278,1
28521,1
18818,2
34728,1
34407,2
15254,1
5831,1
29318,1
21418,2
20664,1
29417,1
32360,2
18151,1
29557,2
15171,2
34296,1
12918,1
24051,2
11254,1
30752,1
23259,1
19203,2
24770,1
20738,1
10497,1
19884,1
4263,1
21508,1
13912,1
23971,1
22691,1
20826,1
19269,1
25590,2
25625,2
13154,1
27398,2
12625,1
34135,2
28257,2
19538,1
12404,1
33615,2
34698,2
27494,1
14900,1
14603,1
19319,2
26382,2
10268,1
11745,1
33944,1
30545,1
9746,1
33720,2
23490,2
23475,1
24766,1
3272,1
27701,2
33764,1
31696,1
21707,2
29671,1
15467,2
30346,1
32998,1
31957,1
14724,1
10709,1
28015,1
29541,2
12885,1
27449,2
10019,1
21092,1
27273,1
16193,2
20911,1
32791,1
27140,2
29929,1
19926,1
24138,1
25004,1
27127,1
16586,1
33658,2
8204,1
27433,1
16555,1
13902,1
31517,1
33481,1
30441,1
15195,2
18841,2
19937,1
31232,1
21393,1
25557,2
31287,2
31253,1
19405,1
15713,2
6855,1
8219,1
15937,2
13667,1
11082,1
30828,2
17523,1
26281,1
26169,2
30917,1
22054,1
23716,1
14950,2
26392,1
28986,1
31867,2
14872,1
29601,1
29862,1
11086,1
14355,1
26032,1
21457,2
13614,1
31120,1
9508,1
15902,1
14415,2
30078,2
32618,2
22907,1
11832,1
34717,2
23756,2
23840,2
28630,1
15271,1
4324,1
13143,1
11585,1
13314,1
27785,1
31991,1
10006,1
24624,2
14160,2
28362,1
3247,1
34483,1
33460,2
34423,2
12828,1
31086,2
29099,1
24305,2
12620,1
12067,1
16319,1
27066,1
31317,2
32908,1
8690,1
24823,2
14752,1
13966,1
27474,2
3493,1
24724,1
15796,1
21496,1
32738,1
26997,1
30287,1
29445,1
26852,2
26175,2
14684,2
21649,1
15206,2
27161,2
28540,1
34007,1
18401,1
7914,1
28008,1
10764,1
10846,1
29085,1
33818,1
6321,1
26300,1
31945,1
25668,2
10850,1
29163,1
8937,1
19408,1
19810,1
5044,1
32320,1
6626,1
10584,1
15003,1
20604,1
12612,1
21985,2
11790,1
20627,2
32990,1
25847,2
29523,2
28194,2
32965,1
18005,2
18237,1
28007,1
8215,1
10031,1
21514,1
12578,1
33580,1
15419,1
27533,1
16529,1
15148,1
23623,1
25842,2
16208,2
11294,1
17768,2
29501,1
24114,1
9537,1
34499,1
34184,1
33814,1
24493,2
22805,1
24863,1
22935,1
34168,2
5030,1
21532,1
19071,2
15957,2
7351,1
13184,1
31153,1
10239,1
26189,1
24256,1
13365,1
29078,1
30743,1
11079,1
32830,2
17299,2
19194,1
19456,1
10067,1
32411,2
29327,1
28299,1
33563,1
10538,1
33847,2
25553,2
21774,1
20500,1
26369,2
32184,1
31271,2
16476,2
23877,1
7391,1
23076,1
13179,1
29217,2
25864,2
29032,2
14208,1
24604,1
14955,1
32037,1
9687,1
5850,1
25575,2
26883,2
22160,1
23477,1
15141,1
29537,2
31743,1
21094,1
3261,1
26027,1
30361,1
32975,1
33778,1
11766,1
25031,2
25578,2
25367,2
16464,1
23437,1
19290,1
33135,2
11566,1
9002,1
3772,1
24737,1
22977,2
24997,1
31646,2
32920,1
11795,1
25809,2
31813,2
32382,2
25757,1
10993,1
27190,2
20829,1
26415,1
15176,2
28117,1
22984,1
16471,2
14357,1
18892,1
9216,1
8670,1
29719,2
29517,2
25331,1
25156,1
21005,1
19452,1
21253,1
14744,1
8217,1
24993,1
32409,2
20986,1
17237,2
5615,1
12840,1
31588,1
13915,1
7672,1
17526,1
23727,1
28116,1
25447,1
32139,1
25130,2
30789,2
26455,1
33774,1
28441,2
19544,1
30821,2
31166,1
32358,2
31151,1
22461,2
28874,1
27535,1
5034,1
14209,1
26836,2
23061,2
8117,2
5806,1
13195,1
20857,1
29969,2
9480,1
10234,2
19554,1
30804,1
11239,1
21165,1
16695,1
29594,1
20869,1
19917,1
17725,1
21247,1
29993,2
32807,2
12593,1
4312,1
20392,1
29511,1
21703,1
32062,1
25829,1
13052,1
10219,1
32028,1
16500,2
25290,2
32978,1
21915,1
14764,1
7708,1
23343,1
16013,1
29412,1
12036,1
9247,1
16696,1
17839,1
10050,1
22547,1
25394,2
34212,1
20654,1
11779,1
12060,1
16008,1
19122,2
18516,1
13301,1
7620,1
15012,1
26404,2
19547,1
27091,2
32091,2
28465,1
24115,1
34817,1
13622,1
13368,1
17876,1
8390,1
17495,2
7945,1
23238,2
21415,2
6408,1
23081,1
4044,1
25538,2
8656,1
19534,1
15376,1
29328,1
13976,1
18904,1
20085,1
33145,1
11314,1
34208,1
20570,1
26908,2
22678,1
13370,1
28200,2
18749,1
16018,1
15642,1
20961,2
17581,1
24121,1
33492,1
22021,1
12803,1
12020,1
25299,1
17111,1
26362,2
8403,1
16825,1
28575,1
34408,2
33732,1
26366,2
20371,2
8640,1
20478,1
32325,2
26420,1
19705,1
33313,1
21618,1
24283,2
26212,1
13839,1
15427,1
18285,2
33434,2
27850,1
32385,1
31572,2
33396,2
20356,2
6133,1
19356,2
25618,2
16764,2
29083,1
22038,1
7946,1
28667,1
30812,2
26205,1
21980,2
14149,1
23842,2
13076,1
7704,1
23599,1
18125,1
34178,2
32424,2
10189,1
24871,2
9471,1
10264,1
19327,2
14346,1
30344,1
9517,1
18278,2
27910,2
6642,1
23721,1
13973,1
29994,2
28879,1
19318,2
16228,1
17087,1
34074,1
21131,1
9243,1
21668,2
23993,1
14202,1
12349,1
5823,1
21630,1
24610,2
9546,1
27009,1
31952,1
27149,2
25923,2
13064,1
18247,1
26172,2
15453,2
5073,1
33297,1
9225,1
18670,1
16538,1
32061,1
31399,1
10305,1
15771,1
31892,2
13398,1
20639,2
33646,2
19304,2
10016,1
18051,2
26599,2
16782,1
8904,1
24118,1
29987,2
31910,2
29478,2
15154,1
7869,1
14474,1
31080,2
14480,1
22036,1
32927,2
31017,1
33331,2
16960,1
33198,2
30765,2
20325,1
4787,1
30022,1
23082,1
19806,1
22769,1
28135,2
22744,2
8490,1
8424,1
18333,2
31953,1
19824,1
26082,2
16570,1
12541,1
25768,1
31681,1
32172,1
29048,1
33780,1
7955,1
29593,1
17562,2
27246,1
15179,2
27453,2
12891,1
30445,1
21544,1
16713,2
11894,1
28297,1
30820,2
33420,1
31073,2
28455,2
15436,2
12047,1
20135,1
15214,1
26313,2
25554,2
8376,2
28548,1
20863,1
14436,1
29076,1
26213,1
25934,1
13072,1
29082,1
21675,2
26141,2
28626,1
21761,1
32397,1
8222,1
22795,1
24573,2
21784,1
16225,1
19124,2
19074,2
19556,1
13836,1
7124,1
31924,1
32828,1
30536,2
16984,2
26398,2
8493,1
28663,1
10280,1
13820,1
33426,1
33398,2
22020,1
20848,1
33648,2
11836,1
17809,2
9447,1
34181,2
13713,1
23729,1
15495,1
26662,2
30767,2
34252,1
24986,1
9160,1
27349,2
19146,1
34397,2
14393,2
13670,1
34818,1
15637,1
9441,1
28896,1
26644,2
23308,1
14426,2
32606,2
22305,1
13633,1
19688,1
29424,1
18022,1
34096,1
33905,2
6633,1
14164,2
34103,2
19032,1
23217,1
13844,1
14723,1
32981,1
28382,1
25278,2
30449,1
8996,1
25555,2
10979,1
15174,2
18624,1
30557,2
7694,1
32530,1
34125,1
33294,1
28796,1
31734,1
26981,1
25627,2
3526,1
31179,1
16305,1
34638,1
11255,1
16484,1
20347,1
26739,1
30612,1
25379,1
11793,1
25649,2
4576,1
9269,1
30647,1
18362,1
15683,1
24198,1
28507,2
27264,1
16552,1
25146,2
7187,1
13927,1
27921,2
34138,2
26042,1
34176,2
30328,2
17268,1
34069,1
20088,1
3997,2
32416,2
17857,1
6379,1
24456,1
17322,1
20998,1
22943,1
28179,2
32328,2
27521,1
20170,1
27007,1
15393,1
27364,2
32162,2
6145,1
25579,2
19599,2
26747,1
10980,1
19301,1
24101,2
8139,1
31005,1
11579,1
13595,1
13141,1
17301,2
17804,2
20748,1
13588,1
24556,1
23492,2
32319,1
7935,1
25942,1
9020,1
33365,2
17192,1
29716,1
4274,1
3518,1
26314,2
23717,1
18541,2
31579,1
25046,1
32291,1
34139,2
6103,1
20226,1
28149,1
28112,1
24275,2
31629,2
10748,1
26319,2
24663,1
25921,2
16963,1
7406,1
5033,1
32818,1
29250,1
19888,1
23846,1
18050,2
7701,1
26542,1
33989,2
25932,1
14685,2
27383,2
6592,1
4807,1
32103,1
33372,2
21743,1
27651,2
13077,1
20992,1
22582,1
20652,1
25850,2
20846,1
16568,1
25664,2
12812,1
25972,1
23538,2
4809,1
21477,1
20438,1
23456,1
26481,1
33757,1
31315,2
4549,1
23215,1
15144,1
32916,1
32937,2
34448,1
16051,1
13824,1
12523,1
22195,2
19363,2
22207,1
9948,1
33909,2
13611,1
24000,1
23097,1
25020,2
31931,1
18566,1
31163,1
21798,1
29406,1
8944,1
32983,1
30892,1
21256,1
25505,1
30592,2
13937,1
25038,1
13425,1
3793,1
27511,1
14976,1
20104,2
16551,1
31227,1
32972,1
21194,2
18347,1
14144,1
18299,2
9176,1
11802,1
24303,2
14982,1
16301,1
19797,1
29786,2
15519,1
10841,1
7614,1
16979,2
20403,1
26076,2
30384,1
4802,1
14199,1
32521,1
21943,1
23481,1
33061,2
19553,1
8680,1
23744,1
31655,1
15395,1
34796,1
33591,2
33352,1
30480,1
7669,1
21648,1
30463,1
33784,2
30235,1
23576,2
22130,1
31364,2
22286,1
8713,1
32322,1
25933,1
33302,1
32588,2
17780,2
14097,1
18542,2
28976,2
4803,1
24065,2
30321,2
26671,1
20630,2
6062,1
27083,2
8378,1
26635,2
25860,2
25899,1
9001,1
25822,1
27135,2
23525,2
29569,1
20729,1
23974,2
19816,1
14995,1
17765,2
27696,1
12086,1
23586,1
32136,1
3515,1
12906,1
29937,1
28924,1
25357,2
22536,1
29005,2
3767,1
6647,1
26128,2
33962,1
25598,2
8129,1
23357,1
33348,1
33597,1
10999,1
20122,1
18567,1
20216,1
19952,1
18001,1
10328,1
9940,1
14730,1
7890,1
13592,1
25244,1
19274,1
13822,1
28042,1
27679,2
9961,1
30128,1
6588,1
8916,1
34306,1
33991,1
10318,1
24381,1
30571,2
22471,1
26661,2
23421,1
21168,1
25770,1
17843,1
26401,2
29686,1
31285,2
7116,1
19316,2
29019,2
33165,1
5557,1
12062,1
34540,1
33493,1
23547,1
5814,1
16258,1
24671,1
31785,1
21148,2
13074,1
12837,1
19410,1
31077,2
33515,1
20312,1
28916,2
23105,1
4568,1
24599,1
15227,1
29653,1
25241,1
10766,1
13344,1
13083,1
24621,2
34766,1
11351,1
26341,2
28875,1
4267,1
21512,1
25437,1
17454,1
19276,1
32472,1
12641,1
30197,1
28872,1
23321,2
18768,1
13566,1
12872,1
29534,2
34040,1
23290,1
14623,1
28436,2
32547,2
29666,1
17619,1
7155,1
7699,1
28234,2
15449,1
22388,1
14701,1
25282,2
31541,1
18602,2
22311,1
24228,2
25374,1
20665,1
9419,1
21993,1
5879,1
20324,1
29251,1
16202,1
11299,1
22753,2
21270,1
11045,1
7709,1
24503,1
23581,2
6585,1
33125,2
7168,1
24542,2
12352,1
21222,1
5072,1
26445,2
15008,1
12084,1
26802,1
23252,1
15222,1
13958,1
9200,1
22709,2
32020,2
22040,1
26801,1
27840,1
26708,1
14373,1
19375,2
18775,1
27245,1
20319,1
23708,1
17296,2
33351,1
8406,1
8906,1
4832,1
27430,1
27232,1
22940,1
23222,1
6612,1
24294,1
30433,1
20350,2
22124,1
31574,2
28552,1
13643,1
21924,2
26203,1
11617,1
27989,2
29436,2
16962,1
31311,2
22214,1
12666,1
13361,1
22296,1
17229,2
26727,1
27905,2
14138,1
14191,1
24487,1
22803,1
12597,1
30124,1
11311,1
31990,1
27008,1
25246,1
16583,1
14239,1
19178,1
18631,1
17629,1
29983,2
22180,1
8969,1
29616,1
21008,1
13145,1
30014,2
19149,1
13872,1
18366,1
20621,2
15922,1
21359,1
30017,2
9542,1
7949,1
9541,1
3260,1
27265,1
29911,1
7894,1
31853,2
22780,1
15640,1
30640,1
31932,1
15126,1
10815,1
17980,1
21525,1
17744,2
20984,1
9680,1
12655,1
6651,1
17373,1
16554,1
26921,2
30452,1
6896,1
16434,1
5881,1
26625,2
9416,1
20991,1
13414,1
26437,2
7657,1
7960,1
19275,1
18923,1
23767,1
17222,1
13847,1
9267,1
13840,1
20582,1
29930,1
31147,1
19423,1
18832,2
23545,2
30750,1
15248,1
23216,1
14636,1
27960,2
27279,1
25882,2
5337,1
32370,1
19868,1
26799,1
19167,1
26307,2
17995,1
23171,1
24032,1
21160,2
5550,1
33102,2
28229,2
33565,1
18371,1
8444,1
32605,2
31133,1
13568,1
32452,1
20608,1
9712,1
8230,1
34815,1
31362,2
27443,2
18514,1
12804,1
32199,1
11369,1
31106,2
32176,1
29299,1
30302,2
21146,2
21609,1
21880,1
9281,1
30913,1
20366,2
20162,2
21902,1
23957,1
33960,1
19898,2
5600,1
26917,1
23718,1
33917,2
5358,1
20916,1
21742,1
11527,1
28641,1
26147,2
23487,1
31363,2
17508,2
17481,1
9491,1
25345,2
10315,1
26719,1
17741,1
15666,1
16810,1
18593,2
4776,1
10482,1
33405,1
23224,1
13454,1
13885,1
28504,2
19663,1
27207,2
33588,2
3230,1
27056,1
16935,1
11307,1
30840,2
32740,1
22985,1
29952,2
30056,2
30719,1
32652,1
14418,2
13120,1
32470,1
11831,1
20633,2
34495,1
26929,2
26923,2
21127,1
20338,1
34269,1
23271,2
20433,1
17585,1
14651,2
24755,2
21875,1
31400,1
17716,1
15746,1
31657,1
22271,1
22402,1
26930,2
9195,1
10214,1
19596,2
15540,1
26980,1
23996,1
29144,1
21528,1
26849,2
2982,1
13442,1
30324,2
32395,1
12675,1
25238,1
5824,1
11768,1
6091,1
32796,1
33178,1
31539,2
29619,1
7128,1
9697,1
26992,1
10553,1
20344,1
24987,1
28517,2
13821,1
25296,1
15987,2
29427,1
31474,1
20456,1
33738,1
24473,1
24084,1
23866,1
12343,1
32265,1
29568,1
21461,2
30861,2
27080,1
32367,1
32422,2
26133,1
7182,1
24662,1
31510,1
20441,1
21720,2
11755,1
7374,1
28913,2
6916,1
2726,1
13651,1
4298,1
16322,1
23287,1
19595,2
21928,2
26488,1
22511,1
17014,2
33521,1
16328,1
27129,2
11316,1
31488,1
30358,1
28658,2
23251,1
26821,1
12586,1
13367,1
23621,1
28666,1
12363,1
28305,1
15188,1
33748,1
17028,2
14079,1
24245,1
4585,1
14635,1
30380,1
7411,1
27591,1
5842,1
13079,1
9742,1
20053,1
16456,2
13434,1
16245,2
6859,1
20893,2
10226,1
28887,1
16806,1
5035,1
22322,1
27880,2
7921,1
32008,1
26566,2
30845,2
21471,1
15706,1
7689,1
23782,2
17797,2
30618,1
29422,1
20601,1
4030,1
15411,1
25795,2
21419,2
11603,1
26296,1
17818,2
20948,1
31772,1
28406,1
19340,1
34133,2
13948,1
7444,1
15529,1
34665,2
17887,1
18393,1
33759,1
19404,1
24089,1
17103,1
12615,1
27698,1
6832,1
24629,1
25531,2
26748,1
20093,2
14350,1
13142,1
34013,1
15481,1
9415,1
23440,1
27252,1
20414,2
21378,1
9753,1
18499,1
10569,1
13675,1
10039,1
11496,1
31117,2
19442,1
22546,1
27269,1
19139,1
11813,1
32323,1
24308,2
26334,2
32676,2
9735,1
26901,2
21130,1
32585,2
28503,2
5845,1
12889,1
17337,1
27435,1
30875,1
32845,1
11607,1
25166,1
29211,2
28553,1
21345,1
24913,1
23330,1
12897,1
21188,1
5084,1
18234,1
7142,1
6903,1
21097,1
34549,1
14170,1
33141,2
32664,1
30893,1
7650,1
13039,1
34078,1
22660,1
21110,1
14911,2
23365,1
25645,1
25867,2
8686,1
21550,1
18396,1
9932,1
4322,1
27228,1
13090,1
27171,1
8673,1
25529,2
8726,1
26841,2
5054,1
23236,2
25285,2
20167,1
16692,1
23062,2
17473,1
18111,1
30308,2
17608,1
16747,1
7379,1
8391,1
26083,1
33144,2
31732,1
34591,1
23633,1
33257,1
12554,1
19102,2
18512,1
20847,1
19955,1
5324,1
22446,2
12104,1
26571,2
10511,1
14397,1
34623,2
34767,1
23111,1
32569,2
13167,1
25078,1
24251,1
34263,1
20082,1
32406,1
17291,2
24335,1
22958,1
15473,2
22671,1
33517,1
10195,1
7385,1
24253,1
16770,2
26705,2
13069,1
8732,1
5077,1
32579,2
8435,1
28760,2
22694,1
30108,1
17825,1
16302,1
12403,1
14227,1
6900,1
23760,2
7341,2
32145,1
9189,1
25702,1
16479,2
12808,1
11757,1
20061,1
15736,1
3751,1
33050,1
11576,1
20858,1
18293,2
10232,1
15213,1
20878,2
21931,2
11554,1
31149,1
29160,1
28134,2
20866,1
9460,1
14221,1
15531,1
23182,1
26237,1
23160,1
30711,1
24002,1
30894,1
10495,1
10035,1
15249,1
33326,2
19367,2
15764,1
33237,1
17459,1
34488,1
34441,2
13412,1
9179,1
17778,2
22266,1
17997,1
9159,1
20709,1
33729,2
7873,1
25247,1
27522,1
30610,1
27497,1
20320,1
30635,1
29955,1
23507,1
32545,2
25431,1
10460,1
32260,1
30633,1
28804,1
22902,1
10737,1
23448,1
9802,1
23358,1
22644,1
7905,1
16783,1
17785,1
34142,2
18260,1
17985,1
12860,1
20381,1
27256,1
3785,1
29856,1
34284,1
18874,1
30512,2
26393,1
17108,1
21098,1
24507,1
21654,1
11019,1
30862,2
21945,1
31052,2
3763,1
15480,1
8699,1
34528,1
18911,1
33553,1
31941,1
34329,1
27089,2
34333,1
14347,1
33950,1
33320,2
23834,2
33914,2
8127,1
14980,1
27970,2
30871,1
6638,1
29208,2
4019,1
26466,1
26479,1
19075,2
29954,2
25438,1
10245,1
3513,1
16283,1
28298,1
32509,1
19605,1
16290,1
5809,1
16162,1
12596,1
28558,1
17350,1
22558,1
33700,1
7712,1
7642,1
26072,2
18018,2
33323,2
21905,1
13849,1
21937,2
24638,1
26726,1
15145,1
7381,1
32511,1
12802,1
33829,1
16178,1
17347,1
27234,1
12810,1
34730,1
18839,2
19951,1
33254,1
15168,2
23454,1
15000,1
17584,1
25160,1
28739,2
30617,1
10973,1
9443,1
27262,1
25148,1
15506,1
19171,1
14361,1
15440,2
19702,1
5105,1
23100,1
29261,2
18900,1
7881,1
19933,1
26939,1
23452,1
21395,1
16039,1
21909,1
34369,2
9773,1
9958,1
28544,1
31528,1
22969,2
19872,1
30694,1
26306,2
32220,1
23471,1
8464,1
30528,2
25441,1
31886,2
26031,1
18646,1
15478,1
8377,1
9482,1
17106,1
19279,1
25845,2
5306,1
6659,1
14916,2
27182,2
30349,1
34297,1
13122,1
4529,1
22963,1
19126,1
30904,1
23213,1
20887,2
20406,1
19655,1
19662,1
15651,1
29729,1
8922,1
19823,1
29202,2
26190,1
28017,1
34003,1
12876,1
19622,1
8160,1
6610,1
12149,1
26423,1
27525,1
20241,1
5563,1
29015,2
15974,2
17836,1
11611,1
13161,1
12635,1
25914,2
17790,2
26884,1
15643,1
29692,2
20365,2
25777,1
14644,1
13668,1
22798,1
27658,2
24011,2
6348,1
12644,1
6068,1
32876,2
14405,1
11882,1
17764,1
32047,1
32954,1
15958,2
5618,1
34691,2
12800,1
20169,1
26332,2
7342,2
30556,2
13337,1
29510,1
10466,1
12377,1
8991,1
11569,1
34231,1
10270,1
15149,1
26560,1
26911,1
13982,1
19945,1
6870,1
26288,1
30569,2
26381,2
13632,1
22681,1
12296,1
27902,2
30062,2
30219,1
34109,2
22391,1
23869,1
31887,2
9242,1
29571,1
16677,1
13347,1
24265,1
14348,1
31468,1
26554,1
5592,1
25888,2
25125,1
28464,1
14211,1
14988,1
32732,1
18078,2
27462,2
14964,1
24375,1
24152,1
31076,2
9163,1
32304,1
4012,1
13648,1
20726,1
22734,1
23186,1
34256,1
18556,2
25444,1
26660,2
11049,1
32957,1
29404,1
15191,1
30547,1
31796,2
20725,1
26326,2
7859,2
24653,1
14420,2
29925,1
28439,2
5564,1
19179,1
13451,1
21698,1
28653,2
11756,1
21806,1
25100,2
30501,2
6872,1
22750,2
5328,1
4276,1
30475,2
23482,1
7151,1
18518,1
6615,1
11337,1
10238,1
13441,1
26384,2
19615,1
20410,1
19326,2
15130,1
21472,1
31309,2
15714,2
5877,1
20669,1
21982,2
17889,1
20192,1
26086,1
29837,1
29039,1
21634,1
29030,2
29769,1
19889,1
10570,1
10025,1
32727,1
23684,1
17062,1
22722,2
10739,1
33373,1
33760,1
23500,2
34395,2
18066,2
34522,1
12379,1
15402,1
8205,1
16561,1
26867,1
30843,2
23535,2
19978,1
5087,1
22583,1
18899,1
12118,1
34558,1
16247,2
33080,1
14387,1
11322,1
34026,1
21246,1
12564,1
9418,1
32853,2
24475,1
6634,1
23001,2
31119,2
32324,1
28256,2
9991,1
34444,2
22155,1
8394,1
10540,1
7636,1
21102,1
29648,2
10545,1
27417,2
30559,2
18908,1
13366,1
33765,1
4317,1
14897,1
24041,1
12619,1
27984,2
6890,1
3516,1
29040,1
21117,1
21178,1
27862,2
33510,1
6658,1
11097,1
23194,1
25286,2
15900,1
23709,1
14737,1
4514,1
21167,1
28980,1
13846,1
16947,1
25044,1
20626,2
9182,1
29298,1
25107,2
33485,1
9689,1
12119,1
7363,1
31691,1
31878,1
25359,2
27385,2
20490,1
11878,1
21887,1
29815,2
20634,2
27655,2
20853,1
27331,1
17811,2
33503,1
33687,1
12070,1
27734,2
20894,2
33223,1
19420,1
24891,1
13918,1
18673,1
20081,1
28684,2
31512,1
33076,1
32717,1
21721,2
24393,1
28694,2
13332,1
16778,2
33341,1
21626,1
33981,2
33953,2
29790,2
12853,1
29514,2
27201,2
28934,2
17318,1
15259,1
26037,1
21889,1
9465,1
21232,1
5611,1
7387,1
24397,1
12822,1
24925,1
27721,2
10525,1
32401,1
19069,2
28048,1
25435,1
25813,2
7885,1
12030,1
23780,2
20056,1
16536,1
31765,2
24585,2
14747,1
34233,1
30788,2
21464,2
14162,2
27329,1
27438,2
32428,2
12657,1
25090,2
22703,1
31141,1
33816,1
4314,1
26569,2
31393,1
22181,1
6315,1
5889,1
33728,2
19008,2
27994,2
24723,1
9452,1
24495,2
20412,2
3755,1
20955,1
22571,1
25452,1
12317,1
17375,1
25402,2
26149,2
23086,1
33980,2
31140,1
29603,1
33364,2
31754,1
28907,2
23560,1
27360,2
21120,1
26069,2
14627,1
8123,1
31733,1
29023,2
25399,2
25621,2
20872,1
31787,1
4042,1
29172,2
22386,1
20046,1
30479,1
24085,1
34376,1
28701,2
26198,1
27857,1
19892,2
18121,1
34400,2
14476,1
24543,2
29527,2
8432,1
11243,1
7148,1
12671,1
10521,1
16738,2
20174,1
24855,1
5591,1
4818,1
27798,1
17531,2
31359,2
22771,1
8220,1
20238,1
29953,2
9266,1
12661,1
10718,1
17212,1
19569,2
32737,1
20631,2
33857,1
21794,1
32850,2
16041,1
10720,1
32042,1
18357,1
25900,1
23687,1
31409,1
18110,1
3788,1
7418,1
23371,1
3499,1
26135,1
24372,1
23035,1
20569,1
22206,1
7173,1
15397,1
16181,1
19427,1
12035,1
23569,1
10231,1
16591,1
30215,2
13888,1
13677,1
7915,1
8748,1
9270,1
29183,1
20072,1
4049,1
31489,1
18055,2
23342,1
34536,1
21891,1
13895,1
32559,1
19630,2
24545,2
34101,2
9529,1
28535,1
29256,2
18335,2
29735,1
13430,1
14117,1
30079,2
31425,1
22215,1
28638,2
15739,1
23296,1
8132,1
25566,1
18784,2
20845,1
19667,1
28431,2
16307,1
22233,2
15147,1
32221,1
34637,1
32375,2
32043,1
20103,2
19909,1
15769,1
13151,1
8669,1
18774,1
14618,1
26039,1
27997,2
28643,1
25192,1
11250,1
13364,1
13150,1
20475,1
8641,1
9706,1
18052,2
11777,1
9525,1
10797,1
34276,1
28634,1
26823,2
11508,1
17760,2
21283,1
24225,1
23988,1
24214,1
12088,1
19455,1
11300,1
12145,1
10524,1
18017,2
21690,1
29262,2
30737,1
31673,1
30245,2
23791,2
33918,2
27345,2
32355,2
5041,1
10463,1
18797,2
22911,1
16491,2
23800,2
8115,2
28136,2
31789,1
28541,1
26657,1
28773,2
24753,2
11489,1
19268,1
32168,2
13403,1
6891,1
26924,2
24762,2
17890,1
17858,1
30531,1
15137,1
23995,1
16756,2
27699,2
34255,1
13579,1
18795,2
8227,1
17522,1
33624,2
26995,1
33300,1
16454,2
29430,2
34603,1
25559,2
6406,1
34437,2
32835,2
8482,1
29772,2
3783,1
20613,2
32274,1
7194,1
30065,2
17236,2
4557,1
22198,2
19970,1
9185,1
29027,2
29957,2
11558,1
21406,2
26675,1
20759,1
5609,1
14942,2
13947,2
4798,1
19915,1
22468,1
21951,1
14341,1
12326,1
31070,2
16263,1
9412,1
30122,1
24237,2
16755,2
30499,1
33049,1
31015,2
12282,1
16982,1
20401,1
24612,2
9502,1
29093,1
33919,2
31057,2
15220,1
28283,1
28476,1
25403,2
19557,1
19854,2
32705,1
18384,1
27495,1
32658,1
19852,2
18122,1
6382,1
16431,1
27136,2
23573,2
23837,2
20310,1
27871,2
30074,2
10988,1
11797,1
17875,1
4313,1
29652,1
26315,2
18390,1
17719,1
20623,2
28231,2
20345,1
14933,1
26555,1
11370,1
30552,2
17618,1
31829,2
22712,2
11320,1
25675,1
10230,1
32400,1
24405,1
12135,1
6871,1
29465,2
32211,1
21659,2
17357,1
4068,1
16827,1
32012,1
27528,1
34222,1
19446,2
23864,1
30396,1
15152,1
20164,2
8409,1
26804,1
30340,2
30808,1
24242,1
33755,1
25631,2
14127,1
11615,1
18641,1
32823,1
32141,1
34504,1
34261,1
7656,1
13193,1
31944,1
30075,2
13652,1
21375,1
33940,1
27323,1
22043,1
14611,1
29450,1
14432,1
13194,1
24670,1
21653,1
17838,1
11835,1
22687,1
23074,1
8691,1
30839,2
17574,1
6652,1
19104,2
12664,1
3744,1
25528,2
4535,1
11594,1
11096,1
11809,1
8135,1
16306,1
23301,1
15218,1
27204,2
34368,2
4551,1
15762,1
11359,1
26881,2
21091,1
23196,1
29353,1
20327,1
18869,1
31075,2
21250,1
30798,1
16316,1
21224,1
10461,1
28264,1
18821,1
20353,2
16420,1
9427,1
7900,1
33403,2
14691,1
12542,1
22684,1
33713,1
27916,2
19808,1
13699,1
8685,1
19157,1
11543,1
20382,1
19081,1
20635,2
20059,1
18134,1
28531,1
11829,1
32450,1
26717,1
12896,1
34041,1
18000,1
10034,1
18554,2
22797,1
33000,1
12380,1
18533,2
4570,1
16791,1
20463,1
27779,1
7963,1
15423,1
26982,1
27898,2
26653,1
29067,1
29002,2
32158,2
8433,1
19796,1
26687,2
34636,1
25144,2
18606,1
7611,1
21255,1
33031,1
23819,1
17573,1
29975,1
32769,1
23345,1
8897,1
30870,1
25263,1
8995,1
29244,1
31848,1
23499,2
22506,2
33147,1
25771,1
22524,1
27128,1
13088,1
4280,1
16767,2
12319,1
31233,1
7122,1
24072,1
9500,1
31344,2
16324,1
21865,1
16774,2
16230,2
22936,1
33499,1
11287,1
30814,2
3791,1
11260,1
13830,1
30965,1
14225,1
27901,2
19843,2
15280,1
24199,1
30593,2
32166,2
15741,1
19054,2
32015,1
24866,1
19302,1
9282,1
22728,1
5882,1
26859,2
7889,1
9476,1
23745,1
33903,2
19403,1
30614,1
28308,1
16279,1
29806,2
20842,1
17488,2
33824,1
25088,2
6649,1
28628,1
25043,1
33827,1
27457,1
23318,2
7413,1
24504,1
19434,1
14084,1
24046,2
29348,1
21631,1
17753,2
29620,1
6575,1
5074,1
34716,1
13350,1
33078,1
22404,1
32953,1
21491,1
28775,2
28919,2
12012,1
28410,1
26838,2
17313,1
21503,1
24794,2
27074,1
30949,1
9755,1
29971,2
19294,1
33587,2
19792,1
24143,1
4834,1
16676,1
18524,2
26303,1
30688,1
29467,2
18873,1
7604,2
33628,2
22411,1
23017,2
20862,1
31068,2
9207,1
13684,1
20636,2
24250,1
27998,2
23822,1
26626,2
33360,2
14647,1
31142,1
29818,1
30502,1
15217,1
13400,1
12056,1
31836,2
19166,1
8381,2
22478,1
14983,1
18598,2
4058,1
10824,1
17800,2
32390,1
7160,1
4771,1
29195,1
26348,1
17823,1
29515,2
6906,1
21714,2
11863,1
5302,1
17611,1
25327,2
14410,1
7378,1
27954,1
28657,2
7964,1
25401,2
27217,2
31219,1
15738,1
33054,1
31094,2
33299,1
29734,2
34141,2
23955,1
11308,1
22236,2
15752,1
34531,1
4309,1
27893,2
11573,1
9181,1
32793,1
29936,1
33971,1
31058,1
13305,1
7693,1
13323,1
5562,1
16725,1
12048,1
13970,1
17626,1
15017,1
10736,1
33520,1
12265,1
27906,2
7165,1
34748,1
10288,1
32108,1
34729,1
20251,1
15791,1
22810,1
11883,1
7632,1
25129,2
15251,1
11087,1
23527,2
34734,1
27266,1
33842,2
32354,2
17868,1
18627,1
21142,2
25503,1
19562,1
24497,2
7640,1
5594,1
24394,1
16191,2
13863,1
17791,2
21886,1
13686,1
28363,1
33210,2
13067,1
12388,1
27493,1
19077,2
11514,1
27966,2
24856,1
31504,2
18364,1
23968,2
33920,2
29846,1
33444,1
24486,1
6137,1
32779,1
21665,2
11556,1
31136,1
8233,1
12594,1
29561,1
10313,1
5552,1
26798,1
15410,1
32608,1
11616,1
17353,1
9799,1
7368,1
24224,1
22141,1
30011,2
22838,1
11333,1
32726,1
34616,1
16793,1
21645,1
31730,1
30119,1
31009,1
5807,1
31416,1
22841,1
11089,1
33630,2
32628,1
28415,2
8974,1
6579,1
21478,1
25604,2
18498,1
28482,2
21144,2
30914,1
21708,2
20574,1
17339,1
30868,2
4781,1
21699,1
33721,2
22050,1
22294,1
34124,1
15708,1
9521,1
23878,1
8646,1
31594,2
24020,2
16486,1
32273,1
14655,2
22314,1
12602,1
15225,1
13309,1
19684,1
9527,1
17064,1
16325,1
26019,1
9413,1
16167,1
10526,1
9967,1
30637,1
24387,1
19871,1
22919,1
13922,1
16558,1
18376,1
31641,2
32366,1
21185,1
12890,1
34173,2
31529,1
25167,1
24388,1
8661,1
23341,1
5849,1
22996,1
13319,1
31327,1
8745,1
14340,1
9790,1
16721,1
29513,2
28993,1
24614,2
14938,1
29807,2
33562,1
12936,1
31004,1
19682,1
7436,1
14237,1
19604,1
32840,1
23305,1
12550,1
13423,1
15383,1
23070,1
16462,1
22190,2
25774,1
28195,2
13144,1
21172,1
16304,1
29072,1
11009,1
32104,1
3244,1
32009,1
11505,1
34085,1
20932,1
28983,1
28287,1
23961,1
24798,2
26419,1
33208,2
18605,1
26815,1
27979,2
6893,1
20361,2
33045,1
12308,1
32054,2
19181,1
17009,2
18597,2
24241,1
31913,1
21398,2
17617,1
25323,2
21807,1
29852,1
18275,2
27956,1
5858,1
34780,1
33463,2
16771,2
24234,2
33349,1
7114,1
28269,1
3266,1
31419,1
25571,1
28301,1
25242,1
30016,2
16535,1
30431,1
25897,1
18924,1
28230,2
11872,1
28579,1
13960,1
29248,1
28789,1
4806,1
18340,2
15537,1
19830,2
22392,1
33230,1
12336,1
18578,2
20966,1
13977,1
18611,1
9437,1
32453,1
24601,1
20183,1
34370,2
27424,2
25623,2
7618,1
32347,2
26225,1
24272,2
8911,1
16950,1
30359,1
27133,2
22680,1
30494,2
7635,1
8157,1
29139,1
15462,2
15492,1
20860,1
30598,2
12075,1
24835,2
34027,1
32883,1
30657,1
12552,1
14755,1
26207,1
16744,1
19330,2
25093,2
17604,1
23170,1
33550,1
31471,1
21113,1
3760,1
28569,1
14975,1
20092,1
23041,1
14118,1
20119,1
30874,1
23297,1
12272,1
12913,1
8737,1
30381,1
15794,1
23715,1
24221,1
26046,2
7443,1
29565,1
19931,1
28020,1
24774,1
8209,1
25656,2
15261,1
22730,1
23262,2
20346,1
24023,2
31845,1
26146,2
5362,1
17358,1
30114,1
25184,1
19063,2
10552,1
27872,2
15638,1
29840,1
11261,1
29775,2
25547,2
8736,1
19633,2
23540,2
9438,1
21499,1
20745,1
23702,1
25641,1
21349,1
25903,1
10585,1
33504,1
24271,2
19962,1
5098,1
10277,1
4256,1
18147,1
32276,1
28943,2
28279,1
16196,2
24854,2
33594,1
24882,2
28525,1
20498,1
29981,2
25964,1
12819,1
31728,1
29051,1
20315,1
33881,2
33951,1
16037,1
4822,1
28718,2
22300,1
34445,1
32926,1
7629,1
27890,2
24373,1
13095,1
5298,1
12416,1
13624,1
28563,1
29174,2
19814,1
24092,2
8712,1
11251,1
16318,1
14217,1
7143,1
19908,1
19866,1
34666,2
25875,1
18392,1
17546,2
6355,1
20393,1
24859,1
21219,1
20587,1
12385,1
17772,2
24646,1
25834,2
30373,1
29418,1
19664,1
3268,1
22704,1
22025,1
22775,1
19387,1
9701,1
12350,1
27776,1
20213,1
17894,1
18107,1
31612,2
26600,2
11752,1
31915,1
22559,1
34425,2
32971,1
13944,1
15445,1
6908,1
26964,2
20960,1
17096,1
34561,1
33582,2
24142,1
33399,2
15229,1
21366,1
29245,1
4286,1
30275,2
20248,1
15162,1
27914,2
32217,1
33307,1
34798,1
26285,1
27764,1
33446,1
16589,1
24334,2
33906,2
18141,1
24829,2
10192,1
27431,1
28177,2
30733,2
4047,1
27789,1
12076,1
3490,1
27919,2
6123,1
21777,1
23830,1
32311,2
27480,2
16588,1
31129,2
28237,2
26672,2
21429,1
14171,1
12151,1
20368,2
34021,1
23821,1
32631,1
8651,1
31638,2
3538,1
8694,1
6901,1
29207,2
11343,1
8167,1
25853,2
32788,1
11627,1
22954,1
29184,1
21347,1
29334,1
25917,2
28832,1
29982,2
31540,1
32477,1
13131,1
25711,1
8150,1
8164,1
15398,1
26105,2
16563,1
10260,1
26406,2
23466,1
26092,1
10820,1
29094,1
29497,2
24810,1
24666,1
16581,1
34145,1
6351,1
21128,1
31059,1
11749,1
25273,2
14174,1
26723,1
10228,1
15435,2
15497,1
21896,1
17036,2
16749,2
33149,1
12882,1
10271,1
28688,2
34705,1
33973,1
25314,2
13828,1
31801,1
9241,1
24233,2
28886,1
7902,1
29252,1
12547,1
9775,1
34406,2
25075,1
23214,1
32006,1
32995,1
22924,1
27988,2
19435,1
14958,1
22010,1
5827,1
31246,1
21431,1
14499,1
5288,1
14613,1
29026,2
19162,1
18330,2
14962,1
28665,1
19627,2
14597,1
20964,1
25432,1
18816,2
16814,1
10447,1
18101,1
28991,1
22735,1
14454,1
26491,1
24066,2
17032,2
16678,1
18363,1
30077,2
32887,1
28393,2
9211,1
18862,2
5854,1
24616,2
33110,2
30206,1
22834,1
34530,1
18344,2
28365,1
15024,1
34784,1
32099,2
15511,1
23801,2
26695,2
5558,1
14180,1
22542,1
27170,1
9954,1
22483,2
34079,1
24528,1
25819,2
10193,1
26974,1
32940,2
18088,1
13325,1
27583,1
34433,2
13186,1
14666,1
23177,1
20419,2
24076,1
34094,1
26463,1
23473,1
18061,2
30182,1
29932,1
29493,2
33849,2
8191,1
28635,1
32280,2
29576,1
28839,1
26909,2
30846,2
16470,2
3795,1
18914,1
10814,1
16025,1
5873,1
3489,1
18752,1
16687,1
30995,2
19080,2
18634,1
28960,2
23835,2
22965,1
5291,1
30048,2
20882,2
15151,1
12068,1
27335,1
15520,1
19671,1
16998,2
10542,1
26979,1
8441,1
21762,1
19803,1
25051,2
6346,1
20457,1
17798,2
18146,1
5812,1
9782,1
27422,2
12026,1
24641,1
31613,2
24240,1
26163,1
8193,1
9449,1
12141,1
32399,1
11240,1
34775,1
27210,2
12672,1
27332,1
22417,1
18604,2
29710,1
16046,1
6111,1
15484,1
19064,2
5300,1
29058,1
34456,1
25330,1
32463,1
12932,1
34427,2
34529,1
19121,2
21519,1
15648,1
27576,1
20083,1
22473,1
22673,1
33034,1
24890,1
8122,1
20079,1
9946,1
21967,2
26952,2
27402,2
25342,2
22315,1
12002,1
32697,1
18757,1
27272,1
10491,1
9157,1
11800,1
2993,1
10449,1
10036,1
13584,1
14120,1
32086,2
22177,1
24007,1
12261,1
16817,1
22418,1
25106,2
23319,2
17849,1
18345,1
17209,1
25083,2
34461,1
7858,2
28357,1
28524,1
16453,2
14475,1
24017,2
14880,1
34230,1
18131,1
26320,2
16980,2
25854,1
18580,2
15169,2
13059,1
31051,2
5365,1
15002,1
27415,2
31753,1
30032,2
34341,1
33686,1
10523,1
32929,2
31905,2
15726,2
13153,1
27601,1
7706,1
20111,2
31347,2
28783,1
22441,1
10791,1
27421,2
27258,1
21111,1
8477,1
11293,1
6135,1
32565,1
5802,1
17722,1
4285,1
17888,1
22683,1
24058,2
6840,1
29597,1
25016,2
20134,1
22472,1
28221,2
29218,1
28914,2
5797,1
11499,1
19105,2
20935,2
29730,2
12019,1
14142,1
31578,2
13440,1
6635,1
11764,1
16846,1
11620,1
15396,1
10029,1
15146,1
33840,2
5804,1
15517,1
33086,1
14478,1
9169,1
31053,2
28051,1
32327,2
11276,1
15905,1
14956,1
16027,1
30754,2
30477,1
26549,1
19849,2
21737,1
10196,1
27841,1
29021,2
8475,1
19815,1
10311,1
13190,1
27065,1
25781,1
27606,2
33767,1
14431,1
32303,1
11296,1
16243,2
14931,1
34240,1
25442,1
33708,1
11884,1
32348,2
31961,1
33421,1
18303,1
14231,1
9696,1
23794,2
6143,1
10499,1
18630,1
23106,1
22818,1
33927,1
26374,2
15426,1
16040,1
30653,1
16057,1
24029,1
7918,1
28826,1
10581,1
31027,2
23704,1
22306,1
29396,1
24741,1
11006,1
22174,1
23073,1
12105,1
8688,1
15663,1
21660,2
24740,1
19283,1
25362,2
34532,1
30811,2
16976,2
7944,1
10505,1
23201,1
24590,2
9684,1
20107,2
7941,1
7181,1
31483,1
13422,1
16260,1
23857,1
14104,1
14722,1
21748,1
15485,1
18599,2
26497,1
18416,1
34204,1
30795,2
6128,1
12386,1
28198,2
25041,1
25416,1
21753,1
7153,1
34725,1
18836,2
28385,2
24809,1
9933,1
13381,1
23261,2
28374,1
33397,2
12576,1
17273,2
34486,1
27777,1
26343,1
20943,2
31091,2
27465,2
24128,1
29674,1
26179,1
25586,2
33353,2
8208,1
15286,1
9778,1
17071,1
15688,2
29314,1
22823,1
27649,2
11619,1
31666,1
28282,1
21908,1
19648,1
23518,1
22528,1
25393,2
32193,1
8412,1
25692,1
11773,1
25525,2
14370,1
30279,1
19188,2
15709,1
32035,1
12531,1
32572,2
7658,1
22481,1
15131,1
14214,1
21914,1
24930,1
20721,1
34226,1
31939,1
27624,2
23079,1
22809,2
27512,1
25074,1
7871,1
4004,1
9803,1
19193,1
19333,2
29303,1
4836,1
34512,1
16803,1
23300,1
8236,1
13640,1
31412,1
25629,2
20077,1
24208,1
25252,1
32208,1
24552,1
5801,1
28285,1
7624,1
26192,1
33236,1
32574,2
18829,1
31514,2
32128,2
8666,1
30906,1
28354,1
29456,2
34702,2
14190,1
6836,1
28807,1
12849,1
33986,2
21019,1
11487,1
27835,1
9448,1
34760,1
15935,2
23978,1
33191,1
12064,1
34719,1
23615,1
33193,1
11093,1
25497,1
9719,1
28941,2
24349,2
14400,1
28143,2
26670,2
6067,1
30473,2
27945,2
33670,1
16275,1
32808,2
25551,2
14598,1
29669,1
34336,1
32839,2
8210,1
9203,1
18891,1
20886,2
7865,2
17576,1
34508,1
3761,1
13376,1
28232,2
15221,1
28959,2
17885,1
15914,1
25501,1
25443,1
28380,1
18767,1
10975,1
32936,2
9806,1
14116,1
3770,1
13380,1
20655,1
11571,1
23567,1
15947,1
30588,2
4783,1
26216,1
22654,1
32527,1
21989,1
27982,2
24127,1
34273,1
27632,2
34541,1
28618,1
13687,1
20437,1
4011,1
26168,2
28022,1
26556,1
4032,1
21632,1
34644,1
27072,1
31834,2
31441,1
34024,1
15382,1
14632,1
24367,1
29090,1
13417,1
33590,2
28473,1
4530,1
34477,2
7913,1
25886,2
19617,2
23180,1
5103,1
30203,2
14359,1
4786,1
30702,1
34088,1
6380,1
31585,1
33835,1
29956,2
10787,1
13590,1
19639,2
9795,1
20637,2
17065,1
15909,1
22739,1
23521,2
25388,2
15228,1
33073,1
23267,2
27339,2
25959,1
24378,1
30052,2
10274,1
8942,1
4260,1
32213,1
29237,2
25510,1
27592,1
25948,1
21500,1
30546,1
17610,1
15949,2
10717,1
19637,2
14973,1
25065,2
33848,2
27425,2
8953,1
27656,2
9538,1
34128,1
16231,2
7939,1
23863,1
23019,2
32408,2
33067,2
18792,2
33491,1
16977,2
8237,1
9015,1
27002,1
8912,1
30841,2
32775,1
30876,1
15901,1
25309,1
15977,2
34653,2
32063,1
8642,1
12358,1
28668,1
29470,2
26758,1
3484,2
26126,2
27160,2
18252,1
7133,1
5851,1
14222,1
33422,1
10528,1
6572,1
9188,1
28945,2
19800,1
22655,1
28898,1
32695,1
33865,1
20969,1
20057,1
24391,1
12866,1
34000,1
11026,1
14970,1
24409,1
19611,1
29415,1
32677,2
19598,2
23774,1
15911,1
23942,1
21709,2
31180,1
13717,1
25517,1
34340,1
28108,1
12362,1
24640,1
17351,1
28671,1
17793,2
29017,2
18577,2
33995,1
31341,2
34038,1
25830,1
28790,1
22318,1
25913,2
10211,1
9767,1
32433,1
4537,1
18547,2
8149,1
26686,2
25861,2
14653,2
20597,1
24244,1
26123,2
13834,1
31340,2
10790,1
26122,2
34385,1
31684,1
28817,1
32809,1
17497,2
24466,1
32025,1
21470,1
31663,1
31023,1
15659,1
8231,1
28430,2
18849,2
10773,1
32635,1
11888,1
26837,2
15522,1
31697,1
17892,1
23232,2
16472,2
17468,1
30791,2
28434,2
21243,1
29189,1
17233,2
20595,1
16534,1
24643,1
28551,1
23530,2
21805,1
32120,2
8199,1
31235,1
29714,1
22395,1
28645,2
7940,1
26188,1
14123,1
7682,1
30980,1
28176,2
10044,1
16518,1
32134,1
27176,1
23362,1
25077,2
31773,1
25633,1
9708,1
15990,2
29721,2
22185,2
31161,1
22692,1
27891,2
26151,1
29031,2
11821,1
26186,2
17847,1
13044,1
7152,1
28727,1
19549,1
17003,1
29158,1
31580,1
21115,1
17496,2
15756,1
25143,2
32571,2
20881,2
20152,2
20374,2
34153,1
18021,2
32514,1
11347,1
24315,2
25686,1
20340,1
12320,1
21907,1
25007,2
34384,1
19845,2
33099,2
8413,1
30822,2
23005,2
28371,1
26294,1
22382,1
31261,1
20105,2
33571,1
10750,1
9414,2
32255,1
30325,2
32010,1
30095,1
20383,1
16254,2
28624,1
24802,2
27708,2
9191,1
25595,1
5580,1
13115,1
34640,1
14447,1
20460,1
17533,2
22910,1
21644,1
24980,1
28034,1
24553,1
27485,2
28011,1
23628,1
13102,1
24505,1
27524,1
33589,2
26648,2
21919,1
20718,1
30907,1
22811,2
16553,1
11064,1
26632,2
4844,1
17867,1
16975,2
25305,1
30589,2
21145,2
21946,1
23627,1
16223,1
24558,1
18008,2
19862,1
6117,1
18610,1
28010,1
23537,2
23108,1
30726,1
26932,1
33734,1
16946,1
12069,1
31775,1
20465,1
32467,1
10577,1
3774,1
28831,1
11806,1
15912,1
6875,1
9522,1
13348,1
29247,1
8221,1
26312,2
33240,1
26972,1
32264,1
31175,1
17248,2
29858,1
17208,1
32831,2
29973,2
15013,1
12838,1
29394,1
25775,1
21394,1
15198,2
31375,2
17356,1
28792,1
17504,1
30639,1
26550,1
29607,1
28516,2
13577,1
8442,1
9494,1
20651,1
19901,2
28825,1
8436,1
28824,1
17519,2
9700,1
18884,1
32861,2
11613,1
21973,2
27200,1
14388,1
33618,2
20497,1
16172,1
10578,1
12870,1
14364,1
15804,1
11362,1
16447,2
13875,1
12601,1
27616,2
29799,2
24309,2
20941,2
13600,1
15931,2
21921,2
14912,2
33584,2
16532,1
14622,1
32097,2
10818,1
10817,1
34110,2
17477,1
28006,1
25092,2
5595,1
14693,1
19433,1
13126,1
31891,2
22806,1
7667,1
7659,1
29500,1
22052,1
25456,1
20647,1
32362,1
32256,1
15635,1
18647,1
15521,1
32659,1
34442,2
23574,2
6121,1
14192,1
22804,1
23366,1
22024,1
21093,1
20730,1
15654,1
33162,1
19976,1
31750,1
23052,1
29563,1
22825,1
19395,1
31993,1
7424,1
6141,1
31780,1
34813,1
23960,1
24463,1
7601,2
8894,2
24333,2
30769,2
25687,1
10478,1
10785,1
20851,1
33878,2
29696,2
32575,2
28748,2
29156,1
28910,2
20919,1
25384,1
22572,1
31383,2
4284,1
11230,1
23245,1
10708,1
15737,1
23972,2
9456,1
13363,1
34449,1
20117,2
21727,2
8946,1
25839,2
26622,2
18815,2
24044,2
16527,1
27192,2
5319,1
32068,2
29142,1
22507,2
23066,1
22533,1
19585,2
25377,1
27439,2
22849,1
31270,2
30847,2
30172,1
31869,2
9977,1
33984,2
17244,2
7893,1
21486,1
32087,2
25925,2
21765,1
5357,1
30717,1
33030,1
29020,2
6643,1
22646,1
32160,2
27948,1
10760,1
19396,1
32716,1
33443,1
12311,1
25288,2
9733,1
19020,1
23606,1
19108,2
33753,1
31325,1
13582,1
32930,1
24511,1
11057,1
26704,2
32405,1
30951,1
9446,1
21445,1
29150,1
30393,1
31476,1
4581,1
15422,1
10490,1
5796,1
8141,1
13106,1
26559,1
7899,1
10767,1
9942,1
27446,2
27515,1
10576,1
30815,2
7878,1
27527,1
23735,1
25876,1
25797,2
30693,1
30140,1
17513,2
30093,1
18612,1
31795,2
21242,1
25101,2
28989,1
30551,2
18771,1
31737,1
20884,2
21724,2
7416,1
27208,2
27169,2
12286,1
12046,1
29322,1
11830,1
6331,1
25023,2
31758,1
4008,1
24778,1
13180,1
13715,1
8146,1
24490,1
4830,1
32386,1
25926,2
26436,2
11279,1
23247,1
28693,2
28768,2
15177,2
18383,1
30026,1
29613,1
3787,1
10326,1
12571,1
34601,1
9530,1
9202,1
26955,2
27860,1
33170,1
22280,1
34272,1
33633,1
25425,1
29491,2
29968,2
24598,1
30553,2
11559,1
20624,2
6316,1
32947,2
30493,1
23339,1
26680,1
19590,2
17521,2
30714,1
20980,1
23516,1
22716,2
6147,1
19062,2
14424,2
24361,2
21747,1
19918,1
28769,2
24911,1
27441,2
30644,1
28903,1
28367,1
30731,2
3495,1
34227,1
19833,2
19537,1
13371,1
4037,1
29167,2
5549,1
21930,2
6905,1
26427,2
29466,2
26551,1
5553,1
12270,1
9231,1
6827,2
20208,1
13881,1
14934,2
19297,1
27477,2
5327,1
12058,1
22144,1
11748,1
24983,1
12781,1
22232,2
28162,2
11885,1
30629,1
4556,1
26568,2
23619,1
27923,2
23946,1
34364,2
23206,1
29001,2
9158,1
17033,2
27680,2
3508,1
24750,2
11861,1
27098,2
32436,1
29878,1
7096,1
23273,2
33450,1
30171,1
32359,2
14719,1
11325,1
31926,1
16257,2
29803,2
5086,1
18642,1
21215,1
12638,1
29921,1
14215,1
12938,1
11298,1
5312,1
32931,2
14742,1
32993,1
13855,1
32997,1
26624,2
33882,2
34525,1
28399,2
26875,2
30232,1
33048,1
30230,1
34097,1
30050,2
33653,2
26026,1
25930,1
27514,1
23087,1
25053,2
21381,1
12323,1
13146,1
7365,1
26277,1
18837,2
28239,2
10008,1
26951,2
21015,1
18831,1
7437,1
33184,1
9691,1
16762,2
12815,1
29097,1
33747,1
30535,2
24596,1
29269,2
26613,2
13175,1
5361,1
25973,1
14753,1
22674,1
22440,1
12356,1
5624,1
21206,2
10322,1
16248,2
7129,1
15785,1
10723,1
33484,1
23328,1
5817,1
19946,1
27206,2
16488,1
16507,2
28182,2
12604,1
17227,2
10775,1
33969,1
18860,2
16726,1
33671,1
26174,2
25885,2
16941,1
23459,1
27531,1
21099,1
27771,1
24213,1
17771,2
33425,1
9429,1
29964,1
11290,1
12132,1
29817,2
21182,1
31138,1
24362,2
10986,1
24223,1
22045,1
12836,1
19673,1
3529,1
13979,1
21904,1
28735,1
17245,1
34462,1
29279,2
18003,2
16492,2
27604,2
9748,1
16330,2
19358,2
23449,1
4302,1
20178,1
5589,1
29609,1
15252,1
32000,1
28253,2
3000,1
14501,1
32133,1
25709,1
25785,2
23029,1
20677,2
18872,1
34236,1
14861,1
21977,2
27863,2
33298,1
31614,1
8954,1
34328,1
9744,1
31228,1
3258,1
24570,2
21125,1
11234,1
25030,2
13909,1
34036,1
30706,1
4531,1
16937,1
24857,1
16449,2
16516,2
23281,2
26619,2
24551,1
27758,1
23468,1
14682,2
14643,1
5869,1
16424,1
16805,1
12073,1
27733,2
24808,1
17056,1
3522,1
10020,1
34526,1
21539,1
25339,2
21449,2
21740,1
30467,1
33408,1
7127,1
29028,2
17048,1
21790,1
19430,1
6931,1
17607,1
33817,1
28814,1
32163,2
16572,1
14455,1
7134,1
27455,2
18329,2
8168,1
31526,1
24299,1
27001,1
31112,2
22737,1
8692,1
11568,1
11743,1
34274,1
8173,1
34260,1
23059,2
22163,1
13974,1
12580,1
23733,1
32865,2
8161,1
6914,1
24763,1
33091,1
26029,1
25638,1
7382,1
16967,2
31852,2
11262,1
11226,1
22747,2
34605,1
33585,2
22205,1
26407,2
20334,1
6848,1
21466,2
7626,1
17747,2
12318,1
23472,1
10838,1
21014,1
18321,2
23689,1
25332,1
8940,1
27780,1
33438,1
12865,1
9479,1
22839,1
15405,1
14607,1
25365,2
33743,1
5828,1
11548,1
30317,2
34171,2
11827,1
31384,2
24764,1
14996,1
9952,1
16757,2
14430,1
21235,1
33649,2
19859,1
6401,1
24262,1
26215,1
22282,1
21731,1
21779,1
24603,1
33650,2
18120,1
31998,1
15806,1
7677,1
13358,1
4061,1
34635,1
22788,1
26861,2
33631,2
26417,1
21926,2
10727,1
15959,2
4828,1
20191,1
23260,2
4512,1
17051,1
14440,1
33296,1
27213,2
8426,1
30169,1
15458,2
8223,1
19592,2
16237,2
20920,1
28538,1
32728,1
16199,2
17993,1
19635,2
6400,1
17241,2
14146,1
12854,1
31692,1
3257,1
26221,1
26744,1
13453,1
17567,1
11624,1
27381,2
11101,1
18114,1
10458,1
18039,2
33777,1
12662,1
19936,1
33146,1
34487,1
22235,2
29978,1
6669,1
10741,1
25420,1
14630,1
34634,2
17554,2
34001,1
20877,1
32129,1
24149,1
16528,1
30389,1
6665,1
25841,2
21808,1
28660,1
20712,1
32414,2
10839,1
34388,1
22848,1
22496,2
29281,2
22790,1
20717,1
29280,2
18896,1
20962,1
11032,1
14986,1
24608,2
22383,1
7144,1
19707,1
6146,1
18769,1
28529,1
25632,1
29875,1
34537,1
28511,2
12376,1
14187,1
29242,1
5861,1
22283,1
5598,1
23441,1
4321,1
6056,1
5610,1
3259,1
19334,2
13317,1
13456,1
30040,2
27738,2
16741,2
12902,1
23359,1
13907,1
18408,1
28998,2
33305,1
22304,1
31273,2
18236,1
32524,1
31615,1
7120,1
31089,2
11111,1
25265,2
22988,1
5289,2
18894,1
15665,1
18341,2
21269,1
12271,1
15284,1
29033,2
12410,1
31168,1
28292,1
11862,1
18113,1
9524,1
19292,1
15724,2
22241,2
9255,1
33519,1
14125,1
24805,2
12150,1
15532,1
4545,1
29758,1
10522,1
22968,2
31209,1
27484,2
27145,1
19284,1
18020,2
22962,1
33043,1
30585,2
21352,1
30387,1
27165,2
25182,1
26886,1
23779,1
28686,2
34799,1
22321,1
30975,1
34083,1
23255,1
23991,1
16458,2
13874,1
20480,1
28554,1
26289,1
25887,2
19046,2
11775,1
34712,1
12569,1
2505,2
18334,2
17368,1
32369,1
32464,1
14689,1
25024,2
27358,2
31288,1
22912,1
34361,2
23242,2
33560,1
22219,1
16033,1
20649,1
33205,2
13596,1
18588,2
18004,2
2767,1
9758,1
25355,1
22966,1
28820,1
19709,1
25968,1
4311,1
27177,1
3533,1
34687,2
25789,2
32207,1
24206,1
34566,1
19625,1
16455,2
25058,2
24484,1
24514,1
19571,2
25408,2
27401,2
22029,1
27748,1
27843,1
32816,1
14683,2
26346,1
29650,1
24884,2
24135,1
26034,1
7421,1
23354,1
12900,1
34126,1
20158,2
33168,1
18794,2
4013,1
33084,1
22227,2
27467,2
33055,1
12342,1
19819,1
7422,1
7386,1
25927,2
11578,1
27073,1
16240,2
10306,1
19142,1
12829,1
29819,2
13316,1
18579,2
17361,1
33430,1
25667,2
29909,1
8469,1
28571,1
21244,1
17730,1
28158,2
9264,1
22002,1
16705,2
23726,1
11245,1
21716,2
28009,1
32939,2
18045,1
9506,1
28381,1
13138,1
6616,1
34114,1
6858,1
31700,1
4795,1
31880,1
34259,1
9014,1
11759,1
33342,1
12791,1
4571,1
33329,2
17300,2
13094,1
13866,1
33769,1
22904,1
13307,1
23568,1
21984,2
13396,1
33350,1
17367,1
23480,1
30060,2
24231,2
26118,2
17294,2
13387,1
33976,2
24380,1
6887,1
23055,1
21135,2
29506,1
3781,1
15929,1
13318,1
17004,1
15262,1
17600,1
26094,2
15711,2
18847,2
31100,2
15986,2
20380,2
19907,1
28725,1
21379,1
27115,2
28471,1
4301,1
25392,2
26701,2
30238,1
14230,1
30033,2
18369,1
30573,2
25704,1
20824,2
34515,1
19665,1
12919,1
26694,2
25764,1
6073,1
17883,1
29042,1
3782,1
26598,2
34199,1
18563,1
31420,1
14679,2
33058,1
26375,2
22143,1
25836,2
19679,1
25550,2
26113,2
30713,1
5294,1
29149,1
24905,1
19359,2
12079,1
16704,1
21152,2
23950,1
23739,1
22455,2
30395,1
33393,2
21700,1
19339,2
32426,2
23981,1
8725,1
26589,2
19580,2
19303,1
11523,1
31225,1
23016,2
16010,1
21287,1
26361,2
24730,1
17601,1
23519,1
14083,1
22008,1
31583,1
8389,1
4796,1
27481,2
33066,2
32921,1
24264,1
12880,1
20855,1
25504,1
29029,2
33387,2
11021,1
33040,1
8144,1
12415,1
24731,1
12653,1
15006,1
31283,1
8928,1
15927,1
6393,1
28031,1
29257,2
21511,1
9544,1
25823,1
28815,1
32584,1
28881,1
14994,1
19148,1
33052,1
7683,1
20309,1
14944,2
7404,1
12339,1
9016,1
21230,1
28822,1
27747,1
19300,1
5844,1
4542,1
17247,2
16560,1
17734,1
13353,1
23335,1
29173,2
23282,2
15157,1
15717,2
26016,1
31020,1
10747,1
24229,2
16009,1
26691,2
24063,2
8379,2
32441,1
21153,2
9543,1
23288,1
19448,2
14637,1
18256,1
17564,2
33367,2
27641,2
18505,1
33681,1
32261,1
29574,1
16565,1
16045,1
25440,1
13177,1
20710,1
16545,1
12113,1
20576,1
23191,1
31369,2
13955,1
13100,1
7879,1
19073,2
20221,1
17340,1
27396,2
30019,1
26872,2
34816,1
25343,2
22475,1
20075,1
34612,1
30950,1
19016,1
16217,2
14467,1
16050,1
19460,1
31757,1
20953,1
19406,1
25518,1
20979,1
33130,2
30439,1
18126,1
33659,2
25303,1
28929,1
31411,1
20391,1
3768,1
26470,1
14977,1
28648,2
33740,1
23037,1
27437,1
29310,1
18523,2
21106,1
29317,1
27961,2
29044,1
13310,1
25815,2
34404,2
26611,1
25434,1
30498,1
34015,1
16242,2
17726,1
24131,1
12314,1
22313,1
9996,1
11259,1
17480,1
28799,1
34249,2
27388,2
23172,1
4043,1
22748,2
20871,1
25097,2
24026,1
14369,1
34559,1
29056,1
12795,1
8400,1
18800,2
24996,1
30137,1
14210,1
26389,2
3531,1
22953,1
19323,2
14720,1
25287,2
11521,1
34209,1
15697,2
31148,1
25601,2
27532,1
21885,1
20337,1
17297,2
21955,1
29200,2
33085,1
24746,1
19675,1
21614,1
19973,1
23092,1
16182,1
11582,1
30013,2
30179,1
34144,2
22224,2
17571,1
10489,1
32952,2
31643,2
22578,1
31485,1
13695,1
9671,1
33718,2
33250,1
11738,1
23983,1
26129,2
31026,2
29587,1
33225,1
19129,1
4303,1
23426,1
34248,2
28433,2
16522,1
8425,1
23051,1
3486,1
7090,1
13432,1
29084,1
30642,1
11237,1
22947,1
29010,2
15763,1
7896,1
26824,2
28627,1
33357,2
22063,1
20047,1
34650,1
26582,2
31619,1
23048,1
19584,2
13569,1
28224,2
34351,1
28318,1
22381,1
8396,1
18883,1
23060,2
21872,1
27313,1
21986,2
29392,1
18656,1
33689,1
17732,1
13981,1
27255,1
34029,1
26724,1
18491,1
15475,1
21479,1
13886,1
28130,2
17211,1
24533,2
15451,2
19096,1
18028,2
33334,1
12029,1
28300,1
12821,1
5089,1
17517,2
8648,1
12862,1
10007,1
28477,1
7445,1
13157,1
12300,1
13879,1
20070,1
7711,1
6404,1
17851,1
26088,1
16154,1
33164,1
16287,1
17492,2
20385,1
27717,2
17988,1
30223,1
14736,1
12871,1
31259,1
19451,1
28716,2
21463,2
13952,1
11022,1
23370,1
6591,1
10732,1
17040,2
5888,1
31762,2
31254,1
4262,1
5568,1
9455,1
21498,1
27681,2
24384,1
28003,2
10028,1
18102,1
13578,1
26745,1
27709,2
21733,1
25341,2
19031,1
31408,1
10278,1
17325,1
31286,2
5585,1
11630,1
29452,2
23810,1
20682,2
27057,1
11324,1
23457,1
11013,1
17588,1
21991,1
21704,2
18796,2
28486,2
32177,1
23601,1
18842,2
29731,2
6364,1
5348,1
29308,1
15275,1
10977,1
33507,1
22042,1
21732,1
28696,2
4036,1
13394,1
22945,1
7927,1
15238,1
17281,2
2981,1
11564,1
29276,2
14385,1
14758,1
22653,1
16311,1
34776,1
14090,1
18765,1
15235,1
18517,1
18790,2
11083,1
22672,1
15803,1
21292,1
31127,2
32471,1
17580,1
17220,1
15023,1
30555,2
28375,1
22055,1
26134,1
24760,2
21205,2
6402,1
15972,2
19963,1
11236,1
29538,2
18885,1
12846,1
22240,2
26947,2
30723,1
9710,1
5341,1
13623,1
10582,1
30448,1
17860,1
11037,1
22437,1
15649,1
27384,2
34223,1
26570,2
22499,2
31569,2
16936,1
16442,1
12401,1
29306,1
33819,1
32281,2
10002,1
22308,1
22918,1
23534,2
8418,1
5601,1
4525,1
9021,1
25000,1
11028,1
13959,1
19565,1
32300,1
32989,1
13063,1
15417,1
13075,1
12413,1
21696,1
24834,2
19315,2
14680,1
29941,1
23776,1
34011,1
26738,1
14891,1
27403,2
24548,2
19934,1
17066,1
17559,2
24500,1
28557,1
9512,1
33754,1
21744,1
18023,1
33214,1
18108,1
14379,1
13924,1
8683,1
5068,1
34271,1
30970,1
26438,2
23679,1
12293,1
20642,1
10799,1
34150,2
10555,1
13385,1
13631,1
25946,1
24153,1
8488,1
13900,1
19848,2
25142,2
25061,2
28984,1
19394,1
32731,1
34343,1
34266,1
27769,1
3249,1
16047,1
9738,1
26283,1
21939,2
33180,1
25455,1
29871,1
24119,1
14696,1
30451,1
21469,1
24039,1
31654,1
7121,1
13134,1
21465,2
27836,1
30323,2
8440,1
15761,1
25126,1
27713,2
30318,2
32700,1
22944,1
15204,2
23336,1
24313,2
23793,2
15122,1
20696,1
27751,1
25017,2
4027,1
26631,1
20066,1
31330,2
6344,1
7888,1
16031,1
16022,1
14868,1
32873,2
34450,1
23742,1
16700,1
13112,1
10225,1
7926,1
23057,2
13925,1
31996,1
27915,2
9679,1
19150,1
20688,1
11346,1
31811,2
7971,1
20763,1
17822,2
10011,1
17570,1
25022,2
28211,1
4534,1
10759,1
28920,1
27486,1
12116,1
28537,1
19043,1
25329,1
15283,1
32510,1
29992,2
24255,1
23765,1
33854,1
20741,1
22999,1
19693,1
33698,1
24889,1
25975,1
22742,2
17530,2
22781,1
9268,1
8151,1
28805,1
20910,1
9172,1
31350,2
29695,2
30428,1
24107,1
24459,1
20828,1
31145,1
19805,1
31599,2
28884,1
22541,1
26456,1
19087,1
25873,1
22820,1
14438,1
32819,1
27505,1
15180,2
13129,1
23077,1
31144,1
23188,1
33089,1
14718,1
22651,1
20599,1
33004,1
15450,1
29588,1
34699,2
17801,2
24877,2
24860,1
21118,1
16682,1
34498,1
26814,1
16761,2
27743,2
15530,1
7925,1
31165,1
12572,1
33454,1
14151,1
25583,2
25003,1
26062,2
27179,2
27205,2
3269,1
21608,1
24243,1
17463,1
31636,2
18084,1
11303,1
21010,1
28774,2
32723,1
18096,1
32550,2
14949,2
28250,2
32275,1
13606,1
9969,1
23356,1
22794,1
34627,2
14748,1
26397,2
34503,1
14368,1
32383,2
34804,1
24350,2
4840,1
32923,1
26204,1
30738,1
10202,1
5800,2
12522,1
27849,1
14754,1
6391,1
7131,1
11614,1
18803,2
33395,2
33140,2
23094,1
25594,1
32481,1
14751,1
15988,2
22419,1
18859,2
11104,1
9284,1
23953,1
31840,2
33368,1
20206,1
5096,1
25546,2
32539,1
32967,1
24847,2
15701,2
31854,2
6845,1
19392,1
12835,1
12008,1
14466,1
32671,2
14987,1
33508,1
29009,2
32332,2
20861,1
19195,1
11328,1
34147,2
20591,1
27125,2
33343,1
31898,2
24800,2
9444,1
30081,2
6054,1
25506,1
26935,1
14408,1
18522,1
26054,2
24396,1
19341,1
30891,1
29069,1
22842,1
17024,2
26144,2
21694,1
32429,2
32703,1
27920,2
32201,1
31333,2
31088,2
21507,1
34360,2
13419,1
33750,1
33358,2
26344,1
22989,1
23233,2
22942,1
27949,1
23324,1
31365,2
18613,1
24140,1
18898,1
6617,1
28273,1
29354,1
29278,2
8902,1
9256,1
10803,1
11267,1
28280,1
29345,1
6873,1
25171,1
24347,1
31162,1
33500,1
14179,1
30844,2
27900,2
31895,2
13040,1
32415,2
32568,1
29733,2
16799,1
34180,2
24147,1
29505,1
29759,1
31936,1
18858,2
23990,1
15233,1
16986,1
29590,1
14602,1
22014,1
14668,1
8939,1
25963,1
14703,1
28534,1
15512,1
22789,1
19286,1
31222,1
33404,2
34291,1
12295,1
19373,2
30123,1
32121,2
23784,2
32996,1
24204,1
12329,1
17832,1
14479,1
19616,1
12539,1
12831,1
26150,2
24672,1
32398,1
24281,2
25136,2
34669,2
5586,1
23291,1
28539,1
8468,1
2983,1
16511,2
21516,1
29434,2
12852,1
11061,1
16779,2
24075,1
29192,1
15971,2
16211,2
33292,1
31072,2
8701,1
15668,1
26357,2
21903,1
13428,1
3488,1
16179,1
5313,1
34352,1
32457,1
33652,2
30289,2
14085,1
30869,1
27081,1
17498,2
30660,1
15223,1
31289,2
10811,1
12085,1
33156,1
18370,1
12092,1
28383,1
23526,2
14446,1
27144,2
32557,1
30059,2
21780,1
11998,1
19691,1
27797,1
28753,2
32874,2
13189,1
14967,1
8919,1
17210,1
33143,2
28485,2
25380,1
32022,2
5617,1
28621,1
20852,1
32603,2
16513,2
28498,2
12348,1
7425,1
31653,1
27609,2
15253,1
14383,1
32212,1
33204,2
14974,1
31520,1
29529,2
32707,1
9000,1
19924,1
6097,1
20870,1
24068,1
13826,1
32889,1
4842,1
22835,1
34143,2
6399,1
8758,1
25712,1
24893,1
30020,1
21218,1
11828,1
33478,1
22830,1
23714,2
26988,1
17341,1
34037,1
34597,1
11889,1
3250,1
8213,1
23855,1
14919,2
21623,1
6347,1
12259,1
8945,1
19311,2
23600,1
30347,1
18654,1
33301,1
9781,1
26492,1
9998,1
9248,1
31398,1
4031,1
7608,1
21268,1
29360,1
32468,1
3776,1
30882,1
3504,1
31760,2
34350,1
20723,1
2999,1
28923,1
25606,2
27399,2
30568,2
29834,1
25884,2
16716,2
12275,1
11858,1
16740,2
24057,2
30879,1
5067,1
20754,1
13607,1
22649,1
12024,1
18310,2
26414,1
29865,1
27834,1
7884,1
3487,1
30478,1
21956,1
8752,1
33622,2
19925,1
12142,1
6645,1
31109,2
8169,1
31018,2
27426,2
20605,1
11623,1
25169,1
27157,2
34117,1
22967,2
32122,2
9271,1
5871,1
16252,2
8118,2
33627,2
34396,2
31568,2
18402,1
23280,2
23476,1
20670,1
23575,2
19720,1
27014,1
20050,1
20074,1
11887,1
33203,2
10996,1
13716,1
9018,1
18777,1
30372,1
17855,1
18560,2
4572,1
15940,1
18152,1
27686,2
8383,1
18804,1
22564,1
23562,1
30850,2
10057,1
32698,1
31090,2
26742,1
19930,1
19650,1
24365,2
15260,1
23306,1
28125,2
9785,1
16807,1
21954,1
19078,2
27575,1
7167,1
22527,1
27218,2
24669,1
24230,2
25180,1
5106,1
18037,2
18350,1
27451,2
28155,2
7705,1
27523,1
27236,1
24035,1
17557,2
21029,1
24747,1
25643,1
22169,1
11342,1
17740,1
27082,2
12011,1
31828,2
14496,1
12112,1
33922,2
21411,2
29489,2
33583,2
33158,1
32836,2
20200,1
13714,1
18921,1
28555,1
15689,2
11776,1
31123,2
29801,2
20142,1
12801,1
34539,1
30453,1
6070,1
24276,2
29401,1
26329,2
33461,2
24841,2
12153,1
13087,1
12884,1
29060,1
17893,1
4519,1
10066,1
31062,1
18394,1
23758,2
20080,1
4580,1
22139,1
16575,1
17723,1
26699,2
26925,2
22259,1
20606,1
15757,1
34334,1
25941,1
31927,1
33725,2
17246,1
22819,1
30756,2
24852,2
15790,1
18868,1
13386,1
7434,1
5822,1
22783,1
12877,1
5870,1
11765,1
28809,1
29219,2
5578,1
19641,2
6902,1
12260,1
28124,2
27889,2
27845,1
30762,2
31674,1
26897,2
20732,1
27268,1
12806,1
27087,2
11605,1
19869,1
8492,1
7910,1
15541,1
14879,1
21425,1
11580,1
21129,1
26721,1
29473,2
16701,1
24623,2
27372,2
31381,2
32132,1
31487,1
4819,1
23241,2
29793,2
22551,1
22707,2
14377,1
7977,1
20048,1
34795,1
19439,1
24660,1
11344,1
34232,1
26278,1
14945,2
30311,2
6109,1
14183,1
11866,1
24521,1
3535,1
25901,1
22667,1
22218,1
18409,1
32430,2
29539,2
34428,2
27873,2
21211,1
26817,1
26143,2
26919,2
18532,2
18675,1
11053,1
16973,2
24001,1
16689,1
24546,2
8721,1
13452,1
20575,1
33737,1
7362,1
25544,2
4275,1
22486,2
20229,1
24524,1
25404,2
30993,2
9704,1
24210,1
12535,1
20329,1
30793,2
29071,1
30130,1
33770,1
20427,1
20434,1
22986,1
10312,1
22714,2
34647,1
5816,1
28156,2
7170,1
28278,1
9453,1
6851,1
13951,1
25138,2
14692,1
34670,2
30974,1
14953,1
7420,1
4269,1
27537,1
28226,2
34553,1
11833,1
32802,2
30625,1
19551,1
33083,1
10065,1
13306,1
27886,2
8453,1
4258,1
12154,1
11817,1
11004,1
20429,1
23681,1
13324,1
10265,1
25422,1
24867,1
34379,1
25662,2
33215,1
21261,1
27726,2
30492,1
15735,2
21718,2
26856,2
19449,1
31437,1
27211,2
33041,1
9490,1
30889,1
15523,1
6371,1
10501,1
5602,1
13156,1
11241,1
10985,1
23820,1
24862,1
31098,2
14887,1
19546,1
4567,1
23565,1
19191,1
7435,1
29947,1
21467,2
12346,1
24901,1
29320,1
13121,1
16236,2
22543,1
31013,2
27647,2
8997,1
16049,1
30446,1
32019,1
14130,1
20612,1
19270,1
34188,1
33506,1
4259,1
12128,1
17007,1
13045,1
31535,2
24833,2
11837,1
16784,1
5799,1
12903,1
34196,1
15011,1
30234,2
34104,2
33479,1
27011,1
31316,2
16281,1
16303,1
30794,2
23235,2
16842,1
8993,1
33480,1
17034,2
25869,2
29958,2
23325,1
19310,2
25281,2
14873,1
29420,1
29851,1
32393,1
14205,1
27636,2
27623,2
25863,2
9503,1
32180,1
19686,1
21795,1
30508,2
28271,1
6122,1
15639,1
21897,1
5567,1
14395,2
25449,1
29670,1
26676,1
30992,2
15730,2
15797,1
19550,1
16997,2
13965,1
16943,1
5334,1
24310,2
18754,1
5860,1
29398,1
18099,1
10030,1
30100,1
16264,1
5608,1
14407,1
23104,1
28123,1
33938,1
28170,2
11000,1
5857,1
12044,1
33142,2
17987,1
16956,1
25599,2
25415,1
21212,1
15156,1
14082,1
16066,1
18649,1
22690,1
32138,1
15408,1
17380,1
34245,2
31624,2
4000,1
33074,1
5846,1
33221,1
23631,1
10968,1
27642,2
11020,1
17037,2
32368,1
32118,2
24329,1
23025,2
14713,1
17059,1
14101,1
17751,2
22146,1
17989,1
21383,1
17334,1
12563,1
12859,1
21400,2
33656,2
18282,1
30464,1
21961,1
22488,2
9183,1
21987,2
20384,1
15759,1
18315,2
22827,1
24722,1
28902,1
20413,2
29836,1
16970,2
23102,1
20661,1
17999,1
28033,1
22238,2
25338,2
25591,1
25026,2
14229,1
19645,2
23289,1
9985,1
30898,1
10725,1
33047,1
24559,1
11271,1
24351,2
23033,1
28670,1
18651,1
24904,1
17489,2
13597,1
33821,1
24290,1
24268,1
31505,2
26602,2
19938,1
22430,1
12032,1
22127,1
30103,1
22832,1
33394,2
17013,2
18132,1
26920,2
9166,1
9417,1
20491,1
9983,1
34542,1
21629,1
30962,1
34087,1
32729,1
33502,1
29036,2
34394,2
23710,1
18308,1
34070,1
23853,1
19791,1
34615,1
26741,1
12006,1
5825,1
17615,1
33090,1
22978,2
30638,1
14152,1
19678,1
29687,1
12639,1
24079,1
12533,1
33683,1
17224,2
17758,1
23994,1
10299,1
17807,2
18273,2
19036,1
28242,2
27644,2
15801,1
10027,1
15224,1
34218,2
19397,1
28027,1
8130,1
12796,1
17977,1
16023,1
28702,2
30025,1
28699,2
32877,2
18906,1
18526,2
31904,2
21870,1
30218,2
7146,1
21607,1
29682,1
21103,1
9999,1
31103,2
3262,1
12298,1
30909,1
9715,1
6857,1
25870,2
34668,2
24150,1
6386,1
11358,1
15514,1
32440,1
23244,1
32610,2
22260,1
23808,1
15246,1
33924,2
19025,1
14091,1
21628,1
28459,2
33388,2
26956,2
24034,1
21999,1
23313,2
14358,1
28019,1
25084,2
30905,1
33581,2
25028,2
33308,1
29301,1
20160,2
6075,1
5027,1
34697,2
17757,2
12393,1
8990,1
32864,2
33982,2
27765,1
18495,1
7615,1
26358,2
14728,1
33983,2
29770,1
33186,1
32147,2
22729,1
9741,1
21894,1
21657,1
29974,2
10258,1
26430,2
31079,2
33259,1
9965,1
31919,1
19687,1
19165,1
21624,1
18559,1
32112,2
30964,1
18616,1
26683,1
28294,1
10745,1
12579,1
22906,1
32394,1
31864,2
21011,1
18087,1
13099,1
16710,2
11534,1
4794,1
13320,1
18660,1
30053,2
18907,1
34267,1
20447,1
26800,1
30958,1
22997,1
22407,1
33566,1
5340,1
26304,2
31280,1
31662,1
12613,1
26655,1
6088,1
34451,1
9950,1
19082,1
31882,2
10746,1
30848,2
14344,1
32822,1
21920,2
21966,2
25245,1
19151,1
34524,1
24933,1
13160,1
6338,1
15170,2
17742,1
6867,1
5317,1
27707,2
10451,1
9951,1
6356,1
14482,1
19037,1
32064,1
23090,1
30129,1
30133,1
22941,1
17288,2
9749,1
21220,1
25707,1
9938,1
11060,1
32279,1
30106,1
25587,2
22658,1
23462,1
34393,2
29773,2
30379,1
24100,2
10213,1
12616,1
16483,1
24977,1
15920,1
26448,1
33701,1
6878,1
33826,1
28574,1
33647,2
13565,1
23204,1
22930,1
28877,1
22026,1
13848,1
7150,1
25390,2
29816,2
28893,1
6131,1
29722,2
25366,2
7691,1
30537,2
12127,1
24582,2
13854,1
5884,1
11295,1
20143,1
16163,1
33406,1
21643,1
19132,1
30994,2
5060,1
26737,1
30121,1
19850,2
29985,2
25183,1
14389,1
34091,1
32625,1
9219,1
15494,1
9987,1
26697,2
29053,1
28953,2
20235,1
10565,1
6911,1
34651,1
22793,1
19788,1
21424,1
16520,1
3511,1
27589,1
28046,1
6085,1
16490,2
8664,1
14710,1
15461,2
9164,1
34254,1
33885,2
9779,1
25102,2
15272,1
33578,1
8961,1
3514,1
19701,1
34621,2
14702,1
12909,1
24801,2
14601,1
24414,1
33258,1
17569,1
9275,1
25163,1
17310,1
14367,1
15465,2
9213,1
11315,1
21158,2
27391,2
32387,1
32029,2
20987,1
6129,1
9263,1
13062,1
34707,1
18012,2
25637,1
13128,1
21681,1
15698,2
25786,2
20929,1
24922,1
31855,2
8975,1
17088,1
20854,1
14690,1
12786,1
24725,1
25647,2
33733,1
23858,1
26865,2
13689,1
13084,1
12136,1
18047,1
27740,2
25036,1
10546,1
25804,2
18140,1
22846,1
10713,1
14941,2
30348,1
32427,2
30712,1
23489,2
23889,1
26075,2
27770,1
33877,2
29413,1
27492,1
18281,2
31918,1
29405,1
15119,1
23848,1
28577,1
24886,2
13407,1
13928,1
16829,1
10795,1
16059,1
22172,1
34510,1
24338,1
17371,1
26579,2
23248,1
10849,1
22948,1
23762,2
15160,1
27088,2
22925,1
25811,2
29131,1
34793,1
7648,1
26424,2
11003,1
14411,1
31995,1
28055,1
33304,1
32799,2
10289,1
27185,2
14109,1
15439,2
4253,1
26345,1
31172,1
27665,2
30248,2
26145,2
14133,1
25760,1
10721,1
34399,2
25344,2
27640,2
21444,1
18389,1
16508,2
9257,1
34785,1
19831,2
20952,1
20970,1
24607,1
15903,1
24485,1
8121,1
12667,1
32801,2
25188,1
28756,2
32052,2
5798,1
12595,1
15247,1
23823,1
32317,2
15534,1
7103,1
8660,1
31518,1
6608,1
28438,2
22229,2
31698,1
26347,1
34467,1
30631,1
7954,1
33990,1
10248,1
14241,1
20484,1
25793,2
17002,2
22772,1
31592,2
7922,1
30989,1
18351,1
24869,2
32868,2
31003,1
8489,1
10842,1
29849,1
32127,2
15716,2
3498,1
23347,1
23941,1
7670,1
26139,2
23349,1
17298,2
23501,2
17897,1
8968,1
11512,1
30280,1
20687,2
26898,2
8452,1
27899,2
27728,2
34746,1
34289,1
26099,2
17365,1
24787,1
6856,1
8645,1
6063,1
9272,1
24919,1
34039,1
32886,1
27519,1
19971,1
28235,2
27774,1
31525,1
7967,1
34137,2
17879,1
26399,2
18504,1
23258,1
19106,2
32023,2
16065,1
27019,1
22733,1
7625,1
13662,1
12591,1
27986,2
28957,2
32148,2
11319,1
10200,1
14884,1
31532,2
7410,1
29305,1
26910,1
27662,2
11291,1
29949,2
18153,1
11327,1
17360,1
28518,2
6328,1
24481,1
11873,1
33933,1
15187,1
28013,1
14672,1
22405,1
14088,1
5837,1
31339,2
24719,1
34381,1
16850,1
34518,1
26201,1
10516,1
17624,1
21084,2
11838,1
22994,1
33549,1
24788,1
17524,1
8131,1
26879,2
23234,2
21789,1
33845,2
17089,1
34005,1
27573,1
11242,1
23692,1
31095,2
31022,1
19631,2
31218,1
17228,2
27316,1
27365,2
30565,2
6671,1
27874,2
13619,1
19827,2
19198,1
27530,1
4060,1
29540,2
19390,1
16414,1
26185,2
20228,1
7866,2
33241,1
7396,1
22274,1
33744,2
12636,1
24858,1
9797,1
22448,2
31881,1
23572,2
26869,2
12100,1
11530,1
30469,1
18271,2
8999,1
17234,2
17095,1
26429,2
21509,1
33833,1
15753,1
27580,1
8896,2
13562,1
14087,1
13654,1
16280,1
10468,1
13638,1
6646,1
25928,2
31349,2
3485,1
33263,1
33338,1
23802,2
26878,2
32924,1
28252,2
11248,1
15166,1
19717,1
7366,1
8633,2
5066,1
31761,2
4304,1
16828,1
27347,2
20234,1
33974,1
30051,2
7132,1
9170,1
7678,1
34783,1
30192,1
28562,1
17196,1
22414,1
11002,1
25376,1
30990,1
21376,1
18243,1
20765,1
6921,1
33923,2
30641,1
16811,1
25835,2
20144,1
15164,1
8947,1
22178,1
29667,1
2985,1
22264,1
22030,1
20445,1
31426,1
33596,1
34018,1
31908,2
33699,1
34202,1
20222,1
32786,1
26713,1
31988,1
29589,1
14681,2
14959,1
20149,1
28178,2
13612,1
28741,2
24771,1
14131,1
30734,2
9022,2
15490,1
15496,1
23045,1
6852,1
13459,1
33452,1
32350,2
18653,1
18274,2
26989,1
33985,2
30071,2
24538,2
31667,1
32814,1
6660,1
30604,2
24406,1
23268,2
20190,1
31279,1
26170,2
30211,2
11871,1
30035,2
8943,1
26795,1
27214,2
7646,1
28488,2
23310,1
29191,1
21280,1
32540,1
23803,2
26136,1
25816,2
12642,1
28619,1
12879,1
33883,2
34820,1
34193,1
9683,1
32203,1
28778,1
4837,1
22682,1
6842,1
28197,2
5545,1
32633,1
4277,1
25512,1
6102,1
9277,1
4290,1
22745,2
13308,1
30910,1
11297,1
33136,2
12908,1
28883,1
28103,1
26425,1
30607,2
32330,2
17482,1
33812,1
27405,1
18511,1
7898,1
15199,2
34643,1
28481,2
33723,2
8757,1
13155,1
5868,1
30300,2
15153,1
27276,1
21637,1
25619,2
26079,2
29522,2
33996,1
27754,1
32257,1
17230,2
12131,1
28697,2
23427,1
25337,2
24887,2
19540,1
24848,2
28413,2
18262,2
34454,1
16674,1
16418,1
10229,1
18574,2
4300,1
28056,1
22525,1
34481,1
31321,1
16423,1
4789,1
24130,1
14412,1
8500,2
27952,1
34337,1
23544,2
18793,2
17485,2
33336,2
29830,1
29333,1
27357,2
17336,1
28428,2
17561,2
26633,2
11256,1
10531,1
5826,1
26292,1
7877,1
29260,2
25780,1
30365,1
24013,2
16203,1
24600,1
8498,1
8380,1
10789,1
15385,1
11787,1
23703,1
24491,2
12843,1
20240,1
29182,1
27687,2
13664,1
32183,1
29265,2
34426,2
10026,1
8398,1
33613,2
28566,1
8678,1
24087,1
19541,1
20658,1
14339,1
29185,1
33311,1
25691,1
23027,2
9217,1
25021,2
7452,1
19067,2
29236,2
32404,1
24124,1
25865,2
19344,1
25109,2
25368,2
19068,2
32576,2
32454,1
29811,2
12530,1
11553,1
21621,1
3286,1
17453,1
18065,2
7171,1
23856,1
14657,2
13967,1
8747,1
29598,1
15178,2
24751,2
17803,2
20751,1
6373,1
19018,1
19653,1
33448,1
24790,1
31131,1
6395,1
11843,1
12040,1
18540,2
24929,1
28057,1
24752,2
32016,1
20904,1
12824,1
26428,2
20925,1
8756,1
30228,2
25710,1
23713,1
14924,1
24477,1
7876,1
24141,1
14923,1
4554,1
24657,1
11007,1
21234,1
6325,1
9153,2
33153,1
17861,1
18284,1
7384,1
30092,1
32056,2
27436,1
17996,1
25542,2
21533,1
32638,1
29931,1
12371,1
29504,1
22837,1
18912,1
34786,1
6881,1
14163,2
31601,2
30532,2
16459,2
9198,1
13583,1
24260,1
28942,2
33864,1
14473,1
10296,1
18510,1
34119,1
11631,1
24095,2
15662,1
31739,1
26900,2
14937,2
27470,2
26496,1
23707,1
8696,1
26363,2
21783,1
27423,2
21520,1
16171,1
21942,2
11529,1
30796,2
17067,1
20076,1
15718,2
32253,1
15679,1
24345,1
31421,1
16329,2
16503,2
32589,2
33884,2
22123,1
9228,1
30282,1
28801,1
32048,1
15932,2
21625,1
25572,2
26597,2
31348,2
32654,1
23566,1
22494,2
15184,1
34511,1
7109,1
20339,1
32107,1
20972,1
7091,1
12575,1
24261,1
5285,1
26405,2
7684,1
28272,1
9235,1
22770,1
11796,1
31470,1
21674,2
30377,1
20596,1
14182,1
24298,1
12842,1
24311,2
9474,1
24219,1
17068,1
10559,1
32088,2
21443,1
29618,1
23322,2
16415,1
20373,2
6601,1
23096,1
5574,1
29661,1
29188,1
4511,1
27395,2
16969,2
14103,1
18338,2
5616,1
29234,2
33359,2
27975,2
31432,1
15807,1
22058,1
14338,1
33137,2
27585,1
27744,1
14905,1
29552,2
12321,1
20065,1
13060,1
22535,1
24539,2
28296,1
20411,1
23700,1
24634,1
9800,1
14659,1
28642,1
25060,2
31096,2
29525,2
21369,1
12894,1
34228,1
6132,1
21108,1
23683,1
29689,1
13389,1
15121,1
28680,2
33127,2
30650,1
6636,1
7111,1
24895,1
14641,1
26036,1
18104,1
14422,1
12387,1
27498,1
11341,1
30960,1
34690,2
9484,1
19429,1
27993,2
28132,2
32583,1
11524,1
16760,2
29833,1
21803,1
30599,2
25907,2
4291,1
15644,1
20230,1
10307,1
19886,1
11008,1
26953,2
4524,1
21408,2
20672,2
16548,1
8382,1
20876,2
16001,1
17814,2
28118,1
19536,1
13869,1
24574,2
11513,1
3232,1
28052,1
19083,1
19377,2
6860,1
19365,2
29335,1
29853,1
17869,1
33356,2
24248,1
31530,2
17549,2
25605,2
18309,2
11533,1
24900,1
32431,2
28023,1
14206,1
33216,1
23458,1
22520,1
23346,1
29877,1
23749,2
5360,1
11348,1
28683,2
6904,1
3802,1
20089,2
19277,1
27181,2
13335,1
30350,1
12574,1
34497,1
16753,2
32144,1
25945,1
31332,2
26612,2
33370,2
7088,1
25653,2
12817,1
28629,1
14991,1
20867,1
20217,1
31784,1
11309,1
15675,1
19846,2
23737,1
16323,1
22726,1
20566,1
27240,1
31054,2
19120,2
17739,1
6879,1
28041,1
29649,1
31030,2
32720,1
29313,1
16298,1
23493,2
29096,1
16769,2
11304,1
21978,2
31319,1
8410,1
4046,1
21502,1
25386,1
31257,2
25048,1
24266,1
28171,2
34100,1
28356,1
25268,2
21606,1
21881,1
25938,1
30175,1
7952,1
25694,1
30472,2
27878,2
10520,1
33509,1
27625,2
29175,2
28982,1
15477,1
16205,1
14857,1
4583,1
10024,1
12269,1
21933,2
26669,2
29566,1
20940,2
16029,1
15386,1
30700,1
27478,2
31595,2
14892,1
30385,1
33489,1
27500,1
28029,1
13665,1
25670,1
17743,2
25293,2
21370,1
15671,1
15004,1
6598,1
26211,1
22221,1
15239,1
27938,2
12668,1
12924,1
27006,1
10459,1
27953,1
33490,1
27197,1
24392,1
21171,1
23947,1
22278,1
12912,1
9249,1
11506,1
9957,1
22516,1
25574,2
13829,1
27400,2
17302,1
12106,1
21760,1
23317,2
13191,1
24267,1
34533,1
29713,2
15389,1
20372,2
17729,1
25556,2
16035,1
13181,1
34129,1
18544,1
32410,2
13169,1
30353,1
6831,2
29726,2
8189,1
23022,2
25385,1
18515,1
34457,1
13832,1
18621,1
25713,1
32380,2
29659,1
31729,1
14242,1
17194,1
24330,2
24793,2
32870,2
3796,1
22905,1
34642,1
34346,1
26442,2
11609,1
24508,1
19711,1
33206,2
34713,1
15448,1
24014,2
24341,1
12544,1
16158,1
30482,1
33261,1
13581,1
34247,2
26545,1
8724,1
23179,1
33213,2
23818,1
21492,1
17882,1
21804,1
26588,2
13089,1
28930,1
7349,2
14448,1
26608,1
18785,2
32619,2
6079,1
8952,1
23976,1
13939,1
29055,1
31618,1
14153,1
32974,1
15985,2
24277,2
7162,1
8487,1
22973,2
7872,1
6577,1
32894,1
3775,1
20905,1
23263,2
19331,2
3491,1
12858,1
8439,1
22270,1
13697,1
32934,2
17374,1
30541,1
27317,1
20622,2
23039,1
19818,1
25116,1
32305,1
29324,1
26426,2
22939,1
21207,2
25532,2
33626,2
24144,1
34436,2
23320,2
25430,1
31236,1
32785,1
15274,1
30357,1
24358,2
34420,2
22023,1
25311,2
9945,1
30329,2
32632,1
26587,2
18855,2
8935,1
27463,2
33937,1
7377,1
28672,1
32092,2
33929,1
20328,1
14930,1
22203,1
18678,1
9510,1
25450,1
34672,2
13103,1
25585,2
23091,1
28440,2
25002,1
18520,1
31277,2
17766,2
29047,1
18130,1
23173,1
21124,1
33651,2
30753,2
31958,1
30043,2
22209,1
16759,2
14197,1
30278,1
13048,1
9273,1
28546,1
23292,1
21754,1
32774,1
22689,1
20125,1
26081,2
18530,2
26889,2
21147,2
12089,1
5110,1
10966,1
32976,1
8175,1
7928,1
3746,1
25616,1
31014,2
19033,1
14599,1
23720,1
32005,1
14451,1
29476,1
26217,1
18277,2
4016,1
33910,2
12788,1
14195,1
13693,1
19668,1
31404,1
33665,1
14343,1
15515,1
30291,2
7957,1
33601,1
25666,2
22005,1
32946,2
29530,2
22489,2
34761,1
10541,1
16173,1
29767,1
20865,1
25042,1
15466,2
6843,1
16437,1
22051,1
19040,1
32709,1
29296,2
14864,1
12414,1
14157,1
19313,2
9997,1
34514,1
18041,2
10064,1
30880,1
19357,2
12935,1
7600,2
26752,1
8497,1
31863,2
30198,1
3492,1
32413,2
18296,2
7353,1
20673,2
33187,1
30900,1
33860,1
14390,1
28530,1
29725,2
34016,1
27705,2
21611,1
29441,1
26110,2
22027,1
18636,1
27853,1
18302,1
24652,1
18150,1
15664,1
7429,1
32722,1
15721,2
12099,2
34217,2
14888,1
32513,1
7392,1
31900,2
20086,1
31429,1
6140,1
16585,1
27448,2
30763,1
28990,1
27227,1
29854,1
11015,1
29331,1
15503,1
6342,1
9005,1
19111,2
18145,1
16719,2
7911,1
18810,2
29092,1
16990,2
22062,1
30758,1
10480,1
27967,2
15474,1
23616,1
29088,1
18323,2
12567,1
21948,1
19900,2
28384,2
24105,2
22526,1
18082,2
20890,2
11575,1
34106,2
20715,1
32357,2
8658,1
33820,1
7166,1
32770,1
18632,1
20440,1
20364,2
11839,1
3534,1
5083,1
21770,1
34500,1
32675,2
8710,1
28202,2
4264,1
5076,1
26080,1
6118,1
30623,1
27121,2
17575,1
29138,1
28460,2
26591,2
9734,1
12316,1
30199,1
25548,2
13183,1
32881,2
9426,1
28536,1
29768,1
28802,1
16271,1
24297,1
25173,1
28401,1
7141,1
26125,2
34140,2
12543,1
13701,1
27233,1
15524,1
34025,1
33551,1
23425,1
34590,1
17462,1
10529,1
21448,2
21661,2
10984,1
17558,2
6099,1
8162,1
19119,2
6876,1
21380,1
23314,2
34431,2
9801,1
28758,2
32905,1
29089,1
11025,1
11549,1
27846,1
34737,2
19564,1
33134,2
24004,1
26450,1
22916,1
3753,1
23556,1
6630,1
22555,1
18356,1
9515,1
12607,1
18257,1
28411,2
7393,1
33612,1
31604,2
21797,1
28636,1
16999,2
31174,1
33056,1
13646,1
17816,2
23169,1
20975,1
21622,1
4829,1
22579,1
8924,1
22662,1
16282,1
14762,1
20430,1
26432,2
24572,2
34824,1
27274,1
17031,2
31353,2
28437,2
17991,1
25032,1
19038,1
16961,1
19856,2
23551,1
25382,1
3757,1
27594,1
30440,1
23446,1
25502,1
15268,1
20341,1
27248,1
29343,1
7149,1
30271,2
20724,1
24744,1
32834,2
25562,1
14606,1
9212,1
13609,1
22196,2
11283,1
17827,1
19424,1
18154,1
10049,1
28876,1
26089,1
29454,2
33675,1
10221,1
18672,1
15906,1
11855,1
27235,1
34517,1
25844,2
22566,1
32111,1
11597,1
18124,1
29988,2
27856,1
28140,2
21086,1
33217,1
11110,1
23854,1
13378,1
33926,1
19322,2
5576,1
17755,2
18046,1
20422,2
25767,1
7108,1
29847,1
16683,1
17251,2
27362,2
32842,1
23686,1
20499,1
9713,1
30276,2
26696,2
13049,1
24845,2
33552,1
12878,1
8192,1
23010,2
26478,1
26360,2
26418,1
23208,1
29592,1
16844,1
20354,2
16708,2
6375,1
24584,2
15201,2
29288,2
18535,2
6861,1
11591,1
28101,1
32666,1
26454,1
22696,1
16940,1
28526,1
14099,1
29439,2
4523,1
13356,1
25543,2
29543,2
31355,2
31263,1
31391,1
16249,2
10780,1
18935,1
34735,2
31167,1
24843,2
23293,1
11742,1
14999,1
33766,1
32376,2
21483,1
26796,1
21687,1
21664,2
29041,1
22720,2
22257,1
19666,1
13133,1
24560,2
10561,1
27688,1
26400,2
5344,1
33065,2
16452,2
9463,1
12610,1
5556,1
18608,1
17828,1
4063,1
10769,1
28958,2
13630,1
28734,1
22293,1
5838,1
13853,1
26968,1
33226,1
34747,1
16475,2
34810,1
28568,1
23329,1
16933,1
20436,1
30233,1
28289,1
34243,1
22519,1
6339,1
28412,2
34692,2
14220,1
27773,1
6105,1
24761,2
27250,1
22498,2
31336,2
23536,2
28368,1
29845,1
17788,1
12673,1
12360,1
22565,1
5088,1
30801,1
29605,1
33742,1
5571,1
29004,2
13647,1
6631,1
19826,1
29294,2
16531,1
23002,2
12813,1
17475,1
13382,1
32469,1
20189,1
5049,1
31021,1
13971,1
14098,1
14954,1
32792,1
28724,1
23226,1
13926,1
29165,1
34491,1
26284,1
22312,1
27974,2
26649,2
11811,1
10770,1
31947,1
29814,2
15899,1
23497,2
26970,1
15656,1
5071,1
7409,1
26986,1
7395,1
31211,1
32806,2
28692,2
21778,1
17745,2
9180,1
15669,1
26276,1
18809,2
11598,1
26665,2
21183,1
13851,1
19414,1
21775,1
29698,2
34447,1
10240,1
5316,1
12049,1
6377,1
29442,1
22922,1
31621,2
25714,1
18070,2
17471,1
22959,1
23845,1
31260,1
34244,2
25013,2
34797,1
18782,1
8226,1
33346,1
4841,1
25564,1
7175,1
15954,2
22523,1
26220,1
21683,1
26116,2
21990,1
23617,1
11229,1
32057,2
29196,1
12016,1
8994,1
28164,2
21186,1
15992,2
12799,1
30506,2
26586,2
20155,2
13605,1
29155,1
6320,1
24876,2
12274,1
22492,2
17201,1
18625,1
21164,1
22796,1
23847,1
20468,1
6627,1
8457,1
19881,1
16428,1
10272,1
24052,2
33654,2
3507,1
29724,2
17100,1
7454,1
22669,1
18573,2
33722,2
5079,1
28461,2
10756,1
28288,1
19661,1
27130,2
23004,2
30461,1
18799,2
18915,1
4003,1
29449,1
14193,1
7394,1
32298,1
12301,1
30076,2
13878,1
29080,1
14993,1
27324,1
31275,2
19107,2
32412,2
5037,1
20700,2
4310,1
18385,1
20843,1
3264,1
18501,1
31116,2
21918,1
24287,2
34732,1
7125,1
9210,1
12102,1
9279,1
31403,1
31491,1
19354,2
31625,2
34197,1
8754,1
30178,1
28906,2
3537,1
26825,2
8466,1
13125,1
24113,1
6090,1
33994,1
24389,1
18591,2
16824,1
15442,1
22175,1
29216,2
26364,2
33173,1
22457,2
23580,2
25071,1
28897,1
25957,1
20159,2
23093,1
5819,1
28138,2
34277,1
26543,1
18909,1
30979,1
20051,1
30651,1
21480,1
16724,1
13591,1
25124,1
26447,1
15264,1
22416,1
28435,2
30064,2
33327,2
30170,1
9931,1
12140,1
14998,1
12287,1
33051,1
20148,1
33855,1
33227,1
14095,1
24083,1
27123,2
30902,1
34778,1
20087,1
19445,1
28900,1
9980,1
33244,1
23736,1
20377,2
8384,1
26936,1
33916,2
5064,1
25498,1
13355,1
31909,2
25049,1
29135,1
13943,1
21176,1
29220,1
20698,1
33112,2
31747,1
32135,1
23303,1
12618,1
15401,1
33169,1
16839,1
25871,2
26959,2
30459,1
24765,1
19413,1
24812,1
28474,1
9227,1
26408,2
13972,1
11801,1
18354,1
7937,1
29927,1
26090,1
26377,2
31949,1
10063,1
7172,1
28833,1
17091,1
7455,1
20163,2
22840,1
22522,1
12055,1
19369,2
6894,1
21452,2
16227,1
4827,1
31501,2
9239,1
6106,1
12083,1
16262,1
33255,1
5579,1
24480,1
8951,1
30247,2
4048,1
23363,1
29448,1
13342,1
5342,1
13416,1
31266,1
4017,1
18546,2
13658,1
16691,1
23792,2
10530,1
30955,1
10573,1
23348,1
29462,2
13627,1
28054,1
30036,2
5853,1
20579,1
24376,1
20121,1
31159,1
31686,1
14925,1
15742,1
30654,1
27763,1
6390,1
30283,1
7431,1
13905,1
24236,2
34257,1
16953,1
34349,1
32531,1
10041,1
31876,1
21688,1
28918,2
11066,1
33362,2
15687,2
31508,1
14943,2
22443,1
31413,1
26055,2
34099,1
8153,1
24654,1
19799,1
7399,1
18378,1
20840,1
20728,1
22245,2
22135,1
18622,1
25111,2
16165,1
29100,2
18320,2
22442,1
16461,1
31331,2
23080,1
25356,1
33344,1
12652,1
14119,1
7371,1
28306,1
32085,1
32443,1
8950,1
14376,1
20663,1
34389,1
32475,1
22515,1
27314,1
23032,1
9528,1
31012,2
24824,2
20091,2
16052,1
33059,1
26709,1
21605,1
23998,1
26085,1
20580,1
23604,1
25137,2
27109,2
23697,1
27068,1
16932,1
4294,1
14365,1
11870,1
30107,1
31152,1
5351,1
8965,1
32522,1
8914,1
25956,1
21123,1
23625,1
15226,1
27394,2
29407,1
24030,1
15135,1
28754,2
11038,1
24568,2
6150,1
8177,1
23548,1
10327,1
31143,1
19027,1
12263,1
17633,1
19092,2
23852,1
31766,1
8194,1
34771,1
4006,1
34626,2
25644,1
13124,1
19813,1
19047,2
21361,1
13071,1
21271,1
20179,1
29162,1
32307,1
25827,1
28404,1
6605,1
7118,1
7163,1
11244,1
5101,1
9971,1
11017,1
14895,1
32106,1
23083,1
23445,1
12851,1
23593,1
4821,1
34372,2
27912,2
30864,2
26607,1
7433,1
4536,1
21346,1
23876,1
22474,1
30984,1
33435,2
26376,2
15650,1
18569,2
18609,1
14194,1
32173,1
23253,1
26651,1
17553,2
3743,1
22764,2
27095,2
28254,2
26809,1
29390,1
29057,1
20113,2
15681,1
10826,1
7651,1
34723,1
9440,1
26831,2
26667,2
6409,1
16068,1
33029,1
7660,1
10223,1
26018,1
7157,1
7966,1
17200,1
14626,1
29050,1
31664,1
34192,1
19065,2
15647,1
21180,1
23352,1
22917,1
15667,1
30736,2
30643,1
19689,1
34115,1
23766,1
14615,1
34519,1
26677,1
31849,1
14425,2
18245,1
23954,1
27404,1
17063,1
6874,1
24018,2
31105,2
15257,1
12395,1
17015,2
23871,1
4550,1
19885,1
6350,1
25859,2
33248,1
28939,2
7180,1
24717,1
23327,1
12071,1
24201,1
15185,1
24850,2
14940,2
26167,2
7389,1
6314,1
25626,2
12093,1
28246,2
29210,2
30603,2
22581,1
13336,1
24300,2
29171,2
5032,1
31241,2
7643,1
15894,1
27336,1
22250,1
34410,2
30474,2
21639,1
25302,1
28114,1
23690,1
24123,1
2986,1
19352,1
25123,1
16161,1
22148,1
19314,2
26473,1
11323,1
14172,1
3512,1
18508,1
34765,1
23434,1
8431,1
7449,1
10506,1
7906,1
9994,1
30066,2
17776,2
32696,1
10802,1
24575,2
18558,2
32051,2
33288,2
16789,1
21374,1
12103,1
14992,1
27319,1
32171,1
10998,1
32507,2
19956,1
32644,1
24356,2
22057,1
34189,1
11056,1
18592,2
10527,1
34554,1
11545,1
8743,1
21959,1
21385,1
19317,2
26732,1
11305,1
28829,1
17973,1
25904,1
6144,1
23970,1
27468,2
33921,2
23588,1
25715,1
31370,2
29923,1
24907,1
13449,1
11537,1
15205,2
5865,1
30180,1
9754,1
30956,1
23711,1
34285,1
5593,1
25294,2
17001,2
17219,1
31778,1
31484,1
21416,2
26563,2
12052,1
8218,1
28021,1
33947,1
15747,1
17342,1
29810,2
23110,1
22397,1
7117,1
7929,1
24715,1
13341,1
34413,1
32973,1
22732,1
25680,1
20492,1
23747,1
12303,1
26290,1
15976,2
30500,1
23494,2
19057,2
4051,1
21895,1
32895,1
20607,1
20640,2
28161,2
26059,2
4050,1
33109,2
27876,2
12648,1
9981,1
32196,1
12590,1
7348,1
20154,2
8140,1
27013,1
25868,2
4005,1
24286,2
32421,2
26731,1
9941,1
24557,1
34200,1
23299,1
16288,1
29610,1
17010,2
15770,1
29841,1
18060,2
17981,1
34120,1
7909,1
17207,1
28821,1
11040,1
12925,1
26227,1
30916,1
19034,1
4793,1
25635,1
16440,1
18534,2
29425,1
19699,1
32519,1
25561,1
16224,1
5872,1
23067,1
4293,1
14150,1
23326,1
21992,1
28882,1
11493,1
15915,1
13050,1
12856,1
17859,1
17815,2
19832,2
26121,2
14619,1
17221,1
32126,2
30866,2
12396,1
24125,1
24581,2
24340,1
13397,1
20386,1
31573,2
19568,2
32438,1
17304,1
33057,1
22815,1
30761,2
23286,1
27099,2
27881,2
10199,1
12914,1
12328,1
15418,1
12134,1
9964,1
25407,2
20656,1
32674,2
19683,1
24402,1
33609,1
23892,1
32447,1
25893,1
18086,1
33347,1
26640,2
7655,1
14094,1
31522,1
19185,1
14640,1
20997,1
27950,1
25181,1
32461,1
12927,1
12031,1
18100,1
31320,1
18551,2
15916,1
25266,2
23422,1
33496,1
21642,1
3798,1
22670,1
32912,1
7901,1
32215,1
22210,1
25788,2
4804,1
14159,2
29176,2
13637,1
17713,1
13068,1
30356,1
15470,2
29880,1
16714,2
34801,1
16994,2
22995,1
10715,1
21873,1
33707,1
9451,1
10191,1
26218,1
31499,1
3764,1
22665,1
22951,1
28167,2
23553,1
6927,1
32326,2
3509,1
28012,1
11266,1
27054,1
32197,1
14207,1
25568,1
18644,1
14175,1
23344,1
19118,2
25756,1
8963,1
12599,1
10819,1
13656,1
25912,2
29940,1
34727,1
10834,1
26156,1
23969,1
29727,2
5368,1
24589,2
11317,1
9473,1
21213,1
22584,1
30338,2
26038,2
16934,1
32191,1
9766,1
11310,1
24342,1
17787,1
30982,1
30068,2
14961,1
20342,1
31085,2
24828,2
27378,2
15278,1
17008,1
33181,1
13852,1
9756,1
22913,1
23470,1
6920,1
23256,1
13559,1
10774,1
33610,1
16234,2
19053,2
14490,1
26353,2
7880,1
9794,1
31024,2
27936,2
15938,1
17794,2
21612,1
26130,2
20196,1
17055,1
6918,1
24520,1
5075,1
12120,1
17819,2
34421,2
20123,1
30983,2
34614,1
4252,1
16429,1
8494,1
22393,1
6864,1
30334,2
18645,1
33839,1
16819,1
11847,1
34806,1
29855,1
26379,2
27683,2
23759,2
32059,1
32204,1
9545,1
26807,1
33185,1
7623,1
20425,2
13093,1
30621,1
20586,1
26712,1
12095,1
12656,1
12632,1
20204,1
15727,2
11586,1
20695,1
8907,1
12148,1
4560,1
15001,1
25383,1
27715,2
30890,1
34648,1
13304,1
21673,2
28617,1
27244,1
27518,1
17287,2
15776,1
22993,1
21864,1
11030,1
28099,1
23589,1
22992,1
12780,1
22212,1
32616,2
25121,1
28309,1
19958,1
16435,1
24921,1
21417,2
19299,1
29946,1
16523,1
34409,2
20922,1
19567,2
8742,1
34205,1
34703,2
31130,1
20387,1
32314,2
18339,2
30691,1
25256,1
10308,1
16800,1
19922,1
20584,1
25170,1
18643,1
18266,2
22727,1
11515,1
20693,1
27271,1
20616,2
30069,2
19438,1
26715,1
25237,1
6124,1
14414,1
34345,1
31527,1
22031,1
32663,1
19051,2
22326,1
18149,1
29204,2
34374,1
15250,1
6924,1
8923,1
24093,2
17487,2
23085,1
18027,2
31078,2
29825,1
23624,1
22003,1
13690,1
33068,2
17623,1
32640,1
21487,1
3270,1
32459,1
32297,1
29755,2
22281,1
27990,2
8214,1
23798,2
6641,1
10987,1
6130,1
29193,1
33978,1
9178,1
6061,1
21497,1
10462,1
21263,1
9808,1
23772,1
29463,2
31922,1
15277,1
33151,1
21116,1
15758,1
23805,2
29137,1
9505,1
8753,1
24591,2
33482,1
26057,2
34673,2
18780,1
26483,1
34118,1
8495,1
20978,1
5093,1
16567,1
11606,1
28834,1
31006,1
19804,1
30355,1
29240,1
21545,1
30609,1
22387,1
7679,1
16727,2
31605,2
15016,1
29829,1
33190,1
31632,2
10325,1
22459,2
24768,2
21226,1
16210,2
7367,1
18094,1
17620,1
22755,2
22171,1
19384,2
32179,1
18879,1
19432,1
4521,1
28358,1
13696,1
27691,1
24254,1
32451,1
11893,1
4020,1
19874,1
17476,1
26946,2
28794,1
30112,1
33253,1
10203,1
31748,1
15447,1
11544,1
20233,1
34283,1
13431,1
33390,2
23024,2
27768,1
17483,2
26282,1
8156,1
11354,1
29321,1
4034,1
25080,2
27352,2
7621,1
4533,1
19133,1
29259,2
26816,1
26308,2
3253,1
22137,1
25763,1
23843,2
25966,1
30703,1
19407,1
27839,1
33176,2
34131,1
13964,1
9805,1
21682,1
34443,2
9192,2
5863,1
19296,1
24916,1
29393,1
27695,1
24304,2
24592,2
21156,2
10972,1
32202,1
32958,1
26639,2
23000,1
23031,1
27166,2
22456,2
13636,1
15782,1
25596,2
10004,1
32772,1
34358,1
16698,1
8949,1
24200,1
7193,1
26041,1
22255,1
15143,1
30809,2
12792,1
24403,1
22258,1
24377,1
34781,1
18543,2
29751,2
29694,2
33617,2
9774,1
26567,2
29443,1
19600,1
25321,2
31361,2
24197,1
12155,1
19982,2
31178,1
9486,1
7095,1
27613,2
25178,1
22390,1
18313,2
20126,1
24926,1
10828,1
18133,1
28355,1
19842,2
20317,1
26941,1
31549,2
17047,1
22847,1
21958,1
14243,1
12568,1
32249,1
22466,1
6125,1
31016,2
14610,1
16584,1
29924,1
16446,1
18316,2
27198,1
5085,1
29732,2
33741,1
30221,1
12111,1
16493,2
17972,1
28891,1
32961,1
27692,1
33100,2
21749,1
12382,1
18617,1
18324,2
15780,1
16812,1
17216,1
20236,1
18011,2
16192,2
5551,1
23964,1
31660,1
31835,2
9246,1
23579,2
9962,1
19674,1
18311,2
22431,1
33386,2
6621,1
25254,1
28515,2
19347,1
27382,2
7347,1
34122,1
27964,2
17491,2
32680,2
31312,2
27786,1
22693,1
26830,2
23836,2
8176,1
23006,2
9006,1
4266,1
17622,1
25172,1
22802,1
17326,1
31608,2
28405,1
9531,1
29782,2
28030,1
29274,2
22844,1
14134,1
26616,2
34332,1
31593,2
10473,1
33107,1
19844,2
30954,1
12042,1
19964,1
3547,1
27377,2
32310,2
15968,1
16524,1
22490,2
9978,1
30447,1
29553,2
33095,2
21949,1
27736,2
5287,1
11048,1
17362,1
18297,2
26087,1
25567,1
19696,1
20124,1
5356,1
14740,1
20432,1
25602,2
29074,1
12028,1
27094,2
13707,1
12338,1
29828,1
22246,2
29049,1
30257,2
21343,2
6323,1
22435,1
4778,1
17870,1
23189,1
21377,1
12354,1
33872,1
11522,1
8892,2
27226,2
8142,1
34622,2
10015,1
22444,1
4038,1
26868,1
22843,1
20127,1
14404,1
15636,1
33199,2
16815,1
27188,2
12276,1
6834,1
27766,1
7159,1
28426,2
12790,1
22975,2
20472,1
16818,1
14898,1
26757,1
14458,1
29446,1
22497,2
6895,1
31576,2
22929,1
22589,1
15712,2
5326,1
20247,1
31415,1
25175,1
19457,1
22738,1
25953,1
5304,1
28838,1
27603,1
16802,1
29584,1
23828,1
6336,1
15454,2
31496,1
33908,2
23038,1
8393,1
31606,2
27221,2
22276,1
14678,2
4024,1
24458,1
27229,1
28533,1
28376,1
6661,1
20379,1
32667,1
27079,2
27159,2
12051,1
29003,2
20394,1
27386,2
3778,1
18848,2
19923,1
17789,2
19320,2
9445,1
15025,1
34234,1
11854,1
21772,1
4308,1
17506,2
23748,1
24295,1
19563,1
23316,2
7184,1
28417,2
10324,1
26652,1
32165,2
8188,1
12534,1
16244,2
14362,1
20512,1
15021,1
22949,1
11517,1
10488,1
21396,1
20316,1
33655,2
25419,1
27895,2
25072,1
12065,1
14398,1
10816,1
30745,1
18129,1
14704,1
34516,1
26984,1
27590,1
18854,2
11252,1
26944,2
24605,1
4018,1
11774,1
19646,2
29332,1
13685,1
6917,1
21088,1
31264,1
15443,1
25027,1
14381,1
28644,1
24112,1
8429,1
21484,1
10257,1
4014,1
33930,1
17596,1
15921,1
31118,2
20974,1
24263,1
25791,2
18258,1
8744,1
9722,1
25798,2
31240,1
27684,2
33997,1
24211,1
28651,2
15469,2
33657,2
9229,1
34435,2
22816,1
17038,2
23095,1
21613,1
26017,1
24826,2
9250,1
19130,1
32561,1
24467,1
22650,1
32543,2
14760,1
32578,2
7943,1
21526,1
32254,1
6595,1
28664,1
7868,1
25696,1
30345,2
22193,2
9493,1
34250,1
22129,1
15432,2
4015,1
13711,1
14906,1
27259,1
32388,1
17020,2
25681,1
23302,1
33063,2
21752,1
34362,2
20999,1
34688,1
33197,2
29255,2
26561,1
4546,1
13405,1
4843,1
27101,2
15175,2
12283,1
29617,1
20507,1
28370,1
21723,2
4528,1
24056,2
23465,1
12057,1
18019,2
24312,2
24465,1
11363,1
27503,1
31744,1
34191,1
29403,1
33371,2
28522,1
12273,1
31938,1
11099,1
7448,1
7195,1
19610,1
10757,1
17264,1
26305,2
18830,2
28961,2
29416,1
25037,1
26926,2
19436,1
9481,1
30802,1
16841,1
18548,2
25421,1
24400,1
17470,1
21265,1
20956,1
30330,2
33869,1
32039,1
34072,1
28981,1
5363,1
23887,1
12538,1
16712,2
11799,1
30705,1
31371,2
11039,1
27991,2
26477,1
10580,1
21882,1
32189,1
26350,1
33677,1
11062,1
25782,1
30579,2
29966,1
25112,2
30306,2
20322,1
22145,1
10833,1
11331,1
19853,2
14645,1
12010,1
7700,1
10275,1
29098,1
26434,2
17249,2
17240,2
25496,1
15434,2
12520,1
20078,1
27499,1
27167,2
29336,1
26870,1
32987,1
32715,1
4261,1
15527,1
33834,1
7875,1
20336,1
25684,1
14929,1
17515,2
34044,1
31417,1
33469,2
20930,1
11312,1
27664,2
15273,1
27980,2
22719,2
19867,1
20573,1
20864,1
21405,2
27203,2
32532,1
33809,1
23089,1
15416,1
28148,1
6138,1
19652,1
13823,1
31538,2
13860,1
24196,1
10719,1
15969,1
14907,1
27597,1
9807,1
32562,1
18629,1
15116,1
19787,1
9692,1
27199,1
21713,2
24455,1
25194,1
29809,2
3801,1
16207,2
32903,1
9707,1
5547,1
19614,1
18759,1
20733,1
16032,1
34821,1
33710,1
24145,1
10990,1
31933,1
33836,1
18259,1
5836,1
16053,1
12633,1
11747,1
17238,2
10052,1
26333,2
19134,1
24526,1
27851,1
14429,1
30741,1
17714,1
27428,2
16451,2
11622,1
12366,1
14759,1
18317,2
28885,1
26857,2
30368,1
9261,1
8174,1
8486,1
26490,1
23488,2
19398,1
20593,1
13053,1
29765,1
16164,1
17538,2
16840,1
4305,1
33501,1
24395,1
9013,1
33316,1
22301,1
22723,2
24489,2
30817,2
30895,1
17193,1
9718,1
15134,1
32959,1
29429,2
15767,1
27861,1
25369,2
8147,1
15237,1
14874,1
23249,1
34700,2
9963,1
20898,2
34366,2
30392,1
34759,1
26605,1
27638,2
19619,2
24635,1
9278,1
14856,1
23757,2
8485,1
8476,1
21697,1
32643,1
33625,2
21000,1
17232,2
16194,2
34756,1
15123,1
29976,1
23943,1
8405,1
10588,1
29290,2
21362,1
26316,2
23949,1
13188,1
15500,1
7710,1
16966,2
28360,1
32004,1
9956,1
24791,1
27275,1
5614,1
26987,1
11567,1
28765,2
31850,2
20453,1
21460,2
19174,1
23101,1
31250,1
15686,1
20957,1
10320,1
26318,2
21786,1
27452,2
20678,2
29691,2
29133,1
23162,1
24249,1
30397,1
34763,1
11509,1
8675,1
25570,1
29827,1
28265,1
17540,2
31634,2
17352,1
12407,1
33709,1
19603,1
33471,2
29583,1
29798,2
33891,2
16748,1
30716,1
21650,1
27995,2
13628,1
19979,1
25316,2
3747,1
26297,1
33382,1
18637,1
25433,1
27427,2
31157,1
6365,1
16056,1
33033,1
8163,1
17262,1
30443,1
18778,1
13082,1
24269,2
34084,1
24050,2
23243,2
21266,1
10558,1
19085,1
32914,1
5613,1
32520,1
30476,2
14371,1
33558,1
7607,1
20116,2
8392,1
14673,1
15788,1
22491,1
16777,2
25326,2
28933,2
24117,1
19883,1
27164,2
30176,1
23814,1
25607,2
24252,1
11357,1
22249,1
15993,2
14694,1
18400,1
29715,1
18895,1
17627,1
32069,2
3794,1
23432,1
10323,1
25828,1
12646,1
25012,2
18253,1
33889,2
28111,1
28827,1
21785,1
12895,1
24047,2
27461,2
32034,1
7717,1
14669,1
21534,1
15545,1
32542,2
31866,2
6101,1
30704,1
30884,1
26577,2
23315,2
30217,2
33692,1
15955,2
17525,1
30181,1
34599,1
31609,2
23829,1
20314,1
28199,2
33505,1
13882,1
14465,1
31587,1
34701,2
34611,1
31478,1
28295,1
15975,2
16439,1
28512,2
22261,1
31671,1
8171,1
26876,2
13123,1
32516,1
12408,1
25040,1
31633,2
24661,1
29604,1
26692,2
24324,2
32278,1
13564,1
20722,1
31357,2
18583,2
4812,1
22698,1
30067,2
23585,1
10256,1
31356,2
20459,1
23460,1
20758,1
33451,1
24861,1
6930,1
9979,1
25134,2
27617,2
29821,1
13903,1
6670,1
28277,1
26729,1
28389,2
21793,1
34092,1
18582,2
17845,1
28203,2
33042,1
20388,1
28274,1
33516,1
10844,1
30342,2
33473,1
10244,1
4577,1
24577,2
27887,2
17833,1
17084,1
21493,1
31337,2
12034,1
26874,2
18138,1
8668,1
30045,2
30823,2
18062,2
13148,1
32013,1
26646,2
20173,1
24126,1
33171,1
21983,2
20660,1
6313,2
24849,2
12634,1
14086,1
31358,2
29831,1
32449,1
3765,1
33457,2
14345,1
26183,2
24990,1
19079,2
12110,1
8455,1
23309,1
24478,1
28505,2
16317,1
17195,1
32960,1
32915,2
21095,1
17284,2
30094,1
25360,2
26335,2
31742,1
33354,2
24401,1
21446,2
8687,1
26894,2
25391,2
24645,1
10465,1
19095,2
25825,1
8423,1
5834,1
16183,1
18014,2
19602,1
23870,1
11859,1
34429,2
28905,1
8662,1
19629,2
28172,2
16938,1
8759,1
25905,1
17370,1
26609,1
25011,2
32289,1
8671,1
14917,2
24470,1
15491,1
13455,1
29285,2
7687,1
28495,2
21229,1
33108,2
14181,1
12626,1
17750,2
21676,2
5301,1
33935,1
27710,2
11531,1
28888,1
18242,1
28105,1
13620,1
25312,2
17027,2
25010,2
22156,1
29697,2
12798,1
25262,1
3756,1
24022,2
25105,2
16273,1
20343,1
18367,1
24885,2
14968,1
14699,1
15117,1
25325,2
16790,1
26177,2
17069,1
31782,1
20223,1
9737,1
17077,1
15978,2
31237,1
3745,1
5583,1
29962,1
26580,2
4026,1
26610,1
23806,2
13629,1
31790,2
32351,2
25099,2
8729,1
11565,1
21151,2
24622,2
31326,1
23054,1
3797,1
28901,1
31651,1
8956,1
21237,1
32777,1
10467,1
17058,1
27321,1
18412,1
23546,2
28475,1
14901,1
32611,2
26565,2
31647,2
24733,1
15991,2
32546,2
30023,1
21179,1
19145,1
27380,2
21504,1
11999,1
23046,1
14939,2
18557,2
13057,1
10281,1
31081,2
12650,1
33870,1
5293,1
32512,1
11778,1
34686,2
14435,1
14489,1
30584,2
29843,1
18513,1
16015,1
20949,1
25665,2
29410,1
26222,1
11588,1
28247,2
10310,1
9234,1
20405,1
4287,1
24019,2
14871,1
28612,1
32650,1
17363,1
12353,1
24991,1
32187,1
23451,1
3520,1
23181,1
25174,1
13603,1
8483,1
29091,1
23741,1
28395,2
21510,1
8988,1
8733,1
9497,1
20674,2
34440,2
28223,2
9450,1
6357,1
23513,1
29095,1
33075,1
22140,1
17366,1
29277,2
25511,1
13444,1
21876,1
26893,2
27158,2
27737,2
20166,2
24651,1
21420,2
33201,2
22132,1
13843,1
11280,1
4052,1
25706,1
19381,2
30503,2
25275,2
22479,1
29408,1
30491,1
28813,1
26965,2
23018,2
34339,1
25617,2
16266,1
11286,1
16276,1
26066,2
6606,1
34302,1
24786,1
31994,1
23607,1
21003,1
34174,2
28317,1
29444,1
9675,1
30135,1
30561,2
16267,1
26114,2
24880,2
24227,1
29177,2
4810,1
28523,1
17012,2
11288,1
28502,2
33092,1
24498,2
27471,2
32686,2
16265,1
34098,1
31701,1
15282,1
29146,1
25603,2
23959,1
29917,1
20049,1
34179,2
8672,1
18034,2
12783,1
29677,1
34434,2
10779,1
28751,2
16820,1
30303,2
27003,1
24136,1
29948,1
3779,1
12004,1
13360,1
7369,1
23597,1
28528,1
23420,1
19714,1
32767,1
31959,1
19618,2
10302,1
13571,1
23495,2
14107,1
27772,1
26962,2
30388,1
27363,2
26634,2
16736,2
30352,1
7933,1
13616,1
8643,1
14616,1
22530,1
23274,2
19801,1
27690,1
17045,1
22813,1
12333,1
15965,1
31511,1
17082,1
22817,1
22923,1
29963,1
5102,1
16253,2
9752,1
21603,1
29266,2
31212,1
29792,2
32525,1
23860,1
29304,1
9504,1
15917,1
16477,2
11035,1
12546,1
5848,1
11850,1
6064,1
22642,1
8948,1
17348,1
13109,1
32143,1
11536,1
31374,2
15547,1
11816,1
7102,1
32534,1
13681,1
32194,1
18538,2
21184,1
5031,1
26813,1
22512,1
5295,1
22724,1
17479,1
23881,1
18919,1
32872,2
22831,1
15950,2
23939,1
33954,2
19609,1
6835,1
16809,1
18406,1
33586,2
14417,2
18270,2
9222,1
18318,2
7398,1
16005,1
27320,1
25122,1
15510,1
11071,1
25141,2
27168,2
5883,1
11502,1
22421,1
34132,1
25249,1
27983,2
31245,2
26138,2
26720,1
24976,1
18494,1
8427,1
15784,1
17289,2
12886,1
6340,1
24024,2
25810,2
30038,2
13889,1
21438,1
24995,1
14717,1
16821,1
13935,1
7703,1
29707,1
26309,2
14867,1
16978,2
22463,2
33439,1
31752,1
21521,1
23423,1
6611,1
14951,1
9470,1
16270,1
20197,1
9721,1
29006,2
5599,1
26620,2
33823,1
14876,1
21193,2
32668,2
31049,2
27456,2
23973,2
23294,1
24531,2
20128,1
21007,1
11820,1
31756,1
5546,1
11105,1
14402,1
18932,1
32904,1
27116,2
30457,1
33402,2
11511,1
32318,2
16198,2
8647,1
25849,2
19128,1
27215,2
15981,2
18550,2
11023,1
16289,1
24103,2
31274,2
8676,1
28738,2
33595,1
22648,1
31256,2
20648,1
8908,1
26112,2
27216,2
22429,1
11840,1
19957,1
33097,2
23945,1
31435,1
26195,1
23178,1
23723,1
19431,1
6898,1
15483,1
26949,2
28422,2
24792,2
31546,2
15956,2
24344,1
19535,1
26933,1
26443,2
24842,2
23944,1
32896,1
12315,1
7400,1
25352,2
30312,2
9798,1
16985,1
24464,1
34019,1
34740,1
3752,1
10062,1
5335,1
10452,1
25802,2
32679,2
22485,2
18128,1
17256,2
16745,1
10009,1
17320,1
32116,2
17214,1
28951,2
15455,2
34770,1
18565,1
18139,1
3771,1
21475,1
9223,1
27762,1
17586,1
16959,1
28946,2
14105,1
29651,1
20609,1
21251,1
14486,1
23200,1
11875,1
18531,2
32991,1
13956,1
15412,1
20701,1
19941,1
21994,1
31680,1
17005,1
9478,1
21388,1
24903,1
31215,1
6093,1
20470,1
20692,1
4569,1
20600,1
8182,1
16467,2
17030,2
31989,1
4023,1
20985,1
22782,1
18349,1
31503,2
33968,1
25840,2
30224,1
20705,1
12855,1
14658,1
24091,2
20620,2
20731,1
33310,1
33511,1
29520,2
23868,1
23986,1
4515,1
26904,2
28390,2
16526,1
33714,1
14674,2
7616,1
2725,2
10269,1
14656,2
32151,2
6349,1
32365,1
25890,2
32130,1
19156,1
18119,1
14189,1
7912,1
16060,1
24894,1
25976,1
30606,2
14743,1
30101,1
10729,1
21221,2
27755,1
29693,2
31210,1
16706,2
28955,2
23539,2
27359,2
24630,1
10755,1
29683,1
34377,1
5057,1
10731,1
28483,2
28567,1
30658,1
20464,1
18358,1
19409,1
15740,1
23833,2
19343,1
19161,1
34610,1
32458,1
4532,1
17011,2
28835,1
14922,1
5095,1
29414,1
31545,2
27075,1
27334,1
19817,1
4815,1
18036,2
21133,1
24754,2
34649,1
23065,1
16496,2
17286,2
27645,2
18025,2
24748,2
18927,1
31071,2
4268,1
29043,1
24337,1
15428,2
16215,2
14232,1
12405,1
32344,2
26647,2
25133,2
34733,2
30126,1
32979,1
31221,1
20973,1
17749,2
19450,1
33850,2
14460,1
14167,1
32782,1
22319,1
20118,2
25164,1
9186,1
4777,1
18864,1
29350,1
14356,1
24499,2
27163,2
34076,1
13896,1
19896,2
32637,1
32805,2
24070,1
20449,1
21932,2
30626,1
16312,1
18326,2
10735,1
20744,1
16750,2
30748,1
9757,1
11780,1
24620,2
29342,1
19880,1
4561,1
24292,1
8375,2
18805,2
31833,2
9947,1
22285,1
17026,2
9469,1
30374,1
25451,1
22518,1
17589,1
31278,2
34743,1
24217,1
33879,2
15381,1
6353,1
32038,1
33959,1
24368,1
20671,1
23203,1
22851,1
30577,2
23763,2
12345,1
18861,2
17733,1
32833,2
27460,2
14115,1
19278,1
22845,1
16964,2
11540,1
17114,1
31677,1
19350,1
26718,1
19088,1
20133,1
29844,1
11804,1
7106,1
25427,1
4009,1
13661,1
25929,1
24576,2
18787,2
33548,2
23183,1
18336,2
6584,1
26180,2
4839,1
21413,2
13589,1
10514,1
29214,2
23781,2
29292,2
30728,1
23517,1
23509,1
9693,1
22028,1
29302,1
33433,1
26659,2
17486,2
8411,1
14648,1
15684,1
29824,1
17460,1
20681,2
16965,2
28024,1
16443,1
17269,2
8973,1
34008,1
10012,1
8985,1
28157,2
29081,1
25931,1
21998,1
25661,2
19197,1
11329,1
28005,1
31467,1
24720,1
9461,1
28145,2
14463,1
22133,1
23486,2
26863,2
18380,1
19052,2
28394,2
31135,1
28146,1
23979,1
23463,1
8415,1
16768,2
27012,1
6925,1
14741,1
13198,1
8901,1
19173,1
32665,1
34613,1
30740,1
11552,1
7923,1
24593,2
14732,1
18118,1
8981,1
29054,1
16579,1
34102,2
28956,2
21200,2
33643,2
27180,2
6343,1
15202,2
31367,2
7405,1
19613,1
13166,1
21204,2
14391,1
24386,1
21706,2
12782,1
13634,1
10518,1
28038,1
33717,1
27389,2
22588,1
26068,2
24258,1
25334,1
13680,1
31693,1
5352,1
17191,1
20645,1
28973,2
22230,2
13666,1
8196,1
20181,1
32623,1
22517,1
32155,2
14459,1
12809,1
11289,1
10215,1
22423,1
22833,1
30136,1
20239,1
8184,1
21863,1
6644,1
15269,1
2994,1
20416,2
17782,2
23007,2
33861,1
18564,1
16951,1
26934,1
16751,2
29197,2
6388,1
11497,1
17568,1
24637,1
6609,1
17616,1
31492,1
27618,2
30509,2
12549,1
28032,1
25039,1
25658,2
13587,1
20232,1
16835,1
33934,1
11525,1
11098,1
30563,2
4323,1
24501,2
31482,1
4021,1
14706,1
33846,2
33411,1
30721,1
30730,2
7355,1
16326,1
18628,1
11818,1
25669,1
12007,1
33466,2
19097,2
25514,1
34014,1
24216,1
31386,2
31388,2
25389,2
30764,2
10207,1
9699,1
29087,1
13132,1
29701,1
30216,2
32992,1
29705,1
5299,1
21529,1
12000,1
28053,1
29447,1
28936,2
7903,1
14224,1
5627,1
19910,1
34715,1
34365,2
30739,1
7447,1
28403,1
21174,1
33211,2
9729,1
31469,1
21728,2
11867,1
10551,1
9688,1
28407,1
19153,1
20572,1
15406,1
17591,1
19380,2
5590,1
26730,1
30855,2
25612,1
22575,1
10485,1
34619,1
7426,1
22197,2
29959,2
5596,1
34593,1
22685,1
31498,1
13720,1
32812,1
10512,1
15279,1
21390,1
11846,1
29283,2
34543,1
31497,1
20120,1
33154,1
28559,1
23875,1
10475,1
5548,1
4846,1
15234,1
20357,2
24838,2
22513,1
19677,1
9276,1
20096,2
28759,2
16478,2
8216,1
17566,1
19628,2
21122,1
21965,2
23212,1
33036,1
26794,2
23011,2
26839,2
18387,1
19349,1
16775,2
22675,1
32684,2
13671,1
26753,1
25806,2
18076,2
16054,1
18300,2
12279,1
30295,2
34081,1
9215,1
26811,1
11849,1
26287,1
23438,1
12322,1
19306,2
26325,2
23098,1
6841,1
29804,2
34646,1
21141,2
14502,1
16174,1
26537,1
8399,1
21505,1
27454,2
4547,1
30099,1
17718,1
16587,1
30201,1
12372,1
17592,1
34555,1
6830,2
7664,1
22464,1
10448,1
31675,1
20335,1
18325,2
22136,1
33745,1
21368,1
13438,1
10786,1
10054,1
11782,1
28456,2
18071,2
33925,1
34292,1
13841,1
31548,2
17307,1
22451,2
9534,1
30856,2
27882,2
30316,2
19152,1
19949,1
28209,1
17025,2
30322,2
12892,1
25069,1
22931,1
18549,2
22389,1
18031,2
18123,1
22946,1
24346,1
27064,1
15538,1
17535,2
17107,1
26812,1
18411,1
6648,1
16737,2
29077,1
33332,1
31839,1
15897,1
34630,2
20699,1
34281,1
34682,2
21281,1
18671,1
18081,2
6576,1
18929,1
22699,1
25050,1
24619,2
31329,1
15539,1
5297,1
24209,1
15533,1
30430,1
23088,1
19039,1
26023,1
15685,1
25537,2
34169,2
24586,2
33979,2
12053,1
3251,1
5862,1
10304,1
32639,1
18584,2
7430,1
11301,1
32100,2
32284,2
22147,1
25409,1
14738,1
6847,1
30851,2
34452,1
31019,2
21538,1
32648,1
28744,2
32609,2
22138,1
24077,1
10300,1
28016,1
28880,1
17864,1
33252,1
5887,1
22453,2
11274,1
30084,1
32553,1
13676,1
33605,1
22554,1
32114,2
8460,1
27685,2
22556,1
32691,2
31213,1
33772,1
7419,1
11350,1
19019,1
29531,2
15018,1
21871,1
34475,2
34068,1
28689,2
23190,1
15781,1
24215,1
13409,1
30797,2
28931,1
15486,1
16285,1
30296,2
13042,1
10293,1
16564,1
16718,2
19010,1
27595,1
34502,1
10549,1
31992,1
22540,1
18601,2
28391,2
7612,1
18049,1
11005,1
30863,2
33614,1
26063,2
29326,1
19812,1
32813,1
23807,2
29435,2
7959,1
17083,1
25411,1
25289,2
11318,1
16238,2
18661,1
21906,1
8234,1
33735,1
33220,1
17451,1
7661,1
17720,1
21344,1
21711,2
27578,1
34544,1
8979,1
34800,1
11744,1
25151,1
30299,2
32902,1
8751,1
14384,1
34680,2
32797,1
4539,1
21695,1
9960,1
15772,1
26905,2
6134,1
33667,1
7883,1
29341,1
33079,1
10309,1
20657,1
32784,1
12412,1
8684,1
12411,1
22645,1
32346,2
7100,1
19023,1
27230,1
20404,1
16419,1
7606,1
13439,1
23450,1
30272,2
32837,2
15948,2
14413,1
3009,2
11595,1
4544,1
16048,1
26656,1
25513,1
19419,1
25613,1
13165,1
4831,1
22220,1
9968,1
15919,1
29477,1
27959,1
11864,1
14910,2
6839,1
12663,1
25689,1
32783,1
12785,1
33603,1
25620,2
26755,1
27941,2
20439,1
25372,2
19864,1
18155,1
10454,1
19690,1
25006,2
20686,2
21750,1
10994,1
5572,1
22950,1
20084,1
27913,2
25573,2
28432,2
26978,1
10556,1
11753,1
25062,2
27745,1
33440,1
30246,2
27344,2
34777,1
17777,2
33138,2
13339,1
17877,1
10316,1
20146,1
11365,1
34741,1
30819,2
31659,1
24879,2
28721,2
29708,1
34090,1
13377,1
18828,1
31239,1
32248,1
34363,2
31056,2
16510,2
11785,1
30873,1
25883,2
34808,1
28509,2
14670,1
23469,1
32688,2
22048,1
13904,1
25055,2
12557,1
29660,1
13700,1
14500,1
17223,1
27195,1
15924,1
34803,1
20947,2
22303,1
8417,1
18667,1
20703,1
28109,1
22307,1
28925,1
14652,2
28816,1
29967,1
14203,1
32309,2
21022,1
8138,1
24069,1
10564,1
15926,1
30331,2
13187,1
12369,1
16011,1
23891,1
21663,2
27005,1
15207,2
34794,1
24307,2
20455,1
30792,2
12820,1
18490,1
18006,2
13395,1
21922,1
11880,1
5349,1
27488,1
32018,1
21273,1
9711,1
31066,1
7907,1
24518,1
18875,1
20203,1
25858,2
30458,1
12600,1
29916,1
26621,2
10037,1
26342,2
17556,2
8910,1
7372,1
30210,2
32907,1
17728,1
15127,1
6327,1
23298,1
25375,1
15672,1
27350,2
8125,2
25524,2
29062,1
20428,1
29300,1
27538,1
32899,1
21382,1
29548,2
9274,1
33330,2
28757,2
19879,1
4022,1
22384,1
19798,1
24517,1
29979,1
27058,1
5078,1
27965,2
21768,1
21157,2
13173,1
5290,1
33167,1
4057,1
15980,2
34241,1
26356,2
7633,1
34501,1
8677,1
18779,1
16007,1
24040,1
19289,1
25862,2
31372,2
3233,1
19383,2
30270,2
13390,1
13884,1
28141,2
32266,1
5876,1
13330,1
12826,1
24111,1
10464,1
33087,1
32689,2
17731,1
18626,1
15907,1
4769,2
28414,2
16550,1
30837,2
14858,1
25569,1
25855,2
32829,2
20495,1
21763,1
16012,1
6372,1
22408,1
29349,1
20199,1
23620,1
9796,1
9760,1
25879,2
20137,1
12037,1
11789,1
25009,2
11879,1
5841,1
23109,1
25688,1
34194,1
5542,1
23003,2
20399,1
19374,2
16320,1
14889,1
8708,1
26728,1
25057,2
12334,1
17727,1
16944,1
31473,1
26914,1
23582,2
27189,2
8113,2
20176,1
27599,1
28836,1
16432,1
34356,1
29913,1
24055,2
10190,1
21241,1
15774,1
22265,1
31759,1
17049,1
21397,2
23229,2
24853,2
34652,1
5621,1
11845,1
8397,1
16003,1
12816,1
18571,2
18074,2
31682,1
25127,2
14089,1
25924,2
23453,1
24782,1
20493,1
31534,2
25073,1
11853,1
17560,2
14862,1
33424,1
18355,1
24785,1
31575,2
32418,2
10241,1
33730,2
32313,2
13868,1
14677,2
30542,1
23478,1
23936,2
29711,2
13096,1
13047,1
13373,1
18332,2
23614,1
11265,1
32846,1
14715,1
22292,2
32175,1
12797,1
20477,1
15468,2
20202,1
4538,1
23874,1
17572,1
13635,1
17029,2
26983,1
28276,1
11001,1
23323,2
31055,2
10710,1
27976,2
6055,1
27749,1
5051,1
30854,2
12883,1
9017,1
18652,1
32612,2
22774,1
28152,2
12573,1
25158,1
33776,1
27062,1
4797,1
17474,1
30398,1
16723,1
30024,1
7917,1
24370,1
34287,1
3792,1
28917,2
30727,1
12818,1
12857,1
23790,2
6619,1
20924,1
17582,1
29190,1
17612,1
10829,1
28889,1
18823,1
9762,1
34695,2
31368,2
30231,2
23220,1
12399,1
13139,1
24902,1
30959,1
31064,1
12920,1
18403,1
10058,1
34494,1
24332,1
32389,1
20467,1
13383,1
18398,1
24617,2
16823,1
24067,2
34482,1
24837,2
30465,1
32050,2
20318,1
4257,1
10510,1
30220,1
23265,2
18581,2
21515,1
13831,1
34123,1
31669,1
6094,1
21671,2
33458,2
30337,2
21402,2
20856,1
23283,2
32906,1
19932,1
30370,1
24413,1
11760,1
21692,1
22192,2
29606,1
25150,1
32206,1
24627,2
6345,1
22035,1
17841,1
33939,1
20140,1
10981,1
22460,2
19672,1
33497,1
27111,2
27682,2
19713,1
27327,1
16732,2
10247,1
6077,1
16798,1
20063,1
26958,2
27196,1
21936,2
12262,1
12391,1
9155,2
26349,1
24777,1
17484,2
34116,1
31808,1
33246,1
8657,1
32741,1
31888,2
32875,2
26943,1
32928,1
5623,1
15505,1
17528,2
12784,1
30725,2
15799,1
26668,2
20110,2
17328,1
30806,1
28366,1
25251,1
26071,2
10055,1
27124,2
18263,2
27536,1
21162,1
12152,1
4553,1
21191,1
30857,2
17795,2
17099,1
27962,2
25856,2
17204,1
21627,1
20435,1
7713,1
32781,1
32117,2
19443,1
21756,1
16955,1
24033,1
17602,1
20395,1
34455,1
28094,1
31937,1
33577,1
14749,1
12368,1
4288,1
14649,1
24537,2
23199,1
26154,1
14927,1
21940,2
12537,1
15722,2
16468,2
33704,1
25418,1
23436,1
20740,1
25592,1
11016,1
25533,2
26084,1
15020,1
11891,1
25673,1
16786,1
11361,1
22007,1
32615,2
33912,2
28995,1
32455,1
17295,2
17873,1
29270,2
26476,1
10018,1
32994,1
32096,2
27183,2
23886,1
12077,1
33678,1
34758,1
25056,2
21715,2
23084,1
24566,2
13065,1
30859,2
33431,1
34214,2
21662,2
34264,1
8913,1
31230,1
26411,1
33195,2
13411,1
30191,1
33037,1
17086,1
24146,1
27000,1
28425,2
34606,1
14382,1
12598,1
5338,1
25848,2
21238,1
21090,1
13563,1
31628,2
33312,1
30548,1
26820,1
22433,1
30622,1
10989,1
8652,1
25832,2
13299,1
12519,1
29823,1
12022,1
14108,1
5867,1
4272,1
21371,1
12098,1
22567,1
27885,2
21481,1
18493,1
11263,1
11877,1
20326,1
20747,1
19400,1
28662,1
28310,1
28623,1
13108,1
33691,1
26553,1
28127,2
13917,1
34720,1
24562,2
4814,1
27720,2
16515,2
24078,1
11786,1
16268,1
21689,1
26954,2
34596,1
23789,2
24097,2
33705,1
33967,1
30310,2
29864,1
11746,1
34331,1
22425,1
34006,1
3777,1
22469,1
18079,2
14946,2
13421,1
13343,1
16541,1
11815,1
28107,1
10830,1
19890,2
31644,2
7441,1
23965,1
13197,1
10765,1
31951,1
19371,2
25960,1
23997,1
27917,2
15734,2
7359,1
33616,2
29524,2
33956,2
31870,1
34121,1
10246,1
9177,1
24631,1
26368,2
7652,1
20689,1
23227,2
7442,1
10450,1
7161,1
19594,2
32901,1
33111,2
15464,2
26627,2
12631,1
32563,1
11761,1
21640,1
9789,1
34588,1
19295,1
32287,2
29663,1
7965,1
29820,2
19959,1
18098,1
24527,1
26736,1
8750,1
21759,1
19144,1
10481,1
13352,1
20471,1
11621,1
14122,1
29492,2
22534,1
15138,1
16180,1
21208,1
10003,1
14965,1
33758,1
22568,1
6869,1
14503,1
34386,1
20749,1
25453,1
16680,1
13669,1
14143,1
22537,1
10023,1
4299,1
25821,1
16177,1
15022,1
15787,1
32710,1
27582,1
32647,1
15928,1
30332,2
22211,1
31804,2
28095,1
13865,1
33046,1
33674,1
21114,1
20950,1
26194,1
11750,1
11042,1
30718,1
32434,1
4315,1
34607,1
22289,2
31506,1
29813,2
20619,2
19417,1
28484,2
27922,2
34811,1
33462,2
27577,1
30102,1
17846,1
23332,2
31122,2
12525,1
28985,1
24563,2
31533,2
16474,2
27219,2
12009,1
30229,2
31635,2
9792,1
29066,1
10254,1
30427,1
34724,1
22785,1
26044,2
27790,1
7714,1
30533,2
4278,1
9939,1
14877,1
13941,1
17774,2
29654,1
8983,1
31137,1
25766,1
34639,1
24488,2
18312,2
28994,1
28106,1
24758,2
10788,1
14859,1
32466,1
22765,2
29147,1
23542,2
34105,2
6361,1
31616,1
4774,1
30766,2
17359,1
23694,1
4319,1
28717,2
4516,1
30243,1
28303,1
25671,1
32977,1
13457,1
29764,1
12289,1
10297,1
12023,1
24985,1
21616,1
16992,2
30242,2
7137,1
23799,2
12814,1
32058,2
27502,1
9190,1
32423,2
10544,1
9532,1
19332,2
22740,1
32003,1
11772,1
32444,1
17323,1
13372,1
10209,1
18280,2
13601,1
18056,2
34641,1
6081,1
29464,2
33427,1
24726,1
11340,1
15998,1
31874,1
31360,2
26298,2
18820,1
32014,1
28133,2
18585,2
34305,1
20768,1
17054,1
33746,1
29675,1
25703,1
19809,1
15243,1
30028,1
28661,1
26184,2
24549,1
24979,1
10294,1
20185,1
30208,1
17235,2
26851,2
15281,1
30116,1
18040,2
33660,2
20714,1
29712,2
11808,1
23728,1
7370,1
21530,1
34108,2
20186,1
9240,1
10250,1
26412,1
20610,1
28728,1
5345,1
25683,1
12072,1
8921,1
30735,2
11483,1
10574,1
32794,1
17992,1
12654,1
25098,2
34023,1
30383,1
20147,1
27778,1
27267,1
28669,1
19942,1
28213,1
24301,2
17215,1
7665,1
13573,1
27440,2
9421,1
14909,2
33992,1
12623,1
12059,1
18054,2
28201,2
20641,1
32285,2
19184,1
28532,1
29549,2
24825,2
31255,2
24359,2
28315,1
26097,2
13362,1
28625,1
33245,1
11080,1
24597,1
21190,1
28175,2
8667,1
22422,1
8929,1
23246,1
7974,1
16176,1
9220,1
34342,1
19428,1
26829,2
34022,1
20055,1
11495,1
9730,1
26913,1
14416,2
22247,2
31920,1
31114,2
19017,1
13845,1
32535,1
23595,1
32391,1
16219,2
17547,2
34195,1
31310,2
33082,1
30834,2
19528,1
29170,2
3496,1
8738,1
12370,1
30070,2
27330,1
33189,1
22194,2
4295,1
18889,1
11249,1
31430,1
20750,1
14468,1
9725,1
28458,2
9259,1
15400,1
27875,2
13312,1
16286,1
33415,1
18231,1
27260,1
31418,1
32721,1
20209,1
13427,1
34172,2
18594,2
17372,1
23013,2
30912,1
34617,1
11044,1
14698,1
5612,1
29267,2
16785,1
10572,1
34170,2
17259,2
13176,1
24578,2
23277,2
19887,1
9955,1
15196,2
10286,1
10292,1
23693,1
27612,2
26746,1
21023,1
21710,2
26224,1
13709,1
6623,1
16711,2
18871,1
16506,2
22715,2
33369,1
8707,1
30611,1
7972,1
32286,1
26754,1
25423,1
8181,1
28911,2
16297,1
30386,1
26291,1
12904,1
22400,1
21223,1
17621,1
33862,1
28044,1
18662,1
20644,1
17461,1
22508,2
21729,1
8496,1
27600,1
27587,1
29426,1
16804,1
20755,1
17982,1
20913,1
21421,2
17018,2
27579,1
26993,1
28952,2
9511,1
34468,1
4513,1
32880,1
18674,1
16229,2
31554,2
31007,2
11791,1
14427,2
9232,1
31008,1
12926,1
21769,1
17458,1
25663,2
34478,2
20161,2
23626,1
19335,2
33456,2
19110,2
33893,1
15518,1
10503,1
6394,1
30111,1
3786,1
29352,1
27703,2
12121,1
24757,2
28556,1
16293,1
22061,1
33830,1
22814,1
9260,1
29577,1
27972,2
13404,1
31740,1
21360,1
34446,1
30616,1
15508,1
32345,2
28565,1
15163,1
23817,1
25445,1
18241,1
27325,1
30759,2
14166,1
31346,2
5855,1
24872,2
32269,1
29253,1
24134,1
30138,1
23813,1
22237,2
29920,1
21741,1
6337,1
16277,1
14472,1
29132,1
16530,1
22424,1
13890,1
20873,2
34237,1
22406,1
18080,2
26234,1
14406,1
20880,2
14139,1
11823,1
19196,1
30710,1
33384,2
17565,1
34564,1
15479,1
34472,1
12383,1
16788,1
9458,1
13043,1
9678,1
15388,1
21923,1
7951,1
34414,2
25429,1
29258,2
34689,2
34206,1
34043,1
32105,1
34166,2
23197,1
8385,1
32701,1
30363,1
23512,1
30842,2
14342,1
22053,1
19527,2
22585,1
21801,1
20451,1
31678,1
23966,1
23730,1
12341,1
15504,1
9523,1
34563,1
26229,1
34239,1
20711,1
12834,1
30971,1
18013,2
33592,2
26131,2
7707,1
30849,2
32913,1
34207,1
32474,1
34535,1
11366,1
18115,1
4584,1
19851,2
12911,1
10776,1
28736,1
29215,2
28542,1
17539,2
15693,2
11367,1
19656,1
22713,2
20068,1
7619,1
30450,1
14487,1
21646,1
34161,2
5092,1
12122,1
20479,1
7938,1
10217,1
32031,1
24588,2
26641,2
22538,1
8731,1
10263,1
28493,2
16734,2
20993,1
24870,2
9677,1
18668,1
15744,1
28620,1
20944,2
14765,1
4573,1
27147,2
28549,1
27588,1
31050,2
28656,2
23985,1
14631,1
13458,1
28691,2
13168,1
29460,2
34471,1
28500,2
26338,2
29509,1
32060,1
33224,1
11074,1
30434,1
25014,2
31087,2
21537,1
28492,2
33306,1
16720,2
22664,1
30139,1
13448,1
3494,1
12645,1
18283,2
23193,1
31146,1
23809,1
4824,1
11519,1
6593,1
6378,1
26024,1
29421,1
32040,1
27621,2
14135,1
10198,1
33948,1
13080,1
12577,1
23570,1
30690,1
13066,1
17597,1
20106,2
5305,1
21883,1
13199,1
16034,1
31843,1
21436,1
25439,1
17837,1
20603,1
18843,2
6065,1
30699,1
5818,1
21757,1
29498,2
8704,1
22909,1
32384,2
23699,1
21610,1
30833,2
11763,1
32425,2
30057,2
15723,2
9930,1
15429,2
28947,2
17512,2
30039,2
14226,1
10832,1
9705,1
28047,1
34628,2
28700,2
7961,1
17715,1
31234,1
24296,1
29977,1
30608,1
14124,1
34186,1
14733,1
17865,1
32090,2
31477,1
33564,1
16577,1
23691,1
33325,2
33416,1
11258,1
7970,1
21893,1
27148,2
33321,2
9498,1
31889,2
13070,1
6936,1
15189,1
20727,1
33159,1
20933,2
32508,1
24322,2
16489,2
30590,2
13660,1
23443,1
25436,1
26435,2
24735,1
31173,1
16504,2
25283,2
18089,1
25095,2
16752,2
21536,1
14612,1
16246,2
6335,1
19636,2
6059,1
24016,2
6116,1
19895,2
16292,1
18658,1
16441,1
13436,1
9682,1
32790,1
26330,2
12659,1
7186,1
15710,1
29295,2
17527,1
12038,1
29499,1
14739,1
30436,1
10001,1
20214,1
25034,1
25563,1
32841,1
25328,2
32626,1
21941,1
14634,1
21788,1
24565,2
34380,1
11068,1
4328,1
13136,1
27652,2
14155,1
30354,1
30836,2
9717,1
23107,1
25852,2
24139,1
11805,1
18058,2
5852,1
13149,1
19135,1
18786,2
25161,1
25284,2
4297,1
19084,1
15695,2
14374,1
12811,1
27610,2
22239,2
30456,1
8695,1
13315,1
15409,1
23351,1
13930,1
31858,2
8654,1
18382,1
9739,1
8451,1
14449,1
6096,1
9258,1
17243,1
28616,1
15918,1
12929,1
26535,1
18073,2
17555,2
28560,1
34608,1
4578,1
26885,2
27796,1
20618,2
26048,2
26637,2
17078,1
32718,1
17042,1
18319,2
25152,1
27086,2
23064,1
21541,1
13152,1
33752,1
33328,2
34751,1
34378,1
12670,1
30818,2
8702,1
18840,2
29148,1
19137,1
32878,2
26453,1
19904,2
17990,1
19454,1
11073,1
19305,2
27526,1
14617,1
22731,1
14216,1
24650,1
25185,1
22272,1
25558,2
10469,1
3769,1
20363,2
26663,2
24525,1
10587,1
15242,1
25812,2
31620,2
19143,1
33579,1
10519,1
32630,1
26452,1
16792,1
25698,1
12676,1
12309,1
12559,1
34270,1
23295,1
19870,1
23706,1
32214,1
17260,2
18372,1
16425,1
30562,2
26365,2
18863,2
10777,1
23026,2
23176,1
30376,1
32549,1
33069,2
17974,1
19921,1
11027,1
25347,2
18010,2
26480,1
14238,1
31642,2
18405,1
5367,1
24738,1
29528,2
31265,1
32778,1
27793,1
15182,1
10502,1
33293,1
19903,2
17783,1
10486,1
26070,2
8461,1
30391,1
30090,1
28037,1
14716,1
9784,1
30362,1
28238,2
28214,1
6624,1
19055,2
34620,2
34465,1
26615,2
31284,2
32980,1
27951,1
19700,1
12921,1
14375,1
12340,1
33669,1
12097,1
11278,1
27231,1
26562,1
31672,1
26940,1
16826,1
34286,1
25308,1
33569,1
32295,1
14158,1
3236,1
25857,2
28926,1
29079,1
13698,1
10273,1
30286,1
10500,1
27760,1
8458,1
14624,1
19353,1
25639,1
18391,1
13182,1
16675,1
33852,2
12637,1
4833,1
30724,1
20954,1
32714,1
26231,1
21963,1
23237,2
26153,1
5080,1
30027,1
32739,1
14697,1
17254,2
25527,2
20588,1
18893,1
21782,1
12845,1
9218,1
20983,1
17052,1
13672,1
22439,1
26120,2
9206,1
22049,1
25682,1
14935,2
28122,2
13618,1
21513,1
17101,1
27676,2
10513,1
17854,1
29315,1
17786,1
25843,2
10563,1
31846,1
26394,1
13433,1
20102,2
32113,2
13706,1
32460,1
21751,1
15792,1
29662,1
34112,2
16436,1
10060,1
7698,1
15019,1
16787,1
7438,1
17737,1
7414,1
24280,2
10220,1
15457,2
19914,1
30442,1
33561,1
30086,1
18156,1
34774,1
10728,1
26547,1
21132,1
15394,1
27729,2
28314,1
8898,1
10321,1
31987,2
31997,1
23264,2
32055,2
23075,1
28974,2
25085,2
30903,1
29873,1
6139,1
33401,2
32174,1
24745,1
13663,1
27838,1
5094,1
16981,2
28204,2
27735,2
19902,2
12365,1
10712,1
25118,1
13825,1
34035,1
10753,1
25353,1
27784,1
20362,2
8471,1
5355,1
8491,1
4517,1
6583,1
24482,1
33598,1
13641,1
6148,1
23368,1
29291,2
26182,2
16733,2
14662,1
32178,1
23044,1
23498,2
26109,2
25424,1
15655,1
6934,1
23187,1
29970,2
21773,1
29720,2
26065,2
17314,1
4780,1
27375,2
32526,1
27864,2
25565,1
28637,1
14136,1
10743,1
6066,1
16055,1
25454,1
9467,1
11282,1
21209,1
22248,2
33666,1
11069,1
3243,1
17253,2
13719,1
27466,2
15375,1
28527,1
26679,1
28782,1
16218,2
16497,2
12021,1
24648,1
10751,1
33838,1
30697,1
33593,1
8714,1
31879,1
28948,2
7924,1
31934,1
16448,2
23218,1
24302,2
7352,1
22288,1
11581,1
25426,1
5053,1
32847,2
26749,1
29432,2
27697,1
15546,1
12869,1
33483,1
25076,1
10734,1
19100,2
28737,1
26431,2
16069,2
23743,1
30885,1
8470,1
22184,2
26654,1
25593,1
8936,1
11557,1
22776,1
6883,1
24086,1
34791,1
30495,2
33693,2
32893,1
18876,1
10472,1
25005,2
33679,1
28379,2
33629,2
14654,2
22938,1
24374,1
17593,1
29599,1
24059,2
31794,2
14186,1
34422,2
21009,1
19285,1
29433,2
7641,1
14154,1
9986,1
25149,1
33661,2
33512,1
17263,1
26440,2
27220,2
23350,1
9487,1
19009,1
19447,2
9226,1
21364,1
26230,1
12588,1
23725,1
3780,1
27061,1
23515,1
24779,1
13856,1
14497,1
23467,1
14947,2
8706,1
5050,1
11224,2
9672,1
18301,2
21691,1
4325,1
27704,2
27706,2
22409,1
21357,1
33902,2
16024,1
21387,1
17073,1
8197,1
2727,2
33101,2
15219,1
28915,2
12863,1
14896,1
26119,2
15749,1
32580,1
17848,1
13942,1
19861,1
16274,1
31382,2
26171,2
17759,2
8128,1
26916,1
16160,1
14870,1
12117,1
32963,1
25322,2
10539,1
8467,1
5045,1
22647,1
15805,1
27137,2
26293,1
21542,1
8200,1
17105,1
30214,2
19177,1
33459,2
30236,1
26370,2
17226,2
5597,1
25193,1
23435,1
32442,1
34031,1
28480,2
28771,2
24462,1
18819,2
7388,1
25970,1
26740,1
23952,1
26866,1
15528,1
17850,1
25646,2
27184,2
24106,1
17317,1
23506,1
27126,2
34402,2
19072,2
16972,2
31177,1
33522,1
29154,1
28409,1
18238,1
8716,1
15707,1
13862,1
31322,1
8434,1
28497,2
22777,1
23862,1
24673,1
13374,1
22000,1
23355,1
30991,1
27714,2
7953,1
27574,1
22226,2
5625,1
18572,2
4566,1
24279,2
14608,1
31324,1
19125,2
14675,2
17886,1
14628,1
19935,1
15700,2
5311,1
8407,1
25398,2
26540,1
19360,2
32613,2
8134,1
7613,1
20132,1
5040,1
16580,1
19899,2
31396,1
9540,1
17217,1
11868,1
22545,1
23353,1
18751,1
20060,1
33972,1
21485,1
19878,1
16537,1
33555,1
10813,1
5332,1
22412,1
30061,2
27373,2
13172,1
28263,1
15399,1
8472,1
4801,1
31132,1
10543,1
12660,1
28978,2
4845,1
22587,1
27084,2
8918,1
18116,1
8972,1
20928,1
12138,1
31582,1
13969,1
29679,1
15287,2
15652,1
25519,1
33952,1
20891,2
27791,1
13653,1
29757,2
20971,1
18261,1
33477,1
33251,1
33163,1
20431,1
28743,2
34146,2
17267,1
18568,1
18657,1
12332,1
7973,1
25648,2
16988,2
27055,1
9943,1
32651,1
11490,1
23618,1
28045,1
7119,1
21372,1
4541,1
25701,1
24639,1
31379,2
32479,1
34624,2
18586,2
31631,2
10783,1
27131,1
16314,1
18638,1
12400,1
28514,2
11051,1
11574,1
26678,1
32152,2
16837,1
24326,2
25693,1
27186,2
32862,2
8749,1
4826,1
23552,1
25298,1
15750,1
31422,1
10847,1
33391,2
30132,1
9695,1
6663,1
25773,1
31269,2
24892,1
15743,1
26049,2
31567,2
17767,2
20769,1
13408,1
33175,1
27700,2
30948,1
22773,1
20444,1
18279,2
23367,1
23430,1
32258,1
27742,2
13688,1
10496,1
29965,1
14456,1
3505,1
20136,1
16438,1
21712,2
11551,1
32186,1
20611,1
14707,1
30313,2
21258,1
32999,1
22908,1
29186,1
25264,1
29179,2
7874,1
13354,1
7962,1
34164,2
10798,1
15995,2
26409,2
27520,1
12001,1
15125,1
14485,1
26973,1
30030,2
31838,2
32446,1
28830,1
21105,1
22914,1
11034,1
8698,1
29014,2
6632,1
26226,1
24031,1
29307,1
10204,1
24045,2
24865,1
28695,2
15966,1
15212,2
20899,2
30539,1
24658,1
25762,1
11075,1
20632,2
13349,1
16952,1
34373,2
27947,1
24457,1
28975,2
28904,1
20900,2
28723,1
23202,1
31352,2
30709,1
32002,1
18255,1
10056,1
13819,1
9193,1
25267,2
26896,2
8700,1
18265,2
11085,1
27376,2
31783,1
32377,2
18042,1
26472,1
16954,1
31788,1
14121,1
10749,1
19545,1
22458,2
21736,1
34812,1
24360,2
34550,1
13626,1
20502,2
21679,2
34367,2
10557,1
31385,2
13892,1
25622,2
11561,1
26938,1
9208,1
30985,1
10266,1
12933,1
31395,1
32690,2
17884,1
22752,2
11264,1
22157,1
11494,1
26228,1
13058,1
11822,1
23880,1
33673,1
12823,1
26471,1
26093,2
33706,1
20762,1
32885,1
7947,1
27918,2
30339,2
33104,1
3254,1
20195,1
12621,1
15973,2
15236,1
26396,1
15543,1
26840,2
11794,1
31181,1
6376,1
3789,1
22179,1
15963,1
24734,1
22465,1
22426,1
30968,1
20684,2
8456,1
24005,1
24606,1
4292,1
20668,1
27143,2
19706,2
24628,1
32329,1
6060,1
4306,1
16157,1
19298,1
8980,1
29330,1
28312,1
30082,2
17712,1
21143,2
25536,2
15118,1
8933,1
10047,1
31690,1
7428,1
26895,2
16250,2
11059,1
28014,1
26051,2
32653,1
22493,2
12090,1
9265,1
25919,2
23882,1
8187,1
22134,1
22829,1
19802,1
8655,1
14686,2
34822,1
7402,1
33822,1
32711,1
24769,1
26658,2
16758,2
34464,1
26759,1
28776,2
27911,2
6899,1
15930,2
4041,1
29340,1
34604,1
9420,1
20450,1
27390,1
21126,1
26722,1
34721,1
24232,2
10822,1
11807,1
13303,1
15661,1
4552,1
32649,1
8185,1
24932,1
25792,2
13560,1
16543,1
18509,1
24483,1
15183,1
20883,2
12830,1
11332,1
7645,1
12299,1
25373,2
28098,1
18931,1
26352,2
18664,1
29512,2
4033,1
29164,1
26464,1
33498,1
17472,1
10535,1
20976,1
30240,1
19719,1
29212,2
18587,2
20659,1
9430,1
33096,2
27191,2
21527,1
18103,1
27794,1
34711,1
15240,1
31226,1
20995,1
5833,1
30961,1
20231,1
15404,1
14725,1
10762,1
33611,1
27661,2
18291,2
32528,1
29238,2
33858,1
29754,2
8986,1
16948,1
14663,1
17499,2
20308,1
26053,2
23541,2
18903,1
18276,2
7688,1
23992,1
9236,1
25807,2
32646,2
21543,1
34152,2
27615,2
10800,1
30012,2
25581,2
25597,2
23724,1
29910,1
18890,1
34772,1
21633,1
22746,2
9723,1
32435,1
13946,1
29409,1
26734,1
26617,2
16709,2
4296,1
27788,1
16794,1
23812,1
13313,1
30920,1
20901,2
22009,1
11604,1
3749,1
23228,2
21776,1
28631,1
12335,1
16781,1
8211,1
26025,1
32598,2
11500,1
29681,1
9764,1
30605,2
11825,1
25274,2
30760,1
33249,1
20757,1
27602,2
4770,1
29153,1
30085,1
29912,1
28646,2
6571,1
31571,2
18623,1
16214,2
33768,1
15768,1
16251,2
8462,1
7695,1
30042,2
32538,1
28520,2
20219,1
25522,1
24348,1
8124,2
30087,1
33831,1
25642,1
24474,1
12917,1
12832,1
18235,1
33315,1
18928,1
25877,2
9197,1
32270,1
31769,2
29453,2
18750,1
6650,1
14638,1
34782,1
30072,2
5840,1
25186,1
7364,1
25918,2
20994,1
33318,1
28513,2
24411,1
14761,1
32349,2
11054,1
17543,2
19841,2
12841,1
28543,1
22937,1
33157,1
30538,1
33682,1
25808,2
31542,1
4559,1
11626,1
19940,1
20398,1
15194,2
6868,1
6405,1
14470,1
19560,1
12627,1
30534,2
23210,1
34190,1
33955,2
20426,2
5056,1
25253,1
23578,2
10716,1
24772,1
21546,1
17880,1
33064,2
32198,1
6625,1
5794,1
18596,2
9187,1
24626,2
9536,1
13655,1
16578,1
33731,1
21995,1
30297,2
26494,1
29503,1
33093,2
10804,1
25070,1
12294,1
10005,1
29233,2
17613,1
3255,1
12934,1
24714,1
9676,1
6597,1
13876,1
28442,2
11876,1
15802,1
33035,1
25961,1
26892,2
33697,1
13110,1
29980,2
5622,1
33409,1
23611,1
18791,2
30881,1
33155,1
24512,1
28762,2
10479,1
27175,1
28950,2
22044,1
24021,2
20694,1
21163,1
2485,2
34787,1
26095,2
26103,2
16958,1
17044,1
25967,1
31885,2
14106,1
30290,2
29702,1
21934,2
9262,1
20421,2
8926,1
19030,1
10517,1
24819,1
32604,2
23815,1
7692,1
17258,2
32164,2
34130,1
31921,1
10222,1
16473,2
34598,1
17587,1
7627,1
25114,1
10579,1
22791,1
4562,1
31531,2
13694,1
6582,1
12005,1
6341,1
29812,2
18570,2
13980,1
32396,1
33946,1
20448,1
22756,2
31544,2
27193,2
20716,1
26862,2
34201,1
9953,1
25685,1
17000,2
24851,2
24550,1
29586,1
29688,1
33911,2
19154,1
25794,2
26373,2
9673,1
23185,1
8478,1
23524,2
20193,1
12139,1
15795,1
16498,2
27476,2
19351,1
21348,1
29059,1
18414,1
14156,1
13645,1
25866,2
28397,2
29562,1
27326,1
21426,1
9788,1
9425,1
5864,1
14914,2
24540,2
11067,1
25874,1
6850,1
6844,1
23867,1
3800,1
31060,1
22998,1
32021,2
11596,1
30615,1
12524,1
31101,2
32407,2
3773,1
26047,2
32988,1
11844,1
17457,1
27172,1
24042,2
16021,1
21285,1
28962,2
8152,1
13621,1
27999,2
21677,2
15733,2
24739,2
30896,1
34391,1
12045,1
31897,2
26402,2
22253,1
32685,2
15438,2
30021,1
28225,2
11841,1
25971,1
27510,1
21353,1
18756,1
17331,1
15136,1
21735,1
23167,1
13450,1
29866,1
22983,1
11356,1
28144,1
8465,1
12078,1
33476,1
6923,1
17635,2
11349,1
33726,2
28747,2
29842,1
11592,1
32356,2
23999,1
27741,2
28878,1
11587,1
30083,2
9454,1
11010,1
17225,2
10282,1
19873,1
14442,1
34353,1
12893,1
2992,1
23174,1
26045,2
30193,1
34749,1
30115,1
34390,1
20220,1
15641,1
17775,2
33337,1
31495,1
18287,2
25145,2
33876,2
30659,1
19425,1
19159,1
31916,1
24496,2
23461,1
8659,1
33183,1
28561,1
34463,1
31764,2
27092,2
32182,1
21617,1
27414,2
21107,1
31894,2
32268,1
11077,1
9499,1
19386,1
29706,1
32402,1
12109,1
9214,1
22183,1
28690,2
6882,1
4823,1
28932,1
20868,1
31128,2
24875,2
23594,1
18038,2
23223,1
16521,1
22401,1
23695,1
11539,1
8474,1
32046,1
11011,1
17541,2
9171,1
6618,1
18834,2
25651,2
15231,1
15789,1
23549,1
32891,1
30304,2
21944,1
19634,2
16830,1
10740,1
28770,2
28576,1
32554,1
22577,1
21089,1
22960,1
29919,1
33868,1
11528,1
19807,1
34033,1
6928,1
32848,2
8449,1
15414,1
9436,1
23811,1
25064,2
34547,1
22182,1
22228,2
5047,1
16321,1
31406,1
14671,1
25796,2
20446,1
34344,1
34030,1
34459,1
25189,1
26191,1
6407,1
31394,1
34654,2
2729,1
6127,1
26918,2
25814,2
9949,1
18322,2
32866,2
12848,1
19855,2
5061,1
34453,1
7681,1
11562,1
24390,1
32692,1
9485,1
28519,2
32919,1
15660,1
27469,2
13098,1
21619,1
3527,1
33218,1
22298,1
33931,1
19013,1
32984,1
28714,2
10205,1
26462,1
4520,1
25412,1
29141,1
21531,1
14148,1
19169,1
18937,1
34012,1
5048,1
25499,1
27643,2
14372,1
14421,2
11058,1
16188,2
25297,1
21458,2
17835,1
18600,2
19022,1
27775,1
30581,2
17976,1
25500,1
33915,2
15489,1
9221,1
7956,1
14863,1
31735,1
11632,1
24561,2
16016,1
33859,1
7934,1
5310,1
18825,1
34151,2
23502,2
24729,1
11492,1
10053,1
15158,1
14169,1
24339,1
5028,1
15908,1
7375,1
21276,1
12359,1
14921,1
30624,1
5366,1
11488,1
6368,1
27458,2
6084,1
15509,1
17072,1
33132,2
14966,1
11065,1
4281,1
25678,1
30320,2
28372,1
4582,1
14650,2
30455,1
20483,1
21524,1
20926,1
10754,1
25582,2
31584,1
30285,1
28043,1
33200,2
33575,1
29567,1
27833,1
18016,2
21638,1
15266,1
30554,2
12384,1
27957,1
31826,2
34148,2
32515,1
6863,1
13615,1
17464,1
19273,1
34042,1
27341,1
21745,1
19127,1
32773,1
31688,1
25881,2
32892,1
8203,1
30899,1
8730,1
24336,1
22428,1
23042,1
19660,1
34696,2
9765,1
27142,2
30972,1
34028,1
18926,1
28369,1
27315,1
16457,2
31276,2
9519,1
28685,2
12267,1
13857,1
14184,1
23023,2
18813,2
21365,1
26416,1
26219,1
33314,1
10982,1
22990,1
30195,1
19168,1
29991,2
3256,1
13921,1
12087,1
17563,2
27348,2
20409,1
32473,1
29194,1
16166,1
30307,2
25920,2
6877,1
25008,2
30444,1
20150,1
9205,1
14483,1
14963,1
7423,1
15446,1
4002,1
28311,1
20907,1
27174,1
27626,2
23439,1
20653,1
18764,1
20351,2
33088,1
15939,1
8727,1
25417,1
28999,2
20746,1
4558,1
23956,1
34187,1
24743,1
34823,1
20218,1
18032,2
16239,2
29344,1
12611,1
6392,1
22800,1
17327,1
23680,1
14219,1
20415,2
20355,2
25243,1
4555,1
21001,1
30813,2
12389,1
29339,1
4518,1
7138,1
33150,1
4010,1
12266,1
33124,2
14188,1
25087,2
25908,2
18254,1
12364,1
28361,1
22801,1
30701,1
28313,1
29777,2
33664,2
24028,1
15775,1
30966,1
21888,1
28115,1
19272,1
16816,1
29166,1
24781,1
29140,1
21414,2
16416,1
6897,1
8430,1
13833,1
31960,1
18545,2
20212,1
19680,1
10048,1
21454,2
25787,2
28260,2
33888,2
4784,1
23861,1
19834,2
12280,1
11520,1
8207,1
30576,2
26630,1
16715,2
6885,1
19865,1
14441,1
13413,1
34589,1
27987,2
6334,1
28764,2
14228,1
24291,1
32620,2
12556,1
32776,1
13710,1
22952,1
11372,1
2724,2
18272,2
28761,2
17501,2
32955,1
16209,2
33428,1
6082,1
24010,2
14201,1
32634,1
8909,1
32560,1
21358,1
18397,1
30887,1
34744,1
22244,2
31777,1
6656,1
8966,1
17606,1
33518,1
15255,1
18002,1
16574,1
26880,2
20879,2
28377,1
18374,1
13593,1
15673,1
26444,2
33202,2
34685,2
13401,1
26990,1
14102,1
33188,1
19379,2
11510,1
10784,1
25250,1
10476,1
25414,1
33782,1
18248,1
31115,2
32832,2
6570,2
20397,1
23209,1
28890,1
34809,1
7427,1
24839,2
21705,2
26750,1
4825,1
33161,1
34557,1
34075,1
3532,1
20402,1
29494,2
34694,2
19338,2
25313,2
13978,1
28206,1
17630,1
22557,1
34251,1
17831,1
16987,2
28196,2
24060,2
12658,1
28243,2
22666,1
22982,2
27355,2
30860,2
21245,1
28378,1
8421,1
3519,1
13322,1
8183,1
18136,1
13118,1
10825,1
4028,1
32566,1
28036,1
11269,1
19190,1
17503,2
8998,1
27792,1
29187,1
32137,1
22980,2
16309,1
23219,1
9970,1
19411,1
23555,1
17784,1
22822,1
25063,2
25349,2
21252,1
28615,1
27877,2
17092,1
26636,2
30560,2
18029,2
15444,1
3524,1
30089,1
28420,2
18676,1
21488,1
14504,1
24515,1
21925,2
7130,1
34299,1
15984,2
22787,1
34790,1
20594,1
22166,1
9007,1
11339,1
25110,2
25307,1
33319,1
32662,1
7666,1
34398,2
17081,1
32131,1
33559,1
16460,1
15403,1
9428,1
16831,1
12147,1
33696,2
32636,1
29468,2
6076,1
9681,1
25674,1
16042,1
9777,1
27753,1
10843,1
19981,1
23705,1
13117,1
32725,1
25535,2
22065,1
19070,2
6667,1
21175,1
26206,1
34071,1
27194,2
13105,1
14890,1
8395,1
6058,1
31649,2
29356,1
29822,1
29065,1
23550,1
17494,2
30689,1
31431,1
14168,1
24080,1
29942,2
20052,1
26539,1
29763,1
23503,2
30173,1
33486,1
24615,2
32119,2
10809,1
25139,2
7897,1
13712,1
6653,1
3510,1
16310,1
34347,1
28784,1
27212,2
15941,1
12390,1
9703,1
6332,1
13174,1
24718,1
28153,2
24816,1
6078,1
29559,1
31010,2
7158,1
12367,1
24817,1
22006,1
11108,1
21195,2
28632,1
17634,1
21490,1
4808,1
22165,1
19412,1
19187,2
32102,1
14705,1
5588,1
13938,1
16216,2
32482,2
28058,1
33977,1
21462,2
19587,2
17355,1
33219,1
2987,1
28650,2
12528,1
33442,1
9175,1
5318,1
34216,2
7432,1
5821,1
11560,1
32951,2
29939,1
22064,1
34235,1
32736,1
15778,1
25045,1
33873,1
34546,1
15961,2
12264,1
27904,2
10045,1
24756,2
15132,1
29249,1
17305,1
15904,1
32161,2
9720,1
20496,1
33126,2
18360,1
3234,1
8705,1
14198,1
6599,1
2989,1
13185,1
25779,2
28259,2
17762,2
30747,1
31244,2
17213,1
19288,1
5029,2
28423,2
33932,1
20481,1
25025,2
7089,1
12532,1
33467,2
30254,2
23605,1
29411,1
13692,1
27837,1
16315,1
26111,2
13391,1
29857,1
5810,1
33523,1
25280,2
34412,2
20145,1
27242,1
28795,1
12061,1
15692,2
13598,1
11029,1
16195,2
7637,1
12779,1
20756,1
26698,2
34706,1
28622,1
30746,1
23630,1
25315,2
23827,1
15374,2
10218,1
9194,1
29329,1
25508,1
20172,1
23532,2
13873,1
33863,1
20827,1
23028,1
10279,1
21473,1
25655,2
8202,1
34490,1
20571,1
17456,1
10536,1
25153,2
30371,1
16694,1
32552,1
23592,1
17292,2
8903,1
12589,1
11228,1
10997,1
22142,1
34609,1
11095,1
16291,1
5070,1
19024,1
33335,2
25636,1
20831,1
33383,2
22661,1
26805,1
21262,1
24363,2
24982,1
23563,1
25549,2
29934,1
20567,1
14667,1
29685,1
30586,2
5584,1
25951,1
27472,2
20895,2
26132,1
28800,1
27060,1
27059,1
9501,1
19035,1
25154,1
13703,1
33514,1
34280,1
11102,1
33853,2
17834,1
8970,1
5325,1
4805,1
7610,1
33988,2
29704,1
22956,1
31323,1
11088,1
16156,1
18331,2
18677,1
17041,1
26232,1
16030,1
18519,1
19642,2
34439,2
27117,2
4792,1
15140,1
32678,2
12907,1
25898,1
11599,1
25291,2
15407,1
7113,1
28746,2
8740,1
19094,2
31519,1
14078,1
25260,1
23266,2
5284,1
12357,1
29502,1
30177,1
32123,2
16540,1
17614,1
18811,2
31314,2
7412,1
15501,1
30570,2
14354,1
26100,2
21210,1
24920,1
31626,2
31242,2
30185,1
24404,1
4320,1
10575,1
22926,1
16559,1
4564,1
13346,1
14394,2
19090,1
32216,1
30301,2
26827,2
16562,1
30790,2
24081,1
8459,1
30134,1
17542,2
25387,2
21796,1
8438,1
16945,1
21139,2
20931,1
26848,2
15703,1
31424,1
29572,1
23962,1
7930,1
24908,1
10301,1
14444,1
15766,1
33715,2
19893,2
32556,1
11368,1
24547,1
29011,2
26702,2
12288,1
15415,1
9988,1
29703,1
14596,2
33685,1
12833,1
19361,2
13351,1
15244,1
28387,1
23583,2
21257,1
26355,2
31577,2
8136,1
29709,1
30908,1
2984,1
23240,2
18289,2
33970,1
5329,1
12330,1
33887,2
9973,1
19703,1
11633,1
26310,2
16556,1
30999,1
28183,2
25697,1
18835,2
33936,1
22122,1
14200,1
31917,1
13877,1
28791,1
21267,1
27450,2
8165,1
32293,1
7156,1
11491,1
29774,2
29471,2
24899,1
25272,2
10022,1
8967,1
31407,1
17354,1
31220,1
15913,1
23049,1
25270,2
22484,2
26714,1
23505,1
19582,2
20735,1
6664,1
16006,1
5875,1
31214,1
24284,2
31893,2
26558,2
7904,1
29007,2
27619,2
16765,2
27459,2
14948,2
16699,1
14904,1
22251,1
5359,1
15962,2
19042,1
22487,2
14386,1
20908,1
33751,1
17781,2
12025,1
33716,2
25410,1
21916,1
27971,2
18833,2
20951,1
10038,1
25318,2
10837,1
26074,2
22569,1
31586,1
19437,1
34722,1
7154,1
14894,1
17891,1
31767,1
10283,1
19829,2
6360,1
26486,1
30883,1
22191,2
19621,1
7887,1
23528,2
32292,1
14462,1
32190,1
8723,1
26410,2
20874,2
24278,2
30225,1
32095,2
13107,1
34814,1
20897,2
9516,1
26371,2
28496,2
11852,1
10752,1
5058,1
6358,1
16241,2
10566,1
20424,2
13850,1
17239,2
25147,2
18492,1
21155,2
7685,1
9162,1
12555,1
25346,2
16685,1
23043,1
33719,2
25700,1
21290,1
9156,2
24767,2
30073,2
18127,1
34077,1
10276,1
3245,1
15979,2
18230,1
17736,1
17537,2
6915,1
14908,1
10255,1
17465,1
33690,1
9772,1
9167,1
29475,2
31940,1
18562,1
32146,1
15798,1
30652,1
32968,1
34473,2
8689,1
8663,1
11826,1
30333,2
30031,2
16197,2
6573,1
6092,1
20171,1
28506,2
10533,1
5046,1
22901,1
4543,1
21391,1
32657,1
10567,1
21482,1
6880,1
28245,2
25974,1
15779,1
22302,1
28614,1
33474,1
4255,1
19441,1
25507,1
4029,1
24148,1
19894,2
27730,2
34293,1
22324,1
28785,1
10061,1
15982,2
32154,2
24513,1
27654,2
34221,1
21012,1
5339,1
7097,1
5059,1
6668,1
28673,1
7105,1
32670,2
17862,1
14757,1
26860,2
34805,1
18496,1
19041,1
6389,1
22725,1
3766,1
12628,1
21154,2
6849,1
26108,2
17754,2
34224,1
12629,1
20064,1
12608,1
7383,1
30239,1
28682,2
31093,2
15161,1
19421,1
17110,1
18814,2
13445,1
29771,1
22932,1
13097,1
29570,1
9726,1
12603,1
4329,1
17085,1
22828,1
24098,2
23987,1
13691,1
10493,2
11018,1
26546,1
9495,1
31589,2
33957,2
21911,1
20837,1
28180,2
12930,1
9435,1
33414,1
14664,1
9520,1
33303,1
15970,2
27238,1
31903,2
22957,1
34479,2
17346,1
5573,1
7628,1
30213,2
15172,2
19920,1
11570,1
33494,1
26475,1
32911,1
12536,1
11784,1
24207,1
33182,1
19649,1
29070,1
20073,1
32917,1
11547,1
25776,1
22398,1
33619,2
13424,1
22792,1
18109,1
28550,1
22018,1
34507,1
23340,1
29984,2
12922,1
9993,1
12609,1
18905,1
9771,1
31067,1
28443,2
22708,2
14700,1
12827,1
23685,1
26751,1
19948,1
7634,1
18781,1
14714,1
24914,1
28307,1
26115,2
12548,1
23967,1
33436,2
23771,1
31500,1
13159,1
20369,2
17309,1
25916,2
9154,2
7931,1
25259,1
28419,2
22700,1
23755,2
11070,1
15471,2
14081,1
33133,2
8446,1
26033,1
28159,2
23008,2
23883,1
8447,1
20396,1
22410,1
12013,1
16993,2
29756,2
18659,1
20742,1
24811,1
26544,1
27071,1
23053,1
31683,1
15010,1
30315,2
26645,2
11555,1
14147,1
32007,1
33437,2
12606,1
17046,1
24062,2
26673,1
13954,1
28018,1
6581,1
15944,1
10733,1
18239,1
3008,1
26052,2
27663,2
24317,2
11590,1
26142,2
6072,1
18095,1
8895,2
25135,2
6398,1
28676,2
23873,1
28166,2
10848,1
19640,2
14494,1
13659,1
24822,2
15653,1
3242,1
33243,1
17599,1
5859,1
34509,1
24988,1
28823,1
31318,2
5544,1
11235,1
23797,2
26354,2
28472,1
29602,1
10227,1
25769,1
26593,2
28840,1
29859,1
27985,2
13081,1
25029,2
14235,1
8145,1
22199,2
11336,1
16773,2
13111,1
18826,1
17632,1
14865,1
31216,1
28749,2
9204,1
7950,1
28871,1
33965,1
24064,2
19695,1
25889,2
26711,1
17332,1
28304,1
22041,1
25778,2
22807,1
27122,2
19612,1
28139,2
14176,1
14423,2
10823,1
22679,1
19324,2
29018,2
31002,1
22047,1
7164,1
6083,1
29045,1
10014,1
10722,1
17579,1
27222,2
28772,2
17813,2
19388,1
12281,1
11504,1
23719,1
34484,1
27209,2
32282,2
7675,1
11810,1
6672,1
13961,1
30489,1
6666,1
30988,1
28468,1
18807,2
29178,2
26578,2
34219,2
7169,1
31224,1
11055,1
10507,1
19444,1
25354,1
17061,1
32098,2
25939,1
32219,1
22799,2
13311,1
24999,1
10974,1
18635,1
18502,1
34534,1
18888,1
32378,2
16235,2
8649,1
21912,1
9009,1
28545,1
7446,1
22808,1
8746,1
6119,1
15387,1
15009,1
27756,1
31402,1
3011,2
26311,2
12114,1
13056,1
29850,1
20720,1
11851,1
10237,1
28908,2
13953,1
23884,1
31689,1
17852,1
20182,1
30831,2
24529,1
29945,1
23722,1
34789,1
7680,1
29761,1
29316,1
17724,1
8920,1
28921,1
29239,2
15783,1
32109,1
6369,1
31547,1
34521,1
29289,2
9008,1
13599,1
10236,1
24270,2
7662,1
22574,1
6640,1
21501,1
10487,1
34656,2
30901,1
26465,1
21979,2
33913,2
18135,1
24331,2
9489,1
24133,1
13906,1
19011,1
18413,1
19694,1
9736,1
21901,1
20697,1
18808,2
34618,1
19123,2
33694,2
24110,1
6370,1
34242,2
25089,2
28131,2
32140,1
14997,1
18576,2
22991,1
20452,1
32558,1
9173,1
19558,1
14092,1
26299,1
29459,2
34752,1
27924,2
33762,1
33447,1
30335,2
11507,1
8711,1
9254,1
7919,1
13192,1
22509,1
16679,1
30253,2
19811,1
32205,1
27120,2
31844,1
24992,1
29438,2
29161,1
17329,1
30351,1
30471,2
26907,2
17983,1
21422,1
16686,1
23161,1
9783,1
14763,1
34489,1
32541,2
15745,1
9698,1
10586,1
14633,1
5309,1
23164,1
11814,1
22329,1
30055,2
34645,1
27781,1
22284,1
34034,1
11275,1
23783,2
23831,2
21615,1
23761,2
14491,1
5343,1
34382,1
20462,1
29960,1
15516,1
14080,1
12130,1
23890,1
30284,1
30619,1
32181,1
9770,1
16547,1
27356,2
33247,1
25765,1
7112,1
22900,2
29293,2
34769,1
19389,1
30996,2
20138,1
25162,1
19014,1
23364,1
12398,1
14918,2
27489,1
19401,1
29428,1
31749,1
23068,1
13041,1
23429,1
16168,1
19093,2
21433,1
27251,1
13650,1
22500,2
29595,1
12292,1
33464,2
27888,2
28457,2
9745,1
11741,1
33781,1
20466,1
21787,1
27942,2
23103,1
30574,2
24799,2
19422,1
33808,1
22663,1
30720,1
34595,1
25096,2
16226,1
12082,1
22705,1
27611,2
26152,1
15193,2
12649,1
26928,2
18506,1
25872,2
18077,2
23608,1
13574,1
28873,1
11526,1
3274,1
28988,1
5555,1
24924,1
29989,2
4271,1
16063,1
20965,1
9433,1
10976,1
11302,1
18148,1
12304,1
15472,2
22505,2
15943,1
33993,1
30953,1
32918,1
25255,1
25120,1
12787,1
33333,1
22066,1
16549,1
29351,1
20859,1
19385,2
18917,1
33148,1
23948,1
4773,1
24027,1
29038,1
7397,1
19643,2
12582,1
13883,1
13388,1
23284,2
3758,1
19048,2
15232,1
25584,2
26340,2
29399,1
17218,1
20752,1
23485,1
19967,1
18838,2
27657,2
13327,1
28803,1
24061,2
10808,1
29935,1
22231,2
21879,1
30744,1
21910,1
21404,2
29519,2
15441,2
28004,1
5543,1
19175,1
28002,2
15115,1
19623,2
22668,1
22643,1
8158,1
31943,1
4813,1
33874,2
25679,1
24469,1
20917,1
32371,1
14392,1
15276,1
31472,1
20188,1
24567,2
30360,1
14093,1
28777,1
8735,1
33495,1
28478,1
26994,1
24003,1
10589,1
16433,1
13561,1
16204,1
27223,2
10259,1
29560,1
28944,2
24807,2
28937,2
20168,1
15014,1
30645,1
14903,1
31249,1
27584,1
26922,2
6912,1
10971,1
33568,1
30805,1
19928,1
29275,2
11762,1
23980,1
18925,1
28212,1
24773,1
15952,2
21355,1
31857,2
11498,1
16590,1
27847,1
29052,1
3240,1
5561,1
11751,1
13113,1
19583,2
5099,1
11014,1
30390,1
32142,1
18537,2
31338,2
11364,1
5097,1
27254,1
19539,1
7631,1
33843,2
33828,1
17039,2
26650,2
11232,1
31875,1
11610,1
24151,1
21746,1
7178,1
25157,1
14688,2
34211,1
18633,1
13384,1
14866,1
11541,1
13379,1
17205,1
20676,2
20194,1
23009,2
27907,2
29201,2
7360,1
26664,2
33194,2
25614,1
26197,1
33053,1
13639,1
31603,2
7892,1
29397,1
9935,1
31923,1
23311,1
32768,1
22436,1
8962,1
23514,1
17261,2
31262,1
11094,1
16707,2
33856,1
18846,2
13576,1
25955,1
22964,1
22217,1
8964,1
13894,1
25588,2
32150,2
17514,2
25837,2
15190,1
31223,1
28163,2
12937,1
25676,1
10201,1
30207,1
25943,1
27337,1
30911,1
13617,1
16569,1
29474,2
19138,1
31490,1
25378,1
19271,1
14178,1
26971,1
22928,1
7638,1
31268,1
30998,1
25659,2
26064,2
30630,1
28353,1
21434,1
28261,1
30800,1
24728,1
20175,1
9507,1
13608,1
33103,2
17335,1
24357,2
14409,1
23338,1
29760,1
34213,2
5314,1
20760,1
18117,1
23816,1
9423,1
26592,2
25179,1
18887,1
33419,1
18144,1
32537,1
10711,1
8408,1
24382,1
22462,2
9791,1
20679,2
29676,1
26040,1
16766,2
4811,1
15015,1
25516,1
28050,1
20109,2
14604,1
14141,1
28713,1
21867,1
33763,1
29440,1
32581,1
18090,1
27270,1
3759,1
31946,1
28173,2
12624,1
22514,1
32956,1
18388,1
27243,1
31687,1
18877,1
28837,1
9422,1
23225,1
13402,1
12592,1
19659,1
33771,1
24468,1
20577,1
23734,1
10492,1
25067,2
30692,1
16995,2
27261,1
20927,1
12583,1
26735,1
6622,1
20915,1
28613,1
32209,1
5805,1
8212,1
28128,2
30973,1
17856,1
21177,1
34210,1
32810,1
11865,1
12561,1
13678,1
31954,1
19607,1
26685,2
32072,2
16480,1
19912,1
33044,1
8984,1
11031,1
14498,1
14625,1
18930,1
18922,1
32624,1
30575,2
31912,1
22328,1
21134,1
17829,1
26474,1
31164,1
33572,1
29922,1
20058,1
31125,2
30810,2
30187,1
29346,1
18352,1
24226,1
32262,1
24618,2
25530,2
25699,1
12080,1
32192,1
19718,1
14111,1
30865,2
30319,2
32795,1
12108,1
8957,1
17272,2
6607,1
27879,2
27596,1
29766,1
21722,2
19099,2
7094,1
17821,2
17792,2
29180,1
24881,2
31896,2
6926,1
18249,1
15463,2
30226,1
13838,1
31084,2
9237,1
23069,1
22641,2
13116,1
14113,1
15208,2
31267,2
18064,2
27277,1
26495,1
34768,1
29232,2
28142,1
23278,2
9165,1
24285,1
26927,2
25660,2
17315,1
12630,1
5091,1
21260,1
18112,1
26176,2
27445,2
7663,1
17840,1
23447,1
28745,2
27593,1
8198,1
27513,1
18043,1
17190,1
17824,1
27393,2
30888,1
30252,2
28241,2
18048,1
24094,2
15925,1
12910,1
32361,1
10457,1
21021,1
20443,1
22394,1
22470,1
4574,1
5604,1
5322,1
21641,1
10568,1
14750,1
34802,1
23205,1
18806,2
17802,2
13158,1
20989,1
17810,2
30544,1
22275,1
8925,1
33094,2
21685,1
13880,1
5603,1
27718,2
32869,1
7696,1
29668,1
22162,1
20988,1
27464,2
30432,1
20589,1
23529,2
18934,1
8428,1
18314,2
32660,1
22903,1
13674,1
33810,1
23270,2
21166,1
6317,1
26743,1
7123,1
27977,2
30366,1
31956,1
14726,1
20918,1
8386,1
32308,1
25292,2
10840,1
18857,2
32533,1
25190,1
28429,2
4318,1
22022,1
31798,1
33131,2
32982,1
25818,2
33072,1
17455,1
13891,1
30044,2
20896,2
8899,1
30566,2
7676,1
9492,1
3483,2
34742,1
16212,2
22327,1
28547,1
8133,1
9012,1
19183,1
26166,2
27342,1
27633,2
25545,2
15384,1
23099,1
8644,1
24544,2
11881,1
6853,1
13975,1
12647,1
12373,1
18762,1
24328,1
26403,2
26050,2
14453,1
20390,1
27854,1
10778,1
19657,1
8154,1
23254,1
20667,1
33642,1
31097,2
28912,2
18870,1
20474,1
19954,1
26117,2
34165,2
32964,1
34002,1
24306,2
20942,2
22721,2
22176,1
21767,1
8639,1
21927,2
7870,1
6136,1
11225,1
30091,1
25950,1
19789,1
20685,2
17979,1
28469,1
26618,2
34303,1
26915,1
20921,1
20614,2
20114,2
18607,1
29752,2
29753,2
30648,1
25677,1
7376,1
10772,1
32621,1
32373,1
31243,2
22586,1
8126,1
34731,1
29781,2
25300,1
33875,2
5575,1
29046,1
32283,2
11306,1
25672,1
17756,2
29736,2
13861,1
16300,1
34466,1
22657,1
26858,2
9468,1
14695,1
26395,1
27725,2
24713,1
26950,2
26067,2
15150,1
24836,2
6108,1
33556,1
24647,1
31596,2
34304,1
9442,1
25817,2
27892,2
34458,1
15502,1
13898,1
32299,1
8719,1
26967,1
27069,1
25358,2
26716,1
20184,1
34548,1
23184,1
8166,1
22222,2
3750,1
19626,2
6385,1
15124,1
28780,1
16730,2
6087,1
15181,2
5587,1
9793,1
16450,2
31272,2
33941,1
13934,1
29914,1
28040,1
26906,2
18232,1
3248,1
30722,1
19950,1
19021,1
23688,1
22824,1
11892,1
26693,2
21437,1
26390,2
34177,2
30613,1
25324,2
12617,1
15005,1
25935,1
29152,1
34258,1
14349,1
12043,1
13683,1
30212,2
12584,1
27739,2
28940,2
33239,1
18865,2
7715,1
11857,1
25081,2
10992,1
26877,2
30803,1
27732,2
21181,1
18142,1
20201,1
5330,1
34107,2
20205,1
14196,1
23872,1
31847,1
3521,1
24655,1
11834,1
27119,2
5315,1
11084,1
26459,1
26590,2
6602,1
10758,1
21900,1
21170,1
28392,2
26810,1
27509,1
31774,1
31401,1
5065,1
33487,1
21972,2
11589,1
24371,1
12931,1
21412,2
16813,1
27224,2
28490,2
20958,1
33392,2
33644,2
25396,2
19716,1
24736,1
23612,1
10059,1
9780,1
18097,1
19654,1
30830,2
29717,1
13682,1
20458,1
18365,1
32843,1
30595,2
9776,1
20215,1
21997,1
10317,1
25936,1
10197,1
27795,1
31622,2
24664,1
24082,1
33702,1
6628,1
11078,1
13858,1
21899,1
31776,1
24934,1
27969,2
6363,1
24366,2
25824,1
31771,1
34295,1
5062,1
13604,1
19586,2
19980,1
5620,1
29874,1
31746,1
33291,1
33987,2
5042,1
16517,2
31065,1
11842,1
23511,1
15704,1
30751,1
5582,1
23754,2
25695,1
16313,1
28402,1
14177,1
20830,1
28793,1
27719,2
30168,1
26073,2
12307,1
18361,1
14600,1
34183,2
30655,1
20643,1
10017,1
9513,1
34762,1
30118,1
10983,1
29145,1
33958,1
13916,1
31390,2
27678,2
21960,1
18395,1
28909,2
15482,1
25446,1
31048,2
24137,1
33724,2
21517,1
24492,2
12923,1
24038,1
21950,1
14727,1
29838,1
22754,2
8235,1
22034,1
17830,1
27432,1
21874,1
24815,1
7639,1
9199,1
34253,1
4007,1
34288,1
30591,2
29872,1
32548,1
13570,1
15658,1
25611,2
11246,1
29013,2
27711,2
20734,1
25969,1
27085,2
5815,1
31623,2
23175,1
19790,1
25534,2
25448,1
27639,2
32693,1
7891,1
33711,1
24257,1
19913,1
24923,1
28467,1
21459,2
12793,1
8955,1
15942,1
10243,1
23885,1
29458,2
7346,1
30394,1
26328,2
28954,2
27963,2
31104,2
28097,1
6326,1
11740,1
21264,1
19393,1
25954,1
24532,2
25902,1
5607,1
23768,1
18091,1
24915,1
17711,1
18143,1
32372,1
29022,2
16735,2
27782,1
17452,1
31434,1
21802,1
27622,2
18377,1
12278,1
26449,1
29673,1
29134,1
15120,1
27138,2
26388,2
19060,2
33712,1
16939,1
23732,1
17104,1
31011,2
12864,1
29555,2
9535,1
32156,2
9984,1
18783,2
23444,1
17844,1
21100,1
24399,1
4575,1
24289,1
30742,1
34505,1
6071,1
31652,1
34520,1
24327,2
20423,2
23561,1
24789,2
17520,2
28491,2
31736,1
32863,2
22201,2
25600,2
18307,1
32032,1
27018,1
8638,2
12378,1
28715,2
5880,1
22317,1
30872,1
5063,1
3503,1
27328,1
31328,1
19140,1
6324,1
27004,1
23192,1
19325,2
29395,1
18507,1
12081,1
15715,2
31665,1
30088,1
28812,1
28352,1
18072,2
4791,1
19529,1
12794,1
23163,1
33317,1
33038,1
17820,2
10806,1
31139,1
13359,1
30572,2
33256,1
30636,1
19891,2
7174,1
22920,1
28742,2
22480,1
21929,2
16327,1
11625,1
34736,2
12928,1
6330,1
8971,1
6367,1
32517,1
27620,2
10796,1
18327,2
11869,1
26236,1
27501,1
17507,2
34403,2
10319,1
22751,2
30466,1
30497,1
20938,2
23211,1
18295,2
16525,1
27635,2
18773,1
19794,1
32419,2
22743,2
19160,1
20488,1
9161,1
17590,1
13963,1
4835,1
8931,1
24116,1
5829,1
21652,1
7609,1
32379,2
32817,1
4799,1
28786,1
32301,1
17500,2
15493,1
21017,1
31884,2
17550,2
26295,1
16169,1
13962,1
33886,2
18075,2
34556,1
33775,1
30915,1
22279,1
28205,2
13147,1
24742,1
32027,1
3506,1
19530,1
25165,1
19113,2
21435,1
5570,1
18867,1
11769,1
28208,1
32669,2
27761,1
32724,1
23698,1
28740,2
19670,1
10571,1
31366,2
27076,1
8741,1
21254,1
34710,1
20139,1
19199,1
12039,1
15155,1
23014,2
31607,2
24814,1
16546,1
10707,1
30037,2
21112,1
22501,2
15696,2
25370,2
25947,1
26451,1
33366,2
17199,1
3523,1
20959,1
30558,2
17266,1
32153,2
3999,1
25195,1
17035,2
19136,1
21791,1
24611,2
21225,1
10303,1
16505,2
12402,1
24846,2
31543,2
30375,1
16851,1
23221,1
14145,1
9434,1
25541,2
21970,2
16801,1
21442,1
23015,2
26372,2
29615,1
10252,1
17552,2
21430,1
33567,1
20767,1
25880,2
17109,1
6828,2
3517,1
21450,1
24506,1
32682,2
15173,2
31856,2
32523,1
12651,1
33468,2
21096,1
20108,2
28679,2
19608,1
11076,1
26158,1
24037,1
30202,1
18083,1
21199,2
16184,1
32708,1
14928,1
6613,1
24239,2
15936,2
26998,1
8443,1
28398,2
15967,1
30505,2
32804,2
16430,1
34714,1
19402,1
34693,2
34807,1
30098,1
9759,1
32719,1
16020,1
31656,1
22504,2
17779,2
25851,2
27241,1
18503,1
20690,1
20442,1
13162,1
12665,1
13055,1
33961,1
16026,1
10560,1
20461,1
9976,1
21239,1
8137,1
11090,1
28720,2
18373,1
20839,1
19336,2
9209,1
30715,1
32321,1
16190,2
13702,1
32962,1
15933,2
22757,2
30460,1
24043,2
5832,1
7942,1
17276,2
27534,1
31792,2
12074,1
22706,1
33129,2
16582,1
18920,1
4785,1
15755,1
31436,1
21150,2
32826,1
25805,2
27263,1
30496,2
29287,2
11321,1
31591,2
20129,1
30454,1
26337,2
14234,1
20590,1
26710,1
30596,2
13718,1
29776,2
32827,1
33880,2
16308,1
16296,1
17057,1
4527,1
15285,1
22736,1
26541,1
33676,1
27844,1
33139,2
25630,2
26351,1
31479,1
20333,1
9959,1
30183,1
21279,1
22277,1
32970,1
17242,2
34493,1
31860,2
15896,1
11770,1
25608,2
17717,1
32986,1
7975,1
24530,2
13945,1
18589,2
20349,1
26178,2
34298,1
21686,1
16796,1
32655,1
10068,1
30918,1
26457,1
24288,1
26487,1
28655,2
28779,1
25634,1
28150,1
14360,1
10793,1
8480,1
27225,2
32586,2
25949,1
29860,1
4775,1
16185,1
28828,1
29068,1
19415,1
24602,1
32445,1
33645,2
34375,1
20650,1
21669,2
32536,1
22243,2
27118,2
25540,2
26642,2
31428,1
24355,2
28026,1
31791,2
17250,2
32672,2
18348,1
23958,1
34162,2
27855,1
21495,1
23522,2
33892,2
24878,2
21203,2
10051,1
21636,1
25361,2
21878,1
4522,1
6080,1
14112,1
28818,1
32890,1
26828,2
29423,1
15230,1
20153,2
22763,2
22396,1
34470,1
20914,1
22749,2
24071,1
20936,2
29357,1
17577,1
16014,1
13901,1
26937,1
12899,1
19669,1
13870,1
20836,1
11501,1
26458,1
3238,1
33472,2
33412,1
19647,1
24036,1
31809,2
15476,1
27096,2
21869,1
15731,2
33196,2
16232,2
20945,2
28798,1
22434,1
17021,2
33606,1
