1,86
1,85
1,84
1,83
1,82
1,81
2,87
2,86
2,85
2,84
2,83
2,82
2,81
2,80
2,79
2,78
2,77
3,88
3,87
3,86
3,85
3,84
3,83
3,82
3,81
3,80
3,79
3,78
3,77
3,76
3,75
3,74
3,73
4,89
4,88
4,87
4,86
4,85
4,84
4,83
4,82
4,81
4,80
4,79
4,78
4,77
4,76
4,75
4,74
4,73
4,72
5,90
5,89
5,88
5,87
5,86
5,85
5,84
5,83
5,82
5,81
5,80
5,79
5,78
5,77
5,76
5,75
5,74
5,73
5,72
5,71
5,70
6,91
6,90
6,89
6,88
6,87
6,86
6,85
6,84
6,83
6,82
6,81
6,80
6,79
6,78
6,77
6,76
6,75
6,74
6,73
6,72
6,71
6,70
6,69
7,91
7,90
7,89
7,88
7,87
7,86
7,85
7,84
7,83
7,82
7,81
7,80
7,79
7,78
7,77
7,76
7,75
7,74
7,73
7,72
7,71
7,70
7,69
7,68
7,67
8,92
8,91
8,90
8,89
8,88
8,87
8,86
8,85
8,84
8,83
8,82
8,81
8,80
8,79
8,78
8,77
8,76
8,75
8,74
8,73
8,72
8,71
8,70
8,69
8,68
8,67
8,66
9,92
9,91
9,90
9,89
9,88
9,87
9,86
9,85
9,84
9,83
9,82
9,81
9,80
9,79
9,78
9,77
9,76
9,75
9,74
9,73
9,72
9,71
9,70
9,69
9,68
9,67
9,66
10,92
10,91
10,90
10,89
10,88
10,87
10,86
10,85
10,84
10,83
10,82
10,81
10,80
10,79
10,78
10,77
10,76
10,75
10,74
10,73
10,72
10,71
10,70
10,69
10,68
10,67
10,66
10,65
11,93
11,92
11,91
11,90
11,89
11,88
11,87
11,86
11,85
11,84
11,83
11,82
11,81
11,80
11,79
11,78
11,77
11,76
11,75
11,74
11,73
11,72
11,71
11,70
11,69
11,68
11,67
11,66
11,65
12,93
12,92
12,91
12,90
12,89
12,88
12,87
12,86
12,85
12,84
12,83
12,82
12,81
12,80
12,79
12,78
12,77
12,76
12,75
12,74
12,73
12,72
12,71
12,70
12,69
12,68
12,67
12,66
12,65
12,64
13,94
13,93
13,92
13,91
13,90
13,89
13,88
13,87
13,86
13,85
13,84
13,83
13,82
13,81
13,80
13,79
13,78
13,77
13,76
13,75
13,74
13,73
13,72
13,71
13,70
13,69
13,68
13,67
13,66
13,65
13,64
13,63
14,94
14,93
14,92
14,91
14,90
14,89
14,88
14,87
14,86
14,85
14,84
14,83
14,82
14,81
14,80
14,79
14,78
14,77
14,76
14,75
14,74
14,73
14,72
14,71
14,70
14,69
14,68
14,67
14,66
14,65
14,64
14,63
15,94
15,93
15,92
15,91
15,90
15,89
15,88
15,87
15,86
15,85
15,84
15,83
15,82
15,81
15,80
15,79
15,78
15,77
15,76
15,75
15,74
15,73
15,72
15,71
15,70
15,69
15,68
15,67
15,66
15,65
15,64
16,96
16,95
16,94
16,93
16,92
16,91
16,90
16,89
16,88
16,87
16,86
16,85
16,84
16,83
16,82
16,81
16,80
16,79
16,78
16,77
16,76
16,75
16,74
16,73
16,72
16,71
16,70
16,69
16,68
16,67
16,66
16,65
16,64
17,97
17,96
17,95
17,94
17,93
17,92
17,91
17,90
17,89
17,88
17,87
17,86
17,85
17,84
17,83
17,82
17,81
17,80
17,79
17,78
17,77
17,76
17,75
17,74
17,73
17,72
17,71
17,70
17,69
17,68
17,67
17,66
17,65
17,64
17,63
18,98
18,97
18,96
18,95
18,94
18,93
18,92
18,91
18,90
18,89
18,88
18,87
18,86
18,85
18,84
18,83
18,82
18,81
18,80
18,79
18,78
18,77
18,76
18,75
18,74
18,73
18,72
18,71
18,70
18,69
18,68
18,67
18,66
18,65
18,64
18,63
19,101
19,100
19,99
19,98
19,97
19,96
19,95
19,94
19,93
19,92
19,91
19,90
19,89
19,88
19,87
19,86
19,85
19,84
19,83
19,82
19,81
19,80
19,79
19,78
19,77
19,76
19,75
19,74
19,73
19,72
19,71
19,70
19,69
19,68
19,67
19,66
19,65
19,64
19,63
20,103
20,102
20,101
20,100
20,99
20,98
20,97
20,96
20,95
20,94
20,93
20,92
20,91
20,90
20,89
20,88
20,87
20,86
20,85
20,84
20,83
20,82
20,81
20,80
20,79
20,78
20,77
20,76
20,75
20,74
20,73
20,72
20,71
20,70
20,69
20,68
20,67
20,66
20,65
20,64
20,63
20,62
21,105
21,104
21,103
21,102
21,101
21,100
21,99
21,98
21,97
21,96
21,95
21,94
21,93
21,92
21,91
21,90
21,89
21,88
21,87
21,86
21,85
21,84
21,83
21,82
21,81
21,80
21,79
21,78
21,77
21,76
21,75
21,74
21,73
21,72
21,71
21,70
21,69
21,68
21,67
21,66
21,65
21,64
21,63
21,62
22,107
22,106
22,105
22,104
22,103
22,102
22,101
22,100
22,99
22,98
22,97
22,96
22,95
22,94
22,93
22,92
22,91
22,90
22,89
22,88
22,87
22,86
22,85
22,84
22,83
22,82
22,81
22,80
22,79
22,78
22,77
22,76
22,75
22,74
22,73
22,72
22,71
22,70
22,69
22,68
22,67
22,66
22,65
22,64
22,63
22,62
22,61
23,108
23,107
23,106
23,105
23,104
23,103
23,102
23,101
23,100
23,99
23,98
23,97
23,96
23,95
23,94
23,93
23,92
23,91
23,90
23,89
23,88
23,87
23,86
23,85
23,84
23,83
23,82
23,81
23,80
23,79
23,78
23,77
23,76
23,75
23,74
23,73
23,72
23,71
23,70
23,69
23,68
23,67
23,66
23,65
23,64
23,63
23,62
23,61
24,110
24,109
24,108
24,107
24,106
24,105
24,104
24,103
24,102
24,101
24,100
24,99
24,98
24,97
24,96
24,95
24,94
24,93
24,92
24,91
24,90
24,89
24,88
24,87
24,86
24,85
24,84
24,83
24,82
24,81
24,80
24,79
24,78
24,77
24,76
24,75
24,74
24,73
24,72
24,71
24,70
24,69
24,68
24,67
24,66
24,65
24,64
24,63
24,62
24,61
24,60
25,112
25,111
25,110
25,109
25,108
25,107
25,106
25,105
25,104
25,103
25,102
25,101
25,100
25,99
25,98
25,97
25,96
25,95
25,94
25,93
25,92
25,91
25,90
25,89
25,88
25,87
25,86
25,85
25,84
25,83
25,82
25,81
25,80
25,79
25,78
25,77
25,76
25,75
25,74
25,73
25,72
25,71
25,70
25,69
25,68
25,67
25,66
25,65
25,64
25,63
25,62
25,61
25,60
26,113
26,112
26,111
26,110
26,109
26,108
26,107
26,106
26,105
26,104
26,103
26,102
26,101
26,100
26,99
26,98
26,97
26,96
26,95
26,94
26,93
26,92
26,91
26,90
26,89
26,88
26,87
26,86
26,85
26,84
26,83
26,82
26,81
26,80
26,79
26,78
26,77
26,76
26,75
26,74
26,73
26,72
26,71
26,70
26,69
26,68
26,67
26,66
26,65
26,64
26,63
26,62
26,61
26,60
27,114
27,113
27,112
27,111
27,110
27,109
27,108
27,107
27,106
27,105
27,104
27,103
27,102
27,101
27,100
27,99
27,98
27,97
27,96
27,95
27,94
27,93
27,92
27,91
27,90
27,89
27,88
27,87
27,86
27,85
27,84
27,83
27,82
27,81
27,80
27,79
27,78
27,77
27,76
27,75
27,74
27,73
27,72
27,71
27,70
27,69
27,68
27,67
27,66
27,65
27,64
27,63
27,62
27,61
27,60
27,59
28,115
28,114
28,113
28,112
28,111
28,110
28,109
28,108
28,107
28,106
28,105
28,104
28,103
28,102
28,101
28,100
28,99
28,98
28,97
28,96
28,95
28,94
28,93
28,92
28,91
28,90
28,89
28,88
28,87
28,86
28,85
28,84
28,83
28,82
28,81
28,80
28,79
28,78
28,77
28,76
28,75
28,74
28,73
28,72
28,71
28,70
28,69
28,68
28,67
28,66
28,65
28,64
28,63
28,62
28,61
28,60
28,59
29,116
29,115
29,114
29,113
29,112
29,111
29,110
29,109
29,108
29,107
29,106
29,105
29,104
29,103
29,102
29,101
29,100
29,99
29,98
29,97
29,96
29,95
29,94
29,93
29,92
29,91
29,90
29,89
29,88
29,87
29,86
29,85
29,84
29,83
29,82
29,81
29,80
29,79
29,78
29,77
29,76
29,75
29,74
29,73
29,72
29,71
29,70
29,69
29,68
29,67
29,66
29,65
29,64
29,63
29,62
29,61
29,60
29,59
30,117
30,116
30,115
30,114
30,113
30,112
30,111
30,110
30,109
30,108
30,107
30,106
30,105
30,104
30,103
30,102
30,101
30,100
30,99
30,98
30,97
30,96
30,95
30,94
30,93
30,92
30,91
30,90
30,89
30,88
30,87
30,86
30,85
30,84
30,83
30,82
30,81
30,80
30,79
30,78
30,77
30,76
30,75
30,74
30,73
30,72
30,71
30,70
30,69
30,68
30,67
30,66
30,65
30,64
30,63
30,62
30,61
30,60
30,59
30,58
31,119
31,118
31,117
31,116
31,115
31,114
31,113
31,112
31,111
31,110
31,109
31,108
31,107
31,106
31,105
31,104
31,103
31,102
31,101
31,100
31,99
31,98
31,97
31,96
31,95
31,94
31,93
31,92
31,91
31,90
31,89
31,88
31,87
31,86
31,85
31,84
31,83
31,82
31,81
31,80
31,79
31,78
31,77
31,76
31,75
31,74
31,73
31,72
31,71
31,70
31,69
31,68
31,67
31,66
31,65
31,64
31,63
31,62
31,61
31,60
31,59
31,58
32,120
32,119
32,118
32,117
32,116
32,115
32,114
32,113
32,112
32,111
32,110
32,109
32,108
32,107
32,106
32,105
32,104
32,103
32,102
32,101
32,100
32,99
32,98
32,97
32,96
32,95
32,94
32,93
32,92
32,91
32,90
32,89
32,88
32,87
32,86
32,85
32,84
32,83
32,82
32,81
32,80
32,79
32,78
32,77
32,76
32,75
32,74
32,73
32,72
32,71
32,70
32,69
32,68
32,67
32,66
32,65
32,64
32,63
32,62
32,61
32,60
32,59
32,58
33,121
33,120
33,119
33,118
33,117
33,116
33,115
33,114
33,113
33,112
33,111
33,110
33,109
33,108
33,107
33,106
33,105
33,104
33,103
33,102
33,101
33,100
33,99
33,98
33,97
33,96
33,95
33,94
33,93
33,92
33,91
33,90
33,89
33,88
33,87
33,86
33,85
33,84
33,83
33,82
33,81
33,80
33,79
33,78
33,77
33,76
33,75
33,74
33,73
33,72
33,71
33,70
33,69
33,68
33,67
33,66
33,65
33,64
33,63
33,62
33,61
33,60
33,59
33,58
34,122
34,121
34,120
34,119
34,118
34,117
34,116
34,115
34,114
34,113
34,112
34,111
34,110
34,109
34,108
34,107
34,106
34,105
34,104
34,103
34,102
34,101
34,100
34,99
34,98
34,97
34,96
34,95
34,94
34,93
34,92
34,91
34,90
34,89
34,88
34,87
34,86
34,85
34,84
34,83
34,82
34,81
34,80
34,79
34,78
34,77
34,76
34,75
34,74
34,73
34,72
34,71
34,70
34,69
34,68
34,67
34,66
34,65
34,64
34,63
34,62
34,61
34,60
34,59
34,58
34,57
35,123
35,122
35,121
35,120
35,119
35,118
35,117
35,116
35,115
35,114
35,113
35,112
35,111
35,110
35,109
35,108
35,107
35,106
35,105
35,104
35,103
35,102
35,101
35,100
35,99
35,98
35,97
35,96
35,95
35,94
35,93
35,92
35,91
35,90
35,89
35,88
35,87
35,86
35,85
35,84
35,83
35,82
35,81
35,80
35,79
35,78
35,77
35,76
35,75
35,74
35,73
35,72
35,71
35,70
35,69
35,68
35,67
35,66
35,65
35,64
35,63
35,62
35,61
35,60
35,59
35,58
35,57
36,124
36,123
36,122
36,121
36,120
36,119
36,118
36,117
36,116
36,115
36,114
36,113
36,112
36,111
36,110
36,109
36,108
36,107
36,106
36,105
36,104
36,103
36,102
36,101
36,100
36,99
36,98
36,97
36,96
36,95
36,94
36,93
36,92
36,91
36,90
36,89
36,88
36,87
36,86
36,85
36,84
36,83
36,82
36,81
36,80
36,79
36,78
36,77
36,76
36,75
36,74
36,73
36,72
36,71
36,70
36,69
36,68
36,67
36,66
36,65
36,64
36,63
36,62
36,61
36,60
36,59
36,58
36,57
37,125
37,124
37,123
37,122
37,121
37,120
37,119
37,118
37,117
37,116
37,115
37,114
37,113
37,112
37,111
37,110
37,109
37,108
37,107
37,106
37,105
37,104
37,103
37,102
37,101
37,100
37,99
37,98
37,97
37,96
37,95
37,94
37,93
37,92
37,91
37,90
37,89
37,88
37,87
37,86
37,85
37,84
37,83
37,82
37,81
37,80
37,79
37,78
37,77
37,76
37,75
37,74
37,73
37,72
37,71
37,70
37,69
37,68
37,67
37,66
37,65
37,64
37,63
37,62
37,61
37,60
37,59
37,58
37,57
37,56
38,126
38,125
38,124
38,123
38,122
38,121
38,120
38,119
38,118
38,117
38,116
38,115
38,114
38,113
38,112
38,111
38,110
38,109
38,108
38,107
38,106
38,105
38,104
38,103
38,102
38,101
38,100
38,99
38,98
38,97
38,96
38,95
38,94
38,93
38,92
38,91
38,90
38,89
38,88
38,87
38,86
38,85
38,84
38,83
38,82
38,81
38,80
38,79
38,78
38,77
38,76
38,75
38,74
38,73
38,72
38,71
38,70
38,69
38,68
38,67
38,66
38,65
38,64
38,63
38,62
38,61
38,60
38,59
38,58
38,57
38,56
39,127
39,126
39,125
39,124
39,123
39,122
39,121
39,120
39,119
39,118
39,117
39,116
39,115
39,114
39,113
39,112
39,111
39,110
39,109
39,108
39,107
39,106
39,105
39,104
39,103
39,102
39,101
39,100
39,99
39,98
39,97
39,96
39,95
39,94
39,93
39,92
39,91
39,90
39,89
39,88
39,87
39,86
39,85
39,84
39,83
39,82
39,81
39,80
39,79
39,78
39,77
39,76
39,75
39,74
39,73
39,72
39,71
39,70
39,69
39,68
39,67
39,66
39,65
39,64
39,63
39,62
39,61
39,60
39,59
39,58
39,57
39,56
40,129
40,128
40,127
40,126
40,125
40,124
40,123
40,122
40,121
40,120
40,119
40,118
40,117
40,116
40,115
40,114
40,113
40,112
40,111
40,110
40,109
40,108
40,107
40,106
40,105
40,104
40,103
40,102
40,101
40,100
40,99
40,98
40,97
40,96
40,95
40,94
40,93
40,92
40,91
40,90
40,89
40,88
40,87
40,86
40,85
40,84
40,83
40,82
40,81
40,80
40,79
40,78
40,77
40,76
40,75
40,74
40,73
40,72
40,71
40,70
40,69
40,68
40,67
40,66
40,65
40,64
40,63
40,62
40,61
40,60
40,59
40,58
40,57
40,56
40,55
41,130
41,129
41,128
41,127
41,126
41,125
41,124
41,123
41,122
41,121
41,120
41,119
41,118
41,117
41,116
41,115
41,114
41,113
41,112
41,111
41,110
41,109
41,108
41,107
41,106
41,105
41,104
41,103
41,102
41,101
41,100
41,99
41,98
41,97
41,96
41,95
41,94
41,93
41,92
41,91
41,90
41,89
41,88
41,87
41,86
41,85
41,84
41,83
41,82
41,81
41,80
41,79
41,78
41,77
41,76
41,75
41,74
41,73
41,72
41,71
41,70
41,69
41,68
41,67
41,66
41,65
41,64
41,63
41,62
41,61
41,60
41,59
41,58
41,57
41,56
41,55
42,131
42,130
42,129
42,128
42,127
42,126
42,125
42,124
42,123
42,122
42,121
42,120
42,119
42,118
42,117
42,116
42,115
42,114
42,113
42,112
42,111
42,110
42,109
42,108
42,107
42,106
42,105
42,104
42,103
42,102
42,101
42,100
42,99
42,98
42,97
42,96
42,95
42,94
42,93
42,92
42,91
42,90
42,89
42,88
42,87
42,86
42,85
42,84
42,83
42,82
42,81
42,80
42,79
42,78
42,77
42,76
42,75
42,74
42,73
42,72
42,71
42,70
42,69
42,68
42,67
42,66
42,65
42,64
42,63
42,62
42,61
42,60
42,59
42,58
42,57
42,56
42,55
43,132
43,131
43,130
43,129
43,128
43,127
43,126
43,125
43,124
43,123
43,122
43,121
43,120
43,119
43,118
43,117
43,116
43,115
43,114
43,113
43,112
43,111
43,110
43,109
43,108
43,107
43,106
43,105
43,104
43,103
43,102
43,101
43,100
43,99
43,98
43,97
43,96
43,95
43,94
43,93
43,92
43,91
43,90
43,89
43,88
43,87
43,86
43,85
43,84
43,83
43,82
43,81
43,80
43,79
43,78
43,77
43,76
43,75
43,74
43,73
43,72
43,71
43,70
43,69
43,68
43,67
43,66
43,65
43,64
43,63
43,62
43,61
43,60
43,59
43,58
43,57
43,56
43,55
43,54
44,132
44,131
44,130
44,129
44,128
44,127
44,126
44,125
44,124
44,123
44,122
44,121
44,120
44,119
44,118
44,117
44,116
44,115
44,114
44,113
44,112
44,111
44,110
44,109
44,108
44,107
44,106
44,105
44,104
44,103
44,102
44,101
44,100
44,99
44,98
44,97
44,96
44,95
44,94
44,93
44,92
44,91
44,90
44,89
44,88
44,87
44,86
44,85
44,84
44,83
44,82
44,81
44,80
44,79
44,78
44,77
44,76
44,75
44,74
44,73
44,72
44,71
44,70
44,69
44,68
44,67
44,66
44,65
44,64
44,63
44,62
44,61
44,60
44,59
44,58
44,57
44,56
44,55
44,54
45,134
45,133
45,132
45,131
45,130
45,129
45,128
45,127
45,126
45,125
45,124
45,123
45,122
45,121
45,120
45,119
45,118
45,117
45,116
45,115
45,114
45,113
45,112
45,111
45,110
45,109
45,108
45,107
45,106
45,105
45,104
45,103
45,102
45,101
45,100
45,99
45,98
45,97
45,96
45,95
45,94
45,93
45,92
45,91
45,90
45,89
45,88
45,87
45,86
45,85
45,84
45,83
45,82
45,81
45,80
45,79
45,78
45,77
45,76
45,75
45,74
45,73
45,72
45,71
45,70
45,69
45,68
45,67
45,66
45,65
45,64
45,63
45,62
45,61
45,60
45,59
45,58
45,57
45,56
45,55
45,54
46,134
46,133
46,132
46,131
46,130
46,129
46,128
46,127
46,126
46,125
46,124
46,123
46,122
46,121
46,120
46,119
46,118
46,117
46,116
46,115
46,114
46,113
46,112
46,111
46,110
46,109
46,108
46,107
46,106
46,105
46,104
46,103
46,102
46,101
46,100
46,99
46,98
46,97
46,96
46,95
46,94
46,93
46,92
46,91
46,90
46,89
46,88
46,87
46,86
46,85
46,84
46,83
46,82
46,81
46,80
46,79
46,78
46,77
46,76
46,75
46,74
46,73
46,72
46,71
46,70
46,69
46,68
46,67
46,66
46,65
46,64
46,63
46,62
46,61
46,60
46,59
46,58
46,57
46,56
46,55
46,54
47,135
47,134
47,133
47,132
47,131
47,130
47,129
47,128
47,127
47,126
47,125
47,124
47,123
47,122
47,121
47,120
47,119
47,118
47,117
47,116
47,115
47,114
47,113
47,112
47,111
47,110
47,109
47,108
47,107
47,106
47,105
47,104
47,103
47,102
47,101
47,100
47,99
47,98
47,97
47,96
47,95
47,94
47,93
47,92
47,91
47,90
47,89
47,88
47,87
47,86
47,85
47,84
47,83
47,82
47,81
47,80
47,79
47,78
47,77
47,76
47,75
47,74
47,73
47,72
47,71
47,70
47,69
47,68
47,67
47,66
47,65
47,64
47,63
47,62
47,61
47,60
47,59
47,58
47,57
47,56
47,55
47,54
48,136
48,135
48,134
48,133
48,132
48,131
48,130
48,129
48,128
48,127
48,126
48,125
48,124
48,123
48,122
48,121
48,120
48,119
48,118
48,117
48,116
48,115
48,114
48,113
48,112
48,111
48,110
48,109
48,108
48,107
48,106
48,105
48,104
48,103
48,102
48,101
48,100
48,99
48,98
48,97
48,96
48,95
48,94
48,93
48,92
48,91
48,90
48,89
48,88
48,87
48,86
48,85
48,84
48,83
48,82
48,81
48,80
48,79
48,78
48,77
48,76
48,75
48,74
48,73
48,72
48,71
48,70
48,69
48,68
48,67
48,66
48,65
48,64
48,63
48,62
48,61
48,60
48,59
48,58
48,57
48,56
48,55
48,54
48,53
49,137
49,136
49,135
49,134
49,133
49,132
49,131
49,130
49,129
49,128
49,127
49,126
49,125
49,124
49,123
49,122
49,121
49,120
49,119
49,118
49,117
49,116
49,115
49,114
49,113
49,112
49,111
49,110
49,109
49,108
49,107
49,106
49,105
49,104
49,103
49,102
49,101
49,100
49,99
49,98
49,97
49,96
49,95
49,94
49,93
49,92
49,91
49,90
49,89
49,88
49,87
49,86
49,85
49,84
49,83
49,82
49,81
49,80
49,79
49,78
49,77
49,76
49,75
49,74
49,73
49,72
49,71
49,70
49,69
49,68
49,67
49,66
49,65
49,64
49,63
49,62
49,61
49,60
49,59
49,58
49,57
49,56
49,55
49,54
49,53
50,138
50,137
50,136
50,135
50,134
50,133
50,132
50,131
50,130
50,129
50,128
50,127
50,126
50,125
50,124
50,123
50,122
50,121
50,120
50,119
50,118
50,117
50,116
50,115
50,114
50,113
50,112
50,111
50,110
50,109
50,108
50,107
50,106
50,105
50,104
50,103
50,102
50,101
50,100
50,99
50,98
50,97
50,96
50,95
50,94
50,93
50,92
50,91
50,90
50,89
50,88
50,87
50,86
50,85
50,84
50,83
50,82
50,81
50,80
50,79
50,78
50,77
50,76
50,75
50,74
50,73
50,72
50,71
50,70
50,69
50,68
50,67
50,66
50,65
50,64
50,63
50,62
50,61
50,60
50,59
50,58
50,57
50,56
50,55
50,54
50,53
50,139
50,138
50,137
50,136
50,135
50,134
50,133
50,132
50,131
50,130
50,129
50,128
50,127
50,126
50,125
50,124
50,123
50,122
50,121
50,120
50,119
50,118
50,117
50,116
50,115
50,114
50,113
50,112
50,111
50,110
50,109
50,108
50,107
50,106
50,105
50,104
50,103
50,102
50,101
50,100
50,99
50,98
50,97
50,96
50,95
50,94
50,93
50,92
50,91
50,90
50,89
50,88
50,87
50,86
50,85
50,84
50,83
50,82
50,81
50,80
50,79
50,78
50,77
50,76
50,75
50,74
50,73
50,72
50,71
50,70
50,69
50,68
50,67
50,66
50,65
50,64
50,63
50,62
50,61
50,60
50,59
50,58
50,57
50,56
50,55
50,54
50,53
50,52
51,140
51,139
51,138
51,137
51,136
51,135
51,134
51,133
51,132
51,131
51,130
51,129
51,128
51,127
51,126
51,125
51,124
51,123
51,122
51,121
51,120
51,119
51,118
51,117
51,116
51,115
51,114
51,113
51,112
51,111
51,110
51,109
51,108
51,107
51,106
51,105
51,104
51,103
51,102
51,101
51,100
51,99
51,98
51,97
51,96
51,95
51,94
51,93
51,92
51,91
51,90
51,89
51,88
51,87
51,86
51,85
51,84
51,83
51,82
51,81
51,80
51,79
51,78
51,77
51,76
51,75
51,74
51,73
51,72
51,71
51,70
51,69
51,68
51,67
51,66
51,65
51,64
51,63
51,62
51,61
51,60
51,59
51,58
51,57
51,56
51,55
51,54
51,53
51,52
52,141
52,140
52,139
52,138
52,137
52,136
52,135
52,134
52,133
52,132
52,131
52,130
52,129
52,128
52,127
52,126
52,125
52,124
52,123
52,122
52,121
52,120
52,119
52,118
52,117
52,116
52,115
52,114
52,113
52,112
52,111
52,110
52,109
52,108
52,107
52,106
52,105
52,104
52,103
52,102
52,101
52,100
52,99
52,98
52,97
52,96
52,95
52,94
52,93
52,92
52,91
52,90
52,89
52,88
52,87
52,86
52,85
52,84
52,83
52,82
52,81
52,80
52,79
52,78
52,77
52,76
52,75
52,74
52,73
52,72
52,71
52,70
52,69
52,68
52,67
52,66
52,65
52,64
52,63
52,62
52,61
52,60
52,59
52,58
52,57
52,56
52,55
52,54
52,53
52,52
53,142
53,141
53,140
53,139
53,138
53,137
53,136
53,135
53,134
53,133
53,132
53,131
53,130
53,129
53,128
53,127
53,126
53,125
53,124
53,123
53,122
53,121
53,120
53,119
53,118
53,117
53,116
53,115
53,114
53,113
53,112
53,111
53,110
53,109
53,108
53,107
53,106
53,105
53,104
53,103
53,102
53,101
53,100
53,99
53,98
53,97
53,96
53,95
53,94
53,93
53,92
53,91
53,90
53,89
53,88
53,87
53,86
53,85
53,84
53,83
53,82
53,81
53,80
53,79
53,78
53,77
53,76
53,75
53,74
53,73
53,72
53,71
53,70
53,69
53,68
53,67
53,66
53,65
53,64
53,63
53,62
53,61
53,60
53,59
53,58
53,57
53,56
53,55
53,54
53,53
53,52
53,51
54,143
54,142
54,141
54,140
54,139
54,138
54,137
54,136
54,135
54,134
54,133
54,132
54,131
54,130
54,129
54,128
54,127
54,126
54,125
54,124
54,123
54,122
54,121
54,120
54,119
54,118
54,117
54,116
54,115
54,114
54,113
54,112
54,111
54,110
54,109
54,108
54,107
54,106
54,105
54,104
54,103
54,102
54,101
54,100
54,99
54,98
54,97
54,96
54,95
54,94
54,93
54,92
54,91
54,90
54,89
54,88
54,87
54,86
54,85
54,84
54,83
54,82
54,81
54,80
54,79
54,78
54,77
54,76
54,75
54,74
54,73
54,72
54,71
54,70
54,69
54,68
54,67
54,66
54,65
54,64
54,63
54,62
54,61
54,60
54,59
54,58
54,57
54,56
54,55
54,54
54,53
54,52
54,51
55,144
55,143
55,142
55,141
55,140
55,139
55,138
55,137
55,136
55,135
55,134
55,133
55,132
55,131
55,130
55,129
55,128
55,127
55,126
55,125
55,124
55,123
55,122
55,121
55,120
55,119
55,118
55,117
55,116
55,115
55,114
55,113
55,112
55,111
55,110
55,109
55,108
55,107
55,106
55,105
55,104
55,103
55,102
55,101
55,100
55,99
55,98
55,97
55,96
55,95
55,94
55,93
55,92
55,91
55,90
55,89
55,88
55,87
55,86
55,85
55,84
55,83
55,82
55,81
55,80
55,79
55,78
55,77
55,76
55,75
55,74
55,73
55,72
55,71
55,70
55,69
55,68
55,67
55,66
55,65
55,64
55,63
55,62
55,61
55,60
55,59
55,58
55,57
55,56
55,55
55,54
55,53
55,52
55,51
56,144
56,143
56,142
56,141
56,140
56,139
56,138
56,137
56,136
56,135
56,134
56,133
56,132
56,131
56,130
56,129
56,128
56,127
56,126
56,125
56,124
56,123
56,122
56,121
56,120
56,119
56,118
56,117
56,116
56,115
56,114
56,113
56,112
56,111
56,110
56,109
56,108
56,107
56,106
56,105
56,104
56,103
56,102
56,101
56,100
56,99
56,98
56,97
56,96
56,95
56,94
56,93
56,92
56,91
56,90
56,89
56,88
56,87
56,86
56,85
56,84
56,83
56,82
56,81
56,80
56,79
56,78
56,77
56,76
56,75
56,74
56,73
56,72
56,71
56,70
56,69
56,68
56,67
56,66
56,65
56,64
56,63
56,62
56,61
56,60
56,59
56,58
56,57
56,56
56,55
56,54
56,53
56,52
56,51
57,145
57,144
57,143
57,142
57,141
57,140
57,139
57,138
57,137
57,136
57,135
57,134
57,133
57,132
57,131
57,130
57,129
57,128
57,127
57,126
57,125
57,124
57,123
57,122
57,121
57,120
57,119
57,118
57,117
57,116
57,115
57,114
57,113
57,112
57,111
57,110
57,109
57,108
57,107
57,106
57,105
57,104
57,103
57,102
57,101
57,100
57,99
57,98
57,97
57,96
57,95
57,94
57,93
57,92
57,91
57,90
57,89
57,88
57,87
57,86
57,85
57,84
57,83
57,82
57,81
57,80
57,79
57,78
57,77
57,76
57,75
57,74
57,73
57,72
57,71
57,70
57,69
57,68
57,67
57,66
57,65
57,64
57,63
57,62
57,61
57,60
57,59
57,58
57,57
57,56
57,55
57,54
57,53
57,52
57,51
57,50
58,145
58,144
58,143
58,142
58,141
58,140
58,139
58,138
58,137
58,136
58,135
58,134
58,133
58,132
58,131
58,130
58,129
58,128
58,127
58,126
58,125
58,124
58,123
58,122
58,121
58,120
58,119
58,118
58,117
58,116
58,115
58,114
58,113
58,112
58,111
58,110
58,109
58,108
58,107
58,106
58,105
58,104
58,103
58,102
58,101
58,100
58,99
58,98
58,97
58,96
58,95
58,94
58,93
58,92
58,91
58,90
58,89
58,88
58,87
58,86
58,85
58,84
58,83
58,82
58,81
58,80
58,79
58,78
58,77
58,76
58,75
58,74
58,73
58,72
58,71
58,70
58,69
58,68
58,67
58,66
58,65
58,64
58,63
58,62
58,61
58,60
58,59
58,58
58,57
58,56
58,55
58,54
58,53
58,52
58,51
58,50
59,146
59,145
59,144
59,143
59,142
59,141
59,140
59,139
59,138
59,137
59,136
59,135
59,134
59,133
59,132
59,131
59,130
59,129
59,128
59,127
59,126
59,125
59,124
59,123
59,122
59,121
59,120
59,119
59,118
59,117
59,116
59,115
59,114
59,113
59,112
59,111
59,110
59,109
59,108
59,107
59,106
59,105
59,104
59,103
59,102
59,101
59,100
59,99
59,98
59,97
59,96
59,95
59,94
59,93
59,92
59,91
59,90
59,89
59,88
59,87
59,86
59,85
59,84
59,83
59,82
59,81
59,80
59,79
59,78
59,77
59,76
59,75
59,74
59,73
59,72
59,71
59,70
59,69
59,68
59,67
59,66
59,65
59,64
59,63
59,62
59,61
59,60
59,59
59,58
59,57
59,56
59,55
59,54
59,53
59,52
59,51
59,50
59,49
60,146
60,145
60,144
60,143
60,142
60,141
60,140
60,139
60,138
60,137
60,136
60,135
60,134
60,133
60,132
60,131
60,130
60,129
60,128
60,127
60,126
60,125
60,124
60,123
60,122
60,121
60,120
60,119
60,118
60,117
60,116
60,115
60,114
60,113
60,112
60,111
60,110
60,109
60,108
60,107
60,106
60,105
60,104
60,103
60,102
60,101
60,100
60,99
60,98
60,97
60,96
60,95
60,94
60,93
60,92
60,91
60,90
60,89
60,88
60,87
60,86
60,85
60,84
60,83
60,82
60,81
60,80
60,79
60,78
60,77
60,76
60,75
60,74
60,73
60,72
60,71
60,70
60,69
60,68
60,67
60,66
60,65
60,64
60,63
60,62
60,61
60,60
60,59
60,58
60,57
60,56
60,55
60,54
60,53
60,52
60,51
60,50
60,49
60,48
61,147
61,146
61,145
61,144
61,143
61,142
61,141
61,140
61,139
61,138
61,137
61,136
61,135
61,134
61,133
61,132
61,131
61,130
61,129
61,128
61,127
61,126
61,125
61,124
61,123
61,122
61,121
61,120
61,119
61,118
61,117
61,116
61,115
61,114
61,113
61,112
61,111
61,110
61,109
61,108
61,107
61,106
61,105
61,104
61,103
61,102
61,101
61,100
61,99
61,98
61,97
61,96
61,95
61,94
61,93
61,92
61,91
61,90
61,89
61,88
61,87
61,86
61,85
61,84
61,83
61,82
61,81
61,80
61,79
61,78
61,77
61,76
61,75
61,74
61,73
61,72
61,71
61,70
61,69
61,68
61,67
61,66
61,65
61,64
61,63
61,62
61,61
61,60
61,59
61,58
61,57
61,56
61,55
61,54
61,53
61,52
61,51
61,50
61,49
61,48
62,147
62,146
62,145
62,144
62,143
62,142
62,141
62,140
62,139
62,138
62,137
62,136
62,135
62,134
62,133
62,132
62,131
62,130
62,129
62,128
62,127
62,126
62,125
62,124
62,123
62,122
62,121
62,120
62,119
62,118
62,117
62,116
62,115
62,114
62,113
62,112
62,111
62,110
62,109
62,108
62,107
62,106
62,105
62,104
62,103
62,102
62,101
62,100
62,99
62,98
62,97
62,96
62,95
62,94
62,93
62,92
62,91
62,90
62,89
62,88
62,87
62,86
62,85
62,84
62,83
62,82
62,81
62,80
62,79
62,78
62,77
62,76
62,75
62,74
62,73
62,72
62,71
62,70
62,69
62,68
62,67
62,66
62,65
62,64
62,63
62,62
62,61
62,60
62,59
62,58
62,57
62,56
62,55
62,54
62,53
62,52
62,51
62,50
62,49
62,48
62,47
62,46
63,148
63,147
63,146
63,145
63,144
63,143
63,142
63,141
63,140
63,139
63,138
63,137
63,136
63,135
63,134
63,133
63,132
63,131
63,130
63,129
63,128
63,127
63,126
63,125
63,124
63,123
63,122
63,121
63,120
63,119
63,118
63,117
63,116
63,115
63,114
63,113
63,112
63,111
63,110
63,109
63,108
63,107
63,106
63,105
63,104
63,103
63,102
63,101
63,100
63,99
63,98
63,97
63,96
63,95
63,94
63,93
63,92
63,91
63,90
63,89
63,88
63,87
63,86
63,85
63,84
63,83
63,82
63,81
63,80
63,79
63,78
63,77
63,76
63,75
63,74
63,73
63,72
63,71
63,70
63,69
63,68
63,67
63,66
63,65
63,64
63,63
63,62
63,61
63,60
63,59
63,58
63,57
63,56
63,55
63,54
63,53
63,52
63,51
63,50
63,49
63,48
63,47
63,46
63,45
64,148
64,147
64,146
64,145
64,144
64,143
64,142
64,141
64,140
64,139
64,138
64,137
64,136
64,135
64,134
64,133
64,132
64,131
64,130
64,129
64,128
64,127
64,126
64,125
64,124
64,123
64,122
64,121
64,120
64,119
64,118
64,117
64,116
64,115
64,114
64,113
64,112
64,111
64,110
64,109
64,108
64,107
64,106
64,105
64,104
64,103
64,102
64,101
64,100
64,99
64,98
64,97
64,96
64,95
64,94
64,93
64,92
64,91
64,90
64,89
64,88
64,87
64,86
64,85
64,84
64,83
64,82
64,81
64,80
64,79
64,78
64,77
64,76
64,75
64,74
64,73
64,72
64,71
64,70
64,69
64,68
64,67
64,66
64,65
64,64
64,63
64,62
64,61
64,60
64,59
64,58
64,57
64,56
64,55
64,54
64,53
64,52
64,51
64,50
64,49
64,48
64,47
64,46
64,45
64,44
65,149
65,148
65,147
65,146
65,145
65,144
65,143
65,142
65,141
65,140
65,139
65,138
65,137
65,136
65,135
65,134
65,133
65,132
65,131
65,130
65,129
65,128
65,127
65,126
65,125
65,124
65,123
65,122
65,121
65,120
65,119
65,118
65,117
65,116
65,115
65,114
65,113
65,112
65,111
65,110
65,109
65,108
65,107
65,106
65,105
65,104
65,103
65,102
65,101
65,100
65,99
65,98
65,97
65,96
65,95
65,94
65,93
65,92
65,91
65,90
65,89
65,88
65,87
65,86
65,85
65,84
65,83
65,82
65,81
65,80
65,79
65,78
65,77
65,76
65,75
65,74
65,73
65,72
65,71
65,70
65,69
65,68
65,67
65,66
65,65
65,64
65,63
65,62
65,61
65,60
65,59
65,58
65,57
65,56
65,55
65,54
65,53
65,52
65,51
65,50
65,49
65,48
65,47
65,46
65,45
65,44
65,43
66,149
66,148
66,147
66,146
66,145
66,144
66,143
66,142
66,141
66,140
66,139
66,138
66,137
66,136
66,135
66,134
66,133
66,132
66,131
66,130
66,129
66,128
66,127
66,126
66,125
66,124
66,123
66,122
66,121
66,120
66,119
66,118
66,117
66,116
66,115
66,114
66,113
66,112
66,111
66,110
66,109
66,108
66,107
66,106
66,105
66,104
66,103
66,102
66,101
66,100
66,99
66,98
66,97
66,96
66,95
66,94
66,93
66,92
66,91
66,90
66,89
66,88
66,87
66,86
66,85
66,84
66,83
66,82
66,81
66,80
66,79
66,78
66,77
66,76
66,75
66,74
66,73
66,72
66,71
66,70
66,69
66,68
66,67
66,66
66,65
66,64
66,63
66,62
66,61
66,60
66,59
66,58
66,57
66,56
66,55
66,54
66,53
66,52
66,51
66,50
66,49
66,48
66,47
66,46
66,45
66,44
66,43
67,149
67,148
67,147
67,146
67,145
67,144
67,143
67,142
67,141
67,140
67,139
67,138
67,137
67,136
67,135
67,134
67,133
67,132
67,131
67,130
67,129
67,128
67,127
67,126
67,125
67,124
67,123
67,122
67,121
67,120
67,119
67,118
67,117
67,116
67,115
67,114
67,113
67,112
67,111
67,110
67,109
67,108
67,107
67,106
67,105
67,104
67,103
67,102
67,101
67,100
67,99
67,98
67,97
67,96
67,95
67,94
67,93
67,92
67,91
67,90
67,89
67,88
67,87
67,86
67,85
67,84
67,83
67,82
67,81
67,80
67,79
67,78
67,77
67,76
67,75
67,74
67,73
67,72
67,71
67,70
67,69
67,68
67,67
67,66
67,65
67,64
67,63
67,62
67,61
67,60
67,59
67,58
67,57
67,56
67,55
67,54
67,53
67,52
67,51
67,50
67,49
67,48
67,47
67,46
67,45
67,44
67,43
68,150
68,149
68,148
68,147
68,146
68,145
68,144
68,143
68,142
68,141
68,140
68,139
68,138
68,137
68,136
68,135
68,134
68,133
68,132
68,131
68,130
68,129
68,128
68,127
68,126
68,125
68,124
68,123
68,122
68,121
68,120
68,119
68,118
68,117
68,116
68,115
68,114
68,113
68,112
68,111
68,110
68,109
68,108
68,107
68,106
68,105
68,104
68,103
68,102
68,101
68,100
68,99
68,98
68,97
68,96
68,95
68,94
68,93
68,92
68,91
68,90
68,89
68,88
68,87
68,86
68,85
68,84
68,83
68,82
68,81
68,80
68,79
68,78
68,77
68,76
68,75
68,74
68,73
68,72
68,71
68,70
68,69
68,68
68,67
68,66
68,65
68,64
68,63
68,62
68,61
68,60
68,59
68,58
68,57
68,56
68,55
68,54
68,53
68,52
68,51
68,50
68,49
68,48
68,47
68,46
68,45
68,44
68,43
69,150
69,149
69,148
69,147
69,146
69,145
69,144
69,143
69,142
69,141
69,140
69,139
69,138
69,137
69,136
69,135
69,134
69,133
69,132
69,131
69,130
69,129
69,128
69,127
69,126
69,125
69,124
69,123
69,122
69,121
69,120
69,119
69,118
69,117
69,116
69,115
69,114
69,113
69,112
69,111
69,110
69,109
69,108
69,107
69,106
69,105
69,104
69,103
69,102
69,101
69,100
69,99
69,98
69,97
69,96
69,95
69,94
69,93
69,92
69,91
69,90
69,89
69,88
69,87
69,86
69,85
69,84
69,83
69,82
69,81
69,80
69,79
69,78
69,77
69,76
69,75
69,74
69,73
69,72
69,71
69,70
69,69
69,68
69,67
69,66
69,65
69,64
69,63
69,62
69,61
69,60
69,59
69,58
69,57
69,56
69,55
69,54
69,53
69,52
69,51
69,50
69,49
69,48
69,47
69,46
69,45
69,44
69,43
70,150
70,149
70,148
70,147
70,146
70,145
70,144
70,143
70,142
70,141
70,140
70,139
70,138
70,137
70,136
70,135
70,134
70,133
70,132
70,131
70,130
70,129
70,128
70,127
70,126
70,125
70,124
70,123
70,122
70,121
70,120
70,119
70,118
70,117
70,116
70,115
70,114
70,113
70,112
70,111
70,110
70,109
70,108
70,107
70,106
70,105
70,104
70,103
70,102
70,101
70,100
70,99
70,98
70,97
70,96
70,95
70,94
70,93
70,92
70,91
70,90
70,89
70,88
70,87
70,86
70,85
70,84
70,83
70,82
70,81
70,80
70,79
70,78
70,77
70,76
70,75
70,74
70,73
70,72
70,71
70,70
70,69
70,68
70,67
70,66
70,65
70,64
70,63
70,62
70,61
70,60
70,59
70,58
70,57
70,56
70,55
70,54
70,53
70,52
70,51
70,50
70,49
70,48
70,47
70,46
70,45
70,44
70,43
71,150
71,149
71,148
71,147
71,146
71,145
71,144
71,143
71,142
71,141
71,140
71,139
71,138
71,137
71,136
71,135
71,134
71,133
71,132
71,131
71,130
71,129
71,128
71,127
71,126
71,125
71,124
71,123
71,122
71,121
71,120
71,119
71,118
71,117
71,116
71,115
71,114
71,113
71,112
71,111
71,110
71,109
71,108
71,107
71,106
71,105
71,104
71,103
71,102
71,101
71,100
71,99
71,98
71,97
71,96
71,95
71,94
71,93
71,92
71,91
71,90
71,89
71,88
71,87
71,86
71,85
71,84
71,83
71,82
71,81
71,80
71,79
71,78
71,77
71,76
71,75
71,74
71,73
71,72
71,71
71,70
71,69
71,68
71,67
71,66
71,65
71,64
71,63
71,62
71,61
71,60
71,59
71,58
71,57
71,56
71,55
71,54
71,53
71,52
71,51
71,50
71,49
71,48
71,47
71,46
71,45
71,44
71,43
72,151
72,150
72,149
72,148
72,147
72,146
72,145
72,144
72,143
72,142
72,141
72,140
72,139
72,138
72,137
72,136
72,135
72,134
72,133
72,132
72,131
72,130
72,129
72,128
72,127
72,126
72,125
72,124
72,123
72,122
72,121
72,120
72,119
72,118
72,117
72,116
72,115
72,114
72,113
72,112
72,111
72,110
72,109
72,108
72,107
72,106
72,105
72,104
72,103
72,102
72,101
72,100
72,99
72,98
72,97
72,96
72,95
72,94
72,93
72,92
72,91
72,90
72,89
72,88
72,87
72,86
72,85
72,84
72,83
72,82
72,81
72,80
72,79
72,78
72,77
72,76
72,75
72,74
72,73
72,72
72,71
72,70
72,69
72,68
72,67
72,66
72,65
72,64
72,63
72,62
72,61
72,60
72,59
72,58
72,57
72,56
72,55
72,54
72,53
72,52
72,51
72,50
72,49
72,48
72,47
72,46
72,45
72,44
73,151
73,150
73,149
73,148
73,147
73,146
73,145
73,144
73,143
73,142
73,141
73,140
73,139
73,138
73,137
73,136
73,135
73,134
73,133
73,132
73,131
73,130
73,129
73,128
73,127
73,126
73,125
73,124
73,123
73,122
73,121
73,120
73,119
73,118
73,117
73,116
73,115
73,114
73,113
73,112
73,111
73,110
73,109
73,108
73,107
73,106
73,105
73,104
73,103
73,102
73,101
73,100
73,99
73,98
73,97
73,96
73,95
73,94
73,93
73,92
73,91
73,90
73,89
73,88
73,87
73,86
73,85
73,84
73,83
73,82
73,81
73,80
73,79
73,78
73,77
73,76
73,75
73,74
73,73
73,72
73,71
73,70
73,69
73,68
73,67
73,66
73,65
73,64
73,63
73,62
73,61
73,60
73,59
73,58
73,57
73,56
73,55
73,54
73,53
73,52
73,51
73,50
73,49
73,48
73,47
73,46
73,45
73,44
74,151
74,150
74,149
74,148
74,147
74,146
74,145
74,144
74,143
74,142
74,141
74,140
74,139
74,138
74,137
74,136
74,135
74,134
74,133
74,132
74,131
74,130
74,129
74,128
74,127
74,126
74,125
74,124
74,123
74,122
74,121
74,120
74,119
74,118
74,117
74,116
74,115
74,114
74,113
74,112
74,111
74,110
74,109
74,108
74,107
74,106
74,105
74,104
74,103
74,102
74,101
74,100
74,99
74,98
74,97
74,96
74,95
74,94
74,93
74,92
74,91
74,90
74,89
74,88
74,87
74,86
74,85
74,84
74,83
74,82
74,81
74,80
74,79
74,78
74,77
74,76
74,75
74,74
74,73
74,72
74,71
74,70
74,69
74,68
74,67
74,66
74,65
74,64
74,63
74,62
74,61
74,60
74,59
74,58
74,57
74,56
74,55
74,54
74,53
74,52
74,51
74,50
74,49
74,48
74,47
74,46
74,45
74,44
75,151
75,150
75,149
75,148
75,147
75,146
75,145
75,144
75,143
75,142
75,141
75,140
75,139
75,138
75,137
75,136
75,135
75,134
75,133
75,132
75,131
75,130
75,129
75,128
75,127
75,126
75,125
75,124
75,123
75,122
75,121
75,120
75,119
75,118
75,117
75,116
75,115
75,114
75,113
75,112
75,111
75,110
75,109
75,108
75,107
75,106
75,105
75,104
75,103
75,102
75,101
75,100
75,99
75,98
75,97
75,96
75,95
75,94
75,93
75,92
75,91
75,90
75,89
75,88
75,87
75,86
75,85
75,84
75,83
75,82
75,81
75,80
75,79
75,78
75,77
75,76
75,75
75,74
75,73
75,72
75,71
75,70
75,69
75,68
75,67
75,66
75,65
75,64
75,63
75,62
75,61
75,60
75,59
75,58
75,57
75,56
75,55
75,54
75,53
75,52
75,51
75,50
75,49
75,48
75,47
75,46
75,45
75,44
76,152
76,151
76,150
76,149
76,148
76,147
76,146
76,145
76,144
76,143
76,142
76,141
76,140
76,139
76,138
76,137
76,136
76,135
76,134
76,133
76,132
76,131
76,130
76,129
76,128
76,127
76,126
76,125
76,124
76,123
76,122
76,121
76,120
76,119
76,118
76,117
76,116
76,115
76,114
76,113
76,112
76,111
76,110
76,109
76,108
76,107
76,106
76,105
76,104
76,103
76,102
76,101
76,100
76,99
76,98
76,97
76,96
76,95
76,94
76,93
76,92
76,91
76,90
76,89
76,88
76,87
76,86
76,85
76,84
76,83
76,82
76,81
76,80
76,79
76,78
76,77
76,76
76,75
76,74
76,73
76,72
76,71
76,70
76,69
76,68
76,67
76,66
76,65
76,64
76,63
76,62
76,61
76,60
76,59
76,58
76,57
76,56
76,55
76,54
76,53
76,52
76,51
76,50
76,49
76,48
76,47
76,46
76,45
76,44
77,152
77,151
77,150
77,149
77,148
77,147
77,146
77,145
77,144
77,143
77,142
77,141
77,140
77,139
77,138
77,137
77,136
77,135
77,134
77,133
77,132
77,131
77,130
77,129
77,128
77,127
77,126
77,125
77,124
77,123
77,122
77,121
77,120
77,119
77,118
77,117
77,116
77,115
77,114
77,113
77,112
77,111
77,110
77,109
77,108
77,107
77,106
77,105
77,104
77,103
77,102
77,101
77,100
77,99
77,98
77,97
77,96
77,95
77,94
77,93
77,92
77,91
77,90
77,89
77,88
77,87
77,86
77,85
77,84
77,83
77,82
77,81
77,80
77,79
77,78
77,77
77,76
77,75
77,74
77,73
77,72
77,71
77,70
77,69
77,68
77,67
77,66
77,65
77,64
77,63
77,62
77,61
77,60
77,59
77,58
77,57
77,56
77,55
77,54
77,53
77,52
77,51
77,50
77,49
77,48
77,47
77,46
77,45
77,44
78,152
78,151
78,150
78,149
78,148
78,147
78,146
78,145
78,144
78,143
78,142
78,141
78,140
78,139
78,138
78,137
78,136
78,135
78,134
78,133
78,132
78,131
78,130
78,129
78,128
78,127
78,126
78,125
78,124
78,123
78,122
78,121
78,120
78,119
78,118
78,117
78,116
78,115
78,114
78,113
78,112
78,111
78,110
78,109
78,108
78,107
78,106
78,105
78,104
78,103
78,102
78,101
78,100
78,99
78,98
78,97
78,96
78,95
78,94
78,93
78,92
78,91
78,90
78,89
78,88
78,87
78,86
78,85
78,84
78,83
78,82
78,81
78,80
78,79
78,78
78,77
78,76
78,75
78,74
78,73
78,72
78,71
78,70
78,69
78,68
78,67
78,66
78,65
78,64
78,63
78,62
78,61
78,60
78,59
78,58
78,57
78,56
78,55
78,54
78,53
78,52
78,51
78,50
78,49
78,48
78,47
78,46
78,45
78,44
79,153
79,152
79,151
79,150
79,149
79,148
79,147
79,146
79,145
79,144
79,143
79,142
79,141
79,140
79,139
79,138
79,137
79,136
79,135
79,134
79,133
79,132
79,131
79,130
79,129
79,128
79,127
79,126
79,125
79,124
79,123
79,122
79,121
79,120
79,119
79,118
79,117
79,116
79,115
79,114
79,113
79,112
79,111
79,110
79,109
79,108
79,107
79,106
79,105
79,104
79,103
79,102
79,101
79,100
79,99
79,98
79,97
79,96
79,95
79,94
79,93
79,92
79,91
79,90
79,89
79,88
79,87
79,86
79,85
79,84
79,83
79,82
79,81
79,80
79,79
79,78
79,77
79,76
79,75
79,74
79,73
79,72
79,71
79,70
79,69
79,68
79,67
79,66
79,65
79,64
79,63
79,62
79,61
79,60
79,59
79,58
79,57
79,56
79,55
79,54
79,53
79,52
79,51
79,50
79,49
79,48
79,47
79,46
79,45
79,44
80,153
80,152
80,151
80,150
80,149
80,148
80,147
80,146
80,145
80,144
80,143
80,142
80,141
80,140
80,139
80,138
80,137
80,136
80,135
80,134
80,133
80,132
80,131
80,130
80,129
80,128
80,127
80,126
80,125
80,124
80,123
80,122
80,121
80,120
80,119
80,118
80,117
80,116
80,115
80,114
80,113
80,112
80,111
80,110
80,109
80,108
80,107
80,106
80,105
80,104
80,103
80,102
80,101
80,100
80,99
80,98
80,97
80,96
80,95
80,94
80,93
80,92
80,91
80,90
80,89
80,88
80,87
80,86
80,85
80,84
80,83
80,82
80,81
80,80
80,79
80,78
80,77
80,76
80,75
80,74
80,73
80,72
80,71
80,70
80,69
80,68
80,67
80,66
80,65
80,64
80,63
80,62
80,61
80,60
80,59
80,58
80,57
80,56
80,55
80,54
80,53
80,52
80,51
80,50
80,49
80,48
80,47
80,46
80,45
80,44
81,153
81,152
81,151
81,150
81,149
81,148
81,147
81,146
81,145
81,144
81,143
81,142
81,141
81,140
81,139
81,138
81,137
81,136
81,135
81,134
81,133
81,132
81,131
81,130
81,129
81,128
81,127
81,126
81,125
81,124
81,123
81,122
81,121
81,120
81,119
81,118
81,117
81,116
81,115
81,114
81,113
81,112
81,111
81,110
81,109
81,108
81,107
81,106
81,105
81,104
81,103
81,102
81,101
81,100
81,99
81,98
81,97
81,96
81,95
81,94
81,93
81,92
81,91
81,90
81,89
81,88
81,87
81,86
81,85
81,84
81,83
81,82
81,81
81,80
81,79
81,78
81,77
81,76
81,75
81,74
81,73
81,72
81,71
81,70
81,69
81,68
81,67
81,66
81,65
81,64
81,63
81,62
81,61
81,60
81,59
81,58
81,57
81,56
81,55
81,54
81,53
81,52
81,51
81,50
81,49
81,48
81,47
81,46
81,45
81,44
82,154
82,153
82,152
82,151
82,150
82,149
82,148
82,147
82,146
82,145
82,144
82,143
82,142
82,141
82,140
82,139
82,138
82,137
82,136
82,135
82,134
82,133
82,132
82,131
82,130
82,129
82,128
82,127
82,126
82,125
82,124
82,123
82,122
82,121
82,120
82,119
82,118
82,117
82,116
82,115
82,114
82,113
82,112
82,111
82,110
82,109
82,108
82,107
82,106
82,105
82,104
82,103
82,102
82,101
82,100
82,99
82,98
82,97
82,96
82,95
82,94
82,93
82,92
82,91
82,90
82,89
82,88
82,87
82,86
82,85
82,84
82,83
82,82
82,81
82,80
82,79
82,78
82,77
82,76
82,75
82,74
82,73
82,72
82,71
82,70
82,69
82,68
82,67
82,66
82,65
82,64
82,63
82,62
82,61
82,60
82,59
82,58
82,57
82,56
82,55
82,54
82,53
82,52
82,51
82,50
82,49
82,48
82,47
82,46
82,45
82,44
83,154
83,153
83,152
83,151
83,150
83,149
83,148
83,147
83,146
83,145
83,144
83,143
83,142
83,141
83,140
83,139
83,138
83,137
83,136
83,135
83,134
83,133
83,132
83,131
83,130
83,129
83,128
83,127
83,126
83,125
83,124
83,123
83,122
83,121
83,120
83,119
83,118
83,117
83,116
83,115
83,114
83,113
83,112
83,111
83,110
83,109
83,108
83,107
83,106
83,105
83,104
83,103
83,102
83,101
83,100
83,99
83,98
83,97
83,96
83,95
83,94
83,93
83,92
83,91
83,90
83,89
83,88
83,87
83,86
83,85
83,84
83,83
83,82
83,81
83,80
83,79
83,78
83,77
83,76
83,75
83,74
83,73
83,72
83,71
83,70
83,69
83,68
83,67
83,66
83,65
83,64
83,63
83,62
83,61
83,60
83,59
83,58
83,57
83,56
83,55
83,54
83,53
83,52
83,51
83,50
83,49
83,48
83,47
83,46
83,45
83,44
84,154
84,153
84,152
84,151
84,150
84,149
84,148
84,147
84,146
84,145
84,144
84,143
84,142
84,141
84,140
84,139
84,138
84,137
84,136
84,135
84,134
84,133
84,132
84,131
84,130
84,129
84,128
84,127
84,126
84,125
84,124
84,123
84,122
84,121
84,120
84,119
84,118
84,117
84,116
84,115
84,114
84,113
84,112
84,111
84,110
84,109
84,108
84,107
84,106
84,105
84,104
84,103
84,102
84,101
84,100
84,99
84,98
84,97
84,96
84,95
84,94
84,93
84,92
84,91
84,90
84,89
84,88
84,87
84,86
84,85
84,84
84,83
84,82
84,81
84,80
84,79
84,78
84,77
84,76
84,75
84,74
84,73
84,72
84,71
84,70
84,69
84,68
84,67
84,66
84,65
84,64
84,63
84,62
84,61
84,60
84,59
84,58
84,57
84,56
84,55
84,54
84,53
84,52
84,51
84,50
84,49
84,48
84,47
84,46
84,45
84,44
85,155
85,154
85,153
85,152
85,151
85,150
85,149
85,148
85,147
85,146
85,145
85,144
85,143
85,142
85,141
85,140
85,139
85,138
85,137
85,136
85,135
85,134
85,133
85,132
85,131
85,130
85,129
85,128
85,127
85,126
85,125
85,124
85,123
85,122
85,121
85,120
85,119
85,118
85,117
85,116
85,115
85,114
85,113
85,112
85,111
85,110
85,109
85,108
85,107
85,106
85,105
85,104
85,103
85,102
85,101
85,100
85,99
85,98
85,97
85,96
85,95
85,94
85,93
85,92
85,91
85,90
85,89
85,88
85,87
85,86
85,85
85,84
85,83
85,82
85,81
85,80
85,79
85,78
85,77
85,76
85,75
85,74
85,73
85,72
85,71
85,70
85,69
85,68
85,67
85,66
85,65
85,64
85,63
85,62
85,61
85,60
85,59
85,58
85,57
85,56
85,55
85,54
85,53
85,52
85,51
85,50
85,49
85,48
85,47
85,46
85,45
85,44
86,155
86,154
86,153
86,152
86,151
86,150
86,149
86,148
86,147
86,146
86,145
86,144
86,143
86,142
86,141
86,140
86,139
86,138
86,137
86,136
86,135
86,134
86,133
86,132
86,131
86,130
86,129
86,128
86,127
86,126
86,125
86,124
86,123
86,122
86,121
86,120
86,119
86,118
86,117
86,116
86,115
86,114
86,113
86,112
86,111
86,110
86,109
86,108
86,107
86,106
86,105
86,104
86,103
86,102
86,101
86,100
86,99
86,98
86,97
86,96
86,95
86,94
86,93
86,92
86,91
86,90
86,89
86,88
86,87
86,86
86,85
86,84
86,83
86,82
86,81
86,80
86,79
86,78
86,77
86,76
86,75
86,74
86,73
86,72
86,71
86,70
86,69
86,68
86,67
86,66
86,65
86,64
86,63
86,62
86,61
86,60
86,59
86,58
86,57
86,56
86,55
86,54
86,53
86,52
86,51
86,50
86,49
86,48
86,47
86,46
86,45
86,44
87,155
87,154
87,153
87,152
87,151
87,150
87,149
87,148
87,147
87,146
87,145
87,144
87,143
87,142
87,141
87,140
87,139
87,138
87,137
87,136
87,135
87,134
87,133
87,132
87,131
87,130
87,129
87,128
87,127
87,126
87,125
87,124
87,123
87,122
87,121
87,120
87,119
87,118
87,117
87,116
87,115
87,114
87,113
87,112
87,111
87,110
87,109
87,108
87,107
87,106
87,105
87,104
87,103
87,102
87,101
87,100
87,99
87,98
87,97
87,96
87,95
87,94
87,93
87,92
87,91
87,90
87,89
87,88
87,87
87,86
87,85
87,84
87,83
87,82
87,81
87,80
87,79
87,78
87,77
87,76
87,75
87,74
87,73
87,72
87,71
87,70
87,69
87,68
87,67
87,66
87,65
87,64
87,63
87,62
87,61
87,60
87,59
87,58
87,57
87,56
87,55
87,54
87,53
87,52
87,51
87,50
87,49
87,48
87,47
87,46
87,45
87,44
88,155
88,154
88,153
88,152
88,151
88,150
88,149
88,148
88,147
88,146
88,145
88,144
88,143
88,142
88,141
88,140
88,139
88,138
88,137
88,136
88,135
88,134
88,133
88,132
88,131
88,130
88,129
88,128
88,127
88,126
88,125
88,124
88,123
88,122
88,121
88,120
88,119
88,118
88,117
88,116
88,115
88,114
88,113
88,112
88,111
88,110
88,109
88,108
88,107
88,106
88,105
88,104
88,103
88,102
88,101
88,100
88,99
88,98
88,97
88,96
88,95
88,94
88,93
88,92
88,91
88,90
88,89
88,88
88,87
88,86
88,85
88,84
88,83
88,82
88,81
88,80
88,79
88,78
88,77
88,76
88,75
88,74
88,73
88,72
88,71
88,70
88,69
88,68
88,67
88,66
88,65
88,64
88,63
88,62
88,61
88,60
88,59
88,58
88,57
88,56
88,55
88,54
88,53
88,52
88,51
88,50
88,49
88,48
88,47
88,46
88,45
88,44
88,43
89,156
89,155
89,154
89,153
89,152
89,151
89,150
89,149
89,148
89,147
89,146
89,145
89,144
89,143
89,142
89,141
89,140
89,139
89,138
89,137
89,136
89,135
89,134
89,133
89,132
89,131
89,130
89,129
89,128
89,127
89,126
89,125
89,124
89,123
89,122
89,121
89,120
89,119
89,118
89,117
89,116
89,115
89,114
89,113
89,112
89,111
89,110
89,109
89,108
89,107
89,106
89,105
89,104
89,103
89,102
89,101
89,100
89,99
89,98
89,97
89,96
89,95
89,94
89,93
89,92
89,91
89,90
89,89
89,88
89,87
89,86
89,85
89,84
89,83
89,82
89,81
89,80
89,79
89,78
89,77
89,76
89,75
89,74
89,73
89,72
89,71
89,70
89,69
89,68
89,67
89,66
89,65
89,64
89,63
89,62
89,61
89,60
89,59
89,58
89,57
89,56
89,55
89,54
89,53
89,52
89,51
89,50
89,49
89,48
89,47
89,46
89,45
89,44
89,43
90,156
90,155
90,154
90,153
90,152
90,151
90,150
90,149
90,148
90,147
90,146
90,145
90,144
90,143
90,142
90,141
90,140
90,139
90,138
90,137
90,136
90,135
90,134
90,133
90,132
90,131
90,130
90,129
90,128
90,127
90,126
90,125
90,124
90,123
90,122
90,121
90,120
90,119
90,118
90,117
90,116
90,115
90,114
90,113
90,112
90,111
90,110
90,109
90,108
90,107
90,106
90,105
90,104
90,103
90,102
90,101
90,100
90,99
90,98
90,97
90,96
90,95
90,94
90,93
90,92
90,91
90,90
90,89
90,88
90,87
90,86
90,85
90,84
90,83
90,82
90,81
90,80
90,79
90,78
90,77
90,76
90,75
90,74
90,73
90,72
90,71
90,70
90,69
90,68
90,67
90,66
90,65
90,64
90,63
90,62
90,61
90,60
90,59
90,58
90,57
90,56
90,55
90,54
90,53
90,52
90,51
90,50
90,49
90,48
90,47
90,46
90,45
90,44
90,43
91,156
91,155
91,154
91,153
91,152
91,151
91,150
91,149
91,148
91,147
91,146
91,145
91,144
91,143
91,142
91,141
91,140
91,139
91,135
91,134
91,133
91,132
91,131
91,130
91,129
91,128
91,127
91,126
91,125
91,124
91,123
91,122
91,121
91,120
91,119
91,118
91,117
91,116
91,115
91,114
91,113
91,112
91,111
91,110
91,109
91,108
91,107
91,106
91,105
91,104
91,103
91,102
91,101
91,100
91,99
91,98
91,97
91,96
91,95
91,94
91,93
91,92
91,91
91,90
91,89
91,88
91,87
91,86
91,85
91,84
91,83
91,82
91,81
91,80
91,79
91,78
91,77
91,76
91,75
91,74
91,73
91,72
91,71
91,70
91,69
91,68
91,67
91,66
91,65
91,64
91,63
91,62
91,61
91,60
91,59
91,58
91,57
91,56
91,55
91,54
91,53
91,52
91,51
91,50
91,49
91,48
91,47
91,46
91,45
91,44
92,157
92,156
92,155
92,154
92,153
92,152
92,151
92,150
92,149
92,148
92,147
92,146
92,145
92,144
92,143
92,142
92,141
92,134
92,133
92,132
92,131
92,130
92,129
92,128
92,127
92,126
92,125
92,124
92,123
92,122
92,121
92,120
92,119
92,118
92,117
92,116
92,115
92,114
92,113
92,112
92,111
92,110
92,109
92,108
92,107
92,106
92,105
92,104
92,103
92,102
92,101
92,100
92,99
92,98
92,97
92,96
92,95
92,94
92,93
92,92
92,91
92,90
92,89
92,88
92,87
92,86
92,85
92,84
92,83
92,82
92,81
92,80
92,79
92,78
92,77
92,76
92,75
92,74
92,73
92,72
92,71
92,70
92,69
92,68
92,67
92,66
92,65
92,64
92,63
92,62
92,61
92,60
92,59
92,58
92,57
92,56
92,55
92,54
92,53
92,52
92,51
92,50
92,49
92,48
92,47
92,46
92,45
92,44
93,157
93,156
93,155
93,154
93,153
93,152
93,151
93,150
93,149
93,148
93,147
93,146
93,145
93,144
93,143
93,142
93,141
93,140
93,132
93,131
93,130
93,129
93,128
93,127
93,126
93,125
93,124
93,123
93,122
93,121
93,120
93,119
93,118
93,117
93,116
93,115
93,114
93,113
93,112
93,111
93,110
93,109
93,108
93,107
93,106
93,105
93,104
93,103
93,102
93,101
93,100
93,99
93,98
93,97
93,96
93,95
93,94
93,93
93,92
93,91
93,90
93,89
93,88
93,87
93,86
93,85
93,84
93,83
93,82
93,81
93,80
93,79
93,78
93,77
93,76
93,75
93,74
93,73
93,72
93,71
93,70
93,69
93,68
93,67
93,66
93,65
93,64
93,63
93,62
93,61
93,60
93,59
93,58
93,57
93,56
93,55
93,54
93,53
93,52
93,51
93,50
93,49
93,48
93,47
93,46
93,45
93,44
94,161
94,160
94,159
94,158
94,157
94,156
94,155
94,154
94,153
94,152
94,151
94,150
94,149
94,148
94,147
94,146
94,145
94,144
94,143
94,142
94,141
94,140
94,131
94,130
94,129
94,128
94,127
94,126
94,125
94,124
94,123
94,122
94,121
94,120
94,119
94,118
94,117
94,116
94,115
94,114
94,113
94,112
94,111
94,110
94,109
94,108
94,107
94,106
94,105
94,104
94,103
94,102
94,101
94,100
94,99
94,98
94,97
94,96
94,95
94,94
94,93
94,92
94,91
94,90
94,89
94,88
94,87
94,86
94,85
94,84
94,83
94,82
94,81
94,80
94,79
94,78
94,77
94,76
94,75
94,74
94,73
94,72
94,71
94,70
94,69
94,68
94,67
94,66
94,65
94,64
94,63
94,62
94,61
94,60
94,59
94,58
94,57
94,56
94,55
94,54
94,53
94,52
94,51
94,50
94,49
94,48
94,47
94,46
94,45
95,160
95,159
95,158
95,157
95,156
95,155
95,154
95,153
95,152
95,151
95,150
95,149
95,148
95,147
95,146
95,145
95,144
95,143
95,142
95,141
95,140
95,139
95,130
95,129
95,128
95,127
95,126
95,125
95,124
95,123
95,122
95,121
95,120
95,119
95,118
95,117
95,116
95,115
95,114
95,113
95,112
95,111
95,110
95,109
95,108
95,107
95,106
95,105
95,104
95,103
95,102
95,101
95,100
95,99
95,98
95,97
95,96
95,95
95,94
95,93
95,92
95,91
95,90
95,89
95,88
95,87
95,86
95,85
95,84
95,83
95,82
95,81
95,80
95,79
95,78
95,77
95,76
95,75
95,74
95,73
95,72
95,71
95,70
95,69
95,68
95,67
95,66
95,65
95,64
95,63
95,62
95,61
95,60
95,59
95,58
95,57
95,56
95,55
95,54
95,53
95,52
95,51
95,50
95,49
95,48
95,47
95,46
95,45
96,160
96,159
96,158
96,157
96,156
96,155
96,154
96,153
96,152
96,151
96,150
96,149
96,148
96,147
96,146
96,145
96,144
96,143
96,142
96,141
96,140
96,139
96,138
96,137
96,129
96,128
96,127
96,126
96,125
96,124
96,123
96,122
96,121
96,120
96,119
96,118
96,117
96,116
96,115
96,114
96,113
96,112
96,111
96,110
96,109
96,108
96,107
96,106
96,105
96,104
96,103
96,102
96,101
96,100
96,99
96,98
96,97
96,96
96,95
96,94
96,93
96,92
96,91
96,90
96,89
96,88
96,87
96,86
96,85
96,84
96,83
96,82
96,81
96,80
96,79
96,78
96,77
96,76
96,75
96,74
96,73
96,72
96,71
96,70
96,69
96,68
96,67
96,66
96,65
96,64
96,63
96,62
96,61
96,60
96,59
96,58
96,57
96,56
96,55
96,54
96,53
96,52
96,51
96,50
96,49
96,48
96,47
96,46
96,45
97,159
97,158
97,157
97,156
97,155
97,154
97,153
97,152
97,151
97,150
97,149
97,148
97,147
97,146
97,145
97,144
97,143
97,142
97,141
97,140
97,139
97,138
97,137
97,128
97,127
97,126
97,125
97,124
97,123
97,122
97,121
97,120
97,119
97,118
97,117
97,116
97,115
97,114
97,113
97,112
97,111
97,110
97,109
97,108
97,107
97,106
97,105
97,104
97,103
97,102
97,101
97,100
97,99
97,98
97,97
97,96
97,95
97,94
97,93
97,92
97,91
97,90
97,89
97,88
97,87
97,86
97,85
97,84
97,83
97,82
97,81
97,80
97,79
97,78
97,77
97,76
97,75
97,74
97,73
97,72
97,71
97,70
97,69
97,68
97,67
97,66
97,65
97,64
97,63
97,62
97,61
97,60
97,59
97,58
97,57
97,56
97,55
97,54
97,53
97,52
97,51
97,50
97,49
97,48
97,47
97,46
97,45
98,159
98,158
98,157
98,156
98,155
98,154
98,153
98,152
98,151
98,150
98,149
98,148
98,147
98,146
98,145
98,144
98,143
98,142
98,141
98,140
98,139
98,138
98,137
98,125
98,124
98,123
98,122
98,121
98,120
98,119
98,118
98,117
98,116
98,115
98,114
98,113
98,112
98,111
98,110
98,109
98,108
98,107
98,106
98,105
98,104
98,103
98,102
98,101
98,100
98,99
98,98
98,97
98,96
98,95
98,94
98,93
98,92
98,91
98,90
98,89
98,88
98,87
98,86
98,85
98,84
98,83
98,82
98,81
98,80
98,79
98,78
98,77
98,76
98,75
98,74
98,73
98,72
98,71
98,70
98,69
98,68
98,67
98,66
98,65
98,64
98,63
98,62
98,61
98,60
98,59
98,58
98,57
98,56
98,55
98,54
98,53
98,52
98,51
98,50
98,49
98,48
98,47
98,46
98,45
99,159
99,158
99,157
99,156
99,155
99,154
99,153
99,152
99,151
99,150
99,149
99,148
99,147
99,146
99,145
99,144
99,143
99,142
99,141
99,140
99,139
99,138
99,137
99,123
99,122
99,121
99,120
99,119
99,118
99,117
99,116
99,115
99,114
99,113
99,112
99,111
99,110
99,109
99,108
99,107
99,106
99,105
99,104
99,103
99,102
99,101
99,100
99,99
99,98
99,97
99,96
99,95
99,94
99,93
99,92
99,91
99,90
99,89
99,88
99,87
99,86
99,85
99,84
99,83
99,82
99,81
99,80
99,79
99,78
99,77
99,76
99,75
99,74
99,73
99,72
99,71
99,70
99,69
99,68
99,67
99,66
99,65
99,64
99,63
99,62
99,61
99,60
99,59
99,58
99,57
99,56
99,55
99,54
99,53
99,52
99,51
99,50
99,49
99,48
99,47
99,46
100,158
100,157
100,156
100,155
100,154
100,153
100,152
100,151
100,150
100,149
100,148
100,147
100,146
100,145
100,144
100,143
100,142
100,141
100,140
100,139
100,138
100,137
100,120
100,119
100,118
100,117
100,116
100,115
100,114
100,113
100,112
100,111
100,110
100,109
100,108
100,107
100,106
100,105
100,104
100,103
100,102
100,101
100,100
100,99
100,98
100,97
100,96
100,95
100,94
100,93
100,92
100,91
100,90
100,89
100,88
100,87
100,86
100,85
100,84
100,83
100,82
100,81
100,80
100,79
100,78
100,77
100,76
100,75
100,74
100,73
100,72
100,71
100,70
100,69
100,68
100,67
100,66
100,65
100,64
100,63
100,62
100,61
100,60
100,59
100,58
100,57
100,56
100,55
100,54
100,53
100,52
100,51
100,50
100,49
100,48
100,47
100,46
101,158
101,157
101,156
101,155
101,154
101,153
101,152
101,151
101,150
101,149
101,148
101,147
101,146
101,145
101,144
101,143
101,142
101,141
101,140
101,139
101,138
101,137
101,118
101,117
101,116
101,115
101,114
101,113
101,112
101,111
101,110
101,109
101,108
101,107
101,106
101,105
101,104
101,103
101,102
101,101
101,100
101,99
101,98
101,97
101,96
101,95
101,94
101,93
101,92
101,91
101,90
101,89
101,88
101,87
101,86
101,85
101,84
101,83
101,82
101,81
101,80
101,79
101,78
101,77
101,76
101,75
101,74
101,73
101,72
101,71
101,70
101,69
101,68
101,67
101,66
101,65
101,64
101,63
101,62
101,61
101,60
101,59
101,58
101,57
101,56
101,55
101,54
101,53
101,52
101,51
101,50
101,49
101,48
101,47
101,46
102,157
102,156
102,155
102,154
102,153
102,152
102,151
102,150
102,149
102,148
102,147
102,146
102,145
102,144
102,143
102,142
102,141
102,140
102,139
102,138
102,116
102,115
102,114
102,113
102,112
102,111
102,110
102,109
102,108
102,107
102,106
102,105
102,104
102,103
102,102
102,101
102,100
102,99
102,98
102,97
102,96
102,95
102,94
102,93
102,92
102,91
102,90
102,89
102,88
102,87
102,86
102,85
102,84
102,83
102,82
102,81
102,80
102,79
102,78
102,77
102,76
102,75
102,74
102,73
102,72
102,71
102,70
102,69
102,68
102,67
102,66
102,65
102,64
102,63
102,62
102,61
102,60
102,59
102,58
102,57
102,56
102,55
102,54
102,53
102,52
102,51
102,50
102,49
102,48
102,47
102,46
103,158
103,157
103,156
103,155
103,154
103,153
103,152
103,151
103,150
103,149
103,148
103,147
103,146
103,145
103,144
103,143
103,142
103,141
103,140
103,139
103,138
103,114
103,113
103,112
103,111
103,110
103,109
103,108
103,107
103,106
103,105
103,104
103,103
103,102
103,101
103,100
103,99
103,98
103,97
103,96
103,95
103,94
103,93
103,92
103,91
103,90
103,89
103,88
103,87
103,86
103,85
103,84
103,83
103,82
103,81
103,80
103,79
103,78
103,77
103,76
103,75
103,74
103,73
103,72
103,71
103,70
103,69
103,68
103,67
103,66
103,65
103,64
103,63
103,62
103,61
103,60
103,59
103,58
103,57
103,56
103,55
103,54
103,53
103,52
103,51
103,50
103,49
103,48
103,47
103,46
104,158
104,157
104,156
104,155
104,154
104,153
104,152
104,151
104,150
104,149
104,148
104,147
104,146
104,145
104,144
104,143
104,142
104,141
104,140
104,139
104,138
104,111
104,110
104,109
104,108
104,107
104,106
104,105
104,104
104,103
104,102
104,101
104,100
104,99
104,98
104,97
104,96
104,95
104,94
104,93
104,92
104,91
104,90
104,89
104,88
104,87
104,86
104,85
104,84
104,83
104,82
104,81
104,80
104,79
104,78
104,77
104,76
104,75
104,74
104,73
104,72
104,71
104,70
104,69
104,68
104,67
104,66
104,65
104,64
104,63
104,62
104,61
104,60
104,59
104,58
104,57
104,56
104,55
104,54
104,53
104,52
104,51
104,50
104,49
104,48
104,47
104,46
105,156
105,155
105,154
105,153
105,152
105,151
105,150
105,149
105,148
105,147
105,146
105,145
105,144
105,143
105,142
105,141
105,140
105,139
105,109
105,108
105,107
105,106
105,105
105,104
105,103
105,102
105,101
105,100
105,99
105,98
105,97
105,96
105,95
105,94
105,93
105,92
105,91
105,90
105,89
105,88
105,87
105,86
105,85
105,84
105,83
105,82
105,81
105,80
105,79
105,78
105,77
105,76
105,75
105,74
105,73
105,72
105,71
105,70
105,69
105,68
105,67
105,66
105,65
105,64
105,63
105,62
105,61
105,60
105,59
105,58
105,57
105,56
105,55
105,54
105,53
105,52
105,51
105,50
105,49
105,48
105,47
105,46
105,45
106,153
106,152
106,151
106,150
106,149
106,148
106,147
106,146
106,145
106,144
106,143
106,142
106,141
106,140
106,139
106,107
106,106
106,105
106,104
106,103
106,102
106,101
106,100
106,99
106,98
106,97
106,96
106,95
106,94
106,93
106,92
106,91
106,90
106,89
106,88
106,87
106,86
106,85
106,84
106,83
106,82
106,81
106,80
106,79
106,78
106,77
106,76
106,75
106,74
106,73
106,72
106,71
106,70
106,69
106,68
106,67
106,66
106,65
106,64
106,63
106,62
106,61
106,60
106,59
106,58
106,57
106,56
106,55
106,54
106,53
106,52
106,51
106,50
106,49
106,48
106,47
106,46
106,45
107,158
107,157
107,156
107,151
107,150
107,149
107,148
107,147
107,146
107,145
107,144
107,143
107,142
107,141
107,140
107,139
107,106
107,105
107,104
107,103
107,102
107,101
107,100
107,99
107,98
107,97
107,96
107,95
107,94
107,93
107,92
107,91
107,90
107,89
107,88
107,87
107,86
107,85
107,84
107,83
107,82
107,81
107,80
107,79
107,78
107,77
107,76
107,75
107,74
107,73
107,72
107,71
107,70
107,69
107,68
107,67
107,66
107,65
107,64
107,63
107,62
107,61
107,60
107,59
107,58
107,57
107,56
107,55
107,54
107,53
107,52
107,51
107,50
107,49
107,48
107,47
107,46
107,45
108,158
108,157
108,156
108,155
108,154
108,149
108,148
108,147
108,146
108,145
108,144
108,143
108,142
108,141
108,140
108,139
108,104
108,103
108,102
108,101
108,100
108,99
108,98
108,97
108,96
108,95
108,94
108,93
108,92
108,91
108,90
108,89
108,88
108,87
108,86
108,85
108,84
108,83
108,82
108,81
108,80
108,79
108,78
108,77
108,76
108,75
108,74
108,73
108,72
108,71
108,70
108,69
108,68
108,67
108,66
108,65
108,64
108,63
108,62
108,61
108,60
108,59
108,58
108,57
108,56
108,55
108,54
108,53
108,52
108,51
108,50
108,49
108,48
108,47
108,46
108,45
109,159
109,158
109,157
109,156
109,155
109,154
109,153
109,152
109,147
109,146
109,145
109,144
109,143
109,142
109,141
109,140
109,139
109,103
109,102
109,101
109,100
109,99
109,98
109,97
109,96
109,95
109,94
109,93
109,92
109,91
109,90
109,89
109,88
109,87
109,86
109,85
109,84
109,83
109,82
109,81
109,80
109,79
109,78
109,77
109,76
109,75
109,74
109,73
109,72
109,71
109,70
109,69
109,68
109,67
109,66
109,65
109,64
109,63
109,62
109,61
109,60
109,59
109,58
109,57
109,56
109,55
109,54
109,53
109,52
109,51
109,50
109,49
109,48
109,47
109,46
109,45
110,159
110,158
110,157
110,156
110,155
110,154
110,153
110,152
110,151
110,150
110,144
110,143
110,142
110,141
110,140
110,139
110,101
110,100
110,99
110,98
110,97
110,96
110,95
110,94
110,93
110,92
110,91
110,90
110,89
110,88
110,87
110,86
110,85
110,84
110,83
110,82
110,81
110,80
110,79
110,78
110,77
110,76
110,75
110,74
110,73
110,72
110,71
110,70
110,69
110,68
110,67
110,66
110,65
110,64
110,63
110,62
110,61
110,60
110,59
110,58
110,57
110,56
110,55
110,54
110,53
110,52
110,51
110,50
110,49
110,48
110,47
110,46
110,45
111,159
111,158
111,157
111,156
111,155
111,154
111,153
111,152
111,151
111,150
111,149
111,148
111,142
111,141
111,140
111,139
111,100
111,99
111,98
111,97
111,96
111,95
111,94
111,93
111,92
111,91
111,90
111,89
111,88
111,87
111,86
111,85
111,84
111,83
111,82
111,81
111,80
111,79
111,78
111,77
111,76
111,75
111,74
111,73
111,72
111,71
111,70
111,69
111,68
111,67
111,66
111,65
111,64
111,63
111,62
111,61
111,60
111,59
111,58
111,57
111,56
111,55
111,54
111,53
111,52
111,51
111,50
111,49
111,48
111,47
111,46
111,45
112,160
112,159
112,158
112,157
112,156
112,155
112,154
112,153
112,152
112,151
112,150
112,149
112,148
112,147
112,146
112,100
112,99
112,98
112,97
112,96
112,95
112,94
112,93
112,92
112,91
112,90
112,89
112,88
112,87
112,86
112,85
112,84
112,83
112,82
112,81
112,80
112,79
112,78
112,77
112,76
112,75
112,74
112,73
112,72
112,71
112,70
112,69
112,68
112,67
112,66
112,65
112,64
112,63
112,62
112,61
112,60
112,59
112,58
112,57
112,56
112,55
112,54
112,53
112,52
112,51
112,50
112,49
112,48
112,47
112,46
112,45
112,44
113,162
113,161
113,160
113,159
113,158
113,157
113,156
113,155
113,154
113,153
113,152
113,151
113,150
113,149
113,148
113,147
113,146
113,145
113,144
113,143
113,99
113,98
113,97
113,96
113,95
113,94
113,93
113,92
113,91
113,90
113,89
113,88
113,87
113,86
113,85
113,84
113,83
113,82
113,81
113,80
113,79
113,78
113,77
113,76
113,75
113,74
113,73
113,72
113,71
113,70
113,69
113,68
113,67
113,66
113,65
113,64
113,63
113,62
113,61
113,60
113,59
113,58
113,57
113,56
113,55
113,54
113,53
113,52
113,51
113,50
113,49
113,48
113,47
113,46
113,45
113,44
114,163
114,162
114,161
114,160
114,159
114,158
114,157
114,156
114,155
114,154
114,153
114,152
114,151
114,150
114,149
114,148
114,147
114,146
114,145
114,144
114,143
114,142
114,141
114,99
114,98
114,97
114,96
114,95
114,94
114,93
114,92
114,91
114,90
114,89
114,88
114,87
114,86
114,85
114,84
114,83
114,82
114,81
114,80
114,79
114,78
114,77
114,76
114,75
114,74
114,73
114,72
114,71
114,70
114,69
114,68
114,67
114,66
114,65
114,64
114,63
114,62
114,61
114,60
114,59
114,58
114,57
114,56
114,55
114,54
114,53
114,52
114,51
114,50
114,49
114,48
114,47
114,46
114,45
114,44
115,164
115,163
115,162
115,161
115,160
115,159
115,158
115,157
115,156
115,155
115,154
115,153
115,152
115,151
115,150
115,149
115,148
115,147
115,146
115,145
115,144
115,143
115,142
115,141
115,140
115,98
115,97
115,96
115,95
115,94
115,93
115,92
115,91
115,90
115,89
115,88
115,87
115,86
115,85
115,84
115,83
115,82
115,81
115,80
115,79
115,78
115,77
115,76
115,75
115,74
115,73
115,72
115,71
115,70
115,69
115,68
115,67
115,66
115,65
115,64
115,63
115,62
115,61
115,60
115,59
115,58
115,57
115,56
115,55
115,54
115,53
115,52
115,51
115,50
115,49
115,48
115,47
115,46
115,45
115,44
116,165
116,164
116,163
116,162
116,161
116,160
116,159
116,158
116,157
116,156
116,155
116,154
116,153
116,152
116,151
116,150
116,149
116,148
116,147
116,146
116,145
116,144
116,143
116,142
116,141
116,140
116,97
116,96
116,95
116,94
116,93
116,92
116,91
116,90
116,89
116,88
116,87
116,86
116,85
116,84
116,83
116,82
116,81
116,80
116,79
116,78
116,77
116,76
116,75
116,74
116,73
116,72
116,71
116,70
116,69
116,68
116,67
116,66
116,65
116,64
116,63
116,62
116,61
116,60
116,59
116,58
116,57
116,56
116,55
116,54
116,53
116,52
116,51
116,50
116,49
116,48
116,47
116,46
116,45
116,44
117,165
117,164
117,163
117,162
117,161
117,160
117,159
117,158
117,157
117,156
117,155
117,154
117,153
117,152
117,151
117,150
117,149
117,148
117,147
117,146
117,145
117,144
117,143
117,142
117,141
117,140
117,97
117,96
117,95
117,94
117,93
117,92
117,91
117,90
117,89
117,88
117,87
117,86
117,85
117,84
117,83
117,82
117,81
117,80
117,79
117,78
117,77
117,76
117,75
117,74
117,73
117,72
117,71
117,70
117,69
117,68
117,67
117,66
117,65
117,64
117,63
117,62
117,61
117,60
117,59
117,58
117,57
117,56
117,55
117,54
117,53
117,52
117,51
117,50
117,49
117,48
117,47
117,46
117,45
117,44
117,43
118,166
118,165
118,164
118,163
118,162
118,161
118,160
118,159
118,158
118,157
118,156
118,155
118,154
118,153
118,152
118,151
118,150
118,149
118,148
118,147
118,146
118,145
118,144
118,143
118,142
118,141
118,140
118,96
118,95
118,94
118,93
118,92
118,91
118,90
118,89
118,88
118,87
118,86
118,85
118,84
118,83
118,82
118,81
118,80
118,79
118,78
118,77
118,76
118,75
118,74
118,73
118,72
118,71
118,70
118,69
118,68
118,67
118,66
118,65
118,64
118,63
118,62
118,61
118,60
118,59
118,58
118,57
118,56
118,55
118,54
118,53
118,52
118,51
118,50
118,49
118,48
118,47
118,46
118,45
118,44
118,43
119,166
119,165
119,164
119,163
119,162
119,161
119,160
119,159
119,158
119,157
119,156
119,155
119,154
119,153
119,152
119,151
119,150
119,149
119,148
119,147
119,146
119,145
119,144
119,143
119,142
119,141
119,140
119,96
119,95
119,94
119,93
119,92
119,91
119,90
119,89
119,88
119,87
119,86
119,85
119,84
119,83
119,82
119,81
119,80
119,79
119,78
119,77
119,76
119,75
119,74
119,73
119,72
119,71
119,70
119,69
119,68
119,67
119,66
119,65
119,64
119,63
119,62
119,61
119,60
119,59
119,58
119,57
119,56
119,55
119,54
119,53
119,52
119,51
119,50
119,49
119,48
119,47
119,46
119,45
119,44
119,43
119,42
120,167
120,166
120,165
120,164
120,163
120,162
120,161
120,160
120,159
120,158
120,157
120,156
120,155
120,154
120,153
120,152
120,151
120,150
120,149
120,148
120,147
120,146
120,145
120,144
120,143
120,142
120,141
120,95
120,94
120,93
120,92
120,91
120,90
120,89
120,88
120,87
120,86
120,85
120,84
120,83
120,82
120,81
120,80
120,79
120,78
120,77
120,76
120,75
120,74
120,73
120,72
120,71
120,70
120,69
120,68
120,67
120,66
120,65
120,64
120,63
120,62
120,61
120,60
120,59
120,58
120,57
120,56
120,55
120,54
120,53
120,52
120,51
120,50
120,49
120,48
120,47
120,46
120,45
120,44
120,43
120,42
121,168
121,167
121,166
121,165
121,164
121,163
121,162
121,161
121,160
121,159
121,158
121,157
121,156
121,155
121,154
121,153
121,152
121,151
121,150
121,149
121,148
121,147
121,146
121,145
121,144
121,143
121,142
121,141
121,95
121,94
121,93
121,92
121,91
121,90
121,89
121,88
121,87
121,86
121,85
121,84
121,83
121,82
121,81
121,80
121,79
121,78
121,77
121,76
121,75
121,74
121,73
121,72
121,71
121,70
121,69
121,68
121,67
121,66
121,65
121,64
121,63
121,62
121,61
121,60
121,59
121,58
121,57
121,56
121,55
121,54
121,53
121,52
121,51
121,50
121,49
121,48
121,47
121,46
121,45
121,44
121,43
121,42
122,169
122,169
122,168
122,167
122,166
122,165
122,164
122,163
122,162
122,161
122,160
122,159
122,158
122,157
122,156
122,155
122,154
122,153
122,152
122,151
122,150
122,149
122,148
122,147
122,146
122,145
122,144
122,143
122,142
122,141
122,94
122,93
122,92
122,91
122,90
122,89
122,88
122,87
122,86
122,85
122,84
122,83
122,82
122,81
122,80
122,79
122,78
122,77
122,76
122,75
122,74
122,73
122,72
122,71
122,70
122,69
122,68
122,67
122,66
122,65
122,64
122,63
122,62
122,61
122,60
122,59
122,58
122,57
122,56
122,55
122,54
122,53
122,52
122,51
122,50
122,49
122,48
122,47
122,46
122,45
122,44
122,43
122,42
122,41
123,170
123,169
123,169
123,168
123,167
123,166
123,165
123,164
123,163
123,162
123,161
123,160
123,159
123,158
123,157
123,156
123,155
123,154
123,153
123,152
123,151
123,150
123,149
123,148
123,147
123,146
123,145
123,144
123,143
123,142
123,141
123,94
123,93
123,92
123,91
123,90
123,89
123,88
123,87
123,86
123,85
123,84
123,83
123,82
123,81
123,80
123,79
123,78
123,77
123,76
123,75
123,74
123,73
123,72
123,71
123,70
123,69
123,68
123,67
123,66
123,65
123,64
123,63
123,62
123,61
123,60
123,59
123,58
123,57
123,56
123,55
123,54
123,53
123,52
123,51
123,50
123,49
123,48
123,47
123,46
123,45
123,44
123,43
123,42
123,41
124,172
124,171
124,170
124,169
124,169
124,168
124,167
124,166
124,165
124,164
124,163
124,162
124,161
124,160
124,159
124,158
124,157
124,156
124,155
124,154
124,153
124,152
124,151
124,150
124,149
124,148
124,147
124,146
124,145
124,144
124,143
124,142
124,141
124,94
124,93
124,92
124,91
124,90
124,89
124,88
124,87
124,86
124,85
124,84
124,83
124,82
124,81
124,80
124,79
124,78
124,77
124,76
124,75
124,74
124,73
124,72
124,71
124,70
124,69
124,68
124,67
124,66
124,65
124,64
124,63
124,62
124,61
124,60
124,59
124,58
124,57
124,56
124,55
124,54
124,53
124,52
124,51
124,50
124,49
124,48
124,47
124,46
124,45
124,44
124,43
124,42
124,41
124,40
125,173
125,172
125,171
125,170
125,169
125,169
125,168
125,167
125,166
125,165
125,164
125,163
125,162
125,161
125,160
125,159
125,158
125,157
125,156
125,155
125,154
125,153
125,152
125,151
125,150
125,149
125,148
125,147
125,146
125,145
125,144
125,143
125,142
125,141
125,94
125,93
125,92
125,91
125,90
125,89
125,88
125,87
125,86
125,85
125,84
125,83
125,82
125,81
125,80
125,79
125,78
125,77
125,76
125,75
125,74
125,73
125,72
125,71
125,70
125,69
125,68
125,67
125,66
125,65
125,64
125,63
125,62
125,61
125,60
125,59
125,58
125,57
125,56
125,55
125,54
125,53
125,52
125,51
125,50
125,49
125,48
125,47
125,46
125,45
125,44
125,43
125,42
125,41
125,40
126,175
126,174
126,173
126,172
126,171
126,170
126,169
126,169
126,168
126,167
126,166
126,165
126,164
126,163
126,162
126,161
126,160
126,159
126,158
126,157
126,156
126,155
126,154
126,153
126,152
126,151
126,150
126,149
126,148
126,147
126,146
126,145
126,144
126,143
126,142
126,141
126,93
126,92
126,91
126,90
126,89
126,88
126,87
126,86
126,85
126,84
126,83
126,82
126,81
126,80
126,79
126,78
126,77
126,76
126,75
126,74
126,73
126,72
126,71
126,70
126,69
126,68
126,67
126,66
126,65
126,64
126,63
126,62
126,61
126,60
126,59
126,58
126,57
126,56
126,55
126,54
126,53
126,52
126,51
126,50
126,49
126,48
126,47
126,46
126,45
126,44
126,43
126,42
126,41
126,40
127,175
127,174
127,173
127,172
127,171
127,170
127,169
127,169
127,168
127,167
127,166
127,165
127,164
127,163
127,162
127,161
127,160
127,159
127,158
127,157
127,156
127,155
127,154
127,153
127,152
127,151
127,150
127,149
127,148
127,147
127,146
127,145
127,144
127,143
127,142
127,141
127,93
127,92
127,91
127,90
127,89
127,88
127,87
127,86
127,85
127,84
127,83
127,82
127,81
127,80
127,79
127,78
127,77
127,76
127,75
127,74
127,73
127,72
127,71
127,70
127,69
127,68
127,67
127,66
127,65
127,64
127,63
127,62
127,61
127,60
127,59
127,58
127,57
127,56
127,55
127,54
127,53
127,52
127,51
127,50
127,49
127,48
127,47
127,46
127,45
127,44
127,43
127,42
127,41
127,40
127,39
128,176
128,175
128,174
128,173
128,172
128,171
128,170
128,169
128,169
128,168
128,167
128,166
128,165
128,164
128,163
128,162
128,161
128,160
128,159
128,158
128,157
128,156
128,155
128,154
128,153
128,152
128,151
128,150
128,149
128,148
128,147
128,146
128,145
128,144
128,143
128,142
128,141
128,140
128,93
128,92
128,91
128,90
128,89
128,88
128,87
128,86
128,85
128,84
128,83
128,82
128,81
128,80
128,79
128,78
128,77
128,76
128,75
128,74
128,73
128,72
128,71
128,70
128,69
128,68
128,67
128,66
128,65
128,64
128,63
128,62
128,61
128,60
128,59
128,58
128,57
128,56
128,55
128,54
128,53
128,52
128,51
128,50
128,49
128,48
128,47
128,46
128,45
128,44
128,43
128,42
128,41
128,40
128,39
129,177
129,176
129,175
129,174
129,173
129,172
129,171
129,170
129,169
129,169
129,168
129,167
129,166
129,165
129,164
129,163
129,162
129,161
129,160
129,159
129,158
129,157
129,156
129,155
129,154
129,153
129,152
129,151
129,150
129,149
129,148
129,147
129,146
129,145
129,144
129,143
129,142
129,141
129,140
129,93
129,92
129,91
129,90
129,89
129,88
129,87
129,86
129,85
129,84
129,83
129,82
129,81
129,80
129,79
129,78
129,77
129,76
129,75
129,74
129,73
129,72
129,71
129,70
129,69
129,68
129,67
129,66
129,65
129,64
129,63
129,62
129,61
129,60
129,59
129,58
129,57
129,56
129,55
129,54
129,53
129,52
129,51
129,50
129,49
129,48
129,47
129,46
129,45
129,44
129,43
129,42
129,41
129,40
129,39
130,178
130,177
130,176
130,175
130,174
130,173
130,172
130,171
130,170
130,169
130,169
130,168
130,167
130,166
130,165
130,164
130,163
130,162
130,161
130,160
130,159
130,158
130,157
130,156
130,155
130,154
130,153
130,152
130,151
130,150
130,149
130,148
130,147
130,146
130,145
130,144
130,143
130,142
130,141
130,140
130,93
130,92
130,91
130,90
130,89
130,88
130,87
130,86
130,85
130,84
130,83
130,82
130,81
130,80
130,79
130,78
130,77
130,76
130,75
130,74
130,73
130,72
130,71
130,70
130,69
130,68
130,67
130,66
130,65
130,64
130,63
130,62
130,61
130,60
130,59
130,58
130,57
130,56
130,55
130,54
130,53
130,52
130,51
130,50
130,49
130,48
130,47
130,46
130,45
130,44
130,43
130,42
130,41
130,40
130,39
131,179
131,178
131,177
131,176
131,175
131,174
131,173
131,172
131,171
131,170
131,169
131,169
131,168
131,167
131,166
131,165
131,164
131,163
131,162
131,161
131,160
131,159
131,158
131,157
131,156
131,155
131,154
131,153
131,152
131,151
131,150
131,149
131,148
131,147
131,146
131,145
131,144
131,143
131,142
131,141
131,140
131,93
131,92
131,91
131,90
131,89
131,88
131,87
131,86
131,85
131,84
131,83
131,82
131,81
131,80
131,79
131,78
131,77
131,76
131,75
131,74
131,73
131,72
131,71
131,70
131,69
131,68
131,67
131,66
131,65
131,64
131,63
131,62
131,61
131,60
131,59
131,58
131,57
131,56
131,55
131,54
131,53
131,52
131,51
131,50
131,49
131,48
131,47
131,46
131,45
131,44
131,43
131,42
131,41
131,40
131,39
132,181
132,180
132,179
132,178
132,177
132,176
132,175
132,174
132,173
132,172
132,171
132,170
132,169
132,169
132,168
132,167
132,166
132,165
132,164
132,163
132,162
132,161
132,160
132,159
132,158
132,157
132,156
132,155
132,154
132,153
132,152
132,151
132,150
132,149
132,148
132,147
132,146
132,145
132,144
132,143
132,142
132,141
132,140
132,139
132,94
132,93
132,92
132,91
132,90
132,89
132,88
132,87
132,86
132,85
132,84
132,83
132,82
132,81
132,80
132,79
132,78
132,77
132,76
132,75
132,74
132,73
132,72
132,71
132,70
132,69
132,68
132,67
132,66
132,65
132,64
132,63
132,62
132,61
132,60
132,59
132,58
132,57
132,56
132,55
132,54
132,53
132,52
132,51
132,50
132,49
132,48
132,47
132,46
132,45
132,44
132,43
132,42
132,41
132,40
132,39
133,182
133,181
133,180
133,179
133,178
133,177
133,176
133,175
133,174
133,173
133,172
133,171
133,170
133,169
133,169
133,168
133,167
133,166
133,165
133,164
133,163
133,162
133,161
133,160
133,159
133,158
133,157
133,156
133,155
133,154
133,153
133,152
133,151
133,150
133,149
133,148
133,147
133,146
133,145
133,144
133,143
133,142
133,141
133,140
133,139
133,94
133,93
133,92
133,91
133,90
133,89
133,88
133,87
133,86
133,85
133,84
133,83
133,82
133,81
133,80
133,79
133,78
133,77
133,76
133,75
133,74
133,73
133,72
133,71
133,70
133,69
133,68
133,67
133,66
133,65
133,64
133,63
133,62
133,61
133,60
133,59
133,58
133,57
133,56
133,55
133,54
133,53
133,52
133,51
133,50
133,49
133,48
133,47
133,46
133,45
133,44
133,43
133,42
133,41
133,40
133,39
134,183
134,182
134,181
134,180
134,179
134,178
134,177
134,176
134,175
134,174
134,173
134,172
134,171
134,170
134,169
134,169
134,168
134,167
134,166
134,165
134,164
134,163
134,162
134,161
134,160
134,159
134,158
134,157
134,156
134,155
134,154
134,153
134,152
134,151
134,150
134,149
134,148
134,147
134,146
134,145
134,144
134,143
134,142
134,141
134,140
134,139
134,138
134,94
134,93
134,92
134,91
134,90
134,89
134,88
134,87
134,86
134,85
134,84
134,83
134,82
134,81
134,80
134,79
134,78
134,77
134,76
134,75
134,74
134,73
134,72
134,71
134,70
134,69
134,68
134,67
134,66
134,65
134,64
134,63
134,62
134,61
134,60
134,59
134,58
134,57
134,56
134,55
134,54
134,53
134,52
134,51
134,50
134,49
134,48
134,47
134,46
134,45
134,44
134,43
134,42
134,41
134,40
134,39
135,184
135,183
135,182
135,181
135,180
135,179
135,178
135,177
135,176
135,175
135,174
135,173
135,172
135,171
135,170
135,169
135,169
135,168
135,167
135,166
135,165
135,164
135,163
135,162
135,161
135,160
135,159
135,158
135,157
135,156
135,155
135,154
135,153
135,152
135,151
135,150
135,149
135,148
135,147
135,146
135,145
135,144
135,143
135,142
135,141
135,140
135,139
135,138
135,137
135,94
135,93
135,92
135,91
135,90
135,89
135,88
135,87
135,86
135,85
135,84
135,83
135,82
135,81
135,80
135,79
135,78
135,77
135,76
135,75
135,74
135,73
135,72
135,71
135,70
135,69
135,68
135,67
135,66
135,65
135,64
135,63
135,62
135,61
135,60
135,59
135,58
135,57
135,56
135,55
135,54
135,53
135,52
135,51
135,50
135,49
135,48
135,47
135,46
135,45
135,44
135,43
135,42
135,41
135,40
135,39
136,186
136,185
136,184
136,183
136,182
136,181
136,180
136,179
136,178
136,177
136,176
136,175
136,174
136,173
136,172
136,171
136,170
136,169
136,169
136,168
136,167
136,166
136,165
136,164
136,163
136,162
136,161
136,160
136,159
136,158
136,157
136,156
136,155
136,154
136,153
136,152
136,151
136,150
136,149
136,148
136,147
136,146
136,145
136,144
136,143
136,142
136,141
136,140
136,139
136,138
136,137
136,94
136,93
136,92
136,91
136,90
136,89
136,88
136,87
136,86
136,85
136,84
136,83
136,82
136,81
136,80
136,79
136,78
136,77
136,76
136,75
136,74
136,73
136,72
136,71
136,70
136,69
136,68
136,67
136,66
136,65
136,64
136,63
136,62
136,61
136,60
136,59
136,58
136,57
136,56
136,55
136,54
136,53
136,52
136,51
136,50
136,49
136,48
136,47
136,46
136,45
136,44
136,43
136,42
136,41
136,40
137,187
137,186
137,185
137,184
137,183
137,182
137,181
137,180
137,179
137,178
137,177
137,176
137,175
137,174
137,173
137,172
137,171
137,170
137,169
137,169
137,168
137,167
137,166
137,165
137,164
137,163
137,162
137,161
137,160
137,159
137,158
137,157
137,156
137,155
137,154
137,153
137,152
137,151
137,150
137,149
137,148
137,147
137,146
137,145
137,144
137,143
137,142
137,141
137,140
137,139
137,138
137,137
137,136
137,95
137,94
137,93
137,92
137,91
137,90
137,89
137,88
137,87
137,86
137,85
137,84
137,83
137,82
137,81
137,80
137,79
137,78
137,77
137,76
137,75
137,74
137,73
137,72
137,71
137,70
137,69
137,68
137,67
137,66
137,65
137,64
137,63
137,62
137,61
137,60
137,59
137,58
137,57
137,56
137,55
137,54
137,53
137,52
137,51
137,50
137,49
137,48
137,47
137,46
137,45
137,44
137,43
137,42
137,41
137,40
138,187
138,186
138,185
138,184
138,183
138,182
138,181
138,180
138,179
138,178
138,177
138,176
138,175
138,174
138,173
138,172
138,171
138,170
138,169
138,169
138,168
138,167
138,166
138,165
138,164
138,163
138,162
138,161
138,160
138,159
138,158
138,157
138,156
138,155
138,154
138,153
138,152
138,151
138,150
138,149
138,148
138,147
138,146
138,145
138,144
138,143
138,142
138,141
138,140
138,139
138,138
138,137
138,136
138,95
138,94
138,93
138,92
138,91
138,90
138,89
138,88
138,87
138,86
138,85
138,84
138,83
138,82
138,81
138,80
138,79
138,78
138,77
138,76
138,75
138,74
138,73
138,72
138,71
138,70
138,69
138,68
138,67
138,66
138,65
138,64
138,63
138,62
138,61
138,60
138,59
138,58
138,57
138,56
138,55
138,54
138,53
138,52
138,51
138,50
138,49
138,48
138,47
138,46
138,45
138,44
138,43
138,42
138,41
139,188
139,187
139,186
139,185
139,184
139,183
139,182
139,181
139,180
139,179
139,178
139,177
139,176
139,175
139,174
139,173
139,172
139,171
139,170
139,169
139,169
139,168
139,167
139,166
139,165
139,164
139,163
139,162
139,161
139,160
139,159
139,158
139,157
139,156
139,155
139,154
139,153
139,152
139,151
139,150
139,149
139,148
139,147
139,146
139,145
139,144
139,143
139,142
139,141
139,140
139,139
139,138
139,137
139,136
139,135
139,95
139,94
139,93
139,92
139,91
139,90
139,89
139,88
139,87
139,86
139,85
139,84
139,83
139,82
139,81
139,80
139,79
139,78
139,77
139,76
139,75
139,74
139,73
139,72
139,71
139,70
139,69
139,68
139,67
139,66
139,65
139,64
139,63
139,62
139,61
139,60
139,59
139,58
139,57
139,56
139,55
139,54
139,53
139,52
139,51
139,50
139,49
139,48
139,47
139,46
139,45
139,44
139,43
139,42
139,41
140,189
140,188
140,187
140,186
140,185
140,184
140,183
140,182
140,181
140,180
140,179
140,178
140,177
140,176
140,175
140,174
140,173
140,172
140,171
140,170
140,169
140,169
140,168
140,167
140,166
140,165
140,164
140,163
140,162
140,161
140,160
140,159
140,158
140,157
140,156
140,155
140,154
140,153
140,152
140,151
140,150
140,149
140,148
140,147
140,146
140,145
140,144
140,143
140,142
140,141
140,140
140,139
140,138
140,137
140,136
140,135
140,134
140,96
140,95
140,94
140,93
140,92
140,91
140,90
140,89
140,88
140,87
140,86
140,85
140,84
140,83
140,82
140,81
140,80
140,79
140,78
140,77
140,76
140,75
140,74
140,73
140,72
140,71
140,70
140,69
140,68
140,67
140,66
140,65
140,64
140,63
140,62
140,61
140,60
140,59
140,58
140,57
140,56
140,55
140,54
140,53
140,52
140,51
140,50
140,49
140,48
140,47
140,46
140,45
140,44
140,43
140,42
141,190
141,189
141,188
141,187
141,186
141,185
141,184
141,183
141,182
141,181
141,180
141,179
141,178
141,177
141,176
141,175
141,174
141,173
141,172
141,171
141,170
141,169
141,169
141,168
141,167
141,166
141,165
141,164
141,163
141,162
141,161
141,160
141,159
141,158
141,157
141,156
141,155
141,154
141,153
141,152
141,151
141,150
141,149
141,148
141,147
141,146
141,145
141,144
141,143
141,142
141,141
141,140
141,139
141,138
141,137
141,136
141,135
141,134
141,133
141,96
141,95
141,94
141,93
141,92
141,91
141,90
141,89
141,88
141,87
141,86
141,85
141,84
141,83
141,82
141,81
141,80
141,79
141,78
141,77
141,76
141,75
141,74
141,73
141,72
141,71
141,70
141,69
141,68
141,67
141,66
141,65
141,64
141,63
141,62
141,61
141,60
141,59
141,58
141,57
141,56
141,55
141,54
141,53
141,52
141,51
141,50
141,49
141,48
141,47
141,46
141,45
141,44
141,43
141,42
142,191
142,190
142,189
142,188
142,187
142,186
142,185
142,184
142,183
142,182
142,181
142,180
142,179
142,178
142,177
142,176
142,175
142,174
142,173
142,172
142,171
142,170
142,169
142,169
142,168
142,167
142,166
142,165
142,164
142,163
142,162
142,161
142,160
142,159
142,158
142,157
142,156
142,155
142,154
142,153
142,152
142,151
142,150
142,149
142,148
142,147
142,146
142,145
142,144
142,143
142,142
142,141
142,140
142,139
142,138
142,137
142,136
142,135
142,134
142,133
142,96
142,95
142,94
142,93
142,92
142,91
142,90
142,89
142,88
142,87
142,86
142,85
142,84
142,83
142,82
142,81
142,80
142,79
142,78
142,77
142,76
142,75
142,74
142,73
142,72
142,71
142,70
142,69
142,68
142,67
142,66
142,65
142,64
142,63
142,62
142,61
142,60
142,59
142,58
142,57
142,56
142,55
142,54
142,53
142,52
142,51
142,50
142,49
142,48
142,47
142,46
142,45
142,44
142,43
142,42
143,192
143,191
143,190
143,189
143,188
143,187
143,186
143,185
143,184
143,183
143,182
143,181
143,180
143,179
143,178
143,177
143,176
143,175
143,174
143,173
143,172
143,171
143,170
143,169
143,169
143,168
143,167
143,166
143,165
143,164
143,163
143,162
143,161
143,160
143,159
143,158
143,157
143,156
143,155
143,154
143,153
143,152
143,151
143,150
143,149
143,148
143,147
143,146
143,145
143,144
143,143
143,142
143,141
143,140
143,139
143,138
143,137
143,136
143,135
143,134
143,133
143,97
143,96
143,95
143,94
143,93
143,92
143,91
143,90
143,89
143,88
143,87
143,86
143,85
143,84
143,83
143,82
143,81
143,80
143,79
143,78
143,77
143,76
143,75
143,74
143,73
143,72
143,71
143,70
143,69
143,68
143,67
143,66
143,65
143,64
143,63
143,62
143,61
143,60
143,59
143,58
143,57
143,56
143,55
143,54
143,53
143,52
143,51
143,50
143,49
143,48
143,47
143,46
143,45
143,44
143,43
143,42
144,193
144,192
144,191
144,190
144,189
144,188
144,187
144,186
144,185
144,184
144,183
144,182
144,181
144,180
144,179
144,178
144,177
144,176
144,175
144,174
144,173
144,172
144,171
144,170
144,169
144,169
144,168
144,167
144,166
144,165
144,164
144,163
144,162
144,161
144,160
144,159
144,158
144,157
144,156
144,155
144,154
144,153
144,152
144,151
144,150
144,149
144,148
144,147
144,146
144,145
144,144
144,143
144,142
144,141
144,140
144,139
144,138
144,137
144,136
144,135
144,134
144,133
144,132
144,98
144,97
144,96
144,95
144,94
144,93
144,92
144,91
144,90
144,89
144,88
144,87
144,86
144,85
144,84
144,83
144,82
144,81
144,80
144,79
144,78
144,77
144,76
144,75
144,74
144,73
144,72
144,71
144,70
144,69
144,68
144,67
144,66
144,65
144,64
144,63
144,62
144,61
144,60
144,59
144,58
144,57
144,56
144,55
144,54
144,53
144,52
144,51
144,50
144,49
144,48
144,47
144,46
144,45
144,44
144,43
144,42
145,194
145,193
145,192
145,191
145,190
145,189
145,188
145,187
145,186
145,185
145,184
145,183
145,182
145,181
145,180
145,179
145,178
145,177
145,176
145,175
145,174
145,173
145,172
145,171
145,170
145,169
145,169
145,168
145,167
145,166
145,165
145,164
145,163
145,162
145,161
145,160
145,159
145,158
145,157
145,156
145,155
145,154
145,153
145,152
145,151
145,150
145,149
145,148
145,147
145,146
145,145
145,144
145,143
145,142
145,141
145,140
145,139
145,138
145,137
145,136
145,135
145,134
145,133
145,132
145,98
145,97
145,96
145,95
145,94
145,93
145,92
145,91
145,90
145,89
145,88
145,87
145,86
145,85
145,84
145,83
145,82
145,81
145,80
145,79
145,78
145,77
145,76
145,75
145,74
145,73
145,72
145,71
145,70
145,69
145,68
145,67
145,66
145,65
145,64
145,63
145,62
145,61
145,60
145,59
145,58
145,57
145,56
145,55
145,54
145,53
145,52
145,51
145,50
145,49
145,48
145,47
145,46
145,45
145,44
145,43
145,42
146,195
146,194
146,193
146,192
146,191
146,190
146,189
146,188
146,187
146,186
146,185
146,184
146,183
146,182
146,181
146,180
146,179
146,178
146,177
146,176
146,175
146,174
146,173
146,172
146,171
146,170
146,169
146,169
146,168
146,167
146,166
146,165
146,164
146,163
146,162
146,161
146,160
146,159
146,158
146,157
146,156
146,155
146,154
146,153
146,152
146,151
146,150
146,149
146,148
146,147
146,146
146,145
146,144
146,143
146,142
146,141
146,140
146,139
146,138
146,137
146,136
146,135
146,134
146,133
146,132
146,99
146,98
146,97
146,96
146,95
146,94
146,93
146,92
146,91
146,90
146,89
146,88
146,87
146,86
146,85
146,84
146,83
146,82
146,81
146,80
146,79
146,78
146,77
146,76
146,75
146,74
146,73
146,72
146,71
146,70
146,69
146,68
146,67
146,66
146,65
146,64
146,63
146,62
146,61
146,60
146,59
146,58
146,57
146,56
146,55
146,54
146,53
146,52
146,51
146,50
146,49
146,48
146,47
146,46
146,45
146,44
146,43
146,42
146,41
147,196
147,195
147,194
147,193
147,192
147,191
147,190
147,189
147,188
147,187
147,186
147,185
147,184
147,183
147,182
147,181
147,180
147,179
147,178
147,177
147,176
147,175
147,174
147,173
147,172
147,171
147,170
147,169
147,169
147,168
147,167
147,166
147,165
147,164
147,163
147,162
147,161
147,160
147,159
147,158
147,157
147,156
147,155
147,154
147,153
147,152
147,151
147,150
147,149
147,148
147,147
147,146
147,145
147,144
147,143
147,142
147,141
147,140
147,139
147,138
147,137
147,136
147,135
147,134
147,133
147,132
147,131
147,100
147,99
147,98
147,97
147,96
147,95
147,94
147,93
147,92
147,91
147,90
147,89
147,88
147,87
147,86
147,85
147,84
147,83
147,82
147,81
147,80
147,79
147,78
147,77
147,76
147,75
147,74
147,73
147,72
147,71
147,70
147,69
147,68
147,67
147,66
147,65
147,64
147,63
147,62
147,61
147,60
147,59
147,58
147,57
147,56
147,55
147,54
147,53
147,52
147,51
147,50
147,49
147,48
147,47
147,46
147,45
147,44
147,43
147,42
147,41
148,196
148,195
148,194
148,193
148,192
148,191
148,190
148,189
148,188
148,187
148,186
148,185
148,184
148,183
148,182
148,181
148,180
148,179
148,178
148,177
148,176
148,175
148,174
148,173
148,172
148,171
148,170
148,169
148,169
148,168
148,167
148,166
148,165
148,164
148,163
148,162
148,161
148,160
148,159
148,158
148,157
148,156
148,155
148,154
148,153
148,152
148,151
148,150
148,149
148,148
148,147
148,146
148,145
148,144
148,143
148,142
148,141
148,140
148,139
148,138
148,137
148,136
148,135
148,134
148,133
148,132
148,131
148,101
148,100
148,99
148,98
148,97
148,96
148,95
148,94
148,93
148,92
148,91
148,90
148,89
148,88
148,87
148,86
148,85
148,84
148,83
148,82
148,81
148,80
148,79
148,78
148,77
148,76
148,75
148,74
148,73
148,72
148,71
148,70
148,69
148,68
148,67
148,66
148,65
148,64
148,63
148,62
148,61
148,60
148,59
148,58
148,57
148,56
148,55
148,54
148,53
148,52
148,51
148,50
148,49
148,48
148,47
148,46
148,45
148,44
148,43
148,42
148,41
148,40
149,197
149,196
149,195
149,194
149,193
149,192
149,191
149,190
149,189
149,188
149,187
149,186
149,185
149,184
149,183
149,182
149,181
149,180
149,179
149,178
149,177
149,176
149,175
149,174
149,173
149,172
149,171
149,170
149,169
149,169
149,168
149,167
149,166
149,165
149,164
149,163
149,162
149,161
149,160
149,159
149,158
149,157
149,156
149,155
149,154
149,153
149,152
149,151
149,150
149,149
149,148
149,147
149,146
149,145
149,144
149,143
149,142
149,141
149,140
149,139
149,138
149,137
149,136
149,135
149,134
149,133
149,132
149,131
149,130
149,102
149,101
149,100
149,99
149,98
149,97
149,96
149,95
149,94
149,93
149,92
149,91
149,90
149,89
149,88
149,87
149,86
149,85
149,84
149,83
149,82
149,81
149,80
149,79
149,78
149,77
149,76
149,75
149,74
149,73
149,72
149,71
149,70
149,69
149,68
149,67
149,66
149,65
149,64
149,63
149,62
149,61
149,60
149,59
149,58
149,57
149,56
149,55
149,54
149,53
149,52
149,51
149,50
149,49
149,48
149,47
149,46
149,45
149,44
149,43
149,42
149,41
149,40
150,198
150,197
150,196
150,195
150,194
150,193
150,192
150,191
150,190
150,189
150,188
150,187
150,186
150,185
150,184
150,183
150,182
150,181
150,180
150,179
150,178
150,177
150,176
150,175
150,174
150,173
150,172
150,171
150,170
150,169
150,169
150,168
150,167
150,166
150,165
150,164
150,163
150,162
150,161
150,160
150,159
150,158
150,157
150,156
150,155
150,154
150,153
150,152
150,151
150,150
150,149
150,148
150,147
150,146
150,145
150,144
150,143
150,142
150,141
150,140
150,139
150,138
150,137
150,136
150,135
150,134
150,133
150,132
150,131
150,130
150,104
150,103
150,102
150,101
150,100
150,99
150,98
150,97
150,96
150,95
150,94
150,93
150,92
150,91
150,90
150,89
150,88
150,87
150,86
150,85
150,84
150,83
150,82
150,81
150,80
150,79
150,78
150,77
150,76
150,75
150,74
150,73
150,72
150,71
150,70
150,69
150,68
150,67
150,66
150,65
150,64
150,63
150,62
150,61
150,60
150,59
150,58
150,57
150,56
150,55
150,54
150,53
150,52
150,51
150,50
150,49
150,48
150,47
150,46
150,45
150,44
150,43
150,42
150,41
150,40
150,39
151,199
151,198
151,197
151,196
151,195
151,194
151,193
151,192
151,191
151,190
151,189
151,188
151,187
151,186
151,185
151,184
151,183
151,182
151,181
151,180
151,179
151,178
151,177
151,176
151,175
151,174
151,173
151,172
151,171
151,170
151,169
151,169
151,168
151,167
151,166
151,165
151,164
151,163
151,162
151,157
151,156
151,155
151,154
151,153
151,152
151,151
151,150
151,149
151,148
151,147
151,146
151,145
151,144
151,143
151,142
151,141
151,140
151,139
151,138
151,137
151,136
151,135
151,134
151,133
151,132
151,131
151,130
151,105
151,104
151,103
151,102
151,101
151,100
151,99
151,98
151,97
151,96
151,95
151,94
151,93
151,92
151,91
151,90
151,89
151,88
151,87
151,86
151,85
151,84
151,83
151,82
151,81
151,80
151,79
151,78
151,77
151,76
151,75
151,74
151,73
151,72
151,71
151,70
151,69
151,68
151,67
151,66
151,65
151,64
151,63
151,62
151,61
151,60
151,59
151,58
151,57
151,56
151,55
151,54
151,53
151,52
151,51
151,50
151,49
151,48
151,47
151,46
151,45
151,44
151,43
151,42
151,41
151,40
151,39
152,199
152,198
152,197
152,196
152,195
152,194
152,193
152,192
152,191
152,190
152,189
152,188
152,187
152,186
152,185
152,184
152,183
152,182
152,181
152,180
152,179
152,178
152,177
152,176
152,175
152,174
152,173
152,172
152,171
152,170
152,169
152,169
152,168
152,167
152,166
152,165
152,164
152,163
152,155
152,147
152,146
152,145
152,144
152,143
152,142
152,141
152,140
152,139
152,138
152,137
152,136
152,135
152,134
152,133
152,132
152,131
152,128
152,127
152,126
152,107
152,106
152,105
152,104
152,103
152,102
152,101
152,100
152,99
152,98
152,97
152,96
152,95
152,94
152,93
152,92
152,91
152,90
152,89
152,88
152,87
152,86
152,85
152,84
152,83
152,82
152,81
152,80
152,79
152,78
152,77
152,76
152,75
152,74
152,73
152,72
152,71
152,70
152,69
152,68
152,67
152,66
152,65
152,64
152,63
152,62
152,61
152,60
152,59
152,58
152,57
152,56
152,55
152,54
152,53
152,52
152,51
152,50
152,49
152,48
152,47
152,46
152,45
152,44
152,43
152,42
152,41
152,40
152,39
153,200
153,199
153,198
153,197
153,196
153,195
153,194
153,193
153,192
153,191
153,190
153,189
153,188
153,187
153,186
153,185
153,184
153,183
153,182
153,181
153,180
153,179
153,178
153,177
153,176
153,175
153,174
153,173
153,172
153,171
153,170
153,169
153,169
153,168
153,167
153,166
153,165
153,146
153,145
153,144
153,143
153,142
153,141
153,140
153,139
153,138
153,137
153,136
153,135
153,134
153,133
153,132
153,129
153,128
153,127
153,126
153,125
153,124
153,123
153,110
153,109
153,108
153,107
153,106
153,105
153,104
153,103
153,102
153,101
153,100
153,99
153,98
153,97
153,96
153,95
153,94
153,93
153,92
153,91
153,90
153,89
153,88
153,87
153,86
153,85
153,84
153,83
153,82
153,81
153,80
153,79
153,78
153,77
153,76
153,75
153,74
153,73
153,72
153,71
153,70
153,69
153,68
153,67
153,66
153,65
153,64
153,63
153,62
153,61
153,60
153,59
153,58
153,57
153,56
153,55
153,54
153,53
153,52
153,51
153,50
153,49
153,48
153,47
153,46
153,45
153,44
153,43
153,42
153,41
153,40
154,201
154,200
154,199
154,198
154,197
154,196
154,195
154,194
154,193
154,192
154,191
154,190
154,189
154,188
154,187
154,186
154,185
154,184
154,183
154,182
154,181
154,180
154,179
154,178
154,177
154,176
154,175
154,174
154,173
154,172
154,171
154,170
154,144
154,143
154,142
154,141
154,140
154,139
154,138
154,137
154,136
154,135
154,134
154,133
154,132
154,129
154,128
154,127
154,126
154,125
154,124
154,123
154,122
154,121
154,120
154,116
154,115
154,114
154,113
154,112
154,111
154,110
154,109
154,108
154,107
154,106
154,105
154,104
154,103
154,102
154,101
154,100
154,99
154,98
154,97
154,96
154,95
154,94
154,93
154,92
154,91
154,90
154,89
154,88
154,87
154,86
154,85
154,84
154,83
154,82
154,81
154,80
154,79
154,78
154,77
154,76
154,75
154,74
154,73
154,72
154,71
154,70
154,69
154,68
154,67
154,66
154,65
154,64
154,63
154,62
154,61
154,60
154,59
154,58
154,57
154,56
154,55
154,54
154,53
154,52
154,51
154,50
154,49
154,48
154,47
154,46
154,45
154,44
154,43
154,42
154,41
154,40
155,201
155,200
155,199
155,198
155,197
155,196
155,195
155,194
155,193
155,192
155,191
155,190
155,189
155,188
155,187
155,186
155,185
155,184
155,183
155,182
155,181
155,180
155,179
155,178
155,177
155,176
155,175
155,174
155,173
155,172
155,171
155,143
155,142
155,141
155,140
155,139
155,138
155,137
155,136
155,135
155,134
155,133
155,130
155,129
155,128
155,127
155,126
155,125
155,124
155,123
155,122
155,121
155,120
155,119
155,118
155,117
155,116
155,115
155,114
155,113
155,112
155,111
155,110
155,109
155,108
155,107
155,106
155,105
155,104
155,103
155,102
155,101
155,100
155,99
155,98
155,97
155,96
155,95
155,94
155,93
155,92
155,91
155,90
155,89
155,88
155,87
155,86
155,85
155,84
155,83
155,82
155,81
155,80
155,79
155,78
155,77
155,76
155,75
155,74
155,73
155,72
155,71
155,70
155,69
155,68
155,67
155,66
155,65
155,64
155,63
155,62
155,61
155,60
155,59
155,58
155,57
155,56
155,55
155,54
155,53
155,52
155,51
155,50
155,49
155,48
155,47
155,46
155,45
155,44
155,43
155,42
155,41
156,202
156,201
156,200
156,199
156,198
156,197
156,196
156,195
156,194
156,193
156,192
156,191
156,190
156,189
156,188
156,187
156,186
156,185
156,184
156,183
156,182
156,181
156,180
156,179
156,178
156,177
156,176
156,175
156,174
156,173
156,172
156,143
156,142
156,141
156,140
156,139
156,138
156,137
156,136
156,135
156,134
156,131
156,130
156,129
156,128
156,127
156,126
156,125
156,124
156,123
156,122
156,121
156,120
156,119
156,118
156,117
156,116
156,115
156,114
156,113
156,112
156,111
156,110
156,109
156,108
156,107
156,106
156,105
156,104
156,103
156,102
156,101
156,100
156,99
156,98
156,97
156,96
156,95
156,94
156,93
156,92
156,91
156,90
156,89
156,88
156,87
156,86
156,85
156,84
156,83
156,82
156,81
156,80
156,79
156,78
156,77
156,76
156,75
156,74
156,73
156,72
156,71
156,70
156,69
156,68
156,67
156,66
156,65
156,64
156,63
156,62
156,61
156,60
156,59
156,58
156,57
156,56
156,55
156,54
156,53
156,52
156,51
156,50
156,49
156,48
156,47
156,46
156,45
156,44
156,43
157,203
157,202
157,201
157,200
157,199
157,198
157,197
157,196
157,195
157,194
157,193
157,192
157,191
157,190
157,189
157,188
157,187
157,186
157,185
157,184
157,183
157,182
157,181
157,180
157,179
157,178
157,177
157,176
157,175
157,174
157,173
157,142
157,141
157,140
157,139
157,138
157,137
157,136
157,135
157,132
157,131
157,130
157,129
157,128
157,127
157,126
157,125
157,124
157,123
157,122
157,121
157,120
157,119
157,118
157,117
157,116
157,115
157,114
157,113
157,112
157,111
157,110
157,109
157,108
157,107
157,106
157,105
157,104
157,103
157,102
157,101
157,100
157,99
157,98
157,97
157,96
157,95
157,94
157,93
157,92
157,91
157,90
157,89
157,88
157,87
157,86
157,85
157,84
157,83
157,82
157,81
157,80
157,79
157,78
157,77
157,76
157,75
157,74
157,73
157,72
157,71
157,70
157,69
157,68
157,67
157,66
157,65
157,64
157,63
157,62
157,61
157,60
157,59
157,58
157,57
157,56
157,55
157,54
157,53
157,52
157,51
157,50
157,49
157,48
157,47
157,46
158,203
158,202
158,201
158,200
158,199
158,198
158,197
158,196
158,195
158,194
158,193
158,192
158,191
158,190
158,189
158,188
158,187
158,186
158,185
158,184
158,183
158,182
158,181
158,180
158,179
158,178
158,177
158,176
158,175
158,174
158,142
158,141
158,140
158,139
158,138
158,137
158,136
158,133
158,132
158,131
158,130
158,129
158,128
158,127
158,126
158,125
158,124
158,123
158,122
158,121
158,120
158,119
158,118
158,117
158,116
158,115
158,114
158,113
158,112
158,111
158,110
158,109
158,108
158,107
158,106
158,105
158,104
158,103
158,102
158,101
158,100
158,99
158,98
158,97
158,96
158,95
158,94
158,93
158,92
158,91
158,90
158,89
158,88
158,87
158,86
158,85
158,84
158,83
158,82
158,81
158,80
158,79
158,78
158,77
158,76
158,75
158,74
158,73
158,72
158,71
158,70
158,69
158,68
158,67
158,66
158,65
158,64
158,63
158,62
158,61
158,60
158,59
158,58
158,57
158,56
158,55
158,54
158,53
158,52
158,51
158,50
158,49
159,204
159,203
159,202
159,201
159,200
159,199
159,198
159,197
159,196
159,195
159,194
159,193
159,192
159,191
159,190
159,189
159,188
159,187
159,186
159,185
159,184
159,183
159,182
159,181
159,180
159,179
159,178
159,177
159,176
159,175
159,142
159,141
159,140
159,139
159,138
159,137
159,133
159,132
159,131
159,130
159,129
159,128
159,127
159,126
159,125
159,124
159,123
159,122
159,121
159,120
159,119
159,118
159,117
159,116
159,115
159,114
159,113
159,112
159,111
159,110
159,109
159,108
159,107
159,106
159,105
159,104
159,103
159,102
159,101
159,100
159,99
159,98
159,97
159,96
159,95
159,94
159,93
159,92
159,91
159,90
159,89
159,88
159,87
159,86
159,85
159,84
159,83
159,82
159,81
159,80
159,79
159,78
159,77
159,76
159,75
159,74
159,73
159,72
159,71
159,70
159,69
159,68
159,67
159,66
159,65
159,64
159,63
159,62
159,61
159,60
159,59
159,58
159,57
159,56
159,55
159,54
159,53
159,52
160,204
160,203
160,202
160,201
160,200
160,199
160,198
160,197
160,196
160,195
160,194
160,193
160,192
160,191
160,190
160,189
160,188
160,187
160,186
160,185
160,184
160,183
160,182
160,181
160,180
160,179
160,178
160,177
160,176
160,141
160,140
160,139
160,138
160,137
160,134
160,133
160,132
160,131
160,130
160,129
160,128
160,127
160,126
160,125
160,124
160,123
160,122
160,121
160,120
160,119
160,118
160,117
160,116
160,115
160,114
160,113
160,112
160,111
160,110
160,109
160,108
160,107
160,106
160,105
160,104
160,103
160,102
160,101
160,100
160,99
160,98
160,97
160,96
160,95
160,94
160,93
160,92
160,91
160,90
160,89
160,88
160,87
160,86
160,85
160,84
160,83
160,82
160,81
160,80
160,79
160,78
160,77
160,76
160,75
160,74
160,73
160,72
160,71
160,70
160,69
160,68
160,67
160,66
160,65
160,64
160,63
160,62
160,61
160,60
160,59
160,58
160,57
160,56
160,55
161,205
161,204
161,203
161,202
161,201
161,200
161,199
161,198
161,197
161,196
161,195
161,194
161,193
161,192
161,191
161,190
161,189
161,188
161,187
161,186
161,185
161,184
161,183
161,182
161,181
161,180
161,179
161,178
161,177
161,176
161,141
161,140
161,139
161,138
161,135
161,134
161,133
161,132
161,131
161,130
161,129
161,128
161,127
161,126
161,125
161,124
161,123
161,122
161,121
161,120
161,119
161,118
161,117
161,116
161,115
161,114
161,113
161,112
161,111
161,110
161,109
161,108
161,107
161,106
161,105
161,104
161,103
161,102
161,101
161,100
161,99
161,98
161,97
161,96
161,95
161,94
161,93
161,92
161,91
161,90
161,89
161,88
161,87
161,86
161,85
161,84
161,83
161,82
161,81
161,80
161,79
161,78
161,77
161,76
161,75
161,74
161,73
161,72
161,71
161,70
161,69
161,68
161,67
161,66
161,65
161,64
161,63
161,62
161,61
161,60
161,59
162,206
162,205
162,204
162,203
162,202
162,201
162,200
162,199
162,198
162,197
162,196
162,195
162,194
162,193
162,192
162,191
162,190
162,189
162,188
162,187
162,186
162,185
162,184
162,183
162,182
162,181
162,180
162,179
162,178
162,177
162,140
162,139
162,136
162,135
162,134
162,133
162,132
162,131
162,130
162,129
162,128
162,127
162,126
162,125
162,124
162,123
162,122
162,121
162,120
162,119
162,118
162,117
162,116
162,115
162,114
162,113
162,112
162,111
162,110
162,109
162,108
162,107
162,106
162,105
162,104
162,103
162,102
162,101
162,100
162,99
162,98
162,97
162,96
162,95
162,94
162,93
162,92
162,91
162,90
162,89
162,88
162,87
162,86
162,85
162,84
162,83
162,82
162,81
162,80
162,79
162,78
162,77
162,76
162,75
162,74
162,73
162,72
162,71
162,70
162,69
162,68
162,67
162,66
162,65
162,64
162,63
162,62
163,206
163,205
163,204
163,203
163,202
163,201
163,200
163,199
163,198
163,197
163,196
163,195
163,194
163,193
163,192
163,191
163,190
163,189
163,188
163,187
163,186
163,185
163,184
163,183
163,182
163,181
163,180
163,179
163,178
163,177
163,140
163,137
163,136
163,135
163,134
163,133
163,132
163,131
163,130
163,129
163,128
163,127
163,126
163,125
163,124
163,123
163,122
163,121
163,120
163,119
163,118
163,117
163,116
163,115
163,114
163,113
163,112
163,111
163,110
163,109
163,108
163,107
163,106
163,105
163,104
163,103
163,102
163,101
163,100
163,99
163,98
163,97
163,96
163,95
163,94
163,93
163,92
163,91
163,90
163,89
163,88
163,87
163,86
163,85
163,84
163,83
163,82
163,81
163,80
163,79
163,78
163,77
163,76
163,75
163,74
163,73
163,72
163,71
163,70
163,69
163,68
163,67
163,66
163,65
164,207
164,206
164,205
164,204
164,203
164,202
164,201
164,200
164,199
164,198
164,197
164,196
164,195
164,194
164,193
164,192
164,191
164,190
164,189
164,188
164,187
164,186
164,185
164,184
164,183
164,182
164,181
164,180
164,179
164,178
164,177
164,137
164,136
164,135
164,134
164,133
164,132
164,131
164,130
164,129
164,128
164,127
164,126
164,125
164,124
164,123
164,122
164,121
164,120
164,119
164,118
164,117
164,116
164,115
164,114
164,113
164,112
164,111
164,110
164,109
164,108
164,107
164,106
164,105
164,104
164,103
164,102
164,101
164,100
164,99
164,98
164,97
164,96
164,95
164,94
164,93
164,92
164,91
164,90
164,89
164,88
164,87
164,86
164,85
164,84
164,83
164,82
164,81
164,80
164,79
164,78
164,77
164,76
164,75
164,74
164,73
164,72
164,71
164,70
164,69
164,68
164,67
164,66
165,207
165,206
165,205
165,204
165,203
165,202
165,201
165,200
165,199
165,198
165,197
165,196
165,195
165,194
165,193
165,192
165,191
165,190
165,189
165,188
165,187
165,186
165,185
165,184
165,183
165,182
165,181
165,180
165,179
165,178
165,177
165,137
165,136
165,135
165,134
165,133
165,132
165,131
165,130
165,129
165,128
165,127
165,126
165,125
165,124
165,123
165,122
165,121
165,120
165,119
165,118
165,117
165,116
165,115
165,114
165,113
165,112
165,111
165,110
165,109
165,108
165,107
165,106
165,105
165,104
165,103
165,102
165,101
165,100
165,99
165,98
165,97
165,96
165,95
165,94
165,93
165,92
165,91
165,90
165,89
165,88
165,87
165,86
165,85
165,84
165,83
165,82
165,81
165,80
165,79
165,78
165,77
165,76
165,75
165,74
165,73
165,72
165,71
165,70
165,69
165,68
165,67
166,208
166,207
166,206
166,205
166,204
166,203
166,202
166,201
166,200
166,199
166,198
166,197
166,196
166,195
166,194
166,193
166,192
166,191
166,190
166,189
166,188
166,187
166,186
166,185
166,184
166,183
166,182
166,181
166,180
166,179
166,178
166,137
166,136
166,135
166,134
166,133
166,132
166,131
166,130
166,129
166,128
166,127
166,126
166,125
166,124
166,123
166,122
166,121
166,120
166,119
166,118
166,117
166,116
166,115
166,114
166,113
166,112
166,111
166,110
166,109
166,108
166,107
166,106
166,105
166,104
166,103
166,102
166,101
166,100
166,99
166,98
166,97
166,96
166,95
166,94
166,93
166,92
166,91
166,90
166,89
166,88
166,87
166,86
166,85
166,84
166,83
166,82
166,81
166,80
166,79
166,78
166,77
166,76
166,75
166,74
166,73
166,72
166,71
166,70
166,69
166,68
167,208
167,207
167,206
167,205
167,204
167,203
167,202
167,201
167,200
167,199
167,198
167,197
167,196
167,195
167,194
167,193
167,192
167,191
167,190
167,189
167,188
167,187
167,186
167,185
167,184
167,183
167,182
167,181
167,180
167,179
167,178
167,137
167,136
167,135
167,134
167,133
167,132
167,131
167,130
167,129
167,128
167,127
167,126
167,125
167,124
167,123
167,122
167,121
167,120
167,119
167,118
167,117
167,116
167,115
167,114
167,113
167,112
167,111
167,110
167,109
167,108
167,107
167,106
167,105
167,104
167,103
167,102
167,101
167,100
167,99
167,98
167,97
167,96
167,95
167,94
167,93
167,92
167,91
167,90
167,89
167,88
167,87
167,86
167,85
167,84
167,83
167,82
167,81
167,80
167,79
167,78
167,77
167,76
167,75
167,74
167,73
167,72
167,71
167,70
167,69
168,208
168,207
168,206
168,205
168,204
168,203
168,202
168,201
168,200
168,199
168,198
168,197
168,196
168,195
168,194
168,193
168,192
168,191
168,190
168,189
168,188
168,187
168,186
168,185
168,184
168,183
168,182
168,181
168,180
168,179
168,137
168,136
168,135
168,134
168,133
168,132
168,131
168,130
168,129
168,128
168,127
168,126
168,125
168,124
168,123
168,122
168,121
168,120
168,119
168,118
168,117
168,116
168,115
168,114
168,113
168,112
168,111
168,110
168,109
168,108
168,107
168,106
168,105
168,104
168,103
168,102
168,101
168,100
168,99
168,98
168,97
168,96
168,95
168,94
168,93
168,92
168,91
168,90
168,89
168,88
168,87
168,86
168,85
168,84
168,83
168,82
168,81
168,80
168,79
168,78
168,77
168,76
168,75
168,74
168,73
168,72
168,71
168,70
169,209
169,208
169,207
169,206
169,205
169,204
169,203
169,202
169,201
169,200
169,199
169,198
169,197
169,196
169,195
169,194
169,193
169,192
169,191
169,190
169,189
169,188
169,187
169,186
169,185
169,184
169,183
169,182
169,181
169,180
169,179
169,136
169,135
169,134
169,133
169,132
169,131
169,130
169,129
169,128
169,127
169,126
169,125
169,124
169,123
169,122
169,121
169,120
169,119
169,118
169,117
169,116
169,115
169,114
169,113
169,112
169,111
169,110
169,109
169,108
169,107
169,106
169,105
169,104
169,103
169,102
169,101
169,100
169,99
169,98
169,97
169,96
169,95
169,94
169,93
169,92
169,91
169,90
169,89
169,88
169,87
169,86
169,85
169,84
169,83
169,82
169,81
169,80
169,79
169,78
169,77
169,76
169,75
169,74
169,73
169,72
169,71
169,70
170,209
170,208
170,207
170,206
170,205
170,204
170,203
170,202
170,201
170,200
170,199
170,198
170,197
170,196
170,195
170,194
170,193
170,192
170,191
170,190
170,189
170,188
170,187
170,186
170,185
170,184
170,183
170,182
170,181
170,180
170,136
170,135
170,134
170,133
170,132
170,131
170,130
170,129
170,128
170,127
170,126
170,125
170,124
170,123
170,122
170,121
170,120
170,119
170,118
170,117
170,116
170,115
170,114
170,113
170,112
170,111
170,110
170,109
170,108
170,107
170,106
170,105
170,104
170,103
170,102
170,101
170,100
170,99
170,98
170,97
170,96
170,95
170,94
170,93
170,92
170,91
170,90
170,89
170,88
170,87
170,86
170,85
170,84
170,83
170,82
170,81
170,80
170,79
170,78
170,77
170,76
170,75
170,74
170,73
170,72
170,71
171,209
171,208
171,207
171,206
171,205
171,204
171,203
171,202
171,201
171,200
171,199
171,198
171,197
171,196
171,195
171,194
171,193
171,192
171,191
171,190
171,189
171,188
171,187
171,186
171,185
171,184
171,183
171,182
171,181
171,180
171,136
171,135
171,134
171,133
171,132
171,131
171,130
171,129
171,128
171,127
171,126
171,125
171,124
171,123
171,122
171,121
171,120
171,119
171,118
171,117
171,116
171,115
171,114
171,113
171,112
171,111
171,110
171,109
171,108
171,107
171,106
171,105
171,104
171,103
171,102
171,101
171,100
171,99
171,98
171,97
171,96
171,95
171,94
171,93
171,92
171,91
171,90
171,89
171,88
171,87
171,86
171,85
171,84
171,83
171,82
171,81
171,80
171,79
171,78
171,77
171,76
171,75
171,74
171,73
171,72
171,71
172,210
172,209
172,208
172,207
172,206
172,205
172,204
172,203
172,202
172,201
172,200
172,199
172,198
172,197
172,196
172,195
172,194
172,193
172,192
172,191
172,190
172,189
172,188
172,187
172,186
172,185
172,184
172,183
172,182
172,181
172,180
172,135
172,134
172,133
172,132
172,131
172,130
172,129
172,128
172,127
172,126
172,125
172,124
172,123
172,122
172,121
172,120
172,119
172,118
172,117
172,116
172,115
172,114
172,113
172,112
172,111
172,110
172,109
172,108
172,107
172,106
172,105
172,104
172,103
172,102
172,101
172,100
172,99
172,98
172,97
172,96
172,95
172,94
172,93
172,92
172,91
172,90
172,89
172,88
172,87
172,86
172,85
172,84
172,83
172,82
172,81
172,80
172,79
172,78
172,77
172,76
172,75
172,74
172,73
172,72
172,71
173,210
173,209
173,208
173,207
173,206
173,205
173,204
173,203
173,202
173,201
173,200
173,199
173,198
173,197
173,196
173,195
173,194
173,193
173,192
173,191
173,190
173,189
173,188
173,187
173,186
173,185
173,184
173,183
173,182
173,181
173,180
173,135
173,134
173,133
173,132
173,131
173,130
173,129
173,128
173,127
173,126
173,125
173,124
173,123
173,122
173,121
173,120
173,119
173,118
173,117
173,116
173,115
173,114
173,113
173,112
173,111
173,110
173,109
173,108
173,107
173,106
173,105
173,104
173,103
173,102
173,101
173,100
173,99
173,98
173,97
173,96
173,95
173,94
173,93
173,92
173,91
173,90
173,89
173,88
173,87
173,86
173,85
173,84
173,83
173,82
173,81
173,80
173,79
173,78
173,77
173,76
173,75
173,74
173,73
173,72
174,210
174,209
174,208
174,207
174,206
174,205
174,204
174,203
174,202
174,201
174,200
174,199
174,198
174,197
174,196
174,195
174,194
174,193
174,192
174,191
174,190
174,189
174,188
174,187
174,186
174,185
174,184
174,183
174,182
174,181
174,180
174,134
174,133
174,132
174,131
174,130
174,129
174,128
174,127
174,126
174,125
174,124
174,123
174,122
174,121
174,120
174,119
174,118
174,117
174,116
174,115
174,114
174,113
174,112
174,111
174,110
174,109
174,108
174,107
174,106
174,105
174,104
174,103
174,102
174,101
174,100
174,99
174,98
174,97
174,96
174,95
174,94
174,93
174,92
174,91
174,90
174,89
174,88
174,87
174,86
174,85
174,84
174,83
174,82
174,81
174,80
174,79
174,78
174,77
174,76
174,75
174,74
174,73
174,72
175,211
175,210
175,209
175,208
175,207
175,206
175,205
175,204
175,203
175,202
175,201
175,200
175,199
175,198
175,197
175,196
175,195
175,194
175,193
175,192
175,191
175,190
175,189
175,188
175,187
175,186
175,185
175,184
175,183
175,182
175,181
175,180
175,134
175,133
175,132
175,131
175,130
175,129
175,128
175,127
175,126
175,125
175,124
175,123
175,122
175,121
175,120
175,119
175,118
175,117
175,116
175,115
175,114
175,113
175,112
175,111
175,110
175,109
175,108
175,107
175,106
175,105
175,104
175,103
175,102
175,101
175,100
175,99
175,98
175,97
175,96
175,95
175,94
175,93
175,92
175,91
175,90
175,89
175,88
175,87
175,86
175,85
175,84
175,83
175,82
175,81
175,80
175,79
175,78
175,77
175,76
175,75
175,74
175,73
176,211
176,210
176,209
176,208
176,207
176,206
176,205
176,204
176,203
176,202
176,201
176,200
176,199
176,198
176,197
176,196
176,195
176,194
176,193
176,192
176,191
176,190
176,189
176,188
176,187
176,186
176,185
176,184
176,183
176,182
176,181
176,180
176,133
176,132
176,131
176,130
176,129
176,128
176,127
176,126
176,125
176,124
176,123
176,122
176,121
176,120
176,119
176,118
176,117
176,116
176,115
176,114
176,113
176,112
176,111
176,110
176,109
176,108
176,107
176,106
176,105
176,104
176,103
176,102
176,101
176,100
176,99
176,98
176,97
176,96
176,95
176,94
176,93
176,92
176,91
176,90
176,89
176,88
176,87
176,86
176,85
176,84
176,83
176,82
176,81
176,80
176,79
176,78
176,77
176,76
176,75
176,74
177,211
177,210
177,209
177,208
177,207
177,206
177,205
177,204
177,203
177,202
177,201
177,200
177,199
177,198
177,197
177,196
177,195
177,194
177,193
177,192
177,191
177,190
177,189
177,188
177,187
177,186
177,185
177,184
177,183
177,182
177,181
177,180
177,133
177,132
177,131
177,130
177,129
177,128
177,127
177,126
177,125
177,124
177,123
177,122
177,121
177,120
177,119
177,118
177,117
177,116
177,115
177,114
177,113
177,112
177,111
177,110
177,109
177,108
177,107
177,106
177,105
177,104
177,103
177,102
177,101
177,100
177,99
177,98
177,97
177,96
177,95
177,94
177,93
177,92
177,91
177,90
177,89
177,88
177,87
177,86
177,85
177,84
177,83
177,82
177,81
177,80
177,79
177,78
177,77
177,76
177,75
177,74
178,212
178,211
178,210
178,209
178,208
178,207
178,206
178,205
178,204
178,203
178,202
178,201
178,200
178,199
178,198
178,197
178,196
178,195
178,194
178,193
178,192
178,191
178,190
178,189
178,188
178,187
178,186
178,185
178,184
178,183
178,182
178,181
178,180
178,132
178,131
178,130
178,129
178,128
178,127
178,126
178,125
178,124
178,123
178,122
178,121
178,120
178,119
178,118
178,117
178,116
178,115
178,114
178,113
178,112
178,111
178,110
178,109
178,108
178,107
178,106
178,105
178,104
178,103
178,102
178,101
178,100
178,99
178,98
178,97
178,96
178,95
178,94
178,93
178,92
178,91
178,90
178,89
178,88
178,87
178,86
178,85
178,84
178,83
178,82
178,81
178,80
178,79
178,78
178,77
179,212
179,211
179,210
179,209
179,208
179,207
179,206
179,205
179,204
179,203
179,202
179,201
179,200
179,199
179,198
179,197
179,196
179,195
179,194
179,193
179,192
179,191
179,190
179,189
179,188
179,187
179,186
179,185
179,184
179,183
179,182
179,181
179,180
179,179
179,132
179,131
179,130
179,129
179,128
179,127
179,126
179,125
179,124
179,123
179,122
179,121
179,120
179,119
179,118
179,117
179,116
179,115
179,114
179,113
179,112
179,111
179,110
179,109
179,108
179,107
179,106
179,105
179,104
179,103
179,102
179,101
179,100
179,99
179,98
179,97
179,96
179,95
179,94
179,93
179,92
179,91
179,90
179,89
179,88
179,87
179,86
179,85
179,84
179,83
179,82
179,81
179,80
179,79
180,212
180,211
180,210
180,209
180,208
180,207
180,206
180,205
180,204
180,203
180,202
180,201
180,200
180,199
180,198
180,197
180,196
180,195
180,194
180,193
180,192
180,191
180,190
180,189
180,188
180,187
180,186
180,185
180,184
180,183
180,182
180,181
180,180
180,179
180,131
180,130
180,129
180,128
180,127
180,126
180,125
180,124
180,123
180,122
180,121
180,120
180,119
180,118
180,117
180,116
180,115
180,114
180,113
180,112
180,111
180,110
180,109
180,108
180,107
180,106
180,105
180,104
180,103
180,102
180,101
180,100
180,99
180,98
180,97
180,96
180,95
180,94
180,93
180,92
180,91
180,90
180,89
180,88
180,87
180,86
180,85
180,84
180,83
180,82
180,81
180,80
181,213
181,212
181,211
181,210
181,209
181,208
181,207
181,206
181,205
181,204
181,203
181,202
181,201
181,200
181,199
181,198
181,197
181,196
181,195
181,194
181,193
181,192
181,191
181,190
181,189
181,188
181,187
181,186
181,185
181,184
181,183
181,182
181,181
181,180
181,179
181,131
181,130
181,129
181,128
181,127
181,126
181,125
181,124
181,123
181,122
181,121
181,120
181,119
181,118
181,117
181,116
181,115
181,114
181,113
181,112
181,111
181,110
181,109
181,108
181,107
181,106
181,105
181,104
181,103
181,102
181,101
181,100
181,99
181,98
181,97
181,96
181,95
181,94
181,93
181,92
181,91
181,90
181,89
181,88
181,87
181,86
181,85
181,84
181,83
181,82
181,81
182,213
182,212
182,211
182,210
182,209
182,208
182,207
182,206
182,205
182,204
182,203
182,202
182,201
182,200
182,199
182,198
182,197
182,196
182,195
182,194
182,193
182,192
182,191
182,190
182,189
182,188
182,187
182,186
182,185
182,184
182,183
182,182
182,181
182,180
182,179
182,131
182,130
182,129
182,128
182,127
182,126
182,125
182,124
182,123
182,122
182,121
182,120
182,119
182,118
182,117
182,116
182,115
182,114
182,113
182,112
182,111
182,110
182,109
182,108
182,107
182,106
182,105
182,104
182,103
182,102
182,101
182,100
182,99
182,98
182,97
182,96
182,95
182,94
182,93
182,92
182,91
182,90
182,89
182,88
182,87
182,86
182,85
182,84
182,83
182,82
183,214
183,213
183,212
183,211
183,210
183,209
183,208
183,207
183,206
183,205
183,204
183,203
183,202
183,201
183,200
183,199
183,198
183,197
183,196
183,195
183,194
183,193
183,192
183,191
183,190
183,189
183,188
183,187
183,186
183,185
183,184
183,183
183,182
183,181
183,180
183,179
183,131
183,130
183,129
183,128
183,127
183,126
183,125
183,124
183,123
183,122
183,121
183,120
183,119
183,118
183,117
183,116
183,115
183,114
183,113
183,112
183,111
183,110
183,109
183,108
183,107
183,106
183,105
183,104
183,103
183,102
183,101
183,100
183,99
183,98
183,97
183,96
183,95
183,94
183,93
183,92
183,91
183,90
183,89
183,88
183,87
183,86
183,85
183,84
183,83
184,214
184,213
184,212
184,211
184,210
184,209
184,208
184,207
184,206
184,205
184,204
184,203
184,202
184,201
184,200
184,199
184,198
184,197
184,196
184,195
184,194
184,193
184,192
184,191
184,190
184,189
184,188
184,187
184,186
184,185
184,184
184,183
184,182
184,181
184,180
184,179
184,131
184,130
184,129
184,128
184,127
184,126
184,125
184,124
184,123
184,122
184,121
184,120
184,119
184,118
184,117
184,116
184,115
184,114
184,113
184,112
184,111
184,110
184,109
184,108
184,107
184,106
184,105
184,104
184,103
184,102
184,101
184,100
184,99
184,98
184,97
184,96
184,95
184,94
184,93
184,92
184,91
184,90
184,89
184,88
184,87
184,86
184,85
184,84
185,214
185,213
185,212
185,211
185,210
185,209
185,208
185,207
185,206
185,205
185,204
185,203
185,202
185,201
185,200
185,199
185,198
185,197
185,196
185,195
185,194
185,193
185,192
185,191
185,190
185,189
185,188
185,187
185,186
185,185
185,184
185,183
185,182
185,181
185,180
185,179
185,178
185,131
185,130
185,129
185,128
185,127
185,126
185,125
185,124
185,123
185,122
185,121
185,120
185,119
185,118
185,117
185,116
185,115
185,114
185,113
185,112
185,111
185,110
185,109
185,108
185,107
185,106
185,105
185,104
185,103
185,102
185,101
185,100
185,99
185,98
185,97
185,96
185,95
185,94
185,93
185,92
185,91
185,90
185,89
185,88
185,87
185,86
185,85
186,215
186,214
186,213
186,212
186,211
186,210
186,209
186,208
186,207
186,206
186,205
186,204
186,203
186,202
186,201
186,200
186,199
186,198
186,197
186,196
186,195
186,194
186,193
186,192
186,191
186,190
186,189
186,188
186,187
186,186
186,185
186,184
186,183
186,182
186,181
186,180
186,179
186,178
186,131
186,130
186,129
186,128
186,127
186,126
186,125
186,124
186,123
186,122
186,121
186,120
186,119
186,118
186,117
186,116
186,115
186,114
186,113
186,112
186,111
186,110
186,109
186,108
186,107
186,106
186,105
186,104
186,103
186,102
186,101
186,100
186,99
186,98
186,97
186,96
186,95
186,94
186,93
186,92
186,91
186,90
186,89
186,88
186,87
186,86
187,215
187,214
187,213
187,212
187,211
187,210
187,209
187,208
187,207
187,206
187,205
187,204
187,203
187,202
187,201
187,200
187,199
187,198
187,197
187,196
187,195
187,194
187,193
187,192
187,191
187,190
187,189
187,188
187,187
187,186
187,185
187,184
187,183
187,182
187,181
187,180
187,179
187,178
187,131
187,130
187,129
187,128
187,127
187,126
187,125
187,124
187,123
187,122
187,121
187,120
187,119
187,118
187,117
187,116
187,115
187,114
187,113
187,112
187,111
187,110
187,109
187,108
187,107
187,106
187,105
187,104
187,103
187,102
187,101
187,100
187,99
187,98
187,97
187,96
187,95
187,94
187,93
187,92
187,91
187,90
187,89
187,88
187,87
188,215
188,214
188,213
188,212
188,211
188,210
188,209
188,208
188,207
188,206
188,205
188,204
188,203
188,202
188,201
188,200
188,199
188,198
188,197
188,196
188,195
188,194
188,193
188,192
188,191
188,190
188,189
188,188
188,187
188,186
188,185
188,184
188,183
188,182
188,181
188,180
188,179
188,178
188,177
188,131
188,130
188,129
188,128
188,127
188,126
188,125
188,124
188,123
188,122
188,121
188,120
188,119
188,118
188,117
188,116
188,115
188,114
188,113
188,112
188,111
188,110
188,109
188,108
188,107
188,106
188,105
188,104
188,103
188,102
188,101
188,100
188,99
188,98
188,97
188,96
188,95
188,94
188,93
188,92
188,91
188,90
188,89
188,88
189,216
189,215
189,214
189,213
189,212
189,211
189,210
189,209
189,208
189,207
189,206
189,205
189,204
189,203
189,202
189,201
189,200
189,199
189,198
189,197
189,196
189,195
189,194
189,193
189,192
189,191
189,190
189,189
189,188
189,187
189,186
189,185
189,184
189,183
189,182
189,181
189,180
189,179
189,178
189,177
189,132
189,131
189,130
189,129
189,128
189,127
189,126
189,125
189,124
189,123
189,122
189,121
189,120
189,119
189,118
189,117
189,116
189,115
189,114
189,113
189,112
189,111
189,110
189,109
189,108
189,107
189,106
189,105
189,104
189,103
189,102
189,101
189,100
189,99
189,98
189,97
189,96
189,95
189,94
189,93
189,92
189,91
189,90
189,89
190,216
190,215
190,214
190,213
190,212
190,211
190,210
190,209
190,208
190,207
190,206
190,205
190,204
190,203
190,202
190,201
190,200
190,199
190,198
190,197
190,196
190,195
190,194
190,193
190,192
190,191
190,190
190,189
190,188
190,187
190,186
190,185
190,184
190,183
190,182
190,181
190,180
190,179
190,178
190,177
190,132
190,131
190,130
190,129
190,128
190,127
190,126
190,125
190,124
190,123
190,122
190,121
190,120
190,119
190,118
190,117
190,116
190,115
190,114
190,113
190,112
190,111
190,110
190,109
190,108
190,107
190,106
190,105
190,104
190,103
190,102
190,101
190,100
190,99
190,98
190,97
190,96
190,95
190,94
190,93
190,92
190,91
191,217
191,216
191,215
191,214
191,213
191,212
191,211
191,210
191,209
191,208
191,207
191,206
191,205
191,204
191,203
191,202
191,201
191,200
191,199
191,198
191,197
191,196
191,195
191,194
191,193
191,192
191,191
191,190
191,189
191,188
191,187
191,186
191,185
191,184
191,183
191,182
191,181
191,180
191,179
191,178
191,177
191,176
191,132
191,131
191,130
191,129
191,128
191,127
191,126
191,125
191,124
191,123
191,122
191,121
191,120
191,119
191,118
191,117
191,116
191,115
191,114
191,113
191,112
191,111
191,110
191,109
191,108
191,107
191,106
191,105
191,104
191,103
191,102
191,101
191,100
191,99
191,98
191,97
191,96
191,95
191,94
191,93
191,92
192,217
192,216
192,215
192,214
192,213
192,212
192,211
192,210
192,209
192,208
192,207
192,206
192,205
192,204
192,203
192,202
192,201
192,200
192,199
192,198
192,197
192,196
192,195
192,194
192,193
192,192
192,191
192,190
192,189
192,188
192,187
192,186
192,185
192,184
192,183
192,182
192,181
192,180
192,179
192,178
192,177
192,176
192,133
192,132
192,131
192,130
192,129
192,128
192,127
192,126
192,125
192,124
192,123
192,122
192,121
192,120
192,119
192,118
192,117
192,116
192,115
192,114
192,113
192,112
192,111
192,110
192,109
192,108
192,107
192,106
192,105
192,104
192,103
192,102
192,101
192,100
192,99
192,98
192,97
192,96
192,95
192,94
192,93
193,217
193,216
193,215
193,214
193,213
193,212
193,211
193,210
193,209
193,208
193,207
193,206
193,205
193,204
193,203
193,202
193,201
193,200
193,199
193,198
193,197
193,196
193,195
193,194
193,193
193,192
193,191
193,190
193,189
193,188
193,187
193,186
193,185
193,184
193,183
193,182
193,181
193,180
193,179
193,178
193,177
193,176
193,133
193,132
193,131
193,130
193,129
193,128
193,127
193,126
193,125
193,124
193,123
193,122
193,121
193,120
193,119
193,118
193,117
193,116
193,115
193,114
193,113
193,112
193,111
193,110
193,109
193,108
193,107
193,106
193,105
193,104
193,103
193,102
193,101
193,100
193,99
193,98
193,97
193,96
193,95
193,94
194,218
194,217
194,216
194,215
194,214
194,213
194,212
194,211
194,210
194,209
194,208
194,207
194,206
194,205
194,204
194,203
194,202
194,201
194,200
194,199
194,198
194,197
194,196
194,195
194,194
194,193
194,192
194,191
194,190
194,189
194,188
194,187
194,186
194,185
194,184
194,183
194,182
194,181
194,180
194,179
194,178
194,177
194,176
194,175
194,133
194,132
194,131
194,130
194,129
194,128
194,127
194,126
194,125
194,124
194,123
194,122
194,121
194,120
194,119
194,118
194,117
194,116
194,115
194,114
194,113
194,112
194,111
194,110
194,109
194,108
194,107
194,106
194,105
194,104
194,103
194,102
194,101
194,100
194,99
194,98
194,97
194,96
194,95
195,218
195,217
195,216
195,215
195,214
195,213
195,212
195,211
195,210
195,209
195,208
195,207
195,206
195,205
195,204
195,203
195,202
195,201
195,200
195,199
195,198
195,197
195,196
195,195
195,194
195,193
195,192
195,191
195,190
195,189
195,188
195,187
195,186
195,185
195,184
195,183
195,182
195,181
195,180
195,179
195,178
195,177
195,176
195,175
195,174
195,134
195,133
195,132
195,131
195,130
195,129
195,128
195,127
195,126
195,125
195,124
195,123
195,122
195,121
195,120
195,119
195,118
195,117
195,116
195,115
195,114
195,113
195,112
195,111
195,110
195,109
195,108
195,107
195,106
195,105
195,104
195,103
195,102
195,101
195,100
195,99
195,98
195,97
195,96
196,218
196,217
196,216
196,215
196,214
196,213
196,212
196,211
196,210
196,209
196,208
196,207
196,206
196,205
196,204
196,203
196,202
196,201
196,200
196,199
196,198
196,197
196,196
196,195
196,194
196,193
196,192
196,191
196,190
196,189
196,188
196,187
196,186
196,185
196,184
196,183
196,182
196,181
196,180
196,179
196,178
196,177
196,176
196,175
196,174
196,173
196,135
196,134
196,133
196,132
196,131
196,130
196,129
196,128
196,127
196,126
196,125
196,124
196,123
196,122
196,121
196,120
196,119
196,118
196,117
196,116
196,115
196,114
196,113
196,112
196,111
196,110
196,109
196,108
196,107
196,106
196,105
196,104
196,103
196,102
196,101
196,100
196,99
196,98
196,97
197,219
197,218
197,217
197,216
197,215
197,214
197,213
197,212
197,211
197,210
197,209
197,208
197,207
197,206
197,205
197,204
197,203
197,202
197,201
197,200
197,199
197,198
197,197
197,196
197,195
197,194
197,193
197,192
197,191
197,190
197,189
197,188
197,187
197,186
197,185
197,184
197,183
197,182
197,181
197,180
197,179
197,178
197,177
197,176
197,175
197,174
197,173
197,136
197,135
197,134
197,133
197,132
197,131
197,130
197,129
197,128
197,127
197,126
197,125
197,124
197,123
197,122
197,121
197,120
197,119
197,118
197,117
197,116
197,115
197,114
197,113
197,112
197,111
197,110
197,109
197,108
197,107
197,106
197,105
197,104
197,103
197,102
197,101
197,100
197,99
197,98
198,219
198,218
198,217
198,216
198,215
198,214
198,213
198,212
198,211
198,210
198,209
198,208
198,207
198,206
198,205
198,204
198,203
198,202
198,201
198,200
198,199
198,198
198,197
198,196
198,195
198,194
198,193
198,192
198,191
198,190
198,189
198,188
198,187
198,186
198,185
198,184
198,183
198,182
198,181
198,180
198,179
198,178
198,177
198,176
198,175
198,174
198,173
198,172
198,171
198,138
198,137
198,136
198,135
198,134
198,133
198,132
198,131
198,130
198,129
198,128
198,127
198,126
198,125
198,124
198,123
198,122
198,121
198,120
198,119
198,118
198,117
198,116
198,115
198,114
198,113
198,112
198,111
198,110
198,109
198,108
198,107
198,106
198,105
198,104
198,103
198,102
198,101
198,100
198,99
199,220
199,219
199,218
199,217
199,216
199,215
199,214
199,213
199,212
199,211
199,210
199,209
199,208
199,207
199,206
199,205
199,204
199,203
199,202
199,201
199,200
199,199
199,198
199,197
199,196
199,195
199,194
199,193
199,192
199,191
199,190
199,189
199,188
199,187
199,186
199,185
199,184
199,183
199,182
199,181
199,180
199,179
199,178
199,177
199,176
199,175
199,174
199,173
199,172
199,171
199,170
199,139
199,138
199,137
199,136
199,135
199,134
199,133
199,132
199,131
199,130
199,129
199,128
199,127
199,126
199,125
199,124
199,123
199,122
199,121
199,120
199,119
199,118
199,117
199,116
199,115
199,114
199,113
199,112
199,111
199,110
199,109
199,108
199,107
199,106
199,105
199,104
199,103
199,102
199,101
199,100
200,220
200,219
200,218
200,217
200,216
200,215
200,214
200,213
200,212
200,211
200,210
200,209
200,208
200,207
200,206
200,205
200,204
200,203
200,202
200,201
200,200
200,199
200,198
200,197
200,196
200,195
200,194
200,193
200,192
200,191
200,190
200,189
200,188
200,187
200,186
200,185
200,184
200,183
200,182
200,181
200,180
200,179
200,178
200,177
200,176
200,175
200,174
200,173
200,172
200,171
200,170
200,169
200,169
200,141
200,140
200,139
200,138
200,137
200,136
200,135
200,134
200,133
200,132
200,131
200,130
200,129
200,128
200,127
200,126
200,125
200,124
200,123
200,122
200,121
200,120
200,119
200,118
200,117
200,116
200,115
200,114
200,113
200,112
200,111
200,110
200,109
200,108
200,107
200,106
200,105
200,104
200,103
200,102
201,220
201,219
201,218
201,217
201,216
201,215
201,214
201,213
201,212
201,211
201,210
201,209
201,208
201,207
201,206
201,205
201,204
201,203
201,202
201,201
201,200
201,199
201,198
201,197
201,196
201,195
201,194
201,193
201,192
201,191
201,190
201,189
201,188
201,187
201,186
201,185
201,184
201,183
201,182
201,181
201,180
201,179
201,178
201,177
201,176
201,175
201,174
201,173
201,172
201,171
201,170
201,169
201,169
201,168
201,167
201,142
201,141
201,140
201,139
201,138
201,137
201,136
201,135
201,134
201,133
201,132
201,131
201,130
201,129
201,128
201,127
201,126
201,125
201,124
201,123
201,122
201,121
201,120
201,119
201,118
201,117
201,116
201,115
201,114
201,113
201,112
201,111
201,110
201,109
201,108
201,107
201,106
201,105
201,104
201,103
202,221
202,220
202,219
202,218
202,217
202,216
202,215
202,214
202,213
202,212
202,211
202,210
202,209
202,208
202,207
202,206
202,205
202,204
202,203
202,202
202,201
202,200
202,199
202,198
202,197
202,196
202,195
202,194
202,193
202,192
202,191
202,190
202,189
202,188
202,187
202,186
202,185
202,184
202,183
202,182
202,181
202,180
202,179
202,178
202,177
202,176
202,175
202,174
202,173
202,172
202,171
202,170
202,169
202,169
202,168
202,167
202,166
202,165
202,143
202,142
202,141
202,140
202,139
202,138
202,137
202,136
202,135
202,134
202,133
202,132
202,131
202,130
202,129
202,128
202,127
202,126
202,125
202,124
202,123
202,122
202,121
202,120
202,119
202,118
202,117
202,116
202,115
202,114
202,113
202,112
202,111
202,110
202,109
202,108
202,107
202,106
202,105
203,221
203,220
203,219
203,218
203,217
203,216
203,215
203,214
203,213
203,212
203,211
203,210
203,209
203,208
203,207
203,206
203,205
203,204
203,203
203,202
203,201
203,200
203,199
203,198
203,197
203,196
203,195
203,194
203,193
203,192
203,191
203,190
203,189
203,188
203,187
203,186
203,185
203,184
203,183
203,182
203,181
203,180
203,179
203,178
203,177
203,176
203,175
203,174
203,173
203,172
203,171
203,170
203,169
203,169
203,168
203,167
203,166
203,165
203,164
203,163
203,145
203,144
203,143
203,142
203,141
203,140
203,139
203,138
203,137
203,136
203,135
203,134
203,133
203,132
203,131
203,130
203,129
203,128
203,127
203,126
203,125
203,124
203,123
203,122
203,121
203,120
203,119
203,118
203,117
203,116
203,115
203,114
203,113
203,112
203,111
203,110
203,109
203,108
203,107
204,221
204,220
204,219
204,218
204,217
204,216
204,215
204,214
204,213
204,212
204,211
204,210
204,209
204,208
204,207
204,206
204,205
204,204
204,203
204,202
204,201
204,200
204,199
204,198
204,197
204,196
204,195
204,194
204,193
204,192
204,191
204,190
204,189
204,188
204,187
204,186
204,185
204,184
204,183
204,182
204,181
204,180
204,179
204,178
204,177
204,176
204,175
204,174
204,173
204,172
204,171
204,170
204,169
204,169
204,168
204,167
204,166
204,165
204,164
204,163
204,162
204,147
204,146
204,145
204,144
204,143
204,142
204,141
204,140
204,139
204,138
204,137
204,136
204,135
204,134
204,133
204,132
204,131
204,130
204,129
204,128
204,127
204,126
204,125
204,124
204,123
204,122
204,121
204,120
204,119
204,118
204,117
204,116
204,115
204,114
204,113
204,112
204,111
204,110
204,109
204,108
205,222
205,221
205,220
205,219
205,218
205,217
205,216
205,215
205,214
205,213
205,212
205,211
205,210
205,209
205,208
205,207
205,206
205,205
205,204
205,203
205,202
205,201
205,200
205,199
205,198
205,197
205,196
205,195
205,194
205,193
205,192
205,191
205,190
205,189
205,188
205,187
205,186
205,185
205,184
205,183
205,182
205,181
205,180
205,179
205,178
205,177
205,176
205,175
205,174
205,173
205,172
205,171
205,170
205,169
205,169
205,168
205,167
205,166
205,165
205,164
205,163
205,162
205,150
205,149
205,148
205,147
205,146
205,145
205,144
205,143
205,142
205,141
205,140
205,139
205,138
205,137
205,136
205,135
205,134
205,133
205,132
205,131
205,130
205,129
205,128
205,127
205,126
205,125
205,124
205,123
205,122
205,121
205,120
205,119
205,118
205,117
205,116
205,115
205,114
205,113
205,112
205,111
205,110
206,222
206,221
206,220
206,219
206,218
206,217
206,216
206,215
206,214
206,213
206,212
206,211
206,210
206,209
206,208
206,207
206,206
206,205
206,204
206,203
206,202
206,201
206,200
206,199
206,198
206,197
206,196
206,195
206,194
206,193
206,192
206,191
206,190
206,189
206,188
206,187
206,186
206,185
206,184
206,183
206,182
206,181
206,180
206,179
206,178
206,177
206,176
206,175
206,174
206,173
206,172
206,171
206,170
206,169
206,169
206,168
206,167
206,166
206,165
206,164
206,163
206,162
206,159
206,158
206,157
206,156
206,155
206,154
206,153
206,152
206,151
206,150
206,149
206,148
206,147
206,146
206,145
206,144
206,143
206,142
206,141
206,140
206,139
206,138
206,137
206,136
206,135
206,134
206,133
206,132
206,131
206,130
206,129
206,128
206,127
206,126
206,125
206,124
206,123
206,122
206,121
206,120
206,119
206,118
206,117
206,116
206,115
206,114
206,113
206,112
207,223
207,222
207,221
207,220
207,219
207,218
207,217
207,216
207,215
207,214
207,213
207,212
207,211
207,210
207,209
207,208
207,207
207,206
207,205
207,204
207,203
207,202
207,201
207,200
207,199
207,198
207,197
207,196
207,195
207,194
207,193
207,192
207,191
207,190
207,189
207,188
207,187
207,186
207,185
207,184
207,183
207,182
207,181
207,180
207,179
207,178
207,177
207,176
207,175
207,174
207,173
207,172
207,171
207,170
207,169
207,169
207,168
207,167
207,166
207,165
207,164
207,163
207,162
207,160
207,159
207,158
207,157
207,156
207,155
207,154
207,153
207,152
207,151
207,150
207,149
207,148
207,147
207,146
207,145
207,144
207,143
207,142
207,141
207,140
207,139
207,138
207,137
207,136
207,135
207,134
207,133
207,132
207,131
207,130
207,129
207,128
207,127
207,126
207,125
207,124
207,123
207,122
207,121
207,120
207,119
207,118
207,117
207,116
207,115
207,114
208,223
208,222
208,221
208,220
208,219
208,218
208,217
208,216
208,215
208,214
208,213
208,212
208,211
208,210
208,209
208,208
208,207
208,206
208,205
208,204
208,203
208,202
208,201
208,200
208,199
208,198
208,197
208,196
208,195
208,194
208,193
208,192
208,191
208,190
208,189
208,188
208,187
208,186
208,185
208,184
208,183
208,182
208,181
208,180
208,179
208,178
208,177
208,176
208,175
208,174
208,173
208,172
208,171
208,170
208,169
208,169
208,168
208,167
208,166
208,165
208,164
208,163
208,162
208,160
208,159
208,158
208,157
208,156
208,155
208,154
208,153
208,152
208,151
208,150
208,149
208,148
208,147
208,146
208,145
208,144
208,143
208,142
208,141
208,140
208,139
208,138
208,137
208,136
208,135
208,134
208,133
208,132
208,131
208,130
208,129
208,128
208,127
208,126
208,125
208,124
208,123
208,122
208,121
208,120
208,119
208,118
208,117
208,116
209,223
209,222
209,221
209,220
209,219
209,218
209,217
209,216
209,215
209,214
209,213
209,212
209,211
209,210
209,209
209,208
209,207
209,206
209,205
209,204
209,203
209,202
209,201
209,200
209,199
209,198
209,197
209,196
209,195
209,194
209,193
209,192
209,191
209,190
209,189
209,188
209,187
209,186
209,185
209,184
209,183
209,182
209,181
209,180
209,179
209,178
209,177
209,176
209,175
209,174
209,173
209,172
209,171
209,170
209,169
209,169
209,168
209,167
209,166
209,165
209,164
209,163
209,160
209,159
209,158
209,157
209,156
209,155
209,154
209,153
209,152
209,151
209,150
209,149
209,148
209,147
209,146
209,145
209,144
209,143
209,142
209,141
209,140
209,139
209,138
209,137
209,136
209,135
209,134
209,133
209,132
209,131
209,130
209,129
209,128
209,127
209,126
209,125
209,124
209,123
209,122
209,121
209,120
209,119
209,118
210,224
210,223
210,222
210,221
210,220
210,219
210,218
210,217
210,216
210,215
210,214
210,213
210,212
210,211
210,210
210,209
210,208
210,207
210,206
210,205
210,204
210,203
210,202
210,201
210,200
210,199
210,198
210,197
210,196
210,195
210,194
210,193
210,192
210,191
210,190
210,189
210,188
210,187
210,186
210,185
210,184
210,183
210,182
210,181
210,180
210,179
210,178
210,177
210,176
210,175
210,174
210,173
210,172
210,171
210,170
210,169
210,169
210,168
210,167
210,166
210,165
210,164
210,163
210,160
210,159
210,158
210,157
210,156
210,155
210,154
210,153
210,152
210,151
210,150
210,149
210,148
210,147
210,146
210,145
210,144
210,143
210,142
210,141
210,140
210,139
210,138
210,137
210,136
210,135
210,134
210,133
210,132
210,131
210,130
210,129
210,128
210,127
210,126
210,125
210,124
210,123
210,122
210,121
210,120
210,119
211,224
211,223
211,222
211,221
211,220
211,219
211,218
211,217
211,216
211,215
211,214
211,213
211,212
211,211
211,210
211,209
211,208
211,207
211,206
211,205
211,204
211,203
211,202
211,201
211,200
211,199
211,198
211,197
211,196
211,195
211,194
211,193
211,192
211,191
211,190
211,189
211,188
211,187
211,186
211,185
211,184
211,183
211,182
211,181
211,180
211,179
211,178
211,177
211,176
211,175
211,174
211,173
211,172
211,171
211,170
211,169
211,169
211,168
211,167
211,166
211,165
211,164
211,163
211,161
211,160
211,159
211,158
211,157
211,156
211,155
211,154
211,153
211,152
211,151
211,150
211,149
211,148
211,147
211,146
211,145
211,144
211,143
211,142
211,141
211,140
211,139
211,138
211,137
211,136
211,135
211,134
211,133
211,132
211,131
211,130
211,129
211,128
211,127
211,126
211,125
211,124
211,123
211,122
211,121
212,224
212,223
212,222
212,221
212,220
212,219
212,218
212,217
212,216
212,215
212,214
212,213
212,212
212,211
212,210
212,209
212,208
212,207
212,206
212,205
212,204
212,203
212,202
212,201
212,200
212,199
212,198
212,197
212,196
212,195
212,194
212,193
212,192
212,191
212,190
212,189
212,188
212,187
212,186
212,185
212,184
212,183
212,182
212,181
212,180
212,179
212,178
212,177
212,176
212,175
212,174
212,173
212,172
212,171
212,170
212,169
212,169
212,168
212,167
212,166
212,165
212,164
212,161
212,160
212,159
212,158
212,157
212,156
212,155
212,154
212,153
212,152
212,151
212,150
212,149
212,148
212,147
212,146
212,145
212,144
212,143
212,142
212,141
212,140
212,139
212,138
212,137
212,136
212,135
212,134
212,133
212,132
212,131
212,130
212,129
212,128
212,127
212,126
212,125
212,124
212,123
212,122
213,225
213,224
213,223
213,222
213,221
213,220
213,219
213,218
213,217
213,216
213,215
213,214
213,213
213,212
213,211
213,210
213,209
213,208
213,207
213,206
213,205
213,204
213,203
213,202
213,201
213,200
213,199
213,198
213,197
213,196
213,195
213,194
213,193
213,192
213,191
213,190
213,189
213,188
213,187
213,186
213,185
213,184
213,183
213,182
213,181
213,180
213,179
213,178
213,177
213,176
213,175
213,174
213,173
213,172
213,171
213,170
213,169
213,169
213,168
213,167
213,166
213,165
213,164
213,161
213,160
213,159
213,158
213,157
213,156
213,155
213,154
213,153
213,152
213,151
213,150
213,149
213,148
213,147
213,146
213,145
213,144
213,143
213,142
213,141
213,140
213,139
213,138
213,137
213,136
213,135
213,134
213,133
213,132
213,131
213,130
213,129
213,128
213,127
213,126
213,125
213,124
214,225
214,224
214,223
214,222
214,221
214,220
214,219
214,218
214,217
214,216
214,215
214,214
214,213
214,212
214,211
214,210
214,209
214,208
214,207
214,206
214,205
214,204
214,203
214,202
214,201
214,200
214,199
214,198
214,197
214,196
214,195
214,194
214,193
214,192
214,191
214,190
214,189
214,188
214,187
214,186
214,185
214,184
214,183
214,182
214,181
214,180
214,179
214,178
214,177
214,176
214,175
214,174
214,173
214,172
214,171
214,170
214,169
214,169
214,168
214,167
214,166
214,165
214,164
214,162
214,161
214,160
214,159
214,158
214,157
214,156
214,155
214,154
214,153
214,152
214,151
214,150
214,149
214,148
214,147
214,146
214,145
214,144
214,143
214,142
214,141
214,140
214,139
214,138
214,137
214,136
214,135
214,134
214,133
214,132
214,131
214,130
214,129
214,128
214,127
214,126
214,125
215,226
215,225
215,224
215,223
215,222
215,221
215,220
215,219
215,218
215,217
215,216
215,215
215,214
215,213
215,212
215,211
215,210
215,209
215,208
215,207
215,206
215,205
215,204
215,203
215,202
215,201
215,200
215,199
215,198
215,197
215,196
215,195
215,194
215,193
215,192
215,191
215,190
215,189
215,188
215,187
215,186
215,185
215,184
215,183
215,182
215,181
215,180
215,179
215,178
215,177
215,176
215,175
215,174
215,173
215,172
215,171
215,170
215,169
215,169
215,168
215,167
215,166
215,165
215,164
215,162
215,161
215,160
215,159
215,158
215,157
215,156
215,155
215,154
215,153
215,152
215,151
215,150
215,149
215,148
215,147
215,146
215,145
215,144
215,143
215,142
215,141
215,140
215,139
215,138
215,137
215,136
215,135
215,134
215,133
215,132
215,131
215,130
215,129
215,128
215,127
215,126
216,226
216,225
216,224
216,223
216,222
216,221
216,220
216,219
216,218
216,217
216,216
216,215
216,214
216,213
216,212
216,211
216,210
216,209
216,208
216,207
216,206
216,205
216,204
216,203
216,202
216,201
216,200
216,199
216,198
216,197
216,196
216,195
216,194
216,193
216,192
216,191
216,190
216,189
216,188
216,187
216,186
216,185
216,184
216,183
216,182
216,181
216,180
216,179
216,178
216,173
216,172
216,171
216,170
216,169
216,169
216,168
216,167
216,166
216,165
216,162
216,161
216,160
216,159
216,158
216,157
216,156
216,155
216,154
216,153
216,152
216,151
216,150
216,149
216,148
216,147
216,146
216,145
216,144
216,143
216,142
216,141
216,140
216,139
216,138
216,137
216,136
216,135
216,134
216,133
216,132
216,131
216,130
216,129
216,128
216,127
217,226
217,225
217,224
217,223
217,222
217,221
217,220
217,219
217,218
217,217
217,216
217,215
217,214
217,213
217,212
217,211
217,210
217,209
217,208
217,207
217,206
217,205
217,204
217,203
217,202
217,201
217,200
217,199
217,198
217,197
217,196
217,195
217,194
217,193
217,192
217,191
217,190
217,189
217,188
217,187
217,186
217,185
217,184
217,183
217,182
217,181
217,180
217,169
217,168
217,167
217,166
217,165
217,162
217,161
217,160
217,159
217,158
217,157
217,156
217,155
217,154
217,153
217,152
217,151
217,150
217,149
217,148
217,147
217,146
217,145
217,144
217,143
217,142
217,141
217,140
217,139
217,138
217,137
217,136
217,135
217,134
217,133
217,132
217,131
217,130
217,129
217,128
218,227
218,226
218,225
218,224
218,223
218,222
218,221
218,220
218,219
218,218
218,217
218,216
218,215
218,214
218,213
218,212
218,211
218,210
218,209
218,208
218,207
218,206
218,205
218,204
218,203
218,202
218,201
218,200
218,199
218,198
218,197
218,196
218,195
218,194
218,193
218,192
218,191
218,190
218,189
218,188
218,187
218,186
218,185
218,184
218,183
218,166
218,165
218,163
218,162
218,161
218,160
218,159
218,158
218,157
218,156
218,155
218,154
218,153
218,152
218,151
218,150
218,149
218,148
218,147
218,146
218,145
218,144
218,143
218,142
218,141
218,140
218,139
218,138
218,137
218,136
218,135
218,134
218,133
218,132
218,131
218,130
219,227
219,226
219,225
219,224
219,223
219,222
219,221
219,220
219,219
219,218
219,217
219,216
219,215
219,214
219,213
219,212
219,211
219,210
219,209
219,208
219,207
219,206
219,205
219,204
219,203
219,202
219,201
219,200
219,199
219,198
219,197
219,196
219,195
219,194
219,193
219,192
219,191
219,190
219,189
219,188
219,187
219,186
219,162
219,161
219,160
219,159
219,158
219,157
219,156
219,155
219,154
219,153
219,152
219,151
219,150
219,149
219,148
219,147
219,146
219,145
219,144
219,143
219,142
219,141
219,140
219,139
219,138
219,137
219,136
219,135
219,134
220,227
220,226
220,225
220,224
220,223
220,222
220,221
220,220
220,219
220,218
220,217
220,216
220,215
220,214
220,213
220,212
220,211
220,210
220,209
220,208
220,207
220,206
220,205
220,204
220,203
220,202
220,201
220,200
220,199
220,198
220,197
220,196
220,195
220,194
220,193
220,192
220,191
220,190
220,189
220,161
220,160
220,159
220,158
220,157
220,156
220,155
220,154
220,153
220,152
220,151
220,150
220,149
220,148
220,147
220,146
220,145
220,144
220,143
220,142
220,141
220,140
220,139
220,138
220,137
220,136
221,228
221,227
221,226
221,225
221,224
221,223
221,222
221,221
221,220
221,219
221,218
221,217
221,216
221,215
221,214
221,213
221,212
221,211
221,210
221,209
221,208
221,207
221,206
221,205
221,204
221,203
221,202
221,201
221,200
221,199
221,198
221,197
221,196
221,195
221,194
221,193
221,192
221,191
221,159
221,158
221,157
221,156
221,155
221,154
221,153
221,152
221,151
221,150
221,149
221,148
221,147
221,146
221,145
221,144
221,143
221,142
221,141
221,140
221,139
221,138
221,137
221,136
222,228
222,227
222,226
222,225
222,224
222,223
222,222
222,221
222,220
222,219
222,218
222,217
222,216
222,215
222,214
222,213
222,212
222,211
222,210
222,209
222,208
222,207
222,206
222,205
222,204
222,203
222,202
222,201
222,200
222,199
222,198
222,197
222,196
222,195
222,194
222,193
222,192
222,157
222,156
222,155
222,154
222,153
222,152
222,151
222,150
222,149
222,148
222,147
222,146
222,145
222,144
222,143
222,142
222,141
222,140
222,139
222,138
222,137
222,136
223,229
223,228
223,227
223,226
223,225
223,224
223,223
223,222
223,221
223,220
223,219
223,218
223,217
223,216
223,215
223,214
223,213
223,212
223,211
223,210
223,209
223,208
223,207
223,206
223,205
223,204
223,203
223,202
223,201
223,200
223,199
223,198
223,197
223,196
223,195
223,194
223,193
223,155
223,154
223,153
223,152
223,151
223,150
223,149
223,148
223,147
223,146
223,145
223,144
223,143
223,142
223,141
223,140
223,139
223,138
223,137
223,136
224,229
224,228
224,227
224,226
224,225
224,224
224,223
224,222
224,221
224,220
224,219
224,218
224,217
224,216
224,215
224,214
224,213
224,212
224,211
224,210
224,209
224,208
224,207
224,206
224,205
224,204
224,203
224,202
224,201
224,200
224,199
224,198
224,197
224,196
224,195
224,194
224,193
224,153
224,152
224,151
224,150
224,149
224,148
224,147
224,146
224,145
224,144
224,143
224,142
224,141
224,140
224,139
224,138
224,137
224,136
225,229
225,228
225,227
225,226
225,225
225,224
225,223
225,222
225,221
225,220
225,219
225,218
225,217
225,216
225,215
225,214
225,213
225,212
225,211
225,210
225,209
225,208
225,207
225,206
225,205
225,204
225,203
225,202
225,201
225,200
225,199
225,198
225,197
225,196
225,195
225,194
225,152
225,151
225,150
225,149
225,148
225,147
225,146
225,145
225,144
225,143
225,142
225,141
225,140
225,139
225,138
225,137
225,136
226,230
226,229
226,228
226,227
226,226
226,225
226,224
226,223
226,222
226,221
226,220
226,219
226,218
226,217
226,216
226,215
226,214
226,213
226,212
226,211
226,210
226,209
226,208
226,207
226,206
226,205
226,204
226,203
226,202
226,201
226,200
226,199
226,198
226,197
226,196
226,195
226,151
226,150
226,149
226,148
226,147
226,146
226,145
226,144
226,143
226,142
226,141
226,140
226,139
226,138
226,137
226,136
227,230
227,229
227,228
227,227
227,226
227,225
227,224
227,223
227,222
227,221
227,220
227,219
227,218
227,217
227,216
227,215
227,214
227,213
227,212
227,211
227,210
227,209
227,208
227,207
227,206
227,205
227,204
227,203
227,202
227,201
227,200
227,199
227,198
227,197
227,196
227,195
227,150
227,149
227,148
227,147
227,146
227,145
227,144
227,143
227,142
227,141
227,140
227,139
227,138
227,137
227,136
228,230
228,229
228,228
228,227
228,226
228,225
228,224
228,223
228,222
228,221
228,220
228,219
228,218
228,217
228,216
228,215
228,214
228,213
228,212
228,211
228,210
228,209
228,208
228,207
228,206
228,205
228,204
228,203
228,202
228,201
228,200
228,199
228,198
228,197
228,196
228,150
228,149
228,148
228,147
228,146
228,145
228,144
228,143
228,142
228,141
228,140
228,139
228,138
228,137
229,231
229,230
229,229
229,228
229,227
229,226
229,225
229,224
229,223
229,222
229,221
229,220
229,219
229,218
229,217
229,216
229,215
229,214
229,213
229,212
229,211
229,210
229,209
229,208
229,207
229,206
229,205
229,204
229,203
229,202
229,201
229,200
229,199
229,198
229,197
229,196
229,149
229,148
229,147
229,146
229,145
229,144
229,143
229,142
229,141
229,140
229,139
229,138
229,137
230,231
230,230
230,229
230,228
230,227
230,226
230,225
230,224
230,223
230,222
230,221
230,220
230,219
230,218
230,217
230,216
230,215
230,214
230,213
230,212
230,211
230,210
230,209
230,208
230,207
230,206
230,205
230,204
230,203
230,202
230,201
230,200
230,199
230,198
230,197
230,196
230,148
230,147
230,146
230,145
230,144
230,143
230,142
230,141
230,140
230,139
230,138
230,137
231,231
231,230
231,229
231,228
231,227
231,226
231,225
231,224
231,223
231,222
231,221
231,220
231,219
231,218
231,217
231,216
231,215
231,214
231,213
231,212
231,211
231,210
231,209
231,208
231,207
231,206
231,205
231,204
231,203
231,202
231,201
231,200
231,199
231,198
231,197
231,147
231,146
231,145
231,144
231,143
231,142
231,141
231,140
231,139
231,138
231,137
232,232
232,231
232,230
232,229
232,228
232,227
232,226
232,225
232,224
232,223
232,222
232,221
232,220
232,219
232,218
232,217
232,216
232,215
232,214
232,213
232,212
232,211
232,210
232,209
232,208
232,207
232,206
232,205
232,204
232,203
232,202
232,201
232,200
232,199
232,198
232,197
232,147
232,146
232,145
232,144
232,143
232,142
232,141
232,140
232,139
232,138
232,137
233,233
233,232
233,231
233,230
233,229
233,228
233,227
233,226
233,225
233,224
233,223
233,222
233,221
233,220
233,219
233,218
233,217
233,216
233,215
233,214
233,213
233,212
233,211
233,210
233,209
233,208
233,207
233,206
233,205
233,204
233,203
233,202
233,201
233,200
233,199
233,198
233,197
233,146
233,145
233,144
233,143
233,142
233,141
233,140
233,139
233,138
233,137
234,234
234,233
234,232
234,231
234,230
234,229
234,228
234,227
234,226
234,225
234,224
234,223
234,222
234,221
234,220
234,219
234,218
234,217
234,216
234,215
234,214
234,213
234,212
234,211
234,210
234,209
234,208
234,207
234,206
234,205
234,204
234,203
234,202
234,201
234,200
234,199
234,198
234,197
234,145
234,144
234,143
234,142
234,141
234,140
234,139
234,138
234,137
235,235
235,234
235,233
235,232
235,231
235,230
235,229
235,228
235,227
235,226
235,225
235,224
235,223
235,222
235,221
235,220
235,219
235,218
235,217
235,216
235,215
235,214
235,213
235,212
235,211
235,210
235,209
235,208
235,207
235,206
235,205
235,204
235,203
235,202
235,201
235,200
235,199
235,198
235,197
235,145
235,144
235,143
235,142
235,141
235,140
235,139
235,138
235,137
236,236
236,235
236,234
236,233
236,232
236,231
236,230
236,229
236,228
236,227
236,226
236,225
236,224
236,223
236,222
236,221
236,220
236,219
236,218
236,217
236,216
236,215
236,214
236,213
236,212
236,211
236,210
236,209
236,208
236,207
236,206
236,205
236,204
236,203
236,202
236,201
236,200
236,199
236,198
236,197
236,144
236,143
236,142
236,141
236,140
236,139
236,138
236,137
237,237
237,236
237,235
237,234
237,233
237,232
237,231
237,230
237,229
237,228
237,227
237,226
237,225
237,224
237,223
237,222
237,221
237,220
237,219
237,218
237,217
237,216
237,215
237,214
237,213
237,212
237,211
237,210
237,209
237,208
237,207
237,206
237,205
237,204
237,203
237,202
237,201
237,200
237,199
237,198
237,197
237,143
237,142
237,141
237,140
237,139
237,138
237,137
238,238
238,237
238,236
238,235
238,234
238,233
238,232
238,231
238,230
238,229
238,228
238,227
238,226
238,225
238,224
238,223
238,222
238,221
238,220
238,219
238,218
238,217
238,216
238,215
238,214
238,213
238,212
238,211
238,210
238,209
238,208
238,207
238,206
238,205
238,204
238,203
238,202
238,201
238,200
238,199
238,198
238,197
238,143
238,142
238,141
238,140
238,139
238,138
238,137
239,238
239,237
239,236
239,235
239,234
239,233
239,232
239,231
239,230
239,229
239,228
239,227
239,226
239,225
239,224
239,223
239,222
239,221
239,220
239,219
239,218
239,217
239,216
239,215
239,214
239,213
239,212
239,211
239,210
239,209
239,208
239,207
239,206
239,205
239,204
239,203
239,202
239,201
239,200
239,199
239,198
239,197
239,142
239,141
239,140
239,139
239,138
239,137
240,239
240,238
240,237
240,236
240,235
240,234
240,233
240,232
240,231
240,230
240,229
240,228
240,227
240,226
240,225
240,224
240,223
240,222
240,221
240,220
240,219
240,218
240,217
240,216
240,215
240,214
240,213
240,212
240,211
240,210
240,209
240,208
240,207
240,206
240,205
240,204
240,203
240,202
240,201
240,200
240,199
240,198
240,197
240,142
240,141
240,140
240,139
240,138
240,137
241,240
241,239
241,238
241,237
241,236
241,235
241,234
241,233
241,232
241,231
241,230
241,229
241,228
241,227
241,226
241,225
241,224
241,223
241,222
241,221
241,220
241,219
241,218
241,217
241,216
241,215
241,214
241,213
241,212
241,211
241,210
241,209
241,208
241,207
241,206
241,205
241,204
241,203
241,202
241,201
241,200
241,199
241,198
241,197
241,141
241,140
241,139
241,138
241,137
242,242
242,241
242,240
242,239
242,238
242,237
242,236
242,235
242,234
242,233
242,232
242,231
242,230
242,229
242,228
242,227
242,226
242,225
242,224
242,223
242,222
242,221
242,220
242,219
242,218
242,217
242,216
242,215
242,214
242,213
242,212
242,211
242,210
242,209
242,208
242,207
242,206
242,205
242,204
242,203
242,202
242,201
242,200
242,199
242,198
242,197
242,141
242,140
242,139
242,138
242,137
243,242
243,241
243,240
243,239
243,238
243,237
243,236
243,235
243,234
243,233
243,232
243,231
243,230
243,229
243,228
243,227
243,226
243,225
243,224
243,223
243,222
243,221
243,220
243,219
243,218
243,217
243,216
243,215
243,214
243,213
243,212
243,211
243,210
243,209
243,208
243,207
243,206
243,205
243,204
243,203
243,202
243,201
243,200
243,199
243,198
243,197
243,196
243,141
243,140
243,139
243,138
243,137
244,242
244,241
244,240
244,239
244,238
244,237
244,236
244,235
244,234
244,233
244,232
244,231
244,230
244,229
244,228
244,227
244,226
244,225
244,224
244,223
244,222
244,221
244,220
244,219
244,218
244,217
244,216
244,215
244,214
244,213
244,212
244,211
244,210
244,209
244,208
244,207
244,206
244,205
244,204
244,203
244,202
244,201
244,200
244,199
244,198
244,197
244,196
244,195
244,141
244,140
244,139
244,138
244,137
245,242
245,241
245,240
245,239
245,238
245,237
245,236
245,235
245,234
245,233
245,232
245,231
245,230
245,229
245,228
245,227
245,226
245,225
245,224
245,223
245,222
245,221
245,220
245,219
245,218
245,217
245,216
245,215
245,214
245,213
245,212
245,211
245,210
245,209
245,208
245,207
245,206
245,205
245,204
245,203
245,202
245,201
245,200
245,199
245,198
245,197
245,196
245,195
245,141
245,140
245,139
245,138
245,137
245,136
246,242
246,241
246,240
246,239
246,238
246,237
246,236
246,235
246,234
246,233
246,232
246,231
246,230
246,229
246,228
246,227
246,226
246,225
246,224
246,223
246,222
246,221
246,220
246,219
246,218
246,217
246,216
246,215
246,214
246,213
246,212
246,211
246,210
246,209
246,208
246,207
246,206
246,205
246,204
246,203
246,202
246,201
246,200
246,199
246,198
246,197
246,196
246,195
246,194
246,141
246,140
246,139
246,138
246,137
246,136
247,243
247,242
247,241
247,240
247,239
247,238
247,237
247,236
247,235
247,234
247,233
247,232
247,231
247,230
247,229
247,228
247,227
247,226
247,225
247,224
247,223
247,222
247,221
247,220
247,219
247,218
247,217
247,216
247,215
247,214
247,213
247,212
247,211
247,210
247,209
247,208
247,207
247,206
247,205
247,204
247,203
247,202
247,201
247,200
247,199
247,198
247,197
247,196
247,195
247,194
247,193
247,141
247,140
247,139
247,138
247,137
247,136
248,243
248,242
248,241
248,240
248,239
248,238
248,237
248,236
248,235
248,234
248,233
248,232
248,231
248,230
248,229
248,228
248,227
248,226
248,225
248,224
248,223
248,222
248,221
248,220
248,219
248,218
248,217
248,216
248,215
248,214
248,213
248,212
248,211
248,210
248,209
248,208
248,207
248,206
248,205
248,204
248,203
248,202
248,201
248,200
248,199
248,198
248,197
248,196
248,195
248,194
248,193
248,141
248,140
248,139
248,138
248,137
248,136
249,243
249,242
249,241
249,240
249,239
249,238
249,237
249,236
249,235
249,234
249,233
249,232
249,231
249,230
249,229
249,228
249,227
249,226
249,225
249,224
249,223
249,222
249,221
249,220
249,219
249,218
249,217
249,216
249,215
249,214
249,213
249,212
249,211
249,210
249,209
249,208
249,207
249,206
249,205
249,204
249,203
249,202
249,201
249,200
249,199
249,198
249,197
249,196
249,195
249,194
249,193
249,192
249,142
249,141
249,140
249,139
249,138
249,137
249,136
250,243
250,242
250,241
250,240
250,239
250,238
250,237
250,236
250,235
250,234
250,233
250,232
250,231
250,230
250,229
250,228
250,227
250,226
250,225
250,224
250,223
250,222
250,221
250,220
250,219
250,218
250,217
250,216
250,215
250,214
250,213
250,212
250,211
250,210
250,209
250,208
250,207
250,206
250,205
250,204
250,203
250,202
250,201
250,200
250,199
250,198
250,197
250,196
250,195
250,194
250,193
250,192
250,143
250,142
250,141
250,140
250,139
250,138
250,137
250,136
251,243
251,242
251,241
251,240
251,239
251,238
251,237
251,236
251,235
251,234
251,233
251,232
251,231
251,230
251,229
251,228
251,227
251,226
251,225
251,224
251,223
251,222
251,221
251,220
251,219
251,218
251,217
251,216
251,215
251,214
251,213
251,212
251,211
251,210
251,209
251,208
251,207
251,206
251,205
251,204
251,203
251,202
251,201
251,200
251,199
251,198
251,197
251,196
251,195
251,194
251,193
251,192
251,191
251,143
251,142
251,141
251,140
251,139
251,138
251,137
251,136
252,243
252,242
252,241
252,240
252,239
252,238
252,237
252,236
252,235
252,234
252,233
252,232
252,231
252,230
252,229
252,228
252,227
252,226
252,225
252,224
252,223
252,222
252,221
252,220
252,219
252,218
252,217
252,216
252,215
252,214
252,213
252,212
252,211
252,210
252,209
252,208
252,207
252,206
252,205
252,204
252,203
252,202
252,201
252,200
252,199
252,198
252,197
252,196
252,195
252,194
252,193
252,192
252,191
252,190
252,144
252,143
252,142
252,141
252,140
252,139
252,138
252,137
252,136
253,243
253,242
253,241
253,240
253,239
253,238
253,237
253,236
253,235
253,234
253,233
253,232
253,231
253,230
253,229
253,228
253,227
253,226
253,225
253,224
253,223
253,222
253,221
253,220
253,219
253,218
253,217
253,216
253,215
253,214
253,213
253,212
253,211
253,210
253,209
253,208
253,207
253,206
253,205
253,204
253,203
253,202
253,201
253,200
253,199
253,198
253,197
253,196
253,195
253,194
253,193
253,192
253,191
253,190
253,144
253,143
253,142
253,141
253,140
253,139
253,138
253,137
253,136
254,243
254,242
254,241
254,240
254,239
254,238
254,237
254,236
254,235
254,234
254,233
254,232
254,231
254,230
254,229
254,228
254,227
254,226
254,225
254,224
254,223
254,222
254,221
254,220
254,219
254,218
254,217
254,216
254,215
254,214
254,213
254,212
254,211
254,210
254,209
254,208
254,207
254,206
254,205
254,204
254,203
254,202
254,201
254,200
254,199
254,198
254,197
254,196
254,195
254,194
254,193
254,192
254,191
254,190
254,189
254,145
254,144
254,143
254,142
254,141
254,140
254,139
254,138
254,137
254,136
255,243
255,242
255,241
255,240
255,239
255,238
255,237
255,236
255,235
255,234
255,233
255,232
255,231
255,230
255,229
255,228
255,227
255,226
255,225
255,224
255,223
255,222
255,221
255,220
255,219
255,218
255,217
255,216
255,215
255,214
255,213
255,212
255,211
255,210
255,209
255,208
255,207
255,206
255,205
255,204
255,203
255,202
255,201
255,200
255,199
255,198
255,197
255,196
255,195
255,194
255,193
255,192
255,191
255,190
255,189
255,147
255,146
255,145
255,144
255,143
255,142
255,141
255,140
255,139
255,138
255,137
255,136
256,243
256,242
256,241
256,240
256,239
256,238
256,237
256,236
256,235
256,234
256,233
256,232
256,231
256,230
256,229
256,228
256,227
256,226
256,225
256,224
256,223
256,222
256,221
256,220
256,219
256,218
256,217
256,216
256,215
256,214
256,213
256,212
256,211
256,210
256,209
256,208
256,207
256,206
256,205
256,204
256,203
256,202
256,201
256,200
256,199
256,198
256,197
256,196
256,195
256,194
256,193
256,192
256,191
256,190
256,189
256,188
256,148
256,147
256,146
256,145
256,144
256,143
256,142
256,141
256,140
256,139
256,138
256,137
256,136
257,243
257,242
257,241
257,240
257,239
257,238
257,237
257,236
257,235
257,234
257,233
257,232
257,231
257,230
257,229
257,228
257,227
257,226
257,225
257,224
257,223
257,222
257,221
257,220
257,219
257,218
257,217
257,216
257,215
257,214
257,213
257,212
257,211
257,210
257,209
257,208
257,207
257,206
257,205
257,204
257,203
257,202
257,201
257,200
257,199
257,198
257,197
257,196
257,195
257,194
257,193
257,192
257,191
257,190
257,189
257,188
257,187
257,150
257,149
257,148
257,147
257,146
257,145
257,144
257,143
257,142
257,141
257,140
257,139
257,138
257,137
257,136
258,242
258,241
258,240
258,239
258,238
258,237
258,236
258,235
258,234
258,233
258,232
258,231
258,230
258,229
258,228
258,227
258,226
258,225
258,224
258,223
258,222
258,221
258,220
258,219
258,218
258,217
258,216
258,215
258,214
258,213
258,212
258,211
258,210
258,209
258,208
258,207
258,206
258,205
258,204
258,203
258,202
258,201
258,200
258,199
258,198
258,197
258,196
258,195
258,194
258,193
258,192
258,191
258,190
258,189
258,188
258,187
258,186
258,152
258,151
258,150
258,149
258,148
258,147
258,146
258,145
258,144
258,143
258,142
258,141
258,140
258,139
258,138
258,137
258,136
259,242
259,241
259,240
259,239
259,238
259,237
259,236
259,235
259,234
259,233
259,232
259,231
259,230
259,229
259,228
259,227
259,226
259,225
259,224
259,223
259,222
259,221
259,220
259,219
259,218
259,217
259,216
259,215
259,214
259,213
259,212
259,211
259,210
259,209
259,208
259,207
259,206
259,205
259,204
259,203
259,202
259,201
259,200
259,199
259,198
259,197
259,196
259,195
259,194
259,193
259,192
259,191
259,190
259,189
259,188
259,187
259,186
259,185
259,155
259,154
259,153
259,152
259,151
259,150
259,149
259,148
259,147
259,146
259,145
259,144
259,143
259,142
259,141
259,140
259,139
259,138
259,137
260,242
260,241
260,240
260,239
260,238
260,237
260,236
260,235
260,234
260,233
260,232
260,231
260,230
260,229
260,228
260,227
260,226
260,225
260,224
260,223
260,222
260,221
260,220
260,219
260,218
260,217
260,216
260,215
260,214
260,213
260,212
260,211
260,210
260,209
260,208
260,207
260,206
260,205
260,204
260,203
260,202
260,201
260,200
260,199
260,198
260,197
260,196
260,195
260,194
260,193
260,192
260,191
260,190
260,189
260,188
260,187
260,186
260,185
260,157
260,156
260,155
260,154
260,153
260,152
260,151
260,150
260,149
260,148
260,147
260,146
260,145
260,144
260,143
260,142
260,141
260,140
260,139
260,138
260,137
261,241
261,240
261,239
261,238
261,237
261,236
261,235
261,234
261,233
261,232
261,231
261,230
261,229
261,228
261,227
261,226
261,225
261,224
261,223
261,222
261,221
261,220
261,219
261,218
261,217
261,216
261,215
261,214
261,213
261,212
261,211
261,210
261,209
261,208
261,207
261,206
261,205
261,204
261,203
261,202
261,201
261,200
261,199
261,198
261,197
261,196
261,195
261,194
261,193
261,192
261,191
261,190
261,189
261,188
261,187
261,186
261,185
261,184
261,160
261,159
261,158
261,157
261,156
261,155
261,154
261,153
261,152
261,151
261,150
261,149
261,148
261,147
261,146
261,145
261,144
261,143
261,142
261,141
261,140
261,139
261,138
261,137
262,241
262,240
262,239
262,238
262,237
262,236
262,235
262,234
262,233
262,232
262,231
262,230
262,229
262,228
262,227
262,226
262,225
262,224
262,223
262,222
262,221
262,220
262,219
262,218
262,217
262,216
262,215
262,214
262,213
262,212
262,211
262,210
262,209
262,208
262,207
262,206
262,205
262,204
262,203
262,202
262,201
262,200
262,199
262,198
262,197
262,196
262,195
262,194
262,193
262,192
262,191
262,190
262,189
262,188
262,187
262,186
262,185
262,184
262,183
262,162
262,161
262,160
262,159
262,158
262,157
262,156
262,155
262,154
262,153
262,152
262,151
262,150
262,149
262,148
262,147
262,146
262,145
262,144
262,143
262,142
262,141
262,140
262,139
262,138
262,137
263,242
263,241
263,240
263,239
263,238
263,237
263,236
263,235
263,234
263,233
263,232
263,231
263,230
263,229
263,228
263,227
263,226
263,225
263,224
263,223
263,222
263,221
263,220
263,219
263,218
263,217
263,216
263,215
263,214
263,213
263,212
263,211
263,210
263,209
263,208
263,207
263,206
263,205
263,204
263,203
263,202
263,201
263,200
263,199
263,198
263,197
263,196
263,195
263,194
263,193
263,192
263,191
263,190
263,189
263,188
263,187
263,186
263,185
263,184
263,183
263,182
263,164
263,163
263,162
263,161
263,160
263,159
263,158
263,157
263,156
263,155
263,154
263,153
263,152
263,151
263,150
263,149
263,148
263,147
263,146
263,145
263,144
263,143
263,142
263,141
263,140
263,139
263,138
263,137
264,243
264,242
264,241
264,240
264,239
264,238
264,237
264,236
264,235
264,234
264,233
264,232
264,231
264,230
264,229
264,228
264,227
264,226
264,225
264,224
264,223
264,222
264,221
264,220
264,219
264,218
264,217
264,216
264,215
264,214
264,213
264,212
264,211
264,210
264,209
264,208
264,207
264,206
264,205
264,204
264,203
264,202
264,201
264,200
264,199
264,198
264,197
264,196
264,195
264,194
264,193
264,192
264,191
264,190
264,189
264,188
264,187
264,186
264,185
264,184
264,183
264,182
264,181
264,180
264,179
264,167
264,166
264,165
264,164
264,163
264,162
264,161
264,160
264,159
264,158
264,157
264,156
264,155
264,154
264,153
264,152
264,151
264,150
264,149
264,148
264,147
264,146
264,145
264,144
264,143
264,142
264,141
264,140
264,139
264,138
264,137
265,243
265,242
265,241
265,240
265,239
265,238
265,237
265,236
265,235
265,234
265,233
265,232
265,231
265,230
265,229
265,228
265,227
265,226
265,225
265,224
265,223
265,222
265,221
265,220
265,219
265,218
265,217
265,216
265,215
265,214
265,213
265,212
265,211
265,210
265,209
265,208
265,207
265,206
265,205
265,204
265,203
265,202
265,201
265,200
265,199
265,198
265,197
265,196
265,195
265,194
265,193
265,192
265,191
265,190
265,189
265,188
265,187
265,186
265,185
265,184
265,183
265,182
265,181
265,180
265,179
265,178
265,177
265,176
265,170
265,169
265,169
265,168
265,167
265,166
265,165
265,164
265,163
265,162
265,161
265,160
265,159
265,158
265,157
265,156
265,155
265,154
265,153
265,152
265,151
265,150
265,149
265,148
265,147
265,146
265,145
265,144
265,143
265,142
265,141
265,140
265,139
265,138
265,137
266,244
266,243
266,242
266,241
266,240
266,239
266,238
266,237
266,236
266,235
266,234
266,233
266,232
266,231
266,230
266,229
266,228
266,227
266,226
266,225
266,224
266,223
266,222
266,221
266,220
266,219
266,218
266,217
266,216
266,215
266,214
266,213
266,212
266,211
266,210
266,209
266,208
266,207
266,206
266,205
266,204
266,203
266,202
266,201
266,200
266,199
266,198
266,197
266,196
266,195
266,194
266,193
266,192
266,191
266,190
266,189
266,188
266,187
266,186
266,185
266,184
266,183
266,182
266,181
266,180
266,179
266,178
266,177
266,176
266,175
266,174
266,173
266,172
266,171
266,170
266,169
266,169
266,168
266,167
266,166
266,165
266,164
266,163
266,162
266,161
266,160
266,159
266,158
266,157
266,156
266,155
266,154
266,153
266,152
266,151
266,150
266,149
266,148
266,147
266,146
266,145
266,144
266,143
266,142
266,141
266,140
266,139
266,138
266,137
267,244
267,243
267,242
267,241
267,240
267,239
267,238
267,237
267,236
267,235
267,234
267,233
267,232
267,231
267,230
267,229
267,228
267,227
267,226
267,225
267,224
267,223
267,222
267,221
267,220
267,219
267,218
267,217
267,216
267,215
267,214
267,213
267,212
267,211
267,210
267,209
267,208
267,207
267,206
267,205
267,204
267,203
267,202
267,201
267,200
267,199
267,198
267,197
267,196
267,195
267,194
267,193
267,192
267,191
267,190
267,189
267,188
267,187
267,186
267,185
267,184
267,183
267,182
267,181
267,180
267,179
267,178
267,177
267,176
267,175
267,174
267,173
267,172
267,171
267,170
267,169
267,169
267,168
267,167
267,166
267,165
267,164
267,163
267,162
267,161
267,160
267,159
267,158
267,157
267,156
267,155
267,154
267,153
267,152
267,151
267,150
267,149
267,148
267,147
267,146
267,145
267,144
267,143
267,142
267,141
267,140
267,139
267,138
267,137
268,244
268,243
268,242
268,241
268,240
268,239
268,238
268,237
268,236
268,235
268,234
268,233
268,232
268,231
268,230
268,229
268,228
268,227
268,226
268,225
268,224
268,223
268,222
268,221
268,220
268,219
268,218
268,217
268,216
268,215
268,214
268,213
268,212
268,211
268,210
268,209
268,208
268,207
268,206
268,205
268,204
268,203
268,202
268,201
268,200
268,199
268,198
268,197
268,196
268,195
268,194
268,193
268,192
268,191
268,190
268,189
268,188
268,187
268,186
268,185
268,184
268,183
268,182
268,181
268,180
268,179
268,178
268,177
268,176
268,175
268,174
268,173
268,172
268,171
268,170
268,169
268,169
268,168
268,167
268,166
268,165
268,164
268,163
268,162
268,161
268,160
268,159
268,158
268,157
268,156
268,155
268,154
268,153
268,152
268,151
268,150
268,149
268,148
268,147
268,146
268,145
268,144
268,143
268,142
268,141
268,140
268,139
268,138
268,137
269,244
269,243
269,242
269,241
269,240
269,239
269,238
269,237
269,236
269,235
269,234
269,233
269,232
269,231
269,230
269,229
269,228
269,227
269,226
269,225
269,224
269,223
269,222
269,221
269,220
269,219
269,218
269,217
269,216
269,215
269,214
269,213
269,212
269,211
269,210
269,209
269,208
269,207
269,206
269,205
269,204
269,203
269,202
269,201
269,200
269,199
269,198
269,197
269,196
269,195
269,194
269,193
269,192
269,191
269,190
269,189
269,188
269,187
269,186
269,185
269,184
269,183
269,182
269,181
269,180
269,179
269,178
269,177
269,176
269,175
269,174
269,173
269,172
269,171
269,170
269,169
269,169
269,168
269,167
269,166
269,165
269,164
269,163
269,162
269,161
269,160
269,159
269,158
269,157
269,156
269,155
269,154
269,153
269,152
269,151
269,150
269,149
269,148
269,147
269,146
269,145
269,144
269,143
269,142
269,141
269,140
269,139
269,138
269,137
270,245
270,244
270,243
270,242
270,241
270,240
270,239
270,238
270,237
270,236
270,235
270,234
270,233
270,232
270,231
270,230
270,229
270,228
270,227
270,226
270,225
270,224
270,223
270,222
270,221
270,220
270,219
270,218
270,217
270,216
270,215
270,214
270,213
270,212
270,211
270,210
270,209
270,208
270,207
270,206
270,205
270,204
270,203
270,202
270,201
270,200
270,199
270,198
270,197
270,196
270,195
270,194
270,193
270,192
270,191
270,190
270,189
270,188
270,187
270,186
270,185
270,184
270,183
270,182
270,181
270,180
270,179
270,178
270,177
270,176
270,175
270,174
270,173
270,172
270,171
270,170
270,169
270,169
270,168
270,167
270,166
270,165
270,164
270,163
270,162
270,161
270,160
270,159
270,158
270,157
270,156
270,155
270,154
270,153
270,152
270,151
270,150
270,149
270,148
270,147
270,146
270,145
270,144
270,143
270,142
270,141
270,140
270,139
270,138
270,137
271,245
271,244
271,243
271,242
271,241
271,240
271,239
271,238
271,237
271,236
271,235
271,234
271,233
271,232
271,231
271,230
271,229
271,228
271,227
271,226
271,225
271,224
271,223
271,222
271,221
271,220
271,219
271,218
271,217
271,216
271,215
271,214
271,213
271,212
271,211
271,210
271,209
271,208
271,207
271,206
271,205
271,204
271,203
271,202
271,201
271,200
271,199
271,198
271,197
271,196
271,195
271,194
271,193
271,192
271,191
271,190
271,189
271,188
271,187
271,186
271,185
271,184
271,183
271,182
271,181
271,180
271,179
271,178
271,177
271,176
271,175
271,174
271,173
271,172
271,171
271,170
271,169
271,169
271,168
271,167
271,166
271,165
271,164
271,163
271,162
271,161
271,160
271,159
271,158
271,157
271,156
271,155
271,154
271,153
271,152
271,151
271,150
271,149
271,148
271,147
271,146
271,145
271,144
271,143
271,142
271,141
271,140
271,139
271,138
271,137
272,245
272,244
272,243
272,242
272,241
272,240
272,239
272,238
272,237
272,236
272,235
272,234
272,233
272,232
272,231
272,230
272,229
272,228
272,227
272,226
272,225
272,224
272,223
272,222
272,221
272,220
272,219
272,218
272,217
272,216
272,215
272,214
272,213
272,212
272,211
272,210
272,209
272,208
272,207
272,206
272,205
272,204
272,203
272,202
272,201
272,200
272,199
272,198
272,197
272,196
272,195
272,194
272,193
272,192
272,191
272,190
272,189
272,188
272,187
272,186
272,185
272,184
272,183
272,182
272,181
272,180
272,179
272,178
272,177
272,176
272,175
272,174
272,173
272,172
272,171
272,170
272,169
272,169
272,168
272,167
272,166
272,165
272,164
272,163
272,162
272,161
272,160
272,159
272,158
272,157
272,156
272,155
272,154
272,153
272,152
272,151
272,150
272,149
272,148
272,147
272,146
272,145
272,144
272,143
272,142
272,141
272,140
272,139
272,138
272,137
273,245
273,244
273,243
273,242
273,241
273,240
273,239
273,238
273,237
273,236
273,235
273,234
273,233
273,232
273,231
273,230
273,229
273,228
273,227
273,226
273,225
273,224
273,223
273,222
273,221
273,220
273,219
273,218
273,217
273,216
273,215
273,214
273,213
273,212
273,211
273,210
273,209
273,208
273,207
273,206
273,205
273,204
273,203
273,202
273,201
273,200
273,199
273,198
273,197
273,196
273,195
273,194
273,193
273,192
273,191
273,190
273,189
273,188
273,187
273,186
273,185
273,184
273,183
273,182
273,181
273,180
273,179
273,178
273,177
273,176
273,175
273,174
273,173
273,172
273,171
273,170
273,169
273,169
273,168
273,167
273,166
273,165
273,164
273,163
273,162
273,161
273,160
273,159
273,158
273,157
273,156
273,155
273,154
273,153
273,152
273,151
273,150
273,149
273,148
273,147
273,146
273,145
273,144
273,143
273,142
273,141
273,140
273,139
273,138
273,137
274,246
274,245
274,244
274,243
274,242
274,241
274,240
274,239
274,238
274,237
274,236
274,235
274,234
274,233
274,232
274,231
274,230
274,229
274,228
274,227
274,226
274,225
274,224
274,223
274,222
274,221
274,220
274,219
274,218
274,217
274,216
274,215
274,214
274,213
274,212
274,211
274,210
274,209
274,208
274,207
274,206
274,205
274,204
274,203
274,202
274,201
274,200
274,199
274,198
274,197
274,196
274,195
274,194
274,193
274,192
274,191
274,190
274,189
274,188
274,187
274,186
274,185
274,184
274,183
274,182
274,181
274,180
274,179
274,178
274,177
274,176
274,175
274,174
274,173
274,172
274,171
274,170
274,169
274,169
274,168
274,167
274,166
274,165
274,164
274,163
274,162
274,161
274,160
274,159
274,158
274,157
274,156
274,155
274,154
274,153
274,152
274,151
274,150
274,149
274,148
274,147
274,146
274,145
274,144
274,143
274,142
274,141
274,140
274,139
274,138
274,137
275,246
275,245
275,244
275,243
275,242
275,241
275,240
275,239
275,238
275,237
275,236
275,235
275,234
275,233
275,232
275,231
275,230
275,229
275,228
275,227
275,226
275,225
275,224
275,223
275,222
275,221
275,220
275,219
275,218
275,217
275,216
275,215
275,214
275,213
275,212
275,211
275,210
275,209
275,208
275,207
275,206
275,205
275,204
275,203
275,202
275,201
275,200
275,199
275,198
275,197
275,196
275,195
275,194
275,193
275,192
275,191
275,190
275,189
275,188
275,187
275,186
275,185
275,184
275,183
275,182
275,181
275,180
275,179
275,178
275,177
275,176
275,175
275,174
275,173
275,172
275,171
275,170
275,169
275,169
275,168
275,167
275,166
275,165
275,164
275,163
275,162
275,161
275,160
275,159
275,158
275,157
275,156
275,155
275,154
275,153
275,152
275,151
275,150
275,149
275,148
275,147
275,146
275,145
275,144
275,143
275,142
275,141
275,140
275,139
275,138
275,137
276,246
276,245
276,244
276,243
276,242
276,241
276,240
276,239
276,238
276,237
276,236
276,235
276,234
276,233
276,232
276,231
276,230
276,229
276,228
276,227
276,226
276,225
276,224
276,223
276,222
276,221
276,220
276,219
276,218
276,217
276,216
276,215
276,214
276,213
276,212
276,211
276,210
276,209
276,208
276,207
276,206
276,205
276,204
276,203
276,202
276,201
276,200
276,199
276,198
276,197
276,196
276,195
276,194
276,193
276,192
276,191
276,190
276,189
276,188
276,187
276,186
276,185
276,184
276,183
276,182
276,181
276,180
276,179
276,178
276,177
276,176
276,175
276,174
276,173
276,172
276,171
276,170
276,169
276,169
276,168
276,167
276,166
276,165
276,164
276,163
276,162
276,161
276,160
276,159
276,158
276,157
276,156
276,155
276,154
276,153
276,152
276,151
276,150
276,149
276,148
276,147
276,146
276,145
276,144
276,143
276,142
276,141
276,140
276,139
276,138
276,137
277,247
277,246
277,245
277,244
277,243
277,242
277,241
277,240
277,239
277,238
277,237
277,236
277,235
277,234
277,233
277,232
277,231
277,230
277,229
277,228
277,227
277,226
277,225
277,224
277,223
277,222
277,221
277,220
277,219
277,218
277,217
277,216
277,215
277,214
277,213
277,212
277,211
277,210
277,209
277,208
277,207
277,206
277,205
277,204
277,203
277,202
277,201
277,200
277,199
277,198
277,197
277,196
277,195
277,194
277,193
277,192
277,191
277,190
277,189
277,188
277,187
277,186
277,185
277,184
277,183
277,182
277,181
277,180
277,179
277,178
277,177
277,176
277,175
277,174
277,173
277,172
277,171
277,170
277,169
277,169
277,168
277,167
277,166
277,165
277,164
277,163
277,162
277,161
277,160
277,159
277,158
277,157
277,156
277,155
277,154
277,153
277,152
277,151
277,150
277,149
277,148
277,147
277,146
277,145
277,144
277,143
277,142
277,141
277,140
277,139
277,138
277,137
278,247
278,246
278,245
278,244
278,243
278,242
278,241
278,240
278,239
278,238
278,237
278,236
278,235
278,234
278,233
278,232
278,231
278,230
278,229
278,228
278,227
278,226
278,225
278,224
278,223
278,222
278,221
278,220
278,219
278,218
278,217
278,216
278,215
278,214
278,213
278,212
278,211
278,210
278,209
278,208
278,207
278,206
278,205
278,204
278,203
278,202
278,201
278,200
278,199
278,198
278,197
278,196
278,195
278,194
278,193
278,192
278,191
278,190
278,189
278,188
278,187
278,186
278,185
278,184
278,183
278,182
278,181
278,180
278,179
278,178
278,177
278,176
278,175
278,174
278,173
278,172
278,171
278,170
278,169
278,169
278,168
278,167
278,166
278,165
278,164
278,163
278,162
278,161
278,160
278,159
278,158
278,157
278,156
278,155
278,154
278,153
278,152
278,151
278,150
278,149
278,148
278,147
278,146
278,145
278,144
278,143
278,142
278,141
278,140
278,139
278,138
278,137
279,247
279,246
279,245
279,244
279,243
279,242
279,241
279,240
279,239
279,238
279,237
279,236
279,235
279,234
279,233
279,232
279,231
279,230
279,229
279,228
279,227
279,226
279,225
279,224
279,223
279,222
279,221
279,220
279,219
279,218
279,217
279,216
279,215
279,214
279,213
279,212
279,211
279,210
279,209
279,208
279,207
279,206
279,205
279,204
279,203
279,202
279,201
279,200
279,199
279,198
279,197
279,196
279,195
279,194
279,193
279,192
279,191
279,190
279,189
279,188
279,187
279,186
279,185
279,184
279,183
279,182
279,181
279,180
279,179
279,178
279,177
279,176
279,175
279,174
279,173
279,172
279,171
279,170
279,169
279,169
279,168
279,167
279,166
279,165
279,164
279,163
279,162
279,161
279,160
279,159
279,158
279,157
279,156
279,155
279,154
279,153
279,152
279,151
279,150
279,149
279,148
279,147
279,146
279,145
279,144
279,143
279,142
279,141
279,140
279,139
279,138
279,137
280,247
280,246
280,245
280,244
280,243
280,242
280,241
280,240
280,239
280,238
280,237
280,236
280,235
280,234
280,233
280,232
280,231
280,230
280,229
280,228
280,227
280,226
280,225
280,224
280,223
280,222
280,221
280,220
280,219
280,218
280,217
280,216
280,215
280,214
280,213
280,212
280,211
280,210
280,209
280,208
280,207
280,206
280,205
280,204
280,203
280,202
280,201
280,200
280,199
280,198
280,197
280,196
280,195
280,194
280,193
280,192
280,191
280,190
280,189
280,188
280,187
280,186
280,185
280,184
280,183
280,182
280,181
280,180
280,179
280,178
280,177
280,176
280,175
280,174
280,173
280,172
280,171
280,170
280,169
280,169
280,168
280,167
280,166
280,165
280,164
280,163
280,162
280,161
280,160
280,159
280,158
280,157
280,156
280,155
280,154
280,153
280,152
280,151
280,150
280,149
280,148
280,147
280,146
280,145
280,144
280,143
280,142
280,141
280,140
280,139
280,138
280,137
280,136
281,247
281,246
281,245
281,244
281,243
281,242
281,241
281,240
281,239
281,238
281,237
281,236
281,235
281,234
281,233
281,232
281,231
281,230
281,229
281,228
281,227
281,226
281,225
281,224
281,223
281,222
281,221
281,220
281,219
281,218
281,217
281,216
281,215
281,214
281,213
281,212
281,211
281,210
281,209
281,208
281,207
281,206
281,205
281,204
281,203
281,202
281,201
281,200
281,199
281,198
281,197
281,196
281,195
281,194
281,193
281,192
281,191
281,190
281,189
281,188
281,187
281,186
281,185
281,184
281,183
281,182
281,181
281,180
281,179
281,178
281,177
281,176
281,175
281,174
281,173
281,172
281,171
281,170
281,169
281,169
281,168
281,167
281,166
281,165
281,164
281,163
281,162
281,161
281,160
281,159
281,158
281,157
281,156
281,155
281,154
281,153
281,152
281,151
281,150
281,149
281,148
281,147
281,146
281,145
281,144
281,143
281,142
281,141
281,140
281,139
281,138
281,137
281,136
281,43
281,42
282,247
282,246
282,245
282,244
282,243
282,242
282,241
282,240
282,239
282,238
282,237
282,236
282,235
282,234
282,233
282,232
282,231
282,230
282,229
282,228
282,227
282,226
282,225
282,224
282,223
282,222
282,221
282,220
282,219
282,218
282,217
282,216
282,215
282,214
282,213
282,212
282,211
282,210
282,209
282,208
282,207
282,206
282,205
282,204
282,203
282,202
282,201
282,200
282,199
282,198
282,197
282,196
282,195
282,194
282,193
282,192
282,191
282,190
282,189
282,188
282,187
282,186
282,185
282,184
282,183
282,182
282,181
282,180
282,179
282,178
282,177
282,176
282,175
282,174
282,173
282,172
282,171
282,170
282,169
282,169
282,168
282,167
282,166
282,165
282,164
282,163
282,162
282,161
282,160
282,159
282,158
282,157
282,156
282,155
282,154
282,153
282,152
282,151
282,150
282,149
282,148
282,147
282,146
282,145
282,144
282,143
282,142
282,141
282,140
282,139
282,138
282,137
282,136
282,43
282,42
282,41
282,40
282,39
283,248
283,247
283,246
283,245
283,244
283,243
283,242
283,241
283,240
283,239
283,238
283,237
283,236
283,235
283,234
283,233
283,232
283,231
283,230
283,229
283,228
283,227
283,226
283,225
283,224
283,223
283,222
283,221
283,220
283,219
283,218
283,217
283,216
283,215
283,214
283,213
283,212
283,211
283,210
283,209
283,208
283,207
283,206
283,205
283,204
283,203
283,202
283,201
283,200
283,199
283,198
283,197
283,196
283,195
283,194
283,193
283,192
283,191
283,190
283,189
283,188
283,187
283,186
283,185
283,184
283,183
283,182
283,181
283,180
283,179
283,178
283,177
283,176
283,175
283,174
283,173
283,172
283,171
283,170
283,169
283,169
283,168
283,167
283,166
283,165
283,164
283,163
283,162
283,161
283,160
283,159
283,158
283,157
283,156
283,155
283,154
283,153
283,152
283,151
283,150
283,149
283,148
283,147
283,146
283,145
283,144
283,143
283,142
283,141
283,140
283,139
283,138
283,137
283,136
283,43
283,42
283,41
283,40
283,39
283,38
283,37
283,36
284,248
284,247
284,246
284,245
284,244
284,243
284,242
284,241
284,240
284,239
284,238
284,237
284,236
284,235
284,234
284,233
284,232
284,231
284,230
284,229
284,228
284,227
284,226
284,225
284,224
284,223
284,222
284,221
284,220
284,219
284,218
284,217
284,216
284,215
284,214
284,213
284,212
284,211
284,210
284,209
284,208
284,207
284,206
284,205
284,204
284,203
284,202
284,201
284,200
284,199
284,198
284,197
284,196
284,195
284,194
284,193
284,192
284,191
284,190
284,189
284,188
284,187
284,186
284,185
284,184
284,183
284,182
284,181
284,180
284,179
284,178
284,177
284,176
284,175
284,174
284,173
284,172
284,171
284,170
284,169
284,169
284,168
284,167
284,166
284,165
284,164
284,163
284,162
284,161
284,160
284,159
284,158
284,157
284,156
284,155
284,154
284,153
284,152
284,151
284,150
284,149
284,148
284,147
284,146
284,145
284,144
284,143
284,142
284,141
284,140
284,139
284,138
284,137
284,136
284,42
284,41
284,40
284,39
284,38
284,37
284,36
284,35
284,34
285,248
285,247
285,246
285,245
285,244
285,243
285,242
285,241
285,240
285,239
285,238
285,237
285,236
285,235
285,234
285,233
285,232
285,231
285,230
285,229
285,228
285,227
285,226
285,225
285,224
285,223
285,222
285,221
285,220
285,219
285,218
285,217
285,216
285,215
285,214
285,213
285,212
285,211
285,210
285,209
285,208
285,207
285,206
285,205
285,204
285,203
285,202
285,201
285,200
285,199
285,198
285,197
285,196
285,195
285,194
285,193
285,192
285,191
285,190
285,189
285,188
285,187
285,186
285,185
285,184
285,183
285,182
285,181
285,180
285,179
285,178
285,177
285,176
285,175
285,174
285,173
285,172
285,171
285,170
285,169
285,169
285,168
285,167
285,166
285,165
285,164
285,163
285,162
285,161
285,160
285,159
285,158
285,157
285,156
285,155
285,154
285,153
285,152
285,151
285,150
285,149
285,148
285,147
285,146
285,145
285,144
285,143
285,142
285,141
285,140
285,139
285,138
285,137
285,136
285,42
285,41
285,40
285,39
285,38
285,37
285,36
285,35
285,34
285,33
285,32
286,249
286,248
286,247
286,246
286,245
286,244
286,243
286,242
286,241
286,240
286,239
286,238
286,237
286,236
286,235
286,234
286,233
286,232
286,231
286,230
286,229
286,228
286,227
286,226
286,225
286,224
286,223
286,222
286,221
286,220
286,219
286,218
286,217
286,216
286,215
286,214
286,213
286,212
286,211
286,210
286,209
286,208
286,207
286,206
286,205
286,204
286,203
286,202
286,201
286,200
286,199
286,198
286,197
286,196
286,195
286,194
286,193
286,192
286,191
286,190
286,189
286,188
286,187
286,186
286,185
286,184
286,183
286,182
286,181
286,180
286,179
286,178
286,177
286,176
286,175
286,174
286,173
286,172
286,171
286,170
286,169
286,169
286,168
286,167
286,166
286,165
286,164
286,163
286,162
286,161
286,160
286,159
286,158
286,157
286,156
286,155
286,154
286,153
286,152
286,151
286,150
286,149
286,148
286,147
286,146
286,145
286,144
286,143
286,142
286,141
286,140
286,139
286,138
286,137
286,136
286,135
286,44
286,43
286,42
286,41
286,40
286,39
286,38
286,37
286,36
286,35
286,34
286,33
286,32
286,31
287,249
287,248
287,247
287,246
287,245
287,244
287,243
287,242
287,241
287,240
287,239
287,238
287,237
287,236
287,235
287,234
287,233
287,232
287,231
287,230
287,229
287,228
287,227
287,226
287,225
287,224
287,223
287,222
287,221
287,220
287,219
287,218
287,217
287,216
287,215
287,214
287,213
287,212
287,211
287,210
287,209
287,208
287,207
287,206
287,205
287,204
287,203
287,202
287,201
287,200
287,199
287,198
287,197
287,196
287,195
287,194
287,193
287,192
287,191
287,190
287,189
287,188
287,187
287,186
287,185
287,184
287,183
287,182
287,181
287,180
287,179
287,178
287,177
287,176
287,175
287,174
287,173
287,172
287,171
287,170
287,169
287,169
287,168
287,167
287,166
287,165
287,164
287,163
287,162
287,161
287,160
287,159
287,158
287,157
287,156
287,155
287,154
287,153
287,152
287,151
287,150
287,149
287,148
287,147
287,146
287,145
287,144
287,143
287,142
287,141
287,140
287,139
287,138
287,137
287,136
287,135
287,47
287,46
287,45
287,44
287,43
287,42
287,41
287,40
287,39
287,38
287,37
287,36
287,35
287,34
287,33
287,32
287,31
287,30
288,250
288,249
288,248
288,247
288,246
288,245
288,244
288,243
288,242
288,241
288,240
288,239
288,238
288,237
288,236
288,235
288,234
288,233
288,232
288,231
288,230
288,229
288,228
288,227
288,226
288,225
288,224
288,223
288,222
288,221
288,220
288,219
288,218
288,217
288,216
288,215
288,214
288,213
288,212
288,211
288,210
288,209
288,208
288,207
288,206
288,205
288,204
288,203
288,202
288,201
288,200
288,199
288,198
288,197
288,196
288,195
288,194
288,193
288,192
288,191
288,190
288,189
288,188
288,187
288,186
288,185
288,184
288,183
288,182
288,181
288,180
288,179
288,178
288,177
288,176
288,175
288,174
288,173
288,172
288,171
288,170
288,169
288,169
288,168
288,167
288,166
288,165
288,164
288,163
288,162
288,161
288,160
288,159
288,158
288,157
288,156
288,155
288,154
288,153
288,152
288,151
288,150
288,149
288,148
288,147
288,146
288,145
288,144
288,143
288,142
288,141
288,140
288,139
288,138
288,137
288,136
288,135
288,50
288,49
288,48
288,47
288,46
288,45
288,44
288,43
288,42
288,41
288,40
288,39
288,38
288,37
288,36
288,35
288,34
288,33
288,32
288,31
288,30
288,29
288,28
289,250
289,249
289,248
289,247
289,246
289,245
289,244
289,243
289,242
289,241
289,240
289,239
289,238
289,237
289,236
289,235
289,234
289,233
289,232
289,231
289,230
289,229
289,228
289,227
289,226
289,225
289,224
289,223
289,222
289,221
289,220
289,219
289,218
289,217
289,216
289,215
289,214
289,213
289,212
289,211
289,210
289,209
289,208
289,207
289,206
289,205
289,204
289,203
289,202
289,201
289,200
289,199
289,198
289,197
289,196
289,195
289,194
289,193
289,192
289,191
289,190
289,189
289,188
289,187
289,186
289,185
289,184
289,183
289,182
289,181
289,180
289,179
289,178
289,177
289,176
289,175
289,174
289,173
289,172
289,171
289,170
289,169
289,169
289,168
289,167
289,166
289,165
289,164
289,163
289,162
289,161
289,160
289,159
289,158
289,157
289,156
289,155
289,154
289,153
289,152
289,151
289,150
289,149
289,148
289,147
289,146
289,145
289,144
289,143
289,142
289,141
289,140
289,139
289,138
289,137
289,136
289,135
289,52
289,51
289,50
289,49
289,48
289,47
289,46
289,45
289,44
289,43
289,42
289,41
289,40
289,39
289,38
289,37
289,36
289,35
289,34
289,33
289,32
289,31
289,30
289,29
289,28
289,27
290,249
290,248
290,247
290,246
290,245
290,244
290,243
290,242
290,241
290,240
290,239
290,238
290,237
290,236
290,235
290,234
290,233
290,232
290,231
290,230
290,229
290,228
290,227
290,226
290,225
290,224
290,223
290,222
290,221
290,220
290,219
290,218
290,217
290,216
290,215
290,214
290,213
290,212
290,211
290,210
290,209
290,208
290,207
290,206
290,205
290,204
290,203
290,202
290,201
290,200
290,199
290,198
290,197
290,196
290,195
290,194
290,193
290,192
290,191
290,190
290,189
290,188
290,187
290,186
290,185
290,184
290,183
290,182
290,181
290,180
290,179
290,178
290,177
290,176
290,175
290,174
290,173
290,172
290,171
290,170
290,169
290,169
290,168
290,167
290,166
290,165
290,164
290,163
290,162
290,161
290,160
290,159
290,158
290,157
290,156
290,155
290,154
290,153
290,152
290,151
290,150
290,149
290,148
290,147
290,146
290,145
290,144
290,143
290,142
290,141
290,140
290,139
290,138
290,137
290,136
290,135
290,54
290,53
290,52
290,51
290,50
290,49
290,48
290,47
290,46
290,45
290,44
290,43
290,42
290,41
290,40
290,39
290,38
290,37
290,36
290,35
290,34
290,33
290,32
290,31
290,30
290,29
290,28
290,27
290,26
291,249
291,248
291,247
291,246
291,245
291,244
291,243
291,242
291,241
291,240
291,239
291,238
291,237
291,236
291,235
291,234
291,233
291,232
291,231
291,230
291,229
291,228
291,227
291,226
291,225
291,224
291,223
291,222
291,221
291,220
291,219
291,218
291,217
291,216
291,215
291,214
291,213
291,212
291,211
291,210
291,209
291,208
291,207
291,206
291,205
291,204
291,203
291,202
291,201
291,200
291,199
291,198
291,197
291,196
291,195
291,194
291,193
291,192
291,191
291,190
291,189
291,188
291,187
291,186
291,185
291,184
291,183
291,182
291,181
291,180
291,179
291,178
291,177
291,176
291,175
291,174
291,173
291,172
291,171
291,170
291,169
291,169
291,168
291,167
291,166
291,165
291,164
291,163
291,162
291,161
291,160
291,159
291,158
291,157
291,156
291,155
291,154
291,153
291,152
291,151
291,150
291,149
291,148
291,147
291,146
291,145
291,144
291,143
291,142
291,141
291,140
291,139
291,138
291,137
291,136
291,135
291,134
291,56
291,55
291,54
291,53
291,52
291,51
291,50
291,49
291,48
291,47
291,46
291,45
291,44
291,43
291,42
291,41
291,40
291,39
291,38
291,37
291,36
291,35
291,34
291,33
291,32
291,31
291,30
291,29
291,28
291,27
291,26
291,25
291,24
292,249
292,248
292,247
292,246
292,245
292,244
292,243
292,242
292,241
292,240
292,239
292,238
292,237
292,236
292,235
292,234
292,233
292,232
292,231
292,230
292,229
292,228
292,227
292,226
292,225
292,224
292,223
292,222
292,221
292,220
292,219
292,218
292,217
292,216
292,215
292,214
292,213
292,212
292,211
292,210
292,209
292,208
292,207
292,206
292,205
292,204
292,203
292,202
292,201
292,200
292,199
292,198
292,197
292,196
292,195
292,194
292,193
292,192
292,191
292,190
292,189
292,188
292,187
292,186
292,185
292,184
292,183
292,182
292,181
292,180
292,179
292,178
292,177
292,176
292,175
292,174
292,173
292,172
292,171
292,170
292,169
292,169
292,168
292,167
292,166
292,165
292,164
292,163
292,162
292,161
292,160
292,159
292,158
292,157
292,156
292,155
292,154
292,153
292,152
292,151
292,150
292,149
292,148
292,147
292,146
292,145
292,144
292,143
292,142
292,141
292,140
292,139
292,138
292,137
292,136
292,135
292,134
292,58
292,57
292,56
292,55
292,54
292,53
292,52
292,51
292,50
292,49
292,48
292,47
292,46
292,45
292,44
292,43
292,42
292,41
292,40
292,39
292,38
292,37
292,36
292,35
292,34
292,33
292,32
292,31
292,30
292,29
292,28
292,27
292,26
292,25
292,24
292,23
293,248
293,247
293,246
293,245
293,244
293,243
293,242
293,241
293,240
293,239
293,238
293,237
293,236
293,235
293,234
293,233
293,232
293,231
293,230
293,229
293,228
293,227
293,226
293,225
293,224
293,223
293,222
293,221
293,220
293,219
293,218
293,217
293,216
293,215
293,214
293,213
293,212
293,211
293,210
293,209
293,208
293,207
293,206
293,205
293,204
293,203
293,202
293,201
293,200
293,199
293,198
293,197
293,196
293,195
293,194
293,193
293,192
293,191
293,190
293,189
293,188
293,187
293,186
293,185
293,184
293,183
293,182
293,181
293,180
293,179
293,178
293,177
293,176
293,175
293,174
293,173
293,172
293,171
293,170
293,169
293,169
293,168
293,167
293,166
293,165
293,164
293,163
293,162
293,161
293,160
293,159
293,158
293,157
293,156
293,155
293,154
293,153
293,152
293,151
293,150
293,149
293,148
293,147
293,146
293,145
293,144
293,143
293,142
293,141
293,140
293,139
293,138
293,137
293,136
293,135
293,134
293,60
293,59
293,58
293,57
293,56
293,55
293,54
293,53
293,52
293,51
293,50
293,49
293,48
293,47
293,46
293,45
293,44
293,43
293,42
293,41
293,40
293,39
293,38
293,37
293,36
293,35
293,34
293,33
293,32
293,31
293,30
293,29
293,28
293,27
293,26
293,25
293,24
293,23
293,22
294,248
294,247
294,246
294,245
294,244
294,243
294,242
294,241
294,240
294,239
294,238
294,237
294,236
294,235
294,234
294,233
294,232
294,231
294,230
294,229
294,228
294,227
294,226
294,225
294,224
294,223
294,222
294,221
294,220
294,219
294,218
294,217
294,216
294,215
294,214
294,213
294,212
294,211
294,210
294,209
294,208
294,207
294,206
294,205
294,204
294,203
294,202
294,201
294,200
294,199
294,198
294,197
294,196
294,195
294,194
294,193
294,192
294,191
294,190
294,189
294,188
294,187
294,186
294,185
294,184
294,183
294,182
294,181
294,180
294,179
294,178
294,177
294,176
294,175
294,174
294,173
294,172
294,171
294,170
294,169
294,169
294,168
294,167
294,166
294,165
294,164
294,163
294,162
294,161
294,160
294,159
294,158
294,157
294,156
294,155
294,154
294,153
294,152
294,151
294,150
294,149
294,148
294,147
294,146
294,145
294,144
294,143
294,142
294,141
294,140
294,139
294,138
294,137
294,136
294,135
294,134
294,61
294,60
294,59
294,58
294,57
294,56
294,55
294,54
294,53
294,52
294,51
294,50
294,49
294,48
294,47
294,46
294,45
294,44
294,43
294,42
294,41
294,40
294,39
294,38
294,37
294,36
294,35
294,34
294,33
294,32
294,31
294,30
294,29
294,28
294,27
294,26
294,25
294,24
294,23
294,22
294,21
294,20
295,248
295,247
295,246
295,245
295,244
295,243
295,242
295,241
295,240
295,239
295,238
295,237
295,236
295,235
295,234
295,233
295,232
295,231
295,230
295,229
295,228
295,227
295,226
295,225
295,224
295,223
295,222
295,221
295,220
295,219
295,218
295,217
295,216
295,215
295,214
295,213
295,212
295,211
295,210
295,209
295,208
295,207
295,206
295,205
295,204
295,203
295,202
295,201
295,200
295,199
295,198
295,197
295,196
295,195
295,194
295,193
295,192
295,191
295,190
295,189
295,188
295,187
295,186
295,185
295,184
295,183
295,182
295,181
295,180
295,179
295,178
295,177
295,176
295,175
295,174
295,173
295,172
295,171
295,170
295,169
295,169
295,168
295,167
295,166
295,165
295,164
295,163
295,162
295,161
295,160
295,159
295,158
295,157
295,156
295,155
295,154
295,153
295,152
295,151
295,150
295,149
295,148
295,147
295,146
295,145
295,144
295,143
295,142
295,141
295,140
295,139
295,138
295,137
295,136
295,135
295,134
295,63
295,62
295,61
295,60
295,59
295,58
295,57
295,56
295,55
295,54
295,53
295,52
295,51
295,50
295,49
295,48
295,47
295,46
295,45
295,44
295,43
295,42
295,41
295,40
295,39
295,38
295,37
295,36
295,35
295,34
295,33
295,32
295,31
295,30
295,29
295,28
295,27
295,26
295,25
295,24
295,23
295,22
295,21
295,20
295,19
296,249
296,248
296,247
296,246
296,245
296,244
296,243
296,242
296,241
296,240
296,239
296,238
296,237
296,236
296,235
296,234
296,233
296,232
296,231
296,230
296,229
296,228
296,227
296,226
296,225
296,224
296,223
296,222
296,221
296,220
296,219
296,218
296,217
296,216
296,215
296,214
296,213
296,212
296,211
296,210
296,209
296,208
296,207
296,206
296,205
296,204
296,203
296,202
296,201
296,200
296,199
296,198
296,197
296,196
296,195
296,194
296,193
296,192
296,191
296,190
296,189
296,188
296,187
296,186
296,185
296,184
296,183
296,182
296,181
296,180
296,179
296,178
296,177
296,176
296,175
296,174
296,173
296,172
296,171
296,170
296,169
296,169
296,168
296,167
296,166
296,165
296,164
296,163
296,162
296,161
296,160
296,159
296,158
296,157
296,156
296,155
296,154
296,153
296,152
296,151
296,150
296,149
296,148
296,147
296,146
296,145
296,144
296,143
296,142
296,141
296,140
296,139
296,138
296,137
296,136
296,135
296,134
296,133
296,66
296,65
296,64
296,63
296,62
296,61
296,60
296,59
296,58
296,57
296,56
296,55
296,54
296,53
296,52
296,51
296,50
296,49
296,46
296,45
296,44
296,43
296,42
296,41
296,40
296,39
296,38
296,37
296,36
296,35
296,34
296,33
296,32
296,31
296,30
296,29
296,28
296,27
296,26
296,25
296,24
296,23
296,22
296,21
296,20
296,19
296,18
297,249
297,248
297,247
297,246
297,245
297,244
297,243
297,242
297,241
297,240
297,239
297,238
297,237
297,236
297,235
297,234
297,233
297,232
297,231
297,230
297,229
297,228
297,227
297,226
297,225
297,224
297,223
297,222
297,221
297,220
297,219
297,218
297,217
297,216
297,215
297,214
297,213
297,212
297,211
297,210
297,209
297,208
297,207
297,206
297,205
297,204
297,203
297,202
297,201
297,200
297,199
297,198
297,197
297,196
297,195
297,194
297,193
297,192
297,191
297,190
297,189
297,188
297,187
297,186
297,185
297,184
297,183
297,182
297,181
297,180
297,179
297,178
297,177
297,176
297,175
297,174
297,173
297,172
297,171
297,170
297,169
297,169
297,168
297,167
297,166
297,165
297,164
297,163
297,162
297,161
297,160
297,159
297,158
297,157
297,156
297,155
297,154
297,153
297,152
297,151
297,150
297,149
297,148
297,147
297,146
297,145
297,144
297,143
297,142
297,141
297,140
297,139
297,138
297,137
297,136
297,135
297,134
297,133
297,68
297,67
297,66
297,65
297,64
297,63
297,62
297,61
297,60
297,59
297,58
297,57
297,56
297,55
297,54
297,53
297,52
297,42
297,41
297,40
297,39
297,38
297,37
297,36
297,35
297,34
297,33
297,32
297,31
297,30
297,29
297,28
297,27
297,26
297,25
297,24
297,23
297,22
297,21
297,20
297,19
297,18
297,17
297,16
298,249
298,248
298,247
298,246
298,245
298,244
298,243
298,242
298,241
298,240
298,239
298,238
298,237
298,236
298,235
298,234
298,233
298,232
298,231
298,230
298,229
298,228
298,227
298,226
298,225
298,224
298,223
298,222
298,221
298,220
298,219
298,218
298,217
298,216
298,215
298,214
298,213
298,212
298,211
298,210
298,209
298,208
298,207
298,206
298,205
298,204
298,203
298,202
298,201
298,200
298,199
298,198
298,197
298,196
298,195
298,194
298,193
298,192
298,191
298,190
298,189
298,188
298,187
298,186
298,185
298,184
298,183
298,182
298,181
298,180
298,179
298,178
298,177
298,176
298,175
298,174
298,173
298,172
298,171
298,170
298,169
298,169
298,168
298,167
298,166
298,165
298,164
298,163
298,162
298,161
298,160
298,159
298,158
298,157
298,156
298,155
298,154
298,153
298,152
298,151
298,150
298,149
298,148
298,147
298,146
298,145
298,144
298,143
298,142
298,141
298,140
298,139
298,138
298,137
298,136
298,135
298,134
298,133
298,68
298,67
298,66
298,65
298,64
298,63
298,62
298,61
298,60
298,59
298,58
298,57
298,56
298,55
298,54
298,53
298,39
298,38
298,37
298,36
298,35
298,34
298,33
298,32
298,31
298,30
298,29
298,28
298,27
298,26
298,25
298,24
298,23
298,22
298,21
298,20
298,19
298,18
298,17
298,16
298,15
299,250
299,249
299,248
299,247
299,246
299,245
299,244
299,243
299,242
299,241
299,240
299,239
299,238
299,237
299,236
299,235
299,234
299,233
299,232
299,231
299,230
299,229
299,228
299,227
299,226
299,225
299,224
299,223
299,222
299,221
299,220
299,219
299,218
299,217
299,216
299,215
299,214
299,213
299,212
299,211
299,210
299,209
299,208
299,207
299,206
299,205
299,204
299,203
299,202
299,201
299,200
299,199
299,198
299,197
299,196
299,195
299,194
299,193
299,192
299,191
299,190
299,189
299,188
299,187
299,186
299,185
299,184
299,183
299,182
299,181
299,180
299,179
299,178
299,177
299,176
299,175
299,174
299,173
299,172
299,171
299,170
299,169
299,169
299,168
299,167
299,166
299,165
299,164
299,163
299,162
299,161
299,160
299,159
299,158
299,157
299,156
299,155
299,154
299,153
299,152
299,151
299,150
299,149
299,148
299,147
299,146
299,145
299,144
299,143
299,142
299,141
299,140
299,139
299,138
299,137
299,136
299,135
299,134
299,133
299,132
299,68
299,67
299,66
299,65
299,64
299,63
299,62
299,61
299,60
299,59
299,58
299,57
299,56
299,55
299,54
299,38
299,37
299,36
299,35
299,34
299,33
299,32
299,31
299,30
299,29
299,28
299,27
299,26
299,25
299,24
299,23
299,22
299,21
299,20
299,19
299,18
299,17
299,16
299,15
300,250
300,249
300,248
300,247
300,246
300,245
300,244
300,243
300,242
300,241
300,240
300,239
300,238
300,237
300,236
300,235
300,234
300,233
300,232
300,231
300,230
300,229
300,228
300,227
300,226
300,225
300,224
300,223
300,222
300,221
300,220
300,219
300,218
300,217
300,216
300,215
300,214
300,213
300,212
300,211
300,210
300,209
300,208
300,207
300,206
300,205
300,204
300,203
300,202
300,201
300,200
300,199
300,198
300,197
300,196
300,195
300,194
300,193
300,192
300,191
300,190
300,189
300,188
300,187
300,186
300,185
300,184
300,183
300,182
300,181
300,180
300,179
300,178
300,177
300,176
300,175
300,174
300,173
300,172
300,171
300,170
300,169
300,169
300,168
300,167
300,166
300,165
300,164
300,163
300,162
300,161
300,160
300,159
300,158
300,157
300,156
300,155
300,154
300,153
300,152
300,151
300,150
300,149
300,148
300,147
300,146
300,145
300,144
300,143
300,142
300,141
300,140
300,139
300,138
300,137
300,136
300,135
300,134
300,133
300,132
300,131
300,68
300,67
300,66
300,65
300,64
300,63
300,62
300,61
300,60
300,59
300,58
300,57
300,56
300,36
300,35
300,34
300,33
300,32
300,31
300,30
300,29
300,28
300,27
300,26
300,25
300,24
300,23
300,22
300,21
300,20
300,19
300,18
300,17
300,16
300,15
300,14
301,250
301,249
301,248
301,247
301,246
301,245
301,244
301,243
301,242
301,241
301,240
301,239
301,238
301,237
301,236
301,235
301,234
301,233
301,232
301,231
301,230
301,229
301,228
301,227
301,226
301,225
301,224
301,223
301,222
301,221
301,220
301,219
301,218
301,217
301,216
301,215
301,214
301,213
301,212
301,211
301,210
301,209
301,208
301,207
301,206
301,205
301,204
301,203
301,202
301,201
301,200
301,199
301,198
301,197
301,196
301,195
301,194
301,193
301,192
301,191
301,190
301,189
301,188
301,187
301,186
301,185
301,184
301,183
301,182
301,181
301,180
301,179
301,178
301,177
301,176
301,175
301,174
301,173
301,172
301,171
301,170
301,169
301,169
301,168
301,167
301,166
301,165
301,164
301,163
301,162
301,161
301,160
301,159
301,158
301,157
301,156
301,155
301,154
301,153
301,152
301,151
301,150
301,149
301,148
301,147
301,146
301,145
301,144
301,143
301,142
301,141
301,140
301,139
301,138
301,137
301,136
301,135
301,134
301,133
301,132
301,131
301,68
301,67
301,66
301,65
301,64
301,63
301,62
301,61
301,60
301,59
301,58
301,57
301,35
301,34
301,33
301,32
301,31
301,30
301,29
301,28
301,27
301,26
301,25
301,24
301,23
301,22
301,21
301,20
301,19
301,18
301,17
301,16
301,15
301,14
301,13
302,251
302,250
302,249
302,248
302,247
302,246
302,245
302,244
302,243
302,242
302,241
302,240
302,239
302,238
302,237
302,236
302,235
302,234
302,233
302,232
302,231
302,230
302,229
302,228
302,227
302,226
302,225
302,224
302,223
302,222
302,221
302,220
302,219
302,218
302,217
302,216
302,215
302,214
302,213
302,212
302,211
302,210
302,209
302,208
302,207
302,206
302,205
302,204
302,203
302,202
302,201
302,200
302,199
302,198
302,197
302,196
302,195
302,194
302,193
302,192
302,191
302,190
302,189
302,188
302,187
302,186
302,185
302,184
302,183
302,182
302,181
302,180
302,179
302,178
302,177
302,176
302,175
302,174
302,173
302,172
302,171
302,170
302,169
302,169
302,168
302,167
302,166
302,165
302,164
302,163
302,162
302,161
302,160
302,159
302,158
302,157
302,156
302,155
302,154
302,153
302,152
302,151
302,150
302,149
302,148
302,147
302,146
302,145
302,144
302,143
302,142
302,141
302,140
302,139
302,138
302,137
302,136
302,135
302,134
302,133
302,132
302,131
302,130
302,68
302,67
302,66
302,65
302,64
302,63
302,62
302,61
302,60
302,59
302,33
302,32
302,31
302,30
302,29
302,28
302,27
302,26
302,25
302,24
302,23
302,22
302,21
302,20
302,19
302,18
302,17
302,16
302,15
302,14
302,13
303,251
303,250
303,249
303,248
303,247
303,246
303,245
303,244
303,243
303,242
303,241
303,240
303,239
303,238
303,237
303,236
303,235
303,234
303,233
303,232
303,231
303,230
303,229
303,228
303,227
303,226
303,225
303,224
303,223
303,222
303,221
303,220
303,219
303,218
303,217
303,216
303,215
303,214
303,213
303,212
303,211
303,210
303,209
303,208
303,207
303,206
303,205
303,204
303,203
303,202
303,201
303,200
303,199
303,198
303,197
303,196
303,195
303,194
303,193
303,192
303,191
303,190
303,189
303,188
303,187
303,186
303,185
303,184
303,183
303,182
303,181
303,180
303,179
303,178
303,177
303,176
303,175
303,174
303,173
303,172
303,171
303,170
303,169
303,169
303,168
303,167
303,166
303,165
303,164
303,163
303,162
303,161
303,160
303,159
303,158
303,157
303,156
303,155
303,154
303,153
303,152
303,151
303,150
303,149
303,148
303,147
303,146
303,145
303,144
303,143
303,142
303,141
303,140
303,139
303,138
303,137
303,136
303,135
303,134
303,133
303,132
303,131
303,130
303,129
303,69
303,68
303,67
303,66
303,65
303,64
303,63
303,62
303,61
303,32
303,31
303,30
303,29
303,28
303,27
303,26
303,25
303,24
303,23
303,22
303,21
303,20
303,19
303,18
303,17
303,16
303,15
303,14
303,13
303,12
304,251
304,250
304,249
304,248
304,247
304,246
304,245
304,244
304,243
304,242
304,241
304,240
304,239
304,238
304,237
304,236
304,235
304,234
304,233
304,232
304,231
304,230
304,229
304,228
304,227
304,226
304,225
304,224
304,223
304,222
304,221
304,220
304,219
304,218
304,217
304,216
304,215
304,214
304,213
304,212
304,211
304,210
304,209
304,208
304,207
304,206
304,205
304,204
304,203
304,202
304,201
304,200
304,199
304,198
304,197
304,196
304,195
304,194
304,193
304,192
304,191
304,190
304,189
304,188
304,187
304,186
304,185
304,184
304,183
304,182
304,181
304,180
304,179
304,178
304,177
304,176
304,175
304,174
304,173
304,172
304,171
304,170
304,169
304,169
304,168
304,167
304,166
304,165
304,164
304,163
304,162
304,161
304,160
304,159
304,158
304,157
304,156
304,155
304,154
304,153
304,152
304,151
304,150
304,149
304,148
304,147
304,146
304,145
304,144
304,143
304,142
304,141
304,140
304,139
304,138
304,137
304,136
304,135
304,134
304,133
304,132
304,131
304,130
304,129
304,68
304,67
304,66
304,65
304,64
304,63
304,62
304,31
304,30
304,29
304,28
304,27
304,26
304,25
304,24
304,23
304,22
304,21
304,20
304,19
304,18
304,17
304,16
304,15
304,14
304,13
304,12
305,252
305,251
305,250
305,249
305,248
305,247
305,246
305,245
305,244
305,243
305,242
305,241
305,240
305,239
305,238
305,237
305,236
305,235
305,234
305,233
305,232
305,231
305,230
305,229
305,228
305,227
305,226
305,225
305,224
305,223
305,222
305,221
305,220
305,219
305,218
305,217
305,216
305,215
305,214
305,213
305,212
305,211
305,210
305,209
305,208
305,207
305,206
305,205
305,204
305,203
305,202
305,201
305,200
305,199
305,198
305,197
305,196
305,195
305,194
305,193
305,192
305,191
305,190
305,189
305,188
305,187
305,186
305,185
305,184
305,183
305,182
305,181
305,180
305,179
305,178
305,177
305,176
305,175
305,174
305,173
305,172
305,171
305,170
305,169
305,169
305,168
305,167
305,166
305,165
305,164
305,163
305,162
305,161
305,160
305,159
305,158
305,157
305,156
305,155
305,154
305,153
305,152
305,151
305,150
305,149
305,148
305,147
305,146
305,145
305,144
305,143
305,142
305,141
305,140
305,139
305,138
305,137
305,136
305,135
305,134
305,133
305,132
305,131
305,130
305,129
305,128
305,68
305,67
305,66
305,65
305,64
305,30
305,29
305,28
305,27
305,26
305,25
305,24
305,23
305,22
305,21
305,20
305,19
305,18
305,17
305,16
305,15
305,14
305,13
305,12
305,11
306,252
306,251
306,250
306,249
306,248
306,247
306,246
306,245
306,244
306,243
306,242
306,241
306,240
306,239
306,238
306,237
306,236
306,235
306,234
306,233
306,232
306,231
306,230
306,229
306,228
306,227
306,226
306,225
306,224
306,223
306,222
306,221
306,220
306,219
306,218
306,217
306,216
306,215
306,214
306,213
306,212
306,211
306,210
306,209
306,208
306,207
306,206
306,205
306,204
306,203
306,202
306,201
306,200
306,199
306,198
306,197
306,196
306,195
306,194
306,193
306,192
306,191
306,190
306,189
306,188
306,187
306,186
306,185
306,184
306,183
306,182
306,181
306,180
306,179
306,178
306,177
306,176
306,175
306,174
306,173
306,172
306,171
306,170
306,169
306,169
306,168
306,167
306,166
306,165
306,164
306,163
306,162
306,161
306,160
306,159
306,158
306,157
306,156
306,155
306,154
306,153
306,152
306,151
306,150
306,149
306,148
306,147
306,146
306,145
306,144
306,143
306,142
306,141
306,140
306,139
306,138
306,137
306,136
306,135
306,134
306,133
306,132
306,131
306,130
306,129
306,128
306,127
306,67
306,66
306,65
306,30
306,29
306,28
306,27
306,26
306,25
306,24
306,23
306,22
306,21
306,20
306,19
306,18
306,17
306,16
306,15
306,14
306,13
306,12
306,11
307,252
307,251
307,250
307,249
307,248
307,247
307,246
307,245
307,244
307,243
307,242
307,241
307,240
307,239
307,238
307,237
307,236
307,235
307,234
307,233
307,232
307,231
307,230
307,229
307,228
307,227
307,226
307,225
307,224
307,223
307,222
307,221
307,220
307,219
307,218
307,217
307,216
307,215
307,214
307,213
307,212
307,211
307,210
307,209
307,208
307,207
307,206
307,205
307,204
307,203
307,202
307,201
307,200
307,199
307,198
307,197
307,196
307,195
307,194
307,193
307,192
307,191
307,190
307,189
307,188
307,187
307,186
307,185
307,184
307,183
307,182
307,181
307,180
307,179
307,178
307,177
307,176
307,175
307,174
307,173
307,172
307,171
307,170
307,169
307,169
307,168
307,167
307,166
307,165
307,164
307,163
307,162
307,161
307,160
307,159
307,158
307,157
307,156
307,155
307,154
307,153
307,152
307,151
307,150
307,149
307,148
307,147
307,146
307,145
307,144
307,143
307,142
307,141
307,140
307,139
307,138
307,137
307,136
307,135
307,134
307,133
307,132
307,131
307,130
307,129
307,128
307,127
307,29
307,28
307,27
307,26
307,25
307,24
307,23
307,22
307,21
307,20
307,19
307,18
307,17
307,16
307,15
307,14
307,13
307,12
307,11
308,252
308,251
308,250
308,249
308,248
308,247
308,246
308,245
308,244
308,243
308,242
308,241
308,240
308,239
308,238
308,237
308,236
308,235
308,234
308,233
308,232
308,231
308,230
308,229
308,228
308,227
308,226
308,225
308,224
308,223
308,222
308,221
308,220
308,219
308,218
308,217
308,216
308,215
308,214
308,213
308,212
308,211
308,210
308,209
308,208
308,207
308,206
308,205
308,204
308,203
308,202
308,201
308,200
308,199
308,198
308,197
308,196
308,195
308,194
308,193
308,192
308,191
308,190
308,189
308,188
308,187
308,186
308,185
308,184
308,183
308,182
308,181
308,180
308,179
308,178
308,177
308,176
308,175
308,174
308,173
308,172
308,171
308,170
308,169
308,169
308,168
308,167
308,166
308,165
308,164
308,163
308,162
308,161
308,160
308,159
308,158
308,157
308,156
308,155
308,154
308,153
308,152
308,151
308,150
308,149
308,148
308,147
308,146
308,145
308,144
308,143
308,142
308,141
308,140
308,139
308,138
308,137
308,136
308,135
308,134
308,133
308,132
308,131
308,130
308,129
308,128
308,127
308,126
308,28
308,27
308,26
308,25
308,24
308,23
308,22
308,21
308,20
308,19
308,18
308,17
308,16
308,15
308,14
308,13
308,12
308,11
308,10
309,253
309,252
309,251
309,250
309,249
309,248
309,247
309,246
309,245
309,244
309,243
309,242
309,241
309,240
309,239
309,238
309,237
309,236
309,235
309,234
309,233
309,232
309,231
309,230
309,229
309,228
309,227
309,226
309,225
309,224
309,223
309,222
309,221
309,220
309,219
309,218
309,217
309,216
309,215
309,214
309,213
309,212
309,211
309,210
309,209
309,208
309,207
309,206
309,205
309,204
309,203
309,202
309,201
309,200
309,199
309,198
309,197
309,196
309,195
309,194
309,193
309,192
309,191
309,190
309,189
309,188
309,187
309,186
309,185
309,184
309,183
309,182
309,181
309,180
309,179
309,178
309,177
309,176
309,175
309,174
309,173
309,172
309,171
309,170
309,169
309,169
309,168
309,167
309,166
309,165
309,164
309,163
309,162
309,161
309,160
309,159
309,158
309,157
309,156
309,155
309,154
309,153
309,152
309,151
309,150
309,149
309,148
309,147
309,146
309,145
309,144
309,143
309,142
309,141
309,140
309,139
309,138
309,137
309,136
309,135
309,134
309,133
309,132
309,131
309,130
309,129
309,128
309,127
309,126
309,28
309,27
309,26
309,25
309,24
309,23
309,22
309,21
309,20
309,19
309,18
309,17
309,16
309,15
309,14
309,13
309,12
309,11
309,10
310,253
310,252
310,251
310,250
310,249
310,248
310,247
310,246
310,245
310,244
310,243
310,242
310,241
310,240
310,239
310,238
310,237
310,236
310,235
310,234
310,233
310,232
310,231
310,230
310,229
310,228
310,227
310,226
310,225
310,224
310,223
310,222
310,221
310,220
310,219
310,218
310,217
310,216
310,215
310,214
310,213
310,212
310,211
310,210
310,209
310,208
310,207
310,206
310,205
310,204
310,203
310,202
310,201
310,200
310,199
310,198
310,197
310,196
310,195
310,194
310,193
310,192
310,191
310,190
310,189
310,188
310,187
310,186
310,185
310,184
310,183
310,182
310,181
310,180
310,179
310,178
310,177
310,176
310,175
310,174
310,173
310,172
310,171
310,170
310,169
310,169
310,168
310,167
310,166
310,165
310,164
310,163
310,162
310,161
310,160
310,159
310,158
310,157
310,156
310,155
310,154
310,153
310,152
310,151
310,150
310,149
310,148
310,147
310,146
310,145
310,144
310,143
310,142
310,141
310,140
310,139
310,138
310,137
310,136
310,135
310,134
310,133
310,132
310,131
310,130
310,129
310,128
310,127
310,126
310,125
310,27
310,26
310,25
310,24
310,23
310,22
310,21
310,20
310,19
310,18
310,17
310,16
310,15
310,14
310,13
310,12
310,11
310,10
311,252
311,251
311,250
311,249
311,248
311,247
311,246
311,245
311,244
311,243
311,242
311,241
311,240
311,239
311,238
311,237
311,236
311,235
311,234
311,233
311,232
311,231
311,230
311,229
311,228
311,227
311,226
311,225
311,224
311,223
311,222
311,221
311,220
311,219
311,218
311,217
311,216
311,215
311,214
311,213
311,212
311,211
311,210
311,209
311,208
311,207
311,206
311,205
311,204
311,203
311,202
311,201
311,200
311,199
311,198
311,197
311,196
311,195
311,194
311,193
311,192
311,191
311,190
311,189
311,188
311,187
311,186
311,185
311,184
311,183
311,182
311,181
311,180
311,179
311,178
311,177
311,176
311,175
311,174
311,173
311,172
311,171
311,170
311,169
311,169
311,168
311,167
311,166
311,165
311,164
311,163
311,162
311,161
311,160
311,159
311,158
311,157
311,156
311,155
311,154
311,153
311,152
311,151
311,150
311,149
311,148
311,147
311,146
311,145
311,144
311,143
311,142
311,141
311,140
311,139
311,138
311,137
311,136
311,135
311,134
311,133
311,132
311,131
311,130
311,129
311,128
311,127
311,126
311,125
311,27
311,26
311,25
311,24
311,23
311,22
311,21
311,20
311,19
311,18
311,17
311,16
311,15
311,14
311,13
311,12
311,11
311,10
312,252
312,251
312,250
312,249
312,248
312,247
312,246
312,245
312,244
312,243
312,242
312,241
312,240
312,239
312,238
312,237
312,236
312,235
312,234
312,233
312,232
312,231
312,230
312,229
312,228
312,227
312,226
312,225
312,224
312,223
312,222
312,221
312,220
312,219
312,218
312,217
312,216
312,215
312,214
312,213
312,212
312,211
312,210
312,209
312,208
312,207
312,206
312,205
312,204
312,203
312,202
312,201
312,200
312,199
312,198
312,197
312,196
312,195
312,194
312,193
312,192
312,191
312,190
312,189
312,188
312,187
312,186
312,185
312,184
312,183
312,182
312,181
312,180
312,179
312,178
312,177
312,176
312,175
312,174
312,173
312,172
312,171
312,170
312,169
312,169
312,168
312,167
312,166
312,165
312,164
312,163
312,162
312,161
312,160
312,159
312,158
312,157
312,156
312,155
312,154
312,153
312,152
312,151
312,150
312,149
312,148
312,147
312,146
312,145
312,144
312,143
312,142
312,141
312,140
312,139
312,138
312,137
312,136
312,135
312,134
312,133
312,132
312,131
312,130
312,129
312,128
312,127
312,126
312,125
312,124
312,27
312,26
312,25
312,24
312,23
312,22
312,21
312,20
312,19
312,18
312,17
312,16
312,15
312,14
312,13
312,12
312,11
312,10
312,9
313,252
313,251
313,250
313,249
313,248
313,247
313,246
313,245
313,244
313,243
313,242
313,241
313,240
313,239
313,238
313,237
313,236
313,235
313,234
313,233
313,232
313,231
313,230
313,229
313,228
313,227
313,226
313,225
313,224
313,223
313,222
313,221
313,220
313,219
313,218
313,217
313,216
313,215
313,214
313,213
313,212
313,211
313,210
313,209
313,208
313,207
313,206
313,205
313,204
313,203
313,202
313,201
313,200
313,199
313,198
313,197
313,196
313,195
313,194
313,193
313,192
313,191
313,190
313,189
313,188
313,187
313,186
313,185
313,184
313,183
313,182
313,181
313,180
313,179
313,178
313,177
313,176
313,175
313,174
313,173
313,172
313,171
313,170
313,169
313,169
313,168
313,167
313,166
313,165
313,164
313,163
313,162
313,161
313,160
313,159
313,158
313,157
313,156
313,155
313,154
313,153
313,152
313,151
313,150
313,149
313,148
313,147
313,146
313,145
313,144
313,143
313,142
313,141
313,140
313,139
313,138
313,137
313,136
313,135
313,134
313,133
313,132
313,131
313,130
313,129
313,128
313,127
313,126
313,125
313,124
313,27
313,26
313,25
313,24
313,23
313,22
313,21
313,20
313,19
313,18
313,17
313,16
313,15
313,14
313,13
313,12
313,11
313,10
313,9
314,251
314,250
314,249
314,248
314,247
314,246
314,245
314,244
314,243
314,242
314,241
314,240
314,239
314,238
314,237
314,236
314,235
314,234
314,233
314,232
314,231
314,230
314,229
314,228
314,227
314,226
314,225
314,224
314,223
314,222
314,221
314,220
314,219
314,218
314,217
314,216
314,215
314,214
314,213
314,212
314,211
314,210
314,209
314,208
314,207
314,206
314,205
314,204
314,203
314,202
314,201
314,200
314,199
314,198
314,197
314,196
314,195
314,194
314,193
314,192
314,191
314,190
314,189
314,188
314,187
314,186
314,185
314,184
314,183
314,182
314,181
314,180
314,179
314,178
314,177
314,176
314,175
314,174
314,173
314,172
314,171
314,170
314,169
314,169
314,168
314,167
314,166
314,165
314,164
314,163
314,162
314,161
314,160
314,159
314,158
314,157
314,156
314,155
314,154
314,153
314,152
314,151
314,150
314,149
314,148
314,147
314,146
314,145
314,144
314,143
314,142
314,141
314,140
314,139
314,138
314,137
314,136
314,135
314,134
314,133
314,132
314,131
314,130
314,129
314,128
314,127
314,126
314,125
314,124
314,123
314,27
314,26
314,25
314,24
314,23
314,22
314,21
314,20
314,19
314,18
314,17
314,16
314,15
314,14
314,13
314,12
314,11
314,10
314,9
315,251
315,250
315,249
315,248
315,247
315,246
315,245
315,244
315,243
315,242
315,241
315,240
315,239
315,238
315,237
315,236
315,235
315,234
315,233
315,232
315,231
315,230
315,229
315,228
315,227
315,226
315,225
315,224
315,223
315,222
315,221
315,220
315,219
315,218
315,217
315,216
315,215
315,214
315,213
315,212
315,211
315,210
315,209
315,208
315,207
315,206
315,205
315,204
315,203
315,202
315,201
315,200
315,199
315,198
315,197
315,196
315,195
315,194
315,193
315,192
315,191
315,190
315,189
315,188
315,187
315,186
315,185
315,184
315,183
315,182
315,181
315,180
315,179
315,178
315,177
315,176
315,175
315,174
315,173
315,172
315,171
315,170
315,169
315,169
315,168
315,167
315,166
315,165
315,164
315,163
315,162
315,161
315,160
315,159
315,158
315,157
315,156
315,155
315,154
315,153
315,152
315,151
315,150
315,149
315,148
315,147
315,146
315,145
315,144
315,143
315,142
315,141
315,140
315,139
315,138
315,137
315,136
315,135
315,134
315,133
315,132
315,131
315,130
315,129
315,128
315,127
315,126
315,125
315,124
315,123
315,26
315,25
315,24
315,23
315,22
315,21
315,20
315,19
315,18
315,17
315,16
315,15
315,14
315,13
315,12
315,11
315,10
315,9
315,8
316,250
316,249
316,248
316,247
316,246
316,245
316,244
316,243
316,242
316,241
316,240
316,239
316,238
316,237
316,236
316,235
316,234
316,233
316,232
316,231
316,230
316,229
316,228
316,227
316,226
316,225
316,224
316,223
316,222
316,221
316,220
316,219
316,218
316,217
316,216
316,215
316,214
316,213
316,212
316,211
316,210
316,209
316,208
316,207
316,206
316,205
316,204
316,203
316,202
316,201
316,200
316,199
316,198
316,197
316,196
316,195
316,194
316,193
316,192
316,191
316,190
316,189
316,188
316,187
316,186
316,185
316,184
316,183
316,182
316,181
316,180
316,179
316,178
316,177
316,176
316,175
316,174
316,173
316,172
316,171
316,170
316,169
316,169
316,168
316,167
316,166
316,165
316,164
316,163
316,162
316,161
316,160
316,159
316,158
316,157
316,156
316,155
316,154
316,153
316,152
316,151
316,150
316,149
316,148
316,147
316,146
316,145
316,144
316,143
316,142
316,141
316,140
316,139
316,138
316,137
316,136
316,135
316,134
316,133
316,132
316,131
316,130
316,129
316,128
316,127
316,126
316,125
316,124
316,123
316,26
316,25
316,24
316,23
316,22
316,21
316,20
316,19
316,18
316,17
316,16
316,15
316,14
316,13
316,12
316,11
316,10
316,9
316,8
317,250
317,249
317,248
317,247
317,246
317,245
317,244
317,243
317,242
317,241
317,240
317,239
317,238
317,237
317,236
317,235
317,234
317,233
317,232
317,231
317,230
317,229
317,228
317,227
317,226
317,225
317,224
317,223
317,222
317,221
317,220
317,219
317,218
317,217
317,216
317,215
317,214
317,213
317,212
317,211
317,210
317,209
317,208
317,207
317,206
317,205
317,204
317,203
317,202
317,201
317,200
317,199
317,198
317,197
317,196
317,195
317,194
317,193
317,192
317,191
317,190
317,189
317,188
317,187
317,186
317,185
317,184
317,183
317,182
317,181
317,180
317,179
317,178
317,177
317,176
317,175
317,174
317,173
317,172
317,171
317,170
317,169
317,169
317,168
317,167
317,166
317,165
317,164
317,163
317,162
317,161
317,160
317,159
317,158
317,157
317,156
317,155
317,154
317,153
317,152
317,151
317,150
317,149
317,148
317,147
317,146
317,145
317,144
317,143
317,142
317,141
317,140
317,139
317,138
317,137
317,136
317,135
317,134
317,133
317,132
317,131
317,130
317,129
317,128
317,127
317,126
317,125
317,124
317,123
317,122
317,26
317,25
317,24
317,23
317,22
317,21
317,20
317,19
317,18
317,17
317,16
317,15
317,14
317,13
317,12
317,11
317,10
317,9
317,8
318,250
318,249
318,248
318,247
318,246
318,245
318,244
318,243
318,242
318,241
318,240
318,239
318,238
318,237
318,236
318,235
318,234
318,233
318,232
318,231
318,230
318,229
318,228
318,227
318,226
318,225
318,224
318,223
318,222
318,221
318,220
318,219
318,218
318,217
318,216
318,215
318,214
318,213
318,212
318,211
318,210
318,209
318,208
318,207
318,206
318,205
318,204
318,203
318,202
318,201
318,200
318,199
318,198
318,197
318,196
318,195
318,194
318,193
318,192
318,191
318,190
318,189
318,188
318,187
318,186
318,185
318,184
318,183
318,182
318,181
318,180
318,179
318,178
318,177
318,176
318,175
318,174
318,173
318,172
318,171
318,170
318,169
318,169
318,168
318,167
318,166
318,165
318,164
318,163
318,162
318,161
318,160
318,159
318,158
318,157
318,156
318,155
318,154
318,153
318,152
318,151
318,150
318,149
318,148
318,147
318,146
318,145
318,144
318,143
318,142
318,141
318,140
318,139
318,138
318,137
318,136
318,135
318,134
318,133
318,132
318,131
318,130
318,129
318,128
318,127
318,126
318,125
318,124
318,123
318,122
318,26
318,25
318,24
318,23
318,22
318,21
318,20
318,19
318,18
318,17
318,16
318,15
318,14
318,13
318,12
318,11
318,10
318,9
318,8
319,249
319,248
319,247
319,246
319,245
319,244
319,243
319,242
319,241
319,240
319,239
319,238
319,237
319,236
319,235
319,234
319,233
319,232
319,231
319,230
319,229
319,228
319,227
319,226
319,225
319,224
319,223
319,222
319,221
319,220
319,219
319,218
319,217
319,216
319,215
319,214
319,213
319,212
319,211
319,210
319,209
319,208
319,207
319,206
319,205
319,204
319,203
319,202
319,201
319,200
319,199
319,198
319,197
319,196
319,195
319,194
319,193
319,192
319,191
319,190
319,189
319,188
319,187
319,186
319,185
319,184
319,183
319,182
319,181
319,180
319,179
319,178
319,177
319,176
319,175
319,174
319,173
319,172
319,171
319,170
319,169
319,169
319,168
319,167
319,166
319,165
319,164
319,163
319,162
319,161
319,160
319,159
319,158
319,157
319,156
319,155
319,154
319,153
319,152
319,151
319,150
319,149
319,148
319,147
319,146
319,145
319,144
319,143
319,142
319,141
319,140
319,139
319,138
319,137
319,136
319,135
319,134
319,133
319,132
319,131
319,130
319,129
319,128
319,127
319,126
319,125
319,124
319,123
319,122
319,121
319,26
319,25
319,24
319,23
319,22
319,21
319,20
319,19
319,18
319,17
319,16
319,15
319,14
319,13
319,12
319,11
319,10
319,9
319,8
319,7
320,249
320,248
320,247
320,246
320,245
320,244
320,243
320,242
320,241
320,240
320,239
320,238
320,237
320,236
320,235
320,234
320,233
320,232
320,231
320,230
320,229
320,228
320,227
320,226
320,225
320,224
320,223
320,222
320,221
320,220
320,219
320,218
320,217
320,216
320,215
320,214
320,213
320,212
320,211
320,210
320,209
320,208
320,207
320,206
320,205
320,204
320,203
320,202
320,201
320,200
320,199
320,198
320,197
320,196
320,195
320,194
320,193
320,192
320,191
320,190
320,189
320,188
320,187
320,186
320,185
320,184
320,183
320,182
320,181
320,180
320,179
320,178
320,177
320,176
320,175
320,174
320,173
320,172
320,171
320,170
320,169
320,169
320,168
320,167
320,166
320,165
320,164
320,163
320,162
320,161
320,160
320,159
320,158
320,157
320,156
320,155
320,154
320,153
320,152
320,151
320,150
320,149
320,148
320,147
320,146
320,145
320,144
320,143
320,142
320,141
320,140
320,139
320,138
320,137
320,136
320,135
320,134
320,133
320,132
320,131
320,130
320,129
320,128
320,127
320,126
320,125
320,124
320,123
320,122
320,121
320,77
320,27
320,26
320,25
320,24
320,23
320,22
320,21
320,20
320,19
320,18
320,17
320,16
320,15
320,14
320,13
320,12
320,11
320,10
320,9
320,8
320,7
321,248
321,247
321,246
321,245
321,244
321,243
321,242
321,241
321,240
321,239
321,238
321,237
321,236
321,235
321,234
321,233
321,232
321,231
321,230
321,229
321,228
321,227
321,226
321,225
321,224
321,223
321,222
321,221
321,220
321,219
321,218
321,217
321,216
321,215
321,214
321,213
321,212
321,211
321,210
321,209
321,208
321,207
321,206
321,205
321,204
321,203
321,202
321,201
321,200
321,199
321,198
321,197
321,196
321,195
321,194
321,193
321,192
321,191
321,190
321,189
321,188
321,187
321,186
321,185
321,184
321,183
321,182
321,181
321,180
321,179
321,178
321,177
321,176
321,175
321,174
321,173
321,172
321,171
321,170
321,169
321,169
321,168
321,167
321,166
321,165
321,164
321,163
321,162
321,161
321,160
321,159
321,158
321,157
321,156
321,155
321,154
321,153
321,152
321,151
321,150
321,149
321,148
321,147
321,146
321,145
321,144
321,143
321,142
321,141
321,140
321,139
321,138
321,137
321,136
321,135
321,134
321,133
321,132
321,131
321,130
321,129
321,128
321,127
321,126
321,125
321,124
321,123
321,122
321,121
321,120
321,78
321,77
321,76
321,27
321,26
321,25
321,24
321,23
321,22
321,21
321,20
321,19
321,18
321,17
321,16
321,15
321,14
321,13
321,12
321,11
321,10
321,9
321,8
321,7
322,248
322,247
322,246
322,245
322,244
322,243
322,242
322,241
322,240
322,239
322,238
322,237
322,236
322,235
322,234
322,233
322,232
322,231
322,230
322,229
322,228
322,227
322,226
322,225
322,224
322,223
322,222
322,221
322,220
322,219
322,218
322,217
322,216
322,215
322,214
322,213
322,212
322,211
322,210
322,209
322,208
322,207
322,206
322,205
322,204
322,203
322,202
322,201
322,200
322,199
322,198
322,197
322,196
322,195
322,194
322,193
322,192
322,191
322,190
322,189
322,188
322,187
322,186
322,185
322,184
322,183
322,182
322,181
322,180
322,179
322,178
322,177
322,176
322,175
322,174
322,173
322,172
322,171
322,170
322,169
322,169
322,168
322,167
322,166
322,165
322,164
322,163
322,162
322,161
322,160
322,159
322,158
322,157
322,156
322,155
322,154
322,153
322,152
322,151
322,150
322,149
322,148
322,147
322,146
322,145
322,144
322,143
322,142
322,141
322,140
322,139
322,138
322,137
322,136
322,135
322,134
322,133
322,132
322,131
322,130
322,129
322,128
322,127
322,126
322,125
322,124
322,123
322,122
322,121
322,120
322,78
322,77
322,76
322,75
322,27
322,26
322,25
322,24
322,23
322,22
322,21
322,20
322,19
322,18
322,17
322,16
322,15
322,14
322,13
322,12
322,11
322,10
322,9
322,8
322,7
322,6
323,248
323,247
323,246
323,245
323,244
323,243
323,242
323,241
323,240
323,239
323,238
323,237
323,236
323,235
323,234
323,233
323,232
323,231
323,230
323,229
323,228
323,227
323,226
323,225
323,224
323,223
323,222
323,221
323,220
323,219
323,218
323,217
323,216
323,215
323,214
323,213
323,212
323,211
323,210
323,209
323,208
323,207
323,206
323,205
323,204
323,203
323,202
323,201
323,200
323,199
323,198
323,197
323,196
323,195
323,194
323,193
323,192
323,191
323,190
323,189
323,188
323,187
323,186
323,185
323,184
323,183
323,182
323,181
323,180
323,179
323,178
323,177
323,176
323,175
323,174
323,173
323,172
323,171
323,170
323,169
323,169
323,168
323,167
323,166
323,165
323,164
323,163
323,162
323,161
323,160
323,159
323,158
323,157
323,156
323,155
323,154
323,153
323,152
323,151
323,150
323,149
323,148
323,147
323,146
323,145
323,144
323,143
323,142
323,141
323,140
323,139
323,138
323,137
323,136
323,135
323,134
323,133
323,132
323,131
323,130
323,129
323,128
323,127
323,126
323,125
323,124
323,123
323,122
323,121
323,120
323,79
323,78
323,77
323,76
323,75
323,27
323,26
323,25
323,24
323,23
323,22
323,21
323,20
323,19
323,18
323,17
323,16
323,15
323,14
323,13
323,12
323,11
323,10
323,9
323,8
323,7
323,6
324,247
324,246
324,245
324,244
324,243
324,242
324,241
324,240
324,239
324,238
324,237
324,236
324,235
324,234
324,233
324,232
324,231
324,230
324,229
324,228
324,227
324,226
324,225
324,224
324,223
324,222
324,221
324,220
324,219
324,218
324,217
324,216
324,215
324,214
324,213
324,212
324,211
324,210
324,209
324,208
324,207
324,206
324,205
324,204
324,203
324,202
324,201
324,200
324,199
324,198
324,197
324,196
324,195
324,194
324,193
324,192
324,191
324,190
324,189
324,188
324,187
324,186
324,185
324,184
324,183
324,182
324,181
324,180
324,179
324,178
324,177
324,176
324,175
324,174
324,173
324,172
324,171
324,170
324,169
324,169
324,168
324,167
324,166
324,165
324,164
324,163
324,162
324,161
324,160
324,159
324,158
324,157
324,156
324,155
324,154
324,153
324,152
324,151
324,150
324,149
324,148
324,147
324,146
324,145
324,144
324,143
324,142
324,141
324,140
324,139
324,138
324,137
324,136
324,135
324,134
324,133
324,132
324,131
324,130
324,129
324,128
324,127
324,126
324,125
324,124
324,123
324,122
324,121
324,120
324,119
324,80
324,79
324,78
324,77
324,76
324,75
324,28
324,27
324,26
324,25
324,24
324,23
324,22
324,21
324,20
324,19
324,18
324,17
324,16
324,15
324,14
324,13
324,12
324,11
324,10
324,9
324,8
324,7
324,6
325,247
325,246
325,245
325,244
325,243
325,242
325,241
325,240
325,239
325,238
325,237
325,236
325,235
325,234
325,233
325,232
325,231
325,230
325,229
325,228
325,227
325,226
325,225
325,224
325,223
325,222
325,221
325,220
325,219
325,218
325,217
325,216
325,215
325,214
325,213
325,212
325,211
325,210
325,209
325,208
325,207
325,206
325,205
325,204
325,203
325,202
325,201
325,200
325,199
325,198
325,197
325,196
325,195
325,194
325,193
325,192
325,191
325,190
325,189
325,188
325,187
325,186
325,185
325,184
325,183
325,182
325,181
325,180
325,179
325,178
325,177
325,176
325,175
325,174
325,173
325,172
325,171
325,170
325,169
325,169
325,168
325,167
325,166
325,165
325,164
325,163
325,162
325,161
325,160
325,159
325,158
325,157
325,156
325,155
325,154
325,153
325,152
325,151
325,150
325,149
325,148
325,147
325,146
325,145
325,144
325,143
325,142
325,141
325,140
325,139
325,138
325,137
325,136
325,135
325,134
325,133
325,132
325,131
325,130
325,129
325,128
325,127
325,126
325,125
325,124
325,123
325,122
325,121
325,120
325,119
325,80
325,79
325,78
325,77
325,76
325,75
325,74
325,28
325,27
325,26
325,25
325,24
325,23
325,22
325,21
325,20
325,19
325,18
325,17
325,16
325,15
325,14
325,13
325,12
325,11
325,10
325,9
325,8
325,7
325,6
326,247
326,246
326,245
326,244
326,243
326,242
326,241
326,240
326,239
326,238
326,237
326,236
326,235
326,234
326,233
326,232
326,231
326,230
326,229
326,228
326,227
326,226
326,225
326,224
326,223
326,222
326,221
326,220
326,219
326,218
326,217
326,216
326,215
326,214
326,213
326,212
326,211
326,210
326,209
326,208
326,207
326,206
326,205
326,204
326,203
326,202
326,201
326,200
326,199
326,198
326,197
326,196
326,195
326,194
326,193
326,192
326,191
326,190
326,189
326,188
326,187
326,186
326,185
326,184
326,183
326,182
326,181
326,180
326,179
326,178
326,177
326,176
326,175
326,174
326,173
326,172
326,171
326,170
326,169
326,169
326,168
326,167
326,166
326,165
326,164
326,163
326,162
326,161
326,160
326,159
326,158
326,157
326,156
326,155
326,154
326,153
326,152
326,151
326,150
326,149
326,148
326,147
326,146
326,145
326,144
326,143
326,142
326,141
326,140
326,139
326,138
326,137
326,136
326,135
326,134
326,133
326,132
326,131
326,130
326,129
326,128
326,127
326,126
326,125
326,124
326,123
326,122
326,121
326,120
326,119
326,80
326,79
326,78
326,77
326,76
326,75
326,74
326,28
326,27
326,26
326,25
326,24
326,23
326,22
326,21
326,20
326,19
326,18
326,17
326,16
326,15
326,14
326,13
326,12
326,11
326,10
326,9
326,8
326,7
326,6
326,5
327,246
327,245
327,244
327,243
327,242
327,241
327,240
327,239
327,238
327,237
327,236
327,235
327,234
327,233
327,232
327,231
327,230
327,229
327,228
327,227
327,226
327,225
327,224
327,223
327,222
327,221
327,220
327,219
327,218
327,217
327,216
327,215
327,214
327,213
327,212
327,211
327,210
327,209
327,208
327,207
327,206
327,205
327,204
327,203
327,202
327,201
327,200
327,199
327,198
327,197
327,196
327,195
327,194
327,193
327,192
327,191
327,190
327,189
327,188
327,187
327,186
327,185
327,184
327,183
327,182
327,181
327,180
327,179
327,178
327,177
327,176
327,175
327,174
327,173
327,172
327,171
327,170
327,169
327,169
327,168
327,167
327,166
327,165
327,164
327,163
327,162
327,161
327,160
327,159
327,158
327,157
327,156
327,155
327,154
327,153
327,152
327,151
327,150
327,149
327,148
327,147
327,146
327,145
327,144
327,143
327,142
327,141
327,140
327,139
327,138
327,137
327,136
327,135
327,134
327,133
327,132
327,131
327,130
327,129
327,128
327,127
327,126
327,125
327,124
327,123
327,122
327,121
327,120
327,119
327,118
327,80
327,79
327,78
327,77
327,76
327,75
327,74
327,29
327,28
327,27
327,26
327,25
327,24
327,23
327,22
327,21
327,20
327,19
327,18
327,17
327,16
327,15
327,14
327,13
327,12
327,11
327,10
327,9
327,8
327,7
327,6
327,5
328,246
328,245
328,244
328,243
328,242
328,241
328,240
328,239
328,238
328,237
328,236
328,235
328,234
328,233
328,232
328,231
328,230
328,229
328,228
328,227
328,226
328,225
328,224
328,223
328,222
328,221
328,220
328,219
328,218
328,217
328,216
328,215
328,214
328,213
328,212
328,211
328,210
328,209
328,208
328,207
328,206
328,205
328,204
328,203
328,202
328,201
328,200
328,199
328,198
328,197
328,196
328,195
328,194
328,193
328,192
328,191
328,190
328,189
328,188
328,187
328,186
328,185
328,184
328,183
328,182
328,181
328,180
328,179
328,178
328,177
328,176
328,175
328,174
328,173
328,172
328,171
328,170
328,169
328,169
328,168
328,167
328,166
328,165
328,164
328,163
328,162
328,161
328,160
328,159
328,158
328,157
328,156
328,155
328,154
328,153
328,152
328,151
328,150
328,149
328,148
328,147
328,146
328,145
328,144
328,143
328,142
328,141
328,140
328,139
328,138
328,137
328,136
328,135
328,134
328,133
328,132
328,131
328,130
328,129
328,128
328,127
328,126
328,125
328,124
328,123
328,122
328,121
328,120
328,119
328,118
328,79
328,78
328,77
328,76
328,75
328,74
328,73
328,29
328,28
328,27
328,26
328,25
328,24
328,23
328,22
328,21
328,20
328,19
328,18
328,17
328,16
328,15
328,14
328,13
328,12
328,11
328,10
328,9
328,8
328,7
328,6
328,5
329,245
329,244
329,241
329,240
329,239
329,238
329,237
329,236
329,235
329,234
329,233
329,232
329,231
329,230
329,229
329,228
329,227
329,226
329,225
329,224
329,223
329,222
329,221
329,220
329,219
329,218
329,217
329,216
329,215
329,214
329,213
329,212
329,211
329,210
329,209
329,208
329,207
329,206
329,205
329,204
329,203
329,202
329,201
329,200
329,199
329,198
329,197
329,196
329,195
329,194
329,193
329,192
329,191
329,190
329,189
329,188
329,187
329,186
329,185
329,184
329,183
329,182
329,181
329,180
329,179
329,178
329,177
329,176
329,175
329,174
329,173
329,172
329,171
329,170
329,169
329,169
329,168
329,167
329,166
329,165
329,164
329,163
329,162
329,161
329,160
329,159
329,158
329,157
329,156
329,155
329,154
329,153
329,152
329,151
329,150
329,149
329,148
329,147
329,146
329,145
329,144
329,143
329,142
329,141
329,140
329,139
329,138
329,137
329,136
329,135
329,134
329,133
329,132
329,131
329,130
329,129
329,128
329,127
329,126
329,125
329,124
329,123
329,122
329,121
329,120
329,119
329,118
329,79
329,78
329,77
329,76
329,75
329,74
329,73
329,29
329,28
329,27
329,26
329,25
329,24
329,23
329,22
329,21
329,20
329,19
329,18
329,17
329,16
329,15
329,14
329,13
329,12
329,11
329,10
329,9
329,8
329,7
329,6
329,5
330,241
330,240
330,239
330,238
330,237
330,236
330,235
330,234
330,233
330,232
330,231
330,230
330,229
330,228
330,227
330,226
330,225
330,224
330,223
330,222
330,221
330,220
330,219
330,218
330,217
330,216
330,215
330,214
330,213
330,212
330,211
330,210
330,209
330,208
330,207
330,206
330,205
330,204
330,203
330,202
330,201
330,200
330,199
330,198
330,197
330,196
330,195
330,194
330,193
330,192
330,191
330,190
330,189
330,188
330,187
330,186
330,185
330,184
330,183
330,182
330,181
330,180
330,179
330,178
330,177
330,176
330,175
330,174
330,173
330,172
330,171
330,170
330,169
330,169
330,168
330,167
330,166
330,165
330,164
330,163
330,162
330,161
330,160
330,159
330,158
330,157
330,156
330,155
330,154
330,153
330,152
330,151
330,150
330,149
330,148
330,147
330,146
330,145
330,144
330,143
330,142
330,141
330,140
330,139
330,138
330,137
330,136
330,135
330,134
330,133
330,132
330,131
330,130
330,129
330,128
330,127
330,126
330,125
330,124
330,123
330,122
330,121
330,120
330,119
330,118
330,79
330,78
330,77
330,76
330,75
330,74
330,73
330,30
330,29
330,28
330,27
330,26
330,25
330,24
330,23
330,22
330,21
330,20
330,19
330,18
330,17
330,16
330,15
330,14
330,13
330,12
330,11
330,10
330,9
330,8
330,7
330,6
330,5
331,240
331,239
331,238
331,237
331,236
331,235
331,234
331,233
331,232
331,231
331,230
331,229
331,228
331,227
331,226
331,225
331,224
331,223
331,222
331,221
331,220
331,219
331,218
331,217
331,216
331,215
331,214
331,213
331,212
331,211
331,210
331,209
331,208
331,207
331,206
331,205
331,204
331,203
331,202
331,201
331,200
331,199
331,198
331,197
331,196
331,195
331,194
331,193
331,192
331,191
331,190
331,189
331,188
331,187
331,186
331,185
331,184
331,183
331,182
331,181
331,180
331,179
331,178
331,177
331,176
331,175
331,174
331,173
331,172
331,171
331,170
331,169
331,169
331,168
331,167
331,166
331,165
331,164
331,163
331,162
331,161
331,160
331,159
331,158
331,157
331,156
331,155
331,154
331,153
331,152
331,151
331,150
331,149
331,148
331,147
331,146
331,145
331,144
331,143
331,142
331,141
331,140
331,139
331,138
331,137
331,136
331,135
331,134
331,133
331,132
331,131
331,130
331,129
331,128
331,127
331,126
331,125
331,124
331,123
331,122
331,121
331,120
331,119
331,118
331,78
331,77
331,76
331,75
331,74
331,73
331,72
331,31
331,30
331,29
331,28
331,27
331,26
331,25
331,24
331,23
331,22
331,21
331,20
331,19
331,18
331,17
331,16
331,15
331,14
331,13
331,12
331,11
331,10
331,9
331,8
331,7
331,6
331,5
332,240
332,239
332,238
332,237
332,236
332,235
332,234
332,233
332,232
332,231
332,230
332,229
332,228
332,227
332,226
332,225
332,224
332,223
332,222
332,221
332,220
332,219
332,218
332,217
332,216
332,215
332,214
332,213
332,212
332,211
332,210
332,209
332,208
332,207
332,206
332,205
332,204
332,203
332,202
332,201
332,200
332,199
332,198
332,197
332,196
332,195
332,194
332,193
332,192
332,191
332,190
332,189
332,188
332,187
332,186
332,185
332,184
332,183
332,182
332,181
332,180
332,179
332,178
332,177
332,176
332,175
332,174
332,173
332,172
332,171
332,170
332,169
332,169
332,168
332,167
332,166
332,165
332,164
332,163
332,162
332,161
332,160
332,159
332,158
332,157
332,156
332,155
332,154
332,153
332,152
332,151
332,150
332,149
332,148
332,147
332,146
332,145
332,144
332,143
332,142
332,141
332,140
332,139
332,138
332,137
332,136
332,135
332,134
332,133
332,132
332,131
332,130
332,129
332,128
332,127
332,126
332,125
332,124
332,123
332,122
332,121
332,120
332,119
332,118
332,78
332,77
332,76
332,75
332,74
332,73
332,72
332,71
332,32
332,31
332,30
332,29
332,28
332,27
332,26
332,25
332,24
332,23
332,22
332,21
332,20
332,19
332,18
332,17
332,16
332,15
332,14
332,13
332,12
332,11
332,10
332,9
332,8
332,7
332,6
332,5
332,4
333,240
333,239
333,238
333,237
333,236
333,235
333,234
333,233
333,232
333,231
333,230
333,229
333,228
333,227
333,226
333,225
333,224
333,223
333,222
333,221
333,220
333,219
333,218
333,217
333,216
333,215
333,214
333,213
333,212
333,211
333,210
333,209
333,208
333,207
333,206
333,205
333,204
333,203
333,202
333,201
333,200
333,199
333,198
333,197
333,196
333,195
333,194
333,193
333,192
333,191
333,190
333,189
333,188
333,187
333,186
333,185
333,184
333,183
333,182
333,181
333,180
333,179
333,178
333,177
333,176
333,175
333,174
333,173
333,172
333,171
333,170
333,169
333,169
333,168
333,167
333,166
333,165
333,164
333,163
333,162
333,161
333,160
333,159
333,158
333,157
333,156
333,155
333,154
333,153
333,152
333,151
333,150
333,149
333,148
333,147
333,146
333,145
333,144
333,143
333,142
333,141
333,140
333,139
333,138
333,137
333,136
333,135
333,134
333,133
333,132
333,131
333,130
333,129
333,128
333,127
333,126
333,125
333,124
333,123
333,122
333,121
333,120
333,119
333,118
333,117
333,78
333,77
333,76
333,75
333,74
333,73
333,72
333,71
333,70
333,33
333,32
333,31
333,30
333,29
333,28
333,27
333,26
333,25
333,24
333,23
333,22
333,21
333,20
333,19
333,18
333,17
333,16
333,15
333,14
333,13
333,12
333,11
333,10
333,9
333,8
333,7
333,6
333,5
333,4
334,239
334,238
334,237
334,236
334,235
334,234
334,233
334,232
334,231
334,230
334,229
334,228
334,227
334,226
334,225
334,224
334,223
334,222
334,221
334,220
334,219
334,218
334,217
334,216
334,215
334,214
334,213
334,212
334,211
334,210
334,209
334,208
334,207
334,206
334,205
334,204
334,203
334,202
334,201
334,200
334,199
334,198
334,197
334,196
334,195
334,194
334,193
334,192
334,191
334,190
334,189
334,188
334,187
334,186
334,185
334,184
334,183
334,182
334,181
334,180
334,179
334,178
334,177
334,176
334,175
334,174
334,173
334,172
334,171
334,170
334,169
334,169
334,168
334,167
334,166
334,165
334,164
334,163
334,162
334,161
334,160
334,159
334,158
334,157
334,156
334,155
334,154
334,153
334,152
334,151
334,150
334,149
334,148
334,147
334,146
334,145
334,144
334,143
334,142
334,141
334,140
334,139
334,138
334,137
334,136
334,135
334,134
334,133
334,132
334,131
334,130
334,129
334,128
334,127
334,126
334,125
334,124
334,123
334,122
334,121
334,120
334,119
334,118
334,117
334,116
334,77
334,76
334,75
334,74
334,73
334,72
334,71
334,70
334,69
334,33
334,32
334,31
334,30
334,29
334,28
334,27
334,26
334,25
334,24
334,23
334,22
334,21
334,20
334,19
334,18
334,17
334,16
334,15
334,14
334,13
334,12
334,11
334,10
334,9
334,8
334,7
334,6
334,5
334,4
335,239
335,238
335,237
335,236
335,235
335,234
335,233
335,232
335,231
335,230
335,229
335,228
335,227
335,226
335,225
335,224
335,223
335,222
335,221
335,220
335,219
335,218
335,217
335,216
335,215
335,214
335,213
335,212
335,211
335,210
335,209
335,208
335,207
335,206
335,205
335,204
335,203
335,202
335,201
335,200
335,199
335,198
335,197
335,196
335,195
335,194
335,193
335,192
335,191
335,190
335,189
335,188
335,187
335,186
335,185
335,184
335,183
335,182
335,181
335,180
335,179
335,178
335,177
335,176
335,175
335,174
335,173
335,172
335,171
335,170
335,169
335,169
335,168
335,167
335,166
335,165
335,164
335,163
335,162
335,161
335,160
335,159
335,158
335,157
335,156
335,155
335,154
335,153
335,152
335,151
335,150
335,149
335,148
335,147
335,146
335,145
335,144
335,143
335,142
335,141
335,140
335,139
335,138
335,137
335,136
335,135
335,134
335,133
335,132
335,131
335,130
335,129
335,128
335,127
335,126
335,125
335,124
335,123
335,122
335,121
335,120
335,119
335,118
335,117
335,116
335,77
335,76
335,75
335,74
335,73
335,72
335,71
335,70
335,69
335,68
335,34
335,33
335,32
335,31
335,30
335,29
335,28
335,27
335,26
335,25
335,24
335,23
335,22
335,21
335,20
335,19
335,18
335,17
335,16
335,15
335,14
335,13
335,12
335,11
335,10
335,9
335,8
335,7
335,6
335,5
335,4
336,239
336,238
336,237
336,236
336,235
336,234
336,233
336,232
336,231
336,230
336,229
336,228
336,227
336,226
336,225
336,224
336,223
336,222
336,221
336,220
336,219
336,218
336,217
336,216
336,215
336,214
336,213
336,212
336,211
336,210
336,209
336,208
336,207
336,206
336,205
336,204
336,203
336,202
336,201
336,200
336,199
336,198
336,197
336,196
336,195
336,194
336,193
336,192
336,191
336,190
336,189
336,188
336,187
336,186
336,185
336,184
336,183
336,182
336,181
336,180
336,179
336,178
336,177
336,176
336,175
336,174
336,173
336,172
336,171
336,170
336,169
336,169
336,168
336,167
336,166
336,165
336,164
336,163
336,162
336,161
336,160
336,159
336,158
336,157
336,156
336,155
336,154
336,153
336,152
336,151
336,150
336,149
336,148
336,147
336,146
336,145
336,144
336,143
336,142
336,141
336,140
336,139
336,138
336,137
336,136
336,135
336,134
336,133
336,132
336,131
336,130
336,129
336,128
336,127
336,126
336,125
336,124
336,123
336,122
336,121
336,120
336,119
336,118
336,117
336,116
336,115
336,77
336,76
336,75
336,74
336,73
336,72
336,71
336,70
336,69
336,68
336,67
336,35
336,34
336,33
336,32
336,31
336,30
336,29
336,28
336,27
336,26
336,25
336,24
336,23
336,22
336,21
336,20
336,19
336,18
336,17
336,16
336,15
336,14
336,13
336,12
336,11
336,10
336,9
336,8
336,7
336,6
336,5
336,4
337,238
337,237
337,236
337,235
337,234
337,233
337,232
337,231
337,230
337,229
337,228
337,227
337,226
337,225
337,224
337,223
337,222
337,221
337,220
337,219
337,218
337,217
337,216
337,215
337,214
337,213
337,212
337,211
337,210
337,209
337,208
337,207
337,206
337,205
337,204
337,203
337,202
337,201
337,200
337,199
337,198
337,197
337,196
337,195
337,194
337,193
337,192
337,191
337,190
337,189
337,188
337,187
337,186
337,185
337,184
337,183
337,182
337,181
337,180
337,179
337,178
337,177
337,176
337,175
337,174
337,173
337,172
337,171
337,170
337,169
337,169
337,168
337,167
337,166
337,165
337,164
337,163
337,162
337,161
337,160
337,159
337,158
337,157
337,156
337,155
337,154
337,153
337,152
337,151
337,150
337,149
337,148
337,147
337,146
337,145
337,144
337,143
337,142
337,141
337,140
337,139
337,138
337,137
337,136
337,135
337,134
337,133
337,132
337,131
337,130
337,129
337,128
337,127
337,126
337,125
337,124
337,123
337,122
337,121
337,120
337,119
337,118
337,117
337,116
337,115
337,77
337,76
337,75
337,74
337,73
337,72
337,71
337,70
337,69
337,68
337,67
337,66
337,38
337,37
337,36
337,35
337,34
337,33
337,32
337,31
337,30
337,29
337,28
337,27
337,26
337,25
337,24
337,23
337,22
337,21
337,20
337,19
337,18
337,17
337,16
337,15
337,14
337,13
337,12
337,11
337,10
337,9
337,8
337,7
337,6
337,5
337,4
337,3
338,238
338,237
338,236
338,235
338,234
338,233
338,232
338,231
338,230
338,229
338,228
338,227
338,226
338,225
338,224
338,223
338,222
338,221
338,220
338,219
338,218
338,217
338,216
338,215
338,214
338,213
338,212
338,211
338,210
338,209
338,208
338,207
338,206
338,205
338,204
338,203
338,202
338,201
338,200
338,199
338,198
338,197
338,196
338,195
338,194
338,193
338,192
338,191
338,190
338,189
338,188
338,187
338,186
338,185
338,184
338,183
338,182
338,181
338,180
338,179
338,178
338,177
338,176
338,175
338,174
338,173
338,172
338,171
338,170
338,169
338,169
338,168
338,167
338,166
338,165
338,164
338,163
338,162
338,161
338,160
338,159
338,158
338,157
338,156
338,155
338,154
338,153
338,152
338,151
338,150
338,149
338,148
338,147
338,146
338,145
338,144
338,143
338,142
338,141
338,140
338,139
338,138
338,137
338,136
338,135
338,134
338,133
338,132
338,131
338,130
338,129
338,128
338,127
338,126
338,125
338,124
338,123
338,122
338,121
338,120
338,119
338,118
338,117
338,116
338,115
338,114
338,77
338,76
338,75
338,74
338,73
338,72
338,71
338,70
338,69
338,68
338,67
338,66
338,65
338,40
338,39
338,38
338,37
338,36
338,35
338,34
338,33
338,32
338,31
338,30
338,29
338,28
338,27
338,26
338,25
338,24
338,23
338,22
338,21
338,20
338,19
338,18
338,17
338,16
338,15
338,14
338,13
338,12
338,11
338,10
338,9
338,8
338,7
338,6
338,5
338,4
338,3
339,238
339,237
339,236
339,235
339,234
339,233
339,232
339,231
339,230
339,229
339,228
339,227
339,226
339,225
339,224
339,223
339,222
339,221
339,220
339,219
339,218
339,217
339,216
339,215
339,214
339,213
339,212
339,211
339,210
339,209
339,208
339,207
339,206
339,205
339,204
339,203
339,202
339,201
339,200
339,199
339,198
339,197
339,196
339,195
339,194
339,193
339,192
339,191
339,190
339,189
339,188
339,187
339,186
339,185
339,184
339,183
339,182
339,181
339,180
339,179
339,178
339,177
339,176
339,175
339,174
339,173
339,172
339,171
339,170
339,169
339,169
339,168
339,167
339,166
339,165
339,164
339,163
339,162
339,161
339,160
339,159
339,158
339,157
339,156
339,155
339,154
339,153
339,152
339,151
339,150
339,149
339,148
339,147
339,146
339,145
339,144
339,143
339,142
339,141
339,140
339,139
339,138
339,137
339,136
339,135
339,134
339,133
339,132
339,131
339,130
339,129
339,128
339,127
339,126
339,125
339,124
339,123
339,122
339,121
339,120
339,119
339,118
339,117
339,116
339,115
339,114
339,77
339,76
339,75
339,74
339,73
339,72
339,71
339,70
339,69
339,68
339,67
339,66
339,65
339,64
339,42
339,41
339,40
339,39
339,38
339,37
339,36
339,35
339,34
339,33
339,32
339,31
339,30
339,29
339,28
339,27
339,26
339,25
339,24
339,23
339,22
339,21
339,20
339,19
339,18
339,17
339,16
339,15
339,14
339,13
339,12
339,11
339,10
339,9
339,8
339,7
339,6
339,5
339,4
339,3
340,237
340,236
340,235
340,234
340,233
340,232
340,231
340,230
340,229
340,228
340,227
340,226
340,225
340,224
340,223
340,222
340,221
340,220
340,219
340,218
340,217
340,216
340,215
340,214
340,213
340,212
340,211
340,210
340,209
340,208
340,207
340,206
340,205
340,204
340,203
340,202
340,201
340,200
340,199
340,198
340,197
340,196
340,195
340,194
340,193
340,192
340,191
340,190
340,189
340,188
340,187
340,186
340,185
340,184
340,183
340,182
340,181
340,180
340,179
340,178
340,177
340,176
340,175
340,174
340,173
340,172
340,171
340,170
340,169
340,169
340,168
340,167
340,166
340,165
340,164
340,163
340,162
340,161
340,160
340,159
340,158
340,157
340,156
340,155
340,154
340,153
340,152
340,151
340,150
340,149
340,148
340,147
340,146
340,145
340,144
340,143
340,142
340,141
340,140
340,139
340,138
340,137
340,136
340,135
340,134
340,133
340,132
340,131
340,130
340,129
340,128
340,127
340,126
340,125
340,124
340,123
340,122
340,121
340,120
340,119
340,118
340,117
340,116
340,115
340,114
340,113
340,76
340,75
340,74
340,73
340,72
340,71
340,70
340,69
340,68
340,67
340,66
340,65
340,64
340,63
340,62
340,61
340,45
340,44
340,43
340,42
340,41
340,40
340,39
340,38
340,37
340,36
340,35
340,34
340,33
340,32
340,31
340,30
340,29
340,28
340,27
340,26
340,25
340,24
340,23
340,22
340,21
340,20
340,19
340,18
340,17
340,16
340,15
340,14
340,13
340,12
340,11
340,10
340,9
340,8
340,7
340,6
340,5
340,4
340,3
341,237
341,236
341,235
341,234
341,233
341,232
341,231
341,230
341,229
341,228
341,227
341,226
341,225
341,224
341,223
341,222
341,221
341,220
341,219
341,218
341,217
341,216
341,215
341,214
341,213
341,212
341,211
341,210
341,209
341,208
341,207
341,206
341,205
341,204
341,203
341,202
341,201
341,200
341,199
341,198
341,197
341,196
341,195
341,194
341,193
341,192
341,191
341,190
341,189
341,188
341,187
341,186
341,185
341,184
341,183
341,182
341,181
341,180
341,179
341,178
341,177
341,176
341,175
341,174
341,173
341,172
341,171
341,170
341,169
341,169
341,168
341,167
341,166
341,165
341,164
341,163
341,162
341,161
341,160
341,159
341,158
341,157
341,156
341,155
341,154
341,153
341,152
341,151
341,150
341,149
341,148
341,147
341,146
341,145
341,144
341,143
341,142
341,141
341,140
341,139
341,138
341,137
341,136
341,135
341,134
341,133
341,132
341,131
341,130
341,129
341,128
341,127
341,126
341,125
341,124
341,123
341,122
341,121
341,120
341,119
341,118
341,117
341,116
341,115
341,114
341,113
341,76
341,75
341,74
341,73
341,72
341,71
341,70
341,69
341,68
341,67
341,66
341,65
341,64
341,63
341,62
341,61
341,60
341,59
341,58
341,57
341,56
341,50
341,49
341,48
341,47
341,46
341,45
341,44
341,43
341,42
341,41
341,40
341,39
341,38
341,37
341,36
341,35
341,34
341,33
341,32
341,31
341,30
341,29
341,28
341,27
341,26
341,25
341,24
341,23
341,22
341,21
341,20
341,19
341,18
341,17
341,16
341,15
341,14
341,13
341,12
341,11
341,10
341,9
341,8
341,7
341,6
341,5
341,4
341,3
341,2
342,236
342,235
342,234
342,233
342,232
342,231
342,230
342,229
342,228
342,227
342,226
342,225
342,224
342,223
342,222
342,221
342,220
342,219
342,218
342,217
342,216
342,215
342,214
342,213
342,212
342,211
342,210
342,209
342,208
342,207
342,206
342,205
342,204
342,203
342,202
342,201
342,200
342,199
342,198
342,197
342,196
342,195
342,194
342,193
342,192
342,191
342,190
342,189
342,188
342,187
342,186
342,185
342,184
342,183
342,182
342,181
342,180
342,179
342,178
342,177
342,176
342,175
342,174
342,173
342,172
342,171
342,170
342,169
342,169
342,168
342,167
342,166
342,165
342,164
342,163
342,162
342,161
342,160
342,159
342,158
342,157
342,156
342,155
342,154
342,153
342,152
342,151
342,150
342,149
342,148
342,147
342,146
342,145
342,144
342,143
342,142
342,141
342,140
342,139
342,138
342,137
342,136
342,135
342,134
342,133
342,132
342,131
342,130
342,129
342,128
342,127
342,126
342,125
342,124
342,123
342,122
342,121
342,120
342,119
342,118
342,117
342,116
342,115
342,114
342,113
342,112
342,76
342,75
342,74
342,73
342,72
342,71
342,70
342,69
342,68
342,67
342,66
342,65
342,64
342,63
342,62
342,61
342,60
342,59
342,58
342,57
342,56
342,55
342,54
342,53
342,52
342,51
342,50
342,49
342,48
342,47
342,46
342,45
342,44
342,43
342,42
342,41
342,40
342,39
342,38
342,37
342,36
342,35
342,34
342,33
342,32
342,31
342,30
342,29
342,28
342,27
342,26
342,25
342,24
342,23
342,22
342,21
342,20
342,19
342,18
342,17
342,16
342,15
342,14
342,13
342,12
342,11
342,10
342,9
342,8
342,7
342,6
342,5
342,4
342,3
342,2
343,236
343,235
343,234
343,233
343,232
343,231
343,230
343,229
343,228
343,227
343,226
343,225
343,224
343,223
343,222
343,221
343,220
343,219
343,218
343,217
343,216
343,215
343,214
343,213
343,212
343,211
343,210
343,209
343,208
343,207
343,206
343,205
343,204
343,203
343,202
343,201
343,200
343,199
343,198
343,197
343,196
343,195
343,194
343,193
343,192
343,191
343,190
343,189
343,188
343,187
343,186
343,185
343,184
343,183
343,182
343,181
343,180
343,179
343,178
343,177
343,176
343,175
343,174
343,173
343,172
343,171
343,170
343,169
343,169
343,168
343,167
343,166
343,165
343,164
343,163
343,162
343,161
343,160
343,159
343,158
343,157
343,156
343,155
343,154
343,153
343,152
343,151
343,150
343,149
343,148
343,147
343,146
343,145
343,144
343,143
343,142
343,141
343,140
343,139
343,138
343,137
343,136
343,135
343,134
343,133
343,132
343,131
343,130
343,129
343,128
343,127
343,126
343,125
343,124
343,123
343,122
343,121
343,120
343,119
343,118
343,117
343,116
343,115
343,114
343,113
343,112
343,77
343,76
343,75
343,74
343,73
343,72
343,71
343,70
343,69
343,68
343,67
343,66
343,65
343,64
343,63
343,62
343,61
343,60
343,59
343,58
343,57
343,56
343,55
343,54
343,53
343,52
343,51
343,50
343,49
343,48
343,47
343,46
343,45
343,44
343,43
343,42
343,41
343,40
343,39
343,38
343,37
343,36
343,35
343,34
343,33
343,32
343,31
343,30
343,29
343,28
343,27
343,26
343,25
343,24
343,23
343,22
343,21
343,20
343,19
343,18
343,17
343,16
343,15
343,14
343,13
343,12
343,11
343,10
343,9
343,8
343,7
343,6
343,5
343,4
343,3
343,2
344,236
344,235
344,234
344,233
344,232
344,231
344,230
344,229
344,228
344,227
344,226
344,225
344,224
344,223
344,222
344,221
344,220
344,219
344,218
344,217
344,216
344,215
344,214
344,213
344,212
344,211
344,210
344,209
344,208
344,207
344,206
344,205
344,204
344,203
344,202
344,201
344,200
344,199
344,198
344,197
344,196
344,195
344,194
344,193
344,192
344,191
344,190
344,189
344,188
344,187
344,186
344,185
344,184
344,183
344,182
344,181
344,180
344,179
344,178
344,177
344,176
344,175
344,174
344,173
344,172
344,171
344,170
344,169
344,169
344,168
344,167
344,166
344,165
344,164
344,163
344,162
344,161
344,160
344,159
344,158
344,157
344,156
344,155
344,154
344,153
344,152
344,151
344,150
344,149
344,148
344,147
344,146
344,145
344,144
344,143
344,142
344,141
344,140
344,139
344,138
344,137
344,136
344,135
344,134
344,133
344,132
344,131
344,130
344,129
344,128
344,127
344,126
344,125
344,124
344,123
344,122
344,121
344,120
344,119
344,118
344,117
344,116
344,115
344,114
344,113
344,112
344,111
344,77
344,76
344,75
344,74
344,73
344,72
344,71
344,70
344,69
344,68
344,67
344,66
344,65
344,64
344,63
344,62
344,61
344,60
344,59
344,58
344,57
344,56
344,55
344,54
344,53
344,52
344,51
344,50
344,49
344,48
344,47
344,46
344,45
344,44
344,43
344,42
344,41
344,40
344,39
344,38
344,37
344,36
344,35
344,34
344,33
344,32
344,31
344,30
344,29
344,28
344,27
344,26
344,25
344,24
344,23
344,22
344,21
344,20
344,19
344,18
344,17
344,16
344,15
344,14
344,13
344,12
344,11
344,10
344,9
344,8
344,7
344,6
344,5
344,4
344,3
344,2
345,235
345,234
345,233
345,232
345,231
345,230
345,229
345,228
345,227
345,226
345,225
345,224
345,223
345,222
345,221
345,220
345,219
345,218
345,217
345,216
345,215
345,214
345,213
345,212
345,211
345,210
345,209
345,208
345,207
345,206
345,205
345,204
345,203
345,202
345,201
345,200
345,199
345,198
345,197
345,196
345,195
345,194
345,193
345,192
345,191
345,190
345,189
345,188
345,187
345,186
345,185
345,184
345,183
345,182
345,181
345,180
345,179
345,178
345,177
345,176
345,175
345,174
345,173
345,172
345,171
345,170
345,169
345,169
345,168
345,167
345,166
345,165
345,164
345,163
345,162
345,161
345,160
345,159
345,158
345,157
345,156
345,155
345,154
345,153
345,152
345,151
345,150
345,149
345,148
345,147
345,146
345,145
345,144
345,143
345,142
345,141
345,140
345,139
345,138
345,137
345,136
345,135
345,134
345,133
345,132
345,131
345,130
345,129
345,128
345,127
345,126
345,125
345,124
345,123
345,122
345,121
345,120
345,119
345,118
345,117
345,116
345,115
345,114
345,113
345,112
345,111
345,77
345,76
345,75
345,74
345,73
345,72
345,71
345,70
345,69
345,68
345,67
345,66
345,65
345,64
345,63
345,62
345,61
345,60
345,59
345,58
345,57
345,56
345,55
345,54
345,53
345,52
345,51
345,50
345,49
345,48
345,47
345,46
345,45
345,44
345,43
345,42
345,41
345,40
345,39
345,38
345,37
345,36
345,35
345,34
345,33
345,32
345,31
345,30
345,29
345,28
345,27
345,26
345,25
345,24
345,23
345,22
345,21
345,20
345,19
345,18
345,17
345,16
345,15
345,14
345,13
345,12
345,11
345,10
345,9
345,8
345,7
345,6
345,5
345,4
345,3
345,2
345,1
346,235
346,234
346,233
346,232
346,231
346,230
346,229
346,228
346,227
346,226
346,225
346,224
346,223
346,222
346,221
346,220
346,219
346,218
346,217
346,216
346,215
346,214
346,213
346,212
346,211
346,210
346,209
346,208
346,207
346,206
346,205
346,204
346,203
346,202
346,201
346,200
346,199
346,198
346,197
346,196
346,195
346,194
346,193
346,192
346,191
346,190
346,189
346,188
346,187
346,186
346,185
346,184
346,183
346,182
346,181
346,180
346,179
346,178
346,177
346,176
346,175
346,174
346,173
346,172
346,171
346,170
346,169
346,169
346,168
346,167
346,166
346,165
346,164
346,163
346,162
346,161
346,160
346,159
346,158
346,157
346,156
346,155
346,154
346,153
346,152
346,151
346,150
346,149
346,148
346,147
346,146
346,145
346,144
346,143
346,142
346,141
346,140
346,139
346,138
346,137
346,136
346,135
346,134
346,133
346,132
346,131
346,130
346,129
346,128
346,127
346,126
346,125
346,124
346,123
346,122
346,121
346,120
346,119
346,118
346,117
346,116
346,115
346,114
346,113
346,112
346,111
346,77
346,76
346,75
346,74
346,73
346,72
346,71
346,70
346,69
346,68
346,67
346,66
346,65
346,64
346,63
346,62
346,61
346,60
346,59
346,58
346,57
346,56
346,55
346,54
346,53
346,52
346,51
346,50
346,49
346,48
346,47
346,46
346,45
346,44
346,43
346,42
346,41
346,40
346,39
346,38
346,37
346,36
346,35
346,34
346,33
346,32
346,31
346,30
346,29
346,28
346,27
346,26
346,25
346,24
346,23
346,22
346,21
346,20
346,19
346,18
346,17
346,16
346,15
346,14
346,13
346,12
346,11
346,10
346,9
346,8
346,7
346,6
346,5
346,4
346,3
346,2
346,1
347,235
347,234
347,233
347,232
347,231
347,230
347,229
347,228
347,227
347,226
347,225
347,224
347,223
347,222
347,221
347,220
347,219
347,218
347,217
347,216
347,215
347,214
347,213
347,212
347,211
347,210
347,209
347,208
347,207
347,206
347,205
347,204
347,203
347,202
347,201
347,200
347,199
347,198
347,197
347,196
347,195
347,194
347,193
347,192
347,191
347,190
347,189
347,188
347,187
347,186
347,185
347,184
347,183
347,182
347,181
347,180
347,179
347,178
347,177
347,176
347,175
347,174
347,173
347,172
347,171
347,170
347,169
347,169
347,168
347,167
347,166
347,165
347,164
347,163
347,162
347,161
347,160
347,159
347,158
347,157
347,156
347,155
347,154
347,153
347,152
347,151
347,150
347,149
347,148
347,147
347,146
347,145
347,144
347,143
347,142
347,141
347,140
347,139
347,138
347,137
347,136
347,135
347,134
347,133
347,132
347,131
347,130
347,129
347,128
347,127
347,126
347,125
347,124
347,123
347,122
347,121
347,120
347,119
347,118
347,117
347,116
347,115
347,114
347,113
347,112
347,111
347,110
347,109
347,77
347,76
347,75
347,74
347,73
347,72
347,71
347,70
347,69
347,68
347,67
347,66
347,65
347,64
347,63
347,62
347,61
347,60
347,59
347,58
347,57
347,56
347,55
347,54
347,53
347,52
347,51
347,50
347,49
347,48
347,47
347,46
347,45
347,44
347,43
347,42
347,41
347,40
347,39
347,38
347,37
347,36
347,35
347,34
347,33
347,32
347,31
347,30
347,29
347,28
347,27
347,26
347,25
347,24
347,23
347,22
347,21
347,20
347,19
347,18
347,17
347,16
347,15
347,14
347,13
347,12
347,11
347,10
347,9
347,8
347,7
347,6
347,5
347,4
347,3
347,2
347,1
348,234
348,233
348,232
348,231
348,230
348,229
348,228
348,227
348,226
348,225
348,224
348,223
348,222
348,221
348,220
348,219
348,218
348,217
348,216
348,215
348,214
348,213
348,212
348,211
348,210
348,209
348,208
348,207
348,206
348,205
348,204
348,203
348,202
348,201
348,200
348,199
348,198
348,197
348,196
348,195
348,194
348,193
348,192
348,191
348,190
348,189
348,188
348,187
348,186
348,185
348,184
348,183
348,182
348,181
348,180
348,179
348,178
348,177
348,176
348,175
348,174
348,173
348,172
348,171
348,170
348,169
348,169
348,168
348,167
348,166
348,165
348,164
348,163
348,162
348,161
348,160
348,159
348,158
348,157
348,156
348,155
348,154
348,153
348,152
348,151
348,150
348,149
348,148
348,147
348,146
348,145
348,144
348,143
348,142
348,141
348,140
348,139
348,138
348,137
348,136
348,135
348,134
348,133
348,132
348,131
348,130
348,129
348,128
348,127
348,126
348,125
348,124
348,123
348,122
348,121
348,120
348,119
348,118
348,117
348,116
348,115
348,114
348,113
348,112
348,111
348,110
348,109
348,108
348,107
348,78
348,77
348,76
348,75
348,74
348,73
348,72
348,71
348,70
348,69
348,68
348,67
348,66
348,65
348,64
348,63
348,62
348,61
348,60
348,59
348,58
348,57
348,56
348,55
348,54
348,53
348,52
348,51
348,50
348,49
348,48
348,47
348,46
348,45
348,44
348,43
348,42
348,41
348,40
348,39
348,38
348,37
348,36
348,35
348,34
348,33
348,32
348,31
348,30
348,29
348,28
348,27
348,26
348,25
348,24
348,23
348,22
348,21
348,20
348,19
348,18
348,17
348,16
348,15
348,14
348,13
348,12
348,11
348,10
348,9
348,8
348,7
348,6
348,5
348,4
348,3
348,2
348,1
349,234
349,233
349,232
349,231
349,230
349,229
349,228
349,227
349,226
349,225
349,224
349,223
349,222
349,221
349,220
349,219
349,218
349,217
349,216
349,215
349,214
349,213
349,212
349,211
349,210
349,209
349,208
349,207
349,206
349,205
349,204
349,203
349,202
349,201
349,200
349,199
349,198
349,197
349,196
349,195
349,194
349,193
349,192
349,191
349,190
349,189
349,188
349,187
349,186
349,185
349,184
349,183
349,182
349,181
349,180
349,179
349,178
349,177
349,176
349,175
349,174
349,173
349,172
349,171
349,170
349,169
349,169
349,168
349,167
349,166
349,165
349,164
349,163
349,162
349,161
349,160
349,159
349,158
349,157
349,156
349,155
349,154
349,153
349,152
349,151
349,150
349,149
349,148
349,147
349,146
349,145
349,144
349,143
349,142
349,141
349,140
349,139
349,138
349,137
349,136
349,135
349,134
349,133
349,132
349,131
349,130
349,129
349,128
349,127
349,126
349,125
349,124
349,123
349,122
349,121
349,120
349,119
349,118
349,117
349,116
349,115
349,114
349,113
349,112
349,111
349,110
349,109
349,108
349,107
349,106
349,78
349,77
349,76
349,75
349,74
349,73
349,72
349,71
349,70
349,69
349,68
349,67
349,66
349,65
349,64
349,63
349,62
349,61
349,60
349,59
349,58
349,57
349,56
349,55
349,54
349,53
349,52
349,51
349,50
349,49
349,48
349,47
349,46
349,45
349,44
349,43
349,42
349,41
349,40
349,39
349,38
349,37
349,36
349,35
349,34
349,33
349,32
349,31
349,30
349,29
349,28
349,27
349,26
349,25
349,24
349,23
349,22
349,21
349,20
349,19
349,18
349,17
349,16
349,15
349,14
349,13
349,12
349,11
349,10
349,9
349,8
349,7
349,6
349,5
349,4
349,3
349,2
349,1
350,234
350,233
350,232
350,231
350,230
350,229
350,228
350,227
350,226
350,225
350,224
350,223
350,222
350,221
350,220
350,219
350,218
350,217
350,216
350,215
350,214
350,213
350,212
350,211
350,210
350,209
350,208
350,207
350,206
350,205
350,204
350,203
350,202
350,201
350,200
350,199
350,198
350,197
350,196
350,195
350,194
350,193
350,192
350,191
350,190
350,189
350,188
350,187
350,186
350,185
350,184
350,183
350,182
350,181
350,180
350,179
350,178
350,177
350,176
350,175
350,174
350,173
350,172
350,171
350,170
350,169
350,169
350,168
350,167
350,166
350,165
350,164
350,163
350,162
350,161
350,160
350,159
350,158
350,157
350,156
350,155
350,154
350,153
350,152
350,151
350,150
350,149
350,148
350,147
350,146
350,145
350,144
350,143
350,142
350,141
350,140
350,139
350,138
350,137
350,136
350,135
350,134
350,133
350,132
350,131
350,130
350,129
350,128
350,127
350,126
350,125
350,124
350,123
350,122
350,121
350,120
350,119
350,118
350,117
350,116
350,115
350,114
350,113
350,112
350,111
350,110
350,109
350,108
350,107
350,106
350,105
350,104
350,79
350,78
350,77
350,76
350,75
350,74
350,73
350,72
350,71
350,70
350,69
350,68
350,67
350,66
350,65
350,64
350,63
350,62
350,61
350,60
350,59
350,58
350,57
350,56
350,55
350,52
350,51
350,50
350,49
350,48
350,47
350,46
350,45
350,44
350,43
350,42
350,41
350,40
350,39
350,38
350,37
350,36
350,35
350,34
350,33
350,32
350,31
350,30
350,29
350,28
350,27
350,26
350,25
350,24
350,23
350,22
350,21
350,20
350,19
350,18
350,17
350,16
350,15
350,14
350,13
350,12
350,11
350,10
350,9
350,8
350,7
350,6
350,5
350,4
350,3
350,2
350,1
351,233
351,232
351,231
351,230
351,229
351,228
351,227
351,226
351,225
351,224
351,223
351,222
351,221
351,220
351,219
351,218
351,217
351,216
351,215
351,214
351,213
351,212
351,211
351,210
351,209
351,208
351,207
351,206
351,205
351,204
351,203
351,202
351,201
351,200
351,199
351,198
351,197
351,196
351,195
351,194
351,193
351,192
351,191
351,190
351,189
351,188
351,187
351,186
351,185
351,184
351,183
351,182
351,181
351,180
351,179
351,178
351,177
351,176
351,175
351,174
351,173
351,172
351,171
351,170
351,169
351,169
351,168
351,167
351,166
351,165
351,164
351,163
351,162
351,161
351,160
351,159
351,158
351,157
351,156
351,155
351,154
351,153
351,152
351,151
351,150
351,149
351,148
351,147
351,146
351,145
351,144
351,143
351,142
351,141
351,140
351,139
351,138
351,137
351,136
351,135
351,134
351,133
351,132
351,131
351,130
351,129
351,128
351,127
351,126
351,125
351,124
351,123
351,122
351,121
351,120
351,119
351,118
351,117
351,116
351,115
351,114
351,113
351,112
351,111
351,110
351,109
351,108
351,107
351,106
351,105
351,104
351,103
351,102
351,79
351,78
351,77
351,76
351,75
351,74
351,73
351,72
351,71
351,70
351,69
351,68
351,67
351,66
351,65
351,64
351,63
351,62
351,61
351,60
351,59
351,58
351,57
351,52
351,51
351,50
351,49
351,48
351,47
351,46
351,45
351,44
351,43
351,42
351,41
351,40
351,39
351,38
351,37
351,36
351,35
351,34
351,33
351,32
351,31
351,30
351,29
351,28
351,27
351,26
351,25
351,24
351,23
351,22
351,21
351,20
351,19
351,18
351,17
351,16
351,15
351,14
351,13
351,12
351,11
351,10
351,9
351,8
351,7
351,6
351,5
351,4
351,3
351,2
351,1
352,233
352,232
352,231
352,230
352,229
352,228
352,227
352,226
352,225
352,224
352,223
352,222
352,221
352,220
352,219
352,218
352,217
352,216
352,215
352,214
352,213
352,212
352,211
352,210
352,209
352,208
352,207
352,206
352,205
352,204
352,203
352,202
352,201
352,200
352,199
352,198
352,197
352,196
352,195
352,194
352,193
352,192
352,191
352,190
352,189
352,188
352,187
352,186
352,185
352,184
352,183
352,182
352,181
352,180
352,179
352,178
352,177
352,176
352,175
352,174
352,173
352,172
352,171
352,170
352,169
352,169
352,168
352,167
352,166
352,165
352,164
352,163
352,162
352,161
352,160
352,159
352,158
352,157
352,156
352,155
352,154
352,153
352,152
352,151
352,150
352,149
352,148
352,147
352,146
352,145
352,144
352,143
352,142
352,141
352,140
352,139
352,138
352,137
352,136
352,135
352,134
352,133
352,132
352,131
352,130
352,129
352,128
352,127
352,126
352,125
352,124
352,123
352,122
352,121
352,120
352,119
352,118
352,117
352,116
352,115
352,114
352,113
352,112
352,111
352,110
352,109
352,108
352,107
352,106
352,105
352,104
352,103
352,102
352,101
352,100
352,99
352,98
352,97
352,96
352,95
352,94
352,93
352,81
352,80
352,79
352,78
352,77
352,76
352,75
352,74
352,73
352,72
352,71
352,70
352,69
352,68
352,67
352,66
352,65
352,64
352,63
352,62
352,61
352,60
352,59
352,58
352,53
352,52
352,51
352,50
352,49
352,48
352,47
352,46
352,45
352,44
352,43
352,42
352,41
352,40
352,39
352,38
352,37
352,36
352,35
352,34
352,33
352,32
352,31
352,30
352,29
352,28
352,27
352,26
352,25
352,24
352,23
352,22
352,21
352,20
352,19
352,18
352,17
352,16
352,15
352,14
352,13
352,12
352,11
352,10
352,9
352,8
352,7
352,6
352,5
352,4
352,3
352,2
352,1
353,233
353,232
353,231
353,230
353,229
353,228
353,227
353,226
353,225
353,224
353,223
353,222
353,221
353,220
353,219
353,218
353,217
353,216
353,215
353,214
353,213
353,212
353,211
353,210
353,209
353,208
353,207
353,206
353,205
353,204
353,203
353,202
353,201
353,200
353,199
353,198
353,197
353,196
353,195
353,194
353,193
353,192
353,191
353,190
353,189
353,188
353,187
353,186
353,185
353,184
353,183
353,182
353,181
353,180
353,179
353,178
353,177
353,176
353,175
353,174
353,173
353,172
353,171
353,170
353,169
353,169
353,168
353,167
353,166
353,165
353,164
353,163
353,162
353,161
353,160
353,159
353,158
353,157
353,156
353,155
353,154
353,153
353,152
353,151
353,150
353,149
353,148
353,147
353,146
353,145
353,144
353,143
353,142
353,141
353,140
353,139
353,138
353,137
353,136
353,135
353,134
353,133
353,132
353,131
353,130
353,129
353,128
353,127
353,126
353,125
353,124
353,123
353,122
353,121
353,120
353,119
353,118
353,117
353,116
353,115
353,114
353,113
353,112
353,111
353,110
353,109
353,108
353,107
353,106
353,105
353,104
353,103
353,102
353,101
353,100
353,99
353,98
353,97
353,96
353,95
353,94
353,93
353,92
353,91
353,90
353,89
353,88
353,87
353,83
353,82
353,81
353,80
353,79
353,78
353,77
353,76
353,75
353,74
353,73
353,72
353,71
353,70
353,69
353,68
353,67
353,66
353,65
353,64
353,63
353,62
353,61
353,60
353,59
353,53
353,52
353,51
353,50
353,49
353,48
353,47
353,46
353,45
353,44
353,43
353,42
353,41
353,40
353,39
353,38
353,37
353,36
353,35
353,34
353,33
353,32
353,31
353,30
353,29
353,28
353,27
353,26
353,25
353,24
353,23
353,22
353,21
353,20
353,19
353,18
353,17
353,16
353,15
353,14
353,13
353,12
353,11
353,10
353,9
353,8
353,7
353,6
353,5
353,4
353,3
353,2
353,1
354,232
354,231
354,230
354,229
354,228
354,227
354,226
354,225
354,224
354,223
354,222
354,221
354,220
354,219
354,218
354,217
354,216
354,215
354,214
354,213
354,212
354,211
354,210
354,209
354,208
354,207
354,206
354,205
354,204
354,203
354,202
354,201
354,200
354,199
354,198
354,197
354,196
354,195
354,194
354,193
354,192
354,191
354,190
354,189
354,188
354,187
354,186
354,185
354,184
354,183
354,182
354,181
354,180
354,179
354,178
354,177
354,176
354,175
354,174
354,173
354,172
354,171
354,170
354,169
354,169
354,168
354,167
354,166
354,165
354,164
354,163
354,162
354,161
354,160
354,159
354,158
354,157
354,156
354,155
354,154
354,153
354,152
354,151
354,150
354,149
354,148
354,147
354,146
354,145
354,144
354,143
354,142
354,141
354,140
354,139
354,138
354,137
354,136
354,135
354,134
354,133
354,132
354,131
354,130
354,129
354,128
354,127
354,126
354,125
354,124
354,123
354,122
354,121
354,120
354,119
354,118
354,117
354,116
354,115
354,114
354,113
354,112
354,111
354,110
354,109
354,108
354,107
354,106
354,105
354,104
354,103
354,102
354,101
354,100
354,99
354,98
354,97
354,96
354,95
354,94
354,93
354,92
354,91
354,90
354,89
354,88
354,87
354,86
354,85
354,84
354,83
354,82
354,81
354,80
354,79
354,78
354,77
354,76
354,75
354,74
354,73
354,72
354,71
354,70
354,69
354,68
354,67
354,66
354,65
354,64
354,63
354,62
354,61
354,60
354,59
354,54
354,53
354,52
354,51
354,50
354,49
354,48
354,47
354,46
354,45
354,44
354,43
354,42
354,41
354,40
354,39
354,38
354,37
354,36
354,35
354,34
354,33
354,32
354,31
354,30
354,29
354,28
354,27
354,26
354,25
354,24
354,23
354,22
354,21
354,20
354,19
354,18
354,17
354,16
354,15
354,14
354,13
354,12
354,11
354,10
354,9
354,8
354,7
354,6
354,5
354,4
354,3
354,2
355,232
355,231
355,230
355,229
355,228
355,227
355,226
355,225
355,224
355,223
355,222
355,221
355,220
355,219
355,218
355,217
355,216
355,215
355,214
355,213
355,212
355,211
355,210
355,209
355,208
355,207
355,206
355,205
355,204
355,203
355,202
355,201
355,200
355,199
355,198
355,197
355,196
355,195
355,194
355,193
355,192
355,191
355,190
355,189
355,188
355,187
355,186
355,185
355,184
355,183
355,182
355,181
355,180
355,179
355,178
355,177
355,176
355,175
355,174
355,173
355,172
355,171
355,170
355,169
355,169
355,168
355,167
355,166
355,165
355,164
355,163
355,162
355,161
355,160
355,159
355,158
355,157
355,156
355,155
355,154
355,153
355,152
355,151
355,150
355,149
355,148
355,147
355,146
355,145
355,144
355,143
355,142
355,141
355,140
355,139
355,138
355,137
355,136
355,135
355,134
355,133
355,132
355,131
355,130
355,129
355,128
355,127
355,126
355,125
355,124
355,123
355,122
355,121
355,120
355,119
355,118
355,117
355,116
355,115
355,114
355,113
355,112
355,111
355,110
355,109
355,108
355,107
355,106
355,105
355,104
355,103
355,102
355,101
355,100
355,99
355,98
355,97
355,96
355,95
355,94
355,93
355,92
355,91
355,90
355,89
355,88
355,87
355,86
355,85
355,84
355,83
355,82
355,81
355,80
355,79
355,78
355,77
355,76
355,75
355,74
355,73
355,72
355,71
355,70
355,69
355,68
355,67
355,66
355,65
355,64
355,63
355,62
355,61
355,60
355,59
355,54
355,53
355,52
355,51
355,50
355,49
355,48
355,47
355,46
355,45
355,44
355,43
355,42
355,41
355,40
355,39
355,38
355,37
355,36
355,35
355,34
355,33
355,32
355,31
355,30
355,29
355,28
355,27
355,26
355,25
355,24
355,23
355,22
355,21
355,20
355,19
355,18
355,17
355,16
355,15
355,14
355,13
355,12
355,11
355,10
355,9
355,8
355,7
355,6
355,5
355,4
355,3
355,2
356,231
356,230
356,229
356,228
356,227
356,226
356,225
356,224
356,223
356,222
356,221
356,220
356,219
356,218
356,217
356,216
356,215
356,214
356,213
356,212
356,211
356,210
356,209
356,208
356,207
356,206
356,205
356,204
356,203
356,202
356,201
356,200
356,199
356,198
356,197
356,196
356,195
356,194
356,193
356,192
356,191
356,190
356,189
356,188
356,187
356,186
356,185
356,184
356,183
356,182
356,181
356,180
356,179
356,178
356,177
356,176
356,175
356,174
356,173
356,172
356,171
356,170
356,169
356,169
356,168
356,167
356,166
356,165
356,164
356,163
356,162
356,161
356,160
356,159
356,158
356,157
356,156
356,155
356,154
356,153
356,152
356,151
356,150
356,149
356,148
356,147
356,146
356,145
356,144
356,143
356,142
356,141
356,140
356,139
356,138
356,137
356,136
356,135
356,134
356,133
356,132
356,131
356,130
356,129
356,128
356,127
356,126
356,125
356,124
356,123
356,122
356,121
356,120
356,119
356,118
356,117
356,116
356,115
356,114
356,113
356,112
356,111
356,110
356,109
356,108
356,107
356,106
356,105
356,104
356,103
356,102
356,101
356,100
356,99
356,98
356,97
356,96
356,95
356,94
356,93
356,92
356,91
356,90
356,89
356,88
356,87
356,86
356,85
356,84
356,83
356,82
356,81
356,80
356,79
356,78
356,77
356,76
356,75
356,74
356,73
356,72
356,71
356,70
356,69
356,68
356,67
356,66
356,65
356,64
356,63
356,62
356,61
356,60
356,59
356,54
356,53
356,52
356,51
356,50
356,49
356,48
356,47
356,46
356,45
356,44
356,43
356,42
356,41
356,40
356,39
356,38
356,37
356,36
356,35
356,34
356,33
356,32
356,31
356,30
356,29
356,28
356,27
356,26
356,25
356,24
356,23
356,22
356,21
356,20
356,19
356,18
356,17
356,16
356,15
356,14
356,13
356,12
356,11
356,10
356,9
356,8
356,7
356,6
356,5
356,4
356,3
356,2
357,231
357,230
357,229
357,228
357,227
357,226
357,225
357,224
357,223
357,222
357,221
357,220
357,219
357,218
357,217
357,216
357,215
357,214
357,213
357,212
357,211
357,210
357,209
357,208
357,207
357,206
357,205
357,204
357,203
357,202
357,201
357,200
357,199
357,198
357,197
357,196
357,195
357,194
357,193
357,192
357,191
357,190
357,189
357,188
357,187
357,186
357,185
357,184
357,183
357,182
357,181
357,180
357,179
357,178
357,177
357,176
357,175
357,174
357,173
357,172
357,171
357,170
357,169
357,169
357,168
357,167
357,166
357,165
357,164
357,163
357,162
357,161
357,160
357,159
357,158
357,157
357,156
357,155
357,154
357,153
357,152
357,151
357,150
357,149
357,148
357,147
357,146
357,145
357,144
357,143
357,142
357,141
357,140
357,139
357,138
357,137
357,136
357,135
357,134
357,133
357,132
357,131
357,130
357,129
357,128
357,127
357,126
357,125
357,124
357,123
357,122
357,121
357,120
357,119
357,118
357,117
357,116
357,115
357,114
357,113
357,112
357,111
357,110
357,109
357,108
357,107
357,106
357,105
357,104
357,103
357,102
357,101
357,100
357,99
357,98
357,97
357,96
357,95
357,94
357,93
357,92
357,91
357,90
357,89
357,88
357,87
357,86
357,85
357,84
357,83
357,82
357,81
357,80
357,79
357,78
357,77
357,76
357,75
357,74
357,73
357,72
357,71
357,70
357,69
357,68
357,67
357,66
357,65
357,64
357,63
357,62
357,61
357,54
357,53
357,52
357,51
357,50
357,49
357,48
357,47
357,46
357,45
357,44
357,43
357,42
357,41
357,40
357,39
357,38
357,37
357,36
357,35
357,34
357,33
357,32
357,31
357,30
357,29
357,28
357,27
357,26
357,25
357,24
357,23
357,22
357,21
357,20
357,19
357,18
357,17
357,16
357,15
357,14
357,13
357,12
357,11
357,10
357,9
357,8
357,7
357,6
357,5
357,4
357,3
358,231
358,230
358,229
358,228
358,227
358,226
358,225
358,224
358,223
358,222
358,221
358,220
358,219
358,218
358,217
358,216
358,215
358,214
358,213
358,212
358,211
358,210
358,209
358,208
358,207
358,206
358,205
358,204
358,203
358,202
358,201
358,200
358,199
358,198
358,197
358,196
358,195
358,194
358,193
358,192
358,191
358,190
358,189
358,188
358,187
358,186
358,185
358,184
358,183
358,182
358,181
358,180
358,179
358,178
358,177
358,176
358,175
358,174
358,173
358,172
358,171
358,170
358,169
358,169
358,168
358,167
358,166
358,165
358,164
358,163
358,162
358,161
358,160
358,159
358,158
358,157
358,156
358,155
358,154
358,153
358,152
358,151
358,150
358,149
358,148
358,147
358,146
358,145
358,144
358,143
358,142
358,141
358,140
358,139
358,138
358,137
358,136
358,135
358,134
358,133
358,132
358,131
358,130
358,129
358,128
358,127
358,126
358,125
358,124
358,123
358,122
358,121
358,120
358,119
358,118
358,117
358,116
358,115
358,114
358,113
358,112
358,111
358,110
358,109
358,108
358,107
358,106
358,105
358,104
358,103
358,102
358,101
358,100
358,99
358,98
358,97
358,96
358,95
358,94
358,93
358,92
358,91
358,90
358,89
358,88
358,87
358,86
358,85
358,84
358,83
358,82
358,81
358,80
358,79
358,78
358,77
358,76
358,75
358,74
358,73
358,72
358,71
358,70
358,69
358,68
358,67
358,66
358,65
358,64
358,63
358,54
358,53
358,52
358,51
358,50
358,49
358,48
358,47
358,46
358,45
358,44
358,43
358,42
358,41
358,40
358,39
358,38
358,37
358,36
358,35
358,34
358,33
358,32
358,31
358,30
358,29
358,28
358,27
358,26
358,25
358,24
358,23
358,22
358,21
358,20
358,19
358,18
358,17
358,16
358,15
358,14
358,13
358,12
358,11
358,10
358,9
358,8
358,7
358,6
358,5
358,4
358,3
359,230
359,229
359,228
359,227
359,226
359,225
359,224
359,223
359,222
359,221
359,220
359,219
359,218
359,217
359,216
359,215
359,214
359,213
359,212
359,211
359,210
359,209
359,208
359,207
359,206
359,205
359,204
359,203
359,202
359,201
359,200
359,199
359,198
359,197
359,196
359,195
359,194
359,193
359,192
359,191
359,190
359,189
359,188
359,187
359,186
359,185
359,184
359,183
359,182
359,181
359,180
359,179
359,178
359,177
359,176
359,175
359,174
359,173
359,172
359,171
359,170
359,169
359,169
359,168
359,167
359,166
359,165
359,164
359,163
359,162
359,161
359,160
359,159
359,158
359,157
359,156
359,155
359,154
359,153
359,152
359,151
359,150
359,149
359,148
359,147
359,146
359,145
359,144
359,143
359,142
359,141
359,140
359,139
359,138
359,137
359,136
359,135
359,134
359,133
359,132
359,131
359,130
359,129
359,128
359,127
359,126
359,125
359,124
359,123
359,122
359,121
359,120
359,119
359,118
359,117
359,116
359,115
359,114
359,113
359,112
359,111
359,109
359,108
359,107
359,106
359,105
359,104
359,103
359,102
359,101
359,100
359,99
359,98
359,97
359,96
359,95
359,94
359,93
359,92
359,91
359,90
359,89
359,88
359,87
359,86
359,85
359,84
359,83
359,82
359,81
359,80
359,79
359,78
359,77
359,76
359,75
359,74
359,73
359,72
359,71
359,70
359,69
359,68
359,67
359,66
359,65
359,54
359,53
359,52
359,51
359,50
359,49
359,48
359,47
359,46
359,45
359,44
359,43
359,42
359,41
359,40
359,39
359,38
359,37
359,36
359,35
359,34
359,33
359,32
359,31
359,30
359,29
359,28
359,27
359,26
359,25
359,24
359,23
359,22
359,21
359,20
359,19
359,18
359,17
359,16
359,15
359,14
359,13
359,12
359,11
359,10
359,9
359,8
359,7
359,6
359,5
359,4
359,3
360,230
360,229
360,228
360,227
360,226
360,225
360,224
360,223
360,222
360,221
360,220
360,219
360,218
360,217
360,216
360,215
360,214
360,213
360,212
360,211
360,210
360,209
360,208
360,207
360,206
360,205
360,204
360,203
360,202
360,201
360,200
360,199
360,198
360,197
360,196
360,195
360,194
360,193
360,192
360,191
360,190
360,189
360,188
360,187
360,186
360,185
360,184
360,183
360,182
360,181
360,180
360,179
360,178
360,177
360,176
360,175
360,174
360,173
360,172
360,171
360,170
360,169
360,169
360,168
360,167
360,166
360,165
360,164
360,163
360,162
360,161
360,160
360,159
360,158
360,157
360,156
360,155
360,154
360,153
360,152
360,151
360,150
360,149
360,148
360,147
360,146
360,145
360,144
360,143
360,142
360,141
360,140
360,139
360,138
360,137
360,136
360,135
360,134
360,133
360,132
360,131
360,130
360,129
360,128
360,127
360,126
360,125
360,124
360,123
360,122
360,121
360,120
360,119
360,118
360,117
360,116
360,115
360,114
360,113
360,112
360,111
360,103
360,102
360,101
360,100
360,99
360,98
360,97
360,96
360,95
360,94
360,93
360,92
360,91
360,90
360,89
360,88
360,87
360,86
360,85
360,84
360,83
360,82
360,81
360,80
360,79
360,78
360,77
360,76
360,75
360,74
360,73
360,72
360,71
360,70
360,69
360,68
360,67
360,54
360,53
360,52
360,51
360,50
360,49
360,48
360,47
360,46
360,45
360,44
360,43
360,42
360,41
360,40
360,39
360,38
360,37
360,36
360,35
360,34
360,33
360,32
360,31
360,30
360,29
360,28
360,27
360,26
360,25
360,24
360,23
360,22
360,21
360,20
360,19
360,18
360,17
360,16
360,15
360,14
360,13
360,12
360,11
360,10
360,9
360,8
360,7
360,6
360,5
360,4
360,3
361,230
361,229
361,228
361,227
361,226
361,225
361,224
361,223
361,222
361,221
361,220
361,219
361,218
361,217
361,216
361,215
361,214
361,213
361,212
361,211
361,210
361,209
361,208
361,207
361,206
361,205
361,204
361,203
361,202
361,201
361,200
361,199
361,198
361,197
361,196
361,195
361,194
361,193
361,192
361,191
361,190
361,189
361,188
361,187
361,186
361,185
361,184
361,183
361,182
361,181
361,180
361,179
361,178
361,177
361,176
361,175
361,174
361,173
361,172
361,171
361,170
361,169
361,169
361,168
361,167
361,166
361,165
361,164
361,163
361,162
361,161
361,160
361,159
361,158
361,157
361,156
361,155
361,154
361,153
361,152
361,151
361,150
361,149
361,148
361,147
361,146
361,145
361,144
361,143
361,142
361,141
361,140
361,139
361,138
361,137
361,136
361,135
361,134
361,133
361,132
361,131
361,130
361,129
361,128
361,127
361,126
361,125
361,124
361,123
361,122
361,121
361,120
361,119
361,118
361,117
361,116
361,115
361,114
361,113
361,112
361,111
361,99
361,98
361,97
361,96
361,95
361,94
361,93
361,92
361,91
361,90
361,89
361,88
361,87
361,86
361,85
361,84
361,83
361,82
361,81
361,80
361,79
361,78
361,77
361,76
361,75
361,74
361,73
361,72
361,71
361,70
361,69
361,54
361,53
361,52
361,51
361,50
361,49
361,48
361,47
361,46
361,45
361,44
361,43
361,42
361,41
361,40
361,39
361,38
361,37
361,36
361,35
361,34
361,33
361,32
361,31
361,30
361,29
361,28
361,27
361,26
361,25
361,24
361,23
361,22
361,21
361,20
361,19
361,18
361,17
361,16
361,15
361,14
361,13
361,12
361,11
361,10
361,9
361,8
361,7
361,6
361,5
361,4
362,230
362,229
362,228
362,227
362,226
362,225
362,224
362,223
362,222
362,221
362,220
362,219
362,218
362,217
362,216
362,215
362,214
362,213
362,212
362,211
362,210
362,209
362,208
362,207
362,206
362,205
362,204
362,203
362,202
362,201
362,200
362,199
362,198
362,197
362,196
362,195
362,194
362,193
362,192
362,191
362,190
362,189
362,188
362,187
362,186
362,185
362,184
362,183
362,182
362,181
362,180
362,179
362,178
362,177
362,176
362,175
362,174
362,173
362,172
362,171
362,170
362,169
362,169
362,168
362,167
362,166
362,165
362,164
362,163
362,162
362,161
362,160
362,159
362,158
362,157
362,156
362,155
362,154
362,153
362,152
362,151
362,150
362,149
362,148
362,147
362,146
362,145
362,144
362,143
362,142
362,141
362,140
362,139
362,138
362,137
362,136
362,135
362,134
362,133
362,132
362,131
362,130
362,129
362,128
362,127
362,126
362,125
362,124
362,123
362,122
362,121
362,120
362,119
362,118
362,117
362,116
362,115
362,114
362,113
362,112
362,111
362,96
362,95
362,94
362,93
362,92
362,91
362,90
362,89
362,88
362,87
362,86
362,85
362,84
362,83
362,82
362,81
362,80
362,79
362,78
362,77
362,76
362,75
362,74
362,73
362,72
362,71
362,54
362,53
362,52
362,51
362,50
362,49
362,48
362,47
362,46
362,45
362,44
362,43
362,42
362,41
362,40
362,39
362,38
362,37
362,36
362,35
362,34
362,33
362,32
362,31
362,30
362,29
362,28
362,27
362,26
362,25
362,24
362,23
362,22
362,21
362,20
362,19
362,18
362,17
362,16
362,15
362,14
362,13
362,12
362,11
362,10
362,9
362,8
362,7
362,6
362,5
363,230
363,229
363,228
363,227
363,226
363,225
363,224
363,223
363,222
363,221
363,220
363,219
363,218
363,217
363,216
363,215
363,214
363,213
363,212
363,211
363,210
363,209
363,208
363,207
363,206
363,205
363,204
363,203
363,202
363,201
363,200
363,199
363,198
363,197
363,196
363,195
363,194
363,193
363,192
363,191
363,190
363,189
363,188
363,187
363,186
363,185
363,184
363,183
363,182
363,181
363,180
363,179
363,178
363,177
363,176
363,175
363,174
363,173
363,172
363,171
363,170
363,169
363,169
363,168
363,167
363,166
363,165
363,164
363,163
363,162
363,161
363,160
363,159
363,158
363,157
363,156
363,155
363,154
363,153
363,152
363,151
363,150
363,149
363,148
363,147
363,146
363,145
363,144
363,143
363,142
363,141
363,140
363,139
363,138
363,137
363,136
363,135
363,134
363,133
363,132
363,131
363,130
363,129
363,128
363,127
363,126
363,125
363,124
363,123
363,122
363,121
363,120
363,119
363,118
363,117
363,116
363,115
363,114
363,113
363,112
363,111
363,92
363,91
363,90
363,89
363,88
363,87
363,86
363,85
363,84
363,83
363,82
363,81
363,80
363,79
363,78
363,77
363,76
363,75
363,74
363,73
363,54
363,53
363,52
363,51
363,50
363,49
363,48
363,47
363,46
363,45
363,44
363,43
363,42
363,41
363,40
363,39
363,38
363,37
363,36
363,35
363,34
363,33
363,32
363,31
363,30
363,29
363,28
363,27
363,26
363,25
363,24
363,23
363,22
363,21
363,20
363,19
363,18
363,17
363,16
363,15
363,14
363,13
363,12
363,11
363,10
363,9
363,8
363,7
363,6
363,5
364,229
364,228
364,227
364,226
364,225
364,224
364,223
364,222
364,221
364,220
364,219
364,218
364,217
364,216
364,215
364,214
364,213
364,212
364,211
364,210
364,209
364,208
364,207
364,206
364,205
364,204
364,203
364,202
364,201
364,200
364,199
364,198
364,197
364,196
364,195
364,194
364,193
364,192
364,191
364,190
364,189
364,188
364,187
364,186
364,185
364,184
364,183
364,182
364,181
364,180
364,179
364,178
364,177
364,176
364,175
364,174
364,173
364,172
364,171
364,170
364,169
364,169
364,168
364,167
364,166
364,165
364,164
364,163
364,162
364,161
364,160
364,159
364,158
364,157
364,156
364,155
364,154
364,153
364,152
364,151
364,150
364,149
364,148
364,147
364,146
364,145
364,144
364,143
364,142
364,141
364,140
364,139
364,138
364,137
364,136
364,135
364,134
364,133
364,132
364,131
364,130
364,129
364,128
364,127
364,126
364,125
364,124
364,123
364,122
364,121
364,120
364,119
364,118
364,117
364,116
364,115
364,114
364,113
364,112
364,111
364,110
364,90
364,89
364,88
364,87
364,86
364,85
364,84
364,83
364,82
364,81
364,80
364,79
364,78
364,77
364,76
364,75
364,55
364,54
364,53
364,52
364,51
364,50
364,49
364,48
364,47
364,46
364,45
364,44
364,43
364,42
364,41
364,40
364,39
364,38
364,37
364,36
364,35
364,34
364,33
364,32
364,31
364,30
364,29
364,28
364,27
364,26
364,25
364,24
364,23
364,22
364,21
364,20
364,19
364,18
364,17
364,16
364,15
364,14
364,13
364,12
364,11
364,10
364,9
364,8
364,7
364,6
365,229
365,228
365,227
365,226
365,225
365,224
365,223
365,222
365,221
365,220
365,219
365,218
365,217
365,216
365,215
365,214
365,213
365,212
365,211
365,210
365,209
365,208
365,207
365,206
365,205
365,204
365,203
365,202
365,201
365,200
365,199
365,198
365,197
365,196
365,195
365,194
365,193
365,192
365,191
365,190
365,189
365,188
365,187
365,186
365,185
365,184
365,183
365,182
365,181
365,180
365,179
365,178
365,177
365,176
365,175
365,174
365,173
365,172
365,171
365,170
365,169
365,169
365,168
365,167
365,166
365,165
365,164
365,163
365,162
365,161
365,160
365,159
365,158
365,157
365,156
365,155
365,154
365,153
365,152
365,151
365,150
365,149
365,148
365,147
365,146
365,145
365,144
365,143
365,142
365,141
365,140
365,139
365,138
365,137
365,136
365,135
365,134
365,133
365,132
365,131
365,130
365,129
365,128
365,127
365,126
365,125
365,124
365,123
365,122
365,121
365,120
365,119
365,118
365,117
365,116
365,115
365,114
365,113
365,112
365,111
365,110
365,89
365,88
365,87
365,86
365,85
365,84
365,83
365,82
365,81
365,80
365,79
365,78
365,77
365,55
365,54
365,53
365,52
365,51
365,50
365,49
365,48
365,47
365,46
365,45
365,44
365,43
365,42
365,41
365,40
365,39
365,38
365,37
365,36
365,35
365,34
365,33
365,32
365,31
365,30
365,29
365,28
365,27
365,26
365,25
365,24
365,23
365,22
365,21
365,20
365,19
365,18
365,17
365,16
365,15
365,14
365,13
365,12
365,11
365,10
365,9
365,8
365,7
365,6
366,229
366,228
366,227
366,226
366,225
366,224
366,223
366,222
366,221
366,220
366,219
366,218
366,217
366,216
366,215
366,214
366,213
366,212
366,211
366,210
366,209
366,208
366,207
366,206
366,205
366,204
366,203
366,202
366,201
366,200
366,199
366,198
366,197
366,196
366,195
366,194
366,193
366,192
366,191
366,190
366,189
366,188
366,187
366,186
366,185
366,184
366,183
366,182
366,181
366,180
366,179
366,178
366,177
366,176
366,175
366,174
366,173
366,172
366,171
366,170
366,169
366,169
366,168
366,167
366,166
366,165
366,164
366,163
366,162
366,161
366,160
366,159
366,158
366,157
366,156
366,155
366,154
366,153
366,152
366,151
366,150
366,149
366,148
366,147
366,146
366,145
366,144
366,143
366,142
366,141
366,140
366,139
366,138
366,137
366,136
366,135
366,134
366,133
366,132
366,131
366,130
366,129
366,128
366,127
366,126
366,125
366,124
366,123
366,122
366,121
366,120
366,119
366,118
366,117
366,116
366,115
366,114
366,113
366,112
366,111
366,110
366,88
366,87
366,86
366,85
366,84
366,83
366,82
366,81
366,80
366,56
366,55
366,54
366,53
366,52
366,51
366,50
366,49
366,48
366,47
366,46
366,45
366,44
366,43
366,42
366,41
366,40
366,39
366,38
366,37
366,36
366,35
366,34
366,33
366,32
366,31
366,30
366,29
366,28
366,27
366,26
366,25
366,24
366,23
366,22
366,21
366,20
366,19
366,18
366,17
366,16
366,15
366,14
366,13
366,12
366,11
366,10
366,9
366,8
366,7
366,6
367,229
367,228
367,227
367,226
367,225
367,224
367,223
367,222
367,221
367,220
367,219
367,218
367,217
367,216
367,215
367,214
367,213
367,212
367,211
367,210
367,209
367,208
367,207
367,206
367,205
367,204
367,203
367,202
367,201
367,200
367,199
367,198
367,197
367,196
367,195
367,194
367,193
367,192
367,191
367,190
367,189
367,188
367,187
367,186
367,185
367,184
367,183
367,182
367,181
367,180
367,179
367,178
367,177
367,176
367,175
367,174
367,173
367,172
367,171
367,170
367,169
367,169
367,168
367,167
367,166
367,165
367,164
367,163
367,162
367,161
367,160
367,159
367,158
367,157
367,156
367,155
367,154
367,153
367,152
367,151
367,150
367,149
367,148
367,147
367,146
367,145
367,144
367,143
367,142
367,141
367,140
367,139
367,138
367,137
367,136
367,135
367,134
367,133
367,132
367,131
367,130
367,129
367,128
367,127
367,126
367,125
367,124
367,123
367,122
367,121
367,120
367,119
367,118
367,117
367,116
367,115
367,114
367,113
367,112
367,111
367,110
367,87
367,86
367,85
367,84
367,83
367,82
367,56
367,55
367,54
367,53
367,52
367,51
367,50
367,49
367,48
367,47
367,46
367,45
367,44
367,43
367,42
367,41
367,40
367,39
367,38
367,37
367,36
367,35
367,34
367,33
367,32
367,31
367,30
367,29
367,28
367,27
367,26
367,25
367,24
367,23
367,22
367,21
367,20
367,19
367,18
367,17
367,16
367,15
367,14
367,13
367,12
367,11
367,10
367,9
367,8
367,7
368,229
368,228
368,227
368,226
368,225
368,224
368,223
368,222
368,221
368,220
368,219
368,218
368,217
368,216
368,215
368,214
368,213
368,212
368,211
368,210
368,209
368,208
368,207
368,206
368,205
368,204
368,203
368,202
368,201
368,200
368,199
368,198
368,197
368,196
368,195
368,194
368,193
368,192
368,191
368,190
368,189
368,188
368,187
368,186
368,185
368,184
368,183
368,182
368,181
368,180
368,179
368,178
368,177
368,176
368,175
368,174
368,173
368,172
368,171
368,170
368,169
368,169
368,168
368,167
368,166
368,165
368,164
368,163
368,162
368,161
368,160
368,159
368,158
368,157
368,156
368,155
368,154
368,153
368,152
368,151
368,150
368,149
368,148
368,147
368,146
368,145
368,144
368,143
368,142
368,141
368,140
368,139
368,138
368,137
368,136
368,135
368,134
368,133
368,132
368,131
368,130
368,129
368,128
368,127
368,126
368,125
368,124
368,123
368,122
368,121
368,120
368,119
368,118
368,117
368,116
368,115
368,114
368,113
368,112
368,111
368,110
368,57
368,56
368,55
368,54
368,53
368,52
368,51
368,50
368,49
368,48
368,47
368,46
368,45
368,44
368,43
368,42
368,41
368,40
368,39
368,38
368,37
368,36
368,35
368,34
368,33
368,32
368,31
368,30
368,29
368,28
368,27
368,26
368,25
368,24
368,23
368,22
368,21
368,20
368,19
368,18
368,17
368,16
368,15
368,14
368,13
368,12
368,11
368,10
368,9
368,8
368,7
369,228
369,227
369,226
369,225
369,224
369,223
369,222
369,221
369,220
369,219
369,218
369,217
369,216
369,215
369,214
369,213
369,212
369,211
369,210
369,209
369,208
369,207
369,206
369,205
369,204
369,203
369,202
369,201
369,200
369,199
369,198
369,197
369,196
369,195
369,194
369,193
369,192
369,191
369,190
369,189
369,188
369,187
369,186
369,185
369,184
369,183
369,182
369,181
369,180
369,179
369,178
369,177
369,176
369,175
369,174
369,173
369,172
369,171
369,170
369,169
369,169
369,168
369,167
369,166
369,165
369,164
369,163
369,162
369,161
369,160
369,159
369,158
369,157
369,156
369,155
369,154
369,153
369,152
369,151
369,150
369,149
369,148
369,147
369,146
369,145
369,144
369,143
369,142
369,141
369,140
369,139
369,138
369,137
369,136
369,135
369,134
369,133
369,132
369,131
369,130
369,129
369,128
369,127
369,126
369,125
369,124
369,123
369,122
369,121
369,120
369,119
369,118
369,117
369,116
369,115
369,114
369,113
369,112
369,111
369,110
369,57
369,56
369,55
369,54
369,53
369,52
369,51
369,50
369,49
369,48
369,47
369,46
369,45
369,44
369,43
369,42
369,41
369,40
369,39
369,38
369,37
369,36
369,35
369,34
369,33
369,32
369,31
369,30
369,29
369,28
369,27
369,26
369,25
369,24
369,23
369,22
369,21
369,20
369,19
369,18
369,17
369,16
369,15
369,14
369,13
369,12
369,11
369,10
369,9
369,8
369,7
370,227
370,226
370,225
370,224
370,223
370,222
370,221
370,220
370,219
370,218
370,217
370,216
370,215
370,214
370,213
370,212
370,211
370,210
370,209
370,208
370,207
370,206
370,205
370,204
370,203
370,202
370,201
370,200
370,199
370,198
370,197
370,196
370,195
370,194
370,193
370,192
370,191
370,190
370,189
370,188
370,187
370,186
370,185
370,184
370,183
370,182
370,181
370,180
370,179
370,178
370,177
370,176
370,175
370,174
370,173
370,172
370,171
370,170
370,169
370,169
370,168
370,167
370,166
370,165
370,164
370,163
370,162
370,161
370,160
370,159
370,158
370,157
370,156
370,155
370,154
370,153
370,152
370,151
370,150
370,149
370,148
370,147
370,146
370,145
370,144
370,143
370,142
370,141
370,140
370,139
370,138
370,137
370,136
370,135
370,134
370,133
370,132
370,131
370,130
370,129
370,128
370,127
370,126
370,125
370,124
370,123
370,122
370,121
370,120
370,119
370,118
370,117
370,116
370,115
370,114
370,113
370,112
370,111
370,110
370,57
370,56
370,55
370,54
370,53
370,52
370,51
370,50
370,49
370,48
370,47
370,46
370,45
370,44
370,43
370,42
370,41
370,40
370,39
370,38
370,37
370,36
370,35
370,34
370,33
370,32
370,31
370,30
370,29
370,28
370,27
370,26
370,25
370,24
370,23
370,22
370,21
370,20
370,19
370,18
370,17
370,16
370,15
370,14
370,13
370,12
370,11
370,10
370,9
370,8
371,227
371,226
371,225
371,224
371,223
371,222
371,221
371,220
371,219
371,218
371,217
371,216
371,215
371,214
371,213
371,212
371,211
371,210
371,209
371,208
371,207
371,206
371,205
371,204
371,203
371,202
371,201
371,200
371,199
371,198
371,197
371,196
371,195
371,194
371,193
371,192
371,191
371,190
371,189
371,188
371,187
371,186
371,185
371,184
371,183
371,182
371,181
371,180
371,179
371,178
371,177
371,176
371,175
371,174
371,173
371,172
371,171
371,170
371,169
371,169
371,168
371,167
371,166
371,165
371,164
371,163
371,162
371,161
371,160
371,159
371,158
371,157
371,156
371,155
371,154
371,153
371,152
371,151
371,150
371,149
371,148
371,147
371,146
371,145
371,144
371,143
371,142
371,141
371,140
371,139
371,138
371,137
371,136
371,135
371,134
371,133
371,132
371,131
371,130
371,129
371,128
371,127
371,126
371,125
371,124
371,123
371,122
371,121
371,120
371,119
371,118
371,117
371,116
371,115
371,114
371,113
371,112
371,111
371,110
371,58
371,57
371,56
371,55
371,54
371,53
371,52
371,51
371,50
371,49
371,48
371,47
371,46
371,45
371,44
371,43
371,42
371,41
371,40
371,39
371,38
371,37
371,36
371,35
371,34
371,33
371,32
371,31
371,30
371,29
371,28
371,27
371,26
371,25
371,24
371,23
371,22
371,21
371,20
371,19
371,18
371,17
371,16
371,15
371,14
371,13
371,12
371,11
371,10
371,9
371,8
372,226
372,225
372,224
372,223
372,222
372,221
372,220
372,219
372,218
372,217
372,216
372,215
372,214
372,213
372,212
372,211
372,210
372,209
372,208
372,207
372,206
372,205
372,204
372,203
372,202
372,201
372,200
372,199
372,198
372,197
372,196
372,195
372,194
372,193
372,192
372,191
372,190
372,189
372,188
372,187
372,186
372,185
372,184
372,183
372,182
372,181
372,180
372,179
372,178
372,177
372,176
372,175
372,174
372,173
372,172
372,171
372,170
372,169
372,169
372,168
372,167
372,166
372,165
372,164
372,163
372,162
372,161
372,160
372,159
372,158
372,157
372,156
372,155
372,154
372,153
372,152
372,151
372,150
372,149
372,148
372,147
372,146
372,145
372,144
372,143
372,142
372,141
372,140
372,139
372,138
372,137
372,136
372,135
372,134
372,133
372,132
372,131
372,130
372,129
372,128
372,127
372,126
372,125
372,124
372,123
372,122
372,121
372,120
372,119
372,118
372,117
372,116
372,115
372,114
372,113
372,112
372,111
372,110
372,58
372,57
372,56
372,55
372,54
372,53
372,52
372,51
372,50
372,49
372,48
372,47
372,46
372,45
372,44
372,43
372,42
372,41
372,40
372,39
372,38
372,37
372,36
372,35
372,34
372,33
372,32
372,31
372,30
372,29
372,28
372,27
372,26
372,25
372,24
372,23
372,22
372,21
372,20
372,19
372,18
372,17
372,16
372,15
372,14
372,13
372,12
372,11
372,10
372,9
373,225
373,224
373,223
373,222
373,221
373,220
373,219
373,218
373,217
373,216
373,215
373,214
373,213
373,212
373,211
373,210
373,209
373,208
373,207
373,206
373,205
373,204
373,203
373,202
373,201
373,200
373,199
373,198
373,197
373,196
373,195
373,194
373,193
373,192
373,191
373,190
373,189
373,188
373,187
373,186
373,185
373,184
373,183
373,182
373,181
373,180
373,179
373,178
373,177
373,176
373,175
373,174
373,173
373,172
373,171
373,170
373,169
373,169
373,168
373,167
373,166
373,165
373,164
373,163
373,162
373,161
373,160
373,159
373,158
373,157
373,156
373,155
373,154
373,153
373,152
373,151
373,150
373,149
373,148
373,147
373,146
373,145
373,144
373,143
373,142
373,141
373,140
373,139
373,138
373,137
373,136
373,135
373,134
373,133
373,132
373,131
373,130
373,129
373,128
373,127
373,126
373,125
373,124
373,123
373,122
373,121
373,120
373,119
373,118
373,117
373,116
373,115
373,114
373,113
373,112
373,111
373,110
373,58
373,57
373,56
373,55
373,54
373,53
373,52
373,51
373,50
373,49
373,48
373,47
373,46
373,45
373,44
373,43
373,42
373,41
373,40
373,39
373,38
373,37
373,36
373,35
373,34
373,33
373,32
373,31
373,30
373,29
373,28
373,27
373,26
373,25
373,24
373,23
373,22
373,21
373,20
373,19
373,18
373,17
373,16
373,15
373,14
373,13
373,12
373,11
373,10
373,9
374,224
374,223
374,222
374,221
374,220
374,219
374,218
374,217
374,216
374,215
374,214
374,213
374,212
374,211
374,210
374,209
374,208
374,207
374,206
374,205
374,204
374,203
374,202
374,201
374,200
374,199
374,198
374,197
374,196
374,195
374,194
374,193
374,192
374,191
374,190
374,189
374,188
374,187
374,186
374,185
374,184
374,183
374,182
374,181
374,180
374,179
374,178
374,177
374,176
374,175
374,174
374,173
374,172
374,171
374,170
374,169
374,169
374,168
374,167
374,166
374,165
374,164
374,163
374,162
374,161
374,160
374,159
374,158
374,157
374,156
374,155
374,154
374,153
374,152
374,151
374,150
374,149
374,148
374,147
374,146
374,145
374,144
374,143
374,142
374,141
374,140
374,139
374,138
374,137
374,136
374,135
374,134
374,133
374,132
374,131
374,130
374,129
374,128
374,127
374,126
374,125
374,124
374,123
374,122
374,121
374,120
374,119
374,118
374,117
374,116
374,115
374,114
374,113
374,112
374,111
374,110
374,58
374,57
374,56
374,55
374,54
374,53
374,52
374,51
374,50
374,49
374,48
374,47
374,46
374,45
374,44
374,43
374,42
374,41
374,40
374,39
374,38
374,37
374,36
374,35
374,34
374,33
374,32
374,31
374,30
374,29
374,28
374,27
374,26
374,25
374,24
374,23
374,22
374,21
374,20
374,19
374,18
374,17
374,16
374,15
374,14
374,13
374,12
374,11
374,10
375,224
375,223
375,222
375,221
375,220
375,219
375,218
375,217
375,216
375,215
375,214
375,213
375,212
375,211
375,210
375,209
375,208
375,207
375,206
375,205
375,204
375,203
375,202
375,201
375,200
375,199
375,198
375,197
375,196
375,195
375,194
375,193
375,192
375,191
375,190
375,189
375,188
375,187
375,186
375,185
375,184
375,183
375,182
375,181
375,180
375,179
375,178
375,177
375,176
375,175
375,174
375,173
375,172
375,171
375,170
375,169
375,169
375,168
375,167
375,166
375,165
375,164
375,163
375,162
375,161
375,160
375,159
375,158
375,157
375,156
375,155
375,154
375,153
375,152
375,151
375,150
375,149
375,148
375,147
375,146
375,145
375,144
375,143
375,142
375,141
375,140
375,139
375,138
375,137
375,136
375,135
375,134
375,133
375,132
375,131
375,130
375,129
375,128
375,127
375,126
375,125
375,124
375,123
375,122
375,121
375,120
375,119
375,118
375,117
375,116
375,115
375,114
375,113
375,112
375,111
375,110
375,109
375,56
375,55
375,54
375,53
375,52
375,51
375,50
375,49
375,48
375,47
375,46
375,45
375,44
375,43
375,42
375,41
375,40
375,39
375,38
375,37
375,36
375,35
375,34
375,33
375,32
375,31
375,30
375,29
375,28
375,27
375,26
375,25
375,24
375,23
375,22
375,21
375,20
375,19
375,18
375,17
375,16
375,15
375,14
375,13
375,12
375,11
376,223
376,222
376,221
376,220
376,219
376,218
376,217
376,216
376,215
376,214
376,213
376,212
376,211
376,210
376,209
376,208
376,207
376,206
376,205
376,204
376,203
376,202
376,201
376,200
376,199
376,198
376,197
376,196
376,195
376,194
376,193
376,192
376,191
376,190
376,189
376,188
376,187
376,186
376,185
376,184
376,183
376,182
376,181
376,180
376,179
376,178
376,177
376,176
376,175
376,174
376,173
376,172
376,171
376,170
376,169
376,169
376,168
376,167
376,166
376,165
376,164
376,163
376,162
376,161
376,160
376,159
376,158
376,157
376,156
376,155
376,154
376,153
376,152
376,151
376,150
376,149
376,148
376,147
376,146
376,145
376,144
376,143
376,142
376,141
376,140
376,139
376,138
376,137
376,136
376,135
376,134
376,133
376,132
376,131
376,130
376,129
376,128
376,127
376,126
376,125
376,124
376,123
376,122
376,121
376,120
376,119
376,118
376,117
376,116
376,115
376,114
376,113
376,112
376,111
376,110
376,109
376,54
376,53
376,52
376,51
376,50
376,49
376,48
376,47
376,46
376,45
376,44
376,43
376,42
376,41
376,40
376,39
376,38
376,37
376,36
376,35
376,34
376,33
376,32
376,31
376,30
376,29
376,28
376,27
376,26
376,25
376,24
376,23
376,22
376,21
376,20
376,19
376,18
376,17
376,16
376,15
376,14
376,13
376,12
377,222
377,221
377,220
377,219
377,218
377,217
377,216
377,215
377,214
377,213
377,212
377,211
377,210
377,209
377,208
377,207
377,206
377,205
377,204
377,203
377,202
377,201
377,200
377,199
377,198
377,197
377,196
377,195
377,194
377,193
377,192
377,191
377,190
377,189
377,188
377,187
377,186
377,185
377,184
377,183
377,182
377,181
377,180
377,179
377,178
377,177
377,176
377,175
377,174
377,173
377,172
377,171
377,170
377,169
377,169
377,168
377,167
377,166
377,165
377,164
377,163
377,162
377,161
377,160
377,159
377,158
377,157
377,156
377,155
377,154
377,153
377,152
377,151
377,150
377,149
377,148
377,147
377,146
377,145
377,144
377,143
377,142
377,141
377,140
377,139
377,138
377,137
377,136
377,135
377,134
377,133
377,132
377,131
377,130
377,129
377,128
377,127
377,126
377,125
377,124
377,123
377,122
377,121
377,120
377,119
377,118
377,117
377,116
377,115
377,114
377,113
377,112
377,111
377,110
377,109
377,53
377,52
377,51
377,50
377,49
377,48
377,47
377,46
377,45
377,44
377,43
377,42
377,41
377,40
377,39
377,38
377,37
377,36
377,35
377,34
377,33
377,32
377,31
377,30
377,29
377,28
377,27
377,26
377,25
377,24
377,23
377,22
377,21
377,20
377,19
377,18
377,17
377,16
377,15
377,14
377,13
378,222
378,221
378,220
378,219
378,218
378,217
378,216
378,215
378,214
378,213
378,212
378,211
378,210
378,209
378,208
378,207
378,206
378,205
378,204
378,203
378,202
378,201
378,200
378,199
378,198
378,197
378,196
378,195
378,194
378,193
378,192
378,191
378,190
378,189
378,188
378,187
378,186
378,185
378,184
378,183
378,182
378,181
378,180
378,179
378,178
378,177
378,176
378,175
378,174
378,173
378,172
378,171
378,170
378,169
378,169
378,168
378,167
378,166
378,165
378,164
378,163
378,162
378,161
378,160
378,159
378,158
378,157
378,156
378,155
378,154
378,153
378,152
378,151
378,150
378,149
378,148
378,147
378,146
378,145
378,144
378,143
378,142
378,141
378,140
378,139
378,138
378,137
378,136
378,135
378,134
378,133
378,132
378,131
378,130
378,129
378,128
378,127
378,126
378,125
378,124
378,123
378,122
378,121
378,120
378,119
378,118
378,117
378,116
378,115
378,114
378,113
378,112
378,111
378,110
378,109
378,51
378,50
378,49
378,48
378,47
378,46
378,45
378,44
378,43
378,42
378,41
378,40
378,39
378,38
378,37
378,36
378,35
378,34
378,33
378,32
378,31
378,30
378,29
378,28
378,27
378,26
378,25
378,24
378,23
378,22
378,21
378,20
378,19
378,18
378,17
378,16
378,15
378,14
378,13
379,222
379,221
379,220
379,219
379,218
379,217
379,216
379,215
379,214
379,213
379,212
379,211
379,210
379,209
379,208
379,207
379,206
379,205
379,204
379,203
379,202
379,201
379,200
379,199
379,198
379,197
379,196
379,195
379,194
379,193
379,192
379,191
379,190
379,189
379,188
379,187
379,186
379,185
379,184
379,183
379,182
379,181
379,180
379,179
379,178
379,177
379,176
379,175
379,174
379,173
379,172
379,171
379,170
379,169
379,169
379,168
379,167
379,166
379,165
379,164
379,163
379,162
379,161
379,160
379,159
379,158
379,157
379,156
379,155
379,154
379,153
379,152
379,151
379,150
379,149
379,148
379,147
379,146
379,145
379,144
379,143
379,142
379,141
379,140
379,139
379,138
379,137
379,136
379,135
379,134
379,133
379,132
379,131
379,130
379,129
379,128
379,127
379,126
379,125
379,124
379,123
379,122
379,121
379,120
379,119
379,118
379,117
379,116
379,115
379,114
379,113
379,112
379,111
379,110
379,109
379,50
379,49
379,48
379,47
379,46
379,45
379,44
379,43
379,42
379,41
379,40
379,39
379,38
379,37
379,36
379,35
379,34
379,33
379,32
379,31
379,30
379,29
379,28
379,27
379,26
379,25
379,24
379,23
379,22
379,21
379,20
379,19
379,18
379,17
379,16
379,15
379,14
380,221
380,220
380,219
380,218
380,217
380,216
380,215
380,214
380,213
380,212
380,211
380,210
380,209
380,208
380,207
380,206
380,205
380,204
380,203
380,202
380,201
380,200
380,199
380,198
380,197
380,196
380,195
380,194
380,193
380,192
380,191
380,190
380,189
380,188
380,187
380,186
380,185
380,184
380,183
380,182
380,181
380,180
380,179
380,178
380,177
380,176
380,175
380,174
380,173
380,172
380,171
380,170
380,169
380,169
380,168
380,167
380,166
380,165
380,164
380,163
380,162
380,161
380,160
380,159
380,158
380,157
380,156
380,155
380,154
380,153
380,152
380,151
380,150
380,149
380,148
380,147
380,146
380,145
380,144
380,143
380,142
380,141
380,140
380,139
380,138
380,137
380,136
380,135
380,134
380,133
380,132
380,131
380,130
380,129
380,128
380,127
380,126
380,125
380,124
380,123
380,122
380,121
380,120
380,119
380,118
380,117
380,116
380,115
380,114
380,113
380,112
380,111
380,110
380,109
380,48
380,47
380,46
380,45
380,44
380,43
380,42
380,41
380,40
380,39
380,38
380,37
380,36
380,35
380,34
380,33
380,32
380,31
380,30
380,29
380,28
380,27
380,26
380,25
380,24
380,23
380,22
380,21
380,20
380,19
380,18
380,17
380,16
380,15
381,221
381,220
381,219
381,218
381,217
381,216
381,215
381,214
381,213
381,212
381,211
381,210
381,209
381,208
381,207
381,206
381,205
381,204
381,203
381,202
381,201
381,200
381,199
381,198
381,197
381,196
381,195
381,194
381,193
381,192
381,191
381,190
381,189
381,188
381,187
381,186
381,185
381,184
381,183
381,182
381,181
381,180
381,179
381,178
381,177
381,176
381,175
381,174
381,173
381,172
381,171
381,170
381,169
381,169
381,168
381,167
381,166
381,165
381,164
381,163
381,162
381,161
381,160
381,159
381,158
381,157
381,156
381,155
381,154
381,153
381,152
381,151
381,150
381,149
381,148
381,147
381,146
381,145
381,144
381,143
381,142
381,141
381,140
381,139
381,138
381,137
381,136
381,135
381,134
381,133
381,132
381,131
381,130
381,129
381,128
381,127
381,126
381,125
381,124
381,123
381,122
381,121
381,120
381,119
381,118
381,117
381,116
381,115
381,114
381,113
381,112
381,111
381,110
381,109
381,46
381,45
381,44
381,43
381,42
381,41
381,40
381,39
381,38
381,37
381,36
381,35
381,34
381,33
381,32
381,31
381,30
381,29
381,28
381,27
381,26
381,25
381,24
381,23
381,22
381,21
381,20
381,19
381,18
381,17
382,221
382,220
382,219
382,218
382,217
382,216
382,215
382,214
382,213
382,212
382,211
382,210
382,209
382,208
382,207
382,206
382,205
382,204
382,203
382,202
382,201
382,200
382,199
382,198
382,197
382,196
382,195
382,194
382,193
382,192
382,191
382,190
382,189
382,188
382,187
382,186
382,185
382,184
382,183
382,182
382,181
382,180
382,179
382,178
382,177
382,176
382,175
382,174
382,173
382,172
382,171
382,170
382,169
382,169
382,168
382,167
382,166
382,165
382,164
382,163
382,162
382,161
382,160
382,159
382,158
382,157
382,156
382,155
382,154
382,153
382,152
382,151
382,150
382,149
382,148
382,147
382,146
382,145
382,144
382,143
382,142
382,141
382,140
382,139
382,138
382,137
382,136
382,135
382,134
382,133
382,132
382,131
382,130
382,129
382,128
382,127
382,126
382,125
382,124
382,123
382,122
382,121
382,120
382,119
382,118
382,117
382,116
382,115
382,114
382,113
382,112
382,111
382,110
382,109
382,45
382,44
382,43
382,42
382,41
382,40
382,39
382,38
382,37
382,36
382,35
382,34
382,33
382,32
382,31
382,30
382,29
382,28
382,27
382,26
382,25
382,24
382,23
382,22
382,21
382,20
382,19
382,18
383,222
383,221
383,220
383,219
383,218
383,217
383,216
383,215
383,214
383,213
383,212
383,211
383,210
383,209
383,208
383,207
383,206
383,205
383,204
383,203
383,202
383,201
383,200
383,199
383,198
383,197
383,196
383,195
383,194
383,193
383,192
383,191
383,190
383,189
383,188
383,187
383,186
383,185
383,184
383,183
383,182
383,181
383,180
383,179
383,178
383,177
383,176
383,175
383,174
383,173
383,172
383,171
383,170
383,169
383,169
383,168
383,167
383,166
383,165
383,164
383,163
383,162
383,161
383,160
383,159
383,158
383,157
383,156
383,155
383,154
383,153
383,152
383,151
383,150
383,149
383,148
383,147
383,146
383,145
383,144
383,143
383,142
383,141
383,140
383,139
383,138
383,137
383,136
383,135
383,134
383,133
383,132
383,131
383,130
383,129
383,128
383,127
383,126
383,125
383,124
383,123
383,122
383,121
383,120
383,119
383,118
383,117
383,116
383,115
383,114
383,113
383,112
383,111
383,110
383,109
383,43
383,42
383,41
383,40
383,39
383,38
383,37
383,36
383,35
383,34
383,33
383,32
383,31
383,30
383,29
383,28
383,27
383,26
383,25
383,24
383,23
383,22
383,21
383,20
384,222
384,221
384,220
384,219
384,218
384,217
384,216
384,215
384,214
384,213
384,212
384,211
384,210
384,209
384,208
384,207
384,206
384,205
384,204
384,203
384,202
384,201
384,200
384,199
384,198
384,197
384,196
384,195
384,194
384,193
384,192
384,191
384,190
384,189
384,188
384,187
384,186
384,185
384,184
384,183
384,182
384,181
384,180
384,179
384,178
384,177
384,176
384,175
384,174
384,173
384,172
384,171
384,170
384,169
384,169
384,168
384,167
384,166
384,165
384,164
384,163
384,162
384,161
384,160
384,159
384,158
384,157
384,156
384,155
384,154
384,153
384,152
384,151
384,150
384,149
384,148
384,147
384,146
384,145
384,144
384,143
384,142
384,141
384,140
384,139
384,138
384,137
384,136
384,135
384,134
384,133
384,132
384,131
384,130
384,129
384,128
384,127
384,126
384,125
384,124
384,123
384,122
384,121
384,120
384,119
384,118
384,117
384,116
384,115
384,114
384,113
384,112
384,111
384,110
384,109
384,108
384,41
384,40
384,39
384,38
384,37
384,36
384,35
384,34
384,33
384,32
384,31
384,30
384,29
384,28
384,27
384,26
384,25
384,24
384,23
384,22
384,21
385,222
385,221
385,220
385,219
385,218
385,217
385,216
385,215
385,214
385,213
385,212
385,211
385,210
385,209
385,208
385,207
385,206
385,205
385,204
385,203
385,202
385,201
385,200
385,199
385,198
385,197
385,196
385,195
385,194
385,193
385,192
385,191
385,190
385,189
385,188
385,187
385,186
385,185
385,184
385,183
385,182
385,181
385,180
385,179
385,178
385,177
385,176
385,175
385,174
385,173
385,172
385,171
385,170
385,169
385,169
385,168
385,167
385,166
385,165
385,164
385,163
385,162
385,161
385,160
385,159
385,158
385,157
385,156
385,155
385,154
385,153
385,152
385,151
385,150
385,149
385,148
385,147
385,146
385,145
385,144
385,143
385,142
385,141
385,140
385,139
385,138
385,137
385,136
385,135
385,134
385,133
385,132
385,131
385,130
385,129
385,128
385,127
385,126
385,125
385,124
385,123
385,122
385,121
385,120
385,119
385,118
385,117
385,116
385,115
385,114
385,113
385,112
385,111
385,110
385,109
385,108
385,40
385,39
385,38
385,37
385,36
385,35
385,34
385,33
385,32
385,31
385,30
385,29
385,28
385,27
385,26
385,25
385,24
385,23
386,223
386,222
386,221
386,220
386,219
386,218
386,217
386,216
386,215
386,214
386,213
386,212
386,211
386,210
386,209
386,208
386,207
386,206
386,205
386,204
386,203
386,202
386,201
386,200
386,199
386,198
386,197
386,196
386,195
386,194
386,193
386,192
386,191
386,190
386,189
386,188
386,187
386,186
386,185
386,184
386,183
386,182
386,181
386,180
386,179
386,178
386,177
386,176
386,175
386,174
386,173
386,172
386,171
386,170
386,169
386,169
386,168
386,167
386,166
386,165
386,164
386,163
386,162
386,161
386,160
386,159
386,158
386,157
386,156
386,155
386,154
386,153
386,152
386,151
386,150
386,149
386,148
386,147
386,146
386,145
386,144
386,143
386,142
386,141
386,140
386,139
386,138
386,137
386,136
386,135
386,134
386,133
386,132
386,131
386,130
386,129
386,128
386,127
386,126
386,125
386,124
386,123
386,122
386,121
386,120
386,119
386,118
386,117
386,116
386,115
386,114
386,113
386,112
386,111
386,110
386,109
386,108
386,107
386,38
386,37
386,36
386,35
386,34
386,33
386,32
386,31
386,30
386,29
386,28
386,27
386,26
386,25
386,24
387,223
387,222
387,221
387,220
387,219
387,218
387,217
387,216
387,215
387,214
387,213
387,212
387,211
387,210
387,209
387,208
387,207
387,206
387,205
387,204
387,203
387,202
387,201
387,200
387,199
387,198
387,197
387,196
387,195
387,194
387,193
387,192
387,191
387,190
387,189
387,188
387,187
387,186
387,185
387,184
387,183
387,182
387,181
387,180
387,179
387,178
387,177
387,176
387,175
387,174
387,173
387,172
387,171
387,170
387,169
387,169
387,168
387,167
387,166
387,165
387,164
387,163
387,162
387,161
387,160
387,159
387,158
387,157
387,156
387,155
387,154
387,153
387,152
387,151
387,150
387,149
387,148
387,147
387,146
387,145
387,144
387,143
387,142
387,141
387,140
387,139
387,138
387,137
387,136
387,135
387,134
387,133
387,132
387,131
387,130
387,129
387,128
387,127
387,126
387,125
387,124
387,123
387,122
387,121
387,120
387,119
387,118
387,117
387,116
387,115
387,114
387,113
387,112
387,111
387,110
387,109
387,108
387,107
387,36
387,35
387,34
387,33
387,32
387,31
387,30
387,29
387,28
388,223
388,222
388,221
388,220
388,219
388,218
388,217
388,216
388,215
388,214
388,213
388,212
388,211
388,210
388,209
388,208
388,207
388,206
388,205
388,204
388,203
388,202
388,201
388,200
388,199
388,198
388,197
388,196
388,195
388,194
388,193
388,192
388,191
388,190
388,189
388,188
388,187
388,186
388,185
388,184
388,183
388,182
388,181
388,180
388,179
388,178
388,177
388,176
388,175
388,174
388,173
388,172
388,171
388,170
388,169
388,169
388,168
388,167
388,166
388,165
388,164
388,163
388,162
388,161
388,160
388,159
388,158
388,157
388,156
388,155
388,154
388,153
388,152
388,151
388,150
388,149
388,148
388,147
388,146
388,145
388,144
388,143
388,142
388,141
388,140
388,139
388,138
388,137
388,136
388,135
388,134
388,133
388,132
388,131
388,130
388,129
388,128
388,127
388,126
388,125
388,124
388,123
388,122
388,121
388,120
388,119
388,118
388,117
388,116
388,115
388,114
388,113
388,112
388,111
388,110
388,109
388,108
388,107
388,106
389,224
389,223
389,222
389,221
389,220
389,219
389,218
389,217
389,216
389,215
389,214
389,213
389,212
389,211
389,210
389,209
389,208
389,207
389,206
389,205
389,204
389,203
389,202
389,201
389,200
389,199
389,198
389,197
389,196
389,195
389,194
389,193
389,192
389,191
389,190
389,189
389,188
389,187
389,186
389,185
389,184
389,183
389,182
389,181
389,180
389,179
389,178
389,177
389,176
389,175
389,174
389,173
389,172
389,171
389,170
389,169
389,169
389,168
389,167
389,166
389,165
389,164
389,163
389,162
389,161
389,160
389,159
389,158
389,157
389,156
389,155
389,154
389,153
389,152
389,151
389,150
389,149
389,148
389,147
389,146
389,145
389,144
389,143
389,142
389,141
389,140
389,139
389,138
389,137
389,136
389,135
389,134
389,133
389,132
389,131
389,130
389,129
389,128
389,127
389,126
389,125
389,124
389,123
389,122
389,121
389,120
389,119
389,118
389,117
389,116
389,115
389,114
389,113
389,112
389,111
389,110
389,109
389,108
389,107
389,106
390,231
390,230
390,229
390,228
390,225
390,224
390,223
390,222
390,221
390,220
390,219
390,218
390,217
390,216
390,215
390,214
390,213
390,212
390,211
390,210
390,209
390,208
390,207
390,206
390,205
390,204
390,203
390,202
390,201
390,200
390,199
390,198
390,197
390,196
390,195
390,194
390,193
390,192
390,191
390,190
390,189
390,188
390,187
390,186
390,185
390,184
390,183
390,182
390,181
390,180
390,179
390,178
390,177
390,176
390,175
390,174
390,173
390,172
390,171
390,170
390,169
390,169
390,168
390,167
390,166
390,165
390,164
390,163
390,162
390,161
390,160
390,159
390,158
390,157
390,156
390,155
390,154
390,153
390,152
390,151
390,150
390,149
390,148
390,147
390,146
390,145
390,144
390,143
390,142
390,141
390,140
390,139
390,138
390,137
390,136
390,135
390,134
390,133
390,132
390,131
390,130
390,129
390,122
390,121
390,120
390,119
390,118
390,117
390,116
390,115
390,114
390,113
390,112
390,111
390,110
390,109
390,108
390,107
391,232
391,231
391,230
391,229
391,228
391,227
391,226
391,225
391,224
391,223
391,222
391,221
391,220
391,219
391,218
391,217
391,216
391,215
391,214
391,213
391,212
391,211
391,210
391,209
391,208
391,207
391,206
391,205
391,204
391,203
391,202
391,201
391,200
391,199
391,198
391,197
391,196
391,195
391,194
391,193
391,192
391,191
391,190
391,189
391,188
391,187
391,186
391,185
391,184
391,183
391,182
391,181
391,180
391,179
391,178
391,177
391,176
391,175
391,174
391,173
391,172
391,171
391,170
391,169
391,169
391,168
391,167
391,166
391,165
391,164
391,163
391,162
391,161
391,160
391,159
391,158
391,157
391,156
391,155
391,154
391,153
391,152
391,151
391,150
391,149
391,148
391,147
391,146
391,145
391,144
391,143
391,142
391,141
391,140
391,139
391,138
391,137
391,136
391,135
391,134
391,133
391,132
391,131
391,130
391,121
391,120
391,119
391,118
391,117
391,116
391,115
391,114
391,113
391,112
391,111
391,110
391,109
391,108
391,107
392,233
392,232
392,231
392,230
392,229
392,228
392,227
392,226
392,225
392,224
392,223
392,222
392,221
392,220
392,219
392,218
392,217
392,216
392,215
392,214
392,213
392,212
392,211
392,210
392,209
392,208
392,207
392,206
392,205
392,204
392,203
392,202
392,201
392,200
392,199
392,198
392,197
392,196
392,195
392,194
392,193
392,192
392,191
392,190
392,189
392,188
392,187
392,186
392,185
392,184
392,183
392,182
392,181
392,180
392,179
392,178
392,177
392,176
392,175
392,174
392,173
392,172
392,171
392,170
392,169
392,169
392,168
392,167
392,166
392,165
392,164
392,163
392,162
392,161
392,160
392,159
392,158
392,157
392,156
392,155
392,154
392,153
392,152
392,151
392,150
392,149
392,148
392,147
392,146
392,145
392,144
392,143
392,142
392,141
392,140
392,139
392,138
392,137
392,136
392,135
392,134
392,133
392,132
392,131
392,120
392,119
392,118
392,117
392,116
392,115
392,114
392,113
392,112
392,111
392,110
392,109
392,108
392,107
393,234
393,233
393,232
393,231
393,230
393,229
393,228
393,227
393,226
393,225
393,224
393,223
393,222
393,221
393,220
393,219
393,218
393,217
393,216
393,215
393,214
393,213
393,212
393,211
393,210
393,209
393,208
393,207
393,206
393,205
393,204
393,203
393,202
393,201
393,200
393,199
393,198
393,197
393,196
393,195
393,194
393,193
393,192
393,191
393,190
393,189
393,188
393,187
393,186
393,185
393,184
393,183
393,182
393,181
393,180
393,179
393,178
393,177
393,176
393,175
393,174
393,173
393,172
393,171
393,170
393,169
393,169
393,168
393,167
393,166
393,165
393,164
393,163
393,162
393,161
393,160
393,159
393,158
393,157
393,156
393,155
393,154
393,153
393,152
393,151
393,150
393,149
393,148
393,147
393,146
393,145
393,144
393,143
393,142
393,141
393,140
393,139
393,138
393,137
393,136
393,135
393,134
393,133
393,132
393,131
393,120
393,119
393,118
393,117
393,116
393,115
393,114
393,113
393,112
393,111
393,110
393,109
393,108
393,107
394,234
394,233
394,232
394,231
394,230
394,229
394,228
394,227
394,226
394,225
394,224
394,223
394,222
394,221
394,220
394,219
394,218
394,217
394,216
394,215
394,214
394,213
394,212
394,211
394,210
394,209
394,208
394,207
394,206
394,205
394,204
394,203
394,202
394,201
394,200
394,199
394,198
394,197
394,196
394,195
394,194
394,193
394,192
394,191
394,190
394,189
394,188
394,187
394,186
394,185
394,184
394,183
394,182
394,181
394,180
394,179
394,178
394,177
394,176
394,175
394,174
394,173
394,172
394,171
394,170
394,169
394,169
394,168
394,167
394,166
394,165
394,164
394,163
394,162
394,161
394,160
394,159
394,158
394,157
394,156
394,155
394,154
394,153
394,152
394,151
394,150
394,149
394,148
394,147
394,146
394,145
394,144
394,143
394,142
394,141
394,140
394,139
394,138
394,137
394,136
394,135
394,134
394,133
394,132
394,131
394,119
394,118
394,117
394,116
394,115
394,114
394,113
394,112
394,111
394,110
394,109
395,234
395,233
395,232
395,231
395,230
395,229
395,228
395,227
395,226
395,225
395,224
395,223
395,222
395,221
395,220
395,219
395,218
395,217
395,216
395,215
395,214
395,213
395,212
395,211
395,210
395,209
395,208
395,207
395,206
395,205
395,204
395,203
395,202
395,201
395,200
395,199
395,198
395,197
395,196
395,195
395,194
395,193
395,192
395,191
395,190
395,189
395,188
395,187
395,186
395,185
395,184
395,183
395,182
395,181
395,180
395,179
395,178
395,177
395,176
395,175
395,174
395,173
395,172
395,171
395,170
395,169
395,169
395,168
395,167
395,166
395,165
395,164
395,163
395,162
395,161
395,160
395,159
395,158
395,157
395,156
395,155
395,154
395,153
395,152
395,151
395,150
395,149
395,148
395,147
395,146
395,145
395,144
395,143
395,142
395,141
395,140
395,139
395,138
395,137
395,136
395,135
395,134
395,133
395,132
395,131
395,118
395,117
395,116
395,115
395,114
395,113
395,112
395,111
395,110
396,235
396,234
396,233
396,232
396,231
396,230
396,229
396,228
396,227
396,226
396,225
396,224
396,223
396,222
396,221
396,220
396,219
396,218
396,217
396,216
396,215
396,214
396,213
396,212
396,211
396,210
396,209
396,208
396,207
396,206
396,205
396,204
396,203
396,202
396,201
396,200
396,199
396,198
396,197
396,196
396,195
396,194
396,193
396,192
396,191
396,190
396,189
396,188
396,187
396,186
396,185
396,184
396,183
396,182
396,181
396,180
396,179
396,178
396,177
396,176
396,175
396,174
396,173
396,172
396,171
396,170
396,169
396,169
396,168
396,167
396,166
396,165
396,164
396,163
396,162
396,161
396,160
396,159
396,158
396,157
396,156
396,155
396,154
396,153
396,152
396,151
396,150
396,149
396,148
396,147
396,146
396,145
396,144
396,143
396,142
396,141
396,140
396,139
396,138
396,137
396,136
396,135
396,134
396,133
396,132
396,131
396,112
396,111
397,235
397,234
397,233
397,232
397,231
397,230
397,229
397,228
397,227
397,226
397,225
397,224
397,223
397,222
397,221
397,220
397,219
397,218
397,217
397,216
397,215
397,214
397,213
397,212
397,211
397,210
397,209
397,208
397,207
397,206
397,205
397,204
397,203
397,202
397,201
397,200
397,199
397,198
397,197
397,196
397,195
397,194
397,193
397,192
397,191
397,190
397,189
397,188
397,187
397,186
397,185
397,184
397,183
397,182
397,181
397,180
397,179
397,178
397,177
397,176
397,175
397,174
397,173
397,172
397,171
397,170
397,169
397,169
397,168
397,167
397,166
397,165
397,164
397,163
397,162
397,161
397,160
397,159
397,158
397,157
397,156
397,155
397,154
397,153
397,152
397,151
397,150
397,149
397,148
397,147
397,146
397,145
397,144
397,143
397,142
397,141
397,140
397,139
397,138
397,137
397,136
397,135
397,134
397,133
397,132
397,131
397,130
398,235
398,234
398,233
398,232
398,231
398,230
398,229
398,228
398,227
398,226
398,225
398,224
398,223
398,222
398,221
398,220
398,219
398,218
398,217
398,216
398,215
398,214
398,213
398,212
398,211
398,210
398,209
398,208
398,207
398,206
398,205
398,204
398,203
398,202
398,201
398,200
398,199
398,198
398,197
398,196
398,195
398,194
398,193
398,192
398,191
398,190
398,189
398,188
398,187
398,186
398,185
398,184
398,183
398,182
398,181
398,180
398,179
398,178
398,177
398,176
398,175
398,174
398,173
398,172
398,171
398,170
398,169
398,169
398,168
398,167
398,166
398,165
398,164
398,163
398,162
398,161
398,160
398,159
398,158
398,157
398,156
398,155
398,154
398,153
398,152
398,151
398,150
398,149
398,148
398,147
398,146
398,145
398,144
398,143
398,142
398,141
398,140
398,139
398,138
398,137
398,136
398,135
398,134
398,133
398,132
398,131
398,130
399,235
399,234
399,233
399,232
399,231
399,230
399,229
399,228
399,227
399,226
399,225
399,224
399,223
399,222
399,221
399,220
399,219
399,218
399,217
399,216
399,215
399,214
399,213
399,212
399,211
399,210
399,209
399,208
399,207
399,206
399,205
399,204
399,203
399,202
399,201
399,200
399,199
399,198
399,197
399,196
399,195
399,194
399,193
399,192
399,191
399,190
399,189
399,188
399,187
399,186
399,185
399,184
399,183
399,182
399,181
399,180
399,179
399,178
399,177
399,176
399,175
399,174
399,173
399,172
399,171
399,170
399,169
399,169
399,168
399,167
399,166
399,165
399,164
399,163
399,162
399,161
399,160
399,159
399,158
399,157
399,156
399,155
399,154
399,153
399,152
399,151
399,150
399,149
399,148
399,147
399,146
399,145
399,144
399,143
399,142
399,141
399,140
399,139
399,138
399,137
399,136
399,135
399,134
399,133
399,132
399,131
399,130
400,235
400,234
400,233
400,232
400,231
400,230
400,229
400,228
400,227
400,226
400,225
400,224
400,223
400,222
400,221
400,220
400,219
400,218
400,217
400,216
400,215
400,214
400,213
400,212
400,211
400,210
400,209
400,208
400,207
400,206
400,205
400,204
400,203
400,202
400,201
400,200
400,199
400,198
400,197
400,196
400,195
400,194
400,193
400,192
400,191
400,190
400,189
400,188
400,187
400,186
400,185
400,184
400,183
400,182
400,181
400,180
400,179
400,178
400,177
400,176
400,175
400,174
400,173
400,172
400,171
400,170
400,169
400,169
400,168
400,167
400,166
400,165
400,164
400,163
400,162
400,161
400,160
400,159
400,158
400,157
400,156
400,155
400,154
400,153
400,152
400,151
400,150
400,149
400,148
400,147
400,146
400,145
400,144
400,143
400,142
400,141
400,140
400,139
400,138
400,137
400,136
400,135
400,134
400,133
400,132
400,131
400,130
401,235
401,234
401,233
401,232
401,231
401,230
401,229
401,228
401,227
401,226
401,225
401,224
401,223
401,222
401,221
401,220
401,219
401,218
401,217
401,216
401,215
401,214
401,213
401,212
401,211
401,210
401,209
401,208
401,207
401,206
401,205
401,204
401,203
401,202
401,201
401,200
401,199
401,198
401,197
401,196
401,195
401,194
401,193
401,192
401,191
401,190
401,189
401,188
401,187
401,186
401,185
401,184
401,183
401,182
401,181
401,180
401,179
401,178
401,177
401,176
401,175
401,174
401,173
401,172
401,171
401,170
401,169
401,169
401,168
401,167
401,166
401,165
401,164
401,163
401,162
401,161
401,160
401,159
401,158
401,157
401,156
401,155
401,154
401,153
401,152
401,151
401,150
401,149
401,148
401,147
401,146
401,145
401,144
401,143
401,142
401,141
401,140
401,139
401,138
401,137
401,136
401,135
401,134
401,133
401,132
401,131
401,130
402,234
402,233
402,232
402,231
402,230
402,229
402,228
402,227
402,226
402,225
402,224
402,223
402,222
402,221
402,220
402,219
402,218
402,217
402,216
402,215
402,214
402,213
402,212
402,211
402,210
402,209
402,208
402,207
402,206
402,205
402,204
402,203
402,202
402,201
402,200
402,199
402,198
402,197
402,196
402,195
402,194
402,193
402,192
402,191
402,190
402,189
402,188
402,187
402,186
402,185
402,184
402,183
402,182
402,181
402,180
402,179
402,178
402,177
402,176
402,175
402,174
402,173
402,172
402,171
402,170
402,169
402,169
402,168
402,167
402,166
402,165
402,164
402,163
402,162
402,161
402,160
402,159
402,158
402,157
402,156
402,155
402,154
402,153
402,152
402,151
402,150
402,149
402,148
402,147
402,146
402,145
402,144
402,143
402,142
402,141
402,140
402,139
402,138
402,137
402,136
402,135
402,134
402,133
402,132
402,131
402,130
403,234
403,233
403,232
403,231
403,230
403,229
403,228
403,227
403,226
403,225
403,224
403,223
403,222
403,221
403,220
403,219
403,218
403,217
403,216
403,215
403,214
403,213
403,212
403,211
403,210
403,209
403,208
403,207
403,206
403,205
403,204
403,203
403,202
403,201
403,200
403,199
403,198
403,197
403,196
403,195
403,194
403,193
403,192
403,191
403,190
403,189
403,188
403,187
403,186
403,185
403,184
403,183
403,182
403,181
403,180
403,179
403,178
403,177
403,176
403,175
403,174
403,173
403,172
403,171
403,170
403,169
403,169
403,168
403,167
403,166
403,165
403,164
403,163
403,162
403,161
403,160
403,159
403,158
403,157
403,156
403,155
403,154
403,153
403,152
403,151
403,150
403,149
403,148
403,147
403,146
403,145
403,144
403,143
403,142
403,141
403,140
403,139
403,138
403,137
403,136
403,135
403,134
403,133
403,132
403,131
403,130
404,233
404,232
404,231
404,230
404,229
404,228
404,227
404,226
404,225
404,224
404,223
404,222
404,221
404,220
404,219
404,218
404,217
404,216
404,215
404,214
404,213
404,212
404,211
404,210
404,209
404,208
404,207
404,206
404,205
404,204
404,203
404,202
404,201
404,200
404,199
404,198
404,197
404,196
404,195
404,194
404,193
404,192
404,191
404,190
404,189
404,188
404,187
404,186
404,185
404,184
404,183
404,182
404,181
404,180
404,179
404,178
404,177
404,176
404,175
404,174
404,173
404,172
404,171
404,170
404,169
404,169
404,168
404,167
404,166
404,165
404,164
404,163
404,162
404,161
404,160
404,159
404,158
404,157
404,156
404,155
404,154
404,153
404,152
404,151
404,150
404,149
404,148
404,147
404,146
404,145
404,144
404,143
404,142
404,141
404,140
404,139
404,138
404,137
404,136
404,135
404,134
404,133
404,132
404,131
405,233
405,232
405,231
405,230
405,229
405,228
405,227
405,226
405,225
405,224
405,223
405,222
405,221
405,220
405,219
405,218
405,217
405,216
405,215
405,214
405,213
405,212
405,211
405,210
405,209
405,208
405,207
405,206
405,205
405,204
405,203
405,202
405,201
405,200
405,199
405,198
405,197
405,196
405,195
405,194
405,193
405,192
405,191
405,190
405,189
405,188
405,187
405,186
405,185
405,184
405,183
405,182
405,181
405,180
405,179
405,178
405,177
405,176
405,175
405,174
405,173
405,172
405,171
405,170
405,169
405,169
405,168
405,167
405,166
405,165
405,164
405,163
405,162
405,161
405,160
405,159
405,158
405,157
405,156
405,155
405,154
405,153
405,152
405,151
405,150
405,149
405,148
405,147
405,146
405,145
405,144
405,143
405,142
405,141
405,140
405,139
405,138
405,137
405,136
405,135
405,134
405,133
405,132
405,131
406,233
406,232
406,231
406,230
406,229
406,228
406,227
406,226
406,225
406,224
406,223
406,222
406,221
406,220
406,219
406,218
406,217
406,216
406,215
406,214
406,213
406,212
406,211
406,210
406,209
406,208
406,207
406,206
406,205
406,204
406,203
406,202
406,201
406,200
406,199
406,198
406,197
406,196
406,195
406,194
406,193
406,192
406,191
406,190
406,189
406,188
406,187
406,186
406,185
406,184
406,183
406,182
406,181
406,180
406,179
406,178
406,177
406,176
406,175
406,174
406,173
406,172
406,171
406,170
406,169
406,169
406,168
406,167
406,166
406,165
406,164
406,163
406,162
406,161
406,160
406,159
406,158
406,157
406,156
406,155
406,154
406,153
406,152
406,151
406,150
406,149
406,148
406,147
406,146
406,145
406,144
406,143
406,142
406,141
406,140
406,139
406,138
406,137
406,136
406,135
406,134
406,133
406,132
406,131
407,232
407,231
407,230
407,229
407,228
407,227
407,226
407,225
407,224
407,223
407,222
407,221
407,220
407,219
407,218
407,217
407,216
407,215
407,214
407,213
407,212
407,211
407,210
407,209
407,208
407,207
407,206
407,205
407,204
407,203
407,202
407,201
407,200
407,199
407,198
407,197
407,196
407,195
407,194
407,193
407,192
407,191
407,190
407,189
407,188
407,187
407,186
407,185
407,184
407,183
407,182
407,181
407,180
407,179
407,178
407,177
407,176
407,175
407,174
407,173
407,172
407,171
407,170
407,169
407,169
407,168
407,167
407,166
407,165
407,164
407,163
407,162
407,161
407,160
407,159
407,158
407,157
407,156
407,155
407,154
407,153
407,152
407,151
407,150
407,149
407,148
407,147
407,146
407,145
407,144
407,143
407,142
407,141
407,140
407,139
407,138
407,137
407,136
407,135
407,134
407,133
407,132
407,131
407,130
407,127
408,232
408,231
408,230
408,229
408,228
408,227
408,226
408,225
408,224
408,223
408,222
408,221
408,220
408,219
408,218
408,217
408,216
408,215
408,214
408,213
408,212
408,211
408,210
408,209
408,208
408,207
408,206
408,205
408,204
408,203
408,202
408,201
408,200
408,199
408,198
408,197
408,196
408,195
408,194
408,193
408,192
408,191
408,190
408,189
408,188
408,187
408,186
408,185
408,184
408,183
408,182
408,181
408,180
408,179
408,178
408,177
408,176
408,175
408,174
408,173
408,172
408,171
408,170
408,169
408,169
408,168
408,167
408,166
408,165
408,164
408,163
408,162
408,161
408,160
408,159
408,158
408,157
408,156
408,155
408,154
408,153
408,152
408,151
408,150
408,149
408,148
408,147
408,146
408,145
408,144
408,143
408,142
408,141
408,140
408,139
408,138
408,137
408,136
408,135
408,134
408,133
408,132
408,131
408,130
408,129
408,128
408,127
408,126
409,231
409,230
409,229
409,228
409,227
409,226
409,225
409,224
409,223
409,222
409,221
409,220
409,219
409,218
409,217
409,216
409,215
409,214
409,213
409,212
409,211
409,210
409,209
409,208
409,207
409,206
409,205
409,204
409,203
409,202
409,201
409,200
409,199
409,198
409,197
409,196
409,195
409,194
409,193
409,192
409,191
409,190
409,189
409,188
409,187
409,186
409,185
409,184
409,183
409,182
409,181
409,180
409,179
409,178
409,177
409,176
409,175
409,174
409,173
409,172
409,171
409,170
409,169
409,169
409,168
409,167
409,166
409,165
409,164
409,163
409,162
409,161
409,160
409,159
409,158
409,157
409,156
409,155
409,154
409,153
409,152
409,151
409,150
409,149
409,148
409,147
409,146
409,145
409,144
409,143
409,142
409,141
409,140
409,139
409,138
409,137
409,136
409,135
409,134
409,133
409,132
409,131
409,130
409,129
409,128
409,127
409,126
409,125
410,231
410,230
410,229
410,228
410,227
410,226
410,225
410,224
410,223
410,222
410,221
410,220
410,219
410,218
410,217
410,216
410,215
410,214
410,213
410,212
410,211
410,210
410,209
410,208
410,207
410,206
410,205
410,204
410,203
410,202
410,201
410,200
410,199
410,198
410,197
410,196
410,195
410,194
410,193
410,192
410,191
410,190
410,189
410,188
410,187
410,186
410,185
410,184
410,183
410,182
410,181
410,180
410,179
410,178
410,177
410,176
410,175
410,174
410,173
410,172
410,171
410,170
410,169
410,169
410,168
410,167
410,166
410,165
410,164
410,163
410,162
410,161
410,160
410,159
410,158
410,157
410,156
410,155
410,154
410,153
410,152
410,151
410,150
410,149
410,148
410,147
410,146
410,145
410,144
410,143
410,142
410,141
410,140
410,139
410,138
410,137
410,136
410,135
410,134
410,133
410,132
410,131
410,130
410,129
410,128
410,127
410,126
411,230
411,229
411,228
411,227
411,226
411,225
411,224
411,223
411,222
411,221
411,220
411,219
411,218
411,217
411,216
411,215
411,214
411,213
411,212
411,211
411,210
411,209
411,208
411,207
411,206
411,205
411,204
411,203
411,202
411,201
411,200
411,199
411,198
411,197
411,196
411,195
411,194
411,193
411,192
411,191
411,190
411,189
411,188
411,187
411,186
411,185
411,184
411,183
411,182
411,181
411,180
411,179
411,178
411,177
411,176
411,175
411,174
411,173
411,172
411,171
411,170
411,169
411,169
411,168
411,167
411,166
411,165
411,164
411,163
411,162
411,161
411,160
411,159
411,158
411,157
411,156
411,155
411,154
411,153
411,152
411,151
411,150
411,149
411,148
411,147
411,146
411,145
411,144
411,143
411,142
411,141
411,140
411,139
411,138
411,137
411,136
411,135
411,134
411,133
411,132
411,131
411,130
411,129
411,128
411,127
411,126
412,230
412,229
412,228
412,227
412,226
412,225
412,224
412,223
412,222
412,221
412,220
412,219
412,218
412,217
412,216
412,215
412,214
412,213
412,212
412,211
412,210
412,209
412,208
412,207
412,206
412,205
412,204
412,203
412,202
412,201
412,200
412,199
412,198
412,197
412,196
412,195
412,194
412,193
412,192
412,191
412,190
412,189
412,188
412,187
412,186
412,185
412,184
412,183
412,182
412,181
412,180
412,179
412,178
412,177
412,176
412,175
412,174
412,173
412,172
412,171
412,170
412,169
412,169
412,168
412,167
412,166
412,165
412,164
412,163
412,162
412,161
412,160
412,159
412,158
412,157
412,156
412,155
412,154
412,153
412,152
412,151
412,150
412,149
412,148
412,147
412,146
412,145
412,144
412,143
412,142
412,141
412,140
412,139
412,138
412,137
412,136
412,135
412,134
412,133
412,132
412,131
412,130
412,129
412,128
412,127
412,126
413,229
413,228
413,227
413,226
413,225
413,224
413,223
413,222
413,221
413,220
413,219
413,218
413,217
413,216
413,215
413,214
413,213
413,212
413,211
413,210
413,209
413,208
413,207
413,206
413,205
413,204
413,203
413,202
413,201
413,200
413,199
413,198
413,197
413,196
413,195
413,194
413,193
413,192
413,191
413,190
413,189
413,188
413,187
413,186
413,185
413,184
413,183
413,182
413,181
413,180
413,179
413,178
413,177
413,176
413,175
413,174
413,173
413,172
413,171
413,170
413,169
413,169
413,168
413,167
413,166
413,165
413,164
413,163
413,162
413,161
413,160
413,159
413,158
413,157
413,156
413,155
413,154
413,153
413,152
413,151
413,150
413,149
413,148
413,147
413,146
413,145
413,144
413,143
413,142
413,141
413,140
413,139
413,138
413,137
413,136
413,135
413,134
413,133
413,132
413,131
413,130
413,129
413,128
413,127
413,126
414,229
414,228
414,227
414,226
414,225
414,224
414,223
414,222
414,221
414,220
414,219
414,218
414,217
414,216
414,215
414,214
414,213
414,212
414,211
414,210
414,209
414,208
414,207
414,206
414,205
414,204
414,203
414,202
414,201
414,200
414,199
414,198
414,197
414,196
414,195
414,194
414,193
414,192
414,191
414,190
414,189
414,188
414,187
414,186
414,185
414,184
414,183
414,182
414,181
414,180
414,179
414,178
414,177
414,176
414,175
414,174
414,173
414,172
414,171
414,170
414,169
414,169
414,168
414,167
414,166
414,165
414,164
414,163
414,162
414,161
414,160
414,159
414,158
414,157
414,156
414,155
414,154
414,153
414,146
414,145
414,144
414,143
414,142
414,141
414,140
414,139
414,138
414,137
414,136
414,135
414,134
414,133
414,132
414,131
414,130
414,129
414,128
414,127
415,228
415,227
415,226
415,225
415,224
415,223
415,222
415,221
415,220
415,219
415,218
415,217
415,216
415,215
415,214
415,213
415,212
415,211
415,210
415,209
415,208
415,207
415,206
415,205
415,204
415,203
415,202
415,201
415,200
415,199
415,198
415,197
415,196
415,195
415,194
415,193
415,192
415,191
415,190
415,189
415,188
415,187
415,186
415,185
415,184
415,183
415,182
415,181
415,180
415,179
415,178
415,177
415,176
415,175
415,174
415,173
415,172
415,171
415,170
415,169
415,169
415,168
415,167
415,166
415,165
415,164
415,163
415,162
415,161
415,160
415,159
415,158
415,157
415,156
415,155
415,154
415,153
415,144
415,143
415,142
415,141
415,140
415,139
415,138
415,137
415,136
415,135
415,134
415,133
415,132
415,131
415,130
415,129
415,128
415,127
416,228
416,227
416,226
416,225
416,224
416,223
416,222
416,221
416,220
416,219
416,218
416,217
416,216
416,215
416,214
416,213
416,212
416,211
416,210
416,209
416,208
416,207
416,206
416,205
416,204
416,203
416,202
416,201
416,200
416,199
416,198
416,197
416,196
416,195
416,194
416,193
416,192
416,191
416,190
416,189
416,188
416,187
416,186
416,185
416,184
416,183
416,182
416,181
416,180
416,179
416,178
416,177
416,176
416,175
416,174
416,173
416,172
416,171
416,170
416,169
416,169
416,168
416,167
416,166
416,165
416,164
416,163
416,162
416,161
416,160
416,159
416,158
416,157
416,156
416,155
416,154
416,153
416,143
416,142
416,141
416,140
416,139
416,138
416,137
416,136
416,135
416,134
416,133
416,132
416,131
416,130
416,129
416,128
416,127
417,227
417,226
417,225
417,224
417,223
417,222
417,221
417,220
417,219
417,218
417,217
417,216
417,215
417,214
417,213
417,212
417,211
417,210
417,209
417,208
417,207
417,206
417,205
417,204
417,203
417,202
417,201
417,200
417,199
417,198
417,197
417,196
417,195
417,194
417,193
417,192
417,191
417,190
417,189
417,188
417,187
417,186
417,185
417,184
417,183
417,182
417,181
417,180
417,179
417,178
417,177
417,176
417,175
417,174
417,173
417,172
417,171
417,170
417,169
417,169
417,168
417,167
417,166
417,165
417,164
417,163
417,162
417,161
417,160
417,159
417,158
417,157
417,156
417,155
417,154
417,153
417,152
417,142
417,141
417,140
417,139
417,138
417,137
417,136
417,135
417,134
417,133
417,132
417,131
417,130
417,129
417,128
418,227
418,226
418,225
418,224
418,223
418,222
418,221
418,220
418,219
418,218
418,217
418,216
418,215
418,214
418,213
418,212
418,211
418,210
418,209
418,208
418,207
418,206
418,205
418,204
418,203
418,202
418,201
418,200
418,199
418,198
418,197
418,196
418,195
418,194
418,193
418,192
418,191
418,190
418,189
418,188
418,187
418,186
418,185
418,184
418,183
418,182
418,181
418,180
418,179
418,178
418,177
418,176
418,175
418,174
418,173
418,172
418,171
418,170
418,169
418,169
418,168
418,167
418,166
418,165
418,164
418,163
418,162
418,161
418,160
418,159
418,158
418,157
418,156
418,155
418,154
418,153
418,152
418,142
418,141
418,140
418,139
418,138
418,137
418,136
418,135
418,134
418,133
418,132
418,131
418,130
418,129
418,128
419,226
419,225
419,224
419,223
419,222
419,221
419,220
419,219
419,218
419,217
419,216
419,215
419,214
419,213
419,212
419,211
419,210
419,209
419,208
419,207
419,206
419,205
419,204
419,203
419,202
419,201
419,200
419,199
419,198
419,197
419,196
419,195
419,194
419,193
419,192
419,191
419,190
419,189
419,188
419,187
419,186
419,185
419,184
419,183
419,182
419,181
419,180
419,179
419,178
419,177
419,176
419,175
419,174
419,173
419,172
419,171
419,170
419,169
419,169
419,168
419,167
419,166
419,165
419,164
419,163
419,162
419,161
419,160
419,159
419,158
419,157
419,156
419,155
419,154
419,153
419,152
419,151
419,141
419,140
419,139
419,138
419,137
419,136
419,135
419,134
419,133
419,132
419,131
419,130
419,129
420,226
420,225
420,224
420,223
420,222
420,221
420,220
420,219
420,218
420,217
420,216
420,215
420,214
420,213
420,212
420,211
420,210
420,209
420,208
420,207
420,206
420,205
420,204
420,203
420,202
420,201
420,200
420,199
420,198
420,197
420,196
420,195
420,194
420,193
420,192
420,191
420,190
420,189
420,188
420,187
420,186
420,185
420,184
420,183
420,182
420,181
420,180
420,179
420,178
420,177
420,176
420,175
420,174
420,173
420,172
420,171
420,170
420,169
420,169
420,168
420,167
420,166
420,165
420,164
420,163
420,162
420,161
420,160
420,159
420,158
420,157
420,156
420,155
420,154
420,153
420,152
420,151
420,141
420,140
420,139
420,138
420,137
420,136
420,135
420,134
420,133
420,132
420,131
420,130
421,226
421,225
421,224
421,223
421,222
421,221
421,220
421,219
421,218
421,217
421,216
421,215
421,214
421,213
421,212
421,211
421,210
421,209
421,208
421,207
421,206
421,205
421,204
421,203
421,202
421,201
421,200
421,199
421,198
421,197
421,196
421,195
421,194
421,193
421,192
421,191
421,190
421,189
421,188
421,187
421,186
421,185
421,184
421,183
421,182
421,181
421,180
421,179
421,178
421,177
421,176
421,175
421,174
421,173
421,172
421,171
421,170
421,169
421,169
421,168
421,167
421,166
421,165
421,164
421,163
421,162
421,161
421,160
421,159
421,158
421,157
421,156
421,155
421,154
421,153
421,152
421,151
421,150
421,142
421,141
421,140
421,139
421,138
421,137
421,136
421,135
421,134
421,133
421,132
421,131
422,226
422,225
422,224
422,223
422,222
422,221
422,220
422,219
422,218
422,217
422,216
422,215
422,214
422,213
422,212
422,211
422,210
422,209
422,208
422,207
422,206
422,205
422,204
422,203
422,202
422,201
422,200
422,199
422,198
422,197
422,196
422,195
422,194
422,193
422,192
422,191
422,190
422,189
422,188
422,187
422,186
422,185
422,184
422,183
422,182
422,181
422,180
422,179
422,178
422,177
422,176
422,175
422,174
422,173
422,172
422,171
422,170
422,169
422,169
422,168
422,167
422,166
422,165
422,164
422,163
422,162
422,161
422,160
422,159
422,158
422,157
422,156
422,155
422,154
422,153
422,152
422,151
422,150
422,142
422,141
422,140
422,139
422,138
422,137
422,136
422,135
422,134
422,133
423,226
423,225
423,224
423,223
423,222
423,221
423,220
423,219
423,218
423,217
423,216
423,215
423,214
423,213
423,212
423,211
423,210
423,209
423,208
423,207
423,206
423,205
423,204
423,203
423,202
423,201
423,200
423,199
423,198
423,197
423,196
423,195
423,194
423,193
423,192
423,191
423,190
423,189
423,188
423,187
423,186
423,185
423,184
423,183
423,182
423,181
423,180
423,179
423,178
423,177
423,176
423,175
423,174
423,173
423,172
423,171
423,170
423,169
423,169
423,168
423,167
423,166
423,165
423,164
423,163
423,162
423,161
423,160
423,159
423,158
423,157
423,156
423,155
423,154
423,153
423,152
423,151
423,150
423,142
423,141
423,140
423,139
423,138
423,137
423,136
423,135
424,226
424,225
424,224
424,223
424,222
424,221
424,220
424,219
424,218
424,217
424,216
424,215
424,214
424,213
424,212
424,211
424,210
424,209
424,208
424,207
424,206
424,205
424,204
424,203
424,202
424,201
424,200
424,199
424,198
424,197
424,196
424,195
424,194
424,193
424,192
424,191
424,190
424,189
424,188
424,187
424,186
424,185
424,184
424,183
424,182
424,181
424,180
424,179
424,178
424,177
424,176
424,175
424,174
424,173
424,172
424,171
424,170
424,169
424,169
424,168
424,167
424,166
424,165
424,164
424,163
424,162
424,161
424,160
424,159
424,158
424,157
424,156
424,155
424,154
424,153
424,152
424,151
424,150
424,141
424,140
424,139
424,138
424,137
425,226
425,225
425,224
425,223
425,222
425,221
425,220
425,219
425,218
425,217
425,216
425,215
425,214
425,213
425,212
425,211
425,210
425,209
425,208
425,207
425,206
425,205
425,204
425,203
425,202
425,201
425,200
425,199
425,198
425,197
425,196
425,195
425,194
425,193
425,192
425,191
425,190
425,189
425,188
425,187
425,186
425,185
425,184
425,183
425,182
425,181
425,180
425,179
425,178
425,177
425,176
425,175
425,174
425,173
425,172
425,171
425,170
425,169
425,169
425,168
425,167
425,166
425,165
425,164
425,163
425,162
425,161
425,160
425,159
425,158
425,157
425,156
425,155
425,154
425,153
425,152
425,151
425,150
425,140
426,226
426,225
426,224
426,223
426,222
426,221
426,220
426,219
426,218
426,217
426,216
426,215
426,214
426,213
426,212
426,211
426,210
426,209
426,208
426,207
426,206
426,205
426,204
426,203
426,202
426,201
426,200
426,199
426,198
426,197
426,196
426,195
426,194
426,193
426,192
426,191
426,190
426,189
426,188
426,187
426,186
426,185
426,184
426,183
426,182
426,181
426,180
426,179
426,178
426,177
426,176
426,175
426,174
426,173
426,172
426,171
426,170
426,169
426,169
426,168
426,167
426,166
426,165
426,164
426,163
426,162
426,161
426,160
426,159
426,158
426,157
426,156
426,155
426,154
426,153
426,152
426,151
426,150
427,226
427,225
427,224
427,223
427,222
427,221
427,220
427,219
427,218
427,217
427,216
427,215
427,214
427,213
427,212
427,211
427,210
427,209
427,208
427,207
427,206
427,205
427,204
427,203
427,202
427,201
427,200
427,199
427,198
427,197
427,196
427,195
427,194
427,193
427,192
427,191
427,190
427,189
427,188
427,187
427,186
427,185
427,184
427,183
427,182
427,181
427,180
427,179
427,178
427,177
427,176
427,175
427,174
427,173
427,172
427,171
427,170
427,169
427,169
427,168
427,167
427,166
427,165
427,164
427,163
427,162
427,161
427,160
427,159
427,158
427,157
427,156
427,155
427,154
427,153
427,152
427,151
428,226
428,225
428,224
428,223
428,222
428,221
428,220
428,219
428,218
428,217
428,216
428,215
428,214
428,213
428,212
428,211
428,210
428,209
428,208
428,207
428,206
428,205
428,204
428,203
428,202
428,201
428,200
428,199
428,198
428,197
428,196
428,195
428,194
428,193
428,192
428,191
428,190
428,189
428,188
428,187
428,186
428,185
428,184
428,183
428,182
428,181
428,180
428,179
428,178
428,177
428,176
428,175
428,174
428,173
428,172
428,171
428,170
428,169
428,169
428,168
428,167
428,166
428,165
428,164
428,163
428,162
428,161
428,160
428,159
428,158
428,157
428,156
428,155
428,154
428,153
428,152
428,151
428,150
429,226
429,225
429,224
429,223
429,222
429,221
429,220
429,219
429,218
429,217
429,216
429,215
429,214
429,213
429,212
429,211
429,210
429,209
429,208
429,207
429,206
429,205
429,204
429,203
429,202
429,201
429,200
429,199
429,198
429,197
429,196
429,195
429,194
429,193
429,192
429,191
429,190
429,189
429,188
429,187
429,186
429,185
429,184
429,183
429,182
429,181
429,180
429,179
429,178
429,177
429,176
429,175
429,174
429,173
429,172
429,171
429,170
429,169
429,169
429,168
429,167
429,166
429,165
429,164
429,163
429,162
429,161
429,160
429,159
429,158
429,157
429,156
429,155
429,154
429,153
429,152
429,151
429,150
429,149
430,226
430,225
430,224
430,223
430,222
430,221
430,220
430,219
430,218
430,217
430,216
430,215
430,214
430,213
430,212
430,211
430,210
430,209
430,208
430,207
430,206
430,205
430,204
430,203
430,202
430,201
430,200
430,199
430,198
430,197
430,196
430,195
430,194
430,193
430,192
430,191
430,190
430,189
430,188
430,187
430,186
430,185
430,184
430,183
430,182
430,181
430,180
430,179
430,178
430,177
430,176
430,175
430,174
430,173
430,172
430,171
430,170
430,169
430,169
430,168
430,167
430,166
430,165
430,164
430,163
430,162
430,161
430,160
430,159
430,158
430,157
430,156
430,155
430,154
430,153
430,152
430,151
430,150
430,149
431,226
431,225
431,224
431,223
431,222
431,221
431,220
431,219
431,218
431,217
431,216
431,215
431,214
431,213
431,212
431,211
431,210
431,209
431,208
431,207
431,206
431,205
431,204
431,203
431,202
431,201
431,200
431,199
431,198
431,197
431,196
431,195
431,194
431,193
431,192
431,191
431,190
431,189
431,188
431,187
431,186
431,185
431,184
431,183
431,182
431,181
431,180
431,179
431,178
431,177
431,176
431,175
431,174
431,173
431,172
431,171
431,170
431,169
431,169
431,168
431,167
431,166
431,165
431,164
431,163
431,162
431,161
431,160
431,159
431,158
431,157
431,156
431,155
431,154
431,153
431,152
431,151
431,150
431,149
431,148
432,226
432,225
432,224
432,223
432,222
432,221
432,220
432,219
432,218
432,217
432,216
432,215
432,214
432,213
432,212
432,211
432,210
432,209
432,208
432,207
432,206
432,205
432,204
432,203
432,202
432,201
432,200
432,199
432,198
432,197
432,196
432,195
432,194
432,193
432,192
432,191
432,190
432,189
432,188
432,187
432,186
432,185
432,184
432,183
432,182
432,181
432,180
432,179
432,178
432,177
432,176
432,175
432,174
432,173
432,172
432,171
432,170
432,169
432,169
432,168
432,167
432,166
432,165
432,164
432,163
432,162
432,161
432,160
432,159
432,158
432,157
432,156
432,155
432,154
432,153
432,152
432,151
432,150
432,149
432,148
433,225
433,224
433,223
433,222
433,221
433,220
433,219
433,218
433,217
433,216
433,215
433,214
433,213
433,212
433,211
433,210
433,209
433,208
433,207
433,206
433,205
433,204
433,203
433,202
433,201
433,200
433,199
433,198
433,197
433,196
433,195
433,194
433,193
433,192
433,191
433,190
433,189
433,188
433,187
433,186
433,185
433,184
433,183
433,182
433,181
433,180
433,179
433,178
433,177
433,176
433,175
433,174
433,173
433,172
433,171
433,170
433,169
433,169
433,168
433,167
433,166
433,165
433,164
433,163
433,162
433,161
433,160
433,159
433,158
433,157
433,156
433,155
433,154
433,153
433,152
433,151
433,150
433,149
433,148
433,147
434,225
434,224
434,223
434,222
434,221
434,220
434,219
434,218
434,217
434,216
434,215
434,214
434,213
434,212
434,211
434,210
434,209
434,208
434,207
434,206
434,205
434,204
434,203
434,202
434,201
434,200
434,199
434,198
434,197
434,196
434,195
434,194
434,193
434,192
434,191
434,190
434,189
434,188
434,187
434,186
434,185
434,184
434,183
434,182
434,181
434,180
434,179
434,178
434,177
434,176
434,175
434,174
434,173
434,172
434,171
434,170
434,169
434,169
434,168
434,167
434,166
434,165
434,164
434,163
434,162
434,161
434,160
434,159
434,158
434,157
434,156
434,155
434,154
434,153
434,152
434,151
434,150
434,149
434,148
434,147
435,224
435,223
435,222
435,221
435,220
435,219
435,218
435,217
435,216
435,215
435,214
435,213
435,212
435,211
435,210
435,209
435,208
435,207
435,206
435,205
435,204
435,203
435,202
435,201
435,200
435,199
435,198
435,197
435,196
435,195
435,194
435,193
435,192
435,191
435,190
435,189
435,188
435,187
435,186
435,185
435,184
435,183
435,182
435,181
435,180
435,179
435,178
435,177
435,176
435,175
435,174
435,173
435,172
435,171
435,170
435,169
435,169
435,168
435,167
435,166
435,165
435,164
435,163
435,162
435,161
435,160
435,159
435,158
435,157
435,156
435,155
435,154
435,153
435,152
435,151
435,150
435,149
435,148
435,147
436,222
436,221
436,220
436,219
436,218
436,217
436,216
436,215
436,214
436,213
436,212
436,211
436,210
436,209
436,208
436,207
436,206
436,205
436,204
436,203
436,202
436,201
436,200
436,199
436,198
436,197
436,196
436,195
436,194
436,193
436,192
436,191
436,190
436,189
436,188
436,187
436,186
436,185
436,184
436,183
436,182
436,181
436,180
436,179
436,178
436,177
436,176
436,175
436,174
436,173
436,172
436,171
436,170
436,169
436,169
436,168
436,167
436,166
436,165
436,164
436,163
436,162
436,161
436,160
436,159
436,158
436,157
436,156
436,155
436,154
436,153
436,152
436,151
436,150
436,149
436,148
436,147
436,146
437,221
437,220
437,219
437,218
437,217
437,216
437,215
437,214
437,213
437,212
437,211
437,210
437,209
437,208
437,207
437,206
437,205
437,204
437,203
437,202
437,201
437,200
437,199
437,198
437,197
437,196
437,195
437,194
437,193
437,192
437,191
437,190
437,189
437,188
437,187
437,186
437,185
437,184
437,183
437,182
437,181
437,180
437,179
437,178
437,177
437,176
437,175
437,174
437,173
437,172
437,171
437,170
437,169
437,169
437,168
437,167
437,166
437,165
437,164
437,163
437,162
437,161
437,160
437,159
437,158
437,157
437,156
437,155
437,154
437,153
437,152
437,151
437,150
437,149
437,148
437,147
437,146
438,220
438,219
438,218
438,217
438,216
438,215
438,214
438,213
438,212
438,211
438,210
438,209
438,208
438,207
438,206
438,205
438,204
438,203
438,202
438,201
438,200
438,199
438,198
438,197
438,196
438,195
438,194
438,193
438,192
438,191
438,190
438,189
438,188
438,187
438,186
438,185
438,184
438,183
438,182
438,181
438,180
438,179
438,178
438,177
438,176
438,175
438,174
438,173
438,172
438,171
438,170
438,169
438,169
438,168
438,167
438,166
438,165
438,164
438,163
438,162
438,161
438,160
438,159
438,158
438,157
438,156
438,155
438,154
438,153
438,152
438,151
438,150
438,149
438,148
438,147
438,146
439,219
439,218
439,217
439,216
439,215
439,214
439,213
439,212
439,211
439,210
439,209
439,208
439,207
439,206
439,201
439,200
439,199
439,198
439,197
439,196
439,195
439,194
439,193
439,192
439,191
439,190
439,189
439,188
439,187
439,186
439,185
439,184
439,183
439,182
439,181
439,180
439,179
439,178
439,177
439,176
439,175
439,174
439,173
439,172
439,171
439,170
439,169
439,169
439,168
439,167
439,166
439,165
439,164
439,163
439,162
439,161
439,160
439,159
439,158
439,157
439,156
439,155
439,154
439,153
439,152
439,151
439,150
439,149
439,148
439,147
439,146
440,219
440,218
440,217
440,216
440,215
440,214
440,213
440,212
440,211
440,210
440,209
440,208
440,207
440,200
440,199
440,198
440,197
440,196
440,195
440,194
440,193
440,192
440,191
440,190
440,189
440,188
440,187
440,186
440,185
440,184
440,183
440,182
440,181
440,180
440,179
440,178
440,177
440,176
440,175
440,174
440,173
440,172
440,171
440,170
440,169
440,169
440,168
440,167
440,166
440,165
440,164
440,163
440,162
440,161
440,160
440,159
440,158
440,157
440,156
440,155
440,154
440,153
440,152
440,151
440,150
440,149
440,148
440,147
441,218
441,217
441,216
441,215
441,214
441,213
441,212
441,211
441,210
441,209
441,208
441,207
441,200
441,199
441,198
441,197
441,196
441,195
441,194
441,193
441,192
441,191
441,190
441,189
441,188
441,187
441,186
441,185
441,184
441,183
441,182
441,181
441,180
441,179
441,178
441,177
441,176
441,175
441,174
441,173
441,172
441,171
441,170
441,169
441,169
441,168
441,167
441,166
441,165
441,164
441,163
441,162
441,161
441,160
441,159
441,158
441,157
441,156
441,155
441,154
441,153
441,152
441,151
441,150
441,149
441,148
441,147
442,218
442,217
442,216
442,215
442,214
442,213
442,212
442,211
442,210
442,209
442,208
442,200
442,199
442,198
442,197
442,196
442,195
442,194
442,193
442,192
442,191
442,190
442,189
442,188
442,187
442,186
442,185
442,184
442,183
442,182
442,181
442,180
442,179
442,178
442,177
442,176
442,175
442,174
442,173
442,172
442,171
442,170
442,169
442,169
442,168
442,167
442,166
442,165
442,164
442,163
442,162
442,161
442,160
442,159
442,158
442,157
442,156
442,155
442,154
442,153
442,152
442,151
442,150
442,149
442,148
442,147
443,217
443,216
443,215
443,214
443,213
443,212
443,211
443,210
443,209
443,200
443,199
443,198
443,197
443,196
443,195
443,194
443,193
443,192
443,191
443,190
443,189
443,188
443,187
443,186
443,185
443,184
443,183
443,182
443,181
443,180
443,179
443,178
443,177
443,176
443,175
443,174
443,173
443,172
443,171
443,170
443,169
443,169
443,168
443,167
443,166
443,165
443,164
443,163
443,162
443,161
443,160
443,159
443,158
443,157
443,156
443,155
443,154
443,153
443,152
443,151
443,150
443,149
443,148
444,216
444,215
444,214
444,213
444,212
444,211
444,210
444,209
444,199
444,198
444,197
444,196
444,195
444,194
444,193
444,192
444,191
444,190
444,189
444,188
444,187
444,186
444,185
444,184
444,183
444,182
444,181
444,180
444,179
444,178
444,177
444,176
444,175
444,174
444,173
444,172
444,171
444,170
444,169
444,169
444,168
444,167
444,166
444,165
444,164
444,163
444,162
444,161
444,160
444,159
444,158
444,157
444,156
444,155
444,154
444,153
444,152
444,151
444,150
444,149
444,148
445,214
445,213
445,212
445,211
445,198
445,197
445,196
445,195
445,194
445,193
445,192
445,191
445,190
445,189
445,188
445,187
445,186
445,185
445,184
445,183
445,182
445,181
445,180
445,179
445,178
445,177
445,176
445,175
445,174
445,173
445,172
445,171
445,170
445,169
445,169
445,168
445,167
445,166
445,165
445,164
445,163
445,162
445,161
445,160
445,159
445,158
445,157
445,156
445,155
445,154
445,153
445,152
445,151
445,150
445,149
446,198
446,197
446,196
446,195
446,194
446,193
446,192
446,191
446,190
446,189
446,188
446,187
446,186
446,185
446,184
446,183
446,182
446,181
446,180
446,179
446,178
446,177
446,176
446,175
446,174
446,173
446,172
446,171
446,170
446,169
446,169
446,168
446,167
446,166
446,165
446,164
446,163
446,162
446,161
446,160
446,159
446,158
446,157
446,156
446,155
446,154
446,153
446,152
446,151
446,150
446,149
447,197
447,196
447,195
447,194
447,193
447,192
447,191
447,190
447,189
447,188
447,187
447,186
447,185
447,184
447,183
447,182
447,181
447,180
447,179
447,178
447,177
447,176
447,175
447,174
447,173
447,172
447,171
447,170
447,169
447,169
447,168
447,167
447,166
447,165
447,164
447,163
447,162
447,161
447,160
447,159
447,158
447,157
447,156
447,155
447,154
447,153
447,152
447,151
447,150
448,198
448,197
448,196
448,195
448,194
448,193
448,192
448,191
448,190
448,189
448,188
448,187
448,186
448,185
448,184
448,183
448,182
448,181
448,180
448,179
448,178
448,177
448,176
448,175
448,174
448,173
448,172
448,171
448,170
448,169
448,169
448,168
448,167
448,166
448,165
448,164
448,163
448,162
448,161
448,160
448,159
448,158
448,157
448,156
448,155
448,154
448,153
448,152
448,151
449,199
449,198
449,197
449,196
449,195
449,194
449,193
449,192
449,191
449,190
449,189
449,188
449,187
449,186
449,185
449,184
449,183
449,182
449,181
449,180
449,179
449,178
449,177
449,176
449,175
449,174
449,173
449,172
449,171
449,170
449,169
449,169
449,168
449,167
449,166
449,165
449,164
449,163
449,162
449,161
449,160
449,159
449,158
449,157
449,156
449,155
449,154
449,153
449,152
450,199
450,198
450,197
450,196
450,195
450,194
450,193
450,192
450,191
450,190
450,189
450,188
450,187
450,186
450,185
450,184
450,183
450,182
450,181
450,180
450,179
450,178
450,177
450,176
450,175
450,174
450,173
450,172
450,171
450,170
450,169
450,169
450,168
450,167
450,166
450,165
450,164
450,163
450,162
450,161
450,160
450,159
450,158
450,157
450,156
450,155
450,154
450,153
451,199
451,198
451,197
451,196
451,195
451,194
451,193
451,192
451,191
451,190
451,189
451,188
451,187
451,186
451,185
451,184
451,183
451,182
451,181
451,180
451,179
451,178
451,177
451,176
451,175
451,174
451,173
451,172
451,171
451,170
451,169
451,169
451,168
451,167
451,166
451,165
451,164
451,163
451,162
451,161
451,160
451,159
451,158
451,157
451,156
451,155
451,154
451,153
452,200
452,199
452,198
452,197
452,196
452,195
452,194
452,193
452,192
452,191
452,190
452,189
452,188
452,187
452,186
452,185
452,184
452,183
452,182
452,181
452,180
452,179
452,178
452,177
452,176
452,175
452,174
452,173
452,172
452,171
452,170
452,169
452,169
452,168
452,167
452,166
452,165
452,164
452,163
452,162
452,161
452,160
452,159
452,158
452,157
452,156
453,199
453,198
453,197
453,196
453,195
453,194
453,193
453,192
453,191
453,190
453,189
453,188
453,187
453,186
453,185
453,184
453,183
453,182
453,181
453,180
453,179
453,178
453,177
453,176
453,175
453,174
453,173
453,172
453,171
453,170
453,169
453,169
453,168
453,167
453,166
453,165
453,164
453,163
453,162
453,161
453,160
453,159
454,199
454,198
454,197
454,196
454,195
454,194
454,193
454,192
454,191
454,190
454,189
454,188
454,187
454,186
454,185
454,184
454,183
454,182
454,181
454,180
454,179
454,178
454,177
454,176
454,175
454,174
454,173
454,172
454,171
454,170
454,169
454,169
454,168
454,167
454,166
454,165
454,164
454,163
454,162
454,161
455,199
455,198
455,197
455,196
455,195
455,194
455,193
455,192
455,191
455,190
455,189
455,188
455,187
455,186
455,185
455,184
455,183
455,182
455,181
455,180
455,179
455,178
455,177
455,176
455,175
455,174
455,173
455,172
455,171
455,170
455,169
455,169
455,168
455,167
455,166
455,165
455,164
456,198
456,197
456,196
456,195
456,194
456,193
456,192
456,191
456,190
456,189
456,188
456,187
456,186
456,185
456,184
456,183
456,182
456,181
456,180
456,179
456,178
456,177
456,176
456,175
456,174
456,173
456,172
456,171
456,170
456,169
456,169
456,168
456,167
457,198
457,197
457,196
457,195
457,194
457,193
457,192
457,191
457,190
457,189
457,188
457,187
457,186
457,185
457,184
457,183
457,182
457,181
457,180
457,179
457,178
457,177
457,176
457,175
457,174
457,173
457,172
457,171
457,170
457,169
457,169
458,197
458,196
458,195
458,194
458,193
458,192
458,191
458,190
458,189
458,188
458,187
458,186
458,185
458,184
458,183
458,182
458,181
458,180
458,179
458,178
458,177
458,176
458,175
458,174
458,173
458,172
459,197
459,196
459,195
459,194
459,193
459,192
459,191
459,190
459,189
459,188
459,187
459,186
459,185
459,184
460,196
460,195
460,194
460,193
460,192
460,191
460,190
460,189
460,188
460,187
460,186
460,185
461,195
461,194
461,193
461,192
461,191
461,190
461,189
461,188
461,187
461,186
461,185
462,193
